,datetime,open,high,low,close,volume
0,2024-10-08 12:00:00+00:00,7011.5,7016.0,6977.0,6993.0,170932
1,2024-10-08 14:00:00+00:00,6993.5,7004.0,6980.0,7004.0,130263
2,2024-10-08 16:00:00+00:00,7002.5,7005.0,6980.0,7003.5,51563
3,2024-10-08 18:00:00+00:00,7004.0,7004.0,6960.5,6979.5,45980
4,2024-10-08 20:00:00+00:00,6978.5,6997.0,6973.5,6973.5,10772
5,2024-10-09 06:00:00+00:00,6973.5,6991.0,6928.5,6939.0,157928
6,2024-10-09 08:00:00+00:00,6939.5,6948.5,6907.5,6935.5,160423
7,2024-10-09 10:00:00+00:00,6935.0,6936.0,6888.5,6898.0,192190
8,2024-10-09 12:00:00+00:00,6898.0,6900.5,6861.0,6863.0,190208
9,2024-10-09 14:00:00+00:00,6862.5,6887.5,6862.0,6870.0,174368
10,2024-10-09 16:00:00+00:00,6880.0,6892.0,6869.5,6875.5,60696
11,2024-10-09 18:00:00+00:00,6875.5,6887.5,6874.0,6885.0,21827
12,2024-10-09 20:00:00+00:00,6885.0,6888.0,6877.0,6883.5,10422
13,2024-10-10 06:00:00+00:00,6892.0,6892.0,6861.5,6862.5,104993
14,2024-10-10 08:00:00+00:00,6862.5,6904.5,6861.5,6888.5,358474
15,2024-10-10 10:00:00+00:00,6888.5,6890.0,6845.0,6855.0,198387
16,2024-10-10 12:00:00+00:00,6855.5,6871.5,6851.5,6865.5,191250
17,2024-10-10 14:00:00+00:00,6865.0,6878.5,6850.5,6857.0,281986
18,2024-10-10 16:00:00+00:00,6860.0,6874.5,6858.5,6866.5,71334
19,2024-10-10 18:00:00+00:00,6866.5,6869.5,6858.5,6864.0,22509
20,2024-10-10 20:00:00+00:00,6864.0,6869.0,6857.0,6857.0,9444
21,2024-10-11 06:00:00+00:00,6858.0,6866.0,6811.5,6822.0,169077
22,2024-10-11 08:00:00+00:00,6821.5,6833.5,6802.0,6816.0,377064
23,2024-10-11 10:00:00+00:00,6816.0,6831.0,6810.0,6811.5,289638
24,2024-10-11 12:00:00+00:00,6812.0,6816.5,6792.0,6805.5,315447
25,2024-10-11 14:00:00+00:00,6806.0,6872.5,6800.0,6864.5,240481
26,2024-10-11 16:00:00+00:00,6864.0,6882.5,6857.5,6857.5,51326
27,2024-10-11 18:00:00+00:00,6858.0,6876.0,6852.0,6853.5,31888
28,2024-10-11 20:00:00+00:00,6853.0,6859.0,6810.0,6837.0,36179
29,2024-10-14 06:00:00+00:00,6824.0,6841.5,6785.0,6796.0,153007
30,2024-10-14 08:00:00+00:00,6796.0,6832.0,6787.5,6819.0,282719
31,2024-10-14 10:00:00+00:00,6819.0,6922.5,6819.0,6879.5,468270
32,2024-10-14 12:00:00+00:00,6879.0,6947.5,6871.0,6940.0,259619
33,2024-10-14 14:00:00+00:00,6940.0,6942.5,6911.5,6920.0,260616
34,2024-10-14 16:00:00+00:00,6926.0,6935.0,6914.0,6925.5,28669
35,2024-10-14 18:00:00+00:00,6925.5,6934.0,6918.5,6930.5,17558
36,2024-10-14 20:00:00+00:00,6930.0,6934.5,6923.5,6931.5,11804
37,2024-10-15 06:00:00+00:00,6911.0,6930.5,6878.5,6915.5,159829
38,2024-10-15 08:00:00+00:00,6915.5,7013.0,6896.5,7000.0,277478
39,2024-10-15 10:00:00+00:00,7000.0,7013.0,6963.5,7011.5,136352
40,2024-10-15 12:00:00+00:00,7011.5,7019.0,6972.0,6980.0,127517
41,2024-10-15 12:00:00+00:00,7011.5,7019.0,6972.0,6980.0,127517
42,2024-10-15 14:00:00+00:00,6980.0,7005.0,6976.0,7000.0,76735
43,2024-10-15 16:00:00+00:00,6999.0,7000.0,6981.5,6998.0,20065
44,2024-10-15 18:00:00+00:00,6997.5,6999.0,6976.0,6984.5,21866
45,2024-10-15 20:00:00+00:00,6984.5,6996.5,6984.0,6991.0,4574
46,2024-10-16 06:00:00+00:00,6997.0,7045.0,6991.0,7033.5,132583
47,2024-10-16 08:00:00+00:00,7033.5,7055.0,6997.0,6998.0,204610
48,2024-10-16 10:00:00+00:00,6999.0,7006.5,6940.5,6940.5,168789
49,2024-10-16 12:00:00+00:00,6940.5,6973.0,6928.5,6935.0,120248
50,2024-10-16 14:00:00+00:00,6935.0,6982.0,6935.0,6967.5,132773
51,2024-10-16 16:00:00+00:00,6962.5,6985.5,6962.5,6976.0,29407
52,2024-10-16 18:00:00+00:00,6976.0,6986.0,6971.5,6985.5,12445
53,2024-10-16 20:00:00+00:00,6985.5,6987.5,6980.0,6980.0,8050
54,2024-10-17 06:00:00+00:00,6982.0,6993.5,6962.0,6990.0,94019
55,2024-10-17 08:00:00+00:00,6990.5,7009.0,6956.0,6973.0,162645
56,2024-10-17 10:00:00+00:00,6973.5,6978.0,6930.5,6943.0,122214
57,2024-10-17 12:00:00+00:00,6943.0,6982.5,6942.5,6966.0,92213
58,2024-10-17 14:00:00+00:00,6966.0,6975.0,6924.0,6927.5,123674
59,2024-10-17 16:00:00+00:00,6928.0,6944.0,6926.5,6933.5,20977
60,2024-10-17 18:00:00+00:00,6933.5,6938.5,6930.0,6937.5,13000
61,2024-10-17 20:00:00+00:00,6937.5,6939.5,6931.5,6931.5,7042
62,2024-10-18 06:00:00+00:00,6915.5,6954.0,6911.0,6950.5,96798
63,2024-10-18 08:00:00+00:00,6950.0,6979.5,6906.0,6950.0,253262
64,2024-10-18 10:00:00+00:00,6950.0,6970.0,6930.0,6949.0,127527
65,2024-10-18 12:00:00+00:00,6949.0,6995.5,6920.5,6937.0,262851
66,2024-10-18 14:00:00+00:00,6937.0,6964.5,6935.0,6950.0,149085
67,2024-10-18 16:00:00+00:00,6950.0,6979.0,6950.0,6962.5,45412
68,2024-10-18 18:00:00+00:00,6962.5,6965.0,6952.0,6960.0,20527
69,2024-10-18 20:00:00+00:00,6959.5,6969.5,6952.0,6963.0,17803
70,2024-10-21 06:00:00+00:00,6979.5,7009.5,6963.0,7007.0,132349
71,2024-10-21 08:00:00+00:00,7007.0,7037.5,6992.0,7034.5,172486
72,2024-10-21 10:00:00+00:00,7033.0,7047.0,7026.0,7034.0,180214
73,2024-10-21 12:00:00+00:00,7034.0,7045.5,7027.0,7031.5,92291
74,2024-10-21 14:00:00+00:00,7030.5,7034.5,6986.0,7001.0,140449
75,2024-10-21 16:00:00+00:00,7009.5,7023.0,7003.0,7014.0,25060
76,2024-10-21 18:00:00+00:00,7014.0,7016.0,7004.5,7013.0,17340
77,2024-10-21 20:00:00+00:00,7014.0,7021.0,7011.0,7020.0,9119
78,2024-10-22 06:00:00+00:00,7008.5,7024.0,6965.0,6983.0,149998
79,2024-10-22 08:00:00+00:00,6983.5,7020.0,6975.0,6997.5,219890
80,2024-10-22 10:00:00+00:00,6997.0,7001.5,6978.5,6991.0,89715
81,2024-10-22 12:00:00+00:00,6991.0,7002.5,6966.0,6977.5,93227
82,2024-10-22 12:00:00+00:00,6991.0,7002.5,6966.0,6977.5,93227
83,2024-10-22 14:00:00+00:00,6977.5,6987.0,6945.0,6953.0,131375
84,2024-10-22 16:00:00+00:00,6953.0,6962.0,6950.0,6955.5,32277
85,2024-10-22 18:00:00+00:00,6956.0,6961.0,6951.5,6957.0,12977
86,2024-10-22 20:00:00+00:00,6957.5,6957.5,6950.0,6950.0,9144
87,2024-10-23 06:00:00+00:00,6945.0,6959.5,6920.0,6923.5,109923
88,2024-10-23 08:00:00+00:00,6923.0,6969.5,6919.0,6969.0,166968
89,2024-10-23 10:00:00+00:00,6969.0,7016.5,6962.5,6972.5,176829
90,2024-10-23 12:00:00+00:00,6972.5,7003.0,6971.0,6988.0,98690
91,2024-10-23 14:00:00+00:00,6988.5,6994.0,6950.5,6951.0,92649
92,2024-10-23 16:00:00+00:00,6950.0,6959.0,6911.0,6922.0,70207
93,2024-10-23 18:00:00+00:00,6924.5,6933.5,6910.0,6926.5,28832
94,2024-10-23 20:00:00+00:00,6925.5,6926.0,6920.0,6920.0,5192
95,2024-10-24 06:00:00+00:00,6920.0,6958.5,6920.0,6938.0,109221
96,2024-10-24 08:00:00+00:00,6938.0,6947.5,6890.0,6906.5,150489
97,2024-10-24 10:00:00+00:00,6906.0,6942.0,6900.0,6933.0,109295
98,2024-10-24 12:00:00+00:00,6933.0,6974.5,6925.0,6964.0,94596
99,2024-10-24 14:00:00+00:00,6964.0,6986.0,6946.0,6950.5,95778
100,2024-10-24 16:00:00+00:00,6951.0,6969.5,6951.0,6959.5,9862
101,2024-10-24 18:00:00+00:00,6959.5,6962.0,6954.0,6957.5,13983
102,2024-10-24 20:00:00+00:00,6957.5,6959.0,6950.0,6958.5,6263
103,2024-10-25 06:00:00+00:00,6970.0,7018.5,6958.5,6997.0,105742
104,2024-10-25 08:00:00+00:00,6997.0,7017.5,6974.5,7000.5,138919
105,2024-10-25 10:00:00+00:00,7000.5,7080.0,6944.0,6983.5,588822
106,2024-10-25 12:00:00+00:00,6984.0,7011.0,6823.5,6838.5,1068536
107,2024-10-25 14:00:00+00:00,6839.0,6843.5,6781.5,6794.5,459405
108,2024-10-25 16:00:00+00:00,6797.0,6800.5,6721.5,6769.5,196123
109,2024-10-25 18:00:00+00:00,6770.0,6774.0,6742.0,6760.5,54737
110,2024-10-25 20:00:00+00:00,6762.0,6765.0,6750.0,6750.5,24796
111,2024-10-28 06:00:00+00:00,6695.0,6695.0,6580.0,6685.0,629357
112,2024-10-28 08:00:00+00:00,6684.5,6743.0,6669.5,6720.5,468792
113,2024-10-28 10:00:00+00:00,6720.5,6737.5,6687.0,6700.5,295560
114,2024-10-28 12:00:00+00:00,6700.0,6785.0,6696.5,6740.0,451582
115,2024-10-28 14:00:00+00:00,6740.0,6755.5,6701.5,6715.0,297873
116,2024-10-28 16:00:00+00:00,6714.0,6724.0,6676.0,6700.5,208936
117,2024-10-28 18:00:00+00:00,6699.5,6731.0,6689.5,6728.5,60877
118,2024-10-28 20:00:00+00:00,6729.0,6735.5,6719.5,6733.5,16915
119,2024-10-29 06:00:00+00:00,6749.0,6821.5,6738.0,6803.5,235618
120,2024-10-29 08:00:00+00:00,6803.0,6805.0,6708.0,6740.5,274621
121,2024-10-29 10:00:00+00:00,6741.0,6805.5,6720.5,6792.5,227987
122,2024-10-29 12:00:00+00:00,6792.5,6837.5,6783.0,6806.5,193892
123,2024-10-29 12:00:00+00:00,6792.5,6837.5,6783.0,6806.5,193892
124,2024-10-29 14:00:00+00:00,6805.5,6840.0,6770.0,6830.0,142648
125,2024-10-29 16:00:00+00:00,6830.0,6860.0,6830.0,6856.0,48589
126,2024-10-29 18:00:00+00:00,6856.5,6866.0,6845.0,6847.0,22783
127,2024-10-29 20:00:00+00:00,6847.0,6854.0,6828.0,6837.0,14662
128,2024-10-30 06:00:00+00:00,6855.0,6883.0,6826.0,6869.0,149295
129,2024-10-30 08:00:00+00:00,6869.5,6894.0,6855.5,6863.0,130428
130,2024-10-30 10:00:00+00:00,6863.5,6868.5,6794.5,6795.0,143616
131,2024-10-30 12:00:00+00:00,6795.0,6847.0,6773.5,6846.0,205434
132,2024-10-30 14:00:00+00:00,6846.0,6890.0,6832.5,6857.5,159272
133,2024-10-30 16:00:00+00:00,6860.0,6860.0,6798.5,6807.0,70514
134,2024-10-30 18:00:00+00:00,6808.0,6818.5,6795.5,6802.5,30944
135,2024-10-30 20:00:00+00:00,6802.5,6817.5,6781.5,6792.0,19276
136,2024-10-31 06:00:00+00:00,6792.0,6812.0,6767.0,6794.5,103849
137,2024-10-31 08:00:00+00:00,6794.5,6820.0,6747.0,6799.0,183538
138,2024-10-31 10:00:00+00:00,6798.5,6869.0,6792.0,6858.0,141606
139,2024-10-31 12:00:00+00:00,6858.0,6863.5,6820.0,6822.0,106423
140,2024-10-31 14:00:00+00:00,6823.0,6827.0,6792.5,6792.5,176244
141,2024-10-31 16:00:00+00:00,6795.0,6799.5,6766.5,6777.5,45708
142,2024-10-31 18:00:00+00:00,6777.0,6795.0,6762.5,6789.0,33195
143,2024-10-31 20:00:00+00:00,6788.5,6795.0,6788.0,6794.5,7008
144,2024-11-01 06:00:00+00:00,6805.5,6831.5,6734.0,6767.0,177830
145,2024-11-01 08:00:00+00:00,6767.0,6779.5,6720.5,6749.0,215341
146,2024-11-01 10:00:00+00:00,6749.5,6806.5,6749.0,6791.5,186214
147,2024-11-01 12:00:00+00:00,6792.0,6802.5,6774.5,6794.5,126258
148,2024-11-01 14:00:00+00:00,6794.5,6818.0,6790.0,6800.5,105023
149,2024-11-01 16:00:00+00:00,6805.0,6850.0,6805.0,6829.0,58669
150,2024-11-01 18:00:00+00:00,6828.0,6844.5,6822.5,6842.5,14906
151,2024-11-01 20:00:00+00:00,6842.0,6844.5,6836.5,6844.5,4491
152,2024-11-02 06:00:00+00:00,6839.0,6865.0,6822.0,6853.5,43369
153,2024-11-02 08:00:00+00:00,6853.5,6861.5,6841.5,6843.0,54624
154,2024-11-02 10:00:00+00:00,6843.0,6858.5,6841.5,6850.5,67141
155,2024-11-02 12:00:00+00:00,6851.5,6858.0,6841.0,6849.0,71700
156,2024-11-02 14:00:00+00:00,6848.5,6850.5,6810.0,6828.5,104241
157,2024-11-02 16:00:00+00:00,6827.0,6836.0,6820.0,6824.0,10604
158,2024-11-02 18:00:00+00:00,6823.0,6836.5,6822.5,6831.0,13922
159,2024-11-02 20:00:00+00:00,6830.5,6842.0,6830.5,6842.0,15529
160,2024-11-05 06:00:00+00:00,6867.0,6876.0,6825.5,6861.0,97721
161,2024-11-05 08:00:00+00:00,6861.5,6920.0,6847.0,6902.0,139355
162,2024-11-05 10:00:00+00:00,6901.5,6905.0,6871.0,6871.0,81746
163,2024-11-05 12:00:00+00:00,6871.0,6874.0,6844.5,6845.0,61678
164,2024-11-05 12:00:00+00:00,6871.0,6874.0,6844.5,6845.0,61678
165,2024-11-05 14:00:00+00:00,6845.0,6874.0,6821.0,6863.0,83345
166,2024-11-05 16:00:00+00:00,6860.0,6890.0,6859.5,6871.0,32876
167,2024-11-05 18:00:00+00:00,6873.0,6882.0,6862.5,6871.5,10948
168,2024-11-05 20:00:00+00:00,6872.5,6874.0,6870.0,6873.0,5140
169,2024-11-06 06:00:00+00:00,6999.5,7025.0,6933.5,7025.0,329947
170,2024-11-06 08:00:00+00:00,7025.0,7098.5,7014.0,7046.5,408239
171,2024-11-06 10:00:00+00:00,7046.5,7052.0,6991.5,7011.5,237666
172,2024-11-06 12:00:00+00:00,7011.5,7025.0,6975.0,7009.0,209197
173,2024-11-06 14:00:00+00:00,7009.0,7040.0,6995.0,7000.0,77961
174,2024-11-06 16:00:00+00:00,7000.0,7008.0,6971.5,6999.0,35958
175,2024-11-06 18:00:00+00:00,6999.0,7000.0,6983.0,6992.0,20363
176,2024-11-06 20:00:00+00:00,6992.0,6997.0,6988.0,6996.5,6282
177,2024-11-07 08:00:00+00:00,6994.0,6998.0,6950.0,6982.5,78736
178,2024-11-07 10:00:00+00:00,6984.0,7004.5,6951.0,7000.5,125612
179,2024-11-07 12:00:00+00:00,7000.5,7043.0,6994.5,7020.0,124099
180,2024-11-07 14:00:00+00:00,7019.5,7064.5,7015.5,7050.0,154998
181,2024-11-07 16:00:00+00:00,7041.0,7074.5,7041.0,7060.0,50576
182,2024-11-07 18:00:00+00:00,7060.0,7113.5,7052.5,7099.5,87940
183,2024-11-07 20:00:00+00:00,7099.0,7139.0,7099.0,7132.0,49068
184,2024-11-08 06:00:00+00:00,7150.0,7155.0,7110.5,7142.5,173158
185,2024-11-08 08:00:00+00:00,7144.0,7174.5,7125.0,7131.0,178693
186,2024-11-08 10:00:00+00:00,7131.0,7136.5,7072.5,7091.0,175435
187,2024-11-08 12:00:00+00:00,7091.0,7109.0,7076.0,7079.0,93457
188,2024-11-08 14:00:00+00:00,7079.0,7123.5,7061.0,7080.5,136493
189,2024-11-08 16:00:00+00:00,7092.0,7182.0,7092.0,7177.0,126822
190,2024-11-08 18:00:00+00:00,7177.0,7191.5,7153.0,7191.0,52039
191,2024-11-08 20:00:00+00:00,7191.5,7192.0,7170.0,7172.0,22333
192,2024-11-11 06:00:00+00:00,7205.5,7235.0,7110.0,7114.0,260788
193,2024-11-11 08:00:00+00:00,7114.0,7164.5,7102.5,7104.5,330026
194,2024-11-11 10:00:00+00:00,7104.5,7117.0,7081.5,7082.0,180410
195,2024-11-11 12:00:00+00:00,7083.0,7087.0,7053.0,7063.5,268575
196,2024-11-11 14:00:00+00:00,7064.0,7065.0,6995.0,7000.0,396662
197,2024-11-11 16:00:00+00:00,7005.0,7035.5,7000.0,7013.0,73506
198,2024-11-11 18:00:00+00:00,7013.0,7028.5,7011.5,7028.0,26942
199,2024-11-11 20:00:00+00:00,7027.5,7037.5,7022.5,7022.5,19554
200,2024-11-12 06:00:00+00:00,7025.0,7030.5,6967.0,6984.0,162764
201,2024-11-12 08:00:00+00:00,6983.5,7050.0,6983.5,7048.0,152979
202,2024-11-12 10:00:00+00:00,7048.0,7071.5,6997.0,7005.0,114731
203,2024-11-12 12:00:00+00:00,7005.0,7018.5,6990.5,6996.5,93736
204,2024-11-12 12:00:00+00:00,7005.0,7018.5,6990.5,6996.5,93736
205,2024-11-12 14:00:00+00:00,6996.0,7023.5,6990.0,6999.0,95894
206,2024-11-12 16:00:00+00:00,6999.0,7016.5,6996.0,7007.5,30340
207,2024-11-12 18:00:00+00:00,7007.5,7008.5,6990.0,6991.5,24834
208,2024-11-12 20:00:00+00:00,6991.5,6995.5,6990.0,6990.0,16195
209,2024-11-13 06:00:00+00:00,6990.0,7015.0,6950.0,6987.5,104647
210,2024-11-13 08:00:00+00:00,6988.0,7029.0,6975.0,7011.5,163904
211,2024-11-13 10:00:00+00:00,7011.0,7025.0,7002.0,7017.0,83711
212,2024-11-13 12:00:00+00:00,7017.0,7048.0,7006.0,7006.5,111046
213,2024-11-13 14:00:00+00:00,7006.5,7019.5,6990.0,7000.0,97333
214,2024-11-13 16:00:00+00:00,7000.0,7005.0,6918.0,6953.5,142234
215,2024-11-13 18:00:00+00:00,6954.5,6964.5,6940.0,6942.0,18665
216,2024-11-13 20:00:00+00:00,6941.0,6941.5,6920.0,6925.0,18457
217,2024-11-14 06:00:00+00:00,6924.5,7013.5,6920.5,7000.5,158923
218,2024-11-14 08:00:00+00:00,7000.5,7008.0,6967.0,6971.5,136422
219,2024-11-14 10:00:00+00:00,6971.5,6997.0,6910.5,6945.5,247272
220,2024-11-14 12:00:00+00:00,6945.5,6961.5,6914.5,6915.0,123262
221,2024-11-14 14:00:00+00:00,6914.5,6937.0,6900.0,6930.0,148505
222,2024-11-14 16:00:00+00:00,6928.0,6940.0,6907.0,6924.5,41492
223,2024-11-14 18:00:00+00:00,6924.5,6937.5,6923.5,6929.5,12306
224,2024-11-14 20:00:00+00:00,6930.0,6933.0,6925.5,6932.5,4108
225,2024-11-15 06:00:00+00:00,6932.5,6988.0,6911.5,6918.0,63730
226,2024-11-15 08:00:00+00:00,6917.5,6975.0,6911.0,6966.5,109075
227,2024-11-15 10:00:00+00:00,6966.0,6968.0,6930.0,6941.0,41739
228,2024-11-15 12:00:00+00:00,6942.5,6984.5,6925.0,6962.0,98706
229,2024-11-15 14:00:00+00:00,6961.5,7015.0,6959.0,7014.5,101807
230,2024-11-15 16:00:00+00:00,7014.5,7037.0,7012.5,7017.0,62140
231,2024-11-15 18:00:00+00:00,7017.5,7030.0,7012.0,7027.5,17626
232,2024-11-15 20:00:00+00:00,7027.0,7028.0,7020.0,7021.0,10589
233,2024-11-18 06:00:00+00:00,6957.0,6995.5,6874.0,6980.0,195837
234,2024-11-18 08:00:00+00:00,6979.5,7008.0,6961.0,6966.0,137946
235,2024-11-18 10:00:00+00:00,6966.0,7000.0,6958.0,6994.5,80064
236,2024-11-18 12:00:00+00:00,6994.5,7004.0,6972.0,6988.5,61651
237,2024-11-18 14:00:00+00:00,6988.5,7006.5,6980.0,7000.0,96012
238,2024-11-18 16:00:00+00:00,6999.0,6999.0,6971.5,6990.5,25887
239,2024-11-18 18:00:00+00:00,6993.0,6995.5,6966.0,6966.5,17998
240,2024-11-18 20:00:00+00:00,6966.0,6966.5,6950.5,6955.5,10433
241,2024-11-19 06:00:00+00:00,6958.0,6991.5,6958.0,6975.0,58781
242,2024-11-19 08:00:00+00:00,6975.0,6976.5,6909.0,6941.5,170542
243,2024-11-19 10:00:00+00:00,6941.5,6951.5,6902.0,6926.0,96352
244,2024-11-19 12:00:00+00:00,6926.0,6951.0,6850.0,6860.5,191618
245,2024-11-19 12:00:00+00:00,6926.0,6951.0,6850.0,6860.5,191618
246,2024-11-19 14:00:00+00:00,6860.5,6874.5,6810.0,6835.0,265251
247,2024-11-19 16:00:00+00:00,6835.0,6858.5,6810.5,6852.5,49755
248,2024-11-19 18:00:00+00:00,6853.0,6860.5,6834.0,6845.5,26595
249,2024-11-19 20:00:00+00:00,6846.0,6849.5,6836.5,6842.0,7489
250,2024-11-20 06:00:00+00:00,6851.0,6919.0,6851.0,6871.0,213977
251,2024-11-20 08:00:00+00:00,6871.0,6915.5,6861.0,6891.0,141647
252,2024-11-20 10:00:00+00:00,6890.5,6952.5,6890.0,6908.5,145465
253,2024-11-20 12:00:00+00:00,6908.0,6913.5,6823.5,6841.5,99979
254,2024-11-20 14:00:00+00:00,6841.5,6865.5,6800.0,6802.0,128949
255,2024-11-20 16:00:00+00:00,6800.0,6818.0,6776.0,6797.5,106669
256,2024-11-20 18:00:00+00:00,6798.5,6813.5,6792.0,6801.5,17155
257,2024-11-20 20:00:00+00:00,6801.0,6801.0,6795.5,6798.5,3976
258,2024-11-21 06:00:00+00:00,6810.0,6845.0,6780.5,6809.5,111931
259,2024-11-21 08:00:00+00:00,6809.0,6840.0,6768.0,6807.0,203171
260,2024-11-21 10:00:00+00:00,6809.0,6863.5,6805.0,6846.0,110637
261,2024-11-21 12:00:00+00:00,6846.0,6850.0,6788.5,6838.5,124697
262,2024-11-21 14:00:00+00:00,6840.0,6905.0,6770.5,6821.5,237007
263,2024-11-21 16:00:00+00:00,6821.5,6912.0,6775.0,6883.0,145862
264,2024-11-21 18:00:00+00:00,6882.5,6942.5,6859.0,6934.5,92592
265,2024-11-21 20:00:00+00:00,6934.5,6949.0,6929.0,6938.5,19880
266,2024-11-22 06:00:00+00:00,6941.0,6968.0,6911.0,6935.0,89380
267,2024-11-22 08:00:00+00:00,6935.0,6937.0,6868.0,6933.5,127111
268,2024-11-22 10:00:00+00:00,6934.0,6964.5,6902.5,6917.5,78130
269,2024-11-22 12:00:00+00:00,6918.0,6922.0,6884.5,6907.5,113988
270,2024-11-22 14:00:00+00:00,6907.5,6927.0,6888.0,6924.5,67197
271,2024-11-22 16:00:00+00:00,6924.0,6998.0,6917.0,6971.0,88543
272,2024-11-22 18:00:00+00:00,6971.5,6972.0,6938.5,6949.0,19621
273,2024-11-22 20:00:00+00:00,6949.0,6954.5,6935.0,6940.0,14368
274,2024-11-25 06:00:00+00:00,6946.0,6979.0,6916.0,6921.5,100302
275,2024-11-25 08:00:00+00:00,6920.5,6933.0,6892.5,6921.0,125495
276,2024-11-25 10:00:00+00:00,6920.5,6932.5,6885.5,6898.0,157939
277,2024-11-25 12:00:00+00:00,6898.5,6912.0,6853.0,6871.5,151935
278,2024-11-25 14:00:00+00:00,6871.0,6920.0,6835.5,6919.0,191738
279,2024-11-25 16:00:00+00:00,6919.0,6919.0,6888.5,6890.5,58945
280,2024-11-25 18:00:00+00:00,6890.5,6900.0,6880.0,6888.0,34049
281,2024-11-25 20:00:00+00:00,6887.5,6893.5,6880.0,6886.5,8423
282,2024-11-26 06:00:00+00:00,6870.5,6930.0,6866.5,6902.5,101600
283,2024-11-26 08:00:00+00:00,6902.5,6925.0,6880.0,6892.0,139890
284,2024-11-26 10:00:00+00:00,6891.5,6908.0,6851.0,6870.0,170985
285,2024-11-26 12:00:00+00:00,6869.0,6890.0,6841.5,6860.0,272395
286,2024-11-26 12:00:00+00:00,6869.0,6890.0,6841.5,6860.0,272395
287,2024-11-26 14:00:00+00:00,6860.5,6872.5,6829.0,6833.0,195202
288,2024-11-26 16:00:00+00:00,6840.0,6885.0,6820.5,6849.0,52664
289,2024-11-26 18:00:00+00:00,6849.0,6870.0,6833.0,6854.0,40858
290,2024-11-26 20:00:00+00:00,6854.5,6874.0,6850.0,6869.5,12555
291,2024-11-27 06:00:00+00:00,6870.0,6875.0,6770.0,6839.0,201255
292,2024-11-27 08:00:00+00:00,6838.5,6887.5,6777.0,6866.5,315515
293,2024-11-27 10:00:00+00:00,6866.5,6916.5,6810.0,6903.5,317337
294,2024-11-27 12:00:00+00:00,6903.0,6915.0,6794.0,6868.5,339795
295,2024-11-27 14:00:00+00:00,6868.0,6890.0,6826.5,6856.0,184429
296,2024-11-27 16:00:00+00:00,6856.0,6913.0,6840.5,6894.5,78874
297,2024-11-27 18:00:00+00:00,6895.5,6900.5,6864.5,6887.5,31423
298,2024-11-27 20:00:00+00:00,6887.5,6898.0,6873.0,6896.5,12245
299,2024-11-28 06:00:00+00:00,6943.5,6943.5,6860.5,6884.0,189852
300,2024-11-28 08:00:00+00:00,6883.5,6900.0,6866.0,6885.5,213527
301,2024-11-28 10:00:00+00:00,6885.0,6888.0,6825.0,6840.0,220692
302,2024-11-28 12:00:00+00:00,6839.0,6868.0,6818.0,6853.0,245959
303,2024-11-28 14:00:00+00:00,6853.0,6891.5,6835.0,6890.0,261269
304,2024-11-28 16:00:00+00:00,6890.5,6918.0,6890.0,6904.5,75510
305,2024-11-28 18:00:00+00:00,6905.5,6915.0,6900.0,6907.0,26970
306,2024-11-28 20:00:00+00:00,6907.0,6912.0,6900.0,6905.5,9052
307,2024-11-29 06:00:00+00:00,6905.0,6910.0,6839.0,6868.0,219130
308,2024-11-29 08:00:00+00:00,6868.0,6881.0,6844.5,6852.0,361527
309,2024-11-29 10:00:00+00:00,6852.0,6885.5,6832.0,6869.0,212319
310,2024-11-29 12:00:00+00:00,6870.5,6872.5,6839.5,6844.0,181898
311,2024-11-29 14:00:00+00:00,6844.0,6885.0,6834.0,6885.0,240932
312,2024-11-29 16:00:00+00:00,6876.0,6885.5,6870.0,6870.0,47634
313,2024-11-29 18:00:00+00:00,6870.0,6874.5,6870.0,6870.5,15999
314,2024-11-29 20:00:00+00:00,6870.0,6872.5,6860.0,6860.5,19482
315,2024-12-02 06:00:00+00:00,6880.0,6880.0,6840.0,6865.5,126385
316,2024-12-02 08:00:00+00:00,6866.0,6870.0,6829.0,6837.0,486775
317,2024-12-02 10:00:00+00:00,6838.0,6845.0,6805.0,6815.0,228517
318,2024-12-02 12:00:00+00:00,6814.5,6834.0,6805.0,6821.5,271678
319,2024-12-02 14:00:00+00:00,6821.5,6829.5,6799.0,6826.5,219815
320,2024-12-02 16:00:00+00:00,6820.0,6825.0,6810.0,6814.0,31240
321,2024-12-02 18:00:00+00:00,6814.0,6818.0,6810.0,6811.0,13687
322,2024-12-02 20:00:00+00:00,6811.0,6816.0,6810.0,6810.0,7443
323,2024-12-03 06:00:00+00:00,6812.0,6823.0,6774.0,6791.0,114504
324,2024-12-03 08:00:00+00:00,6791.0,6791.5,6751.0,6770.0,220296
325,2024-12-03 10:00:00+00:00,6770.0,6782.5,6761.0,6768.0,101058
326,2024-12-03 12:00:00+00:00,6768.0,6785.0,6761.0,6770.5,154584
327,2024-12-03 12:00:00+00:00,6768.0,6785.0,6761.0,6770.5,154584
328,2024-12-03 14:00:00+00:00,6770.5,6775.0,6713.5,6758.5,180177
329,2024-12-03 16:00:00+00:00,6753.0,6784.0,6741.5,6773.5,45556
330,2024-12-03 18:00:00+00:00,6772.5,6779.0,6760.0,6767.0,15971
331,2024-12-03 20:00:00+00:00,6766.0,6779.0,6765.0,6771.0,7105
332,2024-12-04 06:00:00+00:00,6784.5,6795.5,6714.0,6728.5,139548
333,2024-12-04 08:00:00+00:00,6728.5,6800.0,6728.0,6799.5,265121
334,2024-12-04 10:00:00+00:00,6799.5,6812.0,6784.5,6806.0,89218
335,2024-12-04 12:00:00+00:00,6806.5,6812.0,6750.0,6752.5,111133
336,2024-12-04 14:00:00+00:00,6752.5,6763.0,6726.0,6726.0,163266
337,2024-12-04 16:00:00+00:00,6726.0,6747.0,6726.0,6727.5,119902
338,2024-12-04 18:00:00+00:00,6727.5,6733.5,6720.0,6721.5,49688
339,2024-12-04 20:00:00+00:00,6721.5,6725.0,6720.0,6720.5,18202
340,2024-12-05 06:00:00+00:00,6725.5,6768.5,6722.0,6739.0,74995
341,2024-12-05 08:00:00+00:00,6739.0,6770.0,6723.0,6755.0,122663
342,2024-12-05 10:00:00+00:00,6754.5,6764.0,6676.5,6685.0,106745
343,2024-12-05 12:00:00+00:00,6685.0,6757.0,6677.0,6741.0,199995
344,2024-12-05 14:00:00+00:00,6741.5,6830.0,6741.0,6783.5,352175
345,2024-12-05 16:00:00+00:00,6794.0,6861.0,6792.5,6826.0,89517
346,2024-12-05 18:00:00+00:00,6824.0,6850.0,6819.0,6846.5,21727
347,2024-12-05 20:00:00+00:00,6847.0,6849.5,6840.0,6841.0,7943
348,2024-12-06 06:00:00+00:00,6860.0,6864.5,6815.0,6851.0,110120
349,2024-12-06 08:00:00+00:00,6851.5,6851.5,6800.5,6807.5,117640
350,2024-12-06 10:00:00+00:00,6807.5,6861.5,6800.0,6860.5,123504
351,2024-12-06 12:00:00+00:00,6860.5,6913.5,6853.0,6853.0,208138
352,2024-12-06 14:00:00+00:00,6854.0,6870.0,6830.5,6850.0,47989
353,2024-12-06 16:00:00+00:00,6847.0,6866.0,6847.0,6862.5,14217
354,2024-12-06 18:00:00+00:00,6862.5,6863.0,6850.0,6858.0,9507
355,2024-12-06 20:00:00+00:00,6857.0,6861.5,6855.0,6860.0,10090
356,2024-12-09 06:00:00+00:00,6877.0,6915.0,6877.0,6898.0,74020
357,2024-12-09 08:00:00+00:00,6898.0,6898.0,6844.0,6846.5,115159
358,2024-12-09 10:00:00+00:00,6847.0,6887.5,6846.5,6884.5,97842
359,2024-12-09 12:00:00+00:00,6885.0,6997.0,6885.0,6994.0,273723
360,2024-12-09 14:00:00+00:00,6994.5,6997.0,6953.0,6980.0,93831
361,2024-12-09 16:00:00+00:00,6975.5,6993.0,6967.0,6979.5,23129
362,2024-12-09 18:00:00+00:00,6980.0,6995.0,6977.0,6986.5,17105
363,2024-12-09 20:00:00+00:00,6987.0,6994.0,6951.0,6973.0,20247
364,2024-12-10 06:00:00+00:00,6995.5,6995.5,6950.5,6951.0,85402
365,2024-12-10 08:00:00+00:00,6951.0,6967.5,6900.0,6907.0,187651
366,2024-12-10 10:00:00+00:00,6907.0,6952.0,6890.0,6910.0,128584
367,2024-12-10 12:00:00+00:00,6909.5,6991.0,6900.0,6941.0,134152
368,2024-12-10 12:00:00+00:00,6909.5,6991.0,6900.0,6941.0,134152
369,2024-12-10 14:00:00+00:00,6941.0,6949.0,6880.0,6900.5,112738
370,2024-12-10 16:00:00+00:00,6900.5,6920.0,6894.0,6919.5,28190
371,2024-12-10 18:00:00+00:00,6920.0,6920.0,6896.5,6903.0,10759
372,2024-12-10 20:00:00+00:00,6904.0,6908.0,6890.0,6894.0,5711
373,2024-12-11 06:00:00+00:00,6894.0,6894.0,6860.0,6860.5,56286
374,2024-12-11 08:00:00+00:00,6860.0,6878.5,6825.0,6848.0,169109
375,2024-12-11 10:00:00+00:00,6848.0,6848.0,6821.0,6836.0,123951
376,2024-12-11 12:00:00+00:00,6836.5,6886.0,6835.0,6880.0,168162
377,2024-12-11 14:00:00+00:00,6880.0,6914.0,6857.5,6865.0,101354
378,2024-12-11 16:00:00+00:00,6860.5,6899.5,6848.5,6890.0,53971
379,2024-12-11 18:00:00+00:00,6891.5,6904.5,6888.5,6902.5,16585
380,2024-12-11 20:00:00+00:00,6902.5,6906.0,6895.0,6895.5,9666
381,2024-12-12 06:00:00+00:00,6898.0,6939.0,6874.5,6939.0,79807
382,2024-12-12 08:00:00+00:00,6939.0,6950.0,6922.0,6948.0,126650
383,2024-12-12 10:00:00+00:00,6947.5,6959.5,6901.0,6910.5,116429
384,2024-12-12 12:00:00+00:00,6909.0,6944.0,6890.0,6895.0,109645
385,2024-12-12 14:00:00+00:00,6895.0,6898.0,6862.0,6886.0,169755
386,2024-12-12 16:00:00+00:00,6882.0,6897.0,6862.5,6863.5,42610
387,2024-12-12 18:00:00+00:00,6863.5,6878.0,6862.5,6872.0,34308
388,2024-12-12 20:00:00+00:00,6871.5,6873.0,6862.5,6862.5,7762
389,2024-12-13 06:00:00+00:00,6868.5,6884.5,6857.0,6860.5,76741
390,2024-12-13 08:00:00+00:00,6859.5,6873.0,6770.0,6786.0,214626
391,2024-12-13 10:00:00+00:00,6786.0,6807.0,6775.0,6788.0,80348
392,2024-12-13 12:00:00+00:00,6787.0,6817.5,6750.0,6763.5,120480
393,2024-12-13 14:00:00+00:00,6762.0,6809.5,6755.5,6809.5,89738
394,2024-12-13 16:00:00+00:00,6807.0,6815.0,6792.0,6792.5,28489
395,2024-12-13 18:00:00+00:00,6792.5,6799.0,6780.0,6782.0,24220
396,2024-12-13 20:00:00+00:00,6781.5,6809.0,6780.0,6800.0,17976
397,2024-12-16 06:00:00+00:00,6770.0,6787.5,6714.0,6744.0,168345
398,2024-12-16 08:00:00+00:00,6743.5,6744.0,6685.5,6712.5,228349
399,2024-12-16 10:00:00+00:00,6713.0,6760.0,6706.5,6730.0,162821
400,2024-12-16 12:00:00+00:00,6730.0,6768.5,6717.5,6755.5,180054
401,2024-12-16 14:00:00+00:00,6755.0,6759.0,6726.0,6736.0,129863
402,2024-12-16 16:00:00+00:00,6736.0,6746.0,6712.0,6738.5,117669
403,2024-12-16 18:00:00+00:00,6738.5,6743.0,6731.0,6741.5,70952
404,2024-12-16 20:00:00+00:00,6740.5,6780.0,6740.5,6779.5,62902
405,2024-12-17 06:00:00+00:00,6330.0,6365.0,6295.0,6317.0,490056
406,2024-12-17 08:00:00+00:00,6317.0,6398.0,6304.0,6381.0,316289
407,2024-12-17 10:00:00+00:00,6384.5,6386.5,6273.0,6299.0,277250
408,2024-12-17 12:00:00+00:00,6298.5,6319.0,6260.5,6267.0,178429
409,2024-12-17 12:00:00+00:00,6298.5,6319.0,6260.5,6267.0,178429
410,2024-12-17 14:00:00+00:00,6267.5,6294.0,6256.0,6267.0,124120
411,2024-12-17 16:00:00+00:00,6267.0,6299.5,6262.0,6295.0,41546
412,2024-12-17 18:00:00+00:00,6295.0,6298.5,6284.0,6294.5,29251
413,2024-12-17 20:00:00+00:00,6293.5,6298.0,6285.0,6290.5,10047
414,2024-12-18 06:00:00+00:00,6297.0,6351.0,6290.0,6291.5,88223
415,2024-12-18 08:00:00+00:00,6292.0,6295.5,6238.0,6278.5,147293
416,2024-12-18 10:00:00+00:00,6279.0,6293.5,6260.0,6289.5,57338
417,2024-12-18 12:00:00+00:00,6289.5,6322.5,6285.0,6312.0,146635
418,2024-12-18 14:00:00+00:00,6310.5,6349.0,6303.0,6342.0,111277
419,2024-12-18 16:00:00+00:00,6347.0,6390.0,6338.0,6372.5,123911
420,2024-12-18 18:00:00+00:00,6373.0,6395.0,6364.0,6369.5,43999
421,2024-12-18 20:00:00+00:00,6369.5,6389.0,6367.5,6375.0,11312
422,2024-12-19 06:00:00+00:00,6379.5,6396.5,6340.0,6347.0,97495
423,2024-12-19 08:00:00+00:00,6346.5,6429.5,6340.0,6423.0,215962
424,2024-12-19 10:00:00+00:00,6422.5,6436.5,6387.0,6403.5,154815
425,2024-12-19 12:00:00+00:00,6404.0,6492.0,6350.0,6375.5,1046358
426,2024-12-19 14:00:00+00:00,6375.5,6385.0,6263.0,6263.0,267140
427,2024-12-19 16:00:00+00:00,6271.5,6309.5,6271.0,6301.0,55431
428,2024-12-19 18:00:00+00:00,6300.5,6308.5,6291.0,6293.0,20784
429,2024-12-19 20:00:00+00:00,6291.0,6299.5,6290.0,6294.0,6796
430,2024-12-20 06:00:00+00:00,6294.0,6338.5,6280.0,6286.0,180361
431,2024-12-20 08:00:00+00:00,6285.5,6376.5,6280.5,6370.5,313673
432,2024-12-20 10:00:00+00:00,6370.0,6649.0,6350.0,6620.5,695726
433,2024-12-20 12:00:00+00:00,6620.5,6716.0,6570.0,6668.5,369833
434,2024-12-20 14:00:00+00:00,6669.5,6804.0,6662.0,6728.0,441334
435,2024-12-20 16:00:00+00:00,6727.0,6740.0,6700.0,6726.5,78729
436,2024-12-20 18:00:00+00:00,6726.5,6741.0,6723.0,6732.0,40070
437,2024-12-20 20:00:00+00:00,6732.0,6759.5,6723.5,6725.0,36501
438,2024-12-23 06:00:00+00:00,6787.0,6962.5,6761.0,6952.5,275032
439,2024-12-23 08:00:00+00:00,6954.0,6980.0,6853.5,6881.5,333846
440,2024-12-23 10:00:00+00:00,6881.5,6940.5,6881.0,6896.0,147920
441,2024-12-23 12:00:00+00:00,6896.0,6930.0,6860.0,6911.0,162393
442,2024-12-23 14:00:00+00:00,6911.5,6924.5,6884.0,6894.5,71264
443,2024-12-23 16:00:00+00:00,6895.0,6906.5,6875.0,6888.0,27178
444,2024-12-23 18:00:00+00:00,6889.0,6907.5,6887.5,6907.0,16501
445,2024-12-23 20:00:00+00:00,6907.5,6921.5,6907.0,6919.0,7139
446,2024-12-24 06:00:00+00:00,6919.0,6929.0,6832.5,6870.5,107223
447,2024-12-24 08:00:00+00:00,6870.0,6960.5,6859.5,6922.5,228731
448,2024-12-24 10:00:00+00:00,6920.5,6929.0,6901.0,6926.5,80192
449,2024-12-24 12:00:00+00:00,6927.0,6944.5,6825.0,6847.0,161436
450,2024-12-24 12:00:00+00:00,6927.0,6944.5,6825.0,6847.0,161436
451,2024-12-24 14:00:00+00:00,6847.0,6857.0,6836.0,6847.5,83272
452,2024-12-24 16:00:00+00:00,6847.5,6870.0,6841.5,6864.0,29800
453,2024-12-24 18:00:00+00:00,6864.0,6871.5,6843.5,6855.5,22924
454,2024-12-24 20:00:00+00:00,6855.5,6857.5,6832.5,6833.0,10548
455,2024-12-25 06:00:00+00:00,6830.0,6880.0,6787.5,6818.0,112760
456,2024-12-25 08:00:00+00:00,6818.5,6900.0,6801.5,6881.5,175202
457,2024-12-25 10:00:00+00:00,6883.0,6900.0,6864.0,6887.5,140194
458,2024-12-25 12:00:00+00:00,6887.5,6996.0,6874.0,6986.5,220553
459,2024-12-25 14:00:00+00:00,6987.0,7006.5,6930.5,6969.5,318732
460,2024-12-25 16:00:00+00:00,6974.5,6994.0,6961.5,6973.0,59204
461,2024-12-25 18:00:00+00:00,6974.5,6984.5,6970.5,6980.0,16717
462,2024-12-25 20:00:00+00:00,6981.0,6990.0,6980.0,6987.5,10566
463,2024-12-26 06:00:00+00:00,6988.0,7096.5,6988.0,7054.0,203044
464,2024-12-26 08:00:00+00:00,7054.0,7068.0,7025.5,7049.5,201350
465,2024-12-26 10:00:00+00:00,7049.5,7070.0,7037.0,7067.5,186226
466,2024-12-26 12:00:00+00:00,7066.0,7080.0,7033.0,7057.0,144848
467,2024-12-26 14:00:00+00:00,7057.0,7057.5,7028.5,7030.0,72265
468,2024-12-26 16:00:00+00:00,7030.0,7045.0,7003.0,7003.5,39968
469,2024-12-26 18:00:00+00:00,7004.0,7017.0,7001.0,7001.5,26621
470,2024-12-26 20:00:00+00:00,7001.5,7009.5,7000.0,7003.0,8841
471,2024-12-27 06:00:00+00:00,7019.0,7038.0,6972.0,7014.0,119883
472,2024-12-27 08:00:00+00:00,7013.5,7025.0,6965.5,6979.5,91609
473,2024-12-27 10:00:00+00:00,6979.5,6979.5,6921.5,6953.5,148397
474,2024-12-27 12:00:00+00:00,6954.0,6979.0,6944.0,6971.5,84744
475,2024-12-27 14:00:00+00:00,6971.5,6971.5,6951.5,6959.0,43193
476,2024-12-27 16:00:00+00:00,6958.0,6984.0,6952.5,6974.0,25046
477,2024-12-27 18:00:00+00:00,6974.5,7005.0,6973.5,6995.0,49359
478,2024-12-27 20:00:00+00:00,6995.0,7000.0,6986.0,6990.5,9970
479,2024-12-28 06:00:00+00:00,6990.5,7012.0,6955.5,6968.5,95883
480,2024-12-28 08:00:00+00:00,6968.5,7009.0,6968.5,6999.5,133768
481,2024-12-28 10:00:00+00:00,6999.0,7000.5,6980.5,6982.0,64566
482,2024-12-28 12:00:00+00:00,6981.5,7005.0,6975.5,6985.0,62743
483,2024-12-28 14:00:00+00:00,6985.5,6999.5,6971.0,6975.0,42657
484,2024-12-28 16:00:00+00:00,6975.0,7000.0,6974.5,6995.5,24648
485,2024-12-28 18:00:00+00:00,6996.5,7000.0,6993.0,6996.0,19985
486,2024-12-28 20:00:00+00:00,6996.0,7000.0,6993.0,6998.0,9898
487,2024-12-30 06:00:00+00:00,7011.0,7074.0,7003.0,7061.5,79449
488,2024-12-30 08:00:00+00:00,7061.5,7170.0,7061.0,7169.5,179900
489,2024-12-30 10:00:00+00:00,7169.5,7260.0,7146.0,7238.5,234365
490,2024-12-30 12:00:00+00:00,7238.0,7255.0,7199.0,7200.0,119935
491,2024-12-30 14:00:00+00:00,7199.0,7249.5,7199.0,7240.5,66498
492,2024-12-30 16:00:00+00:00,7235.5,7235.5,7202.5,7211.0,41719
493,2024-12-30 18:00:00+00:00,7210.5,7237.0,7204.5,7224.0,33627
494,2024-12-30 20:00:00+00:00,7222.5,7235.5,7216.0,7235.0,19393
495,2025-01-03 06:00:00+00:00,7255.0,7260.0,7125.5,7160.5,95355
496,2025-01-03 08:00:00+00:00,7161.0,7189.5,7104.5,7115.5,69861
497,2025-01-03 10:00:00+00:00,7115.5,7169.5,7101.0,7143.5,42579
498,2025-01-03 12:00:00+00:00,7143.5,7169.5,7125.5,7135.5,15919
499,2025-01-03 14:00:00+00:00,7135.5,7147.0,7113.0,7125.0,12771
500,2025-01-03 16:00:00+00:00,7123.5,7128.0,7106.0,7120.0,11400
501,2025-01-03 18:00:00+00:00,7120.0,7125.0,7116.5,7122.0,9938
502,2025-01-03 20:00:00+00:00,7122.0,7123.5,7116.0,7122.0,4273
503,2025-01-06 06:00:00+00:00,7114.5,7160.0,7070.0,7135.5,61702
504,2025-01-06 08:00:00+00:00,7136.0,7155.0,7100.0,7104.0,39947
505,2025-01-06 10:00:00+00:00,7103.5,7140.0,7100.0,7139.5,21480
506,2025-01-06 12:00:00+00:00,7138.0,7150.0,7102.0,7113.5,23666
507,2025-01-06 14:00:00+00:00,7113.5,7128.0,7103.5,7108.0,19056
508,2025-01-06 16:00:00+00:00,7105.5,7125.0,7089.0,7095.5,26635
509,2025-01-06 18:00:00+00:00,7095.5,7095.5,7072.5,7080.0,21293
510,2025-01-06 20:00:00+00:00,7080.5,7095.5,7080.0,7088.0,7927
511,2025-01-08 06:00:00+00:00,7090.0,7113.0,7045.0,7084.5,54277
512,2025-01-08 08:00:00+00:00,7085.5,7112.5,7066.5,7078.5,51421
513,2025-01-08 10:00:00+00:00,7078.5,7119.0,7049.5,7078.0,51984
514,2025-01-08 12:00:00+00:00,7078.5,7124.0,7078.0,7118.5,36868
515,2025-01-08 14:00:00+00:00,7118.0,7124.0,7101.0,7110.0,21311
516,2025-01-08 16:00:00+00:00,7110.0,7110.0,7090.0,7099.5,14592
517,2025-01-08 18:00:00+00:00,7099.0,7106.5,7086.0,7088.0,12269
518,2025-01-08 20:00:00+00:00,7089.5,7095.0,7089.0,7089.0,2292
519,2025-01-09 06:00:00+00:00,7100.0,7117.5,7032.5,7047.0,78877
520,2025-01-09 08:00:00+00:00,7045.5,7065.0,6977.0,7012.5,167740
521,2025-01-09 10:00:00+00:00,7013.5,7048.0,6997.0,6999.5,90349
522,2025-01-09 12:00:00+00:00,6999.5,7037.0,6985.0,7028.5,87401
523,2025-01-09 14:00:00+00:00,7028.0,7029.0,6993.0,6994.5,36833
524,2025-01-09 16:00:00+00:00,6995.0,6995.0,6957.5,6963.0,41259
525,2025-01-09 18:00:00+00:00,6962.5,6967.5,6933.0,6944.0,33161
526,2025-01-09 20:00:00+00:00,6943.0,6956.5,6941.0,6947.5,6666
527,2025-01-10 06:00:00+00:00,6972.5,7015.0,6958.0,6964.0,73309
528,2025-01-10 08:00:00+00:00,6964.5,6994.0,6901.5,6982.0,163148
529,2025-01-10 10:00:00+00:00,6984.0,7100.0,6982.0,7072.0,455917
530,2025-01-10 12:00:00+00:00,7072.0,7146.0,7067.0,7108.0,180777
531,2025-01-10 14:00:00+00:00,7108.0,7139.0,6957.0,7030.0,680853
532,2025-01-10 16:00:00+00:00,7030.0,7037.0,6968.0,7001.5,82326
533,2025-01-10 18:00:00+00:00,7001.5,7031.0,6996.5,7030.5,37993
534,2025-01-10 20:00:00+00:00,7031.0,7032.0,7019.0,7022.5,22050
535,2025-01-13 06:00:00+00:00,7110.0,7110.0,7038.5,7059.5,167348
536,2025-01-13 08:00:00+00:00,7059.0,7100.0,7041.0,7055.0,130636
537,2025-01-13 10:00:00+00:00,7055.0,7064.0,7005.0,7005.0,158730
538,2025-01-13 12:00:00+00:00,7005.0,7041.5,6979.5,7004.0,133021
539,2025-01-13 14:00:00+00:00,7002.5,7049.0,6994.0,7037.0,56527
540,2025-01-13 16:00:00+00:00,7037.0,7040.0,7004.0,7009.0,22267
541,2025-01-13 18:00:00+00:00,7009.0,7016.0,6995.0,7015.5,24634
542,2025-01-13 20:00:00+00:00,7015.0,7028.0,7010.0,7010.5,7707
543,2025-01-14 06:00:00+00:00,7010.5,7052.5,6980.0,7021.5,80090
544,2025-01-14 08:00:00+00:00,7021.5,7057.0,7012.0,7049.5,114652
545,2025-01-14 10:00:00+00:00,7049.0,7085.0,7032.5,7046.5,108937
546,2025-01-14 12:00:00+00:00,7046.0,7104.0,7042.0,7099.5,144702
547,2025-01-14 12:00:00+00:00,7046.0,7104.0,7042.0,7099.5,144702
548,2025-01-14 14:00:00+00:00,7099.5,7129.5,7091.5,7100.5,116348
549,2025-01-14 16:00:00+00:00,7100.0,7113.5,7076.0,7104.0,36237
550,2025-01-14 18:00:00+00:00,7104.0,7125.0,7100.0,7116.5,22098
551,2025-01-14 20:00:00+00:00,7116.5,7123.0,7115.5,7115.5,8504
552,2025-01-15 06:00:00+00:00,7125.0,7178.5,7103.5,7121.0,140194
553,2025-01-15 08:00:00+00:00,7121.0,7132.5,7070.0,7087.5,100607
554,2025-01-15 10:00:00+00:00,7087.5,7109.5,7071.5,7094.0,85470
555,2025-01-15 12:00:00+00:00,7093.0,7122.5,7070.0,7087.5,69206
556,2025-01-15 14:00:00+00:00,7091.0,7095.0,7074.0,7076.0,35502
557,2025-01-15 16:00:00+00:00,7096.0,7173.5,7083.0,7154.5,136589
558,2025-01-15 18:00:00+00:00,7152.5,7169.5,7151.0,7165.0,31242
559,2025-01-15 20:00:00+00:00,7165.0,7180.0,7163.5,7178.5,19251
560,2025-01-16 06:00:00+00:00,7190.0,7199.5,7170.5,7193.5,72977
561,2025-01-16 08:00:00+00:00,7193.5,7248.0,7182.5,7235.5,166976
562,2025-01-16 10:00:00+00:00,7236.0,7255.0,7192.0,7252.5,129400
563,2025-01-16 12:00:00+00:00,7252.0,7253.0,7204.0,7231.0,85291
564,2025-01-16 14:00:00+00:00,7230.0,7240.0,7200.0,7210.0,58192
565,2025-01-16 16:00:00+00:00,7210.0,7230.0,7202.0,7204.5,27483
566,2025-01-16 18:00:00+00:00,7204.5,7230.0,7203.5,7227.5,14753
567,2025-01-16 20:00:00+00:00,7227.5,7228.0,7206.0,7208.0,8403
568,2025-01-17 06:00:00+00:00,7204.0,7232.5,7190.0,7225.0,60430
569,2025-01-17 08:00:00+00:00,7225.0,7272.0,7209.5,7247.5,136996
570,2025-01-17 10:00:00+00:00,7250.0,7293.5,7241.5,7275.5,123037
571,2025-01-17 12:00:00+00:00,7275.5,7344.0,7262.0,7328.5,162608
572,2025-01-17 14:00:00+00:00,7328.5,7342.0,7306.0,7318.5,87147
573,2025-01-17 16:00:00+00:00,7318.5,7338.0,7313.5,7321.0,33797
574,2025-01-17 18:00:00+00:00,7320.0,7335.0,7314.0,7332.5,22823
575,2025-01-17 20:00:00+00:00,7333.0,7345.0,7331.0,7342.0,17315
576,2025-01-20 06:00:00+00:00,7376.0,7400.0,7342.0,7368.5,144378
577,2025-01-20 08:00:00+00:00,7368.5,7387.0,7280.0,7297.5,180714
578,2025-01-20 10:00:00+00:00,7297.0,7319.0,7251.5,7300.0,132825
579,2025-01-20 12:00:00+00:00,7300.0,7319.5,7263.0,7300.0,110554
580,2025-01-20 14:00:00+00:00,7300.0,7314.5,7228.0,7252.5,107297
581,2025-01-20 16:00:00+00:00,7252.5,7290.0,7230.0,7239.5,69802
582,2025-01-20 18:00:00+00:00,7239.0,7253.0,7165.0,7196.5,120904
583,2025-01-20 20:00:00+00:00,7195.0,7205.0,7190.0,7194.0,5966
584,2025-01-21 06:00:00+00:00,7240.5,7243.0,7170.0,7197.0,89027
585,2025-01-21 08:00:00+00:00,7197.5,7212.0,7165.0,7170.5,61284
586,2025-01-21 10:00:00+00:00,7170.5,7177.5,7141.0,7146.0,66111
587,2025-01-21 12:00:00+00:00,7146.0,7205.0,7143.5,7205.0,63786
588,2025-01-21 12:00:00+00:00,7146.0,7205.0,7143.5,7205.0,63786
589,2025-01-21 14:00:00+00:00,7205.0,7235.0,7190.0,7220.5,95170
590,2025-01-21 16:00:00+00:00,7220.5,7228.0,7210.0,7226.5,18810
591,2025-01-21 18:00:00+00:00,7226.5,7234.5,7218.5,7226.0,7712
592,2025-01-21 20:00:00+00:00,7226.0,7240.0,7221.0,7239.5,8814
593,2025-01-22 06:00:00+00:00,7243.5,7258.5,7226.0,7246.0,59985
594,2025-01-22 08:00:00+00:00,7247.5,7287.5,7234.0,7271.5,99008
595,2025-01-22 10:00:00+00:00,7272.0,7278.0,7242.5,7250.0,68379
596,2025-01-22 12:00:00+00:00,7250.0,7268.0,7209.0,7218.0,97096
597,2025-01-22 14:00:00+00:00,7218.0,7277.5,7215.0,7265.0,105684
598,2025-01-22 16:00:00+00:00,7264.5,7265.0,7206.0,7236.0,88185
599,2025-01-22 18:00:00+00:00,7236.0,7249.5,7225.0,7230.0,12341
600,2025-01-22 20:00:00+00:00,7229.0,7229.0,7210.0,7215.0,7963
601,2025-01-23 06:00:00+00:00,7220.0,7220.0,7155.0,7195.0,106266
602,2025-01-23 08:00:00+00:00,7195.5,7220.0,7160.0,7183.5,69607
603,2025-01-23 10:00:00+00:00,7183.5,7208.0,7168.5,7200.0,75841
604,2025-01-23 12:00:00+00:00,7200.5,7201.0,7168.5,7182.5,47004
605,2025-01-23 14:00:00+00:00,7182.0,7190.0,7162.5,7190.0,59861
606,2025-01-23 16:00:00+00:00,7184.0,7220.0,7140.0,7193.0,79031
607,2025-01-23 18:00:00+00:00,7193.0,7193.5,7179.5,7187.0,10705
608,2025-01-23 20:00:00+00:00,7186.5,7216.0,7181.5,7215.0,9011
609,2025-01-24 06:00:00+00:00,7216.0,7226.0,7173.0,7186.5,59699
610,2025-01-24 08:00:00+00:00,7188.0,7212.5,7180.0,7209.0,76176
611,2025-01-24 10:00:00+00:00,7210.0,7215.5,7195.5,7199.5,31390
612,2025-01-24 12:00:00+00:00,7200.0,7213.0,7171.0,7175.5,72785
613,2025-01-24 14:00:00+00:00,7176.0,7198.0,7160.0,7196.5,66900
614,2025-01-24 16:00:00+00:00,7195.0,7199.0,7182.5,7182.5,15208
615,2025-01-24 18:00:00+00:00,7183.0,7199.0,7177.0,7196.0,15139
616,2025-01-24 20:00:00+00:00,7196.0,7199.5,7186.5,7199.5,10010
617,2025-01-27 02:00:00+00:00,7199.0,7199.0,7199.0,7199.0,76
618,2025-01-27 04:00:00+00:00,7197.5,7199.0,7172.0,7194.5,8879
619,2025-01-27 06:00:00+00:00,7192.0,7197.0,7152.5,7168.0,52733
620,2025-01-27 08:00:00+00:00,7168.0,7169.0,7071.0,7087.0,126576
621,2025-01-27 10:00:00+00:00,7085.5,7096.0,7053.5,7060.0,62279
622,2025-01-27 12:00:00+00:00,7060.5,7116.0,7060.0,7064.5,76072
623,2025-01-27 14:00:00+00:00,7065.0,7070.0,7013.0,7040.5,98114
624,2025-01-27 16:00:00+00:00,7040.0,7047.5,7016.0,7041.0,38590
625,2025-01-27 18:00:00+00:00,7041.5,7064.0,7031.5,7061.5,26912
626,2025-01-27 20:00:00+00:00,7061.5,7079.5,7061.5,7065.5,12904
627,2025-01-28 02:00:00+00:00,7065.5,7065.5,7065.5,7065.5,38
628,2025-01-28 04:00:00+00:00,7066.0,7073.5,7040.0,7054.0,7516
629,2025-01-28 06:00:00+00:00,7053.0,7107.5,7053.0,7069.5,64628
630,2025-01-28 08:00:00+00:00,7069.5,7088.5,7060.0,7078.5,42784
631,2025-01-28 10:00:00+00:00,7078.5,7143.5,7074.5,7123.5,129294
632,2025-01-28 12:00:00+00:00,7125.5,7139.5,7114.0,7114.0,73422
633,2025-01-28 12:00:00+00:00,7125.5,7139.5,7114.0,7114.0,73422
634,2025-01-28 14:00:00+00:00,7114.0,7176.0,7114.0,7168.0,99832
635,2025-01-28 16:00:00+00:00,7167.0,7175.5,7151.5,7157.5,17517
636,2025-01-28 18:00:00+00:00,7157.0,7175.0,7155.5,7164.5,14893
637,2025-01-28 20:00:00+00:00,7165.0,7167.0,7154.0,7160.0,9878
638,2025-01-29 02:00:00+00:00,7157.0,7157.0,7157.0,7157.0,73
639,2025-01-29 04:00:00+00:00,7157.0,7181.5,7136.0,7171.5,14886
640,2025-01-29 06:00:00+00:00,7169.5,7169.5,7117.5,7136.0,56581
641,2025-01-29 08:00:00+00:00,7136.0,7209.0,7135.0,7202.5,115528
642,2025-01-29 10:00:00+00:00,7202.0,7215.0,7177.0,7179.0,99667
643,2025-01-29 12:00:00+00:00,7179.5,7196.5,7156.5,7157.0,68150
644,2025-01-29 14:00:00+00:00,7157.0,7236.5,7156.5,7236.5,129899
645,2025-01-29 16:00:00+00:00,7226.0,7230.0,7184.5,7206.0,50026
646,2025-01-29 18:00:00+00:00,7206.0,7206.5,7191.5,7200.5,7749
647,2025-01-29 20:00:00+00:00,7200.0,7200.0,7188.5,7192.0,4422
648,2025-01-30 02:00:00+00:00,7185.0,7185.0,7185.0,7185.0,13
649,2025-01-30 04:00:00+00:00,7183.0,7206.0,7172.5,7200.0,5412
650,2025-01-30 06:00:00+00:00,7200.0,7214.5,7165.5,7188.5,51727
651,2025-01-30 08:00:00+00:00,7190.5,7198.0,7171.0,7184.0,77232
652,2025-01-30 10:00:00+00:00,7184.0,7191.0,7166.0,7166.5,82297
653,2025-01-30 12:00:00+00:00,7169.0,7173.0,7157.0,7158.0,61225
654,2025-01-30 14:00:00+00:00,7158.0,7190.0,7152.5,7190.0,69626
655,2025-01-30 16:00:00+00:00,7187.0,7187.0,7160.0,7162.5,21680
656,2025-01-30 18:00:00+00:00,7162.0,7169.0,7161.0,7167.0,9660
657,2025-01-30 20:00:00+00:00,7167.0,7168.5,7165.0,7166.0,5439
658,2025-01-31 02:00:00+00:00,7161.0,7161.0,7161.0,7161.0,231
659,2025-01-31 04:00:00+00:00,7166.0,7184.5,7160.0,7184.5,7593
660,2025-01-31 06:00:00+00:00,7183.0,7188.5,7162.0,7178.0,64462
661,2025-01-31 08:00:00+00:00,7177.5,7183.0,7141.0,7170.0,104403
662,2025-01-31 10:00:00+00:00,7170.0,7188.0,7162.5,7188.0,81961
663,2025-01-31 12:00:00+00:00,7187.5,7193.0,7162.0,7168.5,107971
664,2025-01-31 14:00:00+00:00,7169.0,7193.0,7162.0,7193.0,120415
665,2025-01-31 16:00:00+00:00,7192.5,7202.0,7184.0,7184.5,35558
666,2025-01-31 18:00:00+00:00,7184.5,7193.5,7173.5,7175.0,11431
667,2025-01-31 20:00:00+00:00,7175.0,7184.5,7170.5,7171.0,7438
668,2025-02-03 02:00:00+00:00,7160.0,7160.0,7160.0,7160.0,204
669,2025-02-03 04:00:00+00:00,7160.0,7164.0,7104.5,7143.0,24809
670,2025-02-03 06:00:00+00:00,7143.0,7180.0,7122.5,7173.5,63922
671,2025-02-03 08:00:00+00:00,7172.5,7206.0,7156.0,7189.5,101410
672,2025-02-03 10:00:00+00:00,7190.5,7200.0,7177.5,7180.5,44940
673,2025-02-03 12:00:00+00:00,7180.5,7181.0,7144.0,7149.5,64141
674,2025-02-03 14:00:00+00:00,7148.0,7176.0,7137.0,7176.0,87186
675,2025-02-03 16:00:00+00:00,7169.5,7174.5,7158.0,7174.5,17810
676,2025-02-03 18:00:00+00:00,7174.5,7183.5,7173.5,7178.0,17281
677,2025-02-03 20:00:00+00:00,7178.0,7181.0,7163.5,7170.0,7569
678,2025-02-04 02:00:00+00:00,7170.0,7170.0,7170.0,7170.0,14
679,2025-02-04 04:00:00+00:00,7170.5,7187.5,7168.0,7178.0,3208
680,2025-02-04 06:00:00+00:00,7174.5,7182.5,7153.0,7163.5,40308
681,2025-02-04 08:00:00+00:00,7163.5,7165.0,7147.5,7155.0,43535
682,2025-02-04 10:00:00+00:00,7156.5,7175.0,7151.0,7160.0,55496
683,2025-02-04 12:00:00+00:00,7158.5,7169.5,7110.0,7114.5,116838
684,2025-02-04 12:00:00+00:00,7158.5,7169.5,7110.0,7114.5,116838
685,2025-02-04 14:00:00+00:00,7114.0,7122.0,7066.0,7120.0,103454
686,2025-02-04 16:00:00+00:00,7112.5,7117.0,7110.0,7111.5,14749
687,2025-02-04 18:00:00+00:00,7111.5,7116.0,7082.5,7099.5,34264
688,2025-02-04 20:00:00+00:00,7099.0,7100.0,7091.0,7093.5,9151
689,2025-02-05 02:00:00+00:00,7080.5,7080.5,7080.5,7080.5,178
690,2025-02-05 04:00:00+00:00,7093.0,7114.0,7084.0,7104.5,6095
691,2025-02-05 06:00:00+00:00,7104.5,7137.0,7084.0,7122.5,41425
692,2025-02-05 08:00:00+00:00,7122.5,7148.0,7097.0,7148.0,72757
693,2025-02-05 10:00:00+00:00,7148.0,7150.0,7115.5,7123.0,36954
694,2025-02-05 12:00:00+00:00,7122.5,7138.0,7107.0,7116.5,20349
695,2025-02-05 14:00:00+00:00,7116.5,7166.5,7113.5,7120.0,83174
696,2025-02-05 16:00:00+00:00,7135.0,7168.5,7131.0,7158.5,49092
697,2025-02-05 18:00:00+00:00,7159.0,7174.5,7148.0,7161.5,31007
698,2025-02-05 20:00:00+00:00,7163.0,7184.5,7156.5,7171.0,29328
699,2025-02-06 02:00:00+00:00,7181.0,7181.0,7181.0,7181.0,109
700,2025-02-06 04:00:00+00:00,7180.0,7215.0,7175.5,7192.0,20158
701,2025-02-06 06:00:00+00:00,7191.0,7200.0,7151.0,7175.0,101355
702,2025-02-06 08:00:00+00:00,7172.5,7211.5,7170.0,7198.5,140379
703,2025-02-06 10:00:00+00:00,7199.0,7200.0,7170.0,7174.0,61995
704,2025-02-06 12:00:00+00:00,7173.5,7195.0,7162.0,7191.0,46947
705,2025-02-06 14:00:00+00:00,7191.0,7201.5,7140.0,7150.0,142115
706,2025-02-06 16:00:00+00:00,7153.0,7156.0,7141.0,7150.5,29531
707,2025-02-06 18:00:00+00:00,7151.0,7160.0,7142.0,7145.5,13251
708,2025-02-06 20:00:00+00:00,7145.5,7146.0,7140.5,7141.0,3718
709,2025-02-07 02:00:00+00:00,7150.0,7150.0,7150.0,7150.0,14
710,2025-02-07 04:00:00+00:00,7142.0,7170.0,7142.0,7161.0,7041
711,2025-02-07 06:00:00+00:00,7160.5,7180.0,7150.0,7177.5,48885
712,2025-02-07 08:00:00+00:00,7178.0,7179.5,7130.0,7161.0,65024
713,2025-02-07 10:00:00+00:00,7162.0,7175.0,7132.5,7138.0,51150
714,2025-02-07 12:00:00+00:00,7138.0,7166.0,7132.0,7158.0,53203
715,2025-02-07 14:00:00+00:00,7158.5,7162.0,7120.0,7162.0,53484
716,2025-02-07 16:00:00+00:00,7152.5,7161.0,7145.5,7156.5,25112
717,2025-02-07 18:00:00+00:00,7156.5,7156.5,7141.0,7147.0,11442
718,2025-02-07 20:00:00+00:00,7147.5,7153.0,7135.5,7148.0,7743
719,2025-02-10 02:00:00+00:00,7175.0,7175.0,7175.0,7175.0,299
720,2025-02-10 04:00:00+00:00,7175.0,7193.5,7170.5,7190.0,12655
721,2025-02-10 06:00:00+00:00,7189.0,7198.5,7160.0,7189.0,57417
722,2025-02-10 08:00:00+00:00,7189.0,7203.0,7178.5,7182.5,55731
723,2025-02-10 10:00:00+00:00,7182.5,7208.0,7171.0,7200.0,86414
724,2025-02-10 12:00:00+00:00,7201.0,7207.0,7180.5,7199.0,93646
725,2025-02-10 14:00:00+00:00,7198.5,7230.0,7190.0,7198.5,121174
726,2025-02-10 16:00:00+00:00,7192.5,7200.0,7192.5,7200.0,26589
727,2025-02-10 18:00:00+00:00,7200.0,7200.0,7163.0,7167.5,70254
728,2025-02-10 20:00:00+00:00,7168.5,7183.0,7130.0,7147.5,48480
729,2025-02-11 02:00:00+00:00,7147.5,7147.5,7147.5,7147.5,224
730,2025-02-11 04:00:00+00:00,7148.0,7186.0,7147.5,7173.5,12865
731,2025-02-11 06:00:00+00:00,7172.5,7188.0,7155.0,7177.0,49848
732,2025-02-11 08:00:00+00:00,7176.5,7198.0,7152.0,7196.5,81296
733,2025-02-11 10:00:00+00:00,7197.0,7263.0,7194.0,7251.0,190527
734,2025-02-11 12:00:00+00:00,7251.0,7289.5,7248.0,7273.0,133627
735,2025-02-11 12:00:00+00:00,7251.0,7289.5,7248.0,7273.0,133627
736,2025-02-11 14:00:00+00:00,7272.5,7285.5,7258.5,7270.0,88363
737,2025-02-11 16:00:00+00:00,7279.5,7279.5,7243.5,7257.0,30115
738,2025-02-11 18:00:00+00:00,7256.5,7277.0,7254.0,7268.0,16058
739,2025-02-11 20:00:00+00:00,7267.5,7274.0,7258.5,7271.0,7178
740,2025-02-12 02:00:00+00:00,7275.0,7275.0,7275.0,7275.0,100
741,2025-02-12 04:00:00+00:00,7275.0,7286.0,7272.0,7277.5,16443
742,2025-02-12 06:00:00+00:00,7276.0,7320.0,7235.0,7304.0,174415
743,2025-02-12 08:00:00+00:00,7305.0,7311.5,7256.0,7288.5,152639
744,2025-02-12 10:00:00+00:00,7289.0,7298.0,7265.5,7281.0,83339
745,2025-02-12 12:00:00+00:00,7280.5,7300.0,7265.0,7288.0,73670
746,2025-02-12 14:00:00+00:00,7287.5,7295.5,7230.5,7256.0,88100
747,2025-02-12 16:00:00+00:00,7240.0,7448.0,7217.0,7418.5,335365
748,2025-02-12 18:00:00+00:00,7419.0,7589.0,7413.5,7576.5,412323
749,2025-02-12 20:00:00+00:00,7576.5,7685.0,7571.0,7676.0,195068
750,2025-02-13 02:00:00+00:00,7680.0,7680.0,7680.0,7680.0,2168
751,2025-02-13 04:00:00+00:00,7681.0,7981.5,7680.0,7850.0,406899
752,2025-02-13 06:00:00+00:00,7851.0,7898.0,7390.0,7563.5,1139349
753,2025-02-13 08:00:00+00:00,7566.0,7666.0,7452.5,7582.5,373891
754,2025-02-13 10:00:00+00:00,7582.5,7600.0,7517.5,7536.5,148997
755,2025-02-13 12:00:00+00:00,7536.0,7713.0,7535.0,7589.0,245356
756,2025-02-13 14:00:00+00:00,7588.5,7612.5,7460.0,7479.0,266853
757,2025-02-13 16:00:00+00:00,7490.0,7560.0,7479.0,7534.0,42342
758,2025-02-14 04:00:00+00:00,7444.5,7640.0,7285.0,7587.5,76631
759,2025-02-14 06:00:00+00:00,7592.5,7720.0,7592.5,7694.5,228342
760,2025-02-14 08:00:00+00:00,7694.0,7734.0,7617.5,7691.0,294210
761,2025-02-14 10:00:00+00:00,7691.0,7694.0,7535.0,7574.0,342886
762,2025-02-14 12:00:00+00:00,7574.5,7645.0,7423.0,7438.5,310306
763,2025-02-14 14:00:00+00:00,7438.5,7506.5,7420.5,7473.5,215940
764,2025-02-14 16:00:00+00:00,7479.5,7522.5,7456.0,7467.5,46420
765,2025-02-14 18:00:00+00:00,7466.5,7498.5,7465.0,7487.0,17674
766,2025-02-14 20:00:00+00:00,7486.5,7510.5,7482.0,7492.5,12199
767,2025-02-17 02:00:00+00:00,7575.0,7575.0,7575.0,7575.0,2950
768,2025-02-17 04:00:00+00:00,7572.0,7670.0,7550.0,7595.0,56891
769,2025-02-17 06:00:00+00:00,7590.0,7610.0,7552.0,7573.5,95736
770,2025-02-17 08:00:00+00:00,7573.5,7625.0,7553.0,7617.5,108006
771,2025-02-17 10:00:00+00:00,7617.5,7654.0,7602.0,7603.5,96486
772,2025-02-17 12:00:00+00:00,7603.5,7764.5,7591.0,7746.5,180509
773,2025-02-17 14:00:00+00:00,7745.0,7819.0,7728.5,7750.0,314941
774,2025-02-17 16:00:00+00:00,7740.0,7776.0,7737.5,7755.0,69449
775,2025-02-17 18:00:00+00:00,7755.0,7777.0,7738.5,7770.0,79966
776,2025-02-17 20:00:00+00:00,7770.0,7794.0,7768.5,7784.5,36193
777,2025-02-18 02:00:00+00:00,7799.5,7799.5,7799.5,7799.5,1054
778,2025-02-18 04:00:00+00:00,7799.5,7808.0,7705.0,7750.0,80076
779,2025-02-18 06:00:00+00:00,7751.0,7777.0,7726.5,7771.0,139625
780,2025-02-18 08:00:00+00:00,7771.0,7772.0,7652.0,7709.5,197415
781,2025-02-18 10:00:00+00:00,7709.0,7835.0,7684.0,7818.0,157485
782,2025-02-18 12:00:00+00:00,7818.0,7820.0,7630.0,7682.0,305354
783,2025-02-18 12:00:00+00:00,7818.0,7820.0,7630.0,7682.0,305354
784,2025-02-18 14:00:00+00:00,7682.5,7686.0,7632.0,7670.0,87959
785,2025-02-18 16:00:00+00:00,7675.0,7680.0,7644.0,7657.0,26674
786,2025-02-18 18:00:00+00:00,7656.5,7658.5,7589.0,7637.0,57205
787,2025-02-18 20:00:00+00:00,7636.0,7646.0,7625.5,7644.5,7225
788,2025-02-19 02:00:00+00:00,7647.0,7647.0,7647.0,7647.0,138
789,2025-02-19 04:00:00+00:00,7647.5,7685.0,7628.0,7649.0,26713
790,2025-02-19 06:00:00+00:00,7651.5,7700.0,7610.0,7620.0,54809
791,2025-02-19 08:00:00+00:00,7621.5,7639.5,7590.0,7632.5,114235
792,2025-02-19 10:00:00+00:00,7632.0,7680.0,7631.0,7678.5,89141
793,2025-02-19 12:00:00+00:00,7678.5,7720.0,7677.0,7707.5,114921
794,2025-02-19 14:00:00+00:00,7708.0,7730.0,7678.0,7680.0,83304
795,2025-02-19 16:00:00+00:00,7700.0,7760.0,7695.5,7721.0,68923
796,2025-02-19 18:00:00+00:00,7721.0,7746.5,7710.5,7721.0,36549
797,2025-02-19 20:00:00+00:00,7720.5,7722.0,7709.0,7714.5,5924
798,2025-02-20 02:00:00+00:00,7737.0,7737.0,7737.0,7737.0,47
799,2025-02-20 04:00:00+00:00,7725.0,7740.0,7708.0,7722.0,8576
800,2025-02-20 06:00:00+00:00,7722.5,7731.0,7684.5,7698.0,49779
801,2025-02-20 08:00:00+00:00,7698.0,7742.5,7686.0,7741.0,75122
802,2025-02-20 10:00:00+00:00,7741.5,7743.0,7704.5,7723.5,60596
803,2025-02-20 12:00:00+00:00,7723.5,7780.0,7710.0,7758.5,102766
804,2025-02-20 14:00:00+00:00,7758.5,7774.0,7709.5,7720.0,75153
805,2025-02-20 16:00:00+00:00,7721.5,7735.5,7709.0,7717.5,45271
806,2025-02-20 18:00:00+00:00,7717.0,7742.0,7714.0,7722.5,17298
807,2025-02-20 20:00:00+00:00,7722.0,7726.0,7717.0,7720.0,4950
808,2025-02-21 02:00:00+00:00,7721.0,7721.0,7721.0,7721.0,20
809,2025-02-21 04:00:00+00:00,7724.0,7741.0,7703.0,7737.5,9685
810,2025-02-21 06:00:00+00:00,7740.5,7769.5,7733.0,7749.0,50284
811,2025-02-21 08:00:00+00:00,7749.0,7783.0,7734.0,7767.5,91336
812,2025-02-21 10:00:00+00:00,7766.0,7790.0,7636.5,7678.5,267588
813,2025-02-21 12:00:00+00:00,7678.0,7695.0,7640.5,7670.0,104330
814,2025-02-21 14:00:00+00:00,7670.0,7706.0,7662.0,7703.5,63252
815,2025-02-21 16:00:00+00:00,7701.5,7714.5,7685.5,7698.5,22915
816,2025-02-21 18:00:00+00:00,7698.5,7700.0,7689.0,7694.5,16797
817,2025-02-21 20:00:00+00:00,7696.0,7726.0,7695.0,7709.5,21798
818,2025-02-24 02:00:00+00:00,7710.0,7710.0,7710.0,7710.0,184
819,2025-02-24 04:00:00+00:00,7710.0,7720.0,7697.0,7711.0,11402
820,2025-02-24 06:00:00+00:00,7712.5,7744.5,7700.0,7707.0,67137
821,2025-02-24 08:00:00+00:00,7707.0,7725.0,7690.0,7694.5,80043
822,2025-02-24 10:00:00+00:00,7693.0,7710.0,7685.0,7698.0,61268
823,2025-02-24 12:00:00+00:00,7699.5,7706.0,7652.0,7653.5,120818
824,2025-02-24 14:00:00+00:00,7654.5,7735.0,7650.0,7735.0,160962
825,2025-02-24 16:00:00+00:00,7726.0,7733.5,7700.0,7723.5,44049
826,2025-02-24 18:00:00+00:00,7724.5,7732.0,7717.5,7727.5,20627
827,2025-02-24 20:00:00+00:00,7727.0,7739.0,7720.5,7737.5,22201
828,2025-02-25 02:00:00+00:00,7737.5,7737.5,7737.5,7737.5,144
829,2025-02-25 04:00:00+00:00,7738.0,7749.0,7717.5,7744.0,19876
830,2025-02-25 06:00:00+00:00,7744.5,7800.0,7742.5,7778.0,171158
831,2025-02-25 08:00:00+00:00,7778.5,7796.0,7743.5,7795.0,137826
832,2025-02-25 10:00:00+00:00,7795.5,7805.0,7752.5,7777.5,105699
833,2025-02-25 12:00:00+00:00,7779.5,7800.5,7745.5,7745.5,121909
834,2025-02-25 12:00:00+00:00,7779.5,7800.5,7745.5,7745.5,121909
835,2025-02-25 14:00:00+00:00,7745.0,7754.0,7690.0,7709.0,109604
836,2025-02-25 16:00:00+00:00,7709.0,7727.5,7692.0,7718.0,47853
837,2025-02-25 18:00:00+00:00,7718.0,7763.5,7717.5,7748.0,25370
838,2025-02-25 20:00:00+00:00,7748.0,7750.0,7725.0,7729.0,5646
839,2025-02-26 02:00:00+00:00,7729.0,7729.0,7729.0,7729.0,67
840,2025-02-26 04:00:00+00:00,7729.0,7764.0,7729.0,7751.0,9155
841,2025-02-26 06:00:00+00:00,7751.0,7764.5,7690.0,7709.0,53592
842,2025-02-26 08:00:00+00:00,7710.0,7719.5,7676.0,7689.0,81215
843,2025-02-26 10:00:00+00:00,7687.0,7698.0,7620.0,7645.0,146894
844,2025-02-26 12:00:00+00:00,7645.5,7651.0,7511.0,7546.0,249731
845,2025-02-26 14:00:00+00:00,7545.5,7648.5,7525.0,7648.5,196447
846,2025-02-26 16:00:00+00:00,7625.5,7626.0,7540.0,7546.0,107745
847,2025-02-26 18:00:00+00:00,7545.5,7573.5,7525.0,7548.5,48766
848,2025-02-26 20:00:00+00:00,7549.0,7563.5,7548.0,7555.0,8880
849,2025-02-27 02:00:00+00:00,7570.0,7570.0,7570.0,7570.0,53
850,2025-02-27 04:00:00+00:00,7570.0,7570.0,7514.0,7527.5,26070
851,2025-02-27 06:00:00+00:00,7527.5,7630.0,7527.5,7555.0,88732
852,2025-02-27 08:00:00+00:00,7556.5,7587.0,7466.5,7478.0,127090
853,2025-02-27 10:00:00+00:00,7477.0,7553.0,7475.0,7514.0,85100
854,2025-02-27 12:00:00+00:00,7514.0,7620.0,7510.0,7565.5,133552
855,2025-02-27 14:00:00+00:00,7565.0,7600.0,7520.0,7549.0,86526
856,2025-02-27 16:00:00+00:00,7550.0,7550.0,7472.0,7514.5,88201
857,2025-02-27 18:00:00+00:00,7514.0,7527.5,7487.0,7504.5,22347
858,2025-02-27 20:00:00+00:00,7503.5,7503.5,7480.0,7497.0,16979
859,2025-02-28 02:00:00+00:00,7497.0,7497.0,7497.0,7497.0,70
860,2025-02-28 04:00:00+00:00,7498.5,7520.0,7456.0,7510.0,22523
861,2025-02-28 06:00:00+00:00,7510.0,7554.0,7417.5,7451.5,106530
862,2025-02-28 08:00:00+00:00,7451.5,7467.0,7411.0,7415.5,125334
863,2025-02-28 10:00:00+00:00,7415.0,7439.5,7402.0,7422.0,103404
864,2025-02-28 12:00:00+00:00,7422.0,7444.0,7390.0,7424.5,105717
865,2025-02-28 14:00:00+00:00,7425.0,7470.0,7401.0,7460.0,79445
866,2025-02-28 16:00:00+00:00,7460.0,7550.0,7455.0,7534.0,94657
867,2025-02-28 18:00:00+00:00,7533.5,7559.5,7415.5,7533.0,132201
868,2025-02-28 20:00:00+00:00,7534.5,7558.5,7518.0,7546.5,23499
869,2025-03-01 10:00:00+00:00,7559.5,7575.5,7555.0,7573.0,2666
870,2025-03-01 12:00:00+00:00,7574.0,7580.0,7568.0,7572.5,4152
871,2025-03-01 14:00:00+00:00,7570.5,7580.0,7550.5,7555.0,2926
872,2025-03-02 06:00:00+00:00,7555.5,7566.0,7538.0,7540.0,5561
873,2025-03-02 08:00:00+00:00,7539.5,7540.0,7535.0,7539.0,6390
874,2025-03-02 10:00:00+00:00,7539.5,7540.0,7535.0,7538.0,2977
875,2025-03-02 12:00:00+00:00,7538.0,7540.0,7535.0,7536.5,2842
876,2025-03-02 14:00:00+00:00,7536.5,7540.0,7508.0,7531.0,6703
877,2025-03-03 02:00:00+00:00,7531.0,7531.0,7531.0,7531.0,17
878,2025-03-03 04:00:00+00:00,7531.5,7539.0,7475.5,7484.5,20039
879,2025-03-03 06:00:00+00:00,7484.5,7487.5,7361.5,7363.5,195180
880,2025-03-03 08:00:00+00:00,7363.0,7400.0,7305.0,7315.0,269365
881,2025-03-03 10:00:00+00:00,7314.0,7333.0,7281.5,7317.5,171096
882,2025-03-03 12:00:00+00:00,7317.0,7335.0,7285.0,7312.5,140736
883,2025-03-03 14:00:00+00:00,7312.0,7342.0,7307.0,7310.0,86632
884,2025-03-03 16:00:00+00:00,7310.0,7345.5,7266.5,7342.0,75494
885,2025-03-03 18:00:00+00:00,7342.0,7388.0,7268.0,7373.5,106625
886,2025-03-03 20:00:00+00:00,7373.5,7377.0,7330.0,7341.5,18942
887,2025-03-04 02:00:00+00:00,7356.0,7356.0,7356.0,7356.0,80
888,2025-03-04 04:00:00+00:00,7356.0,7395.0,7345.0,7385.0,29861
889,2025-03-04 06:00:00+00:00,7385.0,7449.0,7340.5,7445.0,174473
890,2025-03-04 08:00:00+00:00,7445.0,7472.0,7435.0,7465.5,147355
891,2025-03-04 10:00:00+00:00,7465.5,7469.0,7370.5,7374.0,180494
892,2025-03-04 12:00:00+00:00,7374.5,7379.5,7245.0,7293.5,399707
893,2025-03-04 12:00:00+00:00,7374.5,7379.5,7245.0,7293.5,399707
894,2025-03-04 14:00:00+00:00,7294.5,7306.0,7274.0,7295.5,144478
895,2025-03-04 16:00:00+00:00,7320.0,7395.0,7315.5,7379.0,194567
896,2025-03-04 18:00:00+00:00,7379.5,7386.0,7332.5,7385.5,65899
897,2025-03-04 20:00:00+00:00,7385.5,7400.0,7374.0,7393.0,39016
898,2025-03-05 02:00:00+00:00,7405.5,7405.5,7405.5,7405.5,374
899,2025-03-05 04:00:00+00:00,7405.5,7405.5,7301.5,7348.0,48562
900,2025-03-05 06:00:00+00:00,7348.5,7377.5,7307.0,7315.0,141241
901,2025-03-05 08:00:00+00:00,7315.0,7379.5,7309.5,7324.5,228340
902,2025-03-05 10:00:00+00:00,7324.5,7333.0,7287.5,7297.5,160313
903,2025-03-05 12:00:00+00:00,7297.5,7313.0,7265.0,7311.0,150281
904,2025-03-05 14:00:00+00:00,7310.0,7316.0,7283.0,7300.0,112837
905,2025-03-05 16:00:00+00:00,7310.0,7324.0,7270.0,7285.0,75732
906,2025-03-05 18:00:00+00:00,7285.0,7294.5,7230.0,7248.5,117973
907,2025-03-05 20:00:00+00:00,7248.5,7261.0,7232.0,7241.0,18456
908,2025-03-06 02:00:00+00:00,7250.0,7250.0,7250.0,7250.0,115
909,2025-03-06 04:00:00+00:00,7259.0,7284.5,7250.5,7283.0,17810
910,2025-03-06 06:00:00+00:00,7283.0,7283.0,7201.5,7212.5,113043
911,2025-03-06 08:00:00+00:00,7212.0,7214.0,7140.0,7169.0,249096
912,2025-03-06 10:00:00+00:00,7169.0,7173.0,7130.0,7136.5,127839
913,2025-03-06 12:00:00+00:00,7135.0,7220.0,7131.0,7214.0,148813
914,2025-03-06 14:00:00+00:00,7214.5,7226.0,7180.0,7202.5,99747
915,2025-03-06 16:00:00+00:00,7194.5,7219.5,7163.0,7208.5,54677
916,2025-03-06 18:00:00+00:00,7207.5,7211.0,7181.0,7186.5,21107
917,2025-03-06 20:00:00+00:00,7186.5,7189.5,7170.5,7175.0,11377
918,2025-03-07 02:00:00+00:00,7200.0,7200.0,7200.0,7200.0,16
919,2025-03-07 04:00:00+00:00,7200.0,7221.5,7170.0,7217.5,19045
920,2025-03-07 06:00:00+00:00,7217.5,7247.0,7192.0,7238.0,89634
921,2025-03-07 08:00:00+00:00,7237.5,7305.5,7236.0,7258.5,202988
922,2025-03-07 10:00:00+00:00,7259.5,7294.5,7259.0,7261.5,67988
923,2025-03-07 12:00:00+00:00,7261.5,7283.5,7235.5,7236.5,82040
924,2025-03-07 14:00:00+00:00,7236.0,7240.0,7100.5,7150.0,429213
925,2025-03-07 16:00:00+00:00,7173.0,7242.0,7150.0,7235.0,78406
926,2025-03-07 18:00:00+00:00,7235.0,7254.0,7195.5,7230.5,52361
927,2025-03-07 20:00:00+00:00,7230.5,7239.0,7209.5,7225.0,12476
928,2025-03-10 02:00:00+00:00,7230.0,7230.0,7230.0,7230.0,169
929,2025-03-10 04:00:00+00:00,7230.0,7260.0,7223.5,7254.5,18293
930,2025-03-10 06:00:00+00:00,7253.5,7254.5,7200.0,7203.0,90706
931,2025-03-10 08:00:00+00:00,7203.5,7213.0,7172.5,7200.5,94404
932,2025-03-10 10:00:00+00:00,7201.0,7248.0,7181.0,7233.5,117199
933,2025-03-10 12:00:00+00:00,7233.5,7249.5,7210.5,7211.0,74764
934,2025-03-10 14:00:00+00:00,7211.5,7228.0,7175.5,7201.5,86715
935,2025-03-10 16:00:00+00:00,7201.0,7213.0,7161.5,7179.5,38768
936,2025-03-10 18:00:00+00:00,7178.5,7190.0,7170.0,7174.0,21349
937,2025-03-10 20:00:00+00:00,7173.5,7189.0,7172.5,7185.0,5392
938,2025-03-11 02:00:00+00:00,7185.0,7185.0,7185.0,7185.0,92
939,2025-03-11 04:00:00+00:00,7185.0,7195.0,7182.0,7188.0,10100
940,2025-03-11 06:00:00+00:00,7188.5,7209.0,7156.0,7206.0,81604
941,2025-03-11 08:00:00+00:00,7205.5,7225.0,7191.0,7199.5,65671
942,2025-03-11 10:00:00+00:00,7199.5,7213.5,7190.5,7195.0,39737
943,2025-03-11 12:00:00+00:00,7195.0,7227.5,7190.5,7209.0,61362
944,2025-03-11 12:00:00+00:00,7195.0,7227.5,7190.5,7209.0,61362
945,2025-03-11 14:00:00+00:00,7211.0,7240.0,7202.5,7225.0,68555
946,2025-03-11 16:00:00+00:00,7217.5,7276.5,7208.0,7233.0,77168
947,2025-03-11 18:00:00+00:00,7233.0,7278.5,7193.5,7237.0,113759
948,2025-03-11 20:00:00+00:00,7238.0,7250.0,7233.0,7248.5,19089
949,2025-03-12 02:00:00+00:00,7257.5,7257.5,7257.5,7257.5,103
950,2025-03-12 04:00:00+00:00,7257.5,7259.0,7209.0,7212.0,12589
951,2025-03-12 06:00:00+00:00,7212.0,7243.0,7203.0,7206.0,54258
952,2025-03-12 08:00:00+00:00,7206.0,7230.0,7180.0,7216.5,89471
953,2025-03-12 10:00:00+00:00,7215.5,7225.0,7197.5,7199.5,62561
954,2025-03-12 12:00:00+00:00,7200.0,7234.0,7199.5,7210.0,55398
955,2025-03-12 14:00:00+00:00,7208.5,7219.0,7185.5,7204.0,66588
956,2025-03-12 16:00:00+00:00,7205.5,7218.0,7181.0,7211.0,32133
957,2025-03-12 18:00:00+00:00,7211.0,7220.0,7198.5,7203.5,13979
958,2025-03-12 20:00:00+00:00,7203.5,7208.5,7200.5,7205.0,4656
959,2025-03-13 02:00:00+00:00,7207.0,7207.0,7207.0,7207.0,7
960,2025-03-13 04:00:00+00:00,7215.5,7218.0,7182.0,7186.0,31971
961,2025-03-13 06:00:00+00:00,7186.0,7188.0,7150.5,7170.0,89224
962,2025-03-13 08:00:00+00:00,7170.0,7198.5,7161.0,7187.0,102609
963,2025-03-13 10:00:00+00:00,7187.5,7195.0,7135.5,7140.0,135480
964,2025-03-13 12:00:00+00:00,7140.0,7164.5,7110.0,7118.5,131979
965,2025-03-13 14:00:00+00:00,7116.5,7129.0,7095.0,7100.5,144302
966,2025-03-13 16:00:00+00:00,7145.0,7242.0,7141.0,7188.0,307587
967,2025-03-13 18:00:00+00:00,7188.5,7199.0,7163.0,7173.5,22297
968,2025-03-13 20:00:00+00:00,7173.5,7183.0,7102.0,7130.0,30942
969,2025-03-14 02:00:00+00:00,7120.0,7120.0,7120.0,7120.0,645
970,2025-03-14 04:00:00+00:00,7112.5,7142.5,7111.5,7133.0,27665
971,2025-03-14 06:00:00+00:00,7132.5,7158.0,7121.0,7122.5,103978
972,2025-03-14 08:00:00+00:00,7121.5,7130.0,7081.5,7112.5,166406
973,2025-03-14 10:00:00+00:00,7114.0,7141.5,7110.0,7126.0,54493
974,2025-03-14 12:00:00+00:00,7126.0,7173.5,7112.0,7166.0,89357
975,2025-03-14 14:00:00+00:00,7167.5,7170.0,7141.5,7170.0,70759
976,2025-03-14 16:00:00+00:00,7170.0,7180.0,7155.0,7164.5,32463
977,2025-03-14 18:00:00+00:00,7164.5,7164.5,7147.0,7159.0,13576
978,2025-03-14 20:00:00+00:00,7158.0,7168.0,7149.0,7149.5,14129
979,2025-03-15 06:00:00+00:00,7163.0,7175.0,7163.0,7174.5,3203
980,2025-03-15 08:00:00+00:00,7174.5,7176.5,7169.0,7172.0,3149
981,2025-03-15 10:00:00+00:00,7172.0,7175.0,7165.0,7175.0,3303
982,2025-03-15 12:00:00+00:00,7175.0,7176.0,7170.5,7175.5,2567
983,2025-03-15 14:00:00+00:00,7172.5,7177.0,7166.5,7167.0,3477
984,2025-03-16 06:00:00+00:00,7170.0,7198.0,7170.0,7188.0,5409
985,2025-03-16 08:00:00+00:00,7187.5,7193.0,7180.5,7190.0,3182
986,2025-03-16 10:00:00+00:00,7190.0,7193.5,7181.0,7183.5,4378
987,2025-03-16 12:00:00+00:00,7185.0,7207.0,7185.0,7200.0,17976
988,2025-03-16 14:00:00+00:00,7200.5,7218.0,7200.0,7209.5,24149
989,2025-03-17 02:00:00+00:00,7215.0,7215.0,7215.0,7215.0,115
990,2025-03-17 04:00:00+00:00,7215.0,7272.0,7212.0,7272.0,44416
991,2025-03-17 06:00:00+00:00,7272.0,7272.0,7215.0,7238.5,113099
992,2025-03-17 08:00:00+00:00,7237.0,7259.0,7208.5,7235.0,114763
993,2025-03-17 10:00:00+00:00,7235.0,7236.0,7152.0,7192.5,153143
994,2025-03-17 12:00:00+00:00,7193.5,7233.5,7192.5,7223.5,108469
995,2025-03-17 14:00:00+00:00,7222.5,7235.0,7215.0,7218.0,62352
996,2025-03-17 16:00:00+00:00,7221.0,7224.0,7206.5,7211.0,28311
997,2025-03-17 18:00:00+00:00,7210.5,7220.0,7208.5,7214.0,22266
998,2025-03-17 20:00:00+00:00,7213.5,7231.5,7213.5,7222.5,13437
999,2025-03-18 02:00:00+00:00,7223.5,7223.5,7223.5,7223.5,16
1000,2025-03-18 04:00:00+00:00,7224.5,7249.5,7215.0,7249.5,18900
1001,2025-03-18 06:00:00+00:00,7249.0,7250.0,7227.0,7237.5,50181
1002,2025-03-18 08:00:00+00:00,7237.5,7240.0,7215.0,7218.5,107289
1003,2025-03-18 10:00:00+00:00,7218.5,7238.0,7215.0,7236.5,102485
1004,2025-03-18 12:00:00+00:00,7236.0,7259.5,7230.0,7257.0,132369
1005,2025-03-18 12:00:00+00:00,7236.0,7259.5,7230.0,7257.0,132369
1006,2025-03-18 14:00:00+00:00,7256.5,7299.0,7222.5,7269.0,189271
1007,2025-03-18 16:00:00+00:00,7268.0,7290.0,7157.0,7187.0,268564
1008,2025-03-18 18:00:00+00:00,7187.0,7219.0,7180.0,7191.0,46569
1009,2025-03-18 20:00:00+00:00,7190.5,7204.0,7162.0,7183.0,25339
1010,2025-03-19 02:00:00+00:00,7200.0,7200.0,7200.0,7200.0,45
1011,2025-03-19 04:00:00+00:00,7201.0,7215.5,7186.5,7211.5,13846
1012,2025-03-19 06:00:00+00:00,7209.5,7209.5,7150.0,7167.0,80854
1013,2025-03-19 08:00:00+00:00,7167.0,7195.5,7155.0,7167.5,78215
1014,2025-03-19 10:00:00+00:00,7167.0,7214.0,7164.0,7206.0,89574
1015,2025-03-19 12:00:00+00:00,7207.0,7245.0,7200.5,7245.0,92178
1016,2025-03-19 14:00:00+00:00,7245.0,7278.5,7233.5,7240.0,118831
1017,2025-03-19 16:00:00+00:00,7248.5,7255.0,7220.5,7223.5,51627
1018,2025-03-19 18:00:00+00:00,7223.0,7231.0,7220.0,7230.0,19576
1019,2025-03-19 20:00:00+00:00,7228.5,7234.0,7220.0,7221.0,12450
1020,2025-03-20 02:00:00+00:00,7221.5,7221.5,7221.5,7221.5,10
1021,2025-03-20 04:00:00+00:00,7235.0,7254.5,7223.0,7240.0,16407
1022,2025-03-20 06:00:00+00:00,7242.0,7245.0,7220.0,7238.0,81426
1023,2025-03-20 08:00:00+00:00,7238.0,7284.5,7227.0,7254.0,118303
1024,2025-03-20 10:00:00+00:00,7253.5,7256.5,7222.5,7224.5,69902
1025,2025-03-20 12:00:00+00:00,7224.5,7273.5,7175.0,7259.5,678375
1026,2025-03-20 14:00:00+00:00,7259.5,7304.0,7259.0,7304.0,303387
1027,2025-03-20 16:00:00+00:00,7303.5,7304.0,7269.0,7278.0,55900
1028,2025-03-20 18:00:00+00:00,7277.0,7316.5,7275.5,7305.0,47921
1029,2025-03-20 20:00:00+00:00,7304.5,7309.0,7280.5,7293.5,11190
1030,2025-03-21 02:00:00+00:00,7300.0,7300.0,7300.0,7300.0,570
1031,2025-03-21 04:00:00+00:00,7300.5,7336.0,7299.0,7321.5,42880
1032,2025-03-21 06:00:00+00:00,7321.5,7379.0,7316.0,7364.0,117506
1033,2025-03-21 08:00:00+00:00,7364.0,7392.5,7360.5,7390.5,227014
1034,2025-03-21 10:00:00+00:00,7391.0,7398.0,7343.0,7350.0,234749
1035,2025-03-21 12:00:00+00:00,7350.0,7384.0,7313.0,7325.0,183416
1036,2025-03-21 14:00:00+00:00,7325.5,7344.5,7305.0,7311.5,130245
1037,2025-03-21 16:00:00+00:00,7320.5,7360.0,7317.5,7330.5,68435
1038,2025-03-21 18:00:00+00:00,7330.5,7354.5,7311.0,7352.0,32455
1039,2025-03-21 20:00:00+00:00,7351.0,7353.0,7341.0,7346.5,10611
1040,2025-03-24 02:00:00+00:00,7350.0,7350.0,7350.0,7350.0,180
1041,2025-03-24 04:00:00+00:00,7348.0,7385.5,7346.5,7364.5,22753
1042,2025-03-24 06:00:00+00:00,7362.0,7382.0,7310.0,7312.5,92534
1043,2025-03-24 08:00:00+00:00,7312.5,7321.0,7279.5,7295.0,197780
1044,2025-03-24 10:00:00+00:00,7293.5,7303.0,7270.5,7287.0,116830
1045,2025-03-24 12:00:00+00:00,7285.5,7308.5,7261.0,7267.5,108022
1046,2025-03-24 14:00:00+00:00,7267.0,7305.0,7252.0,7270.0,188729
1047,2025-03-24 16:00:00+00:00,7300.0,7340.0,7250.5,7331.0,170213
1048,2025-03-24 18:00:00+00:00,7330.5,7331.0,7250.5,7274.0,91300
1049,2025-03-24 20:00:00+00:00,7274.5,7295.0,7274.0,7291.0,7173
1050,2025-03-25 02:00:00+00:00,7291.0,7291.0,7291.0,7291.0,21
1051,2025-03-25 04:00:00+00:00,7294.0,7330.0,7283.5,7326.5,17968
1052,2025-03-25 06:00:00+00:00,7326.5,7330.0,7293.0,7300.0,54858
1053,2025-03-25 08:00:00+00:00,7300.0,7330.0,7204.0,7217.5,211693
1054,2025-03-25 10:00:00+00:00,7217.5,7234.0,7184.0,7221.5,169489
1055,2025-03-25 12:00:00+00:00,7223.0,7266.5,7196.0,7242.5,308482
1056,2025-03-25 12:00:00+00:00,7223.0,7266.5,7196.0,7242.5,308482
1057,2025-03-25 14:00:00+00:00,7241.5,7269.0,7202.0,7256.0,158781
1058,2025-03-25 16:00:00+00:00,7250.0,7295.0,7250.0,7275.0,70016
1059,2025-03-25 18:00:00+00:00,7275.0,7291.0,7257.0,7281.0,32585
1060,2025-03-25 20:00:00+00:00,7283.0,7283.5,7265.0,7265.0,4574
1061,2025-03-26 02:00:00+00:00,7275.5,7275.5,7275.5,7275.5,42
1062,2025-03-26 04:00:00+00:00,7280.0,7309.0,7273.5,7285.0,20718
1063,2025-03-26 06:00:00+00:00,7285.0,7289.0,7237.5,7243.5,66187
1064,2025-03-26 08:00:00+00:00,7243.5,7265.0,7216.0,7242.0,104312
1065,2025-03-26 10:00:00+00:00,7242.0,7242.0,7202.5,7210.0,63019
1066,2025-03-26 12:00:00+00:00,7209.5,7230.0,7200.0,7222.0,115431
1067,2025-03-26 14:00:00+00:00,7221.5,7230.0,7202.0,7213.0,56698
1068,2025-03-26 16:00:00+00:00,7206.0,7218.5,7180.0,7186.0,77927
1069,2025-03-26 18:00:00+00:00,7185.5,7200.0,7183.5,7200.0,19901
1070,2025-03-26 20:00:00+00:00,7199.5,7205.0,7185.0,7185.0,9339
1071,2025-03-27 02:00:00+00:00,7200.0,7200.0,7200.0,7200.0,114
1072,2025-03-27 04:00:00+00:00,7200.0,7200.0,7130.0,7166.5,49484
1073,2025-03-27 06:00:00+00:00,7165.5,7178.5,7140.0,7162.0,95841
1074,2025-03-27 08:00:00+00:00,7162.5,7175.0,7155.0,7172.5,66668
1075,2025-03-27 10:00:00+00:00,7172.5,7189.5,7165.0,7165.0,61091
1076,2025-03-27 12:00:00+00:00,7165.0,7173.5,7126.0,7149.0,107593
1077,2025-03-27 14:00:00+00:00,7149.0,7165.0,7113.0,7133.0,108019
1078,2025-03-27 16:00:00+00:00,7139.5,7139.5,7115.0,7128.0,33262
1079,2025-03-27 18:00:00+00:00,7128.0,7129.0,7106.0,7120.0,35528
1080,2025-03-27 20:00:00+00:00,7120.0,7121.0,7097.0,7108.5,26804
1081,2025-03-28 02:00:00+00:00,7108.0,7108.0,7108.0,7108.0,136
1082,2025-03-28 04:00:00+00:00,7108.0,7108.0,7050.0,7058.0,54809
1083,2025-03-28 06:00:00+00:00,7058.5,7129.5,7058.0,7121.0,87775
1084,2025-03-28 08:00:00+00:00,7121.0,7125.0,7065.0,7081.5,130806
1085,2025-03-28 10:00:00+00:00,7080.5,7089.5,7048.0,7052.5,148082
1086,2025-03-28 12:00:00+00:00,7052.0,7113.0,7051.5,7079.5,169690
1087,2025-03-28 14:00:00+00:00,7080.0,7103.0,7060.0,7062.5,81536
1088,2025-03-28 16:00:00+00:00,7065.5,7079.0,7056.0,7071.0,30048
1089,2025-03-28 18:00:00+00:00,7071.0,7071.5,7055.5,7070.0,22971
1090,2025-03-28 20:00:00+00:00,7070.0,7070.0,7055.5,7064.5,13153
1091,2025-03-29 06:00:00+00:00,7065.0,7079.0,6971.5,7000.5,32991
1092,2025-03-29 08:00:00+00:00,7003.5,7048.5,6987.0,7036.0,14896
1093,2025-03-29 10:00:00+00:00,7032.0,7036.5,7011.0,7020.0,11311
1094,2025-03-29 12:00:00+00:00,7022.0,7030.0,7014.0,7018.5,11943
1095,2025-03-29 14:00:00+00:00,7020.5,7025.0,6995.0,7013.5,18950
1096,2025-03-30 06:00:00+00:00,7020.0,7020.0,6983.0,7005.5,10246
1097,2025-03-30 08:00:00+00:00,7002.0,7013.0,6994.5,7004.0,7492
1098,2025-03-30 10:00:00+00:00,7004.0,7012.0,6994.0,7007.0,3761
1099,2025-03-30 12:00:00+00:00,7007.0,7014.0,7003.5,7006.0,6437
1100,2025-03-30 14:00:00+00:00,7006.0,7007.0,6851.0,6853.0,220393
1101,2025-03-31 02:00:00+00:00,6853.0,6853.0,6853.0,6853.0,3569
1102,2025-03-31 04:00:00+00:00,6853.0,7040.0,6800.0,7024.0,191911
1103,2025-03-31 06:00:00+00:00,7023.5,7114.5,7023.5,7041.5,223273
1104,2025-03-31 08:00:00+00:00,7041.5,7075.0,7012.0,7068.0,128378
1105,2025-03-31 10:00:00+00:00,7068.5,7098.5,7041.5,7055.5,109904
1106,2025-03-31 12:00:00+00:00,7053.5,7059.5,7023.0,7027.0,99663
1107,2025-03-31 14:00:00+00:00,7027.0,7058.0,7020.0,7030.5,72758
1108,2025-03-31 16:00:00+00:00,7044.5,7052.0,7028.5,7047.0,25131
1109,2025-03-31 18:00:00+00:00,7045.0,7049.0,7030.0,7036.0,12315
1110,2025-03-31 20:00:00+00:00,7036.0,7044.5,7025.5,7026.5,11185
1111,2025-04-01 02:00:00+00:00,7038.5,7038.5,7038.5,7038.5,35
1112,2025-04-01 04:00:00+00:00,7038.5,7104.0,7030.5,7086.5,45110
1113,2025-04-01 06:00:00+00:00,7087.0,7087.0,7052.0,7064.0,71816
1114,2025-04-01 08:00:00+00:00,7063.0,7080.0,7045.0,7069.5,66227
1115,2025-04-01 10:00:00+00:00,7070.0,7070.0,6952.0,6987.0,134598
1116,2025-04-01 12:00:00+00:00,6986.5,7000.0,6906.5,6940.5,167259
1117,2025-04-01 12:00:00+00:00,6986.5,7000.0,6906.5,6940.5,167259
1118,2025-04-01 14:00:00+00:00,6940.5,7005.0,6918.5,6920.0,121881
1119,2025-04-01 16:00:00+00:00,6930.0,6941.0,6895.0,6901.0,73046
1120,2025-04-01 18:00:00+00:00,6901.0,6919.5,6887.5,6918.0,98788
1121,2025-04-01 20:00:00+00:00,6918.0,6923.5,6894.5,6905.0,92254
1122,2025-04-02 02:00:00+00:00,6892.0,6892.0,6892.0,6892.0,1067
1123,2025-04-02 04:00:00+00:00,6894.0,6947.5,6893.5,6930.0,25162
1124,2025-04-02 06:00:00+00:00,6930.0,6943.5,6875.0,6884.0,106772
1125,2025-04-02 08:00:00+00:00,6884.5,6915.0,6851.0,6903.0,120971
1126,2025-04-02 10:00:00+00:00,6903.0,6920.0,6870.5,6888.5,130076
1127,2025-04-02 12:00:00+00:00,6888.0,6926.0,6860.5,6860.5,112562
1128,2025-04-02 14:00:00+00:00,6861.0,6910.0,6860.0,6876.0,71256
1129,2025-04-02 16:00:00+00:00,6870.0,6940.0,6860.0,6937.5,73215
1130,2025-04-02 18:00:00+00:00,6940.0,6989.0,6936.5,6977.0,52650
1131,2025-04-02 20:00:00+00:00,6977.0,6984.0,6954.0,6978.0,25888
1132,2025-04-03 02:00:00+00:00,6977.0,6977.0,6977.0,6977.0,257
1133,2025-04-03 04:00:00+00:00,6974.0,7030.0,6939.0,6988.0,69430
1134,2025-04-03 06:00:00+00:00,6988.0,6988.0,6922.5,6927.5,67859
1135,2025-04-03 08:00:00+00:00,6926.5,6949.0,6890.0,6932.5,115909
1136,2025-04-03 10:00:00+00:00,6932.5,6944.5,6859.5,6884.0,107488
1137,2025-04-03 12:00:00+00:00,6882.5,6890.0,6835.5,6861.5,134073
1138,2025-04-03 14:00:00+00:00,6862.5,6873.0,6700.0,6719.5,346617
1139,2025-04-03 16:00:00+00:00,6719.5,6787.0,6719.5,6770.5,96595
1140,2025-04-03 18:00:00+00:00,6771.0,6794.0,6736.0,6782.0,54977
1141,2025-04-03 20:00:00+00:00,6782.5,6809.0,6780.5,6802.0,25412
1142,2025-04-04 02:00:00+00:00,6818.0,6818.0,6818.0,6818.0,2078
1143,2025-04-04 04:00:00+00:00,6818.0,6824.5,6751.5,6784.0,58400
1144,2025-04-04 06:00:00+00:00,6783.5,6804.0,6725.0,6776.5,89639
1145,2025-04-04 08:00:00+00:00,6776.0,6778.0,6662.0,6679.0,209102
1146,2025-04-04 10:00:00+00:00,6679.5,6700.0,6590.0,6653.0,394285
1147,2025-04-04 12:00:00+00:00,6653.0,6734.0,6615.0,6622.5,248627
1148,2025-04-04 14:00:00+00:00,6623.0,6635.0,6519.0,6522.5,439369
1149,2025-04-04 16:00:00+00:00,6527.0,6540.5,6456.0,6466.5,240094
1150,2025-04-04 18:00:00+00:00,6465.5,6508.5,6450.0,6498.5,118778
1151,2025-04-04 20:00:00+00:00,6497.5,6497.5,6445.5,6445.5,70293
1152,2025-04-05 06:00:00+00:00,6430.0,6439.5,6328.5,6336.5,92360
1153,2025-04-05 08:00:00+00:00,6336.5,6378.0,6327.5,6365.0,48761
1154,2025-04-05 10:00:00+00:00,6366.5,6489.5,6352.0,6489.5,67595
1155,2025-04-05 12:00:00+00:00,6489.5,6489.5,6444.5,6477.0,28989
1156,2025-04-05 14:00:00+00:00,6477.0,6487.0,6444.5,6486.0,23950
1157,2025-04-06 06:00:00+00:00,6487.0,6563.5,6452.0,6559.5,42116
1158,2025-04-06 08:00:00+00:00,6559.0,6592.0,6548.5,6563.5,59769
1159,2025-04-06 10:00:00+00:00,6563.5,6581.0,6521.5,6571.5,39084
1160,2025-04-06 12:00:00+00:00,6571.5,6583.5,6555.0,6580.0,25229
1161,2025-04-06 14:00:00+00:00,6580.0,6596.0,6556.0,6587.5,21734
1162,2025-04-07 02:00:00+00:00,6448.0,6448.0,6448.0,6448.0,2305
1163,2025-04-07 04:00:00+00:00,6447.5,6458.0,6310.0,6400.0,263728
1164,2025-04-07 06:00:00+00:00,6400.0,6496.0,6275.5,6482.5,424585
1165,2025-04-07 08:00:00+00:00,6483.0,6500.0,6315.0,6323.0,316741
1166,2025-04-07 10:00:00+00:00,6322.5,6431.0,6280.0,6339.5,413312
1167,2025-04-07 12:00:00+00:00,6340.0,6374.5,6292.0,6364.5,377729
1168,2025-04-07 14:00:00+00:00,6364.0,6451.0,6306.0,6351.0,491231
1169,2025-04-07 16:00:00+00:00,6348.0,6400.0,6306.0,6393.0,100432
1170,2025-04-07 18:00:00+00:00,6393.0,6397.5,6326.0,6354.0,52740
1171,2025-04-07 20:00:00+00:00,6354.0,6362.5,6336.5,6349.5,23685
1172,2025-04-08 02:00:00+00:00,6399.5,6399.5,6399.5,6399.5,2250
1173,2025-04-08 04:00:00+00:00,6394.0,6478.0,6372.0,6438.0,110176
1174,2025-04-08 06:00:00+00:00,6437.5,6445.0,6372.0,6385.5,176348
1175,2025-04-08 08:00:00+00:00,6385.0,6411.0,6354.0,6385.5,105021
1176,2025-04-08 10:00:00+00:00,6385.0,6439.0,6353.0,6433.0,102436
1177,2025-04-08 12:00:00+00:00,6433.0,6467.5,6415.5,6427.0,111681
1178,2025-04-08 12:00:00+00:00,6433.0,6467.5,6415.5,6427.0,111681
1179,2025-04-08 14:00:00+00:00,6427.0,6439.0,6375.0,6400.5,112817
1180,2025-04-08 16:00:00+00:00,6405.0,6412.5,6306.5,6337.5,241099
1181,2025-04-08 18:00:00+00:00,6337.5,6345.0,6278.0,6309.5,120101
1182,2025-04-08 20:00:00+00:00,6310.5,6310.5,6280.0,6283.5,27690
1183,2025-04-09 02:00:00+00:00,6270.0,6270.0,6270.0,6270.0,4066
1184,2025-04-09 04:00:00+00:00,6270.5,6308.0,6225.0,6258.0,99544
1185,2025-04-09 06:00:00+00:00,6257.0,6337.5,6250.5,6286.0,213466
1186,2025-04-09 08:00:00+00:00,6287.0,6310.0,6201.0,6206.0,221906
1187,2025-04-09 10:00:00+00:00,6206.0,6208.0,6110.0,6168.0,461364
1188,2025-04-09 12:00:00+00:00,6167.5,6280.0,6164.0,6245.5,204010
1189,2025-04-09 14:00:00+00:00,6246.0,6279.0,6160.0,6208.5,138693
1190,2025-04-09 16:00:00+00:00,6210.5,6550.0,6192.0,6513.5,410722
1191,2025-04-09 18:00:00+00:00,6514.0,6515.0,6415.5,6465.5,213835
1192,2025-04-09 20:00:00+00:00,6464.0,6520.0,6458.5,6507.0,47292
1193,2025-04-10 02:00:00+00:00,6520.0,6520.0,6520.0,6520.0,1806
1194,2025-04-10 04:00:00+00:00,6521.5,6528.0,6445.0,6489.0,73001
1195,2025-04-10 06:00:00+00:00,6486.5,6530.0,6350.0,6374.0,270800
1196,2025-04-10 08:00:00+00:00,6373.5,6428.0,6353.0,6405.0,134841
1197,2025-04-10 10:00:00+00:00,6405.0,6409.0,6355.5,6385.0,91061
1198,2025-04-10 12:00:00+00:00,6385.0,6440.0,6377.0,6377.0,186019
1199,2025-04-10 14:00:00+00:00,6377.5,6428.0,6355.0,6393.0,107428
1200,2025-04-10 16:00:00+00:00,6387.5,6406.5,6305.0,6393.0,139674
1201,2025-04-10 18:00:00+00:00,6393.0,6412.0,6370.0,6393.0,42347
1202,2025-04-10 20:00:00+00:00,6392.5,6405.0,6370.5,6375.5,15145
1203,2025-04-11 02:00:00+00:00,6375.5,6375.5,6375.5,6375.5,88
1204,2025-04-11 04:00:00+00:00,6375.0,6426.0,6374.5,6423.0,23799
1205,2025-04-11 06:00:00+00:00,6422.5,6530.0,6415.5,6505.5,243328
1206,2025-04-11 08:00:00+00:00,6505.0,6506.0,6445.0,6499.0,123290
1207,2025-04-11 10:00:00+00:00,6499.5,6530.0,6493.0,6505.0,111487
1208,2025-04-11 12:00:00+00:00,6506.0,6524.5,6450.5,6457.0,106131
1209,2025-04-11 14:00:00+00:00,6456.5,6519.5,6450.5,6508.5,68996
1210,2025-04-11 16:00:00+00:00,6510.0,6533.0,6491.0,6519.5,67760
1211,2025-04-11 18:00:00+00:00,6519.5,6526.0,6474.0,6503.0,46893
1212,2025-04-11 20:00:00+00:00,6504.5,6520.0,6490.5,6508.0,20023
1213,2025-04-12 06:00:00+00:00,6522.0,6571.0,6522.0,6567.5,21128
1214,2025-04-12 08:00:00+00:00,6567.5,6577.5,6550.0,6569.5,22983
1215,2025-04-12 10:00:00+00:00,6569.5,6579.5,6556.5,6565.0,13613
1216,2025-04-12 12:00:00+00:00,6566.0,6583.5,6565.0,6579.0,9673
1217,2025-04-12 14:00:00+00:00,6579.0,6583.0,6570.0,6582.0,8843
1218,2025-04-13 06:00:00+00:00,6582.0,6599.0,6577.0,6588.0,14434
1219,2025-04-13 08:00:00+00:00,6588.5,6590.0,6581.5,6588.5,9016
1220,2025-04-13 10:00:00+00:00,6588.5,6590.0,6581.5,6589.0,10144
1221,2025-04-13 12:00:00+00:00,6589.5,6590.0,6574.5,6580.0,17562
1222,2025-04-13 14:00:00+00:00,6580.0,6580.0,6555.5,6562.0,25493
1223,2025-04-14 02:00:00+00:00,6570.0,6570.0,6570.0,6570.0,382
1224,2025-04-14 04:00:00+00:00,6573.0,6573.0,6482.5,6512.5,72308
1225,2025-04-14 06:00:00+00:00,6511.0,6512.5,6465.5,6494.5,105781
1226,2025-04-14 08:00:00+00:00,6494.5,6527.0,6481.0,6517.0,65353
1227,2025-04-14 10:00:00+00:00,6517.0,6542.0,6492.5,6496.0,41112
1228,2025-04-14 12:00:00+00:00,6496.5,6514.5,6465.0,6467.0,80011
1229,2025-04-14 14:00:00+00:00,6467.0,6535.0,6466.5,6498.0,73364
1230,2025-04-14 16:00:00+00:00,6502.5,6512.5,6451.0,6452.5,61596
1231,2025-04-14 18:00:00+00:00,6453.0,6479.0,6427.5,6472.0,38275
1232,2025-04-14 20:00:00+00:00,6471.5,6477.0,6440.0,6474.0,12279
1233,2025-04-15 02:00:00+00:00,6475.0,6475.0,6475.0,6475.0,161
1234,2025-04-15 04:00:00+00:00,6478.0,6488.5,6456.0,6457.0,10190
1235,2025-04-15 06:00:00+00:00,6456.5,6520.0,6456.5,6492.0,58194
1236,2025-04-15 08:00:00+00:00,6492.0,6496.5,6450.0,6462.0,55138
1237,2025-04-15 10:00:00+00:00,6464.0,6472.0,6410.0,6446.5,59083
1238,2025-04-15 12:00:00+00:00,6446.0,6495.5,6430.0,6479.5,52860
1239,2025-04-15 12:00:00+00:00,6446.0,6495.5,6430.0,6479.5,52860
1240,2025-04-15 14:00:00+00:00,6479.0,6510.0,6450.0,6460.0,54070
1241,2025-04-15 16:00:00+00:00,6460.0,6500.0,6452.0,6485.0,18705
1242,2025-04-15 18:00:00+00:00,6485.0,6494.5,6473.5,6480.5,11567
1243,2025-04-15 20:00:00+00:00,6481.0,6490.5,6466.0,6466.0,4320
1244,2025-04-16 02:00:00+00:00,6467.0,6467.0,6467.0,6467.0,100
1245,2025-04-16 04:00:00+00:00,6479.0,6479.0,6453.0,6459.5,11185
1246,2025-04-16 06:00:00+00:00,6460.0,6460.0,6410.5,6432.5,65832
1247,2025-04-16 08:00:00+00:00,6433.0,6485.0,6410.0,6452.5,108206
1248,2025-04-16 10:00:00+00:00,6454.0,6485.0,6446.5,6472.5,39863
1249,2025-04-16 12:00:00+00:00,6472.0,6497.0,6458.0,6490.0,47105
1250,2025-04-16 14:00:00+00:00,6490.0,6550.0,6482.0,6545.0,108157
1251,2025-04-16 16:00:00+00:00,6545.0,6549.0,6503.0,6509.5,50100
1252,2025-04-16 18:00:00+00:00,6509.0,6532.5,6505.5,6524.0,19231
1253,2025-04-16 20:00:00+00:00,6524.0,6527.0,6504.0,6515.0,6950
1254,2025-04-17 02:00:00+00:00,6530.0,6530.0,6530.0,6530.0,6
1255,2025-04-17 04:00:00+00:00,6530.0,6570.0,6529.0,6559.5,21335
1256,2025-04-17 06:00:00+00:00,6559.0,6559.0,6517.0,6527.5,72242
1257,2025-04-17 08:00:00+00:00,6527.0,6564.5,6520.0,6535.5,80134
1258,2025-04-17 10:00:00+00:00,6535.5,6561.0,6531.0,6558.5,48661
1259,2025-04-17 12:00:00+00:00,6558.0,6632.0,6558.0,6618.0,210074
1260,2025-04-17 14:00:00+00:00,6617.0,6630.0,6566.0,6623.0,133744
1261,2025-04-17 16:00:00+00:00,6623.0,6691.0,6605.0,6677.0,118877
1262,2025-04-17 18:00:00+00:00,6677.0,6699.5,6662.5,6688.5,87921
1263,2025-04-17 20:00:00+00:00,6688.0,6720.0,6684.0,6719.0,30601
1264,2025-04-18 02:00:00+00:00,6676.0,6676.0,6676.0,6676.0,4698
1265,2025-04-18 04:00:00+00:00,6675.5,6685.5,6637.5,6671.0,41121
1266,2025-04-18 06:00:00+00:00,6669.5,6699.5,6655.0,6674.0,86316
1267,2025-04-18 08:00:00+00:00,6673.5,6675.0,6568.5,6568.5,118520
1268,2025-04-18 10:00:00+00:00,6568.5,6583.0,6500.0,6552.0,196262
1269,2025-04-18 12:00:00+00:00,6552.0,6611.0,6513.0,6595.0,140605
1270,2025-04-18 14:00:00+00:00,6595.5,6645.5,6569.5,6628.0,78555
1271,2025-04-18 16:00:00+00:00,6627.5,6687.0,6609.5,6620.5,53554
1272,2025-04-18 18:00:00+00:00,6620.0,6640.0,6612.0,6631.0,17291
1273,2025-04-18 20:00:00+00:00,6631.0,6639.0,6621.5,6629.5,8572
1274,2025-04-21 02:00:00+00:00,6675.5,6675.5,6675.5,6675.5,178
1275,2025-04-21 04:00:00+00:00,6671.0,6680.0,6642.0,6675.0,26371
1276,2025-04-21 06:00:00+00:00,6675.0,6675.0,6631.5,6645.0,71467
1277,2025-04-21 08:00:00+00:00,6644.5,6679.0,6643.5,6655.0,85478
1278,2025-04-21 10:00:00+00:00,6656.0,6765.0,6654.5,6745.5,117626
1279,2025-04-21 12:00:00+00:00,6745.5,6757.5,6685.0,6688.5,91542
1280,2025-04-21 14:00:00+00:00,6688.5,6730.0,6688.0,6730.0,55688
1281,2025-04-21 16:00:00+00:00,6742.0,6759.5,6725.5,6728.5,47593
1282,2025-04-21 18:00:00+00:00,6728.5,6750.0,6724.5,6734.5,15893
1283,2025-04-21 20:00:00+00:00,6734.5,6747.0,6726.5,6732.5,9309
1284,2025-04-22 02:00:00+00:00,6743.0,6743.0,6743.0,6743.0,124
1285,2025-04-22 04:00:00+00:00,6745.0,6774.5,6743.0,6762.5,26264
1286,2025-04-22 06:00:00+00:00,6761.0,6762.0,6710.0,6718.5,78127
1287,2025-04-22 08:00:00+00:00,6718.5,6726.0,6690.0,6694.0,97429
1288,2025-04-22 10:00:00+00:00,6694.0,6714.0,6672.0,6682.5,87020
1289,2025-04-22 12:00:00+00:00,6682.0,6749.5,6682.0,6744.0,118504
1290,2025-04-22 12:00:00+00:00,6682.0,6749.5,6682.0,6744.0,118504
1291,2025-04-22 14:00:00+00:00,6744.5,6759.5,6732.0,6759.5,88684
1292,2025-04-22 16:00:00+00:00,6759.0,6823.0,6744.0,6799.0,131857
1293,2025-04-22 18:00:00+00:00,6799.0,6825.0,6770.5,6776.0,100402
1294,2025-04-22 20:00:00+00:00,6776.0,6778.0,6754.5,6764.0,13635
1295,2025-04-23 02:00:00+00:00,6777.0,6777.0,6777.0,6777.0,155
1296,2025-04-23 04:00:00+00:00,6777.0,6789.0,6729.0,6735.0,34864
1297,2025-04-23 06:00:00+00:00,6737.5,6738.5,6678.0,6700.0,165594
1298,2025-04-23 08:00:00+00:00,6700.0,6757.5,6696.0,6747.0,128864
1299,2025-04-23 10:00:00+00:00,6746.5,6784.0,6744.0,6763.0,79390
1300,2025-04-23 12:00:00+00:00,6763.0,6775.0,6725.0,6747.0,70081
1301,2025-04-23 14:00:00+00:00,6745.0,6769.0,6715.5,6748.0,54268
1302,2025-04-23 16:00:00+00:00,6753.5,6779.0,6711.0,6742.0,60089
1303,2025-04-23 18:00:00+00:00,6741.5,6750.5,6722.0,6733.0,15321
1304,2025-04-23 20:00:00+00:00,6731.0,6743.0,6727.0,6743.0,8923
1305,2025-04-24 02:00:00+00:00,6746.0,6746.0,6746.0,6746.0,97
1306,2025-04-24 04:00:00+00:00,6746.0,6779.5,6735.0,6765.0,25632
1307,2025-04-24 06:00:00+00:00,6765.5,6772.5,6743.5,6765.0,47103
1308,2025-04-24 08:00:00+00:00,6764.5,6800.0,6751.5,6792.5,63157
1309,2025-04-24 10:00:00+00:00,6792.0,6796.0,6771.5,6772.5,43548
1310,2025-04-24 12:00:00+00:00,6772.5,6784.0,6722.0,6736.0,88909
1311,2025-04-24 14:00:00+00:00,6736.0,6739.0,6700.0,6713.0,88247
1312,2025-04-24 16:00:00+00:00,6713.0,6745.0,6693.5,6707.0,35590
1313,2025-04-24 18:00:00+00:00,6707.5,6714.5,6680.0,6701.0,44032
1314,2025-04-24 20:00:00+00:00,6701.0,6703.0,6683.5,6683.5,8084
1315,2025-04-25 02:00:00+00:00,6693.5,6693.5,6693.5,6693.5,53
1316,2025-04-25 04:00:00+00:00,6693.5,6728.5,6693.0,6727.0,19316
1317,2025-04-25 06:00:00+00:00,6726.5,6753.0,6713.0,6745.5,63633
1318,2025-04-25 08:00:00+00:00,6745.5,6804.5,6741.5,6796.0,128384
1319,2025-04-25 10:00:00+00:00,6796.5,6815.0,6748.5,6794.0,150591
1320,2025-04-25 12:00:00+00:00,6793.5,6811.0,6779.5,6788.5,65904
1321,2025-04-25 14:00:00+00:00,6789.0,6875.0,6786.0,6875.0,177839
1322,2025-04-25 16:00:00+00:00,6875.0,6875.0,6834.0,6840.0,40856
1323,2025-04-25 18:00:00+00:00,6838.5,6866.5,6838.0,6859.0,22481
1324,2025-04-25 20:00:00+00:00,6859.0,6865.0,6855.5,6856.5,16401
1325,2025-04-26 06:00:00+00:00,6878.0,6912.5,6878.0,6906.0,16591
1326,2025-04-26 08:00:00+00:00,6909.5,6963.0,6905.0,6942.0,48187
1327,2025-04-26 10:00:00+00:00,6942.0,6950.0,6928.0,6936.5,10832
1328,2025-04-26 12:00:00+00:00,6936.0,6945.0,6892.0,6903.0,23193
1329,2025-04-26 14:00:00+00:00,6903.0,6919.5,6890.5,6904.0,16171
1330,2025-04-27 06:00:00+00:00,6924.5,6939.5,6921.5,6931.0,8338
1331,2025-04-27 08:00:00+00:00,6930.5,6932.0,6925.0,6926.5,5725
1332,2025-04-27 10:00:00+00:00,6927.5,6928.0,6909.0,6918.0,5924
1333,2025-04-27 12:00:00+00:00,6918.0,6920.0,6912.5,6914.0,4071
1334,2025-04-27 14:00:00+00:00,6914.0,6918.5,6901.0,6914.0,9577
1335,2025-04-28 02:00:00+00:00,6912.0,6912.0,6912.0,6912.0,100
1336,2025-04-28 04:00:00+00:00,6912.5,6936.0,6875.0,6880.0,44443
1337,2025-04-28 06:00:00+00:00,6879.5,6879.5,6831.0,6860.5,114701
1338,2025-04-28 08:00:00+00:00,6860.5,6875.0,6844.0,6845.0,55249
1339,2025-04-28 10:00:00+00:00,6845.0,6958.5,6830.0,6921.0,207896
1340,2025-04-28 12:00:00+00:00,6921.5,6938.5,6884.0,6894.0,81005
1341,2025-04-28 14:00:00+00:00,6894.0,6909.0,6893.5,6909.0,35701
1342,2025-04-28 16:00:00+00:00,6905.5,6909.0,6831.5,6858.0,39867
1343,2025-04-28 18:00:00+00:00,6858.0,6859.5,6805.0,6831.5,45332
1344,2025-04-28 20:00:00+00:00,6830.5,6836.5,6825.5,6827.0,3341
1345,2025-04-29 02:00:00+00:00,6827.0,6827.0,6827.0,6827.0,339
1346,2025-04-29 04:00:00+00:00,6832.0,6868.0,6829.5,6849.5,14698
1347,2025-04-29 06:00:00+00:00,6847.5,6848.0,6807.0,6814.5,55380
1348,2025-04-29 08:00:00+00:00,6814.5,6842.5,6801.5,6818.5,64315
1349,2025-04-29 10:00:00+00:00,6818.5,6818.5,6770.0,6799.0,84591
1350,2025-04-29 12:00:00+00:00,6799.0,6824.0,6783.5,6806.0,37895
1351,2025-04-29 12:00:00+00:00,6799.0,6824.0,6783.5,6806.0,37895
1352,2025-04-29 14:00:00+00:00,6806.0,6816.0,6760.0,6760.0,61605
1353,2025-04-29 16:00:00+00:00,6760.5,6784.5,6700.0,6728.5,75903
1354,2025-04-29 18:00:00+00:00,6727.5,6740.5,6715.0,6727.5,18923
1355,2025-04-29 20:00:00+00:00,6727.0,6735.5,6725.0,6725.0,5729
1356,2025-04-30 02:00:00+00:00,6725.0,6725.0,6725.0,6725.0,88
1357,2025-04-30 04:00:00+00:00,6725.0,6737.0,6659.5,6725.5,32842
1358,2025-04-30 06:00:00+00:00,6725.5,6763.0,6675.0,6701.5,70976
1359,2025-04-30 08:00:00+00:00,6701.0,6705.0,6595.0,6636.0,139945
1360,2025-04-30 10:00:00+00:00,6635.5,6699.0,6630.5,6688.5,87652
1361,2025-04-30 12:00:00+00:00,6687.5,6739.5,6638.5,6638.5,121633
1362,2025-04-30 14:00:00+00:00,6638.0,6680.0,6620.0,6665.0,116848
1363,2025-04-30 16:00:00+00:00,6647.0,6654.0,6601.0,6635.5,61156
1364,2025-04-30 18:00:00+00:00,6637.0,6718.0,6622.0,6708.0,38626
1365,2025-04-30 20:00:00+00:00,6707.0,6709.5,6675.0,6684.0,17160
1366,2025-05-02 02:00:00+00:00,6685.0,6685.0,6685.0,6685.0,463
1367,2025-05-02 04:00:00+00:00,6687.5,6703.5,6641.0,6648.5,14104
1368,2025-05-02 06:00:00+00:00,6648.5,6648.5,6580.0,6584.0,73757
1369,2025-05-02 08:00:00+00:00,6584.0,6626.0,6571.5,6594.0,59177
1370,2025-05-02 10:00:00+00:00,6593.5,6631.5,6586.5,6600.5,45666
1371,2025-05-02 12:00:00+00:00,6601.5,6622.0,6588.0,6596.0,29925
1372,2025-05-02 14:00:00+00:00,6595.0,6608.5,6539.0,6540.0,61213
1373,2025-05-02 16:00:00+00:00,6540.0,6551.0,6507.0,6511.0,55561
1374,2025-05-02 18:00:00+00:00,6511.0,6545.0,6503.0,6510.5,22000
1375,2025-05-02 20:00:00+00:00,6510.5,6512.5,6485.0,6504.0,27225
1376,2025-05-03 06:00:00+00:00,6504.0,6531.0,6480.0,6522.5,11863
1377,2025-05-03 08:00:00+00:00,6522.5,6528.5,6515.5,6527.0,6241
1378,2025-05-03 10:00:00+00:00,6527.0,6527.0,6515.5,6522.0,3108
1379,2025-05-03 12:00:00+00:00,6524.0,6529.0,6513.0,6515.0,3618
1380,2025-05-03 14:00:00+00:00,6515.0,6530.0,6513.5,6525.0,3922
1381,2025-05-04 06:00:00+00:00,6525.0,6527.0,6508.0,6527.0,3498
1382,2025-05-04 08:00:00+00:00,6527.0,6566.0,6526.5,6558.0,11059
1383,2025-05-04 10:00:00+00:00,6557.0,6574.5,6533.0,6554.0,20990
1384,2025-05-04 12:00:00+00:00,6554.5,6558.0,6530.0,6539.5,7116
1385,2025-05-04 14:00:00+00:00,6538.0,6555.0,6530.5,6544.0,6060
1386,2025-05-05 02:00:00+00:00,6519.5,6519.5,6519.5,6519.5,1410
1387,2025-05-05 04:00:00+00:00,6519.0,6545.0,6447.5,6477.5,74904
1388,2025-05-05 06:00:00+00:00,6477.0,6483.0,6408.0,6424.0,142521
1389,2025-05-05 08:00:00+00:00,6424.5,6433.5,6364.5,6371.0,164125
1390,2025-05-05 10:00:00+00:00,6371.0,6394.5,6315.5,6349.0,141377
1391,2025-05-05 12:00:00+00:00,6349.0,6366.5,6321.5,6325.0,78464
1392,2025-05-05 14:00:00+00:00,6325.5,6334.5,6285.0,6300.5,201222
1393,2025-05-05 16:00:00+00:00,6313.0,6349.0,6300.5,6346.5,54873
1394,2025-05-05 18:00:00+00:00,6346.5,6349.0,6316.0,6335.0,31747
1395,2025-05-05 20:00:00+00:00,6335.0,6341.0,6329.5,6335.5,14066
1396,2025-05-06 02:00:00+00:00,6338.5,6338.5,6338.5,6338.5,374
1397,2025-05-06 04:00:00+00:00,6339.0,6379.5,6338.5,6347.5,37720
1398,2025-05-06 06:00:00+00:00,6347.0,6385.0,6292.5,6353.0,154032
1399,2025-05-06 08:00:00+00:00,6357.5,6399.0,6342.5,6382.0,102657
1400,2025-05-06 10:00:00+00:00,6381.5,6399.5,6354.0,6395.0,82854
1401,2025-05-06 12:00:00+00:00,6396.0,6449.0,6395.0,6411.0,101312
1402,2025-05-06 12:00:00+00:00,6396.0,6449.0,6395.0,6411.0,101312
1403,2025-05-06 14:00:00+00:00,6410.5,6450.0,6396.5,6425.0,95851
1404,2025-05-06 16:00:00+00:00,6427.5,6449.0,6396.0,6425.0,48172
1405,2025-05-06 18:00:00+00:00,6425.0,6462.5,6423.0,6433.0,42087
1406,2025-05-06 20:00:00+00:00,6432.0,6445.0,6360.5,6373.5,33269
1407,2025-05-07 02:00:00+00:00,6380.5,6380.5,6380.5,6380.5,200
1408,2025-05-07 04:00:00+00:00,6381.0,6444.5,6381.0,6428.5,23364
1409,2025-05-07 06:00:00+00:00,6428.5,6428.5,6340.0,6396.0,89538
1410,2025-05-07 08:00:00+00:00,6396.0,6465.0,6394.0,6452.5,116779
1411,2025-05-07 10:00:00+00:00,6452.0,6473.5,6410.0,6432.5,104587
1412,2025-05-07 12:00:00+00:00,6434.0,6458.0,6410.0,6410.5,112838
1413,2025-05-07 14:00:00+00:00,6410.5,6494.0,6410.5,6448.0,111695
1414,2025-05-07 16:00:00+00:00,6465.0,6497.0,6448.0,6451.5,54101
1415,2025-05-07 18:00:00+00:00,6451.0,6464.5,6434.0,6446.5,18613
1416,2025-05-07 20:00:00+00:00,6444.5,6470.0,6437.0,6458.5,9696
1417,2025-05-08 02:00:00+00:00,6455.0,6455.0,6455.0,6455.0,79
1418,2025-05-08 04:00:00+00:00,6455.0,6520.0,6451.0,6511.0,31630
1419,2025-05-08 06:00:00+00:00,6511.0,6536.0,6501.0,6517.5,62986
1420,2025-05-08 08:00:00+00:00,6518.5,6534.0,6514.0,6532.5,29412
1421,2025-05-08 10:00:00+00:00,6533.0,6533.5,6466.5,6468.0,40686
1422,2025-05-08 12:00:00+00:00,6468.5,6530.0,6461.0,6511.0,52688
1423,2025-05-08 14:00:00+00:00,6511.0,6526.5,6497.0,6512.5,18150
1424,2025-05-08 16:00:00+00:00,6513.0,6530.0,6487.5,6527.0,20941
1425,2025-05-08 18:00:00+00:00,6527.0,6528.5,6502.0,6519.5,13526
1426,2025-05-08 20:00:00+00:00,6520.0,6535.0,6512.0,6535.0,15177
1427,2025-05-10 06:00:00+00:00,6563.0,6595.0,6563.0,6573.0,11192
1428,2025-05-10 08:00:00+00:00,6573.0,6583.0,6570.0,6577.5,11353
1429,2025-05-10 10:00:00+00:00,6579.5,6582.0,6566.0,6572.0,3376
1430,2025-05-10 12:00:00+00:00,6572.0,6573.5,6567.0,6573.0,3833
1431,2025-05-10 14:00:00+00:00,6573.0,6585.0,6560.0,6579.5,13229
1432,2025-05-11 06:00:00+00:00,6630.0,6658.0,6625.5,6652.5,27095
1433,2025-05-11 08:00:00+00:00,6652.5,6667.0,6645.0,6655.0,21443
1434,2025-05-11 10:00:00+00:00,6656.0,6674.5,6650.5,6671.0,12869
1435,2025-05-11 12:00:00+00:00,6670.5,6675.0,6635.5,6638.5,20466
1436,2025-05-11 14:00:00+00:00,6638.5,6654.0,6626.0,6649.5,12259
1437,2025-05-12 02:00:00+00:00,6669.0,6669.0,6669.0,6669.0,434
1438,2025-05-12 04:00:00+00:00,6670.0,6751.5,6655.5,6730.0,70426
1439,2025-05-12 06:00:00+00:00,6728.5,6800.0,6717.0,6768.5,167070
1440,2025-05-12 08:00:00+00:00,6769.0,6772.0,6685.0,6685.0,135209
1441,2025-05-12 10:00:00+00:00,6685.5,6728.0,6675.0,6714.0,93231
1442,2025-05-12 12:00:00+00:00,6714.0,6747.5,6687.0,6691.0,95863
1443,2025-05-12 14:00:00+00:00,6690.0,6771.5,6688.0,6745.0,116772
1444,2025-05-12 16:00:00+00:00,6743.0,6772.0,6735.0,6767.0,24457
1445,2025-05-12 18:00:00+00:00,6766.5,6767.0,6743.5,6750.0,19132
1446,2025-05-12 20:00:00+00:00,6749.5,6775.0,6744.0,6775.0,10924
1447,2025-05-13 02:00:00+00:00,6774.0,6774.0,6774.0,6774.0,1382
1448,2025-05-13 04:00:00+00:00,6775.0,6788.0,6750.0,6772.0,24639
1449,2025-05-13 06:00:00+00:00,6771.5,6787.0,6755.0,6782.0,56666
1450,2025-05-13 08:00:00+00:00,6782.0,6785.0,6725.5,6761.0,87386
1451,2025-05-13 10:00:00+00:00,6760.5,6762.0,6726.0,6732.5,31355
1452,2025-05-13 12:00:00+00:00,6732.0,6776.5,6704.0,6773.5,106400
1453,2025-05-13 12:00:00+00:00,6732.0,6776.5,6704.0,6773.5,106400
1454,2025-05-13 14:00:00+00:00,6773.0,6779.5,6755.5,6779.5,38678
1455,2025-05-13 16:00:00+00:00,6780.0,6790.0,6757.0,6757.0,23254
1456,2025-05-13 18:00:00+00:00,6756.5,6779.0,6754.0,6775.0,11091
1457,2025-05-13 20:00:00+00:00,6775.0,6776.5,6765.5,6773.0,5310
1458,2025-05-14 02:00:00+00:00,6785.0,6785.0,6785.0,6785.0,653
1459,2025-05-14 04:00:00+00:00,6780.0,6782.0,6756.0,6767.5,9306
1460,2025-05-14 06:00:00+00:00,6767.0,6772.0,6735.5,6757.0,47209
1461,2025-05-14 08:00:00+00:00,6757.0,6773.5,6733.0,6757.0,53116
1462,2025-05-14 10:00:00+00:00,6757.5,6767.0,6742.0,6766.5,41189
1463,2025-05-14 12:00:00+00:00,6766.0,6840.0,6762.0,6792.0,90471
1464,2025-05-14 14:00:00+00:00,6791.5,6797.5,6765.0,6765.0,44646
1465,2025-05-14 16:00:00+00:00,6766.0,6787.0,6758.0,6778.0,22800
1466,2025-05-14 18:00:00+00:00,6777.0,6782.0,6680.5,6706.0,57542
1467,2025-05-14 20:00:00+00:00,6706.0,6720.0,6660.0,6699.5,52267
1468,2025-05-15 02:00:00+00:00,6680.0,6680.0,6680.0,6680.0,647
1469,2025-05-15 04:00:00+00:00,6680.0,6725.0,6651.0,6717.5,30761
1470,2025-05-15 06:00:00+00:00,6718.5,6732.5,6601.0,6612.0,104314
1471,2025-05-15 08:00:00+00:00,6612.0,6641.0,6561.0,6582.0,112686
1472,2025-05-15 10:00:00+00:00,6582.0,6637.5,6565.0,6614.0,131286
1473,2025-05-15 12:00:00+00:00,6613.5,6621.0,6540.5,6570.5,179847
1474,2025-05-15 14:00:00+00:00,6571.5,6604.5,6561.0,6584.0,79377
1475,2025-05-15 16:00:00+00:00,6586.0,6603.5,6568.5,6603.5,30280
1476,2025-05-15 18:00:00+00:00,6604.0,6613.5,6593.0,6597.0,22284
1477,2025-05-15 20:00:00+00:00,6596.5,6612.5,6596.0,6612.0,9458
1478,2025-05-16 02:00:00+00:00,6611.5,6611.5,6611.5,6611.5,245
1479,2025-05-16 04:00:00+00:00,6611.5,6634.0,6608.0,6620.5,17559
1480,2025-05-16 06:00:00+00:00,6620.5,6620.5,6576.0,6602.5,42112
1481,2025-05-16 08:00:00+00:00,6602.5,6608.0,6575.0,6596.5,49516
1482,2025-05-16 10:00:00+00:00,6597.5,6630.0,6552.0,6600.0,99214
1483,2025-05-16 12:00:00+00:00,6600.0,6689.0,6491.0,6618.5,350609
1484,2025-05-16 14:00:00+00:00,6618.5,6644.0,6590.0,6590.0,118715
1485,2025-05-16 16:00:00+00:00,6596.0,6616.5,6580.0,6599.0,31952
1486,2025-05-16 18:00:00+00:00,6598.5,6611.0,6593.0,6606.5,16210
1487,2025-05-16 20:00:00+00:00,6606.0,6609.5,6597.0,6605.0,9334
1488,2025-05-17 06:00:00+00:00,6620.0,6630.0,6611.5,6629.0,5842
1489,2025-05-17 08:00:00+00:00,6630.0,6630.0,6616.0,6624.0,8016
1490,2025-05-17 10:00:00+00:00,6624.0,6629.5,6620.0,6622.0,5225
1491,2025-05-17 12:00:00+00:00,6621.0,6630.0,6620.0,6627.5,2993
1492,2025-05-17 14:00:00+00:00,6625.5,6680.0,6622.5,6669.5,31251
1493,2025-05-18 06:00:00+00:00,6704.5,6724.0,6689.5,6715.0,18110
1494,2025-05-18 08:00:00+00:00,6715.5,6730.5,6715.0,6723.5,17367
1495,2025-05-18 10:00:00+00:00,6723.5,6731.0,6716.0,6726.5,10105
1496,2025-05-18 12:00:00+00:00,6725.0,6727.5,6711.0,6725.0,19575
1497,2025-05-18 14:00:00+00:00,6723.0,6740.0,6719.5,6731.5,21296
1498,2025-05-19 02:00:00+00:00,6731.0,6731.0,6731.0,6731.0,416
1499,2025-05-19 04:00:00+00:00,6731.0,6731.0,6692.0,6706.0,20443
1500,2025-05-19 06:00:00+00:00,6706.0,6707.5,6636.0,6646.5,105948
1501,2025-05-19 08:00:00+00:00,6646.0,6674.0,6642.0,6666.0,72188
1502,2025-05-19 10:00:00+00:00,6666.0,6695.5,6660.0,6690.5,38710
1503,2025-05-19 12:00:00+00:00,6690.5,6696.0,6656.5,6665.5,56100
1504,2025-05-19 14:00:00+00:00,6665.5,6694.5,6636.0,6677.5,70213
1505,2025-05-19 16:00:00+00:00,6663.0,6722.0,6625.0,6630.0,151251
1506,2025-05-19 18:00:00+00:00,6631.5,6658.5,6625.5,6639.5,35707
1507,2025-05-19 20:00:00+00:00,6639.0,6639.5,6615.0,6636.5,17708
1508,2025-05-20 02:00:00+00:00,6649.5,6649.5,6649.5,6649.5,57
1509,2025-05-20 04:00:00+00:00,6644.5,6667.5,6636.5,6657.5,16077
1510,2025-05-20 06:00:00+00:00,6658.0,6658.0,6602.5,6620.0,67574
1511,2025-05-20 08:00:00+00:00,6620.0,6639.0,6608.5,6632.5,63789
1512,2025-05-20 10:00:00+00:00,6632.0,6637.5,6606.5,6625.5,33219
1513,2025-05-20 12:00:00+00:00,6625.5,6637.0,6614.0,6619.0,33164
1514,2025-05-20 12:00:00+00:00,6625.5,6637.0,6614.0,6619.0,33164
1515,2025-05-20 14:00:00+00:00,6618.5,6622.0,6561.5,6561.5,71497
1516,2025-05-20 16:00:00+00:00,6568.0,6583.0,6562.0,6583.0,34463
1517,2025-05-20 18:00:00+00:00,6582.0,6583.0,6571.0,6579.5,7857
1518,2025-05-20 20:00:00+00:00,6579.0,6587.5,6575.5,6584.0,4754
1519,2025-05-21 02:00:00+00:00,6594.0,6594.0,6594.0,6594.0,394
1520,2025-05-21 04:00:00+00:00,6594.0,6622.0,6591.5,6604.5,19843
1521,2025-05-21 06:00:00+00:00,6604.5,6611.0,6580.5,6595.5,66027
1522,2025-05-21 08:00:00+00:00,6595.0,6611.0,6575.0,6599.0,52978
1523,2025-05-21 10:00:00+00:00,6599.0,6670.0,6598.5,6646.5,69172
1524,2025-05-21 12:00:00+00:00,6646.5,6661.0,6632.5,6639.5,60913
1525,2025-05-21 14:00:00+00:00,6637.5,6637.5,6582.0,6592.0,71831
1526,2025-05-21 16:00:00+00:00,6597.0,6613.5,6585.0,6592.5,20430
1527,2025-05-21 18:00:00+00:00,6591.0,6600.0,6588.0,6595.0,9591
1528,2025-05-21 20:00:00+00:00,6596.0,6609.5,6594.5,6604.5,3973
1529,2025-05-22 02:00:00+00:00,6608.0,6608.0,6608.0,6608.0,27
1530,2025-05-22 04:00:00+00:00,6608.0,6617.0,6591.0,6597.0,12616
1531,2025-05-22 06:00:00+00:00,6597.0,6606.0,6506.0,6507.5,118525
1532,2025-05-22 08:00:00+00:00,6507.5,6520.0,6470.0,6505.0,149041
1533,2025-05-22 10:00:00+00:00,6504.0,6520.0,6491.0,6506.5,59159
1534,2025-05-22 12:00:00+00:00,6507.0,6544.0,6470.0,6517.0,186099
1535,2025-05-22 14:00:00+00:00,6516.5,6595.5,6513.0,6551.5,108307
1536,2025-05-22 16:00:00+00:00,6551.5,6554.5,6520.0,6533.5,43246
1537,2025-05-22 18:00:00+00:00,6534.0,6539.0,6523.0,6537.0,12501
1538,2025-05-22 20:00:00+00:00,6537.0,6540.0,6526.0,6528.0,11483
1539,2025-05-23 02:00:00+00:00,6482.0,6482.0,6482.0,6482.0,10016
1540,2025-05-23 04:00:00+00:00,6505.0,6551.5,6482.5,6525.0,34690
1541,2025-05-23 06:00:00+00:00,6526.5,6550.0,6504.5,6539.0,44046
1542,2025-05-23 08:00:00+00:00,6539.5,6556.0,6526.0,6539.0,41826
1543,2025-05-23 10:00:00+00:00,6540.0,6561.5,6506.0,6507.0,66627
1544,2025-05-23 12:00:00+00:00,6507.0,6526.0,6499.0,6515.5,58128
1545,2025-05-23 14:00:00+00:00,6515.0,6546.5,6511.5,6530.0,46181
1546,2025-05-23 16:00:00+00:00,6530.5,6543.0,6527.5,6532.5,13134
1547,2025-05-23 18:00:00+00:00,6532.5,6548.5,6531.5,6548.5,11911
1548,2025-05-23 20:00:00+00:00,6548.5,6553.5,6543.5,6550.0,7347
1549,2025-05-26 02:00:00+00:00,6557.5,6557.5,6557.5,6557.5,385
1550,2025-05-26 04:00:00+00:00,6558.0,6569.0,6516.0,6533.5,48425
1551,2025-05-26 06:00:00+00:00,6534.5,6550.0,6522.0,6532.0,69658
1552,2025-05-26 08:00:00+00:00,6531.5,6540.0,6475.0,6475.0,106604
1553,2025-05-26 10:00:00+00:00,6475.5,6496.0,6440.5,6446.5,116835
1554,2025-05-26 12:00:00+00:00,6446.5,6472.0,6424.5,6432.5,119118
1555,2025-05-26 14:00:00+00:00,6432.5,6434.5,6400.0,6402.0,92605
1556,2025-05-26 16:00:00+00:00,6403.0,6434.5,6400.0,6423.0,34481
1557,2025-05-26 18:00:00+00:00,6423.0,6447.5,6423.0,6446.0,22951
1558,2025-05-26 20:00:00+00:00,6447.0,6459.0,6425.0,6440.0,13857
1559,2025-05-27 02:00:00+00:00,6438.0,6438.0,6438.0,6438.0,132
1560,2025-05-27 04:00:00+00:00,6438.0,6440.0,6371.5,6397.5,75995
1561,2025-05-27 06:00:00+00:00,6398.5,6483.5,6397.5,6458.5,82390
1562,2025-05-27 08:00:00+00:00,6458.5,6474.0,6440.0,6461.0,64199
1563,2025-05-27 10:00:00+00:00,6461.5,6498.0,6453.5,6485.5,59636
1564,2025-05-27 12:00:00+00:00,6485.5,6492.5,6415.0,6438.0,74636
1565,2025-05-27 12:00:00+00:00,6485.5,6492.5,6415.0,6438.0,74636
1566,2025-05-27 14:00:00+00:00,6438.5,6489.0,6437.0,6470.0,64251
1567,2025-05-27 16:00:00+00:00,6476.5,6485.5,6464.0,6478.5,23371
1568,2025-05-27 18:00:00+00:00,6478.5,6491.0,6474.5,6487.0,16696
1569,2025-05-27 20:00:00+00:00,6489.5,6490.0,6477.0,6486.0,7697
1570,2025-05-28 02:00:00+00:00,6486.0,6486.0,6486.0,6486.0,307
1571,2025-05-28 04:00:00+00:00,6491.0,6528.5,6444.0,6516.0,69608
1572,2025-05-28 06:00:00+00:00,6513.5,6575.5,6497.0,6565.0,112221
1573,2025-05-28 08:00:00+00:00,6565.0,6600.0,6556.0,6588.0,120029
1574,2025-05-28 10:00:00+00:00,6588.0,6596.0,6570.0,6570.0,93026
1575,2025-05-28 12:00:00+00:00,6570.5,6619.0,6570.0,6612.0,108851
1576,2025-05-28 14:00:00+00:00,6612.5,6629.5,6577.5,6600.5,95896
1577,2025-05-28 16:00:00+00:00,6600.5,6687.0,6600.5,6657.0,90858
1578,2025-05-28 18:00:00+00:00,6657.0,6678.5,6654.0,6674.5,39976
1579,2025-05-28 20:00:00+00:00,6674.5,6686.5,6670.5,6686.0,11531
1580,2025-05-29 02:00:00+00:00,6695.5,6695.5,6695.5,6695.5,638
1581,2025-05-29 04:00:00+00:00,6695.5,6815.0,6690.5,6767.5,136111
1582,2025-05-29 06:00:00+00:00,6769.0,6773.5,6702.5,6708.0,185005
1583,2025-05-29 08:00:00+00:00,6708.0,6737.0,6701.0,6715.0,83773
1584,2025-05-29 10:00:00+00:00,6714.0,6767.0,6713.0,6758.0,109212
1585,2025-05-29 12:00:00+00:00,6758.0,6760.5,6682.0,6694.5,170886
1586,2025-05-29 14:00:00+00:00,6693.5,6735.0,6680.0,6700.5,72851
1587,2025-05-29 16:00:00+00:00,6700.5,6708.5,6650.0,6678.5,67430
1588,2025-05-29 18:00:00+00:00,6678.5,6681.5,6671.0,6679.0,23719
1589,2025-05-29 20:00:00+00:00,6680.0,6681.0,6673.0,6680.5,9139
1590,2025-05-30 02:00:00+00:00,6680.5,6680.5,6680.5,6680.5,143
1591,2025-05-30 04:00:00+00:00,6681.0,6733.0,6651.0,6717.5,58475
1592,2025-05-30 06:00:00+00:00,6719.0,6753.0,6702.0,6704.5,91588
1593,2025-05-30 08:00:00+00:00,6704.5,6747.0,6683.0,6733.0,123763
1594,2025-05-30 10:00:00+00:00,6733.5,6749.0,6725.5,6726.0,107137
1595,2025-05-30 12:00:00+00:00,6726.0,6739.5,6700.5,6724.5,197812
1596,2025-05-30 14:00:00+00:00,6724.5,6745.0,6721.0,6738.0,83977
1597,2025-05-30 16:00:00+00:00,6741.0,6749.5,6736.5,6744.5,32624
1598,2025-05-30 18:00:00+00:00,6744.5,6764.0,6740.5,6750.0,39540
1599,2025-05-30 20:00:00+00:00,6748.5,6759.0,6735.0,6749.0,20762
1600,2025-05-31 06:00:00+00:00,6761.5,6793.0,6761.5,6790.0,13321
1601,2025-05-31 08:00:00+00:00,6790.0,6800.0,6783.0,6796.5,23848
1602,2025-05-31 10:00:00+00:00,6796.5,6800.0,6785.0,6790.0,18264
1603,2025-05-31 12:00:00+00:00,6789.5,6790.5,6767.0,6784.5,16807
1604,2025-05-31 14:00:00+00:00,6783.5,6789.0,6777.5,6784.5,8066
1605,2025-06-01 06:00:00+00:00,6784.5,6788.5,6758.0,6760.0,17282
1606,2025-06-01 08:00:00+00:00,6758.5,6775.0,6750.0,6764.5,17540
1607,2025-06-01 10:00:00+00:00,6765.0,6766.0,6690.0,6714.5,80981
1608,2025-06-01 12:00:00+00:00,6715.0,6737.0,6673.0,6727.5,81439
1609,2025-06-01 14:00:00+00:00,6726.5,6734.0,6702.0,6718.0,30247
1610,2025-06-02 02:00:00+00:00,6719.0,6719.0,6719.0,6719.0,2614
1611,2025-06-02 04:00:00+00:00,6720.0,6785.5,6701.5,6772.5,70332
1612,2025-06-02 06:00:00+00:00,6772.0,6799.0,6756.0,6770.0,155983
1613,2025-06-02 08:00:00+00:00,6770.0,6772.0,6744.5,6756.0,118130
1614,2025-06-02 10:00:00+00:00,6755.5,6760.0,6690.0,6726.5,204358
1615,2025-06-02 12:00:00+00:00,6725.0,6753.0,6690.0,6725.5,216490
1616,2025-06-02 14:00:00+00:00,6725.5,6770.0,6725.0,6766.0,248841
1617,2025-06-02 16:00:00+00:00,6762.5,6788.0,6755.0,6775.0,127261
1618,2025-06-02 18:00:00+00:00,6776.5,6810.0,6770.5,6802.5,154145
1619,2025-06-02 20:00:00+00:00,6803.0,6834.0,6802.5,6834.0,117714
1620,2025-06-03 02:00:00+00:00,6360.0,6360.0,6360.0,6360.0,28598
1621,2025-06-03 04:00:00+00:00,6360.0,6497.5,6350.0,6446.0,588069
1622,2025-06-03 06:00:00+00:00,6444.5,6473.0,6415.5,6460.0,375654
1623,2025-06-03 08:00:00+00:00,6460.0,6460.0,6418.0,6423.5,220875
1624,2025-06-03 10:00:00+00:00,6423.0,6455.0,6410.0,6441.5,192774
1625,2025-06-03 12:00:00+00:00,6440.5,6449.5,6420.5,6444.5,113893
1626,2025-06-03 12:00:00+00:00,6440.5,6449.5,6420.5,6444.5,113893
1627,2025-06-03 14:00:00+00:00,6443.5,6448.5,6435.0,6440.0,94685
1628,2025-06-03 16:00:00+00:00,6440.0,6477.0,6440.0,6465.0,106217
1629,2025-06-03 18:00:00+00:00,6464.5,6478.0,6463.5,6472.0,51391
1630,2025-06-03 20:00:00+00:00,6473.0,6474.0,6468.0,6473.0,21436
1631,2025-06-04 02:00:00+00:00,6473.0,6473.0,6473.0,6473.0,940
1632,2025-06-04 04:00:00+00:00,6472.0,6487.5,6445.0,6461.5,61306
1633,2025-06-04 06:00:00+00:00,6461.0,6486.0,6455.0,6477.5,105734
1634,2025-06-04 08:00:00+00:00,6477.0,6480.5,6470.0,6477.5,79927
1635,2025-06-04 10:00:00+00:00,6477.5,6482.5,6470.5,6474.5,77669
1636,2025-06-04 12:00:00+00:00,6475.5,6480.5,6451.5,6458.0,154174
1637,2025-06-04 14:00:00+00:00,6458.5,6467.0,6422.0,6443.0,144861
1638,2025-06-04 16:00:00+00:00,6445.0,6464.5,6430.5,6453.0,50613
1639,2025-06-04 18:00:00+00:00,6453.0,6453.0,6426.0,6428.0,22431
1640,2025-06-04 20:00:00+00:00,6428.0,6436.0,6427.5,6431.5,6979
1641,2025-06-05 02:00:00+00:00,6448.0,6448.0,6448.0,6448.0,334
1642,2025-06-05 04:00:00+00:00,6449.0,6464.0,6440.0,6455.0,27273
1643,2025-06-05 06:00:00+00:00,6454.0,6460.0,6441.0,6446.5,53181
1644,2025-06-05 08:00:00+00:00,6446.0,6465.0,6437.5,6455.0,67179
1645,2025-06-05 10:00:00+00:00,6454.5,6472.0,6450.5,6461.5,86178
1646,2025-06-05 12:00:00+00:00,6461.5,6467.0,6445.5,6458.5,64635
1647,2025-06-05 14:00:00+00:00,6459.0,6470.0,6455.5,6469.5,61391
1648,2025-06-05 16:00:00+00:00,6469.5,6469.5,6444.0,6451.5,37223
1649,2025-06-05 18:00:00+00:00,6451.0,6451.0,6443.5,6450.5,17477
1650,2025-06-05 20:00:00+00:00,6451.0,6460.5,6448.5,6453.0,8686
1651,2025-06-06 02:00:00+00:00,6454.0,6454.0,6454.0,6454.0,38
1652,2025-06-06 04:00:00+00:00,6455.5,6467.5,6455.5,6462.0,12469
1653,2025-06-06 06:00:00+00:00,6461.5,6500.0,6454.0,6497.0,120307
1654,2025-06-06 08:00:00+00:00,6496.5,6500.0,6450.5,6467.5,109923
1655,2025-06-06 10:00:00+00:00,6467.5,6545.0,6425.0,6443.0,368610
1656,2025-06-06 12:00:00+00:00,6443.0,6443.0,6382.5,6414.5,199589
1657,2025-06-06 14:00:00+00:00,6414.0,6424.0,6330.0,6337.5,161607
1658,2025-06-06 16:00:00+00:00,6338.0,6385.0,6336.0,6370.0,72080
1659,2025-06-06 18:00:00+00:00,6368.5,6373.0,6340.0,6347.0,28566
1660,2025-06-06 20:00:00+00:00,6345.5,6351.5,6337.5,6344.5,12681
1661,2025-06-07 06:00:00+00:00,6345.0,6383.0,6345.0,6370.0,12337
1662,2025-06-07 08:00:00+00:00,6372.5,6374.0,6355.0,6365.0,8671
1663,2025-06-07 10:00:00+00:00,6365.5,6377.0,6363.5,6368.0,4405
1664,2025-06-07 12:00:00+00:00,6368.0,6370.0,6360.0,6369.0,4207
1665,2025-06-07 14:00:00+00:00,6369.0,6371.5,6355.5,6362.5,5869
1666,2025-06-08 06:00:00+00:00,6364.0,6372.5,6359.0,6359.5,2400
1667,2025-06-08 08:00:00+00:00,6359.0,6365.0,6357.0,6365.0,3160
1668,2025-06-08 10:00:00+00:00,6364.5,6365.0,6342.5,6350.0,21259
1669,2025-06-08 12:00:00+00:00,6350.0,6350.0,6334.0,6349.5,12841
1670,2025-06-08 14:00:00+00:00,6349.5,6352.0,6337.5,6352.0,10421
1671,2025-06-09 02:00:00+00:00,6350.0,6350.0,6350.0,6350.0,519
1672,2025-06-09 04:00:00+00:00,6349.0,6371.0,6318.0,6342.0,30868
1673,2025-06-09 06:00:00+00:00,6343.5,6354.5,6308.0,6313.5,88985
1674,2025-06-09 08:00:00+00:00,6314.0,6334.5,6276.0,6311.0,127712
1675,2025-06-09 10:00:00+00:00,6311.0,6329.5,6243.0,6247.5,113633
1676,2025-06-09 12:00:00+00:00,6247.0,6255.0,6221.5,6225.5,105139
1677,2025-06-09 14:00:00+00:00,6225.5,6257.0,6225.0,6240.0,65313
1678,2025-06-09 16:00:00+00:00,6241.5,6280.0,6241.5,6265.0,33961
1679,2025-06-09 18:00:00+00:00,6264.0,6269.5,6250.0,6257.0,17636
1680,2025-06-09 20:00:00+00:00,6255.5,6257.0,6245.5,6249.0,7655
1681,2025-06-10 02:00:00+00:00,6272.0,6272.0,6272.0,6272.0,222
1682,2025-06-10 04:00:00+00:00,6272.0,6283.0,6261.0,6282.5,18113
1683,2025-06-10 06:00:00+00:00,6282.0,6282.5,6214.5,6226.0,88812
1684,2025-06-10 08:00:00+00:00,6225.5,6233.0,6170.0,6185.0,172522
1685,2025-06-10 10:00:00+00:00,6184.5,6190.0,6151.5,6166.5,133263
1686,2025-06-10 12:00:00+00:00,6167.0,6185.0,6138.0,6169.0,142913
1687,2025-06-10 12:00:00+00:00,6167.0,6185.0,6138.0,6169.0,142913
1688,2025-06-10 14:00:00+00:00,6169.5,6199.5,6159.0,6190.0,92204
1689,2025-06-10 16:00:00+00:00,6198.5,6202.0,6185.0,6189.0,33221
1690,2025-06-10 18:00:00+00:00,6189.0,6199.5,6185.0,6190.0,20081
1691,2025-06-10 20:00:00+00:00,6189.5,6196.0,6188.0,6195.5,9910
1692,2025-06-11 02:00:00+00:00,6195.5,6195.5,6195.5,6195.5,132
1693,2025-06-11 04:00:00+00:00,6196.0,6211.0,6167.0,6175.0,22142
1694,2025-06-11 06:00:00+00:00,6175.0,6231.5,6163.0,6205.0,93875
1695,2025-06-11 08:00:00+00:00,6204.5,6209.5,6162.5,6183.5,85390
1696,2025-06-11 10:00:00+00:00,6183.5,6199.5,6170.0,6178.5,78645
1697,2025-06-11 12:00:00+00:00,6178.5,6206.0,6173.0,6180.0,87443
1698,2025-06-11 14:00:00+00:00,6180.0,6180.0,6145.0,6162.5,97863
1699,2025-06-11 16:00:00+00:00,6170.0,6178.0,6153.0,6154.5,34934
1700,2025-06-11 18:00:00+00:00,6154.0,6185.5,6152.5,6174.5,35693
1701,2025-06-11 20:00:00+00:00,6175.0,6176.5,6164.0,6173.5,12642
1702,2025-06-13 02:00:00+00:00,6291.0,6291.0,6291.0,6291.0,3649
1703,2025-06-13 04:00:00+00:00,6291.0,6305.0,6255.0,6292.5,168777
1704,2025-06-13 06:00:00+00:00,6293.0,6293.0,6227.5,6279.0,192096
1705,2025-06-13 08:00:00+00:00,6279.0,6350.0,6276.5,6342.0,267535
1706,2025-06-13 10:00:00+00:00,6341.5,6380.0,6321.0,6336.5,287201
1707,2025-06-13 12:00:00+00:00,6338.5,6370.0,6323.5,6341.0,180176
1708,2025-06-13 14:00:00+00:00,6342.0,6350.0,6304.0,6318.0,86077
1709,2025-06-13 16:00:00+00:00,6319.0,6339.0,6306.5,6339.0,40311
1710,2025-06-13 18:00:00+00:00,6339.0,6384.0,6334.0,6368.5,143968
1711,2025-06-13 20:00:00+00:00,6369.5,6382.0,6365.5,6380.0,25574
1712,2025-06-14 06:00:00+00:00,6414.0,6472.5,6405.5,6449.0,94487
1713,2025-06-14 08:00:00+00:00,6446.0,6485.0,6441.5,6478.5,71213
1714,2025-06-14 10:00:00+00:00,6479.0,6480.0,6454.0,6459.0,37835
1715,2025-06-14 12:00:00+00:00,6459.5,6475.0,6450.0,6468.0,36316
1716,2025-06-14 14:00:00+00:00,6467.5,6472.5,6456.0,6466.0,30624
1717,2025-06-15 06:00:00+00:00,6535.0,6568.5,6350.0,6405.5,383234
1718,2025-06-15 08:00:00+00:00,6409.0,6440.0,6376.5,6397.5,104232
1719,2025-06-15 10:00:00+00:00,6397.5,6450.0,6392.5,6442.0,56244
1720,2025-06-15 12:00:00+00:00,6442.0,6450.0,6417.5,6431.0,50150
1721,2025-06-15 14:00:00+00:00,6431.5,6440.0,6414.0,6431.0,35426
1722,2025-06-16 02:00:00+00:00,6429.0,6429.0,6429.0,6429.0,1204
1723,2025-06-16 04:00:00+00:00,6429.0,6433.0,6381.5,6404.0,58429
1724,2025-06-16 06:00:00+00:00,6403.5,6403.5,6316.0,6329.0,207863
1725,2025-06-16 08:00:00+00:00,6330.0,6342.5,6317.0,6332.0,121720
1726,2025-06-16 10:00:00+00:00,6332.5,6340.0,6295.0,6295.5,121996
1727,2025-06-16 12:00:00+00:00,6297.0,6312.0,6261.5,6262.5,162231
1728,2025-06-16 14:00:00+00:00,6262.0,6278.5,6250.0,6255.5,109026
1729,2025-06-16 16:00:00+00:00,6260.0,6290.0,6252.5,6281.5,55034
1730,2025-06-16 18:00:00+00:00,6281.5,6289.5,6262.5,6268.0,28201
1731,2025-06-16 20:00:00+00:00,6268.0,6274.5,6260.5,6269.0,18751
1732,2025-06-17 02:00:00+00:00,6274.5,6274.5,6274.5,6274.5,248
1733,2025-06-17 04:00:00+00:00,6274.0,6310.0,6269.0,6300.5,43117
1734,2025-06-17 06:00:00+00:00,6300.0,6327.0,6238.0,6306.0,132496
1735,2025-06-17 08:00:00+00:00,6307.0,6336.5,6280.5,6331.5,122884
1736,2025-06-17 10:00:00+00:00,6331.5,6339.0,6301.0,6301.0,67627
1737,2025-06-17 12:00:00+00:00,6302.0,6368.0,6301.0,6368.0,121818
1738,2025-06-17 12:00:00+00:00,6302.0,6368.0,6301.0,6368.0,121818
1739,2025-06-17 14:00:00+00:00,6368.0,6392.0,6354.0,6379.5,162876
1740,2025-06-17 16:00:00+00:00,6379.5,6425.0,6370.5,6410.5,112763
1741,2025-06-17 18:00:00+00:00,6410.0,6430.0,6371.5,6402.5,148246
1742,2025-06-17 20:00:00+00:00,6403.5,6408.5,6393.0,6408.0,19160
1743,2025-06-18 02:00:00+00:00,6420.0,6420.0,6420.0,6420.0,642
1744,2025-06-18 04:00:00+00:00,6420.5,6428.0,6385.5,6398.0,33640
1745,2025-06-18 06:00:00+00:00,6397.0,6415.0,6350.5,6365.5,93641
1746,2025-06-18 08:00:00+00:00,6364.0,6407.0,6354.0,6389.0,111864
1747,2025-06-18 10:00:00+00:00,6389.5,6422.5,6386.5,6412.5,102635
1748,2025-06-18 12:00:00+00:00,6412.5,6419.0,6388.5,6410.5,88043
1749,2025-06-18 14:00:00+00:00,6410.5,6412.5,6368.5,6390.5,129720
1750,2025-06-18 16:00:00+00:00,6393.0,6398.5,6377.5,6385.5,36549
1751,2025-06-18 18:00:00+00:00,6385.5,6395.0,6379.0,6384.5,15733
1752,2025-06-18 20:00:00+00:00,6384.5,6391.5,6382.5,6383.5,9793
1753,2025-06-19 02:00:00+00:00,6385.5,6385.5,6385.5,6385.5,112
1754,2025-06-19 04:00:00+00:00,6385.5,6408.0,6381.5,6400.5,32488
1755,2025-06-19 06:00:00+00:00,6400.0,6409.0,6372.5,6383.0,77668
1756,2025-06-19 08:00:00+00:00,6383.0,6390.0,6358.0,6365.5,83008
1757,2025-06-19 10:00:00+00:00,6365.0,6379.0,6351.0,6369.0,111710
1758,2025-06-19 12:00:00+00:00,6371.5,6371.5,6311.5,6356.5,351866
1759,2025-06-19 14:00:00+00:00,6356.5,6371.0,6335.0,6350.0,128287
1760,2025-06-19 16:00:00+00:00,6354.5,6362.5,6340.5,6341.5,25375
1761,2025-06-19 18:00:00+00:00,6340.5,6346.5,6335.5,6343.0,15822
1762,2025-06-19 20:00:00+00:00,6342.0,6342.5,6335.0,6336.0,5702
1763,2025-06-20 02:00:00+00:00,6322.5,6322.5,6322.5,6322.5,829
1764,2025-06-20 04:00:00+00:00,6326.5,6358.5,6306.0,6343.0,22418
1765,2025-06-20 06:00:00+00:00,6342.5,6352.5,6312.5,6342.0,42121
1766,2025-06-20 08:00:00+00:00,6342.0,6351.5,6330.0,6331.5,67099
1767,2025-06-20 10:00:00+00:00,6330.5,6331.5,6290.5,6292.5,95209
1768,2025-06-20 12:00:00+00:00,6292.0,6310.0,6280.0,6280.5,104440
1769,2025-06-20 14:00:00+00:00,6280.0,6289.5,6260.0,6283.5,87421
1770,2025-06-20 16:00:00+00:00,6283.5,6283.5,6261.0,6264.0,24981
1771,2025-06-20 18:00:00+00:00,6265.0,6289.0,6264.0,6287.0,21008
1772,2025-06-20 20:00:00+00:00,6287.5,6289.0,6275.0,6281.0,8945
1773,2025-06-23 02:00:00+00:00,6388.5,6388.5,6388.5,6388.5,11756
1774,2025-06-23 04:00:00+00:00,6388.0,6390.0,6337.5,6354.0,135742
1775,2025-06-23 06:00:00+00:00,6354.5,6356.0,6264.5,6270.0,166124
1776,2025-06-23 08:00:00+00:00,6270.0,6323.0,6250.0,6306.5,156828
1777,2025-06-23 10:00:00+00:00,6308.0,6320.5,6289.5,6299.5,78910
1778,2025-06-23 12:00:00+00:00,6299.5,6345.0,6291.0,6315.5,109646
1779,2025-06-23 14:00:00+00:00,6315.5,6335.5,6297.5,6305.5,53625
1780,2025-06-23 16:00:00+00:00,6310.5,6334.0,6272.0,6286.0,85319
1781,2025-06-23 18:00:00+00:00,6286.0,6286.0,6269.5,6276.5,32348
1782,2025-06-23 20:00:00+00:00,6272.5,6275.5,6230.0,6242.0,51308
1783,2025-06-24 02:00:00+00:00,6245.0,6245.0,6245.0,6245.0,303
1784,2025-06-24 04:00:00+00:00,6244.5,6247.5,6187.0,6210.0,89508
1785,2025-06-24 06:00:00+00:00,6209.5,6214.5,6144.0,6157.5,225511
1786,2025-06-24 08:00:00+00:00,6157.5,6179.5,6110.0,6161.5,259778
1787,2025-06-24 10:00:00+00:00,6161.5,6185.0,6143.0,6161.0,87925
1788,2025-06-24 12:00:00+00:00,6160.0,6166.5,6138.5,6140.5,70070
1789,2025-06-24 12:00:00+00:00,6160.0,6166.5,6138.5,6140.5,70070
1790,2025-06-24 14:00:00+00:00,6140.5,6180.0,6140.5,6177.5,69511
1791,2025-06-24 16:00:00+00:00,6177.5,6179.0,6154.0,6169.0,29328
1792,2025-06-24 18:00:00+00:00,6169.0,6214.0,6161.0,6206.0,48849
1793,2025-06-24 20:00:00+00:00,6206.0,6219.0,6206.0,6208.5,14401
1794,2025-06-25 02:00:00+00:00,6218.5,6218.5,6218.5,6218.5,170
1795,2025-06-25 04:00:00+00:00,6218.5,6235.5,6199.5,6205.5,27371
1796,2025-06-25 06:00:00+00:00,6205.5,6215.0,6185.5,6214.5,55357
1797,2025-06-25 08:00:00+00:00,6214.5,6222.0,6200.5,6214.0,49802
1798,2025-06-25 10:00:00+00:00,6214.5,6234.0,6206.0,6214.5,82751
1799,2025-06-25 12:00:00+00:00,6213.5,6220.0,6202.0,6207.5,82776
1800,2025-06-25 14:00:00+00:00,6207.0,6250.0,6192.5,6250.0,98207
1801,2025-06-25 16:00:00+00:00,6249.0,6268.5,6238.0,6253.5,39258
1802,2025-06-25 18:00:00+00:00,6253.5,6254.0,6226.0,6244.0,19888
1803,2025-06-25 20:00:00+00:00,6244.5,6244.5,6235.5,6236.5,4747
1804,2025-06-26 02:00:00+00:00,6250.0,6250.0,6250.0,6250.0,383
1805,2025-06-26 04:00:00+00:00,6250.5,6258.0,6230.0,6243.5,11247
1806,2025-06-26 06:00:00+00:00,6243.5,6245.5,6213.5,6239.5,44300
1807,2025-06-26 08:00:00+00:00,6239.0,6243.0,6209.5,6219.0,37973
1808,2025-06-26 10:00:00+00:00,6219.5,6230.0,6215.0,6219.5,49259
1809,2025-06-26 12:00:00+00:00,6219.0,6224.0,6202.0,6219.5,77005
1810,2025-06-26 14:00:00+00:00,6219.0,6240.0,6215.5,6233.5,58631
1811,2025-06-26 16:00:00+00:00,6220.0,6236.5,6206.0,6214.0,19245
1812,2025-06-26 18:00:00+00:00,6214.0,6220.5,6209.5,6218.0,7709
1813,2025-06-26 20:00:00+00:00,6217.5,6217.5,6205.0,6205.5,5155
1814,2025-06-27 02:00:00+00:00,6216.0,6216.0,6216.0,6216.0,121
1815,2025-06-27 04:00:00+00:00,6210.0,6227.5,6209.0,6209.5,9598
1816,2025-06-27 06:00:00+00:00,6209.5,6227.5,6186.5,6198.5,72091
1817,2025-06-27 08:00:00+00:00,6198.0,6219.5,6196.5,6213.0,46962
1818,2025-06-27 10:00:00+00:00,6213.0,6220.0,6193.0,6214.0,68359
1819,2025-06-27 12:00:00+00:00,6212.5,6267.0,6210.0,6267.0,156461
1820,2025-06-27 14:00:00+00:00,6267.0,6289.5,6256.0,6260.5,125153
1821,2025-06-27 16:00:00+00:00,6260.0,6289.5,6256.5,6281.0,42757
1822,2025-06-27 18:00:00+00:00,6281.0,6286.0,6272.0,6282.5,28212
1823,2025-06-27 20:00:00+00:00,6282.5,6283.0,6266.0,6274.0,16474
1824,2025-06-28 06:00:00+00:00,6275.0,6293.0,6275.0,6288.5,4492
1825,2025-06-28 08:00:00+00:00,6288.5,6293.0,6281.0,6286.0,7886
1826,2025-06-28 10:00:00+00:00,6286.0,6290.0,6277.0,6277.5,6296
1827,2025-06-28 12:00:00+00:00,6277.0,6284.0,6275.0,6277.5,4936
1828,2025-06-28 14:00:00+00:00,6278.0,6283.0,6272.0,6272.0,4274
1829,2025-06-29 06:00:00+00:00,6272.0,6277.0,6255.0,6267.5,7353
1830,2025-06-29 08:00:00+00:00,6268.0,6270.0,6257.5,6258.5,3921
1831,2025-06-29 10:00:00+00:00,6259.0,6265.0,6258.5,6265.0,2101
1832,2025-06-29 12:00:00+00:00,6265.0,6269.0,6260.5,6262.5,4974
1833,2025-06-29 14:00:00+00:00,6261.5,6266.5,6250.0,6252.5,10309
1834,2025-06-30 02:00:00+00:00,6252.5,6252.5,6252.5,6252.5,279
1835,2025-06-30 04:00:00+00:00,6253.0,6260.0,6245.0,6247.0,11074
1836,2025-06-30 06:00:00+00:00,6247.0,6272.5,6225.0,6235.0,80296
1837,2025-06-30 08:00:00+00:00,6235.5,6250.0,6228.0,6246.0,58759
1838,2025-06-30 10:00:00+00:00,6246.5,6299.0,6245.0,6294.0,137935
1839,2025-06-30 12:00:00+00:00,6292.5,6323.0,6292.5,6318.5,157222
1840,2025-06-30 14:00:00+00:00,6318.0,6336.0,6315.0,6332.5,91207
1841,2025-06-30 16:00:00+00:00,6332.5,6332.5,6311.5,6318.0,22271
1842,2025-06-30 18:00:00+00:00,6318.0,6328.5,6312.5,6315.5,16406
1843,2025-06-30 20:00:00+00:00,6314.0,6314.0,6306.5,6307.5,10742
1844,2025-07-01 02:00:00+00:00,6325.0,6325.0,6325.0,6325.0,57
1845,2025-07-01 04:00:00+00:00,6329.0,6335.0,6307.5,6330.0,18278
1846,2025-07-01 06:00:00+00:00,6328.5,6348.0,6310.0,6341.0,72371
1847,2025-07-01 08:00:00+00:00,6341.5,6347.0,6291.0,6319.0,106917
1848,2025-07-01 10:00:00+00:00,6318.5,6348.0,6312.5,6344.0,86165
1849,2025-07-01 12:00:00+00:00,6343.0,6346.5,6330.0,6330.0,72697
1850,2025-07-01 12:00:00+00:00,6343.0,6346.5,6330.0,6330.0,72697
1851,2025-07-01 14:00:00+00:00,6330.0,6344.0,6312.0,6327.5,66198
1852,2025-07-01 16:00:00+00:00,6327.0,6345.5,6315.0,6317.0,22596
1853,2025-07-01 18:00:00+00:00,6317.0,6320.0,6302.0,6305.5,18991
1854,2025-07-01 20:00:00+00:00,6306.0,6317.5,6305.0,6306.0,5579
1855,2025-07-02 02:00:00+00:00,6318.0,6318.0,6318.0,6318.0,154
1856,2025-07-02 04:00:00+00:00,6308.0,6327.0,6308.0,6316.5,9302
1857,2025-07-02 06:00:00+00:00,6317.5,6318.0,6295.0,6300.0,80850
1858,2025-07-02 08:00:00+00:00,6299.5,6304.0,6266.0,6277.5,98977
1859,2025-07-02 10:00:00+00:00,6276.0,6286.0,6240.0,6278.0,122827
1860,2025-07-02 12:00:00+00:00,6277.0,6297.5,6253.0,6261.0,74685
1861,2025-07-02 14:00:00+00:00,6261.0,6264.0,6186.0,6208.0,231217
1862,2025-07-02 16:00:00+00:00,6211.0,6247.0,6211.0,6243.0,40290
1863,2025-07-02 18:00:00+00:00,6243.5,6244.0,6212.0,6226.0,17487
1864,2025-07-02 20:00:00+00:00,6226.0,6236.0,6217.0,6234.0,10825
1865,2025-07-03 02:00:00+00:00,6240.0,6240.0,6240.0,6240.0,95
1866,2025-07-03 04:00:00+00:00,6240.5,6244.0,6224.5,6240.0,8031
1867,2025-07-03 06:00:00+00:00,6239.5,6240.0,6190.0,6198.5,84780
1868,2025-07-03 08:00:00+00:00,6199.0,6239.5,6198.5,6208.0,144765
1869,2025-07-03 10:00:00+00:00,6208.0,6208.0,6194.0,6200.0,93799
1870,2025-07-03 12:00:00+00:00,6200.0,6205.5,6150.0,6184.0,205894
1871,2025-07-03 14:00:00+00:00,6183.5,6184.0,6127.5,6140.5,205140
1872,2025-07-03 16:00:00+00:00,6142.5,6159.5,6136.5,6151.0,41025
1873,2025-07-03 18:00:00+00:00,6151.0,6153.0,6140.0,6144.0,23809
1874,2025-07-03 20:00:00+00:00,6144.5,6146.5,6132.0,6138.0,15888
1875,2025-07-04 02:00:00+00:00,6131.0,6131.0,6131.0,6131.0,396
1876,2025-07-04 04:00:00+00:00,6132.0,6151.0,6110.5,6140.0,50355
1877,2025-07-04 06:00:00+00:00,6140.0,6173.0,6114.5,6124.0,131990
1878,2025-07-04 08:00:00+00:00,6124.0,6139.0,6089.0,6138.5,187838
1879,2025-07-04 10:00:00+00:00,6138.5,6178.0,6132.0,6155.5,103830
1880,2025-07-04 12:00:00+00:00,6157.5,6174.0,6135.0,6146.0,70268
1881,2025-07-04 14:00:00+00:00,6145.0,6159.5,6130.5,6140.0,36690
1882,2025-07-04 16:00:00+00:00,6141.0,6168.5,6135.0,6157.0,54261
1883,2025-07-04 18:00:00+00:00,6157.0,6161.0,6142.0,6154.5,35741
1884,2025-07-04 20:00:00+00:00,6153.5,6161.0,6144.5,6151.5,220728
1885,2025-07-05 06:00:00+00:00,6151.5,6165.0,6127.0,6156.5,11208
1886,2025-07-05 08:00:00+00:00,6154.5,6160.5,6141.5,6150.0,5001
1887,2025-07-05 10:00:00+00:00,6150.0,6159.0,6145.0,6152.0,5525
1888,2025-07-05 12:00:00+00:00,6153.5,6154.0,6145.5,6148.0,3165
1889,2025-07-05 14:00:00+00:00,6148.0,6156.5,6145.5,6154.5,4650
1890,2025-07-06 06:00:00+00:00,6154.5,6155.0,6145.0,6149.0,1377
1891,2025-07-06 08:00:00+00:00,6149.5,6150.0,6142.0,6147.0,2588
1892,2025-07-06 10:00:00+00:00,6147.0,6150.0,6146.0,6150.0,1894
1893,2025-07-06 12:00:00+00:00,6150.0,6151.0,6142.0,6144.0,3729
1894,2025-07-06 14:00:00+00:00,6144.0,6147.0,6140.0,6145.5,3662
1895,2025-07-07 02:00:00+00:00,6144.5,6144.5,6144.5,6144.5,216
1896,2025-07-07 04:00:00+00:00,6145.0,6145.5,6115.5,6129.5,28443
1897,2025-07-07 06:00:00+00:00,6129.5,6145.0,6115.0,6126.5,74113
1898,2025-07-07 08:00:00+00:00,6126.0,6158.0,6111.5,6135.5,88210
1899,2025-07-07 10:00:00+00:00,6135.5,6140.0,6118.5,6132.5,50220
1900,2025-07-07 12:00:00+00:00,6132.5,6138.0,6118.0,6118.0,35636
1901,2025-07-07 14:00:00+00:00,6118.0,6124.5,6100.0,6114.0,64548
1902,2025-07-07 16:00:00+00:00,6114.0,6127.0,6110.0,6117.0,17693
1903,2025-07-07 18:00:00+00:00,6117.0,6123.5,6114.5,6117.5,8736
1904,2025-07-07 20:00:00+00:00,6117.0,6118.0,6110.5,6110.5,3417
1905,2025-07-08 02:00:00+00:00,6105.0,6105.0,6105.0,6105.0,327
1906,2025-07-08 04:00:00+00:00,6108.0,6122.0,6091.0,6105.5,40244
1907,2025-07-08 06:00:00+00:00,6108.5,6115.0,6063.0,6088.5,108050
1908,2025-07-08 08:00:00+00:00,6088.5,6105.0,6085.0,6089.5,64562
1909,2025-07-08 10:00:00+00:00,6090.0,6096.5,6031.0,6031.5,123219
1910,2025-07-08 12:00:00+00:00,6031.5,6060.0,6000.0,6041.0,213122
1911,2025-07-08 12:00:00+00:00,6031.5,6060.0,6000.0,6041.0,213122
1912,2025-07-08 14:00:00+00:00,6042.5,6062.0,6031.5,6057.0,75255
1913,2025-07-08 16:00:00+00:00,6057.0,6057.0,6015.5,6021.0,55123
1914,2025-07-08 18:00:00+00:00,6021.0,6025.5,6012.0,6017.0,38483
1915,2025-07-08 20:00:00+00:00,6017.0,6019.5,6000.0,6013.0,53427
1916,2025-07-09 02:00:00+00:00,6013.0,6013.0,6013.0,6013.0,475
1917,2025-07-09 04:00:00+00:00,6012.0,6041.0,6010.0,6039.0,27536
1918,2025-07-09 06:00:00+00:00,6038.5,6056.0,5961.0,5987.5,158430
1919,2025-07-09 08:00:00+00:00,5987.5,5990.0,5920.0,5932.0,216326
1920,2025-07-09 10:00:00+00:00,5931.0,5951.5,5890.5,5911.5,227149
1921,2025-07-09 12:00:00+00:00,5912.0,6223.0,5910.0,5929.0,373825
1922,2025-07-09 14:00:00+00:00,5928.0,5929.5,5886.5,5913.5,150421
1923,2025-07-09 16:00:00+00:00,5917.5,5935.0,5900.5,5918.5,72496
1924,2025-07-09 18:00:00+00:00,5918.0,5955.5,5911.0,5954.5,38733
1925,2025-07-09 20:00:00+00:00,5954.5,5955.5,5913.5,5934.0,17612
1926,2025-07-10 02:00:00+00:00,5944.0,5944.0,5944.0,5944.0,92
1927,2025-07-10 04:00:00+00:00,5949.5,5950.0,5930.5,5950.0,24040
1928,2025-07-10 06:00:00+00:00,5950.0,5967.0,5930.0,5950.0,84751
1929,2025-07-10 08:00:00+00:00,5950.0,5965.0,5914.0,5920.5,118546
1930,2025-07-10 10:00:00+00:00,5921.5,5943.0,5903.0,5926.0,68442
1931,2025-07-10 12:00:00+00:00,5927.0,5957.5,5915.5,5943.5,63617
1932,2025-07-10 14:00:00+00:00,5944.5,5961.0,5944.5,5959.0,76580
1933,2025-07-10 16:00:00+00:00,5959.5,5959.5,5935.0,5945.5,23737
1934,2025-07-10 18:00:00+00:00,5945.5,5946.5,5936.0,5940.0,10227
1935,2025-07-10 20:00:00+00:00,5940.0,5940.0,5930.0,5932.5,6868
1936,2025-07-11 02:00:00+00:00,5932.0,5932.0,5932.0,5932.0,241
1937,2025-07-11 04:00:00+00:00,5931.5,5941.5,5887.0,5890.5,50280
1938,2025-07-11 06:00:00+00:00,5890.5,5898.0,5856.5,5880.5,124164
1939,2025-07-11 08:00:00+00:00,5880.5,5884.5,5806.5,5819.0,223916
1940,2025-07-11 10:00:00+00:00,5819.0,5825.0,5798.5,5816.0,159195
1941,2025-07-11 12:00:00+00:00,5815.5,5845.0,5814.0,5840.5,85815
1942,2025-07-11 14:00:00+00:00,5840.5,5840.5,5706.0,5735.0,377686
1943,2025-07-11 16:00:00+00:00,5738.0,5758.5,5721.0,5734.5,93715
1944,2025-07-11 18:00:00+00:00,5735.0,5738.0,5722.0,5733.5,41959
1945,2025-07-11 20:00:00+00:00,5732.5,5740.0,5729.0,5737.5,16280
1946,2025-07-12 06:00:00+00:00,5740.5,5779.0,5740.0,5772.5,18602
1947,2025-07-12 08:00:00+00:00,5772.5,5789.0,5770.0,5775.0,18662
1948,2025-07-12 10:00:00+00:00,5774.0,5776.5,5761.0,5761.5,7872
1949,2025-07-12 12:00:00+00:00,5761.0,5766.5,5760.0,5764.0,5097
1950,2025-07-12 14:00:00+00:00,5765.0,5768.5,5760.5,5765.0,5168
1951,2025-07-13 06:00:00+00:00,5765.0,5787.0,5765.0,5772.0,9302
1952,2025-07-13 08:00:00+00:00,5772.0,5772.0,5735.0,5740.0,20014
1953,2025-07-13 10:00:00+00:00,5740.0,5742.0,5710.5,5726.5,19822
1954,2025-07-13 12:00:00+00:00,5726.5,5734.5,5715.5,5724.5,9448
1955,2025-07-13 14:00:00+00:00,5724.5,5745.0,5721.0,5744.5,13330
1956,2025-07-14 02:00:00+00:00,5713.5,5713.5,5713.5,5713.5,1087
1957,2025-07-14 04:00:00+00:00,5714.0,5726.0,5628.5,5656.5,162647
1958,2025-07-14 06:00:00+00:00,5656.5,5726.5,5626.0,5723.5,213957
1959,2025-07-14 08:00:00+00:00,5724.0,5731.0,5662.5,5668.0,191268
1960,2025-07-14 10:00:00+00:00,5668.0,5705.0,5656.0,5700.0,68490
1961,2025-07-14 12:00:00+00:00,5700.0,5765.0,5699.5,5708.5,123146
1962,2025-07-14 14:00:00+00:00,5709.0,5879.5,5671.0,5851.5,407188
1963,2025-07-14 16:00:00+00:00,5857.5,5937.5,5855.5,5918.5,244280
1964,2025-07-14 18:00:00+00:00,5917.5,5946.5,5912.0,5938.5,50322
1965,2025-07-14 20:00:00+00:00,5939.0,5945.0,5925.0,5933.0,30279
1966,2025-07-15 02:00:00+00:00,5937.0,5937.0,5937.0,5937.0,277
1967,2025-07-15 04:00:00+00:00,5936.5,5965.0,5904.0,5956.5,72911
1968,2025-07-15 06:00:00+00:00,5956.0,5980.0,5918.0,5925.5,135749
1969,2025-07-15 08:00:00+00:00,5925.0,5959.5,5907.5,5928.0,120990
1970,2025-07-15 10:00:00+00:00,5928.5,5941.5,5917.0,5933.0,91261
1971,2025-07-15 12:00:00+00:00,5933.5,5938.0,5910.0,5931.0,71972
1972,2025-07-15 12:00:00+00:00,5933.5,5938.0,5910.0,5931.0,71972
1973,2025-07-15 14:00:00+00:00,5932.5,5948.5,5913.0,5930.0,81046
1974,2025-07-15 16:00:00+00:00,5930.0,5930.0,5915.0,5919.0,21964
1975,2025-07-15 18:00:00+00:00,5919.5,5925.5,5915.0,5915.5,29741
1976,2025-07-15 20:00:00+00:00,5915.5,5919.0,5911.0,5913.5,12609
1977,2025-07-16 02:00:00+00:00,5916.0,5916.0,5916.0,5916.0,59
1978,2025-07-16 04:00:00+00:00,5920.0,5942.5,5918.0,5933.5,27660
1979,2025-07-16 06:00:00+00:00,5933.5,5953.5,5887.0,5911.0,116953
1980,2025-07-16 08:00:00+00:00,5910.0,5953.5,5907.5,5949.0,128078
1981,2025-07-16 10:00:00+00:00,5948.5,5974.5,5943.0,5968.0,105986
1982,2025-07-16 12:00:00+00:00,5968.0,5970.0,5944.5,5951.5,92456
1983,2025-07-16 14:00:00+00:00,5951.5,5952.5,5910.0,5929.5,90726
1984,2025-07-16 16:00:00+00:00,5929.5,5953.5,5922.5,5950.0,38319
1985,2025-07-16 18:00:00+00:00,5949.0,5952.5,5936.5,5938.0,14831
1986,2025-07-16 20:00:00+00:00,5939.0,5950.0,5931.0,5943.0,12106
1987,2025-07-17 02:00:00+00:00,5943.0,5943.0,5943.0,5943.0,86
1988,2025-07-17 04:00:00+00:00,5949.5,5974.0,5943.5,5965.5,40209
1989,2025-07-17 06:00:00+00:00,5965.5,5973.0,5960.0,5963.0,52980
1990,2025-07-17 08:00:00+00:00,5963.0,5995.5,5961.5,5995.5,127704
1991,2025-07-17 10:00:00+00:00,5995.5,6009.0,5954.0,5977.0,155939
1992,2025-07-17 12:00:00+00:00,5976.0,5980.0,5930.0,5938.5,88029
1993,2025-07-17 14:00:00+00:00,5938.0,5971.5,5930.0,5930.0,70141
1994,2025-07-17 16:00:00+00:00,5930.0,5944.5,5910.5,5944.0,37425
1995,2025-07-17 18:00:00+00:00,5944.0,5944.0,5917.5,5918.5,24033
1996,2025-07-17 20:00:00+00:00,5918.0,5931.0,5918.0,5925.5,14407
1997,2025-07-18 02:00:00+00:00,5925.5,5925.5,5925.5,5925.5,313
1998,2025-07-18 04:00:00+00:00,5925.0,5969.0,5909.0,5957.5,39735
1999,2025-07-18 06:00:00+00:00,5956.5,6012.0,5927.5,6004.5,170462
2000,2025-07-18 08:00:00+00:00,6004.5,6058.5,6002.5,6047.5,188040
2001,2025-07-18 10:00:00+00:00,6047.5,6064.0,6016.0,6036.0,98525
2002,2025-07-18 12:00:00+00:00,6035.5,6055.0,6017.5,6050.5,80121
2003,2025-07-18 14:00:00+00:00,6050.0,6074.5,6045.0,6065.5,85993
2004,2025-07-18 16:00:00+00:00,6065.5,6075.0,6054.0,6069.5,32260
2005,2025-07-18 18:00:00+00:00,6070.0,6099.0,6063.5,6094.5,34507
2006,2025-07-18 20:00:00+00:00,6095.5,6115.0,6091.0,6114.5,31850
2007,2025-07-19 06:00:00+00:00,6128.0,6194.5,6120.0,6175.0,60571
2008,2025-07-19 08:00:00+00:00,6175.5,6179.0,6162.0,6165.5,20068
2009,2025-07-19 10:00:00+00:00,6164.5,6172.0,6161.5,6168.5,7143
2010,2025-07-19 12:00:00+00:00,6168.5,6170.5,6160.0,6168.0,7723
2011,2025-07-19 14:00:00+00:00,6166.0,6170.5,6151.0,6168.0,12567
2012,2025-07-20 06:00:00+00:00,6170.0,6195.0,6168.5,6176.0,11073
2013,2025-07-20 08:00:00+00:00,6176.0,6180.0,6161.5,6167.0,9767
2014,2025-07-20 10:00:00+00:00,6165.5,6180.0,6161.5,6178.0,6001
2015,2025-07-20 12:00:00+00:00,6179.0,6185.0,6177.0,6181.5,3914
2016,2025-07-20 14:00:00+00:00,6181.5,6183.0,6170.5,6178.5,6891
2017,2025-07-21 02:00:00+00:00,6178.5,6178.5,6178.5,6178.5,119
2018,2025-07-21 04:00:00+00:00,6178.5,6219.0,6169.5,6214.5,59933
2019,2025-07-21 06:00:00+00:00,6214.5,6214.5,6151.0,6178.5,107917
2020,2025-07-21 08:00:00+00:00,6178.0,6216.0,6165.5,6209.5,88345
2021,2025-07-21 10:00:00+00:00,6209.0,6219.0,6173.0,6176.0,123412
2022,2025-07-21 12:00:00+00:00,6176.0,6191.0,6166.0,6186.0,76853
2023,2025-07-21 14:00:00+00:00,6185.5,6198.5,6155.0,6167.0,69196
2024,2025-07-21 16:00:00+00:00,6167.0,6173.5,6152.5,6158.0,31762
2025,2025-07-21 18:00:00+00:00,6158.0,6176.0,6155.5,6162.5,15295
2026,2025-07-21 20:00:00+00:00,6162.5,6170.5,6162.5,6170.0,4760
2027,2025-07-22 02:00:00+00:00,6170.0,6170.0,6170.0,6170.0,27
2028,2025-07-22 04:00:00+00:00,6170.0,6177.0,6133.0,6133.5,46634
2029,2025-07-22 06:00:00+00:00,6133.5,6175.0,6127.0,6137.0,85478
2030,2025-07-22 08:00:00+00:00,6136.5,6180.0,6133.0,6177.0,75314
2031,2025-07-22 10:00:00+00:00,6177.5,6194.5,6163.5,6184.5,61708
2032,2025-07-22 12:00:00+00:00,6183.0,6210.0,6176.0,6204.0,97715
2033,2025-07-22 12:00:00+00:00,6183.0,6210.0,6176.0,6204.0,97715
2034,2025-07-22 14:00:00+00:00,6204.0,6204.0,6183.0,6185.5,47546
2035,2025-07-22 16:00:00+00:00,6187.5,6195.0,6187.5,6194.0,18332
2036,2025-07-22 18:00:00+00:00,6193.5,6200.0,6192.5,6200.0,13314
2037,2025-07-22 20:00:00+00:00,6200.0,6202.0,6194.5,6196.5,6330
2038,2025-07-23 02:00:00+00:00,6197.0,6197.0,6197.0,6197.0,56
2039,2025-07-23 04:00:00+00:00,6198.0,6216.0,6197.5,6205.0,22414
2040,2025-07-23 06:00:00+00:00,6205.0,6228.5,6202.0,6218.5,75561
2041,2025-07-23 08:00:00+00:00,6218.5,6239.5,6218.5,6237.0,87662
2042,2025-07-23 10:00:00+00:00,6237.5,6243.5,6212.5,6238.5,53283
2043,2025-07-23 12:00:00+00:00,6238.5,6249.5,6216.0,6217.5,89050
2044,2025-07-23 14:00:00+00:00,6218.0,6224.0,6195.0,6224.0,84346
2045,2025-07-23 16:00:00+00:00,6225.0,6233.0,6201.5,6213.5,30832
2046,2025-07-23 18:00:00+00:00,6213.0,6213.5,6196.0,6201.5,29969
2047,2025-07-23 20:00:00+00:00,6201.0,6201.5,6190.0,6190.0,8007
2048,2025-07-24 02:00:00+00:00,6177.0,6177.0,6177.0,6177.0,1553
2049,2025-07-24 04:00:00+00:00,6184.5,6216.0,6178.0,6206.0,23411
2050,2025-07-24 06:00:00+00:00,6205.5,6215.5,6184.0,6194.5,50394
2051,2025-07-24 08:00:00+00:00,6194.0,6207.0,6170.0,6197.5,74675
2052,2025-07-24 10:00:00+00:00,6197.5,6205.0,6154.0,6166.0,72816
2053,2025-07-24 12:00:00+00:00,6165.5,6182.5,6157.5,6168.5,35415
2054,2025-07-24 14:00:00+00:00,6168.5,6178.5,6150.5,6159.0,58179
2055,2025-07-24 16:00:00+00:00,6158.0,6174.5,6152.5,6165.0,14357
2056,2025-07-24 18:00:00+00:00,6165.0,6174.5,6159.5,6160.0,9502
2057,2025-07-24 20:00:00+00:00,6160.0,6172.0,6159.0,6169.0,4458
2058,2025-07-25 02:00:00+00:00,6169.0,6169.0,6169.0,6169.0,167
2059,2025-07-25 04:00:00+00:00,6173.5,6190.0,6160.0,6184.0,9174
2060,2025-07-25 06:00:00+00:00,6183.5,6196.5,6173.5,6192.5,46863
2061,2025-07-25 08:00:00+00:00,6192.5,6195.0,6185.0,6187.0,31102
2062,2025-07-25 10:00:00+00:00,6187.0,6192.0,6130.0,6151.0,230819
2063,2025-07-25 12:00:00+00:00,6151.0,6167.0,6073.0,6089.0,187154
2064,2025-07-25 14:00:00+00:00,6088.0,6088.5,6053.0,6058.0,97243
2065,2025-07-25 16:00:00+00:00,6058.0,6087.0,6050.0,6077.0,42460
2066,2025-07-25 18:00:00+00:00,6076.5,6090.0,6067.5,6072.0,17808
2067,2025-07-25 20:00:00+00:00,6072.0,6076.0,6067.0,6074.5,5495
2068,2025-07-26 06:00:00+00:00,6095.0,6110.0,6091.0,6104.5,8878
2069,2025-07-26 08:00:00+00:00,6104.5,6106.0,6094.0,6100.0,5389
2070,2025-07-26 10:00:00+00:00,6100.0,6100.0,6093.0,6096.0,3186
2071,2025-07-26 12:00:00+00:00,6095.0,6098.5,6093.5,6097.0,2563
2072,2025-07-26 14:00:00+00:00,6097.0,6101.0,6092.5,6098.0,4368
2073,2025-07-27 06:00:00+00:00,6097.0,6101.0,6092.5,6096.0,1745
2074,2025-07-27 08:00:00+00:00,6095.0,6099.0,6091.0,6093.0,4084
2075,2025-07-27 10:00:00+00:00,6095.0,6095.5,6082.5,6090.0,3758
2076,2025-07-27 12:00:00+00:00,6089.0,6089.0,6075.0,6086.5,4589
2077,2025-07-27 14:00:00+00:00,6086.0,6086.0,6074.0,6078.5,4227
2078,2025-07-28 02:00:00+00:00,6076.0,6076.0,6076.0,6076.0,141
2079,2025-07-28 04:00:00+00:00,6075.5,6085.5,6040.0,6069.5,28267
2080,2025-07-28 06:00:00+00:00,6069.0,6072.5,6020.5,6044.0,77337
2081,2025-07-28 08:00:00+00:00,6044.0,6089.0,6040.5,6075.0,78569
2082,2025-07-28 10:00:00+00:00,6075.5,6118.0,6040.5,6042.0,129869
2083,2025-07-28 12:00:00+00:00,6042.5,6043.0,5970.0,6003.0,280360
2084,2025-07-28 14:00:00+00:00,6002.0,6006.0,5980.5,5985.0,81588
2085,2025-07-28 16:00:00+00:00,5987.0,5994.5,5971.5,5981.0,32819
2086,2025-07-28 18:00:00+00:00,5981.0,5993.0,5972.5,5973.0,27275
2087,2025-07-28 20:00:00+00:00,5973.0,5984.5,5969.0,5981.5,11687
2088,2025-07-29 02:00:00+00:00,5993.0,5993.0,5993.0,5993.0,33
2089,2025-07-29 04:00:00+00:00,5995.0,6030.5,5981.0,6016.0,31819
2090,2025-07-29 06:00:00+00:00,6015.5,6027.0,5995.0,6009.0,69996
2091,2025-07-29 08:00:00+00:00,6010.5,6028.5,5996.0,6001.5,80886
2092,2025-07-29 10:00:00+00:00,6001.5,6023.5,5996.0,6012.0,45049
2093,2025-07-29 12:00:00+00:00,6012.0,6016.0,5990.0,5998.0,53329
2094,2025-07-29 12:00:00+00:00,6012.0,6016.0,5990.0,5998.0,53329
2095,2025-07-29 14:00:00+00:00,5998.5,6015.0,5992.0,6009.0,47752
2096,2025-07-29 16:00:00+00:00,6009.0,6021.0,5964.0,5964.0,79331
2097,2025-07-29 18:00:00+00:00,5965.0,5990.0,5955.0,5990.0,50697
2098,2025-07-29 20:00:00+00:00,5989.5,6010.0,5989.5,6005.0,11858
2099,2025-07-30 02:00:00+00:00,6005.0,6005.0,6005.0,6005.0,364
2100,2025-07-30 04:00:00+00:00,6005.0,6020.0,5980.5,5991.0,16812
2101,2025-07-30 06:00:00+00:00,5990.5,6026.0,5962.0,5980.5,75708
2102,2025-07-30 08:00:00+00:00,5980.5,5980.5,5945.0,5960.5,99353
2103,2025-07-30 10:00:00+00:00,5959.5,5969.5,5950.0,5957.0,51025
2104,2025-07-30 12:00:00+00:00,5957.5,5966.5,5902.0,5917.5,142878
2105,2025-07-30 14:00:00+00:00,5918.0,5939.0,5915.0,5924.5,62135
2106,2025-07-30 16:00:00+00:00,5931.5,5934.5,5910.5,5919.5,29087
2107,2025-07-30 18:00:00+00:00,5918.5,5927.5,5918.5,5926.0,11938
2108,2025-07-30 20:00:00+00:00,5926.5,5927.5,5925.5,5925.5,6043
2109,2025-07-31 02:00:00+00:00,5925.0,5925.0,5925.0,5925.0,205
2110,2025-07-31 04:00:00+00:00,5925.0,5940.0,5918.5,5937.0,18594
2111,2025-07-31 06:00:00+00:00,5937.0,5968.5,5923.0,5925.5,76010
2112,2025-07-31 08:00:00+00:00,5925.0,5930.0,5905.0,5913.5,82711
2113,2025-07-31 10:00:00+00:00,5915.0,5930.0,5890.0,5902.0,104926
2114,2025-07-31 12:00:00+00:00,5902.5,5912.5,5870.5,5911.0,100600
2115,2025-07-31 14:00:00+00:00,5911.0,5925.5,5900.5,5924.0,44251
2116,2025-07-31 16:00:00+00:00,5923.5,5937.5,5918.5,5921.0,25136
2117,2025-07-31 18:00:00+00:00,5921.5,5924.0,5917.0,5923.0,9658
2118,2025-07-31 20:00:00+00:00,5923.0,5929.5,5920.5,5922.0,5299
2119,2025-08-01 02:00:00+00:00,5930.0,5930.0,5930.0,5930.0,59
2120,2025-08-01 04:00:00+00:00,5930.0,5948.0,5924.0,5933.5,20665
2121,2025-08-01 06:00:00+00:00,5935.5,5944.5,5926.5,5939.5,56416
2122,2025-08-01 08:00:00+00:00,5940.0,5942.0,5925.0,5929.0,50935
2123,2025-08-01 10:00:00+00:00,5928.0,5940.5,5905.0,5909.5,86114
2124,2025-08-01 12:00:00+00:00,5908.5,5940.0,5907.0,5937.0,56217
2125,2025-08-01 14:00:00+00:00,5937.5,5938.0,5920.0,5920.0,50081
2126,2025-08-01 16:00:00+00:00,5928.0,5933.0,5888.0,5926.0,61510
2127,2025-08-01 18:00:00+00:00,5926.0,5944.5,5917.0,5920.5,25477
2128,2025-08-01 20:00:00+00:00,5920.5,5925.0,5910.0,5910.5,10908
2129,2025-08-04 02:00:00+00:00,5924.0,5924.0,5924.0,5924.0,227
2130,2025-08-04 04:00:00+00:00,5930.0,5944.0,5924.0,5940.0,12216
2131,2025-08-04 06:00:00+00:00,5940.0,5964.0,5924.5,5957.0,55804
2132,2025-08-04 08:00:00+00:00,5956.5,6003.5,5953.5,5995.0,140741
2133,2025-08-04 10:00:00+00:00,5995.0,6039.0,5985.0,6029.0,171574
2134,2025-08-04 12:00:00+00:00,6028.5,6049.5,6020.5,6049.5,148906
2135,2025-08-04 14:00:00+00:00,6049.5,6071.5,6042.0,6064.0,179165
2136,2025-08-04 16:00:00+00:00,6063.0,6070.0,6050.0,6068.5,48655
2137,2025-08-04 18:00:00+00:00,6068.5,6099.0,6063.0,6085.5,81097
2138,2025-08-04 20:00:00+00:00,6085.0,6097.5,6085.0,6097.5,10816
2139,2025-08-05 02:00:00+00:00,6083.5,6083.5,6083.5,6083.5,491
2140,2025-08-05 04:00:00+00:00,6095.5,6097.5,6056.5,6072.0,51638
2141,2025-08-05 06:00:00+00:00,6072.5,6093.5,6061.5,6073.5,55788
2142,2025-08-05 08:00:00+00:00,6074.0,6080.5,6034.5,6038.0,94440
2143,2025-08-05 10:00:00+00:00,6038.0,6054.0,6035.0,6048.0,55789
2144,2025-08-05 12:00:00+00:00,6048.5,6110.5,6039.0,6068.0,156083
2145,2025-08-05 12:00:00+00:00,6048.5,6110.5,6039.0,6068.0,156083
2146,2025-08-05 14:00:00+00:00,6068.5,6077.5,6056.0,6060.0,60113
2147,2025-08-05 16:00:00+00:00,6060.0,6100.0,6060.0,6077.0,69588
2148,2025-08-05 18:00:00+00:00,6076.0,6092.5,6075.0,6091.0,23965
2149,2025-08-05 20:00:00+00:00,6091.5,6095.5,6077.0,6081.0,10855
2150,2025-08-06 02:00:00+00:00,6083.0,6083.0,6083.0,6083.0,44
2151,2025-08-06 04:00:00+00:00,6085.0,6097.5,6073.0,6078.0,11817
2152,2025-08-06 06:00:00+00:00,6078.5,6091.0,6062.0,6069.0,53926
2153,2025-08-06 08:00:00+00:00,6069.0,6077.0,6050.5,6075.5,56953
2154,2025-08-06 10:00:00+00:00,6075.5,6079.0,6047.5,6075.5,48985
2155,2025-08-06 12:00:00+00:00,6075.0,6095.0,6038.0,6039.5,86986
2156,2025-08-06 14:00:00+00:00,6039.5,6095.5,5985.0,6001.5,195103
2157,2025-08-06 16:00:00+00:00,6003.0,6098.0,5990.0,6086.5,200429
2158,2025-08-06 18:00:00+00:00,6086.5,6250.0,6083.0,6191.0,412143
2159,2025-08-06 20:00:00+00:00,6191.0,6200.0,6147.0,6170.0,93435
2160,2025-08-07 02:00:00+00:00,6169.0,6169.0,6169.0,6169.0,611
2161,2025-08-07 04:00:00+00:00,6169.0,6179.0,6135.0,6173.5,43735
2162,2025-08-07 06:00:00+00:00,6171.5,6180.0,6111.5,6146.5,126526
2163,2025-08-07 08:00:00+00:00,6148.0,6290.0,6145.0,6227.0,451994
2164,2025-08-07 10:00:00+00:00,6227.5,6273.0,6201.0,6264.0,156960
2165,2025-08-07 12:00:00+00:00,6264.0,6279.0,6230.0,6258.5,111562
2166,2025-08-07 14:00:00+00:00,6258.5,6296.0,6210.5,6225.0,175485
2167,2025-08-07 16:00:00+00:00,6218.5,6224.5,6161.5,6166.0,151443
2168,2025-08-07 18:00:00+00:00,6166.0,6229.0,6165.0,6184.0,93145
2169,2025-08-07 20:00:00+00:00,6184.0,6226.5,6169.5,6202.5,61010
2170,2025-08-08 02:00:00+00:00,6224.0,6224.0,6224.0,6224.0,136
2171,2025-08-08 04:00:00+00:00,6224.0,6235.5,6202.0,6217.5,20028
2172,2025-08-08 06:00:00+00:00,6217.5,6231.0,6187.5,6188.0,91681
2173,2025-08-08 08:00:00+00:00,6187.5,6205.0,6179.5,6195.5,62473
2174,2025-08-08 10:00:00+00:00,6194.0,6242.0,6183.5,6235.0,92688
2175,2025-08-08 12:00:00+00:00,6235.0,6259.0,6225.5,6238.5,69290
2176,2025-08-08 14:00:00+00:00,6240.0,6274.5,6227.5,6250.0,180750
2177,2025-08-08 16:00:00+00:00,6250.0,6268.0,6243.0,6253.5,48232
2178,2025-08-08 18:00:00+00:00,6254.0,6273.0,6252.0,6270.0,25754
2179,2025-08-08 20:00:00+00:00,6270.0,6331.5,6269.0,6320.0,89041
2180,2025-08-11 02:00:00+00:00,6355.0,6355.0,6355.0,6355.0,5428
2181,2025-08-11 04:00:00+00:00,6356.0,6430.0,6352.5,6410.0,159142
2182,2025-08-11 06:00:00+00:00,6410.0,6410.5,6340.5,6342.0,188557
2183,2025-08-11 08:00:00+00:00,6342.0,6388.5,6334.5,6345.0,113917
2184,2025-08-11 10:00:00+00:00,6345.0,6370.0,6320.5,6348.5,112981
2185,2025-08-11 12:00:00+00:00,6348.5,6364.0,6329.0,6362.5,55924
2186,2025-08-11 14:00:00+00:00,6362.5,6382.5,6323.0,6323.5,78259
2187,2025-08-11 16:00:00+00:00,6323.0,6345.5,6319.0,6328.0,55761
2188,2025-08-11 18:00:00+00:00,6328.5,6340.0,6320.5,6340.0,13671
2189,2025-08-11 20:00:00+00:00,6339.5,6342.0,6330.5,6336.5,6827
2190,2025-08-12 02:00:00+00:00,6356.5,6356.5,6356.5,6356.5,1014
2191,2025-08-12 04:00:00+00:00,6354.0,6361.5,6291.5,6313.0,33765
2192,2025-08-12 06:00:00+00:00,6313.0,6339.5,6313.0,6329.0,44085
2193,2025-08-12 08:00:00+00:00,6329.0,6353.5,6320.5,6353.5,96032
2194,2025-08-12 10:00:00+00:00,6353.0,6365.5,6343.0,6356.0,66408
2195,2025-08-12 12:00:00+00:00,6356.0,6385.0,6344.5,6378.0,62037
2196,2025-08-12 12:00:00+00:00,6356.0,6385.0,6344.5,6378.0,62037
2197,2025-08-12 14:00:00+00:00,6378.0,6396.0,6361.5,6370.0,80441
2198,2025-08-12 16:00:00+00:00,6371.0,6382.5,6361.0,6378.0,22905
2199,2025-08-12 18:00:00+00:00,6378.0,6381.5,6370.0,6379.0,8705
2200,2025-08-12 20:00:00+00:00,6378.0,6385.5,6375.5,6385.0,7556
2201,2025-08-13 02:00:00+00:00,6385.0,6385.0,6385.0,6385.0,238
2202,2025-08-13 04:00:00+00:00,6385.5,6395.0,6367.5,6372.0,18499
2203,2025-08-13 06:00:00+00:00,6371.0,6382.0,6360.5,6364.5,57521
2204,2025-08-13 08:00:00+00:00,6364.5,6382.5,6346.0,6365.5,101315
2205,2025-08-13 10:00:00+00:00,6365.5,6365.5,6330.0,6334.5,63101
2206,2025-08-13 12:00:00+00:00,6333.5,6367.5,6322.0,6355.5,86918
2207,2025-08-13 14:00:00+00:00,6355.5,6377.5,6345.0,6355.0,85955
2208,2025-08-13 16:00:00+00:00,6356.5,6367.5,6334.0,6339.0,27741
2209,2025-08-13 18:00:00+00:00,6339.0,6346.0,6335.0,6339.0,9531
2210,2025-08-13 20:00:00+00:00,6339.0,6339.0,6326.0,6336.0,13081
2211,2025-08-14 02:00:00+00:00,6336.0,6336.0,6336.0,6336.0,22
2212,2025-08-14 04:00:00+00:00,6336.0,6337.0,6302.5,6320.0,21778
2213,2025-08-14 06:00:00+00:00,6320.0,6324.0,6283.0,6315.0,77384
2214,2025-08-14 08:00:00+00:00,6314.0,6335.0,6295.0,6333.0,70778
2215,2025-08-14 10:00:00+00:00,6332.5,6367.0,6330.0,6365.0,75161
2216,2025-08-14 12:00:00+00:00,6365.5,6394.5,6365.5,6391.5,128309
2217,2025-08-14 14:00:00+00:00,6391.5,6399.0,6371.0,6386.0,93892
2218,2025-08-14 16:00:00+00:00,6386.0,6400.0,6380.5,6395.0,34100
2219,2025-08-14 18:00:00+00:00,6395.0,6403.5,6385.0,6391.5,28214
2220,2025-08-14 20:00:00+00:00,6392.0,6392.0,6386.5,6387.0,4171
2221,2025-08-15 02:00:00+00:00,6401.0,6401.0,6401.0,6401.0,202
2222,2025-08-15 04:00:00+00:00,6400.5,6417.0,6390.0,6413.0,28715
2223,2025-08-15 06:00:00+00:00,6412.0,6413.5,6380.5,6388.5,54857
2224,2025-08-15 08:00:00+00:00,6388.5,6432.5,6385.5,6422.0,80845
2225,2025-08-15 10:00:00+00:00,6422.0,6429.5,6413.0,6427.0,64896
2226,2025-08-15 12:00:00+00:00,6427.0,6439.5,6420.0,6434.0,60407
2227,2025-08-15 14:00:00+00:00,6434.5,6449.0,6432.0,6445.5,79896
2228,2025-08-15 16:00:00+00:00,6445.5,6475.0,6437.0,6449.0,97046
2229,2025-08-15 18:00:00+00:00,6450.0,6468.5,6440.5,6447.0,56579
2230,2025-08-15 20:00:00+00:00,6446.0,6451.0,6425.5,6444.0,33159
2231,2025-08-16 06:00:00+00:00,6393.0,6393.0,6275.0,6343.5,99859
2232,2025-08-16 08:00:00+00:00,6343.5,6343.5,6306.5,6307.0,63575
2233,2025-08-16 10:00:00+00:00,6307.5,6320.0,6305.0,6318.5,22449
2234,2025-08-16 12:00:00+00:00,6320.0,6370.0,6318.5,6363.0,31175
2235,2025-08-16 14:00:00+00:00,6363.0,6371.0,6351.0,6360.0,14158
2236,2025-08-17 06:00:00+00:00,6360.0,6363.0,6336.5,6336.5,12928
2237,2025-08-17 08:00:00+00:00,6337.5,6349.5,6330.0,6349.5,7110
2238,2025-08-17 10:00:00+00:00,6349.5,6349.5,6334.5,6341.0,3818
2239,2025-08-17 12:00:00+00:00,6340.5,6344.5,6315.5,6338.5,16435
2240,2025-08-17 14:00:00+00:00,6338.5,6348.0,6331.0,6337.5,11301
2241,2025-08-18 02:00:00+00:00,6334.0,6334.0,6334.0,6334.0,168
2242,2025-08-18 04:00:00+00:00,6334.0,6380.0,6324.0,6371.0,36158
2243,2025-08-18 06:00:00+00:00,6370.5,6370.5,6321.0,6331.0,77727
2244,2025-08-18 08:00:00+00:00,6331.0,6372.5,6328.0,6364.0,60299
2245,2025-08-18 10:00:00+00:00,6365.0,6369.0,6353.5,6365.5,30051
2246,2025-08-18 12:00:00+00:00,6366.0,6390.0,6359.0,6376.5,43288
2247,2025-08-18 14:00:00+00:00,6376.5,6380.0,6355.0,6355.0,88057
2248,2025-08-18 16:00:00+00:00,6356.0,6389.0,6339.0,6377.5,46411
2249,2025-08-18 18:00:00+00:00,6378.0,6491.5,6372.5,6425.0,141667
2250,2025-08-18 20:00:00+00:00,6425.0,6429.5,6409.0,6420.0,16643
2251,2025-08-19 02:00:00+00:00,6420.0,6420.0,6420.0,6420.0,712
2252,2025-08-19 04:00:00+00:00,6419.0,6429.0,6396.5,6407.0,42405
2253,2025-08-19 06:00:00+00:00,6407.0,6439.5,6403.5,6424.0,63196
2254,2025-08-19 08:00:00+00:00,6425.0,6426.5,6366.0,6369.0,79574
2255,2025-08-19 10:00:00+00:00,6369.0,6388.0,6368.5,6384.0,49188
2256,2025-08-19 12:00:00+00:00,6385.0,6391.0,6368.0,6387.5,54691
2257,2025-08-19 12:00:00+00:00,6385.0,6391.0,6368.0,6387.5,54691
2258,2025-08-19 14:00:00+00:00,6387.0,6396.0,6350.0,6360.0,58383
2259,2025-08-19 16:00:00+00:00,6351.5,6387.5,6340.0,6380.5,49203
2260,2025-08-19 18:00:00+00:00,6380.5,6385.0,6368.0,6376.5,17267
2261,2025-08-19 20:00:00+00:00,6377.0,6377.0,6365.0,6365.0,6506
2262,2025-08-20 02:00:00+00:00,6365.5,6365.5,6365.5,6365.5,22
2263,2025-08-20 04:00:00+00:00,6366.0,6382.0,6365.5,6373.0,8086
2264,2025-08-20 06:00:00+00:00,6373.0,6377.0,6347.0,6351.0,41117
2265,2025-08-20 08:00:00+00:00,6350.5,6374.5,6345.5,6360.5,26742
2266,2025-08-20 10:00:00+00:00,6360.5,6360.5,6300.0,6324.5,94252
2267,2025-08-20 12:00:00+00:00,6324.0,6338.0,6304.5,6311.5,67080
2268,2025-08-20 14:00:00+00:00,6311.0,6339.0,6305.0,6339.0,42601
2269,2025-08-20 16:00:00+00:00,6339.0,6339.5,6303.0,6312.5,24549
2270,2025-08-20 18:00:00+00:00,6312.5,6318.5,6301.5,6314.5,15266
2271,2025-08-20 20:00:00+00:00,6314.5,6317.5,6310.5,6311.5,4461
2272,2025-08-21 02:00:00+00:00,6311.5,6311.5,6311.5,6311.5,90
2273,2025-08-21 04:00:00+00:00,6312.0,6323.5,6311.0,6315.0,6299
2274,2025-08-21 06:00:00+00:00,6315.5,6325.0,6282.5,6291.5,73781
2275,2025-08-21 08:00:00+00:00,6291.5,6324.0,6272.5,6320.0,82705
2276,2025-08-21 10:00:00+00:00,6321.0,6342.5,6286.0,6327.0,79274
2277,2025-08-21 12:00:00+00:00,6327.0,6331.0,6287.0,6292.5,41055
2278,2025-08-21 14:00:00+00:00,6292.0,6300.0,6243.0,6260.0,88424
2279,2025-08-21 16:00:00+00:00,6260.0,6261.5,6234.0,6258.0,48400
2280,2025-08-21 18:00:00+00:00,6258.0,6260.0,6237.0,6238.5,18159
2281,2025-08-21 20:00:00+00:00,6240.5,6252.5,6240.0,6249.0,7145
2282,2025-08-22 02:00:00+00:00,6249.0,6249.0,6249.0,6249.0,47
2283,2025-08-22 04:00:00+00:00,6249.0,6264.5,6238.0,6255.0,17779
2284,2025-08-22 06:00:00+00:00,6254.5,6277.0,6237.5,6249.0,81435
2285,2025-08-22 08:00:00+00:00,6249.5,6282.0,6244.0,6265.0,74603
2286,2025-08-22 10:00:00+00:00,6265.0,6324.0,6265.0,6300.0,87483
2287,2025-08-22 12:00:00+00:00,6300.0,6308.0,6276.0,6301.5,73634
2288,2025-08-22 14:00:00+00:00,6301.5,6340.0,6291.0,6321.0,80410
2289,2025-08-22 16:00:00+00:00,6325.0,6338.5,6307.0,6310.0,25615
2290,2025-08-22 18:00:00+00:00,6310.0,6322.5,6309.5,6322.5,7855
2291,2025-08-22 20:00:00+00:00,6322.0,6335.0,6322.0,6326.0,7603
2292,2025-08-23 06:00:00+00:00,6326.0,6340.0,6300.0,6323.0,6991
2293,2025-08-23 08:00:00+00:00,6323.0,6323.5,6315.5,6316.5,3813
2294,2025-08-23 10:00:00+00:00,6315.5,6320.0,6310.5,6316.0,2174
2295,2025-08-23 12:00:00+00:00,6316.0,6318.0,6311.0,6312.5,1386
2296,2025-08-23 14:00:00+00:00,6313.0,6320.0,6312.0,6317.0,1994
2297,2025-08-24 06:00:00+00:00,6318.0,6324.0,6290.5,6302.5,7966
2298,2025-08-24 08:00:00+00:00,6300.5,6305.0,6284.0,6295.0,8125
2299,2025-08-24 10:00:00+00:00,6295.0,6299.0,6291.5,6298.5,1945
2300,2025-08-24 12:00:00+00:00,6298.5,6304.0,6296.5,6302.0,1588
2301,2025-08-24 14:00:00+00:00,6303.0,6304.0,6300.0,6301.0,2171
2302,2025-08-25 02:00:00+00:00,6298.0,6298.0,6298.0,6298.0,102
2303,2025-08-25 04:00:00+00:00,6300.0,6311.0,6278.0,6295.5,12632
2304,2025-08-25 06:00:00+00:00,6296.0,6296.0,6257.5,6262.0,47415
2305,2025-08-25 08:00:00+00:00,6262.0,6262.5,6235.5,6245.5,76558
2306,2025-08-25 10:00:00+00:00,6245.5,6275.0,6243.0,6254.0,47521
2307,2025-08-25 12:00:00+00:00,6253.0,6267.5,6223.0,6258.5,85063
2308,2025-08-25 14:00:00+00:00,6259.0,6294.0,6258.0,6282.0,52073
2309,2025-08-25 16:00:00+00:00,6282.0,6290.5,6277.5,6284.0,11206
2310,2025-08-25 18:00:00+00:00,6284.0,6284.0,6278.0,6278.0,4243
2311,2025-08-25 20:00:00+00:00,6278.0,6278.5,6270.5,6275.5,3670
2312,2025-08-26 02:00:00+00:00,6283.0,6283.0,6283.0,6283.0,46
2313,2025-08-26 04:00:00+00:00,6283.0,6293.5,6280.5,6290.0,7962
2314,2025-08-26 06:00:00+00:00,6291.5,6315.0,6281.5,6290.5,50410
2315,2025-08-26 08:00:00+00:00,6291.0,6306.5,6284.5,6291.5,33377
2316,2025-08-26 10:00:00+00:00,6291.5,6300.0,6291.5,6300.0,53318
2317,2025-08-26 12:00:00+00:00,6299.5,6300.0,6255.5,6265.0,129510
2318,2025-08-26 12:00:00+00:00,6299.5,6300.0,6255.5,6265.0,129510
2319,2025-08-26 14:00:00+00:00,6265.0,6288.0,6255.5,6273.5,36716
2320,2025-08-26 16:00:00+00:00,6274.0,6288.5,6270.5,6277.0,6862
2321,2025-08-26 18:00:00+00:00,6276.0,6286.0,6276.0,6285.0,9106
2322,2025-08-26 20:00:00+00:00,6285.0,6285.5,6276.0,6280.0,7402
2323,2025-08-27 02:00:00+00:00,6281.0,6281.0,6281.0,6281.0,9
2324,2025-08-27 04:00:00+00:00,6284.5,6291.0,6276.5,6278.5,5135
2325,2025-08-27 06:00:00+00:00,6280.0,6299.0,6272.0,6287.5,24618
2326,2025-08-27 08:00:00+00:00,6287.5,6300.0,6287.5,6291.5,23493
2327,2025-08-27 10:00:00+00:00,6292.0,6323.0,6287.5,6320.5,60211
2328,2025-08-27 12:00:00+00:00,6320.5,6329.5,6310.0,6321.5,46318
2329,2025-08-27 14:00:00+00:00,6324.0,6325.5,6283.0,6293.5,71843
2330,2025-08-27 16:00:00+00:00,6293.5,6325.5,6293.0,6318.5,25388
2331,2025-08-27 18:00:00+00:00,6318.5,6328.0,6314.0,6319.5,11259
2332,2025-08-27 20:00:00+00:00,6319.5,6325.0,6319.0,6323.0,4235
2333,2025-08-28 02:00:00+00:00,6328.0,6328.0,6328.0,6328.0,16
2334,2025-08-28 04:00:00+00:00,6326.0,6343.5,6324.5,6336.0,13457
2335,2025-08-28 06:00:00+00:00,6336.0,6337.0,6301.0,6306.0,44151
2336,2025-08-28 08:00:00+00:00,6306.0,6325.5,6295.5,6321.0,60204
2337,2025-08-28 10:00:00+00:00,6320.5,6327.0,6303.5,6308.5,29022
2338,2025-08-28 12:00:00+00:00,6308.5,6330.0,6306.5,6315.5,26181
2339,2025-08-28 14:00:00+00:00,6315.5,6329.5,6315.5,6328.0,22080
2340,2025-08-28 16:00:00+00:00,6328.0,6328.0,6250.0,6277.0,106696
2341,2025-08-28 18:00:00+00:00,6277.0,6286.5,6265.5,6267.5,17701
2342,2025-08-28 20:00:00+00:00,6268.0,6275.0,6264.0,6273.5,6493
2343,2025-08-29 02:00:00+00:00,6280.5,6280.5,6280.5,6280.5,17
2344,2025-08-29 04:00:00+00:00,6280.0,6287.5,6280.0,6282.5,9190
2345,2025-08-29 06:00:00+00:00,6282.0,6296.0,6275.0,6291.0,26263
2346,2025-08-29 08:00:00+00:00,6292.5,6304.0,6235.0,6235.5,166227
2347,2025-08-29 10:00:00+00:00,6235.0,6595.0,6235.0,6470.0,2417427
2348,2025-08-29 12:00:00+00:00,6469.5,6483.0,6412.0,6419.5,444129
2349,2025-08-29 14:00:00+00:00,6418.5,6442.0,6380.0,6428.0,405397
2350,2025-08-29 16:00:00+00:00,6428.0,6442.0,6410.5,6436.5,93740
2351,2025-08-29 18:00:00+00:00,6435.5,6443.5,6423.0,6430.5,54109
2352,2025-08-29 20:00:00+00:00,6430.0,6433.0,6425.5,6430.5,19169
2353,2025-08-30 06:00:00+00:00,6443.5,6444.0,6423.5,6440.0,10763
2354,2025-08-30 08:00:00+00:00,6439.5,6440.5,6429.5,6433.5,8010
2355,2025-08-30 10:00:00+00:00,6435.0,6435.0,6424.0,6430.0,7828
2356,2025-08-30 12:00:00+00:00,6430.0,6437.5,6425.0,6436.0,4652
2357,2025-08-30 14:00:00+00:00,6435.5,6437.0,6425.5,6429.0,6603
2358,2025-08-31 06:00:00+00:00,6430.5,6442.0,6427.5,6439.5,5438
2359,2025-08-31 08:00:00+00:00,6439.5,6444.5,6438.5,6439.0,7737
2360,2025-08-31 10:00:00+00:00,6439.0,6443.5,6433.0,6439.5,5470
2361,2025-08-31 12:00:00+00:00,6438.5,6445.0,6436.5,6443.0,7183
2362,2025-08-31 14:00:00+00:00,6444.0,6446.0,6437.0,6445.0,5577
2363,2025-09-01 02:00:00+00:00,6446.0,6446.0,6446.0,6446.0,835
2364,2025-09-01 04:00:00+00:00,6446.5,6459.0,6445.0,6448.0,24527
2365,2025-09-01 06:00:00+00:00,6448.0,6452.0,6425.0,6431.0,96162
2366,2025-09-01 08:00:00+00:00,6431.0,6444.5,6409.0,6411.0,83662
2367,2025-09-01 10:00:00+00:00,6410.5,6424.5,6409.0,6413.0,64718
2368,2025-09-01 12:00:00+00:00,6412.0,6420.0,6400.5,6410.0,67772
2369,2025-09-01 14:00:00+00:00,6410.0,6411.0,6361.0,6361.0,115973
2370,2025-09-01 16:00:00+00:00,6364.0,6375.0,6352.5,6363.5,57087
2371,2025-09-01 18:00:00+00:00,6364.0,6370.0,6361.0,6369.5,16679
2372,2025-09-01 20:00:00+00:00,6370.0,6370.0,6367.5,6370.0,9952
2373,2025-09-02 02:00:00+00:00,6368.5,6368.5,6368.5,6368.5,59
2374,2025-09-02 04:00:00+00:00,6370.0,6374.0,6353.0,6359.0,22697
2375,2025-09-02 06:00:00+00:00,6359.0,6362.0,6330.0,6339.5,90937
2376,2025-09-02 08:00:00+00:00,6340.0,6342.0,6315.0,6335.0,88527
2377,2025-09-02 10:00:00+00:00,6333.5,6346.5,6322.5,6325.0,45900
2378,2025-09-02 12:00:00+00:00,6324.5,6338.5,6287.0,6298.5,118623
2379,2025-09-02 12:00:00+00:00,6324.5,6338.5,6287.0,6298.5,118623
2380,2025-09-02 14:00:00+00:00,6300.0,6322.5,6295.5,6315.0,70503
2381,2025-09-02 16:00:00+00:00,6306.0,6321.0,6282.5,6299.5,33083
2382,2025-09-02 18:00:00+00:00,6299.5,6340.0,6290.0,6334.0,40476
2383,2025-09-02 20:00:00+00:00,6333.5,6339.5,6328.0,6336.5,8982
2384,2025-09-03 02:00:00+00:00,6336.5,6336.5,6336.5,6336.5,194
2385,2025-09-03 04:00:00+00:00,6338.0,6344.0,6316.5,6335.5,8084
2386,2025-09-03 06:00:00+00:00,6335.5,6351.0,6310.0,6330.0,54664
2387,2025-09-03 08:00:00+00:00,6329.5,6332.0,6310.0,6316.0,72409
2388,2025-09-03 10:00:00+00:00,6315.5,6349.5,6315.5,6338.5,61233
2389,2025-09-03 12:00:00+00:00,6338.5,6395.0,6334.5,6357.5,100583
2390,2025-09-03 14:00:00+00:00,6357.0,6393.0,6357.0,6393.0,70653
2391,2025-09-03 16:00:00+00:00,6392.5,6405.5,6386.5,6398.5,64869
2392,2025-09-03 18:00:00+00:00,6398.5,6399.5,6387.0,6399.0,13717
2393,2025-09-03 20:00:00+00:00,6399.0,6399.5,6390.0,6393.0,4308
2394,2025-09-04 02:00:00+00:00,6399.0,6399.0,6399.0,6399.0,21
2395,2025-09-04 04:00:00+00:00,6394.0,6405.5,6382.0,6388.0,10764
2396,2025-09-04 06:00:00+00:00,6388.0,6444.0,6371.5,6439.0,89439
2397,2025-09-04 08:00:00+00:00,6439.0,6447.5,6422.5,6442.0,105850
2398,2025-09-04 10:00:00+00:00,6442.0,6480.0,6442.0,6463.0,135612
2399,2025-09-04 12:00:00+00:00,6462.5,6487.5,6445.0,6473.0,136146
2400,2025-09-04 14:00:00+00:00,6473.0,6473.0,6392.0,6423.0,195448
2401,2025-09-04 16:00:00+00:00,6420.5,6448.0,6403.0,6443.0,33662
2402,2025-09-04 18:00:00+00:00,6443.5,6467.5,6443.5,6458.0,44879
2403,2025-09-04 20:00:00+00:00,6458.5,6466.0,6453.0,6464.0,9565
2404,2025-09-05 02:00:00+00:00,6470.0,6470.0,6470.0,6470.0,236
2405,2025-09-05 04:00:00+00:00,6471.0,6485.0,6462.0,6471.0,19585
2406,2025-09-05 06:00:00+00:00,6471.5,6498.0,6470.0,6472.0,81981
2407,2025-09-05 08:00:00+00:00,6472.0,6490.0,6450.5,6477.5,144813
2408,2025-09-05 10:00:00+00:00,6477.5,6480.0,6458.0,6464.0,45632
2409,2025-09-05 12:00:00+00:00,6464.0,6491.0,6458.5,6476.0,86090
2410,2025-09-05 14:00:00+00:00,6476.0,6489.5,6475.0,6484.0,53277
2411,2025-09-05 16:00:00+00:00,6484.5,6484.5,6472.0,6472.5,15753
2412,2025-09-05 18:00:00+00:00,6473.0,6481.5,6464.5,6470.5,23292
2413,2025-09-05 20:00:00+00:00,6469.5,6481.5,6461.5,6472.0,11711
2414,2025-09-06 06:00:00+00:00,6472.0,6483.0,6463.0,6468.0,7323
2415,2025-09-06 08:00:00+00:00,6469.5,6473.0,6467.0,6467.5,4029
2416,2025-09-06 10:00:00+00:00,6469.0,6473.0,6467.5,6473.0,1515
2417,2025-09-06 12:00:00+00:00,6473.0,6473.0,6468.0,6468.5,2595
2418,2025-09-06 14:00:00+00:00,6469.0,6477.0,6464.5,6476.5,4690
2419,2025-09-07 06:00:00+00:00,6476.0,6476.0,6463.0,6469.5,3083
2420,2025-09-07 08:00:00+00:00,6469.0,6480.5,6468.0,6478.0,3483
2421,2025-09-07 10:00:00+00:00,6478.0,6486.0,6474.5,6482.0,5263
2422,2025-09-07 12:00:00+00:00,6480.0,6485.0,6469.5,6470.0,5692
2423,2025-09-07 14:00:00+00:00,6472.0,6484.5,6469.5,6484.5,4770
2424,2025-09-08 02:00:00+00:00,6477.0,6477.0,6477.0,6477.0,238
2425,2025-09-08 04:00:00+00:00,6477.5,6490.5,6470.0,6487.5,14529
2426,2025-09-08 06:00:00+00:00,6487.0,6508.5,6480.5,6500.5,75359
2427,2025-09-08 08:00:00+00:00,6500.5,6503.5,6494.5,6496.5,60503
2428,2025-09-08 10:00:00+00:00,6497.5,6498.5,6462.5,6485.5,61069
2429,2025-09-08 12:00:00+00:00,6485.5,6486.0,6440.0,6456.0,96271
2430,2025-09-08 14:00:00+00:00,6456.5,6481.0,6449.5,6480.5,36411
2431,2025-09-08 16:00:00+00:00,6480.5,6497.0,6470.0,6478.0,40639
2432,2025-09-08 18:00:00+00:00,6478.0,6487.0,6463.5,6465.5,21956
2433,2025-09-08 20:00:00+00:00,6466.0,6468.5,6458.0,6465.0,9198
2434,2025-09-09 02:00:00+00:00,6483.5,6483.5,6483.5,6483.5,1074
2435,2025-09-09 04:00:00+00:00,6466.0,6483.5,6454.0,6459.5,20955
2436,2025-09-09 06:00:00+00:00,6459.5,6480.0,6442.5,6480.0,87636
2437,2025-09-09 08:00:00+00:00,6480.0,6502.5,6472.5,6477.5,133887
2438,2025-09-09 10:00:00+00:00,6477.0,6482.0,6455.0,6476.5,83973
2439,2025-09-09 12:00:00+00:00,6476.5,6500.0,6476.5,6492.0,55324
2440,2025-09-09 12:00:00+00:00,6476.5,6500.0,6476.5,6492.0,55324
2441,2025-09-09 14:00:00+00:00,6492.5,6496.0,6485.5,6488.0,48389
2442,2025-09-09 16:00:00+00:00,6489.0,6492.0,6476.0,6489.0,15103
2443,2025-09-09 18:00:00+00:00,6489.0,6490.0,6486.0,6488.0,7603
2444,2025-09-09 20:00:00+00:00,6488.5,6490.0,6484.0,6484.5,5717
2445,2025-09-10 02:00:00+00:00,6484.5,6484.5,6484.5,6484.5,135
2446,2025-09-10 04:00:00+00:00,6485.5,6497.5,6461.5,6478.5,23815
2447,2025-09-10 06:00:00+00:00,6478.5,6559.0,6460.0,6552.0,162506
2448,2025-09-10 08:00:00+00:00,6552.5,6595.0,6541.0,6583.5,279863
2449,2025-09-10 10:00:00+00:00,6583.0,6583.5,6542.0,6554.0,156067
2450,2025-09-10 12:00:00+00:00,6554.0,6559.0,6528.0,6549.5,100806
2451,2025-09-10 14:00:00+00:00,6550.0,6560.0,6523.5,6532.5,65953
2452,2025-09-10 16:00:00+00:00,6532.5,6537.5,6510.0,6528.5,53652
2453,2025-09-10 18:00:00+00:00,6527.0,6550.0,6522.0,6530.5,37471
2454,2025-09-10 20:00:00+00:00,6530.5,6545.0,6530.0,6537.5,9157
2455,2025-09-11 02:00:00+00:00,6537.5,6537.5,6537.5,6537.5,13
2456,2025-09-11 04:00:00+00:00,6537.5,6588.5,6533.5,6569.0,39620
2457,2025-09-11 06:00:00+00:00,6569.5,6579.0,6537.0,6539.5,88438
2458,2025-09-11 08:00:00+00:00,6538.0,6562.0,6522.0,6555.0,108091
2459,2025-09-11 10:00:00+00:00,6555.0,6590.0,6542.5,6581.5,90901
2460,2025-09-11 12:00:00+00:00,6581.5,6627.0,6552.0,6602.5,177677
2461,2025-09-11 14:00:00+00:00,6602.0,6657.5,6602.0,6619.5,173702
2462,2025-09-11 16:00:00+00:00,6619.5,6624.5,6610.5,6619.5,29297
2463,2025-09-11 18:00:00+00:00,6619.5,6636.5,6614.0,6628.5,24953
2464,2025-09-11 20:00:00+00:00,6629.0,6636.0,6624.0,6626.5,13321
2465,2025-09-12 02:00:00+00:00,6624.5,6624.5,6624.5,6624.5,100
2466,2025-09-12 04:00:00+00:00,6624.0,6669.0,6624.0,6657.0,52829
2467,2025-09-12 06:00:00+00:00,6657.0,6658.0,6577.0,6580.5,90512
2468,2025-09-12 08:00:00+00:00,6580.5,6587.0,6540.0,6547.5,122075
2469,2025-09-12 10:00:00+00:00,6548.0,6562.0,6461.0,6517.5,267199
2470,2025-09-12 12:00:00+00:00,6517.0,6519.5,6428.5,6441.0,330135
2471,2025-09-12 14:00:00+00:00,6441.0,6461.0,6430.0,6448.0,94839
2472,2025-09-12 16:00:00+00:00,6449.0,6449.5,6405.5,6420.0,86072
2473,2025-09-12 18:00:00+00:00,6420.0,6434.0,6411.0,6430.0,29758
2474,2025-09-12 20:00:00+00:00,6430.0,6448.0,6429.5,6448.0,10953
2475,2025-09-13 06:00:00+00:00,6455.0,6455.0,6455.0,6455.0,202
2476,2025-09-13 08:00:00+00:00,6455.0,6470.5,6426.5,6431.0,19350
2477,2025-09-13 10:00:00+00:00,6431.5,6449.0,6429.0,6438.5,5033
2478,2025-09-13 12:00:00+00:00,6438.5,6440.0,6415.5,6423.0,11523
2479,2025-09-13 14:00:00+00:00,6423.5,6426.5,6411.5,6426.5,10708
2480,2025-09-14 06:00:00+00:00,6426.5,6426.5,6400.5,6420.5,9889
2481,2025-09-14 08:00:00+00:00,6420.5,6424.0,6410.5,6416.5,5685
2482,2025-09-14 10:00:00+00:00,6416.5,6440.0,6415.0,6438.5,12544
2483,2025-09-14 12:00:00+00:00,6439.0,6457.0,6438.5,6447.0,17824
2484,2025-09-14 14:00:00+00:00,6447.5,6500.0,6446.0,6495.0,20476
2485,2025-09-15 02:00:00+00:00,6465.0,6465.0,6465.0,6465.0,1499
2486,2025-09-15 04:00:00+00:00,6465.0,6478.0,6452.5,6463.0,15983
2487,2025-09-15 06:00:00+00:00,6463.0,6463.0,6410.5,6413.0,84434
2488,2025-09-15 08:00:00+00:00,6412.5,6423.5,6370.5,6397.5,130479
2489,2025-09-15 10:00:00+00:00,6397.0,6435.0,6391.5,6430.0,61545
2490,2025-09-15 12:00:00+00:00,6430.0,6444.5,6380.0,6403.0,83573
2491,2025-09-15 14:00:00+00:00,6402.5,6438.5,6391.5,6423.5,70164
2492,2025-09-15 16:00:00+00:00,6423.5,6442.5,6420.5,6432.5,20189
2493,2025-09-15 18:00:00+00:00,6432.0,6432.5,6406.0,6415.0,12938
2494,2025-09-15 20:00:00+00:00,6413.5,6426.0,6410.5,6420.0,3648
2495,2025-09-16 02:00:00+00:00,6422.0,6422.0,6422.0,6422.0,63
2496,2025-09-16 04:00:00+00:00,6427.0,6456.0,6422.5,6451.0,18355
2497,2025-09-16 06:00:00+00:00,6449.5,6454.0,6413.5,6439.5,58133
2498,2025-09-16 08:00:00+00:00,6441.5,6442.0,6324.5,6340.0,180657
2499,2025-09-16 10:00:00+00:00,6340.0,6355.0,6317.0,6349.5,123063
2500,2025-09-16 12:00:00+00:00,6348.0,6384.0,6331.5,6370.0,76685
2501,2025-09-16 12:00:00+00:00,6348.0,6384.0,6331.5,6370.0,76685
2502,2025-09-16 14:00:00+00:00,6369.5,6386.0,6356.5,6365.0,41652
2503,2025-09-16 16:00:00+00:00,6365.0,6373.0,6361.0,6372.5,13925
2504,2025-09-16 18:00:00+00:00,6374.5,6375.5,6360.0,6364.0,9069
2505,2025-09-16 20:00:00+00:00,6363.5,6371.0,6357.0,6370.5,5215
2506,2025-09-17 02:00:00+00:00,6375.5,6375.5,6375.5,6375.5,23
2507,2025-09-17 04:00:00+00:00,6375.5,6379.0,6360.0,6368.5,5476
2508,2025-09-17 06:00:00+00:00,6369.5,6373.5,6334.5,6345.0,46076
2509,2025-09-17 08:00:00+00:00,6344.0,6383.5,6342.0,6370.0,56787
2510,2025-09-17 10:00:00+00:00,6370.0,6421.5,6360.5,6384.5,85586
2511,2025-09-17 12:00:00+00:00,6384.5,6389.5,6336.0,6350.0,84642
2512,2025-09-17 14:00:00+00:00,6350.5,6410.5,6350.0,6358.5,169601
2513,2025-09-17 16:00:00+00:00,6369.5,6407.0,6362.5,6375.0,42532
2514,2025-09-17 18:00:00+00:00,6376.5,6399.5,6374.5,6389.0,12141
2515,2025-09-17 20:00:00+00:00,6389.0,6390.0,6372.5,6380.0,6963
2516,2025-09-18 02:00:00+00:00,6381.0,6381.0,6381.0,6381.0,48
2517,2025-09-18 04:00:00+00:00,6385.5,6395.5,6365.5,6372.0,6654
2518,2025-09-18 06:00:00+00:00,6375.5,6383.0,6358.0,6372.0,51156
2519,2025-09-18 08:00:00+00:00,6371.5,6387.0,6350.5,6370.0,52782
2520,2025-09-18 10:00:00+00:00,6370.0,6375.0,6336.5,6337.5,73446
2521,2025-09-18 12:00:00+00:00,6337.5,6337.5,6265.0,6279.5,554906
2522,2025-09-18 14:00:00+00:00,6280.0,6373.5,6279.5,6373.5,181342
2523,2025-09-18 16:00:00+00:00,6367.5,6370.0,6328.5,6328.5,34110
2524,2025-09-18 18:00:00+00:00,6329.0,6336.5,6320.0,6326.0,16071
2525,2025-09-18 20:00:00+00:00,6326.0,6326.5,6320.5,6325.5,4795
2526,2025-09-19 02:00:00+00:00,6326.0,6326.0,6326.0,6326.0,23
2527,2025-09-19 04:00:00+00:00,6326.0,6337.5,6300.5,6307.5,14486
2528,2025-09-19 06:00:00+00:00,6309.5,6355.0,6309.5,6347.0,50365
2529,2025-09-19 08:00:00+00:00,6347.0,6348.5,6307.0,6340.5,77327
2530,2025-09-19 10:00:00+00:00,6341.0,6350.0,6272.5,6331.5,117764
2531,2025-09-19 12:00:00+00:00,6331.0,6331.5,6285.0,6309.5,84174
2532,2025-09-19 14:00:00+00:00,6309.0,6310.5,6250.0,6262.0,109938
2533,2025-09-19 16:00:00+00:00,6262.0,6264.5,6240.0,6261.5,49969
2534,2025-09-19 18:00:00+00:00,6261.0,6266.5,6240.0,6246.5,17840
2535,2025-09-19 20:00:00+00:00,6245.5,6247.0,6235.5,6239.0,10766
2536,2025-09-22 02:00:00+00:00,6238.5,6238.5,6238.5,6238.5,248
2537,2025-09-22 04:00:00+00:00,6238.5,6245.0,6201.0,6241.0,27723
2538,2025-09-22 06:00:00+00:00,6241.0,6241.0,6157.0,6181.5,125429
2539,2025-09-22 08:00:00+00:00,6180.5,6195.0,6160.0,6167.0,99528
2540,2025-09-22 10:00:00+00:00,6167.0,6231.5,6150.0,6192.0,153487
2541,2025-09-22 12:00:00+00:00,6192.0,6210.5,6152.0,6152.5,87017
2542,2025-09-22 14:00:00+00:00,6152.0,6240.0,6135.5,6218.5,131154
2543,2025-09-22 16:00:00+00:00,6216.0,6263.0,6209.0,6251.0,44137
2544,2025-09-22 18:00:00+00:00,6251.5,6279.5,6251.5,6264.5,30192
2545,2025-09-22 20:00:00+00:00,6264.5,6271.5,6260.5,6268.5,7113
2546,2025-09-23 02:00:00+00:00,6273.5,6273.5,6273.5,6273.5,100
2547,2025-09-23 04:00:00+00:00,6273.5,6298.5,6257.5,6264.0,43494
2548,2025-09-23 06:00:00+00:00,6266.5,6281.0,6224.5,6233.5,64426
2549,2025-09-23 08:00:00+00:00,6233.5,6289.5,6212.0,6282.0,82837
2550,2025-09-23 10:00:00+00:00,6282.0,6293.5,6265.0,6281.5,42694
2551,2025-09-23 12:00:00+00:00,6282.0,6284.0,6250.5,6265.0,52967
2552,2025-09-23 12:00:00+00:00,6282.0,6284.0,6250.5,6265.0,52967
2553,2025-09-23 14:00:00+00:00,6266.0,6272.0,6224.0,6253.0,78092
2554,2025-09-23 16:00:00+00:00,6253.0,6253.5,6215.0,6215.0,26014
2555,2025-09-23 18:00:00+00:00,6215.5,6226.5,6111.5,6124.5,154562
2556,2025-09-23 20:00:00+00:00,6124.0,6155.0,6120.0,6140.0,33676
2557,2025-09-24 02:00:00+00:00,6140.5,6140.5,6140.5,6140.5,278
2558,2025-09-24 04:00:00+00:00,6150.0,6161.0,6124.5,6136.5,37008
2559,2025-09-24 06:00:00+00:00,6136.0,6159.0,6070.5,6158.5,188215
2560,2025-09-24 08:00:00+00:00,6158.0,6178.0,6127.0,6161.0,140370
2561,2025-09-24 10:00:00+00:00,6160.0,6180.5,6136.0,6178.5,72009
2562,2025-09-24 12:00:00+00:00,6178.5,6239.0,6177.0,6222.5,121459
2563,2025-09-24 14:00:00+00:00,6223.0,6224.5,6178.0,6190.5,74656
2564,2025-09-24 16:00:00+00:00,6191.0,6191.0,6172.5,6181.0,27090
2565,2025-09-24 18:00:00+00:00,6179.0,6190.0,6177.0,6190.0,12804
2566,2025-09-24 20:00:00+00:00,6190.0,6190.0,6183.0,6189.0,7403
2567,2025-09-25 02:00:00+00:00,6190.0,6190.0,6190.0,6190.0,267
2568,2025-09-25 04:00:00+00:00,6197.0,6197.0,6180.5,6186.5,10239
2569,2025-09-25 06:00:00+00:00,6185.0,6209.5,6157.5,6167.0,52908
2570,2025-09-25 08:00:00+00:00,6167.0,6180.0,6129.0,6169.5,96074
2571,2025-09-25 10:00:00+00:00,6169.5,6186.0,6157.5,6185.5,32816
2572,2025-09-25 12:00:00+00:00,6185.5,6189.0,6154.5,6157.0,37057
2573,2025-09-25 14:00:00+00:00,6156.5,6164.5,6129.0,6149.5,51023
2574,2025-09-25 16:00:00+00:00,6144.0,6168.0,6108.0,6131.0,52434
2575,2025-09-25 18:00:00+00:00,6131.0,6135.0,6114.0,6123.0,21357
2576,2025-09-25 20:00:00+00:00,6122.0,6131.0,6120.0,6123.0,4705
2577,2025-09-26 02:00:00+00:00,6123.0,6123.0,6123.0,6123.0,293
2578,2025-09-26 04:00:00+00:00,6136.0,6136.0,6090.5,6120.0,27146
2579,2025-09-26 06:00:00+00:00,6120.0,6165.0,6112.5,6128.0,71334
2580,2025-09-26 08:00:00+00:00,6128.5,6170.0,6123.0,6165.5,73360
2581,2025-09-26 10:00:00+00:00,6166.0,6168.0,6142.0,6152.5,51397
2582,2025-09-26 12:00:00+00:00,6152.0,6153.5,6120.5,6130.0,59516
2583,2025-09-26 14:00:00+00:00,6130.0,6199.0,6127.0,6198.5,131022
2584,2025-09-26 16:00:00+00:00,6198.0,6225.0,6191.5,6219.0,48912
2585,2025-09-26 18:00:00+00:00,6219.0,6245.0,6216.0,6228.0,31791
2586,2025-09-26 20:00:00+00:00,6228.0,6239.5,6223.5,6228.0,8903
2587,2025-09-27 06:00:00+00:00,6228.0,6249.5,6227.0,6236.5,5835
2588,2025-09-27 08:00:00+00:00,6236.5,6239.0,6229.0,6232.5,2105
2589,2025-09-27 10:00:00+00:00,6231.5,6234.5,6229.5,6232.0,2027
2590,2025-09-27 12:00:00+00:00,6232.0,6234.5,6219.0,6223.5,2833
2591,2025-09-27 14:00:00+00:00,6223.5,6227.5,6220.0,6221.5,2487
2592,2025-09-28 06:00:00+00:00,6222.5,6229.5,6207.5,6223.5,2063
2593,2025-09-28 08:00:00+00:00,6224.0,6227.0,6213.0,6219.0,2706
2594,2025-09-28 10:00:00+00:00,6219.5,6222.5,6211.0,6218.0,2804
2595,2025-09-28 12:00:00+00:00,6218.0,6218.5,6211.0,6211.0,1865
2596,2025-09-28 14:00:00+00:00,6211.0,6221.5,6207.0,6221.0,3808
2597,2025-09-29 02:00:00+00:00,6205.0,6205.0,6205.0,6205.0,16
2598,2025-09-29 04:00:00+00:00,6209.0,6222.0,6204.0,6205.5,9077
2599,2025-09-29 06:00:00+00:00,6206.0,6218.5,6175.5,6218.0,42479
2600,2025-09-29 08:00:00+00:00,6218.0,6264.0,6217.5,6235.0,100347
2601,2025-09-29 10:00:00+00:00,6234.5,6251.5,6218.5,6229.0,89022
2602,2025-09-29 12:00:00+00:00,6229.0,6234.0,6157.0,6168.5,93206
2603,2025-09-29 14:00:00+00:00,6168.5,6188.5,6090.0,6099.0,142289
2604,2025-09-29 16:00:00+00:00,6098.0,6113.5,6073.5,6093.0,69600
2605,2025-09-29 18:00:00+00:00,6093.0,6095.5,6073.0,6081.0,37460
2606,2025-09-29 20:00:00+00:00,6080.5,6095.5,6080.0,6093.0,5296
2607,2025-09-30 02:00:00+00:00,6095.0,6095.0,6095.0,6095.0,58
2608,2025-09-30 04:00:00+00:00,6099.0,6108.5,6078.0,6094.0,30958
2609,2025-09-30 06:00:00+00:00,6093.0,6093.0,6036.0,6073.5,126664
2610,2025-09-30 08:00:00+00:00,6073.5,6080.0,6005.0,6032.5,147520
2611,2025-09-30 10:00:00+00:00,6032.0,6048.0,6011.0,6017.0,121211
2612,2025-09-30 12:00:00+00:00,6016.5,6100.0,6005.0,6100.0,134514
2613,2025-09-30 12:00:00+00:00,6016.5,6100.0,6005.0,6100.0,134514
2614,2025-09-30 14:00:00+00:00,6100.0,6135.0,6081.0,6111.0,118376
2615,2025-09-30 16:00:00+00:00,6111.0,6124.0,6027.0,6078.5,58162
2616,2025-09-30 18:00:00+00:00,6079.5,6086.5,6071.5,6080.5,13744
2617,2025-09-30 20:00:00+00:00,6082.5,6085.0,6077.5,6082.5,4296
2618,2025-10-01 02:00:00+00:00,6093.0,6093.0,6093.0,6093.0,15
2619,2025-10-01 04:00:00+00:00,6095.0,6116.0,6066.0,6110.0,18455
2620,2025-10-01 06:00:00+00:00,6108.0,6113.0,6066.0,6076.5,51878
2621,2025-10-01 08:00:00+00:00,6076.0,6114.5,6071.0,6102.0,45534
2622,2025-10-01 10:00:00+00:00,6101.5,6102.5,6052.0,6062.5,49662
2623,2025-10-01 12:00:00+00:00,6063.0,6063.5,6011.0,6057.0,117100
2624,2025-10-01 14:00:00+00:00,6056.5,6057.5,6009.0,6034.5,81012
2625,2025-10-01 16:00:00+00:00,6040.0,6042.5,6013.5,6030.0,19090
2626,2025-10-01 18:00:00+00:00,6029.0,6033.5,6007.5,6029.0,39298
2627,2025-10-01 20:00:00+00:00,6030.0,6055.0,6029.5,6048.5,10765
2628,2025-10-02 02:00:00+00:00,6042.0,6042.0,6042.0,6042.0,109
2629,2025-10-02 04:00:00+00:00,6042.0,6045.0,6000.0,6000.5,38503
2630,2025-10-02 06:00:00+00:00,6003.5,6032.5,5991.0,6023.5,104031
2631,2025-10-02 08:00:00+00:00,6024.5,6067.0,5993.5,6061.5,97365
2632,2025-10-02 10:00:00+00:00,6062.0,6080.5,6016.5,6051.5,80224
2633,2025-10-02 12:00:00+00:00,6053.0,6055.0,6020.5,6028.0,47967
2634,2025-10-02 14:00:00+00:00,6028.5,6060.5,6003.0,6029.0,62026
2635,2025-10-02 16:00:00+00:00,6028.5,6035.0,6011.0,6022.5,25642
2636,2025-10-02 18:00:00+00:00,6022.5,6039.5,6000.0,6030.0,28521
2637,2025-10-02 20:00:00+00:00,6029.5,6036.5,6020.0,6026.5,4991
2638,2025-10-03 02:00:00+00:00,6030.0,6030.0,6030.0,6030.0,14
2639,2025-10-03 04:00:00+00:00,6030.0,6044.0,6026.5,6042.0,7566
2640,2025-10-03 06:00:00+00:00,6042.0,6058.0,6023.5,6037.0,46897
2641,2025-10-03 08:00:00+00:00,6036.0,6060.0,6005.0,6005.0,62086
2642,2025-10-03 10:00:00+00:00,6005.5,6017.0,5970.5,5973.5,153934
2643,2025-10-03 12:00:00+00:00,5972.5,5982.0,5953.5,5964.0,112657
2644,2025-10-03 14:00:00+00:00,5964.0,5968.5,5927.0,5927.5,109496
2645,2025-10-03 16:00:00+00:00,5928.0,5937.0,5911.0,5934.0,53054
2646,2025-10-03 18:00:00+00:00,5932.0,5945.5,5930.5,5936.5,24980
2647,2025-10-03 20:00:00+00:00,5937.0,5939.0,5913.5,5914.0,10518
2648,2025-10-04 06:00:00+00:00,5920.0,5930.0,5860.0,5867.0,58642
2649,2025-10-04 08:00:00+00:00,5867.0,5879.5,5860.0,5864.0,45679
2650,2025-10-04 10:00:00+00:00,5863.5,5882.5,5856.0,5880.0,35222
2651,2025-10-04 12:00:00+00:00,5877.5,5884.5,5861.0,5865.5,18978
2652,2025-10-04 14:00:00+00:00,5863.5,5897.0,5861.5,5889.0,21786
2653,2025-10-05 06:00:00+00:00,5897.0,5903.5,5870.0,5897.5,8632
2654,2025-10-05 08:00:00+00:00,5897.5,5912.0,5884.0,5887.0,12809
2655,2025-10-05 10:00:00+00:00,5887.0,5913.0,5867.0,5900.5,22723
2656,2025-10-05 12:00:00+00:00,5900.5,5916.0,5885.0,5915.0,11320
2657,2025-10-05 14:00:00+00:00,5915.5,5927.5,5908.5,5927.0,19199
2658,2025-10-06 02:00:00+00:00,5954.0,5954.0,5954.0,5954.0,552
2659,2025-10-06 04:00:00+00:00,5950.5,5954.5,5928.0,5945.5,17421
2660,2025-10-06 06:00:00+00:00,5945.5,5960.0,5907.0,5949.5,97858
2661,2025-10-06 08:00:00+00:00,5948.0,5985.0,5935.5,5981.0,89486
2662,2025-10-06 10:00:00+00:00,5980.5,5985.0,5934.0,5935.5,103526
2663,2025-10-06 12:00:00+00:00,5935.5,6042.0,5911.0,6039.0,174321
2664,2025-10-06 14:00:00+00:00,6040.0,6117.0,6030.0,6100.5,174813
2665,2025-10-06 16:00:00+00:00,6101.0,6132.0,6087.0,6107.0,77593
2666,2025-10-06 18:00:00+00:00,6106.5,6130.0,6101.0,6123.5,19916
2667,2025-10-06 20:00:00+00:00,6123.5,6127.0,6102.0,6110.0,11215
2668,2025-10-07 02:00:00+00:00,6100.0,6100.0,6100.0,6100.0,220
2669,2025-10-07 04:00:00+00:00,6100.0,6158.5,6082.0,6158.0,39996
2670,2025-10-07 06:00:00+00:00,6158.0,6165.5,6075.5,6134.5,103110
2671,2025-10-07 08:00:00+00:00,6134.5,6162.0,6116.0,6137.0,103465
2672,2025-10-07 10:00:00+00:00,6137.0,6139.5,6106.0,6119.5,58848
2673,2025-10-07 12:00:00+00:00,6119.5,6143.0,6096.5,6123.0,56601
2674,2025-10-07 12:00:00+00:00,6119.5,6143.0,6096.5,6123.0,56601
2675,2025-10-07 14:00:00+00:00,6123.0,6144.0,6097.0,6144.0,74640
2676,2025-10-07 16:00:00+00:00,6138.5,6143.0,6118.0,6128.5,21734
2677,2025-10-07 18:00:00+00:00,6129.0,6132.0,6113.5,6124.0,11866
2678,2025-10-07 20:00:00+00:00,6124.0,6134.0,6124.0,6134.0,5998
2679,2025-10-08 02:00:00+00:00,6135.0,6135.0,6135.0,6135.0,41
2680,2025-10-08 04:00:00+00:00,6135.0,6149.0,6124.5,6130.5,11066
2681,2025-10-08 06:00:00+00:00,6131.0,6160.0,6121.0,6131.0,49327
2682,2025-10-08 08:00:00+00:00,6131.5,6140.0,6070.0,6079.0,145370
2683,2025-10-08 10:00:00+00:00,6079.0,6095.5,6040.0,6056.5,122390
2684,2025-10-08 12:00:00+00:00,6057.5,6071.0,5977.0,5985.5,150962
2685,2025-10-08 14:00:00+00:00,5984.5,5992.0,5880.0,5914.5,227233
2686,2025-10-08 16:00:00+00:00,5915.0,5954.5,5906.5,5935.5,119199
2687,2025-10-08 18:00:00+00:00,5935.5,5954.0,5932.5,5938.5,36574
2688,2025-10-08 20:00:00+00:00,5938.0,5959.5,5934.0,5952.0,14127
2689,2025-10-09 02:00:00+00:00,5968.0,5968.0,5968.0,5968.0,2311
2690,2025-10-09 04:00:00+00:00,5968.0,5980.0,5925.0,5956.0,28183
2691,2025-10-09 06:00:00+00:00,5955.0,5999.0,5912.5,5966.0,86965
2692,2025-10-09 08:00:00+00:00,5966.5,6070.5,5831.0,6005.5,391759
2693,2025-10-09 10:00:00+00:00,6005.0,6066.5,5998.5,6035.0,123015
2694,2025-10-09 12:00:00+00:00,6035.0,6095.5,6002.0,6082.5,133485
