,datetime,open,high,low,close,volume
0,2024-10-08 12:00:00+00:00,262.71,263.39,262.0,262.85,2754350
1,2024-10-08 14:00:00+00:00,262.86,263.32,262.49,263.21,1442360
2,2024-10-08 16:00:00+00:00,263.05,263.19,262.45,263.01,781090
3,2024-10-08 18:00:00+00:00,263.01,263.02,262.34,262.37,667060
4,2024-10-08 20:00:00+00:00,262.37,262.85,262.19,262.4,430820
5,2024-10-09 06:00:00+00:00,262.42,263.8,261.5,261.74,5682040
6,2024-10-09 08:00:00+00:00,261.74,262.35,260.55,261.0,5337130
7,2024-10-09 10:00:00+00:00,260.99,261.3,260.15,261.01,3642760
8,2024-10-09 12:00:00+00:00,261.03,261.17,259.8,260.28,3821650
9,2024-10-09 14:00:00+00:00,260.27,260.74,259.6,259.61,4371100
10,2024-10-09 16:00:00+00:00,259.6,260.4,259.59,260.3,1104050
11,2024-10-09 18:00:00+00:00,260.3,260.58,260.15,260.46,517580
12,2024-10-09 20:00:00+00:00,260.42,261.0,260.18,260.86,545040
13,2024-10-10 06:00:00+00:00,260.88,261.64,260.2,260.92,3091580
14,2024-10-10 08:00:00+00:00,260.9,261.43,259.81,260.22,4430340
15,2024-10-10 10:00:00+00:00,260.19,260.3,259.3,259.43,2823920
16,2024-10-10 12:00:00+00:00,259.41,260.1,258.91,260.02,3791430
17,2024-10-10 14:00:00+00:00,260.02,260.29,259.68,260.1,1980120
18,2024-10-10 16:00:00+00:00,260.1,260.39,259.9,260.01,860690
19,2024-10-10 18:00:00+00:00,260.03,260.19,259.82,259.89,423480
20,2024-10-10 20:00:00+00:00,259.88,260.2,259.86,259.98,275670
21,2024-10-11 06:00:00+00:00,259.8,260.07,259.09,259.3,2276810
22,2024-10-11 08:00:00+00:00,259.3,259.3,257.9,257.99,5649260
23,2024-10-11 10:00:00+00:00,257.99,258.16,256.83,257.97,7628680
24,2024-10-11 12:00:00+00:00,257.98,258.05,257.02,257.2,2856170
25,2024-10-11 14:00:00+00:00,257.17,258.13,256.92,258.04,2557890
26,2024-10-11 16:00:00+00:00,258.04,258.38,257.47,257.53,1623510
27,2024-10-11 18:00:00+00:00,257.61,257.85,256.93,257.03,1456790
28,2024-10-11 20:00:00+00:00,257.05,257.05,256.8,256.94,799470
29,2024-10-14 06:00:00+00:00,256.15,256.77,254.8,255.02,5792470
30,2024-10-14 08:00:00+00:00,255.02,256.12,254.1,255.45,9831000
31,2024-10-14 10:00:00+00:00,255.46,260.93,255.39,260.58,15746050
32,2024-10-14 12:00:00+00:00,260.61,262.3,260.0,262.29,8309950
33,2024-10-14 14:00:00+00:00,262.3,263.91,259.05,259.5,17457910
34,2024-10-14 16:00:00+00:00,260.15,261.77,260.15,261.46,5188340
35,2024-10-14 18:00:00+00:00,261.45,261.45,260.53,261.13,1387640
36,2024-10-14 20:00:00+00:00,261.13,261.48,260.8,261.28,492320
37,2024-10-15 06:00:00+00:00,260.94,262.26,259.84,261.76,7086370
38,2024-10-15 08:00:00+00:00,261.76,263.7,261.16,263.24,6122140
39,2024-10-15 10:00:00+00:00,263.25,263.4,262.41,263.15,3641200
40,2024-10-15 12:00:00+00:00,263.16,263.4,261.45,262.17,4344220
41,2024-10-15 12:00:00+00:00,263.16,263.4,261.45,262.17,4344220
42,2024-10-15 14:00:00+00:00,262.11,262.73,261.3,262.45,3462260
43,2024-10-15 16:00:00+00:00,262.37,262.44,261.88,262.21,784650
44,2024-10-15 18:00:00+00:00,262.2,262.21,261.88,262.18,431070
45,2024-10-15 20:00:00+00:00,262.17,262.24,261.99,262.03,375460
46,2024-10-16 06:00:00+00:00,262.05,264.72,262.03,264.2,5577180
47,2024-10-16 08:00:00+00:00,264.29,264.7,260.0,260.77,12313490
48,2024-10-16 10:00:00+00:00,260.78,261.63,258.6,259.85,8644830
49,2024-10-16 12:00:00+00:00,259.86,260.71,259.05,259.79,8427450
50,2024-10-16 14:00:00+00:00,259.79,259.87,258.45,258.99,3176940
51,2024-10-16 16:00:00+00:00,258.99,259.84,258.96,259.39,1450210
52,2024-10-16 18:00:00+00:00,259.37,259.95,259.34,259.8,469360
53,2024-10-16 20:00:00+00:00,259.78,259.8,259.38,259.5,146800
54,2024-10-17 06:00:00+00:00,259.5,260.45,258.74,259.37,3293770
55,2024-10-17 08:00:00+00:00,259.37,260.02,257.85,258.4,5761850
56,2024-10-17 10:00:00+00:00,258.42,258.9,257.45,257.96,4665500
57,2024-10-17 12:00:00+00:00,257.96,258.59,257.17,257.8,5505080
58,2024-10-17 14:00:00+00:00,257.8,258.27,257.0,257.25,2565250
59,2024-10-17 16:00:00+00:00,257.24,257.39,256.32,256.81,1476000
60,2024-10-17 18:00:00+00:00,256.79,256.83,256.03,256.5,1030470
61,2024-10-17 20:00:00+00:00,256.5,256.89,256.4,256.57,360870
62,2024-10-18 06:00:00+00:00,256.21,257.42,255.81,256.79,3724630
63,2024-10-18 08:00:00+00:00,256.79,258.9,255.57,257.23,6793010
64,2024-10-18 10:00:00+00:00,257.23,257.26,254.73,255.31,9081090
65,2024-10-18 12:00:00+00:00,255.3,255.96,254.8,254.82,2570510
66,2024-10-18 14:00:00+00:00,254.82,257.2,254.41,256.6,5210280
67,2024-10-18 16:00:00+00:00,256.6,257.03,256.28,256.42,1010840
68,2024-10-18 18:00:00+00:00,256.42,256.73,256.11,256.72,1020850
69,2024-10-18 20:00:00+00:00,256.72,257.2,256.69,257.19,609040
70,2024-10-21 06:00:00+00:00,257.3,258.42,256.78,258.3,4398720
71,2024-10-21 08:00:00+00:00,258.31,258.46,257.09,258.07,3760000
72,2024-10-21 10:00:00+00:00,258.07,258.8,257.52,257.89,3265050
73,2024-10-21 12:00:00+00:00,257.89,259.7,257.89,259.67,5042290
74,2024-10-21 14:00:00+00:00,259.67,259.85,257.8,258.3,3644600
75,2024-10-21 16:00:00+00:00,258.12,258.6,257.81,257.88,765280
76,2024-10-21 18:00:00+00:00,257.9,258.0,257.55,257.9,322650
77,2024-10-21 20:00:00+00:00,257.9,258.34,257.89,258.21,273090
78,2024-10-22 06:00:00+00:00,258.1,258.1,256.12,256.75,4160960
79,2024-10-22 08:00:00+00:00,256.75,258.8,256.1,257.86,4353960
80,2024-10-22 10:00:00+00:00,257.85,258.22,256.11,256.66,2729020
81,2024-10-22 12:00:00+00:00,256.67,257.33,256.35,256.56,1790680
82,2024-10-22 12:00:00+00:00,256.67,257.33,256.35,256.56,1790680
83,2024-10-22 14:00:00+00:00,256.53,256.89,255.65,255.85,2279480
84,2024-10-22 16:00:00+00:00,255.6,255.88,255.25,255.5,910130
85,2024-10-22 18:00:00+00:00,255.5,255.9,255.49,255.69,439870
86,2024-10-22 20:00:00+00:00,255.76,255.8,255.39,255.42,400580
87,2024-10-23 06:00:00+00:00,255.1,255.9,252.5,252.94,7874320
88,2024-10-23 08:00:00+00:00,252.94,254.29,252.3,253.63,5983660
89,2024-10-23 10:00:00+00:00,253.63,254.92,253.15,254.31,5241780
90,2024-10-23 12:00:00+00:00,254.31,255.57,254.02,254.66,3193560
91,2024-10-23 14:00:00+00:00,254.69,254.77,253.25,253.41,2025630
92,2024-10-23 16:00:00+00:00,253.38,253.38,251.5,251.9,3618210
93,2024-10-23 18:00:00+00:00,251.9,252.61,251.34,252.4,2138480
94,2024-10-23 20:00:00+00:00,252.4,252.4,252.0,252.01,345310
95,2024-10-24 06:00:00+00:00,252.01,253.46,251.54,251.88,4822240
96,2024-10-24 08:00:00+00:00,251.88,252.47,250.55,250.81,6306900
97,2024-10-24 10:00:00+00:00,250.83,251.5,250.25,251.44,5069980
98,2024-10-24 12:00:00+00:00,251.45,252.3,250.27,252.3,3764650
99,2024-10-24 14:00:00+00:00,252.3,254.27,252.11,252.27,6850120
100,2024-10-24 16:00:00+00:00,252.32,253.09,252.32,252.72,689650
101,2024-10-24 18:00:00+00:00,252.72,252.72,251.76,252.09,937670
102,2024-10-24 20:00:00+00:00,252.09,252.76,252.04,252.64,323160
103,2024-10-25 06:00:00+00:00,252.72,252.99,251.81,252.65,1639030
104,2024-10-25 08:00:00+00:00,252.64,253.6,252.51,253.33,3381540
105,2024-10-25 10:00:00+00:00,253.33,255.35,247.63,252.1,29499680
106,2024-10-25 12:00:00+00:00,252.1,252.89,246.44,246.81,25217940
107,2024-10-25 14:00:00+00:00,246.81,247.4,245.7,247.27,14112940
108,2024-10-25 16:00:00+00:00,247.29,247.35,246.65,247.21,3672950
109,2024-10-25 18:00:00+00:00,247.21,247.26,246.31,246.37,1899020
110,2024-10-25 20:00:00+00:00,246.37,246.58,246.15,246.35,1164830
111,2024-10-28 06:00:00+00:00,245.02,245.85,243.34,245.51,13294110
112,2024-10-28 08:00:00+00:00,245.52,249.0,244.98,247.18,21409440
113,2024-10-28 10:00:00+00:00,247.19,247.2,244.64,244.91,10872040
114,2024-10-28 12:00:00+00:00,244.91,246.35,243.81,243.94,8605940
115,2024-10-28 14:00:00+00:00,243.94,244.7,242.3,242.8,11071730
116,2024-10-28 16:00:00+00:00,242.75,243.27,241.61,243.08,4770140
117,2024-10-28 18:00:00+00:00,243.09,243.2,242.03,242.58,1372120
118,2024-10-28 20:00:00+00:00,242.57,242.8,242.38,242.56,545470
119,2024-10-29 06:00:00+00:00,243.2,244.6,242.12,243.08,8376640
120,2024-10-29 08:00:00+00:00,243.1,243.51,239.88,242.38,16190740
121,2024-10-29 10:00:00+00:00,242.39,243.22,240.4,243.03,7162950
122,2024-10-29 12:00:00+00:00,243.03,243.99,242.02,242.61,7269280
123,2024-10-29 12:00:00+00:00,243.03,243.99,242.02,242.61,7269280
124,2024-10-29 14:00:00+00:00,242.61,244.45,242.25,242.8,4234540
125,2024-10-29 16:00:00+00:00,243.0,243.87,242.71,243.45,1583540
126,2024-10-29 18:00:00+00:00,243.45,243.95,243.0,243.0,1341480
127,2024-10-29 20:00:00+00:00,243.01,243.17,242.22,242.66,975410
128,2024-10-30 06:00:00+00:00,242.7,245.48,241.77,245.39,9340020
129,2024-10-30 08:00:00+00:00,245.39,246.22,244.86,245.13,8151640
130,2024-10-30 10:00:00+00:00,245.14,245.22,243.22,243.34,4497490
131,2024-10-30 12:00:00+00:00,243.33,244.4,242.66,243.5,4633380
132,2024-10-30 14:00:00+00:00,243.52,245.1,243.44,245.1,4346120
133,2024-10-30 16:00:00+00:00,244.4,244.59,242.87,242.91,3925900
134,2024-10-30 18:00:00+00:00,242.91,243.47,242.1,242.16,3055140
135,2024-10-30 20:00:00+00:00,242.15,242.51,241.11,241.45,1877150
136,2024-10-31 06:00:00+00:00,241.4,242.8,240.0,242.17,9453130
137,2024-10-31 08:00:00+00:00,242.17,242.74,238.33,239.58,16203370
138,2024-10-31 10:00:00+00:00,239.58,241.99,239.01,241.4,9770510
139,2024-10-31 12:00:00+00:00,241.39,241.52,239.03,239.35,4243780
140,2024-10-31 14:00:00+00:00,239.35,239.92,238.33,239.26,6401070
141,2024-10-31 16:00:00+00:00,239.25,239.26,236.23,236.38,6485810
142,2024-10-31 18:00:00+00:00,236.35,237.92,236.3,237.6,3843580
143,2024-10-31 20:00:00+00:00,237.6,238.2,237.57,237.9,872880
144,2024-11-01 06:00:00+00:00,237.9,239.1,237.1,237.34,6002710
145,2024-11-01 08:00:00+00:00,237.34,237.7,234.57,235.06,17019920
146,2024-11-01 10:00:00+00:00,235.07,236.45,234.83,236.05,6340210
147,2024-11-01 12:00:00+00:00,236.03,236.5,234.61,235.95,5523610
148,2024-11-01 14:00:00+00:00,235.95,238.5,235.9,238.16,8668610
149,2024-11-01 16:00:00+00:00,238.2,239.0,237.03,237.3,3541820
150,2024-11-01 18:00:00+00:00,237.3,237.94,237.2,237.93,817650
151,2024-11-01 20:00:00+00:00,237.9,238.05,237.51,238.03,456240
152,2024-11-02 06:00:00+00:00,237.9,238.95,237.88,238.45,2258470
153,2024-11-02 08:00:00+00:00,238.46,238.6,237.71,238.08,1347710
154,2024-11-02 10:00:00+00:00,238.07,239.34,237.97,238.9,2549810
155,2024-11-02 12:00:00+00:00,238.9,240.0,238.71,239.84,3745550
156,2024-11-02 14:00:00+00:00,239.85,240.0,238.46,238.93,3027520
157,2024-11-02 16:00:00+00:00,238.88,239.17,238.5,238.91,840560
158,2024-11-02 18:00:00+00:00,238.91,239.33,238.89,239.0,809990
159,2024-11-02 20:00:00+00:00,239.0,239.17,238.96,238.97,315840
160,2024-11-05 06:00:00+00:00,239.6,241.2,239.14,239.77,7042220
161,2024-11-05 08:00:00+00:00,239.77,240.96,238.75,240.8,6108280
162,2024-11-05 10:00:00+00:00,240.8,241.11,239.73,240.15,3823700
163,2024-11-05 12:00:00+00:00,240.14,240.51,239.16,239.61,2844960
164,2024-11-05 12:00:00+00:00,240.14,240.51,239.16,239.61,2844960
165,2024-11-05 14:00:00+00:00,239.58,239.75,238.07,239.23,4302320
166,2024-11-05 16:00:00+00:00,239.49,240.27,238.93,239.12,2493320
167,2024-11-05 18:00:00+00:00,239.13,239.73,238.55,238.91,1248930
168,2024-11-05 20:00:00+00:00,238.9,239.28,238.85,239.23,308540
169,2024-11-06 06:00:00+00:00,247.0,248.45,244.57,246.61,27458310
170,2024-11-06 08:00:00+00:00,246.65,248.56,246.42,246.78,19068460
171,2024-11-06 10:00:00+00:00,246.73,246.91,244.17,245.08,12305320
172,2024-11-06 12:00:00+00:00,245.08,245.08,242.05,243.18,11408030
173,2024-11-06 14:00:00+00:00,243.2,244.15,242.36,243.19,3872660
174,2024-11-06 16:00:00+00:00,243.2,244.5,242.5,244.46,2418640
175,2024-11-06 18:00:00+00:00,244.45,244.46,243.28,243.35,1588750
176,2024-11-06 20:00:00+00:00,243.35,243.7,243.0,243.6,845030
177,2024-11-07 08:00:00+00:00,243.26,243.69,242.16,243.57,5420280
178,2024-11-07 10:00:00+00:00,243.56,245.6,242.42,245.08,8384130
179,2024-11-07 12:00:00+00:00,245.09,245.9,244.55,245.41,5125750
180,2024-11-07 14:00:00+00:00,245.41,248.28,244.98,248.04,11767090
181,2024-11-07 16:00:00+00:00,248.0,249.8,247.62,248.65,5862060
182,2024-11-07 18:00:00+00:00,248.68,250.18,248.42,249.56,5121920
183,2024-11-07 20:00:00+00:00,249.6,251.0,249.55,250.93,2743960
184,2024-11-08 06:00:00+00:00,251.5,253.1,250.5,252.87,14828910
185,2024-11-08 08:00:00+00:00,252.86,253.69,251.35,252.54,13268060
186,2024-11-08 10:00:00+00:00,252.55,252.85,250.8,251.21,7279910
187,2024-11-08 12:00:00+00:00,251.21,252.52,251.02,252.26,3236270
188,2024-11-08 14:00:00+00:00,252.26,253.38,251.33,252.8,5964360
189,2024-11-08 16:00:00+00:00,252.99,254.89,252.93,254.55,8056470
190,2024-11-08 18:00:00+00:00,254.54,255.96,254.03,255.75,3613020
191,2024-11-08 20:00:00+00:00,255.75,255.99,255.46,255.98,1839370
192,2024-11-11 06:00:00+00:00,257.99,259.2,256.49,257.91,18567860
193,2024-11-11 08:00:00+00:00,257.91,260.38,257.87,258.92,20155110
194,2024-11-11 10:00:00+00:00,258.92,259.74,257.87,258.29,6482030
195,2024-11-11 12:00:00+00:00,258.29,260.59,257.53,260.12,8614310
196,2024-11-11 14:00:00+00:00,260.06,261.3,259.36,260.5,8841880
197,2024-11-11 16:00:00+00:00,260.6,261.0,259.6,259.79,2965270
198,2024-11-11 18:00:00+00:00,259.79,260.41,259.55,260.34,1386580
199,2024-11-11 20:00:00+00:00,260.33,260.74,260.08,260.73,834900
200,2024-11-12 06:00:00+00:00,259.99,260.7,257.13,258.51,9964470
201,2024-11-12 08:00:00+00:00,258.52,259.78,257.58,258.02,7781970
202,2024-11-12 10:00:00+00:00,258.02,258.88,257.6,257.7,4465590
203,2024-11-12 12:00:00+00:00,257.7,257.74,255.81,255.83,9529800
204,2024-11-12 12:00:00+00:00,257.7,257.74,255.81,255.83,9529800
205,2024-11-12 14:00:00+00:00,255.81,257.05,255.81,256.27,4741780
206,2024-11-12 16:00:00+00:00,256.25,256.54,255.49,256.06,2289540
207,2024-11-12 18:00:00+00:00,256.06,256.24,255.27,255.51,1454900
208,2024-11-12 20:00:00+00:00,255.51,256.24,255.47,255.77,698800
209,2024-11-13 06:00:00+00:00,255.29,256.32,254.05,255.79,6504460
210,2024-11-13 08:00:00+00:00,255.78,258.49,255.76,257.64,9444530
211,2024-11-13 10:00:00+00:00,257.6,258.3,256.17,256.28,5662740
212,2024-11-13 12:00:00+00:00,256.27,258.96,256.0,258.24,6597020
213,2024-11-13 14:00:00+00:00,258.22,258.9,257.81,258.6,4195610
214,2024-11-13 16:00:00+00:00,257.9,258.0,255.0,255.81,9196460
215,2024-11-13 18:00:00+00:00,255.81,255.83,255.07,255.07,1250200
216,2024-11-13 20:00:00+00:00,255.07,255.21,254.16,254.7,1689000
217,2024-11-14 06:00:00+00:00,254.26,255.64,253.11,255.33,6147480
218,2024-11-14 08:00:00+00:00,255.31,255.92,254.76,255.36,4273980
219,2024-11-14 10:00:00+00:00,255.36,255.9,252.8,253.06,9518640
220,2024-11-14 12:00:00+00:00,253.06,253.07,251.62,251.8,7851070
221,2024-11-14 14:00:00+00:00,251.8,252.11,249.33,249.72,11285150
222,2024-11-14 16:00:00+00:00,249.68,250.22,248.6,249.79,7012760
223,2024-11-14 18:00:00+00:00,249.79,250.26,249.61,249.88,2010200
224,2024-11-14 20:00:00+00:00,249.89,250.16,249.47,249.52,912470
225,2024-11-15 06:00:00+00:00,249.31,250.2,248.05,249.51,7915430
226,2024-11-15 08:00:00+00:00,249.53,251.79,249.0,250.74,8916830
227,2024-11-15 10:00:00+00:00,250.74,251.4,250.2,250.88,2447660
228,2024-11-15 12:00:00+00:00,250.87,253.0,249.44,251.85,12001320
229,2024-11-15 14:00:00+00:00,251.83,253.8,251.81,253.7,7683150
230,2024-11-15 16:00:00+00:00,253.68,254.43,252.55,252.67,3170630
231,2024-11-15 18:00:00+00:00,252.67,253.54,252.65,253.15,1289430
232,2024-11-15 20:00:00+00:00,253.13,253.54,253.13,253.43,777250
233,2024-11-18 06:00:00+00:00,249.0,250.76,247.3,249.87,17907070
234,2024-11-18 08:00:00+00:00,249.87,250.85,248.61,248.76,8050840
235,2024-11-18 10:00:00+00:00,248.75,249.38,247.5,248.9,6997970
236,2024-11-18 12:00:00+00:00,248.9,250.35,248.06,250.25,5704940
237,2024-11-18 14:00:00+00:00,250.24,251.94,249.62,250.95,7316520
238,2024-11-18 16:00:00+00:00,250.95,251.32,250.05,250.72,1699560
239,2024-11-18 18:00:00+00:00,250.7,250.7,248.56,248.97,2666130
240,2024-11-18 20:00:00+00:00,248.96,248.97,248.09,248.72,1216880
241,2024-11-19 06:00:00+00:00,249.03,249.83,246.96,247.19,5982690
242,2024-11-19 08:00:00+00:00,247.19,247.66,244.8,246.05,17621250
243,2024-11-19 10:00:00+00:00,246.06,246.48,244.86,245.44,7049520
244,2024-11-19 12:00:00+00:00,245.46,245.63,242.32,242.92,11641900
245,2024-11-19 12:00:00+00:00,245.46,245.63,242.32,242.92,11641900
246,2024-11-19 14:00:00+00:00,242.92,243.0,240.1,240.45,21126970
247,2024-11-19 16:00:00+00:00,240.6,241.68,239.62,241.56,8514120
248,2024-11-19 18:00:00+00:00,241.56,241.65,240.64,240.96,2369180
249,2024-11-19 20:00:00+00:00,240.96,241.0,240.5,240.59,1169050
250,2024-11-20 06:00:00+00:00,241.82,242.67,239.61,239.66,10691680
251,2024-11-20 08:00:00+00:00,239.66,242.3,239.1,241.2,11760160
252,2024-11-20 10:00:00+00:00,241.2,243.59,240.13,241.88,9921000
253,2024-11-20 12:00:00+00:00,241.9,242.75,238.63,239.56,7259340
254,2024-11-20 14:00:00+00:00,239.55,239.91,236.68,237.49,14719290
255,2024-11-20 16:00:00+00:00,236.5,236.9,234.74,236.7,12698370
256,2024-11-20 18:00:00+00:00,236.7,237.1,236.21,236.52,2328440
257,2024-11-20 20:00:00+00:00,236.5,237.14,236.36,237.05,929480
258,2024-11-21 06:00:00+00:00,237.15,238.82,235.59,235.79,9312270
259,2024-11-21 08:00:00+00:00,235.78,237.0,234.22,235.42,16424160
260,2024-11-21 10:00:00+00:00,235.42,237.03,234.81,235.45,7511180
261,2024-11-21 12:00:00+00:00,235.45,236.3,234.76,236.16,5963590
262,2024-11-21 14:00:00+00:00,236.2,238.2,234.03,235.5,13627910
263,2024-11-21 16:00:00+00:00,235.8,237.14,234.0,237.14,10098360
264,2024-11-21 18:00:00+00:00,237.14,239.7,236.58,239.41,9298170
265,2024-11-21 20:00:00+00:00,239.41,240.94,239.39,240.47,2907930
266,2024-11-22 06:00:00+00:00,240.5,241.0,238.8,239.7,8110910
267,2024-11-22 08:00:00+00:00,239.7,239.98,237.31,238.16,8705530
268,2024-11-22 10:00:00+00:00,238.16,239.24,236.75,237.09,6316920
269,2024-11-22 12:00:00+00:00,237.09,237.41,235.25,235.8,7602070
270,2024-11-22 14:00:00+00:00,235.8,236.95,234.78,235.4,5764750
271,2024-11-22 16:00:00+00:00,235.4,237.49,235.4,237.18,5034060
272,2024-11-22 18:00:00+00:00,237.18,237.47,235.63,236.78,2744650
273,2024-11-22 20:00:00+00:00,236.78,236.81,235.8,236.0,1342530
274,2024-11-25 06:00:00+00:00,236.0,237.1,233.16,233.65,12352250
275,2024-11-25 08:00:00+00:00,233.69,234.96,232.88,234.68,10104410
276,2024-11-25 10:00:00+00:00,234.66,235.55,233.33,234.3,6508390
277,2024-11-25 12:00:00+00:00,234.33,234.44,231.1,231.63,10288810
278,2024-11-25 14:00:00+00:00,231.65,231.89,229.16,230.0,20151350
279,2024-11-25 16:00:00+00:00,230.1,230.26,227.53,228.23,8282400
280,2024-11-25 18:00:00+00:00,228.23,229.4,227.25,228.4,6738320
281,2024-11-25 20:00:00+00:00,228.4,228.4,227.42,227.81,2043840
282,2024-11-26 06:00:00+00:00,227.8,229.92,227.0,229.49,11748380
283,2024-11-26 08:00:00+00:00,229.49,231.9,228.64,228.94,14697430
284,2024-11-26 10:00:00+00:00,228.95,230.0,225.21,226.35,16441110
285,2024-11-26 12:00:00+00:00,226.35,226.44,222.82,223.14,24481180
286,2024-11-26 12:00:00+00:00,226.35,226.44,222.82,223.14,24481180
287,2024-11-26 14:00:00+00:00,223.15,224.2,221.2,222.77,18666360
288,2024-11-26 16:00:00+00:00,222.77,223.85,222.0,222.4,5269880
289,2024-11-26 18:00:00+00:00,222.4,223.3,221.8,223.22,3865340
290,2024-11-26 20:00:00+00:00,223.21,223.37,222.71,223.16,1625350
291,2024-11-27 06:00:00+00:00,223.9,224.26,219.33,220.26,18623270
292,2024-11-27 08:00:00+00:00,220.26,225.93,220.07,224.3,23057080
293,2024-11-27 10:00:00+00:00,224.3,225.18,222.01,223.85,18472660
294,2024-11-27 12:00:00+00:00,223.83,224.5,219.2,222.19,20905930
295,2024-11-27 14:00:00+00:00,222.19,223.75,220.5,221.5,11675660
296,2024-11-27 16:00:00+00:00,221.85,225.69,221.5,225.44,13811270
297,2024-11-27 18:00:00+00:00,225.44,225.45,224.24,225.2,3457430
298,2024-11-27 20:00:00+00:00,225.2,226.47,225.05,226.3,2454320
299,2024-11-28 06:00:00+00:00,227.0,228.25,225.41,226.6,14832640
300,2024-11-28 08:00:00+00:00,226.63,228.58,225.5,226.1,13796890
301,2024-11-28 10:00:00+00:00,226.11,226.27,222.48,223.29,12279110
302,2024-11-28 12:00:00+00:00,223.29,226.01,223.29,224.71,9590830
303,2024-11-28 14:00:00+00:00,224.71,228.48,223.98,228.45,8759300
304,2024-11-28 16:00:00+00:00,228.5,229.5,227.8,228.45,5301350
305,2024-11-28 18:00:00+00:00,228.45,229.33,228.41,229.29,2326550
306,2024-11-28 20:00:00+00:00,229.29,229.3,228.53,228.56,954030
307,2024-11-29 06:00:00+00:00,228.48,229.77,227.55,229.46,6446130
308,2024-11-29 08:00:00+00:00,229.46,233.63,228.52,233.26,21691930
309,2024-11-29 10:00:00+00:00,233.26,233.91,232.16,233.34,10685860
310,2024-11-29 12:00:00+00:00,233.34,235.0,232.9,233.81,12763000
311,2024-11-29 14:00:00+00:00,233.82,236.99,233.55,235.11,11948820
312,2024-11-29 16:00:00+00:00,235.2,236.65,235.13,236.13,3401600
313,2024-11-29 18:00:00+00:00,236.14,236.46,235.7,235.93,1951130
314,2024-11-29 20:00:00+00:00,235.93,236.73,235.83,236.49,1415430
315,2024-12-02 06:00:00+00:00,237.02,238.7,237.02,237.61,11458070
316,2024-12-02 08:00:00+00:00,237.64,238.22,235.33,235.7,11821450
317,2024-12-02 10:00:00+00:00,235.72,236.83,234.32,236.25,8123570
318,2024-12-02 12:00:00+00:00,236.23,237.34,234.67,235.96,6460640
319,2024-12-02 14:00:00+00:00,235.96,236.7,235.09,235.61,4481000
320,2024-12-02 16:00:00+00:00,235.85,236.02,235.3,235.37,1332150
321,2024-12-02 18:00:00+00:00,235.37,235.79,235.34,235.61,900010
322,2024-12-02 20:00:00+00:00,235.58,235.61,235.1,235.17,565360
323,2024-12-03 06:00:00+00:00,235.29,235.97,233.32,233.85,7613710
324,2024-12-03 08:00:00+00:00,233.85,233.85,232.41,232.86,9387950
325,2024-12-03 10:00:00+00:00,232.87,234.29,232.84,233.33,5134120
326,2024-12-03 12:00:00+00:00,233.33,233.36,230.26,231.26,11636500
327,2024-12-03 12:00:00+00:00,233.33,233.36,230.26,231.26,11636500
328,2024-12-03 14:00:00+00:00,231.25,232.49,230.29,231.52,6143930
329,2024-12-03 16:00:00+00:00,231.52,231.86,230.57,230.8,2640220
330,2024-12-03 18:00:00+00:00,230.82,231.22,230.34,230.41,2110900
331,2024-12-03 20:00:00+00:00,230.4,231.0,230.39,230.8,655540
332,2024-12-04 06:00:00+00:00,231.0,231.62,229.3,230.49,8591270
333,2024-12-04 08:00:00+00:00,230.48,233.79,230.4,233.18,13760020
334,2024-12-04 10:00:00+00:00,233.2,233.7,232.7,233.54,3944310
335,2024-12-04 12:00:00+00:00,233.55,233.73,229.8,230.65,12393270
336,2024-12-04 14:00:00+00:00,230.65,230.66,227.02,227.5,15928500
337,2024-12-04 16:00:00+00:00,226.81,226.83,224.42,225.11,12622200
338,2024-12-04 18:00:00+00:00,225.1,225.52,224.58,224.95,3132990
339,2024-12-04 20:00:00+00:00,224.95,225.0,224.3,224.55,2044830
340,2024-12-05 06:00:00+00:00,224.57,227.44,224.06,226.29,11216940
341,2024-12-05 08:00:00+00:00,226.27,227.69,224.51,226.3,12676740
342,2024-12-05 10:00:00+00:00,226.29,227.0,225.0,225.36,7021770
343,2024-12-05 12:00:00+00:00,225.38,228.52,222.82,227.01,19897460
344,2024-12-05 14:00:00+00:00,227.06,232.77,227.05,231.49,22462500
345,2024-12-05 16:00:00+00:00,231.5,233.75,231.49,232.13,8631240
346,2024-12-05 18:00:00+00:00,232.13,233.44,232.13,233.32,3973600
347,2024-12-05 20:00:00+00:00,233.32,233.59,232.63,233.48,1108890
348,2024-12-06 06:00:00+00:00,233.63,236.5,231.52,236.29,17819680
349,2024-12-06 08:00:00+00:00,236.29,236.5,232.82,234.01,18928900
350,2024-12-06 10:00:00+00:00,234.02,236.09,232.57,235.89,11119740
351,2024-12-06 12:00:00+00:00,235.87,237.92,235.12,237.02,18130670
352,2024-12-06 14:00:00+00:00,237.02,237.46,236.0,236.99,6703130
353,2024-12-06 16:00:00+00:00,236.99,237.59,236.41,237.5,3293830
354,2024-12-06 18:00:00+00:00,237.51,237.9,237.3,237.8,3160250
355,2024-12-06 20:00:00+00:00,237.8,238.25,237.67,237.84,1939870
356,2024-12-09 06:00:00+00:00,239.29,240.29,238.51,239.58,10934310
357,2024-12-09 08:00:00+00:00,239.58,239.62,236.75,237.83,11226350
358,2024-12-09 10:00:00+00:00,237.83,238.89,236.82,237.62,6207270
359,2024-12-09 12:00:00+00:00,237.62,240.51,237.16,240.17,12360400
360,2024-12-09 14:00:00+00:00,240.15,240.29,237.5,237.82,7151000
361,2024-12-09 16:00:00+00:00,237.81,238.24,237.53,237.76,2203910
362,2024-12-09 18:00:00+00:00,237.79,238.02,237.65,237.82,1232430
363,2024-12-09 20:00:00+00:00,237.81,237.94,237.21,237.29,1177970
364,2024-12-10 06:00:00+00:00,238.0,238.01,233.69,233.88,14498920
365,2024-12-10 08:00:00+00:00,233.85,234.82,232.37,233.48,12111800
366,2024-12-10 10:00:00+00:00,233.48,234.5,232.12,232.64,11001760
367,2024-12-10 12:00:00+00:00,232.67,234.34,231.9,232.11,8654980
368,2024-12-10 12:00:00+00:00,232.67,234.34,231.9,232.11,8654980
369,2024-12-10 14:00:00+00:00,232.14,232.66,230.68,231.37,8082640
370,2024-12-10 16:00:00+00:00,231.37,231.82,230.65,231.31,2487170
371,2024-12-10 18:00:00+00:00,231.31,231.54,231.0,231.12,1264870
372,2024-12-10 20:00:00+00:00,231.11,231.12,230.8,230.82,638090
373,2024-12-11 06:00:00+00:00,230.5,231.24,229.67,230.05,8865690
374,2024-12-11 08:00:00+00:00,230.02,232.48,229.22,231.78,16044160
375,2024-12-11 10:00:00+00:00,231.78,232.0,229.81,231.24,7968680
376,2024-12-11 12:00:00+00:00,231.18,232.82,230.71,232.29,7868960
377,2024-12-11 14:00:00+00:00,232.3,233.25,231.0,231.4,7919280
378,2024-12-11 16:00:00+00:00,231.1,233.75,229.9,232.64,12140450
379,2024-12-11 18:00:00+00:00,232.64,233.6,232.63,233.55,2188250
380,2024-12-11 20:00:00+00:00,233.54,234.39,233.46,234.19,1918830
381,2024-12-12 06:00:00+00:00,234.0,235.95,233.03,235.9,8921640
382,2024-12-12 08:00:00+00:00,235.89,235.94,233.65,234.33,8886770
383,2024-12-12 10:00:00+00:00,234.3,234.68,231.57,232.0,9129890
384,2024-12-12 12:00:00+00:00,232.05,234.63,231.77,232.26,7788690
385,2024-12-12 14:00:00+00:00,232.22,232.59,229.45,230.0,13752310
386,2024-12-12 16:00:00+00:00,230.0,230.21,228.52,229.72,7374060
387,2024-12-12 18:00:00+00:00,229.72,230.02,229.15,229.4,2335960
388,2024-12-12 20:00:00+00:00,229.39,229.49,229.01,229.02,981850
389,2024-12-13 06:00:00+00:00,228.9,230.37,228.5,229.72,8408840
390,2024-12-13 08:00:00+00:00,229.71,230.34,227.85,228.6,11291500
391,2024-12-13 10:00:00+00:00,228.6,231.33,228.53,228.76,9829130
392,2024-12-13 12:00:00+00:00,228.73,229.75,228.12,228.45,7398020
393,2024-12-13 14:00:00+00:00,228.42,229.98,228.25,229.48,5021400
394,2024-12-13 16:00:00+00:00,229.48,229.6,229.08,229.21,1349520
395,2024-12-13 18:00:00+00:00,229.21,229.24,228.72,229.07,1465300
396,2024-12-13 20:00:00+00:00,229.04,229.15,228.5,228.7,1360950
397,2024-12-16 06:00:00+00:00,228.62,229.05,227.16,228.3,7844950
398,2024-12-16 08:00:00+00:00,228.31,228.31,226.0,226.38,11040940
399,2024-12-16 10:00:00+00:00,226.38,227.0,224.75,225.24,9555370
400,2024-12-16 12:00:00+00:00,225.25,226.4,224.6,225.59,8720160
401,2024-12-16 14:00:00+00:00,225.6,226.23,224.63,224.8,6928900
402,2024-12-16 16:00:00+00:00,224.91,226.58,224.38,225.87,7224220
403,2024-12-16 18:00:00+00:00,225.88,226.13,225.16,225.58,2010740
404,2024-12-16 20:00:00+00:00,225.59,225.6,224.84,225.53,1268000
405,2024-12-17 06:00:00+00:00,225.6,227.25,225.01,227.08,7366480
406,2024-12-17 08:00:00+00:00,227.07,227.49,225.81,226.94,8009850
407,2024-12-17 10:00:00+00:00,226.94,227.09,224.7,225.19,8898160
408,2024-12-17 12:00:00+00:00,225.17,225.4,223.72,224.54,8724760
409,2024-12-17 12:00:00+00:00,225.17,225.4,223.72,224.54,8724760
410,2024-12-17 14:00:00+00:00,224.5,225.6,223.93,225.06,7838630
411,2024-12-17 16:00:00+00:00,225.1,225.48,224.61,225.32,1696550
412,2024-12-17 18:00:00+00:00,225.32,225.94,224.98,225.63,2025420
413,2024-12-17 20:00:00+00:00,225.66,226.5,225.49,226.5,1325620
414,2024-12-18 06:00:00+00:00,226.72,227.99,225.82,226.03,7891840
415,2024-12-18 08:00:00+00:00,226.03,226.17,225.0,225.39,7049330
416,2024-12-18 10:00:00+00:00,225.39,225.81,224.33,225.6,6444980
417,2024-12-18 12:00:00+00:00,225.6,226.89,225.07,225.19,6880570
418,2024-12-18 14:00:00+00:00,225.19,227.34,225.1,226.94,8086270
419,2024-12-18 16:00:00+00:00,227.99,230.8,227.51,229.7,17141710
420,2024-12-18 18:00:00+00:00,229.7,230.69,229.65,230.05,3565120
421,2024-12-18 20:00:00+00:00,230.03,230.29,229.68,230.15,996660
422,2024-12-19 06:00:00+00:00,230.16,230.59,228.83,229.15,7898090
423,2024-12-19 08:00:00+00:00,229.16,233.38,228.46,233.18,28224800
424,2024-12-19 10:00:00+00:00,233.17,234.46,232.57,232.9,18038710
425,2024-12-19 12:00:00+00:00,232.9,234.99,228.76,229.74,51419430
426,2024-12-19 14:00:00+00:00,229.75,230.83,227.71,228.6,11241340
427,2024-12-19 16:00:00+00:00,228.7,229.57,228.45,229.45,3113420
428,2024-12-19 18:00:00+00:00,229.45,230.0,228.87,229.15,3096280
429,2024-12-19 20:00:00+00:00,229.13,229.49,228.51,229.0,1029300
430,2024-12-20 06:00:00+00:00,229.1,229.39,228.03,228.52,6399110
431,2024-12-20 08:00:00+00:00,228.52,231.35,228.25,231.0,10070210
432,2024-12-20 10:00:00+00:00,231.01,247.0,230.5,246.48,88762370
433,2024-12-20 12:00:00+00:00,246.48,253.0,244.58,250.78,54942680
434,2024-12-20 14:00:00+00:00,250.75,258.98,250.23,257.17,49024840
435,2024-12-20 16:00:00+00:00,256.97,257.17,254.31,255.94,14003030
436,2024-12-20 18:00:00+00:00,255.95,257.79,255.89,257.59,7647140
437,2024-12-20 20:00:00+00:00,257.61,257.95,257.21,257.6,4336840
438,2024-12-23 06:00:00+00:00,260.0,264.0,256.51,263.98,42292450
439,2024-12-23 08:00:00+00:00,263.96,270.0,263.6,265.43,57669040
440,2024-12-23 10:00:00+00:00,265.43,268.0,262.63,265.44,25967430
441,2024-12-23 12:00:00+00:00,265.45,267.35,263.52,266.25,16373830
442,2024-12-23 14:00:00+00:00,266.22,267.74,263.6,263.6,12945390
443,2024-12-23 16:00:00+00:00,263.78,264.65,263.01,263.76,4487540
444,2024-12-23 18:00:00+00:00,263.72,265.1,263.67,264.45,2588630
445,2024-12-23 20:00:00+00:00,264.37,264.99,264.3,264.9,841340
446,2024-12-24 06:00:00+00:00,264.94,265.16,261.02,263.09,18721580
447,2024-12-24 08:00:00+00:00,263.08,266.79,262.0,264.78,28134540
448,2024-12-24 10:00:00+00:00,264.78,265.94,263.51,265.27,14252190
449,2024-12-24 12:00:00+00:00,265.28,265.93,264.11,264.78,10989400
450,2024-12-24 12:00:00+00:00,265.28,265.93,264.11,264.78,10989400
451,2024-12-24 14:00:00+00:00,264.79,265.8,263.87,264.3,8029170
452,2024-12-24 16:00:00+00:00,264.2,264.9,264.0,264.63,2046790
453,2024-12-24 18:00:00+00:00,264.63,264.7,264.41,264.44,1102910
454,2024-12-24 20:00:00+00:00,264.45,264.69,264.2,264.34,532080
455,2024-12-25 06:00:00+00:00,263.62,264.15,260.31,263.47,17324800
456,2024-12-25 08:00:00+00:00,263.44,269.75,262.5,268.22,35009100
457,2024-12-25 10:00:00+00:00,268.22,269.3,267.25,269.11,12312730
458,2024-12-25 12:00:00+00:00,269.11,273.0,268.81,272.01,29632120
459,2024-12-25 14:00:00+00:00,272.04,272.25,268.8,269.99,18060920
460,2024-12-25 16:00:00+00:00,271.15,272.3,270.33,271.05,9314710
461,2024-12-25 18:00:00+00:00,271.05,271.9,270.82,271.84,2752680
462,2024-12-25 20:00:00+00:00,271.75,271.97,271.41,271.69,1132850
463,2024-12-26 06:00:00+00:00,272.0,274.25,270.8,272.96,19622280
464,2024-12-26 08:00:00+00:00,272.94,273.39,269.55,271.97,18353050
465,2024-12-26 10:00:00+00:00,271.99,272.4,269.72,270.84,12792490
466,2024-12-26 12:00:00+00:00,270.85,272.0,270.39,271.25,9449760
467,2024-12-26 14:00:00+00:00,271.21,271.56,270.58,271.15,4275250
468,2024-12-26 16:00:00+00:00,271.0,272.0,269.9,269.92,5308230
469,2024-12-26 18:00:00+00:00,269.94,270.42,269.1,269.32,5067020
470,2024-12-26 20:00:00+00:00,269.3,270.0,269.2,269.56,867190
471,2024-12-27 06:00:00+00:00,269.61,271.6,268.57,270.86,9909360
472,2024-12-27 08:00:00+00:00,270.88,272.16,270.51,271.52,11231220
473,2024-12-27 10:00:00+00:00,271.52,271.52,269.2,270.42,12328970
474,2024-12-27 12:00:00+00:00,270.4,271.4,269.76,270.78,6967270
475,2024-12-27 14:00:00+00:00,270.8,270.81,270.02,270.5,4349650
476,2024-12-27 16:00:00+00:00,270.5,271.4,270.22,270.81,3580350
477,2024-12-27 18:00:00+00:00,270.85,271.74,270.81,271.41,2631030
478,2024-12-27 20:00:00+00:00,271.43,271.6,270.82,271.2,1146840
479,2024-12-28 06:00:00+00:00,271.35,273.05,271.32,272.62,7123750
480,2024-12-28 08:00:00+00:00,272.62,273.99,272.3,272.8,9814450
481,2024-12-28 10:00:00+00:00,272.8,273.1,271.62,271.82,6771510
482,2024-12-28 12:00:00+00:00,271.83,272.25,270.4,271.01,7358730
483,2024-12-28 14:00:00+00:00,271.01,271.8,270.94,271.7,2889400
484,2024-12-28 16:00:00+00:00,271.73,272.59,271.46,272.59,2095810
485,2024-12-28 18:00:00+00:00,272.59,272.94,272.21,272.73,2081020
486,2024-12-28 20:00:00+00:00,272.74,272.99,272.54,272.83,1451240
487,2024-12-30 06:00:00+00:00,274.0,276.5,273.7,275.87,14102040
488,2024-12-30 08:00:00+00:00,275.78,276.3,275.0,275.16,7223700
489,2024-12-30 10:00:00+00:00,275.15,276.41,274.74,276.22,6032970
490,2024-12-30 12:00:00+00:00,276.3,277.39,275.9,276.51,7161560
491,2024-12-30 14:00:00+00:00,276.51,279.4,276.49,279.4,9693180
492,2024-12-30 16:00:00+00:00,279.4,279.4,278.18,278.4,4156790
493,2024-12-30 18:00:00+00:00,278.42,279.4,278.31,279.39,2495710
494,2024-12-30 20:00:00+00:00,279.38,279.49,279.05,279.43,1767800
495,2025-01-03 06:00:00+00:00,280.0,280.41,275.2,275.8,14354100
496,2025-01-03 08:00:00+00:00,275.8,275.82,273.04,273.88,12059810
497,2025-01-03 10:00:00+00:00,273.88,274.32,271.8,272.92,7570920
498,2025-01-03 12:00:00+00:00,272.92,273.7,272.43,272.96,2722830
499,2025-01-03 14:00:00+00:00,272.95,274.33,272.85,273.2,3092060
500,2025-01-03 16:00:00+00:00,273.21,273.21,272.5,272.68,1324140
501,2025-01-03 18:00:00+00:00,272.68,273.19,272.58,272.94,885130
502,2025-01-03 20:00:00+00:00,272.9,272.91,272.1,272.25,1077880
503,2025-01-06 06:00:00+00:00,270.88,271.5,270.07,271.08,6724750
504,2025-01-06 08:00:00+00:00,271.06,272.97,270.55,271.02,6899330
505,2025-01-06 10:00:00+00:00,271.05,272.2,270.62,271.71,3945170
506,2025-01-06 12:00:00+00:00,271.64,271.95,270.84,271.51,1988450
507,2025-01-06 14:00:00+00:00,271.55,272.9,271.5,272.44,3169130
508,2025-01-06 16:00:00+00:00,272.44,272.9,272.21,272.51,1313310
509,2025-01-06 18:00:00+00:00,272.52,274.3,272.3,274.15,2865060
510,2025-01-06 20:00:00+00:00,274.15,274.41,273.87,274.37,1549550
511,2025-01-08 06:00:00+00:00,273.07,276.4,273.07,275.99,8467500
512,2025-01-08 08:00:00+00:00,275.97,276.75,274.8,275.86,4548770
513,2025-01-08 10:00:00+00:00,275.86,276.55,275.0,276.55,2375480
514,2025-01-08 12:00:00+00:00,276.55,277.87,276.43,277.8,5729250
515,2025-01-08 14:00:00+00:00,277.8,277.83,276.52,276.98,3035140
516,2025-01-08 16:00:00+00:00,276.98,277.0,276.54,276.75,918800
517,2025-01-08 18:00:00+00:00,276.75,276.98,276.58,276.87,842540
518,2025-01-08 20:00:00+00:00,276.84,277.06,276.72,277.0,717180
519,2025-01-09 06:00:00+00:00,276.71,278.77,274.52,274.75,11130970
520,2025-01-09 08:00:00+00:00,274.73,275.8,272.16,272.79,13844190
521,2025-01-09 10:00:00+00:00,272.79,274.42,272.33,272.77,7716780
522,2025-01-09 12:00:00+00:00,272.77,273.69,270.73,273.22,9785290
523,2025-01-09 14:00:00+00:00,273.25,273.77,271.8,271.8,4873810
524,2025-01-09 16:00:00+00:00,271.99,272.47,271.12,271.51,2811900
525,2025-01-09 18:00:00+00:00,271.5,271.88,271.12,271.73,1471140
526,2025-01-09 20:00:00+00:00,271.74,272.19,271.1,271.8,1318800
527,2025-01-10 06:00:00+00:00,272.31,274.0,272.31,272.96,6755570
528,2025-01-10 08:00:00+00:00,272.91,273.38,270.27,270.5,9531230
529,2025-01-10 10:00:00+00:00,270.45,276.92,270.29,275.61,20423080
530,2025-01-10 12:00:00+00:00,275.62,277.83,275.62,276.9,12762630
531,2025-01-10 14:00:00+00:00,276.94,279.53,276.75,278.17,13375830
532,2025-01-10 16:00:00+00:00,278.15,279.0,277.6,278.22,3827770
533,2025-01-10 18:00:00+00:00,278.23,279.27,278.22,279.0,3285430
534,2025-01-10 20:00:00+00:00,279.01,279.2,278.47,278.77,1192680
535,2025-01-13 06:00:00+00:00,280.62,284.0,280.11,282.03,19771340
536,2025-01-13 08:00:00+00:00,282.01,284.75,281.8,284.4,13968420
537,2025-01-13 10:00:00+00:00,284.41,284.42,280.5,280.5,12888940
538,2025-01-13 12:00:00+00:00,280.5,282.69,279.55,281.53,8564550
539,2025-01-13 14:00:00+00:00,281.53,282.63,281.0,281.8,2985570
540,2025-01-13 16:00:00+00:00,281.75,281.95,280.7,281.02,1812730
541,2025-01-13 18:00:00+00:00,281.02,281.02,278.6,280.1,5655080
542,2025-01-13 20:00:00+00:00,280.1,280.78,279.67,279.8,955080
543,2025-01-14 06:00:00+00:00,279.84,280.47,278.57,278.84,6349780
544,2025-01-14 08:00:00+00:00,278.86,281.46,277.41,279.88,14864260
545,2025-01-14 10:00:00+00:00,279.88,282.36,279.43,280.71,8397920
546,2025-01-14 12:00:00+00:00,280.72,281.18,279.51,280.63,8381490
547,2025-01-14 12:00:00+00:00,280.72,281.18,279.51,280.63,8381490
548,2025-01-14 14:00:00+00:00,280.67,280.95,279.34,279.73,3155250
549,2025-01-14 16:00:00+00:00,279.85,280.05,278.67,279.85,2911630
550,2025-01-14 18:00:00+00:00,279.88,280.44,279.6,280.2,1372600
551,2025-01-14 20:00:00+00:00,280.18,280.27,279.85,279.85,604220
552,2025-01-15 06:00:00+00:00,280.0,280.78,278.6,278.62,6220080
553,2025-01-15 08:00:00+00:00,278.67,279.15,277.12,277.27,12164880
554,2025-01-15 10:00:00+00:00,277.26,278.15,276.06,276.88,6841310
555,2025-01-15 12:00:00+00:00,276.86,278.15,276.53,277.65,3717430
556,2025-01-15 14:00:00+00:00,277.67,277.81,276.8,277.24,2075990
557,2025-01-15 16:00:00+00:00,278.03,282.42,278.02,281.2,16738260
558,2025-01-15 18:00:00+00:00,281.2,282.49,281.19,282.4,3496940
559,2025-01-15 20:00:00+00:00,282.38,282.82,282.3,282.77,1609560
560,2025-01-16 06:00:00+00:00,283.7,283.98,281.6,281.85,11689900
561,2025-01-16 08:00:00+00:00,281.85,283.79,281.18,282.59,12176040
562,2025-01-16 10:00:00+00:00,282.59,283.39,281.7,283.19,5315570
563,2025-01-16 12:00:00+00:00,283.2,284.0,281.52,282.21,11003240
564,2025-01-16 14:00:00+00:00,282.2,282.98,282.05,282.7,4375470
565,2025-01-16 16:00:00+00:00,282.7,283.18,281.85,281.98,2549580
566,2025-01-16 18:00:00+00:00,281.98,282.92,281.9,282.45,1339760
567,2025-01-16 20:00:00+00:00,282.45,282.57,281.7,281.8,1003970
568,2025-01-17 06:00:00+00:00,282.2,282.2,280.19,281.56,9916630
569,2025-01-17 08:00:00+00:00,281.53,282.72,281.4,282.49,10890430
570,2025-01-17 10:00:00+00:00,282.5,283.59,282.09,283.16,7116290
571,2025-01-17 12:00:00+00:00,283.15,284.64,282.53,284.21,11403180
572,2025-01-17 14:00:00+00:00,284.28,284.5,283.6,283.9,5311290
573,2025-01-17 16:00:00+00:00,283.9,284.56,283.12,283.14,4470210
574,2025-01-17 18:00:00+00:00,283.14,283.77,283.12,283.6,1805760
575,2025-01-17 20:00:00+00:00,283.62,283.65,283.34,283.53,962360
576,2025-01-20 06:00:00+00:00,285.1,286.23,284.08,284.96,13449740
577,2025-01-20 08:00:00+00:00,284.97,284.97,281.51,281.83,13900910
578,2025-01-20 10:00:00+00:00,281.79,283.0,280.2,282.41,9313750
579,2025-01-20 12:00:00+00:00,282.4,283.86,281.1,282.71,6748380
580,2025-01-20 14:00:00+00:00,282.71,283.28,278.47,280.5,9608670
581,2025-01-20 16:00:00+00:00,280.5,281.3,279.4,279.64,6056240
582,2025-01-20 18:00:00+00:00,279.7,279.73,277.61,278.5,8115670
583,2025-01-20 20:00:00+00:00,278.47,278.47,278.01,278.19,753280
584,2025-01-21 06:00:00+00:00,279.39,280.47,278.5,280.3,7398000
585,2025-01-21 08:00:00+00:00,280.31,280.42,278.2,278.57,6052820
586,2025-01-21 10:00:00+00:00,278.58,279.79,276.32,276.78,8182370
587,2025-01-21 12:00:00+00:00,276.77,278.19,276.47,277.97,3652350
588,2025-01-21 12:00:00+00:00,276.77,278.19,276.47,277.97,3652350
589,2025-01-21 14:00:00+00:00,277.94,281.5,277.56,281.08,10449950
590,2025-01-21 16:00:00+00:00,281.1,281.63,280.61,280.95,2592550
591,2025-01-21 18:00:00+00:00,280.94,281.34,280.61,281.05,1316370
592,2025-01-21 20:00:00+00:00,281.04,281.85,281.04,281.85,833850
593,2025-01-22 06:00:00+00:00,282.0,284.0,280.2,280.59,6381810
594,2025-01-22 08:00:00+00:00,280.59,282.66,280.38,282.47,6682150
595,2025-01-22 10:00:00+00:00,282.47,283.18,281.85,282.58,6716820
596,2025-01-22 12:00:00+00:00,282.58,283.21,282.38,282.8,5637000
597,2025-01-22 14:00:00+00:00,282.8,283.9,282.77,283.87,6602280
598,2025-01-22 16:00:00+00:00,284.0,284.0,280.37,281.36,12714620
599,2025-01-22 18:00:00+00:00,281.35,281.36,280.8,281.14,1274240
600,2025-01-22 20:00:00+00:00,281.14,281.17,280.3,280.36,1097960
601,2025-01-23 06:00:00+00:00,280.79,280.79,279.28,280.6,6687290
602,2025-01-23 08:00:00+00:00,280.51,280.73,277.77,278.46,9177170
603,2025-01-23 10:00:00+00:00,278.46,280.0,278.36,279.92,4898650
604,2025-01-23 12:00:00+00:00,279.94,279.99,278.72,279.7,2856150
605,2025-01-23 14:00:00+00:00,279.69,280.0,278.12,278.51,5130400
606,2025-01-23 16:00:00+00:00,278.5,279.99,277.35,279.2,5711520
607,2025-01-23 18:00:00+00:00,279.27,279.69,278.84,279.08,1445090
608,2025-01-23 20:00:00+00:00,279.11,280.5,278.96,280.49,2667140
609,2025-01-24 06:00:00+00:00,281.0,281.24,279.25,279.85,5082160
610,2025-01-24 08:00:00+00:00,279.86,280.8,279.32,280.49,5005580
611,2025-01-24 10:00:00+00:00,280.49,282.3,280.42,282.19,6216920
612,2025-01-24 12:00:00+00:00,282.18,282.75,279.73,279.88,7197770
613,2025-01-24 14:00:00+00:00,279.89,281.77,279.53,280.72,5493440
614,2025-01-24 16:00:00+00:00,280.88,281.48,280.76,280.97,1235600
615,2025-01-24 18:00:00+00:00,280.9,281.2,280.21,280.9,1047110
616,2025-01-24 20:00:00+00:00,280.93,281.0,280.03,280.74,876630
617,2025-01-27 02:00:00+00:00,280.72,280.72,280.72,280.72,6980
618,2025-01-27 04:00:00+00:00,280.72,280.97,280.1,280.56,413880
619,2025-01-27 06:00:00+00:00,280.56,280.81,278.09,279.02,6877150
620,2025-01-27 08:00:00+00:00,279.03,279.39,276.8,277.99,10013910
621,2025-01-27 10:00:00+00:00,278.0,278.68,277.05,277.41,3787580
622,2025-01-27 12:00:00+00:00,277.41,278.3,276.34,276.55,5065880
623,2025-01-27 14:00:00+00:00,276.54,276.8,275.2,276.52,7307390
624,2025-01-27 16:00:00+00:00,276.6,276.6,275.53,275.69,2017350
625,2025-01-27 18:00:00+00:00,275.67,275.69,275.01,275.3,2963750
626,2025-01-27 20:00:00+00:00,275.29,275.3,275.1,275.23,581740
627,2025-01-28 02:00:00+00:00,275.25,275.25,275.25,275.25,5830
628,2025-01-28 04:00:00+00:00,275.25,275.25,274.01,275.01,1936410
629,2025-01-28 06:00:00+00:00,275.0,276.85,274.78,276.23,5556040
630,2025-01-28 08:00:00+00:00,276.22,276.77,274.4,275.68,4026800
631,2025-01-28 10:00:00+00:00,275.67,278.56,275.65,278.07,10092270
632,2025-01-28 12:00:00+00:00,278.09,279.26,277.63,278.58,7755170
633,2025-01-28 12:00:00+00:00,278.09,279.26,277.63,278.58,7755170
634,2025-01-28 14:00:00+00:00,278.63,279.0,278.0,278.7,5114650
635,2025-01-28 16:00:00+00:00,278.7,278.7,278.1,278.34,2241640
636,2025-01-28 18:00:00+00:00,278.33,278.8,277.81,278.53,1821010
637,2025-01-28 20:00:00+00:00,278.53,278.55,278.31,278.35,481000
638,2025-01-29 02:00:00+00:00,278.0,278.0,278.0,278.0,10640
639,2025-01-29 04:00:00+00:00,277.95,279.93,277.12,279.05,1876260
640,2025-01-29 06:00:00+00:00,279.05,279.05,277.27,277.4,4018930
641,2025-01-29 08:00:00+00:00,277.41,280.8,277.32,280.75,8521990
642,2025-01-29 10:00:00+00:00,280.74,281.62,280.33,280.55,8092190
643,2025-01-29 12:00:00+00:00,280.55,281.0,279.83,279.93,4204700
644,2025-01-29 14:00:00+00:00,279.93,282.0,279.85,282.0,6243630
645,2025-01-29 16:00:00+00:00,282.18,282.18,280.24,280.8,4614240
646,2025-01-29 18:00:00+00:00,280.78,280.87,280.3,280.5,989400
647,2025-01-29 20:00:00+00:00,280.51,280.59,280.26,280.36,589650
648,2025-01-30 02:00:00+00:00,280.44,280.44,280.44,280.44,2210
649,2025-01-30 04:00:00+00:00,280.37,280.96,280.36,280.94,530520
650,2025-01-30 06:00:00+00:00,280.93,282.22,280.51,281.98,4786400
651,2025-01-30 08:00:00+00:00,281.98,282.25,280.77,281.17,5415360
652,2025-01-30 10:00:00+00:00,281.16,281.9,280.7,280.86,4580590
653,2025-01-30 12:00:00+00:00,280.91,281.47,280.38,281.32,3459860
654,2025-01-30 14:00:00+00:00,281.32,282.5,281.25,282.5,5692750
655,2025-01-30 16:00:00+00:00,282.42,282.5,281.83,282.02,2037600
656,2025-01-30 18:00:00+00:00,282.02,282.19,281.8,281.95,1070020
657,2025-01-30 20:00:00+00:00,281.94,282.0,281.8,281.97,445410
658,2025-01-31 02:00:00+00:00,281.97,281.97,281.97,281.97,5750
659,2025-01-31 04:00:00+00:00,281.83,282.6,281.72,282.25,654920
660,2025-01-31 06:00:00+00:00,282.25,283.59,282.13,283.49,6957450
661,2025-01-31 08:00:00+00:00,283.47,284.11,282.38,283.09,10302750
662,2025-01-31 10:00:00+00:00,283.1,283.5,282.9,283.45,4580600
663,2025-01-31 12:00:00+00:00,283.45,283.89,281.51,281.87,8579540
664,2025-01-31 14:00:00+00:00,281.87,282.26,280.8,280.95,5531220
665,2025-01-31 16:00:00+00:00,280.85,281.36,280.27,280.87,2168070
666,2025-01-31 18:00:00+00:00,280.87,281.65,280.85,281.01,1088950
667,2025-01-31 20:00:00+00:00,281.0,281.0,280.7,280.73,457350
668,2025-02-03 02:00:00+00:00,280.21,280.21,280.21,280.21,38500
669,2025-02-03 04:00:00+00:00,280.21,280.27,278.59,279.74,1907060
670,2025-02-03 06:00:00+00:00,279.74,280.35,278.0,278.51,6970910
671,2025-02-03 08:00:00+00:00,278.53,279.4,278.45,279.3,5499400
672,2025-02-03 10:00:00+00:00,279.31,279.99,278.67,279.21,3829440
673,2025-02-03 12:00:00+00:00,279.2,279.71,278.19,279.18,4290580
674,2025-02-03 14:00:00+00:00,279.19,279.22,278.34,279.22,2499960
675,2025-02-03 16:00:00+00:00,279.22,279.54,278.93,279.48,1192050
676,2025-02-03 18:00:00+00:00,279.48,280.1,279.39,279.86,3209680
677,2025-02-03 20:00:00+00:00,279.87,279.9,279.5,279.55,933080
678,2025-02-04 02:00:00+00:00,279.55,279.55,279.55,279.55,3860
679,2025-02-04 04:00:00+00:00,279.55,280.63,279.31,280.29,709000
680,2025-02-04 06:00:00+00:00,280.29,281.41,279.35,280.65,3232780
681,2025-02-04 08:00:00+00:00,280.66,280.8,279.63,279.66,2780500
682,2025-02-04 10:00:00+00:00,279.66,280.15,279.0,279.01,3667610
683,2025-02-04 12:00:00+00:00,279.01,279.88,278.55,279.08,3075550
684,2025-02-04 12:00:00+00:00,279.01,279.88,278.55,279.08,3075550
685,2025-02-04 14:00:00+00:00,279.08,279.09,277.54,278.0,4768300
686,2025-02-04 16:00:00+00:00,278.0,278.36,277.66,278.01,965110
687,2025-02-04 18:00:00+00:00,278.01,278.02,275.7,276.79,4345000
688,2025-02-04 20:00:00+00:00,276.78,277.4,276.78,277.4,438960
689,2025-02-05 02:00:00+00:00,277.3,277.3,277.3,277.3,7260
690,2025-02-05 04:00:00+00:00,277.3,278.3,276.78,277.73,1218880
691,2025-02-05 06:00:00+00:00,277.73,277.91,276.7,277.08,3408710
692,2025-02-05 08:00:00+00:00,277.09,278.3,275.34,278.16,8641350
693,2025-02-05 10:00:00+00:00,278.16,278.75,277.01,277.76,4863190
694,2025-02-05 12:00:00+00:00,277.77,278.48,277.47,278.22,3286310
695,2025-02-05 14:00:00+00:00,278.21,280.79,278.1,280.79,7692480
696,2025-02-05 16:00:00+00:00,281.0,283.89,280.92,283.1,10041420
697,2025-02-05 18:00:00+00:00,283.1,283.7,282.67,283.09,3099080
698,2025-02-05 20:00:00+00:00,283.12,283.26,282.8,282.88,811730
699,2025-02-06 02:00:00+00:00,283.89,283.89,283.89,283.89,73010
700,2025-02-06 04:00:00+00:00,283.89,283.89,282.15,282.84,1417110
701,2025-02-06 06:00:00+00:00,282.81,288.92,282.09,287.92,28686050
702,2025-02-06 08:00:00+00:00,287.92,288.0,286.3,286.43,12803820
703,2025-02-06 10:00:00+00:00,286.43,287.48,285.62,286.13,7349940
704,2025-02-06 12:00:00+00:00,286.11,287.4,285.91,286.63,4633310
705,2025-02-06 14:00:00+00:00,286.63,288.2,286.48,287.15,11205070
706,2025-02-06 16:00:00+00:00,287.15,287.45,286.85,287.4,1494460
707,2025-02-06 18:00:00+00:00,287.38,287.98,287.21,287.27,1187000
708,2025-02-06 20:00:00+00:00,287.31,287.54,287.09,287.15,486720
709,2025-02-07 02:00:00+00:00,287.66,287.66,287.66,287.66,15960
710,2025-02-07 04:00:00+00:00,287.66,288.6,287.15,288.49,1499200
711,2025-02-07 06:00:00+00:00,288.48,288.9,286.86,287.5,6518980
712,2025-02-07 08:00:00+00:00,287.5,287.9,285.72,286.5,6136310
713,2025-02-07 10:00:00+00:00,286.49,287.49,286.14,286.59,2945570
714,2025-02-07 12:00:00+00:00,286.7,286.98,285.8,286.37,3788170
715,2025-02-07 14:00:00+00:00,286.42,286.5,285.08,286.3,3777670
716,2025-02-07 16:00:00+00:00,286.02,286.6,285.87,286.59,1470410
717,2025-02-07 18:00:00+00:00,286.58,286.6,286.14,286.19,681610
718,2025-02-07 20:00:00+00:00,286.2,286.39,285.8,285.81,740580
719,2025-02-10 02:00:00+00:00,287.61,287.61,287.61,287.61,149530
720,2025-02-10 04:00:00+00:00,287.64,289.48,287.61,288.83,4747520
721,2025-02-10 06:00:00+00:00,288.82,290.84,288.34,290.45,13451020
722,2025-02-10 08:00:00+00:00,290.49,290.53,289.14,289.85,6363590
723,2025-02-10 10:00:00+00:00,289.86,291.19,289.68,291.1,8250430
724,2025-02-10 12:00:00+00:00,291.1,293.37,290.51,292.81,12171710
725,2025-02-10 14:00:00+00:00,292.81,294.55,292.16,293.5,10706690
726,2025-02-10 16:00:00+00:00,293.54,294.2,293.4,293.58,2726330
727,2025-02-10 18:00:00+00:00,293.58,294.0,290.1,290.6,8233270
728,2025-02-10 20:00:00+00:00,290.63,291.18,289.67,289.94,6252500
729,2025-02-11 02:00:00+00:00,290.35,290.35,290.35,290.35,18080
730,2025-02-11 04:00:00+00:00,290.42,292.88,290.26,291.6,4880670
731,2025-02-11 06:00:00+00:00,291.59,292.45,290.0,291.28,15796370
732,2025-02-11 08:00:00+00:00,291.3,291.8,289.3,291.26,9760430
733,2025-02-11 10:00:00+00:00,291.26,293.73,291.13,292.59,8796110
734,2025-02-11 12:00:00+00:00,292.6,293.52,291.9,293.0,4697900
735,2025-02-11 12:00:00+00:00,292.6,293.52,291.9,293.0,4697900
736,2025-02-11 14:00:00+00:00,293.01,293.93,292.71,293.5,6603520
737,2025-02-11 16:00:00+00:00,293.5,293.78,292.51,292.85,2082130
738,2025-02-11 18:00:00+00:00,292.85,293.92,292.73,293.87,1962440
739,2025-02-11 20:00:00+00:00,293.87,294.1,293.57,294.06,1412180
740,2025-02-12 02:00:00+00:00,294.3,294.3,294.3,294.3,13740
741,2025-02-12 04:00:00+00:00,294.3,296.29,294.17,296.25,4639710
742,2025-02-12 06:00:00+00:00,296.25,297.26,295.55,296.99,9302370
743,2025-02-12 08:00:00+00:00,296.98,298.75,296.8,297.78,10841590
744,2025-02-12 10:00:00+00:00,297.77,299.57,297.72,297.96,11807300
745,2025-02-12 12:00:00+00:00,297.96,298.3,296.31,297.74,10096060
746,2025-02-12 14:00:00+00:00,297.72,298.19,293.02,294.0,15750550
747,2025-02-12 16:00:00+00:00,293.0,308.95,291.3,305.81,66151130
748,2025-02-12 18:00:00+00:00,305.81,312.0,305.44,311.93,43539440
749,2025-02-12 20:00:00+00:00,311.93,314.4,311.91,314.0,13674790
750,2025-02-13 02:00:00+00:00,315.61,315.61,315.61,315.61,353820
751,2025-02-13 04:00:00+00:00,315.61,318.72,314.5,316.4,12113250
752,2025-02-13 06:00:00+00:00,316.38,318.72,307.2,311.14,48923850
753,2025-02-13 08:00:00+00:00,311.18,314.8,309.52,311.95,23066530
754,2025-02-13 10:00:00+00:00,311.91,314.5,309.22,310.62,14663850
755,2025-02-13 12:00:00+00:00,310.61,313.15,310.2,311.0,7017230
756,2025-02-13 14:00:00+00:00,311.0,312.74,308.9,310.75,8700220
757,2025-02-13 16:00:00+00:00,310.36,311.49,310.01,310.1,2087060
758,2025-02-14 04:00:00+00:00,315.59,315.6,306.85,313.84,6726320
759,2025-02-14 06:00:00+00:00,313.92,317.69,313.91,317.53,19716820
760,2025-02-14 08:00:00+00:00,317.53,317.84,315.07,317.0,16066740
761,2025-02-14 10:00:00+00:00,317.0,317.49,309.15,311.84,34446640
762,2025-02-14 12:00:00+00:00,311.89,313.98,303.06,305.5,26043130
763,2025-02-14 14:00:00+00:00,305.5,310.0,304.9,309.57,14064830
764,2025-02-14 16:00:00+00:00,309.57,311.4,307.64,307.88,5833560
765,2025-02-14 18:00:00+00:00,307.88,309.58,307.86,308.53,2140210
766,2025-02-14 20:00:00+00:00,308.6,309.9,308.37,309.87,1652680
767,2025-02-17 02:00:00+00:00,314.0,314.0,314.0,314.0,219030
768,2025-02-17 04:00:00+00:00,314.0,316.0,312.52,314.92,7696490
769,2025-02-17 06:00:00+00:00,314.92,315.85,313.19,314.46,11107720
770,2025-02-17 08:00:00+00:00,314.48,315.8,312.31,315.29,14633750
771,2025-02-17 10:00:00+00:00,315.26,317.0,315.0,315.43,11912690
772,2025-02-17 12:00:00+00:00,315.43,317.97,315.34,317.4,11290000
773,2025-02-17 14:00:00+00:00,317.39,318.86,317.0,318.5,12907480
774,2025-02-17 16:00:00+00:00,318.7,318.7,316.66,317.72,6420440
775,2025-02-17 18:00:00+00:00,317.72,319.55,317.7,318.98,6265830
776,2025-02-17 20:00:00+00:00,318.99,319.55,318.97,319.5,2373580
777,2025-02-18 02:00:00+00:00,319.99,319.99,319.99,319.99,145970
778,2025-02-18 04:00:00+00:00,319.9,320.92,316.5,317.64,7777190
779,2025-02-18 06:00:00+00:00,317.69,318.85,315.05,317.24,11810960
780,2025-02-18 08:00:00+00:00,317.24,317.32,313.54,316.39,14185000
781,2025-02-18 10:00:00+00:00,316.37,319.43,316.25,318.14,11651270
782,2025-02-18 12:00:00+00:00,318.14,319.27,312.35,315.0,24448760
783,2025-02-18 12:00:00+00:00,318.14,319.27,312.35,315.0,24448760
784,2025-02-18 14:00:00+00:00,314.92,315.5,313.0,313.03,5460050
785,2025-02-18 16:00:00+00:00,313.1,314.89,313.03,313.15,2531850
786,2025-02-18 18:00:00+00:00,313.15,313.55,310.21,311.9,6181080
787,2025-02-18 20:00:00+00:00,311.89,312.95,311.89,312.95,809640
788,2025-02-19 02:00:00+00:00,313.53,313.53,313.53,313.53,11050
789,2025-02-19 04:00:00+00:00,313.53,314.35,312.36,312.81,2726850
790,2025-02-19 06:00:00+00:00,312.81,314.84,311.95,312.11,8015750
791,2025-02-19 08:00:00+00:00,312.09,313.0,311.01,312.25,7272890
792,2025-02-19 10:00:00+00:00,312.25,314.54,311.87,313.36,6648130
793,2025-02-19 12:00:00+00:00,313.44,314.35,312.51,314.14,5029340
794,2025-02-19 14:00:00+00:00,314.12,316.6,313.4,315.0,8219770
795,2025-02-19 16:00:00+00:00,316.0,316.9,315.03,316.5,7481810
796,2025-02-19 18:00:00+00:00,316.49,317.25,315.9,316.39,4165810
797,2025-02-19 20:00:00+00:00,316.38,316.5,315.6,315.91,912940
798,2025-02-20 02:00:00+00:00,315.91,315.91,315.91,315.91,11760
799,2025-02-20 04:00:00+00:00,315.91,316.75,315.11,316.08,1013050
800,2025-02-20 06:00:00+00:00,316.15,316.94,315.1,315.41,4393100
801,2025-02-20 08:00:00+00:00,315.41,316.58,314.02,316.58,5951560
802,2025-02-20 10:00:00+00:00,316.58,316.86,315.4,316.27,3713790
803,2025-02-20 12:00:00+00:00,316.27,317.96,315.84,317.39,7375460
804,2025-02-20 14:00:00+00:00,317.4,317.71,314.61,315.31,6146320
805,2025-02-20 16:00:00+00:00,315.43,315.93,314.41,315.24,2443920
806,2025-02-20 18:00:00+00:00,315.26,315.27,314.5,315.07,1727980
807,2025-02-20 20:00:00+00:00,315.07,315.26,314.91,315.05,387960
808,2025-02-21 02:00:00+00:00,315.48,315.48,315.48,315.48,1380
809,2025-02-21 04:00:00+00:00,315.48,315.92,314.61,315.46,615850
810,2025-02-21 06:00:00+00:00,315.47,316.44,314.9,316.33,3622730
811,2025-02-21 08:00:00+00:00,316.33,316.69,315.2,315.36,4010430
812,2025-02-21 10:00:00+00:00,315.37,315.51,312.0,313.68,12461740
813,2025-02-21 12:00:00+00:00,313.7,314.37,312.75,313.44,3922520
814,2025-02-21 14:00:00+00:00,313.5,314.55,313.44,314.12,3074580
815,2025-02-21 16:00:00+00:00,314.12,315.0,314.03,314.83,1942800
816,2025-02-21 18:00:00+00:00,314.81,315.31,314.67,315.0,1221030
817,2025-02-21 20:00:00+00:00,315.01,315.69,313.25,314.74,1852460
818,2025-02-24 02:00:00+00:00,314.92,314.92,314.92,314.92,24240
819,2025-02-24 04:00:00+00:00,314.93,316.39,314.5,314.93,1653940
820,2025-02-24 06:00:00+00:00,314.95,316.1,314.04,314.17,5375510
821,2025-02-24 08:00:00+00:00,314.2,315.15,313.8,314.29,4857250
822,2025-02-24 10:00:00+00:00,314.29,314.57,313.47,314.23,3739800
823,2025-02-24 12:00:00+00:00,314.21,314.55,313.0,313.59,4285760
824,2025-02-24 14:00:00+00:00,313.51,315.19,313.4,315.19,5459940
825,2025-02-24 16:00:00+00:00,315.1,315.9,314.0,315.56,4302420
826,2025-02-24 18:00:00+00:00,315.56,316.3,315.31,315.4,4239860
827,2025-02-24 20:00:00+00:00,315.4,316.4,315.1,316.03,1791670
828,2025-02-25 02:00:00+00:00,316.03,316.03,316.03,316.03,14780
829,2025-02-25 04:00:00+00:00,316.03,317.1,315.62,317.09,3312540
830,2025-02-25 06:00:00+00:00,317.07,318.59,316.51,316.95,12585750
831,2025-02-25 08:00:00+00:00,316.96,317.76,316.64,317.19,5476560
832,2025-02-25 10:00:00+00:00,317.19,317.76,315.79,317.5,6168660
833,2025-02-25 12:00:00+00:00,317.5,318.19,316.71,317.14,3909280
834,2025-02-25 12:00:00+00:00,317.5,318.19,316.71,317.14,3909280
835,2025-02-25 14:00:00+00:00,317.14,317.32,315.75,316.38,4002690
836,2025-02-25 16:00:00+00:00,316.38,316.55,315.8,316.49,1318900
837,2025-02-25 18:00:00+00:00,316.49,317.34,316.47,316.98,1468530
838,2025-02-25 20:00:00+00:00,316.97,317.08,316.46,316.97,566080
839,2025-02-26 02:00:00+00:00,316.97,316.97,316.97,316.97,4930
840,2025-02-26 04:00:00+00:00,317.0,317.45,316.61,317.07,781700
841,2025-02-26 06:00:00+00:00,317.08,317.28,315.27,315.86,6033940
842,2025-02-26 08:00:00+00:00,315.86,316.5,315.08,315.23,6302690
843,2025-02-26 10:00:00+00:00,315.24,315.64,310.44,312.18,18609690
844,2025-02-26 12:00:00+00:00,312.17,313.44,308.31,311.4,18108580
845,2025-02-26 14:00:00+00:00,311.43,313.05,310.2,312.53,9396190
846,2025-02-26 16:00:00+00:00,310.54,311.49,308.58,309.47,11029100
847,2025-02-26 18:00:00+00:00,309.42,310.86,309.39,310.01,2635220
848,2025-02-26 20:00:00+00:00,310.0,310.49,309.8,310.22,924980
849,2025-02-27 02:00:00+00:00,310.22,310.22,310.22,310.22,17200
850,2025-02-27 04:00:00+00:00,310.22,310.64,305.43,308.03,5396990
851,2025-02-27 06:00:00+00:00,308.03,311.39,308.03,309.88,9171870
852,2025-02-27 08:00:00+00:00,309.88,310.45,307.12,307.54,14310880
853,2025-02-27 10:00:00+00:00,307.54,309.89,306.85,308.18,6306110
854,2025-02-27 12:00:00+00:00,308.2,312.45,308.02,310.64,11152890
855,2025-02-27 14:00:00+00:00,310.65,311.48,309.32,309.32,4548710
856,2025-02-27 16:00:00+00:00,309.4,309.58,307.34,307.93,5939110
857,2025-02-27 18:00:00+00:00,307.93,308.76,307.25,307.81,2372060
858,2025-02-27 20:00:00+00:00,307.79,307.81,306.4,307.1,1720670
859,2025-02-28 02:00:00+00:00,306.01,306.01,306.01,306.01,50210
860,2025-02-28 04:00:00+00:00,306.01,308.22,305.58,307.08,2333060
861,2025-02-28 06:00:00+00:00,307.08,308.97,305.69,306.4,8145070
862,2025-02-28 08:00:00+00:00,306.45,307.04,304.05,304.9,10188580
863,2025-02-28 10:00:00+00:00,304.9,307.4,304.9,306.55,3802270
864,2025-02-28 12:00:00+00:00,306.6,306.79,304.5,304.76,5593310
865,2025-02-28 14:00:00+00:00,304.76,307.21,304.11,307.0,7931190
866,2025-02-28 16:00:00+00:00,306.76,310.4,306.11,309.5,12525430
867,2025-02-28 18:00:00+00:00,309.49,310.29,304.95,309.28,13610250
868,2025-02-28 20:00:00+00:00,309.33,309.7,308.61,309.63,1502000
869,2025-03-01 10:00:00+00:00,309.84,310.94,309.8,310.26,407280
870,2025-03-01 12:00:00+00:00,310.38,310.57,309.66,310.12,256650
871,2025-03-01 14:00:00+00:00,310.1,310.12,309.47,310.11,474500
872,2025-03-02 06:00:00+00:00,309.5,309.63,307.52,307.99,370300
873,2025-03-02 08:00:00+00:00,308.0,309.3,307.61,308.83,442630
874,2025-03-02 10:00:00+00:00,308.82,309.16,308.4,308.92,113240
875,2025-03-02 12:00:00+00:00,308.91,309.03,308.0,308.16,192100
876,2025-03-02 14:00:00+00:00,308.22,308.28,306.8,307.44,766840
877,2025-03-03 02:00:00+00:00,306.45,306.45,306.45,306.45,84170
878,2025-03-03 04:00:00+00:00,306.45,307.92,304.75,305.91,3998910
879,2025-03-03 06:00:00+00:00,305.81,305.98,301.6,302.79,14649510
880,2025-03-03 08:00:00+00:00,302.79,303.5,300.2,301.56,13957850
881,2025-03-03 10:00:00+00:00,301.53,303.13,300.78,303.1,5969130
882,2025-03-03 12:00:00+00:00,303.11,305.75,301.72,305.05,8985680
883,2025-03-03 14:00:00+00:00,305.06,305.3,303.61,303.95,5278740
884,2025-03-03 16:00:00+00:00,303.95,305.65,302.25,305.43,4931440
885,2025-03-03 18:00:00+00:00,305.4,307.79,303.12,307.15,7033420
886,2025-03-03 20:00:00+00:00,307.15,307.23,305.09,305.5,1578440
887,2025-03-04 02:00:00+00:00,306.95,306.95,306.95,306.95,31480
888,2025-03-04 04:00:00+00:00,306.43,309.86,306.14,309.35,4573570
889,2025-03-04 06:00:00+00:00,309.4,313.47,307.06,312.9,17570670
890,2025-03-04 08:00:00+00:00,312.97,315.0,312.08,314.0,16521540
891,2025-03-04 10:00:00+00:00,314.0,315.49,313.17,315.34,10406230
892,2025-03-04 12:00:00+00:00,315.35,316.7,314.1,316.0,12731350
893,2025-03-04 12:00:00+00:00,315.35,316.7,314.1,316.0,12731350
894,2025-03-04 14:00:00+00:00,316.0,316.2,314.23,316.2,7162870
895,2025-03-04 16:00:00+00:00,316.3,318.5,315.87,316.37,14731970
896,2025-03-04 18:00:00+00:00,316.39,317.0,315.77,316.69,2729590
897,2025-03-04 20:00:00+00:00,316.72,316.98,316.0,316.4,1671690
898,2025-03-05 02:00:00+00:00,316.4,316.4,316.4,316.4,82350
899,2025-03-05 04:00:00+00:00,316.5,316.74,313.31,314.99,5486110
900,2025-03-05 06:00:00+00:00,315.0,315.25,313.61,314.17,6459740
901,2025-03-05 08:00:00+00:00,314.17,317.15,314.17,316.77,9093710
902,2025-03-05 10:00:00+00:00,316.77,316.87,314.63,316.29,4421490
903,2025-03-05 12:00:00+00:00,316.33,317.32,315.67,317.0,9318420
904,2025-03-05 14:00:00+00:00,317.0,317.9,316.1,317.5,7904870
905,2025-03-05 16:00:00+00:00,317.9,318.3,315.65,316.47,6821810
906,2025-03-05 18:00:00+00:00,316.45,316.76,313.71,314.17,6000630
907,2025-03-05 20:00:00+00:00,314.16,314.43,313.0,313.56,2203270
908,2025-03-06 02:00:00+00:00,313.6,313.6,313.6,313.6,5990
909,2025-03-06 04:00:00+00:00,313.63,315.57,313.63,314.83,1960890
910,2025-03-06 06:00:00+00:00,314.83,315.13,313.57,314.77,4266080
911,2025-03-06 08:00:00+00:00,314.76,315.5,313.98,314.65,2894990
912,2025-03-06 10:00:00+00:00,314.66,315.29,313.95,313.96,6555860
913,2025-03-06 12:00:00+00:00,313.95,316.71,313.87,316.36,6267250
914,2025-03-06 14:00:00+00:00,316.37,317.43,315.52,315.79,6410650
915,2025-03-06 16:00:00+00:00,315.78,316.45,315.15,316.07,1856550
916,2025-03-06 18:00:00+00:00,316.07,316.19,314.93,315.5,1039620
917,2025-03-06 20:00:00+00:00,315.5,315.68,314.52,315.18,705230
918,2025-03-07 02:00:00+00:00,315.19,315.19,315.19,315.19,1110
919,2025-03-07 04:00:00+00:00,315.3,316.69,315.19,316.53,1309100
920,2025-03-07 06:00:00+00:00,316.58,320.12,316.25,319.55,16090950
921,2025-03-07 08:00:00+00:00,319.56,321.87,319.55,320.06,15435200
922,2025-03-07 10:00:00+00:00,320.08,320.99,319.71,320.31,6339890
923,2025-03-07 12:00:00+00:00,320.31,321.13,320.22,321.0,5381750
924,2025-03-07 14:00:00+00:00,320.99,321.13,310.69,313.16,45938450
925,2025-03-07 16:00:00+00:00,313.8,318.93,313.59,317.54,15739010
926,2025-03-07 18:00:00+00:00,317.54,317.58,316.0,316.59,3164870
927,2025-03-07 20:00:00+00:00,316.6,317.4,316.56,316.92,1470930
928,2025-03-10 02:00:00+00:00,316.98,316.98,316.98,316.98,20690
929,2025-03-10 04:00:00+00:00,317.0,318.71,317.0,317.82,1835420
930,2025-03-10 06:00:00+00:00,317.81,318.7,316.37,317.29,5580630
931,2025-03-10 08:00:00+00:00,317.29,319.49,316.8,319.48,7159340
932,2025-03-10 10:00:00+00:00,319.44,319.95,318.57,319.55,8945420
933,2025-03-10 12:00:00+00:00,319.54,320.63,319.0,319.5,6599360
934,2025-03-10 14:00:00+00:00,319.51,319.76,317.5,317.6,4749110
935,2025-03-10 16:00:00+00:00,317.95,318.45,316.68,317.02,2631340
936,2025-03-10 18:00:00+00:00,317.02,317.96,316.9,317.38,1248000
937,2025-03-10 20:00:00+00:00,317.39,317.67,317.31,317.57,546050
938,2025-03-11 02:00:00+00:00,317.7,317.7,317.7,317.7,8880
939,2025-03-11 04:00:00+00:00,317.78,318.7,317.32,317.32,1036210
940,2025-03-11 06:00:00+00:00,317.33,318.68,315.57,318.42,9130840
941,2025-03-11 08:00:00+00:00,318.42,320.49,318.0,318.98,10802670
942,2025-03-11 10:00:00+00:00,318.99,320.06,318.2,318.5,7049100
943,2025-03-11 12:00:00+00:00,318.49,320.25,318.2,320.03,5779680
944,2025-03-11 12:00:00+00:00,318.49,320.25,318.2,320.03,5779680
945,2025-03-11 14:00:00+00:00,320.03,321.98,319.31,320.23,10439850
946,2025-03-11 16:00:00+00:00,320.23,321.82,319.87,320.82,6211220
947,2025-03-11 18:00:00+00:00,320.82,321.34,318.53,319.52,12393490
948,2025-03-11 20:00:00+00:00,319.52,320.23,318.81,319.69,2083210
949,2025-03-12 02:00:00+00:00,319.99,319.99,319.99,319.99,44040
950,2025-03-12 04:00:00+00:00,319.8,320.9,318.82,318.83,2556920
951,2025-03-12 06:00:00+00:00,318.83,319.89,316.7,317.12,9190010
952,2025-03-12 08:00:00+00:00,317.12,318.32,315.8,318.15,11337960
953,2025-03-12 10:00:00+00:00,318.17,319.0,317.29,319.0,3937120
954,2025-03-12 12:00:00+00:00,318.99,320.19,318.0,318.13,7064280
955,2025-03-12 14:00:00+00:00,318.14,319.14,317.8,318.97,2513360
956,2025-03-12 16:00:00+00:00,319.15,319.27,317.2,318.42,3292820
957,2025-03-12 18:00:00+00:00,318.41,318.91,317.9,318.19,1403180
958,2025-03-12 20:00:00+00:00,318.16,318.39,318.07,318.39,624760
959,2025-03-13 02:00:00+00:00,318.39,318.39,318.39,318.39,5630
960,2025-03-13 04:00:00+00:00,318.39,318.87,317.5,317.7,1362770
961,2025-03-13 06:00:00+00:00,317.73,317.97,315.14,316.4,8940010
962,2025-03-13 08:00:00+00:00,316.31,317.2,314.6,316.99,10621550
963,2025-03-13 10:00:00+00:00,316.99,317.5,314.15,314.15,9295550
964,2025-03-13 12:00:00+00:00,314.16,315.22,312.5,314.01,14229360
965,2025-03-13 14:00:00+00:00,313.95,314.37,312.51,313.02,4794680
966,2025-03-13 16:00:00+00:00,316.77,320.5,316.7,318.77,24265300
967,2025-03-13 18:00:00+00:00,318.79,319.43,318.26,318.48,2423530
968,2025-03-13 20:00:00+00:00,318.41,318.57,316.14,316.37,2613710
969,2025-03-14 02:00:00+00:00,316.0,316.0,316.0,316.0,71490
970,2025-03-14 04:00:00+00:00,315.91,317.14,315.19,316.77,3703710
971,2025-03-14 06:00:00+00:00,316.87,317.47,315.89,315.91,6776230
972,2025-03-14 08:00:00+00:00,315.9,316.3,314.12,315.99,7280540
973,2025-03-14 10:00:00+00:00,315.99,317.67,315.75,317.46,4476200
974,2025-03-14 12:00:00+00:00,317.45,321.1,317.1,320.55,15119200
975,2025-03-14 14:00:00+00:00,320.55,321.0,319.21,320.15,6859650
976,2025-03-14 16:00:00+00:00,320.54,321.0,320.0,320.41,4685450
977,2025-03-14 18:00:00+00:00,320.47,320.48,319.87,320.22,1558890
978,2025-03-14 20:00:00+00:00,320.22,320.67,319.95,320.51,1231170
979,2025-03-15 06:00:00+00:00,320.69,321.3,319.82,320.98,588120
980,2025-03-15 08:00:00+00:00,320.91,321.03,320.42,320.81,336660
981,2025-03-15 10:00:00+00:00,320.72,320.97,320.62,320.78,225860
982,2025-03-15 12:00:00+00:00,320.78,320.9,320.57,320.87,112580
983,2025-03-15 14:00:00+00:00,320.87,320.9,320.53,320.74,192060
984,2025-03-16 06:00:00+00:00,320.52,321.2,320.52,321.2,265500
985,2025-03-16 08:00:00+00:00,321.15,321.39,320.62,321.11,347190
986,2025-03-16 10:00:00+00:00,321.13,321.2,320.9,321.02,156600
987,2025-03-16 12:00:00+00:00,321.04,323.35,320.93,322.64,2913320
988,2025-03-16 14:00:00+00:00,322.64,323.5,322.32,323.44,1998020
989,2025-03-17 02:00:00+00:00,323.44,323.44,323.44,323.44,76520
990,2025-03-17 04:00:00+00:00,323.45,326.97,323.44,326.12,8088920
991,2025-03-17 06:00:00+00:00,326.12,326.4,324.55,325.51,9759200
992,2025-03-17 08:00:00+00:00,325.5,326.85,325.5,326.1,9484220
993,2025-03-17 10:00:00+00:00,326.11,326.29,322.62,324.38,14837550
994,2025-03-17 12:00:00+00:00,324.38,326.01,324.31,325.8,6100560
995,2025-03-17 14:00:00+00:00,325.84,326.5,324.99,324.99,5616350
996,2025-03-17 16:00:00+00:00,325.1,326.0,324.96,324.99,2425520
997,2025-03-17 18:00:00+00:00,324.99,326.0,324.96,325.79,1506010
998,2025-03-17 20:00:00+00:00,325.78,326.26,325.6,326.02,806710
999,2025-03-18 02:00:00+00:00,326.2,326.2,326.2,326.2,5150
1000,2025-03-18 04:00:00+00:00,326.19,327.97,326.19,327.68,3109990
1001,2025-03-18 06:00:00+00:00,327.61,328.0,326.4,326.98,5463790
1002,2025-03-18 08:00:00+00:00,326.98,327.5,326.05,327.0,5594510
1003,2025-03-18 10:00:00+00:00,326.99,327.59,326.74,327.57,3504090
1004,2025-03-18 12:00:00+00:00,327.57,328.69,326.7,328.29,9234300
1005,2025-03-18 12:00:00+00:00,327.57,328.69,326.7,328.29,9234300
1006,2025-03-18 14:00:00+00:00,328.28,329.77,325.0,328.2,16218400
1007,2025-03-18 16:00:00+00:00,328.2,329.38,324.51,324.94,21905060
1008,2025-03-18 18:00:00+00:00,324.94,326.5,324.51,324.65,5477780
1009,2025-03-18 20:00:00+00:00,324.63,324.85,323.82,324.06,2434050
1010,2025-03-19 02:00:00+00:00,324.5,324.5,324.5,324.5,8360
1011,2025-03-19 04:00:00+00:00,324.49,325.93,324.23,325.04,2148450
1012,2025-03-19 06:00:00+00:00,325.01,325.11,322.3,323.08,9058160
1013,2025-03-19 08:00:00+00:00,323.07,324.96,322.6,324.19,6095150
1014,2025-03-19 10:00:00+00:00,324.2,324.47,323.45,324.3,3428480
1015,2025-03-19 12:00:00+00:00,324.31,325.95,324.02,325.85,8225420
1016,2025-03-19 14:00:00+00:00,325.86,326.49,325.29,326.0,5200830
1017,2025-03-19 16:00:00+00:00,326.32,326.88,325.26,325.36,3369250
1018,2025-03-19 18:00:00+00:00,325.4,325.8,325.02,325.54,1352970
1019,2025-03-19 20:00:00+00:00,325.54,325.7,325.0,325.3,913820
1020,2025-03-20 02:00:00+00:00,325.41,325.41,325.41,325.41,4650
1021,2025-03-20 04:00:00+00:00,325.41,326.0,325.35,325.39,971150
1022,2025-03-20 06:00:00+00:00,325.39,325.74,324.04,324.5,4859760
1023,2025-03-20 08:00:00+00:00,324.5,325.07,323.73,324.92,5389430
1024,2025-03-20 10:00:00+00:00,324.92,324.95,323.8,324.02,3418080
1025,2025-03-20 12:00:00+00:00,324.02,325.5,321.8,324.98,20634400
1026,2025-03-20 14:00:00+00:00,324.99,325.42,324.63,324.8,4493710
1027,2025-03-20 16:00:00+00:00,324.79,325.0,324.1,324.21,1269790
1028,2025-03-20 18:00:00+00:00,324.2,324.87,324.14,324.69,658870
1029,2025-03-20 20:00:00+00:00,324.69,324.74,324.05,324.05,656500
1030,2025-03-21 02:00:00+00:00,323.8,323.8,323.8,323.8,13920
1031,2025-03-21 04:00:00+00:00,324.0,324.95,323.8,324.26,678140
1032,2025-03-21 06:00:00+00:00,324.28,325.0,324.0,324.62,2404900
1033,2025-03-21 08:00:00+00:00,324.62,326.05,324.61,326.04,6292070
1034,2025-03-21 10:00:00+00:00,326.05,326.08,323.53,323.86,8328320
1035,2025-03-21 12:00:00+00:00,323.86,324.5,322.71,323.0,4769260
1036,2025-03-21 14:00:00+00:00,323.0,323.79,322.22,322.22,3150630
1037,2025-03-21 16:00:00+00:00,322.2,323.53,322.15,323.2,1803770
1038,2025-03-21 18:00:00+00:00,323.21,323.29,323.0,323.14,622700
1039,2025-03-21 20:00:00+00:00,323.17,323.29,323.02,323.26,644070
1040,2025-03-24 02:00:00+00:00,323.26,323.26,323.26,323.26,10930
1041,2025-03-24 04:00:00+00:00,323.26,323.69,322.75,322.8,1195790
1042,2025-03-24 06:00:00+00:00,322.79,323.58,322.21,323.13,3903110
1043,2025-03-24 08:00:00+00:00,323.14,323.94,322.75,323.01,3988850
1044,2025-03-24 10:00:00+00:00,323.0,323.2,321.13,321.29,7080140
1045,2025-03-24 12:00:00+00:00,321.3,322.2,320.62,320.72,5139010
1046,2025-03-24 14:00:00+00:00,320.72,321.98,320.0,320.68,4515320
1047,2025-03-24 16:00:00+00:00,320.6,321.69,320.5,321.68,1406250
1048,2025-03-24 18:00:00+00:00,321.69,321.8,318.51,319.49,5261610
1049,2025-03-24 20:00:00+00:00,319.5,319.7,319.36,319.47,540950
1050,2025-03-25 02:00:00+00:00,320.0,320.0,320.0,320.0,3610
1051,2025-03-25 04:00:00+00:00,320.0,321.88,319.53,321.8,1328240
1052,2025-03-25 06:00:00+00:00,321.81,322.2,320.64,320.77,3596620
1053,2025-03-25 08:00:00+00:00,320.81,322.1,318.23,318.23,6886730
1054,2025-03-25 10:00:00+00:00,318.23,319.6,318.23,318.97,4099150
1055,2025-03-25 12:00:00+00:00,318.98,319.2,316.7,317.0,7744530
1056,2025-03-25 12:00:00+00:00,318.98,319.2,316.7,317.0,7744530
1057,2025-03-25 14:00:00+00:00,317.0,319.46,314.65,317.55,17386370
1058,2025-03-25 16:00:00+00:00,317.56,320.5,317.56,319.74,4763450
1059,2025-03-25 18:00:00+00:00,319.74,320.88,319.7,320.44,2102070
1060,2025-03-25 20:00:00+00:00,320.44,320.44,319.72,319.8,417710
1061,2025-03-26 02:00:00+00:00,319.9,319.9,319.9,319.9,4180
1062,2025-03-26 04:00:00+00:00,320.0,320.88,319.91,320.02,880840
1063,2025-03-26 06:00:00+00:00,320.02,320.3,318.71,319.06,2795990
1064,2025-03-26 08:00:00+00:00,319.07,319.94,318.77,319.85,2009020
1065,2025-03-26 10:00:00+00:00,319.85,320.1,318.44,318.63,2192050
1066,2025-03-26 12:00:00+00:00,318.63,319.19,317.52,317.7,2637970
1067,2025-03-26 14:00:00+00:00,317.72,317.99,315.83,315.94,5189380
1068,2025-03-26 16:00:00+00:00,315.97,316.66,315.01,315.59,3278900
1069,2025-03-26 18:00:00+00:00,315.6,316.42,315.5,316.35,1002170
1070,2025-03-26 20:00:00+00:00,316.34,316.61,315.21,315.23,589540
1071,2025-03-27 02:00:00+00:00,315.51,315.51,315.51,315.51,1670
1072,2025-03-27 04:00:00+00:00,315.8,316.22,313.12,314.6,2815480
1073,2025-03-27 06:00:00+00:00,314.66,316.15,313.23,315.59,5138460
1074,2025-03-27 08:00:00+00:00,315.6,316.05,313.93,315.71,4673640
1075,2025-03-27 10:00:00+00:00,315.72,317.16,314.1,315.7,4672260
1076,2025-03-27 12:00:00+00:00,315.69,316.0,312.01,313.21,11097050
1077,2025-03-27 14:00:00+00:00,313.2,314.37,312.64,313.24,3811450
1078,2025-03-27 16:00:00+00:00,314.0,314.33,313.01,314.0,1560420
1079,2025-03-27 18:00:00+00:00,314.0,314.01,312.22,312.5,1539880
1080,2025-03-27 20:00:00+00:00,312.44,312.63,311.95,311.96,836040
1081,2025-03-28 02:00:00+00:00,311.96,311.96,311.96,311.96,20850
1082,2025-03-28 04:00:00+00:00,311.95,312.0,309.08,309.28,3868280
1083,2025-03-28 06:00:00+00:00,309.3,313.65,309.3,312.92,6473840
1084,2025-03-28 08:00:00+00:00,312.92,313.58,309.7,310.51,6473760
1085,2025-03-28 10:00:00+00:00,310.51,311.29,308.0,308.16,7393770
1086,2025-03-28 12:00:00+00:00,308.14,308.55,305.65,306.59,12199570
1087,2025-03-28 14:00:00+00:00,306.58,309.3,306.5,308.04,6879760
1088,2025-03-28 16:00:00+00:00,308.32,309.2,307.07,308.34,3778260
1089,2025-03-28 18:00:00+00:00,308.35,308.6,307.58,308.23,3576800
1090,2025-03-28 20:00:00+00:00,308.21,308.37,307.5,308.04,1211980
1091,2025-03-29 06:00:00+00:00,307.8,308.3,302.64,304.98,2254480
1092,2025-03-29 08:00:00+00:00,304.91,306.17,303.97,304.72,945160
1093,2025-03-29 10:00:00+00:00,304.72,305.0,303.65,304.39,1046580
1094,2025-03-29 12:00:00+00:00,304.32,304.7,303.0,303.19,968320
1095,2025-03-29 14:00:00+00:00,303.33,304.29,303.07,303.89,525280
1096,2025-03-30 06:00:00+00:00,303.2,305.3,302.0,303.12,1425390
1097,2025-03-30 08:00:00+00:00,303.2,303.2,302.43,302.95,412450
1098,2025-03-30 10:00:00+00:00,302.9,303.27,302.68,303.14,308020
1099,2025-03-30 12:00:00+00:00,303.14,304.39,303.05,303.69,609560
1100,2025-03-30 14:00:00+00:00,303.62,303.62,298.8,299.22,6403410
1101,2025-03-31 02:00:00+00:00,300.0,300.0,300.0,300.0,264730
1102,2025-03-31 04:00:00+00:00,300.07,306.5,300.0,306.32,8437130
1103,2025-03-31 06:00:00+00:00,306.43,309.98,304.83,304.84,12009470
1104,2025-03-31 08:00:00+00:00,304.89,308.08,303.75,307.39,8011280
1105,2025-03-31 10:00:00+00:00,307.39,308.77,306.28,308.21,5113460
1106,2025-03-31 12:00:00+00:00,308.22,308.82,306.22,308.28,4556070
1107,2025-03-31 14:00:00+00:00,308.38,310.88,307.59,310.05,6938650
1108,2025-03-31 16:00:00+00:00,310.04,310.27,309.07,309.96,1563540
1109,2025-03-31 18:00:00+00:00,309.96,310.15,309.48,309.7,1201060
1110,2025-03-31 20:00:00+00:00,309.72,309.84,309.25,309.72,470410
1111,2025-04-01 02:00:00+00:00,310.5,310.5,310.5,310.5,14520
1112,2025-04-01 04:00:00+00:00,310.01,312.52,310.01,311.84,2743380
1113,2025-04-01 06:00:00+00:00,311.81,312.9,311.16,311.61,4809710
1114,2025-04-01 08:00:00+00:00,311.6,312.45,311.01,311.93,4013320
1115,2025-04-01 10:00:00+00:00,311.92,312.0,306.27,307.0,9090260
1116,2025-04-01 12:00:00+00:00,307.0,307.66,304.81,305.98,8078160
1117,2025-04-01 12:00:00+00:00,307.0,307.66,304.81,305.98,8078160
1118,2025-04-01 14:00:00+00:00,305.98,308.8,305.65,306.31,7093010
1119,2025-04-01 16:00:00+00:00,306.41,306.76,304.23,305.17,4234650
1120,2025-04-01 18:00:00+00:00,305.19,305.78,302.71,303.28,4614570
1121,2025-04-01 20:00:00+00:00,303.29,303.54,302.7,303.24,1396760
1122,2025-04-02 02:00:00+00:00,303.23,303.23,303.23,303.23,14620
1123,2025-04-02 04:00:00+00:00,303.22,306.5,302.22,304.41,4017290
1124,2025-04-02 06:00:00+00:00,304.36,305.96,303.01,303.9,4774250
1125,2025-04-02 08:00:00+00:00,303.9,305.4,301.21,304.87,7708290
1126,2025-04-02 10:00:00+00:00,304.88,306.0,303.51,304.96,4721720
1127,2025-04-02 12:00:00+00:00,304.95,306.5,303.52,303.66,5873980
1128,2025-04-02 14:00:00+00:00,303.69,305.8,303.59,304.3,4156170
1129,2025-04-02 16:00:00+00:00,303.66,305.6,302.0,304.77,5585170
1130,2025-04-02 18:00:00+00:00,304.8,306.41,304.51,306.17,2309110
1131,2025-04-02 20:00:00+00:00,306.18,306.46,305.7,306.11,1046420
1132,2025-04-03 02:00:00+00:00,306.21,306.21,306.21,306.21,28810
1133,2025-04-03 04:00:00+00:00,306.28,309.2,306.22,307.42,2703970
1134,2025-04-03 06:00:00+00:00,307.44,307.48,303.58,304.05,5480040
1135,2025-04-03 08:00:00+00:00,304.04,306.89,303.98,306.42,4572060
1136,2025-04-03 10:00:00+00:00,306.41,306.69,303.77,304.5,4387920
1137,2025-04-03 12:00:00+00:00,304.51,305.2,300.4,300.98,10267070
1138,2025-04-03 14:00:00+00:00,300.96,301.35,298.26,298.4,12102490
1139,2025-04-03 16:00:00+00:00,298.58,300.0,296.0,298.61,7902180
1140,2025-04-03 18:00:00+00:00,298.61,299.79,297.7,299.56,2413540
1141,2025-04-03 20:00:00+00:00,299.56,302.09,298.9,302.09,2550480
1142,2025-04-04 02:00:00+00:00,303.55,303.55,303.55,303.55,184220
1143,2025-04-04 04:00:00+00:00,303.55,304.37,301.4,302.68,6512650
1144,2025-04-04 06:00:00+00:00,302.71,303.16,300.68,302.53,5690450
1145,2025-04-04 08:00:00+00:00,302.52,302.57,297.5,298.27,7823350
1146,2025-04-04 10:00:00+00:00,298.21,298.75,292.09,294.19,19841380
1147,2025-04-04 12:00:00+00:00,294.17,295.2,292.3,293.0,10805030
1148,2025-04-04 14:00:00+00:00,293.03,294.9,288.77,288.77,13930710
1149,2025-04-04 16:00:00+00:00,289.22,290.8,284.4,286.76,15016780
1150,2025-04-04 18:00:00+00:00,286.77,288.43,285.02,286.26,5855170
1151,2025-04-04 20:00:00+00:00,286.26,286.26,284.71,285.35,3059460
1152,2025-04-05 06:00:00+00:00,285.25,285.25,280.14,280.29,4928730
1153,2025-04-05 08:00:00+00:00,280.24,282.41,280.11,281.67,2952960
1154,2025-04-05 10:00:00+00:00,281.62,287.03,281.51,286.4,4129650
1155,2025-04-05 12:00:00+00:00,286.4,286.5,283.59,284.97,1155970
1156,2025-04-05 14:00:00+00:00,285.0,285.98,283.7,284.98,932850
1157,2025-04-06 06:00:00+00:00,285.35,286.62,284.22,286.26,1217830
1158,2025-04-06 08:00:00+00:00,286.26,288.0,286.26,287.43,1921300
1159,2025-04-06 10:00:00+00:00,287.4,287.85,285.5,287.64,1540970
1160,2025-04-06 12:00:00+00:00,287.63,290.2,287.08,289.17,2393900
1161,2025-04-06 14:00:00+00:00,289.17,290.47,288.57,290.35,1681880
1162,2025-04-07 02:00:00+00:00,285.3,285.3,285.3,285.3,184990
1163,2025-04-07 04:00:00+00:00,285.3,286.3,276.53,281.5,17729390
1164,2025-04-07 06:00:00+00:00,281.49,287.7,275.76,286.38,25262050
1165,2025-04-07 08:00:00+00:00,286.38,286.79,282.06,282.13,15189400
1166,2025-04-07 10:00:00+00:00,282.14,286.0,280.58,283.82,15618500
1167,2025-04-07 12:00:00+00:00,283.8,286.0,281.0,285.65,15283570
1168,2025-04-07 14:00:00+00:00,285.64,294.0,285.15,288.15,29741030
1169,2025-04-07 16:00:00+00:00,287.99,288.88,285.57,288.33,3663280
1170,2025-04-07 18:00:00+00:00,288.37,288.78,285.85,287.07,1827310
1171,2025-04-07 20:00:00+00:00,287.07,287.67,286.45,287.56,745320
1172,2025-04-08 02:00:00+00:00,290.0,290.0,290.0,290.0,59370
1173,2025-04-08 04:00:00+00:00,290.0,292.94,289.11,291.4,5937840
1174,2025-04-08 06:00:00+00:00,291.32,292.78,289.01,290.22,9782810
1175,2025-04-08 08:00:00+00:00,290.22,291.49,287.88,289.8,6581240
1176,2025-04-08 10:00:00+00:00,289.82,292.78,288.83,292.51,6191280
1177,2025-04-08 12:00:00+00:00,292.51,294.66,291.1,293.86,9108980
1178,2025-04-08 12:00:00+00:00,292.51,294.66,291.1,293.86,9108980
1179,2025-04-08 14:00:00+00:00,293.87,294.0,290.0,290.91,6631630
1180,2025-04-08 16:00:00+00:00,290.65,291.78,285.12,287.5,10948780
1181,2025-04-08 18:00:00+00:00,287.46,287.46,282.27,283.46,6419520
1182,2025-04-08 20:00:00+00:00,283.47,283.68,281.5,282.03,3871480
1183,2025-04-09 02:00:00+00:00,280.91,280.91,280.91,280.91,57950
1184,2025-04-09 04:00:00+00:00,280.91,284.28,279.89,282.95,6099630
1185,2025-04-09 06:00:00+00:00,282.94,286.99,282.8,285.53,11513390
1186,2025-04-09 08:00:00+00:00,285.51,286.55,284.12,284.43,8179580
1187,2025-04-09 10:00:00+00:00,284.43,284.6,276.33,278.44,24408290
1188,2025-04-09 12:00:00+00:00,278.42,284.9,277.63,283.86,16410510
1189,2025-04-09 14:00:00+00:00,283.89,284.95,280.71,283.72,7345900
1190,2025-04-09 16:00:00+00:00,283.95,294.22,283.44,294.01,23178930
1191,2025-04-09 18:00:00+00:00,294.07,294.48,291.17,292.61,9649560
1192,2025-04-09 20:00:00+00:00,292.68,293.99,292.59,293.4,2534450
1193,2025-04-10 02:00:00+00:00,294.09,294.09,294.09,294.09,112140
1194,2025-04-10 04:00:00+00:00,294.09,295.0,292.14,294.35,6166860
1195,2025-04-10 06:00:00+00:00,294.34,296.75,293.51,295.88,13606050
1196,2025-04-10 08:00:00+00:00,295.9,296.41,292.77,294.44,9750940
1197,2025-04-10 10:00:00+00:00,294.44,295.43,293.3,294.41,4622800
1198,2025-04-10 12:00:00+00:00,294.41,296.25,292.33,292.61,9298150
1199,2025-04-10 14:00:00+00:00,292.61,294.05,291.55,292.21,5803590
1200,2025-04-10 16:00:00+00:00,292.0,292.4,288.27,292.21,9194410
1201,2025-04-10 18:00:00+00:00,292.3,293.8,291.62,292.32,3727080
1202,2025-04-10 20:00:00+00:00,292.32,293.0,291.74,292.46,580820
1203,2025-04-11 02:00:00+00:00,293.0,293.0,293.0,293.0,2900
1204,2025-04-11 04:00:00+00:00,292.8,294.6,292.8,293.84,1575190
1205,2025-04-11 06:00:00+00:00,293.84,299.4,293.8,298.62,15406940
1206,2025-04-11 08:00:00+00:00,298.67,299.29,296.71,298.96,7583280
1207,2025-04-11 10:00:00+00:00,298.95,300.48,297.59,298.38,7997430
1208,2025-04-11 12:00:00+00:00,298.38,299.0,296.7,297.14,6442110
1209,2025-04-11 14:00:00+00:00,297.14,299.73,296.98,298.55,4238700
1210,2025-04-11 16:00:00+00:00,298.92,300.04,298.29,299.71,3804060
1211,2025-04-11 18:00:00+00:00,299.71,300.2,298.34,299.56,2495820
1212,2025-04-11 20:00:00+00:00,299.56,299.89,298.91,299.81,871780
1213,2025-04-12 06:00:00+00:00,300.18,301.8,300.03,301.48,1577620
1214,2025-04-12 08:00:00+00:00,301.48,301.8,301.26,301.69,1011520
1215,2025-04-12 10:00:00+00:00,301.69,301.7,301.04,301.11,496150
1216,2025-04-12 12:00:00+00:00,301.1,301.1,300.5,300.84,828100
1217,2025-04-12 14:00:00+00:00,300.82,301.27,300.8,300.95,701850
1218,2025-04-13 06:00:00+00:00,300.88,301.99,300.01,301.53,1575750
1219,2025-04-13 08:00:00+00:00,301.6,301.9,301.4,301.41,794290
1220,2025-04-13 10:00:00+00:00,301.45,301.64,300.51,301.36,565410
1221,2025-04-13 12:00:00+00:00,301.36,301.55,300.97,301.48,493890
1222,2025-04-13 14:00:00+00:00,301.51,301.6,301.1,301.49,649870
1223,2025-04-14 02:00:00+00:00,301.49,301.49,301.49,301.49,79620
1224,2025-04-14 04:00:00+00:00,301.49,302.0,299.66,300.12,2277510
1225,2025-04-14 06:00:00+00:00,300.13,300.72,298.65,299.65,5141120
1226,2025-04-14 08:00:00+00:00,299.67,302.4,299.04,300.4,6339010
1227,2025-04-14 10:00:00+00:00,300.46,301.71,299.27,299.57,3575590
1228,2025-04-14 12:00:00+00:00,299.62,299.84,295.16,295.25,8184790
1229,2025-04-14 14:00:00+00:00,295.25,298.6,295.13,297.07,4472650
1230,2025-04-14 16:00:00+00:00,297.0,297.19,295.25,295.69,2453680
1231,2025-04-14 18:00:00+00:00,295.69,296.98,295.19,296.24,1507130
1232,2025-04-14 20:00:00+00:00,296.21,296.55,295.8,296.5,737850
1233,2025-04-15 02:00:00+00:00,296.51,296.51,296.51,296.51,12380
1234,2025-04-15 04:00:00+00:00,296.51,296.96,295.6,295.8,1277930
1235,2025-04-15 06:00:00+00:00,295.82,300.45,295.8,298.81,7880470
1236,2025-04-15 08:00:00+00:00,298.74,300.0,298.12,298.59,4291280
1237,2025-04-15 10:00:00+00:00,298.61,298.75,296.73,297.54,3149930
1238,2025-04-15 12:00:00+00:00,297.59,298.9,296.11,298.16,2878250
1239,2025-04-15 12:00:00+00:00,297.59,298.9,296.11,298.16,2878250
1240,2025-04-15 14:00:00+00:00,298.18,298.85,297.0,297.2,2500290
1241,2025-04-15 16:00:00+00:00,297.2,298.09,296.5,297.92,1199290
1242,2025-04-15 18:00:00+00:00,297.92,298.47,297.6,298.14,617410
1243,2025-04-15 20:00:00+00:00,298.17,298.29,297.95,297.99,451480
1244,2025-04-16 02:00:00+00:00,298.0,298.0,298.0,298.0,20410
1245,2025-04-16 04:00:00+00:00,298.09,298.31,296.82,297.36,974070
1246,2025-04-16 06:00:00+00:00,297.43,297.44,296.06,297.03,3438060
1247,2025-04-16 08:00:00+00:00,296.99,299.49,296.1,298.3,5640750
1248,2025-04-16 10:00:00+00:00,298.3,299.5,298.01,299.04,2595590
1249,2025-04-16 12:00:00+00:00,299.07,301.49,298.05,301.4,4861150
1250,2025-04-16 14:00:00+00:00,301.4,303.3,300.7,302.7,7157830
1251,2025-04-16 16:00:00+00:00,302.9,303.0,300.5,300.86,2824300
1252,2025-04-16 18:00:00+00:00,300.81,301.69,300.01,300.48,1878610
1253,2025-04-16 20:00:00+00:00,300.43,301.31,300.27,300.8,712730
1254,2025-04-17 02:00:00+00:00,300.89,300.89,300.89,300.89,51100
1255,2025-04-17 04:00:00+00:00,301.0,302.94,300.97,302.51,1712740
1256,2025-04-17 06:00:00+00:00,302.5,302.88,301.02,302.15,3084950
1257,2025-04-17 08:00:00+00:00,302.1,302.7,301.37,301.84,3368010
1258,2025-04-17 10:00:00+00:00,301.74,303.17,301.37,303.12,3753230
1259,2025-04-17 12:00:00+00:00,303.12,304.83,303.12,303.6,5968390
1260,2025-04-17 14:00:00+00:00,303.61,303.89,300.41,301.24,8451230
1261,2025-04-17 16:00:00+00:00,301.55,304.19,300.77,303.77,3846760
1262,2025-04-17 18:00:00+00:00,303.9,305.07,303.26,304.46,5911590
1263,2025-04-17 20:00:00+00:00,304.45,305.06,303.5,304.8,1431800
1264,2025-04-18 02:00:00+00:00,302.7,302.7,302.7,302.7,90920
1265,2025-04-18 04:00:00+00:00,302.7,303.0,300.5,302.3,3836140
1266,2025-04-18 06:00:00+00:00,302.3,303.85,302.22,303.07,3257210
1267,2025-04-18 08:00:00+00:00,303.08,303.12,298.2,298.21,8464010
1268,2025-04-18 10:00:00+00:00,298.2,299.18,296.25,297.9,11913190
1269,2025-04-18 12:00:00+00:00,297.94,301.2,297.27,300.2,10325210
1270,2025-04-18 14:00:00+00:00,300.2,301.36,300.04,300.93,2792420
1271,2025-04-18 16:00:00+00:00,300.93,302.0,299.49,299.95,3437370
1272,2025-04-18 18:00:00+00:00,299.94,300.75,299.9,300.5,1021330
1273,2025-04-18 20:00:00+00:00,300.48,300.67,299.91,300.01,1010120
1274,2025-04-21 02:00:00+00:00,302.67,302.67,302.67,302.67,71510
1275,2025-04-21 04:00:00+00:00,302.67,303.2,301.76,302.8,2290660
1276,2025-04-21 06:00:00+00:00,302.78,304.25,302.0,303.71,6365800
1277,2025-04-21 08:00:00+00:00,303.71,306.76,303.7,306.06,13374030
1278,2025-04-21 10:00:00+00:00,306.04,308.0,305.66,307.95,9301800
1279,2025-04-21 12:00:00+00:00,307.94,308.3,306.09,306.36,8948880
1280,2025-04-21 14:00:00+00:00,306.33,307.92,306.28,307.68,4181270
1281,2025-04-21 16:00:00+00:00,308.0,308.7,307.41,307.42,4705290
1282,2025-04-21 18:00:00+00:00,307.41,308.24,307.31,307.83,1275780
1283,2025-04-21 20:00:00+00:00,307.83,308.17,307.6,308.12,745110
1284,2025-04-22 02:00:00+00:00,308.5,308.5,308.5,308.5,15240
1285,2025-04-22 04:00:00+00:00,308.5,309.82,308.14,309.31,2684030
1286,2025-04-22 06:00:00+00:00,309.31,310.04,308.53,309.39,5815660
1287,2025-04-22 08:00:00+00:00,309.39,309.4,306.55,307.21,6932060
1288,2025-04-22 10:00:00+00:00,307.21,309.43,306.8,307.12,12447790
1289,2025-04-22 12:00:00+00:00,307.12,309.49,307.1,309.49,8236720
1290,2025-04-22 12:00:00+00:00,307.12,309.49,307.1,309.49,8236720
1291,2025-04-22 14:00:00+00:00,309.49,310.57,309.0,310.33,7347170
1292,2025-04-22 16:00:00+00:00,310.55,314.48,309.85,313.24,12072980
1293,2025-04-22 18:00:00+00:00,313.29,315.0,312.09,312.72,7931720
1294,2025-04-22 20:00:00+00:00,312.71,312.8,312.03,312.25,998640
1295,2025-04-23 02:00:00+00:00,313.0,313.0,313.0,313.0,26960
1296,2025-04-23 04:00:00+00:00,313.0,314.98,311.02,311.12,5531190
1297,2025-04-23 06:00:00+00:00,311.12,311.19,305.55,306.25,19131830
1298,2025-04-23 08:00:00+00:00,306.25,308.49,306.07,308.14,8498000
1299,2025-04-23 10:00:00+00:00,308.13,311.0,308.0,309.9,9120970
1300,2025-04-23 12:00:00+00:00,309.89,310.4,308.51,309.51,4108490
1301,2025-04-23 14:00:00+00:00,309.51,311.79,308.91,311.79,4134860
1302,2025-04-23 16:00:00+00:00,311.78,312.89,309.75,311.62,5866650
1303,2025-04-23 18:00:00+00:00,311.61,311.99,310.01,310.06,1749570
1304,2025-04-23 20:00:00+00:00,310.06,310.6,309.23,310.0,682670
1305,2025-04-24 02:00:00+00:00,310.77,310.77,310.77,310.77,14280
1306,2025-04-24 04:00:00+00:00,310.78,311.43,310.2,311.29,1386990
1307,2025-04-24 06:00:00+00:00,311.29,312.5,310.67,312.06,3366150
1308,2025-04-24 08:00:00+00:00,312.02,312.8,310.94,312.77,3265720
1309,2025-04-24 10:00:00+00:00,312.76,312.78,311.0,311.07,3463700
1310,2025-04-24 12:00:00+00:00,311.07,312.25,310.22,310.45,5396340
1311,2025-04-24 14:00:00+00:00,310.46,310.86,309.4,309.77,3361390
1312,2025-04-24 16:00:00+00:00,310.0,310.74,309.72,309.99,1261700
1313,2025-04-24 18:00:00+00:00,309.99,310.78,309.09,310.19,2192540
1314,2025-04-24 20:00:00+00:00,310.2,310.29,310.07,310.16,411190
1315,2025-04-25 02:00:00+00:00,310.85,310.85,310.85,310.85,94510
1316,2025-04-25 04:00:00+00:00,310.89,312.21,310.71,312.15,2341280
1317,2025-04-25 06:00:00+00:00,312.09,313.94,311.45,313.26,7371840
1318,2025-04-25 08:00:00+00:00,313.25,314.0,312.41,313.25,6089410
1319,2025-04-25 10:00:00+00:00,313.23,315.36,312.4,314.62,12983900
1320,2025-04-25 12:00:00+00:00,314.62,315.42,314.17,315.2,5711630
1321,2025-04-25 14:00:00+00:00,315.16,317.87,315.0,316.37,11365850
1322,2025-04-25 16:00:00+00:00,316.4,316.8,315.61,315.88,3259890
1323,2025-04-25 18:00:00+00:00,315.88,316.87,315.79,316.76,1630540
1324,2025-04-25 20:00:00+00:00,316.76,317.08,316.68,316.69,914720
1325,2025-04-26 06:00:00+00:00,318.42,319.0,317.63,318.45,1254980
1326,2025-04-26 08:00:00+00:00,318.45,320.26,318.35,319.7,2898050
1327,2025-04-26 10:00:00+00:00,319.7,320.0,318.6,319.36,1152570
1328,2025-04-26 12:00:00+00:00,319.26,319.73,317.0,317.92,2543040
1329,2025-04-26 14:00:00+00:00,317.83,318.88,317.0,317.58,1662350
1330,2025-04-27 06:00:00+00:00,318.2,318.97,318.0,318.15,521480
1331,2025-04-27 08:00:00+00:00,318.14,318.44,317.39,317.92,457550
1332,2025-04-27 10:00:00+00:00,317.97,318.28,317.59,318.06,360200
1333,2025-04-27 12:00:00+00:00,318.08,318.19,317.81,318.03,385700
1334,2025-04-27 14:00:00+00:00,318.04,318.29,318.01,318.18,513150
1335,2025-04-28 02:00:00+00:00,318.36,318.36,318.36,318.36,11220
1336,2025-04-28 04:00:00+00:00,318.36,318.87,317.0,317.4,1901960
1337,2025-04-28 06:00:00+00:00,317.4,317.77,315.2,316.2,7020860
1338,2025-04-28 08:00:00+00:00,316.2,317.0,315.5,315.75,3813670
1339,2025-04-28 10:00:00+00:00,315.82,320.0,314.26,318.61,21033380
1340,2025-04-28 12:00:00+00:00,318.61,318.99,316.7,317.08,5639650
1341,2025-04-28 14:00:00+00:00,317.07,317.99,317.03,317.77,2562700
1342,2025-04-28 16:00:00+00:00,317.41,317.75,314.85,315.56,4035610
1343,2025-04-28 18:00:00+00:00,315.62,315.8,313.52,313.99,5570130
1344,2025-04-28 20:00:00+00:00,314.0,314.3,313.99,314.23,726610
1345,2025-04-29 02:00:00+00:00,314.99,314.99,314.99,314.99,31480
1346,2025-04-29 04:00:00+00:00,314.94,315.45,314.36,314.47,1185860
1347,2025-04-29 06:00:00+00:00,314.46,314.46,312.65,313.21,4234440
1348,2025-04-29 08:00:00+00:00,313.26,314.29,310.78,311.12,6535160
1349,2025-04-29 10:00:00+00:00,311.11,312.29,310.5,311.39,4298560
1350,2025-04-29 12:00:00+00:00,311.38,313.39,311.06,312.47,3010780
1351,2025-04-29 12:00:00+00:00,311.38,313.39,311.06,312.47,3010780
1352,2025-04-29 14:00:00+00:00,312.46,312.99,309.87,310.7,4241670
1353,2025-04-29 16:00:00+00:00,310.4,310.89,308.1,309.37,5009950
1354,2025-04-29 18:00:00+00:00,309.35,309.72,308.5,309.24,1272820
1355,2025-04-29 20:00:00+00:00,309.24,309.82,308.83,309.41,429270
1356,2025-04-30 02:00:00+00:00,309.28,309.28,309.28,309.28,3900
1357,2025-04-30 04:00:00+00:00,309.4,309.95,307.0,308.33,3060510
1358,2025-04-30 06:00:00+00:00,308.33,309.35,306.51,307.75,5179500
1359,2025-04-30 08:00:00+00:00,307.74,307.74,303.12,304.47,10377990
1360,2025-04-30 10:00:00+00:00,304.45,307.27,304.15,307.25,6667490
1361,2025-04-30 12:00:00+00:00,307.25,308.89,305.11,305.91,6811640
1362,2025-04-30 14:00:00+00:00,305.9,308.44,305.8,306.62,3480190
1363,2025-04-30 16:00:00+00:00,306.7,307.0,305.05,306.73,3230920
1364,2025-04-30 18:00:00+00:00,306.73,308.43,306.25,307.99,1519600
1365,2025-04-30 20:00:00+00:00,308.0,308.28,307.42,307.8,934550
1366,2025-05-02 02:00:00+00:00,307.8,307.8,307.8,307.8,33290
1367,2025-05-02 04:00:00+00:00,307.73,307.73,304.85,305.76,1137660
1368,2025-05-02 06:00:00+00:00,305.76,305.76,302.6,303.03,4772110
1369,2025-05-02 08:00:00+00:00,303.02,304.0,302.25,303.65,2367770
1370,2025-05-02 10:00:00+00:00,303.65,305.25,303.6,304.21,2020330
1371,2025-05-02 12:00:00+00:00,304.23,304.72,303.19,303.41,1382900
1372,2025-05-02 14:00:00+00:00,303.41,303.61,300.64,300.75,3430350
1373,2025-05-02 16:00:00+00:00,300.75,301.7,300.24,300.39,1901530
1374,2025-05-02 18:00:00+00:00,300.38,301.43,300.15,300.47,1131450
1375,2025-05-02 20:00:00+00:00,300.48,300.48,299.7,299.96,1574380
1376,2025-05-03 06:00:00+00:00,299.9,302.24,299.52,301.63,1270830
1377,2025-05-03 08:00:00+00:00,301.61,301.8,301.17,301.44,344810
1378,2025-05-03 10:00:00+00:00,301.43,301.44,300.45,300.76,438710
1379,2025-05-03 12:00:00+00:00,300.75,300.99,300.01,300.45,487560
1380,2025-05-03 14:00:00+00:00,300.45,300.98,300.19,300.7,400620
1381,2025-05-04 06:00:00+00:00,300.7,301.33,300.02,300.98,508140
1382,2025-05-04 08:00:00+00:00,300.97,302.0,300.62,301.32,801150
1383,2025-05-04 10:00:00+00:00,301.39,302.78,301.33,302.29,697920
1384,2025-05-04 12:00:00+00:00,302.29,302.36,301.27,301.32,473790
1385,2025-05-04 14:00:00+00:00,301.34,301.95,301.19,301.8,386700
1386,2025-05-05 02:00:00+00:00,301.8,301.8,301.8,301.8,20190
1387,2025-05-05 04:00:00+00:00,301.82,302.59,300.3,301.89,1683570
1388,2025-05-05 06:00:00+00:00,301.81,301.9,298.67,298.81,5833740
1389,2025-05-05 08:00:00+00:00,298.8,300.27,297.62,299.24,5761430
1390,2025-05-05 10:00:00+00:00,299.24,300.2,296.6,297.05,5925560
1391,2025-05-05 12:00:00+00:00,297.05,297.94,295.32,295.4,5224860
1392,2025-05-05 14:00:00+00:00,295.47,295.6,291.66,292.41,13470110
1393,2025-05-05 16:00:00+00:00,292.41,295.09,291.8,294.98,4007070
1394,2025-05-05 18:00:00+00:00,294.98,295.39,294.03,294.21,2930430
1395,2025-05-05 20:00:00+00:00,294.22,294.64,293.83,294.64,651100
1396,2025-05-06 02:00:00+00:00,294.65,294.65,294.65,294.65,9930
1397,2025-05-06 04:00:00+00:00,294.65,296.3,294.36,294.85,2364480
1398,2025-05-06 06:00:00+00:00,294.84,298.34,292.05,296.87,10329240
1399,2025-05-06 08:00:00+00:00,296.83,299.8,296.83,298.68,7662380
1400,2025-05-06 10:00:00+00:00,298.68,298.93,297.0,297.8,3752740
1401,2025-05-06 12:00:00+00:00,297.81,302.15,297.81,301.53,9945940
1402,2025-05-06 12:00:00+00:00,297.81,302.15,297.81,301.53,9945940
1403,2025-05-06 14:00:00+00:00,301.53,303.78,301.02,302.78,7400450
1404,2025-05-06 16:00:00+00:00,302.87,304.38,302.5,304.1,3658620
1405,2025-05-06 18:00:00+00:00,304.1,304.75,303.12,303.12,2272650
1406,2025-05-06 20:00:00+00:00,303.12,303.59,302.0,302.02,1931210
1407,2025-05-07 02:00:00+00:00,302.5,302.5,302.5,302.5,12130
1408,2025-05-07 04:00:00+00:00,302.51,304.24,302.51,303.47,1611290
1409,2025-05-07 06:00:00+00:00,303.43,303.47,300.56,302.16,6427680
1410,2025-05-07 08:00:00+00:00,302.16,303.6,300.9,302.66,4781470
1411,2025-05-07 10:00:00+00:00,302.66,303.93,301.8,303.86,3519150
1412,2025-05-07 12:00:00+00:00,303.84,304.0,301.25,301.52,4956030
1413,2025-05-07 14:00:00+00:00,301.54,304.1,301.1,302.9,4656810
1414,2025-05-07 16:00:00+00:00,303.7,304.2,302.51,302.52,2155910
1415,2025-05-07 18:00:00+00:00,302.52,302.79,301.51,302.44,1156840
1416,2025-05-07 20:00:00+00:00,302.46,303.0,302.11,302.79,390060
1417,2025-05-08 02:00:00+00:00,302.9,302.9,302.9,302.9,1530
1418,2025-05-08 04:00:00+00:00,302.99,305.51,302.9,304.6,2113440
1419,2025-05-08 06:00:00+00:00,304.65,306.0,304.52,305.13,3648630
1420,2025-05-08 08:00:00+00:00,305.14,305.94,304.82,305.25,2481750
1421,2025-05-08 10:00:00+00:00,305.25,305.48,303.06,303.32,2797240
1422,2025-05-08 12:00:00+00:00,303.32,303.94,300.61,301.92,6244820
1423,2025-05-08 14:00:00+00:00,301.96,302.87,301.55,301.95,1100600
1424,2025-05-08 16:00:00+00:00,301.8,302.77,301.31,302.42,1337470
1425,2025-05-08 18:00:00+00:00,302.44,302.77,302.0,302.24,601820
1426,2025-05-08 20:00:00+00:00,302.25,302.77,302.0,302.15,484110
1427,2025-05-10 06:00:00+00:00,303.53,304.0,302.9,303.25,448080
1428,2025-05-10 08:00:00+00:00,303.16,303.28,302.59,302.74,284280
1429,2025-05-10 10:00:00+00:00,302.74,303.49,302.55,303.32,249450
1430,2025-05-10 12:00:00+00:00,303.34,303.34,302.76,302.84,125890
1431,2025-05-10 14:00:00+00:00,302.91,303.28,301.7,302.38,976770
1432,2025-05-11 06:00:00+00:00,305.85,307.64,305.85,306.65,3765980
1433,2025-05-11 08:00:00+00:00,306.65,307.25,305.51,306.13,1889070
1434,2025-05-11 10:00:00+00:00,306.13,306.3,305.51,306.17,527090
1435,2025-05-11 12:00:00+00:00,306.17,306.17,305.0,305.07,1232360
1436,2025-05-11 14:00:00+00:00,305.07,305.5,304.55,305.48,758180
1437,2025-05-12 02:00:00+00:00,307.53,307.53,307.53,307.53,48210
1438,2025-05-12 04:00:00+00:00,307.55,308.98,307.26,308.63,4264290
1439,2025-05-12 06:00:00+00:00,308.63,311.49,308.62,311.01,8169290
1440,2025-05-12 08:00:00+00:00,311.1,311.29,309.31,309.78,5765730
1441,2025-05-12 10:00:00+00:00,309.77,310.89,308.7,310.04,5302160
1442,2025-05-12 12:00:00+00:00,310.05,310.59,308.71,309.02,3390530
1443,2025-05-12 14:00:00+00:00,309.0,310.84,308.31,310.46,4897560
1444,2025-05-12 16:00:00+00:00,310.46,310.57,310.06,310.36,1405800
1445,2025-05-12 18:00:00+00:00,310.37,310.37,309.56,310.12,717340
1446,2025-05-12 20:00:00+00:00,310.13,310.82,310.07,310.81,741110
1447,2025-05-13 02:00:00+00:00,310.8,310.8,310.8,310.8,32910
1448,2025-05-13 04:00:00+00:00,310.8,312.4,310.21,311.85,2437040
1449,2025-05-13 06:00:00+00:00,311.86,312.1,311.03,311.72,3567610
1450,2025-05-13 08:00:00+00:00,311.71,311.83,309.61,310.95,5867740
1451,2025-05-13 10:00:00+00:00,310.95,311.03,309.83,310.09,2797880
1452,2025-05-13 12:00:00+00:00,310.08,312.0,310.0,311.97,4235530
1453,2025-05-13 12:00:00+00:00,310.08,312.0,310.0,311.97,4235530
1454,2025-05-13 14:00:00+00:00,311.97,312.5,310.98,312.5,3466490
1455,2025-05-13 16:00:00+00:00,312.21,312.45,311.17,311.22,1274400
1456,2025-05-13 18:00:00+00:00,311.22,311.41,310.82,311.25,719200
1457,2025-05-13 20:00:00+00:00,311.21,311.41,310.85,311.24,363920
1458,2025-05-14 02:00:00+00:00,311.5,311.5,311.5,311.5,2700
1459,2025-05-14 04:00:00+00:00,311.5,311.87,310.56,311.27,715850
1460,2025-05-14 06:00:00+00:00,311.28,311.37,309.21,310.47,3997960
1461,2025-05-14 08:00:00+00:00,310.5,311.3,310.14,311.05,2683320
1462,2025-05-14 10:00:00+00:00,311.05,311.76,310.46,311.7,2285360
1463,2025-05-14 12:00:00+00:00,311.72,313.71,311.39,312.16,5682030
1464,2025-05-14 14:00:00+00:00,312.16,312.73,311.09,311.2,2737870
1465,2025-05-14 16:00:00+00:00,311.22,311.64,310.54,311.04,1338280
1466,2025-05-14 18:00:00+00:00,311.03,311.04,308.1,308.3,2473190
1467,2025-05-14 20:00:00+00:00,308.28,308.31,304.04,304.21,5235450
1468,2025-05-15 02:00:00+00:00,304.2,304.2,304.2,304.2,71580
1469,2025-05-15 04:00:00+00:00,304.21,307.4,304.2,306.98,2793250
1470,2025-05-15 06:00:00+00:00,306.98,307.77,303.3,303.51,8951020
1471,2025-05-15 08:00:00+00:00,303.51,304.78,300.56,301.38,10397040
1472,2025-05-15 10:00:00+00:00,301.38,303.02,300.49,302.66,7045520
1473,2025-05-15 12:00:00+00:00,302.66,304.47,301.26,303.9,9402150
1474,2025-05-15 14:00:00+00:00,303.9,304.99,302.51,302.51,5296070
1475,2025-05-15 16:00:00+00:00,302.51,304.5,302.51,304.06,2042960
1476,2025-05-15 18:00:00+00:00,304.06,304.32,303.3,303.84,928810
1477,2025-05-15 20:00:00+00:00,303.89,304.75,303.82,304.72,558850
1478,2025-05-16 02:00:00+00:00,304.7,304.7,304.7,304.7,6120
1479,2025-05-16 04:00:00+00:00,304.71,305.49,303.85,304.59,1308250
1480,2025-05-16 06:00:00+00:00,304.48,304.9,303.15,304.79,1944180
1481,2025-05-16 08:00:00+00:00,304.79,306.3,304.74,306.22,4503630
1482,2025-05-16 10:00:00+00:00,306.25,306.36,303.0,304.31,4694880
1483,2025-05-16 12:00:00+00:00,304.31,308.88,296.56,307.42,39161030
1484,2025-05-16 14:00:00+00:00,307.38,308.57,305.37,305.46,8767140
1485,2025-05-16 16:00:00+00:00,305.46,306.76,305.1,305.86,1697980
1486,2025-05-16 18:00:00+00:00,305.86,306.5,305.1,306.26,1236140
1487,2025-05-16 20:00:00+00:00,306.29,306.49,305.98,306.34,637190
1488,2025-05-17 06:00:00+00:00,306.34,308.94,306.01,307.31,851030
1489,2025-05-17 08:00:00+00:00,307.34,307.39,306.26,306.57,633790
1490,2025-05-17 10:00:00+00:00,306.57,307.07,306.38,306.98,181470
1491,2025-05-17 12:00:00+00:00,306.98,307.19,306.71,307.14,173100
1492,2025-05-17 14:00:00+00:00,307.14,309.48,307.11,308.89,2956200
1493,2025-05-18 06:00:00+00:00,309.67,311.86,309.3,311.0,2216440
1494,2025-05-18 08:00:00+00:00,311.0,311.26,310.91,311.04,765660
1495,2025-05-18 10:00:00+00:00,311.01,311.15,310.35,310.6,741050
1496,2025-05-18 12:00:00+00:00,310.55,311.21,310.5,311.13,670120
1497,2025-05-18 14:00:00+00:00,311.13,311.25,310.95,311.15,1009240
1498,2025-05-19 02:00:00+00:00,311.5,311.5,311.5,311.5,16850
1499,2025-05-19 04:00:00+00:00,311.48,311.5,309.0,309.1,2279840
1500,2025-05-19 06:00:00+00:00,309.11,310.55,307.62,308.77,6618890
1501,2025-05-19 08:00:00+00:00,308.77,309.6,308.5,309.28,2478920
1502,2025-05-19 10:00:00+00:00,309.28,310.84,308.87,310.65,3326720
1503,2025-05-19 12:00:00+00:00,310.65,311.16,309.03,309.25,4337530
1504,2025-05-19 14:00:00+00:00,309.26,312.0,308.65,311.2,6998270
1505,2025-05-19 16:00:00+00:00,311.62,313.0,306.34,309.87,14465250
1506,2025-05-19 18:00:00+00:00,309.9,310.32,307.56,308.13,3211160
1507,2025-05-19 20:00:00+00:00,308.13,308.4,307.86,308.33,765460
1508,2025-05-20 02:00:00+00:00,308.88,308.88,308.88,308.88,5970
1509,2025-05-20 04:00:00+00:00,308.88,309.47,308.67,309.38,734810
1510,2025-05-20 06:00:00+00:00,309.35,309.55,307.0,307.21,3547690
1511,2025-05-20 08:00:00+00:00,307.21,308.28,307.0,307.83,3312880
1512,2025-05-20 10:00:00+00:00,307.82,307.94,306.68,307.22,3083280
1513,2025-05-20 12:00:00+00:00,307.21,307.4,306.31,306.63,2306710
1514,2025-05-20 12:00:00+00:00,307.21,307.4,306.31,306.63,2306710
1515,2025-05-20 14:00:00+00:00,306.65,307.17,305.2,305.2,3989240
1516,2025-05-20 16:00:00+00:00,305.32,306.0,304.7,305.79,2127730
1517,2025-05-20 18:00:00+00:00,305.78,305.98,305.29,305.93,460100
1518,2025-05-20 20:00:00+00:00,305.93,306.4,305.93,306.16,242280
1519,2025-05-21 02:00:00+00:00,306.17,306.17,306.17,306.17,1980
1520,2025-05-21 04:00:00+00:00,306.18,307.56,306.16,307.0,1272960
1521,2025-05-21 06:00:00+00:00,307.0,307.04,304.24,304.5,5042200
1522,2025-05-21 08:00:00+00:00,304.48,306.1,304.41,305.47,3248170
1523,2025-05-21 10:00:00+00:00,305.46,306.95,304.6,306.72,3181040
1524,2025-05-21 12:00:00+00:00,306.73,306.85,305.13,306.01,1584390
1525,2025-05-21 14:00:00+00:00,305.98,305.98,302.89,303.58,4318440
1526,2025-05-21 16:00:00+00:00,303.99,304.3,303.58,303.64,1018230
1527,2025-05-21 18:00:00+00:00,303.63,304.08,303.5,304.0,511600
1528,2025-05-21 20:00:00+00:00,304.0,304.24,303.98,303.98,277320
1529,2025-05-22 02:00:00+00:00,304.5,304.5,304.5,304.5,2290
1530,2025-05-22 04:00:00+00:00,304.03,304.75,302.7,303.3,1198120
1531,2025-05-22 06:00:00+00:00,303.3,304.05,301.35,301.43,4700960
1532,2025-05-22 08:00:00+00:00,301.43,301.49,299.17,300.54,9767120
1533,2025-05-22 10:00:00+00:00,300.55,302.46,300.46,301.36,3121090
1534,2025-05-22 12:00:00+00:00,301.36,304.52,300.2,303.16,7100310
1535,2025-05-22 14:00:00+00:00,303.2,305.6,302.82,304.25,5512500
1536,2025-05-22 16:00:00+00:00,304.3,304.42,302.28,303.01,2500630
1537,2025-05-22 18:00:00+00:00,303.11,303.2,302.36,302.54,698560
1538,2025-05-22 20:00:00+00:00,302.55,302.89,302.41,302.66,412330
1539,2025-05-23 02:00:00+00:00,302.66,302.66,302.66,302.66,7000
1540,2025-05-23 04:00:00+00:00,302.8,303.44,302.07,302.55,833740
1541,2025-05-23 06:00:00+00:00,302.55,302.98,301.33,302.05,2966930
1542,2025-05-23 08:00:00+00:00,302.01,303.49,301.46,303.49,3256830
1543,2025-05-23 10:00:00+00:00,303.48,305.0,302.54,302.65,3781950
1544,2025-05-23 12:00:00+00:00,302.65,302.76,301.5,302.63,2699980
1545,2025-05-23 14:00:00+00:00,302.69,303.38,301.7,302.22,2300750
1546,2025-05-23 16:00:00+00:00,302.22,302.34,301.77,301.79,579590
1547,2025-05-23 18:00:00+00:00,301.79,302.59,301.75,302.37,420240
1548,2025-05-23 20:00:00+00:00,302.33,302.33,301.9,302.22,328880
1549,2025-05-26 02:00:00+00:00,302.22,302.22,302.22,302.22,20840
1550,2025-05-26 04:00:00+00:00,302.23,302.49,297.6,299.3,5979390
1551,2025-05-26 06:00:00+00:00,299.31,299.35,296.7,296.99,7428250
1552,2025-05-26 08:00:00+00:00,297.0,298.17,296.61,296.83,5547160
1553,2025-05-26 10:00:00+00:00,296.83,297.5,295.58,295.84,5140820
1554,2025-05-26 12:00:00+00:00,295.84,297.1,295.5,296.11,3131970
1555,2025-05-26 14:00:00+00:00,296.12,298.09,296.02,296.37,3793670
1556,2025-05-26 16:00:00+00:00,296.33,297.43,296.15,297.14,1657550
1557,2025-05-26 18:00:00+00:00,297.14,297.96,297.09,297.68,967190
1558,2025-05-26 20:00:00+00:00,297.69,298.35,297.58,297.77,964630
1559,2025-05-27 02:00:00+00:00,297.73,297.73,297.73,297.73,7780
1560,2025-05-27 04:00:00+00:00,297.68,297.71,293.08,295.4,4565480
1561,2025-05-27 06:00:00+00:00,295.33,298.99,295.32,298.47,5686570
1562,2025-05-27 08:00:00+00:00,298.47,299.67,297.65,299.17,4267760
1563,2025-05-27 10:00:00+00:00,299.16,299.47,298.08,298.86,2943920
1564,2025-05-27 12:00:00+00:00,298.87,299.26,297.1,297.99,3456100
1565,2025-05-27 12:00:00+00:00,298.87,299.26,297.1,297.99,3456100
1566,2025-05-27 14:00:00+00:00,298.0,299.9,297.84,299.5,2609690
1567,2025-05-27 16:00:00+00:00,299.48,299.48,298.71,299.23,1097610
1568,2025-05-27 18:00:00+00:00,299.22,299.44,298.71,298.97,773590
1569,2025-05-27 20:00:00+00:00,298.97,299.0,298.28,298.7,351540
1570,2025-05-28 02:00:00+00:00,299.0,299.0,299.0,299.0,5950
1571,2025-05-28 04:00:00+00:00,299.06,300.8,299.0,300.41,2041140
1572,2025-05-28 06:00:00+00:00,300.4,302.87,299.72,302.66,7504830
1573,2025-05-28 08:00:00+00:00,302.66,305.0,302.03,304.77,8917350
1574,2025-05-28 10:00:00+00:00,304.77,306.8,304.41,304.89,9700280
1575,2025-05-28 12:00:00+00:00,304.87,308.4,304.82,308.05,8291460
1576,2025-05-28 14:00:00+00:00,308.05,308.29,306.54,306.54,4998100
1577,2025-05-28 16:00:00+00:00,306.78,308.82,306.78,307.95,4387170
1578,2025-05-28 18:00:00+00:00,307.96,308.5,307.9,308.22,1447090
1579,2025-05-28 20:00:00+00:00,308.23,308.49,307.97,308.47,708090
1580,2025-05-29 02:00:00+00:00,308.61,308.61,308.61,308.61,27820
1581,2025-05-29 04:00:00+00:00,308.65,309.36,307.77,308.2,1675380
1582,2025-05-29 06:00:00+00:00,308.2,308.22,305.8,305.85,4225750
1583,2025-05-29 08:00:00+00:00,305.83,307.8,305.66,307.42,3340820
1584,2025-05-29 10:00:00+00:00,307.45,309.25,307.45,309.18,4097080
1585,2025-05-29 12:00:00+00:00,309.17,309.95,306.61,307.5,5144490
1586,2025-05-29 14:00:00+00:00,307.5,308.35,306.72,307.0,2741620
1587,2025-05-29 16:00:00+00:00,307.0,307.06,306.0,306.59,1779260
1588,2025-05-29 18:00:00+00:00,306.46,306.66,306.03,306.31,675360
1589,2025-05-29 20:00:00+00:00,306.3,306.65,306.01,306.65,342160
1590,2025-05-30 02:00:00+00:00,306.27,306.27,306.27,306.27,12300
1591,2025-05-30 04:00:00+00:00,306.5,307.59,305.01,306.99,1618980
1592,2025-05-30 06:00:00+00:00,307.0,307.99,306.78,306.79,2463910
1593,2025-05-30 08:00:00+00:00,306.79,309.76,305.8,309.29,5997920
1594,2025-05-30 10:00:00+00:00,309.32,310.29,309.0,309.32,4589460
1595,2025-05-30 12:00:00+00:00,309.36,309.99,308.73,309.0,2818910
1596,2025-05-30 14:00:00+00:00,308.99,309.8,308.14,309.19,2702950
1597,2025-05-30 16:00:00+00:00,309.12,309.33,308.41,308.81,706050
1598,2025-05-30 18:00:00+00:00,308.81,309.0,308.55,308.78,538380
1599,2025-05-30 20:00:00+00:00,308.78,309.3,308.72,309.3,467380
1600,2025-05-31 06:00:00+00:00,309.31,309.84,309.2,309.72,323240
1601,2025-05-31 08:00:00+00:00,309.73,309.76,309.25,309.27,184780
1602,2025-05-31 10:00:00+00:00,309.28,309.32,308.31,308.63,519060
1603,2025-05-31 12:00:00+00:00,308.61,308.99,308.4,308.81,190770
1604,2025-05-31 14:00:00+00:00,308.84,309.05,308.64,308.74,241650
1605,2025-06-01 06:00:00+00:00,308.69,308.69,306.65,307.16,810800
1606,2025-06-01 08:00:00+00:00,307.23,307.65,306.15,306.61,982810
1607,2025-06-01 10:00:00+00:00,306.6,306.96,302.57,303.51,4053540
1608,2025-06-01 12:00:00+00:00,303.61,304.27,300.51,303.23,4792990
1609,2025-06-01 14:00:00+00:00,303.24,303.92,303.1,303.14,1264820
1610,2025-06-02 02:00:00+00:00,302.6,302.6,302.6,302.6,29500
1611,2025-06-02 04:00:00+00:00,302.6,305.87,302.0,304.37,3454520
1612,2025-06-02 06:00:00+00:00,304.37,306.61,304.07,305.77,6329920
1613,2025-06-02 08:00:00+00:00,305.77,306.42,305.18,305.46,4152250
1614,2025-06-02 10:00:00+00:00,305.44,305.98,303.61,305.1,2913480
1615,2025-06-02 12:00:00+00:00,305.12,305.99,303.2,304.58,6956150
1616,2025-06-02 14:00:00+00:00,304.57,311.58,303.81,310.99,10342140
1617,2025-06-02 16:00:00+00:00,311.0,311.99,309.25,309.46,5390740
1618,2025-06-02 18:00:00+00:00,309.45,310.3,309.21,309.62,1208860
1619,2025-06-02 20:00:00+00:00,309.6,309.73,309.25,309.63,438590
1620,2025-06-03 02:00:00+00:00,309.7,309.7,309.7,309.7,36270
1621,2025-06-03 04:00:00+00:00,309.7,311.3,309.39,310.81,1725260
1622,2025-06-03 06:00:00+00:00,310.81,314.45,310.41,314.4,9539280
1623,2025-06-03 08:00:00+00:00,314.41,314.88,313.71,314.43,6665620
1624,2025-06-03 10:00:00+00:00,314.42,314.55,313.12,313.92,4895230
1625,2025-06-03 12:00:00+00:00,313.91,314.01,312.27,313.61,4048470
1626,2025-06-03 12:00:00+00:00,313.91,314.01,312.27,313.61,4048470
1627,2025-06-03 14:00:00+00:00,313.6,314.59,313.24,313.86,3018320
1628,2025-06-03 16:00:00+00:00,313.86,314.8,313.54,314.41,1945180
1629,2025-06-03 18:00:00+00:00,314.41,314.8,313.04,313.2,2549370
1630,2025-06-03 20:00:00+00:00,313.21,313.55,313.06,313.55,514680
1631,2025-06-04 02:00:00+00:00,314.0,314.0,314.0,314.0,12660
1632,2025-06-04 04:00:00+00:00,314.04,314.85,312.55,313.87,2063550
1633,2025-06-04 06:00:00+00:00,313.93,316.95,313.16,316.31,9186740
1634,2025-06-04 08:00:00+00:00,316.32,318.29,316.07,317.57,7030320
1635,2025-06-04 10:00:00+00:00,317.58,317.94,316.67,317.26,4076910
1636,2025-06-04 12:00:00+00:00,317.25,317.83,315.32,317.0,8483940
1637,2025-06-04 14:00:00+00:00,317.0,317.18,311.17,314.17,16826750
1638,2025-06-04 16:00:00+00:00,314.75,315.8,313.55,315.11,3812650
1639,2025-06-04 18:00:00+00:00,315.12,315.2,312.56,313.27,1916210
1640,2025-06-04 20:00:00+00:00,313.26,313.33,312.95,313.23,376430
1641,2025-06-05 02:00:00+00:00,313.55,313.55,313.55,313.55,6010
1642,2025-06-05 04:00:00+00:00,313.78,315.79,313.53,315.5,1921580
1643,2025-06-05 06:00:00+00:00,315.5,316.94,314.8,315.46,3821310
1644,2025-06-05 08:00:00+00:00,315.46,316.74,314.5,315.97,4119790
1645,2025-06-05 10:00:00+00:00,315.97,317.76,315.81,317.43,4733500
1646,2025-06-05 12:00:00+00:00,317.41,318.59,317.05,317.94,6062010
1647,2025-06-05 14:00:00+00:00,317.94,318.39,317.44,318.0,4119860
1648,2025-06-05 16:00:00+00:00,318.0,318.0,316.7,317.15,1925610
1649,2025-06-05 18:00:00+00:00,317.14,317.98,316.65,317.98,1039720
1650,2025-06-05 20:00:00+00:00,317.98,318.2,317.64,317.96,609900
1651,2025-06-06 02:00:00+00:00,318.35,318.35,318.35,318.35,17580
1652,2025-06-06 04:00:00+00:00,318.35,319.79,318.0,318.98,2356060
1653,2025-06-06 06:00:00+00:00,318.98,322.13,318.5,321.17,12448810
1654,2025-06-06 08:00:00+00:00,321.18,321.33,318.5,318.7,11712660
1655,2025-06-06 10:00:00+00:00,318.7,325.43,315.47,318.06,41262360
1656,2025-06-06 12:00:00+00:00,318.07,318.48,314.2,316.6,16498920
1657,2025-06-06 14:00:00+00:00,316.56,317.08,312.52,313.03,11328170
1658,2025-06-06 16:00:00+00:00,313.11,314.18,312.83,313.22,3177930
1659,2025-06-06 18:00:00+00:00,313.23,313.69,312.8,313.01,2204540
1660,2025-06-06 20:00:00+00:00,313.01,313.15,312.74,313.13,1015730
1661,2025-06-07 06:00:00+00:00,314.0,314.95,313.72,314.56,1038840
1662,2025-06-07 08:00:00+00:00,314.48,314.77,314.13,314.5,416830
1663,2025-06-07 10:00:00+00:00,314.49,314.72,314.35,314.64,215510
1664,2025-06-07 12:00:00+00:00,314.64,314.7,314.5,314.67,141450
1665,2025-06-07 14:00:00+00:00,314.64,314.69,314.15,314.65,209630
1666,2025-06-08 06:00:00+00:00,314.66,314.88,313.65,314.52,273160
1667,2025-06-08 08:00:00+00:00,314.52,314.52,314.22,314.3,91310
1668,2025-06-08 10:00:00+00:00,314.3,314.32,314.22,314.23,224550
1669,2025-06-08 12:00:00+00:00,314.22,314.25,313.65,313.7,557390
1670,2025-06-08 14:00:00+00:00,313.7,314.6,313.61,314.35,472090
1671,2025-06-09 02:00:00+00:00,314.69,314.69,314.69,314.69,5700
1672,2025-06-09 04:00:00+00:00,314.7,315.51,313.25,314.05,1725450
1673,2025-06-09 06:00:00+00:00,314.05,314.45,312.05,312.23,5631690
1674,2025-06-09 08:00:00+00:00,312.13,312.47,310.6,312.3,7029780
1675,2025-06-09 10:00:00+00:00,312.29,313.27,310.74,311.67,4694040
1676,2025-06-09 12:00:00+00:00,311.65,311.72,310.0,310.17,5030750
1677,2025-06-09 14:00:00+00:00,310.18,311.45,310.0,310.12,3572860
1678,2025-06-09 16:00:00+00:00,310.17,311.67,310.13,311.03,1424080
1679,2025-06-09 18:00:00+00:00,311.04,311.44,310.61,311.27,641740
1680,2025-06-09 20:00:00+00:00,311.27,311.4,310.94,311.17,357270
1681,2025-06-10 02:00:00+00:00,311.21,311.21,311.21,311.21,8130
1682,2025-06-10 04:00:00+00:00,311.22,312.37,310.2,312.14,1173240
1683,2025-06-10 06:00:00+00:00,312.14,313.3,310.36,311.75,5224620
1684,2025-06-10 08:00:00+00:00,311.72,312.12,309.04,309.66,6151020
1685,2025-06-10 10:00:00+00:00,309.65,309.66,308.0,308.79,6339080
1686,2025-06-10 12:00:00+00:00,308.79,308.96,307.55,308.57,3751150
1687,2025-06-10 12:00:00+00:00,308.79,308.96,307.55,308.57,3751150
1688,2025-06-10 14:00:00+00:00,308.53,309.48,307.62,309.38,3302710
1689,2025-06-10 16:00:00+00:00,309.44,309.64,308.06,308.18,1022350
1690,2025-06-10 18:00:00+00:00,308.18,308.85,308.11,308.75,651670
1691,2025-06-10 20:00:00+00:00,308.75,308.98,308.5,308.68,194310
1692,2025-06-11 02:00:00+00:00,309.53,309.53,309.53,309.53,4460
1693,2025-06-11 04:00:00+00:00,309.45,310.0,308.03,309.18,1629260
1694,2025-06-11 06:00:00+00:00,309.17,312.5,308.56,311.93,6215890
1695,2025-06-11 08:00:00+00:00,311.92,312.4,310.8,310.99,4080890
1696,2025-06-11 10:00:00+00:00,311.0,312.89,311.0,312.39,3145200
1697,2025-06-11 12:00:00+00:00,312.36,313.6,312.23,312.74,3862870
1698,2025-06-11 14:00:00+00:00,312.74,313.29,311.8,313.29,2857170
1699,2025-06-11 16:00:00+00:00,313.3,313.3,311.2,311.28,3391620
1700,2025-06-11 18:00:00+00:00,311.27,312.3,311.2,312.0,821950
1701,2025-06-11 20:00:00+00:00,312.0,312.19,311.86,312.0,266130
1702,2025-06-13 02:00:00+00:00,313.28,313.28,313.28,313.28,22950
1703,2025-06-13 04:00:00+00:00,313.29,313.39,312.25,312.96,1218910
1704,2025-06-13 06:00:00+00:00,312.95,312.97,310.18,310.81,3369530
1705,2025-06-13 08:00:00+00:00,310.81,311.99,310.14,311.78,2610990
1706,2025-06-13 10:00:00+00:00,311.79,311.82,310.23,310.6,1733200
1707,2025-06-13 12:00:00+00:00,310.62,311.45,309.8,310.61,1712210
1708,2025-06-13 14:00:00+00:00,310.61,310.88,309.86,310.01,1044040
1709,2025-06-13 16:00:00+00:00,310.01,310.35,309.53,310.32,917520
1710,2025-06-13 18:00:00+00:00,310.32,310.59,310.01,310.01,477410
1711,2025-06-13 20:00:00+00:00,310.11,310.4,309.79,310.2,317850
1712,2025-06-14 06:00:00+00:00,310.21,310.98,310.21,310.79,384650
1713,2025-06-14 08:00:00+00:00,310.8,310.81,310.43,310.77,215340
1714,2025-06-14 10:00:00+00:00,310.77,311.17,310.72,310.95,251310
1715,2025-06-14 12:00:00+00:00,310.95,311.01,310.5,310.56,137910
1716,2025-06-14 14:00:00+00:00,310.64,310.76,309.55,310.29,456750
1717,2025-06-15 06:00:00+00:00,310.97,311.4,310.0,310.51,605580
1718,2025-06-15 08:00:00+00:00,310.51,310.61,309.74,310.15,411740
1719,2025-06-15 10:00:00+00:00,310.12,310.81,310.1,310.68,430850
1720,2025-06-15 12:00:00+00:00,310.69,310.74,310.23,310.52,207230
1721,2025-06-15 14:00:00+00:00,310.52,310.55,310.05,310.09,294130
1722,2025-06-16 02:00:00+00:00,310.2,310.2,310.2,310.2,6490
1723,2025-06-16 04:00:00+00:00,310.2,310.85,309.81,310.59,605270
1724,2025-06-16 06:00:00+00:00,310.55,312.59,310.32,311.34,3319490
1725,2025-06-16 08:00:00+00:00,311.27,313.2,310.5,313.1,4070120
1726,2025-06-16 10:00:00+00:00,313.1,313.99,312.36,313.29,3981990
1727,2025-06-16 12:00:00+00:00,313.32,314.37,311.07,311.45,6119580
1728,2025-06-16 14:00:00+00:00,311.45,312.1,311.1,311.71,1534610
1729,2025-06-16 16:00:00+00:00,311.52,311.98,311.08,311.71,710790
1730,2025-06-16 18:00:00+00:00,311.7,312.07,311.08,311.44,766440
1731,2025-06-16 20:00:00+00:00,311.45,311.85,311.24,311.5,212260
1732,2025-06-17 02:00:00+00:00,311.61,311.61,311.61,311.61,2180
1733,2025-06-17 04:00:00+00:00,311.62,313.0,310.5,312.35,1604720
1734,2025-06-17 06:00:00+00:00,312.35,313.49,311.2,312.81,4163910
1735,2025-06-17 08:00:00+00:00,312.81,314.2,312.51,313.9,3705320
1736,2025-06-17 10:00:00+00:00,313.9,314.08,312.79,313.12,2297260
1737,2025-06-17 12:00:00+00:00,313.13,314.17,313.06,314.02,3050830
1738,2025-06-17 12:00:00+00:00,313.13,314.17,313.06,314.02,3050830
1739,2025-06-17 14:00:00+00:00,314.1,314.89,313.73,314.18,4107350
1740,2025-06-17 16:00:00+00:00,314.2,314.93,314.04,314.38,1781790
1741,2025-06-17 18:00:00+00:00,314.39,314.93,313.3,313.8,2125290
1742,2025-06-17 20:00:00+00:00,313.8,313.84,313.33,313.56,463440
1743,2025-06-18 02:00:00+00:00,313.56,313.56,313.56,313.56,12960
1744,2025-06-18 04:00:00+00:00,313.6,314.19,313.5,313.99,784980
1745,2025-06-18 06:00:00+00:00,313.97,314.82,311.63,312.75,3889180
1746,2025-06-18 08:00:00+00:00,312.64,313.84,312.51,313.7,2779690
1747,2025-06-18 10:00:00+00:00,313.7,314.57,313.27,313.86,3148680
1748,2025-06-18 12:00:00+00:00,313.85,314.47,313.13,314.33,2375880
1749,2025-06-18 14:00:00+00:00,314.39,314.4,313.3,313.8,2030260
1750,2025-06-18 16:00:00+00:00,313.61,313.95,312.5,313.03,1764510
1751,2025-06-18 18:00:00+00:00,313.02,313.27,312.81,313.09,500890
1752,2025-06-18 20:00:00+00:00,313.08,313.48,312.9,313.38,320670
1753,2025-06-19 02:00:00+00:00,313.41,313.41,313.41,313.41,13730
1754,2025-06-19 04:00:00+00:00,313.5,314.25,313.2,313.79,684680
1755,2025-06-19 06:00:00+00:00,313.78,316.18,313.5,315.78,5565720
1756,2025-06-19 08:00:00+00:00,315.8,316.45,315.27,315.34,4024030
1757,2025-06-19 10:00:00+00:00,315.31,315.52,314.14,314.56,4207720
1758,2025-06-19 12:00:00+00:00,314.56,314.61,312.8,313.63,9435330
1759,2025-06-19 14:00:00+00:00,313.63,313.8,312.14,312.8,4445480
1760,2025-06-19 16:00:00+00:00,312.72,313.04,312.34,312.51,1073260
1761,2025-06-19 18:00:00+00:00,312.5,312.97,312.25,312.78,545480
1762,2025-06-19 20:00:00+00:00,312.79,312.83,312.32,312.46,315220
1763,2025-06-20 02:00:00+00:00,312.46,312.46,312.46,312.46,10740
1764,2025-06-20 04:00:00+00:00,312.46,313.32,312.03,312.92,519060
1765,2025-06-20 06:00:00+00:00,312.93,313.59,311.5,312.18,4357260
1766,2025-06-20 08:00:00+00:00,312.19,312.32,311.1,311.92,3844070
1767,2025-06-20 10:00:00+00:00,311.92,312.74,311.54,311.54,2491600
1768,2025-06-20 12:00:00+00:00,311.55,312.39,310.62,311.02,3337770
1769,2025-06-20 14:00:00+00:00,311.02,311.7,309.76,309.76,3729420
1770,2025-06-20 16:00:00+00:00,310.07,310.15,309.3,310.0,2546340
1771,2025-06-20 18:00:00+00:00,310.0,310.11,309.9,309.9,789610
1772,2025-06-20 20:00:00+00:00,309.91,309.94,309.56,309.7,419330
1773,2025-06-23 02:00:00+00:00,310.9,310.9,310.9,310.9,67010
1774,2025-06-23 04:00:00+00:00,310.71,310.92,309.27,310.13,1332390
1775,2025-06-23 06:00:00+00:00,310.04,310.14,308.04,308.45,3617040
1776,2025-06-23 08:00:00+00:00,308.46,309.4,308.1,309.0,2737090
1777,2025-06-23 10:00:00+00:00,309.0,309.7,308.65,308.77,1497360
1778,2025-06-23 12:00:00+00:00,308.76,311.44,308.65,310.81,2988380
1779,2025-06-23 14:00:00+00:00,310.81,311.4,310.77,310.97,1967690
1780,2025-06-23 16:00:00+00:00,310.85,311.15,309.86,310.51,1090780
1781,2025-06-23 18:00:00+00:00,310.51,310.87,310.13,310.59,384550
1782,2025-06-23 20:00:00+00:00,310.6,310.61,310.15,310.17,268000
1783,2025-06-24 02:00:00+00:00,310.3,310.3,310.3,310.3,3200
1784,2025-06-24 04:00:00+00:00,310.31,312.02,310.17,311.61,1388310
1785,2025-06-24 06:00:00+00:00,311.61,311.61,309.76,310.1,2653240
1786,2025-06-24 08:00:00+00:00,310.1,311.0,309.52,310.89,2522690
1787,2025-06-24 10:00:00+00:00,310.92,311.25,309.03,309.26,3167940
1788,2025-06-24 12:00:00+00:00,309.28,310.87,309.0,309.57,2524290
1789,2025-06-24 12:00:00+00:00,309.28,310.87,309.0,309.57,2524290
1790,2025-06-24 14:00:00+00:00,309.61,311.75,309.6,310.82,3411720
1791,2025-06-24 16:00:00+00:00,310.82,310.9,309.51,310.65,1702870
1792,2025-06-24 18:00:00+00:00,310.65,311.6,310.56,311.43,1216220
1793,2025-06-24 20:00:00+00:00,311.44,311.5,311.01,311.37,403990
1794,2025-06-25 02:00:00+00:00,311.65,311.65,311.65,311.65,2930
1795,2025-06-25 04:00:00+00:00,311.6,312.97,311.57,312.1,1598680
1796,2025-06-25 06:00:00+00:00,312.08,314.22,311.79,314.04,5216290
1797,2025-06-25 08:00:00+00:00,314.06,314.29,313.13,313.88,3799820
1798,2025-06-25 10:00:00+00:00,313.87,314.0,312.8,313.65,2970420
1799,2025-06-25 12:00:00+00:00,313.66,313.85,312.8,312.85,1927480
1800,2025-06-25 14:00:00+00:00,312.87,314.12,312.61,314.1,2527850
1801,2025-06-25 16:00:00+00:00,313.72,314.18,313.38,313.6,1234720
1802,2025-06-25 18:00:00+00:00,313.55,313.9,313.49,313.6,526090
1803,2025-06-25 20:00:00+00:00,313.6,313.79,313.4,313.78,425830
1804,2025-06-26 02:00:00+00:00,313.8,313.8,313.8,313.8,16830
1805,2025-06-26 04:00:00+00:00,313.79,314.5,313.35,314.15,984830
1806,2025-06-26 06:00:00+00:00,314.14,314.47,313.5,313.89,1853590
1807,2025-06-26 08:00:00+00:00,313.89,313.9,312.74,313.49,3000030
1808,2025-06-26 10:00:00+00:00,313.49,313.8,312.9,313.39,2125810
1809,2025-06-26 12:00:00+00:00,313.4,313.67,313.09,313.56,1937030
1810,2025-06-26 14:00:00+00:00,313.56,313.99,313.18,313.51,1399060
1811,2025-06-26 16:00:00+00:00,313.51,313.72,312.8,313.04,835580
1812,2025-06-26 18:00:00+00:00,313.03,313.26,312.92,313.06,360880
1813,2025-06-26 20:00:00+00:00,313.06,313.1,312.75,312.84,463250
1814,2025-06-27 02:00:00+00:00,313.03,313.03,313.03,313.03,4030
1815,2025-06-27 04:00:00+00:00,313.31,313.48,313.0,313.11,376880
1816,2025-06-27 06:00:00+00:00,313.12,313.67,313.06,313.3,1153400
1817,2025-06-27 08:00:00+00:00,313.3,314.92,313.22,314.56,5009520
1818,2025-06-27 10:00:00+00:00,314.54,314.9,313.1,313.56,3057830
1819,2025-06-27 12:00:00+00:00,313.56,314.54,313.1,314.4,2341810
1820,2025-06-27 14:00:00+00:00,314.4,315.0,313.92,314.59,3666910
1821,2025-06-27 16:00:00+00:00,314.6,315.5,314.13,314.95,2060640
1822,2025-06-27 18:00:00+00:00,314.95,315.18,314.52,315.17,862750
1823,2025-06-27 20:00:00+00:00,315.16,315.39,314.88,315.18,501880
1824,2025-06-28 06:00:00+00:00,315.2,315.67,315.11,315.46,210430
1825,2025-06-28 08:00:00+00:00,315.46,315.62,315.2,315.5,254340
1826,2025-06-28 10:00:00+00:00,315.5,315.62,315.31,315.5,111530
1827,2025-06-28 12:00:00+00:00,315.56,315.62,315.3,315.43,180480
1828,2025-06-28 14:00:00+00:00,315.47,315.56,315.31,315.31,134010
1829,2025-06-29 06:00:00+00:00,315.32,315.99,315.31,315.95,202790
1830,2025-06-29 08:00:00+00:00,315.95,316.0,315.6,315.71,107620
1831,2025-06-29 10:00:00+00:00,315.71,316.0,315.65,315.96,255780
1832,2025-06-29 12:00:00+00:00,315.98,317.5,315.9,316.36,1214790
1833,2025-06-29 14:00:00+00:00,316.4,316.65,315.7,315.95,860750
1834,2025-06-30 02:00:00+00:00,315.95,315.95,315.95,315.95,17800
1835,2025-06-30 04:00:00+00:00,315.95,316.82,315.9,316.41,1075510
1836,2025-06-30 06:00:00+00:00,316.48,317.7,315.66,316.0,6760500
1837,2025-06-30 08:00:00+00:00,316.0,316.43,314.6,314.66,7111290
1838,2025-06-30 10:00:00+00:00,314.69,316.6,314.62,316.3,4602910
1839,2025-06-30 12:00:00+00:00,316.32,316.55,315.8,316.29,2783050
1840,2025-06-30 14:00:00+00:00,316.29,316.95,316.15,316.78,2464250
1841,2025-06-30 16:00:00+00:00,316.78,316.78,316.17,316.36,861910
1842,2025-06-30 18:00:00+00:00,316.39,316.5,316.11,316.13,599010
1843,2025-06-30 20:00:00+00:00,316.13,316.39,316.02,316.15,324090
1844,2025-07-01 02:00:00+00:00,316.69,316.69,316.69,316.69,8860
1845,2025-07-01 04:00:00+00:00,316.64,317.34,316.3,317.0,862980
1846,2025-07-01 06:00:00+00:00,316.99,317.94,316.77,317.94,3469860
1847,2025-07-01 08:00:00+00:00,317.92,318.18,317.25,317.56,4095840
1848,2025-07-01 10:00:00+00:00,317.56,318.15,317.22,317.74,2308280
1849,2025-07-01 12:00:00+00:00,317.73,319.6,317.64,318.84,4643730
1850,2025-07-01 12:00:00+00:00,317.73,319.6,317.64,318.84,4643730
1851,2025-07-01 14:00:00+00:00,318.9,319.48,318.54,319.05,3781770
1852,2025-07-01 16:00:00+00:00,319.04,319.4,318.29,318.44,1412020
1853,2025-07-01 18:00:00+00:00,318.41,318.88,318.2,318.28,1124250
1854,2025-07-01 20:00:00+00:00,318.32,318.59,318.31,318.42,180250
1855,2025-07-02 02:00:00+00:00,318.96,318.96,318.96,318.96,3770
1856,2025-07-02 04:00:00+00:00,318.95,319.4,318.25,319.16,1323540
1857,2025-07-02 06:00:00+00:00,319.16,319.25,318.09,318.11,2900250
1858,2025-07-02 08:00:00+00:00,318.1,318.43,317.41,317.79,3128290
1859,2025-07-02 10:00:00+00:00,317.79,319.06,317.49,318.61,2147650
1860,2025-07-02 12:00:00+00:00,318.59,319.85,318.42,319.15,3214680
1861,2025-07-02 14:00:00+00:00,319.15,319.47,318.1,318.54,2334640
1862,2025-07-02 16:00:00+00:00,319.36,319.74,318.78,319.36,4808330
1863,2025-07-02 18:00:00+00:00,319.36,319.42,318.76,319.07,575710
1864,2025-07-02 20:00:00+00:00,319.08,319.5,319.01,319.43,264390
1865,2025-07-03 02:00:00+00:00,319.53,319.53,319.53,319.53,1990
1866,2025-07-03 04:00:00+00:00,319.54,319.87,319.46,319.64,474500
1867,2025-07-03 06:00:00+00:00,319.64,319.65,318.74,319.5,1777500
1868,2025-07-03 08:00:00+00:00,319.49,321.35,319.49,321.3,6670650
1869,2025-07-03 10:00:00+00:00,321.31,321.4,320.5,320.6,2192490
1870,2025-07-03 12:00:00+00:00,320.61,321.5,320.51,321.49,3059990
1871,2025-07-03 14:00:00+00:00,321.46,321.5,320.61,321.01,1798570
1872,2025-07-03 16:00:00+00:00,321.01,321.19,319.37,319.49,2961830
1873,2025-07-03 18:00:00+00:00,319.49,319.5,319.11,319.2,931900
1874,2025-07-03 20:00:00+00:00,319.22,319.45,319.0,319.17,417370
1875,2025-07-04 02:00:00+00:00,318.85,318.85,318.85,318.85,11450
1876,2025-07-04 04:00:00+00:00,318.87,321.41,317.5,319.8,2689390
1877,2025-07-04 06:00:00+00:00,319.8,320.2,319.02,319.64,3730460
1878,2025-07-04 08:00:00+00:00,319.64,320.0,318.25,319.2,4284030
1879,2025-07-04 10:00:00+00:00,319.19,320.5,319.02,319.97,3173730
1880,2025-07-04 12:00:00+00:00,319.99,320.25,319.2,319.2,1146800
1881,2025-07-04 14:00:00+00:00,319.2,320.2,319.07,319.27,1401990
1882,2025-07-04 16:00:00+00:00,319.29,319.83,319.17,319.49,433070
1883,2025-07-04 18:00:00+00:00,319.49,319.69,319.44,319.63,539100
1884,2025-07-04 20:00:00+00:00,319.56,319.8,319.43,319.44,401370
1885,2025-07-05 06:00:00+00:00,319.5,320.6,319.5,320.13,218120
1886,2025-07-05 08:00:00+00:00,320.15,320.16,319.57,319.97,181090
1887,2025-07-05 10:00:00+00:00,319.96,319.98,319.71,319.76,96010
1888,2025-07-05 12:00:00+00:00,319.77,319.97,319.71,319.9,37890
1889,2025-07-05 14:00:00+00:00,319.89,319.94,319.53,319.55,138760
1890,2025-07-06 06:00:00+00:00,319.65,319.7,319.29,319.42,54380
1891,2025-07-06 08:00:00+00:00,319.42,319.55,319.34,319.44,121100
1892,2025-07-06 10:00:00+00:00,319.44,319.5,319.38,319.46,66750
1893,2025-07-06 12:00:00+00:00,319.47,319.64,319.39,319.5,87160
1894,2025-07-06 14:00:00+00:00,319.47,319.5,319.36,319.37,86650
1895,2025-07-07 02:00:00+00:00,319.38,319.38,319.38,319.38,5420
1896,2025-07-07 04:00:00+00:00,319.39,319.94,318.35,318.79,984360
1897,2025-07-07 06:00:00+00:00,318.79,319.18,316.32,317.0,6224960
1898,2025-07-07 08:00:00+00:00,317.0,317.1,314.87,315.25,8910050
1899,2025-07-07 10:00:00+00:00,315.25,315.64,314.1,315.37,4898430
1900,2025-07-07 12:00:00+00:00,315.37,315.5,313.57,313.57,2918950
1901,2025-07-07 14:00:00+00:00,313.58,314.3,312.82,313.0,4247100
1902,2025-07-07 16:00:00+00:00,313.0,313.97,312.98,313.91,996580
1903,2025-07-07 18:00:00+00:00,313.93,313.98,313.51,313.64,465990
1904,2025-07-07 20:00:00+00:00,313.65,313.71,313.4,313.5,261160
1905,2025-07-08 02:00:00+00:00,313.34,313.34,313.34,313.34,2570
1906,2025-07-08 04:00:00+00:00,313.5,313.97,311.44,312.3,1907060
1907,2025-07-08 06:00:00+00:00,312.3,314.7,312.29,314.31,4106730
1908,2025-07-08 08:00:00+00:00,314.31,315.2,314.01,315.05,3763730
1909,2025-07-08 10:00:00+00:00,315.05,315.22,314.02,314.04,2046950
1910,2025-07-08 12:00:00+00:00,314.03,314.49,313.25,313.66,2473030
1911,2025-07-08 12:00:00+00:00,314.03,314.49,313.25,313.66,2473030
1912,2025-07-08 14:00:00+00:00,313.66,315.3,313.65,315.3,2472750
1913,2025-07-08 16:00:00+00:00,315.31,315.31,312.07,312.2,3224740
1914,2025-07-08 18:00:00+00:00,312.21,312.21,309.77,310.56,4423810
1915,2025-07-08 20:00:00+00:00,310.47,310.53,309.6,309.71,1110770
1916,2025-07-09 02:00:00+00:00,310.01,310.01,310.01,310.01,5440
1917,2025-07-09 04:00:00+00:00,310.1,311.88,310.02,311.32,1948150
1918,2025-07-09 06:00:00+00:00,311.31,312.3,308.75,309.05,7299120
1919,2025-07-09 08:00:00+00:00,309.04,309.77,307.84,308.87,5116070
1920,2025-07-09 10:00:00+00:00,308.86,310.76,308.0,310.0,4835680
1921,2025-07-09 12:00:00+00:00,310.0,311.5,309.78,310.2,2836040
1922,2025-07-09 14:00:00+00:00,310.2,310.38,307.6,309.5,4551770
1923,2025-07-09 16:00:00+00:00,309.25,310.26,309.03,309.35,1820730
1924,2025-07-09 18:00:00+00:00,309.36,310.49,309.09,310.46,929790
1925,2025-07-09 20:00:00+00:00,310.45,310.68,310.0,310.09,528280
1926,2025-07-10 02:00:00+00:00,310.77,310.77,310.77,310.77,8720
1927,2025-07-10 04:00:00+00:00,310.77,312.21,310.5,311.4,1395690
1928,2025-07-10 06:00:00+00:00,311.37,313.37,311.29,313.37,3828160
1929,2025-07-10 08:00:00+00:00,313.36,313.95,312.51,313.29,3987740
1930,2025-07-10 10:00:00+00:00,313.28,314.42,312.75,312.91,3769140
1931,2025-07-10 12:00:00+00:00,312.91,314.9,312.1,314.86,4957900
1932,2025-07-10 14:00:00+00:00,314.85,315.07,314.22,314.22,3560900
1933,2025-07-10 16:00:00+00:00,314.31,314.5,313.29,314.02,1205070
1934,2025-07-10 18:00:00+00:00,314.03,314.6,313.97,314.18,724580
1935,2025-07-10 20:00:00+00:00,314.16,314.25,313.97,314.01,274060
1936,2025-07-11 02:00:00+00:00,314.5,314.5,314.5,314.5,23760
1937,2025-07-11 04:00:00+00:00,314.46,317.88,312.22,313.34,2610610
1938,2025-07-11 06:00:00+00:00,313.36,314.38,312.6,314.1,2980140
1939,2025-07-11 08:00:00+00:00,314.08,314.12,311.0,311.2,6862540
1940,2025-07-11 10:00:00+00:00,311.2,312.1,310.76,311.08,6171530
1941,2025-07-11 12:00:00+00:00,311.09,313.0,311.0,312.51,7826640
1942,2025-07-11 14:00:00+00:00,312.52,312.9,308.85,310.42,9388540
1943,2025-07-11 16:00:00+00:00,310.4,310.5,309.28,309.9,2054100
1944,2025-07-11 18:00:00+00:00,309.91,309.94,309.35,309.59,816500
1945,2025-07-11 20:00:00+00:00,309.58,309.96,309.5,309.88,542090
1946,2025-07-12 06:00:00+00:00,310.0,311.0,310.0,310.58,284750
1947,2025-07-12 08:00:00+00:00,310.6,310.98,310.5,310.85,268540
1948,2025-07-12 10:00:00+00:00,310.83,310.84,310.15,310.23,120870
1949,2025-07-12 12:00:00+00:00,310.23,310.33,310.0,310.31,102820
1950,2025-07-12 14:00:00+00:00,310.3,310.3,310.01,310.2,96740
1951,2025-07-13 06:00:00+00:00,310.5,310.91,310.35,310.38,110460
1952,2025-07-13 08:00:00+00:00,310.35,310.47,309.2,309.6,280620
1953,2025-07-13 10:00:00+00:00,309.64,309.64,308.8,309.33,425340
1954,2025-07-13 12:00:00+00:00,309.4,309.47,309.0,309.24,132510
1955,2025-07-13 14:00:00+00:00,309.28,309.45,309.23,309.44,117110
1956,2025-07-14 02:00:00+00:00,308.96,308.96,308.96,308.96,30550
1957,2025-07-14 04:00:00+00:00,308.95,308.95,304.74,305.94,5673440
1958,2025-07-14 06:00:00+00:00,305.85,308.34,304.38,308.14,7758730
1959,2025-07-14 08:00:00+00:00,308.14,309.8,308.14,309.56,7824590
1960,2025-07-14 10:00:00+00:00,309.59,310.0,308.68,309.09,3834690
1961,2025-07-14 12:00:00+00:00,309.16,311.99,309.11,311.56,6614350
1962,2025-07-14 14:00:00+00:00,311.52,317.49,309.05,316.56,16187920
1963,2025-07-14 16:00:00+00:00,316.6,318.85,316.6,318.0,9132020
1964,2025-07-14 18:00:00+00:00,317.99,318.0,317.33,317.75,1320350
1965,2025-07-14 20:00:00+00:00,317.78,318.05,317.63,317.97,665630
1966,2025-07-15 02:00:00+00:00,318.16,318.16,318.16,318.16,18670
1967,2025-07-15 04:00:00+00:00,318.16,318.8,317.57,318.68,2036180
1968,2025-07-15 06:00:00+00:00,318.68,319.47,316.62,316.69,7541510
1969,2025-07-15 08:00:00+00:00,316.69,320.0,316.6,319.84,10475280
1970,2025-07-15 10:00:00+00:00,319.87,320.43,319.01,319.58,6086740
1971,2025-07-15 12:00:00+00:00,319.57,319.87,318.3,318.61,5162650
1972,2025-07-15 12:00:00+00:00,319.57,319.87,318.3,318.61,5162650
1973,2025-07-15 14:00:00+00:00,318.61,320.4,318.61,319.98,6300940
1974,2025-07-15 16:00:00+00:00,320.0,320.0,319.45,319.65,1748200
1975,2025-07-15 18:00:00+00:00,319.65,319.92,319.52,319.8,687250
1976,2025-07-15 20:00:00+00:00,319.8,320.0,319.72,319.99,412850
1977,2025-07-16 02:00:00+00:00,320.0,320.0,320.0,320.0,14900
1978,2025-07-16 04:00:00+00:00,320.0,321.18,319.99,320.67,1535950
1979,2025-07-16 06:00:00+00:00,320.67,320.8,320.0,320.21,4620540
1980,2025-07-16 08:00:00+00:00,320.22,321.1,319.54,321.01,7987680
1981,2025-07-16 10:00:00+00:00,321.02,322.0,320.74,321.59,6254130
1982,2025-07-16 12:00:00+00:00,321.59,321.62,320.05,320.83,7155270
1983,2025-07-16 14:00:00+00:00,320.82,321.6,320.81,321.6,4641560
1984,2025-07-16 16:00:00+00:00,321.6,321.61,321.01,321.31,2767650
1985,2025-07-16 18:00:00+00:00,321.3,321.47,321.2,321.41,1258010
1986,2025-07-16 20:00:00+00:00,321.42,321.6,321.35,321.58,625980
1987,2025-07-17 02:00:00+00:00,321.26,321.26,321.26,321.26,28610
1988,2025-07-17 04:00:00+00:00,321.25,323.58,321.19,323.09,3534480
1989,2025-07-17 06:00:00+00:00,323.09,328.5,322.88,328.46,20050520
1990,2025-07-17 08:00:00+00:00,328.46,329.23,326.12,326.23,17673980
1991,2025-07-17 10:00:00+00:00,326.25,326.62,324.51,326.0,12079090
1992,2025-07-17 12:00:00+00:00,325.99,326.55,325.13,325.88,8660750
1993,2025-07-17 14:00:00+00:00,325.84,325.94,324.68,325.92,9075900
1994,2025-07-17 16:00:00+00:00,325.9,326.73,325.5,326.25,7815560
1995,2025-07-17 18:00:00+00:00,326.25,327.06,325.8,326.59,6568700
1996,2025-07-17 20:00:00+00:00,326.59,327.2,326.1,327.05,5694430
1997,2025-07-18 06:00:00+00:00,300.45,304.36,300.25,303.56,50401950
1998,2025-07-18 08:00:00+00:00,303.56,306.78,303.5,305.12,25797240
1999,2025-07-18 10:00:00+00:00,305.12,307.8,305.02,306.7,13437460
2000,2025-07-18 12:00:00+00:00,306.71,307.79,305.57,307.45,8724210
2001,2025-07-18 14:00:00+00:00,307.45,309.4,307.17,308.13,10941640
2002,2025-07-18 16:00:00+00:00,308.16,309.15,308.13,308.41,2776490
2003,2025-07-18 18:00:00+00:00,308.41,308.95,308.13,308.95,2045500
2004,2025-07-18 20:00:00+00:00,308.95,309.2,308.11,309.0,1858030
2005,2025-07-19 06:00:00+00:00,309.69,313.91,309.59,313.4,4785820
2006,2025-07-19 08:00:00+00:00,313.4,313.42,312.11,312.28,2415860
2007,2025-07-19 10:00:00+00:00,312.25,312.65,312.16,312.65,626470
2008,2025-07-19 12:00:00+00:00,312.65,312.68,312.29,312.44,601130
2009,2025-07-19 14:00:00+00:00,312.45,312.67,312.35,312.42,600690
2010,2025-07-20 06:00:00+00:00,313.49,313.78,312.43,312.9,2084470
2011,2025-07-20 08:00:00+00:00,312.9,313.13,312.73,312.94,812140
2012,2025-07-20 10:00:00+00:00,312.94,313.09,312.77,312.98,726660
2013,2025-07-20 12:00:00+00:00,312.99,313.03,312.95,313.0,271980
2014,2025-07-20 14:00:00+00:00,313.0,313.09,312.05,312.58,1026070
2015,2025-07-21 02:00:00+00:00,312.99,312.99,312.99,312.99,22440
2016,2025-07-21 04:00:00+00:00,312.99,314.56,312.5,314.07,3524860
2017,2025-07-21 06:00:00+00:00,314.07,314.2,309.72,310.73,12483210
2018,2025-07-21 08:00:00+00:00,310.76,311.99,309.82,311.78,7639860
2019,2025-07-21 10:00:00+00:00,311.79,312.13,310.37,310.51,4169760
2020,2025-07-21 12:00:00+00:00,310.51,311.3,309.72,309.9,10007720
2021,2025-07-21 14:00:00+00:00,309.89,310.67,309.31,309.8,4269830
2022,2025-07-21 16:00:00+00:00,309.51,310.17,309.5,309.93,1194890
2023,2025-07-21 18:00:00+00:00,309.93,310.75,309.86,310.07,1245860
2024,2025-07-21 20:00:00+00:00,310.04,310.4,309.84,310.4,265830
2025,2025-07-22 02:00:00+00:00,310.65,310.65,310.65,310.65,1730
2026,2025-07-22 04:00:00+00:00,310.67,311.12,309.6,310.17,1314980
2027,2025-07-22 06:00:00+00:00,310.18,310.91,308.58,308.79,4262870
2028,2025-07-22 08:00:00+00:00,308.79,311.0,308.55,310.85,6031740
2029,2025-07-22 10:00:00+00:00,310.83,311.72,310.56,310.85,4412340
2030,2025-07-22 12:00:00+00:00,310.84,311.29,310.02,310.39,6775900
2031,2025-07-22 12:00:00+00:00,310.84,311.29,310.02,310.39,6775900
2032,2025-07-22 14:00:00+00:00,310.39,310.68,309.53,310.39,2654420
2033,2025-07-22 16:00:00+00:00,310.3,310.68,310.21,310.65,723470
2034,2025-07-22 18:00:00+00:00,310.66,310.85,310.46,310.77,540420
2035,2025-07-22 20:00:00+00:00,310.76,310.9,310.61,310.67,224130
2036,2025-07-23 02:00:00+00:00,311.0,311.0,311.0,311.0,13160
2037,2025-07-23 04:00:00+00:00,311.01,311.62,310.78,311.27,937840
2038,2025-07-23 06:00:00+00:00,311.27,313.3,311.07,313.3,5127690
2039,2025-07-23 08:00:00+00:00,313.3,313.5,312.95,313.23,6543390
2040,2025-07-23 10:00:00+00:00,313.24,314.4,313.13,314.24,7003470
2041,2025-07-23 12:00:00+00:00,314.21,314.49,313.53,313.78,5550000
2042,2025-07-23 14:00:00+00:00,313.78,314.1,313.34,313.44,6180460
2043,2025-07-23 16:00:00+00:00,313.95,314.1,312.55,313.0,3415160
2044,2025-07-23 18:00:00+00:00,313.0,313.4,312.71,313.24,2132040
2045,2025-07-23 20:00:00+00:00,313.24,313.29,312.89,313.08,496190
2046,2025-07-24 02:00:00+00:00,313.09,313.09,313.09,313.09,4540
2047,2025-07-24 04:00:00+00:00,313.1,313.89,313.09,313.59,981790
2048,2025-07-24 06:00:00+00:00,313.57,313.99,312.35,312.48,4579720
2049,2025-07-24 08:00:00+00:00,312.49,312.49,311.61,311.99,5536240
2050,2025-07-24 10:00:00+00:00,312.02,312.08,310.05,310.28,6360210
2051,2025-07-24 12:00:00+00:00,310.28,310.55,309.75,310.1,5516700
2052,2025-07-24 14:00:00+00:00,310.1,310.5,309.87,310.39,2583230
2053,2025-07-24 16:00:00+00:00,310.3,310.92,310.14,310.51,1142560
2054,2025-07-24 18:00:00+00:00,310.5,310.98,310.44,310.51,775130
2055,2025-07-24 20:00:00+00:00,310.51,310.94,310.5,310.83,361770
2056,2025-07-25 02:00:00+00:00,310.86,310.86,310.86,310.86,22740
2057,2025-07-25 04:00:00+00:00,310.9,311.69,310.6,311.16,1304770
2058,2025-07-25 06:00:00+00:00,311.15,311.7,309.77,310.4,3011540
2059,2025-07-25 08:00:00+00:00,310.42,311.48,310.22,310.55,2725570
2060,2025-07-25 10:00:00+00:00,310.56,311.76,306.0,309.29,25770010
2061,2025-07-25 12:00:00+00:00,309.26,310.1,308.63,309.8,9768270
2062,2025-07-25 14:00:00+00:00,309.8,309.8,308.76,309.8,5086410
2063,2025-07-25 16:00:00+00:00,309.58,309.58,308.51,309.14,2191530
2064,2025-07-25 18:00:00+00:00,309.18,309.38,308.9,309.08,528460
2065,2025-07-25 20:00:00+00:00,309.04,309.08,308.9,308.93,457570
2066,2025-07-26 06:00:00+00:00,309.35,309.95,308.93,309.57,370700
2067,2025-07-26 08:00:00+00:00,309.57,309.61,309.1,309.23,275160
2068,2025-07-26 10:00:00+00:00,309.23,309.3,309.1,309.1,156150
2069,2025-07-26 12:00:00+00:00,309.12,309.21,309.05,309.2,245750
2070,2025-07-26 14:00:00+00:00,309.2,309.21,308.86,308.91,291500
2071,2025-07-27 06:00:00+00:00,308.86,309.0,308.61,308.99,221120
2072,2025-07-27 08:00:00+00:00,308.99,309.15,308.77,308.94,291370
2073,2025-07-27 10:00:00+00:00,308.9,308.94,308.68,308.73,145810
2074,2025-07-27 12:00:00+00:00,308.73,308.81,308.12,308.39,435860
2075,2025-07-27 14:00:00+00:00,308.37,309.0,308.2,308.83,673870
2076,2025-07-28 02:00:00+00:00,309.44,309.44,309.44,309.44,6560
2077,2025-07-28 04:00:00+00:00,309.45,309.45,308.22,309.0,1016280
2078,2025-07-28 06:00:00+00:00,308.99,309.08,306.56,307.7,5710690
2079,2025-07-28 08:00:00+00:00,307.72,308.96,307.41,308.38,3394140
2080,2025-07-28 10:00:00+00:00,308.4,308.95,306.22,306.78,3446310
2081,2025-07-28 12:00:00+00:00,306.78,306.87,303.54,305.26,16205870
2082,2025-07-28 14:00:00+00:00,305.25,305.26,304.2,304.39,4670170
2083,2025-07-28 16:00:00+00:00,304.43,305.25,304.08,304.43,2094720
2084,2025-07-28 18:00:00+00:00,304.44,304.99,304.0,304.05,1274400
2085,2025-07-28 20:00:00+00:00,304.08,304.19,303.67,303.97,808100
2086,2025-07-29 02:00:00+00:00,304.77,304.77,304.77,304.77,15220
2087,2025-07-29 04:00:00+00:00,304.75,305.55,304.13,305.44,1216040
2088,2025-07-29 06:00:00+00:00,305.41,305.41,303.05,303.37,5346770
2089,2025-07-29 08:00:00+00:00,303.41,305.08,303.13,304.46,3499350
2090,2025-07-29 10:00:00+00:00,304.46,306.12,304.2,305.99,3526230
2091,2025-07-29 12:00:00+00:00,305.98,306.99,305.5,305.9,5012850
2092,2025-07-29 12:00:00+00:00,305.98,306.99,305.5,305.9,5012850
2093,2025-07-29 14:00:00+00:00,305.9,308.26,305.9,307.43,4463960
2094,2025-07-29 16:00:00+00:00,307.43,307.8,304.2,304.2,3244240
2095,2025-07-29 18:00:00+00:00,304.2,305.0,303.5,304.69,3743870
2096,2025-07-29 20:00:00+00:00,304.69,305.5,304.69,305.26,628410
2097,2025-07-30 02:00:00+00:00,305.58,305.58,305.58,305.58,6120
2098,2025-07-30 04:00:00+00:00,305.58,305.71,303.84,304.36,1193320
2099,2025-07-30 06:00:00+00:00,304.36,306.2,304.3,305.18,3108730
2100,2025-07-30 08:00:00+00:00,305.17,305.35,304.18,304.4,1836660
2101,2025-07-30 10:00:00+00:00,304.4,304.93,304.0,304.5,1904910
2102,2025-07-30 12:00:00+00:00,304.48,304.5,303.54,304.09,3111360
2103,2025-07-30 14:00:00+00:00,304.12,304.5,303.86,303.86,1264570
2104,2025-07-30 16:00:00+00:00,303.9,304.17,303.29,303.42,1174680
2105,2025-07-30 18:00:00+00:00,303.4,303.72,303.38,303.43,453810
2106,2025-07-30 20:00:00+00:00,303.43,303.43,303.2,303.3,444960
2107,2025-07-31 02:00:00+00:00,303.9,303.9,303.9,303.9,8480
2108,2025-07-31 04:00:00+00:00,303.9,304.57,303.32,304.45,902490
2109,2025-07-31 06:00:00+00:00,304.44,305.79,303.55,303.78,5026310
2110,2025-07-31 08:00:00+00:00,303.78,304.65,302.81,304.23,3930960
2111,2025-07-31 10:00:00+00:00,304.25,304.94,303.3,303.73,3026830
2112,2025-07-31 12:00:00+00:00,303.73,304.68,303.5,304.55,1676740
2113,2025-07-31 14:00:00+00:00,304.56,305.35,304.0,305.35,3320490
2114,2025-07-31 16:00:00+00:00,305.16,305.66,304.63,304.85,1364970
2115,2025-07-31 18:00:00+00:00,304.85,305.0,304.51,304.86,415830
2116,2025-07-31 20:00:00+00:00,304.9,305.0,304.9,304.95,211670
2117,2025-08-01 02:00:00+00:00,305.41,305.41,305.41,305.41,16098
2118,2025-08-01 04:00:00+00:00,305.45,307.5,305.41,306.83,2621645
2119,2025-08-01 06:00:00+00:00,306.82,307.43,306.17,306.71,2443150
2120,2025-08-01 08:00:00+00:00,306.71,306.81,306.02,306.37,2223080
2121,2025-08-01 10:00:00+00:00,306.37,306.4,304.12,304.26,3788360
2122,2025-08-01 12:00:00+00:00,304.27,304.79,303.9,304.14,2467422
2123,2025-08-01 14:00:00+00:00,304.13,304.45,303.9,304.2,1432551
2124,2025-08-01 16:00:00+00:00,304.2,304.35,302.89,304.29,2535151
2125,2025-08-01 18:00:00+00:00,304.29,304.7,303.97,304.21,614719
2126,2025-08-01 20:00:00+00:00,304.21,304.43,304.1,304.22,331330
2127,2025-08-04 02:00:00+00:00,305.3,305.3,305.3,305.3,22286
2128,2025-08-04 04:00:00+00:00,305.3,306.22,304.74,305.5,1777959
2129,2025-08-04 06:00:00+00:00,305.55,305.81,304.5,305.65,3546618
2130,2025-08-04 08:00:00+00:00,305.65,306.4,305.13,305.41,5084676
2131,2025-08-04 10:00:00+00:00,305.41,306.09,304.92,305.1,3072424
2132,2025-08-04 12:00:00+00:00,305.1,306.08,305.07,306.06,3095953
2133,2025-08-04 14:00:00+00:00,306.06,308.12,306.01,307.69,7970145
2134,2025-08-04 16:00:00+00:00,307.69,308.01,306.88,307.58,2094524
2135,2025-08-04 18:00:00+00:00,307.57,307.85,307.0,307.67,1242944
2136,2025-08-04 20:00:00+00:00,307.67,308.01,307.67,307.95,513110
2137,2025-08-05 02:00:00+00:00,307.97,307.97,307.97,307.97,11054
2138,2025-08-05 04:00:00+00:00,307.98,308.67,307.0,307.24,1923244
2139,2025-08-05 06:00:00+00:00,307.24,308.05,306.7,307.0,3561567
2140,2025-08-05 08:00:00+00:00,307.0,307.0,306.28,306.5,4303358
2141,2025-08-05 10:00:00+00:00,306.5,306.92,305.65,306.02,2588888
2142,2025-08-05 12:00:00+00:00,306.02,307.87,305.25,307.45,4532826
2143,2025-08-05 12:00:00+00:00,306.02,307.87,305.25,307.45,4532826
2144,2025-08-05 14:00:00+00:00,307.45,307.84,307.06,307.76,1790137
2145,2025-08-05 16:00:00+00:00,307.74,308.13,307.27,307.46,1892195
2146,2025-08-05 18:00:00+00:00,307.46,307.91,307.3,307.57,635806
2147,2025-08-05 20:00:00+00:00,307.56,307.65,307.34,307.38,258434
2148,2025-08-06 02:00:00+00:00,307.4,307.4,307.4,307.4,8167
2149,2025-08-06 04:00:00+00:00,307.51,308.11,307.3,307.5,654522
2150,2025-08-06 06:00:00+00:00,307.5,308.45,306.75,307.29,3631782
2151,2025-08-06 08:00:00+00:00,307.29,307.4,306.11,306.99,2309716
2152,2025-08-06 10:00:00+00:00,306.99,307.0,305.67,306.95,3642550
2153,2025-08-06 12:00:00+00:00,306.95,307.63,304.61,304.9,5371619
2154,2025-08-06 14:00:00+00:00,304.91,307.19,303.33,304.67,8671032
2155,2025-08-06 16:00:00+00:00,304.67,308.0,303.9,307.6,9133426
2156,2025-08-06 18:00:00+00:00,307.61,312.96,307.46,311.44,21177499
2157,2025-08-06 20:00:00+00:00,311.43,311.9,309.81,310.22,5349048
2158,2025-08-07 02:00:00+00:00,310.22,310.22,310.22,310.22,21077
2159,2025-08-07 04:00:00+00:00,310.23,311.17,309.0,310.05,3215414
2160,2025-08-07 06:00:00+00:00,310.05,311.2,308.76,311.05,6968563
2161,2025-08-07 08:00:00+00:00,311.05,316.5,311.04,314.15,23997976
2162,2025-08-07 10:00:00+00:00,314.16,315.0,313.28,314.66,7282110
2163,2025-08-07 12:00:00+00:00,314.65,315.73,313.31,315.06,9826598
2164,2025-08-07 14:00:00+00:00,315.06,315.79,312.51,313.1,9241477
2165,2025-08-07 16:00:00+00:00,312.85,312.85,310.34,311.09,6328370
2166,2025-08-07 18:00:00+00:00,311.1,312.99,310.73,312.84,3280032
2167,2025-08-07 20:00:00+00:00,312.83,314.36,312.14,313.43,1928049
2168,2025-08-08 02:00:00+00:00,314.68,314.68,314.68,314.68,20664
2169,2025-08-08 04:00:00+00:00,314.66,314.8,312.73,314.52,2691201
2170,2025-08-08 06:00:00+00:00,314.51,314.82,313.0,313.12,3439903
2171,2025-08-08 08:00:00+00:00,313.12,313.39,312.63,313.08,3125952
2172,2025-08-08 10:00:00+00:00,313.08,314.44,312.6,314.21,3916942
2173,2025-08-08 12:00:00+00:00,314.22,314.45,313.43,313.82,2284290
2174,2025-08-08 14:00:00+00:00,313.83,316.0,313.36,316.0,10512179
2175,2025-08-08 16:00:00+00:00,315.68,316.15,315.48,315.58,3115244
2176,2025-08-08 18:00:00+00:00,315.58,316.15,315.57,316.09,2138856
2177,2025-08-08 20:00:00+00:00,316.09,317.98,316.06,317.97,3714646
2178,2025-08-11 02:00:00+00:00,321.72,321.72,321.72,321.72,223179
2179,2025-08-11 04:00:00+00:00,321.75,322.9,318.1,321.64,8585116
2180,2025-08-11 06:00:00+00:00,321.6,321.61,318.65,318.85,9862976
2181,2025-08-11 08:00:00+00:00,318.85,320.1,318.79,318.94,5686750
2182,2025-08-11 10:00:00+00:00,318.95,319.9,318.34,318.96,3930996
2183,2025-08-11 12:00:00+00:00,318.92,319.0,317.6,318.36,3952917
2184,2025-08-11 14:00:00+00:00,318.36,319.5,317.76,317.98,5036742
2185,2025-08-11 16:00:00+00:00,317.98,318.9,317.14,317.54,3696640
2186,2025-08-11 18:00:00+00:00,317.58,317.92,317.05,317.72,1218828
2187,2025-08-11 20:00:00+00:00,317.72,317.85,317.59,317.82,242821
2188,2025-08-12 02:00:00+00:00,318.17,318.17,318.17,318.17,1774
2189,2025-08-12 04:00:00+00:00,318.16,318.49,316.6,317.28,1634419
2190,2025-08-12 06:00:00+00:00,317.28,318.77,317.0,318.02,2789462
2191,2025-08-12 08:00:00+00:00,318.02,318.31,317.21,318.18,2729724
2192,2025-08-12 10:00:00+00:00,318.17,318.28,317.24,317.63,3178910
2193,2025-08-12 12:00:00+00:00,317.63,318.0,317.3,317.78,2568323
2194,2025-08-12 12:00:00+00:00,317.63,318.0,317.3,317.78,2568323
2195,2025-08-12 14:00:00+00:00,317.78,318.99,317.66,318.85,4051551
2196,2025-08-12 16:00:00+00:00,318.85,318.85,318.0,318.46,934927
2197,2025-08-12 18:00:00+00:00,318.46,318.55,318.0,318.07,570533
2198,2025-08-12 20:00:00+00:00,318.07,318.13,317.72,318.0,305954
2199,2025-08-13 02:00:00+00:00,318.0,318.0,318.0,318.0,2564
2200,2025-08-13 04:00:00+00:00,318.32,318.74,318.0,318.48,619765
2201,2025-08-13 06:00:00+00:00,318.48,319.7,318.4,318.55,3614796
2202,2025-08-13 08:00:00+00:00,318.55,318.86,317.6,318.2,3328182
2203,2025-08-13 10:00:00+00:00,318.2,318.21,317.05,317.21,3220715
2204,2025-08-13 12:00:00+00:00,317.21,318.4,317.12,317.89,3093297
2205,2025-08-13 14:00:00+00:00,317.89,319.4,317.55,319.1,4791296
2206,2025-08-13 16:00:00+00:00,319.11,319.3,317.77,318.23,1544021
2207,2025-08-13 18:00:00+00:00,318.22,318.45,318.0,318.08,360173
2208,2025-08-13 20:00:00+00:00,318.08,318.09,317.45,317.51,553087
2209,2025-08-14 02:00:00+00:00,317.6,317.6,317.6,317.6,890
2210,2025-08-14 04:00:00+00:00,317.62,318.29,317.4,317.97,503257
2211,2025-08-14 06:00:00+00:00,317.97,318.21,315.62,316.18,4680746
2212,2025-08-14 08:00:00+00:00,316.18,316.66,314.81,316.61,6280146
2213,2025-08-14 10:00:00+00:00,316.62,317.96,316.39,317.84,3689319
2214,2025-08-14 12:00:00+00:00,317.83,318.97,317.83,318.84,5272517
2215,2025-08-14 14:00:00+00:00,318.84,318.97,318.21,318.61,3036650
2216,2025-08-14 16:00:00+00:00,318.61,318.92,318.22,318.67,1205322
2217,2025-08-14 18:00:00+00:00,318.66,319.2,318.53,318.55,1477391
2218,2025-08-14 20:00:00+00:00,318.56,318.78,318.42,318.73,313038
2219,2025-08-15 02:00:00+00:00,318.9,318.9,318.9,318.9,2185
2220,2025-08-15 04:00:00+00:00,318.89,319.83,318.52,319.01,1432330
2221,2025-08-15 06:00:00+00:00,319.01,319.1,318.45,318.61,2508291
2222,2025-08-15 08:00:00+00:00,318.6,319.47,318.46,318.98,2663111
2223,2025-08-15 10:00:00+00:00,318.97,320.4,318.72,320.37,4832216
2224,2025-08-15 12:00:00+00:00,320.36,320.4,319.15,319.76,3743237
2225,2025-08-15 14:00:00+00:00,319.76,320.23,319.6,319.99,3869175
2226,2025-08-15 16:00:00+00:00,319.91,320.5,319.49,319.99,3454241
2227,2025-08-15 18:00:00+00:00,319.99,320.39,319.2,319.65,2183912
2228,2025-08-15 20:00:00+00:00,319.64,319.65,318.6,319.4,1382984
2229,2025-08-16 06:00:00+00:00,316.86,316.88,310.03,314.94,5529902
2230,2025-08-16 08:00:00+00:00,314.94,315.2,313.91,314.5,2396579
2231,2025-08-16 10:00:00+00:00,314.49,314.84,314.15,314.71,933570
2232,2025-08-16 12:00:00+00:00,314.64,315.41,314.62,315.27,1001489
2233,2025-08-16 14:00:00+00:00,315.27,315.36,315.0,315.17,434957
2234,2025-08-17 06:00:00+00:00,315.5,315.8,315.1,315.11,325573
2235,2025-08-17 08:00:00+00:00,315.13,315.25,314.8,315.02,294655
2236,2025-08-17 10:00:00+00:00,315.02,315.17,314.92,315.17,148426
2237,2025-08-17 12:00:00+00:00,315.18,315.28,314.85,314.98,662272
2238,2025-08-17 14:00:00+00:00,314.98,315.1,314.8,314.97,471766
2239,2025-08-18 02:00:00+00:00,315.01,315.01,315.01,315.01,15498
2240,2025-08-18 04:00:00+00:00,315.06,316.97,314.97,316.43,2115647
2241,2025-08-18 06:00:00+00:00,316.43,317.35,314.3,316.0,10455029
2242,2025-08-18 08:00:00+00:00,316.0,317.75,315.15,317.35,4750752
2243,2025-08-18 10:00:00+00:00,317.35,317.56,316.56,317.11,2543628
2244,2025-08-18 12:00:00+00:00,317.17,318.29,317.17,317.87,3460229
2245,2025-08-18 14:00:00+00:00,317.88,318.05,316.03,316.89,2936478
2246,2025-08-18 16:00:00+00:00,316.62,318.06,316.0,317.0,2348202
2247,2025-08-18 18:00:00+00:00,317.0,319.89,316.77,318.56,5714010
2248,2025-08-18 20:00:00+00:00,318.56,318.78,318.14,318.38,705168
2249,2025-08-19 02:00:00+00:00,318.98,318.98,318.98,318.98,44821
2250,2025-08-19 04:00:00+00:00,318.98,319.73,317.81,318.65,2186637
2251,2025-08-19 06:00:00+00:00,318.65,319.32,318.24,318.83,3367762
2252,2025-08-19 08:00:00+00:00,318.81,319.48,318.71,318.9,4284336
2253,2025-08-19 10:00:00+00:00,318.9,318.97,318.17,318.65,2373052
2254,2025-08-19 12:00:00+00:00,318.63,318.87,317.31,318.75,2842973
2255,2025-08-19 12:00:00+00:00,318.63,318.87,317.31,318.75,2842973
2256,2025-08-19 14:00:00+00:00,318.74,318.78,317.0,317.0,3898366
2257,2025-08-19 16:00:00+00:00,317.0,317.73,316.29,317.36,2285738
2258,2025-08-19 18:00:00+00:00,317.35,317.4,317.0,317.21,342346
2259,2025-08-19 20:00:00+00:00,317.21,317.21,316.5,316.5,253545
2260,2025-08-20 02:00:00+00:00,316.53,316.53,316.53,316.53,2277
2261,2025-08-20 04:00:00+00:00,316.53,317.51,316.49,317.26,642902
2262,2025-08-20 06:00:00+00:00,317.26,317.51,316.57,316.88,1502546
2263,2025-08-20 08:00:00+00:00,316.89,317.25,316.12,316.31,1231196
2264,2025-08-20 10:00:00+00:00,316.31,316.64,313.66,313.99,5270641
2265,2025-08-20 12:00:00+00:00,313.99,314.58,313.02,313.31,5225279
2266,2025-08-20 14:00:00+00:00,313.28,314.66,313.12,314.66,2551265
2267,2025-08-20 16:00:00+00:00,314.59,314.59,313.5,313.62,1158516
2268,2025-08-20 18:00:00+00:00,313.63,314.29,313.56,314.12,701014
2269,2025-08-20 20:00:00+00:00,314.12,314.47,314.11,314.17,367634
2270,2025-08-21 02:00:00+00:00,314.17,314.17,314.17,314.17,4456
2271,2025-08-21 04:00:00+00:00,314.17,314.83,313.71,314.1,677365
2272,2025-08-21 06:00:00+00:00,314.09,314.48,312.8,312.91,2266512
2273,2025-08-21 08:00:00+00:00,312.93,315.1,312.46,314.89,4037115
2274,2025-08-21 10:00:00+00:00,314.89,315.1,313.05,314.57,3659792
2275,2025-08-21 12:00:00+00:00,314.57,314.77,311.85,312.03,3728031
2276,2025-08-21 14:00:00+00:00,312.02,312.02,309.81,311.34,12643859
2277,2025-08-21 16:00:00+00:00,310.9,311.25,310.39,311.07,1509638
2278,2025-08-21 18:00:00+00:00,311.1,311.1,309.28,309.47,1693904
2279,2025-08-21 20:00:00+00:00,309.47,310.0,309.46,309.98,594722
2280,2025-08-22 02:00:00+00:00,310.11,310.11,310.11,310.11,5130
2281,2025-08-22 04:00:00+00:00,310.14,310.84,309.75,310.75,1168760
2282,2025-08-22 06:00:00+00:00,310.74,311.8,310.2,310.69,3176728
2283,2025-08-22 08:00:00+00:00,310.69,312.24,310.38,311.71,3102508
2284,2025-08-22 10:00:00+00:00,311.7,312.49,311.03,311.38,2404660
2285,2025-08-22 12:00:00+00:00,311.38,311.72,310.15,311.46,1729795
2286,2025-08-22 14:00:00+00:00,311.46,312.1,311.17,312.0,2280236
2287,2025-08-22 16:00:00+00:00,311.86,312.15,311.28,311.81,833862
2288,2025-08-22 18:00:00+00:00,311.8,311.99,311.65,311.97,405885
2289,2025-08-22 20:00:00+00:00,311.97,312.09,311.7,312.05,388244
2290,2025-08-23 06:00:00+00:00,312.11,312.5,311.96,312.08,205096
2291,2025-08-23 08:00:00+00:00,312.08,312.26,311.55,312.0,175447
2292,2025-08-23 10:00:00+00:00,312.0,312.05,311.9,312.04,52801
2293,2025-08-23 12:00:00+00:00,312.04,312.07,311.93,312.0,23712
2294,2025-08-23 14:00:00+00:00,312.0,312.5,312.0,312.3,110783
2295,2025-08-24 06:00:00+00:00,312.3,312.45,311.5,311.66,262038
2296,2025-08-24 08:00:00+00:00,311.66,311.92,311.57,311.8,159709
2297,2025-08-24 10:00:00+00:00,311.78,311.93,311.65,311.77,119132
2298,2025-08-24 12:00:00+00:00,311.77,311.82,311.65,311.74,63918
2299,2025-08-24 14:00:00+00:00,311.73,311.87,311.65,311.84,126030
2300,2025-08-25 02:00:00+00:00,311.84,311.84,311.84,311.84,1449
2301,2025-08-25 04:00:00+00:00,311.84,312.3,310.45,311.13,650254
2302,2025-08-25 06:00:00+00:00,311.21,311.37,310.27,310.41,1586038
2303,2025-08-25 08:00:00+00:00,310.41,310.42,309.5,310.0,3216564
2304,2025-08-25 10:00:00+00:00,310.01,310.31,309.51,309.65,1901849
2305,2025-08-25 12:00:00+00:00,309.65,310.07,308.75,309.91,3240616
2306,2025-08-25 14:00:00+00:00,309.91,311.99,309.9,311.97,3173256
2307,2025-08-25 16:00:00+00:00,311.97,312.1,311.46,311.73,1121181
2308,2025-08-25 18:00:00+00:00,311.73,311.75,311.44,311.47,177163
2309,2025-08-25 20:00:00+00:00,311.45,311.46,311.24,311.42,230513
2310,2025-08-26 02:00:00+00:00,311.11,311.11,311.11,311.11,14960
2311,2025-08-26 04:00:00+00:00,311.3,312.2,311.12,312.1,391349
2312,2025-08-26 06:00:00+00:00,312.0,314.0,311.6,313.07,3662597
2313,2025-08-26 08:00:00+00:00,313.08,313.55,312.0,312.34,1622135
2314,2025-08-26 10:00:00+00:00,312.34,313.52,312.34,313.03,985852
2315,2025-08-26 12:00:00+00:00,313.02,313.02,310.68,311.06,2225979
2316,2025-08-26 12:00:00+00:00,313.02,313.02,310.68,311.06,2225979
2317,2025-08-26 14:00:00+00:00,311.06,311.47,310.5,311.21,1370449
2318,2025-08-26 16:00:00+00:00,311.24,311.69,310.7,311.42,547918
2319,2025-08-26 18:00:00+00:00,311.42,311.87,311.35,311.65,341030
2320,2025-08-26 20:00:00+00:00,311.63,311.79,311.53,311.79,134963
2321,2025-08-27 02:00:00+00:00,312.0,312.0,312.0,312.0,5680
2322,2025-08-27 04:00:00+00:00,311.99,312.78,311.72,311.88,505695
2323,2025-08-27 06:00:00+00:00,311.88,312.36,311.06,312.2,1774750
2324,2025-08-27 08:00:00+00:00,312.2,312.98,311.82,312.11,1392636
2325,2025-08-27 10:00:00+00:00,312.12,312.47,311.63,312.03,1882037
2326,2025-08-27 12:00:00+00:00,312.03,313.49,311.93,313.32,2595765
2327,2025-08-27 14:00:00+00:00,313.31,313.78,312.31,312.99,1919620
2328,2025-08-27 16:00:00+00:00,312.62,313.46,312.59,313.34,948892
2329,2025-08-27 18:00:00+00:00,313.34,313.42,312.68,312.91,424019
2330,2025-08-27 20:00:00+00:00,312.91,312.92,312.5,312.78,243737
2331,2025-08-28 02:00:00+00:00,313.03,313.03,313.03,313.03,1982
2332,2025-08-28 04:00:00+00:00,313.03,313.32,312.1,312.88,712772
2333,2025-08-28 06:00:00+00:00,312.88,312.91,311.74,311.87,1342420
2334,2025-08-28 08:00:00+00:00,311.86,312.84,311.76,312.55,1763433
2335,2025-08-28 10:00:00+00:00,312.55,312.84,311.11,311.52,2006121
2336,2025-08-28 12:00:00+00:00,311.52,312.36,311.5,311.86,1017828
2337,2025-08-28 14:00:00+00:00,311.86,314.5,311.86,314.5,3797428
2338,2025-08-28 16:00:00+00:00,314.46,314.5,310.5,311.41,6968561
2339,2025-08-28 18:00:00+00:00,311.41,311.49,310.12,310.28,2111812
2340,2025-08-28 20:00:00+00:00,310.27,311.0,310.23,310.82,587090
2341,2025-08-29 02:00:00+00:00,311.18,311.18,311.18,311.18,3869
2342,2025-08-29 04:00:00+00:00,311.19,311.82,310.89,311.6,774901
2343,2025-08-29 06:00:00+00:00,311.59,311.69,310.2,311.2,2628529
2344,2025-08-29 08:00:00+00:00,311.2,311.42,310.6,310.64,1517647
2345,2025-08-29 10:00:00+00:00,310.62,311.12,308.95,309.79,4494454
2346,2025-08-29 12:00:00+00:00,309.78,310.0,309.42,309.47,1419355
2347,2025-08-29 14:00:00+00:00,309.48,311.35,309.47,310.51,2897719
2348,2025-08-29 16:00:00+00:00,310.52,310.83,310.11,310.29,473911
2349,2025-08-29 18:00:00+00:00,310.29,310.39,310.1,310.33,389891
2350,2025-08-29 20:00:00+00:00,310.32,310.4,310.04,310.04,255419
2351,2025-08-30 06:00:00+00:00,309.99,310.46,309.95,310.45,106949
2352,2025-08-30 08:00:00+00:00,310.45,310.45,310.04,310.33,116092
2353,2025-08-30 10:00:00+00:00,310.38,310.54,310.06,310.4,169154
2354,2025-08-30 12:00:00+00:00,310.44,310.44,310.04,310.11,76851
2355,2025-08-30 14:00:00+00:00,310.15,310.15,309.71,309.92,311716
2356,2025-08-31 06:00:00+00:00,309.92,310.89,309.92,310.69,264303
2357,2025-08-31 08:00:00+00:00,310.67,311.24,310.61,310.73,375955
2358,2025-08-31 10:00:00+00:00,310.71,310.95,310.52,310.55,141569
2359,2025-08-31 12:00:00+00:00,310.55,310.69,310.34,310.58,134767
2360,2025-08-31 14:00:00+00:00,310.55,311.19,310.55,310.99,177124
2361,2025-09-01 02:00:00+00:00,310.86,310.86,310.86,310.86,9354
2362,2025-09-01 04:00:00+00:00,310.86,311.97,310.51,311.8,758453
2363,2025-09-01 06:00:00+00:00,311.72,312.5,311.23,311.27,1893438
2364,2025-09-01 08:00:00+00:00,311.26,311.26,310.52,310.85,2058383
2365,2025-09-01 10:00:00+00:00,310.85,311.14,310.6,310.72,1061857
2366,2025-09-01 12:00:00+00:00,310.71,310.89,310.0,310.3,1242226
2367,2025-09-01 14:00:00+00:00,310.29,310.4,308.88,308.88,2428244
2368,2025-09-01 16:00:00+00:00,308.95,309.42,308.82,309.33,980047
2369,2025-09-01 18:00:00+00:00,309.33,309.58,309.03,309.28,420668
2370,2025-09-01 20:00:00+00:00,309.27,309.4,309.17,309.2,192417
2371,2025-09-02 02:00:00+00:00,309.2,309.2,309.2,309.2,4513
2372,2025-09-02 04:00:00+00:00,309.19,309.9,307.62,308.62,2142734
2373,2025-09-02 06:00:00+00:00,308.62,308.99,308.0,308.17,2963194
2374,2025-09-02 08:00:00+00:00,308.17,308.8,307.54,308.24,2775108
2375,2025-09-02 10:00:00+00:00,308.23,309.39,308.0,309.2,1591953
2376,2025-09-02 12:00:00+00:00,309.19,310.1,307.77,308.66,3151378
2377,2025-09-02 12:00:00+00:00,309.19,310.1,307.77,308.66,3151378
2378,2025-09-02 14:00:00+00:00,308.67,308.89,307.05,307.47,2299094
2379,2025-09-02 16:00:00+00:00,307.47,307.85,307.11,307.24,1198733
2380,2025-09-02 18:00:00+00:00,307.25,308.74,307.2,308.41,1054679
2381,2025-09-02 20:00:00+00:00,308.41,308.63,308.35,308.44,226393
2382,2025-09-03 02:00:00+00:00,308.45,308.45,308.45,308.45,3250
2383,2025-09-03 04:00:00+00:00,308.47,308.71,307.81,308.42,423736
2384,2025-09-03 06:00:00+00:00,308.45,309.3,307.35,307.92,2469008
2385,2025-09-03 08:00:00+00:00,307.89,308.25,307.21,307.73,1318751
2386,2025-09-03 10:00:00+00:00,307.71,308.78,307.71,308.18,986836
2387,2025-09-03 12:00:00+00:00,308.18,309.08,307.8,308.06,1544405
2388,2025-09-03 14:00:00+00:00,308.09,309.54,308.09,308.9,1751474
2389,2025-09-03 16:00:00+00:00,308.87,309.56,308.56,309.14,1229628
2390,2025-09-03 18:00:00+00:00,309.19,309.68,309.0,309.59,502989
2391,2025-09-03 20:00:00+00:00,309.58,309.59,309.27,309.49,252325
2392,2025-09-04 02:00:00+00:00,309.6,309.6,309.6,309.6,3101
2393,2025-09-04 04:00:00+00:00,309.62,310.29,309.3,310.11,729074
2394,2025-09-04 06:00:00+00:00,310.09,310.8,309.46,310.3,3126538
2395,2025-09-04 08:00:00+00:00,310.3,310.38,309.18,309.8,2272600
2396,2025-09-04 10:00:00+00:00,309.82,310.14,309.31,309.49,985833
2397,2025-09-04 12:00:00+00:00,309.5,309.72,308.28,309.2,1531789
2398,2025-09-04 14:00:00+00:00,309.19,309.23,307.5,308.05,2595893
2399,2025-09-04 16:00:00+00:00,308.0,308.9,307.98,308.76,692037
2400,2025-09-04 18:00:00+00:00,308.76,309.18,308.33,308.65,743493
2401,2025-09-04 20:00:00+00:00,308.66,308.99,308.55,308.74,168479
2402,2025-09-05 02:00:00+00:00,309.1,309.1,309.1,309.1,5208
2403,2025-09-05 04:00:00+00:00,309.1,309.75,308.8,309.49,575686
2404,2025-09-05 06:00:00+00:00,309.49,310.29,309.42,309.54,2390935
2405,2025-09-05 08:00:00+00:00,309.53,310.78,309.3,310.43,2590242
2406,2025-09-05 10:00:00+00:00,310.43,310.5,309.45,309.94,1076299
2407,2025-09-05 12:00:00+00:00,309.94,310.5,309.75,310.5,1091870
2408,2025-09-05 14:00:00+00:00,310.5,311.16,310.45,310.78,2497543
2409,2025-09-05 16:00:00+00:00,310.78,310.94,310.17,310.18,653603
2410,2025-09-05 18:00:00+00:00,310.18,310.6,310.0,310.33,530383
2411,2025-09-05 20:00:00+00:00,310.34,310.6,310.28,310.5,238784
2412,2025-09-06 06:00:00+00:00,310.5,310.9,310.21,310.45,120366
2413,2025-09-06 08:00:00+00:00,310.33,310.57,310.28,310.42,144033
2414,2025-09-06 10:00:00+00:00,310.41,310.52,310.4,310.49,42710
2415,2025-09-06 12:00:00+00:00,310.49,310.5,310.28,310.32,86851
2416,2025-09-06 14:00:00+00:00,310.32,310.51,310.1,310.13,260650
2417,2025-09-07 06:00:00+00:00,310.13,310.49,310.13,310.19,93809
2418,2025-09-07 08:00:00+00:00,310.18,310.52,310.14,310.46,90368
2419,2025-09-07 10:00:00+00:00,310.5,311.0,310.46,310.69,241717
2420,2025-09-07 12:00:00+00:00,310.65,310.9,310.4,310.43,127250
2421,2025-09-07 14:00:00+00:00,310.43,310.82,310.41,310.69,181239
2422,2025-09-08 02:00:00+00:00,310.44,310.44,310.44,310.44,16806
2423,2025-09-08 04:00:00+00:00,310.44,310.95,310.31,310.94,638943
2424,2025-09-08 06:00:00+00:00,310.93,312.45,310.91,312.25,3333381
2425,2025-09-08 08:00:00+00:00,312.25,313.12,312.24,312.86,4220679
2426,2025-09-08 10:00:00+00:00,312.87,312.94,312.06,312.71,2034620
2427,2025-09-08 12:00:00+00:00,312.72,312.78,311.55,311.69,1869106
2428,2025-09-08 14:00:00+00:00,311.69,313.0,311.36,312.86,2769558
2429,2025-09-08 16:00:00+00:00,312.82,313.26,312.6,312.81,1473042
2430,2025-09-08 18:00:00+00:00,312.82,313.11,312.7,312.87,439378
2431,2025-09-08 20:00:00+00:00,312.87,312.98,312.65,312.83,168130
2432,2025-09-09 02:00:00+00:00,313.0,313.0,313.0,313.0,3795
2433,2025-09-09 04:00:00+00:00,313.0,313.5,312.77,313.1,684988
2434,2025-09-09 06:00:00+00:00,313.1,314.0,313.0,313.96,3076509
2435,2025-09-09 08:00:00+00:00,313.95,314.25,312.86,312.86,3966305
2436,2025-09-09 10:00:00+00:00,312.87,313.0,312.0,312.36,2227812
2437,2025-09-09 12:00:00+00:00,312.35,313.15,311.62,312.71,3464565
2438,2025-09-09 12:00:00+00:00,312.35,313.15,311.62,312.71,3464565
2439,2025-09-09 14:00:00+00:00,312.71,313.9,312.41,313.73,2456168
2440,2025-09-09 16:00:00+00:00,313.62,313.77,312.7,313.02,767424
2441,2025-09-09 18:00:00+00:00,313.02,313.29,312.99,313.08,353054
2442,2025-09-09 20:00:00+00:00,313.08,313.13,312.93,313.06,116223
2443,2025-09-10 02:00:00+00:00,313.65,313.65,313.65,313.65,11754
2444,2025-09-10 04:00:00+00:00,313.63,313.63,311.93,312.38,908011
2445,2025-09-10 06:00:00+00:00,312.38,312.78,311.18,312.27,3397667
2446,2025-09-10 08:00:00+00:00,312.27,312.53,311.31,311.74,2728625
2447,2025-09-10 10:00:00+00:00,311.76,311.78,310.51,310.77,3333015
2448,2025-09-10 12:00:00+00:00,310.76,311.56,310.53,310.95,1734469
2449,2025-09-10 14:00:00+00:00,310.94,311.19,309.76,310.25,3473950
2450,2025-09-10 16:00:00+00:00,310.0,310.0,309.0,309.63,2665695
2451,2025-09-10 18:00:00+00:00,309.63,309.98,309.52,309.73,759949
2452,2025-09-10 20:00:00+00:00,309.72,309.77,309.55,309.76,279437
2453,2025-09-11 02:00:00+00:00,309.76,309.76,309.76,309.76,1382
2454,2025-09-11 04:00:00+00:00,309.81,310.64,309.71,309.99,724204
2455,2025-09-11 06:00:00+00:00,309.95,310.77,307.73,307.78,4341152
2456,2025-09-11 08:00:00+00:00,307.78,308.49,307.68,307.81,4432399
2457,2025-09-11 10:00:00+00:00,307.81,307.98,306.82,307.17,7109379
2458,2025-09-11 12:00:00+00:00,307.14,307.49,305.8,306.42,7379845
2459,2025-09-11 14:00:00+00:00,306.41,307.79,306.39,307.79,3499661
2460,2025-09-11 16:00:00+00:00,307.45,307.83,307.11,307.55,866497
2461,2025-09-11 18:00:00+00:00,307.55,307.74,307.33,307.39,695100
2462,2025-09-11 20:00:00+00:00,307.39,307.49,306.98,307.11,386728
2463,2025-09-12 02:00:00+00:00,307.5,307.5,307.5,307.5,2614
2464,2025-09-12 04:00:00+00:00,307.5,308.2,307.16,307.99,800889
2465,2025-09-12 06:00:00+00:00,307.91,308.05,306.78,307.8,2023552
2466,2025-09-12 08:00:00+00:00,307.8,308.72,307.54,308.31,3032657
2467,2025-09-12 10:00:00+00:00,308.31,308.58,305.1,306.32,12400424
2468,2025-09-12 12:00:00+00:00,306.32,306.48,303.05,304.12,12589479
2469,2025-09-12 14:00:00+00:00,304.12,304.27,303.05,303.88,3591473
2470,2025-09-12 16:00:00+00:00,303.9,303.91,302.53,303.28,3031596
2471,2025-09-12 18:00:00+00:00,303.28,303.56,303.2,303.3,1375224
2472,2025-09-12 20:00:00+00:00,303.29,303.59,303.19,303.5,467395
2473,2025-09-13 06:00:00+00:00,303.61,303.61,303.61,303.61,1848
2474,2025-09-13 08:00:00+00:00,303.69,303.78,303.3,303.72,291159
2475,2025-09-13 10:00:00+00:00,303.72,303.8,303.41,303.63,274429
2476,2025-09-13 12:00:00+00:00,303.64,303.7,303.19,303.39,257164
2477,2025-09-13 14:00:00+00:00,303.39,303.4,302.65,302.84,454427
2478,2025-09-14 06:00:00+00:00,303.18,303.18,302.72,302.89,193059
2479,2025-09-14 08:00:00+00:00,302.9,302.96,302.75,302.84,157881
2480,2025-09-14 10:00:00+00:00,302.84,303.6,302.78,303.56,328699
2481,2025-09-14 12:00:00+00:00,303.57,304.25,303.56,304.09,614827
2482,2025-09-14 14:00:00+00:00,304.09,304.23,303.58,303.97,271664
2483,2025-09-15 02:00:00+00:00,304.0,304.0,304.0,304.0,5834
2484,2025-09-15 04:00:00+00:00,304.02,304.75,303.77,303.98,1147914
2485,2025-09-15 06:00:00+00:00,303.98,304.44,303.0,303.93,2918769
2486,2025-09-15 08:00:00+00:00,303.92,303.99,300.81,301.38,6286519
2487,2025-09-15 10:00:00+00:00,301.39,302.25,300.71,302.05,3037534
2488,2025-09-15 12:00:00+00:00,302.06,303.17,301.82,302.0,3505242
2489,2025-09-15 14:00:00+00:00,302.0,303.5,301.1,302.5,3526284
2490,2025-09-15 16:00:00+00:00,302.5,302.76,302.2,302.53,760521
2491,2025-09-15 18:00:00+00:00,302.53,302.53,301.67,302.02,574194
2492,2025-09-15 20:00:00+00:00,302.02,302.61,301.84,302.48,181075
2493,2025-09-16 02:00:00+00:00,303.0,303.0,303.0,303.0,10284
2494,2025-09-16 04:00:00+00:00,303.03,303.97,302.32,303.5,1253203
2495,2025-09-16 06:00:00+00:00,303.48,304.2,303.16,303.42,2628831
2496,2025-09-16 08:00:00+00:00,303.42,303.62,300.0,300.27,7633533
2497,2025-09-16 10:00:00+00:00,300.27,301.58,299.7,301.53,5508424
2498,2025-09-16 12:00:00+00:00,301.53,302.09,300.0,301.55,3579562
2499,2025-09-16 12:00:00+00:00,301.53,302.09,300.0,301.55,3579562
2500,2025-09-16 14:00:00+00:00,301.55,302.69,301.52,302.0,3594335
2501,2025-09-16 16:00:00+00:00,302.0,302.3,301.66,302.0,962320
2502,2025-09-16 18:00:00+00:00,302.0,302.24,301.82,302.01,587886
2503,2025-09-16 20:00:00+00:00,302.01,302.07,301.75,301.8,349672
2504,2025-09-17 02:00:00+00:00,301.8,301.8,301.8,301.8,6498
2505,2025-09-17 04:00:00+00:00,301.8,302.37,301.75,302.25,304590
2506,2025-09-17 06:00:00+00:00,302.24,302.24,300.73,301.41,2785341
2507,2025-09-17 08:00:00+00:00,301.4,301.67,299.8,299.92,3877301
2508,2025-09-17 10:00:00+00:00,299.92,302.28,299.85,301.58,4500421
2509,2025-09-17 12:00:00+00:00,301.58,303.63,300.61,302.57,6011138
2510,2025-09-17 14:00:00+00:00,302.57,305.92,302.57,304.3,9745459
2511,2025-09-17 16:00:00+00:00,304.2,305.0,303.75,304.24,2524247
2512,2025-09-17 18:00:00+00:00,304.25,304.7,303.88,304.49,1328736
2513,2025-09-17 20:00:00+00:00,304.49,304.56,304.21,304.5,337800
2514,2025-09-18 02:00:00+00:00,304.8,304.8,304.8,304.8,2512
2515,2025-09-18 04:00:00+00:00,304.7,305.05,303.8,303.85,674081
2516,2025-09-18 06:00:00+00:00,303.98,304.0,302.29,302.39,3077436
2517,2025-09-18 08:00:00+00:00,302.38,303.38,301.53,301.76,3692897
2518,2025-09-18 10:00:00+00:00,301.75,302.3,301.14,301.18,3866187
2519,2025-09-18 12:00:00+00:00,301.18,302.28,300.66,302.04,11308213
2520,2025-09-18 14:00:00+00:00,302.04,302.9,301.7,302.86,2675248
2521,2025-09-18 16:00:00+00:00,302.75,302.85,301.38,301.51,1278969
2522,2025-09-18 18:00:00+00:00,301.52,301.88,301.36,301.74,610860
2523,2025-09-18 20:00:00+00:00,301.8,302.0,301.53,301.68,350326
2524,2025-09-19 02:00:00+00:00,301.6,301.6,301.6,301.6,3011
2525,2025-09-19 04:00:00+00:00,301.6,302.34,301.23,301.54,526248
2526,2025-09-19 06:00:00+00:00,301.65,303.8,301.65,302.14,3068509
2527,2025-09-19 08:00:00+00:00,302.14,302.14,300.91,301.76,4451203
2528,2025-09-19 10:00:00+00:00,301.76,302.1,299.8,301.39,6975886
2529,2025-09-19 12:00:00+00:00,301.4,301.4,300.14,300.44,3157459
2530,2025-09-19 14:00:00+00:00,300.44,300.44,297.0,297.4,9741623
2531,2025-09-19 16:00:00+00:00,297.4,297.63,295.01,295.49,6987110
2532,2025-09-19 18:00:00+00:00,295.49,295.87,295.19,295.51,2128578
2533,2025-09-19 20:00:00+00:00,295.49,295.66,294.61,294.84,1880163
2534,2025-09-22 02:00:00+00:00,295.86,295.86,295.86,295.86,16357
2535,2025-09-22 04:00:00+00:00,295.76,296.53,294.03,295.9,2010172
2536,2025-09-22 06:00:00+00:00,295.96,295.96,292.6,293.74,7136516
2537,2025-09-22 08:00:00+00:00,293.76,294.56,292.16,292.82,6327034
2538,2025-09-22 10:00:00+00:00,292.82,295.61,292.21,294.66,7306822
2539,2025-09-22 12:00:00+00:00,294.7,296.3,293.55,293.78,7147194
2540,2025-09-22 14:00:00+00:00,293.8,298.39,293.77,298.01,7499536
2541,2025-09-22 16:00:00+00:00,298.0,298.74,297.15,298.05,1910828
2542,2025-09-22 18:00:00+00:00,298.05,299.3,298.02,298.12,1537639
2543,2025-09-22 20:00:00+00:00,298.16,298.27,297.9,298.05,292541
2544,2025-09-23 02:00:00+00:00,298.26,298.26,298.26,298.26,4682
2545,2025-09-23 04:00:00+00:00,298.4,298.72,297.57,297.65,672713
2546,2025-09-23 06:00:00+00:00,297.65,298.44,296.31,296.56,3335035
2547,2025-09-23 08:00:00+00:00,296.57,298.28,295.15,298.08,5530082
2548,2025-09-23 10:00:00+00:00,298.08,298.8,296.82,298.45,1816865
2549,2025-09-23 12:00:00+00:00,298.45,300.11,297.81,299.4,4099554
2550,2025-09-23 12:00:00+00:00,298.45,300.11,297.81,299.4,4099554
2551,2025-09-23 14:00:00+00:00,299.4,299.62,298.06,298.6,2506051
2552,2025-09-23 16:00:00+00:00,298.52,298.76,296.02,296.1,2688503
2553,2025-09-23 18:00:00+00:00,296.07,296.88,291.63,291.66,8118683
2554,2025-09-23 20:00:00+00:00,291.65,292.45,290.39,291.6,5217151
2555,2025-09-24 02:00:00+00:00,291.8,291.8,291.8,291.8,90816
2556,2025-09-24 04:00:00+00:00,291.8,293.31,291.79,292.11,3794570
2557,2025-09-24 06:00:00+00:00,292.1,292.1,288.4,291.36,15214511
2558,2025-09-24 08:00:00+00:00,291.37,295.88,291.3,294.07,9074692
2559,2025-09-24 10:00:00+00:00,294.06,296.08,292.71,295.79,5090360
2560,2025-09-24 12:00:00+00:00,295.79,296.64,294.42,296.03,7546498
2561,2025-09-24 14:00:00+00:00,296.04,296.25,293.5,293.53,3265060
2562,2025-09-24 16:00:00+00:00,293.64,294.39,292.61,293.11,2318289
2563,2025-09-24 18:00:00+00:00,293.11,293.37,292.5,293.11,1084472
2564,2025-09-24 20:00:00+00:00,293.11,293.43,293.03,293.31,365762
2565,2025-09-25 02:00:00+00:00,293.87,293.87,293.87,293.87,858
2566,2025-09-25 04:00:00+00:00,293.87,294.89,293.53,294.24,1202736
2567,2025-09-25 06:00:00+00:00,294.19,294.5,291.92,292.04,3166249
2568,2025-09-25 08:00:00+00:00,292.02,293.5,291.5,293.13,3762685
2569,2025-09-25 10:00:00+00:00,293.13,293.92,292.29,293.75,2047988
2570,2025-09-25 12:00:00+00:00,293.75,293.8,292.56,292.65,1500340
2571,2025-09-25 14:00:00+00:00,292.67,293.21,290.17,290.97,4544768
2572,2025-09-25 16:00:00+00:00,290.97,291.02,289.5,289.9,3385980
2573,2025-09-25 18:00:00+00:00,289.91,290.2,289.55,290.0,847909
2574,2025-09-25 20:00:00+00:00,290.01,290.17,289.5,289.9,538511
2575,2025-09-26 02:00:00+00:00,290.2,290.2,290.2,290.2,6709
2576,2025-09-26 04:00:00+00:00,290.2,291.03,289.05,289.94,1505315
2577,2025-09-26 06:00:00+00:00,289.95,291.0,288.52,289.3,4702706
2578,2025-09-26 08:00:00+00:00,289.31,290.98,288.65,290.98,3259048
2579,2025-09-26 10:00:00+00:00,290.98,291.86,289.5,290.0,2962895
2580,2025-09-26 12:00:00+00:00,289.99,291.25,289.03,290.15,2008726
2581,2025-09-26 14:00:00+00:00,290.14,292.47,289.3,291.98,4831461
2582,2025-09-26 16:00:00+00:00,291.92,292.29,291.27,292.11,1660469
2583,2025-09-26 18:00:00+00:00,292.11,292.79,291.39,291.49,1385136
2584,2025-09-26 20:00:00+00:00,291.48,291.79,291.32,291.33,320849
2585,2025-09-27 06:00:00+00:00,291.03,292.0,291.03,291.34,254671
2586,2025-09-27 08:00:00+00:00,291.38,291.79,291.34,291.78,99018
2587,2025-09-27 10:00:00+00:00,291.79,291.89,291.25,291.85,127117
2588,2025-09-27 12:00:00+00:00,291.82,291.86,291.15,291.47,89696
2589,2025-09-27 14:00:00+00:00,291.49,291.75,291.46,291.69,152536
2590,2025-09-28 06:00:00+00:00,291.69,291.85,291.26,291.43,83256
2591,2025-09-28 08:00:00+00:00,291.49,291.8,291.31,291.6,152182
2592,2025-09-28 10:00:00+00:00,291.6,291.63,291.4,291.59,65538
2593,2025-09-28 12:00:00+00:00,291.6,291.6,291.31,291.41,65212
2594,2025-09-28 14:00:00+00:00,291.41,291.46,290.95,291.08,230630
2595,2025-09-29 02:00:00+00:00,291.4,291.4,291.4,291.4,1148
2596,2025-09-29 04:00:00+00:00,291.44,291.86,290.1,290.68,672654
2597,2025-09-29 06:00:00+00:00,290.68,292.17,289.81,292.17,3447150
2598,2025-09-29 08:00:00+00:00,292.17,294.34,291.8,293.55,7892805
2599,2025-09-29 10:00:00+00:00,293.58,295.5,293.46,294.33,4645291
2600,2025-09-29 12:00:00+00:00,294.36,294.56,292.03,292.15,2597013
2601,2025-09-29 14:00:00+00:00,292.12,292.39,287.61,287.71,8143416
2602,2025-09-29 16:00:00+00:00,287.77,287.98,286.5,286.99,5651181
2603,2025-09-29 18:00:00+00:00,286.99,287.7,286.5,287.49,1500352
2604,2025-09-29 20:00:00+00:00,287.49,287.64,287.3,287.57,399605
2605,2025-09-30 02:00:00+00:00,287.67,287.67,287.67,287.67,2218
2606,2025-09-30 04:00:00+00:00,287.7,288.73,287.57,288.49,1238918
2607,2025-09-30 06:00:00+00:00,288.49,289.0,285.62,287.51,6605811
2608,2025-09-30 08:00:00+00:00,287.47,288.38,285.24,286.24,6044195
2609,2025-09-30 10:00:00+00:00,286.25,287.88,285.95,286.36,3694544
2610,2025-09-30 12:00:00+00:00,286.36,289.6,285.82,289.31,4504538
2611,2025-09-30 12:00:00+00:00,286.36,289.6,285.82,289.31,4504538
2612,2025-09-30 14:00:00+00:00,289.31,289.88,287.99,289.15,4751457
2613,2025-09-30 16:00:00+00:00,289.34,289.44,287.2,287.87,1782987
2614,2025-09-30 18:00:00+00:00,287.87,288.49,287.64,288.25,620054
2615,2025-09-30 20:00:00+00:00,288.24,288.36,288.12,288.36,137646
2616,2025-10-01 02:00:00+00:00,288.88,288.88,288.88,288.88,4617
2617,2025-10-01 04:00:00+00:00,288.82,289.78,288.33,289.27,909581
2618,2025-10-01 06:00:00+00:00,289.28,289.7,288.14,288.16,2015178
2619,2025-10-01 08:00:00+00:00,288.15,290.39,287.9,289.77,2733345
2620,2025-10-01 10:00:00+00:00,289.77,289.8,287.17,287.23,2884458
2621,2025-10-01 12:00:00+00:00,287.23,288.11,285.31,287.48,6951871
2622,2025-10-01 14:00:00+00:00,287.44,287.65,285.11,286.3,4374521
2623,2025-10-01 16:00:00+00:00,286.29,286.49,285.57,286.05,1585300
2624,2025-10-01 18:00:00+00:00,286.05,286.43,285.55,286.26,944570
2625,2025-10-01 20:00:00+00:00,286.25,286.4,285.96,286.4,494264
2626,2025-10-02 02:00:00+00:00,286.4,286.4,286.4,286.4,7983
2627,2025-10-02 04:00:00+00:00,286.4,287.15,285.01,285.3,1622377
2628,2025-10-02 06:00:00+00:00,285.32,285.94,283.22,284.53,8630180
2629,2025-10-02 08:00:00+00:00,284.54,285.34,282.8,284.55,6293174
2630,2025-10-02 10:00:00+00:00,284.55,285.35,283.93,285.29,2875048
2631,2025-10-02 12:00:00+00:00,285.29,285.51,284.52,284.91,1997476
2632,2025-10-02 14:00:00+00:00,284.91,286.44,284.32,285.05,4000001
2633,2025-10-02 16:00:00+00:00,285.1,285.6,284.74,285.26,1148131
2634,2025-10-02 18:00:00+00:00,285.26,285.75,284.36,285.45,1203668
2635,2025-10-02 20:00:00+00:00,285.45,285.68,284.96,285.22,245402
2636,2025-10-03 02:00:00+00:00,285.75,285.75,285.75,285.75,1251
2637,2025-10-03 04:00:00+00:00,285.7,286.15,285.23,285.98,456953
2638,2025-10-03 06:00:00+00:00,285.98,287.32,285.76,286.83,2600947
2639,2025-10-03 08:00:00+00:00,286.82,287.12,284.0,284.03,3358001
2640,2025-10-03 10:00:00+00:00,284.03,284.56,283.15,283.6,2986168
2641,2025-10-03 12:00:00+00:00,283.6,284.71,283.59,284.19,2093096
2642,2025-10-03 14:00:00+00:00,284.19,284.48,283.59,283.7,1829030
2643,2025-10-03 16:00:00+00:00,283.99,284.06,282.58,283.19,2245630
2644,2025-10-03 18:00:00+00:00,283.19,283.5,282.72,283.14,1220697
2645,2025-10-03 20:00:00+00:00,283.14,283.15,282.79,282.91,306802
2646,2025-10-04 06:00:00+00:00,283.0,283.0,281.27,281.45,970839
2647,2025-10-04 08:00:00+00:00,281.45,281.7,280.35,280.47,1408716
2648,2025-10-04 10:00:00+00:00,280.46,280.6,279.39,280.35,2119818
2649,2025-10-04 12:00:00+00:00,280.34,280.6,279.9,280.44,604264
2650,2025-10-04 14:00:00+00:00,280.44,280.56,279.6,280.4,529055
2651,2025-10-05 06:00:00+00:00,280.4,280.64,279.14,279.7,538926
2652,2025-10-05 08:00:00+00:00,279.65,280.37,279.4,280.23,371902
2653,2025-10-05 10:00:00+00:00,280.22,281.29,280.02,280.9,519711
2654,2025-10-05 12:00:00+00:00,280.89,281.39,280.49,281.3,302369
2655,2025-10-05 14:00:00+00:00,281.3,282.13,281.08,281.99,717463
2656,2025-10-06 02:00:00+00:00,282.39,282.39,282.39,282.39,5431
2657,2025-10-06 04:00:00+00:00,282.4,283.4,282.34,282.83,1315313
2658,2025-10-06 06:00:00+00:00,282.83,285.46,281.82,284.81,6646436
2659,2025-10-06 08:00:00+00:00,284.81,286.47,284.4,286.46,4122220
2660,2025-10-06 10:00:00+00:00,286.46,286.85,284.62,284.63,4641469
2661,2025-10-06 12:00:00+00:00,284.62,287.91,283.31,287.84,7017847
2662,2025-10-06 14:00:00+00:00,287.83,290.44,287.65,290.0,7714840
2663,2025-10-06 16:00:00+00:00,289.98,290.95,289.57,289.98,3040676
2664,2025-10-06 18:00:00+00:00,289.92,290.91,289.55,290.7,1131031
2665,2025-10-06 20:00:00+00:00,290.75,291.17,290.0,290.56,845600
2666,2025-10-07 02:00:00+00:00,290.0,290.0,290.0,290.0,10016
2667,2025-10-07 04:00:00+00:00,290.0,291.49,289.15,291.35,1827396
2668,2025-10-07 06:00:00+00:00,291.36,293.9,288.75,293.54,7839072
2669,2025-10-07 08:00:00+00:00,293.54,295.87,293.44,294.86,12747699
2670,2025-10-07 10:00:00+00:00,294.86,295.16,293.81,293.97,4074259
2671,2025-10-07 12:00:00+00:00,293.97,294.37,293.03,293.7,3768257
2672,2025-10-07 12:00:00+00:00,293.97,294.37,293.03,293.7,3768257
2673,2025-10-07 14:00:00+00:00,293.7,294.22,292.6,293.67,3491864
2674,2025-10-07 16:00:00+00:00,293.67,293.86,292.0,293.03,2249535
2675,2025-10-07 18:00:00+00:00,293.02,293.74,292.23,293.67,1509579
2676,2025-10-07 20:00:00+00:00,293.68,294.03,293.6,293.89,376306
2677,2025-10-08 02:00:00+00:00,293.93,293.93,293.93,293.93,4794
2678,2025-10-08 04:00:00+00:00,293.95,294.83,293.7,294.2,1140385
2679,2025-10-08 06:00:00+00:00,294.19,295.0,291.22,291.61,5103984
2680,2025-10-08 08:00:00+00:00,291.61,291.78,288.11,288.57,10253935
2681,2025-10-08 10:00:00+00:00,288.55,288.9,285.4,286.03,16273965
2682,2025-10-08 12:00:00+00:00,285.99,287.0,283.93,284.13,9173079
2683,2025-10-08 14:00:00+00:00,284.13,284.8,278.0,280.22,15515349
2684,2025-10-08 16:00:00+00:00,280.31,282.56,278.8,281.57,11296720
2685,2025-10-08 18:00:00+00:00,281.57,283.06,281.43,281.98,5074902
2686,2025-10-08 20:00:00+00:00,281.98,282.3,281.21,281.9,1385456
2687,2025-10-09 02:00:00+00:00,282.8,282.8,282.8,282.8,40434
2688,2025-10-09 04:00:00+00:00,282.7,283.49,281.0,282.41,2871427
2689,2025-10-09 06:00:00+00:00,282.43,286.0,280.53,284.3,15335267
2690,2025-10-09 08:00:00+00:00,284.3,289.52,278.75,287.3,30526942
2691,2025-10-09 10:00:00+00:00,287.3,289.2,285.0,287.46,9467893
2692,2025-10-09 12:00:00+00:00,287.46,290.4,286.69,289.0,7132738
