,datetime,open,high,low,close,volume
0,2024-10-08 12:00:00+00:00,333.8,336.6,333.4,335.6,149172
1,2024-10-08 14:00:00+00:00,335.4,337.0,334.4,336.0,156683
2,2024-10-08 16:00:00+00:00,336.0,337.0,335.0,336.8,44037
3,2024-10-08 18:00:00+00:00,336.8,336.8,334.8,336.0,55465
4,2024-10-08 20:00:00+00:00,335.8,336.2,334.8,335.2,20345
5,2024-10-09 06:00:00+00:00,335.0,337.4,333.4,334.4,192374
6,2024-10-09 08:00:00+00:00,334.2,343.8,334.0,340.8,1287439
7,2024-10-09 10:00:00+00:00,340.6,340.8,337.0,339.6,546943
8,2024-10-09 12:00:00+00:00,339.4,340.0,336.4,337.8,301262
9,2024-10-09 14:00:00+00:00,337.4,338.4,335.0,337.0,331519
10,2024-10-09 16:00:00+00:00,337.4,339.8,337.0,338.6,177533
11,2024-10-09 18:00:00+00:00,338.6,340.8,338.6,340.4,140957
12,2024-10-09 20:00:00+00:00,340.4,341.0,339.4,339.6,83156
13,2024-10-10 06:00:00+00:00,340.8,346.4,340.6,344.2,568358
14,2024-10-10 08:00:00+00:00,344.4,345.0,341.6,343.0,415131
15,2024-10-10 10:00:00+00:00,343.2,343.2,338.0,339.4,357191
16,2024-10-10 12:00:00+00:00,339.4,340.8,338.0,339.6,180235
17,2024-10-10 14:00:00+00:00,339.8,340.2,337.6,338.6,173883
18,2024-10-10 16:00:00+00:00,338.6,340.8,338.2,340.6,43660
19,2024-10-10 18:00:00+00:00,340.6,341.0,339.2,339.4,33679
20,2024-10-10 20:00:00+00:00,339.6,340.0,339.4,339.4,12093
21,2024-10-11 06:00:00+00:00,339.4,340.4,336.6,337.2,160449
22,2024-10-11 08:00:00+00:00,337.0,338.0,334.6,336.2,274779
23,2024-10-11 10:00:00+00:00,336.2,336.8,335.4,336.4,82668
24,2024-10-11 12:00:00+00:00,336.6,339.6,335.8,337.6,209928
25,2024-10-11 14:00:00+00:00,337.6,341.2,336.8,340.0,188583
26,2024-10-11 16:00:00+00:00,340.0,342.6,339.6,341.2,148648
27,2024-10-11 18:00:00+00:00,341.2,341.4,339.6,340.0,60529
28,2024-10-11 20:00:00+00:00,340.0,340.2,339.0,339.4,43266
29,2024-10-14 06:00:00+00:00,339.2,339.4,334.8,337.0,278128
30,2024-10-14 08:00:00+00:00,336.8,340.0,335.4,339.4,243253
31,2024-10-14 10:00:00+00:00,339.0,346.0,339.0,344.4,580714
32,2024-10-14 12:00:00+00:00,344.2,350.0,342.4,349.0,497073
33,2024-10-14 14:00:00+00:00,349.0,349.0,344.2,344.2,403807
34,2024-10-14 16:00:00+00:00,344.8,347.4,343.8,347.2,177518
35,2024-10-14 18:00:00+00:00,347.2,347.4,345.8,346.2,38672
36,2024-10-14 20:00:00+00:00,346.2,346.4,345.6,345.8,18990
37,2024-10-15 06:00:00+00:00,346.0,346.8,344.2,345.8,134011
38,2024-10-15 08:00:00+00:00,345.8,350.0,345.4,348.0,331333
39,2024-10-15 10:00:00+00:00,348.0,353.6,346.6,352.2,355962
40,2024-10-15 12:00:00+00:00,352.4,357.0,351.8,352.6,582210
41,2024-10-15 12:00:00+00:00,352.4,357.0,351.8,352.6,582210
42,2024-10-15 14:00:00+00:00,352.8,355.6,352.6,354.6,157686
43,2024-10-15 16:00:00+00:00,354.6,354.8,353.0,354.4,52232
44,2024-10-15 18:00:00+00:00,354.4,355.0,353.6,354.4,42202
45,2024-10-15 20:00:00+00:00,354.4,355.6,354.0,354.2,71396
46,2024-10-16 06:00:00+00:00,356.2,360.2,355.4,357.8,607929
47,2024-10-16 08:00:00+00:00,358.0,359.6,350.6,352.2,569910
48,2024-10-16 10:00:00+00:00,352.0,354.2,351.4,352.6,160414
49,2024-10-16 12:00:00+00:00,352.6,353.0,348.8,349.2,234578
50,2024-10-16 14:00:00+00:00,349.2,350.8,345.8,347.4,335791
51,2024-10-16 16:00:00+00:00,348.2,351.8,347.6,350.8,125440
52,2024-10-16 18:00:00+00:00,350.6,350.8,348.4,350.0,58454
53,2024-10-16 20:00:00+00:00,350.2,350.2,349.0,349.2,24514
54,2024-10-17 06:00:00+00:00,348.6,349.0,345.0,346.2,200595
55,2024-10-17 08:00:00+00:00,346.0,347.6,342.2,345.2,345410
56,2024-10-17 10:00:00+00:00,345.2,346.6,343.8,346.0,155989
57,2024-10-17 12:00:00+00:00,346.2,347.0,341.2,343.0,291648
58,2024-10-17 14:00:00+00:00,342.8,344.4,341.4,341.8,184490
59,2024-10-17 16:00:00+00:00,341.6,343.2,341.4,342.0,73181
60,2024-10-17 18:00:00+00:00,342.0,342.4,341.0,341.0,32286
61,2024-10-17 20:00:00+00:00,341.4,342.0,340.0,340.0,52243
62,2024-10-18 06:00:00+00:00,339.2,341.0,338.8,340.6,174785
63,2024-10-18 08:00:00+00:00,340.8,343.8,340.6,342.0,149330
64,2024-10-18 10:00:00+00:00,342.0,342.4,339.4,341.2,103841
65,2024-10-18 12:00:00+00:00,341.2,343.0,340.6,340.8,69652
66,2024-10-18 14:00:00+00:00,340.8,344.8,340.0,344.8,178082
67,2024-10-18 16:00:00+00:00,344.4,344.4,342.2,342.8,45890
68,2024-10-18 18:00:00+00:00,342.6,344.0,342.4,343.2,27904
69,2024-10-18 20:00:00+00:00,343.2,343.4,342.6,343.4,19707
70,2024-10-21 06:00:00+00:00,344.2,347.4,344.2,347.4,126403
71,2024-10-21 08:00:00+00:00,347.4,349.0,346.6,346.8,169624
72,2024-10-21 10:00:00+00:00,347.0,347.6,343.2,343.6,117051
73,2024-10-21 12:00:00+00:00,343.6,345.6,343.0,345.4,117998
74,2024-10-21 14:00:00+00:00,345.4,345.6,341.8,342.0,96098
75,2024-10-21 16:00:00+00:00,342.0,343.0,341.8,342.6,26728
76,2024-10-21 18:00:00+00:00,342.8,342.8,342.0,342.0,13398
77,2024-10-21 20:00:00+00:00,342.0,342.4,342.0,342.2,12043
78,2024-10-22 06:00:00+00:00,341.8,342.8,338.2,340.2,150755
79,2024-10-22 08:00:00+00:00,340.0,341.6,336.4,340.2,257071
80,2024-10-22 10:00:00+00:00,340.2,340.4,337.4,339.2,89139
81,2024-10-22 12:00:00+00:00,339.2,340.6,338.8,339.0,54310
82,2024-10-22 12:00:00+00:00,339.2,340.6,338.8,339.0,54310
83,2024-10-22 14:00:00+00:00,339.0,339.0,337.6,337.6,41994
84,2024-10-22 16:00:00+00:00,338.0,338.4,337.6,338.4,31793
85,2024-10-22 18:00:00+00:00,338.4,339.2,337.8,338.6,19968
86,2024-10-22 20:00:00+00:00,338.4,338.4,337.6,337.6,11866
87,2024-10-23 06:00:00+00:00,337.6,338.8,333.4,334.8,213667
88,2024-10-23 08:00:00+00:00,334.4,337.6,334.0,336.0,171396
89,2024-10-23 10:00:00+00:00,336.0,336.4,333.0,333.6,235666
90,2024-10-23 12:00:00+00:00,333.4,337.8,333.0,336.2,150766
91,2024-10-23 14:00:00+00:00,336.0,336.2,334.2,334.4,42373
92,2024-10-23 16:00:00+00:00,333.8,334.0,329.0,329.8,403537
93,2024-10-23 18:00:00+00:00,330.0,330.8,324.2,328.2,372008
94,2024-10-23 20:00:00+00:00,328.2,329.2,327.2,328.2,65140
95,2024-10-24 06:00:00+00:00,326.4,328.6,323.2,324.6,314713
96,2024-10-24 08:00:00+00:00,324.2,327.8,324.2,326.4,269595
97,2024-10-24 10:00:00+00:00,326.4,329.8,325.0,328.6,160203
98,2024-10-24 12:00:00+00:00,328.6,330.4,326.4,330.4,124640
99,2024-10-24 14:00:00+00:00,330.4,332.6,328.0,328.0,239379
100,2024-10-24 16:00:00+00:00,328.4,329.2,327.6,328.6,76796
101,2024-10-24 18:00:00+00:00,328.6,329.0,328.4,329.0,12557
102,2024-10-24 20:00:00+00:00,328.8,329.8,328.8,329.8,29111
103,2024-10-25 06:00:00+00:00,329.8,335.0,329.2,330.2,248085
104,2024-10-25 08:00:00+00:00,330.2,331.8,328.6,328.8,145781
105,2024-10-25 10:00:00+00:00,329.0,332.0,323.0,324.0,855619
106,2024-10-25 12:00:00+00:00,324.0,325.8,306.8,308.8,1695717
107,2024-10-25 14:00:00+00:00,308.8,311.8,306.0,309.8,1296518
108,2024-10-25 16:00:00+00:00,309.8,311.4,307.6,310.0,542655
109,2024-10-25 18:00:00+00:00,309.8,310.8,309.2,309.6,226381
110,2024-10-25 20:00:00+00:00,309.4,309.6,307.4,307.6,133315
111,2024-10-28 06:00:00+00:00,301.0,303.0,295.2,299.0,1204815
112,2024-10-28 08:00:00+00:00,299.0,307.2,297.2,301.4,1062037
113,2024-10-28 10:00:00+00:00,301.2,301.8,298.2,299.6,395255
114,2024-10-28 12:00:00+00:00,299.4,304.4,299.0,299.0,607040
115,2024-10-28 14:00:00+00:00,299.0,303.0,299.0,299.6,411364
116,2024-10-28 16:00:00+00:00,300.0,301.8,298.2,301.8,379673
117,2024-10-28 18:00:00+00:00,301.8,302.6,300.4,301.4,131044
118,2024-10-28 20:00:00+00:00,301.4,302.4,301.2,302.0,28417
119,2024-10-29 06:00:00+00:00,304.0,306.0,302.2,303.6,267613
120,2024-10-29 08:00:00+00:00,303.6,304.2,293.4,297.6,961151
121,2024-10-29 10:00:00+00:00,297.6,299.8,294.8,299.2,343746
122,2024-10-29 12:00:00+00:00,299.2,303.0,298.8,300.4,356362
123,2024-10-29 12:00:00+00:00,299.2,303.0,298.8,300.4,356362
124,2024-10-29 14:00:00+00:00,300.6,303.4,298.2,301.0,273579
125,2024-10-29 16:00:00+00:00,301.4,304.6,301.0,304.4,113258
126,2024-10-29 18:00:00+00:00,304.4,309.0,303.6,307.0,308688
127,2024-10-29 20:00:00+00:00,307.4,308.2,305.6,307.0,74358
128,2024-10-30 06:00:00+00:00,307.4,310.4,304.2,307.2,448516
129,2024-10-30 08:00:00+00:00,307.0,308.4,305.2,307.4,206635
130,2024-10-30 10:00:00+00:00,307.4,307.4,302.2,302.4,213067
131,2024-10-30 12:00:00+00:00,302.2,303.6,301.0,301.2,132135
132,2024-10-30 14:00:00+00:00,301.2,305.6,301.0,303.6,137391
133,2024-10-30 16:00:00+00:00,302.8,303.0,297.8,298.2,240758
134,2024-10-30 18:00:00+00:00,298.2,300.4,298.0,299.0,129668
135,2024-10-30 20:00:00+00:00,298.8,298.8,295.8,296.6,102864
136,2024-10-31 06:00:00+00:00,296.0,299.8,293.6,295.0,486748
137,2024-10-31 08:00:00+00:00,295.0,296.0,288.8,291.2,713128
138,2024-10-31 10:00:00+00:00,291.2,295.6,289.2,295.0,413651
139,2024-10-31 12:00:00+00:00,295.0,295.2,290.6,291.0,166668
140,2024-10-31 14:00:00+00:00,291.0,291.6,286.4,288.2,329172
141,2024-10-31 16:00:00+00:00,288.2,288.4,284.6,286.0,261411
142,2024-10-31 18:00:00+00:00,286.2,288.4,284.8,288.0,161209
143,2024-10-31 20:00:00+00:00,288.0,288.8,287.2,288.0,36246
144,2024-11-01 06:00:00+00:00,288.0,289.8,284.2,286.0,306654
145,2024-11-01 08:00:00+00:00,286.0,286.6,282.6,283.6,334346
146,2024-11-01 10:00:00+00:00,283.4,286.8,283.4,285.6,294185
147,2024-11-01 12:00:00+00:00,285.6,289.6,283.2,287.8,316419
148,2024-11-01 14:00:00+00:00,287.6,294.6,286.8,291.4,527429
149,2024-11-01 16:00:00+00:00,291.4,293.4,290.4,292.2,197090
150,2024-11-01 18:00:00+00:00,292.2,292.2,290.0,290.8,50739
151,2024-11-01 20:00:00+00:00,290.8,292.0,290.6,292.0,24021
152,2024-11-02 06:00:00+00:00,293.8,293.8,290.2,291.4,74024
153,2024-11-02 08:00:00+00:00,291.2,292.8,288.4,289.0,150089
154,2024-11-02 10:00:00+00:00,289.0,290.4,288.2,289.0,182049
155,2024-11-02 12:00:00+00:00,289.0,289.8,286.6,288.0,199027
156,2024-11-02 14:00:00+00:00,288.0,289.2,287.2,287.4,105946
157,2024-11-02 16:00:00+00:00,287.8,288.6,287.4,288.2,24947
158,2024-11-02 18:00:00+00:00,288.2,290.0,288.2,289.8,50881
159,2024-11-02 20:00:00+00:00,289.8,289.8,288.6,288.8,20637
160,2024-11-05 06:00:00+00:00,290.0,292.6,288.8,290.4,252350
161,2024-11-05 08:00:00+00:00,290.4,291.8,289.2,290.6,201695
162,2024-11-05 10:00:00+00:00,290.8,295.2,290.6,293.2,256193
163,2024-11-05 12:00:00+00:00,293.0,296.0,293.0,294.0,155444
164,2024-11-05 12:00:00+00:00,293.0,296.0,293.0,294.0,155444
165,2024-11-05 14:00:00+00:00,293.8,293.8,291.6,292.0,237824
166,2024-11-05 16:00:00+00:00,292.2,294.4,291.6,293.2,106887
167,2024-11-05 18:00:00+00:00,293.6,294.0,293.2,293.8,26680
168,2024-11-05 20:00:00+00:00,293.8,294.2,293.4,293.4,41110
169,2024-11-06 06:00:00+00:00,299.4,304.8,299.2,303.0,658269
170,2024-11-06 08:00:00+00:00,303.0,304.8,299.4,300.2,473084
171,2024-11-06 10:00:00+00:00,300.2,300.6,297.8,299.8,309567
172,2024-11-06 12:00:00+00:00,299.8,299.8,294.2,296.8,479719
173,2024-11-06 14:00:00+00:00,296.8,297.6,295.0,295.8,206733
174,2024-11-06 16:00:00+00:00,295.6,295.8,294.2,295.8,78152
175,2024-11-06 18:00:00+00:00,295.8,295.8,295.0,295.4,43902
176,2024-11-06 20:00:00+00:00,295.2,295.4,294.6,295.2,13489
177,2024-11-07 08:00:00+00:00,296.8,296.8,291.2,292.4,320798
178,2024-11-07 10:00:00+00:00,292.4,294.2,289.4,292.4,394916
179,2024-11-07 12:00:00+00:00,292.4,294.0,291.8,293.4,167587
180,2024-11-07 14:00:00+00:00,293.4,298.2,293.4,297.4,414120
181,2024-11-07 16:00:00+00:00,297.6,301.8,297.6,297.8,222924
182,2024-11-07 18:00:00+00:00,297.8,303.6,297.4,301.2,303844
183,2024-11-07 20:00:00+00:00,301.4,305.6,300.6,304.8,154270
184,2024-11-08 06:00:00+00:00,306.0,306.2,301.8,305.2,386931
185,2024-11-08 08:00:00+00:00,305.4,310.8,304.4,306.4,675060
186,2024-11-08 10:00:00+00:00,306.4,306.6,303.6,305.2,267169
187,2024-11-08 12:00:00+00:00,305.2,305.8,302.6,305.8,227305
188,2024-11-08 14:00:00+00:00,305.8,310.6,305.0,308.4,335351
189,2024-11-08 16:00:00+00:00,309.4,323.0,309.4,320.2,1402085
190,2024-11-08 18:00:00+00:00,320.2,321.8,318.6,321.2,231982
191,2024-11-08 20:00:00+00:00,321.4,323.0,320.0,320.6,157509
192,2024-11-11 06:00:00+00:00,325.0,325.0,318.4,318.8,776524
193,2024-11-11 08:00:00+00:00,318.4,322.6,318.0,320.6,535298
194,2024-11-11 10:00:00+00:00,320.6,322.6,318.8,319.0,245368
195,2024-11-11 12:00:00+00:00,319.0,325.8,318.2,324.8,659406
196,2024-11-11 14:00:00+00:00,324.8,325.2,321.6,323.8,449449
197,2024-11-11 16:00:00+00:00,324.2,325.0,322.6,322.8,157473
198,2024-11-11 18:00:00+00:00,322.8,323.6,320.4,323.2,219942
199,2024-11-11 20:00:00+00:00,323.2,323.2,322.4,322.8,36086
200,2024-11-12 06:00:00+00:00,321.4,322.2,313.0,316.6,808868
201,2024-11-12 08:00:00+00:00,316.6,319.0,316.2,318.0,369000
202,2024-11-12 10:00:00+00:00,317.8,319.2,316.2,317.0,102384
203,2024-11-12 12:00:00+00:00,317.0,317.2,315.6,316.0,79454
204,2024-11-12 12:00:00+00:00,317.0,317.2,315.6,316.0,79454
205,2024-11-12 14:00:00+00:00,316.2,317.0,314.2,315.4,111551
206,2024-11-12 16:00:00+00:00,315.4,315.4,313.4,314.2,62981
207,2024-11-12 18:00:00+00:00,314.4,314.4,312.0,312.4,86644
208,2024-11-12 20:00:00+00:00,312.4,312.8,312.4,312.4,34627
209,2024-11-13 06:00:00+00:00,312.2,313.8,310.4,313.0,181643
210,2024-11-13 08:00:00+00:00,313.0,318.2,312.8,316.2,275125
211,2024-11-13 10:00:00+00:00,316.2,318.0,315.2,316.0,87153
212,2024-11-13 12:00:00+00:00,316.0,322.2,316.0,319.6,391363
213,2024-11-13 14:00:00+00:00,319.6,321.8,319.0,321.6,195228
214,2024-11-13 16:00:00+00:00,319.8,321.2,312.8,315.6,638651
215,2024-11-13 18:00:00+00:00,315.8,315.8,314.6,315.2,50299
216,2024-11-13 20:00:00+00:00,315.4,315.4,312.0,312.2,109837
217,2024-11-14 06:00:00+00:00,312.0,315.4,312.0,314.6,250285
218,2024-11-14 08:00:00+00:00,314.6,315.4,311.0,312.6,252323
219,2024-11-14 10:00:00+00:00,312.4,314.2,310.4,311.4,197521
220,2024-11-14 12:00:00+00:00,311.2,313.0,310.2,312.4,101929
221,2024-11-14 14:00:00+00:00,312.4,312.6,305.8,306.2,433261
222,2024-11-14 16:00:00+00:00,306.2,308.6,305.4,308.2,178662
223,2024-11-14 18:00:00+00:00,308.2,311.0,308.0,309.8,125353
224,2024-11-14 20:00:00+00:00,309.8,310.8,308.8,310.2,31885
225,2024-11-15 06:00:00+00:00,309.4,311.0,307.2,308.8,158181
226,2024-11-15 08:00:00+00:00,308.8,309.6,305.8,308.2,291377
227,2024-11-15 10:00:00+00:00,308.4,311.8,308.2,310.4,160320
228,2024-11-15 12:00:00+00:00,310.2,312.8,308.6,311.8,405699
229,2024-11-15 14:00:00+00:00,312.0,313.2,310.8,312.8,135303
230,2024-11-15 16:00:00+00:00,313.0,317.0,312.8,315.0,169573
231,2024-11-15 18:00:00+00:00,314.8,315.0,312.8,314.6,94112
232,2024-11-15 20:00:00+00:00,314.8,316.6,314.6,316.4,41905
233,2024-11-18 06:00:00+00:00,307.8,312.8,306.2,311.4,476690
234,2024-11-18 08:00:00+00:00,311.2,314.8,309.6,310.0,429764
235,2024-11-18 10:00:00+00:00,310.0,310.2,306.6,308.4,238271
236,2024-11-18 12:00:00+00:00,308.4,313.0,307.6,312.0,264031
237,2024-11-18 14:00:00+00:00,312.0,313.2,308.8,309.0,241786
238,2024-11-18 16:00:00+00:00,309.0,310.8,307.0,310.4,113905
239,2024-11-18 18:00:00+00:00,310.2,310.4,307.0,307.2,165354
240,2024-11-18 20:00:00+00:00,307.4,307.4,304.6,305.6,133119
241,2024-11-19 06:00:00+00:00,305.0,307.0,303.0,303.2,247556
242,2024-11-19 08:00:00+00:00,303.4,303.4,299.0,302.8,516606
243,2024-11-19 10:00:00+00:00,302.8,302.8,298.0,298.8,233385
244,2024-11-19 12:00:00+00:00,298.8,299.8,292.0,292.2,441822
245,2024-11-19 12:00:00+00:00,298.8,299.8,292.0,292.2,441822
246,2024-11-19 14:00:00+00:00,292.2,297.0,291.0,294.0,647372
247,2024-11-19 16:00:00+00:00,295.4,298.4,294.0,297.2,171301
248,2024-11-19 18:00:00+00:00,297.4,297.4,295.0,297.0,74636
249,2024-11-19 20:00:00+00:00,297.0,298.6,295.2,296.8,53197
250,2024-11-20 06:00:00+00:00,297.2,297.6,290.4,290.6,667446
251,2024-11-20 08:00:00+00:00,290.6,295.2,290.6,292.0,336312
252,2024-11-20 10:00:00+00:00,292.4,294.8,290.0,292.4,435116
253,2024-11-20 12:00:00+00:00,292.4,293.2,287.6,288.6,469597
254,2024-11-20 14:00:00+00:00,288.6,289.0,285.2,287.6,718216
255,2024-11-20 16:00:00+00:00,285.0,285.8,281.2,283.8,677130
256,2024-11-20 18:00:00+00:00,283.4,285.8,283.2,284.6,150384
257,2024-11-20 20:00:00+00:00,284.8,286.0,284.4,284.8,50169
258,2024-11-21 06:00:00+00:00,285.4,287.6,282.2,283.8,862331
259,2024-11-21 08:00:00+00:00,283.8,284.0,275.2,277.6,1033626
260,2024-11-21 10:00:00+00:00,277.8,281.8,275.0,278.2,426389
261,2024-11-21 12:00:00+00:00,278.0,278.8,272.6,275.4,737149
262,2024-11-21 14:00:00+00:00,275.2,275.8,268.4,272.8,886762
263,2024-11-21 16:00:00+00:00,273.0,276.4,272.0,276.0,366888
264,2024-11-21 18:00:00+00:00,276.0,282.2,275.4,281.8,457583
265,2024-11-21 20:00:00+00:00,281.8,283.2,278.0,280.4,172497
266,2024-11-22 06:00:00+00:00,281.0,281.6,276.4,279.0,249470
267,2024-11-22 08:00:00+00:00,279.0,279.4,273.4,276.8,300867
268,2024-11-22 10:00:00+00:00,276.8,278.0,275.0,276.0,193048
269,2024-11-22 12:00:00+00:00,275.8,278.0,275.0,276.6,189286
270,2024-11-22 14:00:00+00:00,276.6,278.4,270.8,270.8,370800
271,2024-11-22 16:00:00+00:00,271.8,275.0,271.6,274.0,314948
272,2024-11-22 18:00:00+00:00,274.0,274.2,272.0,272.2,101169
273,2024-11-22 20:00:00+00:00,272.4,272.6,271.6,272.0,55812
274,2024-11-25 06:00:00+00:00,271.4,271.8,264.6,265.0,483747
275,2024-11-25 08:00:00+00:00,265.0,270.2,263.6,268.8,538238
276,2024-11-25 10:00:00+00:00,268.8,268.8,262.6,266.2,374484
277,2024-11-25 12:00:00+00:00,266.2,266.4,263.0,264.0,152675
278,2024-11-25 14:00:00+00:00,263.8,267.4,263.0,265.6,434205
279,2024-11-25 16:00:00+00:00,265.4,265.6,260.8,262.4,266350
280,2024-11-25 18:00:00+00:00,262.0,264.4,259.4,264.0,313096
281,2024-11-25 20:00:00+00:00,264.2,265.0,262.0,263.0,108471
282,2024-11-26 06:00:00+00:00,263.0,266.6,261.6,264.0,306576
283,2024-11-26 08:00:00+00:00,264.0,268.0,262.0,264.4,393044
284,2024-11-26 10:00:00+00:00,264.4,267.4,259.6,260.0,292570
285,2024-11-26 12:00:00+00:00,260.2,261.6,242.8,251.6,2204216
286,2024-11-26 12:00:00+00:00,260.2,261.6,242.8,251.6,2204216
287,2024-11-26 14:00:00+00:00,251.6,252.2,243.2,246.0,842392
288,2024-11-26 16:00:00+00:00,246.2,248.0,243.0,245.6,534485
289,2024-11-26 18:00:00+00:00,245.8,246.0,240.2,243.2,595152
290,2024-11-26 20:00:00+00:00,243.2,246.0,242.8,243.6,194472
291,2024-11-27 06:00:00+00:00,244.0,245.0,221.0,225.0,2228759
292,2024-11-27 08:00:00+00:00,225.2,257.2,225.2,253.6,5572199
293,2024-11-27 10:00:00+00:00,253.6,256.2,248.6,253.0,2482251
294,2024-11-27 12:00:00+00:00,253.0,255.0,242.4,247.8,1711965
295,2024-11-27 14:00:00+00:00,247.6,251.2,243.6,248.0,806275
296,2024-11-27 16:00:00+00:00,248.2,265.0,246.8,257.2,1957430
297,2024-11-27 18:00:00+00:00,257.4,259.4,255.8,259.2,400017
298,2024-11-27 20:00:00+00:00,259.0,261.8,258.2,261.6,332797
299,2024-11-28 06:00:00+00:00,262.4,263.4,256.2,261.2,833129
300,2024-11-28 08:00:00+00:00,261.0,267.2,257.4,259.2,1070094
301,2024-11-28 10:00:00+00:00,259.4,260.0,251.4,253.2,1269138
302,2024-11-28 12:00:00+00:00,253.2,257.6,251.0,257.0,683871
303,2024-11-28 14:00:00+00:00,256.6,269.4,254.4,269.2,1122588
304,2024-11-28 16:00:00+00:00,268.6,274.0,265.8,271.4,1360900
305,2024-11-28 18:00:00+00:00,271.6,273.0,268.2,269.2,344184
306,2024-11-28 20:00:00+00:00,269.0,269.2,267.6,269.0,116577
307,2024-11-29 06:00:00+00:00,268.4,269.4,264.2,267.4,584298
308,2024-11-29 08:00:00+00:00,267.6,278.4,267.4,273.8,1405986
309,2024-11-29 10:00:00+00:00,274.0,276.4,271.6,273.6,404940
310,2024-11-29 12:00:00+00:00,273.8,276.2,270.4,272.4,376263
311,2024-11-29 14:00:00+00:00,272.4,276.0,272.4,274.0,194735
312,2024-11-29 16:00:00+00:00,274.0,274.2,272.4,273.8,104962
313,2024-11-29 18:00:00+00:00,274.0,276.2,273.6,276.0,165911
314,2024-11-29 20:00:00+00:00,276.2,277.0,275.0,275.2,59403
315,2024-12-02 06:00:00+00:00,277.0,281.0,275.6,278.4,851295
316,2024-12-02 08:00:00+00:00,278.4,279.0,275.2,277.2,775347
317,2024-12-02 10:00:00+00:00,277.2,279.2,273.4,277.8,473807
318,2024-12-02 12:00:00+00:00,277.8,278.4,274.4,275.2,343588
319,2024-12-02 14:00:00+00:00,275.2,278.0,274.0,277.2,325766
320,2024-12-02 16:00:00+00:00,277.2,277.8,275.8,276.2,114261
321,2024-12-02 18:00:00+00:00,276.0,277.4,274.8,276.6,87883
322,2024-12-02 20:00:00+00:00,276.8,277.4,276.6,277.0,30985
323,2024-12-03 06:00:00+00:00,277.2,282.6,269.2,270.2,1123218
324,2024-12-03 08:00:00+00:00,270.4,270.4,264.2,266.8,898716
325,2024-12-03 10:00:00+00:00,266.8,269.0,265.6,267.0,424584
326,2024-12-03 12:00:00+00:00,267.0,267.0,260.0,262.0,924475
327,2024-12-03 12:00:00+00:00,267.0,267.0,260.0,262.0,924475
328,2024-12-03 14:00:00+00:00,262.0,263.8,259.8,262.8,503840
329,2024-12-03 16:00:00+00:00,262.2,262.8,256.6,257.2,797074
330,2024-12-03 18:00:00+00:00,257.2,258.4,254.6,257.0,685925
331,2024-12-03 20:00:00+00:00,257.2,259.0,257.0,258.2,114259
332,2024-12-04 06:00:00+00:00,256.6,259.6,252.6,254.4,1203723
333,2024-12-04 08:00:00+00:00,254.2,260.6,254.0,257.4,1228422
334,2024-12-04 10:00:00+00:00,257.2,264.0,257.2,262.4,739376
335,2024-12-04 12:00:00+00:00,262.4,263.0,254.0,254.4,805272
336,2024-12-04 14:00:00+00:00,254.2,256.8,247.4,250.4,1660955
337,2024-12-04 16:00:00+00:00,247.2,250.6,244.0,247.0,1559820
338,2024-12-04 18:00:00+00:00,247.0,249.0,246.2,248.2,275081
339,2024-12-04 20:00:00+00:00,248.0,249.2,247.2,248.2,79118
340,2024-12-05 06:00:00+00:00,247.0,257.2,246.0,252.4,1269171
341,2024-12-05 08:00:00+00:00,252.4,256.4,246.2,247.8,1278868
342,2024-12-05 10:00:00+00:00,247.8,251.6,244.0,244.4,881767
343,2024-12-05 12:00:00+00:00,244.4,252.6,243.2,248.8,1265658
344,2024-12-05 14:00:00+00:00,248.8,261.6,248.8,257.4,1995306
345,2024-12-05 16:00:00+00:00,257.8,264.6,257.8,262.2,884169
346,2024-12-05 18:00:00+00:00,262.0,266.0,261.8,263.0,798538
347,2024-12-05 20:00:00+00:00,263.0,265.0,259.4,261.8,366549
348,2024-12-06 06:00:00+00:00,262.0,267.2,258.0,265.8,1381143
349,2024-12-06 08:00:00+00:00,265.8,267.0,259.2,260.0,1110085
350,2024-12-06 10:00:00+00:00,260.2,262.4,257.2,262.0,756040
351,2024-12-06 12:00:00+00:00,262.0,264.0,259.8,262.2,589489
352,2024-12-06 14:00:00+00:00,262.4,262.8,258.6,258.6,615973
353,2024-12-06 16:00:00+00:00,259.0,260.6,258.2,259.6,314510
354,2024-12-06 18:00:00+00:00,259.6,260.6,259.0,260.2,130149
355,2024-12-06 20:00:00+00:00,260.4,260.4,258.8,259.8,65616
356,2024-12-09 06:00:00+00:00,262.4,263.8,260.0,262.0,529504
357,2024-12-09 08:00:00+00:00,262.0,262.2,256.2,257.8,610981
358,2024-12-09 10:00:00+00:00,257.8,269.6,257.4,266.2,2915784
359,2024-12-09 12:00:00+00:00,266.2,269.2,265.0,268.6,1193839
360,2024-12-09 14:00:00+00:00,268.6,268.8,265.2,266.2,644263
361,2024-12-09 16:00:00+00:00,266.4,266.6,264.4,265.6,236324
362,2024-12-09 18:00:00+00:00,265.4,266.2,265.2,266.2,91791
363,2024-12-09 20:00:00+00:00,266.2,266.8,265.4,265.8,97420
364,2024-12-10 06:00:00+00:00,264.0,265.6,260.4,260.8,925867
365,2024-12-10 08:00:00+00:00,261.0,262.8,256.8,258.4,950076
366,2024-12-10 10:00:00+00:00,258.4,261.0,255.4,256.4,654802
367,2024-12-10 12:00:00+00:00,256.4,258.2,254.4,254.8,755847
368,2024-12-10 12:00:00+00:00,256.4,258.2,254.4,254.8,755847
369,2024-12-10 14:00:00+00:00,254.8,256.0,251.2,252.6,789875
370,2024-12-10 16:00:00+00:00,252.8,253.4,252.0,253.0,272970
371,2024-12-10 18:00:00+00:00,252.8,253.4,251.4,251.8,174264
372,2024-12-10 20:00:00+00:00,251.6,252.2,251.0,251.6,186566
373,2024-12-11 06:00:00+00:00,250.0,252.8,247.0,249.2,1037803
374,2024-12-11 08:00:00+00:00,249.2,254.4,248.2,252.2,879018
375,2024-12-11 10:00:00+00:00,252.2,253.2,250.0,253.0,379305
376,2024-12-11 12:00:00+00:00,253.2,254.8,252.6,253.8,465586
377,2024-12-11 14:00:00+00:00,253.8,255.4,248.8,250.0,680965
378,2024-12-11 16:00:00+00:00,248.6,255.0,247.6,253.0,824411
379,2024-12-11 18:00:00+00:00,253.2,254.8,252.6,254.6,181548
380,2024-12-11 20:00:00+00:00,254.4,257.0,254.4,256.2,184031
381,2024-12-12 06:00:00+00:00,255.2,256.8,252.6,254.8,689985
382,2024-12-12 08:00:00+00:00,254.8,255.0,249.0,250.4,1321376
383,2024-12-12 10:00:00+00:00,250.4,251.0,248.4,249.8,523666
384,2024-12-12 12:00:00+00:00,249.8,252.0,248.8,249.4,612074
385,2024-12-12 14:00:00+00:00,249.4,250.0,246.6,247.8,1153670
386,2024-12-12 16:00:00+00:00,247.8,250.4,247.4,249.6,402599
387,2024-12-12 18:00:00+00:00,249.4,249.6,246.8,247.8,347342
388,2024-12-12 20:00:00+00:00,248.0,249.6,247.0,248.2,143414
389,2024-12-13 06:00:00+00:00,246.4,250.0,246.4,248.4,625987
390,2024-12-13 08:00:00+00:00,248.8,249.6,246.4,248.4,580723
391,2024-12-13 10:00:00+00:00,248.6,251.4,248.2,249.8,432430
392,2024-12-13 12:00:00+00:00,249.8,253.0,249.0,249.8,527425
393,2024-12-13 14:00:00+00:00,250.0,251.4,249.2,250.4,195208
394,2024-12-13 16:00:00+00:00,250.6,250.6,249.4,249.8,140053
395,2024-12-13 18:00:00+00:00,249.8,250.8,249.4,250.2,111117
396,2024-12-13 20:00:00+00:00,250.2,250.6,249.8,250.4,79946
397,2024-12-16 06:00:00+00:00,250.2,251.2,247.2,249.2,504870
398,2024-12-16 08:00:00+00:00,249.2,249.2,245.0,245.6,977878
399,2024-12-16 10:00:00+00:00,245.8,246.6,241.4,243.2,765144
400,2024-12-16 12:00:00+00:00,243.2,244.2,241.0,243.2,590064
401,2024-12-16 14:00:00+00:00,243.2,243.8,237.4,238.4,632040
402,2024-12-16 16:00:00+00:00,238.4,241.6,237.4,240.2,578457
403,2024-12-16 18:00:00+00:00,240.2,240.2,238.0,239.6,279979
404,2024-12-16 20:00:00+00:00,239.4,239.8,238.6,239.8,119457
405,2024-12-17 06:00:00+00:00,238.0,242.2,237.4,241.0,847027
406,2024-12-17 08:00:00+00:00,241.0,241.4,235.8,238.8,1153025
407,2024-12-17 10:00:00+00:00,238.6,240.0,236.0,237.2,570038
408,2024-12-17 12:00:00+00:00,237.0,237.4,234.6,235.4,748714
409,2024-12-17 12:00:00+00:00,237.0,237.4,234.6,235.4,748714
410,2024-12-17 14:00:00+00:00,235.4,237.0,235.2,236.0,267373
411,2024-12-17 16:00:00+00:00,235.8,239.0,235.4,238.8,273536
412,2024-12-17 18:00:00+00:00,238.6,239.2,236.6,238.2,313115
413,2024-12-17 20:00:00+00:00,238.4,238.6,237.6,237.8,80071
414,2024-12-18 06:00:00+00:00,239.4,241.0,238.2,238.2,259057
415,2024-12-18 08:00:00+00:00,238.2,238.8,236.6,237.4,242331
416,2024-12-18 10:00:00+00:00,237.4,237.4,235.6,237.0,235202
417,2024-12-18 12:00:00+00:00,236.8,240.8,236.6,238.2,537010
418,2024-12-18 14:00:00+00:00,238.2,245.4,237.8,243.4,827369
419,2024-12-18 16:00:00+00:00,246.2,250.0,244.2,244.6,1294443
420,2024-12-18 18:00:00+00:00,244.6,247.6,244.6,245.4,251738
421,2024-12-18 20:00:00+00:00,245.4,247.6,245.4,247.6,96701
422,2024-12-19 06:00:00+00:00,249.2,249.6,243.4,244.8,723421
423,2024-12-19 08:00:00+00:00,245.0,250.6,244.6,248.0,1297590
424,2024-12-19 10:00:00+00:00,248.2,248.6,244.2,246.4,667387
425,2024-12-19 12:00:00+00:00,246.4,249.2,245.0,246.0,1113338
426,2024-12-19 14:00:00+00:00,246.0,247.6,244.8,245.0,548766
427,2024-12-19 16:00:00+00:00,245.6,248.4,245.6,247.4,245970
428,2024-12-19 18:00:00+00:00,247.4,248.8,247.2,248.8,199500
429,2024-12-19 20:00:00+00:00,249.0,249.0,247.8,248.4,90881
430,2024-12-20 06:00:00+00:00,248.4,249.8,247.0,248.2,254168
431,2024-12-20 08:00:00+00:00,248.2,253.0,247.6,251.4,1021325
432,2024-12-20 10:00:00+00:00,251.4,282.8,250.2,275.8,5527922
433,2024-12-20 12:00:00+00:00,275.6,286.0,272.6,278.8,3031454
434,2024-12-20 14:00:00+00:00,279.0,283.6,278.0,280.0,902468
435,2024-12-20 16:00:00+00:00,279.8,282.6,278.0,281.4,523180
436,2024-12-20 18:00:00+00:00,281.4,286.0,281.2,285.4,429075
437,2024-12-20 20:00:00+00:00,285.6,293.2,285.4,292.8,703446
438,2024-12-23 06:00:00+00:00,301.2,303.8,294.6,301.4,2283884
439,2024-12-23 08:00:00+00:00,301.4,307.2,296.4,296.4,2096555
440,2024-12-23 10:00:00+00:00,296.4,300.8,295.0,297.2,798704
441,2024-12-23 12:00:00+00:00,297.4,298.2,293.8,294.4,965844
442,2024-12-23 14:00:00+00:00,294.0,296.4,290.2,291.4,624062
443,2024-12-23 16:00:00+00:00,291.4,292.6,286.8,288.6,667990
444,2024-12-23 18:00:00+00:00,289.0,290.4,288.2,290.0,271883
445,2024-12-23 20:00:00+00:00,290.2,291.8,289.8,290.2,125528
446,2024-12-24 06:00:00+00:00,289.0,289.4,283.4,285.0,846782
447,2024-12-24 08:00:00+00:00,285.2,290.4,282.2,287.4,970690
448,2024-12-24 10:00:00+00:00,287.2,290.2,286.2,288.4,499038
449,2024-12-24 12:00:00+00:00,288.4,289.0,283.4,284.0,515213
450,2024-12-24 12:00:00+00:00,288.4,289.0,283.4,284.0,515213
451,2024-12-24 14:00:00+00:00,284.2,287.2,283.4,285.6,284799
452,2024-12-24 16:00:00+00:00,285.2,285.8,283.4,285.2,161820
453,2024-12-24 18:00:00+00:00,285.0,285.2,284.2,284.8,56814
454,2024-12-24 20:00:00+00:00,284.6,285.0,284.0,284.2,44670
455,2024-12-25 06:00:00+00:00,282.2,284.8,280.0,280.2,784180
456,2024-12-25 08:00:00+00:00,280.0,289.2,280.0,286.4,984599
457,2024-12-25 10:00:00+00:00,286.4,290.4,285.0,287.6,531577
458,2024-12-25 12:00:00+00:00,287.4,294.4,286.4,292.8,863625
459,2024-12-25 14:00:00+00:00,292.8,293.0,288.6,290.0,473494
460,2024-12-25 16:00:00+00:00,291.4,295.8,290.0,294.0,721125
461,2024-12-25 18:00:00+00:00,293.8,297.6,293.4,297.6,340254
462,2024-12-25 20:00:00+00:00,297.4,298.8,296.0,297.2,214186
463,2024-12-26 06:00:00+00:00,298.0,306.0,297.2,302.6,1594125
464,2024-12-26 08:00:00+00:00,302.6,304.8,294.2,299.2,1234111
465,2024-12-26 10:00:00+00:00,299.2,299.8,290.8,293.6,760238
466,2024-12-26 12:00:00+00:00,293.6,296.4,291.0,292.2,719266
467,2024-12-26 14:00:00+00:00,292.2,294.0,291.0,294.0,359382
468,2024-12-26 16:00:00+00:00,294.0,295.8,291.6,291.8,332731
469,2024-12-26 18:00:00+00:00,291.6,292.6,286.6,287.2,619519
470,2024-12-26 20:00:00+00:00,287.2,288.2,287.2,288.0,121787
471,2024-12-27 06:00:00+00:00,288.6,290.0,286.0,288.8,515517
472,2024-12-27 08:00:00+00:00,288.8,289.0,282.8,285.2,646978
473,2024-12-27 10:00:00+00:00,285.2,286.2,282.4,284.8,550606
474,2024-12-27 12:00:00+00:00,284.8,291.0,284.6,288.2,654162
475,2024-12-27 14:00:00+00:00,288.4,288.4,284.4,285.0,312557
476,2024-12-27 16:00:00+00:00,285.0,289.4,285.0,288.0,273555
477,2024-12-27 18:00:00+00:00,288.0,292.8,287.8,292.4,400189
478,2024-12-27 20:00:00+00:00,292.6,294.8,291.8,293.2,196912
479,2024-12-28 06:00:00+00:00,292.4,294.0,289.2,292.2,477050
480,2024-12-28 08:00:00+00:00,292.0,294.6,291.0,293.0,488126
481,2024-12-28 10:00:00+00:00,292.8,293.0,289.2,290.0,411874
482,2024-12-28 12:00:00+00:00,289.6,291.0,289.0,289.8,299533
483,2024-12-28 14:00:00+00:00,289.8,290.8,289.0,290.0,181630
484,2024-12-28 16:00:00+00:00,290.0,293.8,290.0,293.0,284971
485,2024-12-28 18:00:00+00:00,293.0,294.2,292.4,293.0,247825
486,2024-12-28 20:00:00+00:00,293.2,295.4,293.0,295.2,168579
487,2024-12-30 06:00:00+00:00,297.4,302.6,296.4,300.8,994583
488,2024-12-30 08:00:00+00:00,300.8,308.6,300.2,306.2,1079058
489,2024-12-30 10:00:00+00:00,306.0,310.0,303.6,308.6,700657
490,2024-12-30 12:00:00+00:00,308.8,310.0,304.8,307.0,431165
491,2024-12-30 14:00:00+00:00,307.0,309.4,305.8,308.2,317413
492,2024-12-30 16:00:00+00:00,308.2,311.6,307.2,311.2,353667
493,2024-12-30 18:00:00+00:00,311.4,316.2,309.8,316.2,670015
494,2024-12-30 20:00:00+00:00,316.0,317.2,312.4,312.4,454842
495,2025-01-03 06:00:00+00:00,316.0,317.2,308.8,309.4,817239
496,2025-01-03 08:00:00+00:00,309.2,309.8,304.0,306.6,979835
497,2025-01-03 10:00:00+00:00,306.6,309.4,305.2,307.0,417492
498,2025-01-03 12:00:00+00:00,307.6,308.8,305.6,306.8,295424
499,2025-01-03 14:00:00+00:00,306.8,308.6,302.8,304.4,405961
500,2025-01-03 16:00:00+00:00,304.4,304.8,302.2,304.0,142554
501,2025-01-03 18:00:00+00:00,303.8,304.8,303.4,303.8,79708
502,2025-01-03 20:00:00+00:00,303.8,304.0,303.0,303.4,61810
503,2025-01-06 06:00:00+00:00,300.4,300.4,294.4,296.4,714857
504,2025-01-06 08:00:00+00:00,296.4,301.0,295.0,298.0,638278
505,2025-01-06 10:00:00+00:00,297.8,299.6,297.0,299.2,181527
506,2025-01-06 12:00:00+00:00,299.4,302.2,299.2,302.0,330916
507,2025-01-06 14:00:00+00:00,302.2,303.8,301.0,301.6,261795
508,2025-01-06 16:00:00+00:00,301.8,303.0,300.4,301.0,114191
509,2025-01-06 18:00:00+00:00,300.8,301.2,299.2,300.2,134752
510,2025-01-06 20:00:00+00:00,300.4,301.8,299.0,300.2,90595
511,2025-01-08 06:00:00+00:00,303.0,308.8,299.0,306.4,786619
512,2025-01-08 08:00:00+00:00,306.4,307.8,304.8,307.0,434015
513,2025-01-08 10:00:00+00:00,306.6,308.6,306.2,308.2,261738
514,2025-01-08 12:00:00+00:00,308.2,310.2,308.2,309.4,297574
515,2025-01-08 14:00:00+00:00,309.4,309.6,307.2,308.8,243232
516,2025-01-08 16:00:00+00:00,308.6,310.0,308.0,309.6,98384
517,2025-01-08 18:00:00+00:00,309.6,311.8,309.0,310.8,217373
518,2025-01-08 20:00:00+00:00,310.8,313.6,310.8,312.6,215923
519,2025-01-09 06:00:00+00:00,312.6,313.8,306.2,306.4,897263
520,2025-01-09 08:00:00+00:00,306.2,306.8,302.0,304.4,955979
521,2025-01-09 10:00:00+00:00,304.4,306.6,301.4,301.6,517873
522,2025-01-09 12:00:00+00:00,301.8,305.2,301.0,304.6,449062
523,2025-01-09 14:00:00+00:00,304.8,304.8,301.0,301.0,237520
524,2025-01-09 16:00:00+00:00,301.0,302.6,300.0,300.2,247018
525,2025-01-09 18:00:00+00:00,300.2,300.4,297.0,298.6,281681
526,2025-01-09 20:00:00+00:00,298.6,299.2,298.0,298.6,73219
527,2025-01-10 06:00:00+00:00,301.0,305.8,299.8,301.6,786590
528,2025-01-10 08:00:00+00:00,301.6,302.6,296.4,297.6,846170
529,2025-01-10 10:00:00+00:00,297.6,306.2,294.6,304.2,1207298
530,2025-01-10 12:00:00+00:00,304.2,309.8,304.2,308.2,720719
531,2025-01-10 14:00:00+00:00,308.2,312.2,307.2,309.2,1174572
532,2025-01-10 16:00:00+00:00,309.0,311.0,308.2,309.0,313875
533,2025-01-10 18:00:00+00:00,309.0,311.8,309.0,311.8,247573
534,2025-01-10 20:00:00+00:00,311.8,311.8,310.0,310.4,166779
535,2025-01-13 06:00:00+00:00,313.0,315.4,311.6,314.2,1011615
536,2025-01-13 08:00:00+00:00,314.2,318.4,312.0,316.0,974255
537,2025-01-13 10:00:00+00:00,316.0,316.0,308.0,308.6,1082072
538,2025-01-13 12:00:00+00:00,308.6,310.0,304.6,308.2,842658
539,2025-01-13 14:00:00+00:00,308.4,310.4,307.0,309.2,284575
540,2025-01-13 16:00:00+00:00,309.0,309.6,304.6,304.8,279661
541,2025-01-13 18:00:00+00:00,305.0,305.2,301.0,304.6,554458
542,2025-01-13 20:00:00+00:00,304.6,306.4,304.0,305.0,119116
543,2025-01-14 06:00:00+00:00,305.0,306.4,302.4,303.6,517571
544,2025-01-14 08:00:00+00:00,303.6,309.6,303.0,309.0,779277
545,2025-01-14 10:00:00+00:00,309.0,311.8,308.6,310.2,670013
546,2025-01-14 12:00:00+00:00,310.0,311.6,309.2,311.0,338455
547,2025-01-14 12:00:00+00:00,310.0,311.6,309.2,311.0,338455
548,2025-01-14 14:00:00+00:00,310.8,311.0,308.2,309.0,208284
549,2025-01-14 16:00:00+00:00,308.0,309.6,306.8,307.8,265431
550,2025-01-14 18:00:00+00:00,307.6,310.2,306.8,309.0,215110
551,2025-01-14 20:00:00+00:00,309.4,310.2,309.0,309.6,67277
552,2025-01-15 06:00:00+00:00,311.4,324.8,310.6,321.6,5669948
553,2025-01-15 08:00:00+00:00,321.6,332.6,320.2,325.4,10909038
554,2025-01-15 10:00:00+00:00,325.6,331.4,325.2,330.2,3682285
555,2025-01-15 12:00:00+00:00,330.2,332.4,328.6,329.6,3970781
556,2025-01-15 14:00:00+00:00,329.6,330.0,322.0,327.0,6865615
557,2025-01-15 16:00:00+00:00,329.2,335.0,329.0,333.2,5697054
558,2025-01-15 18:00:00+00:00,333.2,339.0,333.2,337.6,3323901
559,2025-01-15 20:00:00+00:00,337.4,338.6,336.6,338.6,763632
560,2025-01-16 06:00:00+00:00,338.6,339.8,333.0,337.2,4820699
561,2025-01-16 08:00:00+00:00,337.0,342.4,335.0,338.4,4592094
562,2025-01-16 10:00:00+00:00,338.4,341.6,338.0,340.0,1313735
563,2025-01-16 12:00:00+00:00,340.0,340.2,332.2,335.2,3578584
564,2025-01-16 14:00:00+00:00,335.0,338.0,334.8,337.0,1605520
565,2025-01-16 16:00:00+00:00,337.0,338.0,335.4,336.6,769953
566,2025-01-16 18:00:00+00:00,336.6,339.6,335.4,338.8,627697
567,2025-01-16 20:00:00+00:00,338.8,339.6,337.4,337.6,220711
568,2025-01-17 06:00:00+00:00,339.0,339.8,333.6,338.8,1680732
569,2025-01-17 08:00:00+00:00,338.6,348.0,337.2,347.0,4537270
570,2025-01-17 10:00:00+00:00,347.0,349.6,345.4,347.8,2220662
571,2025-01-17 12:00:00+00:00,348.0,348.0,345.4,346.8,922965
572,2025-01-17 14:00:00+00:00,346.8,349.6,346.2,347.8,884778
573,2025-01-17 16:00:00+00:00,347.8,353.6,347.6,349.0,1722747
574,2025-01-17 18:00:00+00:00,349.0,351.0,348.0,350.4,764334
575,2025-01-17 20:00:00+00:00,350.2,350.8,349.0,350.8,356702
576,2025-01-20 06:00:00+00:00,354.0,361.6,349.6,357.0,3846119
577,2025-01-20 08:00:00+00:00,357.0,358.6,343.4,346.0,3388112
578,2025-01-20 10:00:00+00:00,346.0,352.0,344.0,351.4,1760300
579,2025-01-20 12:00:00+00:00,351.2,354.0,347.2,351.6,1138749
580,2025-01-20 14:00:00+00:00,351.6,352.4,345.0,347.8,845906
581,2025-01-20 16:00:00+00:00,347.8,350.8,345.8,346.0,546305
582,2025-01-20 18:00:00+00:00,346.0,347.2,340.4,342.0,1568700
583,2025-01-20 20:00:00+00:00,342.0,343.0,341.4,342.6,207999
584,2025-01-21 06:00:00+00:00,343.0,345.2,340.0,342.8,1203416
585,2025-01-21 08:00:00+00:00,343.0,343.0,333.2,335.2,2647361
586,2025-01-21 10:00:00+00:00,335.2,338.6,331.6,332.0,1246890
587,2025-01-21 12:00:00+00:00,332.0,337.2,331.8,335.4,905639
588,2025-01-21 12:00:00+00:00,332.0,337.2,331.8,335.4,905639
589,2025-01-21 14:00:00+00:00,335.2,339.4,331.6,336.4,1814770
590,2025-01-21 16:00:00+00:00,336.4,339.0,334.8,338.0,557142
591,2025-01-21 18:00:00+00:00,338.0,338.0,336.4,337.6,164574
592,2025-01-21 20:00:00+00:00,337.6,339.0,337.4,338.2,136000
593,2025-01-22 06:00:00+00:00,338.6,349.8,335.0,345.8,3203604
594,2025-01-22 08:00:00+00:00,346.0,353.8,344.6,351.6,4430859
595,2025-01-22 10:00:00+00:00,352.0,354.4,350.0,351.8,1981976
596,2025-01-22 12:00:00+00:00,351.8,353.6,348.6,350.4,1548964
597,2025-01-22 14:00:00+00:00,350.4,355.0,350.2,354.6,810697
598,2025-01-22 16:00:00+00:00,355.0,356.4,343.2,346.6,3119997
599,2025-01-22 18:00:00+00:00,346.6,347.6,344.2,346.8,415710
600,2025-01-22 20:00:00+00:00,347.0,347.4,345.6,346.6,125022
601,2025-01-23 06:00:00+00:00,346.0,348.0,342.0,347.6,1089711
602,2025-01-23 08:00:00+00:00,347.8,348.8,342.8,344.4,1217169
603,2025-01-23 10:00:00+00:00,344.4,349.2,343.0,348.0,627628
604,2025-01-23 12:00:00+00:00,347.8,348.4,345.6,348.0,348702
605,2025-01-23 14:00:00+00:00,347.8,348.6,345.2,346.0,224380
606,2025-01-23 16:00:00+00:00,346.0,352.8,343.2,349.2,1021854
607,2025-01-23 18:00:00+00:00,349.6,351.0,349.0,349.4,250972
608,2025-01-23 20:00:00+00:00,349.4,354.0,349.2,353.4,302040
609,2025-01-24 06:00:00+00:00,354.0,357.2,351.6,353.4,1184288
610,2025-01-24 08:00:00+00:00,353.4,359.0,353.4,356.8,1313198
611,2025-01-24 10:00:00+00:00,356.8,359.2,355.0,358.4,845345
612,2025-01-24 12:00:00+00:00,358.2,359.0,345.6,347.4,1687637
613,2025-01-24 14:00:00+00:00,347.2,351.0,346.0,346.2,1197121
614,2025-01-24 16:00:00+00:00,347.0,350.4,346.6,347.0,328468
615,2025-01-24 18:00:00+00:00,346.8,349.0,346.8,348.6,163827
616,2025-01-24 20:00:00+00:00,348.6,350.2,348.4,350.2,176060
617,2025-01-27 02:00:00+00:00,350.2,350.2,350.2,350.2,2853
618,2025-01-27 04:00:00+00:00,350.2,352.8,348.8,350.0,149650
619,2025-01-27 06:00:00+00:00,350.0,350.0,341.0,342.6,1308142
620,2025-01-27 08:00:00+00:00,342.6,346.6,339.6,344.2,1462211
621,2025-01-27 10:00:00+00:00,344.4,344.6,341.4,342.2,336579
622,2025-01-27 12:00:00+00:00,342.2,345.2,341.6,342.0,474826
623,2025-01-27 14:00:00+00:00,342.0,342.2,337.6,339.0,974849
624,2025-01-27 16:00:00+00:00,339.2,340.4,338.0,338.4,266274
625,2025-01-27 18:00:00+00:00,338.4,341.0,338.2,339.6,343206
626,2025-01-27 20:00:00+00:00,339.8,340.2,339.4,339.6,32976
627,2025-01-28 02:00:00+00:00,338.4,338.4,338.4,338.4,705
628,2025-01-28 04:00:00+00:00,338.4,341.2,333.0,336.8,499952
629,2025-01-28 06:00:00+00:00,336.8,339.6,335.6,337.6,576622
630,2025-01-28 08:00:00+00:00,337.6,340.2,335.2,336.4,599600
631,2025-01-28 10:00:00+00:00,336.4,341.0,333.0,339.4,1548657
632,2025-01-28 12:00:00+00:00,339.4,343.8,336.6,340.2,1223203
633,2025-01-28 12:00:00+00:00,339.4,343.8,336.6,340.2,1223203
634,2025-01-28 14:00:00+00:00,340.2,341.8,337.6,340.2,554017
635,2025-01-28 16:00:00+00:00,340.0,342.0,339.2,341.6,359059
636,2025-01-28 18:00:00+00:00,341.8,344.6,341.0,342.4,376895
637,2025-01-28 20:00:00+00:00,342.2,342.6,341.2,342.0,130473
638,2025-01-29 02:00:00+00:00,342.0,342.0,342.0,342.0,1417
639,2025-01-29 04:00:00+00:00,342.0,346.2,341.2,344.8,444511
640,2025-01-29 06:00:00+00:00,344.6,350.6,342.6,347.4,1325452
641,2025-01-29 08:00:00+00:00,347.2,349.6,344.4,346.4,878329
642,2025-01-29 10:00:00+00:00,346.4,347.6,343.4,344.0,644403
643,2025-01-29 12:00:00+00:00,343.6,344.6,341.2,341.4,493199
644,2025-01-29 14:00:00+00:00,341.4,342.8,341.4,342.0,401197
645,2025-01-29 16:00:00+00:00,343.0,344.4,338.4,340.6,729025
646,2025-01-29 18:00:00+00:00,340.8,340.8,338.0,339.4,271126
647,2025-01-29 20:00:00+00:00,339.4,339.6,338.8,339.0,44817
648,2025-01-30 02:00:00+00:00,339.0,339.0,339.0,339.0,1364
649,2025-01-30 04:00:00+00:00,339.0,341.4,336.0,340.6,152371
650,2025-01-30 06:00:00+00:00,340.6,342.6,339.6,341.6,711911
651,2025-01-30 08:00:00+00:00,341.4,343.4,336.0,339.2,1134339
652,2025-01-30 10:00:00+00:00,339.2,341.4,336.6,339.4,683089
653,2025-01-30 12:00:00+00:00,339.4,342.2,338.0,340.2,475662
654,2025-01-30 14:00:00+00:00,340.2,342.6,340.2,341.4,394236
655,2025-01-30 16:00:00+00:00,341.4,342.6,340.8,341.4,197912
656,2025-01-30 18:00:00+00:00,341.4,341.8,341.0,341.4,81674
657,2025-01-30 20:00:00+00:00,341.2,341.6,340.8,341.0,30512
658,2025-01-31 02:00:00+00:00,341.0,341.0,341.0,341.0,25
659,2025-01-31 04:00:00+00:00,341.0,346.8,341.0,345.6,291477
660,2025-01-31 06:00:00+00:00,345.6,347.2,341.4,343.6,974954
661,2025-01-31 08:00:00+00:00,343.6,347.0,339.6,341.6,957846
662,2025-01-31 10:00:00+00:00,341.4,342.4,338.6,341.2,388918
663,2025-01-31 12:00:00+00:00,341.2,341.4,334.2,335.6,1476384
664,2025-01-31 14:00:00+00:00,335.6,337.6,332.4,335.0,760552
665,2025-01-31 16:00:00+00:00,335.0,336.6,334.4,335.4,190426
666,2025-01-31 18:00:00+00:00,335.2,335.8,334.8,335.2,111206
667,2025-01-31 20:00:00+00:00,335.0,335.6,334.0,335.0,140231
668,2025-02-03 02:00:00+00:00,335.0,335.0,335.0,335.0,7635
669,2025-02-03 04:00:00+00:00,334.9,334.9,332.3,333.1,260534
670,2025-02-03 06:00:00+00:00,333.3,334.3,326.3,328.4,2339800
671,2025-02-03 08:00:00+00:00,328.6,328.8,323.1,325.4,2173916
672,2025-02-03 10:00:00+00:00,325.5,326.8,323.1,324.0,775383
673,2025-02-03 12:00:00+00:00,323.9,325.2,321.0,322.4,1044734
674,2025-02-03 14:00:00+00:00,322.4,322.5,318.6,319.7,1039503
675,2025-02-03 16:00:00+00:00,319.8,324.3,319.7,324.1,763874
676,2025-02-03 18:00:00+00:00,324.1,325.0,323.7,324.8,485668
677,2025-02-03 20:00:00+00:00,324.8,324.9,322.1,322.4,189082
678,2025-02-04 02:00:00+00:00,320.6,320.6,320.6,320.6,12000
679,2025-02-04 04:00:00+00:00,321.0,324.5,320.7,324.0,240533
680,2025-02-04 06:00:00+00:00,323.9,325.9,321.1,323.0,1083404
681,2025-02-04 08:00:00+00:00,323.0,324.0,316.3,316.7,1710306
682,2025-02-04 10:00:00+00:00,316.8,317.3,312.0,314.4,2849112
683,2025-02-04 12:00:00+00:00,314.3,314.7,309.6,311.1,2206200
684,2025-02-04 12:00:00+00:00,314.3,314.7,309.6,311.1,2206200
685,2025-02-04 14:00:00+00:00,311.1,313.3,310.2,312.8,1009863
686,2025-02-04 16:00:00+00:00,312.4,312.8,310.2,310.6,472105
687,2025-02-04 18:00:00+00:00,310.6,310.7,307.0,307.6,1265957
688,2025-02-04 20:00:00+00:00,307.5,308.3,307.2,307.7,230641
689,2025-02-05 02:00:00+00:00,308.3,308.3,308.3,308.3,1631
690,2025-02-05 04:00:00+00:00,308.3,309.2,307.2,307.3,372608
691,2025-02-05 06:00:00+00:00,307.5,309.5,306.0,308.5,1414374
692,2025-02-05 08:00:00+00:00,308.6,309.3,299.6,305.3,3643454
693,2025-02-05 10:00:00+00:00,305.3,307.0,304.1,305.2,1309866
694,2025-02-05 12:00:00+00:00,305.2,307.0,301.7,304.1,910157
695,2025-02-05 14:00:00+00:00,304.1,313.7,304.0,312.1,2584014
696,2025-02-05 16:00:00+00:00,313.6,319.0,313.1,315.7,2857325
697,2025-02-05 18:00:00+00:00,315.7,318.2,314.6,317.0,755636
698,2025-02-05 20:00:00+00:00,317.0,317.4,315.8,316.0,138769
699,2025-02-06 02:00:00+00:00,317.6,317.6,317.6,317.6,1012
700,2025-02-06 04:00:00+00:00,316.8,319.2,316.1,318.0,523479
701,2025-02-06 06:00:00+00:00,318.0,319.6,314.6,316.3,1473296
702,2025-02-06 08:00:00+00:00,316.2,317.6,313.5,313.7,1130267
703,2025-02-06 10:00:00+00:00,313.7,315.6,312.1,313.7,929221
704,2025-02-06 12:00:00+00:00,313.7,316.7,312.4,313.7,736551
705,2025-02-06 14:00:00+00:00,313.7,316.5,313.6,314.7,601067
706,2025-02-06 16:00:00+00:00,314.7,315.6,313.7,314.6,166704
707,2025-02-06 18:00:00+00:00,314.6,314.6,312.6,313.3,158674
708,2025-02-06 20:00:00+00:00,313.1,313.4,312.0,312.0,132899
709,2025-02-07 02:00:00+00:00,312.0,312.0,312.0,312.0,1187
710,2025-02-07 04:00:00+00:00,312.8,315.9,312.0,315.4,212902
711,2025-02-07 06:00:00+00:00,315.4,316.0,310.5,312.4,762895
712,2025-02-07 08:00:00+00:00,312.4,313.0,305.7,307.6,2043966
713,2025-02-07 10:00:00+00:00,307.6,310.0,307.1,308.6,635779
714,2025-02-07 12:00:00+00:00,308.6,309.5,307.7,307.7,320702
715,2025-02-07 14:00:00+00:00,307.9,308.2,302.6,303.6,1197330
716,2025-02-07 16:00:00+00:00,304.0,304.0,298.2,302.8,1601902
717,2025-02-07 18:00:00+00:00,302.8,303.7,301.9,302.4,289757
718,2025-02-07 20:00:00+00:00,302.4,303.0,301.2,303.0,185427
719,2025-02-10 02:00:00+00:00,304.7,304.7,304.7,304.7,11574
720,2025-02-10 04:00:00+00:00,304.8,309.0,304.8,308.3,593462
721,2025-02-10 06:00:00+00:00,308.1,308.6,304.1,305.0,1443698
722,2025-02-10 08:00:00+00:00,305.0,306.2,303.3,305.5,671891
723,2025-02-10 10:00:00+00:00,305.4,311.4,305.3,311.3,2032436
724,2025-02-10 12:00:00+00:00,311.2,314.1,308.6,312.8,1612944
725,2025-02-10 14:00:00+00:00,312.8,313.8,307.8,311.6,1439711
726,2025-02-10 16:00:00+00:00,311.8,313.0,311.4,312.0,346615
727,2025-02-10 18:00:00+00:00,312.1,313.3,304.4,306.1,1346145
728,2025-02-10 20:00:00+00:00,306.1,309.0,304.1,307.7,1112212
729,2025-02-11 02:00:00+00:00,307.5,307.5,307.5,307.5,1634
730,2025-02-11 04:00:00+00:00,307.2,308.9,304.6,307.5,526563
731,2025-02-11 06:00:00+00:00,307.3,311.5,305.1,310.8,1193004
732,2025-02-11 08:00:00+00:00,310.8,312.5,306.9,312.2,1395860
733,2025-02-11 10:00:00+00:00,312.4,315.7,311.9,313.6,1748898
734,2025-02-11 12:00:00+00:00,313.7,315.8,312.9,313.6,793812
735,2025-02-11 12:00:00+00:00,313.7,315.8,312.9,313.6,793812
736,2025-02-11 14:00:00+00:00,313.6,315.2,313.6,314.5,337319
737,2025-02-11 16:00:00+00:00,314.6,316.3,314.4,315.1,578859
738,2025-02-11 18:00:00+00:00,315.0,318.1,314.1,317.5,506358
739,2025-02-11 20:00:00+00:00,317.5,318.0,316.4,317.4,211223
740,2025-02-12 02:00:00+00:00,317.6,317.6,317.6,317.6,3256
741,2025-02-12 04:00:00+00:00,317.6,318.7,315.3,318.4,426991
742,2025-02-12 06:00:00+00:00,318.4,320.3,315.6,317.1,1596639
743,2025-02-12 08:00:00+00:00,317.1,319.3,316.2,317.2,1015760
744,2025-02-12 10:00:00+00:00,317.4,318.8,312.6,313.9,1109528
745,2025-02-12 12:00:00+00:00,313.8,315.9,312.6,314.7,642294
746,2025-02-12 14:00:00+00:00,314.9,315.0,312.3,314.0,580177
747,2025-02-12 16:00:00+00:00,312.0,323.4,311.0,320.7,3397334
748,2025-02-12 18:00:00+00:00,320.7,334.5,320.7,330.9,4809811
749,2025-02-12 20:00:00+00:00,330.9,333.4,326.0,329.0,932813
750,2025-02-13 02:00:00+00:00,332.4,332.4,332.4,332.4,5208
751,2025-02-13 04:00:00+00:00,332.4,345.2,332.1,338.2,3367535
752,2025-02-13 06:00:00+00:00,338.4,340.4,326.1,329.3,3465354
753,2025-02-13 08:00:00+00:00,329.3,331.3,324.1,326.7,1547295
754,2025-02-13 10:00:00+00:00,326.6,328.4,321.0,324.2,1211937
755,2025-02-13 12:00:00+00:00,324.1,327.8,323.6,324.7,576415
756,2025-02-13 14:00:00+00:00,325.0,325.8,320.4,323.2,837180
757,2025-02-13 16:00:00+00:00,323.2,326.3,322.3,325.8,287338
758,2025-02-14 04:00:00+00:00,347.0,350.0,310.2,329.5,1118088
759,2025-02-14 06:00:00+00:00,329.6,335.5,329.1,332.7,1663900
760,2025-02-14 08:00:00+00:00,332.6,334.0,329.1,332.6,1191066
761,2025-02-14 10:00:00+00:00,332.6,336.5,321.4,322.9,3471919
762,2025-02-14 12:00:00+00:00,323.0,325.4,315.3,317.0,1479908
763,2025-02-14 14:00:00+00:00,317.0,319.9,316.3,319.9,473574
764,2025-02-14 16:00:00+00:00,320.0,322.0,318.4,318.9,266618
765,2025-02-14 18:00:00+00:00,318.8,321.9,318.7,319.4,198248
766,2025-02-14 20:00:00+00:00,319.4,320.0,318.5,319.0,95849
767,2025-02-17 02:00:00+00:00,323.6,323.6,323.6,323.6,2896
768,2025-02-17 04:00:00+00:00,323.6,327.7,323.0,325.5,502792
769,2025-02-17 06:00:00+00:00,325.2,326.2,322.0,325.2,943836
770,2025-02-17 08:00:00+00:00,325.2,328.9,323.6,328.1,1203420
771,2025-02-17 10:00:00+00:00,328.1,329.0,326.0,326.7,793488
772,2025-02-17 12:00:00+00:00,326.7,329.9,326.5,329.3,637808
773,2025-02-17 14:00:00+00:00,329.3,330.5,328.1,329.1,837980
774,2025-02-17 16:00:00+00:00,329.4,330.9,326.5,328.4,681475
775,2025-02-17 18:00:00+00:00,328.4,332.1,327.6,330.4,696752
776,2025-02-17 20:00:00+00:00,330.4,335.1,329.7,334.2,524969
777,2025-02-18 02:00:00+00:00,335.9,335.9,335.9,335.9,3674
778,2025-02-18 04:00:00+00:00,335.8,337.5,328.5,330.5,838698
779,2025-02-18 06:00:00+00:00,330.5,331.6,326.4,328.4,1144085
780,2025-02-18 08:00:00+00:00,328.4,328.7,323.3,326.8,1122087
781,2025-02-18 10:00:00+00:00,326.9,330.0,325.9,329.2,590655
782,2025-02-18 12:00:00+00:00,329.2,330.8,322.8,323.3,1442039
783,2025-02-18 12:00:00+00:00,329.2,330.8,322.8,323.3,1442039
784,2025-02-18 14:00:00+00:00,323.1,324.5,321.9,322.7,328582
785,2025-02-18 16:00:00+00:00,322.9,324.7,322.6,323.7,159571
786,2025-02-18 18:00:00+00:00,323.5,323.6,319.3,322.1,456874
787,2025-02-18 20:00:00+00:00,322.4,323.0,322.4,322.4,28590
788,2025-02-19 02:00:00+00:00,322.9,322.9,322.9,322.9,2242
789,2025-02-19 04:00:00+00:00,322.9,324.5,321.2,324.0,189297
790,2025-02-19 06:00:00+00:00,324.0,326.8,323.2,323.2,377143
791,2025-02-19 08:00:00+00:00,323.3,323.8,316.1,318.1,1353081
792,2025-02-19 10:00:00+00:00,318.2,323.8,317.2,322.4,571246
793,2025-02-19 12:00:00+00:00,322.4,324.5,320.1,323.4,471503
794,2025-02-19 14:00:00+00:00,323.4,327.3,320.5,324.0,796482
795,2025-02-19 16:00:00+00:00,325.0,329.4,325.0,328.0,634656
796,2025-02-19 18:00:00+00:00,328.0,330.0,327.2,327.9,242485
797,2025-02-19 20:00:00+00:00,327.8,328.1,327.2,327.4,45833
798,2025-02-20 02:00:00+00:00,327.6,327.6,327.6,327.6,44
799,2025-02-20 04:00:00+00:00,327.6,329.0,325.5,327.8,122679
800,2025-02-20 06:00:00+00:00,327.6,329.9,325.4,326.3,517228
801,2025-02-20 08:00:00+00:00,326.3,332.7,325.7,332.7,861620
802,2025-02-20 10:00:00+00:00,332.6,334.6,330.8,333.8,1116553
803,2025-02-20 12:00:00+00:00,333.7,335.8,332.8,334.8,663827
804,2025-02-20 14:00:00+00:00,334.5,335.3,327.1,329.3,727151
805,2025-02-20 16:00:00+00:00,329.4,330.4,325.8,327.7,429049
806,2025-02-20 18:00:00+00:00,327.7,332.2,327.0,330.5,377575
807,2025-02-20 20:00:00+00:00,330.6,330.8,329.5,330.0,61348
808,2025-02-21 02:00:00+00:00,330.0,330.0,330.0,330.0,90
809,2025-02-21 04:00:00+00:00,330.1,330.8,328.0,330.3,97770
810,2025-02-21 06:00:00+00:00,330.3,333.0,329.7,331.3,425417
811,2025-02-21 08:00:00+00:00,331.3,332.2,328.4,329.0,460440
812,2025-02-21 10:00:00+00:00,329.0,329.9,325.0,327.2,770575
813,2025-02-21 12:00:00+00:00,327.3,329.5,326.5,328.1,280460
814,2025-02-21 14:00:00+00:00,328.1,329.8,328.0,329.5,137048
815,2025-02-21 16:00:00+00:00,329.3,330.0,327.2,328.7,213362
816,2025-02-21 18:00:00+00:00,328.8,330.0,328.4,330.0,131497
817,2025-02-21 20:00:00+00:00,329.9,330.0,329.5,329.6,64809
818,2025-02-24 02:00:00+00:00,329.6,329.6,329.6,329.6,835
819,2025-02-24 04:00:00+00:00,329.6,335.2,329.5,333.0,310959
820,2025-02-24 06:00:00+00:00,333.1,339.1,333.0,334.9,1471180
821,2025-02-24 08:00:00+00:00,334.7,337.6,334.4,336.3,559520
822,2025-02-24 10:00:00+00:00,336.3,339.8,335.6,336.8,712353
823,2025-02-24 12:00:00+00:00,336.8,337.7,332.0,334.6,913528
824,2025-02-24 14:00:00+00:00,334.7,336.9,334.3,336.7,321905
825,2025-02-24 16:00:00+00:00,336.7,340.5,335.1,339.1,663926
826,2025-02-24 18:00:00+00:00,339.1,340.8,338.4,340.4,627687
827,2025-02-24 20:00:00+00:00,340.4,340.4,338.8,340.2,175645
828,2025-02-25 02:00:00+00:00,340.4,340.4,340.4,340.4,3981
829,2025-02-25 04:00:00+00:00,340.5,342.0,337.0,341.9,454553
830,2025-02-25 06:00:00+00:00,341.9,343.9,336.7,340.3,1353072
831,2025-02-25 08:00:00+00:00,340.3,342.8,340.0,340.9,614945
832,2025-02-25 10:00:00+00:00,340.9,341.8,338.4,340.9,372107
833,2025-02-25 12:00:00+00:00,340.9,344.6,339.8,343.5,587155
834,2025-02-25 12:00:00+00:00,340.9,344.6,339.8,343.5,587155
835,2025-02-25 14:00:00+00:00,343.4,346.3,341.8,342.7,961955
836,2025-02-25 16:00:00+00:00,343.0,347.0,341.0,344.3,709689
837,2025-02-25 18:00:00+00:00,344.4,356.4,344.3,354.4,2143345
838,2025-02-25 20:00:00+00:00,354.4,354.6,352.5,353.1,276658
839,2025-02-26 02:00:00+00:00,353.1,353.1,353.1,353.1,644
840,2025-02-26 04:00:00+00:00,353.1,358.8,353.0,353.4,1030847
841,2025-02-26 06:00:00+00:00,353.5,355.6,348.1,352.2,1738924
842,2025-02-26 08:00:00+00:00,352.3,353.6,344.1,345.8,1431574
843,2025-02-26 10:00:00+00:00,345.9,346.8,334.5,340.0,3801286
844,2025-02-26 12:00:00+00:00,340.1,342.0,336.0,340.7,1452481
845,2025-02-26 14:00:00+00:00,340.6,342.4,338.1,339.7,580565
846,2025-02-26 16:00:00+00:00,337.4,339.4,332.9,336.8,1825322
847,2025-02-26 18:00:00+00:00,336.8,337.9,333.1,335.2,469552
848,2025-02-26 20:00:00+00:00,335.1,336.9,334.8,334.9,119246
849,2025-02-27 02:00:00+00:00,336.6,336.6,336.6,336.6,1112
850,2025-02-27 04:00:00+00:00,336.6,336.6,328.4,330.5,606599
851,2025-02-27 06:00:00+00:00,330.6,337.7,330.6,334.0,915776
852,2025-02-27 08:00:00+00:00,334.1,335.9,330.1,330.8,656897
853,2025-02-27 10:00:00+00:00,330.8,335.0,330.0,331.6,414132
854,2025-02-27 12:00:00+00:00,331.6,339.9,331.6,335.9,827954
855,2025-02-27 14:00:00+00:00,335.9,339.3,335.0,339.0,315205
856,2025-02-27 16:00:00+00:00,339.0,339.0,332.0,332.6,516680
857,2025-02-27 18:00:00+00:00,332.6,335.1,331.6,332.2,243077
858,2025-02-27 20:00:00+00:00,332.3,332.3,329.2,330.8,174072
859,2025-02-28 02:00:00+00:00,330.1,330.1,330.1,330.1,205
860,2025-02-28 04:00:00+00:00,330.0,333.6,327.2,330.0,348946
861,2025-02-28 06:00:00+00:00,330.0,333.3,325.6,327.6,977818
862,2025-02-28 08:00:00+00:00,327.7,328.8,322.8,323.7,1020139
863,2025-02-28 10:00:00+00:00,323.8,328.0,323.4,326.3,479753
864,2025-02-28 12:00:00+00:00,326.3,327.1,324.1,325.6,381410
865,2025-02-28 14:00:00+00:00,325.6,328.4,324.4,327.4,433902
866,2025-02-28 16:00:00+00:00,327.8,335.0,326.6,332.7,1043951
867,2025-02-28 18:00:00+00:00,332.6,336.0,328.0,332.1,1339798
868,2025-02-28 20:00:00+00:00,332.1,334.7,331.8,333.6,233144
869,2025-03-01 10:00:00+00:00,333.9,334.9,333.6,334.7,22814
870,2025-03-01 12:00:00+00:00,334.9,335.4,334.0,335.1,22325
871,2025-03-01 14:00:00+00:00,335.1,335.5,334.0,334.9,35096
872,2025-03-02 06:00:00+00:00,334.6,336.7,333.6,334.2,20603
873,2025-03-02 08:00:00+00:00,334.2,335.4,333.6,334.9,35133
874,2025-03-02 10:00:00+00:00,334.6,335.0,334.1,334.4,13526
875,2025-03-02 12:00:00+00:00,334.4,335.0,334.3,334.7,10000
876,2025-03-02 14:00:00+00:00,334.6,334.7,333.5,333.5,17753
877,2025-03-03 02:00:00+00:00,332.0,332.0,332.0,332.0,323
878,2025-03-03 04:00:00+00:00,333.0,333.0,320.4,326.9,548129
879,2025-03-03 06:00:00+00:00,326.9,327.3,321.7,323.5,794634
880,2025-03-03 08:00:00+00:00,323.4,324.9,320.3,322.9,687787
881,2025-03-03 10:00:00+00:00,322.8,325.4,321.6,324.7,366710
882,2025-03-03 12:00:00+00:00,324.6,327.5,322.5,326.4,269585
883,2025-03-03 14:00:00+00:00,326.4,326.6,321.4,321.4,300131
884,2025-03-03 16:00:00+00:00,321.4,324.5,320.6,324.2,277074
885,2025-03-03 18:00:00+00:00,324.2,326.4,320.3,325.2,472084
886,2025-03-03 20:00:00+00:00,325.4,325.4,320.3,321.2,174979
887,2025-03-04 02:00:00+00:00,321.2,321.2,321.2,321.2,6598
888,2025-03-04 04:00:00+00:00,321.5,326.7,321.1,325.6,403219
889,2025-03-04 06:00:00+00:00,325.5,329.0,323.7,327.2,907179
890,2025-03-04 08:00:00+00:00,327.2,329.6,325.4,327.0,578373
891,2025-03-04 10:00:00+00:00,327.1,335.4,327.1,334.0,2435509
892,2025-03-04 12:00:00+00:00,334.0,335.7,331.1,334.5,1053998
893,2025-03-04 12:00:00+00:00,334.0,335.7,331.1,334.5,1053998
894,2025-03-04 14:00:00+00:00,334.3,337.6,333.0,336.0,506318
895,2025-03-04 16:00:00+00:00,336.3,339.4,335.0,337.1,961577
896,2025-03-04 18:00:00+00:00,337.1,337.4,335.4,337.0,252428
897,2025-03-04 20:00:00+00:00,336.9,337.4,336.5,336.8,94644
898,2025-03-05 02:00:00+00:00,337.0,337.0,337.0,337.0,491
899,2025-03-05 04:00:00+00:00,337.0,338.0,328.8,332.9,580850
900,2025-03-05 06:00:00+00:00,332.9,335.9,332.3,332.9,508404
901,2025-03-05 08:00:00+00:00,332.8,342.0,332.6,339.2,1389839
902,2025-03-05 10:00:00+00:00,339.3,339.7,337.7,339.2,297216
903,2025-03-05 12:00:00+00:00,339.3,340.4,338.1,340.2,350199
904,2025-03-05 14:00:00+00:00,340.4,342.0,339.2,340.8,566592
905,2025-03-05 16:00:00+00:00,342.1,343.3,337.1,337.5,593706
906,2025-03-05 18:00:00+00:00,337.5,338.2,332.9,332.9,743679
907,2025-03-05 20:00:00+00:00,332.9,334.3,331.6,333.4,188162
908,2025-03-06 02:00:00+00:00,334.4,334.4,334.4,334.4,1850
909,2025-03-06 04:00:00+00:00,333.4,337.0,332.4,336.5,222886
910,2025-03-06 06:00:00+00:00,336.5,338.6,334.5,338.5,506755
911,2025-03-06 08:00:00+00:00,338.3,338.7,333.6,335.3,506044
912,2025-03-06 10:00:00+00:00,335.0,335.1,329.7,330.9,736261
913,2025-03-06 12:00:00+00:00,330.9,335.0,329.6,334.9,439719
914,2025-03-06 14:00:00+00:00,334.9,336.0,331.6,332.0,239161
915,2025-03-06 16:00:00+00:00,333.1,333.8,331.2,333.0,136379
916,2025-03-06 18:00:00+00:00,333.0,333.6,331.5,332.2,84060
917,2025-03-06 20:00:00+00:00,332.3,332.5,331.1,332.1,52254
918,2025-03-07 02:00:00+00:00,334.0,334.0,334.0,334.0,12550
919,2025-03-07 04:00:00+00:00,333.9,335.6,332.2,335.0,114435
920,2025-03-07 06:00:00+00:00,335.0,337.9,334.3,337.0,475621
921,2025-03-07 08:00:00+00:00,337.1,338.2,335.3,335.3,333217
922,2025-03-07 10:00:00+00:00,335.4,336.7,333.5,335.1,243940
923,2025-03-07 12:00:00+00:00,335.1,335.9,334.6,335.6,105629
924,2025-03-07 14:00:00+00:00,335.6,335.9,323.8,323.8,1119355
925,2025-03-07 16:00:00+00:00,325.0,331.0,324.8,330.1,429842
926,2025-03-07 18:00:00+00:00,330.2,330.5,328.6,329.8,80611
927,2025-03-07 20:00:00+00:00,329.8,330.5,329.5,330.3,37601
928,2025-03-10 02:00:00+00:00,330.4,330.4,330.4,330.4,1534
929,2025-03-10 04:00:00+00:00,330.6,332.6,330.5,332.1,92232
930,2025-03-10 06:00:00+00:00,332.1,333.4,329.0,330.2,379298
931,2025-03-10 08:00:00+00:00,330.0,330.7,328.5,330.2,187558
932,2025-03-10 10:00:00+00:00,330.2,331.8,329.2,330.5,220902
933,2025-03-10 12:00:00+00:00,330.5,331.8,330.0,331.1,132569
934,2025-03-10 14:00:00+00:00,331.1,331.7,329.0,329.2,102808
935,2025-03-10 16:00:00+00:00,329.4,330.0,326.9,327.5,157689
936,2025-03-10 18:00:00+00:00,327.7,328.6,326.6,327.1,75306
937,2025-03-10 20:00:00+00:00,327.0,327.5,326.6,326.9,44681
938,2025-03-11 02:00:00+00:00,327.4,327.4,327.4,327.4,102
939,2025-03-11 04:00:00+00:00,327.0,327.5,325.4,326.5,62825
940,2025-03-11 06:00:00+00:00,326.7,329.2,322.4,327.6,663198
941,2025-03-11 08:00:00+00:00,327.4,329.0,326.9,327.0,186038
942,2025-03-11 10:00:00+00:00,327.0,327.6,325.0,326.0,198945
943,2025-03-11 12:00:00+00:00,325.8,329.0,325.3,328.1,200048
944,2025-03-11 12:00:00+00:00,325.8,329.0,325.3,328.1,200048
945,2025-03-11 14:00:00+00:00,328.1,330.0,326.4,326.4,373205
946,2025-03-11 16:00:00+00:00,326.1,330.7,326.1,328.8,257763
947,2025-03-11 18:00:00+00:00,328.6,329.4,324.5,326.2,379747
948,2025-03-11 20:00:00+00:00,326.3,327.2,325.5,327.0,66608
949,2025-03-12 02:00:00+00:00,327.0,327.0,327.0,327.0,153
950,2025-03-12 04:00:00+00:00,327.0,327.4,324.2,324.4,73566
951,2025-03-12 06:00:00+00:00,324.4,326.5,322.6,323.7,372096
952,2025-03-12 08:00:00+00:00,323.7,324.3,317.2,321.9,1218778
953,2025-03-12 10:00:00+00:00,322.0,322.5,318.0,321.9,310723
954,2025-03-12 12:00:00+00:00,321.9,323.4,321.1,322.0,301521
955,2025-03-12 14:00:00+00:00,322.0,323.0,320.8,321.7,112990
956,2025-03-12 16:00:00+00:00,322.2,323.2,320.7,321.6,197772
957,2025-03-12 18:00:00+00:00,321.6,322.2,321.0,321.4,41031
958,2025-03-12 20:00:00+00:00,321.4,322.0,321.3,321.8,13307
959,2025-03-13 02:00:00+00:00,321.8,321.8,321.8,321.8,17
960,2025-03-13 04:00:00+00:00,321.3,321.8,318.0,319.0,106950
961,2025-03-13 06:00:00+00:00,319.1,319.5,314.6,316.9,519907
962,2025-03-13 08:00:00+00:00,317.0,321.3,316.2,320.6,474844
963,2025-03-13 10:00:00+00:00,320.6,320.8,316.2,316.2,381711
964,2025-03-13 12:00:00+00:00,316.2,317.4,312.7,314.8,550283
965,2025-03-13 14:00:00+00:00,314.8,317.0,314.0,315.2,302750
966,2025-03-13 16:00:00+00:00,317.2,324.2,317.2,322.0,1006190
967,2025-03-13 18:00:00+00:00,321.9,323.1,321.8,322.7,86487
968,2025-03-13 20:00:00+00:00,322.8,324.2,321.9,322.6,143598
969,2025-03-14 02:00:00+00:00,321.4,321.4,321.4,321.4,2633
970,2025-03-14 04:00:00+00:00,321.3,321.3,318.1,319.1,227792
971,2025-03-14 06:00:00+00:00,319.4,321.6,319.1,319.5,361938
972,2025-03-14 08:00:00+00:00,319.6,320.1,317.5,318.2,322747
973,2025-03-14 10:00:00+00:00,318.2,320.1,318.2,319.9,224409
974,2025-03-14 12:00:00+00:00,319.8,325.6,319.1,325.4,435477
975,2025-03-14 14:00:00+00:00,325.4,325.7,322.4,325.6,271972
976,2025-03-14 16:00:00+00:00,325.1,328.0,324.4,327.6,575085
977,2025-03-14 18:00:00+00:00,327.8,327.9,326.1,327.9,175661
978,2025-03-14 20:00:00+00:00,327.8,328.2,327.1,327.9,74312
979,2025-03-15 06:00:00+00:00,328.6,330.6,328.3,330.0,45599
980,2025-03-15 08:00:00+00:00,330.0,330.0,329.0,329.5,19090
981,2025-03-15 10:00:00+00:00,329.5,330.5,329.0,329.8,24502
982,2025-03-15 12:00:00+00:00,329.5,329.9,326.1,327.4,126683
983,2025-03-15 14:00:00+00:00,327.4,327.8,326.8,327.4,29658
984,2025-03-16 06:00:00+00:00,327.4,328.8,327.4,328.4,19054
985,2025-03-16 08:00:00+00:00,328.1,328.5,327.3,328.1,17056
986,2025-03-16 10:00:00+00:00,328.1,329.1,328.1,328.7,17379
987,2025-03-16 12:00:00+00:00,329.0,330.6,328.5,330.2,47596
988,2025-03-16 14:00:00+00:00,330.2,331.8,329.8,331.2,113664
989,2025-03-17 02:00:00+00:00,331.4,331.4,331.4,331.4,254
990,2025-03-17 04:00:00+00:00,331.5,333.9,331.3,332.8,241015
991,2025-03-17 06:00:00+00:00,332.7,334.5,330.1,334.4,589746
992,2025-03-17 08:00:00+00:00,334.2,336.0,333.5,334.6,481655
993,2025-03-17 10:00:00+00:00,334.6,334.8,330.6,332.1,373353
994,2025-03-17 12:00:00+00:00,332.2,335.0,332.1,334.5,227904
995,2025-03-17 14:00:00+00:00,334.5,334.9,333.2,334.0,100084
996,2025-03-17 16:00:00+00:00,334.0,334.8,333.2,333.3,148519
997,2025-03-17 18:00:00+00:00,333.3,334.1,332.4,333.6,89051
998,2025-03-17 20:00:00+00:00,333.4,334.3,333.2,334.0,45936
999,2025-03-18 02:00:00+00:00,335.0,335.0,335.0,335.0,3467
1000,2025-03-18 04:00:00+00:00,334.1,336.9,334.1,336.6,129699
1001,2025-03-18 06:00:00+00:00,336.4,336.9,335.5,335.7,194084
1002,2025-03-18 08:00:00+00:00,335.7,336.3,332.8,333.9,382570
1003,2025-03-18 10:00:00+00:00,333.9,336.6,333.1,335.2,265823
1004,2025-03-18 12:00:00+00:00,335.3,337.5,333.3,336.6,352344
1005,2025-03-18 12:00:00+00:00,335.3,337.5,333.3,336.6,352344
1006,2025-03-18 14:00:00+00:00,336.6,337.5,330.4,333.4,585780
1007,2025-03-18 16:00:00+00:00,333.2,335.5,327.5,328.4,829337
1008,2025-03-18 18:00:00+00:00,328.4,329.8,326.3,326.5,246447
1009,2025-03-18 20:00:00+00:00,326.5,327.5,325.5,326.8,100049
1010,2025-03-19 02:00:00+00:00,326.6,326.6,326.6,326.6,6458
1011,2025-03-19 04:00:00+00:00,326.6,328.8,326.0,328.3,99870
1012,2025-03-19 06:00:00+00:00,328.3,328.3,324.0,325.1,352676
1013,2025-03-19 08:00:00+00:00,325.1,325.4,322.2,325.1,566898
1014,2025-03-19 10:00:00+00:00,325.1,326.5,323.7,325.9,356898
1015,2025-03-19 12:00:00+00:00,326.0,328.5,325.7,328.5,331824
1016,2025-03-19 14:00:00+00:00,328.5,330.4,327.7,330.0,258503
1017,2025-03-19 16:00:00+00:00,330.2,332.2,328.6,328.9,578359
1018,2025-03-19 18:00:00+00:00,328.9,329.9,327.1,329.2,187438
1019,2025-03-19 20:00:00+00:00,329.1,329.1,327.3,328.1,69133
1020,2025-03-20 02:00:00+00:00,328.5,328.5,328.5,328.5,47
1021,2025-03-20 04:00:00+00:00,328.9,332.5,327.6,331.1,296735
1022,2025-03-20 06:00:00+00:00,331.2,333.4,307.6,307.9,13597175
1023,2025-03-20 08:00:00+00:00,307.9,310.6,303.3,305.9,8915291
1024,2025-03-20 10:00:00+00:00,305.9,308.0,305.0,306.8,2594197
1025,2025-03-20 12:00:00+00:00,306.6,308.7,303.3,306.6,3830662
1026,2025-03-20 14:00:00+00:00,306.5,308.7,306.0,306.3,1373733
1027,2025-03-20 16:00:00+00:00,306.1,306.4,301.1,302.0,2509419
1028,2025-03-20 18:00:00+00:00,302.2,302.2,298.6,300.7,3053189
1029,2025-03-20 20:00:00+00:00,300.7,302.5,300.5,301.5,730674
1030,2025-03-21 02:00:00+00:00,300.6,300.6,300.6,300.6,39712
1031,2025-03-21 04:00:00+00:00,300.6,301.5,294.7,297.2,2717188
1032,2025-03-21 06:00:00+00:00,297.2,297.5,291.2,296.8,5126084
1033,2025-03-21 08:00:00+00:00,296.8,300.5,296.0,297.8,2439837
1034,2025-03-21 10:00:00+00:00,297.8,300.9,293.0,295.1,4549965
1035,2025-03-21 12:00:00+00:00,295.0,296.4,290.4,290.4,3671802
1036,2025-03-21 14:00:00+00:00,290.5,294.0,290.4,292.8,1220770
1037,2025-03-21 16:00:00+00:00,292.3,297.8,292.3,294.5,1291106
1038,2025-03-21 18:00:00+00:00,294.5,295.8,293.3,295.0,443482
1039,2025-03-21 20:00:00+00:00,295.0,295.5,294.0,294.4,307367
1040,2025-03-24 02:00:00+00:00,294.0,294.0,294.0,294.0,22606
1041,2025-03-24 04:00:00+00:00,293.9,294.7,290.5,291.2,557205
1042,2025-03-24 06:00:00+00:00,291.2,294.3,291.1,291.9,941867
1043,2025-03-24 08:00:00+00:00,291.9,292.7,289.4,290.5,1025078
1044,2025-03-24 10:00:00+00:00,290.5,290.6,286.8,288.6,1608144
1045,2025-03-24 12:00:00+00:00,288.7,290.4,287.8,288.2,418051
1046,2025-03-24 14:00:00+00:00,288.2,289.6,287.7,288.9,406685
1047,2025-03-24 16:00:00+00:00,288.8,289.5,288.2,289.3,198198
1048,2025-03-24 18:00:00+00:00,289.3,289.4,284.2,285.0,1229530
1049,2025-03-24 20:00:00+00:00,285.0,286.0,284.3,284.5,114065
1050,2025-03-25 02:00:00+00:00,284.6,284.6,284.6,284.6,2442
1051,2025-03-25 04:00:00+00:00,284.9,288.7,283.1,287.8,462901
1052,2025-03-25 06:00:00+00:00,287.9,291.3,286.8,288.5,1162332
1053,2025-03-25 08:00:00+00:00,288.4,290.0,284.2,285.0,901569
1054,2025-03-25 10:00:00+00:00,285.0,287.5,284.4,286.6,561272
1055,2025-03-25 12:00:00+00:00,286.6,288.9,285.4,286.9,566363
1056,2025-03-25 12:00:00+00:00,286.6,288.9,285.4,286.9,566363
1057,2025-03-25 14:00:00+00:00,286.9,292.5,285.1,291.2,1159784
1058,2025-03-25 16:00:00+00:00,291.2,292.9,290.3,290.6,539497
1059,2025-03-25 18:00:00+00:00,290.6,291.5,290.3,291.1,165926
1060,2025-03-25 20:00:00+00:00,291.0,292.0,291.0,291.8,53604
1061,2025-03-26 02:00:00+00:00,291.9,291.9,291.9,291.9,28
1062,2025-03-26 04:00:00+00:00,291.8,293.6,291.1,291.2,219527
1063,2025-03-26 06:00:00+00:00,291.1,291.8,288.0,288.9,475914
1064,2025-03-26 08:00:00+00:00,288.8,289.7,287.3,288.8,303178
1065,2025-03-26 10:00:00+00:00,288.8,289.4,287.7,288.1,319651
1066,2025-03-26 12:00:00+00:00,288.2,289.0,286.6,287.5,344737
1067,2025-03-26 14:00:00+00:00,287.7,288.3,286.5,287.4,214001
1068,2025-03-26 16:00:00+00:00,287.7,287.8,286.2,287.6,235514
1069,2025-03-26 18:00:00+00:00,287.6,289.0,287.5,288.9,181963
1070,2025-03-26 20:00:00+00:00,288.9,289.0,286.0,286.1,158139
1071,2025-03-27 02:00:00+00:00,287.5,287.5,287.5,287.5,4006
1072,2025-03-27 04:00:00+00:00,287.4,287.4,283.6,283.9,341931
1073,2025-03-27 06:00:00+00:00,283.9,286.4,275.2,279.5,1839561
1074,2025-03-27 08:00:00+00:00,279.5,281.8,277.7,280.6,736963
1075,2025-03-27 10:00:00+00:00,280.7,284.7,280.2,282.3,471967
1076,2025-03-27 12:00:00+00:00,282.2,282.7,278.9,280.7,517497
1077,2025-03-27 14:00:00+00:00,280.9,284.9,280.5,282.2,347749
1078,2025-03-27 16:00:00+00:00,282.5,282.8,281.0,281.9,149873
1079,2025-03-27 18:00:00+00:00,281.8,281.9,279.4,280.8,160616
1080,2025-03-27 20:00:00+00:00,280.8,282.9,280.1,282.0,172663
1081,2025-03-28 02:00:00+00:00,282.0,282.0,282.0,282.0,7825
1082,2025-03-28 04:00:00+00:00,282.1,283.9,277.8,278.2,353869
1083,2025-03-28 06:00:00+00:00,278.2,289.6,278.2,287.0,2676079
1084,2025-03-28 08:00:00+00:00,286.9,288.7,282.7,283.9,946441
1085,2025-03-28 10:00:00+00:00,283.8,284.9,280.6,280.7,574752
1086,2025-03-28 12:00:00+00:00,280.8,284.8,280.0,284.0,648039
1087,2025-03-28 14:00:00+00:00,284.0,284.2,281.9,282.0,299814
1088,2025-03-28 16:00:00+00:00,282.1,283.0,280.5,280.6,218196
1089,2025-03-28 18:00:00+00:00,280.8,281.5,280.0,281.0,172221
1090,2025-03-28 20:00:00+00:00,281.0,281.4,280.1,280.4,74864
1091,2025-03-29 06:00:00+00:00,280.0,280.0,273.5,275.2,267245
1092,2025-03-29 08:00:00+00:00,275.2,277.6,273.5,274.6,251594
1093,2025-03-29 10:00:00+00:00,274.7,277.4,273.5,275.8,214689
1094,2025-03-29 12:00:00+00:00,275.3,276.4,274.2,274.7,94432
1095,2025-03-29 14:00:00+00:00,275.0,275.0,273.6,274.2,95369
1096,2025-03-30 06:00:00+00:00,273.5,273.9,273.5,273.5,26024
1097,2025-03-30 08:00:00+00:00,273.5,273.6,273.5,273.5,26353
1098,2025-03-30 10:00:00+00:00,273.5,273.9,273.5,273.8,50081
1099,2025-03-30 12:00:00+00:00,273.8,274.6,273.5,273.5,57796
1100,2025-03-30 14:00:00+00:00,273.5,273.9,273.5,273.5,17493
1101,2025-03-31 02:00:00+00:00,271.1,271.1,271.1,271.1,9746
1102,2025-03-31 04:00:00+00:00,271.1,275.9,266.2,274.6,763488
1103,2025-03-31 06:00:00+00:00,274.5,277.5,271.3,271.7,967811
1104,2025-03-31 08:00:00+00:00,271.7,276.4,271.5,275.9,361339
1105,2025-03-31 10:00:00+00:00,275.9,279.0,275.9,278.6,596385
1106,2025-03-31 12:00:00+00:00,278.6,280.0,277.0,279.8,264489
1107,2025-03-31 14:00:00+00:00,279.6,285.2,279.5,282.8,536412
1108,2025-03-31 16:00:00+00:00,282.7,283.3,282.0,282.5,87431
1109,2025-03-31 18:00:00+00:00,282.4,282.6,281.3,282.0,61524
1110,2025-03-31 20:00:00+00:00,281.6,282.0,281.4,282.0,28562
1111,2025-04-01 02:00:00+00:00,282.0,282.0,282.0,282.0,210
1112,2025-04-01 04:00:00+00:00,282.1,284.6,282.0,283.8,132977
1113,2025-04-01 06:00:00+00:00,283.7,286.8,281.3,283.4,678047
1114,2025-04-01 08:00:00+00:00,283.4,287.6,282.4,285.8,591796
1115,2025-04-01 10:00:00+00:00,285.9,286.3,281.1,281.8,864974
1116,2025-04-01 12:00:00+00:00,281.7,284.8,280.6,284.7,557769
1117,2025-04-01 12:00:00+00:00,281.7,284.8,280.6,284.7,557769
1118,2025-04-01 14:00:00+00:00,284.7,291.7,282.8,284.9,1127957
1119,2025-04-01 16:00:00+00:00,284.9,287.0,282.6,283.4,476200
1120,2025-04-01 18:00:00+00:00,283.1,284.3,274.4,276.3,1067917
1121,2025-04-01 20:00:00+00:00,276.3,276.4,273.3,274.5,248496
1122,2025-04-02 02:00:00+00:00,275.0,275.0,275.0,275.0,358
1123,2025-04-02 04:00:00+00:00,275.5,279.0,273.5,277.8,366651
1124,2025-04-02 06:00:00+00:00,277.6,282.2,276.8,279.8,605994
1125,2025-04-02 08:00:00+00:00,279.8,284.1,277.5,283.8,581366
1126,2025-04-02 10:00:00+00:00,283.9,284.6,280.4,281.8,381767
1127,2025-04-02 12:00:00+00:00,281.7,284.3,281.0,281.1,315987
1128,2025-04-02 14:00:00+00:00,281.0,282.4,277.5,277.5,489488
1129,2025-04-02 16:00:00+00:00,277.1,280.8,276.3,280.2,405731
1130,2025-04-02 18:00:00+00:00,280.2,282.0,279.6,281.1,126394
1131,2025-04-02 20:00:00+00:00,280.9,282.0,279.9,281.7,94855
1132,2025-04-03 02:00:00+00:00,281.7,281.7,281.7,281.7,2092
1133,2025-04-03 04:00:00+00:00,281.0,286.2,279.5,281.1,301009
1134,2025-04-03 06:00:00+00:00,281.2,281.4,277.5,278.3,300132
1135,2025-04-03 08:00:00+00:00,278.4,282.0,278.1,281.4,311688
1136,2025-04-03 10:00:00+00:00,281.6,282.0,280.0,281.3,287862
1137,2025-04-03 12:00:00+00:00,281.2,282.0,278.0,279.4,471200
1138,2025-04-03 14:00:00+00:00,279.4,279.7,273.0,274.0,812617
1139,2025-04-03 16:00:00+00:00,273.9,276.2,271.4,275.3,350638
1140,2025-04-03 18:00:00+00:00,275.3,276.6,274.5,276.4,62619
1141,2025-04-03 20:00:00+00:00,276.3,279.7,276.0,279.1,124048
1142,2025-04-04 02:00:00+00:00,280.8,280.8,280.8,280.8,12045
1143,2025-04-04 04:00:00+00:00,280.2,283.3,280.1,281.3,368888
1144,2025-04-04 06:00:00+00:00,281.3,281.7,277.2,278.1,555546
1145,2025-04-04 08:00:00+00:00,277.9,278.0,274.1,275.1,363772
1146,2025-04-04 10:00:00+00:00,275.0,275.8,268.0,269.7,754110
1147,2025-04-04 12:00:00+00:00,269.9,273.0,267.5,269.5,726049
1148,2025-04-04 14:00:00+00:00,269.6,270.6,267.2,268.6,274958
1149,2025-04-04 16:00:00+00:00,268.6,269.5,263.0,265.0,557576
1150,2025-04-04 18:00:00+00:00,265.3,266.7,263.4,266.1,119840
1151,2025-04-04 20:00:00+00:00,266.0,266.1,263.0,263.4,92110
1152,2025-04-05 06:00:00+00:00,262.3,263.4,260.5,260.5,86768
1153,2025-04-05 08:00:00+00:00,260.5,261.0,260.5,260.6,60546
1154,2025-04-05 10:00:00+00:00,260.6,265.4,260.6,264.6,79244
1155,2025-04-05 12:00:00+00:00,264.9,265.0,261.9,263.2,42153
1156,2025-04-05 14:00:00+00:00,263.2,264.4,262.6,263.1,26865
1157,2025-04-06 06:00:00+00:00,263.0,265.2,262.0,265.2,30087
1158,2025-04-06 08:00:00+00:00,265.2,266.7,264.8,266.1,39919
1159,2025-04-06 10:00:00+00:00,265.9,267.5,264.6,267.3,35611
1160,2025-04-06 12:00:00+00:00,267.1,268.5,266.2,267.3,70110
1161,2025-04-06 14:00:00+00:00,267.1,268.7,266.6,268.3,28530
1162,2025-04-07 02:00:00+00:00,264.9,264.9,264.9,264.9,6715
1163,2025-04-07 04:00:00+00:00,264.7,265.0,243.4,246.2,1756575
1164,2025-04-07 06:00:00+00:00,246.2,247.0,233.5,243.4,3853076
1165,2025-04-07 08:00:00+00:00,243.4,244.6,240.5,241.5,1363467
1166,2025-04-07 10:00:00+00:00,241.5,252.8,240.3,250.9,984091
1167,2025-04-07 12:00:00+00:00,250.7,256.7,248.0,256.3,751456
1168,2025-04-07 14:00:00+00:00,256.3,262.0,251.1,254.1,1484670
1169,2025-04-07 16:00:00+00:00,254.1,265.2,248.3,258.2,2163897
1170,2025-04-07 18:00:00+00:00,258.2,258.5,252.3,253.6,465759
1171,2025-04-07 20:00:00+00:00,253.6,258.8,253.5,257.1,212779
1172,2025-04-08 02:00:00+00:00,258.7,258.7,258.7,258.7,496
1173,2025-04-08 04:00:00+00:00,258.7,262.5,257.1,259.7,450709
1174,2025-04-08 06:00:00+00:00,259.8,261.3,258.1,259.3,595042
1175,2025-04-08 08:00:00+00:00,259.1,259.4,251.3,253.7,792961
1176,2025-04-08 10:00:00+00:00,253.7,257.4,252.1,257.3,372792
1177,2025-04-08 12:00:00+00:00,257.3,257.3,254.7,255.7,257124
1178,2025-04-08 12:00:00+00:00,257.3,257.3,254.7,255.7,257124
1179,2025-04-08 14:00:00+00:00,255.7,255.9,248.7,249.0,511297
1180,2025-04-08 16:00:00+00:00,249.0,251.0,243.5,247.0,1088395
1181,2025-04-08 18:00:00+00:00,247.0,247.2,241.2,244.3,409360
1182,2025-04-08 20:00:00+00:00,244.2,244.2,241.0,241.0,118439
1183,2025-04-09 02:00:00+00:00,241.0,241.0,241.0,241.0,1297
1184,2025-04-09 04:00:00+00:00,241.0,245.9,237.7,242.9,535720
1185,2025-04-09 06:00:00+00:00,242.9,247.6,242.0,243.5,663721
1186,2025-04-09 08:00:00+00:00,243.7,244.0,240.2,240.2,379499
1187,2025-04-09 10:00:00+00:00,240.2,241.6,230.6,232.7,1568751
1188,2025-04-09 12:00:00+00:00,232.7,239.6,232.0,238.6,781999
1189,2025-04-09 14:00:00+00:00,238.7,240.0,235.1,235.3,315576
1190,2025-04-09 16:00:00+00:00,235.9,251.0,235.8,250.9,764018
1191,2025-04-09 18:00:00+00:00,250.9,251.0,243.5,246.5,591833
1192,2025-04-09 20:00:00+00:00,246.4,252.0,246.4,251.7,195862
1193,2025-04-10 02:00:00+00:00,253.3,253.3,253.3,253.3,6875
1194,2025-04-10 04:00:00+00:00,253.5,254.3,249.0,250.8,325013
1195,2025-04-10 06:00:00+00:00,250.6,254.5,248.0,248.6,589915
1196,2025-04-10 08:00:00+00:00,248.6,250.0,246.3,248.5,315399
1197,2025-04-10 10:00:00+00:00,248.5,250.5,245.3,246.3,266028
1198,2025-04-10 12:00:00+00:00,246.4,250.4,245.4,245.5,578429
1199,2025-04-10 14:00:00+00:00,245.5,247.5,244.2,244.8,221526
1200,2025-04-10 16:00:00+00:00,245.0,246.8,240.6,246.5,540199
1201,2025-04-10 18:00:00+00:00,246.5,249.0,245.6,246.8,149925
1202,2025-04-10 20:00:00+00:00,247.0,247.9,246.6,247.9,29529
1203,2025-04-11 02:00:00+00:00,247.8,247.8,247.8,247.8,8
1204,2025-04-11 04:00:00+00:00,247.8,248.8,247.0,248.3,39393
1205,2025-04-11 06:00:00+00:00,248.1,253.8,248.1,251.3,465994
1206,2025-04-11 08:00:00+00:00,251.4,253.3,248.6,253.0,366795
1207,2025-04-11 10:00:00+00:00,253.0,256.7,251.4,251.6,541664
1208,2025-04-11 12:00:00+00:00,251.8,253.1,250.2,250.8,348297
1209,2025-04-11 14:00:00+00:00,250.8,252.0,248.8,251.8,398298
1210,2025-04-11 16:00:00+00:00,252.0,254.0,250.9,251.6,268618
1211,2025-04-11 18:00:00+00:00,251.5,253.3,250.2,252.1,192451
1212,2025-04-11 20:00:00+00:00,251.9,252.9,251.8,252.1,57495
1213,2025-04-12 06:00:00+00:00,253.0,254.3,252.1,253.9,44885
1214,2025-04-12 08:00:00+00:00,254.0,254.8,253.0,254.5,109401
1215,2025-04-12 10:00:00+00:00,254.4,255.0,254.0,254.4,53636
1216,2025-04-12 12:00:00+00:00,254.1,254.7,253.6,254.2,29876
1217,2025-04-12 14:00:00+00:00,254.0,254.7,253.5,254.6,37998
1218,2025-04-13 06:00:00+00:00,254.7,255.4,253.9,253.9,22791
1219,2025-04-13 08:00:00+00:00,253.9,255.0,253.7,254.6,28548
1220,2025-04-13 10:00:00+00:00,254.6,255.1,254.2,255.1,16779
1221,2025-04-13 12:00:00+00:00,255.1,256.5,254.8,256.2,43399
1222,2025-04-13 14:00:00+00:00,256.1,257.5,255.8,256.8,95638
1223,2025-04-14 02:00:00+00:00,256.8,256.8,256.8,256.8,433
1224,2025-04-14 04:00:00+00:00,256.6,256.7,253.0,253.6,142416
1225,2025-04-14 06:00:00+00:00,253.6,253.7,250.0,250.4,430775
1226,2025-04-14 08:00:00+00:00,250.4,251.8,249.5,250.9,176456
1227,2025-04-14 10:00:00+00:00,250.8,252.4,250.1,250.1,228186
1228,2025-04-14 12:00:00+00:00,250.1,250.3,247.3,247.8,335366
1229,2025-04-14 14:00:00+00:00,247.6,250.5,247.5,249.6,139732
1230,2025-04-14 16:00:00+00:00,249.8,250.3,247.7,248.1,168894
1231,2025-04-14 18:00:00+00:00,248.0,251.2,247.7,250.7,91330
1232,2025-04-14 20:00:00+00:00,250.6,250.6,249.7,250.1,47618
1233,2025-04-15 02:00:00+00:00,250.0,250.0,250.0,250.0,5
1234,2025-04-15 04:00:00+00:00,250.0,251.0,247.9,248.4,49830
1235,2025-04-15 06:00:00+00:00,248.4,251.3,248.2,248.8,294767
1236,2025-04-15 08:00:00+00:00,249.2,249.4,247.6,248.4,246180
1237,2025-04-15 10:00:00+00:00,248.4,248.7,245.0,245.8,375982
1238,2025-04-15 12:00:00+00:00,246.0,247.5,245.2,246.4,223859
1239,2025-04-15 12:00:00+00:00,246.0,247.5,245.2,246.4,223859
1240,2025-04-15 14:00:00+00:00,246.2,247.6,245.3,245.8,214750
1241,2025-04-15 16:00:00+00:00,246.7,246.7,245.5,245.9,51655
1242,2025-04-15 18:00:00+00:00,245.9,247.6,245.7,247.4,101399
1243,2025-04-15 20:00:00+00:00,247.4,247.4,246.5,246.7,17682
1244,2025-04-16 02:00:00+00:00,246.7,246.7,246.7,246.7,40
1245,2025-04-16 04:00:00+00:00,246.7,247.2,244.0,245.1,96976
1246,2025-04-16 06:00:00+00:00,245.1,245.2,241.7,242.3,309877
1247,2025-04-16 08:00:00+00:00,242.1,245.0,240.3,243.4,817712
1248,2025-04-16 10:00:00+00:00,243.4,245.0,243.1,244.6,353875
1249,2025-04-16 12:00:00+00:00,244.6,250.4,243.3,250.2,511609
1250,2025-04-16 14:00:00+00:00,250.2,256.2,248.9,256.2,1249265
1251,2025-04-16 16:00:00+00:00,255.0,255.5,249.5,249.8,475426
1252,2025-04-16 18:00:00+00:00,249.8,251.6,249.8,250.9,94759
1253,2025-04-16 20:00:00+00:00,250.8,251.9,250.7,251.9,37146
1254,2025-04-17 02:00:00+00:00,252.0,252.0,252.0,252.0,12
1255,2025-04-17 04:00:00+00:00,252.0,254.3,251.9,253.2,78703
1256,2025-04-17 06:00:00+00:00,253.1,254.1,251.5,251.8,253858
1257,2025-04-17 08:00:00+00:00,251.8,253.9,250.8,251.5,244578
1258,2025-04-17 10:00:00+00:00,251.4,255.3,250.9,254.6,260013
1259,2025-04-17 12:00:00+00:00,254.7,255.8,252.0,252.6,258355
1260,2025-04-17 14:00:00+00:00,252.6,252.9,248.1,251.3,422209
1261,2025-04-17 16:00:00+00:00,251.2,254.2,248.8,252.6,261433
1262,2025-04-17 18:00:00+00:00,252.5,255.0,252.0,253.6,183271
1263,2025-04-17 20:00:00+00:00,253.6,254.8,253.6,254.1,92806
1264,2025-04-18 02:00:00+00:00,252.0,252.0,252.0,252.0,1424
1265,2025-04-18 04:00:00+00:00,251.9,252.0,249.5,251.3,192836
1266,2025-04-18 06:00:00+00:00,251.3,252.4,249.3,250.3,165103
1267,2025-04-18 08:00:00+00:00,250.3,250.5,248.1,248.1,311993
1268,2025-04-18 10:00:00+00:00,248.1,249.4,246.6,248.7,182593
1269,2025-04-18 12:00:00+00:00,248.9,253.1,247.5,251.8,289660
1270,2025-04-18 14:00:00+00:00,251.8,252.9,250.5,250.5,226948
1271,2025-04-18 16:00:00+00:00,250.0,252.3,249.7,249.8,114115
1272,2025-04-18 18:00:00+00:00,249.8,250.6,249.5,249.5,53350
1273,2025-04-18 20:00:00+00:00,249.6,250.4,248.0,248.3,77987
1274,2025-04-21 02:00:00+00:00,250.0,250.0,250.0,250.0,171
1275,2025-04-21 04:00:00+00:00,250.3,251.7,249.6,251.6,53045
1276,2025-04-21 06:00:00+00:00,251.3,254.5,251.2,253.6,302319
1277,2025-04-21 08:00:00+00:00,253.6,256.0,253.4,254.4,318230
1278,2025-04-21 10:00:00+00:00,254.4,255.4,253.6,255.1,126791
1279,2025-04-21 12:00:00+00:00,255.1,255.6,252.6,253.2,212275
1280,2025-04-21 14:00:00+00:00,253.0,254.8,253.0,254.4,54142
1281,2025-04-21 16:00:00+00:00,254.5,255.3,254.3,254.5,159555
1282,2025-04-21 18:00:00+00:00,254.7,255.3,254.5,255.1,44301
1283,2025-04-21 20:00:00+00:00,255.0,255.3,254.8,255.3,19295
1284,2025-04-22 02:00:00+00:00,255.7,255.7,255.7,255.7,1946
1285,2025-04-22 04:00:00+00:00,255.8,259.3,255.3,258.6,209394
1286,2025-04-22 06:00:00+00:00,258.4,263.0,257.9,261.6,534173
1287,2025-04-22 08:00:00+00:00,261.6,261.7,258.4,259.5,288869
1288,2025-04-22 10:00:00+00:00,259.4,260.8,258.1,258.4,186363
1289,2025-04-22 12:00:00+00:00,258.4,262.3,258.4,262.0,260642
1290,2025-04-22 12:00:00+00:00,258.4,262.3,258.4,262.0,260642
1291,2025-04-22 14:00:00+00:00,262.0,273.8,261.7,271.7,2421210
1292,2025-04-22 16:00:00+00:00,271.5,274.9,269.2,272.7,1726081
1293,2025-04-22 18:00:00+00:00,272.7,275.5,270.5,272.5,1312048
1294,2025-04-22 20:00:00+00:00,272.3,274.7,271.3,274.4,233842
1295,2025-04-23 02:00:00+00:00,275.5,275.5,275.5,275.5,7114
1296,2025-04-23 04:00:00+00:00,275.5,276.6,267.6,268.6,948776
1297,2025-04-23 06:00:00+00:00,268.6,268.8,265.1,266.8,1216966
1298,2025-04-23 08:00:00+00:00,266.8,270.0,266.5,269.4,449614
1299,2025-04-23 10:00:00+00:00,269.3,270.8,268.4,269.7,217261
1300,2025-04-23 12:00:00+00:00,269.7,271.9,267.6,271.5,404660
1301,2025-04-23 14:00:00+00:00,271.5,276.4,271.3,274.7,680867
1302,2025-04-23 16:00:00+00:00,274.7,276.4,271.8,273.8,533836
1303,2025-04-23 18:00:00+00:00,273.6,274.2,272.1,272.5,194836
1304,2025-04-23 20:00:00+00:00,272.4,273.0,272.0,272.5,65544
1305,2025-04-24 02:00:00+00:00,272.8,272.8,272.8,272.8,736
1306,2025-04-24 04:00:00+00:00,272.9,275.0,271.7,274.7,233850
1307,2025-04-24 06:00:00+00:00,274.4,278.5,273.2,273.7,1375839
1308,2025-04-24 08:00:00+00:00,273.7,275.3,272.0,275.1,397815
1309,2025-04-24 10:00:00+00:00,275.3,275.3,270.2,272.0,442165
1310,2025-04-24 12:00:00+00:00,271.8,273.0,268.5,270.0,731219
1311,2025-04-24 14:00:00+00:00,270.0,272.5,269.6,271.1,308017
1312,2025-04-24 16:00:00+00:00,271.1,273.8,271.1,272.7,300177
1313,2025-04-24 18:00:00+00:00,272.5,272.9,271.1,272.9,144571
1314,2025-04-24 20:00:00+00:00,272.9,273.0,272.2,272.8,40552
1315,2025-04-25 02:00:00+00:00,273.7,273.7,273.7,273.7,4000
1316,2025-04-25 04:00:00+00:00,273.6,276.6,273.0,276.1,312801
1317,2025-04-25 06:00:00+00:00,276.1,286.0,275.3,285.3,2391000
1318,2025-04-25 08:00:00+00:00,285.4,287.4,282.1,284.4,2745161
1319,2025-04-25 10:00:00+00:00,284.2,285.1,277.8,282.1,2417215
1320,2025-04-25 12:00:00+00:00,282.2,285.2,280.8,281.2,1131587
1321,2025-04-25 14:00:00+00:00,281.2,282.6,279.6,281.1,813860
1322,2025-04-25 16:00:00+00:00,281.5,281.8,280.6,281.2,218111
1323,2025-04-25 18:00:00+00:00,281.2,283.4,280.6,282.8,333814
1324,2025-04-25 20:00:00+00:00,282.9,283.6,281.6,283.6,192048
1325,2025-04-26 06:00:00+00:00,284.0,286.7,284.0,286.1,155575
1326,2025-04-26 08:00:00+00:00,285.9,286.5,284.8,285.8,173759
1327,2025-04-26 10:00:00+00:00,285.8,286.4,284.8,284.9,80600
1328,2025-04-26 12:00:00+00:00,284.9,285.3,281.8,282.5,158281
1329,2025-04-26 14:00:00+00:00,282.5,283.9,281.5,282.8,170452
1330,2025-04-27 06:00:00+00:00,283.3,284.1,282.2,282.8,28328
1331,2025-04-27 08:00:00+00:00,282.5,283.1,282.2,283.0,14307
1332,2025-04-27 10:00:00+00:00,282.7,283.8,282.3,282.7,30831
1333,2025-04-27 12:00:00+00:00,282.5,283.5,282.4,282.8,18937
1334,2025-04-27 14:00:00+00:00,283.0,284.2,282.5,283.6,39086
1335,2025-04-28 02:00:00+00:00,283.6,283.6,283.6,283.6,1337
1336,2025-04-28 04:00:00+00:00,284.0,285.0,278.0,279.0,505364
1337,2025-04-28 06:00:00+00:00,278.9,279.3,275.1,276.4,777884
1338,2025-04-28 08:00:00+00:00,276.5,277.0,275.3,276.1,207768
1339,2025-04-28 10:00:00+00:00,276.1,282.4,273.9,279.8,1093044
1340,2025-04-28 12:00:00+00:00,279.7,280.0,274.2,275.0,707252
1341,2025-04-28 14:00:00+00:00,275.0,276.5,274.2,275.0,303734
1342,2025-04-28 16:00:00+00:00,275.2,275.5,270.8,273.2,383466
1343,2025-04-28 18:00:00+00:00,273.2,273.5,271.0,272.6,218323
1344,2025-04-28 20:00:00+00:00,272.7,273.2,272.0,272.9,54119
1345,2025-04-29 02:00:00+00:00,272.8,272.8,272.8,272.8,364
1346,2025-04-29 04:00:00+00:00,272.8,272.8,269.3,269.6,173556
1347,2025-04-29 06:00:00+00:00,269.5,270.0,267.0,267.5,614493
1348,2025-04-29 08:00:00+00:00,267.5,269.7,265.5,267.1,688116
1349,2025-04-29 10:00:00+00:00,267.1,268.9,266.0,268.0,217118
1350,2025-04-29 12:00:00+00:00,267.9,270.5,267.2,269.7,278297
1351,2025-04-29 12:00:00+00:00,267.9,270.5,267.2,269.7,278297
1352,2025-04-29 14:00:00+00:00,269.5,270.0,266.4,266.7,193833
1353,2025-04-29 16:00:00+00:00,266.8,267.5,262.7,265.0,432882
1354,2025-04-29 18:00:00+00:00,265.0,265.8,264.6,265.4,89704
1355,2025-04-29 20:00:00+00:00,265.4,265.4,263.8,263.8,72455
1356,2025-04-30 02:00:00+00:00,263.0,263.0,263.0,263.0,872
1357,2025-04-30 04:00:00+00:00,262.9,263.8,259.9,263.6,491913
1358,2025-04-30 06:00:00+00:00,263.3,265.2,261.0,262.0,421579
1359,2025-04-30 08:00:00+00:00,261.9,262.0,257.5,259.4,434494
1360,2025-04-30 10:00:00+00:00,259.5,265.2,258.9,265.0,506534
1361,2025-04-30 12:00:00+00:00,265.0,268.1,261.2,261.5,359594
1362,2025-04-30 14:00:00+00:00,261.3,263.0,261.2,261.7,76079
1363,2025-04-30 16:00:00+00:00,261.7,262.5,259.5,262.0,208527
1364,2025-04-30 18:00:00+00:00,262.3,266.8,261.3,265.6,112850
1365,2025-04-30 20:00:00+00:00,265.7,268.8,265.7,268.4,121558
1366,2025-05-02 02:00:00+00:00,267.1,267.1,267.1,267.1,1933
1367,2025-05-02 04:00:00+00:00,266.6,267.1,263.5,264.2,114308
1368,2025-05-02 06:00:00+00:00,264.0,264.1,258.7,259.8,374124
1369,2025-05-02 08:00:00+00:00,259.8,261.4,259.4,260.9,101401
1370,2025-05-02 10:00:00+00:00,260.9,263.2,260.7,261.6,116236
1371,2025-05-02 12:00:00+00:00,261.7,262.1,260.0,260.4,64184
1372,2025-05-02 14:00:00+00:00,260.4,260.4,256.0,257.5,257518
1373,2025-05-02 16:00:00+00:00,257.2,258.0,255.8,257.1,174425
1374,2025-05-02 18:00:00+00:00,257.4,258.6,255.0,255.5,217562
1375,2025-05-02 20:00:00+00:00,255.6,255.6,252.3,252.6,194756
1376,2025-05-03 06:00:00+00:00,253.4,257.7,250.4,256.0,153184
1377,2025-05-03 08:00:00+00:00,255.9,256.2,254.7,255.5,42203
1378,2025-05-03 10:00:00+00:00,255.2,255.4,253.8,254.2,25158
1379,2025-05-03 12:00:00+00:00,254.4,254.5,253.3,253.7,9809
1380,2025-05-03 14:00:00+00:00,253.7,254.8,253.7,254.5,23268
1381,2025-05-04 06:00:00+00:00,254.5,255.0,253.6,254.6,7310
1382,2025-05-04 08:00:00+00:00,254.3,255.8,254.2,255.2,25326
1383,2025-05-04 10:00:00+00:00,255.2,256.0,254.9,255.7,18731
1384,2025-05-04 12:00:00+00:00,255.7,255.9,254.1,254.6,42397
1385,2025-05-04 14:00:00+00:00,254.5,255.5,254.3,255.4,15133
1386,2025-05-05 02:00:00+00:00,255.4,255.4,255.4,255.4,258
1387,2025-05-05 04:00:00+00:00,256.0,256.0,252.0,254.0,95128
1388,2025-05-05 06:00:00+00:00,254.0,254.8,252.3,252.9,141254
1389,2025-05-05 08:00:00+00:00,252.9,253.3,250.8,252.5,178942
1390,2025-05-05 10:00:00+00:00,252.5,253.5,250.6,251.9,176118
1391,2025-05-05 12:00:00+00:00,251.8,252.3,248.4,248.8,210942
1392,2025-05-05 14:00:00+00:00,248.8,249.3,241.3,243.5,806184
1393,2025-05-05 16:00:00+00:00,246.6,250.7,243.3,250.3,2295439
1394,2025-05-05 18:00:00+00:00,250.5,255.1,248.4,253.7,744181
1395,2025-05-05 20:00:00+00:00,253.7,253.7,250.4,252.7,260468
1396,2025-05-06 02:00:00+00:00,253.0,253.0,253.0,253.0,3486
1397,2025-05-06 04:00:00+00:00,253.5,255.6,247.2,247.5,408258
1398,2025-05-06 06:00:00+00:00,247.3,252.2,244.0,250.4,850008
1399,2025-05-06 08:00:00+00:00,250.5,252.5,249.4,249.7,339771
1400,2025-05-06 10:00:00+00:00,249.7,251.4,248.8,250.8,198252
1401,2025-05-06 12:00:00+00:00,251.1,256.7,251.0,255.5,634607
1402,2025-05-06 12:00:00+00:00,251.1,256.7,251.0,255.5,634607
1403,2025-05-06 14:00:00+00:00,255.6,260.8,255.0,259.8,796595
1404,2025-05-06 16:00:00+00:00,259.0,265.3,258.2,263.7,836050
1405,2025-05-06 18:00:00+00:00,264.0,264.5,259.4,259.8,407993
1406,2025-05-06 20:00:00+00:00,259.7,260.5,254.9,257.0,331308
1407,2025-05-07 02:00:00+00:00,257.4,257.4,257.4,257.4,906
1408,2025-05-07 04:00:00+00:00,257.0,261.3,255.3,259.2,250727
1409,2025-05-07 06:00:00+00:00,259.1,259.9,255.5,258.9,501360
1410,2025-05-07 08:00:00+00:00,258.9,259.7,255.8,258.6,320832
1411,2025-05-07 10:00:00+00:00,258.7,262.7,258.1,261.7,341138
1412,2025-05-07 12:00:00+00:00,261.7,262.0,255.1,256.4,680027
1413,2025-05-07 14:00:00+00:00,256.3,259.0,255.1,257.4,285142
1414,2025-05-07 16:00:00+00:00,259.2,260.3,255.9,256.0,280627
1415,2025-05-07 18:00:00+00:00,256.1,256.6,254.9,256.1,191668
1416,2025-05-07 20:00:00+00:00,256.0,256.5,255.9,255.9,70160
1417,2025-05-08 02:00:00+00:00,257.3,257.3,257.3,257.3,686
1418,2025-05-08 04:00:00+00:00,257.3,259.8,256.8,258.5,121252
1419,2025-05-08 06:00:00+00:00,258.5,260.7,257.9,259.8,224338
1420,2025-05-08 08:00:00+00:00,260.0,264.3,259.3,261.4,415269
1421,2025-05-08 10:00:00+00:00,261.4,261.9,257.8,258.2,176410
1422,2025-05-08 12:00:00+00:00,258.3,259.1,256.0,256.4,369729
1423,2025-05-08 14:00:00+00:00,256.4,257.8,256.4,257.5,73460
1424,2025-05-08 16:00:00+00:00,256.9,258.2,256.1,257.6,85128
1425,2025-05-08 18:00:00+00:00,257.6,257.8,256.2,256.9,68551
1426,2025-05-08 20:00:00+00:00,256.9,257.6,256.6,256.8,49221
1427,2025-05-10 06:00:00+00:00,256.8,258.2,256.8,258.0,22628
1428,2025-05-10 08:00:00+00:00,258.0,258.4,257.5,257.6,35028
1429,2025-05-10 10:00:00+00:00,257.6,257.9,257.0,257.8,6023
1430,2025-05-10 12:00:00+00:00,257.7,258.0,257.1,257.1,8318
1431,2025-05-10 14:00:00+00:00,257.2,257.6,256.0,256.8,27852
1432,2025-05-11 06:00:00+00:00,260.3,262.5,259.1,261.3,123692
1433,2025-05-11 08:00:00+00:00,261.3,262.5,259.6,260.4,93076
1434,2025-05-11 10:00:00+00:00,260.2,260.8,259.4,260.8,31436
1435,2025-05-11 12:00:00+00:00,260.6,260.8,258.8,258.8,39133
1436,2025-05-11 14:00:00+00:00,258.8,259.7,257.0,258.7,98805
1437,2025-05-12 02:00:00+00:00,261.0,261.0,261.0,261.0,1579
1438,2025-05-12 04:00:00+00:00,260.9,265.0,258.9,262.7,336864
1439,2025-05-12 06:00:00+00:00,262.7,263.8,260.8,263.0,401588
1440,2025-05-12 08:00:00+00:00,262.9,266.0,261.8,264.4,506580
1441,2025-05-12 10:00:00+00:00,264.3,267.4,263.5,265.2,472629
1442,2025-05-12 12:00:00+00:00,265.4,268.0,264.6,265.0,631364
1443,2025-05-12 14:00:00+00:00,265.1,269.7,264.6,267.9,520321
1444,2025-05-12 16:00:00+00:00,267.0,268.5,266.9,267.8,201626
1445,2025-05-12 18:00:00+00:00,267.7,268.5,267.0,268.0,168393
1446,2025-05-12 20:00:00+00:00,267.9,268.6,267.2,267.6,100850
1447,2025-05-13 02:00:00+00:00,267.5,267.5,267.5,267.5,577
1448,2025-05-13 04:00:00+00:00,267.6,270.6,266.4,269.0,215379
1449,2025-05-13 06:00:00+00:00,268.9,270.0,268.1,269.0,283133
1450,2025-05-13 08:00:00+00:00,268.9,268.9,262.0,265.0,805650
1451,2025-05-13 10:00:00+00:00,264.9,264.9,262.5,262.8,176457
1452,2025-05-13 12:00:00+00:00,262.8,265.5,259.6,264.9,660488
1453,2025-05-13 12:00:00+00:00,262.8,265.5,259.6,264.9,660488
1454,2025-05-13 14:00:00+00:00,264.9,266.8,263.8,266.2,262970
1455,2025-05-13 16:00:00+00:00,266.1,267.3,265.0,265.2,172204
1456,2025-05-13 18:00:00+00:00,265.2,266.1,263.9,264.3,107772
1457,2025-05-13 20:00:00+00:00,264.3,264.7,264.0,264.2,16739
1458,2025-05-14 02:00:00+00:00,264.7,264.7,264.7,264.7,1
1459,2025-05-14 04:00:00+00:00,264.2,265.2,263.7,264.6,28827
1460,2025-05-14 06:00:00+00:00,264.5,264.8,262.4,263.7,246712
1461,2025-05-14 08:00:00+00:00,263.8,266.0,263.5,265.7,154822
1462,2025-05-14 10:00:00+00:00,265.7,269.0,265.0,268.5,270475
1463,2025-05-14 12:00:00+00:00,268.5,269.5,267.4,267.7,238861
1464,2025-05-14 14:00:00+00:00,267.8,268.8,266.7,268.5,145176
1465,2025-05-14 16:00:00+00:00,268.2,268.7,267.0,267.7,78820
1466,2025-05-14 18:00:00+00:00,267.7,267.7,265.2,265.5,118367
1467,2025-05-14 20:00:00+00:00,265.3,267.0,259.8,260.4,335668
1468,2025-05-15 02:00:00+00:00,260.0,260.0,260.0,260.0,2576
1469,2025-05-15 04:00:00+00:00,260.1,263.3,260.1,262.2,183787
1470,2025-05-15 06:00:00+00:00,262.2,263.1,259.0,259.6,341205
1471,2025-05-15 08:00:00+00:00,259.5,260.4,254.5,257.5,578333
1472,2025-05-15 10:00:00+00:00,257.6,259.5,256.5,259.4,207260
1473,2025-05-15 12:00:00+00:00,259.4,259.6,255.6,258.8,206927
1474,2025-05-15 14:00:00+00:00,258.6,258.9,257.1,257.2,71481
1475,2025-05-15 16:00:00+00:00,257.4,259.4,257.2,258.9,56808
1476,2025-05-15 18:00:00+00:00,258.7,259.0,257.8,258.1,30552
1477,2025-05-15 20:00:00+00:00,258.1,258.1,257.7,257.8,14912
1478,2025-05-16 02:00:00+00:00,257.8,257.8,257.8,257.8,32
1479,2025-05-16 04:00:00+00:00,257.8,259.3,257.3,258.6,24060
1480,2025-05-16 06:00:00+00:00,258.4,258.6,255.1,256.7,169283
1481,2025-05-16 08:00:00+00:00,256.9,259.5,256.8,258.7,104022
1482,2025-05-16 10:00:00+00:00,258.7,258.9,255.3,256.6,221773
1483,2025-05-16 12:00:00+00:00,256.6,259.7,251.2,257.8,863599
1484,2025-05-16 14:00:00+00:00,257.7,265.2,257.4,258.0,615658
1485,2025-05-16 16:00:00+00:00,258.0,258.3,256.5,257.2,61059
1486,2025-05-16 18:00:00+00:00,257.4,258.7,257.2,258.4,32611
1487,2025-05-16 20:00:00+00:00,258.4,259.3,257.6,258.8,43016
1488,2025-05-17 06:00:00+00:00,257.9,259.2,257.9,259.2,19913
1489,2025-05-17 08:00:00+00:00,258.8,259.5,258.6,259.1,12171
1490,2025-05-17 10:00:00+00:00,259.1,259.8,259.1,259.8,13065
1491,2025-05-17 12:00:00+00:00,259.4,260.2,259.2,259.7,15883
1492,2025-05-17 14:00:00+00:00,259.3,263.6,259.1,263.5,104940
1493,2025-05-18 06:00:00+00:00,264.0,264.8,263.3,264.3,42298
1494,2025-05-18 08:00:00+00:00,264.0,266.0,263.8,264.7,77216
1495,2025-05-18 10:00:00+00:00,264.8,264.8,263.8,264.2,20377
1496,2025-05-18 12:00:00+00:00,264.0,264.6,263.5,264.4,30080
1497,2025-05-18 14:00:00+00:00,264.4,265.0,264.0,265.0,31343
1498,2025-05-19 02:00:00+00:00,265.0,265.0,265.0,265.0,617
1499,2025-05-19 04:00:00+00:00,265.1,265.1,262.2,262.8,69004
1500,2025-05-19 06:00:00+00:00,262.6,263.8,261.6,262.0,92120
1501,2025-05-19 08:00:00+00:00,262.0,262.4,260.6,260.8,79680
1502,2025-05-19 10:00:00+00:00,260.7,263.0,260.7,262.9,67026
1503,2025-05-19 12:00:00+00:00,262.9,263.6,260.8,261.8,277466
1504,2025-05-19 14:00:00+00:00,261.8,262.9,259.9,261.6,142570
1505,2025-05-19 16:00:00+00:00,261.6,263.4,260.2,260.7,219183
1506,2025-05-19 18:00:00+00:00,260.7,261.2,259.4,259.8,113383
1507,2025-05-19 20:00:00+00:00,259.6,260.3,259.1,260.3,35447
1508,2025-05-20 02:00:00+00:00,260.9,260.9,260.9,260.9,302
1509,2025-05-20 04:00:00+00:00,261.0,262.1,260.0,261.1,45852
1510,2025-05-20 06:00:00+00:00,261.1,261.3,257.9,258.6,167341
1511,2025-05-20 08:00:00+00:00,258.6,260.7,257.7,259.9,445295
1512,2025-05-20 10:00:00+00:00,259.7,261.0,259.0,259.9,153395
1513,2025-05-20 12:00:00+00:00,259.8,260.3,258.8,259.0,85868
1514,2025-05-20 12:00:00+00:00,259.8,260.3,258.8,259.0,85868
1515,2025-05-20 14:00:00+00:00,259.0,259.7,256.1,256.9,167788
1516,2025-05-20 16:00:00+00:00,256.8,258.1,256.0,257.1,95739
1517,2025-05-20 18:00:00+00:00,257.1,258.2,256.9,258.0,72499
1518,2025-05-20 20:00:00+00:00,257.9,257.9,257.5,257.7,8731
1519,2025-05-21 02:00:00+00:00,257.7,257.7,257.7,257.7,2
1520,2025-05-21 04:00:00+00:00,258.2,259.0,257.1,257.4,42384
1521,2025-05-21 06:00:00+00:00,257.3,257.6,254.1,255.4,294866
1522,2025-05-21 08:00:00+00:00,255.4,256.5,255.1,256.4,95817
1523,2025-05-21 10:00:00+00:00,256.3,256.9,254.7,256.4,126439
1524,2025-05-21 12:00:00+00:00,256.3,256.8,253.6,254.8,121403
1525,2025-05-21 14:00:00+00:00,254.9,255.0,252.1,252.1,131346
1526,2025-05-21 16:00:00+00:00,253.7,254.2,252.5,253.9,38432
1527,2025-05-21 18:00:00+00:00,253.8,254.8,253.6,254.5,25574
1528,2025-05-21 20:00:00+00:00,254.4,255.5,253.9,253.9,48500
1529,2025-05-22 02:00:00+00:00,254.0,254.0,254.0,254.0,13
1530,2025-05-22 04:00:00+00:00,253.8,254.2,250.9,251.0,126029
1531,2025-05-22 06:00:00+00:00,251.2,251.3,249.0,250.0,173622
1532,2025-05-22 08:00:00+00:00,250.0,251.6,249.3,251.2,172578
1533,2025-05-22 10:00:00+00:00,251.3,253.4,251.1,251.6,150523
1534,2025-05-22 12:00:00+00:00,251.6,253.0,250.3,252.0,202489
1535,2025-05-22 14:00:00+00:00,251.9,256.0,251.6,255.3,163627
1536,2025-05-22 16:00:00+00:00,255.5,255.5,252.2,252.9,111044
1537,2025-05-22 18:00:00+00:00,252.9,253.3,251.7,252.5,49164
1538,2025-05-22 20:00:00+00:00,252.5,252.5,251.5,251.8,32533
1539,2025-05-23 02:00:00+00:00,251.8,251.8,251.8,251.8,402
1540,2025-05-23 04:00:00+00:00,251.8,252.9,250.3,251.5,47053
1541,2025-05-23 06:00:00+00:00,251.4,254.2,251.3,253.0,109365
1542,2025-05-23 08:00:00+00:00,253.0,253.8,252.2,252.6,89119
1543,2025-05-23 10:00:00+00:00,252.6,253.9,251.4,251.5,136950
1544,2025-05-23 12:00:00+00:00,251.5,251.9,249.7,249.9,139386
1545,2025-05-23 14:00:00+00:00,249.9,251.2,249.8,250.0,93346
1546,2025-05-23 16:00:00+00:00,250.1,250.6,249.5,250.6,44863
1547,2025-05-23 18:00:00+00:00,250.3,251.2,250.1,250.7,33052
1548,2025-05-23 20:00:00+00:00,250.8,250.8,250.0,250.0,34176
1549,2025-05-26 02:00:00+00:00,249.5,249.5,249.5,249.5,257
1550,2025-05-26 04:00:00+00:00,249.2,249.9,241.4,243.7,499332
1551,2025-05-26 06:00:00+00:00,243.4,244.4,241.4,243.6,401877
1552,2025-05-26 08:00:00+00:00,243.6,245.0,242.6,242.9,214714
1553,2025-05-26 10:00:00+00:00,242.9,243.3,240.3,241.1,385571
1554,2025-05-26 12:00:00+00:00,241.0,243.4,239.3,239.6,471551
1555,2025-05-26 14:00:00+00:00,239.6,241.0,236.5,239.0,704072
1556,2025-05-26 16:00:00+00:00,239.0,239.0,235.6,238.0,381087
1557,2025-05-26 18:00:00+00:00,238.0,242.2,237.9,241.6,267820
1558,2025-05-26 20:00:00+00:00,241.5,241.9,241.1,241.7,54037
1559,2025-05-27 02:00:00+00:00,240.4,240.4,240.4,240.4,4000
1560,2025-05-27 04:00:00+00:00,241.7,241.9,235.4,239.7,359182
1561,2025-05-27 06:00:00+00:00,239.9,243.6,239.8,243.0,475493
1562,2025-05-27 08:00:00+00:00,243.0,250.6,243.0,249.2,1211140
1563,2025-05-27 10:00:00+00:00,249.1,251.8,246.9,250.6,1100867
1564,2025-05-27 12:00:00+00:00,250.8,255.7,250.8,254.8,2151982
1565,2025-05-27 12:00:00+00:00,250.8,255.7,250.8,254.8,2151982
1566,2025-05-27 14:00:00+00:00,254.5,258.0,253.4,254.0,2346195
1567,2025-05-27 16:00:00+00:00,254.5,255.8,252.9,254.9,643696
1568,2025-05-27 18:00:00+00:00,254.8,256.0,254.5,255.5,278732
1569,2025-05-27 20:00:00+00:00,255.6,256.8,255.6,256.7,91052
1570,2025-05-28 02:00:00+00:00,257.2,257.2,257.2,257.2,9065
1571,2025-05-28 04:00:00+00:00,257.2,259.2,255.0,257.1,471037
1572,2025-05-28 06:00:00+00:00,257.0,258.9,256.1,256.1,698913
1573,2025-05-28 08:00:00+00:00,256.2,258.0,254.4,255.3,1077233
1574,2025-05-28 10:00:00+00:00,255.3,256.0,253.3,254.1,928231
1575,2025-05-28 12:00:00+00:00,254.1,257.9,253.7,255.4,857957
1576,2025-05-28 14:00:00+00:00,255.3,256.6,254.7,255.9,621082
1577,2025-05-28 16:00:00+00:00,255.9,262.8,254.3,260.7,1418800
1578,2025-05-28 18:00:00+00:00,260.8,262.7,260.0,262.0,266122
1579,2025-05-28 20:00:00+00:00,262.3,262.8,261.6,262.4,116064
1580,2025-05-29 02:00:00+00:00,262.4,262.4,262.4,262.4,5371
1581,2025-05-29 04:00:00+00:00,262.9,262.9,259.2,260.2,372776
1582,2025-05-29 06:00:00+00:00,260.2,261.3,257.5,258.5,365214
1583,2025-05-29 08:00:00+00:00,258.5,261.1,258.2,259.8,267213
1584,2025-05-29 10:00:00+00:00,259.6,262.3,259.4,260.9,425445
1585,2025-05-29 12:00:00+00:00,260.9,262.5,258.0,258.8,393907
1586,2025-05-29 14:00:00+00:00,258.8,259.1,256.8,258.2,264533
1587,2025-05-29 16:00:00+00:00,258.2,258.5,257.1,258.3,133491
1588,2025-05-29 18:00:00+00:00,258.2,258.7,257.6,258.2,73432
1589,2025-05-29 20:00:00+00:00,258.2,258.4,257.1,257.1,77481
1590,2025-05-30 02:00:00+00:00,256.0,256.0,256.0,256.0,2215
1591,2025-05-30 04:00:00+00:00,256.9,259.9,255.1,258.5,186465
1592,2025-05-30 06:00:00+00:00,258.7,260.5,257.8,258.6,238914
1593,2025-05-30 08:00:00+00:00,258.4,262.9,257.6,261.7,387632
1594,2025-05-30 10:00:00+00:00,261.7,263.7,259.1,259.7,365865
1595,2025-05-30 12:00:00+00:00,259.9,260.5,258.4,259.3,138765
1596,2025-05-30 14:00:00+00:00,259.3,260.4,258.6,259.7,119375
1597,2025-05-30 16:00:00+00:00,259.2,260.1,259.1,259.7,56133
1598,2025-05-30 18:00:00+00:00,259.7,261.3,259.4,260.2,171221
1599,2025-05-30 20:00:00+00:00,260.0,261.2,259.9,260.8,64813
1600,2025-05-31 06:00:00+00:00,261.3,262.3,261.1,261.7,21156
1601,2025-05-31 08:00:00+00:00,261.6,262.0,261.4,261.6,7338
1602,2025-05-31 10:00:00+00:00,261.7,261.9,261.1,261.2,18794
1603,2025-05-31 12:00:00+00:00,261.5,261.7,261.1,261.4,6364
1604,2025-05-31 14:00:00+00:00,261.7,261.9,261.2,261.5,8830
1605,2025-06-01 06:00:00+00:00,260.4,260.6,259.0,259.3,21984
1606,2025-06-01 08:00:00+00:00,259.0,260.2,258.4,258.9,35979
1607,2025-06-01 10:00:00+00:00,258.6,259.2,253.1,253.5,250470
1608,2025-06-01 12:00:00+00:00,253.5,255.6,253.0,254.6,248045
1609,2025-06-01 14:00:00+00:00,254.4,254.6,253.0,253.0,64850
1610,2025-06-02 02:00:00+00:00,253.0,253.0,253.0,253.0,2748
1611,2025-06-02 04:00:00+00:00,253.3,257.8,251.4,257.2,313144
1612,2025-06-02 06:00:00+00:00,257.1,259.6,256.6,257.7,326669
1613,2025-06-02 08:00:00+00:00,257.6,257.8,255.7,256.2,115054
1614,2025-06-02 10:00:00+00:00,256.1,257.1,254.5,256.4,180165
1615,2025-06-02 12:00:00+00:00,256.4,258.7,255.7,256.6,228971
1616,2025-06-02 14:00:00+00:00,256.6,263.4,256.2,262.1,563339
1617,2025-06-02 16:00:00+00:00,262.0,263.0,259.7,261.0,226394
1618,2025-06-02 18:00:00+00:00,261.0,261.9,260.3,261.3,76990
1619,2025-06-02 20:00:00+00:00,261.3,262.8,261.2,262.4,86074
1620,2025-06-03 02:00:00+00:00,262.0,262.0,262.0,262.0,433
1621,2025-06-03 04:00:00+00:00,261.7,267.0,260.9,264.9,409260
1622,2025-06-03 06:00:00+00:00,264.8,272.7,264.1,271.2,1144019
1623,2025-06-03 08:00:00+00:00,271.2,273.7,270.0,270.2,656532
1624,2025-06-03 10:00:00+00:00,270.2,272.9,269.5,270.1,389763
1625,2025-06-03 12:00:00+00:00,270.1,270.7,267.9,270.4,434070
1626,2025-06-03 12:00:00+00:00,270.1,270.7,267.9,270.4,434070
1627,2025-06-03 14:00:00+00:00,270.4,271.8,270.1,271.3,234304
1628,2025-06-03 16:00:00+00:00,271.1,278.4,271.0,276.3,657413
1629,2025-06-03 18:00:00+00:00,276.3,277.9,275.1,275.9,382207
1630,2025-06-03 20:00:00+00:00,276.0,278.9,275.8,278.0,205267
1631,2025-06-04 02:00:00+00:00,278.0,278.0,278.0,278.0,12299
1632,2025-06-04 04:00:00+00:00,278.1,279.8,274.0,277.1,703423
1633,2025-06-04 06:00:00+00:00,277.0,280.0,276.7,278.6,623804
1634,2025-06-04 08:00:00+00:00,278.7,279.1,276.7,278.4,396765
1635,2025-06-04 10:00:00+00:00,278.4,279.5,275.4,277.6,609663
1636,2025-06-04 12:00:00+00:00,277.6,285.1,276.1,281.6,1581372
1637,2025-06-04 14:00:00+00:00,281.6,282.6,276.2,282.0,1650745
1638,2025-06-04 16:00:00+00:00,282.5,283.9,280.9,283.6,532642
1639,2025-06-04 18:00:00+00:00,283.6,283.6,280.6,281.1,252394
1640,2025-06-04 20:00:00+00:00,281.0,282.6,280.9,281.9,89223
1641,2025-06-05 02:00:00+00:00,282.0,282.0,282.0,282.0,1065
1642,2025-06-05 04:00:00+00:00,281.8,285.9,281.5,282.6,400459
1643,2025-06-05 06:00:00+00:00,282.6,286.7,282.1,285.4,624232
1644,2025-06-05 08:00:00+00:00,285.4,291.6,283.4,289.1,1461697
1645,2025-06-05 10:00:00+00:00,288.9,290.8,287.7,288.5,633365
1646,2025-06-05 12:00:00+00:00,288.6,289.6,286.7,289.2,501592
1647,2025-06-05 14:00:00+00:00,289.2,290.0,285.7,287.1,407071
1648,2025-06-05 16:00:00+00:00,287.0,287.3,283.7,285.3,430191
1649,2025-06-05 18:00:00+00:00,285.1,286.3,284.7,285.8,95471
1650,2025-06-05 20:00:00+00:00,285.8,287.0,284.8,284.8,99486
1651,2025-06-06 02:00:00+00:00,287.2,287.2,287.2,287.2,6277
1652,2025-06-06 04:00:00+00:00,286.0,288.5,286.0,287.3,227307
1653,2025-06-06 06:00:00+00:00,287.4,287.9,285.0,286.9,314115
1654,2025-06-06 08:00:00+00:00,287.2,287.2,281.8,282.5,725937
1655,2025-06-06 10:00:00+00:00,282.5,294.4,278.6,283.0,3077061
1656,2025-06-06 12:00:00+00:00,283.1,283.3,273.0,275.5,1930349
1657,2025-06-06 14:00:00+00:00,275.7,276.4,272.0,274.8,686433
1658,2025-06-06 16:00:00+00:00,274.8,276.6,273.6,276.1,213509
1659,2025-06-06 18:00:00+00:00,276.1,276.1,273.0,274.0,176889
1660,2025-06-06 20:00:00+00:00,274.2,274.9,273.1,273.7,76005
1661,2025-06-07 06:00:00+00:00,274.0,275.9,274.0,275.8,44905
1662,2025-06-07 08:00:00+00:00,275.6,275.8,274.5,274.9,25182
1663,2025-06-07 10:00:00+00:00,274.9,275.5,274.6,275.0,19663
1664,2025-06-07 12:00:00+00:00,275.0,276.0,274.7,275.7,45861
1665,2025-06-07 14:00:00+00:00,275.7,276.0,275.5,275.8,11759
1666,2025-06-08 06:00:00+00:00,275.8,277.0,275.1,275.9,32441
1667,2025-06-08 08:00:00+00:00,276.1,276.2,275.5,275.9,15237
1668,2025-06-08 10:00:00+00:00,276.2,276.2,274.9,275.2,20108
1669,2025-06-08 12:00:00+00:00,275.2,275.3,272.4,273.4,103933
1670,2025-06-08 14:00:00+00:00,273.1,273.9,272.4,272.4,28211
1671,2025-06-09 02:00:00+00:00,273.0,273.0,273.0,273.0,81
1672,2025-06-09 04:00:00+00:00,272.9,275.9,271.0,271.9,197294
1673,2025-06-09 06:00:00+00:00,271.6,274.2,268.4,271.0,952197
1674,2025-06-09 08:00:00+00:00,271.1,272.5,268.4,271.6,736310
1675,2025-06-09 10:00:00+00:00,271.5,272.4,269.0,269.5,287614
1676,2025-06-09 12:00:00+00:00,269.5,271.0,267.8,268.1,608982
1677,2025-06-09 14:00:00+00:00,268.1,271.1,268.1,269.9,315549
1678,2025-06-09 16:00:00+00:00,270.2,272.2,270.0,271.4,125081
1679,2025-06-09 18:00:00+00:00,271.2,273.2,270.4,272.7,136033
1680,2025-06-09 20:00:00+00:00,272.7,273.2,271.7,272.7,67035
1681,2025-06-10 02:00:00+00:00,273.0,273.0,273.0,273.0,49
1682,2025-06-10 04:00:00+00:00,273.2,278.4,272.5,277.0,375325
1683,2025-06-10 06:00:00+00:00,277.0,278.4,274.1,275.0,629850
1684,2025-06-10 08:00:00+00:00,275.0,275.7,271.4,273.2,511402
1685,2025-06-10 10:00:00+00:00,273.2,273.9,270.0,271.6,408638
1686,2025-06-10 12:00:00+00:00,271.9,275.6,271.3,273.9,671194
1687,2025-06-10 12:00:00+00:00,271.9,275.6,271.3,273.9,671194
1688,2025-06-10 14:00:00+00:00,273.9,274.7,271.1,272.4,548638
1689,2025-06-10 16:00:00+00:00,272.6,273.0,270.1,270.5,203243
1690,2025-06-10 18:00:00+00:00,270.5,271.7,270.4,270.9,60722
1691,2025-06-10 20:00:00+00:00,270.8,271.5,270.3,271.4,40473
1692,2025-06-11 02:00:00+00:00,271.4,271.4,271.4,271.4,143
1693,2025-06-11 04:00:00+00:00,271.5,273.1,270.5,272.2,135890
1694,2025-06-11 06:00:00+00:00,272.2,274.9,271.2,272.5,259941
1695,2025-06-11 08:00:00+00:00,272.6,274.1,270.6,272.1,322634
1696,2025-06-11 10:00:00+00:00,272.1,273.6,271.1,272.4,171288
1697,2025-06-11 12:00:00+00:00,272.5,273.2,269.4,269.8,284441
1698,2025-06-11 14:00:00+00:00,269.8,270.4,260.9,261.4,2171968
1699,2025-06-11 16:00:00+00:00,262.1,262.3,256.6,258.2,2172857
1700,2025-06-11 18:00:00+00:00,258.0,259.5,257.1,258.7,343765
1701,2025-06-11 20:00:00+00:00,259.0,259.4,258.1,258.5,143980
1702,2025-06-13 02:00:00+00:00,261.1,261.1,261.1,261.1,10022
1703,2025-06-13 04:00:00+00:00,260.6,262.9,258.3,261.6,542238
1704,2025-06-13 06:00:00+00:00,261.4,261.4,258.6,259.5,193051
1705,2025-06-13 08:00:00+00:00,259.5,261.8,259.0,261.0,246670
1706,2025-06-13 10:00:00+00:00,261.0,261.5,259.3,259.7,209437
1707,2025-06-13 12:00:00+00:00,259.6,260.2,259.0,259.5,115422
1708,2025-06-13 14:00:00+00:00,259.5,259.8,256.7,258.5,232129
1709,2025-06-13 16:00:00+00:00,258.0,258.7,257.7,258.5,78218
1710,2025-06-13 18:00:00+00:00,258.4,259.3,257.9,257.9,52254
1711,2025-06-13 20:00:00+00:00,258.0,258.1,257.5,257.6,22916
1712,2025-06-14 06:00:00+00:00,258.1,260.0,258.1,258.8,32744
1713,2025-06-14 08:00:00+00:00,259.0,259.6,258.1,259.2,47286
1714,2025-06-14 10:00:00+00:00,259.2,259.7,259.0,259.4,14707
1715,2025-06-14 12:00:00+00:00,259.4,259.5,259.2,259.4,9266
1716,2025-06-14 14:00:00+00:00,259.4,259.8,259.0,259.6,27888
1717,2025-06-15 06:00:00+00:00,259.0,261.4,258.1,259.2,51316
1718,2025-06-15 08:00:00+00:00,259.3,260.0,258.8,259.9,16418
1719,2025-06-15 10:00:00+00:00,259.9,260.5,259.4,259.8,29267
1720,2025-06-15 12:00:00+00:00,259.8,260.0,259.1,259.6,24488
1721,2025-06-15 14:00:00+00:00,259.3,260.1,259.2,260.1,21331
1722,2025-06-16 02:00:00+00:00,260.3,260.3,260.3,260.3,147
1723,2025-06-16 04:00:00+00:00,260.3,263.7,259.4,261.6,238982
1724,2025-06-16 06:00:00+00:00,261.6,261.8,258.5,259.8,404679
1725,2025-06-16 08:00:00+00:00,259.8,260.1,256.8,259.6,405300
1726,2025-06-16 10:00:00+00:00,259.6,260.4,258.0,259.3,301036
1727,2025-06-16 12:00:00+00:00,259.3,260.8,258.0,258.4,308859
1728,2025-06-16 14:00:00+00:00,258.8,259.5,258.5,258.8,92122
1729,2025-06-16 16:00:00+00:00,258.8,260.1,258.0,259.3,158571
1730,2025-06-16 18:00:00+00:00,259.3,259.6,258.3,258.9,78340
1731,2025-06-16 20:00:00+00:00,258.8,258.9,256.2,256.6,181696
1732,2025-06-17 02:00:00+00:00,256.6,256.6,256.6,256.6,326
1733,2025-06-17 04:00:00+00:00,256.6,258.7,255.1,257.3,195072
1734,2025-06-17 06:00:00+00:00,257.3,259.0,256.2,258.0,383886
1735,2025-06-17 08:00:00+00:00,258.1,263.4,258.0,262.8,551900
1736,2025-06-17 10:00:00+00:00,262.8,262.9,260.3,261.4,428157
1737,2025-06-17 12:00:00+00:00,261.6,263.4,261.2,263.2,319695
1738,2025-06-17 12:00:00+00:00,261.6,263.4,261.2,263.2,319695
1739,2025-06-17 14:00:00+00:00,263.3,264.3,262.5,263.6,435395
1740,2025-06-17 16:00:00+00:00,263.6,264.4,262.6,263.2,141044
1741,2025-06-17 18:00:00+00:00,263.3,264.0,261.6,262.9,199033
1742,2025-06-17 20:00:00+00:00,262.8,263.2,262.4,262.7,42227
1743,2025-06-18 02:00:00+00:00,262.8,262.8,262.8,262.8,32
1744,2025-06-18 04:00:00+00:00,263.0,266.2,262.8,264.8,271351
1745,2025-06-18 06:00:00+00:00,264.9,267.0,264.2,265.3,671956
1746,2025-06-18 08:00:00+00:00,265.3,272.0,264.4,271.4,1968510
1747,2025-06-18 10:00:00+00:00,271.4,272.7,269.6,270.2,725709
1748,2025-06-18 12:00:00+00:00,270.2,270.9,266.3,268.6,913387
1749,2025-06-18 14:00:00+00:00,268.7,268.9,266.2,267.5,431105
1750,2025-06-18 16:00:00+00:00,266.8,267.5,264.0,265.3,328630
1751,2025-06-18 18:00:00+00:00,265.5,267.4,264.6,266.1,181577
1752,2025-06-18 20:00:00+00:00,266.3,267.2,265.9,266.8,68275
1753,2025-06-19 02:00:00+00:00,266.5,266.5,266.5,266.5,1206
1754,2025-06-19 04:00:00+00:00,266.5,269.4,265.9,268.6,210244
1755,2025-06-19 06:00:00+00:00,268.9,269.4,266.1,266.8,373166
1756,2025-06-19 08:00:00+00:00,266.6,267.8,265.2,265.4,197937
1757,2025-06-19 10:00:00+00:00,265.3,267.0,264.4,266.2,341735
1758,2025-06-19 12:00:00+00:00,266.0,266.2,262.9,264.8,458872
1759,2025-06-19 14:00:00+00:00,265.1,266.3,264.3,266.0,199929
1760,2025-06-19 16:00:00+00:00,265.8,266.5,264.7,264.9,123997
1761,2025-06-19 18:00:00+00:00,264.9,265.2,264.6,265.0,36076
1762,2025-06-19 20:00:00+00:00,264.8,265.1,264.0,264.6,43880
1763,2025-06-20 02:00:00+00:00,264.9,264.9,264.9,264.9,63
1764,2025-06-20 04:00:00+00:00,264.6,266.5,264.2,264.2,105700
1765,2025-06-20 06:00:00+00:00,264.3,265.3,262.6,264.2,300913
1766,2025-06-20 08:00:00+00:00,264.3,264.7,263.3,263.9,99382
1767,2025-06-20 10:00:00+00:00,263.9,264.0,262.1,262.3,173250
1768,2025-06-20 12:00:00+00:00,262.2,264.0,259.3,259.9,836163
1769,2025-06-20 14:00:00+00:00,259.8,259.8,255.3,255.6,909423
1770,2025-06-20 16:00:00+00:00,256.0,257.3,255.4,255.7,213012
1771,2025-06-20 18:00:00+00:00,255.7,259.8,255.5,258.3,281832
1772,2025-06-20 20:00:00+00:00,258.2,258.8,257.8,258.1,106266
1773,2025-06-23 02:00:00+00:00,258.0,258.0,258.0,258.0,836
1774,2025-06-23 04:00:00+00:00,258.1,261.1,258.1,259.3,125354
1775,2025-06-23 06:00:00+00:00,259.2,259.4,255.9,257.4,249121
1776,2025-06-23 08:00:00+00:00,257.3,259.3,253.5,255.9,673400
1777,2025-06-23 10:00:00+00:00,255.7,256.1,253.6,253.9,283684
1778,2025-06-23 12:00:00+00:00,254.1,257.1,253.7,256.1,284893
1779,2025-06-23 14:00:00+00:00,256.3,258.0,255.8,257.1,337507
1780,2025-06-23 16:00:00+00:00,256.8,257.3,255.2,256.3,141108
1781,2025-06-23 18:00:00+00:00,256.3,256.3,253.1,253.3,296786
1782,2025-06-23 20:00:00+00:00,253.4,254.9,252.9,253.4,98263
1783,2025-06-24 02:00:00+00:00,253.0,253.0,253.0,253.0,2432
1784,2025-06-24 04:00:00+00:00,253.0,255.5,252.1,254.5,283138
1785,2025-06-24 06:00:00+00:00,254.5,255.1,251.8,252.9,372211
1786,2025-06-24 08:00:00+00:00,252.9,255.1,251.3,254.6,455002
1787,2025-06-24 10:00:00+00:00,254.6,254.6,252.9,253.5,118966
1788,2025-06-24 12:00:00+00:00,253.5,261.7,253.5,259.5,1365473
1789,2025-06-24 12:00:00+00:00,253.5,261.7,253.5,259.5,1365473
1790,2025-06-24 14:00:00+00:00,259.5,265.4,259.2,264.5,1257511
1791,2025-06-24 16:00:00+00:00,264.0,266.2,262.8,265.3,621636
1792,2025-06-24 18:00:00+00:00,265.3,271.7,265.2,270.0,1681454
1793,2025-06-24 20:00:00+00:00,270.3,271.5,270.0,271.0,407489
1794,2025-06-25 02:00:00+00:00,270.6,270.6,270.6,270.6,6477
1795,2025-06-25 04:00:00+00:00,270.6,271.5,267.9,268.3,821510
1796,2025-06-25 06:00:00+00:00,268.3,274.6,268.1,272.3,1750353
1797,2025-06-25 08:00:00+00:00,272.3,272.7,268.9,270.9,1054519
1798,2025-06-25 10:00:00+00:00,270.8,271.8,269.6,270.7,476317
1799,2025-06-25 12:00:00+00:00,270.8,271.0,266.3,267.0,888893
1800,2025-06-25 14:00:00+00:00,266.7,269.5,266.6,269.0,391172
1801,2025-06-25 16:00:00+00:00,268.4,270.4,268.3,268.8,193981
1802,2025-06-25 18:00:00+00:00,268.8,269.5,267.1,268.4,213025
1803,2025-06-25 20:00:00+00:00,268.4,268.8,268.0,268.7,71087
1804,2025-06-26 02:00:00+00:00,268.1,268.1,268.1,268.1,1186
1805,2025-06-26 04:00:00+00:00,268.0,269.8,267.2,269.3,155824
1806,2025-06-26 06:00:00+00:00,269.3,271.4,267.5,269.0,1127490
1807,2025-06-26 08:00:00+00:00,269.0,272.4,269.0,271.8,529587
1808,2025-06-26 10:00:00+00:00,272.1,273.5,271.6,273.0,601060
1809,2025-06-26 12:00:00+00:00,273.0,273.3,270.1,271.5,351440
1810,2025-06-26 14:00:00+00:00,271.3,273.1,269.5,270.4,351876
1811,2025-06-26 16:00:00+00:00,270.4,271.3,268.0,269.0,254354
1812,2025-06-26 18:00:00+00:00,268.8,269.4,268.0,269.3,136562
1813,2025-06-26 20:00:00+00:00,269.2,269.8,268.5,269.0,43029
1814,2025-06-27 02:00:00+00:00,268.7,268.7,268.7,268.7,155
1815,2025-06-27 04:00:00+00:00,268.7,270.1,267.4,268.1,136915
1816,2025-06-27 06:00:00+00:00,268.1,269.8,265.7,266.0,504325
1817,2025-06-27 08:00:00+00:00,266.1,267.0,265.2,265.8,392419
1818,2025-06-27 10:00:00+00:00,265.8,266.7,263.8,265.1,539953
1819,2025-06-27 12:00:00+00:00,265.3,266.5,264.0,266.3,427383
1820,2025-06-27 14:00:00+00:00,266.4,269.0,266.0,267.0,615945
1821,2025-06-27 16:00:00+00:00,267.0,269.0,266.6,268.2,211333
1822,2025-06-27 18:00:00+00:00,267.9,268.5,267.6,268.4,130229
1823,2025-06-27 20:00:00+00:00,268.4,268.7,267.8,268.1,87867
1824,2025-06-28 06:00:00+00:00,268.4,269.0,268.3,268.8,46831
1825,2025-06-28 08:00:00+00:00,268.9,269.0,267.9,268.0,40359
1826,2025-06-28 10:00:00+00:00,268.3,268.7,268.1,268.6,8209
1827,2025-06-28 12:00:00+00:00,268.3,268.8,268.2,268.5,15770
1828,2025-06-28 14:00:00+00:00,268.4,269.0,268.3,268.7,32605
1829,2025-06-29 06:00:00+00:00,268.1,268.8,267.8,268.5,7937
1830,2025-06-29 08:00:00+00:00,268.8,268.8,268.1,268.6,6114
1831,2025-06-29 10:00:00+00:00,268.7,269.0,268.4,268.7,10481
1832,2025-06-29 12:00:00+00:00,268.7,270.7,268.7,269.2,98735
1833,2025-06-29 14:00:00+00:00,269.2,269.6,267.9,269.1,53739
1834,2025-06-30 02:00:00+00:00,269.0,269.0,269.0,269.0,142
1835,2025-06-30 04:00:00+00:00,269.0,271.2,268.1,269.0,143299
1836,2025-06-30 06:00:00+00:00,269.2,272.0,268.6,269.9,414308
1837,2025-06-30 08:00:00+00:00,269.9,270.8,268.9,270.4,278669
1838,2025-06-30 10:00:00+00:00,270.2,277.6,270.2,275.9,1572214
1839,2025-06-30 12:00:00+00:00,275.8,279.0,275.4,276.7,922901
1840,2025-06-30 14:00:00+00:00,276.7,281.3,276.4,279.7,1489161
1841,2025-06-30 16:00:00+00:00,279.9,282.0,279.6,281.7,465387
1842,2025-06-30 18:00:00+00:00,281.7,281.7,280.0,280.0,197428
1843,2025-06-30 20:00:00+00:00,280.0,280.2,279.5,280.0,104905
1844,2025-07-01 02:00:00+00:00,280.0,280.0,280.0,280.0,2597
1845,2025-07-01 04:00:00+00:00,280.0,280.7,278.0,280.4,364219
1846,2025-07-01 06:00:00+00:00,280.4,283.1,279.2,280.5,630042
1847,2025-07-01 08:00:00+00:00,280.5,284.9,279.8,283.5,1886922
1848,2025-07-01 10:00:00+00:00,283.5,284.8,281.5,284.3,560097
1849,2025-07-01 12:00:00+00:00,284.4,286.7,283.5,284.5,1051629
1850,2025-07-01 12:00:00+00:00,284.4,286.7,283.5,284.5,1051629
1851,2025-07-01 14:00:00+00:00,284.5,285.8,281.2,282.9,709599
1852,2025-07-01 16:00:00+00:00,282.9,283.6,279.0,281.2,734182
1853,2025-07-01 18:00:00+00:00,281.0,281.8,278.7,279.1,402153
1854,2025-07-01 20:00:00+00:00,279.3,285.6,278.7,281.7,628341
1855,2025-07-02 02:00:00+00:00,281.9,281.9,281.9,281.9,188
1856,2025-07-02 04:00:00+00:00,281.9,285.8,281.4,283.5,728144
1857,2025-07-02 06:00:00+00:00,283.4,284.8,280.6,281.9,659091
1858,2025-07-02 08:00:00+00:00,281.8,283.6,280.2,282.5,712369
1859,2025-07-02 10:00:00+00:00,282.5,284.8,281.0,283.3,620326
1860,2025-07-02 12:00:00+00:00,283.3,287.4,283.3,285.2,1041852
1861,2025-07-02 14:00:00+00:00,285.2,286.2,282.5,283.3,471289
1862,2025-07-02 16:00:00+00:00,283.3,290.0,283.3,289.0,887890
1863,2025-07-02 18:00:00+00:00,289.0,289.5,286.8,287.7,620971
1864,2025-07-02 20:00:00+00:00,287.7,289.3,287.1,288.8,113244
1865,2025-07-03 02:00:00+00:00,288.7,288.7,288.7,288.7,409
1866,2025-07-03 04:00:00+00:00,288.7,290.5,285.4,287.6,681552
1867,2025-07-03 06:00:00+00:00,287.5,288.8,283.2,287.7,1132966
1868,2025-07-03 08:00:00+00:00,287.7,294.5,287.3,291.7,2509162
1869,2025-07-03 10:00:00+00:00,291.8,298.4,290.8,294.0,1743644
1870,2025-07-03 12:00:00+00:00,294.2,298.0,293.7,296.7,828648
1871,2025-07-03 14:00:00+00:00,296.6,296.7,293.7,295.3,658103
1872,2025-07-03 16:00:00+00:00,295.9,295.9,292.0,293.1,584414
1873,2025-07-03 18:00:00+00:00,293.2,294.1,292.3,292.8,250819
1874,2025-07-03 20:00:00+00:00,292.8,293.0,291.6,293.0,148505
1875,2025-07-04 02:00:00+00:00,293.0,293.0,293.0,293.0,1937
1876,2025-07-04 04:00:00+00:00,293.0,293.0,289.2,290.0,468524
1877,2025-07-04 06:00:00+00:00,290.0,294.7,290.0,291.5,605220
1878,2025-07-04 08:00:00+00:00,291.5,291.7,286.2,289.9,1263001
1879,2025-07-04 10:00:00+00:00,289.8,291.9,287.6,290.6,630324
1880,2025-07-04 12:00:00+00:00,290.6,291.5,288.8,289.3,275353
1881,2025-07-04 14:00:00+00:00,289.0,290.2,288.8,289.7,228262
1882,2025-07-04 16:00:00+00:00,289.7,290.8,287.7,288.7,327751
1883,2025-07-04 18:00:00+00:00,288.5,289.8,287.4,288.0,238309
1884,2025-07-04 20:00:00+00:00,288.0,290.0,288.0,289.7,98237
1885,2025-07-05 06:00:00+00:00,290.0,290.0,288.7,289.3,27982
1886,2025-07-05 08:00:00+00:00,289.3,289.4,289.0,289.3,30884
1887,2025-07-05 10:00:00+00:00,289.0,289.3,288.6,288.9,10388
1888,2025-07-05 12:00:00+00:00,288.9,289.3,288.5,288.8,21743
1889,2025-07-05 14:00:00+00:00,288.8,289.0,288.3,288.5,16722
1890,2025-07-06 06:00:00+00:00,288.0,288.6,288.0,288.3,15376
1891,2025-07-06 08:00:00+00:00,288.3,288.5,287.9,288.1,18477
1892,2025-07-06 10:00:00+00:00,288.1,288.5,286.1,287.5,85213
1893,2025-07-06 12:00:00+00:00,287.5,287.9,287.2,287.6,25880
1894,2025-07-06 14:00:00+00:00,287.6,287.8,287.1,287.4,25587
1895,2025-07-07 02:00:00+00:00,289.7,289.7,289.7,289.7,10003
1896,2025-07-07 04:00:00+00:00,289.0,289.2,283.8,285.2,509198
1897,2025-07-07 06:00:00+00:00,285.3,286.2,280.1,284.1,953762
1898,2025-07-07 08:00:00+00:00,284.1,286.6,282.5,284.8,881941
1899,2025-07-07 10:00:00+00:00,284.8,285.3,283.1,285.1,322742
1900,2025-07-07 12:00:00+00:00,285.1,285.8,283.8,284.3,392042
1901,2025-07-07 14:00:00+00:00,284.3,286.8,284.2,285.5,405272
1902,2025-07-07 16:00:00+00:00,285.5,285.9,283.5,283.9,252269
1903,2025-07-07 18:00:00+00:00,284.0,285.0,283.3,284.5,139623
1904,2025-07-07 20:00:00+00:00,284.4,284.6,283.4,284.2,54649
1905,2025-07-08 02:00:00+00:00,283.1,283.1,283.1,283.1,1000
1906,2025-07-08 04:00:00+00:00,284.0,284.0,280.1,281.7,686148
1907,2025-07-08 06:00:00+00:00,282.0,284.6,279.5,284.3,792288
1908,2025-07-08 08:00:00+00:00,284.4,287.9,283.5,285.3,817430
1909,2025-07-08 10:00:00+00:00,285.6,286.1,283.5,283.8,312897
1910,2025-07-08 12:00:00+00:00,283.8,287.0,282.5,286.7,539192
1911,2025-07-08 12:00:00+00:00,283.8,287.0,282.5,286.7,539192
1912,2025-07-08 14:00:00+00:00,286.4,295.7,286.4,294.1,1873703
1913,2025-07-08 16:00:00+00:00,294.0,294.7,285.8,286.4,1192983
1914,2025-07-08 18:00:00+00:00,286.5,288.2,285.4,286.5,648564
1915,2025-07-08 20:00:00+00:00,286.6,287.2,284.0,285.0,192747
1916,2025-07-09 02:00:00+00:00,285.1,285.1,285.1,285.1,181
1917,2025-07-09 04:00:00+00:00,285.3,290.6,285.2,288.4,592734
1918,2025-07-09 06:00:00+00:00,288.4,291.7,286.4,289.0,1163102
1919,2025-07-09 08:00:00+00:00,289.0,293.0,286.6,287.9,1654470
1920,2025-07-09 10:00:00+00:00,287.9,291.5,287.4,291.4,1032269
1921,2025-07-09 12:00:00+00:00,291.4,297.9,291.1,296.5,3045931
1922,2025-07-09 14:00:00+00:00,296.4,296.6,292.5,296.3,1880239
1923,2025-07-09 16:00:00+00:00,295.7,302.8,295.3,298.7,3467591
1924,2025-07-09 18:00:00+00:00,298.5,302.0,297.9,301.0,1025858
1925,2025-07-09 20:00:00+00:00,300.8,303.5,299.7,302.9,580385
1926,2025-07-10 02:00:00+00:00,303.3,303.3,303.3,303.3,9358
1927,2025-07-10 04:00:00+00:00,303.3,304.8,298.7,301.7,1005418
1928,2025-07-10 06:00:00+00:00,301.4,310.4,301.0,309.0,2873627
1929,2025-07-10 08:00:00+00:00,309.0,309.4,304.2,304.6,1976127
1930,2025-07-10 10:00:00+00:00,304.6,309.8,302.7,307.1,2538046
1931,2025-07-10 12:00:00+00:00,307.1,318.4,306.6,317.6,5133280
1932,2025-07-10 14:00:00+00:00,317.7,320.0,316.3,317.3,2926064
1933,2025-07-10 16:00:00+00:00,317.3,320.8,315.2,320.3,1752642
1934,2025-07-10 18:00:00+00:00,320.3,321.0,318.2,319.6,1639345
1935,2025-07-10 20:00:00+00:00,319.6,320.5,319.1,319.4,417692
1936,2025-07-11 02:00:00+00:00,319.7,319.7,319.7,319.7,9489
1937,2025-07-11 04:00:00+00:00,319.5,320.0,314.1,315.4,2187633
1938,2025-07-11 06:00:00+00:00,315.3,324.5,314.7,317.0,3586752
1939,2025-07-11 08:00:00+00:00,317.0,317.4,313.0,314.3,3161787
1940,2025-07-11 10:00:00+00:00,314.3,316.0,310.6,312.8,3005899
1941,2025-07-11 12:00:00+00:00,312.9,326.6,311.5,326.1,4578778
1942,2025-07-11 14:00:00+00:00,326.3,327.2,319.0,320.7,5012609
1943,2025-07-11 16:00:00+00:00,320.1,323.6,319.2,321.3,1240827
1944,2025-07-11 18:00:00+00:00,321.4,322.0,316.7,318.3,1551201
1945,2025-07-11 20:00:00+00:00,318.4,322.0,317.5,321.8,427249
1946,2025-07-12 06:00:00+00:00,320.5,325.8,320.2,324.2,421863
1947,2025-07-12 08:00:00+00:00,324.1,324.7,321.9,322.3,309148
1948,2025-07-12 10:00:00+00:00,322.2,324.0,321.8,322.4,182892
1949,2025-07-12 12:00:00+00:00,322.4,323.0,322.0,322.7,68098
1950,2025-07-12 14:00:00+00:00,322.7,323.7,322.1,323.3,87308
1951,2025-07-13 06:00:00+00:00,322.1,323.5,321.6,322.4,110799
1952,2025-07-13 08:00:00+00:00,322.1,322.3,319.5,320.9,370353
1953,2025-07-13 10:00:00+00:00,320.6,320.8,316.5,318.0,380965
1954,2025-07-13 12:00:00+00:00,318.0,319.5,317.3,319.2,121836
1955,2025-07-13 14:00:00+00:00,319.2,320.3,317.3,318.2,201017
1956,2025-07-14 02:00:00+00:00,317.0,317.0,317.0,317.0,4547
1957,2025-07-14 04:00:00+00:00,317.0,317.0,313.0,314.5,1275716
1958,2025-07-14 06:00:00+00:00,314.5,322.6,312.6,318.0,2391050
1959,2025-07-14 08:00:00+00:00,318.0,319.0,314.0,315.1,1411366
1960,2025-07-14 10:00:00+00:00,315.3,316.4,314.0,314.8,726183
1961,2025-07-14 12:00:00+00:00,314.9,317.2,313.1,314.5,972002
1962,2025-07-14 14:00:00+00:00,314.5,321.9,307.5,318.6,5161339
1963,2025-07-14 16:00:00+00:00,319.0,324.0,318.7,320.1,2286956
1964,2025-07-14 18:00:00+00:00,320.1,322.9,319.4,321.7,571753
1965,2025-07-14 20:00:00+00:00,321.7,324.2,321.6,324.2,219525
1966,2025-07-15 02:00:00+00:00,323.9,323.9,323.9,323.9,11888
1967,2025-07-15 04:00:00+00:00,323.6,324.8,320.8,324.2,1003428
1968,2025-07-15 06:00:00+00:00,324.4,327.8,320.8,321.3,2903620
1969,2025-07-15 08:00:00+00:00,321.0,332.5,321.0,331.3,4711160
1970,2025-07-15 10:00:00+00:00,331.4,331.7,328.3,329.4,1428187
1971,2025-07-15 12:00:00+00:00,329.3,330.3,327.6,329.1,1051206
1972,2025-07-15 12:00:00+00:00,329.3,330.3,327.6,329.1,1051206
1973,2025-07-15 14:00:00+00:00,329.1,333.7,329.1,331.9,1725012
1974,2025-07-15 16:00:00+00:00,331.9,332.3,329.7,331.2,586326
1975,2025-07-15 18:00:00+00:00,331.4,332.3,330.4,331.2,322495
1976,2025-07-15 20:00:00+00:00,331.2,332.0,330.6,331.0,121994
1977,2025-07-16 02:00:00+00:00,331.5,331.5,331.5,331.5,190
1978,2025-07-16 04:00:00+00:00,331.3,332.7,329.1,329.9,705462
1979,2025-07-16 06:00:00+00:00,330.0,331.2,327.3,328.3,1064599
1980,2025-07-16 08:00:00+00:00,328.3,331.3,327.8,330.9,959216
1981,2025-07-16 10:00:00+00:00,330.7,331.1,327.8,328.2,714266
1982,2025-07-16 12:00:00+00:00,328.2,330.5,327.9,329.1,653100
1983,2025-07-16 14:00:00+00:00,329.1,330.0,328.1,328.9,575264
1984,2025-07-16 16:00:00+00:00,329.3,331.9,328.4,331.0,832005
1985,2025-07-16 18:00:00+00:00,331.0,331.3,328.2,328.8,513506
1986,2025-07-16 20:00:00+00:00,328.9,329.4,328.8,329.0,75530
1987,2025-07-17 02:00:00+00:00,329.0,329.0,329.0,329.0,444
1988,2025-07-17 04:00:00+00:00,328.6,329.8,325.6,327.8,594399
1989,2025-07-17 06:00:00+00:00,327.7,331.5,326.9,330.0,1005213
1990,2025-07-17 08:00:00+00:00,330.0,330.9,329.1,330.0,478702
1991,2025-07-17 10:00:00+00:00,330.1,330.9,327.0,328.5,873464
1992,2025-07-17 12:00:00+00:00,328.4,328.7,325.0,325.2,777722
1993,2025-07-17 14:00:00+00:00,325.1,325.8,321.8,322.8,1378222
1994,2025-07-17 16:00:00+00:00,322.9,323.3,318.3,322.2,1404345
1995,2025-07-17 18:00:00+00:00,322.5,323.7,321.3,321.9,454107
1996,2025-07-17 20:00:00+00:00,321.9,323.4,321.5,322.6,133320
1997,2025-07-18 02:00:00+00:00,322.6,322.6,322.6,322.6,49
1998,2025-07-18 04:00:00+00:00,322.6,326.0,321.5,325.1,395621
1999,2025-07-18 06:00:00+00:00,325.1,327.1,322.0,323.2,1109167
2000,2025-07-18 08:00:00+00:00,323.2,329.9,321.5,327.1,2751193
2001,2025-07-18 10:00:00+00:00,327.2,328.4,323.1,325.8,1790971
2002,2025-07-18 12:00:00+00:00,325.9,326.2,324.2,324.9,534465
2003,2025-07-18 14:00:00+00:00,325.0,328.8,324.2,327.7,1240680
2004,2025-07-18 16:00:00+00:00,327.9,328.1,326.7,326.9,281240
2005,2025-07-18 18:00:00+00:00,327.1,328.4,326.8,328.2,236333
2006,2025-07-18 20:00:00+00:00,328.1,328.6,327.1,327.4,145368
2007,2025-07-19 06:00:00+00:00,327.4,330.8,327.4,329.5,249882
2008,2025-07-19 08:00:00+00:00,329.5,330.3,328.5,328.7,96870
2009,2025-07-19 10:00:00+00:00,328.6,332.3,328.6,330.0,649062
2010,2025-07-19 12:00:00+00:00,330.3,330.5,329.3,330.4,110830
2011,2025-07-19 14:00:00+00:00,330.4,330.5,329.6,329.7,63870
2012,2025-07-20 06:00:00+00:00,332.0,332.0,329.1,330.3,126632
2013,2025-07-20 08:00:00+00:00,330.1,330.3,329.1,329.2,87365
2014,2025-07-20 10:00:00+00:00,329.1,329.7,329.0,329.7,45807
2015,2025-07-20 12:00:00+00:00,329.7,330.5,329.4,329.8,40227
2016,2025-07-20 14:00:00+00:00,329.8,330.3,328.8,328.9,65695
2017,2025-07-21 02:00:00+00:00,328.6,328.6,328.6,328.6,787
2018,2025-07-21 04:00:00+00:00,328.5,335.0,328.1,332.7,1429926
2019,2025-07-21 06:00:00+00:00,332.5,333.4,329.1,333.4,1415031
2020,2025-07-21 08:00:00+00:00,333.4,339.0,332.7,337.9,3774911
2021,2025-07-21 10:00:00+00:00,337.7,339.0,335.0,336.8,1727059
2022,2025-07-21 12:00:00+00:00,337.0,338.5,335.1,337.0,1577761
2023,2025-07-21 14:00:00+00:00,337.2,337.8,336.0,336.7,548447
2024,2025-07-21 16:00:00+00:00,336.8,337.3,335.3,336.4,447238
2025,2025-07-21 18:00:00+00:00,336.6,337.6,336.0,337.0,275243
2026,2025-07-21 20:00:00+00:00,336.9,338.0,336.8,337.4,215134
2027,2025-07-22 02:00:00+00:00,337.9,337.9,337.9,337.9,629
2028,2025-07-22 04:00:00+00:00,338.1,338.5,335.5,335.9,254765
2029,2025-07-22 06:00:00+00:00,336.0,343.2,335.1,341.1,3206731
2030,2025-07-22 08:00:00+00:00,341.1,343.6,339.7,342.5,1913379
2031,2025-07-22 10:00:00+00:00,342.5,342.5,338.3,338.6,1104160
2032,2025-07-22 12:00:00+00:00,338.6,338.8,335.2,336.0,3228001
2033,2025-07-22 12:00:00+00:00,338.6,338.8,335.2,336.0,3228001
2034,2025-07-22 14:00:00+00:00,336.0,336.5,332.9,334.4,1400559
2035,2025-07-22 16:00:00+00:00,335.2,335.8,333.6,335.0,445776
2036,2025-07-22 18:00:00+00:00,335.0,336.9,334.7,336.7,261769
2037,2025-07-22 20:00:00+00:00,336.6,336.7,335.1,335.8,95788
2038,2025-07-23 02:00:00+00:00,336.0,336.0,336.0,336.0,656
2039,2025-07-23 04:00:00+00:00,336.5,337.4,333.4,333.8,635193
2040,2025-07-23 06:00:00+00:00,334.0,337.7,333.7,336.5,831431
2041,2025-07-23 08:00:00+00:00,336.3,336.5,333.6,334.7,723293
2042,2025-07-23 10:00:00+00:00,334.7,334.8,331.0,332.7,1108826
2043,2025-07-23 12:00:00+00:00,332.7,333.7,330.6,331.3,736930
2044,2025-07-23 14:00:00+00:00,331.2,334.6,330.6,333.7,842481
2045,2025-07-23 16:00:00+00:00,333.9,334.5,331.5,332.9,464269
2046,2025-07-23 18:00:00+00:00,332.8,333.5,331.0,332.6,439158
2047,2025-07-23 20:00:00+00:00,332.6,332.8,331.7,332.0,115705
2048,2025-07-24 02:00:00+00:00,331.2,331.2,331.2,331.2,2409
2049,2025-07-24 04:00:00+00:00,331.2,333.3,330.1,332.1,294364
2050,2025-07-24 06:00:00+00:00,332.4,333.9,331.0,331.9,422547
2051,2025-07-24 08:00:00+00:00,331.9,333.6,330.5,332.3,667126
2052,2025-07-24 10:00:00+00:00,332.3,332.9,330.3,331.9,371846
2053,2025-07-24 12:00:00+00:00,331.9,334.4,331.7,332.5,535630
2054,2025-07-24 14:00:00+00:00,332.7,333.9,332.1,332.8,251543
2055,2025-07-24 16:00:00+00:00,332.8,335.8,332.7,335.1,563739
2056,2025-07-24 18:00:00+00:00,335.1,335.8,333.7,334.0,400506
2057,2025-07-24 20:00:00+00:00,334.0,334.9,333.5,334.0,132999
2058,2025-07-25 02:00:00+00:00,334.6,334.6,334.6,334.6,360
2059,2025-07-25 04:00:00+00:00,334.0,335.2,333.4,334.0,126379
2060,2025-07-25 06:00:00+00:00,333.8,334.4,331.5,332.0,657965
2061,2025-07-25 08:00:00+00:00,332.0,332.5,330.2,331.2,598626
2062,2025-07-25 10:00:00+00:00,331.4,334.0,324.4,330.2,2379960
2063,2025-07-25 12:00:00+00:00,330.2,333.3,325.1,325.9,1458680
2064,2025-07-25 14:00:00+00:00,325.8,327.7,323.4,324.4,946169
2065,2025-07-25 16:00:00+00:00,324.5,327.5,322.5,325.8,669147
2066,2025-07-25 18:00:00+00:00,325.9,326.6,325.3,325.8,118756
2067,2025-07-25 20:00:00+00:00,325.7,326.2,325.1,325.4,118856
2068,2025-07-26 06:00:00+00:00,325.3,326.8,325.3,326.2,43276
2069,2025-07-26 08:00:00+00:00,326.2,326.4,325.1,325.6,49858
2070,2025-07-26 10:00:00+00:00,325.6,325.9,323.3,323.8,79806
2071,2025-07-26 12:00:00+00:00,323.9,324.1,323.2,323.7,60324
2072,2025-07-26 14:00:00+00:00,323.7,324.4,323.5,324.3,39974
2073,2025-07-27 06:00:00+00:00,324.6,324.6,321.3,322.3,132152
2074,2025-07-27 08:00:00+00:00,322.3,322.3,320.8,321.2,121750
2075,2025-07-27 10:00:00+00:00,321.2,322.1,320.8,321.5,60749
2076,2025-07-27 12:00:00+00:00,321.4,321.9,321.2,321.5,36674
2077,2025-07-27 14:00:00+00:00,321.5,323.2,321.4,322.9,78184
2078,2025-07-28 02:00:00+00:00,322.9,322.9,322.9,322.9,205
2079,2025-07-28 04:00:00+00:00,323.0,324.7,321.5,323.9,287930
2080,2025-07-28 06:00:00+00:00,323.9,323.9,320.1,321.5,977180
2081,2025-07-28 08:00:00+00:00,321.5,327.9,321.0,326.6,1457068
2082,2025-07-28 10:00:00+00:00,326.6,328.7,323.8,325.0,892537
2083,2025-07-28 12:00:00+00:00,325.0,325.1,316.6,317.6,3076715
2084,2025-07-28 14:00:00+00:00,317.6,319.0,316.3,316.9,924890
2085,2025-07-28 16:00:00+00:00,316.9,318.4,315.3,315.8,828668
2086,2025-07-28 18:00:00+00:00,315.9,317.4,315.5,317.0,298884
2087,2025-07-28 20:00:00+00:00,317.2,317.4,316.5,317.2,90652
2088,2025-07-29 02:00:00+00:00,316.5,316.5,316.5,316.5,595
2089,2025-07-29 04:00:00+00:00,316.4,319.0,312.5,313.6,985621
2090,2025-07-29 06:00:00+00:00,313.6,316.8,311.4,313.1,1172394
2091,2025-07-29 08:00:00+00:00,313.3,316.1,311.8,314.8,796056
2092,2025-07-29 10:00:00+00:00,314.8,317.6,313.3,316.6,514732
2093,2025-07-29 12:00:00+00:00,316.6,318.0,314.8,315.3,322346
2094,2025-07-29 12:00:00+00:00,316.6,318.0,314.8,315.3,322346
2095,2025-07-29 14:00:00+00:00,315.4,318.8,314.1,318.1,430161
2096,2025-07-29 16:00:00+00:00,317.9,318.9,313.5,314.4,464849
2097,2025-07-29 18:00:00+00:00,314.2,314.5,312.3,314.2,585443
2098,2025-07-29 20:00:00+00:00,314.1,314.9,314.0,314.7,128646
2099,2025-07-30 02:00:00+00:00,314.2,314.2,314.2,314.2,306
2100,2025-07-30 04:00:00+00:00,314.2,315.7,311.9,313.1,320586
2101,2025-07-30 06:00:00+00:00,313.1,319.7,312.8,319.0,1360155
2102,2025-07-30 08:00:00+00:00,319.2,327.0,318.9,322.3,3924518
2103,2025-07-30 10:00:00+00:00,322.4,323.2,320.2,321.0,1509176
2104,2025-07-30 12:00:00+00:00,321.0,322.3,319.0,321.3,1318946
2105,2025-07-30 14:00:00+00:00,321.4,324.0,321.1,322.3,644006
2106,2025-07-30 16:00:00+00:00,322.3,322.9,320.3,321.3,324822
2107,2025-07-30 18:00:00+00:00,321.4,324.0,321.3,323.9,355610
2108,2025-07-30 20:00:00+00:00,323.8,325.8,323.0,325.6,351592
2109,2025-07-31 02:00:00+00:00,325.5,325.5,325.5,325.5,462
2110,2025-07-31 04:00:00+00:00,325.4,325.8,322.9,324.3,299067
2111,2025-07-31 06:00:00+00:00,324.6,328.4,321.8,322.5,1009026
2112,2025-07-31 08:00:00+00:00,322.6,325.2,320.8,323.6,784715
2113,2025-07-31 10:00:00+00:00,323.7,325.7,322.5,323.9,344766
2114,2025-07-31 12:00:00+00:00,323.9,324.9,322.9,324.1,194097
2115,2025-07-31 14:00:00+00:00,324.2,324.3,322.9,323.7,164197
2116,2025-07-31 16:00:00+00:00,323.6,325.8,323.6,325.2,213670
2117,2025-07-31 18:00:00+00:00,325.2,325.8,324.3,324.4,102964
2118,2025-07-31 20:00:00+00:00,324.4,324.8,323.6,323.9,65514
2119,2025-08-01 02:00:00+00:00,323.9,323.9,323.9,323.9,20
2120,2025-08-01 04:00:00+00:00,323.9,327.0,323.9,325.6,201988
2121,2025-08-01 06:00:00+00:00,325.3,329.3,325.1,328.2,659513
2122,2025-08-01 08:00:00+00:00,328.1,332.0,327.5,330.2,919412
2123,2025-08-01 10:00:00+00:00,330.1,330.4,325.9,326.4,832113
2124,2025-08-01 12:00:00+00:00,326.4,329.7,325.7,327.7,557612
2125,2025-08-01 14:00:00+00:00,327.7,329.1,327.1,327.7,281008
2126,2025-08-01 16:00:00+00:00,327.7,328.0,324.1,326.5,554184
2127,2025-08-01 18:00:00+00:00,326.5,327.9,325.8,326.7,209290
2128,2025-08-01 20:00:00+00:00,326.9,328.3,326.8,327.3,111801
2129,2025-08-04 02:00:00+00:00,328.5,328.5,328.5,328.5,3252
2130,2025-08-04 04:00:00+00:00,328.4,328.5,326.8,328.2,118161
2131,2025-08-04 06:00:00+00:00,328.2,331.0,327.4,330.0,700098
2132,2025-08-04 08:00:00+00:00,330.2,332.2,329.5,331.7,653102
2133,2025-08-04 10:00:00+00:00,331.6,331.8,328.2,329.5,579898
2134,2025-08-04 12:00:00+00:00,329.4,330.7,328.5,329.7,229403
2135,2025-08-04 14:00:00+00:00,330.0,330.0,328.3,329.7,489367
2136,2025-08-04 16:00:00+00:00,329.4,330.6,329.0,330.1,177035
2137,2025-08-04 18:00:00+00:00,330.1,332.0,329.2,330.1,338470
2138,2025-08-04 20:00:00+00:00,330.2,331.8,329.8,330.6,100397
2139,2025-08-05 02:00:00+00:00,330.6,330.6,330.6,330.6,535
2140,2025-08-05 04:00:00+00:00,330.8,333.5,329.9,332.6,426728
2141,2025-08-05 06:00:00+00:00,332.5,332.6,330.2,330.6,295794
2142,2025-08-05 08:00:00+00:00,330.6,331.0,327.9,328.0,477867
2143,2025-08-05 10:00:00+00:00,328.0,328.0,325.7,327.4,702286
2144,2025-08-05 12:00:00+00:00,327.3,329.8,325.5,328.4,614859
2145,2025-08-05 12:00:00+00:00,327.3,329.8,325.5,328.4,614859
2146,2025-08-05 14:00:00+00:00,328.4,328.4,325.0,327.3,387557
2147,2025-08-05 16:00:00+00:00,327.3,329.2,326.6,326.9,337189
2148,2025-08-05 18:00:00+00:00,327.0,328.3,326.8,328.1,100834
2149,2025-08-05 20:00:00+00:00,328.0,328.1,327.5,328.0,72672
2150,2025-08-06 02:00:00+00:00,328.7,328.7,328.7,328.7,470
2151,2025-08-06 04:00:00+00:00,328.6,329.0,327.0,328.4,110063
2152,2025-08-06 06:00:00+00:00,328.5,330.4,326.5,327.2,420258
2153,2025-08-06 08:00:00+00:00,327.2,329.0,327.0,328.8,246751
2154,2025-08-06 10:00:00+00:00,328.8,329.6,328.0,328.8,255719
2155,2025-08-06 12:00:00+00:00,328.8,330.6,327.8,327.8,692715
2156,2025-08-06 14:00:00+00:00,327.8,330.5,323.3,325.3,908890
2157,2025-08-06 16:00:00+00:00,325.3,330.0,324.0,329.6,682864
2158,2025-08-06 18:00:00+00:00,329.8,334.9,329.1,331.1,1222174
2159,2025-08-06 20:00:00+00:00,331.0,331.6,329.4,330.9,237373
2160,2025-08-07 02:00:00+00:00,330.9,330.9,330.9,330.9,5218
2161,2025-08-07 04:00:00+00:00,331.0,331.0,329.1,329.8,196922
2162,2025-08-07 06:00:00+00:00,330.0,333.0,328.4,331.4,451837
2163,2025-08-07 08:00:00+00:00,331.5,334.4,329.7,330.8,1414807
2164,2025-08-07 10:00:00+00:00,330.8,333.5,330.1,333.0,806669
2165,2025-08-07 12:00:00+00:00,333.0,333.4,330.0,332.0,408751
2166,2025-08-07 14:00:00+00:00,332.1,332.6,328.6,328.6,483154
2167,2025-08-07 16:00:00+00:00,328.6,330.9,327.5,328.9,330537
2168,2025-08-07 18:00:00+00:00,328.7,333.0,328.7,331.2,417747
2169,2025-08-07 20:00:00+00:00,331.2,332.5,330.6,331.8,102741
2170,2025-08-08 02:00:00+00:00,333.0,333.0,333.0,333.0,5000
2171,2025-08-08 04:00:00+00:00,332.7,332.7,329.8,330.4,197867
2172,2025-08-08 06:00:00+00:00,330.4,332.9,329.1,329.2,302066
2173,2025-08-08 08:00:00+00:00,329.3,330.0,328.7,328.8,288586
2174,2025-08-08 10:00:00+00:00,328.8,331.3,328.2,330.5,362639
2175,2025-08-08 12:00:00+00:00,330.6,332.6,329.9,330.6,488304
2176,2025-08-08 14:00:00+00:00,330.6,336.0,330.1,334.9,989865
2177,2025-08-08 16:00:00+00:00,334.5,334.8,333.1,333.9,195412
2178,2025-08-08 18:00:00+00:00,334.0,334.7,333.3,333.5,168974
2179,2025-08-08 20:00:00+00:00,333.4,335.2,333.1,334.6,290463
2180,2025-08-11 02:00:00+00:00,337.1,337.1,337.1,337.1,3357
2181,2025-08-11 04:00:00+00:00,337.2,339.2,336.3,338.4,707494
2182,2025-08-11 06:00:00+00:00,338.3,341.4,337.4,337.9,1019024
2183,2025-08-11 08:00:00+00:00,337.8,339.4,337.2,338.5,337340
2184,2025-08-11 10:00:00+00:00,338.6,340.8,337.6,339.6,565099
2185,2025-08-11 12:00:00+00:00,339.7,341.0,339.1,340.7,350918
2186,2025-08-11 14:00:00+00:00,340.6,342.5,339.9,341.3,645303
2187,2025-08-11 16:00:00+00:00,340.3,341.6,337.7,339.6,642857
2188,2025-08-11 18:00:00+00:00,339.5,340.6,338.7,340.0,131446
2189,2025-08-11 20:00:00+00:00,340.0,340.5,339.6,340.4,50957
2190,2025-08-12 02:00:00+00:00,340.4,340.4,340.4,340.4,1395
2191,2025-08-12 04:00:00+00:00,340.5,342.6,339.5,339.6,242850
2192,2025-08-12 06:00:00+00:00,339.7,342.4,339.1,340.7,454697
2193,2025-08-12 08:00:00+00:00,340.5,350.6,339.8,348.8,2273813
2194,2025-08-12 10:00:00+00:00,348.8,353.5,348.1,348.9,1866808
2195,2025-08-12 12:00:00+00:00,348.9,350.5,346.9,349.7,1093249
2196,2025-08-12 12:00:00+00:00,348.9,350.5,346.9,349.7,1093249
2197,2025-08-12 14:00:00+00:00,349.7,356.0,349.3,354.7,2337578
2198,2025-08-12 16:00:00+00:00,354.7,357.4,353.8,355.6,1264385
2199,2025-08-12 18:00:00+00:00,355.6,357.8,355.6,356.2,591540
2200,2025-08-12 20:00:00+00:00,356.2,357.7,355.7,357.4,262912
2201,2025-08-13 02:00:00+00:00,358.4,358.4,358.4,358.4,35530
2202,2025-08-13 04:00:00+00:00,358.5,366.5,357.3,362.9,2467574
2203,2025-08-13 06:00:00+00:00,363.0,364.1,350.6,352.0,6486821
2204,2025-08-13 08:00:00+00:00,352.0,356.4,351.1,354.6,2519486
2205,2025-08-13 10:00:00+00:00,354.5,355.3,351.2,351.3,824221
2206,2025-08-13 12:00:00+00:00,351.3,359.1,351.1,356.3,2977480
2207,2025-08-13 14:00:00+00:00,356.4,356.9,353.6,355.1,816962
2208,2025-08-13 16:00:00+00:00,355.1,355.1,352.0,352.8,568092
2209,2025-08-13 18:00:00+00:00,352.8,353.7,352.4,353.5,224158
2210,2025-08-13 20:00:00+00:00,353.3,353.5,351.6,352.7,230850
2211,2025-08-14 02:00:00+00:00,352.2,352.2,352.2,352.2,2707
2212,2025-08-14 04:00:00+00:00,352.3,353.4,347.7,350.2,687639
2213,2025-08-14 06:00:00+00:00,350.6,351.8,347.7,348.2,770269
2214,2025-08-14 08:00:00+00:00,348.2,350.6,346.4,349.3,1036342
2215,2025-08-14 10:00:00+00:00,349.2,350.8,348.2,348.7,489057
2216,2025-08-14 12:00:00+00:00,348.6,351.6,348.4,350.1,772531
2217,2025-08-14 14:00:00+00:00,350.2,350.7,347.8,349.9,368211
2218,2025-08-14 16:00:00+00:00,349.2,349.7,348.3,349.3,161378
2219,2025-08-14 18:00:00+00:00,349.3,351.1,348.7,349.9,319420
2220,2025-08-14 20:00:00+00:00,349.7,349.9,348.8,349.0,74719
2221,2025-08-15 02:00:00+00:00,349.5,349.5,349.5,349.5,1160
2222,2025-08-15 04:00:00+00:00,349.5,351.0,347.9,349.5,114290
2223,2025-08-15 06:00:00+00:00,349.5,352.8,349.3,351.0,603460
2224,2025-08-15 08:00:00+00:00,350.8,352.9,350.1,352.0,440791
2225,2025-08-15 10:00:00+00:00,352.0,352.4,349.0,350.8,464720
2226,2025-08-15 12:00:00+00:00,350.9,351.5,349.1,351.4,306712
2227,2025-08-15 14:00:00+00:00,351.4,352.1,349.3,350.6,451021
2228,2025-08-15 16:00:00+00:00,350.6,351.6,350.1,350.5,163565
2229,2025-08-15 18:00:00+00:00,350.3,351.3,348.0,349.4,315583
2230,2025-08-15 20:00:00+00:00,349.4,351.9,348.6,350.2,184595
2231,2025-08-16 06:00:00+00:00,347.0,347.0,340.7,344.1,460349
2232,2025-08-16 08:00:00+00:00,344.1,344.4,343.0,343.8,109768
2233,2025-08-16 10:00:00+00:00,343.9,344.2,343.3,344.1,78900
2234,2025-08-16 12:00:00+00:00,344.1,345.5,343.7,344.9,62724
2235,2025-08-16 14:00:00+00:00,344.8,345.3,344.1,345.0,53681
2236,2025-08-17 06:00:00+00:00,344.9,346.0,343.8,344.5,40317
2237,2025-08-17 08:00:00+00:00,344.7,344.7,343.0,343.6,92996
2238,2025-08-17 10:00:00+00:00,343.4,344.2,343.2,343.7,27770
2239,2025-08-17 12:00:00+00:00,343.7,343.7,341.7,341.9,105484
2240,2025-08-17 14:00:00+00:00,341.9,342.6,341.9,342.0,60044
2241,2025-08-18 02:00:00+00:00,342.0,342.0,342.0,342.0,631
2242,2025-08-18 04:00:00+00:00,342.0,345.5,341.9,345.3,324136
2243,2025-08-18 06:00:00+00:00,345.3,345.3,343.3,344.5,268369
2244,2025-08-18 08:00:00+00:00,344.6,345.2,342.5,345.2,706268
2245,2025-08-18 10:00:00+00:00,345.1,345.6,343.5,344.1,182266
2246,2025-08-18 12:00:00+00:00,344.1,345.9,344.0,345.0,255955
2247,2025-08-18 14:00:00+00:00,345.1,346.1,342.8,342.9,276854
2248,2025-08-18 16:00:00+00:00,343.0,344.9,342.5,344.4,188138
2249,2025-08-18 18:00:00+00:00,344.2,349.0,343.2,347.1,474095
2250,2025-08-18 20:00:00+00:00,347.2,347.9,346.3,347.1,57703
2251,2025-08-19 02:00:00+00:00,347.5,347.5,347.5,347.5,1111
2252,2025-08-19 04:00:00+00:00,347.5,348.9,346.0,348.4,158272
2253,2025-08-19 06:00:00+00:00,348.1,349.5,347.7,348.6,274209
2254,2025-08-19 08:00:00+00:00,348.6,350.8,347.5,349.0,416124
2255,2025-08-19 10:00:00+00:00,349.0,352.0,348.9,351.3,286790
2256,2025-08-19 12:00:00+00:00,351.5,351.8,346.6,348.6,483013
2257,2025-08-19 12:00:00+00:00,351.5,351.8,346.6,348.6,483013
2258,2025-08-19 14:00:00+00:00,348.7,352.0,347.0,347.1,803053
2259,2025-08-19 16:00:00+00:00,346.9,348.0,345.0,347.3,362789
2260,2025-08-19 18:00:00+00:00,347.2,348.2,347.0,347.6,82085
2261,2025-08-19 20:00:00+00:00,347.7,347.9,346.5,346.5,36088
2262,2025-08-20 02:00:00+00:00,347.5,347.5,347.5,347.5,324
2263,2025-08-20 04:00:00+00:00,347.5,349.2,346.5,348.7,100567
2264,2025-08-20 06:00:00+00:00,348.6,349.0,346.2,347.2,196837
2265,2025-08-20 08:00:00+00:00,347.0,349.9,347.0,348.7,248427
2266,2025-08-20 10:00:00+00:00,348.5,349.0,345.4,346.5,328847
2267,2025-08-20 12:00:00+00:00,346.4,348.0,345.1,345.3,322683
2268,2025-08-20 14:00:00+00:00,345.2,346.2,343.1,346.2,356076
2269,2025-08-20 16:00:00+00:00,346.0,346.3,343.5,344.4,208759
2270,2025-08-20 18:00:00+00:00,344.4,344.9,343.6,343.6,85393
2271,2025-08-20 20:00:00+00:00,343.6,344.3,343.0,343.0,55332
2272,2025-08-21 02:00:00+00:00,343.0,343.0,343.0,343.0,904
2273,2025-08-21 04:00:00+00:00,343.0,344.3,341.9,343.8,95021
2274,2025-08-21 06:00:00+00:00,344.0,346.0,340.3,341.1,659182
2275,2025-08-21 08:00:00+00:00,340.8,342.3,339.0,341.7,489677
2276,2025-08-21 10:00:00+00:00,341.8,341.8,336.2,339.4,639757
2277,2025-08-21 12:00:00+00:00,339.5,340.0,335.1,336.0,408660
2278,2025-08-21 14:00:00+00:00,336.0,339.0,335.2,336.9,507559
2279,2025-08-21 16:00:00+00:00,336.7,338.5,336.0,338.1,165274
2280,2025-08-21 18:00:00+00:00,338.3,338.3,335.3,335.3,134213
2281,2025-08-21 20:00:00+00:00,335.3,335.6,334.3,334.8,92394
2282,2025-08-22 02:00:00+00:00,336.0,336.0,336.0,336.0,1037
2283,2025-08-22 04:00:00+00:00,336.0,337.0,332.0,333.9,228692
2284,2025-08-22 06:00:00+00:00,333.8,336.1,333.4,334.6,204848
2285,2025-08-22 08:00:00+00:00,334.6,337.4,334.2,336.8,194315
2286,2025-08-22 10:00:00+00:00,336.9,339.6,336.7,337.7,288556
2287,2025-08-22 12:00:00+00:00,337.9,338.2,335.5,336.3,223945
2288,2025-08-22 14:00:00+00:00,336.3,338.4,336.3,338.4,146467
2289,2025-08-22 16:00:00+00:00,338.3,338.3,337.0,337.2,59995
2290,2025-08-22 18:00:00+00:00,337.4,338.4,336.8,338.2,70796
2291,2025-08-22 20:00:00+00:00,338.1,339.2,338.1,338.4,66865
2292,2025-08-23 06:00:00+00:00,338.0,342.0,337.4,340.9,94277
2293,2025-08-23 08:00:00+00:00,340.8,340.9,339.8,340.0,36775
2294,2025-08-23 10:00:00+00:00,339.8,340.9,339.8,340.2,18514
2295,2025-08-23 12:00:00+00:00,340.3,340.7,339.9,340.1,8738
2296,2025-08-23 14:00:00+00:00,340.0,340.4,339.8,340.0,7607
2297,2025-08-24 06:00:00+00:00,340.0,341.1,338.6,339.5,17073
2298,2025-08-24 08:00:00+00:00,339.4,340.2,338.6,339.0,22869
2299,2025-08-24 10:00:00+00:00,339.0,339.6,338.8,338.9,4060
2300,2025-08-24 12:00:00+00:00,338.9,339.3,338.5,339.2,10414
2301,2025-08-24 14:00:00+00:00,339.3,339.6,338.8,339.1,16600
2302,2025-08-25 02:00:00+00:00,339.2,339.2,339.2,339.2,20
2303,2025-08-25 04:00:00+00:00,339.2,339.7,336.9,338.5,97955
2304,2025-08-25 06:00:00+00:00,338.4,338.7,335.9,336.6,156328
2305,2025-08-25 08:00:00+00:00,336.6,336.7,333.4,333.5,283364
2306,2025-08-25 10:00:00+00:00,333.6,335.0,332.9,333.2,272391
2307,2025-08-25 12:00:00+00:00,333.2,334.8,331.4,334.6,334301
2308,2025-08-25 14:00:00+00:00,334.5,335.0,332.0,333.2,248479
2309,2025-08-25 16:00:00+00:00,333.3,335.3,332.9,334.6,160720
2310,2025-08-25 18:00:00+00:00,334.6,335.3,334.1,334.1,52811
2311,2025-08-25 20:00:00+00:00,334.3,334.3,330.6,330.8,77418
2312,2025-08-26 02:00:00+00:00,333.9,333.9,333.9,333.9,1200
2313,2025-08-26 04:00:00+00:00,332.5,335.5,332.2,335.0,174942
2314,2025-08-26 06:00:00+00:00,334.9,338.4,334.0,336.0,671429
2315,2025-08-26 08:00:00+00:00,336.0,336.7,334.7,335.9,186037
2316,2025-08-26 10:00:00+00:00,335.9,338.7,335.5,337.4,266434
2317,2025-08-26 12:00:00+00:00,337.4,338.5,336.5,336.7,371323
2318,2025-08-26 12:00:00+00:00,337.4,338.5,336.5,336.7,371323
2319,2025-08-26 14:00:00+00:00,336.7,337.2,334.0,335.5,239120
2320,2025-08-26 16:00:00+00:00,335.5,336.1,335.1,336.1,60656
2321,2025-08-26 18:00:00+00:00,336.2,339.4,336.1,338.9,263161
2322,2025-08-26 20:00:00+00:00,339.0,339.3,337.7,339.1,103588
2323,2025-08-27 02:00:00+00:00,340.0,340.0,340.0,340.0,1001
2324,2025-08-27 04:00:00+00:00,340.0,343.7,339.0,342.0,278838
2325,2025-08-27 06:00:00+00:00,341.8,345.5,339.6,345.3,877798
2326,2025-08-27 08:00:00+00:00,345.5,346.9,343.8,344.1,885872
2327,2025-08-27 10:00:00+00:00,344.1,346.5,344.0,345.8,651432
2328,2025-08-27 12:00:00+00:00,345.8,346.2,344.4,345.3,381686
2329,2025-08-27 14:00:00+00:00,345.3,346.2,343.1,343.4,438188
2330,2025-08-27 16:00:00+00:00,343.7,346.1,343.7,344.6,242373
2331,2025-08-27 18:00:00+00:00,344.5,345.5,344.5,344.8,112924
2332,2025-08-27 20:00:00+00:00,345.0,346.1,344.5,345.8,119759
2333,2025-08-28 02:00:00+00:00,345.7,345.7,345.7,345.7,2032
2334,2025-08-28 04:00:00+00:00,345.7,346.7,345.1,345.8,104337
2335,2025-08-28 06:00:00+00:00,345.8,346.0,343.4,343.7,185344
2336,2025-08-28 08:00:00+00:00,343.7,345.0,343.6,343.8,242403
2337,2025-08-28 10:00:00+00:00,343.8,344.6,341.2,342.2,508350
2338,2025-08-28 12:00:00+00:00,342.1,343.3,341.2,341.5,206406
2339,2025-08-28 14:00:00+00:00,341.6,342.8,341.4,342.1,75550
2340,2025-08-28 16:00:00+00:00,342.3,342.5,338.0,339.1,494960
2341,2025-08-28 18:00:00+00:00,339.2,340.9,338.5,339.0,196889
2342,2025-08-28 20:00:00+00:00,338.9,340.6,338.1,339.9,69899
2343,2025-08-29 02:00:00+00:00,340.1,340.1,340.1,340.1,23
2344,2025-08-29 04:00:00+00:00,341.0,342.1,340.2,341.0,78894
2345,2025-08-29 06:00:00+00:00,340.7,341.2,339.2,340.5,141133
2346,2025-08-29 08:00:00+00:00,340.5,341.8,333.9,337.1,373044
2347,2025-08-29 10:00:00+00:00,337.1,337.4,335.2,336.7,359680
2348,2025-08-29 12:00:00+00:00,336.9,339.6,336.0,338.4,187016
2349,2025-08-29 14:00:00+00:00,338.4,340.6,336.9,337.5,203015
2350,2025-08-29 16:00:00+00:00,337.6,338.3,337.0,337.6,44530
2351,2025-08-29 18:00:00+00:00,337.6,337.7,336.4,337.3,65708
2352,2025-08-29 20:00:00+00:00,337.1,338.3,337.1,337.5,39363
2353,2025-08-30 06:00:00+00:00,336.9,340.7,336.4,338.7,63055
2354,2025-08-30 08:00:00+00:00,338.8,338.8,337.5,337.8,24899
2355,2025-08-30 10:00:00+00:00,338.0,338.5,337.6,338.1,14065
2356,2025-08-30 12:00:00+00:00,338.4,338.4,337.5,338.2,19423
2357,2025-08-30 14:00:00+00:00,338.1,338.7,337.3,338.2,40705
2358,2025-08-31 06:00:00+00:00,338.0,339.5,337.5,338.9,10762
2359,2025-08-31 08:00:00+00:00,339.0,339.5,337.5,338.1,34619
2360,2025-08-31 10:00:00+00:00,338.1,338.7,338.0,338.5,6162
2361,2025-08-31 12:00:00+00:00,338.6,338.6,337.8,338.3,11669
2362,2025-08-31 14:00:00+00:00,338.3,338.6,337.9,338.5,13963
2363,2025-09-01 02:00:00+00:00,338.8,338.8,338.8,338.8,119
2364,2025-09-01 04:00:00+00:00,339.3,339.9,337.4,338.2,109471
2365,2025-09-01 06:00:00+00:00,338.1,343.6,337.6,341.4,664792
2366,2025-09-01 08:00:00+00:00,341.5,341.5,340.0,340.0,232935
2367,2025-09-01 10:00:00+00:00,340.1,340.6,338.2,338.9,264478
2368,2025-09-01 12:00:00+00:00,338.9,339.8,337.9,338.1,145762
2369,2025-09-01 14:00:00+00:00,338.1,338.1,331.6,333.2,962245
2370,2025-09-01 16:00:00+00:00,333.2,334.4,332.1,333.6,174716
2371,2025-09-01 18:00:00+00:00,333.6,334.4,333.1,333.3,97186
2372,2025-09-01 20:00:00+00:00,333.3,333.5,332.9,333.1,38863
2373,2025-09-02 02:00:00+00:00,334.0,334.0,334.0,334.0,3
2374,2025-09-02 04:00:00+00:00,334.0,334.0,328.4,329.9,337928
2375,2025-09-02 06:00:00+00:00,329.9,330.1,326.9,328.6,459502
2376,2025-09-02 08:00:00+00:00,328.6,329.5,327.7,328.4,341032
2377,2025-09-02 10:00:00+00:00,328.4,331.1,327.5,330.8,534872
2378,2025-09-02 12:00:00+00:00,330.7,331.7,325.2,326.9,582501
2379,2025-09-02 12:00:00+00:00,330.7,331.7,325.2,326.9,582501
2380,2025-09-02 14:00:00+00:00,327.0,328.7,324.4,324.5,490411
2381,2025-09-02 16:00:00+00:00,324.5,325.9,323.7,324.7,213048
2382,2025-09-02 18:00:00+00:00,324.9,328.6,324.2,328.1,249966
2383,2025-09-02 20:00:00+00:00,328.3,330.0,328.2,329.3,60201
2384,2025-09-03 02:00:00+00:00,329.3,329.3,329.3,329.3,305
2385,2025-09-03 04:00:00+00:00,329.3,329.3,327.6,329.0,73740
2386,2025-09-03 06:00:00+00:00,329.0,329.4,324.8,326.5,290132
2387,2025-09-03 08:00:00+00:00,326.4,331.7,324.9,329.8,673387
2388,2025-09-03 10:00:00+00:00,329.8,332.2,329.5,330.7,247560
2389,2025-09-03 12:00:00+00:00,330.7,334.8,329.4,332.1,705496
2390,2025-09-03 14:00:00+00:00,332.3,333.5,331.4,332.8,196247
2391,2025-09-03 16:00:00+00:00,333.7,333.9,331.8,332.9,176306
2392,2025-09-03 18:00:00+00:00,332.9,336.4,332.1,335.4,292978
2393,2025-09-03 20:00:00+00:00,335.4,335.5,334.7,335.3,51357
2394,2025-09-04 02:00:00+00:00,335.5,335.5,335.5,335.5,150
2395,2025-09-04 04:00:00+00:00,335.5,336.8,333.6,335.7,162510
2396,2025-09-04 06:00:00+00:00,335.7,336.3,333.3,335.5,393186
2397,2025-09-04 08:00:00+00:00,335.6,335.6,332.8,333.5,274115
2398,2025-09-04 10:00:00+00:00,333.5,335.3,332.4,332.8,194407
2399,2025-09-04 12:00:00+00:00,332.8,333.2,330.5,331.8,275329
2400,2025-09-04 14:00:00+00:00,331.8,332.1,328.0,328.6,585534
2401,2025-09-04 16:00:00+00:00,328.7,331.0,327.7,330.5,204204
2402,2025-09-04 18:00:00+00:00,330.4,331.8,329.8,331.6,239740
2403,2025-09-04 20:00:00+00:00,331.6,331.7,330.7,331.1,38652
2404,2025-09-05 02:00:00+00:00,332.0,332.0,332.0,332.0,10
2405,2025-09-05 04:00:00+00:00,331.1,332.0,327.8,329.6,216185
2406,2025-09-05 06:00:00+00:00,329.6,330.9,327.3,327.3,218148
2407,2025-09-05 08:00:00+00:00,327.3,332.0,327.2,329.7,355463
2408,2025-09-05 10:00:00+00:00,329.9,331.5,329.3,330.6,183673
2409,2025-09-05 12:00:00+00:00,330.6,331.3,328.5,329.4,317224
2410,2025-09-05 14:00:00+00:00,329.4,331.5,329.2,330.4,331547
2411,2025-09-05 16:00:00+00:00,330.1,330.6,329.5,329.8,101483
2412,2025-09-05 18:00:00+00:00,329.8,330.5,329.3,330.4,71405
2413,2025-09-05 20:00:00+00:00,330.3,330.4,329.6,329.7,51454
2414,2025-09-06 06:00:00+00:00,330.0,331.8,328.6,329.8,40225
2415,2025-09-06 08:00:00+00:00,329.8,329.9,328.9,329.3,12469
2416,2025-09-06 10:00:00+00:00,329.8,329.9,329.2,329.3,9190
2417,2025-09-06 12:00:00+00:00,329.4,329.9,328.9,329.7,13884
2418,2025-09-06 14:00:00+00:00,329.7,330.2,328.8,329.0,19342
2419,2025-09-07 06:00:00+00:00,329.4,330.9,329.3,330.6,11906
2420,2025-09-07 08:00:00+00:00,330.6,331.7,330.1,331.3,27088
2421,2025-09-07 10:00:00+00:00,331.3,332.0,330.9,331.0,11702
2422,2025-09-07 12:00:00+00:00,331.3,331.4,330.5,331.0,8346
2423,2025-09-07 14:00:00+00:00,330.7,331.6,330.1,331.1,27130
2424,2025-09-08 02:00:00+00:00,331.0,331.0,331.0,331.0,1919
2425,2025-09-08 04:00:00+00:00,330.8,331.8,329.5,331.3,114573
2426,2025-09-08 06:00:00+00:00,331.3,333.7,331.3,332.3,418279
2427,2025-09-08 08:00:00+00:00,332.4,332.9,331.7,332.4,175291
2428,2025-09-08 10:00:00+00:00,332.4,335.0,331.2,334.4,287783
2429,2025-09-08 12:00:00+00:00,334.5,334.9,333.2,334.1,232938
2430,2025-09-08 14:00:00+00:00,334.1,335.7,333.9,335.2,171695
2431,2025-09-08 16:00:00+00:00,335.1,335.6,334.2,334.3,87896
2432,2025-09-08 18:00:00+00:00,334.2,334.3,333.8,334.1,43211
2433,2025-09-08 20:00:00+00:00,334.1,334.5,333.2,333.3,43695
2434,2025-09-09 02:00:00+00:00,334.3,334.3,334.3,334.3,8
2435,2025-09-09 04:00:00+00:00,334.3,335.6,333.9,334.6,72536
2436,2025-09-09 06:00:00+00:00,334.6,335.4,333.4,335.0,280649
2437,2025-09-09 08:00:00+00:00,335.0,337.0,333.1,334.3,343781
2438,2025-09-09 10:00:00+00:00,334.0,334.3,331.2,331.5,346495
2439,2025-09-09 12:00:00+00:00,331.6,333.3,327.5,327.9,782919
2440,2025-09-09 12:00:00+00:00,331.6,333.3,327.5,327.9,782919
2441,2025-09-09 14:00:00+00:00,328.1,330.4,327.7,330.2,418870
2442,2025-09-09 16:00:00+00:00,330.2,330.3,329.0,329.6,198326
2443,2025-09-09 18:00:00+00:00,329.6,331.2,329.5,330.8,123892
2444,2025-09-09 20:00:00+00:00,331.0,331.0,330.6,330.8,31541
2445,2025-09-10 02:00:00+00:00,330.8,330.8,330.8,330.8,9
2446,2025-09-10 04:00:00+00:00,330.8,331.0,328.1,328.5,188878
2447,2025-09-10 06:00:00+00:00,328.8,329.9,326.2,328.0,341281
2448,2025-09-10 08:00:00+00:00,328.0,329.4,324.7,327.2,695728
2449,2025-09-10 10:00:00+00:00,327.0,330.9,326.5,328.3,548641
2450,2025-09-10 12:00:00+00:00,328.2,329.2,327.0,327.9,185301
2451,2025-09-10 14:00:00+00:00,327.9,329.0,327.1,327.4,132969
2452,2025-09-10 16:00:00+00:00,327.4,327.6,325.6,326.8,216394
2453,2025-09-10 18:00:00+00:00,326.7,326.8,325.1,325.3,125422
2454,2025-09-10 20:00:00+00:00,325.4,326.4,325.0,325.6,47032
2455,2025-09-11 02:00:00+00:00,325.0,325.0,325.0,325.0,2200
2456,2025-09-11 04:00:00+00:00,325.6,327.9,324.5,326.4,315241
2457,2025-09-11 06:00:00+00:00,326.0,327.2,321.3,322.6,704991
2458,2025-09-11 08:00:00+00:00,322.7,324.5,322.5,323.2,615340
2459,2025-09-11 10:00:00+00:00,323.4,324.5,323.0,324.0,303266
2460,2025-09-11 12:00:00+00:00,324.2,326.4,323.5,326.1,359702
2461,2025-09-11 14:00:00+00:00,326.2,328.7,326.1,326.9,370634
2462,2025-09-11 16:00:00+00:00,327.4,327.5,326.0,327.3,101465
2463,2025-09-11 18:00:00+00:00,327.4,327.5,325.8,326.6,93843
2464,2025-09-11 20:00:00+00:00,326.7,326.7,325.9,326.3,12521
2465,2025-09-12 02:00:00+00:00,326.4,326.4,326.4,326.4,57
2466,2025-09-12 04:00:00+00:00,326.4,327.4,324.8,325.7,59937
2467,2025-09-12 06:00:00+00:00,325.7,325.9,323.0,324.5,255476
2468,2025-09-12 08:00:00+00:00,324.5,324.7,323.4,324.3,125399
2469,2025-09-12 10:00:00+00:00,324.1,331.5,322.6,327.2,1911549
2470,2025-09-12 12:00:00+00:00,327.3,327.3,322.1,324.1,1419925
2471,2025-09-12 14:00:00+00:00,323.8,324.9,320.7,321.5,452053
2472,2025-09-12 16:00:00+00:00,321.5,322.1,316.6,317.6,659906
2473,2025-09-12 18:00:00+00:00,317.6,318.8,315.5,315.7,244328
2474,2025-09-12 20:00:00+00:00,315.8,317.8,315.1,317.8,120441
2475,2025-09-13 06:00:00+00:00,318.2,318.2,318.2,318.2,268
2476,2025-09-13 08:00:00+00:00,318.0,318.2,314.9,316.2,58542
2477,2025-09-13 10:00:00+00:00,316.2,317.0,315.6,316.2,48408
2478,2025-09-13 12:00:00+00:00,316.2,317.5,315.6,316.5,42668
2479,2025-09-13 14:00:00+00:00,316.4,316.5,314.5,314.7,86942
2480,2025-09-14 06:00:00+00:00,314.0,314.7,312.5,314.0,44935
2481,2025-09-14 08:00:00+00:00,314.0,314.0,313.2,313.5,23188
2482,2025-09-14 10:00:00+00:00,313.5,315.5,313.1,315.4,91098
2483,2025-09-14 12:00:00+00:00,315.3,317.5,315.0,315.4,93187
2484,2025-09-14 14:00:00+00:00,315.4,317.8,315.4,317.4,70169
2485,2025-09-15 02:00:00+00:00,317.4,317.4,317.4,317.4,28
2486,2025-09-15 04:00:00+00:00,317.8,318.3,314.4,314.9,120156
2487,2025-09-15 06:00:00+00:00,314.9,317.2,314.2,315.7,192127
2488,2025-09-15 08:00:00+00:00,315.8,315.9,311.3,312.2,729561
2489,2025-09-15 10:00:00+00:00,312.2,315.5,310.9,314.4,508642
2490,2025-09-15 12:00:00+00:00,314.2,316.3,313.0,313.9,253310
2491,2025-09-15 14:00:00+00:00,313.7,315.1,312.6,313.0,273636
2492,2025-09-15 16:00:00+00:00,313.0,313.9,310.9,311.1,249999
2493,2025-09-15 18:00:00+00:00,311.0,311.1,308.0,309.4,296613
2494,2025-09-15 20:00:00+00:00,309.3,310.5,309.2,309.7,45328
2495,2025-09-16 02:00:00+00:00,310.1,310.1,310.1,310.1,35
2496,2025-09-16 04:00:00+00:00,309.7,312.8,307.2,312.1,198878
2497,2025-09-16 06:00:00+00:00,311.8,315.8,311.5,315.0,558266
2498,2025-09-16 08:00:00+00:00,315.1,315.4,310.2,311.1,561350
2499,2025-09-16 10:00:00+00:00,311.1,312.4,309.5,312.1,354354
2500,2025-09-16 12:00:00+00:00,312.1,313.5,309.7,312.5,279071
2501,2025-09-16 12:00:00+00:00,312.1,313.5,309.7,312.5,279071
2502,2025-09-16 14:00:00+00:00,312.6,314.5,312.5,313.4,322412
2503,2025-09-16 16:00:00+00:00,313.4,313.8,311.6,312.1,108642
2504,2025-09-16 18:00:00+00:00,312.2,312.2,310.0,310.2,116918
2505,2025-09-16 20:00:00+00:00,310.1,311.0,309.5,310.7,71936
2506,2025-09-17 02:00:00+00:00,310.7,310.7,310.7,310.7,5
2507,2025-09-17 04:00:00+00:00,310.7,311.9,310.2,311.2,86154
2508,2025-09-17 06:00:00+00:00,311.2,311.2,304.9,305.5,759045
2509,2025-09-17 08:00:00+00:00,305.4,308.5,304.8,306.0,919094
2510,2025-09-17 10:00:00+00:00,305.9,309.3,305.9,307.4,552489
2511,2025-09-17 12:00:00+00:00,307.4,308.0,306.1,307.2,278416
2512,2025-09-17 14:00:00+00:00,307.1,310.7,306.5,306.5,797557
2513,2025-09-17 16:00:00+00:00,307.0,308.0,306.1,307.0,253832
2514,2025-09-17 18:00:00+00:00,306.9,308.0,306.5,307.7,94058
2515,2025-09-17 20:00:00+00:00,307.8,307.9,306.1,306.8,43388
2516,2025-09-18 02:00:00+00:00,306.2,306.2,306.2,306.2,3032
2517,2025-09-18 04:00:00+00:00,306.3,307.0,305.2,306.8,133957
2518,2025-09-18 06:00:00+00:00,306.8,310.5,306.1,309.0,595613
2519,2025-09-18 08:00:00+00:00,308.9,310.6,307.7,308.1,428361
2520,2025-09-18 10:00:00+00:00,308.1,309.4,306.4,307.1,383563
2521,2025-09-18 12:00:00+00:00,307.0,307.8,305.6,307.3,545343
2522,2025-09-18 14:00:00+00:00,307.4,308.8,306.7,306.7,171340
2523,2025-09-18 16:00:00+00:00,306.7,307.4,303.2,303.7,315664
2524,2025-09-18 18:00:00+00:00,303.6,304.8,303.1,303.4,213373
2525,2025-09-18 20:00:00+00:00,303.5,304.3,302.8,303.4,87606
2526,2025-09-19 02:00:00+00:00,303.0,303.0,303.0,303.0,1049
2527,2025-09-19 04:00:00+00:00,303.0,304.8,300.8,302.2,279191
2528,2025-09-19 06:00:00+00:00,302.2,305.1,302.1,303.7,321330
2529,2025-09-19 08:00:00+00:00,303.6,303.8,301.3,303.5,407190
2530,2025-09-19 10:00:00+00:00,303.6,303.9,300.1,303.5,396856
2531,2025-09-19 12:00:00+00:00,303.5,306.2,301.8,305.4,580640
2532,2025-09-19 14:00:00+00:00,305.2,305.3,302.3,302.7,424835
2533,2025-09-19 16:00:00+00:00,302.9,303.7,301.1,303.4,188680
2534,2025-09-19 18:00:00+00:00,303.5,303.7,301.8,301.8,100271
2535,2025-09-19 20:00:00+00:00,302.0,304.3,300.7,303.8,221000
2536,2025-09-22 02:00:00+00:00,302.2,302.2,302.2,302.2,6988
2537,2025-09-22 04:00:00+00:00,302.2,302.5,299.0,302.2,224721
2538,2025-09-22 06:00:00+00:00,302.4,303.5,300.9,303.1,285220
2539,2025-09-22 08:00:00+00:00,303.2,303.9,299.0,300.2,631885
2540,2025-09-22 10:00:00+00:00,300.3,302.9,299.3,301.4,417797
2541,2025-09-22 12:00:00+00:00,301.4,302.2,290.0,291.7,1480920
2542,2025-09-22 14:00:00+00:00,291.9,298.3,291.1,298.0,1054582
2543,2025-09-22 16:00:00+00:00,297.8,298.9,296.2,298.1,200148
2544,2025-09-22 18:00:00+00:00,298.1,298.1,296.7,297.2,102062
2545,2025-09-22 20:00:00+00:00,297.2,297.2,296.0,296.3,65797
2546,2025-09-23 02:00:00+00:00,298.0,298.0,298.0,298.0,803
2547,2025-09-23 04:00:00+00:00,297.8,299.1,296.4,296.8,77327
2548,2025-09-23 06:00:00+00:00,296.9,299.1,295.1,295.8,263939
2549,2025-09-23 08:00:00+00:00,295.8,300.0,292.8,298.3,876768
2550,2025-09-23 10:00:00+00:00,298.3,300.9,297.9,300.5,376882
2551,2025-09-23 12:00:00+00:00,300.6,302.6,299.2,301.9,574887
2552,2025-09-23 12:00:00+00:00,300.6,302.6,299.2,301.9,574887
2553,2025-09-23 14:00:00+00:00,302.0,304.1,300.4,301.8,546121
2554,2025-09-23 16:00:00+00:00,302.1,303.8,300.5,301.1,452117
2555,2025-09-23 18:00:00+00:00,300.9,302.9,293.0,293.3,1251976
2556,2025-09-23 20:00:00+00:00,293.2,294.1,290.3,293.2,426083
2557,2025-09-24 02:00:00+00:00,293.5,293.5,293.5,293.5,2352
2558,2025-09-24 04:00:00+00:00,293.6,294.5,292.0,293.0,199518
2559,2025-09-24 06:00:00+00:00,293.0,293.1,288.5,292.6,638766
2560,2025-09-24 08:00:00+00:00,292.4,297.2,291.8,297.1,669290
2561,2025-09-24 10:00:00+00:00,297.1,297.2,294.9,296.6,333428
2562,2025-09-24 12:00:00+00:00,296.7,298.7,295.4,297.7,325390
2563,2025-09-24 14:00:00+00:00,298.1,298.1,295.1,295.8,252253
2564,2025-09-24 16:00:00+00:00,296.1,296.8,295.0,295.6,71166
2565,2025-09-24 18:00:00+00:00,295.5,297.0,295.4,296.7,57268
2566,2025-09-24 20:00:00+00:00,296.9,297.7,296.5,297.0,31749
2567,2025-09-25 02:00:00+00:00,297.4,297.4,297.4,297.4,7
2568,2025-09-25 04:00:00+00:00,297.8,298.8,297.0,297.9,118132
2569,2025-09-25 06:00:00+00:00,298.0,299.3,296.5,297.0,267499
2570,2025-09-25 08:00:00+00:00,296.9,299.0,296.5,298.5,190508
2571,2025-09-25 10:00:00+00:00,298.6,299.7,297.7,299.0,156124
2572,2025-09-25 12:00:00+00:00,299.0,299.4,296.0,296.7,211393
2573,2025-09-25 14:00:00+00:00,296.7,297.2,294.0,294.0,208783
2574,2025-09-25 16:00:00+00:00,294.1,294.6,292.2,293.0,220137
2575,2025-09-25 18:00:00+00:00,293.1,293.7,292.2,293.5,96033
2576,2025-09-25 20:00:00+00:00,293.5,295.2,292.8,294.4,47049
2577,2025-09-26 02:00:00+00:00,294.4,294.4,294.4,294.4,2
2578,2025-09-26 04:00:00+00:00,294.8,295.1,290.4,293.4,193744
2579,2025-09-26 06:00:00+00:00,293.8,294.7,291.6,292.1,244548
2580,2025-09-26 08:00:00+00:00,292.1,295.0,292.1,295.0,480661
2581,2025-09-26 10:00:00+00:00,295.0,296.2,293.9,295.1,321187
2582,2025-09-26 12:00:00+00:00,295.1,295.2,292.5,292.7,248847
2583,2025-09-26 14:00:00+00:00,292.7,296.1,292.4,296.1,348022
2584,2025-09-26 16:00:00+00:00,296.2,298.9,295.2,298.7,224525
2585,2025-09-26 18:00:00+00:00,298.7,298.9,296.4,296.6,110401
2586,2025-09-26 20:00:00+00:00,296.5,297.7,296.5,297.2,49639
2587,2025-09-27 06:00:00+00:00,297.1,297.9,296.2,297.6,9859
2588,2025-09-27 08:00:00+00:00,297.0,297.9,296.8,297.8,11543
2589,2025-09-27 10:00:00+00:00,297.5,297.8,297.2,297.5,11484
2590,2025-09-27 12:00:00+00:00,297.6,298.1,297.3,298.0,23420
2591,2025-09-27 14:00:00+00:00,298.0,298.0,296.6,297.1,30011
2592,2025-09-28 06:00:00+00:00,298.2,298.8,294.9,296.3,48719
2593,2025-09-28 08:00:00+00:00,296.2,296.4,294.8,295.0,28455
2594,2025-09-28 10:00:00+00:00,295.0,295.4,294.8,295.1,11986
2595,2025-09-28 12:00:00+00:00,295.1,295.8,295.1,295.3,16970
2596,2025-09-28 14:00:00+00:00,295.4,296.0,294.3,294.9,27614
2597,2025-09-29 02:00:00+00:00,295.0,295.0,295.0,295.0,1253
2598,2025-09-29 04:00:00+00:00,295.3,296.2,294.9,295.8,65437
2599,2025-09-29 06:00:00+00:00,295.8,296.8,294.2,296.5,148379
2600,2025-09-29 08:00:00+00:00,296.6,298.0,296.0,296.9,171155
2601,2025-09-29 10:00:00+00:00,296.9,297.0,295.5,295.6,135707
2602,2025-09-29 12:00:00+00:00,295.7,295.9,288.4,289.1,636362
2603,2025-09-29 14:00:00+00:00,289.1,289.3,282.1,283.1,1494359
2604,2025-09-29 16:00:00+00:00,283.2,285.0,282.8,283.8,453613
2605,2025-09-29 18:00:00+00:00,283.8,283.8,278.7,280.6,1004589
2606,2025-09-29 20:00:00+00:00,280.7,283.0,280.7,282.3,196508
2607,2025-09-30 02:00:00+00:00,283.7,283.7,283.7,283.7,4217
2608,2025-09-30 04:00:00+00:00,283.6,283.6,279.5,281.8,184601
2609,2025-09-30 06:00:00+00:00,281.8,283.0,278.5,282.4,653232
2610,2025-09-30 08:00:00+00:00,282.5,282.9,276.0,277.2,632884
2611,2025-09-30 10:00:00+00:00,277.2,277.6,271.3,275.6,1313938
2612,2025-09-30 12:00:00+00:00,275.6,278.0,274.7,277.9,488983
2613,2025-09-30 12:00:00+00:00,275.6,278.0,274.7,277.9,488983
2614,2025-09-30 14:00:00+00:00,277.8,278.7,275.0,277.0,391223
2615,2025-09-30 16:00:00+00:00,277.0,279.0,275.4,276.1,295856
2616,2025-09-30 18:00:00+00:00,275.9,277.2,275.9,277.0,91301
2617,2025-09-30 20:00:00+00:00,277.0,277.7,276.6,277.6,41168
2618,2025-10-01 02:00:00+00:00,278.2,278.2,278.2,278.2,169
2619,2025-10-01 04:00:00+00:00,278.3,278.9,276.1,276.8,98999
2620,2025-10-01 06:00:00+00:00,277.0,278.2,274.5,274.6,309582
2621,2025-10-01 08:00:00+00:00,274.6,275.9,274.3,275.0,280280
2622,2025-10-01 10:00:00+00:00,275.0,275.0,273.0,273.8,380443
2623,2025-10-01 12:00:00+00:00,273.8,273.8,270.8,273.3,612945
2624,2025-10-01 14:00:00+00:00,273.3,273.5,269.1,270.2,401251
2625,2025-10-01 16:00:00+00:00,270.3,270.7,269.5,270.5,122427
2626,2025-10-01 18:00:00+00:00,270.4,272.0,267.5,271.3,294534
2627,2025-10-01 20:00:00+00:00,271.5,272.3,271.0,271.3,101695
2628,2025-10-02 02:00:00+00:00,271.3,271.3,271.3,271.3,33
2629,2025-10-02 04:00:00+00:00,271.3,272.1,265.3,266.9,309211
2630,2025-10-02 06:00:00+00:00,266.9,270.0,266.3,269.0,371152
2631,2025-10-02 08:00:00+00:00,269.1,277.8,268.8,275.5,1086894
2632,2025-10-02 10:00:00+00:00,275.5,277.1,273.1,276.8,820045
2633,2025-10-02 12:00:00+00:00,276.8,281.1,275.7,279.5,1110996
2634,2025-10-02 14:00:00+00:00,279.5,282.4,276.7,278.0,908923
2635,2025-10-02 16:00:00+00:00,278.3,278.4,274.2,276.7,506867
2636,2025-10-02 18:00:00+00:00,276.8,278.8,274.3,278.3,405218
2637,2025-10-02 20:00:00+00:00,278.6,278.9,277.6,278.8,97412
2638,2025-10-03 02:00:00+00:00,279.7,279.7,279.7,279.7,470
2639,2025-10-03 04:00:00+00:00,279.7,281.9,277.0,278.1,245957
2640,2025-10-03 06:00:00+00:00,278.4,281.2,277.3,280.0,478592
2641,2025-10-03 08:00:00+00:00,280.0,280.6,274.9,274.9,570344
2642,2025-10-03 10:00:00+00:00,274.9,276.2,270.2,271.5,891307
2643,2025-10-03 12:00:00+00:00,271.5,272.6,266.8,269.2,1237653
2644,2025-10-03 14:00:00+00:00,269.3,269.6,266.1,268.5,527784
2645,2025-10-03 16:00:00+00:00,268.3,268.5,266.0,267.9,246898
2646,2025-10-03 18:00:00+00:00,267.7,269.7,267.1,268.3,243342
2647,2025-10-03 20:00:00+00:00,268.1,268.3,265.5,265.9,156837
2648,2025-10-04 06:00:00+00:00,265.6,266.7,261.6,261.9,224142
2649,2025-10-04 08:00:00+00:00,261.9,262.2,258.3,260.5,205729
2650,2025-10-04 10:00:00+00:00,260.4,260.7,259.1,260.3,118921
2651,2025-10-04 12:00:00+00:00,260.1,261.1,258.3,259.5,163432
2652,2025-10-04 14:00:00+00:00,259.5,261.2,259.0,260.8,83559
2653,2025-10-05 06:00:00+00:00,260.8,261.0,258.8,260.3,65178
2654,2025-10-05 08:00:00+00:00,260.8,261.8,260.1,261.8,40095
2655,2025-10-05 10:00:00+00:00,261.8,264.1,261.4,263.3,94010
2656,2025-10-05 12:00:00+00:00,263.2,263.5,262.7,263.2,16366
2657,2025-10-05 14:00:00+00:00,263.1,264.3,262.5,264.2,67759
2658,2025-10-06 02:00:00+00:00,265.0,265.0,265.0,265.0,407
2659,2025-10-06 04:00:00+00:00,265.1,266.1,263.5,265.0,114471
2660,2025-10-06 06:00:00+00:00,265.0,267.8,263.5,264.1,841431
2661,2025-10-06 08:00:00+00:00,264.3,268.6,262.4,268.2,947423
2662,2025-10-06 10:00:00+00:00,268.2,269.6,265.6,265.6,582490
2663,2025-10-06 12:00:00+00:00,265.6,266.1,260.1,264.7,1617618
2664,2025-10-06 14:00:00+00:00,264.7,264.9,262.5,263.9,471937
2665,2025-10-06 16:00:00+00:00,263.8,268.0,263.3,266.7,507779
2666,2025-10-06 18:00:00+00:00,266.6,268.2,266.1,267.2,122379
2667,2025-10-06 20:00:00+00:00,267.4,267.7,265.0,265.4,100499
2668,2025-10-07 02:00:00+00:00,264.0,264.0,264.0,264.0,1300
2669,2025-10-07 04:00:00+00:00,264.0,267.5,263.4,267.1,323482
2670,2025-10-07 06:00:00+00:00,267.0,269.5,263.8,268.1,808358
2671,2025-10-07 08:00:00+00:00,268.0,272.2,267.6,268.7,925033
2672,2025-10-07 10:00:00+00:00,268.7,270.4,267.3,268.5,341502
2673,2025-10-07 12:00:00+00:00,268.4,272.1,267.0,272.0,400001
2674,2025-10-07 12:00:00+00:00,268.4,272.1,267.0,272.0,400001
2675,2025-10-07 14:00:00+00:00,271.7,274.3,270.9,274.3,665597
2676,2025-10-07 16:00:00+00:00,273.8,274.2,271.8,272.5,184286
2677,2025-10-07 18:00:00+00:00,272.4,273.1,272.3,272.8,92403
2678,2025-10-07 20:00:00+00:00,272.8,273.6,272.4,273.6,46742
2679,2025-10-08 02:00:00+00:00,274.1,274.1,274.1,274.1,180
2680,2025-10-08 04:00:00+00:00,274.0,274.1,272.3,273.2,91002
2681,2025-10-08 06:00:00+00:00,273.1,274.4,269.0,270.2,470024
2682,2025-10-08 08:00:00+00:00,270.2,270.9,265.3,267.0,671477
2683,2025-10-08 10:00:00+00:00,266.9,268.7,265.5,268.0,565377
2684,2025-10-08 12:00:00+00:00,267.9,268.3,264.6,265.3,408573
2685,2025-10-08 14:00:00+00:00,265.3,265.6,258.9,260.0,1066338
2686,2025-10-08 16:00:00+00:00,259.9,260.0,255.5,259.1,721473
2687,2025-10-08 18:00:00+00:00,259.1,260.0,257.7,258.7,235982
2688,2025-10-08 20:00:00+00:00,258.7,259.2,258.4,258.9,46528
2689,2025-10-09 02:00:00+00:00,259.9,259.9,259.9,259.9,770
2690,2025-10-09 04:00:00+00:00,259.8,262.3,256.7,260.1,316667
2691,2025-10-09 06:00:00+00:00,260.1,262.7,258.3,259.7,373694
2692,2025-10-09 08:00:00+00:00,259.5,260.0,245.0,257.7,3344123
2693,2025-10-09 10:00:00+00:00,257.9,260.9,255.0,258.7,770105
2694,2025-10-09 12:00:00+00:00,258.7,267.5,258.3,265.4,1153097
