,datetime,open,high,low,close,volume
0,2025-01-09 06:00:00+00:00,2690.0,3000.0,2670.0,2789.0,2682043
1,2025-01-09 08:00:00+00:00,2790.0,2803.0,2695.0,2723.0,1681087
2,2025-01-09 10:00:00+00:00,2723.0,2800.0,2719.0,2754.0,1264963
3,2025-01-09 12:00:00+00:00,2755.5,2777.0,2731.5,2765.0,561258
4,2025-01-09 14:00:00+00:00,2763.5,2810.0,2751.5,2803.0,471706
5,2025-01-10 06:00:00+00:00,2800.0,2880.0,2783.0,2857.5,877880
6,2025-01-10 08:00:00+00:00,2857.5,2891.0,2808.5,2846.5,749437
7,2025-01-10 10:00:00+00:00,2846.5,2908.0,2826.0,2900.0,853905
8,2025-01-10 12:00:00+00:00,2899.0,2904.5,2850.0,2899.0,430895
9,2025-01-10 14:00:00+00:00,2899.5,2975.0,2896.5,2945.0,542878
10,2025-01-13 06:00:00+00:00,2962.0,2999.5,2945.0,2984.5,814759
11,2025-01-13 08:00:00+00:00,2986.0,2995.0,2957.0,2994.5,411586
12,2025-01-13 10:00:00+00:00,2994.0,2995.0,2908.0,2930.0,436805
13,2025-01-13 12:00:00+00:00,2930.0,2946.0,2882.0,2926.0,338520
14,2025-01-13 14:00:00+00:00,2926.0,2930.0,2900.0,2905.0,118869
15,2025-01-14 06:00:00+00:00,2920.0,2929.0,2900.0,2900.5,109776
16,2025-01-14 08:00:00+00:00,2900.0,2915.0,2884.0,2912.0,303901
17,2025-01-14 10:00:00+00:00,2912.0,2933.0,2904.0,2922.5,212739
18,2025-01-14 12:00:00+00:00,2922.5,2930.0,2910.0,2920.0,154066
19,2025-01-14 12:00:00+00:00,2922.5,2930.0,2910.0,2920.0,154066
20,2025-01-14 14:00:00+00:00,2920.0,2930.0,2919.0,2929.0,130737
21,2025-01-15 06:00:00+00:00,2936.5,2949.5,2915.0,2921.5,104911
22,2025-01-15 08:00:00+00:00,2921.5,2927.5,2907.5,2909.0,111570
23,2025-01-15 10:00:00+00:00,2909.5,2910.5,2895.0,2900.0,124328
24,2025-01-15 12:00:00+00:00,2899.5,2920.0,2891.0,2918.5,127879
25,2025-01-15 14:00:00+00:00,2918.5,2920.0,2898.0,2904.5,225926
26,2025-01-16 06:00:00+00:00,2905.0,2948.0,2883.0,2919.5,254823
27,2025-01-16 08:00:00+00:00,2919.5,2930.0,2900.0,2922.5,355264
28,2025-01-16 10:00:00+00:00,2923.5,2940.0,2917.0,2930.0,272661
29,2025-01-16 12:00:00+00:00,2929.5,2930.0,2906.5,2909.5,230133
30,2025-01-16 14:00:00+00:00,2909.5,2910.0,2903.0,2910.0,169849
31,2025-01-17 06:00:00+00:00,2905.0,2911.5,2866.5,2896.5,163261
32,2025-01-17 08:00:00+00:00,2894.5,2900.0,2890.0,2899.0,290244
33,2025-01-17 10:00:00+00:00,2899.0,2900.0,2877.0,2879.5,217045
34,2025-01-17 12:00:00+00:00,2879.0,2893.0,2858.5,2892.5,245136
35,2025-01-17 14:00:00+00:00,2890.0,2900.0,2885.5,2898.0,246267
36,2025-01-20 06:00:00+00:00,2900.5,2914.5,2900.0,2903.0,181141
37,2025-01-20 08:00:00+00:00,2903.0,2906.0,2878.0,2879.5,237203
38,2025-01-20 10:00:00+00:00,2878.0,2900.0,2866.0,2896.0,194468
39,2025-01-20 12:00:00+00:00,2897.0,2900.0,2882.5,2898.5,144933
40,2025-01-20 14:00:00+00:00,2900.0,2900.0,2866.0,2866.0,128163
41,2025-01-21 06:00:00+00:00,2885.0,2885.0,2837.0,2862.5,170032
42,2025-01-21 08:00:00+00:00,2862.0,2875.0,2855.0,2858.5,174313
43,2025-01-21 10:00:00+00:00,2859.5,2867.5,2847.5,2847.5,171815
44,2025-01-21 12:00:00+00:00,2847.5,2900.0,2847.0,2895.5,333464
45,2025-01-21 12:00:00+00:00,2847.5,2900.0,2847.0,2895.5,333464
46,2025-01-21 14:00:00+00:00,2896.5,2935.0,2886.0,2930.0,557521
47,2025-01-22 06:00:00+00:00,2933.0,2947.0,2908.0,2917.0,171050
48,2025-01-22 08:00:00+00:00,2916.0,2920.0,2912.0,2918.5,148390
49,2025-01-22 10:00:00+00:00,2918.5,2944.5,2915.5,2935.0,298646
50,2025-01-22 12:00:00+00:00,2935.0,2939.0,2920.0,2932.0,114613
51,2025-01-22 14:00:00+00:00,2931.5,2933.5,2913.5,2914.0,127797
52,2025-01-23 06:00:00+00:00,2913.5,2914.0,2886.0,2908.5,106039
53,2025-01-23 08:00:00+00:00,2908.5,2909.5,2894.0,2907.0,163054
54,2025-01-23 10:00:00+00:00,2907.0,2910.0,2897.5,2909.0,143852
55,2025-01-23 12:00:00+00:00,2908.5,2910.0,2903.0,2907.0,74210
56,2025-01-23 14:00:00+00:00,2907.0,2910.0,2889.0,2900.0,139778
57,2025-01-24 06:00:00+00:00,2912.0,2919.0,2897.0,2903.5,94585
58,2025-01-24 08:00:00+00:00,2904.0,2910.0,2897.0,2909.0,185514
59,2025-01-24 10:00:00+00:00,2909.0,2910.0,2905.0,2909.0,250176
60,2025-01-24 12:00:00+00:00,2909.5,2910.0,2903.0,2908.0,112284
61,2025-01-24 14:00:00+00:00,2908.0,2910.0,2902.0,2907.5,88585
62,2025-01-24 16:00:00+00:00,2907.5,2910.0,2905.0,2909.0,27406
63,2025-01-24 18:00:00+00:00,2909.5,2910.0,2905.5,2909.0,13612
64,2025-01-24 20:00:00+00:00,2909.0,2910.0,2907.0,2909.5,14535
65,2025-01-27 02:00:00+00:00,2911.0,2911.0,2911.0,2911.0,115
66,2025-01-27 04:00:00+00:00,2910.0,2934.0,2905.5,2922.5,16355
67,2025-01-27 06:00:00+00:00,2924.5,2950.0,2918.0,2929.5,321063
68,2025-01-27 08:00:00+00:00,2929.5,2930.0,2892.5,2919.5,148363
69,2025-01-27 10:00:00+00:00,2919.0,2940.0,2909.0,2930.5,208790
70,2025-01-27 12:00:00+00:00,2930.5,2936.0,2925.0,2934.5,147518
71,2025-01-27 14:00:00+00:00,2935.0,2936.0,2920.0,2927.0,113634
72,2025-01-27 16:00:00+00:00,2927.0,2930.0,2922.0,2926.0,23945
73,2025-01-27 18:00:00+00:00,2926.0,2927.0,2910.0,2915.0,28887
74,2025-01-27 20:00:00+00:00,2915.0,2922.0,2910.0,2919.5,9268
75,2025-01-28 02:00:00+00:00,2921.0,2921.0,2921.0,2921.0,7
76,2025-01-28 04:00:00+00:00,2919.5,2930.0,2911.0,2930.0,12532
77,2025-01-28 06:00:00+00:00,2930.0,2937.0,2913.0,2934.5,169107
78,2025-01-28 08:00:00+00:00,2934.5,2940.0,2930.0,2938.0,215024
79,2025-01-28 10:00:00+00:00,2938.0,3065.0,2938.0,3016.0,1443748
80,2025-01-28 12:00:00+00:00,3017.0,3054.5,3012.0,3045.0,804880
81,2025-01-28 12:00:00+00:00,3017.0,3054.5,3012.0,3045.0,804880
82,2025-01-28 14:00:00+00:00,3045.5,3089.5,3031.0,3078.0,495344
83,2025-01-28 16:00:00+00:00,3078.0,3145.0,3068.0,3122.0,328251
84,2025-01-28 18:00:00+00:00,3124.0,3143.5,3116.0,3135.0,118610
85,2025-01-28 20:00:00+00:00,3133.5,3140.0,3130.0,3130.5,22138
86,2025-01-29 02:00:00+00:00,3132.0,3132.0,3132.0,3132.0,205
87,2025-01-29 04:00:00+00:00,3133.0,3179.5,3131.5,3164.5,132490
88,2025-01-29 06:00:00+00:00,3164.5,3166.0,3085.0,3130.0,523168
89,2025-01-29 08:00:00+00:00,3129.5,3186.0,3126.5,3164.0,528782
90,2025-01-29 10:00:00+00:00,3164.0,3175.0,3140.0,3144.5,260379
91,2025-01-29 12:00:00+00:00,3144.5,3161.0,3135.0,3159.0,194655
92,2025-01-29 14:00:00+00:00,3159.0,3179.5,3153.0,3177.0,243803
93,2025-01-29 16:00:00+00:00,3175.0,3190.0,3150.0,3174.0,134185
94,2025-01-29 18:00:00+00:00,3174.0,3176.0,3160.0,3165.5,35943
95,2025-01-29 20:00:00+00:00,3163.5,3171.0,3161.0,3169.0,8704
96,2025-01-30 02:00:00+00:00,3169.0,3169.0,3169.0,3169.0,60
97,2025-01-30 04:00:00+00:00,3169.0,3188.5,3166.0,3183.0,19646
98,2025-01-30 06:00:00+00:00,3182.5,3215.0,3175.0,3180.0,575235
99,2025-01-30 08:00:00+00:00,3180.0,3207.5,3175.0,3206.0,264394
100,2025-01-30 10:00:00+00:00,3206.0,3257.0,3200.5,3248.0,745729
101,2025-01-30 12:00:00+00:00,3248.0,3298.0,3248.0,3274.0,755108
102,2025-01-30 14:00:00+00:00,3274.5,3283.5,3252.0,3260.0,355384
103,2025-01-30 16:00:00+00:00,3259.5,3260.0,3255.0,3258.0,58160
104,2025-01-30 18:00:00+00:00,3259.5,3260.5,3255.0,3259.5,100451
105,2025-01-30 20:00:00+00:00,3259.0,3260.0,3255.0,3259.0,20121
106,2025-01-31 02:00:00+00:00,3261.0,3261.0,3261.0,3261.0,2593
107,2025-01-31 04:00:00+00:00,3261.0,3290.5,3260.5,3288.5,48044
108,2025-01-31 06:00:00+00:00,3289.0,3294.0,3225.0,3228.5,401518
109,2025-01-31 08:00:00+00:00,3228.5,3251.0,3192.5,3209.0,556419
110,2025-01-31 10:00:00+00:00,3209.0,3247.0,3201.0,3241.5,170279
111,2025-01-31 12:00:00+00:00,3241.5,3256.0,3222.0,3227.0,193101
112,2025-01-31 14:00:00+00:00,3227.0,3248.5,3222.0,3232.0,96013
113,2025-01-31 16:00:00+00:00,3232.0,3240.0,3222.0,3225.0,44595
114,2025-01-31 18:00:00+00:00,3225.0,3234.5,3222.0,3224.5,32500
115,2025-01-31 20:00:00+00:00,3224.5,3232.0,3222.0,3232.0,15253
116,2025-02-03 02:00:00+00:00,3232.5,3232.5,3232.5,3232.5,679
117,2025-02-03 04:00:00+00:00,3233.5,3238.5,3172.5,3218.5,75612
118,2025-02-03 06:00:00+00:00,3218.5,3270.0,3211.0,3252.0,203388
119,2025-02-03 08:00:00+00:00,3253.5,3267.0,3246.0,3253.0,264372
120,2025-02-03 10:00:00+00:00,3253.0,3274.0,3250.0,3263.5,147103
121,2025-02-03 12:00:00+00:00,3264.0,3264.0,3234.0,3252.0,120217
122,2025-02-03 14:00:00+00:00,3254.0,3256.5,3202.5,3248.0,152315
123,2025-02-03 16:00:00+00:00,3242.5,3244.0,3226.5,3238.0,25251
124,2025-02-03 18:00:00+00:00,3238.0,3249.0,3236.0,3244.0,18672
125,2025-02-03 20:00:00+00:00,3244.5,3247.5,3238.0,3240.0,7251
126,2025-02-04 02:00:00+00:00,3241.0,3241.0,3241.0,3241.0,15
127,2025-02-04 04:00:00+00:00,3241.0,3259.0,3240.5,3258.0,18844
128,2025-02-04 06:00:00+00:00,3256.5,3291.5,3253.0,3264.5,222521
129,2025-02-04 08:00:00+00:00,3264.5,3274.0,3226.5,3260.5,300542
130,2025-02-04 10:00:00+00:00,3260.0,3274.0,3240.0,3258.0,104916
131,2025-02-04 12:00:00+00:00,3258.5,3283.5,3247.0,3274.0,308111
132,2025-02-04 12:00:00+00:00,3258.5,3283.5,3247.0,3274.0,308111
133,2025-02-04 14:00:00+00:00,3274.0,3283.0,3260.0,3266.5,190510
134,2025-02-04 16:00:00+00:00,3273.0,3282.0,3266.5,3273.5,42757
135,2025-02-04 18:00:00+00:00,3273.5,3277.5,3245.0,3270.0,80572
136,2025-02-04 20:00:00+00:00,3270.5,3270.5,3260.5,3268.5,6734
137,2025-02-05 02:00:00+00:00,3267.0,3267.0,3267.0,3267.0,288
138,2025-02-05 04:00:00+00:00,3262.0,3290.5,3262.0,3282.5,30399
139,2025-02-05 06:00:00+00:00,3281.5,3305.0,3255.0,3272.0,346414
140,2025-02-05 08:00:00+00:00,3272.0,3279.5,3251.0,3260.5,250710
141,2025-02-05 10:00:00+00:00,3260.5,3276.0,3250.0,3258.0,164477
142,2025-02-05 12:00:00+00:00,3258.0,3260.0,3250.0,3256.0,74395
143,2025-02-05 14:00:00+00:00,3257.0,3264.0,3241.5,3262.5,221351
144,2025-02-05 16:00:00+00:00,3262.5,3283.5,3258.0,3272.5,122784
145,2025-02-05 18:00:00+00:00,3271.5,3281.0,3260.5,3273.0,44572
146,2025-02-05 20:00:00+00:00,3273.5,3280.0,3271.0,3276.5,20317
147,2025-02-06 02:00:00+00:00,3283.0,3283.0,3283.0,3283.0,263
148,2025-02-06 04:00:00+00:00,3284.0,3295.0,3275.0,3280.0,16025
149,2025-02-06 06:00:00+00:00,3281.5,3290.0,3257.5,3263.5,138807
150,2025-02-06 08:00:00+00:00,3265.5,3280.0,3252.0,3258.0,247359
151,2025-02-06 10:00:00+00:00,3258.0,3265.5,3234.5,3246.0,279341
152,2025-02-06 12:00:00+00:00,3244.5,3271.0,3241.0,3247.0,187544
153,2025-02-06 14:00:00+00:00,3246.5,3277.5,3240.5,3277.5,194517
154,2025-02-06 16:00:00+00:00,3269.5,3276.0,3259.0,3268.0,42061
155,2025-02-06 18:00:00+00:00,3268.0,3273.0,3267.0,3267.5,9667
156,2025-02-06 20:00:00+00:00,3267.0,3267.5,3260.0,3264.5,5982
157,2025-02-07 02:00:00+00:00,3268.0,3268.0,3268.0,3268.0,16
158,2025-02-07 04:00:00+00:00,3268.0,3276.5,3256.5,3263.0,17848
159,2025-02-07 06:00:00+00:00,3264.5,3274.5,3256.5,3261.0,92557
160,2025-02-07 08:00:00+00:00,3262.5,3274.0,3245.0,3250.0,119399
161,2025-02-07 10:00:00+00:00,3250.0,3270.0,3248.0,3255.5,149056
162,2025-02-07 12:00:00+00:00,3256.5,3265.0,3250.0,3262.5,104667
163,2025-02-07 14:00:00+00:00,3262.5,3270.0,3251.0,3270.0,96004
164,2025-02-07 16:00:00+00:00,3270.0,3270.0,3260.0,3266.5,14086
165,2025-02-07 18:00:00+00:00,3266.0,3274.5,3263.5,3268.5,15658
166,2025-02-07 20:00:00+00:00,3268.0,3270.0,3264.5,3266.0,4148
167,2025-02-10 02:00:00+00:00,3266.5,3266.5,3266.5,3266.5,897
168,2025-02-10 04:00:00+00:00,3269.0,3284.0,3266.5,3283.5,26794
169,2025-02-10 06:00:00+00:00,3283.0,3312.0,3268.0,3295.5,258249
170,2025-02-10 08:00:00+00:00,3296.0,3345.5,3293.0,3342.5,469205
171,2025-02-10 10:00:00+00:00,3343.0,3357.0,3325.0,3355.0,333945
172,2025-02-10 12:00:00+00:00,3354.5,3356.0,3332.5,3341.5,254476
173,2025-02-10 14:00:00+00:00,3341.5,3352.0,3334.5,3337.0,149486
174,2025-02-10 16:00:00+00:00,3346.5,3346.5,3336.0,3342.5,29442
175,2025-02-10 18:00:00+00:00,3343.0,3343.0,3297.5,3313.5,128597
176,2025-02-10 20:00:00+00:00,3314.0,3330.5,3267.5,3267.5,72186
177,2025-02-11 02:00:00+00:00,3285.0,3285.0,3285.0,3285.0,3472
178,2025-02-11 04:00:00+00:00,3286.0,3332.5,3284.0,3316.5,69954
179,2025-02-11 06:00:00+00:00,3316.5,3350.0,3303.5,3343.5,185368
180,2025-02-11 08:00:00+00:00,3344.5,3353.0,3309.5,3326.0,181343
181,2025-02-11 10:00:00+00:00,3324.5,3326.5,3295.0,3300.0,186531
182,2025-02-11 12:00:00+00:00,3299.5,3312.5,3275.0,3295.5,237368
183,2025-02-11 12:00:00+00:00,3299.5,3312.5,3275.0,3295.5,237368
184,2025-02-11 14:00:00+00:00,3296.0,3318.5,3290.0,3315.0,137726
185,2025-02-11 16:00:00+00:00,3311.5,3320.0,3306.0,3313.5,35640
186,2025-02-11 18:00:00+00:00,3314.5,3315.5,3310.0,3315.0,24322
187,2025-02-11 20:00:00+00:00,3315.0,3318.5,3312.0,3318.5,14870
188,2025-02-12 02:00:00+00:00,3323.0,3323.0,3323.0,3323.0,90
189,2025-02-12 04:00:00+00:00,3323.0,3333.0,3318.5,3329.0,62718
190,2025-02-12 06:00:00+00:00,3328.0,3344.0,3322.0,3338.5,109099
191,2025-02-12 08:00:00+00:00,3338.5,3393.5,3335.5,3385.5,328199
192,2025-02-12 10:00:00+00:00,3385.5,3396.0,3376.0,3388.5,266864
193,2025-02-12 12:00:00+00:00,3388.0,3389.0,3355.5,3378.0,209848
194,2025-02-12 14:00:00+00:00,3378.5,3379.5,3341.5,3341.5,233257
195,2025-02-12 16:00:00+00:00,3341.5,3400.0,3325.0,3395.5,393923
196,2025-02-12 18:00:00+00:00,3396.0,3450.0,3383.5,3449.5,349764
197,2025-02-12 20:00:00+00:00,3449.5,3450.0,3424.5,3440.0,54352
198,2025-02-13 02:00:00+00:00,3440.0,3440.0,3440.0,3440.0,1383
199,2025-02-13 04:00:00+00:00,3440.5,3675.5,3440.0,3520.5,701159
200,2025-02-13 06:00:00+00:00,3514.5,3548.0,3364.0,3421.0,675428
201,2025-02-13 08:00:00+00:00,3420.5,3479.0,3382.0,3427.5,461043
202,2025-02-13 10:00:00+00:00,3428.5,3430.0,3371.0,3380.5,307129
203,2025-02-13 12:00:00+00:00,3380.5,3407.5,3376.0,3389.0,198250
204,2025-02-13 14:00:00+00:00,3388.5,3429.0,3374.5,3429.0,230439
205,2025-02-13 16:00:00+00:00,3423.0,3428.5,3385.0,3419.0,46602
206,2025-02-14 04:00:00+00:00,3419.5,3448.5,3418.5,3429.0,53614
207,2025-02-14 06:00:00+00:00,3431.0,3453.0,3401.0,3417.0,275342
208,2025-02-14 08:00:00+00:00,3416.5,3487.5,3415.5,3448.5,475044
209,2025-02-14 10:00:00+00:00,3448.5,3493.5,3390.5,3404.0,545884
210,2025-02-14 12:00:00+00:00,3404.5,3416.0,3350.0,3357.5,284260
211,2025-02-14 14:00:00+00:00,3357.0,3421.5,3354.5,3421.5,178097
212,2025-02-14 16:00:00+00:00,3415.0,3418.5,3390.5,3397.0,39369
213,2025-02-14 18:00:00+00:00,3398.5,3408.0,3397.0,3406.5,11508
214,2025-02-14 20:00:00+00:00,3406.0,3408.0,3397.5,3406.5,14434
215,2025-02-17 02:00:00+00:00,3425.0,3425.0,3425.0,3425.0,1336
216,2025-02-17 04:00:00+00:00,3428.5,3449.0,3415.0,3434.0,54228
217,2025-02-17 06:00:00+00:00,3434.0,3460.0,3419.0,3452.0,196484
218,2025-02-17 08:00:00+00:00,3451.5,3470.0,3438.5,3469.5,246252
219,2025-02-17 10:00:00+00:00,3468.5,3470.0,3449.5,3452.0,167443
220,2025-02-17 12:00:00+00:00,3452.0,3477.0,3449.5,3475.0,175056
221,2025-02-17 14:00:00+00:00,3475.5,3480.0,3460.0,3465.0,146662
222,2025-02-17 16:00:00+00:00,3464.0,3476.5,3449.0,3460.0,79358
223,2025-02-17 18:00:00+00:00,3459.5,3470.0,3454.5,3456.0,85593
224,2025-02-17 20:00:00+00:00,3456.0,3470.0,3449.0,3470.0,48738
225,2025-02-18 02:00:00+00:00,3470.0,3470.0,3470.0,3470.0,2191
226,2025-02-18 04:00:00+00:00,3470.0,3470.0,3406.5,3452.5,69395
227,2025-02-18 06:00:00+00:00,3454.5,3470.0,3446.5,3453.0,138801
228,2025-02-18 08:00:00+00:00,3453.0,3460.0,3421.5,3455.5,188042
229,2025-02-18 10:00:00+00:00,3455.5,3460.0,3430.0,3447.5,83689
230,2025-02-18 12:00:00+00:00,3447.5,3459.5,3417.0,3436.5,157868
231,2025-02-18 12:00:00+00:00,3447.5,3459.5,3417.0,3436.5,157868
232,2025-02-18 14:00:00+00:00,3436.0,3439.5,3426.5,3436.5,85379
233,2025-02-18 16:00:00+00:00,3436.5,3443.0,3436.0,3437.0,15124
234,2025-02-18 18:00:00+00:00,3437.5,3437.5,3412.0,3426.5,64304
235,2025-02-18 20:00:00+00:00,3426.5,3432.0,3421.5,3430.0,6268
236,2025-02-19 02:00:00+00:00,3438.0,3438.0,3438.0,3438.0,21
237,2025-02-19 04:00:00+00:00,3439.5,3440.0,3420.5,3429.5,14661
238,2025-02-19 06:00:00+00:00,3429.5,3460.0,3410.0,3428.5,120468
239,2025-02-19 08:00:00+00:00,3427.0,3428.5,3380.5,3415.5,144874
240,2025-02-19 10:00:00+00:00,3416.0,3450.0,3410.0,3440.0,87487
241,2025-02-19 12:00:00+00:00,3441.0,3450.0,3421.0,3449.5,62793
242,2025-02-19 14:00:00+00:00,3449.0,3460.0,3431.0,3439.0,98919
243,2025-02-19 16:00:00+00:00,3440.5,3466.0,3440.5,3456.0,87595
244,2025-02-19 18:00:00+00:00,3453.0,3465.0,3446.0,3450.5,23365
245,2025-02-19 20:00:00+00:00,3451.0,3452.0,3442.0,3445.0,8211
246,2025-02-20 02:00:00+00:00,3450.0,3450.0,3450.0,3450.0,6
247,2025-02-20 04:00:00+00:00,3446.5,3460.0,3437.0,3450.0,12671
248,2025-02-20 06:00:00+00:00,3453.0,3466.0,3448.0,3452.5,44236
249,2025-02-20 08:00:00+00:00,3454.0,3488.0,3452.0,3487.0,106288
250,2025-02-20 10:00:00+00:00,3487.0,3489.5,3457.5,3463.5,82493
251,2025-02-20 12:00:00+00:00,3463.5,3474.5,3350.5,3442.0,230368
252,2025-02-20 14:00:00+00:00,3442.0,3463.0,3430.0,3450.0,117543
253,2025-02-20 16:00:00+00:00,3450.0,3457.0,3431.5,3446.0,22038
254,2025-02-20 18:00:00+00:00,3445.5,3452.5,3434.0,3447.0,25474
255,2025-02-20 20:00:00+00:00,3448.5,3451.0,3435.0,3449.5,6764
256,2025-02-21 02:00:00+00:00,3448.0,3448.0,3448.0,3448.0,63
257,2025-02-21 04:00:00+00:00,3452.5,3460.0,3445.0,3451.0,8142
258,2025-02-21 06:00:00+00:00,3451.5,3462.5,3435.0,3460.5,42583
259,2025-02-21 08:00:00+00:00,3461.5,3470.0,3456.0,3456.5,65429
260,2025-02-21 10:00:00+00:00,3457.5,3459.0,3432.0,3448.5,71586
261,2025-02-21 12:00:00+00:00,3448.5,3459.0,3433.0,3454.0,59076
262,2025-02-21 14:00:00+00:00,3455.5,3458.5,3438.0,3441.5,35943
263,2025-02-21 16:00:00+00:00,3441.5,3449.5,3441.5,3445.5,9513
264,2025-02-21 18:00:00+00:00,3445.5,3453.5,3445.5,3451.0,32477
265,2025-02-21 20:00:00+00:00,3451.0,3452.5,3445.0,3448.5,9419
266,2025-02-24 02:00:00+00:00,3448.5,3448.5,3448.5,3448.5,136
267,2025-02-24 04:00:00+00:00,3448.5,3456.0,3441.5,3455.0,10217
268,2025-02-24 06:00:00+00:00,3455.0,3468.5,3448.0,3454.5,97039
269,2025-02-24 08:00:00+00:00,3456.5,3463.0,3445.0,3460.0,101041
270,2025-02-24 10:00:00+00:00,3460.0,3460.0,3444.0,3454.0,107819
271,2025-02-24 12:00:00+00:00,3455.0,3459.0,3445.5,3449.0,77891
272,2025-02-24 14:00:00+00:00,3449.0,3450.0,3414.5,3425.0,270457
273,2025-02-24 16:00:00+00:00,3425.0,3435.0,3419.5,3426.5,41136
274,2025-02-24 18:00:00+00:00,3426.5,3441.0,3426.0,3441.0,46293
275,2025-02-24 20:00:00+00:00,3440.5,3444.5,3429.0,3438.5,20368
276,2025-02-25 02:00:00+00:00,3440.0,3440.0,3440.0,3440.0,100
277,2025-02-25 04:00:00+00:00,3441.0,3450.0,3435.0,3448.0,45680
278,2025-02-25 06:00:00+00:00,3448.0,3460.0,3437.5,3443.5,212641
279,2025-02-25 08:00:00+00:00,3442.5,3455.0,3425.5,3443.5,154087
280,2025-02-25 10:00:00+00:00,3443.5,3447.0,3420.0,3423.0,111747
281,2025-02-25 12:00:00+00:00,3422.5,3440.0,3402.0,3403.5,216524
282,2025-02-25 12:00:00+00:00,3422.5,3440.0,3402.0,3403.5,216524
283,2025-02-25 14:00:00+00:00,3403.5,3406.5,3385.0,3400.0,144770
284,2025-02-25 16:00:00+00:00,3400.0,3408.5,3396.0,3408.5,20353
285,2025-02-25 18:00:00+00:00,3408.5,3420.0,3407.5,3418.0,27805
286,2025-02-25 20:00:00+00:00,3416.5,3418.0,3410.0,3414.5,5769
287,2025-02-26 02:00:00+00:00,3414.5,3414.5,3414.5,3414.5,11
288,2025-02-26 04:00:00+00:00,3414.5,3437.5,3409.5,3429.5,54463
289,2025-02-26 06:00:00+00:00,3429.0,3437.5,3397.0,3400.0,142217
290,2025-02-26 08:00:00+00:00,3400.0,3410.0,3357.0,3364.5,223330
291,2025-02-26 10:00:00+00:00,3364.0,3399.5,3276.0,3334.5,514693
292,2025-02-26 12:00:00+00:00,3335.0,3359.0,3308.0,3349.0,130593
293,2025-02-26 14:00:00+00:00,3348.0,3364.0,3313.5,3327.5,170732
294,2025-02-26 16:00:00+00:00,3327.0,3333.5,3296.5,3299.0,116590
295,2025-02-26 18:00:00+00:00,3299.0,3311.0,3283.0,3296.0,53047
296,2025-02-26 20:00:00+00:00,3296.0,3300.0,3290.0,3299.0,13661
297,2025-02-27 02:00:00+00:00,3295.5,3295.5,3295.5,3295.5,58
298,2025-02-27 04:00:00+00:00,3298.5,3298.5,3253.0,3269.5,76989
299,2025-02-27 06:00:00+00:00,3270.5,3362.5,3259.0,3304.5,248513
300,2025-02-27 08:00:00+00:00,3303.5,3315.5,3205.0,3214.0,312716
301,2025-02-27 10:00:00+00:00,3213.5,3264.5,3205.0,3224.0,279044
302,2025-02-27 12:00:00+00:00,3224.0,3266.0,3210.5,3248.5,264532
303,2025-02-27 14:00:00+00:00,3250.0,3266.0,3239.5,3266.0,163262
304,2025-02-27 16:00:00+00:00,3265.5,3265.5,3222.0,3223.0,78018
305,2025-02-27 18:00:00+00:00,3223.0,3243.0,3212.0,3216.5,42108
306,2025-02-27 20:00:00+00:00,3216.5,3224.0,3202.0,3222.5,30608
307,2025-02-28 02:00:00+00:00,3220.0,3220.0,3220.0,3220.0,239
308,2025-02-28 04:00:00+00:00,3218.0,3239.0,3202.5,3224.0,33982
309,2025-02-28 06:00:00+00:00,3224.0,3255.0,3200.0,3211.5,173110
310,2025-02-28 08:00:00+00:00,3211.0,3243.0,3175.0,3214.0,241276
311,2025-02-28 10:00:00+00:00,3214.5,3294.0,3207.0,3267.0,232166
312,2025-02-28 12:00:00+00:00,3267.0,3275.0,3234.5,3237.5,134799
313,2025-02-28 14:00:00+00:00,3237.5,3336.5,3237.5,3336.5,212540
314,2025-02-28 16:00:00+00:00,3331.0,3345.5,3304.0,3338.0,156625
315,2025-02-28 18:00:00+00:00,3337.5,3349.5,3252.0,3338.0,167521
316,2025-02-28 20:00:00+00:00,3337.5,3340.0,3328.5,3334.0,18153
317,2025-03-01 10:00:00+00:00,3340.0,3350.0,3325.5,3347.0,4887
318,2025-03-01 12:00:00+00:00,3345.5,3352.0,3340.0,3349.0,13542
319,2025-03-01 14:00:00+00:00,3348.5,3349.0,3333.5,3333.5,6879
320,2025-03-02 06:00:00+00:00,3336.0,3349.0,3326.0,3334.5,3860
321,2025-03-02 08:00:00+00:00,3334.5,3336.5,3303.5,3329.5,9467
322,2025-03-02 10:00:00+00:00,3327.0,3340.0,3327.0,3339.5,5210
323,2025-03-02 12:00:00+00:00,3338.0,3346.5,3324.5,3327.0,3997
324,2025-03-02 14:00:00+00:00,3328.0,3340.0,3312.5,3320.0,11418
325,2025-03-03 02:00:00+00:00,3318.0,3318.0,3318.0,3318.0,210
326,2025-03-03 04:00:00+00:00,3318.5,3340.0,3250.0,3284.5,68742
327,2025-03-03 06:00:00+00:00,3285.0,3289.5,3245.0,3254.5,131581
328,2025-03-03 08:00:00+00:00,3255.0,3257.5,3191.0,3208.0,386422
329,2025-03-03 10:00:00+00:00,3207.0,3248.5,3201.0,3233.0,117695
330,2025-03-03 12:00:00+00:00,3233.0,3248.0,3215.5,3247.0,104774
331,2025-03-03 14:00:00+00:00,3247.0,3272.5,3246.0,3254.0,101079
332,2025-03-03 16:00:00+00:00,3255.0,3255.0,3227.5,3253.5,32528
333,2025-03-03 18:00:00+00:00,3253.5,3287.0,3233.0,3274.0,76622
334,2025-03-03 20:00:00+00:00,3274.0,3278.0,3253.0,3257.0,15008
335,2025-03-04 02:00:00+00:00,3260.0,3260.0,3260.0,3260.0,315
336,2025-03-04 04:00:00+00:00,3260.5,3305.5,3260.5,3294.0,50277
337,2025-03-04 06:00:00+00:00,3294.0,3350.0,3282.0,3341.5,215196
338,2025-03-04 08:00:00+00:00,3340.0,3389.0,3320.5,3374.0,283593
339,2025-03-04 10:00:00+00:00,3374.0,3376.5,3344.0,3359.0,143842
340,2025-03-04 12:00:00+00:00,3359.0,3372.5,3330.0,3363.5,131382
341,2025-03-04 12:00:00+00:00,3359.0,3372.5,3330.0,3363.5,131382
342,2025-03-04 14:00:00+00:00,3363.5,3368.0,3332.0,3368.0,100772
343,2025-03-04 16:00:00+00:00,3369.0,3384.5,3355.5,3368.5,93906
344,2025-03-04 18:00:00+00:00,3368.5,3373.5,3331.5,3347.5,80456
345,2025-03-04 20:00:00+00:00,3347.5,3355.0,3341.0,3348.5,12262
346,2025-03-05 02:00:00+00:00,3351.0,3351.0,3351.0,3351.0,32
347,2025-03-05 04:00:00+00:00,3351.5,3360.0,3332.5,3345.5,62741
348,2025-03-05 06:00:00+00:00,3345.5,3380.0,3345.0,3359.0,83737
349,2025-03-05 08:00:00+00:00,3359.0,3371.5,3343.0,3344.0,201577
350,2025-03-05 10:00:00+00:00,3344.0,3345.0,3335.0,3341.0,101597
351,2025-03-05 12:00:00+00:00,3342.0,3345.0,3310.0,3315.0,176004
352,2025-03-05 14:00:00+00:00,3315.5,3344.5,3315.0,3340.0,91475
353,2025-03-05 16:00:00+00:00,3344.0,3344.5,3317.5,3330.5,67258
354,2025-03-05 18:00:00+00:00,3331.0,3340.0,3305.0,3315.0,100534
355,2025-03-05 20:00:00+00:00,3314.5,3322.5,3300.0,3322.5,27184
356,2025-03-06 02:00:00+00:00,3304.5,3304.5,3304.5,3304.5,629
357,2025-03-06 04:00:00+00:00,3305.0,3325.5,3305.0,3325.0,36959
358,2025-03-06 06:00:00+00:00,3325.0,3329.0,3290.0,3303.0,100347
359,2025-03-06 08:00:00+00:00,3303.0,3309.5,3285.0,3295.5,87866
360,2025-03-06 10:00:00+00:00,3296.0,3300.0,3277.5,3292.0,61526
361,2025-03-06 12:00:00+00:00,3290.5,3326.0,3288.0,3324.5,89550
362,2025-03-06 14:00:00+00:00,3325.0,3343.5,3316.5,3317.0,86247
363,2025-03-06 16:00:00+00:00,3322.5,3332.0,3312.5,3328.0,14558
364,2025-03-06 18:00:00+00:00,3328.0,3332.5,3311.5,3320.0,11966
365,2025-03-06 20:00:00+00:00,3320.0,3340.0,3311.5,3337.5,24075
366,2025-03-07 02:00:00+00:00,3337.0,3337.0,3337.0,3337.0,146
367,2025-03-07 04:00:00+00:00,3337.0,3349.5,3322.5,3349.0,16833
368,2025-03-07 06:00:00+00:00,3347.5,3349.5,3326.5,3338.5,105737
369,2025-03-07 08:00:00+00:00,3339.5,3411.0,3339.5,3390.0,315671
370,2025-03-07 10:00:00+00:00,3389.0,3407.0,3380.5,3399.5,138034
371,2025-03-07 12:00:00+00:00,3399.5,3433.0,3397.5,3419.0,193578
372,2025-03-07 14:00:00+00:00,3419.0,3433.5,3339.0,3342.0,436256
373,2025-03-07 16:00:00+00:00,3347.0,3398.5,3347.0,3393.0,92845
374,2025-03-07 18:00:00+00:00,3392.5,3397.5,3381.5,3386.0,35939
375,2025-03-07 20:00:00+00:00,3388.5,3398.5,3384.0,3393.0,12976
376,2025-03-10 02:00:00+00:00,3393.5,3393.5,3393.5,3393.5,184
377,2025-03-10 04:00:00+00:00,3395.0,3434.0,3393.0,3416.0,38050
378,2025-03-10 06:00:00+00:00,3415.5,3430.0,3407.0,3407.5,128061
379,2025-03-10 08:00:00+00:00,3407.5,3419.0,3396.5,3419.0,111017
380,2025-03-10 10:00:00+00:00,3418.5,3495.0,3418.5,3485.5,404107
381,2025-03-10 12:00:00+00:00,3485.5,3490.5,3460.0,3487.0,305391
382,2025-03-10 14:00:00+00:00,3487.0,3490.0,3450.5,3460.0,181584
383,2025-03-10 16:00:00+00:00,3460.5,3478.0,3460.0,3469.5,24822
384,2025-03-10 18:00:00+00:00,3468.0,3472.5,3458.5,3460.0,39005
385,2025-03-10 20:00:00+00:00,3460.0,3464.5,3459.0,3464.5,12147
386,2025-03-11 02:00:00+00:00,3465.0,3465.0,3465.0,3465.0,93
387,2025-03-11 04:00:00+00:00,3465.5,3498.0,3465.0,3475.0,43594
388,2025-03-11 06:00:00+00:00,3475.5,3538.5,3457.0,3533.0,260079
389,2025-03-11 08:00:00+00:00,3533.0,3554.5,3510.0,3519.0,368107
390,2025-03-11 10:00:00+00:00,3519.0,3531.5,3499.0,3518.5,205087
391,2025-03-11 12:00:00+00:00,3518.5,3540.0,3510.0,3535.0,276706
392,2025-03-11 12:00:00+00:00,3518.5,3540.0,3510.0,3535.0,276706
393,2025-03-11 14:00:00+00:00,3535.0,3565.0,3530.0,3543.0,227159
394,2025-03-11 16:00:00+00:00,3543.5,3563.0,3531.0,3555.5,51745
395,2025-03-11 18:00:00+00:00,3555.5,3556.5,3502.5,3535.5,196827
396,2025-03-11 20:00:00+00:00,3535.0,3548.5,3532.5,3547.5,22189
397,2025-03-12 02:00:00+00:00,3550.0,3550.0,3550.0,3550.0,211
398,2025-03-12 04:00:00+00:00,3551.0,3565.0,3516.5,3530.0,54490
399,2025-03-12 06:00:00+00:00,3533.0,3548.0,3440.0,3503.5,421595
400,2025-03-12 08:00:00+00:00,3504.0,3516.5,3478.0,3496.0,246736
401,2025-03-12 10:00:00+00:00,3496.0,3525.0,3482.0,3521.5,130275
402,2025-03-12 12:00:00+00:00,3521.5,3536.0,3515.0,3524.0,92920
403,2025-03-12 14:00:00+00:00,3524.0,3526.0,3504.5,3518.0,97064
404,2025-03-12 16:00:00+00:00,3519.0,3524.0,3518.0,3520.0,18899
405,2025-03-12 18:00:00+00:00,3520.0,3521.5,3511.0,3513.5,24308
406,2025-03-12 20:00:00+00:00,3514.0,3519.5,3513.0,3518.0,6516
407,2025-03-13 02:00:00+00:00,3518.5,3518.5,3518.5,3518.5,18
408,2025-03-13 04:00:00+00:00,3522.0,3530.0,3485.0,3490.0,49698
409,2025-03-13 06:00:00+00:00,3491.5,3495.5,3450.0,3470.5,210209
410,2025-03-13 08:00:00+00:00,3470.0,3489.0,3425.0,3475.0,288525
411,2025-03-13 10:00:00+00:00,3475.0,3506.0,3450.0,3450.0,220957
412,2025-03-13 12:00:00+00:00,3450.0,3466.0,3428.5,3451.5,176513
413,2025-03-13 14:00:00+00:00,3451.5,3479.0,3431.0,3431.0,170741
414,2025-03-13 16:00:00+00:00,3500.0,3547.5,3482.0,3521.5,304611
415,2025-03-13 18:00:00+00:00,3521.5,3531.0,3515.0,3518.5,25049
416,2025-03-13 20:00:00+00:00,3518.5,3520.0,3510.0,3513.0,19101
417,2025-03-14 02:00:00+00:00,3511.0,3511.0,3511.0,3511.0,125
418,2025-03-14 04:00:00+00:00,3513.0,3528.0,3487.5,3513.5,29998
419,2025-03-14 06:00:00+00:00,3513.0,3517.5,3490.0,3491.0,85036
420,2025-03-14 08:00:00+00:00,3491.0,3555.0,3490.5,3527.0,219621
421,2025-03-14 10:00:00+00:00,3527.0,3557.0,3520.0,3553.0,127282
422,2025-03-14 12:00:00+00:00,3552.5,3608.5,3551.0,3600.5,271397
423,2025-03-14 14:00:00+00:00,3600.0,3602.0,3552.5,3584.0,280777
424,2025-03-14 16:00:00+00:00,3589.0,3609.5,3580.0,3609.0,91703
425,2025-03-14 18:00:00+00:00,3609.0,3615.5,3604.0,3604.5,57121
426,2025-03-14 20:00:00+00:00,3604.5,3613.5,3604.0,3610.0,19922
427,2025-03-15 06:00:00+00:00,3616.0,3630.0,3610.0,3629.0,12188
428,2025-03-15 08:00:00+00:00,3629.0,3638.5,3627.0,3635.0,13152
429,2025-03-15 10:00:00+00:00,3635.0,3640.0,3628.5,3630.0,13662
430,2025-03-15 12:00:00+00:00,3631.0,3640.0,3629.0,3636.0,6322
431,2025-03-15 14:00:00+00:00,3636.0,3640.0,3628.0,3630.5,9138
432,2025-03-16 06:00:00+00:00,3605.0,3631.5,3605.0,3631.5,7147
433,2025-03-16 08:00:00+00:00,3631.5,3638.0,3629.0,3636.5,7017
434,2025-03-16 10:00:00+00:00,3635.5,3638.0,3633.0,3637.5,4601
435,2025-03-16 12:00:00+00:00,3637.5,3645.0,3632.5,3642.0,15252
436,2025-03-16 14:00:00+00:00,3641.5,3644.5,3636.5,3644.5,13936
437,2025-03-17 02:00:00+00:00,3640.0,3640.0,3640.0,3640.0,2265
438,2025-03-17 04:00:00+00:00,3640.0,3666.0,3611.5,3639.5,290288
439,2025-03-17 06:00:00+00:00,3638.5,3654.0,3618.0,3631.5,239494
440,2025-03-17 08:00:00+00:00,3631.5,3660.5,3592.0,3613.5,397462
441,2025-03-17 10:00:00+00:00,3613.0,3630.5,3595.0,3606.0,304765
442,2025-03-17 12:00:00+00:00,3610.0,3624.5,3595.5,3610.0,167287
443,2025-03-17 14:00:00+00:00,3611.0,3652.0,3610.0,3637.5,246591
444,2025-03-17 16:00:00+00:00,3643.5,3658.0,3632.0,3636.5,86365
445,2025-03-17 18:00:00+00:00,3638.0,3640.0,3631.5,3638.0,17362
446,2025-03-17 20:00:00+00:00,3639.0,3648.0,3638.0,3648.0,14268
447,2025-03-18 02:00:00+00:00,3648.5,3648.5,3648.5,3648.5,33
448,2025-03-18 04:00:00+00:00,3648.5,3663.0,3637.5,3656.0,31586
449,2025-03-18 06:00:00+00:00,3657.5,3662.5,3592.0,3625.5,211505
450,2025-03-18 08:00:00+00:00,3625.5,3637.5,3605.5,3632.0,158832
451,2025-03-18 10:00:00+00:00,3631.0,3640.0,3623.5,3635.0,101206
452,2025-03-18 12:00:00+00:00,3635.0,3635.5,3624.0,3630.0,98499
453,2025-03-18 12:00:00+00:00,3635.0,3635.5,3624.0,3630.0,98499
454,2025-03-18 14:00:00+00:00,3630.0,3640.0,3628.5,3638.5,121793
455,2025-03-18 16:00:00+00:00,3638.0,3644.5,3602.0,3604.5,132426
456,2025-03-18 18:00:00+00:00,3603.5,3629.5,3601.5,3609.0,70479
457,2025-03-18 20:00:00+00:00,3609.5,3617.0,3580.0,3608.0,51411
458,2025-03-19 02:00:00+00:00,3618.0,3618.0,3618.0,3618.0,44
459,2025-03-19 04:00:00+00:00,3617.5,3620.0,3601.0,3613.0,37514
460,2025-03-19 06:00:00+00:00,3613.0,3620.0,3610.0,3620.0,66091
461,2025-03-19 08:00:00+00:00,3620.0,3699.0,3619.0,3691.5,313507
462,2025-03-19 10:00:00+00:00,3692.0,3700.0,3673.5,3696.0,168046
463,2025-03-19 12:00:00+00:00,3696.0,3705.0,3690.0,3696.0,233445
464,2025-03-19 14:00:00+00:00,3696.0,3708.0,3683.5,3703.5,222567
465,2025-03-19 16:00:00+00:00,3700.5,3744.0,3699.0,3728.0,153412
466,2025-03-19 18:00:00+00:00,3728.0,3740.0,3722.0,3735.5,54721
467,2025-03-19 20:00:00+00:00,3735.5,3743.0,3735.0,3736.0,19283
468,2025-03-20 02:00:00+00:00,3745.0,3745.0,3745.0,3745.0,822
469,2025-03-20 04:00:00+00:00,3745.0,3764.0,3740.0,3741.5,79923
470,2025-03-20 06:00:00+00:00,3740.0,3749.0,3723.0,3731.0,180855
471,2025-03-20 08:00:00+00:00,3729.5,3732.5,3690.0,3698.0,244212
472,2025-03-20 10:00:00+00:00,3698.0,3717.5,3683.5,3697.5,135095
473,2025-03-20 12:00:00+00:00,3697.5,3710.0,3654.0,3698.0,307069
474,2025-03-20 14:00:00+00:00,3697.5,3724.0,3680.5,3680.5,139036
475,2025-03-20 16:00:00+00:00,3685.0,3696.5,3670.0,3689.0,37891
476,2025-03-20 18:00:00+00:00,3689.0,3695.0,3685.5,3695.0,22358
477,2025-03-20 20:00:00+00:00,3695.0,3695.0,3689.5,3694.0,7668
478,2025-03-21 02:00:00+00:00,3695.0,3695.0,3695.0,3695.0,18
479,2025-03-21 04:00:00+00:00,3696.5,3705.0,3680.5,3685.5,36260
480,2025-03-21 06:00:00+00:00,3685.5,3719.0,3619.0,3653.0,1296231
481,2025-03-21 08:00:00+00:00,3653.0,3686.5,3650.0,3684.0,503053
482,2025-03-21 10:00:00+00:00,3684.0,3697.0,3638.0,3649.0,468736
483,2025-03-21 12:00:00+00:00,3648.0,3664.5,3623.5,3652.5,411099
484,2025-03-21 14:00:00+00:00,3652.5,3657.5,3610.0,3645.0,389004
485,2025-03-21 16:00:00+00:00,3644.5,3650.0,3623.0,3637.0,45807
486,2025-03-21 18:00:00+00:00,3637.0,3646.5,3635.5,3644.5,31020
487,2025-03-21 20:00:00+00:00,3644.5,3648.0,3640.0,3648.0,10997
488,2025-03-24 02:00:00+00:00,3653.0,3653.0,3653.0,3653.0,2038
489,2025-03-24 04:00:00+00:00,3653.0,3663.0,3641.5,3649.0,39565
490,2025-03-24 06:00:00+00:00,3649.0,3654.0,3622.5,3628.5,121407
491,2025-03-24 08:00:00+00:00,3627.5,3648.5,3595.0,3625.5,281518
492,2025-03-24 10:00:00+00:00,3625.5,3625.5,3588.5,3590.0,214718
493,2025-03-24 12:00:00+00:00,3590.0,3618.0,3583.0,3588.0,403533
494,2025-03-24 14:00:00+00:00,3588.5,3618.0,3584.5,3618.0,215136
495,2025-03-24 16:00:00+00:00,3616.5,3616.5,3599.0,3607.0,24951
496,2025-03-24 18:00:00+00:00,3607.5,3607.5,3570.0,3585.0,112798
497,2025-03-24 20:00:00+00:00,3585.0,3589.5,3580.0,3589.5,22406
498,2025-03-25 02:00:00+00:00,3590.0,3590.0,3590.0,3590.0,66
499,2025-03-25 04:00:00+00:00,3590.5,3607.5,3590.0,3605.0,20144
500,2025-03-25 06:00:00+00:00,3606.0,3609.0,3595.5,3605.0,60118
501,2025-03-25 08:00:00+00:00,3605.0,3609.0,3552.0,3571.5,170634
502,2025-03-25 10:00:00+00:00,3571.0,3582.0,3541.0,3553.0,291784
503,2025-03-25 12:00:00+00:00,3553.0,3586.0,3545.0,3559.5,177157
504,2025-03-25 12:00:00+00:00,3553.0,3586.0,3545.0,3559.5,177157
505,2025-03-25 14:00:00+00:00,3559.0,3576.5,3542.0,3576.0,172861
506,2025-03-25 16:00:00+00:00,3576.5,3600.0,3574.5,3595.5,94308
507,2025-03-25 18:00:00+00:00,3594.0,3604.0,3589.0,3597.0,26238
508,2025-03-25 20:00:00+00:00,3597.0,3598.0,3586.5,3587.5,5930
509,2025-03-26 02:00:00+00:00,3598.0,3598.0,3598.0,3598.0,9
510,2025-03-26 04:00:00+00:00,3599.0,3615.0,3593.5,3609.0,28480
511,2025-03-26 06:00:00+00:00,3609.5,3609.5,3572.5,3582.0,58466
512,2025-03-26 08:00:00+00:00,3582.0,3583.5,3540.0,3559.0,245575
513,2025-03-26 10:00:00+00:00,3558.5,3559.5,3534.0,3541.0,176396
514,2025-03-26 12:00:00+00:00,3541.0,3544.5,3511.0,3520.0,236979
515,2025-03-26 14:00:00+00:00,3520.0,3520.0,3472.5,3500.0,423964
516,2025-03-26 16:00:00+00:00,3500.0,3500.0,3474.5,3478.5,104196
517,2025-03-26 18:00:00+00:00,3478.5,3499.5,3472.0,3494.0,86165
518,2025-03-26 20:00:00+00:00,3493.0,3494.5,3482.5,3487.5,23535
519,2025-03-27 02:00:00+00:00,3488.0,3488.0,3488.0,3488.0,428
520,2025-03-27 04:00:00+00:00,3494.5,3516.0,3480.0,3507.0,61502
521,2025-03-27 06:00:00+00:00,3506.5,3513.0,3454.0,3472.5,192379
522,2025-03-27 08:00:00+00:00,3473.0,3546.0,3470.5,3525.5,454187
523,2025-03-27 10:00:00+00:00,3525.0,3543.5,3515.5,3526.5,220686
524,2025-03-27 12:00:00+00:00,3526.0,3533.5,3500.0,3503.0,237351
525,2025-03-27 14:00:00+00:00,3502.5,3514.0,3466.0,3477.0,314797
526,2025-03-27 16:00:00+00:00,3485.0,3525.0,3465.0,3508.5,141746
527,2025-03-27 18:00:00+00:00,3508.5,3525.0,3500.0,3513.0,53855
528,2025-03-27 20:00:00+00:00,3514.0,3515.5,3500.5,3503.0,18114
529,2025-03-28 02:00:00+00:00,3501.0,3501.0,3501.0,3501.0,500
530,2025-03-28 04:00:00+00:00,3503.0,3529.5,3493.0,3503.0,85087
531,2025-03-28 06:00:00+00:00,3503.0,3524.5,3498.0,3524.0,144035
532,2025-03-28 08:00:00+00:00,3524.0,3549.5,3510.0,3518.5,281364
533,2025-03-28 10:00:00+00:00,3518.5,3528.5,3476.0,3492.0,224152
534,2025-03-28 12:00:00+00:00,3490.5,3502.0,3475.5,3483.0,260850
535,2025-03-28 14:00:00+00:00,3483.0,3535.5,3482.0,3528.0,247840
536,2025-03-28 16:00:00+00:00,3520.0,3526.0,3501.5,3505.0,49300
537,2025-03-28 18:00:00+00:00,3505.0,3515.0,3501.0,3510.0,31260
538,2025-03-28 20:00:00+00:00,3508.5,3515.0,3504.0,3508.0,15619
539,2025-03-29 06:00:00+00:00,3520.0,3524.5,3478.5,3482.5,25599
540,2025-03-29 08:00:00+00:00,3485.0,3507.0,3485.0,3497.0,10553
541,2025-03-29 10:00:00+00:00,3498.0,3498.5,3485.0,3490.5,11784
542,2025-03-29 12:00:00+00:00,3490.5,3491.5,3485.0,3487.5,9945
543,2025-03-29 14:00:00+00:00,3487.5,3490.0,3475.5,3487.0,21862
544,2025-03-30 06:00:00+00:00,3487.0,3489.0,3465.0,3478.5,8520
545,2025-03-30 08:00:00+00:00,3478.5,3480.0,3471.5,3478.0,11529
546,2025-03-30 10:00:00+00:00,3478.0,3482.0,3477.5,3481.0,5925
547,2025-03-30 12:00:00+00:00,3481.0,3505.0,3469.0,3498.0,17924
548,2025-03-30 14:00:00+00:00,3498.0,3498.5,3422.5,3426.0,105932
549,2025-03-31 02:00:00+00:00,3443.5,3443.5,3443.5,3443.5,1301
550,2025-03-31 04:00:00+00:00,3443.5,3519.0,3415.0,3512.0,160072
551,2025-03-31 06:00:00+00:00,3513.0,3524.0,3443.0,3455.5,218524
552,2025-03-31 08:00:00+00:00,3455.0,3476.5,3453.0,3471.0,190834
553,2025-03-31 10:00:00+00:00,3471.0,3496.0,3470.5,3488.0,165255
554,2025-03-31 12:00:00+00:00,3488.0,3495.0,3480.0,3489.0,119142
555,2025-03-31 14:00:00+00:00,3489.0,3493.5,3479.5,3492.0,149012
556,2025-03-31 16:00:00+00:00,3492.0,3501.5,3485.0,3497.5,34274
557,2025-03-31 18:00:00+00:00,3498.0,3510.0,3493.0,3510.0,19365
558,2025-03-31 20:00:00+00:00,3510.0,3511.5,3502.0,3507.5,10114
559,2025-04-01 02:00:00+00:00,3507.5,3507.5,3507.5,3507.5,47
560,2025-04-01 04:00:00+00:00,3508.0,3531.0,3502.0,3523.5,52326
561,2025-04-01 06:00:00+00:00,3523.5,3535.0,3502.0,3510.0,140868
562,2025-04-01 08:00:00+00:00,3510.0,3525.5,3503.0,3517.5,177250
563,2025-04-01 10:00:00+00:00,3518.5,3519.5,3455.0,3461.5,238812
564,2025-04-01 12:00:00+00:00,3460.5,3491.5,3434.0,3441.5,240451
565,2025-04-01 12:00:00+00:00,3460.5,3491.5,3434.0,3441.5,240451
566,2025-04-01 14:00:00+00:00,3441.5,3474.5,3430.5,3456.5,200079
567,2025-04-01 16:00:00+00:00,3456.0,3471.5,3445.5,3447.0,89474
568,2025-04-01 18:00:00+00:00,3447.0,3453.5,3424.0,3431.5,131685
569,2025-04-01 20:00:00+00:00,3431.0,3443.0,3430.5,3443.0,31266
570,2025-04-02 02:00:00+00:00,3440.0,3440.0,3440.0,3440.0,173
571,2025-04-02 04:00:00+00:00,3439.5,3455.0,3430.0,3443.5,33788
572,2025-04-02 06:00:00+00:00,3443.5,3462.0,3435.0,3449.5,87761
573,2025-04-02 08:00:00+00:00,3450.0,3458.0,3422.5,3438.5,107813
574,2025-04-02 10:00:00+00:00,3439.0,3447.0,3416.0,3426.5,138512
575,2025-04-02 12:00:00+00:00,3425.5,3431.5,3403.0,3403.5,217932
576,2025-04-02 14:00:00+00:00,3403.5,3420.0,3390.5,3407.0,145806
577,2025-04-02 16:00:00+00:00,3402.0,3419.5,3396.0,3409.5,83039
578,2025-04-02 18:00:00+00:00,3410.0,3429.0,3407.0,3416.5,50294
579,2025-04-02 20:00:00+00:00,3416.5,3419.5,3408.0,3418.0,38587
580,2025-04-03 02:00:00+00:00,3415.0,3415.0,3415.0,3415.0,147
581,2025-04-03 04:00:00+00:00,3415.0,3447.0,3410.0,3430.0,40051
582,2025-04-03 06:00:00+00:00,3429.0,3430.0,3376.0,3381.5,166438
583,2025-04-03 08:00:00+00:00,3381.0,3390.0,3357.0,3386.5,282588
584,2025-04-03 10:00:00+00:00,3386.0,3388.5,3365.0,3371.5,120614
585,2025-04-03 12:00:00+00:00,3371.5,3373.0,3316.5,3333.0,399258
586,2025-04-03 14:00:00+00:00,3333.0,3340.0,3300.0,3310.5,236221
587,2025-04-03 16:00:00+00:00,3310.5,3346.5,3310.0,3344.5,76353
588,2025-04-03 18:00:00+00:00,3344.5,3347.5,3331.0,3343.5,47159
589,2025-04-03 20:00:00+00:00,3344.0,3350.0,3342.5,3350.0,18015
590,2025-04-04 02:00:00+00:00,3364.0,3364.0,3364.0,3364.0,1158
591,2025-04-04 04:00:00+00:00,3365.0,3375.0,3351.0,3370.0,45410
592,2025-04-04 06:00:00+00:00,3370.0,3372.0,3340.5,3357.0,114802
593,2025-04-04 08:00:00+00:00,3357.0,3357.0,3316.0,3322.0,148395
594,2025-04-04 10:00:00+00:00,3321.5,3330.0,3261.0,3268.5,331708
595,2025-04-04 12:00:00+00:00,3268.5,3276.0,3220.5,3223.5,430149
596,2025-04-04 14:00:00+00:00,3223.5,3291.5,3223.0,3262.0,209266
597,2025-04-04 16:00:00+00:00,3262.0,3289.5,3218.0,3245.5,181523
598,2025-04-04 18:00:00+00:00,3245.5,3271.0,3233.5,3256.5,54781
599,2025-04-04 20:00:00+00:00,3256.5,3261.5,3241.0,3246.5,22828
600,2025-04-05 06:00:00+00:00,3246.5,3247.5,3185.5,3196.5,70648
601,2025-04-05 08:00:00+00:00,3197.0,3240.0,3181.0,3239.0,51980
602,2025-04-05 10:00:00+00:00,3239.5,3313.5,3232.0,3285.0,65122
603,2025-04-05 12:00:00+00:00,3285.0,3300.0,3231.0,3277.5,42869
604,2025-04-05 14:00:00+00:00,3276.5,3288.5,3263.0,3284.5,15938
605,2025-04-06 06:00:00+00:00,3287.0,3322.0,3277.5,3309.0,34829
606,2025-04-06 08:00:00+00:00,3310.0,3333.0,3309.0,3327.0,50015
607,2025-04-06 10:00:00+00:00,3325.5,3349.0,3312.0,3338.5,53673
608,2025-04-06 12:00:00+00:00,3337.0,3356.5,3329.5,3353.0,50714
609,2025-04-06 14:00:00+00:00,3353.5,3354.5,3335.5,3349.5,34917
610,2025-04-07 02:00:00+00:00,3300.0,3300.0,3300.0,3300.0,3546
611,2025-04-07 04:00:00+00:00,3299.5,3350.0,3224.0,3262.0,248433
612,2025-04-07 06:00:00+00:00,3261.5,3279.5,3190.0,3265.5,337572
613,2025-04-07 08:00:00+00:00,3266.0,3295.0,3207.0,3216.0,293161
614,2025-04-07 10:00:00+00:00,3215.0,3272.5,3210.0,3236.0,192322
615,2025-04-07 12:00:00+00:00,3236.0,3237.5,3194.0,3225.0,351594
616,2025-04-07 14:00:00+00:00,3225.0,3240.0,3200.0,3220.5,392364
617,2025-04-07 16:00:00+00:00,3226.5,3228.0,3200.0,3222.5,67724
618,2025-04-07 18:00:00+00:00,3222.5,3228.0,3215.0,3227.0,28129
619,2025-04-07 20:00:00+00:00,3227.5,3228.0,3214.5,3227.0,16465
620,2025-04-08 02:00:00+00:00,3231.5,3231.5,3231.5,3231.5,397
621,2025-04-08 04:00:00+00:00,3232.0,3285.0,3232.0,3260.0,90832
622,2025-04-08 06:00:00+00:00,3260.0,3285.5,3250.0,3269.0,119065
623,2025-04-08 08:00:00+00:00,3270.0,3280.0,3230.5,3244.5,133203
624,2025-04-08 10:00:00+00:00,3244.5,3260.0,3230.5,3255.5,150020
625,2025-04-08 12:00:00+00:00,3256.0,3274.0,3244.0,3270.5,163910
626,2025-04-08 12:00:00+00:00,3256.0,3274.0,3244.0,3270.5,163910
627,2025-04-08 14:00:00+00:00,3270.5,3281.0,3245.5,3251.5,161170
628,2025-04-08 16:00:00+00:00,3251.5,3259.5,3220.0,3230.0,139935
629,2025-04-08 18:00:00+00:00,3230.0,3235.0,3200.0,3213.0,85709
630,2025-04-08 20:00:00+00:00,3213.0,3216.0,3201.0,3209.5,17339
631,2025-04-09 02:00:00+00:00,3212.0,3212.0,3212.0,3212.0,177
632,2025-04-09 04:00:00+00:00,3212.0,3227.0,3177.0,3211.0,72757
633,2025-04-09 06:00:00+00:00,3210.0,3255.0,3202.0,3209.5,177510
634,2025-04-09 08:00:00+00:00,3210.0,3215.0,3181.0,3185.0,190048
635,2025-04-09 10:00:00+00:00,3185.0,3191.0,3090.0,3122.5,492712
636,2025-04-09 12:00:00+00:00,3122.0,3188.5,3121.0,3187.0,204410
637,2025-04-09 14:00:00+00:00,3187.0,3195.0,3159.5,3183.0,122766
638,2025-04-09 16:00:00+00:00,3183.0,3274.5,3183.0,3272.0,327371
639,2025-04-09 18:00:00+00:00,3272.5,3280.0,3233.5,3269.5,157244
640,2025-04-09 20:00:00+00:00,3270.0,3298.0,3268.0,3294.5,62912
641,2025-04-10 02:00:00+00:00,3299.5,3299.5,3299.5,3299.5,1257
642,2025-04-10 04:00:00+00:00,3300.0,3303.0,3263.0,3279.5,88012
643,2025-04-10 06:00:00+00:00,3279.5,3295.5,3224.0,3240.0,153547
644,2025-04-10 08:00:00+00:00,3240.0,3268.0,3236.5,3246.0,87415
645,2025-04-10 10:00:00+00:00,3246.0,3256.0,3240.5,3247.5,82206
646,2025-04-10 12:00:00+00:00,3248.5,3260.5,3235.0,3235.0,159379
647,2025-04-10 14:00:00+00:00,3235.0,3266.5,3225.5,3235.0,118029
648,2025-04-10 16:00:00+00:00,3235.0,3241.5,3202.0,3240.0,71855
649,2025-04-10 18:00:00+00:00,3241.0,3246.5,3232.0,3238.5,29199
650,2025-04-10 20:00:00+00:00,3238.5,3240.0,3230.0,3238.5,8270
651,2025-04-11 02:00:00+00:00,3242.0,3242.0,3242.0,3242.0,41
652,2025-04-11 04:00:00+00:00,3242.5,3268.0,3235.0,3255.0,30764
653,2025-04-11 06:00:00+00:00,3257.5,3288.5,3254.5,3274.0,130588
654,2025-04-11 08:00:00+00:00,3275.0,3290.5,3259.5,3279.5,171384
655,2025-04-11 10:00:00+00:00,3280.0,3296.0,3273.5,3291.5,106326
656,2025-04-11 12:00:00+00:00,3291.5,3293.0,3272.0,3287.0,86022
657,2025-04-11 14:00:00+00:00,3287.0,3331.5,3286.0,3317.0,109140
658,2025-04-11 16:00:00+00:00,3318.0,3329.5,3308.0,3327.5,51022
659,2025-04-11 18:00:00+00:00,3327.5,3328.5,3304.0,3327.5,60591
660,2025-04-11 20:00:00+00:00,3328.0,3328.5,3320.0,3325.5,9450
661,2025-04-12 06:00:00+00:00,3335.0,3344.5,3331.0,3340.0,17667
662,2025-04-12 08:00:00+00:00,3342.5,3353.5,3339.5,3349.0,52150
663,2025-04-12 10:00:00+00:00,3348.5,3355.0,3339.5,3349.0,18781
664,2025-04-12 12:00:00+00:00,3349.0,3350.0,3341.5,3347.0,8458
665,2025-04-12 14:00:00+00:00,3347.5,3351.0,3344.0,3351.0,10046
666,2025-04-13 06:00:00+00:00,3351.0,3365.0,3344.0,3363.0,30253
667,2025-04-13 08:00:00+00:00,3363.5,3367.5,3355.0,3362.0,17685
668,2025-04-13 10:00:00+00:00,3362.0,3377.0,3356.0,3376.0,24565
669,2025-04-13 12:00:00+00:00,3376.0,3388.5,3372.0,3388.0,24591
670,2025-04-13 14:00:00+00:00,3386.5,3388.5,3365.0,3375.5,30006
671,2025-04-14 02:00:00+00:00,3380.0,3380.0,3380.0,3380.0,779
672,2025-04-14 04:00:00+00:00,3379.5,3387.5,3356.0,3360.0,33459
673,2025-04-14 06:00:00+00:00,3359.5,3369.5,3331.0,3356.0,150289
674,2025-04-14 08:00:00+00:00,3356.5,3369.0,3338.0,3367.5,84271
675,2025-04-14 10:00:00+00:00,3367.5,3389.0,3361.0,3365.5,138444
676,2025-04-14 12:00:00+00:00,3365.0,3365.5,3310.0,3326.5,174811
677,2025-04-14 14:00:00+00:00,3326.0,3370.0,3319.5,3360.0,90943
678,2025-04-14 16:00:00+00:00,3352.5,3370.0,3331.0,3338.0,49826
679,2025-04-14 18:00:00+00:00,3336.5,3360.5,3335.5,3353.0,25374
680,2025-04-14 20:00:00+00:00,3353.0,3356.5,3349.5,3351.0,3791
681,2025-04-15 02:00:00+00:00,3351.0,3351.0,3351.0,3351.0,33
682,2025-04-15 04:00:00+00:00,3353.0,3377.0,3337.0,3343.5,37951
683,2025-04-15 06:00:00+00:00,3343.5,3360.0,3333.0,3341.0,66176
684,2025-04-15 08:00:00+00:00,3341.5,3345.0,3323.5,3335.0,62375
685,2025-04-15 10:00:00+00:00,3335.0,3340.0,3328.0,3336.0,38487
686,2025-04-15 12:00:00+00:00,3335.5,3352.5,3331.0,3343.5,58027
687,2025-04-15 12:00:00+00:00,3335.5,3352.5,3331.0,3343.5,58027
688,2025-04-15 14:00:00+00:00,3346.0,3348.5,3338.0,3339.0,32184
689,2025-04-15 16:00:00+00:00,3339.0,3346.0,3338.5,3345.0,8810
690,2025-04-15 18:00:00+00:00,3345.0,3351.5,3339.0,3351.0,14480
691,2025-04-15 20:00:00+00:00,3350.5,3354.5,3345.5,3347.0,5119
692,2025-04-16 02:00:00+00:00,3351.0,3351.0,3351.0,3351.0,31
693,2025-04-16 04:00:00+00:00,3355.0,3357.0,3334.5,3339.0,16372
694,2025-04-16 06:00:00+00:00,3342.5,3350.5,3301.5,3333.5,159014
695,2025-04-16 08:00:00+00:00,3334.0,3363.5,3327.0,3359.0,87594
696,2025-04-16 10:00:00+00:00,3359.0,3375.0,3346.5,3373.5,107505
697,2025-04-16 12:00:00+00:00,3373.5,3384.0,3367.5,3380.5,99974
698,2025-04-16 14:00:00+00:00,3381.0,3414.5,3377.0,3396.5,161866
699,2025-04-16 16:00:00+00:00,3397.0,3413.0,3380.5,3385.0,60770
700,2025-04-16 18:00:00+00:00,3385.0,3393.0,3370.0,3377.5,34334
701,2025-04-16 20:00:00+00:00,3377.0,3390.0,3375.0,3388.0,6530
702,2025-04-17 02:00:00+00:00,3390.5,3390.5,3390.5,3390.5,18
703,2025-04-17 04:00:00+00:00,3390.5,3414.5,3388.0,3407.0,44333
704,2025-04-17 06:00:00+00:00,3404.5,3409.0,3382.5,3391.5,54781
705,2025-04-17 08:00:00+00:00,3391.0,3394.5,3372.0,3376.5,96439
706,2025-04-17 10:00:00+00:00,3378.0,3395.0,3377.0,3391.5,65726
707,2025-04-17 12:00:00+00:00,3391.0,3397.5,3374.5,3384.5,116695
708,2025-04-17 14:00:00+00:00,3384.0,3385.0,3372.0,3380.5,56715
709,2025-04-17 16:00:00+00:00,3380.5,3400.0,3375.5,3398.0,43971
710,2025-04-17 18:00:00+00:00,3398.5,3403.0,3384.0,3401.5,77931
711,2025-04-17 20:00:00+00:00,3401.5,3405.0,3396.0,3404.0,19300
712,2025-04-18 02:00:00+00:00,3397.0,3397.0,3397.0,3397.0,1877
713,2025-04-18 04:00:00+00:00,3397.5,3400.0,3382.0,3385.5,31863
714,2025-04-18 06:00:00+00:00,3385.5,3398.5,3384.0,3390.5,31395
715,2025-04-18 08:00:00+00:00,3390.0,3391.0,3340.5,3345.5,150852
716,2025-04-18 10:00:00+00:00,3345.5,3349.5,3310.5,3330.5,149283
717,2025-04-18 12:00:00+00:00,3330.5,3359.0,3321.0,3334.0,114532
718,2025-04-18 14:00:00+00:00,3334.5,3383.5,3334.0,3376.0,57600
719,2025-04-18 16:00:00+00:00,3375.0,3375.0,3353.5,3356.0,23014
720,2025-04-18 18:00:00+00:00,3355.5,3362.0,3351.0,3351.0,11304
721,2025-04-18 20:00:00+00:00,3351.5,3354.5,3347.0,3350.0,9448
722,2025-04-21 02:00:00+00:00,3373.0,3373.0,3373.0,3373.0,252
723,2025-04-21 04:00:00+00:00,3372.5,3374.5,3360.0,3370.0,25394
724,2025-04-21 06:00:00+00:00,3369.5,3384.0,3364.5,3379.0,66134
725,2025-04-21 08:00:00+00:00,3379.0,3394.5,3374.5,3391.0,69698
726,2025-04-21 10:00:00+00:00,3392.0,3397.5,3384.5,3395.5,63505
727,2025-04-21 12:00:00+00:00,3395.5,3398.5,3368.0,3379.0,88214
728,2025-04-21 14:00:00+00:00,3379.0,3400.0,3375.0,3399.0,75967
729,2025-04-21 16:00:00+00:00,3399.5,3408.0,3386.5,3393.0,45059
730,2025-04-21 18:00:00+00:00,3394.0,3402.0,3391.0,3396.5,25070
731,2025-04-21 20:00:00+00:00,3396.5,3398.0,3391.5,3398.0,6811
732,2025-04-22 02:00:00+00:00,3398.0,3398.0,3398.0,3398.0,233
733,2025-04-22 04:00:00+00:00,3398.0,3407.5,3395.0,3405.0,21700
734,2025-04-22 06:00:00+00:00,3404.5,3415.0,3400.0,3414.5,98523
735,2025-04-22 08:00:00+00:00,3414.5,3415.0,3376.0,3380.5,100005
736,2025-04-22 10:00:00+00:00,3380.0,3395.0,3378.0,3379.0,66561
737,2025-04-22 12:00:00+00:00,3379.0,3397.0,3378.5,3392.5,62411
738,2025-04-22 12:00:00+00:00,3379.0,3397.0,3378.5,3392.5,62411
739,2025-04-22 14:00:00+00:00,3393.0,3408.0,3391.5,3399.5,73316
740,2025-04-22 16:00:00+00:00,3400.0,3409.0,3395.0,3404.5,68715
741,2025-04-22 18:00:00+00:00,3404.5,3420.0,3398.0,3410.5,149236
742,2025-04-22 20:00:00+00:00,3410.5,3410.5,3397.5,3400.0,35872
743,2025-04-23 02:00:00+00:00,3400.5,3400.5,3400.5,3400.5,189
744,2025-04-23 04:00:00+00:00,3401.0,3418.0,3390.0,3391.0,47906
745,2025-04-23 06:00:00+00:00,3391.0,3391.5,3354.5,3368.0,137589
746,2025-04-23 08:00:00+00:00,3368.5,3388.5,3362.5,3382.0,65729
747,2025-04-23 10:00:00+00:00,3382.5,3396.0,3373.0,3373.0,99284
748,2025-04-23 12:00:00+00:00,3373.0,3386.0,3371.5,3383.5,41106
749,2025-04-23 14:00:00+00:00,3382.0,3397.5,3379.5,3388.0,47751
750,2025-04-23 16:00:00+00:00,3388.5,3395.0,3381.0,3389.0,34406
751,2025-04-23 18:00:00+00:00,3389.0,3394.5,3385.0,3386.0,11557
752,2025-04-23 20:00:00+00:00,3386.5,3388.5,3383.0,3383.0,5456
753,2025-04-24 02:00:00+00:00,3384.5,3384.5,3384.5,3384.5,27
754,2025-04-24 04:00:00+00:00,3394.5,3401.5,3384.5,3399.0,16725
755,2025-04-24 06:00:00+00:00,3398.5,3428.0,3393.5,3427.0,114720
756,2025-04-24 08:00:00+00:00,3427.0,3437.5,3419.0,3432.5,166629
757,2025-04-24 10:00:00+00:00,3434.0,3439.5,3396.0,3408.0,148931
758,2025-04-24 12:00:00+00:00,3408.5,3424.0,3385.0,3389.0,164378
759,2025-04-24 14:00:00+00:00,3389.0,3394.0,3378.0,3388.0,92296
760,2025-04-24 16:00:00+00:00,3390.0,3392.0,3381.0,3385.5,19257
761,2025-04-24 18:00:00+00:00,3385.0,3389.5,3379.5,3389.5,25089
762,2025-04-24 20:00:00+00:00,3389.5,3392.0,3385.5,3390.0,8665
763,2025-04-25 02:00:00+00:00,3399.0,3399.0,3399.0,3399.0,139
764,2025-04-25 04:00:00+00:00,3391.5,3409.5,3390.5,3404.0,32513
765,2025-04-25 06:00:00+00:00,3404.5,3408.0,3398.5,3401.5,55853
766,2025-04-25 08:00:00+00:00,3402.0,3408.0,3392.0,3401.0,97057
767,2025-04-25 10:00:00+00:00,3401.0,3410.0,3389.0,3404.5,93442
768,2025-04-25 12:00:00+00:00,3404.0,3424.5,3400.0,3407.0,173897
769,2025-04-25 14:00:00+00:00,3408.5,3417.0,3407.5,3414.0,69237
770,2025-04-25 16:00:00+00:00,3415.0,3419.5,3405.5,3418.5,38103
771,2025-04-25 18:00:00+00:00,3418.5,3420.0,3412.0,3416.0,33546
772,2025-04-25 20:00:00+00:00,3416.0,3420.0,3412.0,3416.5,9707
773,2025-04-26 06:00:00+00:00,3424.0,3450.0,3419.0,3444.5,38687
774,2025-04-26 08:00:00+00:00,3444.0,3448.5,3418.5,3438.0,48932
775,2025-04-26 10:00:00+00:00,3436.0,3448.0,3432.5,3445.0,22390
776,2025-04-26 12:00:00+00:00,3445.0,3452.0,3426.5,3435.0,64086
777,2025-04-26 14:00:00+00:00,3435.0,3442.0,3427.0,3439.0,18669
778,2025-04-27 06:00:00+00:00,3440.0,3455.0,3440.0,3447.0,13621
779,2025-04-27 08:00:00+00:00,3447.5,3450.0,3442.5,3445.0,12199
780,2025-04-27 10:00:00+00:00,3445.0,3445.0,3441.0,3443.5,5825
781,2025-04-27 12:00:00+00:00,3443.0,3445.0,3440.5,3444.5,9843
782,2025-04-27 14:00:00+00:00,3443.5,3445.0,3443.0,3445.0,10830
783,2025-04-28 02:00:00+00:00,3445.0,3445.0,3445.0,3445.0,5383
784,2025-04-28 04:00:00+00:00,3445.0,3462.0,3439.0,3439.5,70172
785,2025-04-28 06:00:00+00:00,3439.5,3447.0,3416.0,3428.0,116973
786,2025-04-28 08:00:00+00:00,3427.0,3432.5,3420.0,3424.5,74304
787,2025-04-28 10:00:00+00:00,3424.5,3438.5,3404.0,3433.0,156642
788,2025-04-28 12:00:00+00:00,3433.0,3434.5,3413.0,3421.0,100644
789,2025-04-28 14:00:00+00:00,3421.0,3428.0,3418.5,3426.0,70202
790,2025-04-28 16:00:00+00:00,3426.0,3427.5,3417.5,3419.0,25505
791,2025-04-28 18:00:00+00:00,3418.5,3420.0,3392.5,3413.5,83805
792,2025-04-28 20:00:00+00:00,3413.0,3414.0,3401.0,3407.0,10942
793,2025-04-29 02:00:00+00:00,3407.0,3407.0,3407.0,3407.0,41
794,2025-04-29 04:00:00+00:00,3411.5,3419.0,3403.5,3409.5,16313
795,2025-04-29 06:00:00+00:00,3409.0,3409.5,3390.0,3401.0,72867
796,2025-04-29 08:00:00+00:00,3401.0,3404.5,3370.0,3380.5,108430
797,2025-04-29 10:00:00+00:00,3380.5,3385.0,3363.0,3369.5,86967
798,2025-04-29 12:00:00+00:00,3369.5,3379.5,3366.0,3375.5,38662
799,2025-04-29 12:00:00+00:00,3369.5,3379.5,3366.0,3375.5,38662
800,2025-04-29 14:00:00+00:00,3375.5,3377.0,3350.0,3351.0,122411
801,2025-04-29 16:00:00+00:00,3351.0,3360.5,3317.0,3352.0,101339
802,2025-04-29 18:00:00+00:00,3350.5,3356.0,3338.0,3349.0,22250
803,2025-04-29 20:00:00+00:00,3349.0,3360.5,3346.5,3357.0,7495
804,2025-04-30 02:00:00+00:00,3357.0,3357.0,3357.0,3357.0,28
805,2025-04-30 04:00:00+00:00,3357.0,3358.0,3330.5,3343.5,24656
806,2025-04-30 06:00:00+00:00,3343.5,3355.0,3333.5,3348.5,74619
807,2025-04-30 08:00:00+00:00,3350.0,3350.0,3320.5,3326.5,118463
808,2025-04-30 10:00:00+00:00,3326.5,3332.5,3318.0,3327.0,120503
809,2025-04-30 12:00:00+00:00,3327.0,3334.5,3309.0,3314.5,152610
810,2025-04-30 14:00:00+00:00,3314.5,3349.5,3313.5,3349.5,138817
811,2025-04-30 16:00:00+00:00,3340.5,3343.0,3325.5,3334.5,31656
812,2025-04-30 18:00:00+00:00,3334.5,3345.0,3332.5,3340.0,12797
813,2025-04-30 20:00:00+00:00,3340.0,3343.5,3335.5,3341.0,8351
814,2025-05-02 02:00:00+00:00,3341.0,3341.0,3341.0,3341.0,43
815,2025-05-02 04:00:00+00:00,3343.0,3348.5,3305.5,3326.0,30810
816,2025-05-02 06:00:00+00:00,3325.0,3326.0,3290.0,3292.5,69164
817,2025-05-02 08:00:00+00:00,3291.5,3294.5,3280.0,3293.0,45075
818,2025-05-02 10:00:00+00:00,3293.0,3308.0,3291.5,3307.5,33095
819,2025-05-02 12:00:00+00:00,3307.5,3308.0,3298.0,3306.5,18944
820,2025-05-02 14:00:00+00:00,3305.5,3306.5,3283.0,3285.0,36708
821,2025-05-02 16:00:00+00:00,3285.0,3297.5,3283.0,3285.5,27742
822,2025-05-02 18:00:00+00:00,3284.5,3299.0,3284.5,3292.0,14541
823,2025-05-02 20:00:00+00:00,3292.0,3292.5,3265.5,3283.5,33027
824,2025-05-03 06:00:00+00:00,3283.5,3304.0,3281.0,3298.0,14514
825,2025-05-03 08:00:00+00:00,3298.0,3303.0,3295.5,3301.0,7930
826,2025-05-03 10:00:00+00:00,3301.0,3301.0,3295.5,3298.0,9532
827,2025-05-03 12:00:00+00:00,3299.0,3306.5,3293.5,3299.0,6361
828,2025-05-03 14:00:00+00:00,3298.5,3300.0,3291.5,3300.0,5283
829,2025-05-04 06:00:00+00:00,3300.0,3309.0,3299.0,3306.5,6268
830,2025-05-04 08:00:00+00:00,3306.5,3318.5,3304.0,3316.0,12697
831,2025-05-04 10:00:00+00:00,3316.0,3350.0,3313.0,3332.5,22668
832,2025-05-04 12:00:00+00:00,3334.5,3368.0,3319.0,3320.5,24085
833,2025-05-04 14:00:00+00:00,3320.0,3323.0,3313.0,3315.0,13419
834,2025-05-05 02:00:00+00:00,3321.5,3321.5,3321.5,3321.5,210
835,2025-05-05 04:00:00+00:00,3323.5,3334.5,3303.5,3320.5,43821
836,2025-05-05 06:00:00+00:00,3319.5,3323.0,3288.0,3289.5,90444
837,2025-05-05 08:00:00+00:00,3289.5,3300.0,3281.0,3293.0,112692
838,2025-05-05 10:00:00+00:00,3293.0,3298.5,3260.0,3261.0,148684
839,2025-05-05 12:00:00+00:00,3260.5,3275.5,3224.5,3231.0,142740
840,2025-05-05 14:00:00+00:00,3231.0,3236.5,3201.0,3210.0,190908
841,2025-05-05 16:00:00+00:00,3217.5,3229.5,3200.0,3229.5,66042
842,2025-05-05 18:00:00+00:00,3229.5,3242.5,3225.0,3239.5,39102
843,2025-05-05 20:00:00+00:00,3239.0,3242.5,3235.0,3237.0,13800
844,2025-05-06 02:00:00+00:00,3239.5,3239.5,3239.5,3239.5,14
845,2025-05-06 04:00:00+00:00,3239.5,3255.0,3234.5,3236.5,37974
846,2025-05-06 06:00:00+00:00,3237.0,3254.0,3201.5,3244.5,85406
847,2025-05-06 08:00:00+00:00,3244.5,3250.0,3224.5,3229.5,93846
848,2025-05-06 10:00:00+00:00,3230.0,3242.5,3208.0,3236.5,86637
849,2025-05-06 12:00:00+00:00,3237.5,3258.0,3221.0,3231.0,128040
850,2025-05-06 12:00:00+00:00,3237.5,3258.0,3221.0,3231.0,128040
851,2025-05-06 14:00:00+00:00,3231.0,3248.5,3221.0,3244.0,54021
852,2025-05-06 16:00:00+00:00,3243.0,3253.0,3239.5,3250.0,30795
853,2025-05-06 18:00:00+00:00,3251.5,3266.5,3243.0,3246.5,49192
854,2025-05-06 20:00:00+00:00,3246.5,3251.0,3236.5,3238.5,9551
855,2025-05-07 02:00:00+00:00,3239.0,3239.0,3239.0,3239.0,1879
856,2025-05-07 04:00:00+00:00,3239.0,3256.5,3239.0,3248.5,15517
857,2025-05-07 06:00:00+00:00,3248.5,3251.0,3223.0,3248.0,38164
858,2025-05-07 08:00:00+00:00,3248.0,3260.0,3242.5,3255.0,33802
859,2025-05-07 10:00:00+00:00,3256.5,3256.5,3232.5,3238.5,76555
860,2025-05-07 12:00:00+00:00,3238.5,3242.5,3212.0,3212.5,130557
861,2025-05-07 14:00:00+00:00,3213.5,3226.5,3205.0,3218.0,146104
862,2025-05-07 16:00:00+00:00,3220.0,3225.0,3213.5,3215.0,28789
863,2025-05-07 18:00:00+00:00,3215.0,3222.0,3212.0,3217.5,32504
864,2025-05-07 20:00:00+00:00,3217.5,3219.5,3214.0,3219.5,8122
865,2025-05-08 02:00:00+00:00,3219.0,3219.0,3219.0,3219.0,135
866,2025-05-08 04:00:00+00:00,3219.5,3230.0,3215.0,3219.0,42228
867,2025-05-08 06:00:00+00:00,3219.0,3231.5,3216.5,3220.0,57852
868,2025-05-08 08:00:00+00:00,3219.5,3226.0,3213.5,3221.0,34546
869,2025-05-08 10:00:00+00:00,3221.0,3232.5,3219.0,3227.5,49456
870,2025-05-08 12:00:00+00:00,3226.0,3228.0,3217.5,3227.0,19860
871,2025-05-08 14:00:00+00:00,3227.5,3229.0,3224.0,3225.0,19292
872,2025-05-08 16:00:00+00:00,3226.0,3227.0,3224.0,3226.0,10253
873,2025-05-08 18:00:00+00:00,3226.0,3226.5,3224.0,3224.5,11756
874,2025-05-08 20:00:00+00:00,3224.0,3225.0,3220.0,3223.5,5952
875,2025-05-10 06:00:00+00:00,3231.0,3235.5,3216.0,3221.0,17102
876,2025-05-10 08:00:00+00:00,3220.5,3229.5,3220.0,3227.0,4811
877,2025-05-10 10:00:00+00:00,3227.0,3227.5,3222.0,3227.0,4793
878,2025-05-10 12:00:00+00:00,3227.0,3227.5,3217.5,3224.5,8552
879,2025-05-10 14:00:00+00:00,3224.5,3226.5,3218.0,3224.5,7372
880,2025-05-11 06:00:00+00:00,3236.0,3259.5,3236.0,3256.5,25708
881,2025-05-11 08:00:00+00:00,3256.5,3262.0,3248.0,3252.0,20278
882,2025-05-11 10:00:00+00:00,3252.5,3257.0,3250.5,3254.0,7344
883,2025-05-11 12:00:00+00:00,3253.5,3255.5,3247.5,3249.0,13182
884,2025-05-11 14:00:00+00:00,3248.0,3253.5,3238.5,3253.5,13836
885,2025-05-12 02:00:00+00:00,3270.0,3270.0,3270.0,3270.0,538
886,2025-05-12 04:00:00+00:00,3269.5,3286.5,3264.0,3285.0,59576
887,2025-05-12 06:00:00+00:00,3284.0,3304.5,3281.0,3294.0,80920
888,2025-05-12 08:00:00+00:00,3294.0,3294.5,3277.0,3284.0,57734
889,2025-05-12 10:00:00+00:00,3284.0,3290.5,3275.5,3276.0,68555
890,2025-05-12 12:00:00+00:00,3276.5,3277.0,3257.0,3270.0,91648
891,2025-05-12 14:00:00+00:00,3270.0,3291.5,3260.5,3291.5,72286
892,2025-05-12 16:00:00+00:00,3294.0,3294.0,3275.5,3289.5,28427
893,2025-05-12 18:00:00+00:00,3289.5,3290.0,3278.5,3285.0,10554
894,2025-05-12 20:00:00+00:00,3284.5,3291.0,3284.0,3290.5,10939
895,2025-05-13 02:00:00+00:00,3290.5,3290.5,3290.5,3290.5,61
896,2025-05-13 04:00:00+00:00,3291.0,3300.0,3280.5,3297.5,19486
897,2025-05-13 06:00:00+00:00,3298.5,3299.0,3283.5,3294.0,37322
898,2025-05-13 08:00:00+00:00,3294.0,3295.0,3262.0,3273.0,75612
899,2025-05-13 10:00:00+00:00,3273.0,3273.5,3264.5,3269.5,38999
900,2025-05-13 12:00:00+00:00,3269.0,3289.0,3268.0,3284.0,52554
901,2025-05-13 12:00:00+00:00,3269.0,3289.0,3268.0,3284.0,52554
902,2025-05-13 14:00:00+00:00,3284.0,3287.5,3269.0,3275.0,47569
903,2025-05-13 16:00:00+00:00,3279.5,3285.0,3275.0,3279.5,14706
904,2025-05-13 18:00:00+00:00,3279.0,3285.5,3275.0,3283.5,13274
905,2025-05-13 20:00:00+00:00,3282.5,3284.5,3280.0,3282.0,4568
906,2025-05-14 02:00:00+00:00,3283.0,3283.0,3283.0,3283.0,17
907,2025-05-14 04:00:00+00:00,3284.0,3292.0,3281.5,3289.0,13468
908,2025-05-14 06:00:00+00:00,3288.0,3299.0,3284.5,3297.0,51538
909,2025-05-14 08:00:00+00:00,3297.0,3304.5,3290.0,3295.0,74024
910,2025-05-14 10:00:00+00:00,3295.0,3302.5,3292.5,3302.5,42079
911,2025-05-14 12:00:00+00:00,3303.0,3324.0,3301.0,3315.0,82064
912,2025-05-14 14:00:00+00:00,3315.5,3316.5,3306.5,3309.0,39473
913,2025-05-14 16:00:00+00:00,3311.0,3312.0,3296.0,3302.5,44539
914,2025-05-14 18:00:00+00:00,3302.0,3305.0,3297.5,3297.5,24209
915,2025-05-14 20:00:00+00:00,3298.0,3299.5,3266.0,3286.0,75996
916,2025-05-15 02:00:00+00:00,3280.0,3280.0,3280.0,3280.0,208
917,2025-05-15 04:00:00+00:00,3277.0,3308.5,3270.0,3292.5,26749
918,2025-05-15 06:00:00+00:00,3291.5,3295.0,3270.5,3285.0,54873
919,2025-05-15 08:00:00+00:00,3285.0,3291.5,3250.0,3259.0,123178
920,2025-05-15 10:00:00+00:00,3259.0,3285.0,3245.0,3279.5,55381
921,2025-05-15 12:00:00+00:00,3279.5,3293.5,3272.5,3290.0,43404
922,2025-05-15 14:00:00+00:00,3290.0,3295.5,3267.0,3269.0,42410
923,2025-05-15 16:00:00+00:00,3271.5,3288.0,3271.5,3287.0,10991
924,2025-05-15 18:00:00+00:00,3286.5,3288.5,3275.5,3283.5,20346
925,2025-05-15 20:00:00+00:00,3283.5,3286.5,3282.0,3286.5,2244
926,2025-05-16 02:00:00+00:00,3287.0,3287.0,3287.0,3287.0,8
927,2025-05-16 04:00:00+00:00,3287.0,3296.0,3285.0,3289.5,6804
928,2025-05-16 06:00:00+00:00,3289.5,3295.5,3280.5,3295.5,26367
929,2025-05-16 08:00:00+00:00,3295.5,3303.0,3295.0,3299.5,65026
930,2025-05-16 10:00:00+00:00,3299.5,3300.0,3270.0,3283.0,56616
931,2025-05-16 12:00:00+00:00,3282.5,3288.0,3230.0,3264.0,230774
932,2025-05-16 14:00:00+00:00,3264.0,3273.0,3257.0,3270.0,49378
933,2025-05-16 16:00:00+00:00,3270.0,3278.5,3263.5,3272.0,12498
934,2025-05-16 18:00:00+00:00,3270.5,3276.0,3270.5,3275.5,5304
935,2025-05-16 20:00:00+00:00,3276.0,3279.0,3275.5,3278.0,3258
936,2025-05-17 06:00:00+00:00,3280.0,3289.0,3278.5,3287.5,2485
937,2025-05-17 08:00:00+00:00,3287.0,3296.0,3287.0,3292.0,9611
938,2025-05-17 10:00:00+00:00,3292.0,3294.0,3281.5,3293.0,5517
939,2025-05-17 12:00:00+00:00,3292.5,3293.0,3279.0,3289.0,8411
940,2025-05-17 14:00:00+00:00,3289.0,3308.5,3285.0,3301.0,35911
941,2025-05-18 06:00:00+00:00,3310.5,3338.0,3310.5,3328.0,24531
942,2025-05-18 08:00:00+00:00,3328.0,3328.5,3312.5,3316.0,16582
943,2025-05-18 10:00:00+00:00,3320.0,3323.0,3313.5,3318.0,4198
944,2025-05-18 12:00:00+00:00,3317.0,3319.5,3313.5,3319.0,3842
945,2025-05-18 14:00:00+00:00,3319.0,3325.0,3312.0,3324.0,9019
946,2025-05-19 02:00:00+00:00,3320.0,3320.0,3320.0,3320.0,1064
947,2025-05-19 04:00:00+00:00,3323.0,3326.0,3292.0,3304.5,42120
948,2025-05-19 06:00:00+00:00,3304.5,3325.5,3298.0,3304.0,34851
949,2025-05-19 08:00:00+00:00,3304.5,3321.0,3301.5,3311.5,39566
950,2025-05-19 10:00:00+00:00,3312.0,3320.0,3307.5,3318.5,22521
951,2025-05-19 12:00:00+00:00,3318.5,3330.0,3310.5,3314.0,58809
952,2025-05-19 14:00:00+00:00,3314.0,3323.0,3303.0,3313.5,45014
953,2025-05-19 16:00:00+00:00,3314.0,3325.0,3302.0,3307.5,34103
954,2025-05-19 18:00:00+00:00,3307.0,3316.5,3305.0,3305.5,12871
955,2025-05-19 20:00:00+00:00,3305.5,3309.5,3302.5,3307.0,4065
956,2025-05-20 02:00:00+00:00,3323.5,3323.5,3323.5,3323.5,241
957,2025-05-20 04:00:00+00:00,3325.0,3325.0,3305.5,3314.5,12231
958,2025-05-20 06:00:00+00:00,3313.0,3318.0,3280.0,3282.5,84089
959,2025-05-20 08:00:00+00:00,3282.0,3289.5,3272.0,3280.0,73604
960,2025-05-20 10:00:00+00:00,3280.0,3298.0,3275.0,3291.5,55943
961,2025-05-20 12:00:00+00:00,3292.0,3292.0,3273.0,3280.5,52100
962,2025-05-20 12:00:00+00:00,3292.0,3292.0,3273.0,3280.5,52100
963,2025-05-20 14:00:00+00:00,3280.5,3287.0,3273.0,3276.0,58949
964,2025-05-20 16:00:00+00:00,3280.0,3284.5,3272.0,3281.0,25068
965,2025-05-20 18:00:00+00:00,3281.0,3285.0,3278.5,3281.5,14495
966,2025-05-20 20:00:00+00:00,3282.0,3288.0,3282.0,3285.5,20410
967,2025-05-21 02:00:00+00:00,3289.0,3289.0,3289.0,3289.0,18
968,2025-05-21 04:00:00+00:00,3289.0,3292.5,3281.0,3289.0,9756
969,2025-05-21 06:00:00+00:00,3289.0,3290.0,3272.0,3272.0,26408
970,2025-05-21 08:00:00+00:00,3273.0,3274.5,3260.0,3265.5,80276
971,2025-05-21 10:00:00+00:00,3265.5,3273.5,3258.5,3268.5,45625
972,2025-05-21 12:00:00+00:00,3267.5,3268.5,3253.0,3254.5,86176
973,2025-05-21 14:00:00+00:00,3256.0,3265.5,3243.5,3250.0,52541
974,2025-05-21 16:00:00+00:00,3252.0,3253.0,3248.5,3251.5,17427
975,2025-05-21 18:00:00+00:00,3251.5,3252.5,3248.0,3251.0,23277
976,2025-05-21 20:00:00+00:00,3250.5,3252.0,3246.5,3249.5,18385
977,2025-05-22 02:00:00+00:00,3250.0,3250.0,3250.0,3250.0,29
978,2025-05-22 04:00:00+00:00,3255.0,3258.5,3225.5,3237.0,24663
979,2025-05-22 06:00:00+00:00,3237.5,3238.0,3210.5,3214.5,121254
980,2025-05-22 08:00:00+00:00,3214.5,3221.5,3210.5,3216.0,71066
981,2025-05-22 10:00:00+00:00,3217.0,3220.0,3213.5,3219.5,35637
982,2025-05-22 12:00:00+00:00,3219.0,3220.0,3200.0,3215.5,115600
983,2025-05-22 14:00:00+00:00,3215.0,3232.0,3214.5,3221.0,57602
984,2025-05-22 16:00:00+00:00,3222.0,3222.0,3205.0,3218.0,39721
985,2025-05-22 18:00:00+00:00,3218.5,3219.0,3210.0,3211.5,20356
986,2025-05-22 20:00:00+00:00,3211.5,3212.0,3206.0,3210.0,10410
987,2025-05-23 02:00:00+00:00,3210.0,3210.0,3210.0,3210.0,73
988,2025-05-23 04:00:00+00:00,3215.5,3229.0,3203.5,3224.0,15411
989,2025-05-23 06:00:00+00:00,3224.0,3270.0,3215.5,3247.0,77478
990,2025-05-23 08:00:00+00:00,3247.0,3254.0,3241.0,3248.5,31299
991,2025-05-23 10:00:00+00:00,3248.0,3250.0,3232.5,3234.5,37649
992,2025-05-23 12:00:00+00:00,3234.5,3241.0,3196.5,3229.5,104075
993,2025-05-23 14:00:00+00:00,3228.0,3236.0,3222.5,3228.0,19307
994,2025-05-23 16:00:00+00:00,3228.0,3238.0,3220.5,3227.5,17512
995,2025-05-23 18:00:00+00:00,3229.0,3230.0,3225.0,3229.0,7025
996,2025-05-23 20:00:00+00:00,3229.5,3234.5,3228.0,3233.5,5157
997,2025-05-26 02:00:00+00:00,3233.5,3233.5,3233.5,3233.5,468
998,2025-05-26 04:00:00+00:00,3233.5,3234.0,3207.5,3222.5,48185
999,2025-05-26 06:00:00+00:00,3223.0,3223.0,3187.0,3205.0,88026
1000,2025-05-26 08:00:00+00:00,3205.0,3208.0,3197.5,3204.0,45571
1001,2025-05-26 10:00:00+00:00,3205.5,3214.0,3161.5,3168.0,166966
1002,2025-05-26 12:00:00+00:00,3168.0,3182.0,3163.0,3168.0,76116
1003,2025-05-26 14:00:00+00:00,3168.0,3175.0,3165.0,3167.5,54777
1004,2025-05-26 16:00:00+00:00,3167.5,3171.0,3160.0,3165.5,35017
1005,2025-05-26 18:00:00+00:00,3165.0,3168.5,3162.0,3168.5,18985
1006,2025-05-26 20:00:00+00:00,3168.5,3170.0,3167.0,3168.0,11273
1007,2025-05-27 02:00:00+00:00,3168.0,3168.0,3168.0,3168.0,260
1008,2025-05-27 04:00:00+00:00,3166.5,3168.0,3102.5,3133.0,111857
1009,2025-05-27 06:00:00+00:00,3133.0,3179.0,3133.0,3165.5,79566
1010,2025-05-27 08:00:00+00:00,3166.0,3186.5,3151.5,3183.5,118398
1011,2025-05-27 10:00:00+00:00,3183.5,3187.0,3170.0,3185.5,60808
1012,2025-05-27 12:00:00+00:00,3185.0,3212.0,3183.0,3210.5,98674
1013,2025-05-27 12:00:00+00:00,3185.0,3212.0,3183.0,3210.5,98674
1014,2025-05-27 14:00:00+00:00,3209.5,3229.0,3200.0,3229.0,67277
1015,2025-05-27 16:00:00+00:00,3225.0,3234.0,3217.5,3227.0,27169
1016,2025-05-27 18:00:00+00:00,3227.0,3239.5,3224.5,3236.5,19960
1017,2025-05-27 20:00:00+00:00,3236.0,3236.5,3229.5,3236.5,6587
1018,2025-05-28 02:00:00+00:00,3228.5,3228.5,3228.5,3228.5,500
1019,2025-05-28 04:00:00+00:00,3228.5,3260.0,3228.5,3257.5,29502
1020,2025-05-28 06:00:00+00:00,3256.0,3265.5,3253.0,3260.0,80789
1021,2025-05-28 08:00:00+00:00,3260.5,3277.0,3260.0,3271.5,94915
1022,2025-05-28 10:00:00+00:00,3271.5,3277.5,3242.0,3250.5,79672
1023,2025-05-28 12:00:00+00:00,3250.0,3275.5,3250.0,3262.0,44824
1024,2025-05-28 14:00:00+00:00,3261.5,3268.0,3251.0,3259.5,27855
1025,2025-05-28 16:00:00+00:00,3259.0,3273.5,3257.5,3265.0,34329
1026,2025-05-28 18:00:00+00:00,3265.0,3273.0,3265.0,3270.0,14218
1027,2025-05-28 20:00:00+00:00,3269.0,3275.0,3267.5,3274.0,7957
1028,2025-05-29 02:00:00+00:00,3275.0,3275.0,3275.0,3275.0,67
1029,2025-05-29 04:00:00+00:00,3275.5,3280.0,3262.5,3265.5,28088
1030,2025-05-29 06:00:00+00:00,3266.0,3269.5,3248.5,3251.5,44569
1031,2025-05-29 08:00:00+00:00,3252.5,3262.5,3242.0,3257.5,71671
1032,2025-05-29 10:00:00+00:00,3257.5,3266.5,3249.0,3262.0,52088
1033,2025-05-29 12:00:00+00:00,3262.5,3263.0,3233.0,3240.0,50335
1034,2025-05-29 14:00:00+00:00,3240.0,3240.0,3232.0,3238.5,43258
1035,2025-05-29 16:00:00+00:00,3239.0,3239.5,3221.5,3229.5,27410
1036,2025-05-29 18:00:00+00:00,3230.0,3232.0,3213.5,3221.0,35402
1037,2025-05-29 20:00:00+00:00,3221.0,3223.0,3212.5,3213.5,7301
1038,2025-05-30 02:00:00+00:00,3219.5,3219.5,3219.5,3219.5,7
1039,2025-05-30 04:00:00+00:00,3218.0,3233.5,3206.5,3221.0,21467
1040,2025-05-30 06:00:00+00:00,3221.0,3249.5,3219.0,3230.0,49425
1041,2025-05-30 08:00:00+00:00,3230.5,3239.5,3215.5,3236.0,33056
1042,2025-05-30 10:00:00+00:00,3236.0,3257.0,3235.5,3247.0,81500
1043,2025-05-30 12:00:00+00:00,3247.5,3250.0,3234.5,3243.5,33827
1044,2025-05-30 14:00:00+00:00,3243.0,3265.0,3241.5,3265.0,48900
1045,2025-05-30 16:00:00+00:00,3263.5,3263.5,3245.0,3253.0,16241
1046,2025-05-30 18:00:00+00:00,3253.0,3255.5,3250.0,3253.5,7759
1047,2025-05-30 20:00:00+00:00,3253.5,3255.0,3240.0,3251.5,6671
1048,2025-05-31 06:00:00+00:00,3257.0,3266.0,3256.5,3263.0,4317
1049,2025-05-31 08:00:00+00:00,3261.0,3265.0,3260.5,3264.0,3901
1050,2025-05-31 10:00:00+00:00,3264.5,3266.0,3254.0,3258.5,7753
1051,2025-05-31 12:00:00+00:00,3258.5,3266.0,3258.5,3265.0,3133
1052,2025-05-31 14:00:00+00:00,3265.0,3266.5,3260.5,3261.0,5822
1053,2025-06-01 06:00:00+00:00,3261.0,3268.0,3250.0,3252.5,7440
1054,2025-06-01 08:00:00+00:00,3250.5,3256.0,3237.5,3247.0,12075
1055,2025-06-01 10:00:00+00:00,3244.5,3248.5,3211.0,3219.0,24953
1056,2025-06-01 12:00:00+00:00,3219.5,3232.0,3200.0,3225.0,39802
1057,2025-06-01 14:00:00+00:00,3225.0,3240.0,3217.0,3225.0,14002
1058,2025-06-02 02:00:00+00:00,3225.0,3225.0,3225.0,3225.0,194
1059,2025-06-02 04:00:00+00:00,3230.5,3244.0,3212.0,3225.5,31342
1060,2025-06-02 06:00:00+00:00,3225.5,3244.0,3225.0,3237.0,32119
1061,2025-06-02 08:00:00+00:00,3239.0,3241.0,3223.5,3239.0,40552
1062,2025-06-02 10:00:00+00:00,3239.5,3241.0,3200.5,3212.0,69951
1063,2025-06-02 12:00:00+00:00,3213.0,3241.0,3209.5,3224.0,47468
1064,2025-06-02 14:00:00+00:00,3222.5,3279.0,3221.5,3260.5,127770
1065,2025-06-02 16:00:00+00:00,3262.0,3270.0,3241.0,3252.5,45271
1066,2025-06-02 18:00:00+00:00,3252.5,3270.0,3252.0,3267.5,12613
1067,2025-06-02 20:00:00+00:00,3268.0,3270.0,3260.0,3266.5,5331
1068,2025-06-03 02:00:00+00:00,3266.0,3266.0,3266.0,3266.0,113
1069,2025-06-03 04:00:00+00:00,3266.5,3306.0,3266.0,3302.5,57581
1070,2025-06-03 06:00:00+00:00,3302.5,3333.0,3273.0,3313.5,106793
1071,2025-06-03 08:00:00+00:00,3313.5,3336.0,3310.5,3332.5,112562
1072,2025-06-03 10:00:00+00:00,3330.5,3335.0,3303.0,3327.5,85907
1073,2025-06-03 12:00:00+00:00,3327.5,3330.0,3300.0,3316.0,69848
1074,2025-06-03 12:00:00+00:00,3327.5,3330.0,3300.0,3316.0,69848
1075,2025-06-03 14:00:00+00:00,3315.0,3330.0,3314.0,3330.0,44484
1076,2025-06-03 16:00:00+00:00,3329.5,3334.5,3325.5,3332.5,25902
1077,2025-06-03 18:00:00+00:00,3332.0,3340.0,3320.0,3328.5,28212
1078,2025-06-03 20:00:00+00:00,3328.5,3328.5,3320.0,3325.0,8808
1079,2025-06-04 02:00:00+00:00,3336.0,3336.0,3336.0,3336.0,6
1080,2025-06-04 04:00:00+00:00,3330.0,3330.0,3320.5,3323.0,38998
1081,2025-06-04 06:00:00+00:00,3322.5,3344.0,3311.0,3331.5,101617
1082,2025-06-04 08:00:00+00:00,3331.0,3355.0,3321.5,3355.0,132117
1083,2025-06-04 10:00:00+00:00,3355.0,3382.0,3350.0,3382.0,113897
1084,2025-06-04 12:00:00+00:00,3380.5,3408.0,3368.0,3392.5,239374
1085,2025-06-04 14:00:00+00:00,3393.5,3405.0,3342.0,3356.0,194725
1086,2025-06-04 16:00:00+00:00,3360.0,3380.0,3325.0,3377.5,50343
1087,2025-06-04 18:00:00+00:00,3377.5,3379.5,3351.0,3364.5,23960
1088,2025-06-04 20:00:00+00:00,3362.5,3369.0,3359.0,3369.0,5969
1089,2025-06-05 02:00:00+00:00,3369.0,3369.0,3369.0,3369.0,170
1090,2025-06-05 04:00:00+00:00,3369.5,3406.5,3369.0,3400.0,65716
1091,2025-06-05 06:00:00+00:00,3399.0,3412.0,3385.0,3390.0,66677
1092,2025-06-05 08:00:00+00:00,3390.0,3398.0,3373.5,3393.5,60149
1093,2025-06-05 10:00:00+00:00,3393.5,3396.5,3382.5,3383.5,40038
1094,2025-06-05 12:00:00+00:00,3384.0,3385.5,3375.0,3383.0,61373
1095,2025-06-05 14:00:00+00:00,3384.0,3390.0,3372.0,3380.0,47992
1096,2025-06-05 16:00:00+00:00,3380.0,3391.0,3375.0,3390.5,59392
1097,2025-06-05 18:00:00+00:00,3390.0,3391.0,3385.0,3389.0,9854
1098,2025-06-05 20:00:00+00:00,3389.0,3389.5,3382.0,3384.5,9671
1099,2025-06-06 02:00:00+00:00,3390.0,3390.0,3390.0,3390.0,201
1100,2025-06-06 04:00:00+00:00,3392.0,3410.0,3385.0,3392.0,33896
1101,2025-06-06 06:00:00+00:00,3392.0,3405.0,3384.5,3399.0,75274
1102,2025-06-06 08:00:00+00:00,3399.5,3399.5,3343.5,3367.5,124889
1103,2025-06-06 10:00:00+00:00,3367.0,3410.0,3327.5,3371.0,271188
1104,2025-06-06 12:00:00+00:00,3372.0,3375.0,3341.0,3374.5,134743
1105,2025-06-06 14:00:00+00:00,3373.0,3376.5,3355.5,3360.0,41933
1106,2025-06-06 16:00:00+00:00,3361.0,3366.5,3358.0,3362.5,12795
1107,2025-06-06 18:00:00+00:00,3364.0,3367.0,3358.5,3361.0,20565
1108,2025-06-06 20:00:00+00:00,3361.0,3363.0,3358.0,3362.0,4051
1109,2025-06-07 06:00:00+00:00,3370.0,3389.0,3364.0,3381.5,8189
1110,2025-06-07 08:00:00+00:00,3383.0,3383.5,3376.0,3378.5,2795
1111,2025-06-07 10:00:00+00:00,3378.5,3382.0,3377.0,3381.0,8070
1112,2025-06-07 12:00:00+00:00,3380.5,3382.0,3370.0,3370.0,7671
1113,2025-06-07 14:00:00+00:00,3373.5,3379.5,3371.5,3379.0,3315
1114,2025-06-08 06:00:00+00:00,3379.0,3385.0,3375.0,3379.5,3242
1115,2025-06-08 08:00:00+00:00,3378.5,3381.0,3374.0,3377.0,5765
1116,2025-06-08 10:00:00+00:00,3377.0,3377.0,3366.0,3370.5,7084
1117,2025-06-08 12:00:00+00:00,3370.0,3377.5,3366.0,3370.5,4530
1118,2025-06-08 14:00:00+00:00,3371.0,3373.5,3366.0,3373.5,6299
1119,2025-06-09 02:00:00+00:00,3375.0,3375.0,3375.0,3375.0,203
1120,2025-06-09 04:00:00+00:00,3375.0,3389.5,3365.5,3381.0,34110
1121,2025-06-09 06:00:00+00:00,3381.0,3384.0,3360.0,3363.5,52643
1122,2025-06-09 08:00:00+00:00,3363.5,3364.0,3328.0,3337.5,132437
1123,2025-06-09 10:00:00+00:00,3338.5,3340.0,3306.0,3309.0,99118
1124,2025-06-09 12:00:00+00:00,3309.5,3310.0,3272.5,3290.0,211237
1125,2025-06-09 14:00:00+00:00,3290.0,3299.5,3275.5,3285.0,79232
1126,2025-06-09 16:00:00+00:00,3285.5,3300.0,3285.5,3300.0,33980
1127,2025-06-09 18:00:00+00:00,3299.5,3314.0,3295.0,3307.5,38621
1128,2025-06-09 20:00:00+00:00,3308.0,3319.5,3307.0,3317.5,8455
1129,2025-06-10 02:00:00+00:00,3331.5,3331.5,3331.5,3331.5,170
1130,2025-06-10 04:00:00+00:00,3331.0,3331.0,3307.5,3319.0,24485
1131,2025-06-10 06:00:00+00:00,3319.0,3319.0,3288.5,3294.0,45898
1132,2025-06-10 08:00:00+00:00,3293.5,3318.5,3293.5,3304.0,41632
1133,2025-06-10 10:00:00+00:00,3304.0,3311.0,3295.0,3306.0,48137
1134,2025-06-10 12:00:00+00:00,3306.0,3307.0,3286.0,3299.0,93866
1135,2025-06-10 12:00:00+00:00,3306.0,3307.0,3286.0,3299.0,93866
1136,2025-06-10 14:00:00+00:00,3299.5,3303.5,3294.0,3303.5,44852
1137,2025-06-10 16:00:00+00:00,3303.0,3303.0,3295.0,3298.0,16599
1138,2025-06-10 18:00:00+00:00,3298.0,3301.5,3297.0,3299.0,6600
1139,2025-06-10 20:00:00+00:00,3299.0,3301.0,3297.0,3299.5,4199
1140,2025-06-11 02:00:00+00:00,3312.5,3312.5,3312.5,3312.5,60
1141,2025-06-11 04:00:00+00:00,3312.0,3312.0,3296.0,3305.5,14843
1142,2025-06-11 06:00:00+00:00,3306.0,3316.0,3296.5,3300.5,44574
1143,2025-06-11 08:00:00+00:00,3300.5,3305.5,3245.5,3271.5,159900
1144,2025-06-11 10:00:00+00:00,3271.5,3276.0,3257.5,3269.0,93363
1145,2025-06-11 12:00:00+00:00,3270.0,3286.5,3268.0,3277.0,57392
1146,2025-06-11 14:00:00+00:00,3277.0,3289.5,3272.0,3280.5,54608
1147,2025-06-11 16:00:00+00:00,3280.5,3281.5,3269.0,3269.5,16785
1148,2025-06-11 18:00:00+00:00,3269.5,3275.5,3268.5,3275.0,7960
1149,2025-06-11 20:00:00+00:00,3275.0,3278.5,3273.5,3278.0,6315
1150,2025-06-13 02:00:00+00:00,3278.5,3278.5,3278.5,3278.5,328
1151,2025-06-13 04:00:00+00:00,3280.0,3298.0,3278.0,3291.0,22676
1152,2025-06-13 06:00:00+00:00,3293.0,3293.0,3275.0,3282.5,23750
1153,2025-06-13 08:00:00+00:00,3282.5,3298.5,3280.5,3296.0,27517
1154,2025-06-13 10:00:00+00:00,3296.5,3297.0,3280.5,3285.0,21570
1155,2025-06-13 12:00:00+00:00,3285.0,3289.5,3280.0,3285.0,13613
1156,2025-06-13 14:00:00+00:00,3284.5,3286.5,3278.0,3283.0,12578
1157,2025-06-13 16:00:00+00:00,3283.0,3286.5,3279.5,3284.5,6353
1158,2025-06-13 18:00:00+00:00,3284.5,3287.0,3281.0,3284.0,7491
1159,2025-06-13 20:00:00+00:00,3283.5,3287.0,3280.0,3287.0,3802
1160,2025-06-14 06:00:00+00:00,3288.0,3298.5,3282.0,3294.0,5196
1161,2025-06-14 08:00:00+00:00,3293.5,3298.0,3285.5,3295.5,10705
1162,2025-06-14 10:00:00+00:00,3295.5,3298.0,3292.5,3294.5,4620
1163,2025-06-14 12:00:00+00:00,3295.0,3296.5,3293.5,3295.0,2513
1164,2025-06-14 14:00:00+00:00,3295.0,3296.5,3293.0,3293.0,4910
1165,2025-06-15 06:00:00+00:00,3300.0,3308.5,3286.0,3302.0,13556
1166,2025-06-15 08:00:00+00:00,3302.5,3302.5,3293.5,3298.0,5500
1167,2025-06-15 10:00:00+00:00,3297.0,3300.0,3296.5,3300.0,8987
1168,2025-06-15 12:00:00+00:00,3300.0,3300.0,3297.0,3299.0,3647
1169,2025-06-15 14:00:00+00:00,3299.0,3299.5,3296.0,3299.0,8895
1170,2025-06-16 02:00:00+00:00,3291.5,3291.5,3291.5,3291.5,103
1171,2025-06-16 04:00:00+00:00,3292.5,3300.0,3275.5,3294.5,23226
1172,2025-06-16 06:00:00+00:00,3294.0,3299.5,3285.5,3288.5,33921
1173,2025-06-16 08:00:00+00:00,3288.5,3294.0,3271.5,3289.5,66884
1174,2025-06-16 10:00:00+00:00,3288.5,3293.5,3277.0,3278.0,74017
1175,2025-06-16 12:00:00+00:00,3279.0,3285.5,3275.5,3280.5,51684
1176,2025-06-16 14:00:00+00:00,3280.0,3287.0,3279.0,3283.5,24500
1177,2025-06-16 16:00:00+00:00,3284.0,3289.0,3282.5,3287.5,9110
1178,2025-06-16 18:00:00+00:00,3288.5,3289.5,3285.5,3287.0,4841
1179,2025-06-16 20:00:00+00:00,3286.5,3288.0,3285.0,3287.5,3620
1180,2025-06-17 02:00:00+00:00,3287.0,3287.0,3287.0,3287.0,35
1181,2025-06-17 04:00:00+00:00,3287.5,3298.0,3282.0,3295.0,11588
1182,2025-06-17 06:00:00+00:00,3294.5,3299.0,3272.0,3296.5,45345
1183,2025-06-17 08:00:00+00:00,3295.5,3300.0,3292.0,3300.0,66793
1184,2025-06-17 10:00:00+00:00,3300.0,3303.0,3297.0,3299.0,56404
1185,2025-06-17 12:00:00+00:00,3299.0,3300.0,3290.5,3298.0,40993
1186,2025-06-17 12:00:00+00:00,3299.0,3300.0,3290.5,3298.0,40993
1187,2025-06-17 14:00:00+00:00,3297.5,3300.0,3287.0,3289.0,54915
1188,2025-06-17 16:00:00+00:00,3289.0,3300.0,3287.0,3297.5,26453
1189,2025-06-17 18:00:00+00:00,3298.5,3299.0,3289.0,3294.0,16613
1190,2025-06-17 20:00:00+00:00,3294.0,3295.5,3290.0,3292.0,2724
1191,2025-06-18 02:00:00+00:00,3294.0,3294.0,3294.0,3294.0,14
1192,2025-06-18 04:00:00+00:00,3295.0,3318.5,3292.0,3317.5,20653
1193,2025-06-18 06:00:00+00:00,3317.0,3334.5,3309.0,3331.0,92450
1194,2025-06-18 08:00:00+00:00,3330.5,3360.0,3330.0,3350.5,134305
1195,2025-06-18 10:00:00+00:00,3349.5,3369.0,3334.0,3344.0,133440
1196,2025-06-18 12:00:00+00:00,3344.5,3366.0,3340.0,3350.0,55923
1197,2025-06-18 14:00:00+00:00,3349.0,3350.5,3321.5,3330.0,57210
1198,2025-06-18 16:00:00+00:00,3332.0,3334.0,3328.5,3333.5,15146
1199,2025-06-18 18:00:00+00:00,3333.5,3335.0,3330.5,3335.0,11950
1200,2025-06-18 20:00:00+00:00,3335.0,3335.0,3332.0,3335.0,4944
1201,2025-06-19 02:00:00+00:00,3335.5,3335.5,3335.5,3335.5,320
1202,2025-06-19 04:00:00+00:00,3335.5,3365.0,3335.5,3359.0,28073
1203,2025-06-19 06:00:00+00:00,3359.0,3382.0,3356.0,3378.0,102929
1204,2025-06-19 08:00:00+00:00,3378.0,3386.0,3367.0,3369.5,84139
1205,2025-06-19 10:00:00+00:00,3369.0,3377.5,3359.5,3368.0,68619
1206,2025-06-19 12:00:00+00:00,3368.0,3368.0,3350.0,3353.0,85761
1207,2025-06-19 14:00:00+00:00,3353.0,3362.0,3349.5,3352.5,44164
1208,2025-06-19 16:00:00+00:00,3353.0,3370.0,3352.0,3364.0,18162
1209,2025-06-19 18:00:00+00:00,3362.5,3372.0,3360.5,3370.0,9491
1210,2025-06-19 20:00:00+00:00,3370.5,3374.5,3367.5,3373.5,10949
1211,2025-06-20 02:00:00+00:00,3376.0,3376.0,3376.0,3376.0,310
1212,2025-06-20 04:00:00+00:00,3376.0,3393.0,3374.0,3393.0,27873
1213,2025-06-20 06:00:00+00:00,3393.0,3399.0,3376.5,3385.5,68288
1214,2025-06-20 08:00:00+00:00,3385.0,3386.5,3355.0,3376.5,120020
1215,2025-06-20 10:00:00+00:00,3377.0,3388.5,3375.5,3386.0,80610
1216,2025-06-20 12:00:00+00:00,3386.0,3390.0,3369.0,3372.5,82205
1217,2025-06-20 14:00:00+00:00,3372.5,3374.0,3360.0,3363.0,64858
1218,2025-06-20 16:00:00+00:00,3361.5,3374.0,3360.0,3372.0,20497
1219,2025-06-20 18:00:00+00:00,3373.0,3382.5,3372.0,3380.0,14947
1220,2025-06-20 20:00:00+00:00,3380.0,3381.0,3374.0,3381.0,3865
1221,2025-06-23 02:00:00+00:00,3385.0,3385.0,3385.0,3385.0,146
1222,2025-06-23 04:00:00+00:00,3385.5,3399.0,3385.0,3397.0,29403
1223,2025-06-23 06:00:00+00:00,3397.5,3401.0,3386.0,3398.0,81585
1224,2025-06-23 08:00:00+00:00,3398.0,3402.0,3392.0,3401.0,107623
1225,2025-06-23 10:00:00+00:00,3401.0,3418.5,3400.0,3418.5,167277
1226,2025-06-23 12:00:00+00:00,3418.5,3460.0,3415.0,3444.0,312470
1227,2025-06-23 14:00:00+00:00,3444.5,3465.0,3440.5,3453.0,209173
1228,2025-06-23 16:00:00+00:00,3453.0,3469.5,3445.0,3451.5,56719
1229,2025-06-23 18:00:00+00:00,3451.5,3469.0,3447.0,3465.5,38516
1230,2025-06-23 20:00:00+00:00,3466.0,3466.0,3450.5,3463.5,11990
1231,2025-06-24 02:00:00+00:00,3464.0,3464.0,3464.0,3464.0,308
1232,2025-06-24 04:00:00+00:00,3464.0,3492.0,3464.0,3491.5,74185
1233,2025-06-24 06:00:00+00:00,3491.5,3508.5,3439.0,3447.0,257594
1234,2025-06-24 08:00:00+00:00,3447.0,3481.0,3444.0,3472.0,148652
1235,2025-06-24 10:00:00+00:00,3473.5,3480.0,3451.5,3462.0,77197
1236,2025-06-24 12:00:00+00:00,3462.5,3463.0,3451.0,3459.0,51573
1237,2025-06-24 12:00:00+00:00,3462.5,3463.0,3451.0,3459.0,51573
1238,2025-06-24 14:00:00+00:00,3459.5,3474.0,3455.0,3459.5,69612
1239,2025-06-24 16:00:00+00:00,3460.0,3517.0,3456.0,3472.0,81611
1240,2025-06-24 18:00:00+00:00,3472.0,3498.0,3467.5,3483.5,29282
1241,2025-06-24 20:00:00+00:00,3484.0,3494.5,3484.0,3494.5,10758
1242,2025-06-25 02:00:00+00:00,3495.0,3495.0,3495.0,3495.0,130
1243,2025-06-25 04:00:00+00:00,3495.0,3506.0,3491.0,3500.0,38401
1244,2025-06-25 06:00:00+00:00,3498.5,3510.0,3483.5,3492.0,118029
1245,2025-06-25 08:00:00+00:00,3492.0,3500.0,3480.5,3485.0,106769
1246,2025-06-25 10:00:00+00:00,3485.5,3496.5,3481.5,3487.5,71695
1247,2025-06-25 12:00:00+00:00,3488.5,3490.5,3481.0,3481.0,84114
1248,2025-06-25 14:00:00+00:00,3481.0,3482.0,3462.0,3479.0,141469
1249,2025-06-25 16:00:00+00:00,3479.0,3486.5,3478.0,3481.0,24078
1250,2025-06-25 18:00:00+00:00,3481.5,3482.5,3470.0,3474.0,65951
1251,2025-06-25 20:00:00+00:00,3474.5,3484.5,3473.0,3484.5,8434
1252,2025-06-26 02:00:00+00:00,3490.0,3490.0,3490.0,3490.0,152
1253,2025-06-26 04:00:00+00:00,3491.0,3495.0,3470.5,3487.5,31290
1254,2025-06-26 06:00:00+00:00,3487.0,3491.5,3476.0,3482.0,46167
1255,2025-06-26 08:00:00+00:00,3481.5,3482.0,3454.0,3469.5,108742
1256,2025-06-26 10:00:00+00:00,3469.5,3479.0,3466.0,3477.0,75752
1257,2025-06-26 12:00:00+00:00,3478.0,3483.5,3466.0,3480.5,81107
1258,2025-06-26 14:00:00+00:00,3481.5,3485.5,3475.0,3485.5,41717
1259,2025-06-26 16:00:00+00:00,3483.5,3484.0,3475.0,3478.5,16818
1260,2025-06-26 18:00:00+00:00,3478.5,3480.5,3473.0,3475.0,16409
1261,2025-06-26 20:00:00+00:00,3473.5,3477.0,3473.5,3476.0,8367
1262,2025-06-27 02:00:00+00:00,3481.0,3481.0,3481.0,3481.0,41
1263,2025-06-27 04:00:00+00:00,3481.5,3485.0,3470.5,3480.0,16812
1264,2025-06-27 06:00:00+00:00,3482.0,3492.0,3480.0,3483.5,55527
1265,2025-06-27 08:00:00+00:00,3484.0,3487.0,3468.5,3486.0,142963
1266,2025-06-27 10:00:00+00:00,3485.5,3487.5,3472.0,3486.0,77872
1267,2025-06-27 12:00:00+00:00,3486.0,3491.0,3485.0,3489.0,85230
1268,2025-06-27 14:00:00+00:00,3489.0,3495.0,3486.5,3492.5,82054
1269,2025-06-27 16:00:00+00:00,3492.5,3497.5,3491.5,3492.5,21030
1270,2025-06-27 18:00:00+00:00,3492.5,3496.5,3490.0,3492.5,14383
1271,2025-06-27 20:00:00+00:00,3492.5,3497.0,3492.0,3494.0,10332
1272,2025-06-28 06:00:00+00:00,3497.0,3504.0,3495.0,3500.5,14713
1273,2025-06-28 08:00:00+00:00,3502.0,3503.0,3495.0,3496.0,11540
1274,2025-06-28 10:00:00+00:00,3496.0,3502.0,3496.0,3499.0,10531
1275,2025-06-28 12:00:00+00:00,3499.0,3500.0,3496.0,3497.0,5195
1276,2025-06-28 14:00:00+00:00,3498.5,3500.5,3495.0,3499.5,7179
1277,2025-06-29 06:00:00+00:00,3499.5,3503.5,3494.0,3503.5,10075
1278,2025-06-29 08:00:00+00:00,3503.5,3503.5,3500.0,3502.0,8001
1279,2025-06-29 10:00:00+00:00,3502.0,3504.5,3500.0,3504.0,11397
1280,2025-06-29 12:00:00+00:00,3504.0,3505.0,3501.0,3502.0,10177
1281,2025-06-29 14:00:00+00:00,3502.0,3504.0,3498.0,3502.5,17123
1282,2025-06-30 02:00:00+00:00,3498.0,3498.0,3498.0,3498.0,523
1283,2025-06-30 04:00:00+00:00,3498.5,3509.0,3489.5,3506.5,28190
1284,2025-06-30 06:00:00+00:00,3506.0,3508.5,3472.5,3489.5,125154
1285,2025-06-30 08:00:00+00:00,3489.5,3495.0,3477.5,3484.5,96147
1286,2025-06-30 10:00:00+00:00,3484.5,3503.0,3483.5,3499.5,228520
1287,2025-06-30 12:00:00+00:00,3499.5,3513.5,3488.0,3510.5,204952
1288,2025-06-30 14:00:00+00:00,3510.5,3520.0,3506.0,3518.0,130588
1289,2025-06-30 16:00:00+00:00,3520.0,3524.5,3512.0,3517.0,50421
1290,2025-06-30 18:00:00+00:00,3518.0,3524.0,3513.5,3519.0,20729
1291,2025-06-30 20:00:00+00:00,3519.0,3520.0,3516.5,3520.0,10020
1292,2025-07-01 02:00:00+00:00,3528.0,3528.0,3528.0,3528.0,470
1293,2025-07-01 04:00:00+00:00,3524.0,3529.5,3518.5,3528.0,70605
1294,2025-07-01 06:00:00+00:00,3528.0,3530.0,3514.5,3516.5,82757
1295,2025-07-01 08:00:00+00:00,3516.5,3520.5,3495.5,3499.5,241354
1296,2025-07-01 10:00:00+00:00,3499.0,3503.0,3495.0,3496.0,153996
1297,2025-07-01 12:00:00+00:00,3496.0,3500.0,3492.0,3492.5,151043
1298,2025-07-01 12:00:00+00:00,3496.0,3500.0,3492.0,3492.5,151043
1299,2025-07-01 14:00:00+00:00,3492.0,3500.0,3490.0,3493.0,143772
1300,2025-07-01 16:00:00+00:00,3493.0,3500.0,3491.5,3498.5,31121
1301,2025-07-01 18:00:00+00:00,3497.5,3515.0,3496.0,3505.0,40211
1302,2025-07-01 20:00:00+00:00,3505.0,3505.0,3498.5,3502.0,9482
1303,2025-07-02 02:00:00+00:00,3502.0,3502.0,3502.0,3502.0,20
1304,2025-07-02 04:00:00+00:00,3502.0,3514.5,3495.0,3503.0,31416
1305,2025-07-02 06:00:00+00:00,3503.0,3510.0,3484.5,3485.5,83141
1306,2025-07-02 08:00:00+00:00,3485.0,3487.0,3414.0,3447.5,228276
1307,2025-07-02 10:00:00+00:00,3448.5,3479.5,3439.0,3473.0,136283
1308,2025-07-02 12:00:00+00:00,3473.0,3475.0,3450.0,3458.0,102731
1309,2025-07-02 14:00:00+00:00,3458.0,3464.0,3451.0,3457.5,71438
1310,2025-07-02 16:00:00+00:00,3457.5,3460.0,3449.0,3460.0,52276
1311,2025-07-02 18:00:00+00:00,3459.0,3460.0,3452.5,3460.0,15148
1312,2025-07-02 20:00:00+00:00,3460.0,3460.0,3458.0,3460.0,6053
1313,2025-07-03 02:00:00+00:00,3460.0,3460.0,3460.0,3460.0,121
1314,2025-07-03 04:00:00+00:00,3462.0,3475.5,3449.0,3475.0,33725
1315,2025-07-03 06:00:00+00:00,3475.0,3478.0,3455.0,3468.5,96266
1316,2025-07-03 08:00:00+00:00,3468.5,3470.5,3455.0,3464.5,118962
1317,2025-07-03 10:00:00+00:00,3465.0,3470.5,3461.5,3470.0,93793
1318,2025-07-03 12:00:00+00:00,3470.0,3475.0,3438.0,3456.0,174698
1319,2025-07-03 14:00:00+00:00,3456.0,3465.0,3417.0,3437.5,188947
1320,2025-07-03 16:00:00+00:00,3437.5,3445.5,3420.0,3426.0,49118
1321,2025-07-03 18:00:00+00:00,3425.5,3439.0,3422.0,3431.5,29921
1322,2025-07-03 20:00:00+00:00,3431.0,3432.0,3427.5,3431.0,10414
1323,2025-07-04 02:00:00+00:00,3430.0,3430.0,3430.0,3430.0,115
1324,2025-07-04 04:00:00+00:00,3430.0,3430.0,3379.0,3402.0,92125
1325,2025-07-04 06:00:00+00:00,3402.0,3416.0,3396.0,3398.0,74223
1326,2025-07-04 08:00:00+00:00,3399.5,3400.0,3370.0,3383.5,146413
1327,2025-07-04 10:00:00+00:00,3382.5,3391.0,3380.5,3388.0,129785
1328,2025-07-04 12:00:00+00:00,3389.0,3394.5,3377.0,3378.5,91251
1329,2025-07-04 14:00:00+00:00,3378.0,3378.5,3357.5,3368.0,99308
1330,2025-07-04 16:00:00+00:00,3370.0,3375.5,3367.0,3373.0,31932
1331,2025-07-04 18:00:00+00:00,3373.0,3375.5,3368.5,3374.5,20518
1332,2025-07-04 20:00:00+00:00,3374.0,3374.5,3368.0,3369.0,7661
1333,2025-07-05 06:00:00+00:00,3375.0,3378.0,3371.0,3375.0,10670
1334,2025-07-05 08:00:00+00:00,3375.0,3375.5,3373.5,3374.0,8882
1335,2025-07-05 10:00:00+00:00,3374.0,3374.5,3370.0,3373.5,10719
1336,2025-07-05 12:00:00+00:00,3374.0,3375.5,3373.0,3375.0,8281
1337,2025-07-05 14:00:00+00:00,3375.5,3375.5,3371.0,3375.5,10665
1338,2025-07-06 06:00:00+00:00,3381.0,3381.5,3372.5,3377.5,13199
1339,2025-07-06 08:00:00+00:00,3377.5,3377.5,3376.0,3377.5,12360
1340,2025-07-06 10:00:00+00:00,3377.5,3380.0,3375.0,3380.0,13610
1341,2025-07-06 12:00:00+00:00,3380.0,3399.0,3380.0,3398.0,17326
1342,2025-07-06 14:00:00+00:00,3398.0,3408.0,3395.0,3397.5,24034
1343,2025-07-07 02:00:00+00:00,3400.0,3400.0,3400.0,3400.0,56
1344,2025-07-07 04:00:00+00:00,3398.5,3419.0,3397.5,3409.5,68738
1345,2025-07-07 06:00:00+00:00,3408.5,3414.0,3375.0,3393.0,128477
1346,2025-07-07 08:00:00+00:00,3392.5,3398.0,3378.0,3386.5,164229
1347,2025-07-07 10:00:00+00:00,3386.5,3392.5,3371.0,3387.0,163617
1348,2025-07-07 12:00:00+00:00,3386.0,3392.5,3383.0,3387.0,122288
1349,2025-07-07 14:00:00+00:00,3386.5,3392.0,3375.5,3378.0,148924
1350,2025-07-07 16:00:00+00:00,3380.0,3390.0,3366.5,3374.0,89698
1351,2025-07-07 18:00:00+00:00,3373.5,3379.0,3370.0,3378.0,48030
1352,2025-07-07 20:00:00+00:00,3378.5,3378.5,3370.0,3377.5,18883
1353,2025-07-08 02:00:00+00:00,3364.0,3364.0,3364.0,3364.0,6926
1354,2025-07-08 04:00:00+00:00,3365.0,3370.0,3325.0,3351.5,139760
1355,2025-07-08 06:00:00+00:00,3351.5,3367.0,3342.5,3365.5,183449
1356,2025-07-08 08:00:00+00:00,3365.0,3407.5,3365.0,3403.0,243182
1357,2025-07-08 10:00:00+00:00,3403.0,3423.0,3400.0,3423.0,238038
1358,2025-07-08 12:00:00+00:00,3423.0,3450.0,3420.5,3422.0,348862
1359,2025-07-08 12:00:00+00:00,3423.0,3450.0,3420.5,3422.0,348862
1360,2025-07-08 14:00:00+00:00,3422.0,3441.0,3402.0,3427.0,304594
1361,2025-07-08 16:00:00+00:00,3427.0,3433.5,3405.0,3408.0,244678
1362,2025-07-08 18:00:00+00:00,3408.0,3442.5,3407.0,3436.0,199171
1363,2025-07-08 20:00:00+00:00,3435.5,3449.0,3426.5,3446.5,148857
1364,2025-07-09 02:00:00+00:00,3084.5,3084.5,3084.5,3084.5,12503
1365,2025-07-09 04:00:00+00:00,3084.5,3084.5,3084.5,3084.5,425384
1366,2025-07-09 06:00:00+00:00,3084.5,3084.5,2804.0,2878.5,1409246
1367,2025-07-09 08:00:00+00:00,2878.5,2890.0,2853.0,2867.0,562317
1368,2025-07-09 10:00:00+00:00,2867.0,2885.5,2856.5,2861.0,310347
1369,2025-07-09 12:00:00+00:00,2861.0,2877.5,2855.0,2856.0,262032
1370,2025-07-09 14:00:00+00:00,2857.0,2860.0,2815.0,2847.0,360010
1371,2025-07-09 16:00:00+00:00,2843.0,2874.0,2833.5,2857.5,145787
1372,2025-07-09 18:00:00+00:00,2857.0,2877.0,2855.5,2875.0,56374
1373,2025-07-09 20:00:00+00:00,2874.5,2876.0,2867.0,2870.5,17015
1374,2025-07-10 02:00:00+00:00,2871.0,2871.0,2871.0,2871.0,213
1375,2025-07-10 04:00:00+00:00,2872.5,2875.0,2850.0,2867.5,46665
1376,2025-07-10 06:00:00+00:00,2868.0,2928.0,2866.0,2926.0,288175
1377,2025-07-10 08:00:00+00:00,2926.5,2967.0,2920.0,2924.0,341970
1378,2025-07-10 10:00:00+00:00,2924.0,2926.5,2873.0,2885.5,292338
1379,2025-07-10 12:00:00+00:00,2886.0,2893.5,2857.5,2874.5,169441
1380,2025-07-10 14:00:00+00:00,2876.0,2894.5,2870.5,2870.5,115270
1381,2025-07-10 16:00:00+00:00,2870.5,2893.0,2870.5,2889.5,38487
1382,2025-07-10 18:00:00+00:00,2891.0,2892.5,2880.0,2887.5,28369
1383,2025-07-10 20:00:00+00:00,2887.5,2888.0,2881.5,2885.5,10303
1384,2025-07-11 02:00:00+00:00,2896.5,2896.5,2896.5,2896.5,101
1385,2025-07-11 04:00:00+00:00,2896.0,2906.5,2879.0,2900.5,41634
1386,2025-07-11 06:00:00+00:00,2901.5,2904.0,2872.0,2878.5,95593
1387,2025-07-11 08:00:00+00:00,2878.5,2880.0,2852.0,2856.5,133446
1388,2025-07-11 10:00:00+00:00,2856.5,2860.0,2841.5,2845.0,89265
1389,2025-07-11 12:00:00+00:00,2845.0,2859.0,2844.0,2855.0,91798
1390,2025-07-11 14:00:00+00:00,2854.0,2856.0,2811.0,2813.0,138401
1391,2025-07-11 16:00:00+00:00,2813.0,2821.5,2808.0,2811.0,62351
1392,2025-07-11 18:00:00+00:00,2811.0,2814.0,2805.5,2811.0,34696
1393,2025-07-11 20:00:00+00:00,2810.5,2820.0,2809.0,2816.0,13218
1394,2025-07-12 06:00:00+00:00,2819.0,2824.0,2815.0,2823.0,7270
1395,2025-07-12 08:00:00+00:00,2823.0,2846.5,2820.0,2829.0,23613
1396,2025-07-12 10:00:00+00:00,2829.0,2833.0,2818.0,2826.5,9639
1397,2025-07-12 12:00:00+00:00,2825.0,2829.0,2821.0,2828.0,3689
1398,2025-07-12 14:00:00+00:00,2829.0,2829.0,2817.5,2820.0,6361
1399,2025-07-13 06:00:00+00:00,2825.5,2830.0,2810.5,2812.0,9902
1400,2025-07-13 08:00:00+00:00,2812.0,2814.0,2789.5,2806.0,57383
1401,2025-07-13 10:00:00+00:00,2806.0,2814.5,2799.0,2808.5,19124
1402,2025-07-13 12:00:00+00:00,2809.5,2813.5,2807.5,2812.0,4216
1403,2025-07-13 14:00:00+00:00,2811.0,2813.5,2802.0,2811.0,6508
1404,2025-07-14 02:00:00+00:00,2800.0,2800.0,2800.0,2800.0,321
1405,2025-07-14 04:00:00+00:00,2800.5,2807.0,2755.0,2777.0,128847
1406,2025-07-14 06:00:00+00:00,2777.0,2803.0,2770.0,2800.0,116524
1407,2025-07-14 08:00:00+00:00,2799.5,2828.0,2791.0,2805.0,111954
1408,2025-07-14 10:00:00+00:00,2804.0,2805.0,2764.5,2779.0,91639
1409,2025-07-14 12:00:00+00:00,2779.0,2813.0,2777.0,2781.0,88462
1410,2025-07-14 14:00:00+00:00,2782.0,2841.0,2770.0,2834.0,172827
1411,2025-07-14 16:00:00+00:00,2834.0,2867.0,2834.0,2841.0,124325
1412,2025-07-14 18:00:00+00:00,2840.5,2846.0,2833.5,2845.5,29956
1413,2025-07-14 20:00:00+00:00,2846.0,2860.5,2845.0,2860.0,47909
1414,2025-07-15 02:00:00+00:00,2865.0,2865.0,2865.0,2865.0,97
1415,2025-07-15 04:00:00+00:00,2865.0,2906.0,2847.5,2906.0,90691
1416,2025-07-15 06:00:00+00:00,2906.0,2920.0,2880.5,2886.0,135678
1417,2025-07-15 08:00:00+00:00,2886.0,2906.0,2883.5,2906.0,217833
1418,2025-07-15 10:00:00+00:00,2906.0,2919.0,2892.0,2918.0,127280
1419,2025-07-15 12:00:00+00:00,2918.0,2922.0,2913.0,2916.5,119531
1420,2025-07-15 12:00:00+00:00,2918.0,2922.0,2913.0,2916.5,119531
1421,2025-07-15 14:00:00+00:00,2916.5,2916.5,2908.0,2911.0,89490
1422,2025-07-15 16:00:00+00:00,2915.0,2915.0,2903.0,2910.0,42210
1423,2025-07-15 18:00:00+00:00,2909.5,2910.0,2908.0,2910.0,16801
1424,2025-07-15 20:00:00+00:00,2910.0,2910.0,2908.5,2909.5,8633
1425,2025-07-16 02:00:00+00:00,2910.5,2910.5,2910.5,2910.5,29
1426,2025-07-16 04:00:00+00:00,2911.0,2937.5,2905.5,2933.0,57570
1427,2025-07-16 06:00:00+00:00,2933.0,2940.0,2913.0,2924.0,146330
1428,2025-07-16 08:00:00+00:00,2925.0,2933.0,2918.0,2932.0,121312
1429,2025-07-16 10:00:00+00:00,2932.5,2938.0,2925.5,2935.5,91929
1430,2025-07-16 12:00:00+00:00,2936.5,2937.5,2922.0,2925.5,134585
1431,2025-07-16 14:00:00+00:00,2925.5,2930.5,2920.0,2922.0,70146
1432,2025-07-16 16:00:00+00:00,2925.0,2934.5,2924.0,2929.0,55188
1433,2025-07-16 18:00:00+00:00,2929.0,2930.0,2922.0,2922.5,20603
1434,2025-07-16 20:00:00+00:00,2923.0,2930.0,2921.0,2922.0,12111
1435,2025-07-17 02:00:00+00:00,2931.0,2931.0,2931.0,2931.0,475
1436,2025-07-17 04:00:00+00:00,2931.0,2963.0,2928.5,2957.0,85063
1437,2025-07-17 06:00:00+00:00,2957.0,2984.5,2957.0,2976.5,162786
1438,2025-07-17 08:00:00+00:00,2976.5,2978.0,2949.0,2954.0,197080
1439,2025-07-17 10:00:00+00:00,2954.5,2956.0,2925.5,2943.5,151764
1440,2025-07-17 12:00:00+00:00,2944.0,2949.0,2930.0,2944.0,58852
1441,2025-07-17 14:00:00+00:00,2944.5,2951.0,2939.0,2939.0,54598
1442,2025-07-17 16:00:00+00:00,2940.0,2941.0,2930.5,2935.0,27014
1443,2025-07-17 18:00:00+00:00,2935.0,2942.5,2932.0,2933.0,19356
1444,2025-07-17 20:00:00+00:00,2933.0,2933.0,2930.0,2932.0,10283
1445,2025-07-18 02:00:00+00:00,2934.0,2934.0,2934.0,2934.0,119
1446,2025-07-18 04:00:00+00:00,2937.5,2964.0,2934.5,2958.0,32008
1447,2025-07-18 06:00:00+00:00,2958.5,2973.0,2935.5,2970.0,131995
1448,2025-07-18 08:00:00+00:00,2970.0,2981.5,2961.5,2980.0,155045
1449,2025-07-18 10:00:00+00:00,2980.5,2999.0,2976.0,2990.0,221950
1450,2025-07-18 12:00:00+00:00,2989.5,2997.5,2983.0,2995.0,83662
1451,2025-07-18 14:00:00+00:00,2995.0,2997.0,2990.5,2995.0,78783
1452,2025-07-18 16:00:00+00:00,2995.0,3000.0,2990.5,2998.0,36571
1453,2025-07-18 18:00:00+00:00,2998.0,2998.5,2992.5,2995.0,26373
1454,2025-07-18 20:00:00+00:00,2995.0,2995.0,2993.0,2994.0,21444
1455,2025-07-19 06:00:00+00:00,3029.0,3060.0,3025.5,3055.5,55597
1456,2025-07-19 08:00:00+00:00,3055.5,3075.0,3050.0,3064.5,58828
1457,2025-07-19 10:00:00+00:00,3064.0,3071.5,3064.0,3067.0,29094
1458,2025-07-19 12:00:00+00:00,3067.5,3071.0,3056.0,3070.0,26936
1459,2025-07-19 14:00:00+00:00,3070.5,3071.0,3063.5,3069.0,11885
1460,2025-07-20 06:00:00+00:00,3077.5,3083.0,3073.0,3079.5,35755
1461,2025-07-20 08:00:00+00:00,3079.0,3080.0,3069.0,3078.5,27275
1462,2025-07-20 10:00:00+00:00,3079.0,3080.0,3076.5,3078.0,12847
1463,2025-07-20 12:00:00+00:00,3078.0,3078.5,3074.0,3078.5,13794
1464,2025-07-20 14:00:00+00:00,3078.5,3079.5,3073.5,3079.5,12990
1465,2025-07-21 02:00:00+00:00,3070.0,3070.0,3070.0,3070.0,6021
1466,2025-07-21 04:00:00+00:00,3070.0,3130.0,3070.0,3105.0,157082
1467,2025-07-21 06:00:00+00:00,3104.5,3105.0,3031.5,3044.0,316981
1468,2025-07-21 08:00:00+00:00,3044.0,3073.0,3040.0,3068.0,218097
1469,2025-07-21 10:00:00+00:00,3069.5,3075.0,3050.5,3062.0,96209
1470,2025-07-21 12:00:00+00:00,3062.0,3068.0,3042.0,3050.5,78956
1471,2025-07-21 14:00:00+00:00,3050.5,3073.0,3050.0,3064.5,61711
1472,2025-07-21 16:00:00+00:00,3064.5,3068.5,3055.5,3065.0,22960
1473,2025-07-21 18:00:00+00:00,3065.0,3070.5,3063.5,3069.0,13009
1474,2025-07-21 20:00:00+00:00,3069.0,3075.0,3068.5,3075.0,11277
1475,2025-07-22 02:00:00+00:00,3074.5,3074.5,3074.5,3074.5,136
1476,2025-07-22 04:00:00+00:00,3074.5,3077.5,3060.0,3061.0,29801
1477,2025-07-22 06:00:00+00:00,3062.0,3068.0,3032.0,3038.5,91245
1478,2025-07-22 08:00:00+00:00,3038.0,3064.5,3036.0,3063.0,73207
1479,2025-07-22 10:00:00+00:00,3062.5,3070.0,3051.0,3060.5,76114
1480,2025-07-22 12:00:00+00:00,3060.0,3061.5,3045.5,3051.0,72878
1481,2025-07-22 12:00:00+00:00,3060.0,3061.5,3045.5,3051.0,72878
1482,2025-07-22 14:00:00+00:00,3051.0,3065.0,3041.0,3055.0,102119
1483,2025-07-22 16:00:00+00:00,3059.0,3059.0,3042.5,3049.0,20614
1484,2025-07-22 18:00:00+00:00,3049.0,3056.5,3047.5,3055.0,15249
1485,2025-07-22 20:00:00+00:00,3054.5,3059.5,3049.0,3053.5,6149
1486,2025-07-23 02:00:00+00:00,3053.5,3053.5,3053.5,3053.5,15
1487,2025-07-23 04:00:00+00:00,3053.5,3065.0,3052.0,3054.5,20183
1488,2025-07-23 06:00:00+00:00,3054.5,3073.5,3054.5,3073.0,48693
1489,2025-07-23 08:00:00+00:00,3073.5,3074.0,3063.5,3064.5,82128
1490,2025-07-23 10:00:00+00:00,3065.0,3065.5,3055.5,3060.0,90528
1491,2025-07-23 12:00:00+00:00,3059.5,3062.0,3035.0,3041.0,153184
1492,2025-07-23 14:00:00+00:00,3040.5,3059.5,3021.0,3050.5,143647
1493,2025-07-23 16:00:00+00:00,3052.0,3059.0,3045.0,3053.0,43939
1494,2025-07-23 18:00:00+00:00,3053.0,3057.0,3041.5,3048.5,27243
1495,2025-07-23 20:00:00+00:00,3049.0,3051.5,3044.0,3049.5,4140
1496,2025-07-24 02:00:00+00:00,3049.0,3049.0,3049.0,3049.0,139
1497,2025-07-24 04:00:00+00:00,3049.0,3058.5,3042.0,3051.0,14281
1498,2025-07-24 06:00:00+00:00,3051.0,3060.0,3036.5,3038.0,44362
1499,2025-07-24 08:00:00+00:00,3038.0,3042.5,3025.0,3035.0,84354
1500,2025-07-24 10:00:00+00:00,3036.0,3039.5,3026.0,3027.0,43102
1501,2025-07-24 12:00:00+00:00,3027.0,3033.0,3020.0,3031.0,63668
1502,2025-07-24 14:00:00+00:00,3031.0,3033.0,3023.0,3032.0,55294
1503,2025-07-24 16:00:00+00:00,3032.0,3036.0,3025.0,3028.0,16287
1504,2025-07-24 18:00:00+00:00,3029.0,3034.0,3025.0,3029.0,12172
1505,2025-07-24 20:00:00+00:00,3027.0,3031.0,3025.0,3029.0,3621
1506,2025-07-25 02:00:00+00:00,3025.0,3025.0,3025.0,3025.0,57
1507,2025-07-25 04:00:00+00:00,3025.0,3039.0,3024.5,3035.5,16871
1508,2025-07-25 06:00:00+00:00,3036.0,3065.0,3036.0,3048.0,89979
1509,2025-07-25 08:00:00+00:00,3048.0,3065.0,3043.5,3051.0,82054
1510,2025-07-25 10:00:00+00:00,3051.0,3065.0,3000.0,3063.0,206443
1511,2025-07-25 12:00:00+00:00,3063.0,3064.0,3024.0,3036.5,114313
1512,2025-07-25 14:00:00+00:00,3037.0,3037.5,2965.5,3000.0,241495
1513,2025-07-25 16:00:00+00:00,3000.0,3015.0,2988.0,3009.0,51063
1514,2025-07-25 18:00:00+00:00,3009.0,3019.5,3004.0,3007.0,20309
1515,2025-07-25 20:00:00+00:00,3008.5,3010.0,3007.0,3008.0,4971
1516,2025-07-26 06:00:00+00:00,3021.0,3027.0,3010.5,3021.0,13254
1517,2025-07-26 08:00:00+00:00,3021.0,3022.5,3015.5,3020.0,6895
1518,2025-07-26 10:00:00+00:00,3020.0,3050.0,3017.5,3024.5,21037
1519,2025-07-26 12:00:00+00:00,3024.5,3024.5,3016.0,3019.5,7331
1520,2025-07-26 14:00:00+00:00,3019.5,3020.0,3015.0,3020.0,7171
1521,2025-07-27 06:00:00+00:00,3020.0,3021.0,3015.0,3016.0,4579
1522,2025-07-27 08:00:00+00:00,3016.0,3018.0,3011.0,3015.0,6779
1523,2025-07-27 10:00:00+00:00,3015.0,3020.0,3012.0,3019.0,2104
1524,2025-07-27 12:00:00+00:00,3019.0,3019.0,3014.0,3015.5,2313
1525,2025-07-27 14:00:00+00:00,3015.5,3016.0,3011.5,3014.5,3810
1526,2025-07-28 02:00:00+00:00,3012.0,3012.0,3012.0,3012.0,53
1527,2025-07-28 04:00:00+00:00,3012.0,3022.0,3000.5,3018.0,19274
1528,2025-07-28 06:00:00+00:00,3018.0,3019.5,2986.5,2999.5,64698
1529,2025-07-28 08:00:00+00:00,2999.5,3012.0,2999.0,3006.0,52713
1530,2025-07-28 10:00:00+00:00,3006.0,3008.0,2991.0,2994.5,66406
1531,2025-07-28 12:00:00+00:00,2994.5,2994.5,2940.0,2968.0,196245
1532,2025-07-28 14:00:00+00:00,2968.0,2969.0,2905.5,2925.0,216337
1533,2025-07-28 16:00:00+00:00,2929.0,2938.5,2911.5,2928.0,78378
1534,2025-07-28 18:00:00+00:00,2929.0,2929.0,2912.0,2923.0,24713
1535,2025-07-28 20:00:00+00:00,2923.0,2925.0,2920.0,2925.0,7635
1536,2025-07-29 02:00:00+00:00,2925.0,2925.0,2925.0,2925.0,79
1537,2025-07-29 04:00:00+00:00,2925.5,2946.0,2925.5,2945.0,19226
1538,2025-07-29 06:00:00+00:00,2944.0,2967.0,2936.0,2952.0,98858
1539,2025-07-29 08:00:00+00:00,2952.0,2953.0,2948.5,2951.0,67932
1540,2025-07-29 10:00:00+00:00,2951.5,2958.0,2950.0,2952.0,48460
1541,2025-07-29 12:00:00+00:00,2952.5,2980.0,2936.5,2939.5,122970
1542,2025-07-29 12:00:00+00:00,2952.5,2980.0,2936.5,2939.5,122970
1543,2025-07-29 14:00:00+00:00,2940.0,2943.0,2924.0,2938.0,76164
1544,2025-07-29 16:00:00+00:00,2938.0,2951.0,2922.5,2924.0,33977
1545,2025-07-29 18:00:00+00:00,2922.5,2934.5,2920.0,2932.5,25194
1546,2025-07-29 20:00:00+00:00,2932.0,2940.0,2930.5,2935.0,4753
1547,2025-07-30 02:00:00+00:00,2935.5,2935.5,2935.5,2935.5,17
1548,2025-07-30 04:00:00+00:00,2936.0,2965.0,2926.5,2945.5,31674
1549,2025-07-30 06:00:00+00:00,2944.0,2952.5,2924.0,2935.0,42827
1550,2025-07-30 08:00:00+00:00,2935.0,2935.0,2912.5,2923.5,72866
1551,2025-07-30 10:00:00+00:00,2923.5,2936.5,2919.5,2923.5,72327
1552,2025-07-30 12:00:00+00:00,2924.0,2924.0,2900.5,2910.0,98639
1553,2025-07-30 14:00:00+00:00,2910.5,2920.0,2909.0,2912.0,44698
1554,2025-07-30 16:00:00+00:00,2913.5,2925.5,2905.0,2907.0,30442
1555,2025-07-30 18:00:00+00:00,2907.0,2916.0,2904.0,2906.5,12666
1556,2025-07-30 20:00:00+00:00,2906.5,2909.0,2904.0,2909.0,5404
1557,2025-07-31 02:00:00+00:00,2914.5,2914.5,2914.5,2914.5,33
1558,2025-07-31 04:00:00+00:00,2914.5,2932.0,2911.0,2925.5,18401
1559,2025-07-31 06:00:00+00:00,2925.0,2931.0,2907.0,2912.0,52459
1560,2025-07-31 08:00:00+00:00,2912.0,2914.5,2891.5,2902.0,89015
1561,2025-07-31 10:00:00+00:00,2902.0,2909.0,2875.0,2878.5,94826
1562,2025-07-31 12:00:00+00:00,2878.5,2899.0,2873.0,2897.5,94158
1563,2025-07-31 14:00:00+00:00,2897.0,2899.5,2875.0,2887.5,181921
1564,2025-07-31 16:00:00+00:00,2887.5,2896.5,2884.0,2890.5,26127
1565,2025-07-31 18:00:00+00:00,2891.5,2892.5,2880.0,2886.5,13136
1566,2025-07-31 20:00:00+00:00,2886.0,2886.0,2880.0,2883.5,4391
1567,2025-08-01 02:00:00+00:00,2885.0,2885.0,2885.0,2885.0,300
1568,2025-08-01 04:00:00+00:00,2888.0,2909.0,2885.5,2897.5,44232
1569,2025-08-01 06:00:00+00:00,2897.5,2904.5,2890.0,2901.0,62176
1570,2025-08-01 08:00:00+00:00,2901.0,2903.0,2895.0,2900.0,59890
1571,2025-08-01 10:00:00+00:00,2900.0,2902.0,2882.0,2883.0,68678
1572,2025-08-01 12:00:00+00:00,2883.0,2886.5,2874.5,2877.0,92169
1573,2025-08-01 14:00:00+00:00,2877.0,2877.5,2856.0,2867.0,90186
1574,2025-08-01 16:00:00+00:00,2866.0,2875.5,2858.0,2873.5,30088
1575,2025-08-01 18:00:00+00:00,2874.0,2880.5,2871.0,2875.0,15484
1576,2025-08-01 20:00:00+00:00,2875.0,2877.0,2871.0,2876.0,4182
1577,2025-08-04 02:00:00+00:00,2880.0,2880.0,2880.0,2880.0,262
1578,2025-08-04 04:00:00+00:00,2881.5,2890.0,2876.5,2888.0,26633
1579,2025-08-04 06:00:00+00:00,2887.0,2888.0,2875.0,2883.5,37151
1580,2025-08-04 08:00:00+00:00,2883.5,2934.5,2882.0,2930.0,144321
1581,2025-08-04 10:00:00+00:00,2930.0,2965.0,2927.0,2952.0,276113
1582,2025-08-04 12:00:00+00:00,2952.0,2955.0,2945.5,2950.0,147275
1583,2025-08-04 14:00:00+00:00,2950.0,2956.0,2940.0,2955.0,76241
1584,2025-08-04 16:00:00+00:00,2955.0,2957.0,2945.0,2956.0,48519
1585,2025-08-04 18:00:00+00:00,2956.0,2956.5,2952.0,2955.0,14199
1586,2025-08-04 20:00:00+00:00,2955.0,2961.5,2951.5,2961.0,10579
1587,2025-08-05 02:00:00+00:00,2964.5,2964.5,2964.5,2964.5,230
1588,2025-08-05 04:00:00+00:00,2964.5,2978.5,2943.0,2945.5,71932
1589,2025-08-05 06:00:00+00:00,2945.0,2967.5,2942.0,2956.5,56828
1590,2025-08-05 08:00:00+00:00,2956.0,2956.5,2938.5,2940.0,117223
1591,2025-08-05 10:00:00+00:00,2940.0,2949.5,2939.0,2948.5,64099
1592,2025-08-05 12:00:00+00:00,2948.0,2960.0,2943.0,2956.0,104096
1593,2025-08-05 12:00:00+00:00,2948.0,2960.0,2943.0,2956.0,104096
1594,2025-08-05 14:00:00+00:00,2955.5,2960.5,2945.0,2953.0,80112
1595,2025-08-05 16:00:00+00:00,2953.0,2965.0,2948.5,2957.0,34089
1596,2025-08-05 18:00:00+00:00,2957.0,2968.5,2956.0,2963.0,32632
1597,2025-08-05 20:00:00+00:00,2964.0,2975.0,2963.0,2969.0,12079
1598,2025-08-06 02:00:00+00:00,2970.0,2970.0,2970.0,2970.0,81
1599,2025-08-06 04:00:00+00:00,2970.0,2975.0,2942.5,2954.5,71781
1600,2025-08-06 06:00:00+00:00,2954.5,2973.5,2954.0,2966.5,73096
1601,2025-08-06 08:00:00+00:00,2966.0,2968.5,2957.0,2963.0,64279
1602,2025-08-06 10:00:00+00:00,2963.0,2963.5,2952.0,2960.5,38229
1603,2025-08-06 12:00:00+00:00,2960.5,2965.5,2955.5,2958.5,58643
1604,2025-08-06 14:00:00+00:00,2957.0,2968.0,2940.0,2949.0,70747
1605,2025-08-06 16:00:00+00:00,2953.0,2985.0,2949.5,2975.5,91350
1606,2025-08-06 18:00:00+00:00,2976.0,3041.5,2975.5,3009.0,298346
1607,2025-08-06 20:00:00+00:00,3009.0,3019.5,2988.5,3016.0,63843
1608,2025-08-07 02:00:00+00:00,3016.0,3016.0,3016.0,3016.0,611
1609,2025-08-07 04:00:00+00:00,3016.0,3025.5,3000.0,3015.0,40736
1610,2025-08-07 06:00:00+00:00,3014.5,3022.5,2990.0,3020.5,121493
1611,2025-08-07 08:00:00+00:00,3020.0,3056.0,3020.0,3046.0,348774
1612,2025-08-07 10:00:00+00:00,3046.5,3049.0,3006.0,3014.5,391124
1613,2025-08-07 12:00:00+00:00,3014.5,3019.5,3005.0,3009.5,121303
1614,2025-08-07 14:00:00+00:00,3009.5,3016.5,2997.0,2997.0,126698
1615,2025-08-07 16:00:00+00:00,2997.0,3007.0,2982.5,2991.5,75867
1616,2025-08-07 18:00:00+00:00,2991.0,3006.0,2990.5,2999.5,34101
1617,2025-08-07 20:00:00+00:00,2999.5,3009.5,2996.0,3008.5,21751
1618,2025-08-08 02:00:00+00:00,3015.5,3015.5,3015.5,3015.5,118
1619,2025-08-08 04:00:00+00:00,3015.5,3020.5,3005.0,3016.0,29415
1620,2025-08-08 06:00:00+00:00,3015.5,3016.5,2990.0,3002.5,65352
1621,2025-08-08 08:00:00+00:00,3001.5,3011.5,2997.0,3008.5,57707
1622,2025-08-08 10:00:00+00:00,3008.0,3040.0,3002.0,3028.5,113813
1623,2025-08-08 12:00:00+00:00,3028.5,3029.0,3015.0,3022.5,67177
1624,2025-08-08 14:00:00+00:00,3022.5,3023.5,3003.5,3013.0,174274
1625,2025-08-08 16:00:00+00:00,3013.0,3023.5,3006.5,3013.0,50928
1626,2025-08-08 18:00:00+00:00,3013.0,3017.0,3011.0,3013.5,29758
1627,2025-08-08 20:00:00+00:00,3014.0,3021.5,3003.0,3013.0,96803
1628,2025-08-11 02:00:00+00:00,3027.5,3027.5,3027.5,3027.5,1233
1629,2025-08-11 04:00:00+00:00,3027.5,3065.0,3022.5,3047.0,184844
1630,2025-08-11 06:00:00+00:00,3047.0,3064.5,3040.5,3060.0,180769
1631,2025-08-11 08:00:00+00:00,3058.0,3070.0,3046.5,3054.0,199663
1632,2025-08-11 10:00:00+00:00,3054.0,3070.0,3044.5,3069.0,129220
1633,2025-08-11 12:00:00+00:00,3069.0,3077.0,3065.0,3069.5,126825
1634,2025-08-11 14:00:00+00:00,3070.0,3072.5,3059.5,3059.5,86985
1635,2025-08-11 16:00:00+00:00,3059.0,3060.0,3043.5,3052.5,62790
1636,2025-08-11 18:00:00+00:00,3052.5,3064.0,3051.5,3061.5,16290
1637,2025-08-11 20:00:00+00:00,3062.5,3070.0,3062.5,3066.5,9275
1638,2025-08-12 02:00:00+00:00,3070.0,3070.0,3070.0,3070.0,156
1639,2025-08-12 04:00:00+00:00,3067.0,3076.5,3046.5,3059.0,28806
1640,2025-08-12 06:00:00+00:00,3059.0,3066.0,3045.5,3047.5,100475
1641,2025-08-12 08:00:00+00:00,3047.5,3050.0,3037.0,3050.0,102901
1642,2025-08-12 10:00:00+00:00,3049.5,3055.5,3043.5,3045.0,146092
1643,2025-08-12 12:00:00+00:00,3045.0,3055.5,3040.0,3046.0,102064
1644,2025-08-12 12:00:00+00:00,3045.0,3055.5,3040.0,3046.0,102064
1645,2025-08-12 14:00:00+00:00,3046.0,3057.0,3044.0,3055.5,96338
1646,2025-08-12 16:00:00+00:00,3056.0,3057.0,3048.5,3057.0,19143
1647,2025-08-12 18:00:00+00:00,3057.0,3057.0,3050.0,3051.5,19525
1648,2025-08-12 20:00:00+00:00,3051.0,3054.0,3048.5,3052.5,8728
1649,2025-08-13 02:00:00+00:00,3055.0,3055.0,3055.0,3055.0,447
1650,2025-08-13 04:00:00+00:00,3054.5,3069.0,3052.5,3063.0,34043
1651,2025-08-13 06:00:00+00:00,3061.5,3075.0,3041.0,3069.5,439262
1652,2025-08-13 08:00:00+00:00,3069.5,3075.0,3046.5,3047.0,207308
1653,2025-08-13 10:00:00+00:00,3047.5,3061.5,3041.0,3043.5,192763
1654,2025-08-13 12:00:00+00:00,3043.5,3050.5,3041.0,3042.0,127660
1655,2025-08-13 14:00:00+00:00,3042.0,3048.5,3028.0,3037.0,225565
1656,2025-08-13 16:00:00+00:00,3038.0,3043.5,3012.0,3016.0,88089
1657,2025-08-13 18:00:00+00:00,3016.0,3017.0,3002.0,3011.5,62412
1658,2025-08-13 20:00:00+00:00,3012.0,3017.0,3007.5,3015.0,18896
1659,2025-08-14 02:00:00+00:00,3023.0,3023.0,3023.0,3023.0,171
1660,2025-08-14 04:00:00+00:00,3023.0,3026.0,3002.0,3018.5,35902
1661,2025-08-14 06:00:00+00:00,3018.0,3021.0,2980.5,2990.0,125203
1662,2025-08-14 08:00:00+00:00,2990.0,2990.0,2967.0,2983.5,169834
1663,2025-08-14 10:00:00+00:00,2983.5,3007.5,2982.5,3001.5,88701
1664,2025-08-14 12:00:00+00:00,3001.5,3019.5,2992.5,3019.5,148288
1665,2025-08-14 14:00:00+00:00,3019.5,3047.0,2998.0,3037.5,390210
1666,2025-08-14 16:00:00+00:00,3037.0,3037.5,3006.5,3024.0,65051
1667,2025-08-14 18:00:00+00:00,3024.0,3035.0,3020.0,3023.5,34783
1668,2025-08-14 20:00:00+00:00,3022.5,3023.5,3018.0,3022.5,6399
1669,2025-08-15 02:00:00+00:00,3026.0,3026.0,3026.0,3026.0,142
1670,2025-08-15 04:00:00+00:00,3026.5,3033.0,3021.5,3028.0,12436
1671,2025-08-15 06:00:00+00:00,3027.5,3028.0,3001.0,3003.5,66462
1672,2025-08-15 08:00:00+00:00,3003.5,3035.0,3001.5,3018.5,85241
1673,2025-08-15 10:00:00+00:00,3018.0,3033.5,3016.0,3031.0,65667
1674,2025-08-15 12:00:00+00:00,3032.0,3034.0,3014.5,3025.0,136258
1675,2025-08-15 14:00:00+00:00,3025.5,3029.0,3015.0,3023.0,96803
1676,2025-08-15 16:00:00+00:00,3023.0,3023.0,3015.5,3018.0,35061
1677,2025-08-15 18:00:00+00:00,3017.5,3020.0,3016.0,3019.5,29864
1678,2025-08-15 20:00:00+00:00,3020.0,3020.0,3015.0,3019.0,11512
1679,2025-08-16 06:00:00+00:00,3006.0,3008.0,2925.5,3004.0,67692
1680,2025-08-16 08:00:00+00:00,3002.5,3004.0,2985.5,2988.0,27233
1681,2025-08-16 10:00:00+00:00,2988.0,2998.0,2985.5,2995.5,12622
1682,2025-08-16 12:00:00+00:00,2996.0,2999.5,2992.5,2999.0,7896
1683,2025-08-16 14:00:00+00:00,2999.5,2999.5,2995.0,2998.5,6368
1684,2025-08-17 06:00:00+00:00,2999.5,3008.0,2998.0,3006.0,6942
1685,2025-08-17 08:00:00+00:00,3006.0,3010.0,3000.0,3008.0,7657
1686,2025-08-17 10:00:00+00:00,3008.0,3010.0,3003.5,3004.0,5409
1687,2025-08-17 12:00:00+00:00,3004.0,3005.5,2997.5,3000.0,8036
1688,2025-08-17 14:00:00+00:00,3000.0,3000.0,2995.5,2996.0,5099
1689,2025-08-18 02:00:00+00:00,2996.0,2996.0,2996.0,2996.0,403
1690,2025-08-18 04:00:00+00:00,2996.0,3017.5,2987.5,3008.0,28915
1691,2025-08-18 06:00:00+00:00,3008.0,3020.0,3005.5,3019.5,66778
1692,2025-08-18 08:00:00+00:00,3019.5,3033.0,3004.5,3025.5,85163
1693,2025-08-18 10:00:00+00:00,3025.5,3027.0,3012.0,3013.5,39928
1694,2025-08-18 12:00:00+00:00,3013.5,3018.0,3004.0,3004.0,73726
1695,2025-08-18 14:00:00+00:00,3005.0,3008.5,2980.5,2990.5,139298
1696,2025-08-18 16:00:00+00:00,2990.5,3009.0,2981.5,3004.0,38395
1697,2025-08-18 18:00:00+00:00,3005.0,3030.0,3003.0,3023.5,83839
1698,2025-08-18 20:00:00+00:00,3024.0,3028.0,3011.0,3022.5,11401
1699,2025-08-19 02:00:00+00:00,3022.0,3022.0,3022.0,3022.0,315
1700,2025-08-19 04:00:00+00:00,3022.5,3036.5,3020.5,3029.0,47577
1701,2025-08-19 06:00:00+00:00,3028.0,3037.0,3014.0,3022.5,84505
1702,2025-08-19 08:00:00+00:00,3022.0,3028.5,3009.5,3016.0,83757
1703,2025-08-19 10:00:00+00:00,3016.5,3020.0,3012.5,3016.0,50946
1704,2025-08-19 12:00:00+00:00,3016.5,3019.5,3010.0,3018.0,46929
1705,2025-08-19 12:00:00+00:00,3016.5,3019.5,3010.0,3018.0,46929
1706,2025-08-19 14:00:00+00:00,3019.5,3025.0,3010.5,3010.5,72920
1707,2025-08-19 16:00:00+00:00,3011.0,3018.0,3003.0,3015.0,34058
1708,2025-08-19 18:00:00+00:00,3015.0,3015.0,3012.5,3014.5,8964
1709,2025-08-19 20:00:00+00:00,3015.0,3015.0,3013.5,3014.5,3106
1710,2025-08-20 02:00:00+00:00,3014.5,3014.5,3014.5,3014.5,4
1711,2025-08-20 04:00:00+00:00,3014.5,3021.5,3012.0,3016.5,8642
1712,2025-08-20 06:00:00+00:00,3017.5,3021.5,3010.5,3012.5,23528
1713,2025-08-20 08:00:00+00:00,3012.5,3016.5,3007.5,3008.0,45409
1714,2025-08-20 10:00:00+00:00,3007.5,3010.0,2994.0,2996.0,58827
1715,2025-08-20 12:00:00+00:00,2996.0,3000.5,2976.5,2981.5,120403
1716,2025-08-20 14:00:00+00:00,2981.5,2994.0,2980.0,2993.0,35156
1717,2025-08-20 16:00:00+00:00,2995.0,2997.0,2982.5,2989.5,23146
1718,2025-08-20 18:00:00+00:00,2989.5,2995.5,2987.5,2995.5,8156
1719,2025-08-20 20:00:00+00:00,2995.5,2998.0,2995.0,2996.5,2801
1720,2025-08-21 02:00:00+00:00,2996.5,2996.5,2996.5,2996.5,105
1721,2025-08-21 04:00:00+00:00,2998.5,3003.0,2988.0,2991.0,8724
1722,2025-08-21 06:00:00+00:00,2991.0,2999.0,2975.0,2976.5,46916
1723,2025-08-21 08:00:00+00:00,2976.5,2982.0,2962.0,2980.5,96261
1724,2025-08-21 10:00:00+00:00,2980.0,2982.0,2963.0,2972.5,91913
1725,2025-08-21 12:00:00+00:00,2972.5,2973.0,2948.0,2955.0,77421
1726,2025-08-21 14:00:00+00:00,2950.5,2963.0,2941.0,2957.0,80452
1727,2025-08-21 16:00:00+00:00,2959.5,2966.0,2945.0,2965.5,22207
1728,2025-08-21 18:00:00+00:00,2965.5,2966.0,2951.5,2954.0,15922
1729,2025-08-21 20:00:00+00:00,2953.0,2959.0,2948.5,2950.0,13188
1730,2025-08-22 02:00:00+00:00,2955.0,2955.0,2955.0,2955.0,83
1731,2025-08-22 04:00:00+00:00,2959.5,2964.5,2942.0,2958.0,15052
1732,2025-08-22 06:00:00+00:00,2958.0,2965.0,2941.5,2942.5,47932
1733,2025-08-22 08:00:00+00:00,2942.5,2948.5,2935.0,2937.0,73747
1734,2025-08-22 10:00:00+00:00,2937.0,2949.0,2937.0,2942.5,99501
1735,2025-08-22 12:00:00+00:00,2943.0,2945.5,2912.5,2921.5,124505
1736,2025-08-22 14:00:00+00:00,2922.0,2927.0,2915.0,2926.0,55798
1737,2025-08-22 16:00:00+00:00,2926.5,2936.0,2924.0,2934.0,27260
1738,2025-08-22 18:00:00+00:00,2934.0,2935.5,2931.0,2935.5,8813
1739,2025-08-22 20:00:00+00:00,2935.5,2942.0,2935.0,2940.5,9695
1740,2025-08-23 06:00:00+00:00,2940.5,2948.0,2940.5,2944.5,7068
1741,2025-08-23 08:00:00+00:00,2944.5,2945.5,2938.0,2939.5,10974
1742,2025-08-23 10:00:00+00:00,2939.5,2945.0,2937.5,2944.0,4540
1743,2025-08-23 12:00:00+00:00,2944.0,2947.5,2941.0,2946.5,4556
1744,2025-08-23 14:00:00+00:00,2945.5,2947.5,2945.0,2945.5,2992
1745,2025-08-24 06:00:00+00:00,2945.5,2946.0,2934.5,2944.0,5331
1746,2025-08-24 08:00:00+00:00,2944.0,2944.0,2937.0,2943.0,4094
1747,2025-08-24 10:00:00+00:00,2943.0,2947.5,2940.5,2943.0,3702
1748,2025-08-24 12:00:00+00:00,2943.0,2945.0,2935.0,2940.0,4214
1749,2025-08-24 14:00:00+00:00,2940.5,2941.0,2935.0,2941.0,5233
1750,2025-08-25 02:00:00+00:00,2941.5,2941.5,2941.5,2941.5,181
1751,2025-08-25 04:00:00+00:00,2943.0,2945.5,2918.5,2933.0,19793
1752,2025-08-25 06:00:00+00:00,2934.0,2946.5,2932.5,2938.0,71459
1753,2025-08-25 08:00:00+00:00,2938.5,2943.5,2928.0,2935.5,93040
1754,2025-08-25 10:00:00+00:00,2935.5,2941.5,2928.0,2933.5,85826
1755,2025-08-25 12:00:00+00:00,2933.5,2942.5,2931.5,2941.5,81562
1756,2025-08-25 14:00:00+00:00,2941.0,2955.5,2939.0,2940.0,95898
1757,2025-08-25 16:00:00+00:00,2939.5,2944.0,2937.5,2942.0,16555
1758,2025-08-25 18:00:00+00:00,2942.0,2947.0,2942.0,2946.0,8754
1759,2025-08-25 20:00:00+00:00,2946.0,2947.5,2945.5,2946.5,4023
1760,2025-08-26 02:00:00+00:00,2940.0,2940.0,2940.0,2940.0,100
1761,2025-08-26 04:00:00+00:00,2950.0,2964.0,2941.0,2964.0,14545
1762,2025-08-26 06:00:00+00:00,2963.5,2973.0,2960.0,2963.5,71487
1763,2025-08-26 08:00:00+00:00,2965.0,2971.5,2959.0,2962.0,120793
1764,2025-08-26 10:00:00+00:00,2961.5,2964.5,2950.0,2962.5,59210
1765,2025-08-26 12:00:00+00:00,2962.0,2962.5,2947.5,2948.0,56845
1766,2025-08-26 12:00:00+00:00,2962.0,2962.5,2947.5,2948.0,56845
1767,2025-08-26 14:00:00+00:00,2948.0,2950.5,2936.0,2941.0,58051
1768,2025-08-26 16:00:00+00:00,2941.5,2949.5,2939.0,2948.0,17303
1769,2025-08-26 18:00:00+00:00,2948.5,2955.5,2946.0,2954.0,6652
1770,2025-08-26 20:00:00+00:00,2954.0,2958.0,2951.5,2956.0,2856
1771,2025-08-27 02:00:00+00:00,2956.0,2956.0,2956.0,2956.0,6
1772,2025-08-27 04:00:00+00:00,2959.5,2963.0,2950.0,2953.0,6414
1773,2025-08-27 06:00:00+00:00,2954.0,2954.0,2935.0,2943.0,114354
1774,2025-08-27 08:00:00+00:00,2943.0,2953.0,2942.0,2943.0,54797
1775,2025-08-27 10:00:00+00:00,2944.0,2950.0,2938.0,2943.5,51865
1776,2025-08-27 12:00:00+00:00,2942.5,2945.0,2940.0,2943.0,37368
1777,2025-08-27 14:00:00+00:00,2943.0,2944.0,2935.5,2937.0,40511
1778,2025-08-27 16:00:00+00:00,2937.0,2941.0,2932.0,2940.5,38846
1779,2025-08-27 18:00:00+00:00,2940.5,2944.0,2937.5,2942.5,14826
1780,2025-08-27 20:00:00+00:00,2943.0,2944.5,2942.0,2942.0,4587
1781,2025-08-28 02:00:00+00:00,2945.0,2945.0,2945.0,2945.0,1
1782,2025-08-28 04:00:00+00:00,2942.0,2947.5,2940.5,2944.5,5975
1783,2025-08-28 06:00:00+00:00,2945.0,2945.5,2934.0,2938.5,31739
1784,2025-08-28 08:00:00+00:00,2938.0,2951.5,2937.5,2946.0,99686
1785,2025-08-28 10:00:00+00:00,2945.5,2948.5,2934.0,2936.0,34248
1786,2025-08-28 12:00:00+00:00,2935.5,2940.0,2927.5,2930.0,49180
1787,2025-08-28 14:00:00+00:00,2930.5,2936.5,2930.0,2933.5,27206
1788,2025-08-28 16:00:00+00:00,2933.5,2938.0,2920.0,2927.0,55650
1789,2025-08-28 18:00:00+00:00,2927.0,2928.5,2916.0,2923.0,41402
1790,2025-08-28 20:00:00+00:00,2922.5,2924.5,2920.5,2924.5,5161
1791,2025-08-29 02:00:00+00:00,2934.5,2934.5,2934.5,2934.5,87
1792,2025-08-29 04:00:00+00:00,2934.0,2934.0,2921.5,2930.0,5371
1793,2025-08-29 06:00:00+00:00,2930.5,2966.0,2930.0,2956.5,148297
1794,2025-08-29 08:00:00+00:00,2957.0,2958.5,2913.0,2915.0,224147
1795,2025-08-29 10:00:00+00:00,2915.0,2923.5,2897.0,2902.0,175627
1796,2025-08-29 12:00:00+00:00,2902.0,2921.5,2893.0,2912.0,153765
1797,2025-08-29 14:00:00+00:00,2912.0,2918.5,2889.0,2912.0,139535
1798,2025-08-29 16:00:00+00:00,2909.0,2914.5,2902.0,2911.5,34599
1799,2025-08-29 18:00:00+00:00,2911.0,2912.0,2905.0,2911.5,11016
1800,2025-08-29 20:00:00+00:00,2911.5,2913.0,2907.0,2909.0,5271
1801,2025-08-30 06:00:00+00:00,2910.0,2919.5,2910.0,2916.5,6090
1802,2025-08-30 08:00:00+00:00,2917.0,2918.0,2911.5,2915.0,6327
1803,2025-08-30 10:00:00+00:00,2915.0,2918.0,2913.0,2916.0,3611
1804,2025-08-30 12:00:00+00:00,2916.0,2918.0,2912.5,2916.5,3796
1805,2025-08-30 14:00:00+00:00,2917.0,2918.5,2907.0,2914.5,7443
1806,2025-08-31 06:00:00+00:00,2914.5,2917.0,2901.0,2913.5,7167
1807,2025-08-31 08:00:00+00:00,2913.0,2919.5,2912.0,2916.0,6761
1808,2025-08-31 10:00:00+00:00,2916.5,2918.5,2915.0,2918.5,3157
1809,2025-08-31 12:00:00+00:00,2918.5,2920.0,2917.5,2919.5,3057
1810,2025-08-31 14:00:00+00:00,2919.5,2924.5,2917.0,2924.5,8587
1811,2025-09-01 02:00:00+00:00,2925.0,2925.0,2925.0,2925.0,53
1812,2025-09-01 04:00:00+00:00,2924.5,2934.0,2917.0,2929.0,14574
1813,2025-09-01 06:00:00+00:00,2929.0,2937.5,2919.0,2936.0,60268
1814,2025-09-01 08:00:00+00:00,2936.5,2937.5,2923.5,2931.0,40248
1815,2025-09-01 10:00:00+00:00,2931.5,2933.0,2923.0,2925.5,29110
1816,2025-09-01 12:00:00+00:00,2926.0,2947.0,2923.0,2945.5,69122
1817,2025-09-01 14:00:00+00:00,2945.0,2946.0,2926.0,2926.0,83323
1818,2025-09-01 16:00:00+00:00,2927.0,2933.5,2922.0,2925.0,18433
1819,2025-09-01 18:00:00+00:00,2925.0,2927.0,2920.5,2924.0,8975
1820,2025-09-01 20:00:00+00:00,2924.5,2928.5,2920.5,2926.5,3032
1821,2025-09-02 02:00:00+00:00,2927.0,2927.0,2927.0,2927.0,18
1822,2025-09-02 04:00:00+00:00,2927.0,2937.0,2927.0,2934.0,13073
1823,2025-09-02 06:00:00+00:00,2933.5,2933.5,2902.0,2903.0,71018
1824,2025-09-02 08:00:00+00:00,2903.0,2904.5,2893.5,2901.0,83972
1825,2025-09-02 10:00:00+00:00,2901.0,2906.5,2898.0,2899.5,51245
1826,2025-09-02 12:00:00+00:00,2900.0,2908.0,2870.0,2886.5,165047
1827,2025-09-02 12:00:00+00:00,2900.0,2908.0,2870.0,2886.5,165047
1828,2025-09-02 14:00:00+00:00,2885.5,2895.0,2882.0,2890.0,51786
1829,2025-09-02 16:00:00+00:00,2890.0,2898.5,2888.5,2891.0,26395
1830,2025-09-02 18:00:00+00:00,2891.0,2914.5,2890.0,2908.0,28925
1831,2025-09-02 20:00:00+00:00,2909.0,2914.0,2907.5,2911.5,4877
1832,2025-09-03 02:00:00+00:00,2914.0,2914.0,2914.0,2914.0,16
1833,2025-09-03 04:00:00+00:00,2914.5,2914.5,2894.0,2899.0,13996
1834,2025-09-03 06:00:00+00:00,2900.0,2911.0,2895.0,2899.5,31413
1835,2025-09-03 08:00:00+00:00,2899.5,2899.5,2877.5,2895.5,63230
1836,2025-09-03 10:00:00+00:00,2895.5,2908.0,2895.0,2907.0,29986
1837,2025-09-03 12:00:00+00:00,2908.0,2914.5,2904.5,2906.0,35714
1838,2025-09-03 14:00:00+00:00,2906.0,2909.5,2897.5,2903.0,27807
1839,2025-09-03 16:00:00+00:00,2904.0,2913.0,2903.0,2909.5,13215
1840,2025-09-03 18:00:00+00:00,2909.5,2919.5,2905.0,2918.5,23555
1841,2025-09-03 20:00:00+00:00,2919.0,2919.0,2913.5,2915.5,5829
1842,2025-09-04 02:00:00+00:00,2915.5,2915.5,2915.5,2915.5,58
1843,2025-09-04 04:00:00+00:00,2912.5,2915.5,2905.5,2913.5,9906
1844,2025-09-04 06:00:00+00:00,2913.5,2916.0,2907.5,2912.5,29880
1845,2025-09-04 08:00:00+00:00,2911.5,2912.5,2905.0,2909.5,32594
1846,2025-09-04 10:00:00+00:00,2909.5,2911.0,2899.5,2902.0,39461
1847,2025-09-04 12:00:00+00:00,2901.0,2902.0,2895.0,2898.5,42900
1848,2025-09-04 14:00:00+00:00,2898.5,2904.0,2885.5,2895.0,100582
1849,2025-09-04 16:00:00+00:00,2895.5,2902.5,2892.5,2901.0,12403
1850,2025-09-04 18:00:00+00:00,2901.0,2906.5,2896.5,2900.0,22971
1851,2025-09-04 20:00:00+00:00,2899.5,2901.0,2895.0,2895.0,3772
1852,2025-09-05 02:00:00+00:00,2900.0,2900.0,2900.0,2900.0,32
1853,2025-09-05 04:00:00+00:00,2902.0,2906.0,2891.0,2898.0,11165
1854,2025-09-05 06:00:00+00:00,2898.0,2905.0,2895.0,2897.5,60289
1855,2025-09-05 08:00:00+00:00,2898.0,2904.0,2896.5,2899.5,66999
1856,2025-09-05 10:00:00+00:00,2900.0,2908.5,2898.0,2900.0,120536
1857,2025-09-05 12:00:00+00:00,2900.0,2900.5,2888.5,2896.5,101394
1858,2025-09-05 14:00:00+00:00,2897.0,2920.0,2890.0,2918.5,130909
1859,2025-09-05 16:00:00+00:00,2918.5,2918.5,2910.0,2911.5,20626
1860,2025-09-05 18:00:00+00:00,2911.5,2911.5,2910.0,2911.0,14655
1861,2025-09-05 20:00:00+00:00,2911.5,2911.5,2909.5,2911.5,3632
1862,2025-09-06 06:00:00+00:00,2912.0,2912.0,2902.0,2909.0,7170
1863,2025-09-06 08:00:00+00:00,2909.5,2911.5,2907.5,2910.0,4526
1864,2025-09-06 10:00:00+00:00,2910.0,2911.0,2908.5,2909.5,2546
1865,2025-09-06 12:00:00+00:00,2910.5,2911.5,2908.5,2909.5,3063
1866,2025-09-06 14:00:00+00:00,2910.0,2911.5,2909.0,2911.0,2118
1867,2025-09-07 06:00:00+00:00,2911.0,2911.5,2908.0,2910.0,2170
1868,2025-09-07 08:00:00+00:00,2910.0,2914.5,2906.0,2912.0,8452
1869,2025-09-07 10:00:00+00:00,2912.0,2919.0,2911.5,2916.0,4372
1870,2025-09-07 12:00:00+00:00,2917.0,2919.5,2915.5,2916.0,4114
1871,2025-09-07 14:00:00+00:00,2916.0,2919.0,2915.5,2917.0,3084
1872,2025-09-08 02:00:00+00:00,2920.0,2920.0,2920.0,2920.0,1005
1873,2025-09-08 04:00:00+00:00,2917.0,2934.0,2910.0,2919.0,19919
1874,2025-09-08 06:00:00+00:00,2919.0,2967.5,2919.0,2959.5,175618
1875,2025-09-08 08:00:00+00:00,2960.0,2969.0,2951.0,2957.0,128629
1876,2025-09-08 10:00:00+00:00,2957.5,2960.0,2940.0,2950.0,100600
1877,2025-09-08 12:00:00+00:00,2950.0,2954.5,2946.0,2949.5,56906
1878,2025-09-08 14:00:00+00:00,2950.0,2952.5,2940.0,2943.5,58988
1879,2025-09-08 16:00:00+00:00,2943.0,2952.5,2943.0,2952.0,12940
1880,2025-09-08 18:00:00+00:00,2952.0,2962.0,2951.5,2955.5,17770
1881,2025-09-08 20:00:00+00:00,2956.5,2959.5,2953.0,2957.0,5154
1882,2025-09-09 02:00:00+00:00,2958.0,2958.0,2958.0,2958.0,172
1883,2025-09-09 04:00:00+00:00,2958.0,2978.0,2958.0,2973.0,27877
1884,2025-09-09 06:00:00+00:00,2973.0,2973.0,2964.0,2965.5,45861
1885,2025-09-09 08:00:00+00:00,2965.0,2974.5,2960.0,2964.5,89465
1886,2025-09-09 10:00:00+00:00,2963.5,2965.0,2945.0,2953.5,59361
1887,2025-09-09 12:00:00+00:00,2953.5,2955.5,2946.0,2953.5,56090
1888,2025-09-09 12:00:00+00:00,2953.5,2955.5,2946.0,2953.5,56090
1889,2025-09-09 14:00:00+00:00,2953.5,2953.5,2941.5,2946.5,53125
1890,2025-09-09 16:00:00+00:00,2946.5,2948.5,2940.5,2946.0,13032
1891,2025-09-09 18:00:00+00:00,2946.0,2950.5,2945.5,2950.0,11614
1892,2025-09-09 20:00:00+00:00,2950.0,2950.5,2948.0,2950.5,3804
1893,2025-09-10 02:00:00+00:00,2947.5,2947.5,2947.5,2947.5,103
1894,2025-09-10 04:00:00+00:00,2949.0,2954.0,2942.0,2948.0,22859
1895,2025-09-10 06:00:00+00:00,2947.0,2948.5,2931.5,2940.5,50810
1896,2025-09-10 08:00:00+00:00,2940.5,2948.0,2936.0,2945.0,82286
1897,2025-09-10 10:00:00+00:00,2944.5,2950.0,2932.5,2937.5,67302
1898,2025-09-10 12:00:00+00:00,2938.5,2940.5,2922.5,2929.0,38850
1899,2025-09-10 14:00:00+00:00,2929.0,2929.0,2920.0,2924.5,42140
1900,2025-09-10 16:00:00+00:00,2924.0,2929.0,2912.0,2929.0,32329
1901,2025-09-10 18:00:00+00:00,2928.5,2929.0,2923.0,2924.5,10076
1902,2025-09-10 20:00:00+00:00,2924.5,2928.5,2922.5,2927.5,2147
1903,2025-09-11 02:00:00+00:00,2927.5,2927.5,2927.5,2927.5,40
1904,2025-09-11 04:00:00+00:00,2927.5,2938.5,2927.0,2935.5,10337
1905,2025-09-11 06:00:00+00:00,2934.5,2936.5,2916.5,2918.0,42878
1906,2025-09-11 08:00:00+00:00,2918.0,2919.5,2912.5,2914.0,66642
1907,2025-09-11 10:00:00+00:00,2914.0,2916.5,2901.5,2913.5,81061
1908,2025-09-11 12:00:00+00:00,2913.5,2929.5,2906.0,2910.0,59836
1909,2025-09-11 14:00:00+00:00,2910.0,2926.0,2909.5,2915.5,62051
1910,2025-09-11 16:00:00+00:00,2920.0,2921.0,2913.5,2916.5,15767
1911,2025-09-11 18:00:00+00:00,2916.0,2920.0,2914.5,2919.0,5940
1912,2025-09-11 20:00:00+00:00,2920.0,2923.0,2919.0,2922.5,2205
1913,2025-09-12 02:00:00+00:00,2922.5,2922.5,2922.5,2922.5,45
1914,2025-09-12 04:00:00+00:00,2921.0,2927.0,2918.0,2919.0,7084
1915,2025-09-12 06:00:00+00:00,2920.0,2922.0,2910.5,2912.0,24229
1916,2025-09-12 08:00:00+00:00,2912.5,2920.0,2910.0,2913.0,49776
1917,2025-09-12 10:00:00+00:00,2912.0,2914.5,2895.0,2901.0,118560
1918,2025-09-12 12:00:00+00:00,2901.0,2904.0,2890.5,2895.5,94554
1919,2025-09-12 14:00:00+00:00,2895.5,2904.5,2892.0,2902.0,62940
1920,2025-09-12 16:00:00+00:00,2901.5,2906.0,2896.0,2900.0,50954
1921,2025-09-12 18:00:00+00:00,2900.5,2900.5,2897.5,2898.0,9896
1922,2025-09-12 20:00:00+00:00,2897.5,2900.5,2897.0,2898.5,5784
1923,2025-09-13 06:00:00+00:00,2898.0,2898.0,2898.0,2898.0,239
1924,2025-09-13 08:00:00+00:00,2898.5,2904.0,2898.0,2902.5,3681
1925,2025-09-13 10:00:00+00:00,2902.5,2904.0,2900.0,2902.5,3547
1926,2025-09-13 12:00:00+00:00,2903.0,2905.0,2899.0,2903.5,6430
1927,2025-09-13 14:00:00+00:00,2903.0,2903.5,2896.5,2898.0,8004
1928,2025-09-14 06:00:00+00:00,2898.5,2905.0,2895.5,2901.0,5286
1929,2025-09-14 08:00:00+00:00,2901.0,2901.5,2896.0,2898.5,2766
1930,2025-09-14 10:00:00+00:00,2898.5,2901.5,2896.5,2901.5,8970
1931,2025-09-14 12:00:00+00:00,2901.0,2904.5,2900.5,2902.5,3605
1932,2025-09-14 14:00:00+00:00,2902.5,2909.0,2902.0,2905.0,3906
1933,2025-09-15 02:00:00+00:00,2905.0,2905.0,2905.0,2905.0,24
1934,2025-09-15 04:00:00+00:00,2905.0,2914.5,2900.0,2908.5,11446
1935,2025-09-15 06:00:00+00:00,2908.5,2944.5,2903.0,2930.5,119766
1936,2025-09-15 08:00:00+00:00,2931.0,2935.0,2916.0,2922.5,190276
1937,2025-09-15 10:00:00+00:00,2922.5,2924.0,2892.0,2901.5,163311
1938,2025-09-15 12:00:00+00:00,2901.0,2905.0,2889.0,2889.0,93202
1939,2025-09-15 14:00:00+00:00,2889.0,2896.5,2880.0,2896.5,70393
1940,2025-09-15 16:00:00+00:00,2896.5,2896.5,2892.0,2895.0,12185
1941,2025-09-15 18:00:00+00:00,2894.5,2895.0,2890.0,2891.0,9963
1942,2025-09-15 20:00:00+00:00,2891.0,2896.5,2890.0,2894.0,5395
1943,2025-09-16 02:00:00+00:00,2894.0,2894.0,2894.0,2894.0,11
1944,2025-09-16 04:00:00+00:00,2894.5,2908.0,2894.0,2904.0,25591
1945,2025-09-16 06:00:00+00:00,2903.0,2909.0,2900.0,2905.0,81239
1946,2025-09-16 08:00:00+00:00,2905.5,2906.5,2862.5,2879.5,173060
1947,2025-09-16 10:00:00+00:00,2878.5,2896.5,2872.0,2886.0,85724
1948,2025-09-16 12:00:00+00:00,2886.5,2890.0,2865.0,2881.0,109119
1949,2025-09-16 12:00:00+00:00,2886.5,2890.0,2865.0,2881.0,109119
1950,2025-09-16 14:00:00+00:00,2880.5,2891.0,2865.5,2869.0,106623
1951,2025-09-16 16:00:00+00:00,2870.0,2883.0,2870.0,2881.0,34882
1952,2025-09-16 18:00:00+00:00,2881.5,2888.0,2880.5,2884.0,15293
1953,2025-09-16 20:00:00+00:00,2884.0,2887.0,2882.5,2886.5,5902
1954,2025-09-17 02:00:00+00:00,2889.5,2889.5,2889.5,2889.5,49
1955,2025-09-17 04:00:00+00:00,2888.5,2897.0,2885.0,2887.0,19583
1956,2025-09-17 06:00:00+00:00,2887.5,2887.5,2872.0,2873.5,61584
1957,2025-09-17 08:00:00+00:00,2874.0,2880.0,2866.5,2867.5,82733
1958,2025-09-17 10:00:00+00:00,2867.5,2876.0,2866.5,2874.0,74705
1959,2025-09-17 12:00:00+00:00,2874.0,2886.0,2871.5,2880.5,92287
1960,2025-09-17 14:00:00+00:00,2880.5,2895.0,2871.0,2893.0,101030
1961,2025-09-17 16:00:00+00:00,2894.0,2916.5,2893.5,2909.5,93716
1962,2025-09-17 18:00:00+00:00,2910.0,2923.5,2903.5,2921.5,34307
1963,2025-09-17 20:00:00+00:00,2922.0,2924.0,2919.5,2924.0,8098
1964,2025-09-18 02:00:00+00:00,2925.0,2925.0,2925.0,2925.0,1164
1965,2025-09-18 04:00:00+00:00,2925.5,2929.0,2911.0,2914.0,23191
1966,2025-09-18 06:00:00+00:00,2914.5,2914.5,2901.0,2909.5,75154
1967,2025-09-18 08:00:00+00:00,2909.5,2949.0,2908.5,2942.5,339095
1968,2025-09-18 10:00:00+00:00,2942.5,2952.0,2926.5,2946.5,316110
1969,2025-09-18 12:00:00+00:00,2946.5,2947.0,2920.0,2936.5,303846
1970,2025-09-18 14:00:00+00:00,2937.0,2965.5,2936.0,2959.0,498592
1971,2025-09-18 16:00:00+00:00,2958.5,2958.5,2936.0,2936.5,72656
1972,2025-09-18 18:00:00+00:00,2936.5,2937.0,2919.0,2926.0,75997
1973,2025-09-18 20:00:00+00:00,2925.5,2934.0,2925.5,2930.0,12499
1974,2025-09-19 02:00:00+00:00,2931.0,2931.0,2931.0,2931.0,68
1975,2025-09-19 04:00:00+00:00,2936.0,2949.0,2929.0,2937.0,69140
1976,2025-09-19 06:00:00+00:00,2937.0,2953.0,2921.0,2933.0,104673
1977,2025-09-19 08:00:00+00:00,2933.5,2933.5,2897.0,2911.0,197628
1978,2025-09-19 10:00:00+00:00,2911.0,2925.5,2902.0,2919.0,173321
1979,2025-09-19 12:00:00+00:00,2919.0,2925.0,2902.5,2922.5,143081
1980,2025-09-19 14:00:00+00:00,2922.5,2923.0,2910.0,2914.0,112305
1981,2025-09-19 16:00:00+00:00,2914.0,2915.5,2910.0,2911.5,39286
1982,2025-09-19 18:00:00+00:00,2912.0,2912.5,2910.0,2910.5,17680
1983,2025-09-19 20:00:00+00:00,2910.0,2911.0,2900.5,2906.5,18410
1984,2025-09-22 02:00:00+00:00,2908.0,2908.0,2908.0,2908.0,287
1985,2025-09-22 04:00:00+00:00,2908.0,2915.0,2896.0,2901.5,22414
1986,2025-09-22 06:00:00+00:00,2902.5,2905.0,2874.0,2886.0,83023
1987,2025-09-22 08:00:00+00:00,2886.0,2888.5,2879.0,2879.0,151311
1988,2025-09-22 10:00:00+00:00,2879.5,2896.0,2865.0,2880.0,166967
1989,2025-09-22 12:00:00+00:00,2880.0,2898.0,2879.0,2885.0,71737
1990,2025-09-22 14:00:00+00:00,2885.5,2919.0,2878.0,2910.0,92112
1991,2025-09-22 16:00:00+00:00,2909.5,2918.5,2900.5,2914.0,31125
1992,2025-09-22 18:00:00+00:00,2914.0,2920.0,2911.5,2913.5,16499
1993,2025-09-22 20:00:00+00:00,2914.0,2914.5,2908.0,2911.0,2843
1994,2025-09-23 02:00:00+00:00,2911.0,2911.0,2911.0,2911.0,93
1995,2025-09-23 04:00:00+00:00,2910.0,2920.0,2890.5,2897.5,32916
1996,2025-09-23 06:00:00+00:00,2896.5,2907.0,2894.0,2901.0,51425
1997,2025-09-23 08:00:00+00:00,2901.0,2911.5,2896.5,2911.0,97022
1998,2025-09-23 10:00:00+00:00,2911.0,2917.0,2905.5,2911.0,55516
1999,2025-09-23 12:00:00+00:00,2911.0,2919.5,2905.0,2916.5,58843
2000,2025-09-23 12:00:00+00:00,2911.0,2919.5,2905.0,2916.5,58843
2001,2025-09-23 14:00:00+00:00,2916.5,2918.5,2898.0,2903.0,95244
2002,2025-09-23 16:00:00+00:00,2906.0,2906.0,2894.0,2894.5,27452
2003,2025-09-23 18:00:00+00:00,2895.0,2896.5,2865.0,2865.5,101533
2004,2025-09-23 20:00:00+00:00,2866.0,2879.5,2865.0,2878.5,46639
2005,2025-09-24 02:00:00+00:00,2886.0,2886.0,2886.0,2886.0,623
2006,2025-09-24 04:00:00+00:00,2886.5,2888.5,2873.0,2884.0,28042
2007,2025-09-24 06:00:00+00:00,2884.0,2885.0,2865.5,2869.5,127405
2008,2025-09-24 08:00:00+00:00,2870.0,2880.0,2855.0,2869.0,213318
2009,2025-09-24 10:00:00+00:00,2868.5,2875.5,2856.0,2868.0,98854
2010,2025-09-24 12:00:00+00:00,2868.0,2876.0,2857.0,2860.5,107964
2011,2025-09-24 14:00:00+00:00,2860.5,2863.0,2845.5,2855.0,107561
2012,2025-09-24 16:00:00+00:00,2856.0,2864.0,2855.0,2862.5,31871
2013,2025-09-24 18:00:00+00:00,2862.5,2865.5,2855.0,2864.5,19048
2014,2025-09-24 20:00:00+00:00,2865.0,2867.0,2860.5,2867.0,8567
2015,2025-09-25 02:00:00+00:00,2867.0,2867.0,2867.0,2867.0,219
2016,2025-09-25 04:00:00+00:00,2867.0,2874.5,2863.0,2865.0,17654
2017,2025-09-25 06:00:00+00:00,2865.0,2868.0,2840.0,2842.0,79503
2018,2025-09-25 08:00:00+00:00,2842.0,2848.0,2821.0,2834.5,173722
2019,2025-09-25 10:00:00+00:00,2835.5,2840.5,2825.5,2837.0,76493
2020,2025-09-25 12:00:00+00:00,2837.5,2838.5,2825.5,2825.5,65390
2021,2025-09-25 14:00:00+00:00,2826.0,2830.0,2792.5,2815.5,141823
2022,2025-09-25 16:00:00+00:00,2813.0,2816.5,2781.0,2806.5,87289
2023,2025-09-25 18:00:00+00:00,2806.0,2810.0,2800.5,2807.0,17359
2024,2025-09-25 20:00:00+00:00,2806.5,2809.0,2795.5,2806.0,19484
2025,2025-09-26 02:00:00+00:00,2806.0,2806.0,2806.0,2806.0,37
2026,2025-09-26 04:00:00+00:00,2806.0,2808.0,2760.0,2773.0,66010
2027,2025-09-26 06:00:00+00:00,2773.0,2796.5,2772.0,2774.0,95427
2028,2025-09-26 08:00:00+00:00,2774.0,2803.0,2761.5,2802.5,161648
2029,2025-09-26 10:00:00+00:00,2802.5,2820.0,2791.5,2809.0,114032
2030,2025-09-26 12:00:00+00:00,2809.0,2830.0,2804.0,2818.0,89267
2031,2025-09-26 14:00:00+00:00,2819.0,2830.0,2810.0,2828.5,91158
2032,2025-09-26 16:00:00+00:00,2828.0,2833.0,2822.0,2828.5,27849
2033,2025-09-26 18:00:00+00:00,2827.5,2831.0,2826.5,2828.0,22687
2034,2025-09-26 20:00:00+00:00,2828.5,2828.5,2818.5,2824.0,9207
2035,2025-09-27 06:00:00+00:00,2824.0,2829.5,2819.0,2826.0,2673
2036,2025-09-27 08:00:00+00:00,2826.5,2829.5,2825.0,2828.5,2018
2037,2025-09-27 10:00:00+00:00,2828.5,2833.0,2826.5,2832.5,4126
2038,2025-09-27 12:00:00+00:00,2832.5,2833.0,2830.0,2831.5,2871
2039,2025-09-27 14:00:00+00:00,2831.0,2832.5,2830.0,2831.5,4644
2040,2025-09-28 06:00:00+00:00,2832.0,2833.0,2825.5,2827.0,2310
2041,2025-09-28 08:00:00+00:00,2827.0,2831.0,2821.5,2826.0,3523
2042,2025-09-28 10:00:00+00:00,2824.5,2831.0,2821.0,2829.0,3282
2043,2025-09-28 12:00:00+00:00,2828.5,2831.0,2826.5,2828.0,2213
2044,2025-09-28 14:00:00+00:00,2827.5,2830.0,2823.5,2823.5,3745
2045,2025-09-29 02:00:00+00:00,2827.5,2827.5,2827.5,2827.5,24
2046,2025-09-29 04:00:00+00:00,2827.0,2827.0,2799.0,2808.0,20198
2047,2025-09-29 06:00:00+00:00,2808.5,2814.0,2784.0,2810.0,98588
2048,2025-09-29 08:00:00+00:00,2810.0,2823.0,2808.5,2814.0,94269
2049,2025-09-29 10:00:00+00:00,2814.0,2818.0,2800.0,2813.0,106518
2050,2025-09-29 12:00:00+00:00,2813.0,2813.0,2793.5,2798.5,103986
2051,2025-09-29 14:00:00+00:00,2798.5,2799.0,2755.0,2756.0,188763
2052,2025-09-29 16:00:00+00:00,2756.0,2780.0,2755.0,2766.5,68830
2053,2025-09-29 18:00:00+00:00,2767.0,2772.0,2741.5,2767.5,77248
2054,2025-09-29 20:00:00+00:00,2767.5,2774.0,2765.0,2772.0,7816
2055,2025-09-30 02:00:00+00:00,2772.0,2772.0,2772.0,2772.0,114
2056,2025-09-30 04:00:00+00:00,2772.0,2791.0,2764.5,2787.5,16116
2057,2025-09-30 06:00:00+00:00,2787.5,2787.5,2744.0,2759.0,87828
2058,2025-09-30 08:00:00+00:00,2759.5,2786.0,2743.0,2769.0,141183
2059,2025-09-30 10:00:00+00:00,2769.0,2815.0,2762.0,2789.5,125314
2060,2025-09-30 12:00:00+00:00,2789.0,2849.0,2780.0,2847.0,358776
2061,2025-09-30 12:00:00+00:00,2789.0,2849.0,2780.0,2847.0,358776
2062,2025-09-30 14:00:00+00:00,2848.0,2897.0,2830.0,2882.5,531054
2063,2025-09-30 16:00:00+00:00,2882.0,2883.5,2835.0,2847.5,56369
2064,2025-09-30 18:00:00+00:00,2848.0,2858.5,2842.5,2852.0,35484
2065,2025-09-30 20:00:00+00:00,2852.0,2855.0,2843.5,2849.5,6132
2066,2025-10-01 02:00:00+00:00,2850.0,2850.0,2850.0,2850.0,11
2067,2025-10-01 04:00:00+00:00,2853.0,2874.0,2846.5,2856.5,16791
2068,2025-10-01 06:00:00+00:00,2856.5,2871.5,2805.5,2808.0,106721
2069,2025-10-01 08:00:00+00:00,2808.5,2831.5,2778.5,2784.0,264020
2070,2025-10-01 10:00:00+00:00,2784.0,2871.5,2775.0,2864.5,325867
2071,2025-10-01 12:00:00+00:00,2865.5,2879.0,2839.5,2877.5,380616
2072,2025-10-01 14:00:00+00:00,2876.5,2877.5,2807.5,2831.5,286776
2073,2025-10-01 16:00:00+00:00,2831.5,2832.0,2810.0,2817.5,22160
2074,2025-10-01 18:00:00+00:00,2817.5,2819.0,2808.0,2817.5,24581
2075,2025-10-01 20:00:00+00:00,2817.5,2821.5,2808.0,2815.0,6928
2076,2025-10-02 02:00:00+00:00,2816.0,2816.0,2816.0,2816.0,48
2077,2025-10-02 04:00:00+00:00,2816.0,2826.5,2773.0,2789.5,42844
2078,2025-10-02 06:00:00+00:00,2789.5,2796.0,2759.0,2759.5,228132
2079,2025-10-02 08:00:00+00:00,2759.0,2760.0,2743.0,2750.0,291457
2080,2025-10-02 10:00:00+00:00,2750.0,2800.0,2749.0,2796.5,327862
2081,2025-10-02 12:00:00+00:00,2796.5,2808.5,2768.0,2808.0,263683
2082,2025-10-02 14:00:00+00:00,2808.0,2808.5,2760.0,2760.0,105485
2083,2025-10-02 16:00:00+00:00,2760.0,2770.0,2755.5,2767.0,42363
2084,2025-10-02 18:00:00+00:00,2767.0,2769.0,2751.0,2768.0,40385
2085,2025-10-02 20:00:00+00:00,2767.5,2768.5,2762.0,2765.0,5486
2086,2025-10-03 02:00:00+00:00,2769.5,2769.5,2769.5,2769.5,41
2087,2025-10-03 04:00:00+00:00,2769.5,2770.0,2758.0,2763.5,29603
2088,2025-10-03 06:00:00+00:00,2763.5,2783.0,2758.0,2760.5,96951
2089,2025-10-03 08:00:00+00:00,2761.5,2763.5,2690.0,2694.0,309982
2090,2025-10-03 10:00:00+00:00,2694.5,2695.0,2661.0,2677.0,425235
2091,2025-10-03 12:00:00+00:00,2677.0,2685.0,2653.5,2658.0,320187
2092,2025-10-03 14:00:00+00:00,2659.0,2667.5,2637.0,2654.0,472093
2093,2025-10-03 16:00:00+00:00,2654.0,2659.0,2640.5,2652.5,83405
2094,2025-10-03 18:00:00+00:00,2652.5,2654.5,2645.5,2647.5,50717
2095,2025-10-03 20:00:00+00:00,2647.5,2650.0,2640.0,2645.0,23861
2096,2025-10-04 06:00:00+00:00,2653.0,2654.0,2601.0,2609.5,69112
2097,2025-10-04 08:00:00+00:00,2609.0,2609.5,2580.0,2589.0,86282
2098,2025-10-04 10:00:00+00:00,2589.0,2618.5,2582.0,2618.5,72221
2099,2025-10-04 12:00:00+00:00,2618.5,2630.0,2605.0,2607.5,29987
2100,2025-10-04 14:00:00+00:00,2608.0,2624.0,2605.5,2619.0,14813
2101,2025-10-05 06:00:00+00:00,2621.0,2623.0,2601.0,2611.5,14247
2102,2025-10-05 08:00:00+00:00,2612.5,2613.5,2605.5,2612.5,16906
2103,2025-10-05 10:00:00+00:00,2612.5,2628.0,2611.0,2624.0,17188
2104,2025-10-05 12:00:00+00:00,2624.0,2625.5,2609.0,2617.5,15208
2105,2025-10-05 14:00:00+00:00,2617.5,2626.5,2617.0,2621.5,13366
2106,2025-10-06 02:00:00+00:00,2627.0,2627.0,2627.0,2627.0,159
2107,2025-10-06 04:00:00+00:00,2627.0,2633.0,2620.0,2626.0,35724
2108,2025-10-06 06:00:00+00:00,2626.0,2637.0,2593.5,2633.0,262894
2109,2025-10-06 08:00:00+00:00,2633.0,2647.0,2610.0,2647.0,245334
2110,2025-10-06 10:00:00+00:00,2647.0,2649.5,2600.0,2608.5,206673
2111,2025-10-06 12:00:00+00:00,2608.0,2612.5,2570.0,2590.0,414524
2112,2025-10-06 14:00:00+00:00,2591.0,2595.0,2572.0,2595.0,296508
2113,2025-10-06 16:00:00+00:00,2595.0,2609.0,2586.0,2602.5,120376
2114,2025-10-06 18:00:00+00:00,2602.0,2606.0,2595.5,2604.5,34866
2115,2025-10-06 20:00:00+00:00,2604.0,2605.0,2592.0,2596.0,15391
2116,2025-10-07 02:00:00+00:00,2590.5,2590.5,2590.5,2590.5,400
2117,2025-10-07 04:00:00+00:00,2595.0,2616.0,2579.0,2609.5,60011
2118,2025-10-07 06:00:00+00:00,2609.0,2614.0,2557.5,2559.0,274061
2119,2025-10-07 08:00:00+00:00,2559.5,2607.5,2558.0,2594.0,274912
2120,2025-10-07 10:00:00+00:00,2593.5,2602.5,2580.0,2584.0,190197
2121,2025-10-07 12:00:00+00:00,2584.0,2593.5,2571.5,2583.0,174393
2122,2025-10-07 12:00:00+00:00,2584.0,2593.5,2571.5,2583.0,174393
2123,2025-10-07 14:00:00+00:00,2583.5,2587.0,2573.0,2587.0,133464
2124,2025-10-07 16:00:00+00:00,2586.5,2587.0,2575.5,2583.0,26817
2125,2025-10-07 18:00:00+00:00,2582.5,2585.0,2580.0,2582.0,18389
2126,2025-10-07 20:00:00+00:00,2582.0,2586.5,2580.0,2584.0,10590
2127,2025-10-08 02:00:00+00:00,2585.5,2585.5,2585.5,2585.5,13
2128,2025-10-08 04:00:00+00:00,2587.5,2597.0,2582.5,2589.5,36058
2129,2025-10-08 06:00:00+00:00,2588.0,2596.5,2571.5,2572.0,91725
2130,2025-10-08 08:00:00+00:00,2573.0,2574.0,2492.5,2502.0,804017
2131,2025-10-08 10:00:00+00:00,2502.0,2509.5,2473.5,2482.5,516897
2132,2025-10-08 12:00:00+00:00,2482.5,2491.5,2455.0,2472.5,418764
2133,2025-10-08 14:00:00+00:00,2472.5,2484.5,2455.5,2464.0,274210
2134,2025-10-08 16:00:00+00:00,2465.5,2488.5,2460.5,2473.0,154731
2135,2025-10-08 18:00:00+00:00,2474.0,2484.5,2469.0,2477.5,68090
2136,2025-10-08 20:00:00+00:00,2478.0,2480.0,2472.0,2479.0,15223
2137,2025-10-09 02:00:00+00:00,2487.5,2487.5,2487.5,2487.5,451
2138,2025-10-09 04:00:00+00:00,2487.5,2490.5,2457.5,2467.5,61780
2139,2025-10-09 06:00:00+00:00,2469.5,2470.5,2412.0,2442.0,351024
2140,2025-10-09 08:00:00+00:00,2442.0,2475.0,2401.5,2467.0,434865
2141,2025-10-09 10:00:00+00:00,2467.0,2486.0,2441.0,2465.0,217750
2142,2025-10-09 12:00:00+00:00,2465.0,2497.0,2460.0,2484.5,183379
