,datetime,open,high,low,close,volume,data_status
0,2024-10-08 12:00:00+00:00,85.68,85.83,85.49,85.69,1937672.0,present
1,2024-10-08 14:00:00+00:00,85.69,85.88,85.37,85.74,1768428.0,present
2,2024-10-08 16:00:00+00:00,85.6,85.77,85.52,85.7,766524.0,present
3,2024-10-08 18:00:00+00:00,85.71,85.8,85.5,85.7,565632.0,present
4,2024-10-08 20:00:00+00:00,85.7,85.86,85.61,85.85,610697.0,present
5,2024-10-08 22:00:00+00:00,85.702,85.884,85.528,85.78,1189840.6,interpolated
6,2024-10-09 00:00:00+00:00,85.704,85.908,85.446,85.71,1768984.2,interpolated
7,2024-10-09 02:00:00+00:00,85.706,85.932,85.364,85.64,2348127.8,interpolated
8,2024-10-09 04:00:00+00:00,85.708,85.956,85.282,85.57,2927271.4,interpolated
9,2024-10-09 06:00:00+00:00,85.71,85.98,85.2,85.5,3506415.0,present
10,2024-10-09 08:00:00+00:00,85.5,85.94,85.31,85.52,2994860.0,present
11,2024-10-09 10:00:00+00:00,85.5,86.3,85.13,86.02,5999429.0,present
12,2024-10-09 12:00:00+00:00,86.0,86.1,85.47,85.62,2956005.0,present
13,2024-10-09 14:00:00+00:00,85.63,85.87,85.38,85.43,1501257.0,present
14,2024-10-09 16:00:00+00:00,85.6,85.91,85.46,85.74,1219932.0,present
15,2024-10-09 18:00:00+00:00,85.73,85.8,85.53,85.7,742844.0,present
16,2024-10-09 20:00:00+00:00,85.86571428571429,86.00714285714285,85.69285714285715,85.86714285714287,2082811.0,interpolated
17,2024-10-09 22:00:00+00:00,86.00142857142858,86.21428571428571,85.85571428571428,86.03428571428572,3422778.0,interpolated
18,2024-10-10 00:00:00+00:00,86.13714285714286,86.42142857142856,86.01857142857143,86.20142857142858,4762745.0,interpolated
19,2024-10-10 02:00:00+00:00,86.27285714285715,86.62857142857143,86.18142857142857,86.36857142857143,6102712.0,interpolated
20,2024-10-10 04:00:00+00:00,86.40857142857143,86.83571428571429,86.34428571428572,86.53571428571429,7442679.0,interpolated
21,2024-10-10 06:00:00+00:00,86.54428571428572,87.04285714285714,86.50714285714285,86.70285714285714,8782646.0,interpolated
22,2024-10-10 08:00:00+00:00,86.68,87.25,86.67,86.87,10122613.0,present
23,2024-10-10 10:00:00+00:00,86.88,86.94,86.15,86.4,7592380.0,present
24,2024-10-10 12:00:00+00:00,86.4,86.71,85.9,86.22,5557827.0,present
25,2024-10-10 14:00:00+00:00,86.22,86.51,86.05,86.15,2815563.0,present
26,2024-10-10 16:00:00+00:00,86.19,86.69,86.16,86.56,1728322.0,present
27,2024-10-10 18:00:00+00:00,86.6,86.61,85.96,86.22,2049577.0,present
28,2024-10-10 20:00:00+00:00,86.22,86.4,86.03,86.16,1030516.0,present
29,2024-10-10 22:00:00+00:00,86.212,86.38000000000001,85.98,86.136,1459354.4,interpolated
30,2024-10-11 00:00:00+00:00,86.20400000000001,86.36,85.93,86.112,1888192.7999999998,interpolated
31,2024-10-11 02:00:00+00:00,86.196,86.34,85.88,86.08800000000001,2317031.2,interpolated
32,2024-10-11 04:00:00+00:00,86.188,86.32,85.83,86.06400000000001,2745869.5999999996,interpolated
33,2024-10-11 06:00:00+00:00,86.18,86.3,85.78,86.04,3174708.0,present
34,2024-10-11 08:00:00+00:00,86.02,86.31,85.44,85.7,4454298.0,present
35,2024-10-11 10:00:00+00:00,85.7,85.77,85.2,85.59,3213366.0,present
36,2024-10-11 12:00:00+00:00,85.6,85.95,85.45,85.5,1968999.0,present
37,2024-10-11 14:00:00+00:00,85.5,85.99,85.47,85.95,1825526.0,present
38,2024-10-11 16:00:00+00:00,85.9,86.13,85.76,85.88,1341576.0,present
39,2024-10-11 18:00:00+00:00,85.88,85.93,85.66,85.72,544647.0,present
40,2024-10-11 20:00:00+00:00,85.72,85.72,85.55,85.61,668834.0,present
41,2024-10-11 22:00:00+00:00,85.7151724137931,85.71620689655172,85.51724137931035,85.58379310344827,962618.3793103448,interpolated
42,2024-10-12 00:00:00+00:00,85.71034482758621,85.71241379310345,85.48448275862069,85.55758620689654,1256402.7586206896,interpolated
43,2024-10-12 02:00:00+00:00,85.70551724137931,85.70862068965518,85.45172413793104,85.53137931034483,1550187.1379310344,interpolated
44,2024-10-12 04:00:00+00:00,85.70068965517241,85.70482758620689,85.41896551724138,85.5051724137931,1843971.5172413795,interpolated
45,2024-10-12 06:00:00+00:00,85.69586206896551,85.70103448275862,85.38620689655173,85.47896551724138,2137755.8965517245,interpolated
46,2024-10-12 08:00:00+00:00,85.69103448275862,85.69724137931034,85.35344827586206,85.45275862068965,2431540.275862069,interpolated
47,2024-10-12 10:00:00+00:00,85.68620689655172,85.69344827586207,85.32068965517242,85.42655172413792,2725324.655172414,interpolated
48,2024-10-12 12:00:00+00:00,85.68137931034482,85.6896551724138,85.28793103448275,85.40034482758621,3019109.034482759,interpolated
49,2024-10-12 14:00:00+00:00,85.67655172413792,85.68586206896552,85.2551724137931,85.37413793103448,3312893.413793104,interpolated
50,2024-10-12 16:00:00+00:00,85.67172413793104,85.68206896551725,85.22241379310344,85.34793103448276,3606677.7931034486,interpolated
51,2024-10-12 18:00:00+00:00,85.66689655172414,85.67827586206896,85.1896551724138,85.32172413793103,3900462.1724137934,interpolated
52,2024-10-12 20:00:00+00:00,85.66206896551724,85.67448275862068,85.15689655172413,85.2955172413793,4194246.551724138,interpolated
53,2024-10-12 22:00:00+00:00,85.65724137931035,85.67068965517241,85.12413793103448,85.26931034482759,4488030.931034483,interpolated
54,2024-10-13 00:00:00+00:00,85.65241379310345,85.66689655172414,85.09137931034482,85.24310344827586,4781815.310344828,interpolated
55,2024-10-13 02:00:00+00:00,85.64758620689655,85.66310344827586,85.05862068965517,85.21689655172413,5075599.689655173,interpolated
56,2024-10-13 04:00:00+00:00,85.64275862068965,85.65931034482759,85.02586206896551,85.1906896551724,5369384.068965518,interpolated
57,2024-10-13 06:00:00+00:00,85.63793103448276,85.65551724137931,84.99310344827586,85.1644827586207,5663168.448275862,interpolated
58,2024-10-13 08:00:00+00:00,85.63310344827586,85.65172413793104,84.9603448275862,85.13827586206897,5956952.827586208,interpolated
59,2024-10-13 10:00:00+00:00,85.62827586206896,85.64793103448275,84.92758620689655,85.11206896551724,6250737.206896552,interpolated
60,2024-10-13 12:00:00+00:00,85.62344827586207,85.64413793103448,84.89482758620689,85.08586206896551,6544521.586206897,interpolated
61,2024-10-13 14:00:00+00:00,85.61862068965517,85.6403448275862,84.86206896551724,85.05965517241378,6838305.9655172415,interpolated
62,2024-10-13 16:00:00+00:00,85.61379310344827,85.63655172413793,84.82931034482758,85.03344827586207,7132090.344827587,interpolated
63,2024-10-13 18:00:00+00:00,85.60896551724137,85.63275862068966,84.79655172413793,85.00724137931034,7425874.724137931,interpolated
64,2024-10-13 20:00:00+00:00,85.60413793103449,85.62896551724138,84.76379310344826,84.98103448275862,7719659.103448276,interpolated
65,2024-10-13 22:00:00+00:00,85.59931034482759,85.62517241379311,84.73103448275862,84.95482758620689,8013443.482758622,interpolated
66,2024-10-14 00:00:00+00:00,85.59448275862069,85.62137931034482,84.69827586206895,84.92862068965516,8307227.862068966,interpolated
67,2024-10-14 02:00:00+00:00,85.58965517241379,85.61758620689655,84.6655172413793,84.90241379310345,8601012.241379311,interpolated
68,2024-10-14 04:00:00+00:00,85.5848275862069,85.61379310344827,84.63275862068964,84.87620689655172,8894796.620689657,interpolated
69,2024-10-14 06:00:00+00:00,85.58,85.61,84.6,84.85,9188581.0,present
70,2024-10-14 08:00:00+00:00,84.85,85.3,84.71,85.07,4508233.0,present
71,2024-10-14 10:00:00+00:00,85.07,86.69,84.96,86.5,8763748.0,present
72,2024-10-14 12:00:00+00:00,86.5,86.85,86.22,86.7,3758797.0,present
73,2024-10-14 14:00:00+00:00,86.71,86.99,86.31,86.5,2786165.0,present
74,2024-10-14 16:00:00+00:00,86.4,86.53,86.08,86.46,1649116.0,present
75,2024-10-14 18:00:00+00:00,86.46,86.65,86.36,86.64,826395.0,present
76,2024-10-14 20:00:00+00:00,86.64,86.86,86.59,86.7,677447.0,present
77,2024-10-14 22:00:00+00:00,86.61,86.906,86.514,86.71600000000001,1305624.6,interpolated
78,2024-10-15 00:00:00+00:00,86.58,86.952,86.438,86.732,1933802.2,interpolated
79,2024-10-15 02:00:00+00:00,86.55,86.998,86.362,86.748,2561979.8,interpolated
80,2024-10-15 04:00:00+00:00,86.52,87.044,86.286,86.764,3190157.4,interpolated
81,2024-10-15 06:00:00+00:00,86.49,87.09,86.21,86.78,3818335.0,present
82,2024-10-15 08:00:00+00:00,86.78,87.17,86.51,86.77,3537752.0,present
83,2024-10-15 10:00:00+00:00,86.79,87.07,86.43,87.03,2161982.0,present
84,2024-10-15 12:00:00+00:00,87.03,87.16,86.3,86.56,4092420.0,present
85,2024-10-15 12:00:00+00:00,87.03,87.16,86.3,86.56,4092420.0,present
86,2024-10-15 14:00:00+00:00,86.56,86.94,86.49,86.94,2052010.0,present
87,2024-10-15 16:00:00+00:00,86.87,87.0,86.78,86.82,966217.0,present
88,2024-10-15 18:00:00+00:00,86.81,86.89,86.56,86.82,763741.0,present
89,2024-10-15 20:00:00+00:00,86.83,86.84,86.59,86.67,434743.0,present
90,2024-10-15 22:00:00+00:00,86.824,86.99600000000001,86.61200000000001,86.834,1213754.0,interpolated
91,2024-10-16 00:00:00+00:00,86.818,87.152,86.634,86.998,1992765.0,interpolated
92,2024-10-16 02:00:00+00:00,86.812,87.308,86.656,87.16199999999999,2771776.0,interpolated
93,2024-10-16 04:00:00+00:00,86.806,87.464,86.678,87.326,3550787.0,interpolated
94,2024-10-16 06:00:00+00:00,86.8,87.62,86.7,87.49,4329798.0,present
95,2024-10-16 08:00:00+00:00,87.49,87.5,86.31,86.47,7286649.0,present
96,2024-10-16 10:00:00+00:00,86.46,86.75,86.26,86.38,3242576.0,present
97,2024-10-16 12:00:00+00:00,86.36,86.59,85.82,86.02,3036674.0,present
98,2024-10-16 14:00:00+00:00,86.0,86.25,85.7,85.7,2206814.0,present
99,2024-10-16 16:00:00+00:00,85.88,86.09,85.77,85.9,650024.0,present
100,2024-10-16 18:00:00+00:00,85.91,86.19,85.0,86.04,2386245.0,present
101,2024-10-16 20:00:00+00:00,86.05,86.06,85.64,85.82,441364.0,present
102,2024-10-16 22:00:00+00:00,85.996,86.062,85.602,85.80799999999999,869240.4,interpolated
103,2024-10-17 00:00:00+00:00,85.942,86.064,85.56400000000001,85.79599999999999,1297116.8,interpolated
104,2024-10-17 02:00:00+00:00,85.888,86.066,85.526,85.784,1724993.2,interpolated
105,2024-10-17 04:00:00+00:00,85.834,86.068,85.488,85.772,2152869.6,interpolated
106,2024-10-17 06:00:00+00:00,85.78,86.07,85.45,85.76,2580746.0,present
107,2024-10-17 08:00:00+00:00,85.76,85.9,85.12,85.26,3243199.0,present
108,2024-10-17 10:00:00+00:00,85.25,85.61,85.17,85.39,1965151.0,present
109,2024-10-17 12:00:00+00:00,85.39,85.73,85.33,85.5,1403285.0,present
110,2024-10-17 14:00:00+00:00,85.49,85.72,85.17,85.17,1478693.0,present
111,2024-10-17 16:00:00+00:00,85.18,85.28,84.9,84.94,2179475.0,present
112,2024-10-17 18:00:00+00:00,84.95,85.07,84.8,85.03,1496124.0,present
113,2024-10-17 20:00:00+00:00,85.02,85.13,84.85,85.09,696090.0,present
114,2024-10-17 22:00:00+00:00,84.978,85.16,84.74,85.024,1824826.5999999999,interpolated
115,2024-10-18 00:00:00+00:00,84.93599999999999,85.19,84.63,84.958,2953563.1999999997,interpolated
116,2024-10-18 02:00:00+00:00,84.894,85.22,84.52,84.89200000000001,4082299.8,interpolated
117,2024-10-18 04:00:00+00:00,84.852,85.25,84.41,84.82600000000001,5211036.399999999,interpolated
118,2024-10-18 06:00:00+00:00,84.81,85.28,84.3,84.76,6339773.0,present
119,2024-10-18 08:00:00+00:00,84.77,85.4,84.62,84.87,3437669.0,present
120,2024-10-18 10:00:00+00:00,84.87,84.9,84.15,84.37,5805647.0,present
121,2024-10-18 12:00:00+00:00,84.39,84.67,84.01,84.1,4576920.0,present
122,2024-10-18 14:00:00+00:00,84.1,84.99,84.05,84.63,4729078.0,present
123,2024-10-18 16:00:00+00:00,84.7,84.9,84.66,84.8,1206933.0,present
124,2024-10-18 18:00:00+00:00,84.8,84.88,84.66,84.71,910228.0,present
125,2024-10-18 20:00:00+00:00,84.7,84.85,84.7,84.84,459646.0,present
126,2024-10-18 22:00:00+00:00,84.70965517241379,84.86241379310344,84.69689655172414,84.84310344827587,557046.7931034482,interpolated
127,2024-10-19 00:00:00+00:00,84.71931034482759,84.87482758620689,84.69379310344827,84.84620689655173,654447.5862068966,interpolated
128,2024-10-19 02:00:00+00:00,84.72896551724138,84.88724137931034,84.69068965517242,84.84931034482759,751848.3793103448,interpolated
129,2024-10-19 04:00:00+00:00,84.73862068965518,84.89965517241379,84.68758620689655,84.85241379310345,849249.1724137932,interpolated
130,2024-10-19 06:00:00+00:00,84.74827586206897,84.91206896551724,84.68448275862069,84.85551724137932,946649.9655172414,interpolated
131,2024-10-19 08:00:00+00:00,84.75793103448277,84.92448275862068,84.68137931034482,84.85862068965518,1044050.7586206896,interpolated
132,2024-10-19 10:00:00+00:00,84.76758620689655,84.93689655172413,84.67827586206897,84.86172413793103,1141451.551724138,interpolated
133,2024-10-19 12:00:00+00:00,84.77724137931035,84.94931034482758,84.6751724137931,84.8648275862069,1238852.3448275863,interpolated
134,2024-10-19 14:00:00+00:00,84.78689655172414,84.96172413793103,84.67206896551724,84.86793103448277,1336253.1379310344,interpolated
135,2024-10-19 16:00:00+00:00,84.79655172413793,84.97413793103448,84.66896551724138,84.87103448275863,1433653.9310344828,interpolated
136,2024-10-19 18:00:00+00:00,84.80620689655173,84.98655172413793,84.66586206896552,84.87413793103448,1531054.7241379311,interpolated
137,2024-10-19 20:00:00+00:00,84.81586206896552,84.99896551724137,84.66275862068966,84.87724137931035,1628455.5172413792,interpolated
138,2024-10-19 22:00:00+00:00,84.82551724137932,85.01137931034482,84.65965517241379,84.88034482758621,1725856.3103448276,interpolated
139,2024-10-20 00:00:00+00:00,84.8351724137931,85.02379310344827,84.65655172413793,84.88344827586208,1823257.103448276,interpolated
140,2024-10-20 02:00:00+00:00,84.8448275862069,85.03620689655172,84.65344827586208,84.88655172413793,1920657.896551724,interpolated
141,2024-10-20 04:00:00+00:00,84.85448275862069,85.04862068965517,84.65034482758621,84.8896551724138,2018058.6896551724,interpolated
142,2024-10-20 06:00:00+00:00,84.86413793103449,85.06103448275861,84.64724137931034,84.89275862068966,2115459.4827586208,interpolated
143,2024-10-20 08:00:00+00:00,84.87379310344828,85.07344827586206,84.64413793103448,84.89586206896553,2212860.275862069,interpolated
144,2024-10-20 10:00:00+00:00,84.88344827586208,85.08586206896551,84.64103448275863,84.89896551724138,2310261.068965517,interpolated
145,2024-10-20 12:00:00+00:00,84.89310344827587,85.09827586206896,84.63793103448276,84.90206896551724,2407661.8620689656,interpolated
146,2024-10-20 14:00:00+00:00,84.90275862068965,85.11068965517241,84.6348275862069,84.90517241379311,2505062.6551724137,interpolated
147,2024-10-20 16:00:00+00:00,84.91241379310345,85.12310344827586,84.63172413793103,84.90827586206898,2602463.4482758623,interpolated
148,2024-10-20 18:00:00+00:00,84.92206896551724,85.1355172413793,84.62862068965518,84.91137931034483,2699864.2413793104,interpolated
149,2024-10-20 20:00:00+00:00,84.93172413793104,85.14793103448275,84.62551724137931,84.9144827586207,2797265.0344827585,interpolated
150,2024-10-20 22:00:00+00:00,84.94137931034483,85.1603448275862,84.62241379310345,84.91758620689656,2894665.827586207,interpolated
151,2024-10-21 00:00:00+00:00,84.95103448275863,85.17275862068965,84.61931034482758,84.92068965517242,2992066.620689655,interpolated
152,2024-10-21 02:00:00+00:00,84.96068965517242,85.1851724137931,84.61620689655173,84.92379310344828,3089467.4137931033,interpolated
153,2024-10-21 04:00:00+00:00,84.97034482758622,85.19758620689655,84.61310344827587,84.92689655172414,3186868.206896552,interpolated
154,2024-10-21 06:00:00+00:00,84.98,85.21,84.61,84.93,3284269.0,present
155,2024-10-21 08:00:00+00:00,84.93,85.1,84.42,84.98,3323606.0,present
156,2024-10-21 10:00:00+00:00,84.99,85.13,84.66,84.74,1943026.0,present
157,2024-10-21 12:00:00+00:00,84.75,85.1,84.73,84.99,1128902.0,present
158,2024-10-21 14:00:00+00:00,84.98,85.0,84.51,84.74,1791456.0,present
159,2024-10-21 16:00:00+00:00,84.74,84.76,84.58,84.67,337512.0,present
160,2024-10-21 18:00:00+00:00,84.69,84.79,84.6,84.73,312412.0,present
161,2024-10-21 20:00:00+00:00,84.74,84.76,84.68,84.71,133599.0,present
162,2024-10-21 22:00:00+00:00,84.722,84.75200000000001,84.592,84.664,390507.80000000005,interpolated
163,2024-10-22 00:00:00+00:00,84.704,84.744,84.504,84.618,647416.6000000001,interpolated
164,2024-10-22 02:00:00+00:00,84.686,84.736,84.416,84.572,904325.4,interpolated
165,2024-10-22 04:00:00+00:00,84.668,84.728,84.328,84.526,1161234.2000000002,interpolated
166,2024-10-22 06:00:00+00:00,84.65,84.72,84.24,84.48,1418143.0,present
167,2024-10-22 08:00:00+00:00,84.48,85.1,84.3,84.98,2637128.0,present
168,2024-10-22 10:00:00+00:00,84.98,85.04,84.43,84.56,2054585.0,present
169,2024-10-22 12:00:00+00:00,84.56,84.66,84.06,84.16,2719663.0,present
170,2024-10-22 12:00:00+00:00,84.56,84.66,84.06,84.16,2719663.0,present
171,2024-10-22 14:00:00+00:00,84.17,84.3,83.65,83.94,5125595.0,present
172,2024-10-22 16:00:00+00:00,83.94,83.95,83.63,83.76,1387044.0,present
173,2024-10-22 18:00:00+00:00,83.76,83.8,83.61,83.68,684637.0,present
174,2024-10-22 20:00:00+00:00,83.66,83.67,83.45,83.58,790323.0,present
175,2024-10-22 22:00:00+00:00,83.61,83.632,83.282,83.41,2337115.4000000004,interpolated
176,2024-10-23 00:00:00+00:00,83.56,83.59400000000001,83.114,83.24,3883907.8000000003,interpolated
177,2024-10-23 02:00:00+00:00,83.50999999999999,83.556,82.946,83.07000000000001,5430700.2,interpolated
178,2024-10-23 04:00:00+00:00,83.46,83.518,82.778,82.9,6977492.600000001,interpolated
179,2024-10-23 06:00:00+00:00,83.41,83.48,82.61,82.73,8524285.0,present
180,2024-10-23 08:00:00+00:00,82.72,83.4,82.57,82.95,4853186.0,present
181,2024-10-23 10:00:00+00:00,82.96,83.44,82.83,82.84,2209265.0,present
182,2024-10-23 12:00:00+00:00,82.84,84.98,82.83,83.7,10697511.0,present
183,2024-10-23 14:00:00+00:00,83.68,84.21,83.46,84.21,3309916.0,present
184,2024-10-23 16:00:00+00:00,84.0,84.1,82.74,82.77,3571511.0,present
185,2024-10-23 18:00:00+00:00,82.76,82.82,82.1,82.33,4401599.0,present
186,2024-10-23 20:00:00+00:00,82.33,82.33,81.84,82.22,1832829.0,present
187,2024-10-23 22:00:00+00:00,82.344,82.444,81.854,82.188,2595520.6,interpolated
188,2024-10-24 00:00:00+00:00,82.358,82.558,81.868,82.156,3358212.2,interpolated
189,2024-10-24 02:00:00+00:00,82.372,82.672,81.882,82.124,4120903.8000000003,interpolated
190,2024-10-24 04:00:00+00:00,82.38600000000001,82.786,81.896,82.092,4883595.4,interpolated
191,2024-10-24 06:00:00+00:00,82.4,82.9,81.91,82.06,5646287.0,present
192,2024-10-24 08:00:00+00:00,82.05,82.47,81.2,81.61,6083521.0,present
193,2024-10-24 10:00:00+00:00,81.61,82.29,81.32,82.23,2773130.0,present
194,2024-10-24 12:00:00+00:00,82.23,82.35,81.67,82.34,2024547.0,present
195,2024-10-24 14:00:00+00:00,82.34,82.73,82.21,82.26,2261900.0,present
196,2024-10-24 16:00:00+00:00,82.26,82.6,82.26,82.39,999887.0,present
197,2024-10-24 18:00:00+00:00,82.38,82.44,82.26,82.39,473925.0,present
198,2024-10-24 20:00:00+00:00,82.39,82.75,82.37,82.64,781555.0,present
199,2024-10-24 22:00:00+00:00,82.444,82.754,82.35000000000001,82.6,966934.8,interpolated
200,2024-10-25 00:00:00+00:00,82.498,82.758,82.33,82.56,1152314.6,interpolated
201,2024-10-25 02:00:00+00:00,82.55199999999999,82.762,82.31,82.52,1337694.4,interpolated
202,2024-10-25 04:00:00+00:00,82.606,82.76599999999999,82.28999999999999,82.48,1523074.2000000002,interpolated
203,2024-10-25 06:00:00+00:00,82.66,82.77,82.27,82.44,1708454.0,present
204,2024-10-25 08:00:00+00:00,82.44,83.22,82.4,82.65,4274963.0,present
205,2024-10-25 10:00:00+00:00,82.64,83.3,81.5,81.79,10751887.0,present
206,2024-10-25 12:00:00+00:00,81.42,81.94,80.58500000000001,80.875,9589809.0,interpolated
207,2024-10-25 14:00:00+00:00,80.2,80.58,79.67,79.96,8427731.0,present
208,2024-10-25 16:00:00+00:00,79.97,80.2,79.78,80.07,2697315.0,present
209,2024-10-25 18:00:00+00:00,80.06,80.24,79.88,80.02,1596000.0,present
210,2024-10-25 20:00:00+00:00,80.02,80.02,79.8,79.89,893163.0,present
211,2024-10-25 22:00:00+00:00,79.99,80.01137931034482,79.76551724137931,79.87413793103448,1133766.896551724,interpolated
212,2024-10-26 00:00:00+00:00,79.96,80.00275862068965,79.73103448275862,79.85827586206896,1374370.793103448,interpolated
213,2024-10-26 02:00:00+00:00,79.92999999999999,79.99413793103447,79.69655172413793,79.84241379310345,1614974.6896551724,interpolated
214,2024-10-26 04:00:00+00:00,79.89999999999999,79.98551724137931,79.66206896551724,79.82655172413793,1855578.5862068965,interpolated
215,2024-10-26 06:00:00+00:00,79.87,79.97689655172414,79.62758620689655,79.81068965517241,2096182.4827586205,interpolated
216,2024-10-26 08:00:00+00:00,79.84,79.96827586206896,79.59310344827585,79.79482758620689,2336786.379310345,interpolated
217,2024-10-26 10:00:00+00:00,79.81,79.95965517241379,79.55862068965517,79.77896551724137,2577390.275862069,interpolated
218,2024-10-26 12:00:00+00:00,79.78,79.95103448275862,79.52413793103447,79.76310344827587,2817994.172413793,interpolated
219,2024-10-26 14:00:00+00:00,79.75,79.94241379310344,79.48965517241379,79.74724137931035,3058598.068965517,interpolated
220,2024-10-26 16:00:00+00:00,79.72,79.93379310344827,79.45517241379311,79.73137931034483,3299201.965517241,interpolated
221,2024-10-26 18:00:00+00:00,79.69,79.9251724137931,79.42068965517241,79.71551724137932,3539805.8620689656,interpolated
222,2024-10-26 20:00:00+00:00,79.66,79.91655172413793,79.38620689655173,79.6996551724138,3780409.7586206896,interpolated
223,2024-10-26 22:00:00+00:00,79.63,79.90793103448276,79.35172413793103,79.68379310344828,4021013.6551724137,interpolated
224,2024-10-27 00:00:00+00:00,79.6,79.89931034482758,79.31724137931035,79.66793103448276,4261617.551724138,interpolated
225,2024-10-27 02:00:00+00:00,79.57000000000001,79.89068965517241,79.28275862068965,79.65206896551724,4502221.448275862,interpolated
226,2024-10-27 04:00:00+00:00,79.54,79.88206896551723,79.24827586206897,79.63620689655173,4742825.344827586,interpolated
227,2024-10-27 06:00:00+00:00,79.51,79.87344827586206,79.21379310344827,79.62034482758621,4983429.241379309,interpolated
228,2024-10-27 08:00:00+00:00,79.48,79.86482758620689,79.17931034482758,79.60448275862069,5224033.137931034,interpolated
229,2024-10-27 10:00:00+00:00,79.45,79.85620689655173,79.14482758620689,79.58862068965517,5464637.0344827585,interpolated
230,2024-10-27 12:00:00+00:00,79.42,79.84758620689655,79.1103448275862,79.57275862068965,5705240.931034482,interpolated
231,2024-10-27 14:00:00+00:00,79.39,79.83896551724138,79.07586206896552,79.55689655172414,5945844.827586207,interpolated
232,2024-10-27 16:00:00+00:00,79.36,79.8303448275862,79.04137931034482,79.54103448275863,6186448.724137931,interpolated
233,2024-10-27 18:00:00+00:00,79.33,79.82172413793103,79.00689655172414,79.52517241379311,6427052.620689655,interpolated
234,2024-10-27 20:00:00+00:00,79.3,79.81310344827585,78.97241379310344,79.5093103448276,6667656.517241379,interpolated
235,2024-10-27 22:00:00+00:00,79.27000000000001,79.80448275862068,78.93793103448276,79.49344827586208,6908260.413793103,interpolated
236,2024-10-28 00:00:00+00:00,79.24000000000001,79.79586206896552,78.90344827586206,79.47758620689656,7148864.310344827,interpolated
237,2024-10-28 02:00:00+00:00,79.21000000000001,79.78724137931034,78.86896551724138,79.46172413793104,7389468.206896551,interpolated
238,2024-10-28 04:00:00+00:00,79.18,79.77862068965517,78.83448275862068,79.44586206896552,7630072.1034482755,interpolated
239,2024-10-28 06:00:00+00:00,79.15,79.77,78.8,79.43,7870676.0,present
240,2024-10-28 08:00:00+00:00,79.41,80.19,79.3,79.45,5917666.0,present
241,2024-10-28 10:00:00+00:00,79.45,79.78,78.86,78.94,5251361.0,present
242,2024-10-28 12:00:00+00:00,78.93,79.21,78.29,78.36,7485782.0,present
243,2024-10-28 14:00:00+00:00,77.83000000000001,78.07,76.725,77.245,8754664.0,interpolated
244,2024-10-28 16:00:00+00:00,76.73,76.93,75.16,76.13,10023546.0,present
245,2024-10-28 18:00:00+00:00,76.11,76.16,75.63,76.0,1760141.0,present
246,2024-10-28 20:00:00+00:00,76.0,76.27,75.99,76.2,618767.0,present
247,2024-10-28 22:00:00+00:00,76.066,76.41799999999999,75.996,76.3,1473177.6,interpolated
248,2024-10-29 00:00:00+00:00,76.132,76.566,76.002,76.4,2327588.2,interpolated
249,2024-10-29 02:00:00+00:00,76.198,76.714,76.008,76.5,3181998.8000000003,interpolated
250,2024-10-29 04:00:00+00:00,76.264,76.86200000000001,76.014,76.60000000000001,4036409.4,interpolated
251,2024-10-29 06:00:00+00:00,76.33,77.01,76.02,76.7,4890820.0,present
252,2024-10-29 08:00:00+00:00,76.69,76.76,74.9,75.91,10547290.0,present
253,2024-10-29 10:00:00+00:00,75.92,76.92,75.5,76.82,4178235.0,present
254,2024-10-29 12:00:00+00:00,76.82,77.33,76.54,77.04,4683017.0,present
255,2024-10-29 12:00:00+00:00,76.82,77.33,76.54,77.04,4683017.0,present
256,2024-10-29 14:00:00+00:00,77.04,77.54,76.78,76.95,3643207.0,present
257,2024-10-29 16:00:00+00:00,76.97,78.0,76.93,77.77,3009737.0,present
258,2024-10-29 18:00:00+00:00,77.78,78.08,77.4,77.5,1881348.0,present
259,2024-10-29 20:00:00+00:00,77.49,77.5,77.14,77.45,564599.0,present
260,2024-10-29 22:00:00+00:00,77.50399999999999,77.658,77.146,77.59400000000001,1248617.0,interpolated
261,2024-10-30 00:00:00+00:00,77.518,77.816,77.152,77.738,1932635.0,interpolated
262,2024-10-30 02:00:00+00:00,77.532,77.974,77.158,77.882,2616653.0,interpolated
263,2024-10-30 04:00:00+00:00,77.546,78.132,77.164,78.026,3300671.0,interpolated
264,2024-10-30 06:00:00+00:00,77.56,78.29,77.17,78.17,3984689.0,present
265,2024-10-30 08:00:00+00:00,78.17,78.42,77.61,77.84,4519570.0,present
266,2024-10-30 10:00:00+00:00,77.84,77.88,76.83,76.93,3279799.0,present
267,2024-10-30 12:00:00+00:00,76.93,77.31,76.63,77.19,2689543.0,present
268,2024-10-30 14:00:00+00:00,77.18,78.24,77.12,77.87,5431914.0,present
269,2024-10-30 16:00:00+00:00,77.69,77.75,76.83,76.9,3826861.0,present
270,2024-10-30 18:00:00+00:00,76.9,77.06,76.0,76.25,2932052.0,present
271,2024-10-30 20:00:00+00:00,76.25,76.45,76.02,76.19,994350.0,present
272,2024-10-30 22:00:00+00:00,76.182,76.45400000000001,75.978,76.17999999999999,1574617.4,interpolated
273,2024-10-31 00:00:00+00:00,76.114,76.458,75.93599999999999,76.17,2154884.8,interpolated
274,2024-10-31 02:00:00+00:00,76.04599999999999,76.462,75.894,76.16,2735152.2,interpolated
275,2024-10-31 04:00:00+00:00,75.978,76.466,75.852,76.15,3315419.6,interpolated
276,2024-10-31 06:00:00+00:00,75.91,76.47,75.81,76.14,3895687.0,present
277,2024-10-31 08:00:00+00:00,76.14,76.34,74.73,75.48,6910938.0,present
278,2024-10-31 10:00:00+00:00,75.48,76.33,75.23,76.22,5052063.0,present
279,2024-10-31 12:00:00+00:00,76.23,76.33,75.22,75.34,2659095.0,present
280,2024-10-31 14:00:00+00:00,75.34,75.76,74.9,75.14,3570814.0,present
281,2024-10-31 16:00:00+00:00,75.06,75.22,74.74,74.89,2557410.0,present
282,2024-10-31 18:00:00+00:00,74.87,75.42,74.86,75.28,1363084.0,present
283,2024-10-31 20:00:00+00:00,75.28,75.38,75.03,75.25,544329.0,present
284,2024-10-31 22:00:00+00:00,75.274,75.42399999999999,74.984,75.222,984298.6000000001,interpolated
285,2024-11-01 00:00:00+00:00,75.268,75.46799999999999,74.938,75.194,1424268.2000000002,interpolated
286,2024-11-01 02:00:00+00:00,75.262,75.512,74.892,75.166,1864237.8,interpolated
287,2024-11-01 04:00:00+00:00,75.256,75.556,74.846,75.138,2304207.4000000004,interpolated
288,2024-11-01 06:00:00+00:00,75.25,75.6,74.8,75.11,2744177.0,present
289,2024-11-01 08:00:00+00:00,75.1,75.5,74.53,74.88,4963217.0,present
290,2024-11-01 10:00:00+00:00,74.87,75.59,74.84,75.31,2552073.0,present
291,2024-11-01 12:00:00+00:00,75.31,76.08,75.02,75.73,2881932.0,present
292,2024-11-01 14:00:00+00:00,75.72,76.7,75.66,76.24,4453704.0,present
293,2024-11-01 16:00:00+00:00,76.24,76.7,76.24,76.49,1865253.0,present
294,2024-11-01 18:00:00+00:00,76.48,76.64,76.27,76.63,1094457.0,present
295,2024-11-01 20:00:00+00:00,76.62,76.85,76.46,76.62,736222.0,present
296,2024-11-01 22:00:00+00:00,76.62,76.85,76.452,76.65,887703.6,interpolated
297,2024-11-02 00:00:00+00:00,76.62,76.85,76.444,76.68,1039185.2,interpolated
298,2024-11-02 02:00:00+00:00,76.62,76.85,76.43599999999999,76.71,1190666.8,interpolated
299,2024-11-02 04:00:00+00:00,76.62,76.85,76.428,76.74,1342148.4,interpolated
300,2024-11-02 06:00:00+00:00,76.62,76.85,76.42,76.77,1493630.0,present
301,2024-11-02 08:00:00+00:00,76.78,76.79,76.49,76.54,1002240.0,present
302,2024-11-02 10:00:00+00:00,76.52,77.2,76.5,76.99,1936851.0,present
303,2024-11-02 12:00:00+00:00,76.97,77.44,76.85,77.21,2380189.0,present
304,2024-11-02 14:00:00+00:00,77.22,77.28,76.48,76.82,1504818.0,present
305,2024-11-02 16:00:00+00:00,76.82,76.82,76.68,76.81,386528.0,present
306,2024-11-02 18:00:00+00:00,76.81,77.09,76.79,77.08,615712.0,present
307,2024-11-02 20:00:00+00:00,77.08,77.27,77.07,77.12,552743.0,present
308,2024-11-02 22:00:00+00:00,77.10103448275862,77.28931034482758,77.07310344827586,77.12551724137931,635221.2413793104,interpolated
309,2024-11-03 00:00:00+00:00,77.12206896551724,77.30862068965517,77.07620689655172,77.13103448275862,717699.4827586208,interpolated
310,2024-11-03 02:00:00+00:00,77.14310344827587,77.32793103448276,77.07931034482758,77.13655172413793,800177.724137931,interpolated
311,2024-11-03 04:00:00+00:00,77.16413793103447,77.34724137931035,77.08241379310344,77.14206896551724,882655.9655172414,interpolated
312,2024-11-03 06:00:00+00:00,77.1851724137931,77.36655172413792,77.0855172413793,77.14758620689656,965134.2068965518,interpolated
313,2024-11-03 08:00:00+00:00,77.20620689655172,77.38586206896551,77.08862068965517,77.15310344827587,1047612.448275862,interpolated
314,2024-11-03 10:00:00+00:00,77.22724137931034,77.4051724137931,77.09172413793102,77.15862068965518,1130090.6896551724,interpolated
315,2024-11-03 12:00:00+00:00,77.24827586206897,77.42448275862068,77.09482758620689,77.16413793103449,1212568.9310344828,interpolated
316,2024-11-03 14:00:00+00:00,77.26931034482759,77.44379310344827,77.09793103448276,77.1696551724138,1295047.1724137932,interpolated
317,2024-11-03 16:00:00+00:00,77.29034482758621,77.46310344827586,77.10103448275862,77.1751724137931,1377525.4137931035,interpolated
318,2024-11-03 18:00:00+00:00,77.31137931034482,77.48241379310345,77.10413793103447,77.18068965517242,1460003.655172414,interpolated
319,2024-11-03 20:00:00+00:00,77.33241379310344,77.50172413793103,77.10724137931034,77.18620689655172,1542481.896551724,interpolated
320,2024-11-03 22:00:00+00:00,77.35344827586206,77.52103448275862,77.1103448275862,77.19172413793103,1624960.1379310347,interpolated
321,2024-11-04 00:00:00+00:00,77.37448275862069,77.54034482758621,77.11344827586207,77.19724137931034,1707438.3793103448,interpolated
322,2024-11-04 02:00:00+00:00,77.39551724137931,77.55965517241378,77.11655172413792,77.20275862068966,1789916.6206896552,interpolated
323,2024-11-04 04:00:00+00:00,77.41655172413793,77.57896551724137,77.11965517241379,77.20827586206897,1872394.8620689656,interpolated
324,2024-11-04 06:00:00+00:00,77.43758620689655,77.59827586206896,77.12275862068965,77.21379310344828,1954873.103448276,interpolated
325,2024-11-04 08:00:00+00:00,77.45862068965518,77.61758620689655,77.12586206896552,77.21931034482759,2037351.3448275863,interpolated
326,2024-11-04 10:00:00+00:00,77.47965517241379,77.63689655172413,77.12896551724137,77.2248275862069,2119829.5862068967,interpolated
327,2024-11-04 12:00:00+00:00,77.50068965517241,77.65620689655172,77.13206896551723,77.23034482758621,2202307.827586207,interpolated
328,2024-11-04 14:00:00+00:00,77.52172413793103,77.67551724137931,77.1351724137931,77.23586206896552,2284786.0689655175,interpolated
329,2024-11-04 16:00:00+00:00,77.54275862068965,77.6948275862069,77.13827586206897,77.24137931034483,2367264.310344828,interpolated
330,2024-11-04 18:00:00+00:00,77.56379310344828,77.71413793103449,77.14137931034482,77.24689655172413,2449742.5517241377,interpolated
331,2024-11-04 20:00:00+00:00,77.5848275862069,77.73344827586207,77.14448275862068,77.25241379310344,2532220.793103448,interpolated
332,2024-11-04 22:00:00+00:00,77.60586206896552,77.75275862068965,77.14758620689655,77.25793103448277,2614699.0344827585,interpolated
333,2024-11-05 00:00:00+00:00,77.62689655172413,77.77206896551724,77.15068965517241,77.26344827586207,2697177.2758620693,interpolated
334,2024-11-05 02:00:00+00:00,77.64793103448275,77.79137931034482,77.15379310344827,77.26896551724138,2779655.5172413792,interpolated
335,2024-11-05 04:00:00+00:00,77.66896551724138,77.81068965517241,77.15689655172413,77.27448275862069,2862133.7586206896,interpolated
336,2024-11-05 06:00:00+00:00,77.69,77.83,77.16,77.28,2944612.0,present
337,2024-11-05 08:00:00+00:00,77.29,77.71,77.13,77.67,1952222.0,present
338,2024-11-05 10:00:00+00:00,77.67,78.2,77.26,77.45,4675220.0,present
339,2024-11-05 12:00:00+00:00,77.46,77.58,77.0,77.11,2163038.0,present
340,2024-11-05 12:00:00+00:00,77.46,77.58,77.0,77.11,2163038.0,present
341,2024-11-05 14:00:00+00:00,77.11,77.35,76.86,77.24,1798380.0,present
342,2024-11-05 16:00:00+00:00,77.3,77.66,77.13,77.36,1319414.0,present
343,2024-11-05 18:00:00+00:00,77.37,77.41,77.09,77.3,641479.0,present
344,2024-11-05 20:00:00+00:00,77.3,77.4,77.29,77.38,222328.0,present
345,2024-11-05 22:00:00+00:00,77.62333333333333,77.81666666666668,77.58000000000001,77.67,1591917.1666666665,interpolated
346,2024-11-06 00:00:00+00:00,77.94666666666666,78.23333333333333,77.87,77.96,2961506.333333333,interpolated
347,2024-11-06 02:00:00+00:00,78.27,78.65,78.16,78.25,4331095.5,interpolated
348,2024-11-06 04:00:00+00:00,78.59333333333333,79.06666666666668,78.45,78.54,5700684.666666666,interpolated
349,2024-11-06 06:00:00+00:00,78.91666666666666,79.48333333333333,78.74000000000001,78.83,7070273.833333333,interpolated
350,2024-11-06 08:00:00+00:00,79.24,79.9,79.03,79.12,8439863.0,present
351,2024-11-06 10:00:00+00:00,79.12,79.14,78.5,78.73,4650172.0,present
352,2024-11-06 12:00:00+00:00,78.74,78.77,77.66,78.04,7482561.0,present
353,2024-11-06 14:00:00+00:00,78.05,78.34,77.75,78.1,3801158.0,present
354,2024-11-06 16:00:00+00:00,78.1,78.46,77.91,78.4,1251887.0,present
355,2024-11-06 18:00:00+00:00,78.43,78.53,78.24,78.33,1051119.0,present
356,2024-11-06 20:00:00+00:00,78.3,78.4,78.24,78.32,355680.0,present
357,2024-11-06 22:00:00+00:00,78.29833333333333,78.38166666666667,78.11666666666666,78.21666666666665,706698.5,interpolated
358,2024-11-07 00:00:00+00:00,78.29666666666667,78.36333333333334,77.99333333333333,78.11333333333333,1057717.0,interpolated
359,2024-11-07 02:00:00+00:00,78.295,78.345,77.87,78.00999999999999,1408735.5,interpolated
360,2024-11-07 04:00:00+00:00,78.29333333333334,78.32666666666667,77.74666666666667,77.90666666666667,1759754.0,interpolated
361,2024-11-07 06:00:00+00:00,78.29166666666667,78.30833333333334,77.62333333333333,77.80333333333334,2110772.5,interpolated
362,2024-11-07 08:00:00+00:00,78.29,78.29,77.5,77.7,2461791.0,present
363,2024-11-07 10:00:00+00:00,77.7,77.73,76.73,77.38,5850577.0,present
364,2024-11-07 12:00:00+00:00,77.39,77.65,76.53,76.95,6751647.0,present
365,2024-11-07 14:00:00+00:00,76.96,77.75,76.94,77.56,9904080.0,present
366,2024-11-07 16:00:00+00:00,77.5,78.29,77.2,77.58,7148195.0,present
367,2024-11-07 18:00:00+00:00,77.6,78.55,77.58,78.44,5205100.0,present
368,2024-11-07 20:00:00+00:00,78.44,79.31,78.41,79.1,5016816.0,present
369,2024-11-07 22:00:00+00:00,78.652,79.416,78.468,79.204,5546303.4,interpolated
370,2024-11-08 00:00:00+00:00,78.864,79.522,78.526,79.30799999999999,6075790.8,interpolated
371,2024-11-08 02:00:00+00:00,79.076,79.628,78.584,79.412,6605278.2,interpolated
372,2024-11-08 04:00:00+00:00,79.288,79.73400000000001,78.642,79.516,7134765.6,interpolated
373,2024-11-08 06:00:00+00:00,79.5,79.84,78.7,79.62,7664253.0,present
374,2024-11-08 08:00:00+00:00,79.62,79.8,78.56,79.0,7535233.0,present
375,2024-11-08 10:00:00+00:00,79.0,79.11,77.85,78.29,7927692.0,present
376,2024-11-08 12:00:00+00:00,78.28,78.84,78.21,78.61,2828249.0,present
377,2024-11-08 14:00:00+00:00,78.6,79.06,78.48,78.98,3211045.0,present
378,2024-11-08 16:00:00+00:00,78.88,80.37,78.88,80.17,11279446.0,present
379,2024-11-08 18:00:00+00:00,80.17,80.43,79.91,80.4,2890483.0,present
380,2024-11-08 20:00:00+00:00,80.4,80.4,80.1,80.2,1317621.0,present
381,2024-11-08 22:00:00+00:00,80.4241379310345,80.44103448275862,80.11999999999999,80.23034482758621,1664166.7241379311,interpolated
382,2024-11-09 00:00:00+00:00,80.44827586206897,80.48206896551724,80.14,80.26068965517241,2010712.448275862,interpolated
383,2024-11-09 02:00:00+00:00,80.47241379310346,80.52310344827586,80.16,80.29103448275862,2357258.1724137934,interpolated
384,2024-11-09 04:00:00+00:00,80.49655172413793,80.5641379310345,80.17999999999999,80.32137931034482,2703803.896551724,interpolated
385,2024-11-09 06:00:00+00:00,80.52068965517242,80.60517241379311,80.2,80.35172413793104,3050349.620689655,interpolated
386,2024-11-09 08:00:00+00:00,80.5448275862069,80.64620689655173,80.22,80.38206896551725,3396895.3448275863,interpolated
387,2024-11-09 10:00:00+00:00,80.56896551724138,80.68724137931035,80.24,80.41241379310345,3743441.0689655175,interpolated
388,2024-11-09 12:00:00+00:00,80.59310344827587,80.72827586206897,80.25999999999999,80.44275862068966,4089986.793103448,interpolated
389,2024-11-09 14:00:00+00:00,80.61724137931034,80.76931034482759,80.28,80.47310344827586,4436532.517241379,interpolated
390,2024-11-09 16:00:00+00:00,80.64137931034483,80.8103448275862,80.3,80.50344827586207,4783078.24137931,interpolated
391,2024-11-09 18:00:00+00:00,80.6655172413793,80.85137931034484,80.32,80.53379310344828,5129623.9655172415,interpolated
392,2024-11-09 20:00:00+00:00,80.6896551724138,80.89241379310346,80.34,80.56413793103448,5476169.689655173,interpolated
393,2024-11-09 22:00:00+00:00,80.71379310344828,80.93344827586208,80.36,80.59448275862069,5822715.413793104,interpolated
394,2024-11-10 00:00:00+00:00,80.73793103448276,80.9744827586207,80.38,80.62482758620689,6169261.137931035,interpolated
395,2024-11-10 02:00:00+00:00,80.76206896551724,81.01551724137931,80.4,80.65517241379311,6515806.862068965,interpolated
396,2024-11-10 04:00:00+00:00,80.78620689655172,81.05655172413793,80.42,80.68551724137932,6862352.586206896,interpolated
397,2024-11-10 06:00:00+00:00,80.8103448275862,81.09758620689655,80.44,80.71586206896552,7208898.310344827,interpolated
398,2024-11-10 08:00:00+00:00,80.8344827586207,81.13862068965517,80.46000000000001,80.74620689655173,7555444.0344827585,interpolated
399,2024-11-10 10:00:00+00:00,80.85862068965517,81.1796551724138,80.48,80.77655172413793,7901989.75862069,interpolated
400,2024-11-10 12:00:00+00:00,80.88275862068966,81.22068965517242,80.5,80.80689655172414,8248535.482758621,interpolated
401,2024-11-10 14:00:00+00:00,80.90689655172413,81.26172413793104,80.52000000000001,80.83724137931034,8595081.206896551,interpolated
402,2024-11-10 16:00:00+00:00,80.93103448275862,81.30275862068966,80.54,80.86758620689655,8941626.931034483,interpolated
403,2024-11-10 18:00:00+00:00,80.9551724137931,81.34379310344828,80.56,80.89793103448275,9288172.655172415,interpolated
404,2024-11-10 20:00:00+00:00,80.97931034482758,81.3848275862069,80.58,80.92827586206896,9634718.379310345,interpolated
405,2024-11-10 22:00:00+00:00,81.00344827586207,81.42586206896551,80.60000000000001,80.95862068965518,9981264.103448275,interpolated
406,2024-11-11 00:00:00+00:00,81.02758620689654,81.46689655172415,80.62,80.98896551724138,10327809.827586208,interpolated
407,2024-11-11 02:00:00+00:00,81.05172413793103,81.50793103448277,80.64,81.01931034482759,10674355.551724138,interpolated
408,2024-11-11 04:00:00+00:00,81.0758620689655,81.54896551724138,80.66000000000001,81.0496551724138,11020901.27586207,interpolated
409,2024-11-11 06:00:00+00:00,81.1,81.59,80.68,81.08,11367447.0,present
410,2024-11-11 08:00:00+00:00,81.09,82.16,80.84,81.75,9707836.0,present
411,2024-11-11 10:00:00+00:00,81.75,81.88,80.72,81.0,5411319.0,present
412,2024-11-11 12:00:00+00:00,80.99,82.0,80.5,81.35,13701608.0,present
413,2024-11-11 14:00:00+00:00,81.32,81.9,81.21,81.84,3827303.0,present
414,2024-11-11 16:00:00+00:00,81.77,81.88,81.31,81.47,1929719.0,present
415,2024-11-11 18:00:00+00:00,81.47,81.63,81.35,81.54,1043122.0,present
416,2024-11-11 20:00:00+00:00,81.54,81.7,81.52,81.58,597148.0,present
417,2024-11-11 22:00:00+00:00,81.53200000000001,81.696,81.34,81.446,1522085.2,interpolated
418,2024-11-12 00:00:00+00:00,81.524,81.69200000000001,81.16,81.312,2447022.4,interpolated
419,2024-11-12 02:00:00+00:00,81.516,81.688,80.98,81.178,3371959.5999999996,interpolated
420,2024-11-12 04:00:00+00:00,81.508,81.68400000000001,80.8,81.044,4296896.8,interpolated
421,2024-11-12 06:00:00+00:00,81.5,81.68,80.62,80.91,5221834.0,present
422,2024-11-12 08:00:00+00:00,80.9,81.36,80.7,81.15,4229655.0,present
423,2024-11-12 10:00:00+00:00,81.16,81.35,80.78,80.91,1893828.0,present
424,2024-11-12 12:00:00+00:00,80.89,80.93,80.2,80.44,3735411.0,present
425,2024-11-12 12:00:00+00:00,80.89,80.93,80.2,80.44,3735411.0,present
426,2024-11-12 14:00:00+00:00,80.44,81.78,80.43,81.43,3563630.0,present
427,2024-11-12 16:00:00+00:00,81.34,81.34,80.95,80.98,1118070.0,present
428,2024-11-12 18:00:00+00:00,80.98,81.0,80.5,80.53,1362998.0,present
429,2024-11-12 20:00:00+00:00,80.52,80.7,80.4,80.68,537074.0,present
430,2024-11-12 22:00:00+00:00,80.544,80.738,80.402,80.674,941499.3999999999,interpolated
431,2024-11-13 00:00:00+00:00,80.568,80.776,80.404,80.668,1345924.7999999998,interpolated
432,2024-11-13 02:00:00+00:00,80.592,80.81400000000001,80.406,80.662,1750350.2,interpolated
433,2024-11-13 04:00:00+00:00,80.616,80.852,80.408,80.656,2154775.5999999996,interpolated
434,2024-11-13 06:00:00+00:00,80.64,80.89,80.41,80.65,2559201.0,present
435,2024-11-13 08:00:00+00:00,80.63,81.4,80.57,80.99,4212534.0,present
436,2024-11-13 10:00:00+00:00,80.99,81.18,79.96,80.33,4298730.0,present
437,2024-11-13 12:00:00+00:00,80.33,80.99,80.02,80.66,3978457.0,present
438,2024-11-13 14:00:00+00:00,80.66,80.9,80.49,80.73,2105442.0,present
439,2024-11-13 16:00:00+00:00,80.49,80.49,79.64,80.07,4060345.0,present
440,2024-11-13 18:00:00+00:00,80.07,80.17,79.82,79.87,829944.0,present
441,2024-11-13 20:00:00+00:00,79.87,80.02,79.33,79.41,1097727.0,present
442,2024-11-13 22:00:00+00:00,79.796,79.97999999999999,79.34,79.448,1545702.6,interpolated
443,2024-11-14 00:00:00+00:00,79.72200000000001,79.94,79.35,79.48599999999999,1993678.2000000002,interpolated
444,2024-11-14 02:00:00+00:00,79.648,79.89999999999999,79.36,79.524,2441653.8,interpolated
445,2024-11-14 04:00:00+00:00,79.574,79.86,79.36999999999999,79.562,2889629.4000000004,interpolated
446,2024-11-14 06:00:00+00:00,79.5,79.82,79.38,79.6,3337605.0,present
447,2024-11-14 08:00:00+00:00,79.6,79.98,79.22,79.8,3488793.0,present
448,2024-11-14 10:00:00+00:00,79.8,79.93,79.22,79.45,2225171.0,present
449,2024-11-14 12:00:00+00:00,79.45,80.16,79.1,79.6,3485003.0,present
450,2024-11-14 14:00:00+00:00,79.61,79.72,78.83,79.07,4731560.0,present
451,2024-11-14 16:00:00+00:00,79.07,79.55,78.92,79.08,2169186.0,present
452,2024-11-14 18:00:00+00:00,79.08,79.32,79.03,79.23,1002335.0,present
453,2024-11-14 20:00:00+00:00,79.23,79.27,79.1,79.19,232664.0,present
454,2024-11-14 22:00:00+00:00,79.20400000000001,79.314,79.056,79.216,580321.6,interpolated
455,2024-11-15 00:00:00+00:00,79.178,79.35799999999999,79.012,79.24199999999999,927979.2,interpolated
456,2024-11-15 02:00:00+00:00,79.152,79.402,78.96799999999999,79.268,1275636.8,interpolated
457,2024-11-15 04:00:00+00:00,79.12599999999999,79.446,78.92399999999999,79.294,1623294.4,interpolated
458,2024-11-15 06:00:00+00:00,79.1,79.49,78.88,79.32,1970952.0,present
459,2024-11-15 08:00:00+00:00,79.32,79.92,79.13,79.78,3377103.0,present
460,2024-11-15 10:00:00+00:00,79.78,79.87,79.46,79.73,1238419.0,present
461,2024-11-15 12:00:00+00:00,79.73,80.24,79.53,79.75,2839225.0,present
462,2024-11-15 14:00:00+00:00,79.75,80.2,79.7,80.01,2129625.0,present
463,2024-11-15 16:00:00+00:00,80.13,80.39,79.81,79.85,2069251.0,present
464,2024-11-15 18:00:00+00:00,79.84,80.58,79.82,80.44,2035811.0,present
465,2024-11-15 20:00:00+00:00,80.44,80.61,80.4,80.59,877040.0,present
466,2024-11-15 22:00:00+00:00,80.3903448275862,80.57310344827586,80.32413793103449,80.54758620689655,1072742.6896551724,interpolated
467,2024-11-16 00:00:00+00:00,80.34068965517241,80.53620689655172,80.24827586206897,80.5051724137931,1268445.3793103448,interpolated
468,2024-11-16 02:00:00+00:00,80.29103448275862,80.49931034482759,80.17241379310346,80.46275862068966,1464148.0689655172,interpolated
469,2024-11-16 04:00:00+00:00,80.24137931034483,80.46241379310345,80.09655172413794,80.4203448275862,1659850.7586206896,interpolated
470,2024-11-16 06:00:00+00:00,80.19172413793103,80.42551724137931,80.02068965517242,80.37793103448276,1855553.448275862,interpolated
471,2024-11-16 08:00:00+00:00,80.14206896551724,80.38862068965517,79.9448275862069,80.3355172413793,2051256.1379310344,interpolated
472,2024-11-16 10:00:00+00:00,80.09241379310345,80.35172413793103,79.86896551724138,80.29310344827586,2246958.8275862066,interpolated
473,2024-11-16 12:00:00+00:00,80.04275862068965,80.3148275862069,79.79310344827587,80.25068965517242,2442661.5172413792,interpolated
474,2024-11-16 14:00:00+00:00,79.99310344827586,80.27793103448276,79.71724137931035,80.20827586206897,2638364.206896552,interpolated
475,2024-11-16 16:00:00+00:00,79.94344827586207,80.24103448275862,79.64137931034483,80.16586206896552,2834066.896551724,interpolated
476,2024-11-16 18:00:00+00:00,79.89379310344827,80.20413793103448,79.56551724137931,80.12344827586207,3029769.586206896,interpolated
477,2024-11-16 20:00:00+00:00,79.84413793103448,80.16724137931034,79.48965517241379,80.08103448275862,3225472.275862069,interpolated
478,2024-11-16 22:00:00+00:00,79.79448275862069,80.13034482758621,79.41379310344828,80.03862068965518,3421174.965517241,interpolated
479,2024-11-17 00:00:00+00:00,79.7448275862069,80.09344827586207,79.33793103448276,79.99620689655173,3616877.6551724137,interpolated
480,2024-11-17 02:00:00+00:00,79.6951724137931,80.05655172413793,79.26206896551724,79.95379310344828,3812580.344827586,interpolated
481,2024-11-17 04:00:00+00:00,79.64551724137931,80.01965517241379,79.18620689655172,79.91137931034483,4008283.0344827585,interpolated
482,2024-11-17 06:00:00+00:00,79.59586206896552,79.98275862068967,79.11034482758622,79.86896551724138,4203985.72413793,interpolated
483,2024-11-17 08:00:00+00:00,79.54620689655172,79.94586206896552,79.0344827586207,79.82655172413793,4399688.413793104,interpolated
484,2024-11-17 10:00:00+00:00,79.49655172413793,79.90896551724138,78.95862068965518,79.78413793103448,4595391.1034482755,interpolated
485,2024-11-17 12:00:00+00:00,79.44689655172414,79.87206896551724,78.88275862068966,79.74172413793103,4791093.793103448,interpolated
486,2024-11-17 14:00:00+00:00,79.39724137931034,79.8351724137931,78.80689655172414,79.69931034482758,4986796.482758621,interpolated
487,2024-11-17 16:00:00+00:00,79.34758620689655,79.79827586206898,78.73103448275863,79.65689655172415,5182499.172413792,interpolated
488,2024-11-17 18:00:00+00:00,79.29793103448276,79.76137931034484,78.65517241379311,79.6144827586207,5378201.862068965,interpolated
489,2024-11-17 20:00:00+00:00,79.24827586206897,79.7244827586207,78.57931034482759,79.57206896551725,5573904.551724138,interpolated
490,2024-11-17 22:00:00+00:00,79.19862068965517,79.68758620689655,78.50344827586207,79.5296551724138,5769607.24137931,interpolated
491,2024-11-18 00:00:00+00:00,79.14896551724138,79.65068965517241,78.42758620689655,79.48724137931035,5965309.931034482,interpolated
492,2024-11-18 02:00:00+00:00,79.09931034482759,79.61379310344829,78.35172413793104,79.4448275862069,6161012.620689655,interpolated
493,2024-11-18 04:00:00+00:00,79.0496551724138,79.57689655172415,78.27586206896552,79.40241379310345,6356715.310344827,interpolated
494,2024-11-18 06:00:00+00:00,79.0,79.54,78.2,79.36,6552418.0,present
495,2024-11-18 08:00:00+00:00,79.36,79.84,78.8,78.81,4030458.0,present
496,2024-11-18 10:00:00+00:00,78.82,79.28,78.62,79.26,1902371.0,present
497,2024-11-18 12:00:00+00:00,79.25,79.39,78.97,79.38,1329014.0,present
498,2024-11-18 14:00:00+00:00,79.39,79.71,79.26,79.48,1885961.0,present
499,2024-11-18 16:00:00+00:00,79.4,79.7,79.15,79.47,1145560.0,present
500,2024-11-18 18:00:00+00:00,79.47,79.66,78.98,79.05,1541797.0,present
501,2024-11-18 20:00:00+00:00,79.06,79.06,78.82,78.95,518778.0,present
502,2024-11-18 22:00:00+00:00,79.04,79.142,78.82,78.936,858267.3999999999,interpolated
503,2024-11-19 00:00:00+00:00,79.02,79.224,78.82,78.922,1197756.7999999998,interpolated
504,2024-11-19 02:00:00+00:00,79.0,79.306,78.82,78.908,1537246.2,interpolated
505,2024-11-19 04:00:00+00:00,78.97999999999999,79.388,78.82,78.89399999999999,1876735.5999999999,interpolated
506,2024-11-19 06:00:00+00:00,78.96,79.47,78.82,78.88,2216225.0,present
507,2024-11-19 08:00:00+00:00,78.86,78.93,77.87,78.48,7668896.0,present
508,2024-11-19 10:00:00+00:00,78.48,78.55,77.59,78.06,3557434.0,present
509,2024-11-19 12:00:00+00:00,78.06,78.25,77.28,77.45,4026626.0,present
510,2024-11-19 12:00:00+00:00,78.06,78.25,77.28,77.45,4026626.0,present
511,2024-11-19 14:00:00+00:00,77.45,77.84,76.57,77.05,5039650.0,present
512,2024-11-19 16:00:00+00:00,77.04,77.69,77.04,77.67,1871916.0,present
513,2024-11-19 18:00:00+00:00,77.67,77.77,77.2,77.25,1202657.0,present
514,2024-11-19 20:00:00+00:00,77.24,77.29,77.0,77.06,364685.0,present
515,2024-11-19 22:00:00+00:00,77.21199999999999,77.346,76.98,77.034,825205.6000000001,interpolated
516,2024-11-20 00:00:00+00:00,77.184,77.402,76.96000000000001,77.00800000000001,1285726.2000000002,interpolated
517,2024-11-20 02:00:00+00:00,77.15599999999999,77.458,76.94,76.982,1746246.8,interpolated
518,2024-11-20 04:00:00+00:00,77.128,77.514,76.92,76.956,2206767.4000000004,interpolated
519,2024-11-20 06:00:00+00:00,77.1,77.57,76.9,76.93,2667288.0,present
520,2024-11-20 08:00:00+00:00,76.93,77.56,76.81,77.17,1992762.0,present
521,2024-11-20 10:00:00+00:00,77.17,77.85,76.96,77.78,2892821.0,present
522,2024-11-20 12:00:00+00:00,77.78,77.88,76.55,76.87,3069397.0,present
523,2024-11-20 14:00:00+00:00,76.87,76.98,75.57,75.57,5746943.0,present
524,2024-11-20 16:00:00+00:00,75.48,75.69,75.03,75.36,5501377.0,present
525,2024-11-20 18:00:00+00:00,75.35,75.65,75.35,75.54,919297.0,present
526,2024-11-20 20:00:00+00:00,75.54,75.77,75.53,75.64,475093.0,present
527,2024-11-20 22:00:00+00:00,75.586,75.848,75.492,75.616,1118329.8,interpolated
528,2024-11-21 00:00:00+00:00,75.632,75.926,75.45400000000001,75.592,1761566.6,interpolated
529,2024-11-21 02:00:00+00:00,75.678,76.00399999999999,75.416,75.568,2404803.4000000004,interpolated
530,2024-11-21 04:00:00+00:00,75.724,76.082,75.378,75.544,3048040.2,interpolated
531,2024-11-21 06:00:00+00:00,75.77,76.16,75.34,75.52,3691277.0,present
532,2024-11-21 08:00:00+00:00,75.52,75.95,74.83,75.12,5765988.0,present
533,2024-11-21 10:00:00+00:00,75.12,75.93,75.01,75.1,3033405.0,present
534,2024-11-21 12:00:00+00:00,75.1,75.15,74.22,74.96,6584027.0,present
535,2024-11-21 14:00:00+00:00,74.96,75.25,74.07,74.24,5353799.0,present
536,2024-11-21 16:00:00+00:00,74.34,74.93,74.03,74.92,4055823.0,present
537,2024-11-21 18:00:00+00:00,74.91,76.24,74.75,76.05,4004349.0,present
538,2024-11-21 20:00:00+00:00,76.05,76.3,75.99,76.3,1282474.0,present
539,2024-11-21 22:00:00+00:00,76.13799999999999,76.356,75.91799999999999,76.238,1622873.2,interpolated
540,2024-11-22 00:00:00+00:00,76.226,76.41199999999999,75.84599999999999,76.176,1963272.4,interpolated
541,2024-11-22 02:00:00+00:00,76.314,76.468,75.774,76.11399999999999,2303671.6,interpolated
542,2024-11-22 04:00:00+00:00,76.402,76.524,75.702,76.05199999999999,2644070.8,interpolated
543,2024-11-22 06:00:00+00:00,76.49,76.58,75.63,75.99,2984470.0,present
544,2024-11-22 08:00:00+00:00,75.97,76.09,74.88,75.56,4184372.0,present
545,2024-11-22 10:00:00+00:00,75.55,75.64,74.4,74.61,3123068.0,present
546,2024-11-22 12:00:00+00:00,74.61,74.69,73.78,74.2,5099632.0,present
547,2024-11-22 14:00:00+00:00,74.19,74.74,73.93,74.32,3610906.0,present
548,2024-11-22 16:00:00+00:00,74.34,74.94,74.34,74.62,2060782.0,present
549,2024-11-22 18:00:00+00:00,74.63,74.63,74.37,74.45,853071.0,present
550,2024-11-22 20:00:00+00:00,74.45,74.48,73.93,74.05,775422.0,present
551,2024-11-22 22:00:00+00:00,74.4396551724138,74.47586206896553,73.87103448275863,74.00758620689655,1105781.0689655172,interpolated
552,2024-11-23 00:00:00+00:00,74.42931034482758,74.47172413793103,73.81206896551724,73.9651724137931,1436140.1379310344,interpolated
553,2024-11-23 02:00:00+00:00,74.41896551724139,74.46758620689656,73.75310344827587,73.92275862068965,1766499.206896552,interpolated
554,2024-11-23 04:00:00+00:00,74.40862068965518,74.46344827586208,73.69413793103449,73.8803448275862,2096858.275862069,interpolated
555,2024-11-23 06:00:00+00:00,74.39827586206897,74.45931034482759,73.63517241379311,73.83793103448275,2427217.3448275863,interpolated
556,2024-11-23 08:00:00+00:00,74.38793103448276,74.45517241379311,73.57620689655172,73.7955172413793,2757576.413793104,interpolated
557,2024-11-23 10:00:00+00:00,74.37758620689655,74.45103448275863,73.51724137931035,73.75310344827585,3087935.4827586208,interpolated
558,2024-11-23 12:00:00+00:00,74.36724137931034,74.44689655172414,73.45827586206897,73.71068965517242,3418294.551724138,interpolated
559,2024-11-23 14:00:00+00:00,74.35689655172415,74.44275862068966,73.3993103448276,73.66827586206897,3748653.620689655,interpolated
560,2024-11-23 16:00:00+00:00,74.34655172413794,74.43862068965518,73.34034482758621,73.62586206896552,4079012.6896551726,interpolated
561,2024-11-23 18:00:00+00:00,74.33620689655173,74.43448275862069,73.28137931034483,73.58344827586207,4409371.75862069,interpolated
562,2024-11-23 20:00:00+00:00,74.32586206896552,74.43034482758621,73.22241379310346,73.54103448275862,4739730.827586208,interpolated
563,2024-11-23 22:00:00+00:00,74.31551724137931,74.42620689655173,73.16344827586207,73.49862068965517,5070089.8965517245,interpolated
564,2024-11-24 00:00:00+00:00,74.3051724137931,74.42206896551724,73.10448275862069,73.45620689655172,5400448.9655172415,interpolated
565,2024-11-24 02:00:00+00:00,74.2948275862069,74.41793103448276,73.04551724137932,73.41379310344827,5730808.0344827585,interpolated
566,2024-11-24 04:00:00+00:00,74.2844827586207,74.41379310344827,72.98655172413794,73.37137931034482,6061167.103448276,interpolated
567,2024-11-24 06:00:00+00:00,74.27413793103449,74.40965517241379,72.92758620689655,73.32896551724137,6391526.172413793,interpolated
568,2024-11-24 08:00:00+00:00,74.26379310344828,74.40551724137931,72.86862068965517,73.28655172413792,6721885.24137931,interpolated
569,2024-11-24 10:00:00+00:00,74.25344827586207,74.40137931034482,72.8096551724138,73.24413793103447,7052244.310344827,interpolated
570,2024-11-24 12:00:00+00:00,74.24310344827586,74.39724137931034,72.75068965517241,73.20172413793102,7382603.379310345,interpolated
571,2024-11-24 14:00:00+00:00,74.23275862068967,74.39310344827587,72.69172413793103,73.15931034482757,7712962.448275862,interpolated
572,2024-11-24 16:00:00+00:00,74.22241379310346,74.38896551724137,72.63275862068966,73.11689655172414,8043321.517241379,interpolated
573,2024-11-24 18:00:00+00:00,74.21206896551725,74.3848275862069,72.57379310344828,73.07448275862069,8373680.586206897,interpolated
574,2024-11-24 20:00:00+00:00,74.20172413793104,74.38068965517242,72.51482758620689,73.03206896551724,8704039.655172415,interpolated
575,2024-11-24 22:00:00+00:00,74.19137931034483,74.37655172413793,72.45586206896552,72.98965517241379,9034398.724137932,interpolated
576,2024-11-25 00:00:00+00:00,74.18103448275862,74.37241379310345,72.39689655172414,72.94724137931034,9364757.793103449,interpolated
577,2024-11-25 02:00:00+00:00,74.17068965517242,74.36827586206897,72.33793103448276,72.90482758620689,9695116.862068966,interpolated
578,2024-11-25 04:00:00+00:00,74.16034482758621,74.36413793103448,72.27896551724137,72.86241379310344,10025475.931034483,interpolated
579,2024-11-25 06:00:00+00:00,74.15,74.36,72.22,72.82,10355835.0,present
580,2024-11-25 08:00:00+00:00,72.82,73.05,72.53,72.98,5807394.0,present
581,2024-11-25 10:00:00+00:00,72.98,73.19,71.5,72.06,8934351.0,present
582,2024-11-25 12:00:00+00:00,72.09,72.19,70.94,71.47,9451227.0,present
583,2024-11-25 14:00:00+00:00,71.47,71.68,70.8,71.49,7928828.0,present
584,2024-11-25 16:00:00+00:00,71.46,71.57,70.34,70.66,6405759.0,present
585,2024-11-25 18:00:00+00:00,70.67,70.92,69.83,70.27,9263897.0,present
586,2024-11-25 20:00:00+00:00,70.27,70.41,69.96,70.11,1514494.0,present
587,2024-11-25 22:00:00+00:00,70.50166666666667,70.755,70.15333333333334,70.3,4235538.833333334,interpolated
588,2024-11-26 00:00:00+00:00,70.73333333333333,71.1,70.34666666666666,70.49,6956583.666666667,interpolated
589,2024-11-26 02:00:00+00:00,70.965,71.445,70.53999999999999,70.68,9677628.5,interpolated
590,2024-11-26 04:00:00+00:00,71.19666666666666,71.79,70.73333333333333,70.87,12398673.333333334,interpolated
591,2024-11-26 06:00:00+00:00,71.42833333333333,72.135,70.92666666666668,71.06,15119718.166666666,interpolated
592,2024-11-26 08:00:00+00:00,71.66,72.48,71.12,71.25,17840763.0,present
593,2024-11-26 10:00:00+00:00,71.22,71.8,69.86,70.25,15529413.0,present
594,2024-11-26 12:00:00+00:00,70.25,70.38,67.81,68.71,28500692.0,present
595,2024-11-26 14:00:00+00:00,68.71,69.04,67.75,68.29,9131443.0,present
596,2024-11-26 16:00:00+00:00,68.32,68.78,67.89,68.01,6781361.0,present
597,2024-11-26 18:00:00+00:00,68.01,68.51,67.84,68.26,2510294.0,present
598,2024-11-26 20:00:00+00:00,68.26,68.31,68.0,68.23,969855.0,present
599,2024-11-26 22:00:00+00:00,68.24571428571429,68.36571428571429,67.89857142857143,68.25428571428571,2204679.1428571427,interpolated
600,2024-11-27 00:00:00+00:00,68.23142857142858,68.42142857142858,67.79714285714286,68.27857142857144,3439503.2857142854,interpolated
601,2024-11-27 02:00:00+00:00,68.21714285714286,68.47714285714287,67.69571428571429,68.30285714285715,4674327.428571429,interpolated
602,2024-11-27 04:00:00+00:00,68.20285714285714,68.53285714285714,67.59428571428572,68.32714285714286,5909151.571428571,interpolated
603,2024-11-27 06:00:00+00:00,68.18857142857142,68.58857142857143,67.49285714285715,68.35142857142857,7143975.714285715,interpolated
604,2024-11-27 08:00:00+00:00,68.17428571428572,68.64428571428572,67.39142857142858,68.3757142857143,8378799.857142857,interpolated
605,2024-11-27 10:00:00+00:00,68.16,68.7,67.29,68.4,9613624.0,present
606,2024-11-27 12:00:00+00:00,68.37,69.03,67.01,67.89,8786097.0,present
607,2024-11-27 14:00:00+00:00,67.89,68.76,67.38,68.76,5055138.0,present
608,2024-11-27 16:00:00+00:00,68.7,70.05,68.23,69.71,8634442.0,present
609,2024-11-27 18:00:00+00:00,69.71,69.82,69.25,69.77,2123106.0,present
610,2024-11-27 20:00:00+00:00,69.77,70.07,69.67,70.02,1442745.0,present
611,2024-11-27 22:00:00+00:00,69.85799999999999,70.12599999999999,69.568,70.032,2765712.5999999996,interpolated
612,2024-11-28 00:00:00+00:00,69.946,70.18199999999999,69.466,70.044,4088680.1999999997,interpolated
613,2024-11-28 02:00:00+00:00,70.03399999999999,70.238,69.364,70.056,5411647.8,interpolated
614,2024-11-28 04:00:00+00:00,70.122,70.294,69.262,70.068,6734615.399999999,interpolated
615,2024-11-28 06:00:00+00:00,70.21,70.35,69.16,70.08,8057583.0,present
616,2024-11-28 08:00:00+00:00,70.08,70.69,69.08,69.45,12317503.0,present
617,2024-11-28 10:00:00+00:00,69.44,69.46,68.39,68.53,5237756.0,present
618,2024-11-28 12:00:00+00:00,68.51,68.76,67.69,68.4,5926406.0,present
619,2024-11-28 14:00:00+00:00,69.06,69.33000000000001,68.395,68.99000000000001,4747363.5,interpolated
620,2024-11-28 16:00:00+00:00,69.61,69.9,69.1,69.58,3568321.0,present
621,2024-11-28 18:00:00+00:00,69.6,69.88,69.49,69.63,1269307.0,present
622,2024-11-28 20:00:00+00:00,69.62,69.63,69.05,69.28,927547.0,present
623,2024-11-28 22:00:00+00:00,69.602,69.616,69.0,69.32000000000001,1495721.0,interpolated
624,2024-11-29 00:00:00+00:00,69.584,69.602,68.95,69.36,2063895.0,interpolated
625,2024-11-29 02:00:00+00:00,69.566,69.588,68.89999999999999,69.4,2632069.0,interpolated
626,2024-11-29 04:00:00+00:00,69.548,69.574,68.85,69.44,3200243.0,interpolated
627,2024-11-29 06:00:00+00:00,69.53,69.56,68.8,69.48,3768417.0,present
628,2024-11-29 08:00:00+00:00,69.5,70.18,69.33,69.96,7172643.0,present
629,2024-11-29 10:00:00+00:00,69.95,70.26,69.35,69.68,6420173.0,present
630,2024-11-29 12:00:00+00:00,69.71,70.48,68.88,69.33,7962878.0,present
631,2024-11-29 14:00:00+00:00,69.34,69.83,69.18,69.8,3066647.0,present
632,2024-11-29 16:00:00+00:00,69.78,69.8,69.47,69.68,1404910.0,present
633,2024-11-29 18:00:00+00:00,69.68,69.84,69.6,69.64,1125838.0,present
634,2024-11-29 20:00:00+00:00,69.64,69.79,69.5,69.5,808660.0,present
635,2024-11-29 22:00:00+00:00,69.61793103448277,69.80310344827586,69.48172413793104,69.50172413793103,1138455.551724138,interpolated
636,2024-11-30 00:00:00+00:00,69.59586206896552,69.81620689655173,69.46344827586206,69.50344827586207,1468251.103448276,interpolated
637,2024-11-30 02:00:00+00:00,69.57379310344828,69.82931034482759,69.4451724137931,69.5051724137931,1798046.6551724137,interpolated
638,2024-11-30 04:00:00+00:00,69.55172413793103,69.84241379310346,69.42689655172414,69.50689655172414,2127842.206896552,interpolated
639,2024-11-30 06:00:00+00:00,69.5296551724138,69.85551724137932,69.40862068965517,69.50862068965517,2457637.7586206896,interpolated
640,2024-11-30 08:00:00+00:00,69.50758620689655,69.86862068965517,69.3903448275862,69.51034482758621,2787433.3103448274,interpolated
641,2024-11-30 10:00:00+00:00,69.48551724137931,69.88172413793104,69.37206896551724,69.51206896551724,3117228.8620689656,interpolated
642,2024-11-30 12:00:00+00:00,69.46344827586206,69.8948275862069,69.35379310344828,69.51379310344828,3447024.4137931033,interpolated
643,2024-11-30 14:00:00+00:00,69.44137931034483,69.90793103448276,69.3355172413793,69.51551724137931,3776819.9655172415,interpolated
644,2024-11-30 16:00:00+00:00,69.4193103448276,69.92103448275863,69.31724137931035,69.51724137931035,4106615.5172413792,interpolated
645,2024-11-30 18:00:00+00:00,69.39724137931034,69.93413793103448,69.29896551724138,69.51896551724138,4436411.068965517,interpolated
646,2024-11-30 20:00:00+00:00,69.37517241379311,69.94724137931036,69.28068965517241,69.52068965517242,4766206.620689655,interpolated
647,2024-11-30 22:00:00+00:00,69.35310344827586,69.96034482758621,69.26241379310345,69.52241379310345,5096002.172413793,interpolated
648,2024-12-01 00:00:00+00:00,69.33103448275862,69.97344827586207,69.24413793103449,69.52413793103449,5425797.724137931,interpolated
649,2024-12-01 02:00:00+00:00,69.30896551724138,69.98655172413794,69.22586206896551,69.52586206896551,5755593.275862069,interpolated
650,2024-12-01 04:00:00+00:00,69.28689655172414,69.9996551724138,69.20758620689655,69.52758620689654,6085388.827586207,interpolated
651,2024-12-01 06:00:00+00:00,69.26482758620689,70.01275862068965,69.18931034482759,69.52931034482758,6415184.379310345,interpolated
652,2024-12-01 08:00:00+00:00,69.24275862068966,70.02586206896552,69.17103448275861,69.53103448275861,6744979.931034483,interpolated
653,2024-12-01 10:00:00+00:00,69.22068965517241,70.03896551724138,69.15275862068965,69.53275862068965,7074775.482758621,interpolated
654,2024-12-01 12:00:00+00:00,69.19862068965517,70.05206896551725,69.13448275862069,69.53448275862068,7404571.0344827585,interpolated
655,2024-12-01 14:00:00+00:00,69.17655172413794,70.0651724137931,69.11620689655172,69.53620689655172,7734366.586206897,interpolated
656,2024-12-01 16:00:00+00:00,69.15448275862069,70.07827586206896,69.09793103448276,69.53793103448275,8064162.137931035,interpolated
657,2024-12-01 18:00:00+00:00,69.13241379310345,70.09137931034483,69.0796551724138,69.53965517241379,8393957.689655174,interpolated
658,2024-12-01 20:00:00+00:00,69.1103448275862,70.10448275862069,69.06137931034483,69.54137931034482,8723753.24137931,interpolated
659,2024-12-01 22:00:00+00:00,69.08827586206897,70.11758620689655,69.04310344827586,69.54310344827586,9053548.793103449,interpolated
660,2024-12-02 00:00:00+00:00,69.06620689655172,70.13068965517242,69.0248275862069,69.54482758620689,9383344.344827587,interpolated
661,2024-12-02 02:00:00+00:00,69.04413793103448,70.14379310344827,69.00655172413794,69.54655172413793,9713139.896551725,interpolated
662,2024-12-02 04:00:00+00:00,69.02206896551724,70.15689655172415,68.98827586206896,69.54827586206896,10042935.448275862,interpolated
663,2024-12-02 06:00:00+00:00,69.0,70.17,68.97,69.55,10372731.0,present
664,2024-12-02 08:00:00+00:00,69.55,69.74,68.94,69.21,5965097.0,present
665,2024-12-02 10:00:00+00:00,69.21,69.55,68.85,69.41,3516119.0,present
666,2024-12-02 12:00:00+00:00,69.41,69.73,68.99,69.24,4080531.0,present
667,2024-12-02 14:00:00+00:00,69.23,69.6,69.01,69.55,2629035.0,present
668,2024-12-02 16:00:00+00:00,69.55,69.59,69.11,69.35,1145111.0,present
669,2024-12-02 18:00:00+00:00,69.35,69.49,69.27,69.33,707646.0,present
670,2024-12-02 20:00:00+00:00,69.34,69.4,69.21,69.27,325588.0,present
671,2024-12-02 22:00:00+00:00,69.32600000000001,69.388,69.07199999999999,69.17399999999999,1209652.0,interpolated
672,2024-12-03 00:00:00+00:00,69.312,69.376,68.934,69.078,2093715.9999999998,interpolated
673,2024-12-03 02:00:00+00:00,69.298,69.364,68.79599999999999,68.982,2977780.0,interpolated
674,2024-12-03 04:00:00+00:00,69.28399999999999,69.352,68.658,68.88600000000001,3861843.9999999995,interpolated
675,2024-12-03 06:00:00+00:00,69.27,69.34,68.52,68.79,4745908.0,present
676,2024-12-03 08:00:00+00:00,68.79,68.79,68.29,68.56,2953722.0,present
677,2024-12-03 10:00:00+00:00,68.55,68.95,68.44,68.56,2203700.0,present
678,2024-12-03 12:00:00+00:00,68.57,68.69,67.0,67.49,7193313.0,present
679,2024-12-03 12:00:00+00:00,68.57,68.69,67.0,67.49,7193313.0,present
680,2024-12-03 14:00:00+00:00,67.49,67.7,67.01,67.51,4004881.0,present
681,2024-12-03 16:00:00+00:00,67.58,67.8,67.27,67.57,1781054.0,present
682,2024-12-03 18:00:00+00:00,67.54,67.58,67.13,67.19,1198673.0,present
683,2024-12-03 20:00:00+00:00,67.18,67.45,67.17,67.28,724707.0,present
684,2024-12-03 22:00:00+00:00,67.208,67.59,67.162,67.412,1816019.6,interpolated
685,2024-12-04 00:00:00+00:00,67.236,67.73,67.154,67.544,2907332.2,interpolated
686,2024-12-04 02:00:00+00:00,67.264,67.87,67.146,67.676,3998644.8000000003,interpolated
687,2024-12-04 04:00:00+00:00,67.292,68.01,67.13799999999999,67.80799999999999,5089957.4,interpolated
688,2024-12-04 06:00:00+00:00,67.32,68.15,67.13,67.94,6181270.0,present
689,2024-12-04 08:00:00+00:00,67.89,69.07,67.86,68.8,11382074.0,present
690,2024-12-04 10:00:00+00:00,68.81,68.88,68.33,68.51,3166937.0,present
691,2024-12-04 12:00:00+00:00,68.51,68.9,67.95,67.99,7645048.0,present
692,2024-12-04 14:00:00+00:00,68.0,68.11,67.1,67.15,7548729.0,present
693,2024-12-04 16:00:00+00:00,66.83500000000001,66.955,66.06,66.27000000000001,6819065.0,interpolated
694,2024-12-04 18:00:00+00:00,65.67,65.8,65.02,65.39,6089401.0,present
695,2024-12-04 20:00:00+00:00,65.39,66.1,65.07,65.38,3158838.0,present
696,2024-12-04 22:00:00+00:00,65.382,66.07,64.994,65.398,4628686.2,interpolated
697,2024-12-05 00:00:00+00:00,65.374,66.03999999999999,64.91799999999999,65.416,6098534.4,interpolated
698,2024-12-05 02:00:00+00:00,65.366,66.01,64.842,65.434,7568382.6,interpolated
699,2024-12-05 04:00:00+00:00,65.35799999999999,65.98,64.76599999999999,65.452,9038230.8,interpolated
700,2024-12-05 06:00:00+00:00,65.35,65.95,64.69,65.47,10508079.0,present
701,2024-12-05 08:00:00+00:00,65.48,66.18,64.99,65.2,9029610.0,present
702,2024-12-05 10:00:00+00:00,65.19,65.4,64.34,64.46,10053299.0,present
703,2024-12-05 12:00:00+00:00,64.46,65.83,64.3,65.46,10387823.0,present
704,2024-12-05 14:00:00+00:00,65.46,66.88,65.46,66.49,9750381.0,present
705,2024-12-05 16:00:00+00:00,66.49,67.21,66.49,66.68,3515215.0,present
706,2024-12-05 18:00:00+00:00,66.69,67.07,66.68,66.93,1490160.0,present
707,2024-12-05 20:00:00+00:00,66.93,67.01,66.77,66.95,573514.0,present
708,2024-12-05 22:00:00+00:00,66.944,67.098,66.728,67.006,1779251.6,interpolated
709,2024-12-06 00:00:00+00:00,66.958,67.186,66.68599999999999,67.062,2984989.2,interpolated
710,2024-12-06 02:00:00+00:00,66.97200000000001,67.274,66.644,67.11800000000001,4190726.8000000003,interpolated
711,2024-12-06 04:00:00+00:00,66.986,67.36200000000001,66.602,67.174,5396464.4,interpolated
712,2024-12-06 06:00:00+00:00,67.0,67.45,66.56,67.23,6602202.0,present
713,2024-12-06 08:00:00+00:00,67.23,67.26,66.05,66.34,6761573.0,present
714,2024-12-06 10:00:00+00:00,67.465,67.715,66.69999999999999,66.96000000000001,7154163.0,interpolated
715,2024-12-06 12:00:00+00:00,67.7,68.17,67.35,67.58,7546753.0,present
716,2024-12-06 14:00:00+00:00,67.56,67.71,67.21,67.5,1666360.0,present
717,2024-12-06 16:00:00+00:00,67.4,67.79,67.38,67.75,1307361.0,present
718,2024-12-06 18:00:00+00:00,67.75,67.77,67.46,67.54,595721.0,present
719,2024-12-06 20:00:00+00:00,67.54,67.75,67.37,67.52,652214.0,present
720,2024-12-06 22:00:00+00:00,67.55379310344829,67.76896551724138,67.37862068965518,67.53965517241379,784435.0,interpolated
721,2024-12-07 00:00:00+00:00,67.56758620689656,67.78793103448275,67.38724137931035,67.55931034482758,916656.0,interpolated
722,2024-12-07 02:00:00+00:00,67.58137931034483,67.80689655172414,67.39586206896553,67.57896551724137,1048877.0,interpolated
723,2024-12-07 04:00:00+00:00,67.59517241379311,67.82586206896552,67.40448275862069,67.59862068965516,1181098.0,interpolated
724,2024-12-07 06:00:00+00:00,67.60896551724139,67.84482758620689,67.41310344827586,67.61827586206897,1313319.0,interpolated
725,2024-12-07 08:00:00+00:00,67.62275862068967,67.86379310344827,67.42172413793104,67.63793103448276,1445540.0,interpolated
726,2024-12-07 10:00:00+00:00,67.63655172413793,67.88275862068966,67.43034482758621,67.65758620689655,1577761.0,interpolated
727,2024-12-07 12:00:00+00:00,67.65034482758621,67.90172413793104,67.43896551724139,67.67724137931035,1709982.0,interpolated
728,2024-12-07 14:00:00+00:00,67.66413793103449,67.92068965517241,67.44758620689656,67.69689655172414,1842203.0,interpolated
729,2024-12-07 16:00:00+00:00,67.67793103448277,67.9396551724138,67.45620689655173,67.71655172413793,1974424.0,interpolated
730,2024-12-07 18:00:00+00:00,67.69172413793103,67.95862068965518,67.4648275862069,67.73620689655172,2106645.0,interpolated
731,2024-12-07 20:00:00+00:00,67.70551724137931,67.97758620689655,67.47344827586207,67.75586206896551,2238866.0,interpolated
732,2024-12-07 22:00:00+00:00,67.71931034482759,67.99655172413793,67.48206896551724,67.7755172413793,2371087.0,interpolated
733,2024-12-08 00:00:00+00:00,67.73310344827587,68.01551724137931,67.49068965517242,67.7951724137931,2503308.0,interpolated
734,2024-12-08 02:00:00+00:00,67.74689655172413,68.03448275862068,67.49931034482759,67.8148275862069,2635529.0,interpolated
735,2024-12-08 04:00:00+00:00,67.76068965517241,68.05344827586207,67.50793103448277,67.8344827586207,2767750.0,interpolated
736,2024-12-08 06:00:00+00:00,67.77448275862069,68.07241379310345,67.51655172413794,67.85413793103449,2899971.0,interpolated
737,2024-12-08 08:00:00+00:00,67.78827586206897,68.09137931034482,67.52517241379311,67.87379310344828,3032192.0,interpolated
738,2024-12-08 10:00:00+00:00,67.80206896551724,68.1103448275862,67.53379310344828,67.89344827586207,3164413.0,interpolated
739,2024-12-08 12:00:00+00:00,67.81586206896552,68.12931034482759,67.54241379310345,67.91310344827586,3296634.0,interpolated
740,2024-12-08 14:00:00+00:00,67.8296551724138,68.14827586206896,67.55103448275862,67.93275862068965,3428855.0,interpolated
741,2024-12-08 16:00:00+00:00,67.84344827586207,68.16724137931034,67.5596551724138,67.95241379310345,3561076.0,interpolated
742,2024-12-08 18:00:00+00:00,67.85724137931034,68.18620689655172,67.56827586206897,67.97206896551724,3693297.0,interpolated
743,2024-12-08 20:00:00+00:00,67.87103448275862,68.20517241379311,67.57689655172415,67.99172413793103,3825518.0,interpolated
744,2024-12-08 22:00:00+00:00,67.8848275862069,68.22413793103448,67.58551724137932,68.01137931034484,3957739.0,interpolated
745,2024-12-09 00:00:00+00:00,67.89862068965517,68.24310344827586,67.59413793103448,68.03103448275863,4089960.0,interpolated
746,2024-12-09 02:00:00+00:00,67.91241379310344,68.26206896551724,67.60275862068966,68.05068965517242,4222181.0,interpolated
747,2024-12-09 04:00:00+00:00,67.92620689655172,68.28103448275861,67.61137931034483,68.07034482758621,4354402.0,interpolated
748,2024-12-09 06:00:00+00:00,67.94,68.3,67.62,68.09,4486623.0,present
749,2024-12-09 08:00:00+00:00,68.08,68.1,67.54,67.92,2613837.0,present
750,2024-12-09 10:00:00+00:00,67.92,68.28,67.75,68.21,2104279.0,present
751,2024-12-09 12:00:00+00:00,68.21,68.8,68.06,68.73,5849063.0,present
752,2024-12-09 14:00:00+00:00,68.73,68.76,68.27,68.42,1970075.0,present
753,2024-12-09 16:00:00+00:00,68.42,68.55,68.31,68.39,851287.0,present
754,2024-12-09 18:00:00+00:00,68.39,68.49,68.35,68.36,422665.0,present
755,2024-12-09 20:00:00+00:00,68.37,68.37,68.05,68.1,537528.0,present
756,2024-12-09 22:00:00+00:00,68.334,68.34,67.954,68.002,1044853.6,interpolated
757,2024-12-10 00:00:00+00:00,68.298,68.31,67.85799999999999,67.904,1552179.2,interpolated
758,2024-12-10 02:00:00+00:00,68.262,68.28,67.762,67.806,2059504.7999999998,interpolated
759,2024-12-10 04:00:00+00:00,68.226,68.25,67.666,67.708,2566830.4,interpolated
760,2024-12-10 06:00:00+00:00,68.19,68.22,67.57,67.61,3074156.0,present
761,2024-12-10 08:00:00+00:00,67.62,67.97,66.86,67.04,5697153.0,present
762,2024-12-10 10:00:00+00:00,67.05,67.59,66.7,66.84,4821422.0,present
763,2024-12-10 12:00:00+00:00,66.83,67.48,66.68,67.05,2928239.0,present
764,2024-12-10 12:00:00+00:00,66.83,67.48,66.68,67.05,2928239.0,present
765,2024-12-10 14:00:00+00:00,67.05,67.36,66.7,67.0,3055511.0,present
766,2024-12-10 16:00:00+00:00,66.95,67.14,66.85,67.11,801943.0,present
767,2024-12-10 18:00:00+00:00,67.11,67.28,66.9,67.08,798288.0,present
768,2024-12-10 20:00:00+00:00,67.09,67.16,66.81,66.94,511190.0,present
769,2024-12-10 22:00:00+00:00,67.06,67.154,66.746,66.904,824572.0,interpolated
770,2024-12-11 00:00:00+00:00,67.03,67.148,66.682,66.868,1137954.0,interpolated
771,2024-12-11 02:00:00+00:00,67.0,67.142,66.618,66.83200000000001,1451336.0,interpolated
772,2024-12-11 04:00:00+00:00,66.97,67.136,66.554,66.796,1764718.0,interpolated
773,2024-12-11 06:00:00+00:00,66.94,67.13,66.49,66.76,2078100.0,present
774,2024-12-11 08:00:00+00:00,66.77,67.7,66.74,67.44,4564439.0,present
775,2024-12-11 10:00:00+00:00,67.44,67.44,66.91,67.14,2324276.0,present
776,2024-12-11 12:00:00+00:00,67.14,67.52,67.0,67.34,2588278.0,present
777,2024-12-11 14:00:00+00:00,67.34,67.64,66.79,66.96,2726190.0,present
778,2024-12-11 16:00:00+00:00,66.9,67.59,66.76,67.35,2231895.0,present
779,2024-12-11 18:00:00+00:00,67.38,67.59,67.25,67.59,886202.0,present
780,2024-12-11 20:00:00+00:00,67.58,67.85,67.58,67.81,779692.0,present
781,2024-12-11 22:00:00+00:00,67.664,68.00999999999999,67.55199999999999,67.97200000000001,1714516.0,interpolated
782,2024-12-12 00:00:00+00:00,67.748,68.17,67.524,68.134,2649340.0,interpolated
783,2024-12-12 02:00:00+00:00,67.832,68.33,67.496,68.296,3584164.0,interpolated
784,2024-12-12 04:00:00+00:00,67.916,68.49000000000001,67.468,68.458,4518988.0,interpolated
785,2024-12-12 06:00:00+00:00,68.0,68.65,67.44,68.62,5453812.0,present
786,2024-12-12 08:00:00+00:00,68.63,68.66,67.42,67.58,7116801.0,present
787,2024-12-12 10:00:00+00:00,67.56,67.72,67.04,67.36,2528654.0,present
788,2024-12-12 12:00:00+00:00,67.37,67.73,67.16,67.19,2103966.0,present
789,2024-12-12 14:00:00+00:00,67.21,67.25,66.6,66.72,3818613.0,present
790,2024-12-12 16:00:00+00:00,66.7,67.32,66.6,66.8,2250852.0,present
791,2024-12-12 18:00:00+00:00,66.81,66.96,66.61,66.67,810222.0,present
792,2024-12-12 20:00:00+00:00,66.66,66.67,66.5,66.57,535119.0,present
793,2024-12-12 22:00:00+00:00,66.618,66.648,66.346,66.53,1598024.8,interpolated
794,2024-12-13 00:00:00+00:00,66.576,66.626,66.19200000000001,66.49,2660930.6,interpolated
795,2024-12-13 02:00:00+00:00,66.534,66.604,66.038,66.45,3723836.4,interpolated
796,2024-12-13 04:00:00+00:00,66.492,66.58200000000001,65.884,66.41,4786742.2,interpolated
797,2024-12-13 06:00:00+00:00,66.45,66.56,65.73,66.37,5849648.0,present
798,2024-12-13 08:00:00+00:00,66.37,66.58,66.0,66.18,4261315.0,present
799,2024-12-13 10:00:00+00:00,66.18,67.0,66.18,66.66,3174134.0,present
800,2024-12-13 12:00:00+00:00,66.61,66.9,66.22,66.47,2972015.0,present
801,2024-12-13 14:00:00+00:00,66.48,66.84,66.47,66.75,1070975.0,present
802,2024-12-13 16:00:00+00:00,66.85,66.85,66.51,66.52,631440.0,present
803,2024-12-13 18:00:00+00:00,66.52,66.59,66.45,66.46,466072.0,present
804,2024-12-13 20:00:00+00:00,66.46,66.46,66.29,66.38,443182.0,present
805,2024-12-13 22:00:00+00:00,66.44827586206895,66.45482758620689,66.26827586206898,66.36551724137931,519019.275862069,interpolated
806,2024-12-14 00:00:00+00:00,66.43655172413793,66.44965517241378,66.24655172413793,66.35103448275862,594856.551724138,interpolated
807,2024-12-14 02:00:00+00:00,66.42482758620689,66.44448275862068,66.2248275862069,66.33655172413792,670693.8275862068,interpolated
808,2024-12-14 04:00:00+00:00,66.41310344827586,66.43931034482758,66.20310344827587,66.32206896551723,746531.103448276,interpolated
809,2024-12-14 06:00:00+00:00,66.40137931034482,66.43413793103448,66.18137931034484,66.30758620689654,822368.3793103448,interpolated
810,2024-12-14 08:00:00+00:00,66.38965517241378,66.42896551724138,66.15965517241379,66.29310344827586,898205.6551724138,interpolated
811,2024-12-14 10:00:00+00:00,66.37793103448276,66.42379310344828,66.13793103448276,66.27862068965517,974042.9310344828,interpolated
812,2024-12-14 12:00:00+00:00,66.36620689655172,66.41862068965517,66.11620689655173,66.26413793103448,1049880.206896552,interpolated
813,2024-12-14 14:00:00+00:00,66.35448275862069,66.41344827586207,66.0944827586207,66.24965517241378,1125717.4827586208,interpolated
814,2024-12-14 16:00:00+00:00,66.34275862068965,66.40827586206896,66.07275862068965,66.2351724137931,1201554.7586206896,interpolated
815,2024-12-14 18:00:00+00:00,66.33103448275862,66.40310344827586,66.05103448275862,66.22068965517241,1277392.0344827585,interpolated
816,2024-12-14 20:00:00+00:00,66.31931034482758,66.39793103448275,66.02931034482759,66.20620689655172,1353229.3103448276,interpolated
817,2024-12-14 22:00:00+00:00,66.30758620689654,66.39275862068965,66.00758620689655,66.19172413793103,1429066.5862068967,interpolated
818,2024-12-15 00:00:00+00:00,66.29586206896552,66.38758620689654,65.98586206896552,66.17724137931035,1504903.8620689656,interpolated
819,2024-12-15 02:00:00+00:00,66.28413793103448,66.38241379310345,65.96413793103449,66.16275862068964,1580741.1379310344,interpolated
820,2024-12-15 04:00:00+00:00,66.27241379310345,66.37724137931035,65.94241379310346,66.14827586206896,1656578.4137931035,interpolated
821,2024-12-15 06:00:00+00:00,66.26068965517241,66.37206896551724,65.92068965517241,66.13379310344827,1732415.6896551724,interpolated
822,2024-12-15 08:00:00+00:00,66.24896551724137,66.36689655172414,65.89896551724138,66.11931034482758,1808252.9655172413,interpolated
823,2024-12-15 10:00:00+00:00,66.23724137931035,66.36172413793103,65.87724137931035,66.1048275862069,1884090.2413793104,interpolated
824,2024-12-15 12:00:00+00:00,66.22551724137931,66.35655172413793,65.8555172413793,66.09034482758621,1959927.5172413792,interpolated
825,2024-12-15 14:00:00+00:00,66.21379310344828,66.35137931034483,65.83379310344827,66.0758620689655,2035764.7931034483,interpolated
826,2024-12-15 16:00:00+00:00,66.20206896551724,66.34620689655172,65.81206896551724,66.06137931034482,2111602.068965517,interpolated
827,2024-12-15 18:00:00+00:00,66.19034482758622,66.34103448275862,65.79034482758621,66.04689655172413,2187439.3448275863,interpolated
828,2024-12-15 20:00:00+00:00,66.17862068965518,66.33586206896551,65.76862068965517,66.03241379310344,2263276.620689655,interpolated
829,2024-12-15 22:00:00+00:00,66.16689655172414,66.33068965517242,65.74689655172413,66.01793103448276,2339113.896551724,interpolated
830,2024-12-16 00:00:00+00:00,66.15517241379311,66.32551724137932,65.7251724137931,66.00344827586207,2414951.1724137934,interpolated
831,2024-12-16 02:00:00+00:00,66.14344827586207,66.32034482758621,65.70344827586207,65.98896551724137,2490788.4482758623,interpolated
832,2024-12-16 04:00:00+00:00,66.13172413793104,66.3151724137931,65.68172413793103,65.97448275862068,2566625.724137931,interpolated
833,2024-12-16 06:00:00+00:00,66.12,66.31,65.66,65.96,2642463.0,present
834,2024-12-16 08:00:00+00:00,65.96,65.98,64.75,64.88,6185734.0,present
835,2024-12-16 10:00:00+00:00,64.87,65.35,64.36,64.83,5086923.0,present
836,2024-12-16 12:00:00+00:00,64.83,64.91,64.37,64.79,3166423.0,present
837,2024-12-16 14:00:00+00:00,64.79,64.92,64.02,64.27,3581437.0,present
838,2024-12-16 16:00:00+00:00,64.48,64.92,63.8,64.56,3934124.0,present
839,2024-12-16 18:00:00+00:00,64.56,64.71,64.19,64.28,1119617.0,present
840,2024-12-16 20:00:00+00:00,64.28,64.29,64.0,64.25,610954.0,present
841,2024-12-16 22:00:00+00:00,64.268,64.36,64.012,64.32,1201209.2,interpolated
842,2024-12-17 00:00:00+00:00,64.256,64.43,64.024,64.39,1791464.4,interpolated
843,2024-12-17 02:00:00+00:00,64.244,64.5,64.036,64.46,2381719.5999999996,interpolated
844,2024-12-17 04:00:00+00:00,64.232,64.57000000000001,64.048,64.53,2971974.8,interpolated
845,2024-12-17 06:00:00+00:00,64.22,64.64,64.06,64.6,3562230.0,present
846,2024-12-17 08:00:00+00:00,64.6,64.79,64.3,64.59,2242617.0,present
847,2024-12-17 10:00:00+00:00,64.59,64.67,63.84,64.0,2609485.0,present
848,2024-12-17 12:00:00+00:00,63.99,64.29,63.7,63.9,3277128.0,present
849,2024-12-17 12:00:00+00:00,63.99,64.29,63.7,63.9,3277128.0,present
850,2024-12-17 14:00:00+00:00,63.9,64.17,63.67,63.82,2036608.0,present
851,2024-12-17 16:00:00+00:00,63.85,64.28,63.82,64.17,1415623.0,present
852,2024-12-17 18:00:00+00:00,64.17,64.34,63.95,64.14,891328.0,present
853,2024-12-17 20:00:00+00:00,64.14,64.25,64.1,64.21,212657.0,present
854,2024-12-17 22:00:00+00:00,64.166,64.314,64.106,64.198,741607.0,interpolated
855,2024-12-18 00:00:00+00:00,64.192,64.378,64.112,64.18599999999999,1270557.0,interpolated
856,2024-12-18 02:00:00+00:00,64.218,64.442,64.118,64.174,1799507.0,interpolated
857,2024-12-18 04:00:00+00:00,64.244,64.506,64.124,64.162,2328457.0,interpolated
858,2024-12-18 06:00:00+00:00,64.27,64.57,64.13,64.15,2857407.0,present
859,2024-12-18 08:00:00+00:00,64.15,64.27,63.87,63.98,2399211.0,present
860,2024-12-18 10:00:00+00:00,63.99,64.0,63.77,63.89,2047053.0,present
861,2024-12-18 12:00:00+00:00,63.89,64.14,63.62,63.79,2349526.0,present
862,2024-12-18 14:00:00+00:00,63.79,64.49,63.75,64.49,3383509.0,present
863,2024-12-18 16:00:00+00:00,64.5,65.39,64.48,64.97,5139680.0,present
864,2024-12-18 18:00:00+00:00,64.97,65.24,64.96,65.06,854713.0,present
865,2024-12-18 20:00:00+00:00,65.08,65.41,65.02,65.23,777092.0,present
866,2024-12-18 22:00:00+00:00,65.154,65.428,64.996,65.176,1114156.8,interpolated
867,2024-12-19 00:00:00+00:00,65.228,65.446,64.972,65.122,1451221.6,interpolated
868,2024-12-19 02:00:00+00:00,65.302,65.464,64.94800000000001,65.068,1788286.4,interpolated
869,2024-12-19 04:00:00+00:00,65.376,65.482,64.924,65.014,2125351.2,interpolated
870,2024-12-19 06:00:00+00:00,65.45,65.5,64.9,64.96,2462416.0,present
871,2024-12-19 08:00:00+00:00,64.96,66.27,64.85,65.79,7665685.0,present
872,2024-12-19 10:00:00+00:00,65.81,65.89,65.24,65.4,4577304.0,present
873,2024-12-19 12:00:00+00:00,65.41,65.98,65.14,65.18,5529865.0,present
874,2024-12-19 14:00:00+00:00,65.2,66.04,65.15,66.04,6090116.0,present
875,2024-12-19 16:00:00+00:00,65.95,66.19,65.75,66.04,2152614.0,present
876,2024-12-19 18:00:00+00:00,66.03,66.04,65.87,65.97,392593.0,present
877,2024-12-19 20:00:00+00:00,65.97,66.06,65.9,65.95,431173.0,present
878,2024-12-19 22:00:00+00:00,65.94,66.116,65.88000000000001,65.94800000000001,791510.2,interpolated
879,2024-12-20 00:00:00+00:00,65.91,66.172,65.86,65.946,1151847.4,interpolated
880,2024-12-20 02:00:00+00:00,65.88,66.22800000000001,65.84,65.944,1512184.6,interpolated
881,2024-12-20 04:00:00+00:00,65.85,66.284,65.82,65.942,1872521.8,interpolated
882,2024-12-20 06:00:00+00:00,65.82,66.34,65.8,65.94,2232859.0,present
883,2024-12-20 08:00:00+00:00,65.93,66.46,65.87,66.22,3471231.0,present
884,2024-12-20 10:00:00+00:00,68.54,69.41999999999999,68.225,69.21000000000001,8811332.0,interpolated
885,2024-12-20 12:00:00+00:00,71.15,72.38,70.58,72.2,14151433.0,present
886,2024-12-20 14:00:00+00:00,72.21,73.27,72.03,73.04,8988322.0,present
887,2024-12-20 16:00:00+00:00,73.0,73.05,72.17,72.6,3197956.0,present
888,2024-12-20 18:00:00+00:00,72.6,73.15,72.59,72.7,1802038.0,present
889,2024-12-20 20:00:00+00:00,72.69,72.94,72.67,72.88,793929.0,present
890,2024-12-20 22:00:00+00:00,72.745,73.002,72.69800000000001,72.90133333333333,1126021.1333333333,interpolated
891,2024-12-21 00:00:00+00:00,72.8,73.064,72.726,72.92266666666666,1458113.2666666666,interpolated
892,2024-12-21 02:00:00+00:00,72.855,73.126,72.754,72.94399999999999,1790205.4,interpolated
893,2024-12-21 04:00:00+00:00,72.91,73.188,72.782,72.96533333333333,2122297.533333333,interpolated
894,2024-12-21 06:00:00+00:00,72.965,73.25,72.81,72.98666666666666,2454389.6666666665,interpolated
895,2024-12-21 08:00:00+00:00,73.02,73.312,72.83800000000001,73.008,2786481.8,interpolated
896,2024-12-21 10:00:00+00:00,73.075,73.374,72.866,73.02933333333333,3118573.933333333,interpolated
897,2024-12-21 12:00:00+00:00,73.13,73.43599999999999,72.894,73.05066666666666,3450666.0666666664,interpolated
898,2024-12-21 14:00:00+00:00,73.185,73.49799999999999,72.922,73.072,3782758.1999999997,interpolated
899,2024-12-21 16:00:00+00:00,73.24,73.56,72.95,73.09333333333333,4114850.333333333,interpolated
900,2024-12-21 18:00:00+00:00,73.295,73.622,72.97800000000001,73.11466666666666,4446942.466666667,interpolated
901,2024-12-21 20:00:00+00:00,73.35,73.684,73.006,73.136,4779034.6,interpolated
902,2024-12-21 22:00:00+00:00,73.405,73.746,73.034,73.15733333333333,5111126.733333333,interpolated
903,2024-12-22 00:00:00+00:00,73.46,73.80799999999999,73.062,73.17866666666666,5443218.866666666,interpolated
904,2024-12-22 02:00:00+00:00,73.515,73.87,73.09,73.19999999999999,5775311.0,interpolated
905,2024-12-22 04:00:00+00:00,73.57000000000001,73.932,73.11800000000001,73.22133333333333,6107403.133333333,interpolated
906,2024-12-22 06:00:00+00:00,73.625,73.994,73.146,73.24266666666666,6439495.266666667,interpolated
907,2024-12-22 08:00:00+00:00,73.68,74.056,73.174,73.264,6771587.399999999,interpolated
908,2024-12-22 10:00:00+00:00,73.735,74.118,73.202,73.28533333333333,7103679.533333333,interpolated
909,2024-12-22 12:00:00+00:00,73.79,74.17999999999999,73.23,73.30666666666666,7435771.666666666,interpolated
910,2024-12-22 14:00:00+00:00,73.845,74.24199999999999,73.25800000000001,73.328,7767863.8,interpolated
911,2024-12-22 16:00:00+00:00,73.9,74.304,73.286,73.34933333333333,8099955.933333333,interpolated
912,2024-12-22 18:00:00+00:00,73.955,74.366,73.31400000000001,73.37066666666666,8432048.066666666,interpolated
913,2024-12-22 20:00:00+00:00,74.01,74.428,73.342,73.392,8764140.2,interpolated
914,2024-12-22 22:00:00+00:00,74.065,74.49,73.37,73.41333333333333,9096232.333333332,interpolated
915,2024-12-23 00:00:00+00:00,74.12,74.55199999999999,73.39800000000001,73.43466666666666,9428324.466666667,interpolated
916,2024-12-23 02:00:00+00:00,74.175,74.614,73.426,73.45599999999999,9760416.6,interpolated
917,2024-12-23 04:00:00+00:00,74.23,74.676,73.45400000000001,73.47733333333333,10092508.733333332,interpolated
918,2024-12-23 06:00:00+00:00,74.285,74.738,73.482,73.49866666666667,10424600.866666667,interpolated
919,2024-12-23 08:00:00+00:00,74.34,74.8,73.51,73.52,10756693.0,present
920,2024-12-23 10:00:00+00:00,73.51,74.27,73.1,73.75,6029903.0,present
921,2024-12-23 12:00:00+00:00,73.75,74.36,73.58,73.96,3523814.0,present
922,2024-12-23 14:00:00+00:00,73.98,74.26,73.52,73.6,1766746.0,present
923,2024-12-23 16:00:00+00:00,73.6,73.91,73.57,73.77,1241400.0,present
924,2024-12-23 18:00:00+00:00,73.76,74.29,73.73,74.27,1800388.0,present
925,2024-12-23 20:00:00+00:00,74.26,74.3,74.17,74.19,535994.0,present
926,2024-12-23 22:00:00+00:00,74.25800000000001,74.292,73.856,74.004,1982492.0,interpolated
927,2024-12-24 00:00:00+00:00,74.256,74.284,73.542,73.818,3428990.0,interpolated
928,2024-12-24 02:00:00+00:00,74.254,74.276,73.228,73.632,4875488.0,interpolated
929,2024-12-24 04:00:00+00:00,74.252,74.268,72.914,73.446,6321986.0,interpolated
930,2024-12-24 06:00:00+00:00,74.25,74.26,72.6,73.26,7768484.0,present
931,2024-12-24 08:00:00+00:00,73.27,73.93,72.81,73.52,7522692.0,present
932,2024-12-24 10:00:00+00:00,73.5,74.75,73.22,74.29,7922165.0,present
933,2024-12-24 12:00:00+00:00,74.29,74.61,73.62,73.93,5228250.0,present
934,2024-12-24 12:00:00+00:00,74.29,74.61,73.62,73.93,5228250.0,present
935,2024-12-24 14:00:00+00:00,73.93,74.38,73.8,74.07,3095494.0,present
936,2024-12-24 16:00:00+00:00,74.02,74.09,73.71,73.82,1075690.0,present
937,2024-12-24 18:00:00+00:00,73.82,74.03,73.81,73.82,434154.0,present
938,2024-12-24 20:00:00+00:00,73.84,73.97,73.83,73.89,268243.0,present
939,2024-12-24 22:00:00+00:00,73.818,73.97,73.692,73.766,923995.2,interpolated
940,2024-12-25 00:00:00+00:00,73.796,73.97,73.554,73.642,1579747.4,interpolated
941,2024-12-25 02:00:00+00:00,73.774,73.97,73.416,73.518,2235499.5999999996,interpolated
942,2024-12-25 04:00:00+00:00,73.75200000000001,73.97,73.278,73.39399999999999,2891251.8,interpolated
943,2024-12-25 06:00:00+00:00,73.73,73.97,73.14,73.27,3547004.0,present
944,2024-12-25 08:00:00+00:00,73.27,75.0,73.03,74.52,10558763.0,present
945,2024-12-25 10:00:00+00:00,74.52,75.09,74.28,74.83,8357823.0,present
946,2024-12-25 12:00:00+00:00,75.425,75.735,74.955,75.32000000000001,6971742.0,interpolated
947,2024-12-25 14:00:00+00:00,76.33,76.38,75.63,75.81,5585661.0,present
948,2024-12-25 16:00:00+00:00,76.09,76.45,75.71,76.15,3902906.0,present
949,2024-12-25 18:00:00+00:00,76.18,76.85,76.09,76.67,2858522.0,present
950,2024-12-25 20:00:00+00:00,76.68,76.68,76.3,76.53,575930.0,present
951,2024-12-25 22:00:00+00:00,76.66600000000001,76.798,76.246,76.622,1974742.0,interpolated
952,2024-12-26 00:00:00+00:00,76.652,76.916,76.192,76.714,3373554.0,interpolated
953,2024-12-26 02:00:00+00:00,76.638,77.034,76.138,76.806,4772366.0,interpolated
954,2024-12-26 04:00:00+00:00,76.624,77.152,76.084,76.898,6171178.0,interpolated
955,2024-12-26 06:00:00+00:00,76.61,77.27,76.03,76.99,7569990.0,present
956,2024-12-26 08:00:00+00:00,76.99,77.25,75.73,76.67,11431445.0,present
957,2024-12-26 10:00:00+00:00,76.64,77.13,76.32,77.06,5053800.0,present
958,2024-12-26 12:00:00+00:00,77.06,77.67,76.85,77.18,8215227.0,present
959,2024-12-26 14:00:00+00:00,77.2,77.2,76.83,76.99,1598579.0,present
960,2024-12-26 16:00:00+00:00,76.99,77.24,76.22,76.25,3731974.0,present
961,2024-12-26 18:00:00+00:00,76.25,76.7,75.65,75.9,3212604.0,present
962,2024-12-26 20:00:00+00:00,75.89,75.9,75.66,75.74,667100.0,present
963,2024-12-26 22:00:00+00:00,75.906,76.058,75.63199999999999,75.91799999999999,1377863.4,interpolated
964,2024-12-27 00:00:00+00:00,75.922,76.21600000000001,75.604,76.09599999999999,2088626.8,interpolated
965,2024-12-27 02:00:00+00:00,75.938,76.374,75.576,76.274,2799390.2,interpolated
966,2024-12-27 04:00:00+00:00,75.954,76.532,75.548,76.452,3510153.6,interpolated
967,2024-12-27 06:00:00+00:00,75.97,76.69,75.52,76.63,4220917.0,present
968,2024-12-27 08:00:00+00:00,76.61,76.99,76.27,76.84,4985288.0,present
969,2024-12-27 10:00:00+00:00,76.86,76.94,75.97,76.39,4839428.0,present
970,2024-12-27 12:00:00+00:00,76.38,76.84,76.13,76.31,3768323.0,present
971,2024-12-27 14:00:00+00:00,76.28,76.4,75.83,76.19,2924128.0,present
972,2024-12-27 16:00:00+00:00,76.2,76.66,76.09,76.42,1036511.0,present
973,2024-12-27 18:00:00+00:00,76.42,76.7,76.37,76.58,799053.0,present
974,2024-12-27 20:00:00+00:00,76.57,76.63,76.47,76.49,311641.0,present
975,2024-12-27 22:00:00+00:00,76.78333333333333,76.93833333333333,76.69666666666666,76.78,1424804.6666666667,interpolated
976,2024-12-28 00:00:00+00:00,76.99666666666666,77.24666666666667,76.92333333333333,77.07,2537968.3333333335,interpolated
977,2024-12-28 02:00:00+00:00,77.21,77.555,77.15,77.36,3651132.0000000005,interpolated
978,2024-12-28 04:00:00+00:00,77.42333333333333,77.86333333333333,77.37666666666667,77.65,4764295.666666667,interpolated
979,2024-12-28 06:00:00+00:00,77.63666666666666,78.17166666666667,77.60333333333332,77.94,5877459.333333334,interpolated
980,2024-12-28 08:00:00+00:00,77.85,78.48,77.83,78.23,6990623.0,present
981,2024-12-28 10:00:00+00:00,78.21,78.37,77.67,77.81,4159107.0,present
982,2024-12-28 12:00:00+00:00,77.82,77.82,77.08,77.21,3384637.0,present
983,2024-12-28 14:00:00+00:00,77.21,77.73,77.17,77.55,1718504.0,present
984,2024-12-28 16:00:00+00:00,77.55,78.19,77.46,77.91,2203387.0,present
985,2024-12-28 18:00:00+00:00,77.92,78.09,77.82,78.03,958966.0,present
986,2024-12-28 20:00:00+00:00,78.03,78.15,78.0,78.09,439637.0,present
987,2024-12-28 22:00:00+00:00,78.0864705882353,78.23588235294118,78.00294117647059,78.16764705882353,768254.8823529412,interpolated
988,2024-12-29 00:00:00+00:00,78.14294117647059,78.32176470588236,78.00588235294117,78.24529411764706,1096872.7647058824,interpolated
989,2024-12-29 02:00:00+00:00,78.19941176470589,78.40764705882353,78.00882352941177,78.3229411764706,1425490.6470588236,interpolated
990,2024-12-29 04:00:00+00:00,78.25588235294117,78.49352941176471,78.01176470588236,78.40058823529412,1754108.5294117648,interpolated
991,2024-12-29 06:00:00+00:00,78.31235294117647,78.57941176470588,78.01470588235294,78.47823529411765,2082726.411764706,interpolated
992,2024-12-29 08:00:00+00:00,78.36882352941177,78.66529411764706,78.01764705882353,78.55588235294118,2411344.294117647,interpolated
993,2024-12-29 10:00:00+00:00,78.42529411764706,78.75117647058823,78.02058823529411,78.63352941176471,2739962.1764705884,interpolated
994,2024-12-29 12:00:00+00:00,78.48176470588236,78.83705882352942,78.0235294117647,78.71117647058824,3068580.0588235296,interpolated
995,2024-12-29 14:00:00+00:00,78.53823529411764,78.92294117647059,78.0264705882353,78.78882352941176,3397197.941176471,interpolated
996,2024-12-29 16:00:00+00:00,78.59470588235294,79.00882352941177,78.02941176470588,78.86647058823529,3725815.823529412,interpolated
997,2024-12-29 18:00:00+00:00,78.65117647058823,79.09470588235294,78.03235294117647,78.94411764705882,4054433.7058823532,interpolated
998,2024-12-29 20:00:00+00:00,78.70764705882353,79.18058823529412,78.03529411764706,79.02176470588235,4383051.588235294,interpolated
999,2024-12-29 22:00:00+00:00,78.76411764705882,79.2664705882353,78.03823529411764,79.09941176470588,4711669.470588235,interpolated
1000,2024-12-30 00:00:00+00:00,78.82058823529411,79.35235294117648,78.04117647058823,79.1770588235294,5040287.352941177,interpolated
1001,2024-12-30 02:00:00+00:00,78.87705882352941,79.43823529411765,78.04411764705883,79.25470588235294,5368905.235294118,interpolated
1002,2024-12-30 04:00:00+00:00,78.9335294117647,79.52411764705883,78.04705882352941,79.33235294117647,5697523.117647059,interpolated
1003,2024-12-30 06:00:00+00:00,78.99,79.61,78.05,79.41,6026141.0,present
1004,2024-12-30 08:00:00+00:00,79.39,79.89,79.3,79.46,3913341.0,present
1005,2024-12-30 10:00:00+00:00,79.46,79.88,79.21,79.63,2278602.0,present
1006,2024-12-30 12:00:00+00:00,79.63,79.84,79.07,79.22,2293258.0,present
1007,2024-12-30 14:00:00+00:00,79.22,79.74,79.21,79.71,1902045.0,present
1008,2024-12-30 16:00:00+00:00,79.71,79.77,79.4,79.74,1502684.0,present
1009,2024-12-30 18:00:00+00:00,79.71,80.41,79.7,80.08,3211547.0,present
1010,2024-12-30 20:00:00+00:00,80.09,80.19,79.95,80.03,878850.0,present
1011,2024-12-30 22:00:00+00:00,80.04476190476191,80.15285714285714,79.90380952380953,79.98666666666666,960053.5714285715,interpolated
1012,2024-12-31 00:00:00+00:00,79.99952380952381,80.11571428571429,79.85761904761905,79.94333333333333,1041257.1428571428,interpolated
1013,2024-12-31 02:00:00+00:00,79.95428571428572,80.07857142857142,79.81142857142858,79.9,1122460.7142857143,interpolated
1014,2024-12-31 04:00:00+00:00,79.90904761904763,80.04142857142857,79.7652380952381,79.85666666666667,1203664.2857142857,interpolated
1015,2024-12-31 06:00:00+00:00,79.86380952380952,80.00428571428571,79.71904761904763,79.81333333333333,1284867.8571428573,interpolated
1016,2024-12-31 08:00:00+00:00,79.81857142857143,79.96714285714286,79.67285714285714,79.77,1366071.4285714286,interpolated
1017,2024-12-31 10:00:00+00:00,79.77333333333334,79.92999999999999,79.62666666666667,79.72666666666666,1447275.0,interpolated
1018,2024-12-31 12:00:00+00:00,79.72809523809524,79.89285714285714,79.58047619047619,79.68333333333334,1528478.5714285714,interpolated
1019,2024-12-31 14:00:00+00:00,79.68285714285715,79.85571428571428,79.53428571428572,79.64,1609682.1428571427,interpolated
1020,2024-12-31 16:00:00+00:00,79.63761904761905,79.81857142857143,79.48809523809524,79.59666666666666,1690885.7142857143,interpolated
1021,2024-12-31 18:00:00+00:00,79.59238095238095,79.78142857142856,79.44190476190477,79.55333333333333,1772089.285714286,interpolated
1022,2024-12-31 20:00:00+00:00,79.54714285714286,79.74428571428571,79.39571428571429,79.51,1853292.8571428573,interpolated
1023,2024-12-31 22:00:00+00:00,79.50190476190477,79.70714285714286,79.34952380952382,79.46666666666667,1934496.4285714286,interpolated
1024,2025-01-01 00:00:00+00:00,79.45666666666666,79.67,79.30333333333334,79.42333333333333,2015700.0,interpolated
1025,2025-01-01 02:00:00+00:00,79.41142857142857,79.63285714285713,79.25714285714287,79.38,2096903.5714285714,interpolated
1026,2025-01-01 04:00:00+00:00,79.36619047619048,79.59571428571428,79.21095238095238,79.33666666666666,2178107.1428571427,interpolated
1027,2025-01-01 06:00:00+00:00,79.32095238095238,79.55857142857143,79.1647619047619,79.29333333333334,2259310.7142857146,interpolated
1028,2025-01-01 08:00:00+00:00,79.27571428571429,79.52142857142857,79.11857142857143,79.25,2340514.2857142854,interpolated
1029,2025-01-01 10:00:00+00:00,79.2304761904762,79.4842857142857,79.07238095238095,79.20666666666666,2421717.8571428573,interpolated
1030,2025-01-01 12:00:00+00:00,79.18523809523809,79.44714285714285,79.02619047619048,79.16333333333333,2502921.4285714286,interpolated
1031,2025-01-01 14:00:00+00:00,79.14,79.41,78.98,79.12,2584125.0,interpolated
1032,2025-01-01 16:00:00+00:00,79.09476190476191,79.37285714285714,78.93380952380953,79.07666666666667,2665328.571428572,interpolated
1033,2025-01-01 18:00:00+00:00,79.0495238095238,79.33571428571429,78.88761904761905,79.03333333333333,2746532.1428571427,interpolated
1034,2025-01-01 20:00:00+00:00,79.00428571428571,79.29857142857142,78.84142857142858,78.99,2827735.7142857146,interpolated
1035,2025-01-01 22:00:00+00:00,78.95904761904762,79.26142857142857,78.7952380952381,78.94666666666666,2908939.2857142854,interpolated
1036,2025-01-02 00:00:00+00:00,78.91380952380952,79.22428571428571,78.74904761904763,78.90333333333334,2990142.8571428573,interpolated
1037,2025-01-02 02:00:00+00:00,78.86857142857143,79.18714285714286,78.70285714285714,78.86,3071346.4285714286,interpolated
1038,2025-01-02 04:00:00+00:00,78.82333333333334,79.14999999999999,78.65666666666667,78.81666666666666,3152550.0,interpolated
1039,2025-01-02 06:00:00+00:00,78.77809523809523,79.11285714285714,78.61047619047619,78.77333333333333,3233753.5714285714,interpolated
1040,2025-01-02 08:00:00+00:00,78.73285714285714,79.07571428571428,78.56428571428572,78.72999999999999,3314957.1428571427,interpolated
1041,2025-01-02 10:00:00+00:00,78.68761904761905,79.03857142857143,78.51809523809524,78.68666666666667,3396160.7142857146,interpolated
1042,2025-01-02 12:00:00+00:00,78.64238095238095,79.00142857142856,78.47190476190477,78.64333333333333,3477364.285714286,interpolated
1043,2025-01-02 14:00:00+00:00,78.59714285714286,78.96428571428571,78.42571428571429,78.6,3558567.8571428573,interpolated
1044,2025-01-02 16:00:00+00:00,78.55190476190477,78.92714285714285,78.37952380952382,78.55666666666666,3639771.4285714286,interpolated
1045,2025-01-02 18:00:00+00:00,78.50666666666666,78.89,78.33333333333334,78.51333333333332,3720975.0,interpolated
1046,2025-01-02 20:00:00+00:00,78.46142857142857,78.85285714285713,78.28714285714287,78.47,3802178.5714285714,interpolated
1047,2025-01-02 22:00:00+00:00,78.41619047619048,78.81571428571428,78.24095238095238,78.42666666666666,3883382.1428571427,interpolated
1048,2025-01-03 00:00:00+00:00,78.37095238095237,78.77857142857142,78.1947619047619,78.38333333333333,3964585.7142857146,interpolated
1049,2025-01-03 02:00:00+00:00,78.32571428571428,78.74142857142857,78.14857142857143,78.33999999999999,4045789.285714286,interpolated
1050,2025-01-03 04:00:00+00:00,78.2804761904762,78.7042857142857,78.10238095238095,78.29666666666667,4126992.8571428573,interpolated
1051,2025-01-03 06:00:00+00:00,78.23523809523809,78.66714285714285,78.05619047619048,78.25333333333333,4208196.428571429,interpolated
1052,2025-01-03 08:00:00+00:00,78.19,78.63,78.01,78.21,4289400.0,present
1053,2025-01-03 10:00:00+00:00,78.21,78.29,77.5,78.11,4524222.0,present
1054,2025-01-03 12:00:00+00:00,78.09,78.41,77.84,78.03,1739136.0,present
1055,2025-01-03 14:00:00+00:00,78.02,78.27,77.93,78.19,925212.0,present
1056,2025-01-03 16:00:00+00:00,78.13,78.17,77.74,77.98,756092.0,present
1057,2025-01-03 18:00:00+00:00,77.99,78.11,77.95,77.99,504948.0,present
1058,2025-01-03 20:00:00+00:00,78.0,78.04,77.78,77.78,409590.0,present
1059,2025-01-03 22:00:00+00:00,77.97758620689655,78.01620689655174,77.73517241379311,77.75620689655173,506651.0344827586,interpolated
1060,2025-01-04 00:00:00+00:00,77.95517241379311,77.99241379310345,77.6903448275862,77.73241379310345,603712.0689655172,interpolated
1061,2025-01-04 02:00:00+00:00,77.93275862068965,77.96862068965518,77.64551724137931,77.70862068965518,700773.103448276,interpolated
1062,2025-01-04 04:00:00+00:00,77.9103448275862,77.9448275862069,77.60068965517242,77.6848275862069,797834.1379310344,interpolated
1063,2025-01-04 06:00:00+00:00,77.88793103448276,77.92103448275863,77.55586206896552,77.66103448275862,894895.1724137932,interpolated
1064,2025-01-04 08:00:00+00:00,77.86551724137931,77.89724137931034,77.51103448275862,77.63724137931035,991956.2068965518,interpolated
1065,2025-01-04 10:00:00+00:00,77.84310344827585,77.87344827586207,77.46620689655172,77.61344827586207,1089017.2413793104,interpolated
1066,2025-01-04 12:00:00+00:00,77.82068965517242,77.84965517241379,77.42137931034483,77.5896551724138,1186078.2758620689,interpolated
1067,2025-01-04 14:00:00+00:00,77.79827586206896,77.82586206896552,77.37655172413794,77.56586206896552,1283139.3103448276,interpolated
1068,2025-01-04 16:00:00+00:00,77.77586206896551,77.80206896551725,77.33172413793103,77.54206896551725,1380200.3448275863,interpolated
1069,2025-01-04 18:00:00+00:00,77.75344827586207,77.77827586206897,77.28689655172414,77.51827586206896,1477261.3793103448,interpolated
1070,2025-01-04 20:00:00+00:00,77.73103448275862,77.7544827586207,77.24206896551725,77.49448275862069,1574322.4137931035,interpolated
1071,2025-01-04 22:00:00+00:00,77.70862068965516,77.73068965517241,77.19724137931034,77.47068965517242,1671383.448275862,interpolated
1072,2025-01-05 00:00:00+00:00,77.68620689655172,77.70689655172414,77.15241379310345,77.44689655172414,1768444.4827586208,interpolated
1073,2025-01-05 02:00:00+00:00,77.66379310344827,77.68310344827586,77.10758620689656,77.42310344827587,1865505.5172413795,interpolated
1074,2025-01-05 04:00:00+00:00,77.64137931034483,77.65931034482759,77.06275862068966,77.39931034482758,1962566.551724138,interpolated
1075,2025-01-05 06:00:00+00:00,77.61896551724138,77.6355172413793,77.01793103448276,77.37551724137931,2059627.5862068967,interpolated
1076,2025-01-05 08:00:00+00:00,77.59655172413792,77.61172413793103,76.97310344827586,77.35172413793104,2156688.620689655,interpolated
1077,2025-01-05 10:00:00+00:00,77.57413793103449,77.58793103448275,76.92827586206897,77.32793103448276,2253749.655172414,interpolated
1078,2025-01-05 12:00:00+00:00,77.55172413793103,77.56413793103448,76.88344827586207,77.30413793103449,2350810.6896551726,interpolated
1079,2025-01-05 14:00:00+00:00,77.52931034482758,77.54034482758621,76.83862068965517,77.2803448275862,2447871.724137931,interpolated
1080,2025-01-05 16:00:00+00:00,77.50689655172414,77.51655172413793,76.79379310344828,77.25655172413794,2544932.7586206896,interpolated
1081,2025-01-05 18:00:00+00:00,77.48448275862069,77.49275862068966,76.74896551724139,77.23275862068965,2641993.7931034486,interpolated
1082,2025-01-05 20:00:00+00:00,77.46206896551723,77.46896551724137,76.70413793103448,77.20896551724138,2739054.827586207,interpolated
1083,2025-01-05 22:00:00+00:00,77.4396551724138,77.4451724137931,76.65931034482759,77.18517241379311,2836115.8620689656,interpolated
1084,2025-01-06 00:00:00+00:00,77.41724137931034,77.42137931034482,76.6144827586207,77.16137931034483,2933176.896551724,interpolated
1085,2025-01-06 02:00:00+00:00,77.39482758620689,77.39758620689655,76.5696551724138,77.13758620689656,3030237.931034483,interpolated
1086,2025-01-06 04:00:00+00:00,77.37241379310345,77.37379310344826,76.5248275862069,77.11379310344827,3127298.9655172415,interpolated
1087,2025-01-06 06:00:00+00:00,77.35,77.35,76.48,77.09,3224360.0,present
1088,2025-01-06 08:00:00+00:00,77.09,77.68,76.99,77.17,3023050.0,present
1089,2025-01-06 10:00:00+00:00,77.18,77.7,77.15,77.55,1229720.0,present
1090,2025-01-06 12:00:00+00:00,77.54,77.63,77.27,77.6,862127.0,present
1091,2025-01-06 14:00:00+00:00,77.59,77.91,77.57,77.73,1222701.0,present
1092,2025-01-06 16:00:00+00:00,77.7,77.8,77.5,77.51,491950.0,present
1093,2025-01-06 18:00:00+00:00,77.52,77.82,77.49,77.82,307611.0,present
1094,2025-01-06 20:00:00+00:00,77.81,78.0,77.8,77.97,518525.0,present
1095,2025-01-06 22:00:00+00:00,77.82352941176471,78.05176470588235,77.80588235294117,77.99705882352941,679279.5294117647,interpolated
1096,2025-01-07 00:00:00+00:00,77.83705882352942,78.10352941176471,77.81176470588235,78.02411764705883,840034.0588235294,interpolated
1097,2025-01-07 02:00:00+00:00,77.85058823529413,78.15529411764706,77.81764705882352,78.05117647058823,1000788.5882352942,interpolated
1098,2025-01-07 04:00:00+00:00,77.86411764705883,78.20705882352941,77.82352941176471,78.07823529411765,1161543.1176470588,interpolated
1099,2025-01-07 06:00:00+00:00,77.87764705882353,78.25882352941176,77.82941176470588,78.10529411764706,1322297.6470588236,interpolated
1100,2025-01-07 08:00:00+00:00,77.89117647058823,78.31058823529412,77.83529411764705,78.13235294117648,1483052.1764705884,interpolated
1101,2025-01-07 10:00:00+00:00,77.90470588235294,78.36235294117647,77.84117647058824,78.15941176470588,1643806.705882353,interpolated
1102,2025-01-07 12:00:00+00:00,77.91823529411765,78.41411764705882,77.84705882352941,78.1864705882353,1804561.2352941176,interpolated
1103,2025-01-07 14:00:00+00:00,77.93176470588236,78.46588235294118,77.8529411764706,78.21352941176471,1965315.7647058824,interpolated
1104,2025-01-07 16:00:00+00:00,77.94529411764707,78.51764705882353,77.85882352941177,78.24058823529413,2126070.294117647,interpolated
1105,2025-01-07 18:00:00+00:00,77.95882352941177,78.56941176470588,77.86470588235295,78.26764705882353,2286824.823529412,interpolated
1106,2025-01-07 20:00:00+00:00,77.97235294117648,78.62117647058824,77.87058823529412,78.29470588235294,2447579.352941177,interpolated
1107,2025-01-07 22:00:00+00:00,77.98588235294118,78.67294117647059,77.87647058823529,78.32176470588236,2608333.882352941,interpolated
1108,2025-01-08 00:00:00+00:00,77.99941176470588,78.72470588235294,77.88235294117648,78.34882352941177,2769088.411764706,interpolated
1109,2025-01-08 02:00:00+00:00,78.01294117647059,78.77647058823528,77.88823529411765,78.37588235294118,2929842.941176471,interpolated
1110,2025-01-08 04:00:00+00:00,78.0264705882353,78.82823529411765,77.89411764705883,78.40294117647059,3090597.470588235,interpolated
1111,2025-01-08 06:00:00+00:00,78.04,78.88,77.9,78.43,3251352.0,present
1112,2025-01-08 08:00:00+00:00,78.43,78.75,78.26,78.44,1399253.0,present
1113,2025-01-08 10:00:00+00:00,78.45,78.83,78.42,78.7,1192778.0,present
1114,2025-01-08 12:00:00+00:00,78.7,79.2,78.52,78.88,2018378.0,present
1115,2025-01-08 14:00:00+00:00,78.88,79.03,78.7,78.9,1051747.0,present
1116,2025-01-08 16:00:00+00:00,78.92,78.93,78.75,78.8,432801.0,present
1117,2025-01-08 18:00:00+00:00,78.8,78.83,78.64,78.77,454547.0,present
1118,2025-01-08 20:00:00+00:00,78.76,78.84,78.64,78.64,351872.0,present
1119,2025-01-08 22:00:00+00:00,78.736,78.902,78.39,78.454,1162658.7999999998,interpolated
1120,2025-01-09 00:00:00+00:00,78.712,78.964,78.14,78.268,1973445.5999999999,interpolated
1121,2025-01-09 02:00:00+00:00,78.688,79.02600000000001,77.89,78.082,2784232.4,interpolated
1122,2025-01-09 04:00:00+00:00,78.664,79.08800000000001,77.64,77.896,3595019.1999999997,interpolated
1123,2025-01-09 06:00:00+00:00,78.64,79.15,77.39,77.71,4405806.0,present
1124,2025-01-09 08:00:00+00:00,77.71,77.89,76.74,77.11,4820737.0,present
1125,2025-01-09 10:00:00+00:00,77.12,77.3,76.53,76.75,2550216.0,present
1126,2025-01-09 12:00:00+00:00,76.77,76.98,76.02,76.86,4734800.0,present
1127,2025-01-09 14:00:00+00:00,76.85,76.93,76.19,76.2,1608659.0,present
1128,2025-01-09 16:00:00+00:00,76.2,76.45,76.01,76.12,1240374.0,present
1129,2025-01-09 18:00:00+00:00,76.12,76.28,76.02,76.07,978753.0,present
1130,2025-01-09 20:00:00+00:00,76.07,76.2,76.0,76.04,648819.0,present
1131,2025-01-09 22:00:00+00:00,76.134,76.28,76.01,76.06400000000001,1143107.4,interpolated
1132,2025-01-10 00:00:00+00:00,76.198,76.36,76.02,76.08800000000001,1637395.8,interpolated
1133,2025-01-10 02:00:00+00:00,76.262,76.44,76.03,76.112,2131684.2,interpolated
1134,2025-01-10 04:00:00+00:00,76.326,76.52,76.03999999999999,76.136,2625972.6,interpolated
1135,2025-01-10 06:00:00+00:00,76.39,76.6,76.05,76.16,3120261.0,present
1136,2025-01-10 08:00:00+00:00,76.16,76.58,75.54,75.56,5781076.0,present
1137,2025-01-10 10:00:00+00:00,76.53,77.125,76.195,76.47,4755432.0,interpolated
1138,2025-01-10 12:00:00+00:00,76.9,77.67,76.85,77.38,3729788.0,present
1139,2025-01-10 14:00:00+00:00,77.94,78.55499999999999,77.865,78.205,2858324.5,interpolated
1140,2025-01-10 16:00:00+00:00,78.98,79.44,78.88,79.03,1986861.0,present
1141,2025-01-10 18:00:00+00:00,79.0,79.45,78.9,79.4,2226858.0,present
1142,2025-01-10 20:00:00+00:00,79.4,79.45,79.14,79.28,833941.0,present
1143,2025-01-10 22:00:00+00:00,79.41586206896552,79.50206896551724,79.16,79.30620689655173,1102852.7586206896,interpolated
1144,2025-01-11 00:00:00+00:00,79.43172413793104,79.55413793103449,79.18,79.33241379310346,1371764.5172413792,interpolated
1145,2025-01-11 02:00:00+00:00,79.44758620689656,79.60620689655173,79.2,79.35862068965517,1640676.2758620689,interpolated
1146,2025-01-11 04:00:00+00:00,79.46344827586208,79.65827586206896,79.22,79.3848275862069,1909588.0344827585,interpolated
1147,2025-01-11 06:00:00+00:00,79.4793103448276,79.71034482758621,79.24,79.41103448275862,2178499.793103448,interpolated
1148,2025-01-11 08:00:00+00:00,79.49517241379311,79.76241379310345,79.26,79.43724137931035,2447411.5517241377,interpolated
1149,2025-01-11 10:00:00+00:00,79.51103448275863,79.81448275862068,79.28,79.46344827586208,2716323.3103448274,interpolated
1150,2025-01-11 12:00:00+00:00,79.52689655172414,79.86655172413793,79.3,79.48965517241379,2985235.068965517,interpolated
1151,2025-01-11 14:00:00+00:00,79.54275862068965,79.91862068965517,79.32,79.51586206896552,3254146.8275862066,interpolated
1152,2025-01-11 16:00:00+00:00,79.55862068965517,79.97068965517241,79.34,79.54206896551725,3523058.586206896,interpolated
1153,2025-01-11 18:00:00+00:00,79.57448275862069,80.02275862068966,79.36,79.56827586206897,3791970.344827586,interpolated
1154,2025-01-11 20:00:00+00:00,79.59034482758621,80.0748275862069,79.38,79.5944827586207,4060882.1034482755,interpolated
1155,2025-01-11 22:00:00+00:00,79.60620689655173,80.12689655172413,79.4,79.62068965517241,4329793.862068965,interpolated
1156,2025-01-12 00:00:00+00:00,79.62206896551724,80.17896551724138,79.42,79.64689655172414,4598705.620689655,interpolated
1157,2025-01-12 02:00:00+00:00,79.63793103448276,80.23103448275862,79.44,79.67310344827587,4867617.379310344,interpolated
1158,2025-01-12 04:00:00+00:00,79.65379310344828,80.28310344827587,79.46,79.6993103448276,5136529.137931034,interpolated
1159,2025-01-12 06:00:00+00:00,79.6696551724138,80.3351724137931,79.48,79.72551724137931,5405440.896551724,interpolated
1160,2025-01-12 08:00:00+00:00,79.68551724137932,80.38724137931034,79.5,79.75172413793103,5674352.655172413,interpolated
1161,2025-01-12 10:00:00+00:00,79.70137931034483,80.43931034482759,79.52,79.77793103448276,5943264.413793103,interpolated
1162,2025-01-12 12:00:00+00:00,79.71724137931035,80.49137931034483,79.54,79.80413793103449,6212176.172413792,interpolated
1163,2025-01-12 14:00:00+00:00,79.73310344827587,80.54344827586206,79.56,79.83034482758622,6481087.931034482,interpolated
1164,2025-01-12 16:00:00+00:00,79.74896551724137,80.59551724137931,79.58,79.85655172413793,6749999.689655172,interpolated
1165,2025-01-12 18:00:00+00:00,79.76482758620689,80.64758620689655,79.6,79.88275862068966,7018911.448275861,interpolated
1166,2025-01-12 20:00:00+00:00,79.78068965517241,80.69965517241378,79.62,79.90896551724138,7287823.206896551,interpolated
1167,2025-01-12 22:00:00+00:00,79.79655172413793,80.75172413793103,79.64,79.93517241379311,7556734.965517241,interpolated
1168,2025-01-13 00:00:00+00:00,79.81241379310345,80.80379310344827,79.66,79.96137931034484,7825646.72413793,interpolated
1169,2025-01-13 02:00:00+00:00,79.82827586206896,80.85586206896551,79.67999999999999,79.98758620689655,8094558.48275862,interpolated
1170,2025-01-13 04:00:00+00:00,79.84413793103448,80.90793103448276,79.7,80.01379310344828,8363470.241379309,interpolated
1171,2025-01-13 06:00:00+00:00,79.86,80.96,79.72,80.04,8632382.0,present
1172,2025-01-13 08:00:00+00:00,80.05,80.89,79.76,80.77,5433021.0,present
1173,2025-01-13 10:00:00+00:00,80.76,80.77,79.4,79.41,4644363.0,present
1174,2025-01-13 12:00:00+00:00,79.4,80.34,79.28,80.07,5073009.0,present
1175,2025-01-13 14:00:00+00:00,80.06,80.68,79.98,80.45,3188660.0,present
1176,2025-01-13 16:00:00+00:00,80.55,80.55,79.85,79.86,1747621.0,present
1177,2025-01-13 18:00:00+00:00,79.86,79.86,78.96,79.67,3419802.0,present
1178,2025-01-13 20:00:00+00:00,79.67,79.75,79.34,79.36,652335.0,present
1179,2025-01-13 22:00:00+00:00,79.636,79.7,79.206,79.256,1151889.4,interpolated
1180,2025-01-14 00:00:00+00:00,79.602,79.65,79.072,79.152,1651443.7999999998,interpolated
1181,2025-01-14 02:00:00+00:00,79.568,79.6,78.938,79.048,2150998.2,interpolated
1182,2025-01-14 04:00:00+00:00,79.534,79.55,78.804,78.944,2650552.5999999996,interpolated
1183,2025-01-14 06:00:00+00:00,79.5,79.5,78.67,78.84,3150107.0,present
1184,2025-01-14 08:00:00+00:00,78.82,80.3,78.51,79.99,5543798.0,present
1185,2025-01-14 10:00:00+00:00,80.0,82.45,79.99,81.18,14516120.0,present
1186,2025-01-14 12:00:00+00:00,81.18,81.64,80.85,81.15,4841404.0,present
1187,2025-01-14 12:00:00+00:00,81.18,81.64,80.85,81.15,4841404.0,present
1188,2025-01-14 14:00:00+00:00,81.15,81.27,80.7,80.81,2354586.0,present
1189,2025-01-14 16:00:00+00:00,80.81,81.01,80.17,80.56,3059663.0,present
1190,2025-01-14 18:00:00+00:00,80.57,81.3,80.32,81.2,2108340.0,present
1191,2025-01-14 20:00:00+00:00,81.2,81.41,81.17,81.27,592231.0,present
1192,2025-01-14 22:00:00+00:00,81.21600000000001,81.488,81.036,81.178,1641710.8,interpolated
1193,2025-01-15 00:00:00+00:00,81.232,81.566,80.902,81.086,2691190.6,interpolated
1194,2025-01-15 02:00:00+00:00,81.248,81.64399999999999,80.768,80.994,3740670.4,interpolated
1195,2025-01-15 04:00:00+00:00,81.264,81.722,80.634,80.902,4790150.2,interpolated
1196,2025-01-15 06:00:00+00:00,81.28,81.8,80.5,80.81,5839630.0,present
1197,2025-01-15 08:00:00+00:00,80.81,81.16,80.21,80.24,3803245.0,present
1198,2025-01-15 10:00:00+00:00,80.24,80.79,80.05,80.37,2456501.0,present
1199,2025-01-15 12:00:00+00:00,80.36,81.33,80.11,81.11,3179783.0,present
1200,2025-01-15 14:00:00+00:00,81.11,81.29,80.81,81.1,1787077.0,present
1201,2025-01-15 16:00:00+00:00,81.37,83.25,81.37,82.1,14059313.0,present
1202,2025-01-15 18:00:00+00:00,82.1,82.81,82.0,82.4,2976481.0,present
1203,2025-01-15 20:00:00+00:00,82.39,82.62,82.3,82.5,1582611.0,present
1204,2025-01-15 22:00:00+00:00,82.472,82.674,82.14,82.492,3023143.2,interpolated
1205,2025-01-16 00:00:00+00:00,82.554,82.72800000000001,81.98,82.484,4463675.4,interpolated
1206,2025-01-16 02:00:00+00:00,82.636,82.782,81.82,82.476,5904207.6,interpolated
1207,2025-01-16 04:00:00+00:00,82.718,82.836,81.66,82.46799999999999,7344739.8,interpolated
1208,2025-01-16 06:00:00+00:00,82.8,82.89,81.5,82.46,8785272.0,present
1209,2025-01-16 08:00:00+00:00,82.46,83.47,82.31,83.16,9675874.0,present
1210,2025-01-16 10:00:00+00:00,83.14,84.29,82.86,84.14,8480197.0,present
1211,2025-01-16 12:00:00+00:00,84.14,84.86,83.85,84.63,16409490.0,present
1212,2025-01-16 14:00:00+00:00,84.64,84.95,84.5,84.72,5767540.0,present
1213,2025-01-16 16:00:00+00:00,84.8,85.21,84.5,84.51,4431804.0,present
1214,2025-01-16 18:00:00+00:00,84.52,84.9,84.5,84.74,1400610.0,present
1215,2025-01-16 20:00:00+00:00,84.73,84.83,84.51,84.56,428940.0,present
1216,2025-01-16 22:00:00+00:00,85.04666666666667,85.20333333333333,84.72500000000001,84.81666666666666,2743421.6666666665,interpolated
1217,2025-01-17 00:00:00+00:00,85.36333333333333,85.57666666666667,84.94,85.07333333333334,5057903.333333333,interpolated
1218,2025-01-17 02:00:00+00:00,85.68,85.94999999999999,85.155,85.33,7372385.0,interpolated
1219,2025-01-17 04:00:00+00:00,85.99666666666667,86.32333333333332,85.37,85.58666666666666,9686866.666666666,interpolated
1220,2025-01-17 06:00:00+00:00,86.31333333333333,86.69666666666666,85.585,85.84333333333333,12001348.333333334,interpolated
1221,2025-01-17 08:00:00+00:00,86.63,87.07,85.8,86.1,14315830.0,present
1222,2025-01-17 10:00:00+00:00,86.11,86.75,85.9,86.42,5174733.0,present
1223,2025-01-17 12:00:00+00:00,86.41,87.26,86.08,86.86,6907017.0,present
1224,2025-01-17 14:00:00+00:00,86.86,86.99,86.34,86.74,2651454.0,present
1225,2025-01-17 16:00:00+00:00,86.66,87.2,86.6,86.63,4121017.0,present
1226,2025-01-17 18:00:00+00:00,86.63,87.22,86.59,87.1,1923908.0,present
1227,2025-01-17 20:00:00+00:00,87.1,87.1,86.85,87.0,885173.0,present
1228,2025-01-17 22:00:00+00:00,87.14827586206896,87.15689655172413,86.8751724137931,87.03379310344828,1254943.3448275863,interpolated
1229,2025-01-18 00:00:00+00:00,87.19655172413792,87.21379310344827,86.9003448275862,87.06758620689655,1624713.6896551724,interpolated
1230,2025-01-18 02:00:00+00:00,87.2448275862069,87.2706896551724,86.92551724137931,87.10137931034483,1994484.0344827587,interpolated
1231,2025-01-18 04:00:00+00:00,87.29310344827586,87.32758620689654,86.95068965517241,87.1351724137931,2364254.379310345,interpolated
1232,2025-01-18 06:00:00+00:00,87.34137931034482,87.38448275862069,86.97586206896551,87.16896551724138,2734024.724137931,interpolated
1233,2025-01-18 08:00:00+00:00,87.38965517241378,87.44137931034483,87.00103448275861,87.20275862068965,3103795.0689655175,interpolated
1234,2025-01-18 10:00:00+00:00,87.43793103448276,87.49827586206897,87.02620689655171,87.23655172413793,3473565.4137931033,interpolated
1235,2025-01-18 12:00:00+00:00,87.48620689655172,87.5551724137931,87.05137931034483,87.27034482758621,3843335.7586206896,interpolated
1236,2025-01-18 14:00:00+00:00,87.53448275862068,87.61206896551724,87.07655172413793,87.30413793103449,4213106.1034482755,interpolated
1237,2025-01-18 16:00:00+00:00,87.58275862068965,87.66896551724138,87.10172413793103,87.33793103448276,4582876.448275862,interpolated
1238,2025-01-18 18:00:00+00:00,87.63103448275862,87.72586206896551,87.12689655172413,87.37172413793104,4952646.793103449,interpolated
1239,2025-01-18 20:00:00+00:00,87.67931034482758,87.78275862068965,87.15206896551723,87.40551724137931,5322417.137931035,interpolated
1240,2025-01-18 22:00:00+00:00,87.72758620689655,87.83965517241379,87.17724137931035,87.43931034482759,5692187.482758621,interpolated
1241,2025-01-19 00:00:00+00:00,87.77586206896551,87.89655172413792,87.20241379310345,87.47310344827586,6061957.827586207,interpolated
1242,2025-01-19 02:00:00+00:00,87.82413793103449,87.95344827586207,87.22758620689655,87.50689655172414,6431728.172413793,interpolated
1243,2025-01-19 04:00:00+00:00,87.87241379310345,88.01034482758621,87.25275862068965,87.54068965517241,6801498.517241379,interpolated
1244,2025-01-19 06:00:00+00:00,87.92068965517241,88.06724137931035,87.27793103448276,87.57448275862069,7171268.862068966,interpolated
1245,2025-01-19 08:00:00+00:00,87.96896551724137,88.12413793103448,87.30310344827586,87.60827586206896,7541039.206896552,interpolated
1246,2025-01-19 10:00:00+00:00,88.01724137931035,88.18103448275862,87.32827586206896,87.64206896551724,7910809.551724138,interpolated
1247,2025-01-19 12:00:00+00:00,88.06551724137931,88.23793103448276,87.35344827586206,87.67586206896551,8280579.8965517245,interpolated
1248,2025-01-19 14:00:00+00:00,88.11379310344827,88.29482758620689,87.37862068965516,87.70965517241379,8650350.24137931,interpolated
1249,2025-01-19 16:00:00+00:00,88.16206896551724,88.35172413793103,87.40379310344828,87.74344827586208,9020120.586206898,interpolated
1250,2025-01-19 18:00:00+00:00,88.21034482758621,88.40862068965517,87.42896551724138,87.77724137931035,9389890.931034483,interpolated
1251,2025-01-19 20:00:00+00:00,88.25862068965517,88.4655172413793,87.45413793103448,87.81103448275863,9759661.27586207,interpolated
1252,2025-01-19 22:00:00+00:00,88.30689655172414,88.52241379310345,87.47931034482758,87.8448275862069,10129431.620689655,interpolated
1253,2025-01-20 00:00:00+00:00,88.3551724137931,88.57931034482759,87.50448275862068,87.87862068965518,10499201.965517242,interpolated
1254,2025-01-20 02:00:00+00:00,88.40344827586208,88.63620689655173,87.5296551724138,87.91241379310345,10868972.310344828,interpolated
1255,2025-01-20 04:00:00+00:00,88.45172413793104,88.69310344827586,87.5548275862069,87.94620689655173,11238742.655172413,interpolated
1256,2025-01-20 06:00:00+00:00,88.5,88.75,87.58,87.98,11608513.0,present
1257,2025-01-20 08:00:00+00:00,87.425,88.27000000000001,86.775,87.57,9084482.0,interpolated
1258,2025-01-20 10:00:00+00:00,86.35,87.79,85.97,87.16,6560451.0,present
1259,2025-01-20 12:00:00+00:00,87.16,87.73,86.59,87.58,3938741.0,present
1260,2025-01-20 14:00:00+00:00,87.6,87.7,86.55,87.09,2890388.0,present
1261,2025-01-20 16:00:00+00:00,87.18,87.39,86.59,86.87,2319841.0,present
1262,2025-01-20 18:00:00+00:00,86.87,86.87,85.36,85.92,5170861.0,present
1263,2025-01-20 20:00:00+00:00,85.95,86.19,85.7,86.17,878768.0,present
1264,2025-01-20 22:00:00+00:00,85.992,86.312,85.684,86.264,1443557.2,interpolated
1265,2025-01-21 00:00:00+00:00,86.034,86.434,85.668,86.358,2008346.4,interpolated
1266,2025-01-21 02:00:00+00:00,86.076,86.556,85.652,86.452,2573135.5999999996,interpolated
1267,2025-01-21 04:00:00+00:00,86.118,86.678,85.63600000000001,86.546,3137924.8,interpolated
1268,2025-01-21 06:00:00+00:00,86.16,86.8,85.62,86.64,3702714.0,present
1269,2025-01-21 08:00:00+00:00,86.63,86.97,85.84,85.96,4388078.0,present
1270,2025-01-21 10:00:00+00:00,85.98,86.48,85.46,85.6,3627165.0,present
1271,2025-01-21 12:00:00+00:00,85.59,86.27,85.45,85.93,3250498.0,present
1272,2025-01-21 12:00:00+00:00,85.59,86.27,85.45,85.93,3250498.0,present
1273,2025-01-21 14:00:00+00:00,85.93,87.34,85.83,87.18,4260716.0,present
1274,2025-01-21 16:00:00+00:00,87.2,87.55,86.83,87.43,3343454.0,present
1275,2025-01-21 18:00:00+00:00,87.43,87.48,87.17,87.33,1007611.0,present
1276,2025-01-21 20:00:00+00:00,87.34,87.69,87.34,87.69,547246.0,present
1277,2025-01-21 22:00:00+00:00,87.436,87.728,87.272,87.578,1079992.0,interpolated
1278,2025-01-22 00:00:00+00:00,87.532,87.76599999999999,87.20400000000001,87.466,1612738.0,interpolated
1279,2025-01-22 02:00:00+00:00,87.628,87.804,87.136,87.354,2145484.0,interpolated
1280,2025-01-22 04:00:00+00:00,87.72399999999999,87.842,87.068,87.24199999999999,2678230.0,interpolated
1281,2025-01-22 06:00:00+00:00,87.82,87.88,87.0,87.13,3210976.0,present
1282,2025-01-22 08:00:00+00:00,87.13,88.15,87.09,88.0,4568117.0,present
1283,2025-01-22 10:00:00+00:00,88.0,88.25,87.52,87.83,3548552.0,present
1284,2025-01-22 12:00:00+00:00,87.82,88.0,87.2,87.44,2291429.0,present
1285,2025-01-22 14:00:00+00:00,87.42,88.0,87.38,87.87,2804965.0,present
1286,2025-01-22 16:00:00+00:00,86.86,87.31,86.72,87.135,2089757.5,interpolated
1287,2025-01-22 18:00:00+00:00,86.3,86.62,86.06,86.4,1374550.0,present
1288,2025-01-22 20:00:00+00:00,86.41,86.41,85.94,86.01,953025.0,present
1289,2025-01-22 22:00:00+00:00,86.328,86.472,85.87,86.138,1580386.2000000002,interpolated
1290,2025-01-23 00:00:00+00:00,86.246,86.53399999999999,85.8,86.266,2207747.4000000004,interpolated
1291,2025-01-23 02:00:00+00:00,86.164,86.596,85.73,86.394,2835108.6,interpolated
1292,2025-01-23 04:00:00+00:00,86.082,86.658,85.66,86.522,3462469.8000000003,interpolated
1293,2025-01-23 06:00:00+00:00,86.0,86.72,85.59,86.65,4089831.0,present
1294,2025-01-23 08:00:00+00:00,86.65,86.77,85.65,85.95,2892822.0,present
1295,2025-01-23 10:00:00+00:00,85.96,86.79,85.82,86.72,3410232.0,present
1296,2025-01-23 12:00:00+00:00,86.73,86.94,86.36,86.79,2311298.0,present
1297,2025-01-23 14:00:00+00:00,86.8,86.98,86.09,86.89,3107866.0,present
1298,2025-01-23 16:00:00+00:00,86.8,86.94,85.98,86.71,2972989.0,present
1299,2025-01-23 18:00:00+00:00,86.71,87.09,86.61,87.07,1458451.0,present
1300,2025-01-23 20:00:00+00:00,87.07,87.94,87.0,87.8,2673658.0,present
1301,2025-01-23 22:00:00+00:00,87.306,88.084,87.124,87.78999999999999,3577634.2,interpolated
1302,2025-01-24 00:00:00+00:00,87.542,88.228,87.248,87.78,4481610.4,interpolated
1303,2025-01-24 02:00:00+00:00,87.77799999999999,88.372,87.372,87.77,5385586.6,interpolated
1304,2025-01-24 04:00:00+00:00,88.014,88.51599999999999,87.49600000000001,87.76,6289562.8,interpolated
1305,2025-01-24 06:00:00+00:00,88.25,88.66,87.62,87.75,7193539.0,present
1306,2025-01-24 08:00:00+00:00,87.74,88.43,87.72,88.32,4514061.0,present
1307,2025-01-24 10:00:00+00:00,88.31,88.45,87.84,88.39,4039830.0,present
1308,2025-01-24 12:00:00+00:00,87.45,87.96,87.17,87.77000000000001,3908486.0,interpolated
1309,2025-01-24 14:00:00+00:00,86.59,87.47,86.5,87.15,3777142.0,present
1310,2025-01-24 16:00:00+00:00,87.14,87.4,86.85,86.98,1217884.0,present
1311,2025-01-24 18:00:00+00:00,86.97,87.35,86.84,87.28,992861.0,present
1312,2025-01-24 20:00:00+00:00,87.28,87.84,87.27,87.54,1284408.0,present
1313,2025-01-24 22:00:00+00:00,87.28,87.81925925925927,87.27037037037037,87.53037037037038,1236999.0740740742,interpolated
1314,2025-01-25 00:00:00+00:00,87.28,87.79851851851852,87.27074074074073,87.52074074074075,1189590.148148148,interpolated
1315,2025-01-25 02:00:00+00:00,87.28,87.77777777777779,87.27111111111111,87.51111111111112,1142181.2222222222,interpolated
1316,2025-01-25 04:00:00+00:00,87.28,87.75703703703704,87.27148148148147,87.50148148148149,1094772.2962962962,interpolated
1317,2025-01-25 06:00:00+00:00,87.28,87.7362962962963,87.27185185185185,87.49185185185186,1047363.3703703703,interpolated
1318,2025-01-25 08:00:00+00:00,87.28,87.71555555555555,87.27222222222223,87.48222222222223,999954.4444444445,interpolated
1319,2025-01-25 10:00:00+00:00,87.28,87.69481481481482,87.27259259259259,87.47259259259259,952545.5185185184,interpolated
1320,2025-01-25 12:00:00+00:00,87.28,87.67407407407407,87.27296296296296,87.46296296296296,905136.5925925926,interpolated
1321,2025-01-25 14:00:00+00:00,87.28,87.65333333333334,87.27333333333333,87.45333333333333,857727.6666666666,interpolated
1322,2025-01-25 16:00:00+00:00,87.28,87.6325925925926,87.2737037037037,87.4437037037037,810318.7407407407,interpolated
1323,2025-01-25 18:00:00+00:00,87.28,87.61185185185185,87.27407407407408,87.43407407407408,762909.8148148148,interpolated
1324,2025-01-25 20:00:00+00:00,87.28,87.59111111111112,87.27444444444444,87.42444444444445,715500.8888888889,interpolated
1325,2025-01-25 22:00:00+00:00,87.28,87.57037037037037,87.27481481481482,87.41481481481482,668091.9629629629,interpolated
1326,2025-01-26 00:00:00+00:00,87.28,87.54962962962964,87.27518518518518,87.40518518518519,620683.037037037,interpolated
1327,2025-01-26 02:00:00+00:00,87.28,87.52888888888889,87.27555555555556,87.39555555555556,573274.1111111111,interpolated
1328,2025-01-26 04:00:00+00:00,87.28,87.50814814814815,87.27592592592592,87.38592592592593,525865.1851851852,interpolated
1329,2025-01-26 06:00:00+00:00,87.28,87.4874074074074,87.2762962962963,87.3762962962963,478456.2592592592,interpolated
1330,2025-01-26 08:00:00+00:00,87.28,87.46666666666667,87.27666666666667,87.36666666666667,431047.33333333326,interpolated
1331,2025-01-26 10:00:00+00:00,87.28,87.44592592592593,87.27703703703703,87.35703703703705,383638.4074074074,interpolated
1332,2025-01-26 12:00:00+00:00,87.28,87.42518518518519,87.27740740740741,87.34740740740742,336229.48148148146,interpolated
1333,2025-01-26 14:00:00+00:00,87.28,87.40444444444445,87.27777777777777,87.33777777777777,288820.5555555555,interpolated
1334,2025-01-26 16:00:00+00:00,87.28,87.3837037037037,87.27814814814815,87.32814814814814,241411.62962962955,interpolated
1335,2025-01-26 18:00:00+00:00,87.28,87.36296296296297,87.27851851851852,87.31851851851852,194002.7037037036,interpolated
1336,2025-01-26 20:00:00+00:00,87.28,87.34222222222222,87.27888888888889,87.30888888888889,146593.77777777775,interpolated
1337,2025-01-26 22:00:00+00:00,87.28,87.32148148148148,87.27925925925926,87.29925925925926,99184.85185185191,interpolated
1338,2025-01-27 00:00:00+00:00,87.28,87.30074074074074,87.27962962962962,87.28962962962963,51775.92592592584,interpolated
1339,2025-01-27 02:00:00+00:00,87.28,87.28,87.28,87.28,4367.0,present
1340,2025-01-27 04:00:00+00:00,87.26,87.48,87.0,87.2,857033.0,present
1341,2025-01-27 06:00:00+00:00,87.2,87.25,86.06,86.45,5674713.0,present
1342,2025-01-27 08:00:00+00:00,86.47,86.58,85.3,85.64,8518061.0,present
1343,2025-01-27 10:00:00+00:00,85.64,85.99,85.43,85.63,3521656.0,present
1344,2025-01-27 12:00:00+00:00,85.64,86.02,84.3,84.44,6809032.0,present
1345,2025-01-27 14:00:00+00:00,84.45,84.86,83.63,84.44,8163904.0,present
1346,2025-01-27 16:00:00+00:00,84.5,84.68,84.21,84.3,1586487.0,present
1347,2025-01-27 18:00:00+00:00,84.31,84.4,83.68,84.15,3089286.0,present
1348,2025-01-27 20:00:00+00:00,84.15,84.16,83.4,83.72,1246260.0,present
1349,2025-01-27 22:00:00+00:00,83.92666666666668,83.93333333333334,83.42666666666668,83.64,831184.0,interpolated
1350,2025-01-28 00:00:00+00:00,83.70333333333333,83.70666666666666,83.45333333333333,83.56,416108.0,interpolated
1351,2025-01-28 02:00:00+00:00,83.48,83.48,83.48,83.48,1032.0,present
1352,2025-01-28 04:00:00+00:00,83.5,83.83,82.32,83.33,2252191.0,present
1353,2025-01-28 06:00:00+00:00,83.34,84.05,82.67,83.51,6546105.0,present
1354,2025-01-28 08:00:00+00:00,83.51,83.8,82.53,83.29,5100255.0,present
1355,2025-01-28 10:00:00+00:00,83.29,84.53,83.17,84.1,5363329.0,present
1356,2025-01-28 12:00:00+00:00,84.1,84.54,83.41,84.1,6903335.0,present
1357,2025-01-28 12:00:00+00:00,84.1,84.54,83.41,84.1,6903335.0,present
1358,2025-01-28 14:00:00+00:00,84.09,84.65,83.9,84.2,3778948.0,present
1359,2025-01-28 16:00:00+00:00,84.27,84.57,84.21,84.27,1552886.0,present
1360,2025-01-28 18:00:00+00:00,84.27,84.88,84.24,84.74,2261379.0,present
1361,2025-01-28 20:00:00+00:00,84.74,84.85,84.61,84.66,550995.0,present
1362,2025-01-28 22:00:00+00:00,84.67666666666666,84.75,84.59,84.62333333333333,368733.0,interpolated
1363,2025-01-29 00:00:00+00:00,84.61333333333333,84.64999999999999,84.57,84.58666666666666,186471.0,interpolated
1364,2025-01-29 02:00:00+00:00,84.55,84.55,84.55,84.55,4209.0,present
1365,2025-01-29 04:00:00+00:00,84.56,85.2,84.55,84.95,1169067.0,present
1366,2025-01-29 06:00:00+00:00,84.92,84.92,83.53,83.89,6109715.0,present
1367,2025-01-29 08:00:00+00:00,83.89,84.48,83.82,84.37,5913363.0,present
1368,2025-01-29 10:00:00+00:00,84.37,84.71,83.75,83.83,4360079.0,present
1369,2025-01-29 12:00:00+00:00,83.83,84.14,83.6,83.65,2516056.0,present
1370,2025-01-29 14:00:00+00:00,83.65,84.36,83.6,84.11,1896124.0,present
1371,2025-01-29 16:00:00+00:00,84.26,84.36,83.63,84.12,2654725.0,present
1372,2025-01-29 18:00:00+00:00,84.12,84.18,83.9,84.07,785450.0,present
1373,2025-01-29 20:00:00+00:00,84.07,84.12,83.92,83.95,299426.0,present
1374,2025-01-29 22:00:00+00:00,84.04666666666667,84.08,83.94666666666667,83.96666666666667,199920.6666666667,interpolated
1375,2025-01-30 00:00:00+00:00,84.02333333333333,84.04,83.97333333333333,83.98333333333333,100415.33333333334,interpolated
1376,2025-01-30 02:00:00+00:00,84.0,84.0,84.0,84.0,910.0,present
1377,2025-01-30 04:00:00+00:00,84.0,84.17,83.69,84.04,346142.0,present
1378,2025-01-30 06:00:00+00:00,84.04,84.27,83.9,84.16,2153549.0,present
1379,2025-01-30 08:00:00+00:00,84.16,84.4,83.54,83.91,4542274.0,present
1380,2025-01-30 10:00:00+00:00,83.91,84.08,82.77,83.22,7461637.0,present
1381,2025-01-30 12:00:00+00:00,83.22,83.81,82.98,83.67,6767130.0,present
1382,2025-01-30 14:00:00+00:00,83.69,84.1,83.55,83.76,2846894.0,present
1383,2025-01-30 16:00:00+00:00,83.76,83.93,83.64,83.82,1117238.0,present
1384,2025-01-30 18:00:00+00:00,83.84,83.91,83.6,83.67,1008644.0,present
1385,2025-01-30 20:00:00+00:00,83.67,84.0,83.52,83.85,618991.0,present
1386,2025-01-30 22:00:00+00:00,83.78,84.0,83.67999999999999,83.89999999999999,413295.3333333334,interpolated
1387,2025-01-31 00:00:00+00:00,83.89,84.0,83.84,83.95,207599.6666666667,interpolated
1388,2025-01-31 02:00:00+00:00,84.0,84.0,84.0,84.0,1904.0,present
1389,2025-01-31 04:00:00+00:00,83.95,84.0,83.56,83.85,983536.0,present
1390,2025-01-31 06:00:00+00:00,83.89,84.4,83.8,83.93,4525302.0,present
1391,2025-01-31 08:00:00+00:00,84.845,85.445,84.5,85.045,11281071.5,interpolated
1392,2025-01-31 10:00:00+00:00,85.8,86.49,85.2,86.16,18036841.0,present
1393,2025-01-31 12:00:00+00:00,85.185,85.65,84.64,85.17999999999999,12161926.0,interpolated
1394,2025-01-31 14:00:00+00:00,84.57,84.81,84.08,84.2,6287011.0,present
1395,2025-01-31 16:00:00+00:00,84.27,84.91,83.82,84.09,4167610.0,present
1396,2025-01-31 18:00:00+00:00,84.1,84.58,84.09,84.21,1319605.0,present
1397,2025-01-31 20:00:00+00:00,84.2,84.21,83.7,83.89,1792386.0,present
1398,2025-01-31 22:00:00+00:00,84.19259259259259,84.20222222222222,83.71111111111111,83.89407407407407,1728707.888888889,interpolated
1399,2025-02-01 00:00:00+00:00,84.18518518518519,84.19444444444444,83.72222222222223,83.89814814814815,1665029.7777777778,interpolated
1400,2025-02-01 02:00:00+00:00,84.17777777777778,84.18666666666667,83.73333333333333,83.90222222222222,1601351.6666666667,interpolated
1401,2025-02-01 04:00:00+00:00,84.17037037037038,84.17888888888888,83.74444444444444,83.90629629629629,1537673.5555555555,interpolated
1402,2025-02-01 06:00:00+00:00,84.16296296296296,84.1711111111111,83.75555555555556,83.91037037037037,1473995.4444444445,interpolated
1403,2025-02-01 08:00:00+00:00,84.15555555555555,84.16333333333333,83.76666666666667,83.91444444444444,1410317.3333333333,interpolated
1404,2025-02-01 10:00:00+00:00,84.14814814814815,84.15555555555555,83.77777777777779,83.91851851851852,1346639.2222222222,interpolated
1405,2025-02-01 12:00:00+00:00,84.14074074074074,84.14777777777778,83.78888888888889,83.9225925925926,1282961.111111111,interpolated
1406,2025-02-01 14:00:00+00:00,84.13333333333334,84.14,83.8,83.92666666666666,1219283.0,interpolated
1407,2025-02-01 16:00:00+00:00,84.12592592592593,84.13222222222223,83.81111111111112,83.93074074074075,1155604.888888889,interpolated
1408,2025-02-01 18:00:00+00:00,84.11851851851851,84.12444444444444,83.82222222222222,83.93481481481481,1091926.7777777778,interpolated
1409,2025-02-01 20:00:00+00:00,84.11111111111111,84.11666666666666,83.83333333333333,83.93888888888888,1028248.6666666666,interpolated
1410,2025-02-01 22:00:00+00:00,84.1037037037037,84.10888888888888,83.84444444444445,83.94296296296297,964570.5555555555,interpolated
1411,2025-02-02 00:00:00+00:00,84.0962962962963,84.10111111111111,83.85555555555555,83.94703703703703,900892.4444444444,interpolated
1412,2025-02-02 02:00:00+00:00,84.08888888888889,84.09333333333333,83.86666666666667,83.95111111111112,837214.3333333333,interpolated
1413,2025-02-02 04:00:00+00:00,84.08148148148149,84.08555555555556,83.87777777777778,83.95518518518519,773536.2222222221,interpolated
1414,2025-02-02 06:00:00+00:00,84.07407407407408,84.07777777777777,83.88888888888889,83.95925925925926,709858.111111111,interpolated
1415,2025-02-02 08:00:00+00:00,84.06666666666666,84.07,83.9,83.96333333333334,646180.0,interpolated
1416,2025-02-02 10:00:00+00:00,84.05925925925926,84.06222222222222,83.91111111111111,83.9674074074074,582501.8888888888,interpolated
1417,2025-02-02 12:00:00+00:00,84.05185185185185,84.05444444444444,83.92222222222222,83.97148148148148,518823.77777777775,interpolated
1418,2025-02-02 14:00:00+00:00,84.04444444444445,84.04666666666667,83.93333333333334,83.97555555555556,455145.6666666665,interpolated
1419,2025-02-02 16:00:00+00:00,84.03703703703704,84.03888888888889,83.94444444444444,83.97962962962963,391467.5555555555,interpolated
1420,2025-02-02 18:00:00+00:00,84.02962962962962,84.03111111111112,83.95555555555556,83.98370370370371,327789.44444444426,interpolated
1421,2025-02-02 20:00:00+00:00,84.02222222222223,84.02333333333333,83.96666666666667,83.98777777777778,264111.33333333326,interpolated
1422,2025-02-02 22:00:00+00:00,84.01481481481481,84.01555555555555,83.97777777777777,83.99185185185185,200433.22222222202,interpolated
1423,2025-02-03 00:00:00+00:00,84.00740740740741,84.00777777777778,83.9888888888889,83.99592592592593,136755.111111111,interpolated
1424,2025-02-03 02:00:00+00:00,84.0,84.0,84.0,84.0,73077.0,present
1425,2025-02-03 04:00:00+00:00,83.99,84.45,83.74,83.94,2876537.0,present
1426,2025-02-03 06:00:00+00:00,83.94,84.24,82.0,82.71,12863992.0,present
1427,2025-02-03 08:00:00+00:00,82.71,82.87,81.51,82.22,7884974.0,present
1428,2025-02-03 10:00:00+00:00,82.24,82.29,81.64,82.04,3042390.0,present
1429,2025-02-03 12:00:00+00:00,82.05,82.15,81.61,82.05,2864123.0,present
1430,2025-02-03 14:00:00+00:00,82.06,82.13,81.3,81.5,4100272.0,present
1431,2025-02-03 16:00:00+00:00,81.52,81.97,81.5,81.95,2316009.0,present
1432,2025-02-03 18:00:00+00:00,81.95,82.43,81.94,82.25,3143689.0,present
1433,2025-02-03 20:00:00+00:00,82.26,82.34,81.92,81.96,896525.0,present
1434,2025-02-03 22:00:00+00:00,82.17333333333333,82.22666666666667,81.94666666666667,81.97333333333333,598249.6666666667,interpolated
1435,2025-02-04 00:00:00+00:00,82.08666666666667,82.11333333333333,81.97333333333333,81.98666666666666,299974.3333333334,interpolated
1436,2025-02-04 02:00:00+00:00,82.0,82.0,82.0,82.0,1699.0,present
1437,2025-02-04 04:00:00+00:00,82.11,82.42,81.97,82.04,645479.0,present
1438,2025-02-04 06:00:00+00:00,82.03,82.33,81.5,81.86,5192239.0,present
1439,2025-02-04 08:00:00+00:00,81.87,81.88,80.79,80.93,9531518.0,present
1440,2025-02-04 10:00:00+00:00,80.94,81.29,80.15,80.47,6241329.0,present
1441,2025-02-04 12:00:00+00:00,80.47,81.1,80.25,80.92,3279389.0,present
1442,2025-02-04 12:00:00+00:00,80.47,81.1,80.25,80.92,3279389.0,present
1443,2025-02-04 14:00:00+00:00,80.9,80.99,80.31,80.77,2603211.0,present
1444,2025-02-04 16:00:00+00:00,80.91,80.93,80.57,80.68,869843.0,present
1445,2025-02-04 18:00:00+00:00,80.68,80.68,79.96,80.25,2901310.0,present
1446,2025-02-04 20:00:00+00:00,80.25,80.55,80.2,80.35,1007034.0,present
1447,2025-02-04 22:00:00+00:00,80.28333333333333,80.48333333333333,80.25,80.35,672696.6666666667,interpolated
1448,2025-02-05 00:00:00+00:00,80.31666666666666,80.41666666666666,80.3,80.35,338359.3333333334,interpolated
1449,2025-02-05 02:00:00+00:00,80.35,80.35,80.35,80.35,4022.0,present
1450,2025-02-05 04:00:00+00:00,80.35,80.76,80.19,80.39,876843.0,present
1451,2025-02-05 06:00:00+00:00,80.39,80.56,80.11,80.17,2820131.0,present
1452,2025-02-05 08:00:00+00:00,80.2,80.33,79.05,80.26,9433185.0,present
1453,2025-02-05 10:00:00+00:00,80.26,80.43,79.72,80.02,3056376.0,present
1454,2025-02-05 12:00:00+00:00,80.04,81.3,80.02,80.87,4544183.0,present
1455,2025-02-05 14:00:00+00:00,80.87,81.52,80.76,81.2,3572284.0,present
1456,2025-02-05 16:00:00+00:00,81.46,82.88,81.4,82.54,9326149.0,present
1457,2025-02-05 18:00:00+00:00,82.54,82.55,81.91,82.24,2913318.0,present
1458,2025-02-05 20:00:00+00:00,82.24,82.27,82.09,82.09,348321.0,present
1459,2025-02-05 22:00:00+00:00,82.42333333333333,82.44333333333333,82.32333333333334,82.32333333333334,319758.3333333333,interpolated
1460,2025-02-06 00:00:00+00:00,82.60666666666667,82.61666666666667,82.55666666666667,82.55666666666667,291195.6666666667,interpolated
1461,2025-02-06 02:00:00+00:00,82.79,82.79,82.79,82.79,262633.0,present
1462,2025-02-06 04:00:00+00:00,82.44,82.79,82.41,82.56,1603886.0,present
1463,2025-02-06 06:00:00+00:00,82.56,83.41,82.02,83.03,8689973.0,present
1464,2025-02-06 08:00:00+00:00,83.02,83.3,82.2,82.3,5618147.0,present
1465,2025-02-06 10:00:00+00:00,82.3,82.37,81.45,81.69,4509911.0,present
1466,2025-02-06 12:00:00+00:00,81.69,82.45,81.66,82.45,3125878.0,present
1467,2025-02-06 14:00:00+00:00,82.44,82.75,82.07,82.31,3001715.0,present
1468,2025-02-06 16:00:00+00:00,82.25,82.49,82.05,82.3,1135743.0,present
1469,2025-02-06 18:00:00+00:00,82.32,82.44,82.11,82.28,683759.0,present
1470,2025-02-06 20:00:00+00:00,82.28,82.57,82.16,82.4,667986.0,present
1471,2025-02-06 22:00:00+00:00,82.28666666666666,82.47999999999999,82.20666666666666,82.36666666666667,445431.3333333333,interpolated
1472,2025-02-07 00:00:00+00:00,82.29333333333334,82.39,82.25333333333333,82.33333333333333,222876.66666666663,interpolated
1473,2025-02-07 02:00:00+00:00,82.3,82.3,82.3,82.3,322.0,present
1474,2025-02-07 04:00:00+00:00,82.35,82.75,82.16,82.73,648724.0,present
1475,2025-02-07 06:00:00+00:00,82.73,82.97,82.27,82.8,4224289.0,present
1476,2025-02-07 08:00:00+00:00,82.0,82.425,81.595,82.07,4798529.5,interpolated
1477,2025-02-07 10:00:00+00:00,81.27,81.88,80.92,81.34,5372770.0,present
1478,2025-02-07 12:00:00+00:00,81.34,81.64,81.12,81.45,2195001.0,present
1479,2025-02-07 14:00:00+00:00,81.45,81.73,81.16,81.66,2454392.0,present
1480,2025-02-07 16:00:00+00:00,81.5,81.65,81.25,81.35,1099895.0,present
1481,2025-02-07 18:00:00+00:00,81.35,81.48,81.22,81.28,852345.0,present
1482,2025-02-07 20:00:00+00:00,81.28,81.34,81.0,81.19,720589.0,present
1483,2025-02-07 22:00:00+00:00,81.29925925925926,81.35703703703705,81.02962962962962,81.21259259259259,699338.2592592592,interpolated
1484,2025-02-08 00:00:00+00:00,81.31851851851852,81.37407407407407,81.05925925925926,81.23518518518519,678087.5185185185,interpolated
1485,2025-02-08 02:00:00+00:00,81.33777777777777,81.39111111111112,81.08888888888889,81.25777777777778,656836.7777777778,interpolated
1486,2025-02-08 04:00:00+00:00,81.35703703703703,81.40814814814816,81.11851851851851,81.28037037037036,635586.0370370371,interpolated
1487,2025-02-08 06:00:00+00:00,81.3762962962963,81.42518518518519,81.14814814814815,81.30296296296297,614335.2962962963,interpolated
1488,2025-02-08 08:00:00+00:00,81.39555555555556,81.44222222222223,81.17777777777778,81.32555555555555,593084.5555555555,interpolated
1489,2025-02-08 10:00:00+00:00,81.41481481481482,81.45925925925926,81.2074074074074,81.34814814814814,571833.8148148148,interpolated
1490,2025-02-08 12:00:00+00:00,81.43407407407408,81.4762962962963,81.23703703703704,81.37074074074074,550583.074074074,interpolated
1491,2025-02-08 14:00:00+00:00,81.45333333333333,81.49333333333334,81.26666666666667,81.39333333333333,529332.3333333334,interpolated
1492,2025-02-08 16:00:00+00:00,81.47259259259259,81.51037037037037,81.29629629629629,81.41592592592592,508081.5925925926,interpolated
1493,2025-02-08 18:00:00+00:00,81.49185185185185,81.52740740740741,81.32592592592593,81.43851851851852,486830.85185185185,interpolated
1494,2025-02-08 20:00:00+00:00,81.5111111111111,81.54444444444445,81.35555555555555,81.46111111111111,465580.1111111111,interpolated
1495,2025-02-08 22:00:00+00:00,81.53037037037036,81.56148148148148,81.38518518518518,81.4837037037037,444329.3703703704,interpolated
1496,2025-02-09 00:00:00+00:00,81.54962962962964,81.57851851851852,81.41481481481482,81.5062962962963,423078.62962962966,interpolated
1497,2025-02-09 02:00:00+00:00,81.56888888888889,81.59555555555555,81.44444444444444,81.52888888888889,401827.88888888893,interpolated
1498,2025-02-09 04:00:00+00:00,81.58814814814815,81.61259259259259,81.47407407407407,81.55148148148147,380577.14814814815,interpolated
1499,2025-02-09 06:00:00+00:00,81.60740740740741,81.62962962962963,81.5037037037037,81.57407407407408,359326.4074074074,interpolated
1500,2025-02-09 08:00:00+00:00,81.62666666666667,81.64666666666666,81.53333333333333,81.59666666666666,338075.6666666667,interpolated
1501,2025-02-09 10:00:00+00:00,81.64592592592592,81.6637037037037,81.56296296296296,81.61925925925925,316824.92592592596,interpolated
1502,2025-02-09 12:00:00+00:00,81.66518518518518,81.68074074074075,81.5925925925926,81.64185185185185,295574.1851851852,interpolated
1503,2025-02-09 14:00:00+00:00,81.68444444444444,81.69777777777777,81.62222222222222,81.66444444444444,274323.4444444445,interpolated
1504,2025-02-09 16:00:00+00:00,81.7037037037037,81.71481481481482,81.65185185185184,81.68703703703703,253072.7037037037,interpolated
1505,2025-02-09 18:00:00+00:00,81.72296296296297,81.73185185185184,81.68148148148148,81.70962962962963,231821.96296296298,interpolated
1506,2025-02-09 20:00:00+00:00,81.74222222222222,81.74888888888889,81.71111111111111,81.73222222222222,210571.22222222225,interpolated
1507,2025-02-09 22:00:00+00:00,81.76148148148148,81.76592592592593,81.74074074074073,81.75481481481481,189320.48148148146,interpolated
1508,2025-02-10 00:00:00+00:00,81.78074074074074,81.78296296296296,81.77037037037037,81.77740740740741,168069.7407407408,interpolated
1509,2025-02-10 02:00:00+00:00,81.8,81.8,81.8,81.8,146819.0,present
1510,2025-02-10 04:00:00+00:00,81.84,82.72,81.65,82.05,3306505.0,present
1511,2025-02-10 06:00:00+00:00,82.05,82.14,81.51,81.77,6956373.0,present
1512,2025-02-10 08:00:00+00:00,81.77,81.78,81.09,81.43,4725514.0,present
1513,2025-02-10 10:00:00+00:00,81.43,82.12,81.2,82.11,4217374.0,present
1514,2025-02-10 12:00:00+00:00,82.1,82.2,81.59,81.87,4944261.0,present
1515,2025-02-10 14:00:00+00:00,81.87,82.0,81.36,81.5,4663884.0,present
1516,2025-02-10 16:00:00+00:00,81.5,81.7,81.48,81.67,2215644.0,present
1517,2025-02-10 18:00:00+00:00,80.85499999999999,81.095,80.59,80.83500000000001,3370099.5,interpolated
1518,2025-02-10 20:00:00+00:00,80.21,80.49,79.7,80.0,4524555.0,present
1519,2025-02-10 22:00:00+00:00,80.22,80.40666666666667,79.88,80.08,3023767.333333333,interpolated
1520,2025-02-11 00:00:00+00:00,80.22999999999999,80.32333333333332,80.06,80.16,1522979.6666666665,interpolated
1521,2025-02-11 02:00:00+00:00,80.24,80.24,80.24,80.24,22192.0,present
1522,2025-02-11 04:00:00+00:00,80.21,80.78,80.17,80.43,2493424.0,present
1523,2025-02-11 06:00:00+00:00,80.43,80.95,80.07,80.89,4464382.0,present
1524,2025-02-11 08:00:00+00:00,80.85,80.95,80.3,80.81,4356516.0,present
1525,2025-02-11 10:00:00+00:00,80.81,81.38,80.8,81.27,5383256.0,present
1526,2025-02-11 12:00:00+00:00,81.27,81.72,81.14,81.18,4689346.0,present
1527,2025-02-11 12:00:00+00:00,81.27,81.72,81.14,81.18,4689346.0,present
1528,2025-02-11 14:00:00+00:00,81.19,81.58,81.18,81.39,1485015.0,present
1529,2025-02-11 16:00:00+00:00,81.4,81.63,81.25,81.48,1545529.0,present
1530,2025-02-11 18:00:00+00:00,81.47,81.74,81.3,81.73,1866173.0,present
1531,2025-02-11 20:00:00+00:00,81.72,82.11,81.71,82.11,1330820.0,present
1532,2025-02-11 22:00:00+00:00,81.85,82.11,81.84333333333333,82.11,887613.3333333334,interpolated
1533,2025-02-12 00:00:00+00:00,81.98,82.11,81.97666666666666,82.11,444406.66666666674,interpolated
1534,2025-02-12 02:00:00+00:00,82.11,82.11,82.11,82.11,1200.0,present
1535,2025-02-12 04:00:00+00:00,82.12,82.87,82.11,82.78,3180401.0,present
1536,2025-02-12 06:00:00+00:00,82.78,83.53,82.59,82.93,11238165.0,present
1537,2025-02-12 08:00:00+00:00,82.92,84.1,82.56,83.52,13052126.0,present
1538,2025-02-12 10:00:00+00:00,83.52,83.98,82.6,82.84,8631168.0,present
1539,2025-02-12 12:00:00+00:00,82.84,82.94,81.32,82.23,14289321.0,present
1540,2025-02-12 14:00:00+00:00,82.19,82.34,81.06,81.9,7525903.0,present
1541,2025-02-12 16:00:00+00:00,83.82333333333334,84.29666666666667,82.93,83.98,9266090.666666666,interpolated
1542,2025-02-12 18:00:00+00:00,85.45666666666666,86.25333333333333,84.8,86.06,11006278.333333332,interpolated
1543,2025-02-12 20:00:00+00:00,87.09,88.21,86.67,88.14,12746466.0,present
1544,2025-02-12 22:00:00+00:00,87.59,88.33666666666666,87.31,88.29,8661404.333333334,interpolated
1545,2025-02-13 00:00:00+00:00,88.09,88.46333333333334,87.95,88.44,4576342.666666667,interpolated
1546,2025-02-13 02:00:00+00:00,88.59,88.59,88.59,88.59,491281.0,present
1547,2025-02-13 04:00:00+00:00,88.59,88.59,88.21,88.59,3156796.0,present
1548,2025-02-13 06:00:00+00:00,87.28999999999999,88.495,86.85499999999999,87.955,12338362.5,interpolated
1549,2025-02-13 08:00:00+00:00,85.99,88.4,85.5,87.32,21519929.0,present
1550,2025-02-13 10:00:00+00:00,87.32,88.07,86.12,86.37,14552910.0,present
1551,2025-02-13 12:00:00+00:00,86.39,88.8,86.36,87.69,23268184.0,present
1552,2025-02-13 14:00:00+00:00,87.68,88.73,87.17,88.1,12377335.0,present
1553,2025-02-13 16:00:00+00:00,87.9,89.87,87.79,89.54,26362260.0,present
1554,2025-02-13 18:00:00+00:00,88.51,90.49285714285715,88.4057142857143,90.10428571428572,29321482.42857143,interpolated
1555,2025-02-13 20:00:00+00:00,89.12,91.11571428571429,89.02142857142857,90.66857142857143,32280704.85714286,interpolated
1556,2025-02-13 22:00:00+00:00,89.73,91.73857142857143,89.63714285714286,91.23285714285714,35239927.28571428,interpolated
1557,2025-02-14 00:00:00+00:00,90.34,92.36142857142858,90.25285714285714,91.79714285714286,38199149.71428572,interpolated
1558,2025-02-14 02:00:00+00:00,90.95,92.98428571428572,90.86857142857143,92.36142857142858,41158372.14285714,interpolated
1559,2025-02-14 04:00:00+00:00,91.56,93.60714285714286,91.4842857142857,92.92571428571428,44117594.57142857,interpolated
1560,2025-02-14 06:00:00+00:00,92.17,94.23,92.1,93.49,47076817.0,present
1561,2025-02-14 08:00:00+00:00,93.5,93.99,92.2,93.05,35842895.0,present
1562,2025-02-14 10:00:00+00:00,91.30666666666667,92.17333333333333,90.3,91.20333333333333,32342478.666666668,interpolated
1563,2025-02-14 12:00:00+00:00,89.11333333333333,90.35666666666667,88.4,89.35666666666667,28842062.333333332,interpolated
1564,2025-02-14 14:00:00+00:00,86.92,88.54,86.5,87.51,25341646.0,present
1565,2025-02-14 16:00:00+00:00,87.66,89.1,87.27,87.38,11619240.0,present
1566,2025-02-14 18:00:00+00:00,87.4,88.17,87.35,87.68,4333657.0,present
1567,2025-02-14 20:00:00+00:00,87.7,87.99,87.62,87.79,1877007.0,present
1568,2025-02-14 22:00:00+00:00,87.79785714285714,88.15107142857143,87.70642857142857,87.93035714285715,2606772.4642857146,interpolated
1569,2025-02-15 00:00:00+00:00,87.89571428571429,88.31214285714285,87.79285714285714,88.07071428571429,3336537.9285714286,interpolated
1570,2025-02-15 02:00:00+00:00,87.99357142857143,88.47321428571428,87.87928571428571,88.21107142857143,4066303.3928571427,interpolated
1571,2025-02-15 04:00:00+00:00,88.09142857142858,88.63428571428571,87.96571428571428,88.35142857142857,4796068.857142857,interpolated
1572,2025-02-15 06:00:00+00:00,88.18928571428572,88.79535714285714,88.05214285714287,88.49178571428573,5525834.321428571,interpolated
1573,2025-02-15 08:00:00+00:00,88.28714285714285,88.95642857142856,88.13857142857144,88.63214285714287,6255599.785714285,interpolated
1574,2025-02-15 10:00:00+00:00,88.385,89.11749999999999,88.22500000000001,88.77250000000001,6985365.25,interpolated
1575,2025-02-15 12:00:00+00:00,88.48285714285714,89.27857142857142,88.31142857142858,88.91285714285715,7715130.714285715,interpolated
1576,2025-02-15 14:00:00+00:00,88.5807142857143,89.43964285714286,88.39785714285715,89.05321428571429,8444896.17857143,interpolated
1577,2025-02-15 16:00:00+00:00,88.67857142857143,89.60071428571428,88.48428571428572,89.19357142857143,9174661.642857142,interpolated
1578,2025-02-15 18:00:00+00:00,88.77642857142857,89.76178571428571,88.57071428571429,89.33392857142857,9904427.107142858,interpolated
1579,2025-02-15 20:00:00+00:00,88.87428571428572,89.92285714285714,88.65714285714286,89.47428571428571,10634192.57142857,interpolated
1580,2025-02-15 22:00:00+00:00,88.97214285714286,90.08392857142857,88.74357142857143,89.61464285714285,11363958.035714285,interpolated
1581,2025-02-16 00:00:00+00:00,89.07,90.245,88.83000000000001,89.75500000000001,12093723.5,interpolated
1582,2025-02-16 02:00:00+00:00,89.16785714285714,90.40607142857142,88.91642857142858,89.89535714285715,12823488.964285715,interpolated
1583,2025-02-16 04:00:00+00:00,89.26571428571428,90.56714285714285,89.00285714285715,90.03571428571429,13553254.42857143,interpolated
1584,2025-02-16 06:00:00+00:00,89.36357142857143,90.72821428571429,89.08928571428572,90.17607142857143,14283019.892857144,interpolated
1585,2025-02-16 08:00:00+00:00,89.46142857142857,90.8892857142857,89.17571428571429,90.31642857142857,15012785.357142858,interpolated
1586,2025-02-16 10:00:00+00:00,89.5592857142857,91.05035714285714,89.26214285714286,90.45678571428572,15742550.82142857,interpolated
1587,2025-02-16 12:00:00+00:00,89.65714285714286,91.21142857142857,89.34857142857143,90.59714285714286,16472316.285714285,interpolated
1588,2025-02-16 14:00:00+00:00,89.755,91.3725,89.435,90.7375,17202081.75,interpolated
1589,2025-02-16 16:00:00+00:00,89.85285714285715,91.53357142857142,89.52142857142857,90.87785714285714,17931847.214285716,interpolated
1590,2025-02-16 18:00:00+00:00,89.95071428571428,91.69464285714285,89.60785714285714,91.01821428571428,18661612.67857143,interpolated
1591,2025-02-16 20:00:00+00:00,90.04857142857142,91.85571428571428,89.69428571428573,91.15857142857143,19391378.14285714,interpolated
1592,2025-02-16 22:00:00+00:00,90.14642857142857,92.01678571428572,89.7807142857143,91.29892857142858,20121143.60714286,interpolated
1593,2025-02-17 00:00:00+00:00,90.24428571428571,92.17785714285714,89.86714285714287,91.43928571428572,20850909.07142857,interpolated
1594,2025-02-17 02:00:00+00:00,90.34214285714286,92.33892857142857,89.95357142857144,91.57964285714286,21580674.535714287,interpolated
1595,2025-02-17 04:00:00+00:00,90.44,92.5,90.04,91.72,22310440.0,present
1596,2025-02-17 06:00:00+00:00,91.71,92.9,91.6,92.3,30163176.0,present
1597,2025-02-17 08:00:00+00:00,92.3,94.44,91.24,93.86,54804323.0,present
1598,2025-02-17 10:00:00+00:00,93.83,94.85,93.28,93.47,46634158.0,present
1599,2025-02-17 12:00:00+00:00,93.47,94.48,93.11,94.3,29435631.0,present
1600,2025-02-17 14:00:00+00:00,94.28,94.85,93.61,93.85,37852116.0,present
1601,2025-02-17 16:00:00+00:00,94.0,95.45,93.68,95.18,24226008.0,present
1602,2025-02-17 18:00:00+00:00,95.18,97.65,95.15,96.8,69820239.0,present
1603,2025-02-17 20:00:00+00:00,96.31750000000001,98.17,96.295,97.5325,52495173.5,interpolated
1604,2025-02-17 22:00:00+00:00,97.45500000000001,98.69,97.44,98.265,35170108.0,interpolated
1605,2025-02-18 00:00:00+00:00,98.5925,99.21000000000001,98.58500000000001,98.9975,17845042.5,interpolated
1606,2025-02-18 02:00:00+00:00,99.73,99.73,99.73,99.73,519977.0,present
1607,2025-02-18 04:00:00+00:00,98.41666666666667,98.70333333333333,97.90666666666667,98.40666666666667,19425398.333333336,interpolated
1608,2025-02-18 06:00:00+00:00,97.10333333333334,97.67666666666668,96.08333333333334,97.08333333333334,38330819.66666667,interpolated
1609,2025-02-18 08:00:00+00:00,95.79,96.65,94.26,95.76,57236241.0,present
1610,2025-02-18 10:00:00+00:00,95.76,97.33,95.6,97.16,42622307.0,present
1611,2025-02-18 12:00:00+00:00,97.16,97.88,92.5,94.36,113571734.0,present
1612,2025-02-18 14:00:00+00:00,94.35,95.11,92.22,92.82,51841586.0,present
1613,2025-02-18 16:00:00+00:00,92.79,93.61,91.5,91.69,24989381.0,present
1614,2025-02-18 18:00:00+00:00,91.68,92.28,90.59,91.92,35471814.0,present
1615,2025-02-18 20:00:00+00:00,91.93,92.21,91.6,91.73,4905575.0,present
1616,2025-02-18 22:00:00+00:00,92.25333333333334,92.44,92.03333333333333,92.12,3350822.3333333335,interpolated
1617,2025-02-19 00:00:00+00:00,92.57666666666667,92.67,92.46666666666667,92.51,1796069.666666667,interpolated
1618,2025-02-19 02:00:00+00:00,92.9,92.9,92.9,92.9,241317.0,present
1619,2025-02-19 04:00:00+00:00,92.9,93.46,91.8,92.2,20979847.0,present
1620,2025-02-19 06:00:00+00:00,92.19,93.36,91.35,91.7,30965875.0,present
1621,2025-02-19 08:00:00+00:00,91.73,92.3,90.73,91.83,24721499.0,present
1622,2025-02-19 10:00:00+00:00,91.82,92.89,91.51,92.45,17800147.0,present
1623,2025-02-19 12:00:00+00:00,92.45,93.09,92.0,93.09,14775879.0,present
1624,2025-02-19 14:00:00+00:00,93.08,93.56,92.12,92.4,20831002.0,present
1625,2025-02-19 16:00:00+00:00,93.26,94.55,92.4,93.97,37981536.0,present
1626,2025-02-19 18:00:00+00:00,93.97,94.97,93.83,94.18,18867734.0,present
1627,2025-02-19 20:00:00+00:00,94.19,94.5,94.04,94.5,2818932.0,present
1628,2025-02-19 22:00:00+00:00,94.30333333333333,94.51,94.20333333333333,94.51,1912482.0,interpolated
1629,2025-02-20 00:00:00+00:00,94.41666666666667,94.52,94.36666666666667,94.52,1006032.0,interpolated
1630,2025-02-20 02:00:00+00:00,94.53,94.53,94.53,94.53,99582.0,present
1631,2025-02-20 04:00:00+00:00,94.54,94.61,93.37,93.6,8706760.0,present
1632,2025-02-20 06:00:00+00:00,93.62,94.28,93.08,93.59,17627111.0,present
1633,2025-02-20 08:00:00+00:00,93.57,93.82,92.7,93.71,16726278.0,present
1634,2025-02-20 10:00:00+00:00,93.7,94.25,93.37,94.04,12362946.0,present
1635,2025-02-20 12:00:00+00:00,94.05,95.05,93.8,94.68,21232563.0,present
1636,2025-02-20 14:00:00+00:00,94.7,94.89,93.05,93.47,17744587.0,present
1637,2025-02-20 16:00:00+00:00,93.45,93.65,92.52,92.91,14159858.0,present
1638,2025-02-20 18:00:00+00:00,92.9,93.46,92.42,93.12,8807317.0,present
1639,2025-02-20 20:00:00+00:00,93.11,93.19,92.87,92.92,1503078.0,present
1640,2025-02-20 22:00:00+00:00,92.94333333333333,92.99666666666667,92.78333333333333,92.81666666666666,1022978.3333333334,interpolated
1641,2025-02-21 00:00:00+00:00,92.77666666666667,92.80333333333333,92.69666666666667,92.71333333333334,542878.6666666667,interpolated
1642,2025-02-21 02:00:00+00:00,92.61,92.61,92.61,92.61,62779.0,present
1643,2025-02-21 04:00:00+00:00,92.68,93.22,92.38,92.93,5248241.0,present
1644,2025-02-21 06:00:00+00:00,92.93,93.41,92.7,93.2,9962993.0,present
1645,2025-02-21 08:00:00+00:00,93.21,93.58,92.7,92.92,13041686.0,present
1646,2025-02-21 10:00:00+00:00,92.92,93.1,90.74,91.77,34212647.0,present
1647,2025-02-21 12:00:00+00:00,91.77,92.4,91.0,91.84,12682364.0,present
1648,2025-02-21 14:00:00+00:00,91.84,92.61,91.7,92.1,7126343.0,present
1649,2025-02-21 16:00:00+00:00,92.19,92.49,91.5,92.28,5881800.0,present
1650,2025-02-21 18:00:00+00:00,92.28,92.57,92.0,92.34,4683725.0,present
1651,2025-02-21 20:00:00+00:00,92.33,92.47,92.13,92.36,2081944.0,present
1652,2025-02-21 22:00:00+00:00,92.3488888888889,92.4837037037037,92.15629629629629,92.37777777777778,2008033.111111111,interpolated
1653,2025-02-22 00:00:00+00:00,92.36777777777777,92.49740740740741,92.18259259259258,92.39555555555556,1934122.2222222222,interpolated
1654,2025-02-22 02:00:00+00:00,92.38666666666667,92.5111111111111,92.20888888888888,92.41333333333333,1860211.3333333333,interpolated
1655,2025-02-22 04:00:00+00:00,92.40555555555555,92.52481481481482,92.23518518518519,92.43111111111111,1786300.4444444445,interpolated
1656,2025-02-22 06:00:00+00:00,92.42444444444445,92.53851851851852,92.26148148148148,92.44888888888889,1712389.5555555555,interpolated
1657,2025-02-22 08:00:00+00:00,92.44333333333333,92.55222222222223,92.28777777777778,92.46666666666667,1638478.6666666667,interpolated
1658,2025-02-22 10:00:00+00:00,92.46222222222222,92.56592592592592,92.31407407407407,92.48444444444445,1564567.7777777778,interpolated
1659,2025-02-22 12:00:00+00:00,92.4811111111111,92.57962962962964,92.34037037037037,92.50222222222223,1490656.888888889,interpolated
1660,2025-02-22 14:00:00+00:00,92.5,92.59333333333333,92.36666666666666,92.52,1416746.0,interpolated
1661,2025-02-22 16:00:00+00:00,92.5188888888889,92.60703703703703,92.39296296296295,92.53777777777778,1342835.111111111,interpolated
1662,2025-02-22 18:00:00+00:00,92.53777777777778,92.62074074074074,92.41925925925926,92.55555555555556,1268924.2222222222,interpolated
1663,2025-02-22 20:00:00+00:00,92.55666666666667,92.63444444444444,92.44555555555556,92.57333333333334,1195013.3333333335,interpolated
1664,2025-02-22 22:00:00+00:00,92.57555555555555,92.64814814814815,92.47185185185185,92.59111111111112,1121102.4444444445,interpolated
1665,2025-02-23 00:00:00+00:00,92.59444444444445,92.66185185185185,92.49814814814815,92.60888888888888,1047191.5555555556,interpolated
1666,2025-02-23 02:00:00+00:00,92.61333333333333,92.67555555555556,92.52444444444444,92.62666666666667,973280.6666666667,interpolated
1667,2025-02-23 04:00:00+00:00,92.63222222222223,92.68925925925926,92.55074074074074,92.64444444444445,899369.7777777778,interpolated
1668,2025-02-23 06:00:00+00:00,92.6511111111111,92.70296296296297,92.57703703703704,92.66222222222223,825458.888888889,interpolated
1669,2025-02-23 08:00:00+00:00,92.67,92.71666666666667,92.60333333333334,92.68,751548.0,interpolated
1670,2025-02-23 10:00:00+00:00,92.6888888888889,92.73037037037037,92.62962962962963,92.69777777777777,677637.1111111112,interpolated
1671,2025-02-23 12:00:00+00:00,92.70777777777778,92.74407407407408,92.65592592592593,92.71555555555555,603726.2222222222,interpolated
1672,2025-02-23 14:00:00+00:00,92.72666666666667,92.75777777777778,92.68222222222222,92.73333333333333,529815.3333333333,interpolated
1673,2025-02-23 16:00:00+00:00,92.74555555555555,92.77148148148149,92.70851851851852,92.75111111111111,455904.4444444445,interpolated
1674,2025-02-23 18:00:00+00:00,92.76444444444445,92.78518518518518,92.73481481481481,92.7688888888889,381993.5555555555,interpolated
1675,2025-02-23 20:00:00+00:00,92.78333333333333,92.7988888888889,92.76111111111112,92.78666666666668,308082.66666666674,interpolated
1676,2025-02-23 22:00:00+00:00,92.80222222222223,92.8125925925926,92.78740740740741,92.80444444444444,234171.77777777775,interpolated
1677,2025-02-24 00:00:00+00:00,92.82111111111111,92.8262962962963,92.81370370370371,92.82222222222222,160260.888888889,interpolated
1678,2025-02-24 02:00:00+00:00,92.84,92.84,92.84,92.84,86350.0,present
1679,2025-02-24 04:00:00+00:00,92.85,93.41,92.82,92.99,7411226.0,present
1680,2025-02-24 06:00:00+00:00,93.0,93.57,92.58,92.96,17529650.0,present
1681,2025-02-24 08:00:00+00:00,92.95,93.31,92.6,93.14,10392351.0,present
1682,2025-02-24 10:00:00+00:00,93.14,93.33,92.85,93.29,6298607.0,present
1683,2025-02-24 12:00:00+00:00,93.29,94.27,92.7,93.94,26559932.0,present
1684,2025-02-24 14:00:00+00:00,93.94,95.91,93.7,95.4,41492367.0,present
1685,2025-02-24 16:00:00+00:00,95.41,95.59,94.67,95.35,18909464.0,present
1686,2025-02-24 18:00:00+00:00,95.35,95.87,95.05,95.48,15153368.0,present
1687,2025-02-24 20:00:00+00:00,95.49,96.23,95.15,96.22,11188191.0,present
1688,2025-02-24 22:00:00+00:00,95.81,96.30333333333334,95.58333333333334,96.29666666666667,7483862.0,interpolated
1689,2025-02-25 00:00:00+00:00,96.13,96.37666666666667,96.01666666666667,96.37333333333333,3779533.0,interpolated
1690,2025-02-25 02:00:00+00:00,96.45,96.45,96.45,96.45,75204.0,present
1691,2025-02-25 04:00:00+00:00,96.46,97.1,95.51,96.98,17610982.0,present
1692,2025-02-25 06:00:00+00:00,96.97,97.44,94.75,95.61,70920872.0,present
1693,2025-02-25 08:00:00+00:00,95.61,95.63,93.64,94.06,38406739.0,present
1694,2025-02-25 10:00:00+00:00,94.07,94.58,93.4,94.1,23995420.0,present
1695,2025-02-25 12:00:00+00:00,94.1,94.93,93.84,94.59,14620661.0,present
1696,2025-02-25 12:00:00+00:00,94.1,94.93,93.84,94.59,14620661.0,present
1697,2025-02-25 14:00:00+00:00,94.6,94.85,93.64,93.84,15530993.0,present
1698,2025-02-25 16:00:00+00:00,93.85,94.3,93.51,93.83,9130315.0,present
1699,2025-02-25 18:00:00+00:00,93.83,94.11,93.51,93.98,6813098.0,present
1700,2025-02-25 20:00:00+00:00,93.99,94.03,93.62,93.68,1489263.0,present
1701,2025-02-25 22:00:00+00:00,93.95666666666666,93.98333333333333,93.71000000000001,93.75,997404.6666666667,interpolated
1702,2025-02-26 00:00:00+00:00,93.92333333333333,93.93666666666667,93.8,93.82000000000001,505546.3333333334,interpolated
1703,2025-02-26 02:00:00+00:00,93.89,93.89,93.89,93.89,13688.0,present
1704,2025-02-26 04:00:00+00:00,93.9,94.32,93.6,94.06,5124715.0,present
1705,2025-02-26 06:00:00+00:00,94.04,94.23,92.02,92.9,29135211.0,present
1706,2025-02-26 08:00:00+00:00,92.91,93.15,92.29,92.41,12744256.0,present
1707,2025-02-26 10:00:00+00:00,92.43,92.64,89.67,91.19,44727957.0,present
1708,2025-02-26 12:00:00+00:00,91.19,91.61,89.75,91.3,27615810.0,present
1709,2025-02-26 14:00:00+00:00,91.32,91.85,90.96,91.4,9485439.0,present
1710,2025-02-26 16:00:00+00:00,90.97,91.29,90.03,90.38,17316942.0,present
1711,2025-02-26 18:00:00+00:00,90.39,90.72,90.11,90.26,8561545.0,present
1712,2025-02-26 20:00:00+00:00,90.24,90.84,90.22,90.48,1652991.0,present
1713,2025-02-26 22:00:00+00:00,90.31666666666666,90.71666666666667,90.30333333333333,90.47666666666667,1106909.0,interpolated
1714,2025-02-27 00:00:00+00:00,90.39333333333333,90.59333333333333,90.38666666666667,90.47333333333333,560827.0,interpolated
1715,2025-02-27 02:00:00+00:00,90.47,90.47,90.47,90.47,14745.0,present
1716,2025-02-27 04:00:00+00:00,90.47,90.78,89.05,89.43,11273919.0,present
1717,2025-02-27 06:00:00+00:00,89.43,91.1,89.43,90.23,14311559.0,present
1718,2025-02-27 08:00:00+00:00,90.25,90.7,89.33,89.6,18802860.0,present
1719,2025-02-27 10:00:00+00:00,89.6,90.85,89.33,90.32,11674527.0,present
1720,2025-02-27 12:00:00+00:00,90.32,91.7,90.16,91.42,18683967.0,present
1721,2025-02-27 14:00:00+00:00,91.39,91.82,91.16,91.53,6119019.0,present
1722,2025-02-27 16:00:00+00:00,90.64,91.18,90.39,90.62,6328523.5,interpolated
1723,2025-02-27 18:00:00+00:00,89.89,90.54,89.62,89.71,6538028.0,present
1724,2025-02-27 20:00:00+00:00,89.71,89.72,89.06,89.3,4609378.0,present
1725,2025-02-27 22:00:00+00:00,89.47,89.47666666666666,89.03666666666666,89.19666666666666,3087672.333333333,interpolated
1726,2025-02-28 00:00:00+00:00,89.22999999999999,89.23333333333333,89.01333333333334,89.09333333333333,1565966.6666666665,interpolated
1727,2025-02-28 02:00:00+00:00,88.99,88.99,88.99,88.99,44261.0,present
1728,2025-02-28 04:00:00+00:00,88.98,89.97,88.56,89.56,7964481.0,present
1729,2025-02-28 06:00:00+00:00,89.56,90.38,88.71,89.11,16997745.0,present
1730,2025-02-28 08:00:00+00:00,89.13,89.65,88.44,88.81,17295255.0,present
1731,2025-02-28 10:00:00+00:00,88.81,90.48,88.72,90.0,15404396.0,present
1732,2025-02-28 12:00:00+00:00,90.0,90.34,89.35,89.98,11266856.0,present
1733,2025-02-28 14:00:00+00:00,89.98,90.8,89.71,90.47,9633386.0,present
1734,2025-02-28 16:00:00+00:00,90.49,92.4,90.25,91.95,21860045.0,present
1735,2025-02-28 18:00:00+00:00,91.95,92.62,90.1,91.74,34461287.0,present
1736,2025-02-28 20:00:00+00:00,91.74,92.29,91.27,91.7,5976141.0,present
1737,2025-02-28 22:00:00+00:00,91.77714285714285,92.27571428571429,91.32428571428571,91.74285714285715,5207706.285714285,interpolated
1738,2025-03-01 00:00:00+00:00,91.81428571428572,92.26142857142858,91.37857142857143,91.78571428571429,4439271.571428571,interpolated
1739,2025-03-01 02:00:00+00:00,91.85142857142857,92.24714285714286,91.43285714285715,91.82857142857144,3670836.8571428573,interpolated
1740,2025-03-01 04:00:00+00:00,91.88857142857142,92.23285714285714,91.48714285714286,91.87142857142857,2902402.1428571427,interpolated
1741,2025-03-01 06:00:00+00:00,91.92571428571428,92.21857142857142,91.54142857142857,91.91428571428571,2133967.4285714286,interpolated
1742,2025-03-01 08:00:00+00:00,91.96285714285715,92.20428571428572,91.5957142857143,91.95714285714286,1365532.7142857146,interpolated
1743,2025-03-01 10:00:00+00:00,92.0,92.19,91.65,92.0,597098.0,present
1744,2025-03-01 12:00:00+00:00,91.99,92.07,91.7,91.74,387335.0,present
1745,2025-03-01 14:00:00+00:00,91.74,91.85,91.02,91.73,1106918.0,present
1746,2025-03-01 16:00:00+00:00,91.6775,91.80499999999999,90.9825,91.62125,1096735.25,interpolated
1747,2025-03-01 18:00:00+00:00,91.615,91.75999999999999,90.945,91.5125,1086552.5,interpolated
1748,2025-03-01 20:00:00+00:00,91.5525,91.71499999999999,90.9075,91.40375,1076369.75,interpolated
1749,2025-03-01 22:00:00+00:00,91.49,91.66999999999999,90.87,91.295,1066187.0,interpolated
1750,2025-03-02 00:00:00+00:00,91.4275,91.625,90.8325,91.18625,1056004.25,interpolated
1751,2025-03-02 02:00:00+00:00,91.365,91.58,90.795,91.0775,1045821.5,interpolated
1752,2025-03-02 04:00:00+00:00,91.3025,91.535,90.7575,90.96875,1035638.75,interpolated
1753,2025-03-02 06:00:00+00:00,91.24,91.49,90.72,90.86,1025456.0,present
1754,2025-03-02 08:00:00+00:00,90.86,91.25,90.72,91.22,1380582.0,present
1755,2025-03-02 10:00:00+00:00,91.16,91.22,90.76,90.81,471348.0,present
1756,2025-03-02 12:00:00+00:00,90.85,90.94,90.73,90.84,547565.0,present
1757,2025-03-02 14:00:00+00:00,90.84,90.86,90.41,90.49,1518275.0,present
1758,2025-03-02 16:00:00+00:00,90.78166666666667,90.79833333333333,90.42333333333333,90.49,1272134.1666666667,interpolated
1759,2025-03-02 18:00:00+00:00,90.72333333333333,90.73666666666666,90.43666666666667,90.49,1025993.3333333333,interpolated
1760,2025-03-02 20:00:00+00:00,90.66499999999999,90.675,90.44999999999999,90.49,779852.4999999999,interpolated
1761,2025-03-02 22:00:00+00:00,90.60666666666667,90.61333333333333,90.46333333333332,90.49,533711.6666666666,interpolated
1762,2025-03-03 00:00:00+00:00,90.54833333333333,90.55166666666666,90.47666666666666,90.49,287570.83333333326,interpolated
1763,2025-03-03 02:00:00+00:00,90.49,90.49,90.49,90.49,41430.0,present
1764,2025-03-03 04:00:00+00:00,90.6,90.7,89.31,89.54,10214875.0,present
1765,2025-03-03 06:00:00+00:00,89.58,89.89,88.53,88.85,23168146.0,present
1766,2025-03-03 08:00:00+00:00,88.84,89.17,88.12,88.64,14575900.0,present
1767,2025-03-03 10:00:00+00:00,88.64,89.38,88.24,89.19,8068576.0,present
1768,2025-03-03 12:00:00+00:00,89.19,89.7,88.84,89.62,6813150.0,present
1769,2025-03-03 14:00:00+00:00,89.63,89.69,88.75,88.75,5019765.0,present
1770,2025-03-03 16:00:00+00:00,88.85,89.49,88.53,89.2,5890206.0,present
1771,2025-03-03 18:00:00+00:00,90.125,90.45,89.315,89.985,6966968.5,interpolated
1772,2025-03-03 20:00:00+00:00,91.4,91.41,90.1,90.77,8043731.0,present
1773,2025-03-03 22:00:00+00:00,91.26666666666667,91.27333333333333,90.39999999999999,90.84666666666666,5379243.333333334,interpolated
1774,2025-03-04 00:00:00+00:00,91.13333333333334,91.13666666666667,90.7,90.92333333333333,2714755.666666667,interpolated
1775,2025-03-04 02:00:00+00:00,91.0,91.0,91.0,91.0,50268.0,present
1776,2025-03-04 04:00:00+00:00,91.0,92.18,90.86,91.6,8101415.0,present
1777,2025-03-04 06:00:00+00:00,91.59,92.6,91.04,92.13,16922360.0,present
1778,2025-03-04 08:00:00+00:00,92.14,93.1,91.85,92.5,21622254.0,present
1779,2025-03-04 10:00:00+00:00,92.47,92.65,91.86,92.46,8447722.0,present
1780,2025-03-04 12:00:00+00:00,92.45,92.76,91.86,92.65,7658023.0,present
1781,2025-03-04 12:00:00+00:00,92.45,92.76,91.86,92.65,7658023.0,present
1782,2025-03-04 14:00:00+00:00,92.66,92.94,92.05,92.94,7943083.0,present
1783,2025-03-04 16:00:00+00:00,93.15,94.5,93.11,93.54,32393586.0,present
1784,2025-03-04 18:00:00+00:00,93.54,93.8,93.14,93.59,5625286.0,present
1785,2025-03-04 20:00:00+00:00,93.62,93.63,93.03,93.18,2322807.0,present
1786,2025-03-04 22:00:00+00:00,93.51333333333334,93.52,93.12,93.22,1567490.3333333335,interpolated
1787,2025-03-05 00:00:00+00:00,93.40666666666667,93.41,93.21,93.26,812173.6666666667,interpolated
1788,2025-03-05 02:00:00+00:00,93.3,93.3,93.3,93.3,56857.0,present
1789,2025-03-05 04:00:00+00:00,93.3,93.39,90.8,92.2,16181930.0,present
1790,2025-03-05 06:00:00+00:00,92.2,92.5,91.76,92.16,9685484.0,present
1791,2025-03-05 08:00:00+00:00,92.17,93.49,92.1,92.94,17703820.0,present
1792,2025-03-05 10:00:00+00:00,92.95,93.0,92.25,92.51,7896183.0,present
1793,2025-03-05 12:00:00+00:00,92.5,92.87,92.25,92.76,7695739.0,present
1794,2025-03-05 14:00:00+00:00,92.77,93.13,92.47,92.72,6932408.0,present
1795,2025-03-05 16:00:00+00:00,93.04,93.22,91.5,91.95,15425976.0,present
1796,2025-03-05 18:00:00+00:00,91.95,92.13,90.6,91.0,13767491.0,present
1797,2025-03-05 20:00:00+00:00,90.99,91.17,90.38,90.52,5110698.0,present
1798,2025-03-05 22:00:00+00:00,90.83666666666666,90.95666666666666,90.42999999999999,90.52333333333333,3418973.333333333,interpolated
1799,2025-03-06 00:00:00+00:00,90.68333333333334,90.74333333333334,90.48,90.52666666666667,1727248.6666666665,interpolated
1800,2025-03-06 02:00:00+00:00,90.53,90.53,90.53,90.53,35524.0,present
1801,2025-03-06 04:00:00+00:00,90.53,91.31,90.5,91.29,5659399.0,present
1802,2025-03-06 06:00:00+00:00,91.26,91.65,90.71,91.14,9554295.0,present
1803,2025-03-06 08:00:00+00:00,91.12,91.24,90.55,90.82,6640975.0,present
1804,2025-03-06 10:00:00+00:00,90.81,90.81,89.6,89.81,11311643.0,present
1805,2025-03-06 12:00:00+00:00,89.81,91.44,89.4,91.06,9322806.0,present
1806,2025-03-06 14:00:00+00:00,91.07,91.55,90.53,90.53,6267997.0,present
1807,2025-03-06 16:00:00+00:00,90.68,91.7,90.31,91.24,7361168.0,present
1808,2025-03-06 18:00:00+00:00,91.25,91.4,90.71,90.91,2580858.0,present
1809,2025-03-06 20:00:00+00:00,90.91,91.15,90.72,91.15,893614.0,present
1810,2025-03-06 22:00:00+00:00,91.0,91.16000000000001,90.87333333333333,91.16000000000001,598241.0,interpolated
1811,2025-03-07 00:00:00+00:00,91.09,91.17,91.02666666666667,91.17,302868.0,interpolated
1812,2025-03-07 02:00:00+00:00,91.18,91.18,91.18,91.18,7495.0,present
1813,2025-03-07 04:00:00+00:00,91.18,92.38,91.0,92.08,9449510.0,present
1814,2025-03-07 06:00:00+00:00,92.06,92.89,91.83,92.35,16819053.0,present
1815,2025-03-07 08:00:00+00:00,92.35,92.95,92.0,92.07,12407146.0,present
1816,2025-03-07 10:00:00+00:00,92.06,93.81,92.06,92.98,20371297.0,present
1817,2025-03-07 12:00:00+00:00,92.98,93.15,92.41,92.77,10034008.0,present
1818,2025-03-07 14:00:00+00:00,92.38333333333334,92.63333333333334,91.81,92.21333333333332,8720633.666666666,interpolated
1819,2025-03-07 16:00:00+00:00,91.78666666666666,92.11666666666666,91.21,91.65666666666667,7407259.333333334,interpolated
1820,2025-03-07 18:00:00+00:00,91.19,91.6,90.61,91.1,6093885.0,present
1821,2025-03-07 20:00:00+00:00,91.1,91.37,90.65,91.07,2674376.0,present
1822,2025-03-07 22:00:00+00:00,91.10333333333332,91.36333333333334,90.67,91.07444444444444,2576423.1481481483,interpolated
1823,2025-03-08 00:00:00+00:00,91.10666666666665,91.35666666666667,90.69000000000001,91.07888888888888,2478470.296296296,interpolated
1824,2025-03-08 02:00:00+00:00,91.11,91.35000000000001,90.71000000000001,91.08333333333333,2380517.4444444445,interpolated
1825,2025-03-08 04:00:00+00:00,91.11333333333333,91.34333333333333,90.73,91.08777777777777,2282564.5925925924,interpolated
1826,2025-03-08 06:00:00+00:00,91.11666666666666,91.33666666666667,90.75,91.09222222222222,2184611.7407407407,interpolated
1827,2025-03-08 08:00:00+00:00,91.11999999999999,91.33,90.77000000000001,91.09666666666666,2086658.888888889,interpolated
1828,2025-03-08 10:00:00+00:00,91.12333333333333,91.32333333333334,90.79,91.10111111111111,1988706.0370370368,interpolated
1829,2025-03-08 12:00:00+00:00,91.12666666666667,91.31666666666666,90.81,91.10555555555555,1890753.1851851852,interpolated
1830,2025-03-08 14:00:00+00:00,91.13,91.31,90.83,91.11,1792800.3333333333,interpolated
1831,2025-03-08 16:00:00+00:00,91.13333333333333,91.30333333333334,90.85000000000001,91.11444444444444,1694847.4814814813,interpolated
1832,2025-03-08 18:00:00+00:00,91.13666666666666,91.29666666666667,90.87,91.11888888888889,1596894.6296296297,interpolated
1833,2025-03-08 20:00:00+00:00,91.14,91.29,90.89,91.12333333333333,1498941.7777777778,interpolated
1834,2025-03-08 22:00:00+00:00,91.14333333333333,91.28333333333333,90.91,91.12777777777778,1400988.9259259258,interpolated
1835,2025-03-09 00:00:00+00:00,91.14666666666666,91.27666666666667,90.93,91.13222222222221,1303036.074074074,interpolated
1836,2025-03-09 02:00:00+00:00,91.14999999999999,91.27,90.95,91.13666666666666,1205083.2222222222,interpolated
1837,2025-03-09 04:00:00+00:00,91.15333333333334,91.26333333333334,90.97,91.1411111111111,1107130.3703703703,interpolated
1838,2025-03-09 06:00:00+00:00,91.15666666666667,91.25666666666666,90.99,91.14555555555555,1009177.5185185184,interpolated
1839,2025-03-09 08:00:00+00:00,91.16,91.25,91.01,91.14999999999999,911224.6666666665,interpolated
1840,2025-03-09 10:00:00+00:00,91.16333333333333,91.24333333333334,91.03,91.15444444444444,813271.8148148148,interpolated
1841,2025-03-09 12:00:00+00:00,91.16666666666666,91.23666666666666,91.05,91.15888888888888,715318.9629629629,interpolated
1842,2025-03-09 14:00:00+00:00,91.17,91.23,91.07,91.16333333333333,617366.111111111,interpolated
1843,2025-03-09 16:00:00+00:00,91.17333333333333,91.22333333333333,91.09,91.16777777777777,519413.2592592593,interpolated
1844,2025-03-09 18:00:00+00:00,91.17666666666666,91.21666666666667,91.11,91.17222222222222,421460.4074074072,interpolated
1845,2025-03-09 20:00:00+00:00,91.17999999999999,91.21,91.13,91.17666666666666,323507.5555555555,interpolated
1846,2025-03-09 22:00:00+00:00,91.18333333333334,91.20333333333333,91.14999999999999,91.18111111111111,225554.70370370382,interpolated
1847,2025-03-10 00:00:00+00:00,91.18666666666667,91.19666666666666,91.17,91.18555555555555,127601.85185185168,interpolated
1848,2025-03-10 02:00:00+00:00,91.19,91.19,91.19,91.19,29649.0,present
1849,2025-03-10 04:00:00+00:00,91.2,91.76,91.2,91.47,4178077.0,present
1850,2025-03-10 06:00:00+00:00,91.45,91.59,90.66,90.98,7504842.0,present
1851,2025-03-10 08:00:00+00:00,90.97,91.2,90.15,90.88,8288336.0,present
1852,2025-03-10 10:00:00+00:00,90.9,92.0,90.66,91.62,10880490.0,present
1853,2025-03-10 12:00:00+00:00,91.62,91.98,91.35,91.49,4865198.0,present
1854,2025-03-10 14:00:00+00:00,91.49,91.77,91.0,91.01,4859565.0,present
1855,2025-03-10 16:00:00+00:00,91.09,91.37,90.81,91.02,3646727.0,present
1856,2025-03-10 18:00:00+00:00,91.02,91.2,90.86,90.99,1101636.0,present
1857,2025-03-10 20:00:00+00:00,90.99,91.12,90.75,90.99,1807559.0,present
1858,2025-03-10 22:00:00+00:00,91.09,91.17666666666668,90.93,91.09,1216969.3333333335,interpolated
1859,2025-03-11 00:00:00+00:00,91.19,91.23333333333333,91.11,91.19,626379.6666666667,interpolated
1860,2025-03-11 02:00:00+00:00,91.29,91.29,91.29,91.29,35790.0,present
1861,2025-03-11 04:00:00+00:00,91.2,91.24,90.71,90.73,1577052.0,present
1862,2025-03-11 06:00:00+00:00,90.76,91.19,90.32,91.1,6697883.0,present
1863,2025-03-11 08:00:00+00:00,91.12,91.44,90.87,91.1,6767227.0,present
1864,2025-03-11 10:00:00+00:00,91.1,91.36,90.71,90.74,7814044.0,present
1865,2025-03-11 12:00:00+00:00,90.76,91.36,90.67,91.05,6701783.0,present
1866,2025-03-11 12:00:00+00:00,90.76,91.36,90.67,91.05,6701783.0,present
1867,2025-03-11 14:00:00+00:00,91.05,91.66,91.05,91.15,4207459.0,present
1868,2025-03-11 16:00:00+00:00,91.11,91.86,91.06,91.3,6155424.0,present
1869,2025-03-11 18:00:00+00:00,91.29,91.83,89.5,90.63,21993026.0,present
1870,2025-03-11 20:00:00+00:00,90.66,90.85,90.59,90.7,2286796.0,present
1871,2025-03-11 22:00:00+00:00,90.64,90.76666666666667,90.59333333333333,90.66666666666667,1543807.3333333335,interpolated
1872,2025-03-12 00:00:00+00:00,90.61999999999999,90.68333333333332,90.59666666666666,90.63333333333333,800818.6666666667,interpolated
1873,2025-03-12 02:00:00+00:00,90.6,90.6,90.6,90.6,57830.0,present
1874,2025-03-12 04:00:00+00:00,90.65,91.0,90.12,90.18,3386059.0,present
1875,2025-03-12 06:00:00+00:00,90.19,90.64,90.0,90.06,5259060.0,present
1876,2025-03-12 08:00:00+00:00,90.07,90.58,89.75,90.36,7825268.0,present
1877,2025-03-12 10:00:00+00:00,90.36,90.76,90.12,90.6,4100363.0,present
1878,2025-03-12 12:00:00+00:00,90.6,91.18,90.31,90.4,7385322.0,present
1879,2025-03-12 14:00:00+00:00,90.43,90.69,90.2,90.6,2775728.0,present
1880,2025-03-12 16:00:00+00:00,90.81,90.89,90.21,90.53,3226728.0,present
1881,2025-03-12 18:00:00+00:00,90.52,90.72,90.27,90.3,2549136.0,present
1882,2025-03-12 20:00:00+00:00,90.3,90.35,90.16,90.31,798724.0,present
1883,2025-03-12 22:00:00+00:00,90.20333333333333,90.23666666666666,90.11,90.21000000000001,566004.0,interpolated
1884,2025-03-13 00:00:00+00:00,90.10666666666667,90.12333333333333,90.06,90.11,333283.99999999994,interpolated
1885,2025-03-13 02:00:00+00:00,90.01,90.01,90.01,90.01,100564.0,present
1886,2025-03-13 04:00:00+00:00,90.1,90.48,89.6,89.89,4495579.0,present
1887,2025-03-13 06:00:00+00:00,89.89,89.9,88.36,88.93,15559196.0,present
1888,2025-03-13 08:00:00+00:00,88.93,89.37,88.3,89.32,13574410.0,present
1889,2025-03-13 10:00:00+00:00,89.32,89.66,88.22,88.34,12519728.0,present
1890,2025-03-13 12:00:00+00:00,88.33,88.88,87.6,88.17,15048667.0,present
1891,2025-03-13 14:00:00+00:00,88.17,88.56,87.94,88.56,4698907.0,present
1892,2025-03-13 16:00:00+00:00,89.33,89.805,89.175,89.53,4632953.0,interpolated
1893,2025-03-13 18:00:00+00:00,90.49,91.05,90.41,90.5,4566999.0,present
1894,2025-03-13 20:00:00+00:00,90.5,90.68,89.62,89.86,5019198.0,present
1895,2025-03-13 22:00:00+00:00,90.16666666666667,90.28666666666668,89.58,89.74,3369331.333333333,interpolated
1896,2025-03-14 00:00:00+00:00,89.83333333333333,89.89333333333333,89.54,89.62,1719464.6666666665,interpolated
1897,2025-03-14 02:00:00+00:00,89.5,89.5,89.5,89.5,69598.0,present
1898,2025-03-14 04:00:00+00:00,89.49,89.88,89.18,89.66,5694359.0,present
1899,2025-03-14 06:00:00+00:00,89.66,90.19,89.4,89.51,7229741.0,present
1900,2025-03-14 08:00:00+00:00,89.5,89.94,89.22,89.64,6240691.0,present
1901,2025-03-14 10:00:00+00:00,89.68,90.1,89.53,89.86,3366951.0,present
1902,2025-03-14 12:00:00+00:00,89.86,91.5,89.78,91.34,13322299.0,present
1903,2025-03-14 14:00:00+00:00,91.35,91.48,90.2,91.35,8333149.0,present
1904,2025-03-14 16:00:00+00:00,91.35,91.4,90.88,91.11,4969490.0,present
1905,2025-03-14 18:00:00+00:00,91.12,91.12,90.56,90.82,2591241.0,present
1906,2025-03-14 20:00:00+00:00,90.82,91.0,90.7,90.99,1246552.0,present
1907,2025-03-14 22:00:00+00:00,90.88199999999999,91.044,90.76,91.02,1094926.4,interpolated
1908,2025-03-15 00:00:00+00:00,90.94399999999999,91.088,90.82000000000001,91.05,943300.8,interpolated
1909,2025-03-15 02:00:00+00:00,91.006,91.132,90.88,91.08,791675.2,interpolated
1910,2025-03-15 04:00:00+00:00,91.068,91.176,90.94,91.11,640049.6,interpolated
1911,2025-03-15 06:00:00+00:00,91.13,91.22,91.0,91.14,488424.0,present
1912,2025-03-15 08:00:00+00:00,91.14,91.16,90.95,91.04,489690.0,present
1913,2025-03-15 10:00:00+00:00,91.04,91.1,90.97,91.07,118952.0,present
1914,2025-03-15 12:00:00+00:00,91.06,91.08,91.0,91.03,160772.0,present
1915,2025-03-15 14:00:00+00:00,91.02,91.1,90.98,91.02,254427.0,present
1916,2025-03-15 16:00:00+00:00,91.02125,91.11125,90.9825,91.03125,250768.5,interpolated
1917,2025-03-15 18:00:00+00:00,91.0225,91.1225,90.985,91.04249999999999,247110.0,interpolated
1918,2025-03-15 20:00:00+00:00,91.02374999999999,91.13374999999999,90.9875,91.05375,243451.5,interpolated
1919,2025-03-15 22:00:00+00:00,91.025,91.145,90.99000000000001,91.065,239793.0,interpolated
1920,2025-03-16 00:00:00+00:00,91.02625,91.15625,90.9925,91.07625,236134.5,interpolated
1921,2025-03-16 02:00:00+00:00,91.0275,91.16749999999999,90.995,91.0875,232476.0,interpolated
1922,2025-03-16 04:00:00+00:00,91.02875,91.17875,90.9975,91.09875,228817.5,interpolated
1923,2025-03-16 06:00:00+00:00,91.03,91.19,91.0,91.11,225159.0,present
1924,2025-03-16 08:00:00+00:00,91.11,91.31,91.06,91.22,430712.0,present
1925,2025-03-16 10:00:00+00:00,91.22,91.3,91.16,91.28,235262.0,present
1926,2025-03-16 12:00:00+00:00,91.28,92.36,91.18,92.15,3173431.0,present
1927,2025-03-16 14:00:00+00:00,92.15,92.36,92.01,92.29,3983041.0,present
1928,2025-03-16 16:00:00+00:00,92.20833333333334,92.38333333333333,92.09166666666667,92.325,3325591.5,interpolated
1929,2025-03-16 18:00:00+00:00,92.26666666666667,92.40666666666667,92.17333333333333,92.36,2668142.0,interpolated
1930,2025-03-16 20:00:00+00:00,92.325,92.43,92.255,92.39500000000001,2010692.5,interpolated
1931,2025-03-16 22:00:00+00:00,92.38333333333334,92.45333333333333,92.33666666666667,92.43,1353243.0,interpolated
1932,2025-03-17 00:00:00+00:00,92.44166666666666,92.47666666666666,92.41833333333334,92.465,695793.5,interpolated
1933,2025-03-17 02:00:00+00:00,92.5,92.5,92.5,92.5,38344.0,present
1934,2025-03-17 04:00:00+00:00,92.51,93.16,92.2,92.94,8933698.0,present
1935,2025-03-17 06:00:00+00:00,92.93,93.29,92.25,93.07,12286634.0,present
1936,2025-03-17 08:00:00+00:00,93.06,93.75,92.85,93.05,14822472.0,present
1937,2025-03-17 10:00:00+00:00,93.05,93.33,91.2,91.82,22372231.0,present
1938,2025-03-17 12:00:00+00:00,91.84,93.0,91.8,92.83,11503716.0,present
1939,2025-03-17 14:00:00+00:00,92.83,92.9,92.42,92.67,4514702.0,present
1940,2025-03-17 16:00:00+00:00,92.62,92.83,92.0,92.35,6321979.0,present
1941,2025-03-17 18:00:00+00:00,92.36,92.8,92.2,92.6,3070729.0,present
1942,2025-03-17 20:00:00+00:00,92.61,92.77,92.47,92.6,975360.0,present
1943,2025-03-17 22:00:00+00:00,92.74,92.84666666666666,92.64666666666666,92.73333333333333,665631.3333333333,interpolated
1944,2025-03-18 00:00:00+00:00,92.87,92.92333333333333,92.82333333333334,92.86666666666666,355902.6666666666,interpolated
1945,2025-03-18 02:00:00+00:00,93.0,93.0,93.0,93.0,46174.0,present
1946,2025-03-18 04:00:00+00:00,92.96,93.18,92.65,92.94,4099153.0,present
1947,2025-03-18 06:00:00+00:00,92.93,93.12,92.36,92.49,7198765.0,present
1948,2025-03-18 08:00:00+00:00,92.5,92.6,92.11,92.46,9369446.0,present
1949,2025-03-18 10:00:00+00:00,92.46,92.89,92.44,92.77,4445496.0,present
1950,2025-03-18 12:00:00+00:00,92.77,92.79,91.63,92.4,16339562.0,present
1951,2025-03-18 12:00:00+00:00,92.77,92.79,91.63,92.4,16339562.0,present
1952,2025-03-18 14:00:00+00:00,92.38,93.05,91.8,92.16,21696272.0,present
1953,2025-03-18 16:00:00+00:00,91.35499999999999,92.185,91.035,91.39,15453628.5,interpolated
1954,2025-03-18 18:00:00+00:00,90.33,91.32,90.27,90.62,9210985.0,present
1955,2025-03-18 20:00:00+00:00,90.6,90.65,90.05,90.13,3521757.0,present
1956,2025-03-18 22:00:00+00:00,90.52666666666666,90.56,90.16,90.21333333333332,2357445.666666667,interpolated
1957,2025-03-19 00:00:00+00:00,90.45333333333333,90.47,90.27,90.29666666666667,1193134.3333333335,interpolated
1958,2025-03-19 02:00:00+00:00,90.38,90.38,90.38,90.38,28823.0,present
1959,2025-03-19 04:00:00+00:00,90.38,90.69,90.22,90.57,2031302.0,present
1960,2025-03-19 06:00:00+00:00,90.55,90.57,89.63,89.75,12405565.0,present
1961,2025-03-19 08:00:00+00:00,89.75,90.0,89.3,89.95,8616099.0,present
1962,2025-03-19 10:00:00+00:00,89.95,90.31,89.47,90.08,7604981.0,present
1963,2025-03-19 12:00:00+00:00,90.09,91.25,89.97,90.85,11883145.0,present
1964,2025-03-19 14:00:00+00:00,90.85,90.98,90.42,90.8,4480836.0,present
1965,2025-03-19 16:00:00+00:00,90.96,91.11,90.67,90.8,7340271.0,present
1966,2025-03-19 18:00:00+00:00,90.82,91.08,90.67,90.94,2620404.0,present
1967,2025-03-19 20:00:00+00:00,90.94,90.96,90.5,90.65,1208872.0,present
1968,2025-03-19 22:00:00+00:00,90.84666666666666,90.86,90.55333333333333,90.65333333333334,808445.3333333333,interpolated
1969,2025-03-20 00:00:00+00:00,90.75333333333333,90.75999999999999,90.60666666666667,90.65666666666667,408018.6666666666,interpolated
1970,2025-03-20 02:00:00+00:00,90.66,90.66,90.66,90.66,7592.0,present
1971,2025-03-20 04:00:00+00:00,90.67,91.04,90.63,90.8,2339899.0,present
1972,2025-03-20 06:00:00+00:00,90.8,91.31,90.74,91.0,7613484.0,present
1973,2025-03-20 08:00:00+00:00,91.0,91.35,90.57,91.2,7452945.0,present
1974,2025-03-20 10:00:00+00:00,91.2,91.25,90.75,90.86,4717121.0,present
1975,2025-03-20 12:00:00+00:00,90.85,91.3,90.3,91.05,10695424.0,present
1976,2025-03-20 14:00:00+00:00,91.05,91.15,90.76,90.91,2815294.0,present
1977,2025-03-20 16:00:00+00:00,90.78,90.91,90.65,90.66,1400723.0,present
1978,2025-03-20 18:00:00+00:00,90.68,90.8,90.6,90.71,819692.0,present
1979,2025-03-20 20:00:00+00:00,90.73,90.8,90.69,90.72,457284.0,present
1980,2025-03-20 22:00:00+00:00,90.69333333333334,90.74,90.66666666666667,90.68666666666667,311200.3333333334,interpolated
1981,2025-03-21 00:00:00+00:00,90.65666666666667,90.68,90.64333333333333,90.65333333333334,165116.6666666667,interpolated
1982,2025-03-21 02:00:00+00:00,90.62,90.62,90.62,90.62,19033.0,present
1983,2025-03-21 04:00:00+00:00,90.63,90.91,90.61,90.77,1019884.0,present
1984,2025-03-21 06:00:00+00:00,90.77,91.24,90.73,91.23,4269741.0,present
1985,2025-03-21 08:00:00+00:00,91.23,91.33,91.0,91.2,5586476.0,present
1986,2025-03-21 10:00:00+00:00,91.2,91.32,89.64,90.49,13555497.0,present
1987,2025-03-21 12:00:00+00:00,90.48,90.74,89.8,89.81,8264326.0,present
1988,2025-03-21 14:00:00+00:00,89.81,90.08,89.58,89.66,4462491.0,present
1989,2025-03-21 16:00:00+00:00,89.74,90.16,89.67,90.1,3037851.0,present
1990,2025-03-21 18:00:00+00:00,90.09,90.15,89.78,89.91,1614367.0,present
1991,2025-03-21 20:00:00+00:00,89.91,90.0,89.79,89.82,1285704.0,present
1992,2025-03-21 22:00:00+00:00,89.90666666666667,89.99333333333334,89.79111111111112,89.82,1238913.888888889,interpolated
1993,2025-03-22 00:00:00+00:00,89.90333333333334,89.98666666666666,89.79222222222222,89.82,1192123.7777777778,interpolated
1994,2025-03-22 02:00:00+00:00,89.89999999999999,89.98,89.79333333333334,89.82,1145333.6666666667,interpolated
1995,2025-03-22 04:00:00+00:00,89.89666666666666,89.97333333333333,89.79444444444445,89.82,1098543.5555555555,interpolated
1996,2025-03-22 06:00:00+00:00,89.89333333333333,89.96666666666667,89.79555555555557,89.82,1051753.4444444445,interpolated
1997,2025-03-22 08:00:00+00:00,89.89,89.96,89.79666666666667,89.82,1004963.3333333334,interpolated
1998,2025-03-22 10:00:00+00:00,89.88666666666666,89.95333333333333,89.79777777777778,89.82,958173.2222222222,interpolated
1999,2025-03-22 12:00:00+00:00,89.88333333333333,89.94666666666666,89.7988888888889,89.82,911383.1111111111,interpolated
2000,2025-03-22 14:00:00+00:00,89.88,89.94,89.8,89.82,864593.0,interpolated
2001,2025-03-22 16:00:00+00:00,89.87666666666667,89.93333333333334,89.80111111111111,89.82,817802.888888889,interpolated
2002,2025-03-22 18:00:00+00:00,89.87333333333333,89.92666666666666,89.80222222222223,89.82,771012.7777777778,interpolated
2003,2025-03-22 20:00:00+00:00,89.86999999999999,89.92,89.80333333333333,89.82,724222.6666666667,interpolated
2004,2025-03-22 22:00:00+00:00,89.86666666666666,89.91333333333333,89.80444444444444,89.82,677432.5555555556,interpolated
2005,2025-03-23 00:00:00+00:00,89.86333333333333,89.90666666666667,89.80555555555556,89.82,630642.4444444445,interpolated
2006,2025-03-23 02:00:00+00:00,89.86,89.89999999999999,89.80666666666667,89.82,583852.3333333334,interpolated
2007,2025-03-23 04:00:00+00:00,89.85666666666665,89.89333333333333,89.80777777777777,89.82,537062.2222222222,interpolated
2008,2025-03-23 06:00:00+00:00,89.85333333333332,89.88666666666666,89.80888888888889,89.82,490272.1111111111,interpolated
2009,2025-03-23 08:00:00+00:00,89.85,89.88,89.81,89.82,443482.0,interpolated
2010,2025-03-23 10:00:00+00:00,89.84666666666666,89.87333333333333,89.8111111111111,89.82,396691.8888888889,interpolated
2011,2025-03-23 12:00:00+00:00,89.84333333333333,89.86666666666666,89.81222222222222,89.82,349901.77777777787,interpolated
2012,2025-03-23 14:00:00+00:00,89.83999999999999,89.86,89.81333333333333,89.82,303111.66666666674,interpolated
2013,2025-03-23 16:00:00+00:00,89.83666666666666,89.85333333333332,89.81444444444443,89.82,256321.55555555562,interpolated
2014,2025-03-23 18:00:00+00:00,89.83333333333333,89.84666666666666,89.81555555555555,89.82,209531.4444444445,interpolated
2015,2025-03-23 20:00:00+00:00,89.83,89.83999999999999,89.81666666666666,89.82,162741.3333333335,interpolated
2016,2025-03-23 22:00:00+00:00,89.82666666666665,89.83333333333333,89.81777777777778,89.82,115951.22222222225,interpolated
2017,2025-03-24 00:00:00+00:00,89.82333333333332,89.82666666666665,89.81888888888888,89.82,69161.11111111124,interpolated
2018,2025-03-24 02:00:00+00:00,89.82,89.82,89.82,89.82,22371.0,present
2019,2025-03-24 04:00:00+00:00,89.82,89.82,89.01,89.37,3367591.0,present
2020,2025-03-24 06:00:00+00:00,89.37,89.87,89.02,89.23,4469929.0,present
2021,2025-03-24 08:00:00+00:00,89.23,89.42,88.83,89.31,4094647.0,present
2022,2025-03-24 10:00:00+00:00,89.31,89.39,88.85,89.21,2615173.0,present
2023,2025-03-24 12:00:00+00:00,89.23,89.55,89.0,89.0,2604840.0,present
2024,2025-03-24 14:00:00+00:00,89.0,89.4,88.91,89.29,2407017.0,present
2025,2025-03-24 16:00:00+00:00,89.29,89.43,89.07,89.38,1196775.0,present
2026,2025-03-24 18:00:00+00:00,89.37,89.47,88.5,89.05,8151739.0,present
2027,2025-03-24 20:00:00+00:00,89.04,89.25,88.76,89.05,1144503.0,present
2028,2025-03-24 22:00:00+00:00,88.96666666666667,89.10666666666667,88.78,88.97333333333333,769744.3333333333,interpolated
2029,2025-03-25 00:00:00+00:00,88.89333333333333,88.96333333333332,88.8,88.89666666666666,394985.6666666666,interpolated
2030,2025-03-25 02:00:00+00:00,88.82,88.82,88.82,88.82,20227.0,present
2031,2025-03-25 04:00:00+00:00,88.83,89.71,88.83,89.67,1349965.0,present
2032,2025-03-25 06:00:00+00:00,89.66,89.85,89.44,89.61,2849528.0,present
2033,2025-03-25 08:00:00+00:00,89.63,90.19,88.66,88.7,9397177.0,present
2034,2025-03-25 10:00:00+00:00,88.7,89.09,88.68,88.85,2450343.0,present
2035,2025-03-25 12:00:00+00:00,88.85,88.96,88.18,88.55,5518578.0,present
2036,2025-03-25 12:00:00+00:00,88.85,88.96,88.18,88.55,5518578.0,present
2037,2025-03-25 14:00:00+00:00,88.56,89.8,87.74,89.53,14483657.0,present
2038,2025-03-25 16:00:00+00:00,89.7,91.22,89.6,91.05,25303286.0,present
2039,2025-03-25 18:00:00+00:00,91.07,91.45,90.86,90.91,8523292.0,present
2040,2025-03-25 20:00:00+00:00,90.91,91.0,90.62,90.99,1728682.0,present
2041,2025-03-25 22:00:00+00:00,91.01333333333334,91.07333333333334,90.82000000000001,91.06666666666666,1167363.6666666667,interpolated
2042,2025-03-26 00:00:00+00:00,91.11666666666666,91.14666666666666,91.02,91.14333333333333,606045.3333333335,interpolated
2043,2025-03-26 02:00:00+00:00,91.22,91.22,91.22,91.22,44727.0,present
2044,2025-03-26 04:00:00+00:00,91.23,91.46,90.85,90.97,4471315.0,present
2045,2025-03-26 06:00:00+00:00,90.95,91.33,90.68,91.06,5596576.0,present
2046,2025-03-26 08:00:00+00:00,91.05,91.37,90.82,91.34,6196784.0,present
2047,2025-03-26 10:00:00+00:00,91.34,91.36,90.16,90.42,7789729.0,present
2048,2025-03-26 12:00:00+00:00,90.42,90.68,90.12,90.29,6907677.0,present
2049,2025-03-26 14:00:00+00:00,90.3,90.45,89.4,89.46,6621373.0,present
2050,2025-03-26 16:00:00+00:00,89.39,89.5,88.87,89.27,6333143.0,present
2051,2025-03-26 18:00:00+00:00,89.27,89.83,89.17,89.52,6230033.0,present
2052,2025-03-26 20:00:00+00:00,89.52,89.72,89.11,89.11,1751419.0,present
2053,2025-03-26 22:00:00+00:00,89.35333333333332,89.48666666666666,89.08,89.08,1174232.0,interpolated
2054,2025-03-27 00:00:00+00:00,89.18666666666667,89.25333333333333,89.05,89.05,597045.0,interpolated
2055,2025-03-27 02:00:00+00:00,89.02,89.02,89.02,89.02,19858.0,present
2056,2025-03-27 04:00:00+00:00,89.11,89.4,88.55,88.88,2986313.0,present
2057,2025-03-27 06:00:00+00:00,88.88,89.9,88.63,89.43,13393409.0,present
2058,2025-03-27 08:00:00+00:00,89.44,89.59,88.71,89.27,8686325.0,present
2059,2025-03-27 10:00:00+00:00,89.3,89.83,89.13,89.48,4990910.0,present
2060,2025-03-27 12:00:00+00:00,89.48,89.55,88.21,88.65,11444650.0,present
2061,2025-03-27 14:00:00+00:00,88.64,89.03,88.01,88.15,5846766.0,present
2062,2025-03-27 16:00:00+00:00,88.16,88.71,88.02,88.53,3515480.0,present
2063,2025-03-27 18:00:00+00:00,88.52,88.53,87.55,87.79,5889155.0,present
2064,2025-03-27 20:00:00+00:00,87.78,87.79,87.0,87.07,4028260.0,present
2065,2025-03-27 22:00:00+00:00,87.52,87.52666666666667,87.0,87.04666666666667,2707665.666666667,interpolated
2066,2025-03-28 00:00:00+00:00,87.26,87.26333333333334,87.0,87.02333333333333,1387071.3333333335,interpolated
2067,2025-03-28 02:00:00+00:00,87.0,87.0,87.0,87.0,66477.0,present
2068,2025-03-28 04:00:00+00:00,86.99,87.76,85.6,85.87,10469211.0,present
2069,2025-03-28 06:00:00+00:00,85.88,87.37,85.87,87.11,8991141.0,present
2070,2025-03-28 08:00:00+00:00,84.89333333333333,86.28666666666668,84.64666666666668,85.88666666666667,14422789.0,interpolated
2071,2025-03-28 10:00:00+00:00,83.90666666666667,85.20333333333333,83.42333333333333,84.66333333333333,19854437.0,interpolated
2072,2025-03-28 12:00:00+00:00,82.92,84.12,82.2,83.44,25286085.0,present
2073,2025-03-28 14:00:00+00:00,83.44,84.4,83.36,84.11,6372603.0,present
2074,2025-03-28 16:00:00+00:00,84.11,84.31,82.8,82.99,8004065.0,present
2075,2025-03-28 18:00:00+00:00,82.99,83.32,82.56,83.04,5613535.0,present
2076,2025-03-28 20:00:00+00:00,83.02,83.02,82.27,82.35,3944424.0,present
2077,2025-03-28 22:00:00+00:00,82.928,82.93599999999999,82.134,82.198,3562356.8,interpolated
2078,2025-03-29 00:00:00+00:00,82.836,82.85199999999999,81.998,82.04599999999999,3180289.6,interpolated
2079,2025-03-29 02:00:00+00:00,82.744,82.768,81.862,81.894,2798222.4,interpolated
2080,2025-03-29 04:00:00+00:00,82.652,82.684,81.726,81.742,2416155.2,interpolated
2081,2025-03-29 06:00:00+00:00,82.56,82.6,81.59,81.59,2034088.0,present
2082,2025-03-29 08:00:00+00:00,81.59,81.76,81.59,81.59,2264758.0,present
2083,2025-03-29 10:00:00+00:00,81.59,81.59,81.59,81.59,696961.0,present
2084,2025-03-29 12:00:00+00:00,81.59,81.59,81.59,81.59,209602.0,present
2085,2025-03-29 14:00:00+00:00,81.59,81.59,81.59,81.59,175195.0,present
2086,2025-03-29 16:00:00+00:00,81.59,81.59,81.59,81.59,163388.5,interpolated
2087,2025-03-29 18:00:00+00:00,81.59,81.59,81.59,81.59,151582.0,interpolated
2088,2025-03-29 20:00:00+00:00,81.59,81.59,81.59,81.59,139775.5,interpolated
2089,2025-03-29 22:00:00+00:00,81.59,81.59,81.59,81.59,127969.0,interpolated
2090,2025-03-30 00:00:00+00:00,81.59,81.59,81.59,81.59,116162.5,interpolated
2091,2025-03-30 02:00:00+00:00,81.59,81.59,81.59,81.59,104356.0,interpolated
2092,2025-03-30 04:00:00+00:00,81.59,81.59,81.59,81.59,92549.5,interpolated
2093,2025-03-30 06:00:00+00:00,81.59,81.59,81.59,81.59,80743.0,present
2094,2025-03-30 08:00:00+00:00,81.59,81.59,81.59,81.59,62720.0,present
2095,2025-03-30 10:00:00+00:00,81.59,81.59,81.59,81.59,148969.0,present
2096,2025-03-30 12:00:00+00:00,81.59,81.59,81.59,81.59,156400.0,present
2097,2025-03-30 14:00:00+00:00,81.59,81.59,81.59,81.59,49472.0,present
2098,2025-03-30 16:00:00+00:00,81.61500000000001,81.83375000000001,81.5725,81.59125,2422765.5,interpolated
2099,2025-03-30 18:00:00+00:00,81.64,82.0775,81.555,81.5925,4796059.0,interpolated
2100,2025-03-30 20:00:00+00:00,81.665,82.32125,81.53750000000001,81.59375,7169352.5,interpolated
2101,2025-03-30 22:00:00+00:00,81.69,82.565,81.52000000000001,81.595,9542646.0,interpolated
2102,2025-03-31 00:00:00+00:00,81.715,82.80875,81.5025,81.59625,11915939.5,interpolated
2103,2025-03-31 02:00:00+00:00,81.74000000000001,83.05250000000001,81.485,81.5975,14289233.0,interpolated
2104,2025-03-31 04:00:00+00:00,81.765,83.29625,81.4675,81.59875,16662526.5,interpolated
2105,2025-03-31 06:00:00+00:00,81.79,83.54,81.45,81.6,19035820.0,present
2106,2025-03-31 08:00:00+00:00,81.58,82.35,81.11,82.16,8290024.0,present
2107,2025-03-31 10:00:00+00:00,82.17,82.58,81.92,82.38,5147695.0,present
2108,2025-03-31 12:00:00+00:00,82.38,82.72,81.73,82.42,5863990.0,present
2109,2025-03-31 14:00:00+00:00,82.41,82.7,81.82,82.39,6295265.0,present
2110,2025-03-31 16:00:00+00:00,82.49,82.49,81.76,82.01,2800905.0,present
2111,2025-03-31 18:00:00+00:00,82.02,82.13,81.78,82.0,1521082.0,present
2112,2025-03-31 20:00:00+00:00,82.01,82.03,81.86,81.96,516694.0,present
2113,2025-03-31 22:00:00+00:00,82.02000000000001,82.03333333333333,81.92,81.98666666666666,345975.6666666666,interpolated
2114,2025-04-01 00:00:00+00:00,82.03,82.03666666666668,81.98,82.01333333333334,175257.3333333333,interpolated
2115,2025-04-01 02:00:00+00:00,82.04,82.04,82.04,82.04,4539.0,present
2116,2025-04-01 04:00:00+00:00,82.06,83.14,82.04,82.9,4261282.0,present
2117,2025-04-01 06:00:00+00:00,82.89,82.96,82.5,82.58,4703353.0,present
2118,2025-04-01 08:00:00+00:00,82.58,83.46,82.31,83.17,5194756.0,present
2119,2025-04-01 10:00:00+00:00,81.86500000000001,82.56,81.23,82.18,7056991.0,interpolated
2120,2025-04-01 12:00:00+00:00,81.15,81.66,80.15,81.19,8919226.0,present
2121,2025-04-01 12:00:00+00:00,81.15,81.66,80.15,81.19,8919226.0,present
2122,2025-04-01 14:00:00+00:00,81.19,82.68,81.02,81.61,8604230.0,present
2123,2025-04-01 16:00:00+00:00,81.56,81.81,80.63,80.83,4933032.0,present
2124,2025-04-01 18:00:00+00:00,80.16499999999999,80.455,79.59,79.805,4611473.0,interpolated
2125,2025-04-01 20:00:00+00:00,78.77,79.1,78.55,78.78,4289914.0,present
2126,2025-04-01 22:00:00+00:00,78.77333333333333,78.99333333333333,78.62666666666667,78.78,2886850.0,interpolated
2127,2025-04-02 00:00:00+00:00,78.77666666666667,78.88666666666667,78.70333333333333,78.78,1483786.0,interpolated
2128,2025-04-02 02:00:00+00:00,78.78,78.78,78.78,78.78,80722.0,present
2129,2025-04-02 04:00:00+00:00,78.77,79.8,78.31,79.36,7638202.0,present
2130,2025-04-02 06:00:00+00:00,79.33,79.8,78.84,79.39,8902828.0,present
2131,2025-04-02 08:00:00+00:00,79.38,80.25,79.0,79.97,8210557.0,present
2132,2025-04-02 10:00:00+00:00,79.97,80.37,79.1,80.11,7107954.0,present
2133,2025-04-02 12:00:00+00:00,80.11,80.62,78.71,78.85,7190211.0,present
2134,2025-04-02 14:00:00+00:00,78.86,79.82,78.86,79.1,7166794.0,present
2135,2025-04-02 16:00:00+00:00,78.98,79.65,78.52,79.49,6484550.0,present
2136,2025-04-02 18:00:00+00:00,79.49,80.31,79.41,80.09,4098084.0,present
2137,2025-04-02 20:00:00+00:00,80.09,80.35,79.68,79.88,2131563.0,present
2138,2025-04-02 22:00:00+00:00,80.06666666666666,80.24,79.79333333333334,79.92666666666666,1425811.3333333335,interpolated
2139,2025-04-03 00:00:00+00:00,80.04333333333334,80.13,79.90666666666667,79.97333333333333,720059.6666666667,interpolated
2140,2025-04-03 02:00:00+00:00,80.02,80.02,80.02,80.02,14308.0,present
2141,2025-04-03 04:00:00+00:00,80.09,80.89,80.0,80.44,4713718.0,present
2142,2025-04-03 06:00:00+00:00,80.42,80.42,79.53,79.85,5316805.0,present
2143,2025-04-03 08:00:00+00:00,79.84,80.28,79.72,80.14,4275493.0,present
2144,2025-04-03 10:00:00+00:00,80.14,80.33,79.26,79.57,5663846.0,present
2145,2025-04-03 12:00:00+00:00,78.495,78.88499999999999,77.56500000000001,77.90499999999999,12820425.5,interpolated
2146,2025-04-03 14:00:00+00:00,76.85,77.44,75.87,76.24,19977005.0,present
2147,2025-04-03 16:00:00+00:00,76.34,76.84,75.7,76.67,8486122.0,present
2148,2025-04-03 18:00:00+00:00,76.66,76.98,76.37,76.81,3449822.0,present
2149,2025-04-03 20:00:00+00:00,76.8,77.86,76.5,77.86,3228840.0,present
2150,2025-04-03 22:00:00+00:00,77.36666666666666,78.07333333333334,77.16666666666667,78.07333333333334,2263853.6666666665,interpolated
2151,2025-04-04 00:00:00+00:00,77.93333333333334,78.28666666666666,77.83333333333333,78.28666666666666,1298867.3333333333,interpolated
2152,2025-04-04 02:00:00+00:00,78.5,78.5,78.5,78.5,333881.0,present
2153,2025-04-04 04:00:00+00:00,78.53,78.66,77.73,77.93,9818192.0,present
2154,2025-04-04 06:00:00+00:00,77.93,78.08,77.32,77.68,6663151.0,present
2155,2025-04-04 08:00:00+00:00,77.68,77.74,76.11,76.43,9788549.0,present
2156,2025-04-04 10:00:00+00:00,76.16,76.47,74.97,75.33000000000001,11574074.0,interpolated
2157,2025-04-04 12:00:00+00:00,74.64,75.2,73.83,74.23,13359599.0,present
2158,2025-04-04 14:00:00+00:00,74.23,74.76,73.51,74.25,12017097.0,present
2159,2025-04-04 16:00:00+00:00,74.32,74.56,72.8,73.23,12466389.0,present
2160,2025-04-04 18:00:00+00:00,73.19,73.54,72.86,73.36,5565154.0,present
2161,2025-04-04 20:00:00+00:00,73.36,73.37,72.08,72.25,5472261.0,present
2162,2025-04-04 22:00:00+00:00,73.092,73.10000000000001,72.068,72.204,4520407.4,interpolated
2163,2025-04-05 00:00:00+00:00,72.824,72.83,72.056,72.158,3568553.8,interpolated
2164,2025-04-05 02:00:00+00:00,72.556,72.56,72.044,72.112,2616700.1999999997,interpolated
2165,2025-04-05 04:00:00+00:00,72.288,72.28999999999999,72.032,72.066,1664846.5999999996,interpolated
2166,2025-04-05 06:00:00+00:00,72.02,72.02,72.02,72.02,712993.0,present
2167,2025-04-05 08:00:00+00:00,72.02,72.02,72.02,72.02,729484.0,present
2168,2025-04-05 10:00:00+00:00,72.02,72.89,72.02,72.79,4600421.0,present
2169,2025-04-05 12:00:00+00:00,72.89,72.9,72.11,72.36,1486960.0,present
2170,2025-04-05 14:00:00+00:00,72.36,72.68,72.14,72.32,969815.0,present
2171,2025-04-05 16:00:00+00:00,72.39,72.71625,72.14625,72.395,1018329.375,interpolated
2172,2025-04-05 18:00:00+00:00,72.42,72.7525,72.1525,72.47,1066843.75,interpolated
2173,2025-04-05 20:00:00+00:00,72.45,72.78875000000001,72.15875,72.545,1115358.125,interpolated
2174,2025-04-05 22:00:00+00:00,72.47999999999999,72.825,72.16499999999999,72.62,1163872.5,interpolated
2175,2025-04-06 00:00:00+00:00,72.50999999999999,72.86125,72.17125,72.695,1212386.875,interpolated
2176,2025-04-06 02:00:00+00:00,72.53999999999999,72.89750000000001,72.1775,72.77,1260901.25,interpolated
2177,2025-04-06 04:00:00+00:00,72.57,72.93375,72.18375,72.845,1309415.625,interpolated
2178,2025-04-06 06:00:00+00:00,72.6,72.97,72.19,72.92,1357930.0,present
2179,2025-04-06 08:00:00+00:00,72.94,73.37,72.86,73.09,2187566.0,present
2180,2025-04-06 10:00:00+00:00,73.09,73.2,72.71,73.1,1446862.0,present
2181,2025-04-06 12:00:00+00:00,73.13,73.85,72.9,73.63,2508850.0,present
2182,2025-04-06 14:00:00+00:00,73.64,73.77,73.27,73.73,2345870.0,present
2183,2025-04-06 16:00:00+00:00,73.145,73.27125,72.58125,73.20625000000001,7484365.25,interpolated
2184,2025-04-06 18:00:00+00:00,72.65,72.7725,71.8925,72.6825,12622860.5,interpolated
2185,2025-04-06 20:00:00+00:00,72.155,72.27374999999999,71.20375,72.15875,17761355.75,interpolated
2186,2025-04-06 22:00:00+00:00,71.66,71.77499999999999,70.515,71.635,22899851.0,interpolated
2187,2025-04-07 00:00:00+00:00,71.165,71.27625,69.82625,71.11125000000001,28038346.25,interpolated
2188,2025-04-07 02:00:00+00:00,70.67,70.7775,69.1375,70.5875,33176841.5,interpolated
2189,2025-04-07 04:00:00+00:00,70.17500000000001,70.27875,68.44875,70.06375,38315336.75,interpolated
2190,2025-04-07 06:00:00+00:00,69.68,69.78,67.76,69.54,43453832.0,present
2191,2025-04-07 08:00:00+00:00,70.04,70.51,68.3225,69.80000000000001,38833324.75,interpolated
2192,2025-04-07 10:00:00+00:00,70.4,71.24000000000001,68.885,70.06,34212817.5,interpolated
2193,2025-04-07 12:00:00+00:00,70.76,71.97,69.4475,70.32,29592310.25,interpolated
2194,2025-04-07 14:00:00+00:00,71.12,72.7,70.01,70.58,24971803.0,present
2195,2025-04-07 16:00:00+00:00,70.58,71.18,69.75,71.1,5910581.0,present
2196,2025-04-07 18:00:00+00:00,71.11,71.32,70.3,70.91,5545528.0,present
2197,2025-04-07 20:00:00+00:00,70.93,71.1,70.83,70.89,1532053.0,present
2198,2025-04-07 22:00:00+00:00,71.17333333333333,71.28666666666666,71.10666666666667,71.14666666666666,1035674.6666666667,interpolated
2199,2025-04-08 00:00:00+00:00,71.41666666666667,71.47333333333333,71.38333333333333,71.40333333333334,539296.3333333334,interpolated
2200,2025-04-08 02:00:00+00:00,71.66,71.66,71.66,71.66,42918.0,present
2201,2025-04-08 04:00:00+00:00,71.61,72.49,71.31,71.97,8058659.0,present
2202,2025-04-08 06:00:00+00:00,71.97,72.44,71.12,71.5,11329550.0,present
2203,2025-04-08 08:00:00+00:00,71.5,72.11,70.63,71.06,11134813.0,present
2204,2025-04-08 10:00:00+00:00,71.06,72.05,70.64,71.92,7886467.0,present
2205,2025-04-08 12:00:00+00:00,71.93,72.64,71.49,72.06,10738973.0,present
2206,2025-04-08 12:00:00+00:00,71.93,72.64,71.49,72.06,10738973.0,present
2207,2025-04-08 14:00:00+00:00,71.295,71.795,70.04499999999999,71.02000000000001,15454263.0,interpolated
2208,2025-04-08 16:00:00+00:00,70.66,70.95,68.6,69.98,20169553.0,present
2209,2025-04-08 18:00:00+00:00,69.57499999999999,69.725,68.055,68.87,13551282.5,interpolated
2210,2025-04-08 20:00:00+00:00,68.49,68.5,67.51,67.76,6933012.0,present
2211,2025-04-08 22:00:00+00:00,68.10666666666667,68.11333333333333,67.45333333333333,67.62,4652124.0,interpolated
2212,2025-04-09 00:00:00+00:00,67.72333333333333,67.72666666666667,67.39666666666668,67.48,2371236.0,interpolated
2213,2025-04-09 02:00:00+00:00,67.34,67.34,67.34,67.34,90348.0,present
2214,2025-04-09 04:00:00+00:00,67.34,68.34,66.6,67.93,9727413.0,present
2215,2025-04-09 06:00:00+00:00,67.9,69.05,67.83,68.6,17773907.0,present
2216,2025-04-09 08:00:00+00:00,68.61,69.05,67.67,67.7,11965141.0,present
2217,2025-04-09 10:00:00+00:00,67.71,67.82,66.1,66.72,21645641.0,present
2218,2025-04-09 12:00:00+00:00,68.13499999999999,68.405,67.0,67.69,17931301.5,interpolated
2219,2025-04-09 14:00:00+00:00,68.56,68.99,67.9,68.66,14216962.0,present
2220,2025-04-09 16:00:00+00:00,70.435,71.04499999999999,69.35,70.225,23168198.5,interpolated
2221,2025-04-09 18:00:00+00:00,72.31,73.1,70.8,71.79,32119435.0,present
2222,2025-04-09 20:00:00+00:00,72.65,73.24249999999999,71.5175,72.26,24125929.0,interpolated
2223,2025-04-09 22:00:00+00:00,72.99000000000001,73.38499999999999,72.235,72.73,16132423.000000002,interpolated
2224,2025-04-10 00:00:00+00:00,73.33,73.5275,72.9525,73.2,8138917.000000004,interpolated
2225,2025-04-10 02:00:00+00:00,73.67,73.67,73.67,73.67,145411.0,present
2226,2025-04-10 04:00:00+00:00,73.67,74.0,72.61,73.39,12572003.0,present
2227,2025-04-10 06:00:00+00:00,73.4,74.41,72.19,72.7,23857529.0,present
2228,2025-04-10 08:00:00+00:00,72.71,73.3,71.74,73.17,9180056.0,present
2229,2025-04-10 10:00:00+00:00,73.17,73.49,72.13,72.7,8502877.0,present
2230,2025-04-10 12:00:00+00:00,72.73,74.19,72.22,72.35,19593413.0,present
2231,2025-04-10 14:00:00+00:00,72.35,73.09,71.94,72.2,8995400.0,present
2232,2025-04-10 16:00:00+00:00,72.2,73.24,70.7,72.96,21807658.0,present
2233,2025-04-10 18:00:00+00:00,72.98,73.65,72.42,73.43,8260296.0,present
2234,2025-04-10 20:00:00+00:00,73.42,73.43,73.0,73.16,2362486.0,present
2235,2025-04-10 22:00:00+00:00,73.36333333333333,73.37,73.08333333333333,73.19,1576901.0,interpolated
2236,2025-04-11 00:00:00+00:00,73.30666666666667,73.31,73.16666666666667,73.22,791316.0,interpolated
2237,2025-04-11 02:00:00+00:00,73.25,73.25,73.25,73.25,5731.0,present
2238,2025-04-11 04:00:00+00:00,73.25,73.54,72.96,73.36,2535018.0,present
2239,2025-04-11 06:00:00+00:00,74.02000000000001,74.39500000000001,73.615,74.235,6622662.0,interpolated
2240,2025-04-11 08:00:00+00:00,74.79,75.25,74.27,75.11,10710306.0,present
2241,2025-04-11 10:00:00+00:00,75.11,75.24,74.58,74.84,7487394.0,present
2242,2025-04-11 12:00:00+00:00,74.84,75.0,73.86,74.29,11995568.0,present
2243,2025-04-11 14:00:00+00:00,75.42,75.92,74.85499999999999,75.45,13244835.5,interpolated
2244,2025-04-11 16:00:00+00:00,76.0,76.84,75.85,76.61,14494103.0,present
2245,2025-04-11 18:00:00+00:00,76.61,76.69,75.9,76.51,8922070.0,present
2246,2025-04-11 20:00:00+00:00,76.52,76.8,76.26,76.76,2728919.0,present
2247,2025-04-11 22:00:00+00:00,76.616,76.98,76.39,76.928,2788521.8,interpolated
2248,2025-04-12 00:00:00+00:00,76.712,77.16,76.52,77.096,2848124.6,interpolated
2249,2025-04-12 02:00:00+00:00,76.80799999999999,77.34,76.65,77.264,2907727.4,interpolated
2250,2025-04-12 04:00:00+00:00,76.904,77.52,76.78,77.432,2967330.2,interpolated
2251,2025-04-12 06:00:00+00:00,77.0,77.7,76.91,77.6,3026933.0,present
2252,2025-04-12 08:00:00+00:00,77.58,78.05,77.43,77.99,4801270.0,present
2253,2025-04-12 10:00:00+00:00,77.99,78.15,77.75,77.94,2166166.0,present
2254,2025-04-12 12:00:00+00:00,77.94,77.94,77.56,77.87,1308348.0,present
2255,2025-04-12 14:00:00+00:00,77.87,78.28,77.74,78.17,2566863.0,present
2256,2025-04-12 16:00:00+00:00,77.89875,78.265,77.7375,78.1375,2445001.375,interpolated
2257,2025-04-12 18:00:00+00:00,77.92750000000001,78.25,77.735,78.105,2323139.75,interpolated
2258,2025-04-12 20:00:00+00:00,77.95625,78.235,77.7325,78.0725,2201278.125,interpolated
2259,2025-04-12 22:00:00+00:00,77.985,78.22,77.72999999999999,78.03999999999999,2079416.5,interpolated
2260,2025-04-13 00:00:00+00:00,78.01375,78.205,77.72749999999999,78.0075,1957554.875,interpolated
2261,2025-04-13 02:00:00+00:00,78.04249999999999,78.19,77.725,77.975,1835693.25,interpolated
2262,2025-04-13 04:00:00+00:00,78.07124999999999,78.175,77.7225,77.9425,1713831.625,interpolated
2263,2025-04-13 06:00:00+00:00,78.1,78.16,77.72,77.91,1591970.0,present
2264,2025-04-13 08:00:00+00:00,77.91,78.0,77.7,77.79,1294988.0,present
2265,2025-04-13 10:00:00+00:00,77.78,78.13,77.71,78.03,1630982.0,present
2266,2025-04-13 12:00:00+00:00,78.03,78.23,77.93,78.18,1330951.0,present
2267,2025-04-13 14:00:00+00:00,78.18,78.24,78.0,78.19,1517988.0,present
2268,2025-04-13 16:00:00+00:00,78.18333333333334,78.23333333333333,78.03333333333333,78.19166666666666,1273848.1666666667,interpolated
2269,2025-04-13 18:00:00+00:00,78.18666666666667,78.22666666666666,78.06666666666666,78.19333333333333,1029708.3333333333,interpolated
2270,2025-04-13 20:00:00+00:00,78.19,78.22,78.1,78.195,785568.5,interpolated
2271,2025-04-13 22:00:00+00:00,78.19333333333334,78.21333333333334,78.13333333333334,78.19666666666667,541428.6666666666,interpolated
2272,2025-04-14 00:00:00+00:00,78.19666666666667,78.20666666666666,78.16666666666667,78.19833333333334,297288.83333333326,interpolated
2273,2025-04-14 02:00:00+00:00,78.2,78.2,78.2,78.2,53149.0,present
2274,2025-04-14 04:00:00+00:00,78.21,78.29,77.02,77.47,6205916.0,present
2275,2025-04-14 06:00:00+00:00,77.44,77.44,76.13,76.53,9122234.0,present
2276,2025-04-14 08:00:00+00:00,76.52,76.7,75.5,76.34,11128050.0,present
2277,2025-04-14 10:00:00+00:00,76.34,77.14,76.26,76.34,6311550.0,present
2278,2025-04-14 12:00:00+00:00,76.36,76.62,75.71,76.11,8962155.0,present
2279,2025-04-14 14:00:00+00:00,76.1,76.72,76.1,76.14,7220170.0,present
2280,2025-04-14 16:00:00+00:00,76.2,76.47,75.21,75.3,7029317.0,present
2281,2025-04-14 18:00:00+00:00,75.3,75.65,75.09,75.36,5493976.0,present
2282,2025-04-14 20:00:00+00:00,75.34,75.63,75.11,75.5,1275544.0,present
2283,2025-04-14 22:00:00+00:00,75.52,75.71333333333332,75.36666666666666,75.62666666666667,855378.0,interpolated
2284,2025-04-15 00:00:00+00:00,75.7,75.79666666666667,75.62333333333333,75.75333333333333,435212.0,interpolated
2285,2025-04-15 02:00:00+00:00,75.88,75.88,75.88,75.88,15046.0,present
2286,2025-04-15 04:00:00+00:00,75.8,75.92,75.24,75.34,3303911.0,present
2287,2025-04-15 06:00:00+00:00,75.35,77.11,75.3,76.43,17103176.0,present
2288,2025-04-15 08:00:00+00:00,76.42,76.96,76.11,76.42,7996232.0,present
2289,2025-04-15 10:00:00+00:00,76.41,76.65,75.23,75.5,10386173.0,present
2290,2025-04-15 12:00:00+00:00,75.51,76.6,75.44,76.25,10311460.0,present
2291,2025-04-15 12:00:00+00:00,75.51,76.6,75.44,76.25,10311460.0,present
2292,2025-04-15 14:00:00+00:00,76.26,77.07,76.01,76.25,10974721.0,present
2293,2025-04-15 16:00:00+00:00,76.28,76.94,76.14,76.76,4394377.0,present
2294,2025-04-15 18:00:00+00:00,76.76,77.19,76.58,77.14,3946688.0,present
2295,2025-04-15 20:00:00+00:00,77.15,77.47,76.95,77.1,2754921.0,present
2296,2025-04-15 22:00:00+00:00,77.05,77.26333333333334,76.91666666666667,77.01666666666667,1852730.0,interpolated
2297,2025-04-16 00:00:00+00:00,76.95,77.05666666666666,76.88333333333333,76.93333333333332,950539.0,interpolated
2298,2025-04-16 02:00:00+00:00,76.85,76.85,76.85,76.85,48348.0,present
2299,2025-04-16 04:00:00+00:00,76.91,77.16,76.5,76.73,4233022.0,present
2300,2025-04-16 06:00:00+00:00,76.72,77.05,76.34,76.92,6563081.0,present
2301,2025-04-16 08:00:00+00:00,76.91,78.25,76.5,78.09,12658560.0,present
2302,2025-04-16 10:00:00+00:00,78.1,79.0,77.95,78.83,13083840.0,present
2303,2025-04-16 12:00:00+00:00,78.82,80.18,78.53,80.12,22161657.0,present
2304,2025-04-16 14:00:00+00:00,80.11,80.15,79.41,79.8,15809991.0,present
2305,2025-04-16 16:00:00+00:00,79.87,80.15,78.9,78.96,13392358.0,present
2306,2025-04-16 18:00:00+00:00,78.96,79.83,78.95,79.67,5915191.0,present
2307,2025-04-16 20:00:00+00:00,79.67,79.87,79.5,79.73,2053643.0,present
2308,2025-04-16 22:00:00+00:00,79.69333333333333,79.82666666666667,79.58,79.73333333333333,1383990.6666666665,interpolated
2309,2025-04-17 00:00:00+00:00,79.71666666666667,79.78333333333333,79.66,79.73666666666666,714338.3333333333,interpolated
2310,2025-04-17 02:00:00+00:00,79.74,79.74,79.74,79.74,44686.0,present
2311,2025-04-17 04:00:00+00:00,79.73,80.8,79.73,80.48,6506713.0,present
2312,2025-04-17 06:00:00+00:00,80.49,80.62,79.9,80.38,9106332.0,present
2313,2025-04-17 08:00:00+00:00,80.38,80.92,80.13,80.35,7871504.0,present
2314,2025-04-17 10:00:00+00:00,80.36,81.07,80.25,80.95,7116588.0,present
2315,2025-04-17 12:00:00+00:00,80.93,81.92,80.93,81.71,14586070.0,present
2316,2025-04-17 14:00:00+00:00,81.71,81.75,80.14,81.02,18768888.0,present
2317,2025-04-17 16:00:00+00:00,81.18,82.68,80.53,82.41,12200948.0,present
2318,2025-04-17 18:00:00+00:00,82.42,82.99,81.82,82.92,17438195.0,present
2319,2025-04-17 20:00:00+00:00,82.95,83.37,82.73,83.28,5404227.0,present
2320,2025-04-17 22:00:00+00:00,82.63333333333334,82.91333333333334,82.48666666666666,82.85333333333334,3745216.6666666665,interpolated
2321,2025-04-18 00:00:00+00:00,82.31666666666666,82.45666666666666,82.24333333333334,82.42666666666666,2086206.333333333,interpolated
2322,2025-04-18 02:00:00+00:00,82.0,82.0,82.0,82.0,427196.0,present
2323,2025-04-18 04:00:00+00:00,82.09,82.45,81.15,81.86,12328344.0,present
2324,2025-04-18 06:00:00+00:00,81.87,82.41,81.27,81.89,15147552.0,present
2325,2025-04-18 08:00:00+00:00,81.9,82.07,80.92,80.94,12432234.0,present
2326,2025-04-18 10:00:00+00:00,80.94,81.8,80.61,81.57,14943171.0,present
2327,2025-04-18 12:00:00+00:00,82.015,82.815,81.845,82.46,13290445.0,interpolated
2328,2025-04-18 14:00:00+00:00,83.09,83.83,83.08,83.35,11637719.0,present
2329,2025-04-18 16:00:00+00:00,83.36,83.84,82.95,83.11,11447205.0,present
2330,2025-04-18 18:00:00+00:00,83.15,83.5,83.05,83.19,3539810.0,present
2331,2025-04-18 20:00:00+00:00,83.2,83.49,83.07,83.3,2350873.0,present
2332,2025-04-18 22:00:00+00:00,83.22962962962963,83.50888888888889,83.10444444444444,83.32592592592593,2268697.0,interpolated
2333,2025-04-19 00:00:00+00:00,83.25925925925927,83.52777777777777,83.13888888888889,83.35185185185185,2186521.0,interpolated
2334,2025-04-19 02:00:00+00:00,83.28888888888889,83.54666666666667,83.17333333333333,83.37777777777778,2104345.0,interpolated
2335,2025-04-19 04:00:00+00:00,83.31851851851852,83.56555555555555,83.20777777777778,83.4037037037037,2022169.0,interpolated
2336,2025-04-19 06:00:00+00:00,83.34814814814816,83.58444444444444,83.24222222222221,83.42962962962963,1939993.0,interpolated
2337,2025-04-19 08:00:00+00:00,83.37777777777778,83.60333333333332,83.27666666666666,83.45555555555555,1857817.0,interpolated
2338,2025-04-19 10:00:00+00:00,83.4074074074074,83.62222222222222,83.3111111111111,83.48148148148148,1775641.0,interpolated
2339,2025-04-19 12:00:00+00:00,83.43703703703704,83.6411111111111,83.34555555555555,83.5074074074074,1693465.0,interpolated
2340,2025-04-19 14:00:00+00:00,83.46666666666667,83.66,83.38,83.53333333333333,1611289.0,interpolated
2341,2025-04-19 16:00:00+00:00,83.4962962962963,83.67888888888889,83.41444444444444,83.55925925925926,1529113.0,interpolated
2342,2025-04-19 18:00:00+00:00,83.52592592592593,83.69777777777777,83.44888888888889,83.58518518518518,1446937.0,interpolated
2343,2025-04-19 20:00:00+00:00,83.55555555555556,83.71666666666667,83.48333333333333,83.61111111111111,1364761.0,interpolated
2344,2025-04-19 22:00:00+00:00,83.58518518518518,83.73555555555555,83.51777777777778,83.63703703703703,1282585.0,interpolated
2345,2025-04-20 00:00:00+00:00,83.61481481481482,83.75444444444445,83.55222222222221,83.66296296296296,1200409.0,interpolated
2346,2025-04-20 02:00:00+00:00,83.64444444444445,83.77333333333333,83.58666666666666,83.68888888888888,1118233.0,interpolated
2347,2025-04-20 04:00:00+00:00,83.67407407407407,83.79222222222222,83.6211111111111,83.71481481481482,1036057.0,interpolated
2348,2025-04-20 06:00:00+00:00,83.70370370370371,83.8111111111111,83.65555555555555,83.74074074074073,953881.0,interpolated
2349,2025-04-20 08:00:00+00:00,83.73333333333333,83.83,83.69,83.76666666666667,871705.0,interpolated
2350,2025-04-20 10:00:00+00:00,83.76296296296296,83.8488888888889,83.72444444444444,83.7925925925926,789529.0,interpolated
2351,2025-04-20 12:00:00+00:00,83.7925925925926,83.86777777777777,83.75888888888889,83.81851851851852,707353.0,interpolated
2352,2025-04-20 14:00:00+00:00,83.82222222222222,83.88666666666667,83.79333333333334,83.84444444444445,625177.0,interpolated
2353,2025-04-20 16:00:00+00:00,83.85185185185185,83.90555555555555,83.82777777777778,83.87037037037037,543001.0,interpolated
2354,2025-04-20 18:00:00+00:00,83.88148148148149,83.92444444444445,83.86222222222221,83.8962962962963,460825.0,interpolated
2355,2025-04-20 20:00:00+00:00,83.91111111111111,83.94333333333333,83.89666666666666,83.92222222222222,378649.0,interpolated
2356,2025-04-20 22:00:00+00:00,83.94074074074074,83.96222222222222,83.93111111111111,83.94814814814815,296473.0,interpolated
2357,2025-04-21 00:00:00+00:00,83.97037037037038,83.9811111111111,83.96555555555555,83.97407407407407,214297.0,interpolated
2358,2025-04-21 02:00:00+00:00,84.0,84.0,84.0,84.0,132121.0,present
2359,2025-04-21 04:00:00+00:00,83.92,84.8,83.65,84.62,9851896.0,present
2360,2025-04-21 06:00:00+00:00,84.61,84.96,84.17,84.52,13670973.0,present
2361,2025-04-21 08:00:00+00:00,84.53,85.23,84.4,84.78,12422332.0,present
2362,2025-04-21 10:00:00+00:00,84.77,85.22,84.61,85.1,7500625.0,present
2363,2025-04-21 12:00:00+00:00,85.09,85.2,84.19,84.25,7488383.0,present
2364,2025-04-21 14:00:00+00:00,84.25,85.3,84.23,84.95,7436621.0,present
2365,2025-04-21 16:00:00+00:00,85.3,85.87,85.0,85.25,8879521.0,present
2366,2025-04-21 18:00:00+00:00,85.26,85.65,85.09,85.34,2852644.0,present
2367,2025-04-21 20:00:00+00:00,85.34,85.5,85.09,85.39,1862844.0,present
2368,2025-04-21 22:00:00+00:00,85.4,85.50666666666666,85.23333333333333,85.43333333333334,1256144.3333333335,interpolated
2369,2025-04-22 00:00:00+00:00,85.46,85.51333333333334,85.37666666666667,85.47666666666666,649444.6666666667,interpolated
2370,2025-04-22 02:00:00+00:00,85.52,85.52,85.52,85.52,42745.0,present
2371,2025-04-22 04:00:00+00:00,85.53,85.8,85.3,85.4,4669753.0,present
2372,2025-04-22 06:00:00+00:00,85.39,86.0,85.1,85.63,11082153.0,present
2373,2025-04-22 08:00:00+00:00,85.63,85.63,84.41,84.83,10074295.0,present
2374,2025-04-22 10:00:00+00:00,84.84,85.21,84.45,84.55,6686197.0,present
2375,2025-04-22 12:00:00+00:00,84.55,85.5,84.55,85.26,5830956.0,present
2376,2025-04-22 12:00:00+00:00,84.55,85.5,84.55,85.26,5830956.0,present
2377,2025-04-22 14:00:00+00:00,85.26,85.98,85.15,85.9,9177141.0,present
2378,2025-04-22 16:00:00+00:00,85.8,88.0,85.09,87.18,32891189.0,present
2379,2025-04-22 18:00:00+00:00,87.15,88.1,85.9,86.32,26903346.0,present
2380,2025-04-22 20:00:00+00:00,86.31,86.44,86.04,86.32,2479256.0,present
2381,2025-04-22 22:00:00+00:00,86.32333333333334,86.41,86.14333333333333,86.33,1660415.0,interpolated
2382,2025-04-23 00:00:00+00:00,86.33666666666666,86.38,86.24666666666667,86.33999999999999,841574.0,interpolated
2383,2025-04-23 02:00:00+00:00,86.35,86.35,86.35,86.35,22733.0,present
2384,2025-04-23 04:00:00+00:00,86.36,86.57,85.22,85.38,10412379.0,present
2385,2025-04-23 06:00:00+00:00,85.39,85.45,83.4,83.97,26934154.0,present
2386,2025-04-23 08:00:00+00:00,83.97,84.5,83.54,84.06,13545093.0,present
2387,2025-04-23 10:00:00+00:00,84.06,85.24,83.84,84.9,9799070.0,present
2388,2025-04-23 12:00:00+00:00,84.9,85.68,84.54,85.32,6579886.0,present
2389,2025-04-23 14:00:00+00:00,85.34,85.95,84.91,85.58,6136123.0,present
2390,2025-04-23 16:00:00+00:00,85.8,86.59,85.03,85.8,9437576.0,present
2391,2025-04-23 18:00:00+00:00,85.8,86.12,85.47,85.54,3702928.0,present
2392,2025-04-23 20:00:00+00:00,85.54,85.6,85.24,85.4,1594815.0,present
2393,2025-04-23 22:00:00+00:00,85.49333333333334,85.53333333333333,85.29333333333334,85.4,1069239.3333333335,interpolated
2394,2025-04-24 00:00:00+00:00,85.44666666666667,85.46666666666667,85.34666666666666,85.4,543663.6666666667,interpolated
2395,2025-04-24 02:00:00+00:00,85.4,85.4,85.4,85.4,18088.0,present
2396,2025-04-24 04:00:00+00:00,85.41,86.0,85.18,85.81,2317335.0,present
2397,2025-04-24 06:00:00+00:00,85.8,86.97,85.71,86.42,12994415.0,present
2398,2025-04-24 08:00:00+00:00,86.42,86.85,85.9,86.72,10282341.0,present
2399,2025-04-24 10:00:00+00:00,86.72,86.8,85.9,85.95,5919913.0,present
2400,2025-04-24 12:00:00+00:00,85.96,86.34,85.31,85.4,10366298.0,present
2401,2025-04-24 14:00:00+00:00,85.41,85.88,84.93,85.63,8273496.0,present
2402,2025-04-24 16:00:00+00:00,85.62,85.71,85.12,85.42,3056778.0,present
2403,2025-04-24 18:00:00+00:00,85.41,85.72,85.18,85.61,3571509.0,present
2404,2025-04-24 20:00:00+00:00,85.62,85.7,85.5,85.52,676932.0,present
2405,2025-04-24 22:00:00+00:00,85.88000000000001,85.93333333333334,85.8,85.81333333333333,509391.0,interpolated
2406,2025-04-25 00:00:00+00:00,86.14,86.16666666666667,86.10000000000001,86.10666666666667,341850.0,interpolated
2407,2025-04-25 02:00:00+00:00,86.4,86.4,86.4,86.4,174309.0,present
2408,2025-04-25 04:00:00+00:00,86.24,86.7,85.92,86.54,6271947.0,present
2409,2025-04-25 06:00:00+00:00,86.51,87.61,86.45,86.82,18627470.0,present
2410,2025-04-25 08:00:00+00:00,86.83,87.3,86.41,86.93,13187602.0,present
2411,2025-04-25 10:00:00+00:00,86.92,87.16,86.14,87.0,12519536.0,present
2412,2025-04-25 12:00:00+00:00,86.99,87.2,86.52,86.98,6399277.0,present
2413,2025-04-25 14:00:00+00:00,86.98,87.78,86.67,87.0,11881380.0,present
2414,2025-04-25 16:00:00+00:00,86.95,87.26,86.7,86.92,4903523.0,present
2415,2025-04-25 18:00:00+00:00,86.92,87.49,86.91,87.32,2373680.0,present
2416,2025-04-25 20:00:00+00:00,87.33,87.44,86.98,87.24,2232064.0,present
2417,2025-04-25 22:00:00+00:00,87.388,87.672,87.104,87.464,2599806.8,interpolated
2418,2025-04-26 00:00:00+00:00,87.446,87.904,87.228,87.688,2967549.6,interpolated
2419,2025-04-26 02:00:00+00:00,87.504,88.136,87.352,87.91199999999999,3335292.4000000004,interpolated
2420,2025-04-26 04:00:00+00:00,87.562,88.368,87.476,88.136,3703035.2,interpolated
2421,2025-04-26 06:00:00+00:00,87.62,88.6,87.6,88.36,4070778.0,present
2422,2025-04-26 08:00:00+00:00,88.36,89.15,88.3,88.79,8974832.0,present
2423,2025-04-26 10:00:00+00:00,88.79,88.9,88.5,88.58,2328403.0,present
2424,2025-04-26 12:00:00+00:00,88.61,88.78,87.5,87.89,6564426.0,present
2425,2025-04-26 14:00:00+00:00,87.87,88.18,87.45,87.84,4002025.0,present
2426,2025-04-26 16:00:00+00:00,87.88625,88.19000000000001,87.49375,87.85000000000001,3657329.5,interpolated
2427,2025-04-26 18:00:00+00:00,87.9025,88.2,87.5375,87.86,3312634.0,interpolated
2428,2025-04-26 20:00:00+00:00,87.91875,88.21000000000001,87.58125,87.87,2967938.5,interpolated
2429,2025-04-26 22:00:00+00:00,87.935,88.22,87.625,87.88,2623243.0,interpolated
2430,2025-04-27 00:00:00+00:00,87.95125,88.23,87.66875,87.89,2278547.5,interpolated
2431,2025-04-27 02:00:00+00:00,87.9675,88.24000000000001,87.7125,87.9,1933852.0,interpolated
2432,2025-04-27 04:00:00+00:00,87.98375,88.25,87.75625,87.91,1589156.5,interpolated
2433,2025-04-27 06:00:00+00:00,88.0,88.26,87.8,87.92,1244461.0,present
2434,2025-04-27 08:00:00+00:00,87.92,88.15,87.89,88.07,742686.0,present
2435,2025-04-27 10:00:00+00:00,88.07,88.1,87.8,87.89,1020108.0,present
2436,2025-04-27 12:00:00+00:00,87.89,88.03,87.65,87.97,1288804.0,present
2437,2025-04-27 14:00:00+00:00,87.97,88.05,87.84,87.93,838496.0,present
2438,2025-04-27 16:00:00+00:00,87.96333333333334,88.03,87.855,87.93,707123.8333333334,interpolated
2439,2025-04-27 18:00:00+00:00,87.95666666666666,88.01,87.87,87.93,575751.6666666667,interpolated
2440,2025-04-27 20:00:00+00:00,87.95,87.99000000000001,87.885,87.93,444379.5,interpolated
2441,2025-04-27 22:00:00+00:00,87.94333333333334,87.97,87.9,87.93,313007.3333333334,interpolated
2442,2025-04-28 00:00:00+00:00,87.93666666666667,87.95,87.915,87.93,181635.16666666674,interpolated
2443,2025-04-28 02:00:00+00:00,87.93,87.93,87.93,87.93,50263.0,present
2444,2025-04-28 04:00:00+00:00,87.91,87.93,86.32,86.55,8077614.0,present
2445,2025-04-28 06:00:00+00:00,86.55,87.47,86.25,86.78,11077824.0,present
2446,2025-04-28 08:00:00+00:00,86.78,87.14,86.61,86.65,3993171.0,present
2447,2025-04-28 10:00:00+00:00,90.125,90.42999999999999,89.5275,89.73,11765774.0,interpolated
2448,2025-04-28 12:00:00+00:00,93.47,93.72,92.445,92.81,19538377.0,interpolated
2449,2025-04-28 14:00:00+00:00,96.815,97.00999999999999,95.3625,95.89,27310980.000000004,interpolated
2450,2025-04-28 16:00:00+00:00,100.16,100.3,98.28,98.97,35083583.0,present
2451,2025-04-28 18:00:00+00:00,98.98,99.0,97.62,98.28,32029653.0,present
2452,2025-04-28 20:00:00+00:00,98.27,98.85,98.22,98.55,6701558.0,present
2453,2025-04-28 22:00:00+00:00,98.42999999999999,98.81666666666666,98.39666666666666,98.61666666666666,4487143.333333334,interpolated
2454,2025-04-29 00:00:00+00:00,98.59,98.78333333333333,98.57333333333334,98.68333333333334,2272728.666666667,interpolated
2455,2025-04-29 02:00:00+00:00,98.75,98.75,98.75,98.75,58314.0,present
2456,2025-04-29 04:00:00+00:00,98.74,100.41,98.71,99.1,21520608.0,present
2457,2025-04-29 06:00:00+00:00,99.09,100.62,98.45,99.99,45406800.0,present
2458,2025-04-29 08:00:00+00:00,99.99,100.24,98.72,99.25,28068304.0,present
2459,2025-04-29 10:00:00+00:00,99.26,99.7,98.88,99.47,14222701.0,present
2460,2025-04-29 12:00:00+00:00,99.47,100.0,98.8,98.95,26595522.0,present
2461,2025-04-29 12:00:00+00:00,99.47,100.0,98.8,98.95,26595522.0,present
2462,2025-04-29 14:00:00+00:00,98.265,98.685,96.94,97.775,41135636.0,interpolated
2463,2025-04-29 16:00:00+00:00,97.06,97.37,95.08,96.6,55675750.0,present
2464,2025-04-29 18:00:00+00:00,96.59,96.6,95.84,96.4,11812784.0,present
2465,2025-04-29 20:00:00+00:00,96.4,97.44,96.3,97.3,9035649.0,present
2466,2025-04-29 22:00:00+00:00,96.73333333333333,97.42666666666666,96.66666666666667,97.33333333333333,6041564.333333333,interpolated
2467,2025-04-30 00:00:00+00:00,97.06666666666668,97.41333333333334,97.03333333333333,97.36666666666667,3047479.666666666,interpolated
2468,2025-04-30 02:00:00+00:00,97.4,97.4,97.4,97.4,53395.0,present
2469,2025-04-30 04:00:00+00:00,97.4,97.47,95.6,96.55,13916905.0,present
2470,2025-04-30 06:00:00+00:00,96.59,97.16,96.02,96.81,14179024.0,present
2471,2025-04-30 08:00:00+00:00,96.81,96.93,94.71,95.95,23524589.0,present
2472,2025-04-30 10:00:00+00:00,97.32,97.465,95.505,96.49000000000001,25626420.0,interpolated
2473,2025-04-30 12:00:00+00:00,97.83,98.0,96.3,97.03,27728251.0,present
2474,2025-04-30 14:00:00+00:00,97.05,97.66,96.95,97.4,8535781.0,present
2475,2025-04-30 16:00:00+00:00,97.4,97.48,96.74,97.33,7356637.0,present
2476,2025-04-30 18:00:00+00:00,97.33,98.28,97.11,98.08,9013332.0,present
2477,2025-04-30 20:00:00+00:00,98.08,98.41,97.8,98.1,5808645.0,present
2478,2025-04-30 22:00:00+00:00,98.104,98.41199999999999,97.84266666666666,98.12266666666666,5427776.4,interpolated
2479,2025-05-01 00:00:00+00:00,98.128,98.414,97.88533333333334,98.14533333333333,5046907.8,interpolated
2480,2025-05-01 02:00:00+00:00,98.152,98.416,97.928,98.16799999999999,4666039.2,interpolated
2481,2025-05-01 04:00:00+00:00,98.176,98.41799999999999,97.97066666666666,98.19066666666666,4285170.6,interpolated
2482,2025-05-01 06:00:00+00:00,98.2,98.42,98.01333333333334,98.21333333333332,3904302.0,interpolated
2483,2025-05-01 08:00:00+00:00,98.224,98.422,98.056,98.23599999999999,3523433.4,interpolated
2484,2025-05-01 10:00:00+00:00,98.248,98.42399999999999,98.09866666666666,98.25866666666666,3142564.8,interpolated
2485,2025-05-01 12:00:00+00:00,98.27199999999999,98.426,98.14133333333334,98.28133333333334,2761696.2,interpolated
2486,2025-05-01 14:00:00+00:00,98.29599999999999,98.428,98.184,98.304,2380827.6,interpolated
2487,2025-05-01 16:00:00+00:00,98.32,98.42999999999999,98.22666666666666,98.32666666666667,1999959.0,interpolated
2488,2025-05-01 18:00:00+00:00,98.344,98.432,98.26933333333334,98.34933333333333,1619090.4,interpolated
2489,2025-05-01 20:00:00+00:00,98.368,98.434,98.312,98.372,1238221.7999999998,interpolated
2490,2025-05-01 22:00:00+00:00,98.392,98.43599999999999,98.35466666666666,98.39466666666667,857353.2000000002,interpolated
2491,2025-05-02 00:00:00+00:00,98.416,98.438,98.39733333333334,98.41733333333333,476484.5999999996,interpolated
2492,2025-05-02 02:00:00+00:00,98.44,98.44,98.44,98.44,95616.0,present
2493,2025-05-02 04:00:00+00:00,98.31,98.45,97.27,97.53,6235849.0,present
2494,2025-05-02 06:00:00+00:00,97.52,97.57,96.22,96.45,14973961.0,present
2495,2025-05-02 08:00:00+00:00,96.45,97.25,96.07,96.95,7044343.0,present
2496,2025-05-02 10:00:00+00:00,96.96,97.7,96.88,97.46,5186999.0,present
2497,2025-05-02 12:00:00+00:00,97.45,97.5,97.02,97.08,3257933.0,present
2498,2025-05-02 14:00:00+00:00,97.08,97.17,96.5,96.77,4870842.0,present
2499,2025-05-02 16:00:00+00:00,96.78,97.68,96.63,96.99,6690693.0,present
2500,2025-05-02 18:00:00+00:00,96.99,97.36,96.52,96.86,3788148.0,present
2501,2025-05-02 20:00:00+00:00,96.86,96.86,96.33,96.6,3461660.0,present
2502,2025-05-02 22:00:00+00:00,96.768,96.926,96.322,96.63199999999999,3322561.2,interpolated
2503,2025-05-03 00:00:00+00:00,96.676,96.992,96.31400000000001,96.664,3183462.4,interpolated
2504,2025-05-03 02:00:00+00:00,96.584,97.05799999999999,96.306,96.696,3044363.6,interpolated
2505,2025-05-03 04:00:00+00:00,96.492,97.124,96.298,96.72800000000001,2905264.8,interpolated
2506,2025-05-03 06:00:00+00:00,96.4,97.19,96.29,96.76,2766166.0,present
2507,2025-05-03 08:00:00+00:00,96.76,96.99,96.61,96.83,1013143.0,present
2508,2025-05-03 10:00:00+00:00,96.85,96.91,96.65,96.74,605340.0,present
2509,2025-05-03 12:00:00+00:00,96.74,96.77,96.36,96.52,1567247.0,present
2510,2025-05-03 14:00:00+00:00,96.52,96.7,96.51,96.59,575670.0,present
2511,2025-05-03 16:00:00+00:00,96.52875,96.75625000000001,96.51625,96.63625,690400.125,interpolated
2512,2025-05-03 18:00:00+00:00,96.5375,96.8125,96.52250000000001,96.6825,805130.25,interpolated
2513,2025-05-03 20:00:00+00:00,96.54625,96.86875,96.52875,96.72875,919860.375,interpolated
2514,2025-05-03 22:00:00+00:00,96.555,96.925,96.535,96.775,1034590.5,interpolated
2515,2025-05-04 00:00:00+00:00,96.56375,96.98125,96.54125,96.82124999999999,1149320.625,interpolated
2516,2025-05-04 02:00:00+00:00,96.5725,97.03750000000001,96.5475,96.86749999999999,1264050.75,interpolated
2517,2025-05-04 04:00:00+00:00,96.58125,97.09375,96.55375000000001,96.91375,1378780.875,interpolated
2518,2025-05-04 06:00:00+00:00,96.59,97.15,96.56,96.96,1493511.0,present
2519,2025-05-04 08:00:00+00:00,96.96,97.29,96.71,97.02,2273032.0,present
2520,2025-05-04 10:00:00+00:00,97.05,97.39,97.0,97.19,1708562.0,present
2521,2025-05-04 12:00:00+00:00,97.16,97.29,96.78,96.87,1449925.0,present
2522,2025-05-04 14:00:00+00:00,96.87,97.2,96.84,97.13,913160.0,present
2523,2025-05-04 16:00:00+00:00,96.97500000000001,97.25,96.95,97.19166666666666,781079.6666666666,interpolated
2524,2025-05-04 18:00:00+00:00,97.08,97.3,97.06,97.25333333333333,648999.3333333333,interpolated
2525,2025-05-04 20:00:00+00:00,97.185,97.35,97.17,97.315,516919.0,interpolated
2526,2025-05-04 22:00:00+00:00,97.29,97.4,97.28,97.37666666666667,384838.6666666666,interpolated
2527,2025-05-05 00:00:00+00:00,97.395,97.45,97.39,97.43833333333333,252758.33333333337,interpolated
2528,2025-05-05 02:00:00+00:00,97.5,97.5,97.5,97.5,120678.0,present
2529,2025-05-05 04:00:00+00:00,97.46,97.63,96.81,97.29,5309203.0,present
2530,2025-05-05 06:00:00+00:00,97.29,97.7,96.89,97.1,9936985.0,present
2531,2025-05-05 08:00:00+00:00,97.09,97.55,96.66,97.26,9144598.0,present
2532,2025-05-05 10:00:00+00:00,97.25,97.49,96.8,97.05,7017456.0,present
2533,2025-05-05 12:00:00+00:00,97.04,97.3,96.33,96.47,8401123.0,present
2534,2025-05-05 14:00:00+00:00,96.46,96.77,95.56,95.96,13697845.0,present
2535,2025-05-05 16:00:00+00:00,95.95,96.7,95.7,96.69,6134027.0,present
2536,2025-05-05 18:00:00+00:00,96.7,96.78,96.31,96.4,2490408.0,present
2537,2025-05-05 20:00:00+00:00,96.4,96.41,96.05,96.19,1076023.0,present
2538,2025-05-05 22:00:00+00:00,96.38333333333334,96.39,96.14999999999999,96.24333333333333,720107.0,interpolated
2539,2025-05-06 00:00:00+00:00,96.36666666666666,96.36999999999999,96.25,96.29666666666667,364191.0,interpolated
2540,2025-05-06 02:00:00+00:00,96.35,96.35,96.35,96.35,8275.0,present
2541,2025-05-06 04:00:00+00:00,96.36,96.96,96.3,96.52,3141838.0,present
2542,2025-05-06 06:00:00+00:00,96.52,97.29,95.92,96.91,10230118.0,present
2543,2025-05-06 08:00:00+00:00,96.91,97.37,96.81,97.01,5565440.0,present
2544,2025-05-06 10:00:00+00:00,97.0,97.15,96.3,96.8,4660238.0,present
2545,2025-05-06 12:00:00+00:00,96.81,97.55,96.77,97.16,11803286.0,present
2546,2025-05-06 12:00:00+00:00,96.81,97.55,96.77,97.16,11803286.0,present
2547,2025-05-06 14:00:00+00:00,97.17,97.65,97.05,97.49,5908175.0,present
2548,2025-05-06 16:00:00+00:00,97.32,97.84,97.16,97.68,6838733.0,present
2549,2025-05-06 18:00:00+00:00,97.68,98.28,97.57,97.62,9868634.0,present
2550,2025-05-06 20:00:00+00:00,97.63,97.79,97.29,97.42,3094781.0,present
2551,2025-05-06 22:00:00+00:00,97.61999999999999,97.72666666666667,97.39333333333333,97.48,2068066.0,interpolated
2552,2025-05-07 00:00:00+00:00,97.61,97.66333333333333,97.49666666666667,97.53999999999999,1041351.0,interpolated
2553,2025-05-07 02:00:00+00:00,97.6,97.6,97.6,97.6,14636.0,present
2554,2025-05-07 04:00:00+00:00,97.6,98.11,97.45,97.88,3758306.0,present
2555,2025-05-07 06:00:00+00:00,97.87,97.98,96.8,97.2,8948587.0,present
2556,2025-05-07 08:00:00+00:00,97.2,97.84,97.08,97.75,5298403.0,present
2557,2025-05-07 10:00:00+00:00,97.74,97.98,97.31,97.96,5458265.0,present
2558,2025-05-07 12:00:00+00:00,97.96,98.12,97.22,97.56,12334694.0,present
2559,2025-05-07 14:00:00+00:00,97.58,98.02,97.37,97.93,4979760.0,present
2560,2025-05-07 16:00:00+00:00,98.01,98.35,97.7,97.71,5216878.0,present
2561,2025-05-07 18:00:00+00:00,97.71,97.77,97.44,97.56,1657745.0,present
2562,2025-05-07 20:00:00+00:00,97.55,97.68,97.54,97.64,615727.0,present
2563,2025-05-07 22:00:00+00:00,97.63333333333333,97.72,97.62666666666667,97.69333333333333,415585.3333333334,interpolated
2564,2025-05-08 00:00:00+00:00,97.71666666666667,97.76,97.71333333333334,97.74666666666667,215443.6666666667,interpolated
2565,2025-05-08 02:00:00+00:00,97.8,97.8,97.8,97.8,15302.0,present
2566,2025-05-08 04:00:00+00:00,97.8,98.1,97.7,97.87,2662007.0,present
2567,2025-05-08 06:00:00+00:00,97.87,98.82,97.77,98.45,9782080.0,present
2568,2025-05-08 08:00:00+00:00,98.45,98.64,98.21,98.38,3630210.0,present
2569,2025-05-08 10:00:00+00:00,98.36,98.47,97.78,97.79,3550492.0,present
2570,2025-05-08 12:00:00+00:00,97.79,98.08,97.35,97.67,5173993.0,present
2571,2025-05-08 14:00:00+00:00,97.68,97.87,97.6,97.7,845786.0,present
2572,2025-05-08 16:00:00+00:00,97.8,97.97,97.52,97.92,1700576.0,present
2573,2025-05-08 18:00:00+00:00,97.92,97.94,97.71,97.78,1407681.0,present
2574,2025-05-08 20:00:00+00:00,97.79,97.82,97.71,97.75,595513.0,present
2575,2025-05-08 22:00:00+00:00,97.80882352941177,97.85,97.72411764705882,97.77529411764706,619528.7058823529,interpolated
2576,2025-05-09 00:00:00+00:00,97.82764705882353,97.88,97.73823529411764,97.80058823529411,643544.4117647059,interpolated
2577,2025-05-09 02:00:00+00:00,97.8464705882353,97.91,97.75235294117647,97.82588235294118,667560.1176470588,interpolated
2578,2025-05-09 04:00:00+00:00,97.86529411764707,97.94,97.7664705882353,97.85117647058824,691575.8235294118,interpolated
2579,2025-05-09 06:00:00+00:00,97.88411764705883,97.97,97.78058823529412,97.87647058823529,715591.5294117647,interpolated
2580,2025-05-09 08:00:00+00:00,97.90294117647059,98.0,97.79470588235294,97.90176470588236,739607.2352941176,interpolated
2581,2025-05-09 10:00:00+00:00,97.92176470588235,98.03,97.80882352941177,97.92705882352942,763622.9411764706,interpolated
2582,2025-05-09 12:00:00+00:00,97.94058823529411,98.06,97.8229411764706,97.95235294117647,787638.6470588236,interpolated
2583,2025-05-09 14:00:00+00:00,97.95941176470589,98.08999999999999,97.8370588235294,97.97764705882354,811654.3529411765,interpolated
2584,2025-05-09 16:00:00+00:00,97.97823529411765,98.11999999999999,97.85117647058823,98.00294117647059,835670.0588235294,interpolated
2585,2025-05-09 18:00:00+00:00,97.99705882352941,98.14999999999999,97.86529411764705,98.02823529411765,859685.7647058824,interpolated
2586,2025-05-09 20:00:00+00:00,98.01588235294118,98.17999999999999,97.87941176470588,98.05352941176471,883701.4705882353,interpolated
2587,2025-05-09 22:00:00+00:00,98.03470588235294,98.21,97.8935294117647,98.07882352941176,907717.1764705882,interpolated
2588,2025-05-10 00:00:00+00:00,98.0535294117647,98.24,97.90764705882353,98.10411764705883,931732.8823529412,interpolated
2589,2025-05-10 02:00:00+00:00,98.07235294117648,98.27,97.92176470588235,98.12941176470589,955748.5882352942,interpolated
2590,2025-05-10 04:00:00+00:00,98.09117647058824,98.3,97.93588235294118,98.15470588235294,979764.2941176471,interpolated
2591,2025-05-10 06:00:00+00:00,98.11,98.33,97.95,98.18,1003780.0,present
2592,2025-05-10 08:00:00+00:00,98.15,98.17,97.85,97.95,835950.0,present
2593,2025-05-10 10:00:00+00:00,97.95,98.06,97.81,98.04,558684.0,present
2594,2025-05-10 12:00:00+00:00,98.05,98.19,97.9,98.01,714398.0,present
2595,2025-05-10 14:00:00+00:00,98.0,98.17,97.8,98.08,1553426.0,present
2596,2025-05-10 16:00:00+00:00,98.1,98.33375000000001,97.92,98.255,2251336.375,interpolated
2597,2025-05-10 18:00:00+00:00,98.2,98.4975,98.04,98.43,2949246.75,interpolated
2598,2025-05-10 20:00:00+00:00,98.3,98.66125,98.16,98.605,3647157.125,interpolated
2599,2025-05-10 22:00:00+00:00,98.4,98.825,98.28,98.78,4345067.5,interpolated
2600,2025-05-11 00:00:00+00:00,98.5,98.98875000000001,98.4,98.955,5042977.875,interpolated
2601,2025-05-11 02:00:00+00:00,98.6,99.1525,98.52000000000001,99.13,5740888.25,interpolated
2602,2025-05-11 04:00:00+00:00,98.7,99.31625,98.64,99.305,6438798.625,interpolated
2603,2025-05-11 06:00:00+00:00,98.8,99.48,98.76,99.48,7136709.0,present
2604,2025-05-11 08:00:00+00:00,99.48,99.86,98.96,99.04,5449577.0,present
2605,2025-05-11 10:00:00+00:00,99.04,99.45,98.94,99.0,2705450.0,present
2606,2025-05-11 12:00:00+00:00,99.0,99.07,98.5,98.76,3924526.0,present
2607,2025-05-11 14:00:00+00:00,98.76,99.1,98.66,99.07,1614464.0,present
2608,2025-05-11 16:00:00+00:00,98.9,99.18333333333332,98.81666666666666,99.15833333333333,1363812.5,interpolated
2609,2025-05-11 18:00:00+00:00,99.04,99.26666666666667,98.97333333333333,99.24666666666666,1113161.0,interpolated
2610,2025-05-11 20:00:00+00:00,99.18,99.35,99.13,99.335,862509.5,interpolated
2611,2025-05-11 22:00:00+00:00,99.32,99.43333333333332,99.28666666666666,99.42333333333333,611858.0,interpolated
2612,2025-05-12 00:00:00+00:00,99.46,99.51666666666667,99.44333333333333,99.51166666666666,361206.5,interpolated
2613,2025-05-12 02:00:00+00:00,99.6,99.6,99.6,99.6,110555.0,present
2614,2025-05-12 04:00:00+00:00,99.6,100.33,99.5,99.82,10098624.0,present
2615,2025-05-12 06:00:00+00:00,99.81,100.05,99.3,99.68,13851084.0,present
2616,2025-05-12 08:00:00+00:00,99.68,100.0,99.2,99.41,8090101.0,present
2617,2025-05-12 10:00:00+00:00,99.42,99.79,99.33,99.55,5716274.0,present
2618,2025-05-12 12:00:00+00:00,99.56,99.8,98.74,99.1,7039034.0,present
2619,2025-05-12 14:00:00+00:00,99.1,99.68,98.96,99.64,6348474.0,present
2620,2025-05-12 16:00:00+00:00,99.64,99.84,99.45,99.76,3043788.0,present
2621,2025-05-12 18:00:00+00:00,99.75,99.76,99.45,99.7,1554060.0,present
2622,2025-05-12 20:00:00+00:00,99.7,99.78,99.58,99.72,1131622.0,present
2623,2025-05-12 22:00:00+00:00,99.73666666666666,99.79,99.65666666666667,99.75,764215.6666666666,interpolated
2624,2025-05-13 00:00:00+00:00,99.77333333333334,99.8,99.73333333333333,99.78,396809.33333333326,interpolated
2625,2025-05-13 02:00:00+00:00,99.81,99.81,99.81,99.81,29403.0,present
2626,2025-05-13 04:00:00+00:00,99.82,100.09,99.56,99.85,3740771.0,present
2627,2025-05-13 06:00:00+00:00,99.85,99.96,99.4,99.6,5289364.0,present
2628,2025-05-13 08:00:00+00:00,99.6,99.6,98.91,99.38,8215700.0,present
2629,2025-05-13 10:00:00+00:00,99.38,99.48,99.15,99.2,1964651.0,present
2630,2025-05-13 12:00:00+00:00,99.2,99.6,99.05,99.51,5814505.0,present
2631,2025-05-13 12:00:00+00:00,99.2,99.6,99.05,99.51,5814505.0,present
2632,2025-05-13 14:00:00+00:00,99.52,99.56,99.12,99.43,2966767.0,present
2633,2025-05-13 16:00:00+00:00,99.43,99.44,99.15,99.18,1277857.0,present
2634,2025-05-13 18:00:00+00:00,99.18,99.37,99.0,99.22,3219312.0,present
2635,2025-05-13 20:00:00+00:00,99.22,99.25,99.13,99.17,376930.0,present
2636,2025-05-13 22:00:00+00:00,99.20666666666666,99.22666666666667,99.14666666666666,99.17333333333333,252318.6666666667,interpolated
2637,2025-05-14 00:00:00+00:00,99.19333333333334,99.20333333333333,99.16333333333334,99.17666666666668,127707.33333333334,interpolated
2638,2025-05-14 02:00:00+00:00,99.18,99.18,99.18,99.18,3096.0,present
2639,2025-05-14 04:00:00+00:00,99.2,99.33,98.92,99.05,1314173.0,present
2640,2025-05-14 06:00:00+00:00,99.05,99.1,98.32,98.67,6290674.0,present
2641,2025-05-14 08:00:00+00:00,98.66,99.08,98.58,99.03,3633034.0,present
2642,2025-05-14 10:00:00+00:00,99.03,99.17,98.82,99.16,2728962.0,present
2643,2025-05-14 12:00:00+00:00,99.16,99.66,99.09,99.41,6555404.0,present
2644,2025-05-14 14:00:00+00:00,99.41,99.42,99.0,99.03,2770496.0,present
2645,2025-05-14 16:00:00+00:00,99.05,99.1,98.88,99.01,2177890.0,present
2646,2025-05-14 18:00:00+00:00,97.94,98.565,97.81,98.005,5342138.5,interpolated
2647,2025-05-14 20:00:00+00:00,96.83,98.03,96.74,97.0,8506387.0,present
2648,2025-05-14 22:00:00+00:00,96.88666666666667,97.68666666666667,96.82666666666667,97.0,5721394.666666667,interpolated
2649,2025-05-15 00:00:00+00:00,96.94333333333333,97.34333333333333,96.91333333333333,97.0,2936402.333333334,interpolated
2650,2025-05-15 02:00:00+00:00,97.0,97.0,97.0,97.0,151410.0,present
2651,2025-05-15 04:00:00+00:00,96.99,98.0,96.75,97.79,5279717.0,present
2652,2025-05-15 06:00:00+00:00,97.79,97.98,97.12,97.37,6639980.0,present
2653,2025-05-15 08:00:00+00:00,97.41,97.43,96.05,96.78,12082617.0,present
2654,2025-05-15 10:00:00+00:00,96.77,97.35,96.4,97.3,6244435.0,present
2655,2025-05-15 12:00:00+00:00,97.3,97.73,96.69,97.45,8623099.0,present
2656,2025-05-15 14:00:00+00:00,97.45,97.72,97.01,97.01,3979059.0,present
2657,2025-05-15 16:00:00+00:00,97.03,97.38,96.99,97.19,1635165.0,present
2658,2025-05-15 18:00:00+00:00,97.19,97.25,96.94,97.15,1158337.0,present
2659,2025-05-15 20:00:00+00:00,97.15,97.27,97.12,97.25,551872.0,present
2660,2025-05-15 22:00:00+00:00,97.18666666666667,97.26666666666667,97.16666666666667,97.25333333333333,371691.3333333334,interpolated
2661,2025-05-16 00:00:00+00:00,97.22333333333334,97.26333333333334,97.21333333333334,97.25666666666667,191510.6666666667,interpolated
2662,2025-05-16 02:00:00+00:00,97.26,97.26,97.26,97.26,11330.0,present
2663,2025-05-16 04:00:00+00:00,97.27,97.46,97.13,97.27,1039715.0,present
2664,2025-05-16 06:00:00+00:00,97.27,97.5,96.89,97.36,3698160.0,present
2665,2025-05-16 08:00:00+00:00,97.36,97.57,97.12,97.34,3398748.0,present
2666,2025-05-16 10:00:00+00:00,97.34,97.4,96.62,97.09,5804312.0,present
2667,2025-05-16 12:00:00+00:00,97.09,97.47,94.35,97.1,51988208.0,present
2668,2025-05-16 14:00:00+00:00,97.1,98.12,96.91,97.05,9895263.0,present
2669,2025-05-16 16:00:00+00:00,97.01,97.23,97.01,97.11,1339465.0,present
2670,2025-05-16 18:00:00+00:00,97.11,97.27,96.85,97.15,1959446.0,present
2671,2025-05-16 20:00:00+00:00,97.15,97.22,97.08,97.19,621420.0,present
2672,2025-05-16 22:00:00+00:00,97.18,97.27,97.092,97.23,756535.0,interpolated
2673,2025-05-17 00:00:00+00:00,97.21000000000001,97.32,97.104,97.27,891650.0,interpolated
2674,2025-05-17 02:00:00+00:00,97.24,97.37,97.116,97.31,1026765.0,interpolated
2675,2025-05-17 04:00:00+00:00,97.27,97.42,97.128,97.35,1161880.0,interpolated
2676,2025-05-17 06:00:00+00:00,97.3,97.47,97.14,97.39,1296995.0,present
2677,2025-05-17 08:00:00+00:00,97.39,97.5,97.3,97.35,841612.0,present
2678,2025-05-17 10:00:00+00:00,97.37,97.45,97.31,97.34,436530.0,present
2679,2025-05-17 12:00:00+00:00,97.36,97.66,97.31,97.49,982543.0,present
2680,2025-05-17 14:00:00+00:00,97.49,98.48,97.37,98.32,4787917.0,present
2681,2025-05-17 16:00:00+00:00,97.6425,98.5475,97.50500000000001,98.3975,4580537.625,interpolated
2682,2025-05-17 18:00:00+00:00,97.79499999999999,98.61500000000001,97.64,98.475,4373158.25,interpolated
2683,2025-05-17 20:00:00+00:00,97.94749999999999,98.6825,97.775,98.5525,4165778.875,interpolated
2684,2025-05-17 22:00:00+00:00,98.1,98.75,97.91,98.63,3958399.5,interpolated
2685,2025-05-18 00:00:00+00:00,98.2525,98.8175,98.045,98.7075,3751020.125,interpolated
2686,2025-05-18 02:00:00+00:00,98.40499999999999,98.88499999999999,98.18,98.785,3543640.75,interpolated
2687,2025-05-18 04:00:00+00:00,98.55749999999999,98.9525,98.315,98.8625,3336261.375,interpolated
2688,2025-05-18 06:00:00+00:00,98.71,99.02,98.45,98.94,3128882.0,present
2689,2025-05-18 08:00:00+00:00,98.92,99.05,98.74,98.9,1462504.0,present
2690,2025-05-18 10:00:00+00:00,98.9,98.91,98.56,98.8,1360865.0,present
2691,2025-05-18 12:00:00+00:00,98.8,98.82,98.4,98.81,1783458.0,present
2692,2025-05-18 14:00:00+00:00,98.82,98.91,98.7,98.89,1029599.0,present
2693,2025-05-18 16:00:00+00:00,98.84333333333333,98.91833333333332,98.74333333333334,98.90166666666667,863375.5,interpolated
2694,2025-05-18 18:00:00+00:00,98.86666666666666,98.92666666666666,98.78666666666666,98.91333333333333,697152.0,interpolated
2695,2025-05-18 20:00:00+00:00,98.88999999999999,98.935,98.83,98.925,530928.5,interpolated
2696,2025-05-18 22:00:00+00:00,98.91333333333333,98.94333333333333,98.87333333333333,98.93666666666667,364705.0,interpolated
2697,2025-05-19 00:00:00+00:00,98.93666666666667,98.95166666666665,98.91666666666666,98.94833333333332,198481.5,interpolated
2698,2025-05-19 02:00:00+00:00,98.96,98.96,98.96,98.96,32258.0,present
2699,2025-05-19 04:00:00+00:00,98.95,98.95,98.18,98.26,2585151.0,present
2700,2025-05-19 06:00:00+00:00,98.26,98.65,97.93,98.04,4374713.0,present
2701,2025-05-19 08:00:00+00:00,98.05,98.35,98.0,98.09,2537174.0,present
2702,2025-05-19 10:00:00+00:00,98.1,98.53,97.92,98.36,2813815.0,present
2703,2025-05-19 12:00:00+00:00,98.36,98.45,97.6,97.6,3977103.0,present
2704,2025-05-19 14:00:00+00:00,97.61,98.19,97.59,97.9,5816995.0,present
2705,2025-05-19 16:00:00+00:00,97.94,98.46,97.07,97.82,7618477.0,present
2706,2025-05-19 18:00:00+00:00,97.81,97.9,96.55,97.08,6714819.0,present
2707,2025-05-19 20:00:00+00:00,97.08,97.11,96.67,96.97,1246165.0,present
2708,2025-05-19 22:00:00+00:00,97.12333333333333,97.14333333333333,96.85,97.05,838800.3333333333,interpolated
2709,2025-05-20 00:00:00+00:00,97.16666666666666,97.17666666666666,97.03,97.13,431435.6666666666,interpolated
2710,2025-05-20 02:00:00+00:00,97.21,97.21,97.21,97.21,24071.0,present
2711,2025-05-20 04:00:00+00:00,97.21,97.32,96.99,97.18,1803023.0,present
2712,2025-05-20 06:00:00+00:00,97.15,97.28,96.27,96.4,5642359.0,present
2713,2025-05-20 08:00:00+00:00,96.4,96.85,96.25,96.7,4349012.0,present
2714,2025-05-20 10:00:00+00:00,96.7,97.04,96.47,96.76,2476828.0,present
2715,2025-05-20 12:00:00+00:00,96.77,96.94,96.61,96.88,1469550.0,present
2716,2025-05-20 12:00:00+00:00,96.77,96.94,96.61,96.88,1469550.0,present
2717,2025-05-20 14:00:00+00:00,96.88,97.15,96.5,96.5,2518900.0,present
2718,2025-05-20 16:00:00+00:00,96.4,96.65,96.1,96.4,3978004.0,present
2719,2025-05-20 18:00:00+00:00,96.4,96.43,96.25,96.34,781406.0,present
2720,2025-05-20 20:00:00+00:00,96.34,96.38,96.29,96.3,395191.0,present
2721,2025-05-20 22:00:00+00:00,96.33666666666667,96.36333333333333,96.30333333333334,96.31,264091.3333333334,interpolated
2722,2025-05-21 00:00:00+00:00,96.33333333333333,96.34666666666666,96.31666666666666,96.32,132991.6666666667,interpolated
2723,2025-05-21 02:00:00+00:00,96.33,96.33,96.33,96.33,1892.0,present
2724,2025-05-21 04:00:00+00:00,96.36,97.03,96.36,96.7,2004675.0,present
2725,2025-05-21 06:00:00+00:00,96.7,96.7,96.34,96.59,2371895.0,present
2726,2025-05-21 08:00:00+00:00,96.59,96.9,96.48,96.49,3425253.0,present
2727,2025-05-21 10:00:00+00:00,96.49,96.65,96.3,96.62,2283761.0,present
2728,2025-05-21 12:00:00+00:00,96.62,96.77,96.51,96.55,1634500.0,present
2729,2025-05-21 14:00:00+00:00,96.56,96.56,95.31,95.4,5933780.0,present
2730,2025-05-21 16:00:00+00:00,95.6,96.07,95.54,95.67,2355370.0,present
2731,2025-05-21 18:00:00+00:00,95.67,95.92,95.61,95.82,1424997.0,present
2732,2025-05-21 20:00:00+00:00,95.82,95.88,95.61,95.65,477219.0,present
2733,2025-05-21 22:00:00+00:00,95.83666666666666,95.87666666666667,95.69666666666667,95.72333333333334,319410.0,interpolated
2734,2025-05-22 00:00:00+00:00,95.85333333333334,95.87333333333333,95.78333333333333,95.79666666666667,161601.0,interpolated
2735,2025-05-22 02:00:00+00:00,95.87,95.87,95.87,95.87,3792.0,present
2736,2025-05-22 04:00:00+00:00,95.86,95.95,94.73,95.18,6706966.0,present
2737,2025-05-22 06:00:00+00:00,95.18,95.29,94.57,94.82,8717464.0,present
2738,2025-05-22 08:00:00+00:00,94.82,94.9,94.24,94.8,7599204.0,present
2739,2025-05-22 10:00:00+00:00,94.8,95.27,94.65,95.25,4768259.0,present
2740,2025-05-22 12:00:00+00:00,95.23,96.21,94.61,95.83,13370447.0,present
2741,2025-05-22 14:00:00+00:00,95.83,96.68,95.71,96.05,8375688.0,present
2742,2025-05-22 16:00:00+00:00,96.17,96.17,95.08,95.42,4866311.0,present
2743,2025-05-22 18:00:00+00:00,95.42,95.5,94.91,95.23,1756176.0,present
2744,2025-05-22 20:00:00+00:00,95.22,95.33,95.1,95.18,428967.0,present
2745,2025-05-22 22:00:00+00:00,95.22333333333333,95.29666666666667,95.14333333333333,95.19666666666667,289000.0,interpolated
2746,2025-05-23 00:00:00+00:00,95.22666666666667,95.26333333333334,95.18666666666667,95.21333333333334,149033.0,interpolated
2747,2025-05-23 02:00:00+00:00,95.23,95.23,95.23,95.23,9066.0,present
2748,2025-05-23 04:00:00+00:00,95.24,95.69,95.01,95.16,2137736.0,present
2749,2025-05-23 06:00:00+00:00,95.16,96.2,95.13,96.03,4167410.0,present
2750,2025-05-23 08:00:00+00:00,96.03,96.2,95.71,95.97,3207733.0,present
2751,2025-05-23 10:00:00+00:00,95.96,96.27,95.55,95.59,2657061.0,present
2752,2025-05-23 12:00:00+00:00,95.58,95.66,95.06,95.35,4544310.0,present
2753,2025-05-23 14:00:00+00:00,95.35,95.61,95.21,95.29,1952375.0,present
2754,2025-05-23 16:00:00+00:00,95.31,95.54,95.3,95.38,1078107.0,present
2755,2025-05-23 18:00:00+00:00,95.39,95.65,95.35,95.46,856159.0,present
2756,2025-05-23 20:00:00+00:00,95.47,95.55,95.33,95.5,569147.0,present
2757,2025-05-23 22:00:00+00:00,95.47111111111111,95.54814814814814,95.3362962962963,95.5,548669.5185185185,interpolated
2758,2025-05-24 00:00:00+00:00,95.47222222222221,95.54629629629629,95.3425925925926,95.5,528192.0370370371,interpolated
2759,2025-05-24 02:00:00+00:00,95.47333333333333,95.54444444444444,95.3488888888889,95.5,507714.55555555556,interpolated
2760,2025-05-24 04:00:00+00:00,95.47444444444444,95.54259259259258,95.35518518518518,95.5,487237.07407407404,interpolated
2761,2025-05-24 06:00:00+00:00,95.47555555555556,95.54074074074074,95.36148148148148,95.5,466759.5925925926,interpolated
2762,2025-05-24 08:00:00+00:00,95.47666666666666,95.53888888888889,95.36777777777777,95.5,446282.1111111111,interpolated
2763,2025-05-24 10:00:00+00:00,95.47777777777777,95.53703703703704,95.37407407407407,95.5,425804.62962962966,interpolated
2764,2025-05-24 12:00:00+00:00,95.47888888888889,95.53518518518518,95.38037037037037,95.5,405327.14814814815,interpolated
2765,2025-05-24 14:00:00+00:00,95.48,95.53333333333333,95.38666666666667,95.5,384849.6666666666,interpolated
2766,2025-05-24 16:00:00+00:00,95.4811111111111,95.53148148148148,95.39296296296297,95.5,364372.18518518517,interpolated
2767,2025-05-24 18:00:00+00:00,95.48222222222222,95.52962962962962,95.39925925925925,95.5,343894.7037037037,interpolated
2768,2025-05-24 20:00:00+00:00,95.48333333333333,95.52777777777777,95.40555555555555,95.5,323417.22222222225,interpolated
2769,2025-05-24 22:00:00+00:00,95.48444444444445,95.52592592592592,95.41185185185185,95.5,302939.74074074073,interpolated
2770,2025-05-25 00:00:00+00:00,95.48555555555555,95.52407407407408,95.41814814814815,95.5,282462.25925925927,interpolated
2771,2025-05-25 02:00:00+00:00,95.48666666666666,95.52222222222223,95.42444444444445,95.5,261984.7777777778,interpolated
2772,2025-05-25 04:00:00+00:00,95.48777777777778,95.52037037037037,95.43074074074075,95.5,241507.2962962963,interpolated
2773,2025-05-25 06:00:00+00:00,95.4888888888889,95.51851851851852,95.43703703703703,95.5,221029.81481481483,interpolated
2774,2025-05-25 08:00:00+00:00,95.49,95.51666666666667,95.44333333333333,95.5,200552.3333333333,interpolated
2775,2025-05-25 10:00:00+00:00,95.49111111111111,95.51481481481481,95.44962962962963,95.5,180074.85185185185,interpolated
2776,2025-05-25 12:00:00+00:00,95.49222222222222,95.51296296296296,95.45592592592592,95.5,159597.3703703704,interpolated
2777,2025-05-25 14:00:00+00:00,95.49333333333334,95.5111111111111,95.46222222222222,95.5,139119.88888888888,interpolated
2778,2025-05-25 16:00:00+00:00,95.49444444444444,95.50925925925925,95.46851851851852,95.5,118642.40740740742,interpolated
2779,2025-05-25 18:00:00+00:00,95.49555555555555,95.50740740740741,95.47481481481482,95.5,98164.92592592596,interpolated
2780,2025-05-25 20:00:00+00:00,95.49666666666667,95.50555555555556,95.4811111111111,95.5,77687.44444444444,interpolated
2781,2025-05-25 22:00:00+00:00,95.49777777777778,95.5037037037037,95.4874074074074,95.5,57209.96296296298,interpolated
2782,2025-05-26 00:00:00+00:00,95.49888888888889,95.50185185185185,95.4937037037037,95.5,36732.48148148146,interpolated
2783,2025-05-26 02:00:00+00:00,95.5,95.5,95.5,95.5,16255.0,present
2784,2025-05-26 04:00:00+00:00,95.49,95.5,93.18,93.91,13629733.0,present
2785,2025-05-26 06:00:00+00:00,93.91,94.07,93.08,93.3,11029173.0,present
2786,2025-05-26 08:00:00+00:00,93.3,93.58,92.71,92.93,10683172.0,present
2787,2025-05-26 10:00:00+00:00,92.93,93.15,92.4,92.63,9685667.0,present
2788,2025-05-26 12:00:00+00:00,92.66,92.91,92.47,92.8,6121338.0,present
2789,2025-05-26 14:00:00+00:00,92.8,92.94,92.05,92.18,6512808.0,present
2790,2025-05-26 16:00:00+00:00,92.19,92.23,91.34,92.05,9966839.0,present
2791,2025-05-26 18:00:00+00:00,92.05,92.18,91.91,92.02,2047390.0,present
2792,2025-05-26 20:00:00+00:00,92.02,92.38,92.02,92.25,1527848.0,present
2793,2025-05-26 22:00:00+00:00,92.09666666666666,92.33666666666666,92.09666666666666,92.25,1021842.3333333333,interpolated
2794,2025-05-27 00:00:00+00:00,92.17333333333333,92.29333333333334,92.17333333333333,92.25,515836.6666666666,interpolated
2795,2025-05-27 02:00:00+00:00,92.25,92.25,92.25,92.25,9831.0,present
2796,2025-05-27 04:00:00+00:00,92.26,92.32,90.22,91.18,11007750.0,present
2797,2025-05-27 06:00:00+00:00,92.58000000000001,92.8,91.47999999999999,92.21000000000001,9227491.0,interpolated
2798,2025-05-27 08:00:00+00:00,92.9,93.28,92.74,93.24,7447232.0,present
2799,2025-05-27 10:00:00+00:00,93.23,93.33,92.86,93.11,3064063.0,present
2800,2025-05-27 12:00:00+00:00,93.1,93.23,92.25,92.9,5106990.0,present
2801,2025-05-27 12:00:00+00:00,93.1,93.23,92.25,92.9,5106990.0,present
2802,2025-05-27 14:00:00+00:00,92.9,94.28,92.8,94.0,7842217.0,present
2803,2025-05-27 16:00:00+00:00,93.99,93.99,93.21,93.87,4700946.0,present
2804,2025-05-27 18:00:00+00:00,93.87,94.04,93.58,93.65,1866238.0,present
2805,2025-05-27 20:00:00+00:00,93.65,93.72,93.4,93.59,926546.0,present
2806,2025-05-27 22:00:00+00:00,93.69,93.73666666666666,93.52333333333334,93.65,620879.3333333334,interpolated
2807,2025-05-28 00:00:00+00:00,93.73,93.75333333333333,93.64666666666666,93.71,315212.66666666674,interpolated
2808,2025-05-28 02:00:00+00:00,93.77,93.77,93.77,93.77,9546.0,present
2809,2025-05-28 04:00:00+00:00,93.75,94.64,93.73,94.6,4439206.0,present
2810,2025-05-28 06:00:00+00:00,94.59,95.79,94.22,95.55,11770044.0,present
2811,2025-05-28 08:00:00+00:00,95.57,95.77,94.74,95.34,8581985.0,present
2812,2025-05-28 10:00:00+00:00,95.34,95.36,94.35,94.4,7201700.0,present
2813,2025-05-28 12:00:00+00:00,94.4,95.37,94.36,95.01,8054458.0,present
2814,2025-05-28 14:00:00+00:00,95.0,95.26,94.63,94.85,3669990.0,present
2815,2025-05-28 16:00:00+00:00,95.16,95.64,95.0,95.51,5251020.0,present
2816,2025-05-28 18:00:00+00:00,95.52,95.85,95.24,95.66,3838983.0,present
2817,2025-05-28 20:00:00+00:00,95.65,95.84,95.64,95.78,1113080.0,present
2818,2025-05-28 22:00:00+00:00,95.72333333333334,95.85000000000001,95.71666666666667,95.81,747963.6666666666,interpolated
2819,2025-05-29 00:00:00+00:00,95.79666666666667,95.86,95.79333333333334,95.84,382847.33333333326,interpolated
2820,2025-05-29 02:00:00+00:00,95.87,95.87,95.87,95.87,17731.0,present
2821,2025-05-29 04:00:00+00:00,95.88,95.98,95.11,95.29,3481665.0,present
2822,2025-05-29 06:00:00+00:00,95.29,95.72,94.86,94.91,4640171.0,present
2823,2025-05-29 08:00:00+00:00,94.9,95.5,94.67,95.22,4666109.0,present
2824,2025-05-29 10:00:00+00:00,95.21,95.83,95.15,95.64,4425278.0,present
2825,2025-05-29 12:00:00+00:00,95.63,95.73,95.0,95.38,4029341.0,present
2826,2025-05-29 14:00:00+00:00,95.39,95.49,94.8,95.0,2550993.0,present
2827,2025-05-29 16:00:00+00:00,95.05,95.12,94.12,94.43,3928024.0,present
2828,2025-05-29 18:00:00+00:00,94.43,94.44,93.87,94.18,2864954.0,present
2829,2025-05-29 20:00:00+00:00,94.18,94.18,94.11,94.17,376155.0,present
2830,2025-05-29 22:00:00+00:00,94.17666666666668,94.17666666666668,94.13,94.17,254211.0,interpolated
2831,2025-05-30 00:00:00+00:00,94.17333333333333,94.17333333333333,94.15,94.17,132267.00000000003,interpolated
2832,2025-05-30 02:00:00+00:00,94.17,94.17,94.17,94.17,10323.0,present
2833,2025-05-30 04:00:00+00:00,94.17,94.75,93.66,94.65,2480740.0,present
2834,2025-05-30 06:00:00+00:00,94.64,96.64,93.8,94.77,27347918.0,present
2835,2025-05-30 08:00:00+00:00,94.77,95.07,93.87,94.32,14272946.0,present
2836,2025-05-30 10:00:00+00:00,94.31,94.95,93.9,93.99,11266142.0,present
2837,2025-05-30 12:00:00+00:00,93.99,94.43,93.42,93.86,9084200.0,present
2838,2025-05-30 14:00:00+00:00,93.86,94.0,93.41,93.55,4488631.0,present
2839,2025-05-30 16:00:00+00:00,93.59,94.14,93.11,93.4,7136910.0,present
2840,2025-05-30 18:00:00+00:00,93.38,93.99,93.38,93.48,4103005.0,present
2841,2025-05-30 20:00:00+00:00,93.48,93.99,93.44,93.9,1987750.0,present
2842,2025-05-30 22:00:00+00:00,93.584,94.064,93.55199999999999,93.932,1777557.0,interpolated
2843,2025-05-31 00:00:00+00:00,93.688,94.13799999999999,93.664,93.964,1567364.0,interpolated
2844,2025-05-31 02:00:00+00:00,93.792,94.212,93.776,93.99600000000001,1357171.0,interpolated
2845,2025-05-31 04:00:00+00:00,93.896,94.286,93.888,94.028,1146978.0,interpolated
2846,2025-05-31 06:00:00+00:00,94.0,94.36,94.0,94.06,936785.0,present
2847,2025-05-31 08:00:00+00:00,94.11,94.23,93.95,94.04,761478.0,present
2848,2025-05-31 10:00:00+00:00,94.04,94.12,93.77,93.86,825558.0,present
2849,2025-05-31 12:00:00+00:00,93.86,93.99,93.8,93.85,345628.0,present
2850,2025-05-31 14:00:00+00:00,93.88,93.92,93.8,93.87,297336.0,present
2851,2025-05-31 16:00:00+00:00,93.86874999999999,93.9075,93.72375,93.795,357266.625,interpolated
2852,2025-05-31 18:00:00+00:00,93.8575,93.895,93.6475,93.72,417197.25,interpolated
2853,2025-05-31 20:00:00+00:00,93.84625,93.8825,93.57124999999999,93.645,477127.875,interpolated
2854,2025-05-31 22:00:00+00:00,93.83500000000001,93.87,93.495,93.57,537058.5,interpolated
2855,2025-06-01 00:00:00+00:00,93.82375,93.8575,93.41875,93.495,596989.125,interpolated
2856,2025-06-01 02:00:00+00:00,93.8125,93.845,93.3425,93.42,656919.75,interpolated
2857,2025-06-01 04:00:00+00:00,93.80125000000001,93.8325,93.26625,93.345,716850.375,interpolated
2858,2025-06-01 06:00:00+00:00,93.79,93.82,93.19,93.27,776781.0,present
2859,2025-06-01 08:00:00+00:00,93.27,93.59,93.03,93.21,1696569.0,present
2860,2025-06-01 10:00:00+00:00,93.21,93.24,91.71,91.9,5994784.0,present
2861,2025-06-01 12:00:00+00:00,91.88,92.27,91.1,91.76,7161038.0,present
2862,2025-06-01 14:00:00+00:00,91.78,92.17,91.52,91.89,3314469.0,present
2863,2025-06-01 16:00:00+00:00,91.79833333333333,92.12333333333333,91.58166666666666,91.89,2769315.1666666665,interpolated
2864,2025-06-01 18:00:00+00:00,91.81666666666666,92.07666666666667,91.64333333333333,91.89,2224161.333333333,interpolated
2865,2025-06-01 20:00:00+00:00,91.83500000000001,92.03,91.705,91.89,1679007.5,interpolated
2866,2025-06-01 22:00:00+00:00,91.85333333333334,91.98333333333333,91.76666666666667,91.89,1133853.6666666665,interpolated
2867,2025-06-02 00:00:00+00:00,91.87166666666667,91.93666666666667,91.82833333333333,91.89,588699.8333333335,interpolated
2868,2025-06-02 02:00:00+00:00,91.89,91.89,91.89,91.89,43546.0,present
2869,2025-06-02 04:00:00+00:00,91.9,92.95,91.51,92.73,5123947.0,present
2870,2025-06-02 06:00:00+00:00,92.71,93.2,92.58,92.84,5610921.0,present
2871,2025-06-02 08:00:00+00:00,92.84,93.4,92.64,93.03,5138027.0,present
2872,2025-06-02 10:00:00+00:00,93.03,93.19,92.74,93.1,3042240.0,present
2873,2025-06-02 12:00:00+00:00,93.11,93.28,92.06,92.64,7575080.0,present
2874,2025-06-02 14:00:00+00:00,92.64,94.1,92.51,94.0,9227016.0,present
2875,2025-06-02 16:00:00+00:00,94.01,94.15,93.42,93.46,4266621.0,present
2876,2025-06-02 18:00:00+00:00,93.46,93.73,93.32,93.59,2137753.0,present
2877,2025-06-02 20:00:00+00:00,93.6,93.62,93.32,93.47,791474.0,present
2878,2025-06-02 22:00:00+00:00,93.56333333333333,93.57666666666667,93.37666666666667,93.47666666666666,530467.0,interpolated
2879,2025-06-03 00:00:00+00:00,93.52666666666666,93.53333333333333,93.43333333333332,93.48333333333333,269460.00000000006,interpolated
2880,2025-06-03 02:00:00+00:00,93.49,93.49,93.49,93.49,8453.0,present
2881,2025-06-03 04:00:00+00:00,93.49,94.0,93.48,93.86,2550962.0,present
2882,2025-06-03 06:00:00+00:00,93.85,94.98,93.81,94.97,11638109.0,present
2883,2025-06-03 08:00:00+00:00,94.97,95.28,94.39,94.6,7685926.0,present
2884,2025-06-03 10:00:00+00:00,94.63,95.0,94.28,94.49,4482077.0,present
2885,2025-06-03 12:00:00+00:00,94.49,94.81,94.11,94.78,3027476.0,present
2886,2025-06-03 12:00:00+00:00,94.49,94.81,94.11,94.78,3027476.0,present
2887,2025-06-03 14:00:00+00:00,94.78,95.4,94.62,95.05,5998805.0,present
2888,2025-06-03 16:00:00+00:00,95.1,95.32,94.81,95.19,2668181.0,present
2889,2025-06-03 18:00:00+00:00,95.21,95.5,95.05,95.21,3676914.0,present
2890,2025-06-03 20:00:00+00:00,95.21,95.47,95.2,95.41,979441.0,present
2891,2025-06-03 22:00:00+00:00,95.27333333333333,95.44666666666667,95.26666666666667,95.40666666666667,659960.6666666667,interpolated
2892,2025-06-04 00:00:00+00:00,95.33666666666667,95.42333333333333,95.33333333333334,95.40333333333334,340480.3333333334,interpolated
2893,2025-06-04 02:00:00+00:00,95.4,95.4,95.4,95.4,21000.0,present
2894,2025-06-04 04:00:00+00:00,95.41,95.87,95.15,95.56,3374181.0,present
2895,2025-06-04 06:00:00+00:00,95.56,96.15,95.46,96.07,8834931.0,present
2896,2025-06-04 08:00:00+00:00,96.07,96.86,95.94,96.64,11125397.0,present
2897,2025-06-04 10:00:00+00:00,96.64,96.69,96.21,96.63,5441277.0,present
2898,2025-06-04 12:00:00+00:00,96.63,96.8,95.73,96.33,11683668.0,present
2899,2025-06-04 14:00:00+00:00,96.33,96.36,94.55,95.44,14753785.0,present
2900,2025-06-04 16:00:00+00:00,95.5,96.06,95.25,95.85,4778767.0,present
2901,2025-06-04 18:00:00+00:00,95.85,95.87,94.95,95.24,3233382.0,present
2902,2025-06-04 20:00:00+00:00,95.24,95.24,94.83,95.1,695254.0,present
2903,2025-06-04 22:00:00+00:00,95.2,95.2,94.92666666666666,95.10666666666667,465321.6666666666,interpolated
2904,2025-06-05 00:00:00+00:00,95.16,95.16,95.02333333333334,95.11333333333333,235389.3333333333,interpolated
2905,2025-06-05 02:00:00+00:00,95.12,95.12,95.12,95.12,5457.0,present
2906,2025-06-05 04:00:00+00:00,95.14,95.84,95.13,95.55,1825111.0,present
2907,2025-06-05 06:00:00+00:00,95.54,96.0,95.39,95.4,3487869.0,present
2908,2025-06-05 08:00:00+00:00,95.42,95.9,95.2,95.75,3475866.0,present
2909,2025-06-05 10:00:00+00:00,95.74,95.95,95.54,95.91,2582128.0,present
2910,2025-06-05 12:00:00+00:00,95.91,96.1,95.74,95.83,4715802.0,present
2911,2025-06-05 14:00:00+00:00,95.84,95.9,95.42,95.5,3923545.0,present
2912,2025-06-05 16:00:00+00:00,95.56,95.63,95.23,95.31,2560775.0,present
2913,2025-06-05 18:00:00+00:00,95.3,95.5,95.23,95.47,879619.0,present
2914,2025-06-05 20:00:00+00:00,95.47,95.47,95.44,95.44,757830.0,present
2915,2025-06-05 22:00:00+00:00,95.48,95.48,95.46,95.46,513911.6666666667,interpolated
2916,2025-06-06 00:00:00+00:00,95.49,95.49,95.48,95.48,269993.3333333334,interpolated
2917,2025-06-06 02:00:00+00:00,95.5,95.5,95.5,95.5,26075.0,present
2918,2025-06-06 04:00:00+00:00,95.51,96.18,95.5,95.89,2908881.0,present
2919,2025-06-06 06:00:00+00:00,95.9,96.4,95.8,96.4,6461963.0,present
2920,2025-06-06 08:00:00+00:00,96.4,96.44,95.3,95.88,8771787.0,present
2921,2025-06-06 10:00:00+00:00,95.9,98.5,95.0,95.68,43928975.0,present
2922,2025-06-06 12:00:00+00:00,95.68,95.7,94.03,94.68,16068014.0,present
2923,2025-06-06 14:00:00+00:00,94.67,94.81,93.23,93.4,9957476.0,present
2924,2025-06-06 16:00:00+00:00,93.46,94.08,93.46,93.71,3886981.0,present
2925,2025-06-06 18:00:00+00:00,93.71,93.89,92.82,93.15,4234661.0,present
2926,2025-06-06 20:00:00+00:00,93.14,93.36,93.03,93.27,1044914.0,present
2927,2025-06-06 22:00:00+00:00,93.248,93.584,93.134,93.396,1013673.4,interpolated
2928,2025-06-07 00:00:00+00:00,93.35600000000001,93.808,93.238,93.522,982432.8,interpolated
2929,2025-06-07 02:00:00+00:00,93.464,94.032,93.342,93.648,951192.2,interpolated
2930,2025-06-07 04:00:00+00:00,93.572,94.256,93.446,93.774,919951.6,interpolated
2931,2025-06-07 06:00:00+00:00,93.68,94.48,93.55,93.9,888711.0,present
2932,2025-06-07 08:00:00+00:00,93.93,93.93,93.64,93.66,327377.0,present
2933,2025-06-07 10:00:00+00:00,93.67,93.7,93.21,93.5,1293394.0,present
2934,2025-06-07 12:00:00+00:00,93.51,93.72,93.38,93.7,636660.0,present
2935,2025-06-07 14:00:00+00:00,93.7,94.0,93.62,93.77,565746.0,present
2936,2025-06-07 16:00:00+00:00,93.71625,93.995,93.63000000000001,93.77624999999999,536754.25,interpolated
2937,2025-06-07 18:00:00+00:00,93.7325,93.99,93.64,93.7825,507762.5,interpolated
2938,2025-06-07 20:00:00+00:00,93.74875,93.985,93.65,93.78875,478770.75,interpolated
2939,2025-06-07 22:00:00+00:00,93.765,93.97999999999999,93.66,93.79499999999999,449779.0,interpolated
2940,2025-06-08 00:00:00+00:00,93.78125,93.975,93.67,93.80125,420787.25,interpolated
2941,2025-06-08 02:00:00+00:00,93.7975,93.97,93.68,93.80749999999999,391795.5,interpolated
2942,2025-06-08 04:00:00+00:00,93.81375,93.96499999999999,93.69,93.81375,362803.75,interpolated
2943,2025-06-08 06:00:00+00:00,93.83,93.96,93.7,93.82,333812.0,present
2944,2025-06-08 08:00:00+00:00,93.82,93.85,93.68,93.77,322690.0,present
2945,2025-06-08 10:00:00+00:00,93.77,93.8,93.62,93.63,353056.0,present
2946,2025-06-08 12:00:00+00:00,93.63,93.77,93.42,93.72,543847.0,present
2947,2025-06-08 14:00:00+00:00,93.69,93.83,93.38,93.64,612467.0,present
2948,2025-06-08 16:00:00+00:00,93.70833333333333,93.825,93.44999999999999,93.66666666666667,511775.8333333333,interpolated
2949,2025-06-08 18:00:00+00:00,93.72666666666666,93.82,93.52,93.69333333333333,411084.6666666666,interpolated
2950,2025-06-08 20:00:00+00:00,93.745,93.815,93.59,93.72,310393.5,interpolated
2951,2025-06-08 22:00:00+00:00,93.76333333333334,93.81,93.66,93.74666666666667,209702.3333333333,interpolated
2952,2025-06-09 00:00:00+00:00,93.78166666666667,93.80499999999999,93.72999999999999,93.77333333333333,109011.16666666669,interpolated
2953,2025-06-09 02:00:00+00:00,93.8,93.8,93.8,93.8,8320.0,present
2954,2025-06-09 04:00:00+00:00,93.8,94.57,93.32,94.15,4952662.0,present
2955,2025-06-09 06:00:00+00:00,94.15,94.27,93.15,93.23,8606051.0,present
2956,2025-06-09 08:00:00+00:00,93.23,93.6,93.04,93.59,7110863.0,present
2957,2025-06-09 10:00:00+00:00,93.6,93.87,93.15,93.47,3887704.0,present
2958,2025-06-09 12:00:00+00:00,93.47,93.8,93.25,93.4,3906105.0,present
2959,2025-06-09 14:00:00+00:00,93.4,93.55,93.03,93.1,3811169.0,present
2960,2025-06-09 16:00:00+00:00,93.1,93.68,93.1,93.5,2028155.0,present
2961,2025-06-09 18:00:00+00:00,93.49,94.2,93.4,94.06,2875138.0,present
2962,2025-06-09 20:00:00+00:00,94.05,94.34,94.05,94.27,1334440.0,present
2963,2025-06-09 22:00:00+00:00,94.16666666666667,94.36,94.16666666666667,94.31333333333333,895411.6666666667,interpolated
2964,2025-06-10 00:00:00+00:00,94.28333333333333,94.38000000000001,94.28333333333333,94.35666666666667,456383.3333333334,interpolated
2965,2025-06-10 02:00:00+00:00,94.4,94.4,94.4,94.4,17355.0,present
2966,2025-06-10 04:00:00+00:00,94.37,95.04,94.3,94.58,4577759.0,present
2967,2025-06-10 06:00:00+00:00,94.58,94.68,93.41,93.6,6651280.0,present
2968,2025-06-10 08:00:00+00:00,93.6,93.98,93.47,93.72,3858455.0,present
2969,2025-06-10 10:00:00+00:00,93.72,94.13,93.66,94.07,3175964.0,present
2970,2025-06-10 12:00:00+00:00,94.08,94.5,93.51,93.92,4580971.0,present
2971,2025-06-10 12:00:00+00:00,94.08,94.5,93.51,93.92,4580971.0,present
2972,2025-06-10 14:00:00+00:00,93.92,94.14,93.67,94.0,2694253.0,present
2973,2025-06-10 16:00:00+00:00,94.05,94.1,93.25,93.44,2831323.0,present
2974,2025-06-10 18:00:00+00:00,93.47,93.76,93.39,93.67,926795.0,present
2975,2025-06-10 20:00:00+00:00,93.67,93.68,93.43,93.5,465941.0,present
2976,2025-06-10 22:00:00+00:00,93.61333333333333,93.62,93.45333333333333,93.5,312325.0,interpolated
2977,2025-06-11 00:00:00+00:00,93.55666666666667,93.56,93.47666666666667,93.5,158709.0,interpolated
2978,2025-06-11 02:00:00+00:00,93.5,93.5,93.5,93.5,5093.0,present
2979,2025-06-11 04:00:00+00:00,93.7,93.74,93.13,93.43,2243659.0,present
2980,2025-06-11 06:00:00+00:00,93.43,93.94,93.15,93.76,5503350.0,present
2981,2025-06-11 08:00:00+00:00,93.76,93.95,93.58,93.84,2754024.0,present
2982,2025-06-11 10:00:00+00:00,93.84,94.37,93.79,94.1,8061568.0,present
2983,2025-06-11 12:00:00+00:00,94.1,94.32,93.9,93.97,2857156.0,present
2984,2025-06-11 14:00:00+00:00,93.97,94.13,93.7,94.0,3227386.0,present
2985,2025-06-11 16:00:00+00:00,93.99,93.99,93.62,93.62,2594893.0,present
2986,2025-06-11 18:00:00+00:00,93.62,93.75,93.5,93.67,1119923.0,present
2987,2025-06-11 20:00:00+00:00,93.66,93.67,93.42,93.44,1159914.0,present
2988,2025-06-11 22:00:00+00:00,93.82875,93.865625,93.53812500000001,93.60625,1936971.8125,interpolated
2989,2025-06-12 00:00:00+00:00,93.9975,94.06125,93.65625,93.7725,2714029.625,interpolated
2990,2025-06-12 02:00:00+00:00,94.16624999999999,94.25687500000001,93.774375,93.93875,3491087.4375,interpolated
2991,2025-06-12 04:00:00+00:00,94.335,94.4525,93.8925,94.10499999999999,4268145.25,interpolated
2992,2025-06-12 06:00:00+00:00,94.50375,94.648125,94.010625,94.27125,5045203.0625,interpolated
2993,2025-06-12 08:00:00+00:00,94.6725,94.84375,94.12875,94.4375,5822260.875,interpolated
2994,2025-06-12 10:00:00+00:00,94.84125,95.039375,94.246875,94.60374999999999,6599318.6875,interpolated
2995,2025-06-12 12:00:00+00:00,95.00999999999999,95.235,94.36500000000001,94.77,7376376.5,interpolated
2996,2025-06-12 14:00:00+00:00,95.17875,95.43062499999999,94.483125,94.93625,8153434.3125,interpolated
2997,2025-06-12 16:00:00+00:00,95.3475,95.62625,94.60125000000001,95.10249999999999,8930492.125,interpolated
2998,2025-06-12 18:00:00+00:00,95.51625,95.821875,94.719375,95.26875,9707549.9375,interpolated
2999,2025-06-12 20:00:00+00:00,95.685,96.0175,94.8375,95.435,10484607.75,interpolated
3000,2025-06-12 22:00:00+00:00,95.85375,96.21312499999999,94.955625,95.60125,11261665.5625,interpolated
3001,2025-06-13 00:00:00+00:00,96.0225,96.40875,95.07375,95.7675,12038723.375,interpolated
3002,2025-06-13 02:00:00+00:00,96.19125,96.604375,95.191875,95.93374999999999,12815781.1875,interpolated
3003,2025-06-13 04:00:00+00:00,96.36,96.8,95.31,96.1,13592839.0,present
3004,2025-06-13 06:00:00+00:00,96.09,96.2,95.42,95.93,9889468.0,present
3005,2025-06-13 08:00:00+00:00,95.93,98.0,95.92,97.55,18090985.0,present
3006,2025-06-13 10:00:00+00:00,97.55,98.38,97.42,97.86,15498498.0,present
3007,2025-06-13 12:00:00+00:00,97.86,98.19,97.7,98.06,5322739.0,present
3008,2025-06-13 14:00:00+00:00,98.07,98.11,97.72,97.83,4512733.0,present
3009,2025-06-13 16:00:00+00:00,97.83,98.15,97.57,97.93,3949534.0,present
3010,2025-06-13 18:00:00+00:00,97.92,98.2,97.81,97.97,3092197.0,present
3011,2025-06-13 20:00:00+00:00,97.96,98.18,97.9,98.12,1244438.0,present
3012,2025-06-13 22:00:00+00:00,97.99799999999999,98.31800000000001,97.95,98.194,1522059.8,interpolated
3013,2025-06-14 00:00:00+00:00,98.036,98.456,98.0,98.268,1799681.6,interpolated
3014,2025-06-14 02:00:00+00:00,98.074,98.59400000000001,98.05000000000001,98.342,2077303.4,interpolated
3015,2025-06-14 04:00:00+00:00,98.11200000000001,98.732,98.10000000000001,98.416,2354925.2,interpolated
3016,2025-06-14 06:00:00+00:00,98.15,98.87,98.15,98.49,2632547.0,present
3017,2025-06-14 08:00:00+00:00,98.49,98.59,98.26,98.54,1269674.0,present
3018,2025-06-14 10:00:00+00:00,98.54,98.58,98.42,98.49,613922.0,present
3019,2025-06-14 12:00:00+00:00,98.49,98.59,98.45,98.54,649040.0,present
3020,2025-06-14 14:00:00+00:00,98.54,98.58,98.42,98.55,666171.0,present
3021,2025-06-14 16:00:00+00:00,98.56750000000001,98.66624999999999,98.4125,98.56,1270376.75,interpolated
3022,2025-06-14 18:00:00+00:00,98.595,98.7525,98.405,98.57,1874582.5,interpolated
3023,2025-06-14 20:00:00+00:00,98.6225,98.83875,98.39750000000001,98.58,2478788.25,interpolated
3024,2025-06-14 22:00:00+00:00,98.65,98.925,98.39,98.59,3082994.0,interpolated
3025,2025-06-15 00:00:00+00:00,98.67750000000001,99.01124999999999,98.3825,98.6,3687199.75,interpolated
3026,2025-06-15 02:00:00+00:00,98.70500000000001,99.0975,98.375,98.61,4291405.5,interpolated
3027,2025-06-15 04:00:00+00:00,98.7325,99.18375,98.3675,98.61999999999999,4895611.25,interpolated
3028,2025-06-15 06:00:00+00:00,98.76,99.27,98.36,98.63,5499817.0,present
3029,2025-06-15 08:00:00+00:00,98.63,98.83,98.5,98.67,1368910.0,present
3030,2025-06-15 10:00:00+00:00,98.71,98.83,98.58,98.81,891343.0,present
3031,2025-06-15 12:00:00+00:00,98.8,99.29,98.78,99.1,3192429.0,present
3032,2025-06-15 14:00:00+00:00,99.11,99.42,99.02,99.18,1976341.0,present
3033,2025-06-15 16:00:00+00:00,99.125,99.38333333333334,99.05,99.18333333333334,1660089.6666666665,interpolated
3034,2025-06-15 18:00:00+00:00,99.14,99.34666666666666,99.08,99.18666666666667,1343838.3333333333,interpolated
3035,2025-06-15 20:00:00+00:00,99.155,99.31,99.11,99.19,1027587.0,interpolated
3036,2025-06-15 22:00:00+00:00,99.17,99.27333333333334,99.14,99.19333333333334,711335.6666666665,interpolated
3037,2025-06-16 00:00:00+00:00,99.185,99.23666666666666,99.17,99.19666666666667,395084.33333333326,interpolated
3038,2025-06-16 02:00:00+00:00,99.2,99.2,99.2,99.2,78833.0,present
3039,2025-06-16 04:00:00+00:00,99.2,99.33,98.55,98.85,4944276.0,present
3040,2025-06-16 06:00:00+00:00,98.84,98.84,96.92,97.24,21296861.0,present
3041,2025-06-16 08:00:00+00:00,97.24,97.25,96.6,97.0,13936744.0,present
3042,2025-06-16 10:00:00+00:00,97.0,97.4,96.85,97.08,6935932.0,present
3043,2025-06-16 12:00:00+00:00,97.08,97.26,96.05,96.19,13571077.0,present
3044,2025-06-16 14:00:00+00:00,96.19,96.99,96.14,96.7,6166115.0,present
3045,2025-06-16 16:00:00+00:00,96.7,96.92,96.02,96.57,5896917.0,present
3046,2025-06-16 18:00:00+00:00,96.56,96.73,96.51,96.6,995370.0,present
3047,2025-06-16 20:00:00+00:00,96.6,96.77,96.4,96.69,1009462.0,present
3048,2025-06-16 22:00:00+00:00,96.63,96.74333333333333,96.49666666666667,96.69,677528.0,interpolated
3049,2025-06-17 00:00:00+00:00,96.66,96.71666666666667,96.59333333333333,96.69,345594.0,interpolated
3050,2025-06-17 02:00:00+00:00,96.69,96.69,96.69,96.69,13660.0,present
3051,2025-06-17 04:00:00+00:00,96.7,97.0,96.3,96.77,2241158.0,present
3052,2025-06-17 06:00:00+00:00,96.77,97.2,96.6,97.07,7498481.0,present
3053,2025-06-17 08:00:00+00:00,97.11,97.69,96.99,97.55,11082164.0,present
3054,2025-06-17 10:00:00+00:00,97.55,97.69,97.14,97.28,4980955.0,present
3055,2025-06-17 12:00:00+00:00,97.27,97.79,97.23,97.78,3851955.0,present
3056,2025-06-17 12:00:00+00:00,97.27,97.79,97.23,97.78,3851955.0,present
3057,2025-06-17 14:00:00+00:00,97.78,98.48,97.6,98.45,10466336.0,present
3058,2025-06-17 16:00:00+00:00,98.43,98.65,97.83,98.17,5203595.0,present
3059,2025-06-17 18:00:00+00:00,98.17,98.38,97.6,97.88,3734684.0,present
3060,2025-06-17 20:00:00+00:00,97.85,97.92,97.61,97.85,960011.0,present
3061,2025-06-17 22:00:00+00:00,97.93333333333332,97.98,97.77333333333333,97.93333333333332,643651.6666666667,interpolated
3062,2025-06-18 00:00:00+00:00,98.01666666666667,98.03999999999999,97.93666666666667,98.01666666666667,327292.3333333334,interpolated
3063,2025-06-18 02:00:00+00:00,98.1,98.1,98.1,98.1,10933.0,present
3064,2025-06-18 04:00:00+00:00,98.1,98.16,97.6,98.0,1438502.0,present
3065,2025-06-18 06:00:00+00:00,98.0,98.56,96.9,97.39,12346671.0,present
3066,2025-06-18 08:00:00+00:00,97.39,97.8,97.26,97.72,5238200.0,present
3067,2025-06-18 10:00:00+00:00,97.72,98.07,97.51,98.06,4356772.0,present
3068,2025-06-18 12:00:00+00:00,98.07,98.09,97.21,97.66,6692464.0,present
3069,2025-06-18 14:00:00+00:00,97.66,97.69,97.11,97.39,4791787.0,present
3070,2025-06-18 16:00:00+00:00,97.39,97.65,97.1,97.41,2892106.0,present
3071,2025-06-18 18:00:00+00:00,97.4,97.6,97.31,97.39,939554.0,present
3072,2025-06-18 20:00:00+00:00,97.39,97.46,97.29,97.37,432940.0,present
3073,2025-06-18 22:00:00+00:00,97.46333333333334,97.50999999999999,97.39666666666668,97.45,289922.0,interpolated
3074,2025-06-19 00:00:00+00:00,97.53666666666666,97.56,97.50333333333333,97.53,146904.0,interpolated
3075,2025-06-19 02:00:00+00:00,97.61,97.61,97.61,97.61,3886.0,present
3076,2025-06-19 04:00:00+00:00,97.61,97.77,97.39,97.67,1297710.0,present
3077,2025-06-19 06:00:00+00:00,97.67,97.98,97.62,97.92,4778144.0,present
3078,2025-06-19 08:00:00+00:00,97.92,98.05,97.41,97.5,5771932.0,present
3079,2025-06-19 10:00:00+00:00,97.49,97.64,97.0,97.5,6992466.0,present
3080,2025-06-19 12:00:00+00:00,97.5,98.6,97.14,98.18,25788765.0,present
3081,2025-06-19 14:00:00+00:00,98.18,98.6,97.83,98.01,12285258.0,present
3082,2025-06-19 16:00:00+00:00,98.0,98.24,97.77,97.85,4288379.0,present
3083,2025-06-19 18:00:00+00:00,97.82,98.12,97.72,97.91,2144473.0,present
3084,2025-06-19 20:00:00+00:00,97.91,98.09,97.85,97.97,1059165.0,present
3085,2025-06-19 22:00:00+00:00,97.94,98.06,97.89999999999999,97.98,709910.3333333334,interpolated
3086,2025-06-20 00:00:00+00:00,97.97,98.03,97.95,97.99,360655.66666666674,interpolated
3087,2025-06-20 02:00:00+00:00,98.0,98.0,98.0,98.0,11401.0,present
3088,2025-06-20 04:00:00+00:00,98.04,98.39,98.0,98.12,1484433.0,present
3089,2025-06-20 06:00:00+00:00,98.12,98.45,97.86,98.23,6876762.0,present
3090,2025-06-20 08:00:00+00:00,98.24,99.25,98.18,99.25,18707657.0,present
3091,2025-06-20 10:00:00+00:00,99.745,100.745,99.57,100.425,43864913.5,interpolated
3092,2025-06-20 12:00:00+00:00,101.25,102.24,100.96,101.6,69022170.0,present
3093,2025-06-20 14:00:00+00:00,101.6,101.91,101.03,101.1,17722649.0,present
3094,2025-06-20 16:00:00+00:00,101.12,101.49,100.81,101.21,8285911.0,present
3095,2025-06-20 18:00:00+00:00,101.21,101.75,101.15,101.61,5078658.0,present
3096,2025-06-20 20:00:00+00:00,101.61,101.79,101.4,101.75,2784512.0,present
3097,2025-06-20 22:00:00+00:00,101.64,101.81333333333333,101.43777777777778,101.77481481481482,2686890.814814815,interpolated
3098,2025-06-21 00:00:00+00:00,101.67,101.83666666666667,101.47555555555556,101.79962962962964,2589269.6296296297,interpolated
3099,2025-06-21 02:00:00+00:00,101.7,101.86,101.51333333333334,101.82444444444444,2491648.4444444445,interpolated
3100,2025-06-21 04:00:00+00:00,101.73,101.88333333333334,101.55111111111111,101.84925925925926,2394027.2592592593,interpolated
3101,2025-06-21 06:00:00+00:00,101.76,101.90666666666667,101.58888888888889,101.87407407407407,2296406.074074074,interpolated
3102,2025-06-21 08:00:00+00:00,101.79,101.93,101.62666666666667,101.89888888888889,2198784.888888889,interpolated
3103,2025-06-21 10:00:00+00:00,101.82,101.95333333333333,101.66444444444446,101.92370370370371,2101163.703703704,interpolated
3104,2025-06-21 12:00:00+00:00,101.85,101.97666666666667,101.70222222222223,101.94851851851853,2003542.5185185184,interpolated
3105,2025-06-21 14:00:00+00:00,101.88,102.0,101.74000000000001,101.97333333333333,1905921.3333333333,interpolated
3106,2025-06-21 16:00:00+00:00,101.91,102.02333333333334,101.77777777777779,101.99814814814815,1808300.148148148,interpolated
3107,2025-06-21 18:00:00+00:00,101.94,102.04666666666667,101.81555555555556,102.02296296296296,1710678.962962963,interpolated
3108,2025-06-21 20:00:00+00:00,101.97,102.07000000000001,101.85333333333334,102.04777777777778,1613057.7777777778,interpolated
3109,2025-06-21 22:00:00+00:00,102.0,102.09333333333333,101.89111111111112,102.0725925925926,1515436.5925925926,interpolated
3110,2025-06-22 00:00:00+00:00,102.03,102.11666666666667,101.92888888888889,102.0974074074074,1417815.4074074074,interpolated
3111,2025-06-22 02:00:00+00:00,102.06,102.14,101.96666666666667,102.12222222222222,1320194.2222222222,interpolated
3112,2025-06-22 04:00:00+00:00,102.09,102.16333333333334,102.00444444444445,102.14703703703704,1222573.0370370368,interpolated
3113,2025-06-22 06:00:00+00:00,102.12,102.18666666666667,102.04222222222222,102.17185185185186,1124951.8518518517,interpolated
3114,2025-06-22 08:00:00+00:00,102.15,102.21000000000001,102.08,102.19666666666667,1027330.6666666665,interpolated
3115,2025-06-22 10:00:00+00:00,102.18,102.23333333333333,102.11777777777777,102.22148148148148,929709.4814814813,interpolated
3116,2025-06-22 12:00:00+00:00,102.21000000000001,102.25666666666667,102.15555555555555,102.2462962962963,832088.2962962962,interpolated
3117,2025-06-22 14:00:00+00:00,102.24,102.28,102.19333333333334,102.27111111111111,734467.111111111,interpolated
3118,2025-06-22 16:00:00+00:00,102.27,102.30333333333334,102.23111111111112,102.29592592592593,636845.9259259258,interpolated
3119,2025-06-22 18:00:00+00:00,102.3,102.32666666666667,102.2688888888889,102.32074074074075,539224.7407407407,interpolated
3120,2025-06-22 20:00:00+00:00,102.33,102.35000000000001,102.30666666666667,102.34555555555556,441603.5555555555,interpolated
3121,2025-06-22 22:00:00+00:00,102.36,102.37333333333333,102.34444444444445,102.37037037037037,343982.37037037034,interpolated
3122,2025-06-23 00:00:00+00:00,102.39,102.39666666666668,102.38222222222223,102.39518518518518,246361.18518518517,interpolated
3123,2025-06-23 02:00:00+00:00,102.42,102.42,102.42,102.42,148740.0,present
3124,2025-06-23 04:00:00+00:00,102.42,103.62,101.84,102.87,14360770.0,present
3125,2025-06-23 06:00:00+00:00,102.85,103.3,101.8,102.25,19079997.0,present
3126,2025-06-23 08:00:00+00:00,102.25,102.72,101.89,102.64,14477487.0,present
3127,2025-06-23 10:00:00+00:00,102.64,103.0,102.1,103.0,10619967.0,present
3128,2025-06-23 12:00:00+00:00,102.99,104.49,102.85,104.25,31201288.0,present
3129,2025-06-23 14:00:00+00:00,104.25,104.62,103.94,104.54,18860480.0,present
3130,2025-06-23 16:00:00+00:00,104.55,104.95,103.71,103.91,14662355.0,present
3131,2025-06-23 18:00:00+00:00,103.91,104.65,103.73,104.37,5859818.0,present
3132,2025-06-23 20:00:00+00:00,104.39,104.47,104.0,104.23,2238262.0,present
3133,2025-06-23 22:00:00+00:00,104.42666666666666,104.48,104.16666666666667,104.32000000000001,1505383.3333333335,interpolated
3134,2025-06-24 00:00:00+00:00,104.46333333333334,104.49,104.33333333333333,104.41,772504.6666666667,interpolated
3135,2025-06-24 02:00:00+00:00,104.5,104.5,104.5,104.5,39626.0,present
3136,2025-06-24 04:00:00+00:00,104.49,105.95,104.4,105.35,13016450.0,present
3137,2025-06-24 06:00:00+00:00,105.34,105.82,104.11,104.87,21080901.0,present
3138,2025-06-24 08:00:00+00:00,104.84,105.85,104.71,105.82,13410950.0,present
3139,2025-06-24 10:00:00+00:00,105.83,106.77,105.32,105.74,26464141.0,present
3140,2025-06-24 12:00:00+00:00,105.73,106.4,105.17,106.16,12928319.0,present
3141,2025-06-24 12:00:00+00:00,105.73,106.4,105.17,106.16,12928319.0,present
3142,2025-06-24 14:00:00+00:00,106.16,106.35,105.7,105.9,8418037.0,present
3143,2025-06-24 16:00:00+00:00,105.8,106.3,105.8,106.17,4938141.0,present
3144,2025-06-24 18:00:00+00:00,106.17,106.3,105.81,106.19,4153052.0,present
3145,2025-06-24 20:00:00+00:00,106.2,106.46,106.15,106.45,2092140.0,present
3146,2025-06-24 22:00:00+00:00,106.35333333333334,106.52666666666666,106.32000000000001,106.52,1413143.6666666665,interpolated
3147,2025-06-25 00:00:00+00:00,106.50666666666666,106.59333333333333,106.49,106.59,734147.3333333333,interpolated
3148,2025-06-25 02:00:00+00:00,106.66,106.66,106.66,106.66,55151.0,present
3149,2025-06-25 04:00:00+00:00,106.65,106.69,105.52,105.87,7203872.0,present
3150,2025-06-25 06:00:00+00:00,105.9,106.34,105.18,105.79,12280614.0,present
3151,2025-06-25 08:00:00+00:00,105.8,105.8,105.06,105.7,8478238.0,present
3152,2025-06-25 10:00:00+00:00,105.7,106.09,105.56,105.88,6604547.0,present
3153,2025-06-25 12:00:00+00:00,105.88,106.0,105.2,105.38,4023153.0,present
3154,2025-06-25 14:00:00+00:00,105.37,105.99,105.1,105.45,8282173.0,present
3155,2025-06-25 16:00:00+00:00,105.45,105.73,105.04,105.55,3102006.0,present
3156,2025-06-25 18:00:00+00:00,105.54,107.47,105.51,107.31,22145077.0,present
3157,2025-06-25 20:00:00+00:00,107.3,107.58,107.08,107.48,5151030.0,present
3158,2025-06-25 22:00:00+00:00,107.36,107.54666666666667,107.21333333333334,107.48,3497477.3333333335,interpolated
3159,2025-06-26 00:00:00+00:00,107.42,107.51333333333334,107.34666666666666,107.48,1843924.666666667,interpolated
3160,2025-06-26 02:00:00+00:00,107.48,107.48,107.48,107.48,190372.0,present
3161,2025-06-26 04:00:00+00:00,107.49,107.76,106.61,107.31,8632236.0,present
3162,2025-06-26 06:00:00+00:00,107.31,107.45,106.18,106.49,13927556.0,present
3163,2025-06-26 08:00:00+00:00,106.5,106.92,106.04,106.7,12337901.0,present
3164,2025-06-26 10:00:00+00:00,106.7,107.2,106.69,107.16,8391365.0,present
3165,2025-06-26 12:00:00+00:00,107.17,107.2,106.2,106.63,10535166.0,present
3166,2025-06-26 14:00:00+00:00,106.63,106.97,106.4,106.45,3763596.0,present
3167,2025-06-26 16:00:00+00:00,106.46,106.84,106.37,106.73,2710267.0,present
3168,2025-06-26 18:00:00+00:00,106.7,106.73,106.29,106.6,2636952.0,present
3169,2025-06-26 20:00:00+00:00,106.6,106.62,106.42,106.46,1252956.0,present
3170,2025-06-26 22:00:00+00:00,106.65666666666667,106.67,106.53666666666666,106.56333333333333,858837.6666666667,interpolated
3171,2025-06-27 00:00:00+00:00,106.71333333333332,106.72,106.65333333333334,106.66666666666666,464719.3333333334,interpolated
3172,2025-06-27 02:00:00+00:00,106.77,106.77,106.77,106.77,70601.0,present
3173,2025-06-27 04:00:00+00:00,106.74,106.75,106.23,106.36,2034147.0,present
3174,2025-06-27 06:00:00+00:00,106.36,106.7,106.28,106.5,5079973.0,present
3175,2025-06-27 08:00:00+00:00,106.48,106.85,106.16,106.75,8703869.0,present
3176,2025-06-27 10:00:00+00:00,106.74,106.9,106.36,106.49,6182908.0,present
3177,2025-06-27 12:00:00+00:00,106.5,106.73,106.19,106.73,8266375.0,present
3178,2025-06-27 14:00:00+00:00,106.73,107.13,106.49,106.85,9979502.0,present
3179,2025-06-27 16:00:00+00:00,106.87,107.11,106.8,106.93,2618248.0,present
3180,2025-06-27 18:00:00+00:00,106.93,106.94,106.71,106.86,2192498.0,present
3181,2025-06-27 20:00:00+00:00,106.86,106.95,106.74,106.75,1375400.0,present
3182,2025-06-27 22:00:00+00:00,106.88,107.014,106.768,106.818,1425809.6,interpolated
3183,2025-06-28 00:00:00+00:00,106.89999999999999,107.078,106.79599999999999,106.886,1476219.2,interpolated
3184,2025-06-28 02:00:00+00:00,106.92,107.142,106.824,106.95400000000001,1526628.8,interpolated
3185,2025-06-28 04:00:00+00:00,106.94,107.206,106.85199999999999,107.022,1577038.4,interpolated
3186,2025-06-28 06:00:00+00:00,106.96,107.27,106.88,107.09,1627448.0,present
3187,2025-06-28 08:00:00+00:00,107.08,107.23,107.07,107.19,847836.0,present
3188,2025-06-28 10:00:00+00:00,107.19,107.23,107.15,107.17,606342.0,present
3189,2025-06-28 12:00:00+00:00,107.17,107.21,107.11,107.15,547594.0,present
3190,2025-06-28 14:00:00+00:00,107.15,107.21,107.04,107.13,576569.0,present
3191,2025-06-28 16:00:00+00:00,107.14875,107.24,107.05250000000001,107.1625,631808.25,interpolated
3192,2025-06-28 18:00:00+00:00,107.14750000000001,107.27,107.065,107.195,687047.5,interpolated
3193,2025-06-28 20:00:00+00:00,107.14625000000001,107.3,107.0775,107.22749999999999,742286.75,interpolated
3194,2025-06-28 22:00:00+00:00,107.14500000000001,107.33,107.09,107.25999999999999,797526.0,interpolated
3195,2025-06-29 00:00:00+00:00,107.14375,107.36,107.1025,107.2925,852765.25,interpolated
3196,2025-06-29 02:00:00+00:00,107.1425,107.39,107.11500000000001,107.325,908004.5,interpolated
3197,2025-06-29 04:00:00+00:00,107.14125,107.42,107.1275,107.3575,963243.75,interpolated
3198,2025-06-29 06:00:00+00:00,107.14,107.45,107.14,107.39,1018483.0,present
3199,2025-06-29 08:00:00+00:00,107.39,107.44,107.27,107.33,743501.0,present
3200,2025-06-29 10:00:00+00:00,107.35,107.4,107.26,107.34,879136.0,present
3201,2025-06-29 12:00:00+00:00,107.34,107.77,107.25,107.41,3748667.0,present
3202,2025-06-29 14:00:00+00:00,107.41,107.5,107.2,107.28,2230269.0,present
3203,2025-06-29 16:00:00+00:00,107.39166666666667,107.46666666666667,107.21666666666667,107.28333333333333,1861419.6666666665,interpolated
3204,2025-06-29 18:00:00+00:00,107.37333333333333,107.43333333333334,107.23333333333333,107.28666666666666,1492570.3333333333,interpolated
3205,2025-06-29 20:00:00+00:00,107.35499999999999,107.4,107.25,107.28999999999999,1123721.0,interpolated
3206,2025-06-29 22:00:00+00:00,107.33666666666666,107.36666666666666,107.26666666666667,107.29333333333334,754871.6666666665,interpolated
3207,2025-06-30 00:00:00+00:00,107.31833333333333,107.33333333333333,107.28333333333333,107.29666666666667,386022.33333333326,interpolated
3208,2025-06-30 02:00:00+00:00,107.3,107.3,107.3,107.3,17173.0,present
3209,2025-06-30 04:00:00+00:00,107.35,107.6,106.83,107.1,5708422.0,present
3210,2025-06-30 06:00:00+00:00,107.1,107.48,105.3,105.99,29967660.0,present
3211,2025-06-30 08:00:00+00:00,105.99,106.5,105.31,105.98,20418270.0,present
3212,2025-06-30 10:00:00+00:00,105.96,106.85,105.64,105.99,15858078.0,present
3213,2025-06-30 12:00:00+00:00,105.99,106.63,105.68,106.41,8120674.0,present
3214,2025-06-30 14:00:00+00:00,106.41,106.63,106.1,106.47,5298649.0,present
3215,2025-06-30 16:00:00+00:00,106.47,106.58,105.97,106.16,4182478.0,present
3216,2025-06-30 18:00:00+00:00,106.16,106.33,106.0,106.21,1859075.0,present
3217,2025-06-30 20:00:00+00:00,106.21,106.24,106.1,106.22,833393.0,present
3218,2025-06-30 22:00:00+00:00,106.21333333333332,106.23333333333333,106.14,106.22,563377.3333333333,interpolated
3219,2025-07-01 00:00:00+00:00,106.21666666666667,106.22666666666666,106.17999999999999,106.22,293361.6666666666,interpolated
3220,2025-07-01 02:00:00+00:00,106.22,106.22,106.22,106.22,23346.0,present
3221,2025-07-01 04:00:00+00:00,106.21,106.8,105.8,106.49,4064823.0,present
3222,2025-07-01 06:00:00+00:00,106.48,106.97,105.75,106.17,14541274.0,present
3223,2025-07-01 08:00:00+00:00,106.18,106.2,105.5,105.9,16135363.0,present
3224,2025-07-01 10:00:00+00:00,105.89,105.9,105.56,105.8,5209973.0,present
3225,2025-07-01 12:00:00+00:00,105.8,106.15,105.42,105.79,8160963.0,present
3226,2025-07-01 12:00:00+00:00,105.8,106.15,105.42,105.79,8160963.0,present
3227,2025-07-01 14:00:00+00:00,105.35,105.95,105.035,105.665,11833189.0,interpolated
3228,2025-07-01 16:00:00+00:00,104.9,105.75,104.65,105.54,15505415.0,present
3229,2025-07-01 18:00:00+00:00,105.54,105.6,104.49,104.75,10280514.0,present
3230,2025-07-01 20:00:00+00:00,104.74,104.9,104.46,104.69,3380499.0,present
3231,2025-07-01 22:00:00+00:00,104.82666666666667,104.93333333333334,104.64,104.79333333333334,2278073.6666666665,interpolated
3232,2025-07-02 00:00:00+00:00,104.91333333333333,104.96666666666667,104.82,104.89666666666666,1175648.333333333,interpolated
3233,2025-07-02 02:00:00+00:00,105.0,105.0,105.0,105.0,73223.0,present
3234,2025-07-02 04:00:00+00:00,105.0,105.16,103.61,103.88,14526424.0,present
3235,2025-07-02 06:00:00+00:00,103.89,104.12,102.55,102.55,26429789.0,present
3236,2025-07-02 08:00:00+00:00,102.55,102.87,101.31,102.3,47047367.0,present
3237,2025-07-02 10:00:00+00:00,102.3,103.16,102.04,102.95,19346047.0,present
3238,2025-07-02 12:00:00+00:00,102.97,103.26,102.71,102.91,10501892.0,present
3239,2025-07-02 14:00:00+00:00,102.92,103.1,102.31,102.6,8252679.0,present
3240,2025-07-02 16:00:00+00:00,103.1,103.68,102.56,102.58,19123238.0,present
3241,2025-07-02 18:00:00+00:00,102.58,102.68,101.8,102.49,11849030.0,present
3242,2025-07-02 20:00:00+00:00,102.45,102.6,102.2,102.57,1662101.0,present
3243,2025-07-02 22:00:00+00:00,102.50333333333333,102.60333333333332,102.33666666666667,102.58333333333333,1115484.6666666667,interpolated
3244,2025-07-03 00:00:00+00:00,102.55666666666667,102.60666666666667,102.47333333333333,102.59666666666666,568868.3333333335,interpolated
3245,2025-07-03 02:00:00+00:00,102.61,102.61,102.61,102.61,22252.0,present
3246,2025-07-03 04:00:00+00:00,102.61,103.13,102.6,102.9,3789313.0,present
3247,2025-07-03 06:00:00+00:00,102.89,102.89,102.12,102.43,7612313.0,present
3248,2025-07-03 08:00:00+00:00,102.43,102.56,101.9,102.03,12906493.0,present
3249,2025-07-03 10:00:00+00:00,102.02,102.19,101.38,101.83,16260739.0,present
3250,2025-07-03 12:00:00+00:00,101.84,102.14,101.33,102.0,13845664.0,present
3251,2025-07-03 14:00:00+00:00,102.0,102.11,101.5,101.63,5923253.0,present
3252,2025-07-03 16:00:00+00:00,101.63,101.7,99.61,100.09,29547280.0,present
3253,2025-07-03 18:00:00+00:00,100.09,100.69,99.86,100.15,11969597.0,present
3254,2025-07-03 20:00:00+00:00,100.16,100.38,99.63,99.94,5669716.0,present
3255,2025-07-03 22:00:00+00:00,100.06,100.20666666666666,99.70666666666666,99.91333333333333,3797181.0,interpolated
3256,2025-07-04 00:00:00+00:00,99.96,100.03333333333333,99.78333333333333,99.88666666666667,1924646.0,interpolated
3257,2025-07-04 02:00:00+00:00,99.86,99.86,99.86,99.86,52111.0,present
3258,2025-07-04 04:00:00+00:00,99.86,99.88,98.31,98.68,21038387.0,present
3259,2025-07-04 06:00:00+00:00,98.68,99.92,98.65,99.4,16931294.0,present
3260,2025-07-04 08:00:00+00:00,99.36,99.86,98.62,99.25,11579250.0,present
3261,2025-07-04 10:00:00+00:00,99.25,100.19,98.94,100.02,12205045.0,present
3262,2025-07-04 12:00:00+00:00,100.04,100.79,99.48,100.32,15314737.0,present
3263,2025-07-04 14:00:00+00:00,100.32,100.96,99.86,100.32,8797605.0,present
3264,2025-07-04 16:00:00+00:00,100.35,100.47,98.91,99.1,12990248.0,present
3265,2025-07-04 18:00:00+00:00,99.1,99.55,99.04,99.48,4044991.0,present
3266,2025-07-04 20:00:00+00:00,99.49,99.62,99.29,99.38,2500933.0,present
3267,2025-07-04 22:00:00+00:00,99.502,99.63000000000001,99.292,99.42,2175613.2,interpolated
3268,2025-07-05 00:00:00+00:00,99.514,99.64,99.294,99.46,1850293.4,interpolated
3269,2025-07-05 02:00:00+00:00,99.526,99.65,99.296,99.5,1524973.6,interpolated
3270,2025-07-05 04:00:00+00:00,99.538,99.66,99.298,99.53999999999999,1199653.8,interpolated
3271,2025-07-05 06:00:00+00:00,99.55,99.67,99.3,99.58,874334.0,present
3272,2025-07-05 08:00:00+00:00,99.58,99.59,99.31,99.52,770889.0,present
3273,2025-07-05 10:00:00+00:00,99.52,99.54,99.36,99.49,637002.0,present
3274,2025-07-05 12:00:00+00:00,99.49,99.53,99.35,99.44,477094.0,present
3275,2025-07-05 14:00:00+00:00,99.44,99.52,99.34,99.39,641476.0,present
3276,2025-07-05 16:00:00+00:00,99.43625,99.53,99.30875,99.3825,707637.75,interpolated
3277,2025-07-05 18:00:00+00:00,99.4325,99.53999999999999,99.2775,99.375,773799.5,interpolated
3278,2025-07-05 20:00:00+00:00,99.42875,99.55,99.24625,99.3675,839961.25,interpolated
3279,2025-07-05 22:00:00+00:00,99.425,99.56,99.215,99.36,906123.0,interpolated
3280,2025-07-06 00:00:00+00:00,99.42125,99.57,99.18375,99.35249999999999,972284.75,interpolated
3281,2025-07-06 02:00:00+00:00,99.41749999999999,99.58,99.1525,99.345,1038446.5,interpolated
3282,2025-07-06 04:00:00+00:00,99.41375,99.58999999999999,99.12125,99.3375,1104608.25,interpolated
3283,2025-07-06 06:00:00+00:00,99.41,99.6,99.09,99.33,1170770.0,present
3284,2025-07-06 08:00:00+00:00,99.33,99.35,99.23,99.32,613784.0,present
3285,2025-07-06 10:00:00+00:00,99.32,99.53,99.25,99.5,1128749.0,present
3286,2025-07-06 12:00:00+00:00,99.5,99.7,99.4,99.69,1087189.0,present
3287,2025-07-06 14:00:00+00:00,99.7,100.79,99.66,100.15,6343034.0,present
3288,2025-07-06 16:00:00+00:00,99.82833333333333,100.73666666666668,99.795,100.20333333333333,5293397.0,interpolated
3289,2025-07-06 18:00:00+00:00,99.95666666666666,100.68333333333334,99.92999999999999,100.25666666666667,4243760.0,interpolated
3290,2025-07-06 20:00:00+00:00,100.08500000000001,100.63,100.065,100.31,3194123.0,interpolated
3291,2025-07-06 22:00:00+00:00,100.21333333333334,100.57666666666667,100.2,100.36333333333333,2144486.0,interpolated
3292,2025-07-07 00:00:00+00:00,100.34166666666667,100.52333333333334,100.335,100.41666666666667,1094849.0,interpolated
3293,2025-07-07 02:00:00+00:00,100.47,100.47,100.47,100.47,45212.0,present
3294,2025-07-07 04:00:00+00:00,100.44,100.47,98.7,99.18,9196743.0,present
3295,2025-07-07 06:00:00+00:00,99.17,99.66,98.9,99.48,8841118.0,present
3296,2025-07-07 08:00:00+00:00,99.47,99.47,98.31,98.6,17330489.0,present
3297,2025-07-07 10:00:00+00:00,98.59,98.6,97.62,98.39,18577405.0,present
3298,2025-07-07 12:00:00+00:00,98.38,98.48,97.74,97.84,6298005.0,present
3299,2025-07-07 14:00:00+00:00,97.84,97.99,96.7,97.15,20046890.0,present
3300,2025-07-07 16:00:00+00:00,97.09,97.14,96.55,96.84,15526847.0,present
3301,2025-07-07 18:00:00+00:00,96.84,96.9,96.27,96.9,9643228.0,present
3302,2025-07-07 20:00:00+00:00,96.9,96.9,96.51,96.6,1877219.0,present
3303,2025-07-07 22:00:00+00:00,96.66666666666667,96.66666666666667,96.40666666666667,96.46666666666667,1283253.3333333335,interpolated
3304,2025-07-08 00:00:00+00:00,96.43333333333334,96.43333333333334,96.30333333333334,96.33333333333333,689287.6666666667,interpolated
3305,2025-07-08 02:00:00+00:00,96.2,96.2,96.2,96.2,95322.0,present
3306,2025-07-08 04:00:00+00:00,96.2,96.4,94.32,94.91,27650213.0,present
3307,2025-07-08 06:00:00+00:00,94.91,96.44,94.7,96.26,38529921.0,present
3308,2025-07-08 08:00:00+00:00,96.26,96.56,95.7,96.13,16215899.0,present
3309,2025-07-08 10:00:00+00:00,96.13,96.17,95.55,95.63,9706196.0,present
3310,2025-07-08 12:00:00+00:00,95.64,96.25,95.57,96.19,12266280.0,present
3311,2025-07-08 12:00:00+00:00,95.64,96.25,95.57,96.19,12266280.0,present
3312,2025-07-08 14:00:00+00:00,96.18,97.48,96.08,96.94,19015705.0,present
3313,2025-07-08 16:00:00+00:00,95.5,96.315,95.295,95.86500000000001,14139776.0,interpolated
3314,2025-07-08 18:00:00+00:00,94.82,95.15,94.51,94.79,9263847.0,present
3315,2025-07-08 20:00:00+00:00,94.79,94.79,94.03,94.38,8149851.0,present
3316,2025-07-08 22:00:00+00:00,94.69333333333334,94.69333333333334,94.18666666666667,94.42,5463612.0,interpolated
3317,2025-07-09 00:00:00+00:00,94.59666666666666,94.59666666666666,94.34333333333333,94.46,2777373.0,interpolated
3318,2025-07-09 02:00:00+00:00,94.5,94.5,94.5,94.5,91134.0,present
3319,2025-07-09 04:00:00+00:00,94.51,95.37,94.22,94.49,8551895.0,present
3320,2025-07-09 06:00:00+00:00,94.48,95.78,94.33,95.45,21470007.0,present
3321,2025-07-09 08:00:00+00:00,95.45,95.76,94.81,94.91,12175172.0,present
3322,2025-07-09 10:00:00+00:00,94.91,95.48,94.76,95.28,8572355.0,present
3323,2025-07-09 12:00:00+00:00,95.25,95.6,94.55,94.81,12532503.0,present
3324,2025-07-09 14:00:00+00:00,94.82,94.89,92.82,93.32,37756427.0,present
3325,2025-07-09 16:00:00+00:00,93.4,94.06,93.1,93.31,14604240.0,present
3326,2025-07-09 18:00:00+00:00,93.31,94.58,93.24,94.36,8768512.0,present
3327,2025-07-09 20:00:00+00:00,94.35,94.54,94.16,94.45,3249701.0,present
3328,2025-07-09 22:00:00+00:00,93.91666666666666,94.04333333333334,93.78999999999999,93.98333333333333,3269228.0,interpolated
3329,2025-07-10 00:00:00+00:00,93.48333333333333,93.54666666666667,93.42,93.51666666666667,3288755.0,interpolated
3330,2025-07-10 02:00:00+00:00,93.05,93.05,93.05,93.05,3308282.0,present
3331,2025-07-10 04:00:00+00:00,93.09,94.29,93.06,93.61,15142146.0,present
3332,2025-07-10 06:00:00+00:00,93.61,94.36,93.6,94.0,15709255.0,present
3333,2025-07-10 08:00:00+00:00,93.99,94.14,93.4,93.79,18378448.0,present
3334,2025-07-10 10:00:00+00:00,93.78,93.89,93.6,93.75,16501657.0,present
3335,2025-07-10 12:00:00+00:00,93.75,95.05,93.73,94.78,28386202.0,present
3336,2025-07-10 14:00:00+00:00,94.77,94.95,93.7,93.97,31665732.0,present
3337,2025-07-10 16:00:00+00:00,93.98,94.29,93.6,93.74,10682697.0,present
3338,2025-07-10 18:00:00+00:00,93.73,93.85,93.39,93.68,12963395.0,present
3339,2025-07-10 20:00:00+00:00,93.68,93.71,93.23,93.46,14854569.0,present
3340,2025-07-10 22:00:00+00:00,90.27833333333334,90.33,89.58166666666666,89.945,26639865.5,interpolated
3341,2025-07-11 00:00:00+00:00,86.87666666666667,86.95,85.93333333333334,86.42999999999999,38425162.0,interpolated
3342,2025-07-11 02:00:00+00:00,83.47500000000001,83.57,82.285,82.91499999999999,50210458.5,interpolated
3343,2025-07-11 04:00:00+00:00,80.07333333333334,80.19,78.63666666666667,79.4,61995755.0,interpolated
3344,2025-07-11 06:00:00+00:00,76.67166666666667,76.81,74.98833333333334,75.885,73781051.5,interpolated
3345,2025-07-11 08:00:00+00:00,73.27,73.43,71.34,72.37,85566348.0,present
3346,2025-07-11 10:00:00+00:00,72.37,73.17,72.35,72.98,33318145.0,present
3347,2025-07-11 12:00:00+00:00,72.412,73.255,72.375,73.051,30515694.8,interpolated
3348,2025-07-11 14:00:00+00:00,72.45400000000001,73.34,72.39999999999999,73.122,27713244.6,interpolated
3349,2025-07-11 16:00:00+00:00,72.49600000000001,73.425,72.425,73.193,24910794.4,interpolated
3350,2025-07-11 18:00:00+00:00,72.53800000000001,73.51,72.44999999999999,73.264,22108344.200000003,interpolated
3351,2025-07-11 20:00:00+00:00,72.58000000000001,73.595,72.475,73.33500000000001,19305894.0,interpolated
3352,2025-07-11 22:00:00+00:00,72.622,73.67999999999999,72.5,73.406,16503443.8,interpolated
3353,2025-07-12 00:00:00+00:00,72.664,73.765,72.52499999999999,73.477,13700993.600000001,interpolated
3354,2025-07-12 02:00:00+00:00,72.706,73.85,72.55,73.548,10898543.400000002,interpolated
3355,2025-07-12 04:00:00+00:00,72.748,73.935,72.57499999999999,73.619,8096093.200000003,interpolated
3356,2025-07-12 06:00:00+00:00,72.79,74.02,72.6,73.69,5293643.0,present
3357,2025-07-12 08:00:00+00:00,73.66,74.0,73.58,73.79,4243443.0,present
3358,2025-07-12 10:00:00+00:00,73.79,73.83,73.44,73.57,2273486.0,present
3359,2025-07-12 12:00:00+00:00,73.57,73.61,73.3,73.43,1853247.0,present
3360,2025-07-12 14:00:00+00:00,73.43,73.55,73.15,73.29,2294985.0,present
3361,2025-07-12 16:00:00+00:00,73.44500000000001,73.55499999999999,73.15625,73.28875000000001,2177772.125,interpolated
3362,2025-07-12 18:00:00+00:00,73.46000000000001,73.56,73.16250000000001,73.28750000000001,2060559.25,interpolated
3363,2025-07-12 20:00:00+00:00,73.47500000000001,73.565,73.16875,73.28625000000001,1943346.375,interpolated
3364,2025-07-12 22:00:00+00:00,73.49,73.57,73.17500000000001,73.285,1826133.5,interpolated
3365,2025-07-13 00:00:00+00:00,73.505,73.575,73.18125,73.28375,1708920.625,interpolated
3366,2025-07-13 02:00:00+00:00,73.52,73.58,73.1875,73.2825,1591707.75,interpolated
3367,2025-07-13 04:00:00+00:00,73.535,73.58500000000001,73.19375000000001,73.28125,1474494.875,interpolated
3368,2025-07-13 06:00:00+00:00,73.55,73.59,73.2,73.28,1357282.0,present
3369,2025-07-13 08:00:00+00:00,73.28,73.35,72.41,72.59,5417687.0,present
3370,2025-07-13 10:00:00+00:00,72.59,72.75,72.22,72.52,2115889.0,present
3371,2025-07-13 12:00:00+00:00,72.52,72.65,72.33,72.5,1093427.0,present
3372,2025-07-13 14:00:00+00:00,72.5,72.84,72.47,72.8,1683724.0,present
3373,2025-07-13 16:00:00+00:00,72.53,72.81333333333333,72.505,72.78,1420005.6666666667,interpolated
3374,2025-07-13 18:00:00+00:00,72.56,72.78666666666668,72.54,72.76,1156287.3333333335,interpolated
3375,2025-07-13 20:00:00+00:00,72.59,72.76,72.575,72.74000000000001,892569.0,interpolated
3376,2025-07-13 22:00:00+00:00,72.62,72.73333333333333,72.61,72.72,628850.6666666667,interpolated
3377,2025-07-14 00:00:00+00:00,72.65,72.70666666666668,72.64500000000001,72.7,365132.33333333326,interpolated
3378,2025-07-14 02:00:00+00:00,72.68,72.68,72.68,72.68,101414.0,present
3379,2025-07-14 04:00:00+00:00,72.67,72.77,71.79,72.4,9641368.0,present
3380,2025-07-14 06:00:00+00:00,72.4,73.11,72.03,72.31,21824633.0,present
3381,2025-07-14 08:00:00+00:00,72.33,72.35,71.27,72.14,30480446.0,present
3382,2025-07-14 10:00:00+00:00,72.15,72.49,71.84,72.42,13430888.0,present
3383,2025-07-14 12:00:00+00:00,72.42,72.9,72.36,72.6,10610502.0,present
3384,2025-07-14 14:00:00+00:00,73.41,74.1,73.185,73.63499999999999,17712893.5,interpolated
3385,2025-07-14 16:00:00+00:00,74.4,75.3,74.01,74.67,24815285.0,present
3386,2025-07-14 18:00:00+00:00,74.66,75.2,74.51,75.12,7050308.0,present
3387,2025-07-14 20:00:00+00:00,75.12,75.16,74.8,74.91,2336483.0,present
3388,2025-07-14 22:00:00+00:00,75.10333333333334,75.13,74.89,74.96333333333332,1560581.0,interpolated
3389,2025-07-15 00:00:00+00:00,75.08666666666666,75.1,74.97999999999999,75.01666666666667,784679.0,interpolated
3390,2025-07-15 02:00:00+00:00,75.07,75.07,75.07,75.07,8777.0,present
3391,2025-07-15 04:00:00+00:00,75.735,75.895,75.475,75.56,11341929.0,interpolated
3392,2025-07-15 06:00:00+00:00,76.4,76.72,75.88,76.05,22675081.0,present
3393,2025-07-15 08:00:00+00:00,76.06,76.58,75.91,76.45,15162280.0,present
3394,2025-07-15 10:00:00+00:00,76.45,76.84,76.2,76.5,17029271.0,present
3395,2025-07-15 12:00:00+00:00,76.5,77.73,76.25,77.43,26860636.0,present
3396,2025-07-15 12:00:00+00:00,76.5,77.73,76.25,77.43,26860636.0,present
3397,2025-07-15 14:00:00+00:00,77.42,78.85,77.42,78.25,33624947.0,present
3398,2025-07-15 16:00:00+00:00,78.26,78.81,78.15,78.68,11661975.0,present
3399,2025-07-15 18:00:00+00:00,78.67,78.78,78.46,78.58,4984712.0,present
3400,2025-07-15 20:00:00+00:00,78.58,78.92,78.55,78.85,3371750.0,present
3401,2025-07-15 22:00:00+00:00,78.72,78.94666666666667,78.7,78.89999999999999,2328356.3333333335,interpolated
3402,2025-07-16 00:00:00+00:00,78.86,78.97333333333333,78.85,78.95,1284962.6666666667,interpolated
3403,2025-07-16 02:00:00+00:00,79.0,79.0,79.0,79.0,241569.0,present
3404,2025-07-16 04:00:00+00:00,79.715,79.715,78.86500000000001,79.175,19312134.0,interpolated
3405,2025-07-16 06:00:00+00:00,80.43,80.43,78.73,79.35,38382699.0,present
3406,2025-07-16 08:00:00+00:00,79.35,80.16,79.23,79.95,20700918.0,present
3407,2025-07-16 10:00:00+00:00,79.95,80.09,79.41,79.54,14511757.0,present
3408,2025-07-16 12:00:00+00:00,79.54,79.67,79.08,79.6,11859707.0,present
3409,2025-07-16 14:00:00+00:00,79.6,79.74,79.42,79.5,7012797.0,present
3410,2025-07-16 16:00:00+00:00,79.67,80.29,79.61,79.93,12035502.0,present
3411,2025-07-16 18:00:00+00:00,79.94,79.96,79.52,79.65,3760392.0,present
3412,2025-07-16 20:00:00+00:00,79.64,79.68,79.34,79.38,2118456.0,present
3413,2025-07-16 22:00:00+00:00,79.62666666666667,79.65333333333334,79.42666666666666,79.45333333333333,1424208.0,interpolated
3414,2025-07-17 00:00:00+00:00,79.61333333333333,79.62666666666667,79.51333333333334,79.52666666666666,729960.0,interpolated
3415,2025-07-17 02:00:00+00:00,79.6,79.6,79.6,79.6,35712.0,present
3416,2025-07-17 04:00:00+00:00,79.62,80.3,79.5,79.78,7720937.0,present
3417,2025-07-17 06:00:00+00:00,79.8,80.24,79.75,80.1,11761457.0,present
3418,2025-07-17 08:00:00+00:00,80.11,80.15,79.82,79.93,6945190.0,present
3419,2025-07-17 10:00:00+00:00,79.92,79.95,78.22,78.78,28290809.0,present
3420,2025-07-17 12:00:00+00:00,78.78,78.87,78.26,78.63,11005119.0,present
3421,2025-07-17 14:00:00+00:00,78.63,78.9,77.85,78.33,11669580.0,present
3422,2025-07-17 16:00:00+00:00,78.34,78.35,77.18,78.13,15390925.0,present
3423,2025-07-17 18:00:00+00:00,78.12,78.24,77.67,77.98,5943612.0,present
3424,2025-07-17 20:00:00+00:00,77.97,78.11,77.83,78.02,1742747.0,present
3425,2025-07-17 22:00:00+00:00,77.98666666666666,78.08,77.89333333333333,78.02,1187357.3333333333,interpolated
3426,2025-07-18 00:00:00+00:00,78.00333333333333,78.05,77.95666666666666,78.02,631967.6666666665,interpolated
3427,2025-07-18 02:00:00+00:00,78.02,78.02,78.02,78.02,76578.0,present
3428,2025-07-18 04:00:00+00:00,78.02,78.96,78.0,78.47,6642955.0,present
3429,2025-07-18 06:00:00+00:00,78.46,79.31,78.03,79.0,14005239.0,present
3430,2025-07-18 08:00:00+00:00,79.0,79.78,78.95,79.33,14876738.0,present
3431,2025-07-18 10:00:00+00:00,79.33,79.7,79.12,79.32,6822760.0,present
3432,2025-07-18 12:00:00+00:00,79.32,80.08,79.1,79.95,10080176.0,present
3433,2025-07-18 14:00:00+00:00,79.94,80.19,79.79,80.0,8313041.0,present
3434,2025-07-18 16:00:00+00:00,80.04,80.6,79.95,80.46,10385953.0,present
3435,2025-07-18 18:00:00+00:00,80.45,80.73,80.2,80.73,3795419.0,present
3436,2025-07-18 20:00:00+00:00,80.72,81.25,80.55,81.0,5457334.0,present
3437,2025-07-18 22:00:00+00:00,81.035,81.52166666666666,80.82,81.23333333333333,5961910.5,interpolated
3438,2025-07-19 00:00:00+00:00,81.35,81.79333333333334,81.09,81.46666666666667,6466487.0,interpolated
3439,2025-07-19 02:00:00+00:00,81.66499999999999,82.065,81.36,81.7,6971063.5,interpolated
3440,2025-07-19 04:00:00+00:00,81.98,82.33666666666666,81.63,81.93333333333334,7475640.0,interpolated
3441,2025-07-19 06:00:00+00:00,82.295,82.60833333333333,81.9,82.16666666666667,7980216.5,interpolated
3442,2025-07-19 08:00:00+00:00,82.61,82.88,82.17,82.4,8484793.0,present
3443,2025-07-19 10:00:00+00:00,82.4,82.59,82.25,82.47,2751444.0,present
3444,2025-07-19 12:00:00+00:00,82.45,82.59,82.35,82.53,1485392.0,present
3445,2025-07-19 14:00:00+00:00,82.55,82.8,82.48,82.76,3292202.0,present
3446,2025-07-19 16:00:00+00:00,82.64999999999999,82.88125,82.52375,82.775,3584950.5,interpolated
3447,2025-07-19 18:00:00+00:00,82.75,82.9625,82.5675,82.79,3877699.0,interpolated
3448,2025-07-19 20:00:00+00:00,82.85,83.04375,82.61125,82.805,4170447.5,interpolated
3449,2025-07-19 22:00:00+00:00,82.94999999999999,83.125,82.655,82.82,4463196.0,interpolated
3450,2025-07-20 00:00:00+00:00,83.05,83.20625,82.69875,82.835,4755944.5,interpolated
3451,2025-07-20 02:00:00+00:00,83.14999999999999,83.2875,82.7425,82.85,5048693.0,interpolated
3452,2025-07-20 04:00:00+00:00,83.25,83.36875,82.78625,82.865,5341441.5,interpolated
3453,2025-07-20 06:00:00+00:00,83.35,83.45,82.83,82.88,5634190.0,present
3454,2025-07-20 08:00:00+00:00,82.86,83.08,82.32,82.73,5524845.0,present
3455,2025-07-20 10:00:00+00:00,82.73,82.88,82.51,82.83,1909846.0,present
3456,2025-07-20 12:00:00+00:00,82.82,83.0,82.64,82.97,2709983.0,present
3457,2025-07-20 14:00:00+00:00,82.97,83.04,82.66,82.9,2947804.0,present
3458,2025-07-20 16:00:00+00:00,82.95833333333333,83.01666666666668,82.7,82.9,2475212.0,interpolated
3459,2025-07-20 18:00:00+00:00,82.94666666666667,82.99333333333334,82.74,82.9,2002620.0,interpolated
3460,2025-07-20 20:00:00+00:00,82.935,82.97,82.78,82.9,1530028.0,interpolated
3461,2025-07-20 22:00:00+00:00,82.92333333333333,82.94666666666667,82.82000000000001,82.9,1057436.0,interpolated
3462,2025-07-21 00:00:00+00:00,82.91166666666668,82.92333333333335,82.86,82.9,584844.0,interpolated
3463,2025-07-21 02:00:00+00:00,82.9,82.9,82.9,82.9,112252.0,present
3464,2025-07-21 04:00:00+00:00,82.9,83.48,82.51,83.3,10505900.0,present
3465,2025-07-21 06:00:00+00:00,82.255,82.9,82.005,82.80999999999999,11618392.0,interpolated
3466,2025-07-21 08:00:00+00:00,81.61,82.32,81.5,82.32,12730884.0,present
3467,2025-07-21 10:00:00+00:00,82.32,82.52,81.71,82.11,9172511.0,present
3468,2025-07-21 12:00:00+00:00,82.12,82.15,81.75,81.92,5028560.0,present
3469,2025-07-21 14:00:00+00:00,81.91,82.31,81.8,82.11,5785518.0,present
3470,2025-07-21 16:00:00+00:00,82.11,82.17,81.73,81.99,3533192.0,present
3471,2025-07-21 18:00:00+00:00,82.0,82.14,81.92,81.95,1279561.0,present
3472,2025-07-21 20:00:00+00:00,81.95,82.06,81.93,82.05,698136.0,present
3473,2025-07-21 22:00:00+00:00,82.04666666666667,82.12,82.03333333333333,82.11333333333333,472078.0,interpolated
3474,2025-07-22 00:00:00+00:00,82.14333333333333,82.17999999999999,82.13666666666667,82.17666666666666,246020.0,interpolated
3475,2025-07-22 02:00:00+00:00,82.24,82.24,82.24,82.24,19962.0,present
3476,2025-07-22 04:00:00+00:00,82.1,82.32,81.53,81.67,3775154.0,present
3477,2025-07-22 06:00:00+00:00,81.67,82.09,81.56,81.65,5469570.0,present
3478,2025-07-22 08:00:00+00:00,81.65,81.79,81.22,81.76,8770304.0,present
3479,2025-07-22 10:00:00+00:00,81.77,82.28,81.72,81.93,8928776.0,present
3480,2025-07-22 12:00:00+00:00,81.91,82.72,81.91,82.57,7532552.0,present
3481,2025-07-22 12:00:00+00:00,81.91,82.72,81.91,82.57,7532552.0,present
3482,2025-07-22 14:00:00+00:00,82.57,82.67,82.0,82.36,5638364.0,present
3483,2025-07-22 16:00:00+00:00,82.49,82.64,82.26,82.52,2900289.0,present
3484,2025-07-22 18:00:00+00:00,82.52,82.52,82.38,82.43,868665.0,present
3485,2025-07-22 20:00:00+00:00,82.43,82.57,82.43,82.51,774295.0,present
3486,2025-07-22 22:00:00+00:00,82.45666666666668,82.55,82.45666666666668,82.51,524189.0,interpolated
3487,2025-07-23 00:00:00+00:00,82.48333333333333,82.53,82.48333333333333,82.51,274083.0,interpolated
3488,2025-07-23 02:00:00+00:00,82.51,82.51,82.51,82.51,23977.0,present
3489,2025-07-23 04:00:00+00:00,82.51,82.97,82.26,82.26,4652204.0,present
3490,2025-07-23 06:00:00+00:00,82.29,82.9,82.27,82.84,7093059.0,present
3491,2025-07-23 08:00:00+00:00,82.84,82.97,82.7,82.84,9613642.0,present
3492,2025-07-23 10:00:00+00:00,82.84,82.94,82.71,82.86,5910106.0,present
3493,2025-07-23 12:00:00+00:00,82.86,82.88,82.21,82.34,8620795.0,present
3494,2025-07-23 14:00:00+00:00,82.34,82.84,82.12,82.77,6617806.0,present
3495,2025-07-23 16:00:00+00:00,82.9,83.0,82.53,82.75,9776659.0,present
3496,2025-07-23 18:00:00+00:00,82.76,82.85,82.35,82.63,4512836.0,present
3497,2025-07-23 20:00:00+00:00,82.64,82.65,82.53,82.6,1013571.0,present
3498,2025-07-23 22:00:00+00:00,82.67,82.67666666666668,82.59666666666666,82.64333333333333,680504.6666666667,interpolated
3499,2025-07-24 00:00:00+00:00,82.7,82.70333333333333,82.66333333333334,82.68666666666667,347438.3333333334,interpolated
3500,2025-07-24 02:00:00+00:00,82.73,82.73,82.73,82.73,14372.0,present
3501,2025-07-24 04:00:00+00:00,82.74,82.84,82.53,82.67,2098852.0,present
3502,2025-07-24 06:00:00+00:00,82.67,83.15,82.21,82.34,13247751.0,present
3503,2025-07-24 08:00:00+00:00,82.34,82.55,81.77,82.41,16397323.0,present
3504,2025-07-24 10:00:00+00:00,82.41,82.6,82.31,82.48,5741097.0,present
3505,2025-07-24 12:00:00+00:00,82.48,82.58,82.03,82.16,5674361.0,present
3506,2025-07-24 14:00:00+00:00,82.16,82.31,82.05,82.15,2576545.0,present
3507,2025-07-24 16:00:00+00:00,82.08,82.39,82.05,82.12,2862703.0,present
3508,2025-07-24 18:00:00+00:00,82.13,82.36,82.12,82.16,1933405.0,present
3509,2025-07-24 20:00:00+00:00,82.18,82.35,82.15,82.28,792304.0,present
3510,2025-07-24 22:00:00+00:00,82.25333333333334,82.36666666666666,82.23333333333333,82.32000000000001,531830.3333333334,interpolated
3511,2025-07-25 00:00:00+00:00,82.32666666666667,82.38333333333334,82.31666666666668,82.36,271356.6666666667,interpolated
3512,2025-07-25 02:00:00+00:00,82.4,82.4,82.4,82.4,10883.0,present
3513,2025-07-25 04:00:00+00:00,82.41,82.59,82.26,82.38,2261294.0,present
3514,2025-07-25 06:00:00+00:00,82.37,82.5,82.11,82.41,4806602.0,present
3515,2025-07-25 08:00:00+00:00,82.41,82.66,82.3,82.5,8447940.0,present
3516,2025-07-25 10:00:00+00:00,83.13499999999999,83.545,82.715,82.915,17916014.0,interpolated
3517,2025-07-25 12:00:00+00:00,83.86,84.43,83.13,83.33,27384088.0,present
3518,2025-07-25 14:00:00+00:00,83.33,83.41,82.62,83.01,14846391.0,present
3519,2025-07-25 16:00:00+00:00,83.0,83.65,82.95,83.42,9629971.0,present
3520,2025-07-25 18:00:00+00:00,83.4,83.65,83.28,83.57,4323299.0,present
3521,2025-07-25 20:00:00+00:00,83.56,83.65,83.47,83.6,2010828.0,present
3522,2025-07-25 22:00:00+00:00,83.58800000000001,83.71000000000001,83.492,83.624,2077155.2,interpolated
3523,2025-07-26 00:00:00+00:00,83.616,83.77000000000001,83.514,83.648,2143482.4,interpolated
3524,2025-07-26 02:00:00+00:00,83.644,83.83,83.536,83.672,2209809.6,interpolated
3525,2025-07-26 04:00:00+00:00,83.672,83.89,83.55799999999999,83.696,2276136.8,interpolated
3526,2025-07-26 06:00:00+00:00,83.7,83.95,83.58,83.72,2342464.0,present
3527,2025-07-26 08:00:00+00:00,83.72,83.81,83.56,83.6,925287.0,present
3528,2025-07-26 10:00:00+00:00,83.6,83.61,83.28,83.41,1400415.0,present
3529,2025-07-26 12:00:00+00:00,83.41,83.57,83.35,83.54,674225.0,present
3530,2025-07-26 14:00:00+00:00,83.54,83.54,83.34,83.46,869238.0,present
3531,2025-07-26 16:00:00+00:00,83.53500000000001,83.55125000000001,83.32625,83.44125,952228.125,interpolated
3532,2025-07-26 18:00:00+00:00,83.53,83.5625,83.3125,83.4225,1035218.25,interpolated
3533,2025-07-26 20:00:00+00:00,83.525,83.57375,83.29875,83.40375,1118208.375,interpolated
3534,2025-07-26 22:00:00+00:00,83.52000000000001,83.58500000000001,83.285,83.38499999999999,1201198.5,interpolated
3535,2025-07-27 00:00:00+00:00,83.515,83.59625,83.27125000000001,83.36625,1284188.625,interpolated
3536,2025-07-27 02:00:00+00:00,83.51,83.6075,83.25750000000001,83.3475,1367178.75,interpolated
3537,2025-07-27 04:00:00+00:00,83.505,83.61874999999999,83.24375,83.32875,1450168.875,interpolated
3538,2025-07-27 06:00:00+00:00,83.5,83.63,83.23,83.31,1533159.0,present
3539,2025-07-27 08:00:00+00:00,83.3,83.37,82.97,83.33,1569530.0,present
3540,2025-07-27 10:00:00+00:00,83.33,83.41,83.25,83.38,577216.0,present
3541,2025-07-27 12:00:00+00:00,83.39,83.42,83.13,83.3,700106.0,present
3542,2025-07-27 14:00:00+00:00,83.3,83.33,83.2,83.3,865830.0,present
3543,2025-07-27 16:00:00+00:00,83.31833333333333,83.34333333333333,83.235,83.31833333333333,727423.3333333334,interpolated
3544,2025-07-27 18:00:00+00:00,83.33666666666666,83.35666666666667,83.27,83.33666666666666,589016.6666666667,interpolated
3545,2025-07-27 20:00:00+00:00,83.355,83.37,83.305,83.355,450610.0,interpolated
3546,2025-07-27 22:00:00+00:00,83.37333333333333,83.38333333333333,83.34,83.37333333333333,312203.3333333334,interpolated
3547,2025-07-28 00:00:00+00:00,83.39166666666667,83.39666666666666,83.375,83.39166666666667,173796.66666666674,interpolated
3548,2025-07-28 02:00:00+00:00,83.41,83.41,83.41,83.41,35390.0,present
3549,2025-07-28 04:00:00+00:00,83.4,83.59,82.8,83.59,4541547.0,present
3550,2025-07-28 06:00:00+00:00,82.74000000000001,83.14,82.345,82.94,10171059.5,interpolated
3551,2025-07-28 08:00:00+00:00,82.08,82.69,81.89,82.29,15800572.0,present
3552,2025-07-28 10:00:00+00:00,81.175,81.625,80.33,80.885,38659570.0,interpolated
3553,2025-07-28 12:00:00+00:00,80.27,80.56,78.77,79.48,61518568.0,present
3554,2025-07-28 14:00:00+00:00,79.48,79.78,78.81,79.45,24326087.0,present
3555,2025-07-28 16:00:00+00:00,79.48,79.99,79.48,79.78,11274264.0,present
3556,2025-07-28 18:00:00+00:00,79.78,79.88,79.16,79.39,6859770.0,present
3557,2025-07-28 20:00:00+00:00,79.39,79.8,79.33,79.59,3313729.0,present
3558,2025-07-28 22:00:00+00:00,79.46,79.73333333333333,79.42,79.59333333333333,2216954.0,interpolated
3559,2025-07-29 00:00:00+00:00,79.53,79.66666666666666,79.50999999999999,79.59666666666666,1120179.0,interpolated
3560,2025-07-29 02:00:00+00:00,79.6,79.6,79.6,79.6,23404.0,present
3561,2025-07-29 04:00:00+00:00,79.7,79.94,78.83,79.35,7767082.0,present
3562,2025-07-29 06:00:00+00:00,78.78999999999999,79.69500000000001,78.255,79.24,16291557.0,interpolated
3563,2025-07-29 08:00:00+00:00,77.88,79.45,77.68,79.13,24816032.0,present
3564,2025-07-29 10:00:00+00:00,79.14,79.8,78.91,79.57,13607043.0,present
3565,2025-07-29 12:00:00+00:00,79.58,80.23,79.12,79.5,19516728.0,present
3566,2025-07-29 12:00:00+00:00,79.58,80.23,79.12,79.5,19516728.0,present
3567,2025-07-29 14:00:00+00:00,79.5,79.86,79.33,79.4,7086493.0,present
3568,2025-07-29 16:00:00+00:00,79.35,79.57,78.34,78.41,13780259.0,present
3569,2025-07-29 18:00:00+00:00,78.38,79.0,78.23,78.77,14069524.0,present
3570,2025-07-29 20:00:00+00:00,78.77,79.08,78.6,78.72,2467250.0,present
3571,2025-07-29 22:00:00+00:00,78.75,78.95666666666666,78.63666666666666,78.71666666666667,1648610.6666666667,interpolated
3572,2025-07-30 00:00:00+00:00,78.72999999999999,78.83333333333333,78.67333333333333,78.71333333333332,829971.3333333335,interpolated
3573,2025-07-30 02:00:00+00:00,78.71,78.71,78.71,78.71,11332.0,present
3574,2025-07-30 04:00:00+00:00,78.7,79.09,78.07,78.75,6304900.0,present
3575,2025-07-30 06:00:00+00:00,78.77,79.49,78.42,79.04,14524835.0,present
3576,2025-07-30 08:00:00+00:00,79.04,79.15,78.5,78.74,6526674.0,present
3577,2025-07-30 10:00:00+00:00,78.74,78.82,78.31,78.55,4102784.0,present
3578,2025-07-30 12:00:00+00:00,78.56,78.65,77.77,78.25,11383706.0,present
3579,2025-07-30 14:00:00+00:00,78.24,78.64,78.2,78.44,4315529.0,present
3580,2025-07-30 16:00:00+00:00,78.46,78.51,78.13,78.3,2658704.0,present
3581,2025-07-30 18:00:00+00:00,78.29,78.36,78.08,78.26,2019223.0,present
3582,2025-07-30 20:00:00+00:00,78.26,78.3,78.17,78.19,941638.0,present
3583,2025-07-30 22:00:00+00:00,78.16,78.18666666666667,78.1,78.11333333333333,662191.0,interpolated
3584,2025-07-31 00:00:00+00:00,78.06,78.07333333333332,78.03,78.03666666666666,382744.0,interpolated
3585,2025-07-31 02:00:00+00:00,77.96,77.96,77.96,77.96,103297.0,present
3586,2025-07-31 04:00:00+00:00,77.97,78.76,77.7,78.75,3983785.0,present
3587,2025-07-31 06:00:00+00:00,77.86,78.50666666666667,77.33,78.10333333333334,11837884.666666668,interpolated
3588,2025-07-31 08:00:00+00:00,77.75,78.25333333333333,76.96000000000001,77.45666666666666,19691984.333333336,interpolated
3589,2025-07-31 10:00:00+00:00,77.64,78.0,76.59,76.81,27546084.0,present
3590,2025-07-31 12:00:00+00:00,76.81,78.08,76.63,77.99,24226473.0,present
3591,2025-07-31 14:00:00+00:00,78.0,78.0,77.48,77.8,10522389.0,present
3592,2025-07-31 16:00:00+00:00,77.8,77.98,77.67,77.73,6799180.0,present
3593,2025-07-31 18:00:00+00:00,77.71,77.88,77.63,77.87,3995819.0,present
3594,2025-07-31 20:00:00+00:00,77.87,77.89,77.71,77.77,1160929.0,present
3595,2025-07-31 22:00:00+00:00,77.91333333333334,77.92666666666666,77.80666666666666,77.84666666666666,796234.6666666667,interpolated
3596,2025-08-01 00:00:00+00:00,77.95666666666666,77.96333333333334,77.90333333333334,77.92333333333333,431540.3333333334,interpolated
3597,2025-08-01 02:00:00+00:00,78.0,78.0,78.0,78.0,66846.0,present
3598,2025-08-01 04:00:00+00:00,78.01,78.5,77.81,78.28,9564239.0,present
3599,2025-08-01 06:00:00+00:00,78.27,78.5,77.9,78.15,9237044.0,present
3600,2025-08-01 08:00:00+00:00,78.16,78.26,77.41,77.65,9857896.0,present
3601,2025-08-01 10:00:00+00:00,77.66,77.7,76.41,76.55,26719249.0,present
3602,2025-08-01 12:00:00+00:00,76.55,77.13,76.49,76.92,9092379.0,present
3603,2025-08-01 14:00:00+00:00,76.91,77.12,76.7,76.88,5555851.0,present
3604,2025-08-01 16:00:00+00:00,76.88,76.96,76.26,76.68,7894395.0,present
3605,2025-08-01 18:00:00+00:00,76.68,76.77,76.53,76.68,2179743.0,present
3606,2025-08-01 20:00:00+00:00,76.68,76.73,76.6,76.68,1777959.0,present
3607,2025-08-01 22:00:00+00:00,76.68,76.72814814814815,76.60296296296296,76.68,1714106.6666666667,interpolated
3608,2025-08-02 00:00:00+00:00,76.68,76.7262962962963,76.60592592592592,76.68,1650254.3333333333,interpolated
3609,2025-08-02 02:00:00+00:00,76.68,76.72444444444444,76.60888888888888,76.68,1586402.0,interpolated
3610,2025-08-02 04:00:00+00:00,76.68,76.72259259259259,76.61185185185185,76.68,1522549.6666666667,interpolated
3611,2025-08-02 06:00:00+00:00,76.68,76.72074074074075,76.6148148148148,76.68,1458697.3333333333,interpolated
3612,2025-08-02 08:00:00+00:00,76.68,76.7188888888889,76.61777777777777,76.68,1394845.0,interpolated
3613,2025-08-02 10:00:00+00:00,76.68,76.71703703703704,76.62074074074074,76.68,1330992.6666666665,interpolated
3614,2025-08-02 12:00:00+00:00,76.68,76.71518518518519,76.6237037037037,76.68,1267140.3333333333,interpolated
3615,2025-08-02 14:00:00+00:00,76.68,76.71333333333334,76.62666666666667,76.68,1203288.0,interpolated
3616,2025-08-02 16:00:00+00:00,76.68,76.71148148148148,76.62962962962963,76.68,1139435.6666666665,interpolated
3617,2025-08-02 18:00:00+00:00,76.68,76.70962962962963,76.63259259259259,76.68,1075583.3333333333,interpolated
3618,2025-08-02 20:00:00+00:00,76.68,76.70777777777778,76.63555555555556,76.68,1011731.0,interpolated
3619,2025-08-02 22:00:00+00:00,76.68,76.70592592592592,76.63851851851852,76.68,947878.6666666666,interpolated
3620,2025-08-03 00:00:00+00:00,76.68,76.70407407407409,76.64148148148148,76.68,884026.3333333333,interpolated
3621,2025-08-03 02:00:00+00:00,76.68,76.70222222222223,76.64444444444445,76.68,820174.0,interpolated
3622,2025-08-03 04:00:00+00:00,76.68,76.70037037037038,76.64740740740741,76.68,756321.6666666666,interpolated
3623,2025-08-03 06:00:00+00:00,76.68,76.69851851851853,76.65037037037037,76.68,692469.3333333333,interpolated
3624,2025-08-03 08:00:00+00:00,76.68,76.69666666666667,76.65333333333334,76.68,628617.0,interpolated
3625,2025-08-03 10:00:00+00:00,76.68,76.69481481481482,76.6562962962963,76.68,564764.6666666665,interpolated
3626,2025-08-03 12:00:00+00:00,76.68,76.69296296296297,76.65925925925926,76.68,500912.33333333326,interpolated
3627,2025-08-03 14:00:00+00:00,76.68,76.69111111111111,76.66222222222223,76.68,437060.0,interpolated
3628,2025-08-03 16:00:00+00:00,76.68,76.68925925925926,76.6651851851852,76.68,373207.6666666665,interpolated
3629,2025-08-03 18:00:00+00:00,76.68,76.68740740740742,76.66814814814815,76.68,309355.33333333326,interpolated
3630,2025-08-03 20:00:00+00:00,76.68,76.68555555555557,76.67111111111112,76.68,245503.0,interpolated
3631,2025-08-03 22:00:00+00:00,76.68,76.68370370370371,76.67407407407408,76.68,181650.6666666665,interpolated
3632,2025-08-04 00:00:00+00:00,76.68,76.68185185185186,76.67703703703704,76.68,117798.33333333326,interpolated
3633,2025-08-04 02:00:00+00:00,76.68,76.68,76.68,76.68,53946.0,present
3634,2025-08-04 04:00:00+00:00,76.68,76.94,76.25,76.49,5134135.0,present
3635,2025-08-04 06:00:00+00:00,76.49,76.5,75.86,76.13,10265575.0,present
3636,2025-08-04 08:00:00+00:00,76.12,76.59,75.95,76.57,9632457.0,present
3637,2025-08-04 10:00:00+00:00,76.57,76.78,76.27,76.3,9117032.0,present
3638,2025-08-04 12:00:00+00:00,76.29,76.68,76.25,76.51,5404087.0,present
3639,2025-08-04 14:00:00+00:00,76.51,76.93,76.27,76.7,7296507.0,present
3640,2025-08-04 16:00:00+00:00,76.7,76.83,76.45,76.68,3500097.0,present
3641,2025-08-04 18:00:00+00:00,76.68,76.74,76.48,76.64,3184549.0,present
3642,2025-08-04 20:00:00+00:00,76.65,76.66,76.55,76.62,843961.0,present
3643,2025-08-04 22:00:00+00:00,76.73666666666666,76.74333333333333,76.67,76.71666666666667,582789.6666666666,interpolated
3644,2025-08-05 00:00:00+00:00,76.82333333333334,76.82666666666667,76.78999999999999,76.81333333333333,321618.3333333333,interpolated
3645,2025-08-05 02:00:00+00:00,76.91,76.91,76.91,76.91,60447.0,present
3646,2025-08-05 04:00:00+00:00,76.9,76.9,76.29,76.54,3590008.0,present
3647,2025-08-05 06:00:00+00:00,76.57,76.79,76.49,76.57,4123731.0,present
3648,2025-08-05 08:00:00+00:00,76.57,76.58,75.96,76.02,8084616.0,present
3649,2025-08-05 10:00:00+00:00,76.02,76.35,76.0,76.2,4984664.0,present
3650,2025-08-05 12:00:00+00:00,76.2,78.98,76.0,78.64,74961976.0,present
3651,2025-08-05 14:00:00+00:00,78.62,78.86,77.7,78.0,22880872.0,present
3652,2025-08-05 16:00:00+00:00,78.05,78.44,77.9,78.21,7291510.0,present
3653,2025-08-05 18:00:00+00:00,78.2,78.93,78.17,78.79,10936415.0,present
3654,2025-08-05 20:00:00+00:00,78.79,78.88,78.66,78.85,3170943.0,present
3655,2025-08-05 22:00:00+00:00,78.85000000000001,78.91,78.76333333333334,78.89,2138194.333333333,interpolated
3656,2025-08-06 00:00:00+00:00,78.91,78.94,78.86666666666666,78.92999999999999,1105445.6666666665,interpolated
3657,2025-08-06 02:00:00+00:00,78.97,78.97,78.97,78.97,72697.0,present
3658,2025-08-06 04:00:00+00:00,78.97,79.46,78.68,78.98,12122735.0,present
3659,2025-08-06 06:00:00+00:00,78.98,79.21,78.36,78.64,11303536.0,present
3660,2025-08-06 08:00:00+00:00,78.65,78.8,78.23,78.6,8784100.0,present
3661,2025-08-06 10:00:00+00:00,78.6,78.82,78.27,78.55,4853949.0,present
3662,2025-08-06 12:00:00+00:00,78.55,78.75,77.8,77.91,9389185.0,present
3663,2025-08-06 14:00:00+00:00,77.91,78.63,77.21,78.04,14863911.0,present
3664,2025-08-06 16:00:00+00:00,78.01,79.17,77.72,78.87,17623425.0,present
3665,2025-08-06 18:00:00+00:00,78.88,80.26,78.83,79.73,41327973.0,present
3666,2025-08-06 20:00:00+00:00,79.73,79.85,79.19,79.6,9720633.0,present
3667,2025-08-06 22:00:00+00:00,79.80666666666667,79.88666666666666,79.44666666666666,79.72,6543749.666666666,interpolated
3668,2025-08-07 00:00:00+00:00,79.88333333333333,79.92333333333333,79.70333333333333,79.83999999999999,3366866.333333333,interpolated
3669,2025-08-07 02:00:00+00:00,79.96,79.96,79.96,79.96,189983.0,present
3670,2025-08-07 04:00:00+00:00,79.95,79.95,79.02,79.67,5709014.0,present
3671,2025-08-07 06:00:00+00:00,79.68,79.68,78.82,79.34,9450495.0,present
3672,2025-08-07 08:00:00+00:00,79.34,80.67,79.34,80.16,45465342.0,present
3673,2025-08-07 10:00:00+00:00,80.16,80.25,79.92,80.12,14178376.0,present
3674,2025-08-07 12:00:00+00:00,80.12,80.24,79.7,80.1,12904031.0,present
3675,2025-08-07 14:00:00+00:00,80.09,80.18,78.96,79.12,16254064.0,present
3676,2025-08-07 16:00:00+00:00,79.12,79.48,78.87,78.88,9381127.0,present
3677,2025-08-07 18:00:00+00:00,78.89,79.39,78.87,79.27,5427246.0,present
3678,2025-08-07 20:00:00+00:00,79.26,79.76,79.07,79.6,5493384.0,present
3679,2025-08-07 22:00:00+00:00,79.38000000000001,79.71333333333334,79.25333333333333,79.60666666666667,3679643.6666666665,interpolated
3680,2025-08-08 00:00:00+00:00,79.5,79.66666666666667,79.43666666666667,79.61333333333333,1865903.333333333,interpolated
3681,2025-08-08 02:00:00+00:00,79.62,79.62,79.62,79.62,52163.0,present
3682,2025-08-08 04:00:00+00:00,79.65,79.84,79.23,79.62,4392588.0,present
3683,2025-08-08 06:00:00+00:00,79.59,79.99,79.18,79.23,10770353.0,present
3684,2025-08-08 08:00:00+00:00,79.21,79.64,79.2,79.5,8812044.0,present
3685,2025-08-08 10:00:00+00:00,79.5,79.87,79.3,79.79,7481092.0,present
3686,2025-08-08 12:00:00+00:00,79.79,80.14,79.63,80.06,9595317.0,present
3687,2025-08-08 14:00:00+00:00,80.06,80.51,79.74,80.0,18561248.0,present
3688,2025-08-08 16:00:00+00:00,80.01,80.16,79.72,79.91,4992334.0,present
3689,2025-08-08 18:00:00+00:00,79.91,80.08,79.81,79.84,3172980.0,present
3690,2025-08-08 20:00:00+00:00,79.84,80.77,79.8,80.53,16780274.0,present
3691,2025-08-08 22:00:00+00:00,79.89037037037038,80.78592592592592,79.85185185185185,80.55481481481482,16170945.074074075,interpolated
3692,2025-08-09 00:00:00+00:00,79.94074074074075,80.80185185185185,79.9037037037037,80.57962962962964,15561616.148148147,interpolated
3693,2025-08-09 02:00:00+00:00,79.99111111111111,80.81777777777778,79.95555555555555,80.60444444444444,14952287.222222222,interpolated
3694,2025-08-09 04:00:00+00:00,80.04148148148148,80.8337037037037,80.0074074074074,80.62925925925926,14342958.296296297,interpolated
3695,2025-08-09 06:00:00+00:00,80.09185185185186,80.84962962962963,80.05925925925926,80.65407407407407,13733629.37037037,interpolated
3696,2025-08-09 08:00:00+00:00,80.14222222222223,80.86555555555556,80.11111111111111,80.67888888888889,13124300.444444444,interpolated
3697,2025-08-09 10:00:00+00:00,80.19259259259259,80.88148148148147,80.16296296296296,80.70370370370371,12514971.518518519,interpolated
3698,2025-08-09 12:00:00+00:00,80.24296296296296,80.8974074074074,80.21481481481482,80.72851851851853,11905642.592592593,interpolated
3699,2025-08-09 14:00:00+00:00,80.29333333333334,80.91333333333333,80.26666666666667,80.75333333333333,11296313.666666668,interpolated
3700,2025-08-09 16:00:00+00:00,80.34370370370371,80.92925925925925,80.31851851851852,80.77814814814815,10686984.74074074,interpolated
3701,2025-08-09 18:00:00+00:00,80.39407407407408,80.94518518518518,80.37037037037037,80.80296296296297,10077655.814814815,interpolated
3702,2025-08-09 20:00:00+00:00,80.44444444444444,80.96111111111111,80.42222222222222,80.82777777777778,9468326.888888888,interpolated
3703,2025-08-09 22:00:00+00:00,80.49481481481482,80.97703703703704,80.47407407407407,80.8525925925926,8858997.962962963,interpolated
3704,2025-08-10 00:00:00+00:00,80.54518518518519,80.99296296296296,80.52592592592593,80.8774074074074,8249669.037037037,interpolated
3705,2025-08-10 02:00:00+00:00,80.59555555555556,81.00888888888889,80.57777777777778,80.90222222222222,7640340.111111112,interpolated
3706,2025-08-10 04:00:00+00:00,80.64592592592592,81.02481481481482,80.62962962962963,80.92703703703704,7031011.185185185,interpolated
3707,2025-08-10 06:00:00+00:00,80.6962962962963,81.04074074074074,80.68148148148148,80.95185185185186,6421682.259259259,interpolated
3708,2025-08-10 08:00:00+00:00,80.74666666666667,81.05666666666667,80.73333333333333,80.97666666666667,5812353.333333334,interpolated
3709,2025-08-10 10:00:00+00:00,80.79703703703704,81.0725925925926,80.78518518518518,81.00148148148148,5203024.407407409,interpolated
3710,2025-08-10 12:00:00+00:00,80.84740740740742,81.08851851851853,80.83703703703704,81.0262962962963,4593695.481481481,interpolated
3711,2025-08-10 14:00:00+00:00,80.89777777777778,81.10444444444444,80.88888888888889,81.05111111111111,3984366.555555556,interpolated
3712,2025-08-10 16:00:00+00:00,80.94814814814815,81.12037037037037,80.94074074074074,81.07592592592593,3375037.6296296306,interpolated
3713,2025-08-10 18:00:00+00:00,80.99851851851852,81.1362962962963,80.9925925925926,81.10074074074075,2765708.7037037034,interpolated
3714,2025-08-10 20:00:00+00:00,81.0488888888889,81.15222222222222,81.04444444444445,81.12555555555556,2156379.777777778,interpolated
3715,2025-08-10 22:00:00+00:00,81.09925925925926,81.16814814814815,81.0962962962963,81.15037037037037,1547050.8518518526,interpolated
3716,2025-08-11 00:00:00+00:00,81.14962962962963,81.18407407407408,81.14814814814815,81.17518518518519,937721.9259259272,interpolated
3717,2025-08-11 02:00:00+00:00,81.2,81.2,81.2,81.2,328393.0,present
3718,2025-08-11 04:00:00+00:00,81.16,81.45,80.75,81.13,17939633.0,present
3719,2025-08-11 06:00:00+00:00,81.13,81.93,80.75,80.86,28871890.0,present
3720,2025-08-11 08:00:00+00:00,80.86,81.16,80.28,80.56,13861387.0,present
3721,2025-08-11 10:00:00+00:00,80.57,80.69,79.84,80.04,12532473.0,present
3722,2025-08-11 12:00:00+00:00,80.03,80.58,79.96,80.39,8558328.0,present
3723,2025-08-11 14:00:00+00:00,80.4,80.56,79.6,79.61,10450255.0,present
3724,2025-08-11 16:00:00+00:00,79.68,79.91,79.0,79.2,11937605.0,present
3725,2025-08-11 18:00:00+00:00,79.2,79.64,79.12,79.58,3236146.0,present
3726,2025-08-11 20:00:00+00:00,79.58,79.62,79.52,79.52,721764.0,present
3727,2025-08-11 22:00:00+00:00,79.56,79.58666666666667,79.52,79.52,487892.6666666666,interpolated
3728,2025-08-12 00:00:00+00:00,79.53999999999999,79.55333333333333,79.52,79.52,254021.3333333333,interpolated
3729,2025-08-12 02:00:00+00:00,79.52,79.52,79.52,79.52,20150.0,present
3730,2025-08-12 04:00:00+00:00,79.53,79.86,78.83,79.35,5984881.0,present
3731,2025-08-12 06:00:00+00:00,79.36,80.08,79.36,79.61,7525651.0,present
3732,2025-08-12 08:00:00+00:00,79.6,79.74,79.31,79.45,3585531.0,present
3733,2025-08-12 10:00:00+00:00,79.44,79.5,79.17,79.18,3326671.0,present
3734,2025-08-12 12:00:00+00:00,79.17,79.5,79.07,79.37,5232815.0,present
3735,2025-08-12 12:00:00+00:00,79.17,79.5,79.07,79.37,5232815.0,present
3736,2025-08-12 14:00:00+00:00,79.37,79.69,79.2,79.56,6385744.0,present
3737,2025-08-12 16:00:00+00:00,79.55,79.57,79.25,79.51,3258142.0,present
3738,2025-08-12 18:00:00+00:00,79.5,79.59,79.31,79.37,1728439.0,present
3739,2025-08-12 20:00:00+00:00,79.36,79.5,79.34,79.38,461640.0,present
3740,2025-08-12 22:00:00+00:00,79.36666666666666,79.46,79.35333333333334,79.38,321174.0,interpolated
3741,2025-08-13 00:00:00+00:00,79.37333333333333,79.42,79.36666666666666,79.38,180708.0,interpolated
3742,2025-08-13 02:00:00+00:00,79.38,79.38,79.38,79.38,40242.0,present
3743,2025-08-13 04:00:00+00:00,79.37,79.64,79.31,79.57,1513122.0,present
3744,2025-08-13 06:00:00+00:00,79.54,80.07,79.51,79.54,7311526.0,present
3745,2025-08-13 08:00:00+00:00,79.54,79.61,79.2,79.42,5455149.0,present
3746,2025-08-13 10:00:00+00:00,79.42,79.46,78.94,79.02,6410611.0,present
3747,2025-08-13 12:00:00+00:00,79.02,79.3,78.95,79.23,4120371.0,present
3748,2025-08-13 14:00:00+00:00,79.23,79.46,79.11,79.31,2314476.0,present
3749,2025-08-13 16:00:00+00:00,79.38,79.44,78.93,79.06,4299728.0,present
3750,2025-08-13 18:00:00+00:00,79.06,79.22,78.96,79.05,1336962.0,present
3751,2025-08-13 20:00:00+00:00,79.06,79.06,78.9,78.98,1061242.0,present
3752,2025-08-13 22:00:00+00:00,79.00666666666667,79.00666666666667,78.9,78.95333333333333,722585.0,interpolated
3753,2025-08-14 00:00:00+00:00,78.95333333333333,78.95333333333333,78.9,78.92666666666668,383928.0,interpolated
3754,2025-08-14 02:00:00+00:00,78.9,78.9,78.9,78.9,45271.0,present
3755,2025-08-14 04:00:00+00:00,78.89,79.38,78.4,79.1,6161898.0,present
3756,2025-08-14 06:00:00+00:00,79.07,79.2,78.6,78.84,5226189.0,present
3757,2025-08-14 08:00:00+00:00,78.84,79.28,78.67,78.94,6751861.0,present
3758,2025-08-14 10:00:00+00:00,78.93,79.5,78.92,79.49,8596054.0,present
3759,2025-08-14 12:00:00+00:00,79.5,79.98,79.46,79.91,9425509.0,present
3760,2025-08-14 14:00:00+00:00,79.91,79.98,79.47,79.87,5312807.0,present
3761,2025-08-14 16:00:00+00:00,79.87,80.33,79.72,80.16,4344503.0,present
3762,2025-08-14 18:00:00+00:00,80.16,80.5,80.14,80.25,4719429.0,present
3763,2025-08-14 20:00:00+00:00,80.26,80.4,80.15,80.28,927758.0,present
3764,2025-08-14 22:00:00+00:00,80.30666666666667,80.4,80.23333333333333,80.32000000000001,625730.3333333333,interpolated
3765,2025-08-15 00:00:00+00:00,80.35333333333334,80.4,80.31666666666668,80.36,323702.6666666666,interpolated
3766,2025-08-15 02:00:00+00:00,80.4,80.4,80.4,80.4,21675.0,present
3767,2025-08-15 04:00:00+00:00,80.41,80.59,80.11,80.25,2275868.0,present
3768,2025-08-15 06:00:00+00:00,80.26,80.29,79.65,80.0,7303403.0,present
3769,2025-08-15 08:00:00+00:00,80.0,80.18,79.86,80.05,4257657.0,present
3770,2025-08-15 10:00:00+00:00,80.05,80.4,79.91,80.23,5116063.0,present
3771,2025-08-15 12:00:00+00:00,80.23,80.24,79.91,80.16,6252257.0,present
3772,2025-08-15 14:00:00+00:00,80.16,80.58,80.16,80.45,5232053.0,present
3773,2025-08-15 16:00:00+00:00,80.44,80.68,80.35,80.4,4133643.0,present
3774,2025-08-15 18:00:00+00:00,80.4,80.52,80.25,80.34,3817259.0,present
3775,2025-08-15 20:00:00+00:00,80.34,80.44,80.25,80.28,1687237.0,present
3776,2025-08-15 22:00:00+00:00,80.092,80.206,79.8,80.078,2906937.5999999996,interpolated
3777,2025-08-16 00:00:00+00:00,79.844,79.972,79.35,79.876,4126638.1999999997,interpolated
3778,2025-08-16 02:00:00+00:00,79.596,79.738,78.9,79.67399999999999,5346338.8,interpolated
3779,2025-08-16 04:00:00+00:00,79.348,79.50399999999999,78.45,79.472,6566039.399999999,interpolated
3780,2025-08-16 06:00:00+00:00,79.1,79.27,78.0,79.27,7785740.0,present
3781,2025-08-16 08:00:00+00:00,79.27,79.31,79.0,79.13,2962280.0,present
3782,2025-08-16 10:00:00+00:00,79.13,79.19,78.78,78.87,2126908.0,present
3783,2025-08-16 12:00:00+00:00,78.87,79.37,78.8,79.2,2210843.0,present
3784,2025-08-16 14:00:00+00:00,79.24,79.24,78.96,79.0,1462574.0,present
3785,2025-08-16 16:00:00+00:00,79.23375,79.23375,78.96625,79.01625,1337635.0,interpolated
3786,2025-08-16 18:00:00+00:00,79.22749999999999,79.22749999999999,78.9725,79.0325,1212696.0,interpolated
3787,2025-08-16 20:00:00+00:00,79.22125,79.22125,78.97874999999999,79.04875,1087757.0,interpolated
3788,2025-08-16 22:00:00+00:00,79.215,79.215,78.985,79.065,962818.0,interpolated
3789,2025-08-17 00:00:00+00:00,79.20875,79.20875,78.99125000000001,79.08125,837879.0,interpolated
3790,2025-08-17 02:00:00+00:00,79.2025,79.2025,78.9975,79.0975,712940.0,interpolated
3791,2025-08-17 04:00:00+00:00,79.19624999999999,79.19624999999999,79.00375,79.11375,588001.0,interpolated
3792,2025-08-17 06:00:00+00:00,79.19,79.19,79.01,79.13,463062.0,present
3793,2025-08-17 08:00:00+00:00,79.14,79.34,79.02,79.14,1030678.0,present
3794,2025-08-17 10:00:00+00:00,79.16,79.21,79.01,79.1,728906.0,present
3795,2025-08-17 12:00:00+00:00,79.09,79.21,79.07,79.15,526923.0,present
3796,2025-08-17 14:00:00+00:00,79.12,79.16,78.8,78.88,1843285.0,present
3797,2025-08-17 16:00:00+00:00,79.11500000000001,79.14833333333333,78.84833333333333,78.91499999999999,1536892.5,interpolated
3798,2025-08-17 18:00:00+00:00,79.11,79.13666666666667,78.89666666666666,78.95,1230500.0,interpolated
3799,2025-08-17 20:00:00+00:00,79.105,79.125,78.945,78.985,924107.5,interpolated
3800,2025-08-17 22:00:00+00:00,79.10000000000001,79.11333333333333,78.99333333333334,79.02,617715.0,interpolated
3801,2025-08-18 00:00:00+00:00,79.095,79.10166666666667,79.04166666666667,79.055,311322.5,interpolated
3802,2025-08-18 02:00:00+00:00,79.09,79.09,79.09,79.09,4930.0,present
3803,2025-08-18 04:00:00+00:00,79.09,79.92,78.71,79.49,5314527.0,present
3804,2025-08-18 06:00:00+00:00,79.47,79.48,79.03,79.19,4511943.0,present
3805,2025-08-18 08:00:00+00:00,79.19,79.59,79.06,79.48,4677396.0,present
3806,2025-08-18 10:00:00+00:00,79.49,79.71,79.29,79.39,4124739.0,present
3807,2025-08-18 12:00:00+00:00,79.39,79.8,79.23,79.51,5722249.0,present
3808,2025-08-18 14:00:00+00:00,79.52,79.63,79.2,79.2,3197398.0,present
3809,2025-08-18 16:00:00+00:00,79.2,79.51,79.1,79.46,3356832.0,present
3810,2025-08-18 18:00:00+00:00,79.45,80.8,79.4,80.06,14785459.0,present
3811,2025-08-18 20:00:00+00:00,80.05,80.36,79.9,80.1,2716423.0,present
3812,2025-08-18 22:00:00+00:00,80.27333333333333,80.48,80.17333333333333,80.30666666666666,1906917.3333333335,interpolated
3813,2025-08-19 00:00:00+00:00,80.49666666666667,80.6,80.44666666666667,80.51333333333334,1097411.6666666667,interpolated
3814,2025-08-19 02:00:00+00:00,80.72,80.72,80.72,80.72,287906.0,present
3815,2025-08-19 04:00:00+00:00,80.61,81.08,80.1,80.39,5299144.0,present
3816,2025-08-19 06:00:00+00:00,80.39,80.56,79.92,80.16,5768406.0,present
3817,2025-08-19 08:00:00+00:00,80.16,80.25,79.89,79.99,5199189.0,present
3818,2025-08-19 10:00:00+00:00,79.99,80.23,79.97,80.09,3651267.0,present
3819,2025-08-19 12:00:00+00:00,80.09,80.21,79.6,80.07,7082115.0,present
3820,2025-08-19 12:00:00+00:00,80.09,80.21,79.6,80.07,7082115.0,present
3821,2025-08-19 14:00:00+00:00,80.07,80.17,79.47,79.53,4990965.0,present
3822,2025-08-19 16:00:00+00:00,79.5,79.64,79.17,79.58,4287071.0,present
3823,2025-08-19 18:00:00+00:00,79.58,79.67,79.53,79.53,852690.0,present
3824,2025-08-19 20:00:00+00:00,79.52,79.57,79.5,79.51,637647.0,present
3825,2025-08-19 22:00:00+00:00,79.55666666666666,79.58999999999999,79.54333333333334,79.55,425612.0,interpolated
3826,2025-08-20 00:00:00+00:00,79.59333333333333,79.61,79.58666666666666,79.59,213577.0,interpolated
3827,2025-08-20 02:00:00+00:00,79.63,79.63,79.63,79.63,1542.0,present
3828,2025-08-20 04:00:00+00:00,79.62,79.7,79.52,79.68,754251.0,present
3829,2025-08-20 06:00:00+00:00,79.67,79.78,79.26,79.26,3106259.0,present
3830,2025-08-20 08:00:00+00:00,79.27,79.27,78.74,78.91,9138712.0,present
3831,2025-08-20 10:00:00+00:00,78.91,79.14,78.19,78.45,8775845.0,present
3832,2025-08-20 12:00:00+00:00,78.44,78.57,77.8,77.88,8374204.0,present
3833,2025-08-20 14:00:00+00:00,77.88,78.3,77.8,78.3,3751298.0,present
3834,2025-08-20 16:00:00+00:00,78.3,78.35,77.61,77.89,4580456.0,present
3835,2025-08-20 18:00:00+00:00,77.89,78.07,77.87,77.99,1648432.0,present
3836,2025-08-20 20:00:00+00:00,77.99,78.1,77.93,77.99,690289.0,present
3837,2025-08-20 22:00:00+00:00,77.99333333333333,78.06666666666666,77.95333333333333,77.99333333333333,464662.6666666666,interpolated
3838,2025-08-21 00:00:00+00:00,77.99666666666667,78.03333333333333,77.97666666666667,77.99666666666667,239036.3333333333,interpolated
3839,2025-08-21 02:00:00+00:00,78.0,78.0,78.0,78.0,13410.0,present
3840,2025-08-21 04:00:00+00:00,78.0,78.4,77.89,78.08,1979988.0,present
3841,2025-08-21 06:00:00+00:00,78.07,78.3,77.24,77.36,7249375.0,present
3842,2025-08-21 08:00:00+00:00,77.35,77.85,77.18,77.81,7343357.0,present
3843,2025-08-21 10:00:00+00:00,77.8,77.86,77.3,77.67,5947736.0,present
3844,2025-08-21 12:00:00+00:00,77.67,77.78,76.9,76.93,7947022.0,present
3845,2025-08-21 14:00:00+00:00,76.94,77.17,76.59,76.6,7582119.0,present
3846,2025-08-21 16:00:00+00:00,76.57,76.95,76.57,76.89,3321930.0,present
3847,2025-08-21 18:00:00+00:00,76.89,76.89,76.41,76.44,3265496.0,present
3848,2025-08-21 20:00:00+00:00,76.43,76.7,76.4,76.63,1127082.0,present
3849,2025-08-21 22:00:00+00:00,76.55333333333334,76.73333333333333,76.53333333333333,76.68666666666667,753724.6666666667,interpolated
3850,2025-08-22 00:00:00+00:00,76.67666666666666,76.76666666666667,76.66666666666667,76.74333333333333,380367.3333333334,interpolated
3851,2025-08-22 02:00:00+00:00,76.8,76.8,76.8,76.8,7010.0,present
3852,2025-08-22 04:00:00+00:00,76.77,76.82,76.1,76.74,3005230.0,present
3853,2025-08-22 06:00:00+00:00,76.75,77.39,76.57,76.71,6426682.0,present
3854,2025-08-22 08:00:00+00:00,76.71,77.4,76.66,77.13,4699372.0,present
3855,2025-08-22 10:00:00+00:00,77.13,77.52,77.08,77.38,4357381.0,present
3856,2025-08-22 12:00:00+00:00,77.38,77.43,76.55,76.81,5178629.0,present
3857,2025-08-22 14:00:00+00:00,76.81,77.05,76.75,77.0,1854182.0,present
3858,2025-08-22 16:00:00+00:00,77.0,77.19,76.86,77.01,1403884.0,present
3859,2025-08-22 18:00:00+00:00,77.0,77.14,76.92,77.0,1113490.0,present
3860,2025-08-22 20:00:00+00:00,76.99,77.0,76.91,76.98,361918.0,present
3861,2025-08-22 22:00:00+00:00,77.002,77.04,76.934,77.024,355417.8,interpolated
3862,2025-08-23 00:00:00+00:00,77.014,77.08,76.958,77.068,348917.6,interpolated
3863,2025-08-23 02:00:00+00:00,77.026,77.12,76.982,77.11200000000001,342417.4,interpolated
3864,2025-08-23 04:00:00+00:00,77.038,77.16,77.006,77.156,335917.2,interpolated
3865,2025-08-23 06:00:00+00:00,77.05,77.2,77.03,77.2,329417.0,present
3866,2025-08-23 08:00:00+00:00,77.2,77.3,77.12,77.19,287125.0,present
3867,2025-08-23 10:00:00+00:00,77.18,77.2,77.1,77.15,174416.0,present
3868,2025-08-23 12:00:00+00:00,77.16,77.16,77.06,77.1,209671.0,present
3869,2025-08-23 14:00:00+00:00,77.11,77.12,77.01,77.03,285161.0,present
3870,2025-08-23 16:00:00+00:00,77.10875,77.13125000000001,77.00875,77.03375,283280.5,interpolated
3871,2025-08-23 18:00:00+00:00,77.1075,77.1425,77.00750000000001,77.0375,281400.0,interpolated
3872,2025-08-23 20:00:00+00:00,77.10625,77.15375,77.00625000000001,77.04125,279519.5,interpolated
3873,2025-08-23 22:00:00+00:00,77.10499999999999,77.16499999999999,77.005,77.045,277639.0,interpolated
3874,2025-08-24 00:00:00+00:00,77.10374999999999,77.17625,77.00375,77.04875,275758.5,interpolated
3875,2025-08-24 02:00:00+00:00,77.10249999999999,77.1875,77.0025,77.05250000000001,273878.0,interpolated
3876,2025-08-24 04:00:00+00:00,77.10125,77.19874999999999,77.00125,77.05625,271997.5,interpolated
3877,2025-08-24 06:00:00+00:00,77.1,77.21,77.0,77.06,270117.0,present
3878,2025-08-24 08:00:00+00:00,77.09,77.15,76.95,77.03,331874.0,present
3879,2025-08-24 10:00:00+00:00,77.03,77.06,76.91,77.03,251726.0,present
3880,2025-08-24 12:00:00+00:00,77.03,77.06,77.0,77.05,208356.0,present
3881,2025-08-24 14:00:00+00:00,77.03,77.05,76.8,76.93,452052.0,present
3882,2025-08-24 16:00:00+00:00,77.01333333333334,77.03,76.82166666666666,76.93,377401.3333333333,interpolated
3883,2025-08-24 18:00:00+00:00,76.99666666666667,77.01,76.84333333333333,76.93,302750.6666666666,interpolated
3884,2025-08-24 20:00:00+00:00,76.98,76.99000000000001,76.86500000000001,76.93,228100.0,interpolated
3885,2025-08-24 22:00:00+00:00,76.96333333333334,76.97,76.88666666666667,76.93,153449.3333333333,interpolated
3886,2025-08-25 00:00:00+00:00,76.94666666666667,76.95,76.90833333333333,76.93,78798.66666666663,interpolated
3887,2025-08-25 02:00:00+00:00,76.93,76.93,76.93,76.93,4148.0,present
3888,2025-08-25 04:00:00+00:00,76.93,77.08,76.74,76.95,1429190.0,present
3889,2025-08-25 06:00:00+00:00,76.96,76.98,76.25,76.3,5325161.0,present
3890,2025-08-25 08:00:00+00:00,76.3,76.31,75.4,75.94,13560722.0,present
3891,2025-08-25 10:00:00+00:00,75.94,76.15,75.72,75.97,6045067.0,present
3892,2025-08-25 12:00:00+00:00,75.97,76.08,75.61,76.0,4759077.0,present
3893,2025-08-25 14:00:00+00:00,75.99,76.2,75.95,76.15,2920588.0,present
3894,2025-08-25 16:00:00+00:00,76.2,76.54,76.18,76.42,2940156.0,present
3895,2025-08-25 18:00:00+00:00,76.42,76.48,76.11,76.33,1260969.0,present
3896,2025-08-25 20:00:00+00:00,76.33,76.36,76.22,76.32,638079.0,present
3897,2025-08-25 22:00:00+00:00,76.38666666666667,76.40666666666667,76.31333333333333,76.38,425832.6666666666,interpolated
3898,2025-08-26 00:00:00+00:00,76.44333333333333,76.45333333333333,76.40666666666667,76.44,213586.3333333333,interpolated
3899,2025-08-26 02:00:00+00:00,76.5,76.5,76.5,76.5,1340.0,present
3900,2025-08-26 04:00:00+00:00,76.5,76.7,76.38,76.64,1676298.0,present
3901,2025-08-26 06:00:00+00:00,76.63,77.08,76.56,76.61,5622497.0,present
3902,2025-08-26 08:00:00+00:00,76.61,76.82,76.52,76.57,2649263.0,present
3903,2025-08-26 10:00:00+00:00,76.57,76.63,76.45,76.52,2607220.0,present
3904,2025-08-26 12:00:00+00:00,76.54,76.61,76.4,76.48,2418995.0,present
3905,2025-08-26 12:00:00+00:00,76.54,76.61,76.4,76.48,2418995.0,present
3906,2025-08-26 14:00:00+00:00,76.48,76.5,75.89,76.19,4993761.0,present
3907,2025-08-26 16:00:00+00:00,76.19,76.4,76.05,76.35,2005417.0,present
3908,2025-08-26 18:00:00+00:00,76.34,76.45,76.1,76.34,1845840.0,present
3909,2025-08-26 20:00:00+00:00,76.34,76.44,76.22,76.4,642725.0,present
3910,2025-08-26 22:00:00+00:00,76.36,76.42666666666666,76.28,76.4,431199.0,interpolated
3911,2025-08-27 00:00:00+00:00,76.38000000000001,76.41333333333334,76.34,76.4,219673.0,interpolated
3912,2025-08-27 02:00:00+00:00,76.4,76.4,76.4,76.4,8147.0,present
3913,2025-08-27 04:00:00+00:00,76.4,76.97,76.38,76.63,1883292.0,present
3914,2025-08-27 06:00:00+00:00,76.62,76.67,76.32,76.41,3720890.0,present
3915,2025-08-27 08:00:00+00:00,76.41,76.5,76.07,76.31,4408498.0,present
3916,2025-08-27 10:00:00+00:00,76.31,76.51,76.13,76.36,3804195.0,present
3917,2025-08-27 12:00:00+00:00,76.38,76.58,76.35,76.45,3734780.0,present
3918,2025-08-27 14:00:00+00:00,76.45,76.7,76.4,76.57,3040698.0,present
3919,2025-08-27 16:00:00+00:00,76.55,76.76,76.4,76.53,2347594.0,present
3920,2025-08-27 18:00:00+00:00,76.53,76.74,76.52,76.64,1410728.0,present
3921,2025-08-27 20:00:00+00:00,76.64,76.65,76.48,76.55,705648.0,present
3922,2025-08-27 22:00:00+00:00,76.64333333333333,76.65,76.53666666666668,76.58333333333333,471403.6666666666,interpolated
3923,2025-08-28 00:00:00+00:00,76.64666666666668,76.65,76.59333333333333,76.61666666666667,237159.3333333333,interpolated
3924,2025-08-28 02:00:00+00:00,76.65,76.65,76.65,76.65,2915.0,present
3925,2025-08-28 04:00:00+00:00,76.65,76.87,76.13,76.65,2231609.0,present
3926,2025-08-28 06:00:00+00:00,76.66,76.8,76.41,76.41,3075872.0,present
3927,2025-08-28 08:00:00+00:00,76.42,76.49,76.19,76.26,3587365.0,present
3928,2025-08-28 10:00:00+00:00,76.26,76.43,76.11,76.19,2775108.0,present
3929,2025-08-28 12:00:00+00:00,76.19,76.35,76.04,76.15,2199376.0,present
3930,2025-08-28 14:00:00+00:00,76.16,76.27,75.9,76.08,5456780.0,present
3931,2025-08-28 16:00:00+00:00,76.1,76.15,75.46,75.88,7821171.0,present
3932,2025-08-28 18:00:00+00:00,75.88,76.04,75.62,75.8,3353495.0,present
3933,2025-08-28 20:00:00+00:00,75.84,75.96,75.77,75.9,594323.0,present
3934,2025-08-28 22:00:00+00:00,75.90666666666667,75.98666666666666,75.86,75.94666666666667,398645.0,interpolated
3935,2025-08-29 00:00:00+00:00,75.97333333333334,76.01333333333334,75.95,75.99333333333334,202967.0,interpolated
3936,2025-08-29 02:00:00+00:00,76.04,76.04,76.04,76.04,7289.0,present
3937,2025-08-29 04:00:00+00:00,76.03,76.04,75.86,76.02,1044786.0,present
3938,2025-08-29 06:00:00+00:00,76.02,76.15,75.52,75.53,4971749.0,present
3939,2025-08-29 08:00:00+00:00,75.53,75.73,75.1,75.21,10885245.0,present
3940,2025-08-29 10:00:00+00:00,75.21,75.29,74.6,75.05,16666384.0,present
3941,2025-08-29 12:00:00+00:00,75.05,75.31,74.9,75.12,3369161.0,present
3942,2025-08-29 14:00:00+00:00,75.11,75.25,74.95,75.18,3525685.0,present
3943,2025-08-29 16:00:00+00:00,75.12,75.28,75.06,75.22,1552871.0,present
3944,2025-08-29 18:00:00+00:00,75.22,75.24,75.11,75.21,901806.0,present
3945,2025-08-29 20:00:00+00:00,75.2,75.21,75.1,75.15,602286.0,present
3946,2025-08-29 22:00:00+00:00,75.2,75.222,75.1,75.17,557701.2,interpolated
3947,2025-08-30 00:00:00+00:00,75.2,75.234,75.1,75.19,513116.4,interpolated
3948,2025-08-30 02:00:00+00:00,75.2,75.246,75.1,75.21000000000001,468531.6,interpolated
3949,2025-08-30 04:00:00+00:00,75.2,75.258,75.1,75.23,423946.8,interpolated
3950,2025-08-30 06:00:00+00:00,75.2,75.27,75.1,75.25,379362.0,present
3951,2025-08-30 08:00:00+00:00,75.24,75.25,74.97,75.16,1054922.0,present
3952,2025-08-30 10:00:00+00:00,75.17,75.19,75.02,75.15,362045.0,present
3953,2025-08-30 12:00:00+00:00,75.15,75.16,75.05,75.14,273121.0,present
3954,2025-08-30 14:00:00+00:00,75.14,75.14,75.0,75.04,696520.0,present
3955,2025-08-30 16:00:00+00:00,75.1275,75.1575,75.0025,75.05875,729183.125,interpolated
3956,2025-08-30 18:00:00+00:00,75.11500000000001,75.175,75.005,75.0775,761846.25,interpolated
3957,2025-08-30 20:00:00+00:00,75.1025,75.1925,75.0075,75.09625,794509.375,interpolated
3958,2025-08-30 22:00:00+00:00,75.09,75.21000000000001,75.00999999999999,75.11500000000001,827172.5,interpolated
3959,2025-08-31 00:00:00+00:00,75.0775,75.2275,75.0125,75.13375,859835.625,interpolated
3960,2025-08-31 02:00:00+00:00,75.065,75.245,75.015,75.1525,892498.75,interpolated
3961,2025-08-31 04:00:00+00:00,75.05250000000001,75.2625,75.0175,75.17125,925161.875,interpolated
3962,2025-08-31 06:00:00+00:00,75.04,75.28,75.02,75.19,957825.0,present
3963,2025-08-31 08:00:00+00:00,75.22,75.22,75.12,75.16,325985.0,present
3964,2025-08-31 10:00:00+00:00,75.15,75.26,75.0,75.02,2288258.0,present
3965,2025-08-31 12:00:00+00:00,75.01,75.2,75.01,75.15,478083.0,present
3966,2025-08-31 14:00:00+00:00,75.14,75.16,75.1,75.14,283409.0,present
3967,2025-08-31 16:00:00+00:00,75.15,75.16666666666666,75.11666666666666,75.15,236361.33333333334,interpolated
3968,2025-08-31 18:00:00+00:00,75.16,75.17333333333333,75.13333333333333,75.16,189313.6666666667,interpolated
3969,2025-08-31 20:00:00+00:00,75.17,75.18,75.15,75.17,142266.0,interpolated
3970,2025-08-31 22:00:00+00:00,75.18,75.18666666666667,75.16666666666667,75.18,95218.33333333334,interpolated
3971,2025-09-01 00:00:00+00:00,75.19,75.19333333333333,75.18333333333334,75.19,48170.66666666666,interpolated
3972,2025-09-01 02:00:00+00:00,75.2,75.2,75.2,75.2,1123.0,present
3973,2025-09-01 04:00:00+00:00,75.19,76.09,75.14,75.83,5639038.0,present
3974,2025-09-01 06:00:00+00:00,75.83,75.92,74.95,75.09,8988415.0,present
3975,2025-09-01 08:00:00+00:00,75.09,75.1,74.74,75.0,7252059.0,present
3976,2025-09-01 10:00:00+00:00,75.0,75.02,74.44,74.81,7508303.0,present
3977,2025-09-01 12:00:00+00:00,74.81,74.84,74.47,74.57,4570498.0,present
3978,2025-09-01 14:00:00+00:00,74.57,74.65,74.4,74.55,4083974.0,present
3979,2025-09-01 16:00:00+00:00,74.56,74.7,74.45,74.69,1318387.0,present
3980,2025-09-01 18:00:00+00:00,74.69,74.75,74.65,74.72,739251.0,present
3981,2025-09-01 20:00:00+00:00,74.73,74.82,74.71,74.79,612647.0,present
3982,2025-09-01 22:00:00+00:00,74.8,74.86,74.78666666666666,74.84,421884.0,interpolated
3983,2025-09-02 00:00:00+00:00,74.87,74.89999999999999,74.86333333333333,74.89,231121.0,interpolated
3984,2025-09-02 02:00:00+00:00,74.94,74.94,74.94,74.94,40358.0,present
3985,2025-09-02 04:00:00+00:00,74.92,74.97,74.68,74.7,1760183.0,present
3986,2025-09-02 06:00:00+00:00,74.7,74.84,74.11,74.35,8165344.0,present
3987,2025-09-02 08:00:00+00:00,74.36,74.36,73.81,74.0,9776737.0,present
3988,2025-09-02 10:00:00+00:00,74.0,74.3,73.85,74.02,8048690.0,present
3989,2025-09-02 12:00:00+00:00,74.02,74.09,73.56,73.71,7667027.0,present
3990,2025-09-02 12:00:00+00:00,74.02,74.09,73.56,73.71,7667027.0,present
3991,2025-09-02 14:00:00+00:00,73.7,74.14,73.7,73.74,4118771.0,present
3992,2025-09-02 16:00:00+00:00,73.75,73.94,73.63,73.7,2406246.0,present
3993,2025-09-02 18:00:00+00:00,73.71,74.09,73.62,74.01,2231800.0,present
3994,2025-09-02 20:00:00+00:00,74.01,74.06,74.0,74.02,360199.0,present
3995,2025-09-02 22:00:00+00:00,74.01333333333334,74.04666666666667,74.00666666666666,74.02,241966.66666666666,interpolated
3996,2025-09-03 00:00:00+00:00,74.01666666666667,74.03333333333333,74.01333333333334,74.02,123734.33333333331,interpolated
3997,2025-09-03 02:00:00+00:00,74.02,74.02,74.02,74.02,5502.0,present
3998,2025-09-03 04:00:00+00:00,74.03,74.15,73.68,73.82,1027306.0,present
3999,2025-09-03 06:00:00+00:00,73.85,74.02,73.44,73.58,4394642.0,present
4000,2025-09-03 08:00:00+00:00,73.58,73.66,73.17,73.39,7186025.0,present
4001,2025-09-03 10:00:00+00:00,73.4,73.59,73.35,73.55,4533794.0,present
4002,2025-09-03 12:00:00+00:00,73.56,73.65,73.18,73.35,7937234.0,present
4003,2025-09-03 14:00:00+00:00,73.34,74.0,73.34,73.73,4092161.0,present
4004,2025-09-03 16:00:00+00:00,73.9,74.67,73.76,74.54,7882448.0,present
4005,2025-09-03 18:00:00+00:00,74.54,75.34,74.51,75.1,6963710.0,present
4006,2025-09-03 20:00:00+00:00,75.1,75.26,75.08,75.13,1122713.0,present
4007,2025-09-03 22:00:00+00:00,75.1,75.20666666666666,75.08666666666666,75.11999999999999,751842.3333333333,interpolated
4008,2025-09-04 00:00:00+00:00,75.1,75.15333333333334,75.09333333333333,75.11,380971.6666666666,interpolated
4009,2025-09-04 02:00:00+00:00,75.1,75.1,75.1,75.1,10101.0,present
4010,2025-09-04 04:00:00+00:00,75.08,75.65,74.92,75.34,3135703.0,present
4011,2025-09-04 06:00:00+00:00,75.34,75.96,75.06,75.72,13514196.0,present
4012,2025-09-04 08:00:00+00:00,75.71,75.78,75.03,75.16,8013408.0,present
4013,2025-09-04 10:00:00+00:00,75.16,75.35,75.1,75.3,3053311.0,present
4014,2025-09-04 12:00:00+00:00,75.3,75.48,74.61,75.4,8447008.0,present
4015,2025-09-04 14:00:00+00:00,75.4,75.49,74.84,75.46,4930872.0,present
4016,2025-09-04 16:00:00+00:00,75.45,75.75,75.27,75.75,3990209.0,present
4017,2025-09-04 18:00:00+00:00,75.73,75.87,75.57,75.58,3582858.0,present
4018,2025-09-04 20:00:00+00:00,75.59,75.79,75.57,75.74,874940.0,present
4019,2025-09-04 22:00:00+00:00,75.67666666666666,75.81,75.66333333333333,75.77666666666666,586145.6666666667,interpolated
4020,2025-09-05 00:00:00+00:00,75.76333333333334,75.83,75.75666666666666,75.81333333333333,297351.3333333334,interpolated
4021,2025-09-05 02:00:00+00:00,75.85,75.85,75.85,75.85,8557.0,present
4022,2025-09-05 04:00:00+00:00,75.85,76.13,75.78,75.94,3294389.0,present
4023,2025-09-05 06:00:00+00:00,75.94,76.06,75.5,75.51,6233225.0,present
4024,2025-09-05 08:00:00+00:00,75.51,75.8,75.4,75.66,5236331.0,present
4025,2025-09-05 10:00:00+00:00,75.66,75.68,74.94,75.62,10787874.0,present
4026,2025-09-05 12:00:00+00:00,75.62,75.87,75.49,75.84,3565685.0,present
4027,2025-09-05 14:00:00+00:00,75.84,75.93,75.6,75.77,4232330.0,present
4028,2025-09-05 16:00:00+00:00,75.8,75.87,75.32,75.52,2507435.0,present
4029,2025-09-05 18:00:00+00:00,75.52,75.62,75.11,75.47,4238262.0,present
4030,2025-09-05 20:00:00+00:00,75.47,75.55,75.35,75.5,597005.0,present
4031,2025-09-05 22:00:00+00:00,75.494,75.568,75.35,75.512,558766.6,interpolated
4032,2025-09-06 00:00:00+00:00,75.518,75.586,75.35,75.524,520528.2,interpolated
4033,2025-09-06 02:00:00+00:00,75.542,75.604,75.35,75.536,482289.8,interpolated
4034,2025-09-06 04:00:00+00:00,75.566,75.622,75.35,75.548,444051.4,interpolated
4035,2025-09-06 06:00:00+00:00,75.59,75.64,75.35,75.56,405813.0,present
4036,2025-09-06 08:00:00+00:00,75.56,75.71,75.47,75.63,566841.0,present
4037,2025-09-06 10:00:00+00:00,75.63,75.71,75.52,75.68,460765.0,present
4038,2025-09-06 12:00:00+00:00,75.68,75.69,75.57,75.6,94034.0,present
4039,2025-09-06 14:00:00+00:00,75.6,75.65,75.59,75.64,153972.0,present
4040,2025-09-06 16:00:00+00:00,75.61125,75.67500000000001,75.59625,75.64125,168389.375,interpolated
4041,2025-09-06 18:00:00+00:00,75.6225,75.7,75.6025,75.6425,182806.75,interpolated
4042,2025-09-06 20:00:00+00:00,75.63374999999999,75.725,75.60875,75.64375,197224.125,interpolated
4043,2025-09-06 22:00:00+00:00,75.645,75.75,75.61500000000001,75.64500000000001,211641.5,interpolated
4044,2025-09-07 00:00:00+00:00,75.65625,75.775,75.62125,75.64625000000001,226058.875,interpolated
4045,2025-09-07 02:00:00+00:00,75.66749999999999,75.8,75.6275,75.64750000000001,240476.25,interpolated
4046,2025-09-07 04:00:00+00:00,75.67875,75.82499999999999,75.63375,75.64875,254893.625,interpolated
4047,2025-09-07 06:00:00+00:00,75.69,75.85,75.64,75.65,269311.0,present
4048,2025-09-07 08:00:00+00:00,75.65,75.77,75.5,75.75,739564.0,present
4049,2025-09-07 10:00:00+00:00,75.77,75.79,75.72,75.78,368341.0,present
4050,2025-09-07 12:00:00+00:00,75.79,75.79,75.62,75.7,495190.0,present
4051,2025-09-07 14:00:00+00:00,75.69,75.7,75.58,75.68,314114.0,present
4052,2025-09-07 16:00:00+00:00,75.68833333333333,75.69666666666667,75.59666666666666,75.68,262355.5,interpolated
4053,2025-09-07 18:00:00+00:00,75.68666666666667,75.69333333333334,75.61333333333333,75.68,210597.0,interpolated
4054,2025-09-07 20:00:00+00:00,75.685,75.69,75.63,75.68,158838.5,interpolated
4055,2025-09-07 22:00:00+00:00,75.68333333333334,75.68666666666667,75.64666666666668,75.68,107080.0,interpolated
4056,2025-09-08 00:00:00+00:00,75.68166666666667,75.68333333333334,75.66333333333334,75.68,55321.5,interpolated
4057,2025-09-08 02:00:00+00:00,75.68,75.68,75.68,75.68,3563.0,present
4058,2025-09-08 04:00:00+00:00,75.69,76.05,75.6,75.76,2427068.0,present
4059,2025-09-08 06:00:00+00:00,75.75,75.84,75.63,75.67,3486604.0,present
4060,2025-09-08 08:00:00+00:00,75.68,75.68,75.27,75.41,5417207.0,present
4061,2025-09-08 10:00:00+00:00,75.42,75.42,75.02,75.1,5858572.0,present
4062,2025-09-08 12:00:00+00:00,75.1,75.19,74.9,75.09,5848216.0,present
4063,2025-09-08 14:00:00+00:00,75.09,75.22,74.85,75.08,4787634.0,present
4064,2025-09-08 16:00:00+00:00,75.17,75.29,75.09,75.19,1636036.0,present
4065,2025-09-08 18:00:00+00:00,75.19,75.3,75.11,75.27,1766063.0,present
4066,2025-09-08 20:00:00+00:00,75.27,75.27,75.2,75.23,535013.0,present
4067,2025-09-08 22:00:00+00:00,75.25666666666666,75.25666666666666,75.21000000000001,75.23,357066.3333333334,interpolated
4068,2025-09-09 00:00:00+00:00,75.24333333333334,75.24333333333334,75.22,75.23,179119.6666666667,interpolated
4069,2025-09-09 02:00:00+00:00,75.23,75.23,75.23,75.23,1173.0,present
4070,2025-09-09 04:00:00+00:00,75.24,75.36,75.02,75.22,1718625.0,present
4071,2025-09-09 06:00:00+00:00,75.22,75.24,74.93,75.08,3650197.0,present
4072,2025-09-09 08:00:00+00:00,75.1,75.14,74.65,74.81,7850270.0,present
4073,2025-09-09 10:00:00+00:00,74.81,74.87,74.46,74.7,7453496.0,present
4074,2025-09-09 12:00:00+00:00,74.7,75.0,74.5,74.86,7870282.0,present
4075,2025-09-09 12:00:00+00:00,74.7,75.0,74.5,74.86,7870282.0,present
4076,2025-09-09 14:00:00+00:00,74.87,75.08,74.8,75.01,4465059.0,present
4077,2025-09-09 16:00:00+00:00,75.02,75.14,74.86,75.03,1889915.0,present
4078,2025-09-09 18:00:00+00:00,75.02,75.05,74.91,74.92,941820.0,present
4079,2025-09-09 20:00:00+00:00,74.94,74.97,74.9,74.97,456882.0,present
4080,2025-09-09 22:00:00+00:00,74.90333333333334,74.92333333333333,74.87666666666667,74.92333333333333,322440.0,interpolated
4081,2025-09-10 00:00:00+00:00,74.86666666666666,74.87666666666667,74.85333333333334,74.87666666666667,187998.0,interpolated
4082,2025-09-10 02:00:00+00:00,74.83,74.83,74.83,74.83,53556.0,present
4083,2025-09-10 04:00:00+00:00,74.85,74.97,74.5,74.71,2756797.0,present
4084,2025-09-10 06:00:00+00:00,74.71,74.93,74.51,74.8,3229836.0,present
4085,2025-09-10 08:00:00+00:00,74.8,75.0,74.3,74.49,6451804.0,present
4086,2025-09-10 10:00:00+00:00,74.5,74.56,74.21,74.31,4684726.0,present
4087,2025-09-10 12:00:00+00:00,74.31,74.39,74.06,74.22,3924032.0,present
4088,2025-09-10 14:00:00+00:00,74.22,74.3,74.0,74.08,4224521.0,present
4089,2025-09-10 16:00:00+00:00,74.08,74.14,73.9,74.11,3126192.0,present
4090,2025-09-10 18:00:00+00:00,74.12,74.16,73.99,74.14,1363432.0,present
4091,2025-09-10 20:00:00+00:00,74.14,74.15,74.01,74.1,529231.0,present
4092,2025-09-10 22:00:00+00:00,74.12666666666667,74.13333333333334,74.04,74.1,367334.0,interpolated
4093,2025-09-11 00:00:00+00:00,74.11333333333333,74.11666666666666,74.07,74.1,205437.0,interpolated
4094,2025-09-11 02:00:00+00:00,74.1,74.1,74.1,74.1,43540.0,present
4095,2025-09-11 04:00:00+00:00,74.15,74.28,74.02,74.22,1313064.0,present
4096,2025-09-11 06:00:00+00:00,74.2,74.3,73.91,73.93,3806039.0,present
4097,2025-09-11 08:00:00+00:00,75.05000000000001,75.14,74.395,74.73,20916623.5,interpolated
4098,2025-09-11 10:00:00+00:00,75.9,75.98,74.88,75.53,38027208.0,present
4099,2025-09-11 12:00:00+00:00,75.53,77.0,75.42,76.54,28185970.0,present
4100,2025-09-11 14:00:00+00:00,76.765,77.72999999999999,76.38499999999999,77.4,24363770.0,interpolated
4101,2025-09-11 16:00:00+00:00,78.0,78.46,77.35,78.26,20541570.0,present
4102,2025-09-11 18:00:00+00:00,78.27,78.59,77.62,77.74,16676337.0,present
4103,2025-09-11 20:00:00+00:00,77.72,77.99,77.68,77.86,2994453.0,present
4104,2025-09-11 22:00:00+00:00,77.76666666666667,77.94666666666666,77.74000000000001,77.86,2004122.0,interpolated
4105,2025-09-12 00:00:00+00:00,77.81333333333333,77.90333333333334,77.8,77.86,1013791.0,interpolated
4106,2025-09-12 02:00:00+00:00,77.86,77.86,77.86,77.86,23460.0,present
4107,2025-09-12 04:00:00+00:00,77.85,78.15,77.25,77.59,8640609.0,present
4108,2025-09-12 06:00:00+00:00,77.6,77.69,76.75,77.3,17196535.0,present
4109,2025-09-12 08:00:00+00:00,77.29,78.08,76.83,76.99,18262281.0,present
4110,2025-09-12 10:00:00+00:00,76.99,77.17,75.8,76.29,44939569.0,present
4111,2025-09-12 12:00:00+00:00,76.3,76.35,75.35,75.88,31049840.0,present
4112,2025-09-12 14:00:00+00:00,75.88,77.1,75.73,75.96,32270717.0,present
4113,2025-09-12 16:00:00+00:00,76.0,76.16,75.63,76.06,8131860.0,present
4114,2025-09-12 18:00:00+00:00,76.06,76.1,75.51,75.77,6010193.0,present
4115,2025-09-12 20:00:00+00:00,75.76,75.89,75.64,75.86,1763275.0,present
4116,2025-09-12 22:00:00+00:00,75.796,75.9,75.7,75.876,1412487.0,interpolated
4117,2025-09-13 00:00:00+00:00,75.83200000000001,75.91,75.76,75.892,1061699.0,interpolated
4118,2025-09-13 02:00:00+00:00,75.868,75.92,75.82,75.908,710911.0,interpolated
4119,2025-09-13 04:00:00+00:00,75.904,75.92999999999999,75.88,75.92399999999999,360123.0,interpolated
4120,2025-09-13 06:00:00+00:00,75.94,75.94,75.94,75.94,9335.0,present
4121,2025-09-13 08:00:00+00:00,75.94,76.1,75.64,76.0,1709372.0,present
4122,2025-09-13 10:00:00+00:00,75.99,76.17,75.94,76.01,1230560.0,present
4123,2025-09-13 12:00:00+00:00,76.04,76.12,75.91,75.98,821108.0,present
4124,2025-09-13 14:00:00+00:00,75.98,76.1,75.9,76.0,948312.0,present
4125,2025-09-13 16:00:00+00:00,75.985,76.11874999999999,75.9025,75.99375,1020870.625,interpolated
4126,2025-09-13 18:00:00+00:00,75.99000000000001,76.13749999999999,75.905,75.9875,1093429.25,interpolated
4127,2025-09-13 20:00:00+00:00,75.995,76.15625,75.9075,75.98125,1165987.875,interpolated
4128,2025-09-13 22:00:00+00:00,76.0,76.175,75.91,75.975,1238546.5,interpolated
4129,2025-09-14 00:00:00+00:00,76.005,76.19375,75.91250000000001,75.96875,1311105.125,interpolated
4130,2025-09-14 02:00:00+00:00,76.00999999999999,76.2125,75.915,75.9625,1383663.75,interpolated
4131,2025-09-14 04:00:00+00:00,76.015,76.23125,75.9175,75.95625,1456222.375,interpolated
4132,2025-09-14 06:00:00+00:00,76.02,76.25,75.92,75.95,1528781.0,present
4133,2025-09-14 08:00:00+00:00,75.96,76.08,75.92,75.99,455833.0,present
4134,2025-09-14 10:00:00+00:00,75.98,76.15,75.95,76.08,1324291.0,present
4135,2025-09-14 12:00:00+00:00,76.11,76.45,76.07,76.32,2291941.0,present
4136,2025-09-14 14:00:00+00:00,76.31,76.51,76.26,76.38,1340179.0,present
4137,2025-09-14 16:00:00+00:00,76.34666666666666,76.51333333333334,76.305,76.405,1117623.0,interpolated
4138,2025-09-14 18:00:00+00:00,76.38333333333334,76.51666666666667,76.35000000000001,76.42999999999999,895067.0,interpolated
4139,2025-09-14 20:00:00+00:00,76.42,76.52000000000001,76.39500000000001,76.455,672511.0,interpolated
4140,2025-09-14 22:00:00+00:00,76.45666666666666,76.52333333333334,76.44,76.48,449955.0,interpolated
4141,2025-09-15 00:00:00+00:00,76.49333333333334,76.52666666666667,76.485,76.505,227399.0,interpolated
4142,2025-09-15 02:00:00+00:00,76.53,76.53,76.53,76.53,4843.0,present
4143,2025-09-15 04:00:00+00:00,76.53,76.65,75.8,75.85,5853125.0,present
4144,2025-09-15 06:00:00+00:00,75.85,76.32,75.7,76.13,9086966.0,present
4145,2025-09-15 08:00:00+00:00,76.12,76.13,74.87,75.02,18143395.0,present
4146,2025-09-15 10:00:00+00:00,75.03,75.39,74.42,74.97,16617227.0,present
4147,2025-09-15 12:00:00+00:00,74.98,75.38,73.88,73.97,28755156.0,present
4148,2025-09-15 14:00:00+00:00,73.97,74.35,73.6,73.9,18316867.0,present
4149,2025-09-15 16:00:00+00:00,74.0,74.17,73.83,74.05,4552866.0,present
4150,2025-09-15 18:00:00+00:00,74.05,74.22,73.95,74.17,3352395.0,present
4151,2025-09-15 20:00:00+00:00,74.16,74.17,73.85,74.11,1993979.0,present
4152,2025-09-15 22:00:00+00:00,74.10666666666667,74.11333333333333,73.89999999999999,74.07333333333334,1342018.6666666665,interpolated
4153,2025-09-16 00:00:00+00:00,74.05333333333333,74.05666666666667,73.95,74.03666666666666,690058.3333333333,interpolated
4154,2025-09-16 02:00:00+00:00,74.0,74.0,74.0,74.0,38098.0,present
4155,2025-09-16 04:00:00+00:00,74.0,75.23,73.6,75.01,8988345.0,present
4156,2025-09-16 06:00:00+00:00,75.01,75.5,73.88,74.09,48643439.0,present
4157,2025-09-16 08:00:00+00:00,74.08,74.18,72.69,72.88,40440750.0,present
4158,2025-09-16 10:00:00+00:00,72.88,73.4,72.5,72.88,18995501.0,present
4159,2025-09-16 12:00:00+00:00,72.89,73.84,72.8,73.81,21007225.0,present
4160,2025-09-16 12:00:00+00:00,72.89,73.84,72.8,73.81,21007225.0,present
4161,2025-09-16 14:00:00+00:00,73.8,73.97,73.1,73.1,20605282.0,present
4162,2025-09-16 16:00:00+00:00,73.22,73.55,73.14,73.41,3278832.0,present
4163,2025-09-16 18:00:00+00:00,73.41,73.44,72.82,72.88,6919347.0,present
4164,2025-09-16 20:00:00+00:00,72.87,73.01,72.86,72.97,1318165.0,present
4165,2025-09-16 22:00:00+00:00,72.94666666666667,73.04,72.94,73.01333333333334,887612.3333333333,interpolated
4166,2025-09-17 00:00:00+00:00,73.02333333333333,73.07,73.02,73.05666666666666,457059.6666666666,interpolated
4167,2025-09-17 02:00:00+00:00,73.1,73.1,73.1,73.1,26507.0,present
4168,2025-09-17 04:00:00+00:00,73.11,73.23,72.9,73.21,2090783.0,present
4169,2025-09-17 06:00:00+00:00,73.19,73.69,72.61,72.8,18038106.0,present
4170,2025-09-17 08:00:00+00:00,72.79,73.0,72.18,72.32,23430965.0,present
4171,2025-09-17 10:00:00+00:00,72.31,72.6,72.16,72.25,16630738.0,present
4172,2025-09-17 12:00:00+00:00,72.25,72.39,71.81,71.9,20536765.0,present
4173,2025-09-17 14:00:00+00:00,71.92,72.31,71.83,72.08,22152990.0,present
4174,2025-09-17 16:00:00+00:00,72.08,72.41,72.08,72.18,7326884.0,present
4175,2025-09-17 18:00:00+00:00,72.19,72.41,72.1,72.16,4859316.0,present
4176,2025-09-17 20:00:00+00:00,72.16,72.2,72.05,72.09,1539674.0,present
4177,2025-09-17 22:00:00+00:00,72.17333333333333,72.2,72.1,72.12666666666667,1027064.6666666667,interpolated
4178,2025-09-18 00:00:00+00:00,72.18666666666667,72.2,72.15,72.16333333333334,514455.3333333334,interpolated
4179,2025-09-18 02:00:00+00:00,72.2,72.2,72.2,72.2,1846.0,present
4180,2025-09-18 04:00:00+00:00,72.13,72.4,71.92,72.06,3804151.0,present
4181,2025-09-18 06:00:00+00:00,72.06,72.23,71.55,71.57,13334853.0,present
4182,2025-09-18 08:00:00+00:00,71.58,71.73,71.21,71.25,22805500.0,present
4183,2025-09-18 10:00:00+00:00,71.25,72.59,71.1,71.91,36108341.0,present
4184,2025-09-18 12:00:00+00:00,71.91,72.49,71.59,72.24,20446491.0,present
4185,2025-09-18 14:00:00+00:00,72.24,72.88,72.23,72.78,17494548.0,present
4186,2025-09-18 16:00:00+00:00,72.6,72.8,72.0,72.04,9025598.0,present
4187,2025-09-18 18:00:00+00:00,72.04,72.3,71.7,71.99,5553854.0,present
4188,2025-09-18 20:00:00+00:00,71.99,72.07,71.82,71.83,1147695.0,present
4189,2025-09-18 22:00:00+00:00,71.92333333333333,71.97666666666666,71.81,71.81666666666666,780289.6666666667,interpolated
4190,2025-09-19 00:00:00+00:00,71.85666666666667,71.88333333333334,71.8,71.80333333333334,412884.3333333334,interpolated
4191,2025-09-19 02:00:00+00:00,71.79,71.79,71.79,71.79,45479.0,present
4192,2025-09-19 04:00:00+00:00,71.78,72.18,70.01,70.58,52426179.0,present
4193,2025-09-19 06:00:00+00:00,70.58,71.85,70.35,70.48,56249721.0,present
4194,2025-09-19 08:00:00+00:00,70.49,70.85,69.66,70.31,81184913.0,present
4195,2025-09-19 10:00:00+00:00,70.31,70.55,69.31,70.16,114297781.0,present
4196,2025-09-19 12:00:00+00:00,70.34,70.85,69.65333333333334,70.47,82484522.33333333,interpolated
4197,2025-09-19 14:00:00+00:00,70.37,71.15,69.99666666666667,70.78,50671263.666666664,interpolated
4198,2025-09-19 16:00:00+00:00,70.4,71.45,70.34,71.09,18858005.0,present
4199,2025-09-19 18:00:00+00:00,71.09,71.69,71.06,71.49,9453791.0,present
4200,2025-09-19 20:00:00+00:00,71.49,71.58,71.1,71.54,4457333.0,present
4201,2025-09-19 22:00:00+00:00,71.50222222222222,71.58888888888889,71.12666666666667,71.55037037037037,4297549.703703703,interpolated
4202,2025-09-20 00:00:00+00:00,71.51444444444444,71.59777777777778,71.15333333333332,71.56074074074074,4137766.4074074076,interpolated
4203,2025-09-20 02:00:00+00:00,71.52666666666666,71.60666666666667,71.17999999999999,71.57111111111112,3977983.111111111,interpolated
4204,2025-09-20 04:00:00+00:00,71.53888888888888,71.61555555555556,71.20666666666666,71.58148148148149,3818199.814814815,interpolated
4205,2025-09-20 06:00:00+00:00,71.55111111111111,71.62444444444444,71.23333333333333,71.59185185185186,3658416.5185185187,interpolated
4206,2025-09-20 08:00:00+00:00,71.56333333333333,71.63333333333333,71.25999999999999,71.60222222222222,3498633.222222222,interpolated
4207,2025-09-20 10:00:00+00:00,71.57555555555555,71.64222222222222,71.28666666666666,71.61259259259259,3338849.9259259263,interpolated
4208,2025-09-20 12:00:00+00:00,71.58777777777777,71.6511111111111,71.31333333333333,71.62296296296296,3179066.6296296297,interpolated
4209,2025-09-20 14:00:00+00:00,71.6,71.66,71.33999999999999,71.63333333333334,3019283.3333333335,interpolated
4210,2025-09-20 16:00:00+00:00,71.61222222222221,71.66888888888889,71.36666666666666,71.64370370370371,2859500.0370370373,interpolated
4211,2025-09-20 18:00:00+00:00,71.62444444444444,71.67777777777778,71.39333333333333,71.65407407407407,2699716.7407407407,interpolated
4212,2025-09-20 20:00:00+00:00,71.63666666666666,71.68666666666667,71.41999999999999,71.66444444444444,2539933.4444444445,interpolated
4213,2025-09-20 22:00:00+00:00,71.64888888888888,71.69555555555556,71.44666666666666,71.67481481481481,2380150.1481481483,interpolated
4214,2025-09-21 00:00:00+00:00,71.66111111111111,71.70444444444443,71.47333333333333,71.68518518518519,2220366.851851852,interpolated
4215,2025-09-21 02:00:00+00:00,71.67333333333333,71.71333333333332,71.5,71.69555555555556,2060583.5555555555,interpolated
4216,2025-09-21 04:00:00+00:00,71.68555555555555,71.72222222222221,71.52666666666666,71.70592592592592,1900800.2592592593,interpolated
4217,2025-09-21 06:00:00+00:00,71.69777777777777,71.7311111111111,71.55333333333333,71.71629629629629,1741016.9629629632,interpolated
4218,2025-09-21 08:00:00+00:00,71.71,71.74,71.58,71.72666666666666,1581233.666666667,interpolated
4219,2025-09-21 10:00:00+00:00,71.72222222222221,71.74888888888889,71.60666666666665,71.73703703703704,1421450.3703703703,interpolated
4220,2025-09-21 12:00:00+00:00,71.73444444444443,71.75777777777778,71.63333333333333,71.74740740740741,1261667.0740740742,interpolated
4221,2025-09-21 14:00:00+00:00,71.74666666666666,71.76666666666667,71.66,71.75777777777778,1101883.777777778,interpolated
4222,2025-09-21 16:00:00+00:00,71.75888888888888,71.77555555555556,71.68666666666665,71.76814814814814,942100.4814814818,interpolated
4223,2025-09-21 18:00:00+00:00,71.77111111111111,71.78444444444443,71.71333333333332,71.77851851851851,782317.1851851852,interpolated
4224,2025-09-21 20:00:00+00:00,71.78333333333333,71.79333333333332,71.74,71.78888888888888,622533.888888889,interpolated
4225,2025-09-21 22:00:00+00:00,71.79555555555555,71.80222222222221,71.76666666666667,71.79925925925926,462750.5925925928,interpolated
4226,2025-09-22 00:00:00+00:00,71.80777777777777,71.8111111111111,71.79333333333332,71.80962962962963,302967.29629629664,interpolated
4227,2025-09-22 02:00:00+00:00,71.82,71.82,71.82,71.82,143184.0,present
4228,2025-09-22 04:00:00+00:00,71.83,71.85,70.93,71.2,8613511.0,present
4229,2025-09-22 06:00:00+00:00,71.23,72.15,70.74,71.84,23954050.0,present
4230,2025-09-22 08:00:00+00:00,70.86,71.755,70.375,71.41,33210114.5,interpolated
4231,2025-09-22 10:00:00+00:00,70.49,71.36,70.01,70.98,42466179.0,present
4232,2025-09-22 12:00:00+00:00,70.98,71.21,70.69,70.71,8964430.0,present
4233,2025-09-22 14:00:00+00:00,70.7,71.45,70.67,71.2,11775797.0,present
4234,2025-09-22 16:00:00+00:00,71.18,71.41,70.83,71.17,7112150.0,present
4235,2025-09-22 18:00:00+00:00,71.17,71.28,70.9,70.99,3217268.0,present
4236,2025-09-22 20:00:00+00:00,70.98,71.0,70.74,70.94,1952481.0,present
4237,2025-09-22 22:00:00+00:00,70.96666666666667,70.98,70.80666666666666,70.94,1304242.3333333335,interpolated
4238,2025-09-23 00:00:00+00:00,70.95333333333333,70.96,70.87333333333333,70.94,656003.6666666667,interpolated
4239,2025-09-23 02:00:00+00:00,70.94,70.94,70.94,70.94,7765.0,present
4240,2025-09-23 04:00:00+00:00,70.93,71.18,70.68,70.92,4249916.0,present
4241,2025-09-23 06:00:00+00:00,70.91,71.42,70.81,71.15,7016164.0,present
4242,2025-09-23 08:00:00+00:00,71.16,71.93,70.9,71.85,19145506.0,present
4243,2025-09-23 10:00:00+00:00,71.85,71.88,71.25,71.54,8915882.0,present
4244,2025-09-23 12:00:00+00:00,71.52,71.95,71.26,71.92,15212716.0,present
4245,2025-09-23 12:00:00+00:00,71.52,71.95,71.26,71.92,15212716.0,present
4246,2025-09-23 14:00:00+00:00,71.92,72.15,71.59,71.72,12744575.0,present
4247,2025-09-23 16:00:00+00:00,71.72,71.8,71.26,71.28,7108885.0,present
4248,2025-09-23 18:00:00+00:00,70.88,71.095,70.47,70.765,8930045.0,interpolated
4249,2025-09-23 20:00:00+00:00,70.04,70.39,69.68,70.25,10751205.0,present
4250,2025-09-23 22:00:00+00:00,70.11,70.34333333333333,69.87,70.25,7242609.666666667,interpolated
4251,2025-09-24 00:00:00+00:00,70.18,70.29666666666667,70.06,70.25,3734014.333333334,interpolated
4252,2025-09-24 02:00:00+00:00,70.25,70.25,70.25,70.25,225419.0,present
4253,2025-09-24 04:00:00+00:00,70.25,70.77,70.21,70.62,5407543.0,present
4254,2025-09-24 06:00:00+00:00,70.62,70.62,69.88,70.47,15443655.0,present
4255,2025-09-24 08:00:00+00:00,70.47,71.11,70.38,70.93,24513067.0,present
4256,2025-09-24 10:00:00+00:00,70.92,71.18,70.8,71.14,13025350.0,present
4257,2025-09-24 12:00:00+00:00,71.14,71.28,70.78,70.99,11619013.0,present
4258,2025-09-24 14:00:00+00:00,70.99,71.01,70.28,70.32,8438284.0,present
4259,2025-09-24 16:00:00+00:00,70.34,70.72,70.33,70.4,3711901.0,present
4260,2025-09-24 18:00:00+00:00,70.4,70.8,70.38,70.72,3748314.0,present
4261,2025-09-24 20:00:00+00:00,70.72,70.78,70.7,70.78,1344903.0,present
4262,2025-09-24 22:00:00+00:00,70.76,70.8,70.74666666666667,70.8,897373.0,interpolated
4263,2025-09-25 00:00:00+00:00,70.8,70.82000000000001,70.79333333333334,70.82000000000001,449843.0,interpolated
4264,2025-09-25 02:00:00+00:00,70.84,70.84,70.84,70.84,2313.0,present
4265,2025-09-25 04:00:00+00:00,70.84,71.05,70.76,70.89,2103092.0,present
4266,2025-09-25 06:00:00+00:00,70.89,71.0,70.58,70.81,4170867.0,present
4267,2025-09-25 08:00:00+00:00,70.81,71.0,70.52,70.88,5436800.0,present
4268,2025-09-25 10:00:00+00:00,70.89,70.92,70.52,70.77,6754027.0,present
4269,2025-09-25 12:00:00+00:00,70.76,70.78,70.17,70.18,7597335.0,present
4270,2025-09-25 14:00:00+00:00,70.18,70.43,70.08,70.1,7519054.0,present
4271,2025-09-25 16:00:00+00:00,70.09,70.1,69.73,69.92,11547701.0,present
4272,2025-09-25 18:00:00+00:00,69.92,70.05,69.85,70.03,2580077.0,present
4273,2025-09-25 20:00:00+00:00,70.03,70.04,69.91,69.97,1261768.0,present
4274,2025-09-25 22:00:00+00:00,70.02,70.02666666666667,69.94,69.98,841777.3333333333,interpolated
4275,2025-09-26 00:00:00+00:00,70.01,70.01333333333334,69.97,69.99,421786.6666666666,interpolated
4276,2025-09-26 02:00:00+00:00,70.0,70.0,70.0,70.0,1796.0,present
4277,2025-09-26 04:00:00+00:00,70.0,70.19,69.73,69.88,2817877.0,present
4278,2025-09-26 06:00:00+00:00,69.89,70.08,68.9,69.21,21575061.0,present
4279,2025-09-26 08:00:00+00:00,69.21,69.53,68.62,69.35,27766060.0,present
4280,2025-09-26 10:00:00+00:00,69.35,69.45,68.7,69.0,17057789.0,present
4281,2025-09-26 12:00:00+00:00,69.01,69.07,68.15,68.18,21041021.0,present
4282,2025-09-26 14:00:00+00:00,69.2,69.32,68.625,68.81,14595114.5,interpolated
4283,2025-09-26 16:00:00+00:00,69.39,69.57,69.1,69.44,8149208.0,present
4284,2025-09-26 18:00:00+00:00,69.44,69.85,69.37,69.49,8297554.0,present
4285,2025-09-26 20:00:00+00:00,69.48,69.5,69.07,69.19,2854667.0,present
4286,2025-09-26 22:00:00+00:00,69.424,69.494,69.088,69.19,2433703.4,interpolated
4287,2025-09-27 00:00:00+00:00,69.36800000000001,69.488,69.106,69.19,2012739.7999999998,interpolated
4288,2025-09-27 02:00:00+00:00,69.312,69.482,69.124,69.19,1591776.2,interpolated
4289,2025-09-27 04:00:00+00:00,69.256,69.476,69.142,69.19,1170812.5999999999,interpolated
4290,2025-09-27 06:00:00+00:00,69.2,69.47,69.16,69.19,749849.0,present
4291,2025-09-27 08:00:00+00:00,69.19,69.34,69.15,69.34,514032.0,present
4292,2025-09-27 10:00:00+00:00,69.33,69.34,69.06,69.1,1162449.0,present
4293,2025-09-27 12:00:00+00:00,69.07,69.2,69.03,69.18,490416.0,present
4294,2025-09-27 14:00:00+00:00,69.18,69.18,68.9,69.01,1080922.0,present
4295,2025-09-27 16:00:00+00:00,69.17875000000001,69.18,68.885,68.995,1129881.0,interpolated
4296,2025-09-27 18:00:00+00:00,69.17750000000001,69.18,68.87,68.98,1178840.0,interpolated
4297,2025-09-27 20:00:00+00:00,69.17625000000001,69.18,68.855,68.965,1227799.0,interpolated
4298,2025-09-27 22:00:00+00:00,69.17500000000001,69.18,68.84,68.95,1276758.0,interpolated
4299,2025-09-28 00:00:00+00:00,69.17375,69.18,68.825,68.935,1325717.0,interpolated
4300,2025-09-28 02:00:00+00:00,69.1725,69.18,68.81,68.92,1374676.0,interpolated
4301,2025-09-28 04:00:00+00:00,69.17125,69.18,68.795,68.905,1423635.0,interpolated
4302,2025-09-28 06:00:00+00:00,69.17,69.18,68.78,68.89,1472594.0,present
4303,2025-09-28 08:00:00+00:00,68.89,69.03,68.85,68.91,857188.0,present
4304,2025-09-28 10:00:00+00:00,68.92,68.99,68.88,68.99,542572.0,present
4305,2025-09-28 12:00:00+00:00,68.99,69.09,68.95,69.04,482798.0,present
4306,2025-09-28 14:00:00+00:00,69.04,69.1,68.81,69.0,1519979.0,present
4307,2025-09-28 16:00:00+00:00,69.05833333333334,69.10833333333333,68.86666666666667,69.025,1267305.5,interpolated
4308,2025-09-28 18:00:00+00:00,69.07666666666667,69.11666666666666,68.92333333333333,69.05,1014632.0,interpolated
4309,2025-09-28 20:00:00+00:00,69.09500000000001,69.125,68.98,69.075,761958.5000000001,interpolated
4310,2025-09-28 22:00:00+00:00,69.11333333333334,69.13333333333334,69.03666666666668,69.10000000000001,509285.0000000001,interpolated
4311,2025-09-29 00:00:00+00:00,69.13166666666667,69.14166666666667,69.09333333333333,69.125,256611.5,interpolated
4312,2025-09-29 02:00:00+00:00,69.15,69.15,69.15,69.15,3938.0,present
4313,2025-09-29 04:00:00+00:00,69.1,69.14,68.68,68.72,3287459.0,present
4314,2025-09-29 06:00:00+00:00,68.75,69.88,68.55,69.77,17842856.0,present
4315,2025-09-29 08:00:00+00:00,69.77,70.29,69.48,69.58,26700968.0,present
4316,2025-09-29 10:00:00+00:00,69.58,69.9,69.46,69.67,8996606.0,present
4317,2025-09-29 12:00:00+00:00,69.67,69.84,69.0,69.14,9576677.0,present
4318,2025-09-29 14:00:00+00:00,69.13,69.21,68.07,68.29,23474709.0,present
4319,2025-09-29 16:00:00+00:00,68.25,68.45,68.15,68.38,6805835.0,present
4320,2025-09-29 18:00:00+00:00,68.38,68.44,67.9,68.21,9054327.0,present
4321,2025-09-29 20:00:00+00:00,68.2,68.35,68.19,68.2,1664264.0,present
4322,2025-09-29 22:00:00+00:00,68.20666666666666,68.30666666666666,68.2,68.20666666666666,1115240.0,interpolated
4323,2025-09-30 00:00:00+00:00,68.21333333333334,68.26333333333334,68.21,68.21333333333334,566216.0,interpolated
4324,2025-09-30 02:00:00+00:00,68.22,68.22,68.22,68.22,17192.0,present
4325,2025-09-30 04:00:00+00:00,68.22,68.85,68.2,68.56,6082756.0,present
4326,2025-09-30 06:00:00+00:00,68.56,68.8,68.0,68.42,18622820.0,present
4327,2025-09-30 08:00:00+00:00,68.42,68.42,67.5,67.75,21300777.0,present
4328,2025-09-30 10:00:00+00:00,67.75,68.41,67.5,67.92,14333119.0,present
4329,2025-09-30 12:00:00+00:00,67.93,68.45,67.81,68.43,8108318.0,present
4330,2025-09-30 12:00:00+00:00,67.93,68.45,67.81,68.43,8108318.0,present
4331,2025-09-30 14:00:00+00:00,68.44,68.99,68.16,68.67,19094154.0,present
4332,2025-09-30 16:00:00+00:00,68.66,68.67,68.0,68.43,7662905.0,present
4333,2025-09-30 18:00:00+00:00,68.42,68.45,67.95,68.16,5038845.0,present
4334,2025-09-30 20:00:00+00:00,68.18,68.24,68.09,68.16,948493.0,present
4335,2025-09-30 22:00:00+00:00,68.23666666666666,68.27666666666666,68.17666666666666,68.22333333333333,633288.3333333334,interpolated
4336,2025-10-01 00:00:00+00:00,68.29333333333334,68.31333333333333,68.26333333333334,68.28666666666666,318083.66666666674,interpolated
4337,2025-10-01 02:00:00+00:00,68.35,68.35,68.35,68.35,2879.0,present
4338,2025-10-01 04:00:00+00:00,68.33,68.69,68.21,68.46,5132354.0,present
4339,2025-10-01 06:00:00+00:00,68.45,68.67,68.13,68.26,7264410.0,present
4340,2025-10-01 08:00:00+00:00,68.25,68.65,68.16,68.51,8938763.0,present
4341,2025-10-01 10:00:00+00:00,68.51,68.52,68.04,68.08,6494831.0,present
4342,2025-10-01 12:00:00+00:00,68.08,68.29,67.8,68.03,11694774.0,present
4343,2025-10-01 14:00:00+00:00,68.03,68.08,67.65,67.86,12867787.0,present
4344,2025-10-01 16:00:00+00:00,67.85,68.02,67.76,68.01,3574081.0,present
4345,2025-10-01 18:00:00+00:00,68.0,68.01,67.71,67.93,4537165.0,present
4346,2025-10-01 20:00:00+00:00,67.93,68.03,67.82,67.96,1172546.0,present
4347,2025-10-01 22:00:00+00:00,67.94,68.00666666666666,67.86666666666666,67.96,783851.0,interpolated
4348,2025-10-02 00:00:00+00:00,67.95,67.98333333333333,67.91333333333333,67.96,395156.0,interpolated
4349,2025-10-02 02:00:00+00:00,67.96,67.96,67.96,67.96,6461.0,present
4350,2025-10-02 04:00:00+00:00,67.99,68.07,67.36,67.6,9244045.0,present
4351,2025-10-02 06:00:00+00:00,67.6,67.78,67.35,67.66,12131360.0,present
4352,2025-10-02 08:00:00+00:00,67.66,67.83,67.38,67.75,10737405.0,present
4353,2025-10-02 10:00:00+00:00,67.75,67.81,67.46,67.79,6523318.0,present
4354,2025-10-02 12:00:00+00:00,67.79,67.84,67.51,67.6,4563986.0,present
4355,2025-10-02 14:00:00+00:00,67.61,67.99,67.52,67.62,8172010.0,present
4356,2025-10-02 16:00:00+00:00,67.62,67.73,67.5,67.59,3661866.0,present
4357,2025-10-02 18:00:00+00:00,67.59,67.59,67.34,67.5,5006924.0,present
4358,2025-10-02 20:00:00+00:00,67.5,67.53,67.38,67.49,1245457.0,present
4359,2025-10-02 22:00:00+00:00,67.49666666666667,67.51666666666667,67.41666666666666,67.49,832220.0,interpolated
4360,2025-10-03 00:00:00+00:00,67.49333333333333,67.50333333333333,67.45333333333333,67.49,418983.0,interpolated
4361,2025-10-03 02:00:00+00:00,67.49,67.49,67.49,67.49,5746.0,present
4362,2025-10-03 04:00:00+00:00,67.49,67.73,67.42,67.66,1947917.0,present
4363,2025-10-03 06:00:00+00:00,67.65,67.87,67.52,67.77,4639555.0,present
4364,2025-10-03 08:00:00+00:00,67.77,67.78,67.1,67.11,12831652.0,present
4365,2025-10-03 10:00:00+00:00,67.1,67.31,67.05,67.19,10218418.0,present
4366,2025-10-03 12:00:00+00:00,67.17,67.28,66.86,67.01,20761070.0,present
4367,2025-10-03 14:00:00+00:00,67.01,67.09,66.7,66.89,12461653.0,present
4368,2025-10-03 16:00:00+00:00,66.9,66.96,66.55,66.72,12110993.0,present
4369,2025-10-03 18:00:00+00:00,66.73,66.76,66.61,66.65,3306654.0,present
4370,2025-10-03 20:00:00+00:00,66.65,66.69,66.57,66.6,2825312.0,present
4371,2025-10-03 22:00:00+00:00,66.662,66.702,66.44,66.508,3596676.8,interpolated
4372,2025-10-04 00:00:00+00:00,66.674,66.714,66.31,66.416,4368041.6,interpolated
4373,2025-10-04 02:00:00+00:00,66.68599999999999,66.726,66.17999999999999,66.324,5139406.4,interpolated
4374,2025-10-04 04:00:00+00:00,66.698,66.738,66.05,66.232,5910771.199999999,interpolated
4375,2025-10-04 06:00:00+00:00,66.71,66.75,65.92,66.14,6682136.0,present
4376,2025-10-04 08:00:00+00:00,66.14,66.52,65.99,66.02,4244886.0,present
4377,2025-10-04 10:00:00+00:00,66.02,66.09,65.71,65.87,5779794.0,present
4378,2025-10-04 12:00:00+00:00,65.87,66.2,65.8,65.93,4461758.0,present
4379,2025-10-04 14:00:00+00:00,65.93,66.0,65.83,65.99,2060056.0,present
4380,2025-10-04 16:00:00+00:00,65.92500000000001,65.99875,65.81625,65.97999999999999,1991095.25,interpolated
4381,2025-10-04 18:00:00+00:00,65.92,65.9975,65.8025,65.97,1922134.5,interpolated
4382,2025-10-04 20:00:00+00:00,65.915,65.99625,65.78875,65.96,1853173.75,interpolated
4383,2025-10-04 22:00:00+00:00,65.91,65.995,65.775,65.94999999999999,1784213.0,interpolated
4384,2025-10-05 00:00:00+00:00,65.905,65.99374999999999,65.76125,65.94,1715252.25,interpolated
4385,2025-10-05 02:00:00+00:00,65.9,65.99249999999999,65.7475,65.92999999999999,1646291.5,interpolated
4386,2025-10-05 04:00:00+00:00,65.895,65.99125,65.73375,65.92,1577330.75,interpolated
4387,2025-10-05 06:00:00+00:00,65.89,65.99,65.72,65.91,1508370.0,present
4388,2025-10-05 08:00:00+00:00,65.91,66.2,65.83,66.01,3554934.0,present
4389,2025-10-05 10:00:00+00:00,66.03,66.17,66.0,66.14,2224841.0,present
4390,2025-10-05 12:00:00+00:00,66.11,66.4,66.1,66.26,1819848.0,present
4391,2025-10-05 14:00:00+00:00,66.26,66.48,66.21,66.48,2145811.0,present
4392,2025-10-05 16:00:00+00:00,66.315,66.49833333333333,66.27333333333333,66.49833333333333,1791855.8333333333,interpolated
4393,2025-10-05 18:00:00+00:00,66.37,66.51666666666667,66.33666666666666,66.51666666666667,1437900.6666666665,interpolated
4394,2025-10-05 20:00:00+00:00,66.42500000000001,66.53500000000001,66.4,66.53500000000001,1083945.5,interpolated
4395,2025-10-05 22:00:00+00:00,66.48,66.55333333333334,66.46333333333334,66.55333333333334,729990.3333333333,interpolated
4396,2025-10-06 00:00:00+00:00,66.535,66.57166666666667,66.52666666666667,66.57166666666667,376035.16666666674,interpolated
4397,2025-10-06 02:00:00+00:00,66.59,66.59,66.59,66.59,22080.0,present
4398,2025-10-06 04:00:00+00:00,66.59,66.74,66.2,66.55,4159580.0,present
4399,2025-10-06 06:00:00+00:00,66.55,67.2,66.11,66.96,16941992.0,present
4400,2025-10-06 08:00:00+00:00,66.96,67.48,66.85,67.37,15429098.0,present
4401,2025-10-06 10:00:00+00:00,67.38,67.49,66.62,66.78,13915147.0,present
4402,2025-10-06 12:00:00+00:00,66.78,67.67,66.53,67.65,18357920.0,present
4403,2025-10-06 14:00:00+00:00,67.66,67.95,67.29,67.8,18225534.0,present
4404,2025-10-06 16:00:00+00:00,67.81,67.94,67.52,67.71,9674809.0,present
4405,2025-10-06 18:00:00+00:00,67.71,67.83,67.57,67.76,3507975.0,present
4406,2025-10-06 20:00:00+00:00,67.75,67.78,67.45,67.52,2083484.0,present
4407,2025-10-06 22:00:00+00:00,67.62,67.64,67.42,67.46666666666667,1397834.0,interpolated
4408,2025-10-07 00:00:00+00:00,67.49,67.5,67.39,67.41333333333333,712184.0,interpolated
4409,2025-10-07 02:00:00+00:00,67.36,67.36,67.36,67.36,26534.0,present
4410,2025-10-07 04:00:00+00:00,67.36,67.81,67.18,67.81,3896094.0,present
4411,2025-10-07 06:00:00+00:00,67.8,68.09,67.22,67.87,11538630.0,present
4412,2025-10-07 08:00:00+00:00,67.86,68.98,67.86,68.9,27307673.0,present
4413,2025-10-07 10:00:00+00:00,68.89,69.19,68.46,68.57,18004779.0,present
4414,2025-10-07 12:00:00+00:00,68.56,68.88,68.32,68.69,10185830.0,present
4415,2025-10-07 12:00:00+00:00,68.56,68.88,68.32,68.69,10185830.0,present
4416,2025-10-07 14:00:00+00:00,68.69,68.79,68.21,68.61,5681076.0,present
4417,2025-10-07 16:00:00+00:00,68.65,68.69,68.33,68.58,3596894.0,present
4418,2025-10-07 18:00:00+00:00,68.58,68.64,68.39,68.64,1451650.0,present
4419,2025-10-07 20:00:00+00:00,68.64,68.77,68.64,68.7,992644.0,present
4420,2025-10-07 22:00:00+00:00,68.66,68.74666666666667,68.66,68.7,663904.3333333333,interpolated
4421,2025-10-08 00:00:00+00:00,68.68,68.72333333333333,68.68,68.7,335164.6666666666,interpolated
4422,2025-10-08 02:00:00+00:00,68.7,68.7,68.7,68.7,6425.0,present
4423,2025-10-08 04:00:00+00:00,68.7,69.15,68.63,68.89,3511006.0,present
4424,2025-10-08 06:00:00+00:00,68.87,69.06,68.32,68.45,7815097.0,present
4425,2025-10-08 08:00:00+00:00,68.43,68.55,67.8,68.15,23544872.0,present
4426,2025-10-08 10:00:00+00:00,68.14,68.19,67.1,67.16,23261164.0,present
4427,2025-10-08 12:00:00+00:00,67.16,67.35,66.61,66.72,20355913.0,present
4428,2025-10-08 14:00:00+00:00,66.72,66.89,64.87,65.64,53872715.0,present
4429,2025-10-08 16:00:00+00:00,65.63,66.33,65.01,66.21,22054140.0,present
4430,2025-10-08 18:00:00+00:00,66.22,66.56,65.9,66.0,9249294.0,present
4431,2025-10-08 20:00:00+00:00,65.98,66.13,65.92,66.04,2049504.0,present
4432,2025-10-08 22:00:00+00:00,66.07333333333334,66.17333333333333,66.03333333333333,66.11333333333334,1403981.0,interpolated
4433,2025-10-09 00:00:00+00:00,66.16666666666667,66.21666666666667,66.14666666666668,66.18666666666667,758458.0,interpolated
4434,2025-10-09 02:00:00+00:00,66.26,66.26,66.26,66.26,112935.0,present
4435,2025-10-09 04:00:00+00:00,66.25,66.59,65.97,66.18,5856534.0,present
4436,2025-10-09 06:00:00+00:00,66.14,66.54,65.5,65.96,15881363.0,present
4437,2025-10-09 08:00:00+00:00,65.97,67.22,64.9,66.85,41361939.0,present
4438,2025-10-09 10:00:00+00:00,66.85,67.2,66.26,66.75,10771557.0,present
4439,2025-10-09 12:00:00+00:00,66.75,67.62,66.58,67.38,15642947.0,present
