,datetime,open,high,low,close,volume,data_status
0,2024-10-08 12:00:00+00:00,1226.4,1235.0,1220.8,1234.6,246854.0,present
1,2024-10-08 14:00:00+00:00,1234.2,1243.6,1228.0,1239.6,129045.0,present
2,2024-10-08 16:00:00+00:00,1239.2,1247.6,1236.8,1239.6,55195.0,present
3,2024-10-08 18:00:00+00:00,1239.6,1241.2,1237.6,1238.4,16802.0,present
4,2024-10-08 20:00:00+00:00,1238.6,1239.2,1238.4,1239.0,7856.0,present
5,2024-10-08 22:00:00+00:00,1238.6799999999998,1240.72,1236.8000000000002,1239.08,38664.8,interpolated
6,2024-10-09 00:00:00+00:00,1238.76,1242.24,1235.2,1239.16,69473.6,interpolated
7,2024-10-09 02:00:00+00:00,1238.84,1243.76,1233.6000000000001,1239.24,100282.4,interpolated
8,2024-10-09 04:00:00+00:00,1238.92,1245.28,1232.0,1239.3200000000002,131091.2,interpolated
9,2024-10-09 06:00:00+00:00,1239.0,1246.8,1230.4,1239.4,161900.0,present
10,2024-10-09 08:00:00+00:00,1239.4,1244.6,1225.0,1227.8,148128.0,present
11,2024-10-09 10:00:00+00:00,1227.2,1228.2,1216.2,1224.4,113166.0,present
12,2024-10-09 12:00:00+00:00,1225.2,1232.4,1217.8,1219.6,100138.0,present
13,2024-10-09 14:00:00+00:00,1219.6,1222.2,1206.2,1208.0,166711.0,present
14,2024-10-09 16:00:00+00:00,1208.0,1217.8,1207.8,1217.6,47720.0,present
15,2024-10-09 18:00:00+00:00,1217.6,1217.6,1213.4,1216.0,13294.0,present
16,2024-10-09 20:00:00+00:00,1215.8,1225.0,1215.0,1224.0,14960.0,present
17,2024-10-09 22:00:00+00:00,1217.44,1226.72,1215.48,1225.24,29999.6,interpolated
18,2024-10-10 00:00:00+00:00,1219.08,1228.44,1215.96,1226.48,45039.2,interpolated
19,2024-10-10 02:00:00+00:00,1220.72,1230.1599999999999,1216.44,1227.72,60078.8,interpolated
20,2024-10-10 04:00:00+00:00,1222.36,1231.8799999999999,1216.92,1228.96,75118.4,interpolated
21,2024-10-10 06:00:00+00:00,1224.0,1233.6,1217.4,1230.2,90158.0,present
22,2024-10-10 08:00:00+00:00,1230.2,1239.4,1229.0,1233.0,190881.0,present
23,2024-10-10 10:00:00+00:00,1233.0,1233.8,1218.0,1219.8,103818.0,present
24,2024-10-10 12:00:00+00:00,1219.8,1228.0,1217.8,1226.6,106698.0,present
25,2024-10-10 14:00:00+00:00,1226.8,1227.8,1221.2,1221.2,70658.0,present
26,2024-10-10 16:00:00+00:00,1222.0,1228.0,1221.6,1228.0,56849.0,present
27,2024-10-10 18:00:00+00:00,1228.0,1232.2,1227.8,1230.4,13663.0,present
28,2024-10-10 20:00:00+00:00,1230.4,1231.0,1227.8,1228.2,4488.0,present
29,2024-10-10 22:00:00+00:00,1229.1200000000001,1230.36,1225.8799999999999,1226.52,15682.599999999999,interpolated
30,2024-10-11 00:00:00+00:00,1227.8400000000001,1229.72,1223.96,1224.84,26877.199999999997,interpolated
31,2024-10-11 02:00:00+00:00,1226.56,1229.08,1222.04,1223.16,38071.799999999996,interpolated
32,2024-10-11 04:00:00+00:00,1225.28,1228.44,1220.1200000000001,1221.48,49266.399999999994,interpolated
33,2024-10-11 06:00:00+00:00,1224.0,1227.8,1218.2,1219.8,60461.0,present
34,2024-10-11 08:00:00+00:00,1218.8,1221.2,1210.0,1214.0,181115.0,present
35,2024-10-11 10:00:00+00:00,1214.4,1234.0,1212.6,1228.8,231468.0,present
36,2024-10-11 12:00:00+00:00,1229.0,1229.8,1218.0,1219.4,155358.0,present
37,2024-10-11 14:00:00+00:00,1219.6,1224.0,1219.0,1222.0,102672.0,present
38,2024-10-11 16:00:00+00:00,1222.0,1227.6,1221.6,1225.2,26865.0,present
39,2024-10-11 18:00:00+00:00,1225.0,1225.6,1221.0,1222.0,17225.0,present
40,2024-10-11 20:00:00+00:00,1222.0,1223.4,1221.0,1221.0,9082.0,present
41,2024-10-11 22:00:00+00:00,1221.9310344827586,1223.3310344827587,1220.5379310344827,1220.751724137931,12730.103448275862,interpolated
42,2024-10-12 00:00:00+00:00,1221.8620689655172,1223.2620689655173,1220.0758620689655,1220.503448275862,16378.206896551725,interpolated
43,2024-10-12 02:00:00+00:00,1221.7931034482758,1223.193103448276,1219.6137931034482,1220.2551724137932,20026.310344827587,interpolated
44,2024-10-12 04:00:00+00:00,1221.7241379310344,1223.1241379310345,1219.151724137931,1220.0068965517241,23674.41379310345,interpolated
45,2024-10-12 06:00:00+00:00,1221.655172413793,1223.0551724137931,1218.6896551724137,1219.7586206896551,27322.517241379308,interpolated
46,2024-10-12 08:00:00+00:00,1221.5862068965516,1222.9862068965517,1218.2275862068966,1219.510344827586,30970.62068965517,interpolated
47,2024-10-12 10:00:00+00:00,1221.5172413793102,1222.9172413793103,1217.7655172413793,1219.2620689655173,34618.72413793103,interpolated
48,2024-10-12 12:00:00+00:00,1221.448275862069,1222.8482758620692,1217.3034482758621,1219.0137931034483,38266.8275862069,interpolated
49,2024-10-12 14:00:00+00:00,1221.3793103448277,1222.7793103448278,1216.8413793103448,1218.7655172413793,41914.93103448275,interpolated
50,2024-10-12 16:00:00+00:00,1221.3103448275863,1222.7103448275864,1216.3793103448274,1218.5172413793102,45563.034482758616,interpolated
51,2024-10-12 18:00:00+00:00,1221.2413793103449,1222.641379310345,1215.9172413793103,1218.2689655172414,49211.13793103448,interpolated
52,2024-10-12 20:00:00+00:00,1221.1724137931035,1222.5724137931036,1215.455172413793,1218.0206896551724,52859.24137931034,interpolated
53,2024-10-12 22:00:00+00:00,1221.103448275862,1222.5034482758622,1214.9931034482759,1217.7724137931034,56507.3448275862,interpolated
54,2024-10-13 00:00:00+00:00,1221.0344827586207,1222.4344827586208,1214.5310344827585,1217.5241379310344,60155.448275862065,interpolated
55,2024-10-13 02:00:00+00:00,1220.9655172413793,1222.3655172413794,1214.0689655172414,1217.2758620689656,63803.55172413793,interpolated
56,2024-10-13 04:00:00+00:00,1220.896551724138,1222.296551724138,1213.606896551724,1217.0275862068966,67451.6551724138,interpolated
57,2024-10-13 06:00:00+00:00,1220.8275862068965,1222.2275862068966,1213.144827586207,1216.7793103448275,71099.75862068965,interpolated
58,2024-10-13 08:00:00+00:00,1220.7586206896551,1222.1586206896552,1212.6827586206896,1216.5310344827585,74747.8620689655,interpolated
59,2024-10-13 10:00:00+00:00,1220.6896551724137,1222.0896551724138,1212.2206896551725,1216.2827586206897,78395.96551724138,interpolated
60,2024-10-13 12:00:00+00:00,1220.6206896551723,1222.0206896551724,1211.7586206896551,1216.0344827586207,82044.06896551723,interpolated
61,2024-10-13 14:00:00+00:00,1220.551724137931,1221.951724137931,1211.2965517241378,1215.7862068965517,85692.1724137931,interpolated
62,2024-10-13 16:00:00+00:00,1220.4827586206898,1221.8827586206899,1210.8344827586207,1215.5379310344827,89340.27586206896,interpolated
63,2024-10-13 18:00:00+00:00,1220.4137931034484,1221.8137931034485,1210.3724137931033,1215.2896551724139,92988.37931034483,interpolated
64,2024-10-13 20:00:00+00:00,1220.344827586207,1221.744827586207,1209.9103448275862,1215.0413793103448,96636.48275862068,interpolated
65,2024-10-13 22:00:00+00:00,1220.2758620689656,1221.6758620689657,1209.4482758620688,1214.7931034482758,100284.58620689655,interpolated
66,2024-10-14 00:00:00+00:00,1220.2068965517242,1221.6068965517243,1208.9862068965517,1214.5448275862068,103932.6896551724,interpolated
67,2024-10-14 02:00:00+00:00,1220.1379310344828,1221.5379310344829,1208.5241379310344,1214.296551724138,107580.79310344828,interpolated
68,2024-10-14 04:00:00+00:00,1220.0689655172414,1221.4689655172415,1208.0620689655173,1214.048275862069,111228.89655172413,interpolated
69,2024-10-14 06:00:00+00:00,1220.0,1221.4,1207.6,1213.8,114877.0,present
70,2024-10-14 08:00:00+00:00,1213.8,1224.0,1208.0,1219.0,118520.0,present
71,2024-10-14 10:00:00+00:00,1219.2,1230.0,1219.0,1228.4,154590.0,present
72,2024-10-14 12:00:00+00:00,1228.4,1250.0,1227.4,1246.6,231409.0,present
73,2024-10-14 14:00:00+00:00,1246.6,1248.6,1240.0,1243.6,117071.0,present
74,2024-10-14 16:00:00+00:00,1240.8,1244.8,1240.8,1244.0,31025.0,present
75,2024-10-14 18:00:00+00:00,1244.0,1248.4,1242.4,1248.4,32355.0,present
76,2024-10-14 20:00:00+00:00,1248.2,1254.8,1247.4,1248.4,49907.0,present
77,2024-10-14 22:00:00+00:00,1248.08,1254.6,1244.96,1247.8400000000001,75059.8,interpolated
78,2024-10-15 00:00:00+00:00,1247.96,1254.3999999999999,1242.52,1247.28,100212.6,interpolated
79,2024-10-15 02:00:00+00:00,1247.84,1254.2,1240.0800000000002,1246.72,125365.40000000001,interpolated
80,2024-10-15 04:00:00+00:00,1247.72,1254.0,1237.64,1246.1599999999999,150518.2,interpolated
81,2024-10-15 06:00:00+00:00,1247.6,1253.8,1235.2,1245.6,175671.0,present
82,2024-10-15 08:00:00+00:00,1245.6,1261.6,1239.4,1257.8,351556.0,present
83,2024-10-15 10:00:00+00:00,1257.0,1259.0,1248.8,1258.8,101238.0,present
84,2024-10-15 12:00:00+00:00,1259.0,1265.6,1240.0,1240.6,233581.0,present
85,2024-10-15 12:00:00+00:00,1259.0,1265.6,1240.0,1240.6,233581.0,present
86,2024-10-15 14:00:00+00:00,1240.8,1243.2,1232.4,1243.2,284997.0,present
87,2024-10-15 16:00:00+00:00,1241.0,1244.0,1240.2,1242.0,46602.0,present
88,2024-10-15 18:00:00+00:00,1242.2,1243.0,1238.8,1242.4,27440.0,present
89,2024-10-15 20:00:00+00:00,1242.4,1245.0,1237.6,1242.4,30064.0,present
90,2024-10-15 22:00:00+00:00,1242.4,1246.0,1237.6,1242.88,48773.8,interpolated
91,2024-10-16 00:00:00+00:00,1242.4,1247.0,1237.6,1243.3600000000001,67483.6,interpolated
92,2024-10-16 02:00:00+00:00,1242.4,1248.0,1237.6,1243.84,86193.4,interpolated
93,2024-10-16 04:00:00+00:00,1242.4,1249.0,1237.6,1244.32,104903.2,interpolated
94,2024-10-16 06:00:00+00:00,1242.4,1250.0,1237.6,1244.8,123613.0,present
95,2024-10-16 08:00:00+00:00,1245.4,1249.8,1236.0,1237.6,133226.0,present
96,2024-10-16 10:00:00+00:00,1237.6,1241.2,1233.0,1235.8,93869.0,present
97,2024-10-16 12:00:00+00:00,1235.8,1247.0,1235.4,1239.8,71484.0,present
98,2024-10-16 14:00:00+00:00,1240.0,1243.0,1236.6,1238.0,36234.0,present
99,2024-10-16 16:00:00+00:00,1241.0,1245.0,1240.4,1242.6,30234.0,present
100,2024-10-16 18:00:00+00:00,1242.6,1242.6,1240.0,1241.8,4255.0,present
101,2024-10-16 20:00:00+00:00,1241.8,1243.2,1241.8,1243.2,6379.0,present
102,2024-10-16 22:00:00+00:00,1242.12,1243.3600000000001,1237.72,1240.6000000000001,54560.0,interpolated
103,2024-10-17 00:00:00+00:00,1242.44,1243.52,1233.64,1238.0,102741.0,interpolated
104,2024-10-17 02:00:00+00:00,1242.76,1243.68,1229.56,1235.4,150922.0,interpolated
105,2024-10-17 04:00:00+00:00,1243.0800000000002,1243.84,1225.48,1232.8,199103.0,interpolated
106,2024-10-17 06:00:00+00:00,1243.4,1244.0,1221.4,1230.2,247284.0,present
107,2024-10-17 08:00:00+00:00,1224.5,1224.8,1209.3000000000002,1216.7,354857.0,interpolated
108,2024-10-17 10:00:00+00:00,1205.6,1205.6,1197.2,1203.2,462430.0,present
109,2024-10-17 12:00:00+00:00,1203.2,1214.0,1199.2,1199.8,429089.0,present
110,2024-10-17 14:00:00+00:00,1200.0,1202.4,1197.0,1197.0,238227.0,present
111,2024-10-17 16:00:00+00:00,1195.2,1197.6,1188.0,1191.8,200823.0,present
112,2024-10-17 18:00:00+00:00,1191.8,1192.0,1182.6,1190.0,120459.0,present
113,2024-10-17 20:00:00+00:00,1190.0,1191.8,1187.8,1191.0,25549.0,present
114,2024-10-17 22:00:00+00:00,1189.96,1192.24,1184.32,1187.68,102664.79999999999,interpolated
115,2024-10-18 00:00:00+00:00,1189.92,1192.68,1180.84,1184.3600000000001,179780.59999999998,interpolated
116,2024-10-18 02:00:00+00:00,1189.8799999999999,1193.12,1177.3600000000001,1181.04,256896.4,interpolated
117,2024-10-18 04:00:00+00:00,1189.84,1193.56,1173.88,1177.72,334012.19999999995,interpolated
118,2024-10-18 06:00:00+00:00,1189.8,1194.0,1170.4,1174.4,411128.0,present
119,2024-10-18 08:00:00+00:00,1174.4,1194.8,1170.2,1186.8,383372.0,present
120,2024-10-18 10:00:00+00:00,1186.8,1189.2,1173.4,1183.6,247034.0,present
121,2024-10-18 12:00:00+00:00,1183.4,1189.6,1181.6,1186.0,140146.0,present
122,2024-10-18 14:00:00+00:00,1186.0,1204.4,1183.0,1187.4,379502.0,present
123,2024-10-18 16:00:00+00:00,1187.6,1195.0,1187.6,1192.0,46598.0,present
124,2024-10-18 18:00:00+00:00,1192.0,1195.0,1188.0,1194.8,45465.0,present
125,2024-10-18 20:00:00+00:00,1194.6,1196.0,1190.8,1192.2,23948.0,present
126,2024-10-18 22:00:00+00:00,1194.6,1196.5655172413792,1190.4827586206895,1192.5586206896553,43439.75862068965,interpolated
127,2024-10-19 00:00:00+00:00,1194.6,1197.1310344827587,1190.1655172413793,1192.9172413793103,62931.51724137931,interpolated
128,2024-10-19 02:00:00+00:00,1194.6,1197.6965517241379,1189.848275862069,1193.2758620689656,82423.27586206896,interpolated
129,2024-10-19 04:00:00+00:00,1194.6,1198.2620689655173,1189.5310344827585,1193.6344827586206,101915.03448275862,interpolated
130,2024-10-19 06:00:00+00:00,1194.6,1198.8275862068965,1189.2137931034483,1193.9931034482759,121406.79310344828,interpolated
131,2024-10-19 08:00:00+00:00,1194.6,1199.393103448276,1188.896551724138,1194.3517241379311,140898.5517241379,interpolated
132,2024-10-19 10:00:00+00:00,1194.6,1199.9586206896552,1188.5793103448275,1194.7103448275861,160390.31034482757,interpolated
133,2024-10-19 12:00:00+00:00,1194.6,1200.5241379310346,1188.262068965517,1195.0689655172414,179882.06896551725,interpolated
134,2024-10-19 14:00:00+00:00,1194.6,1201.0896551724138,1187.9448275862069,1195.4275862068966,199373.8275862069,interpolated
135,2024-10-19 16:00:00+00:00,1194.6,1201.655172413793,1187.6275862068965,1195.7862068965517,218865.58620689655,interpolated
136,2024-10-19 18:00:00+00:00,1194.6,1202.2206896551725,1187.310344827586,1196.144827586207,238357.3448275862,interpolated
137,2024-10-19 20:00:00+00:00,1194.6,1202.7862068965517,1186.9931034482759,1196.503448275862,257849.10344827586,interpolated
138,2024-10-19 22:00:00+00:00,1194.6,1203.3517241379311,1186.6758620689654,1196.8620689655172,277340.8620689655,interpolated
139,2024-10-20 00:00:00+00:00,1194.6,1203.9172413793103,1186.358620689655,1197.2206896551725,296832.62068965513,interpolated
140,2024-10-20 02:00:00+00:00,1194.6,1204.4827586206898,1186.0413793103448,1197.5793103448275,316324.3793103448,interpolated
141,2024-10-20 04:00:00+00:00,1194.6,1205.048275862069,1185.7241379310344,1197.9379310344827,335816.1379310345,interpolated
142,2024-10-20 06:00:00+00:00,1194.6,1205.6137931034484,1185.406896551724,1198.296551724138,355307.8965517241,interpolated
143,2024-10-20 08:00:00+00:00,1194.6,1206.1793103448276,1185.0896551724138,1198.655172413793,374799.6551724138,interpolated
144,2024-10-20 10:00:00+00:00,1194.6,1206.744827586207,1184.7724137931034,1199.0137931034483,394291.4137931034,interpolated
145,2024-10-20 12:00:00+00:00,1194.6,1207.3103448275863,1184.455172413793,1199.3724137931033,413783.1724137931,interpolated
146,2024-10-20 14:00:00+00:00,1194.6,1207.8758620689655,1184.1379310344828,1199.7310344827586,433274.9310344827,interpolated
147,2024-10-20 16:00:00+00:00,1194.6,1208.441379310345,1183.8206896551724,1200.0896551724138,452766.6896551724,interpolated
148,2024-10-20 18:00:00+00:00,1194.6,1209.0068965517241,1183.503448275862,1200.4482758620688,472258.448275862,interpolated
149,2024-10-20 20:00:00+00:00,1194.6,1209.5724137931036,1183.1862068965515,1200.806896551724,491750.2068965517,interpolated
150,2024-10-20 22:00:00+00:00,1194.6,1210.1379310344828,1182.8689655172413,1201.1655172413793,511241.96551724133,interpolated
151,2024-10-21 00:00:00+00:00,1194.6,1210.7034482758622,1182.551724137931,1201.5241379310344,530733.724137931,interpolated
152,2024-10-21 02:00:00+00:00,1194.6,1211.2689655172414,1182.2344827586205,1201.8827586206896,550225.4827586206,interpolated
153,2024-10-21 04:00:00+00:00,1194.6,1211.8344827586209,1181.9172413793103,1202.2413793103447,569717.2413793103,interpolated
154,2024-10-21 06:00:00+00:00,1194.6,1212.4,1181.6,1202.6,589209.0,present
155,2024-10-21 08:00:00+00:00,1203.0,1223.4,1195.0,1222.0,648844.0,present
156,2024-10-21 10:00:00+00:00,1222.0,1229.0,1206.8,1208.6,551129.0,present
157,2024-10-21 12:00:00+00:00,1208.6,1217.0,1205.8,1212.8,176069.0,present
158,2024-10-21 14:00:00+00:00,1213.2,1213.6,1188.0,1194.2,509294.0,present
159,2024-10-21 16:00:00+00:00,1192.4,1196.6,1192.0,1192.6,77975.0,present
160,2024-10-21 18:00:00+00:00,1192.4,1193.0,1188.8,1190.0,52338.0,present
161,2024-10-21 20:00:00+00:00,1189.8,1190.8,1188.8,1189.8,27151.0,present
162,2024-10-21 22:00:00+00:00,1190.04,1190.8799999999999,1186.72,1188.56,59590.0,interpolated
163,2024-10-22 00:00:00+00:00,1190.28,1190.96,1184.64,1187.32,92029.0,interpolated
164,2024-10-22 02:00:00+00:00,1190.52,1191.04,1182.56,1186.08,124468.00000000001,interpolated
165,2024-10-22 04:00:00+00:00,1190.76,1191.1200000000001,1180.48,1184.84,156907.0,interpolated
166,2024-10-22 06:00:00+00:00,1191.0,1191.2,1178.4,1183.6,189346.0,present
167,2024-10-22 08:00:00+00:00,1183.6,1199.8,1181.2,1193.4,170565.0,present
168,2024-10-22 10:00:00+00:00,1194.2,1196.4,1187.6,1194.4,103522.0,present
169,2024-10-22 12:00:00+00:00,1194.4,1202.0,1194.0,1194.4,211542.0,present
170,2024-10-22 12:00:00+00:00,1194.4,1202.0,1194.0,1194.4,211542.0,present
171,2024-10-22 14:00:00+00:00,1194.8,1197.8,1185.0,1186.8,136587.0,present
172,2024-10-22 16:00:00+00:00,1187.4,1193.6,1185.8,1193.4,35718.0,present
173,2024-10-22 18:00:00+00:00,1193.2,1193.8,1188.6,1189.8,17516.0,present
174,2024-10-22 20:00:00+00:00,1189.8,1192.6,1189.8,1192.4,9189.0,present
175,2024-10-22 22:00:00+00:00,1190.92,1193.1599999999999,1188.84,1191.2,21443.8,interpolated
176,2024-10-23 00:00:00+00:00,1192.04,1193.72,1187.8799999999999,1190.0,33698.6,interpolated
177,2024-10-23 02:00:00+00:00,1193.16,1194.28,1186.92,1188.8000000000002,45953.4,interpolated
178,2024-10-23 04:00:00+00:00,1194.28,1194.8400000000001,1185.96,1187.6000000000001,58208.2,interpolated
179,2024-10-23 06:00:00+00:00,1195.4,1195.4,1185.0,1186.4,70463.0,present
180,2024-10-23 08:00:00+00:00,1186.4,1187.0,1179.4,1181.4,153334.0,present
181,2024-10-23 10:00:00+00:00,1181.2,1184.0,1175.4,1177.6,168710.0,present
182,2024-10-23 12:00:00+00:00,1177.6,1184.6,1177.2,1180.0,79833.0,present
183,2024-10-23 14:00:00+00:00,1180.2,1180.6,1171.4,1176.8,166559.0,present
184,2024-10-23 16:00:00+00:00,1175.0,1175.0,1171.0,1171.4,68002.0,present
185,2024-10-23 18:00:00+00:00,1171.4,1174.6,1170.8,1172.6,33105.0,present
186,2024-10-23 20:00:00+00:00,1172.4,1173.2,1170.8,1172.0,14814.0,present
187,2024-10-23 22:00:00+00:00,1171.92,1172.68,1168.44,1169.6,56245.799999999996,interpolated
188,2024-10-24 00:00:00+00:00,1171.44,1172.16,1166.08,1167.2,97677.59999999999,interpolated
189,2024-10-24 02:00:00+00:00,1170.96,1171.6399999999999,1163.72,1164.8,139109.4,interpolated
190,2024-10-24 04:00:00+00:00,1170.48,1171.12,1161.36,1162.4,180541.19999999998,interpolated
191,2024-10-24 06:00:00+00:00,1170.0,1170.6,1159.0,1160.0,221973.0,present
192,2024-10-24 08:00:00+00:00,1159.8,1169.2,1155.0,1163.2,348218.0,present
193,2024-10-24 10:00:00+00:00,1163.2,1168.8,1161.2,1163.4,221467.0,present
194,2024-10-24 12:00:00+00:00,1163.2,1163.6,1160.0,1161.2,167153.0,present
195,2024-10-24 14:00:00+00:00,1162.0,1179.2,1161.0,1172.8,163365.0,present
196,2024-10-24 16:00:00+00:00,1172.8,1174.6,1172.0,1172.8,25885.0,present
197,2024-10-24 18:00:00+00:00,1172.8,1174.0,1172.0,1172.2,14560.0,present
198,2024-10-24 20:00:00+00:00,1172.2,1174.0,1172.0,1173.8,4874.0,present
199,2024-10-24 22:00:00+00:00,1172.44,1174.68,1171.36,1173.6,15931.6,interpolated
200,2024-10-25 00:00:00+00:00,1172.68,1175.3600000000001,1170.72,1173.3999999999999,26989.2,interpolated
201,2024-10-25 02:00:00+00:00,1172.92,1176.04,1170.08,1173.2,38046.799999999996,interpolated
202,2024-10-25 04:00:00+00:00,1173.16,1176.72,1169.44,1173.0,49104.4,interpolated
203,2024-10-25 06:00:00+00:00,1173.4,1177.4,1168.8,1172.8,60162.0,present
204,2024-10-25 08:00:00+00:00,1172.8,1178.0,1172.6,1177.0,82338.0,present
205,2024-10-25 10:00:00+00:00,1177.6,1178.0,1156.0,1165.8,310173.0,present
206,2024-10-25 12:00:00+00:00,1166.0,1175.0,1146.4,1149.8,386721.0,present
207,2024-10-25 14:00:00+00:00,1149.4,1151.6,1135.2,1144.8,265073.0,present
208,2024-10-25 16:00:00+00:00,1144.0,1149.6,1140.0,1148.2,55005.0,present
209,2024-10-25 18:00:00+00:00,1148.0,1148.0,1140.6,1143.8,29715.0,present
210,2024-10-25 20:00:00+00:00,1144.0,1144.8,1142.0,1144.2,12476.0,present
211,2024-10-25 22:00:00+00:00,1143.7586206896551,1144.5310344827585,1141.2758620689656,1143.4689655172415,19654.896551724138,interpolated
212,2024-10-26 00:00:00+00:00,1143.5172413793102,1144.2620689655173,1140.551724137931,1142.7379310344827,26833.793103448275,interpolated
213,2024-10-26 02:00:00+00:00,1143.2758620689656,1143.9931034482759,1139.8275862068965,1142.0068965517241,34012.68965517241,interpolated
214,2024-10-26 04:00:00+00:00,1143.0344827586207,1143.7241379310344,1139.103448275862,1141.2758620689656,41191.58620689655,interpolated
215,2024-10-26 06:00:00+00:00,1142.7931034482758,1143.455172413793,1138.3793103448277,1140.544827586207,48370.48275862069,interpolated
216,2024-10-26 08:00:00+00:00,1142.551724137931,1143.1862068965518,1137.655172413793,1139.8137931034482,55549.379310344826,interpolated
217,2024-10-26 10:00:00+00:00,1142.3103448275863,1142.9172413793103,1136.9310344827586,1139.0827586206897,62728.275862068964,interpolated
218,2024-10-26 12:00:00+00:00,1142.0689655172414,1142.6482758620689,1136.2068965517242,1138.3517241379311,69907.1724137931,interpolated
219,2024-10-26 14:00:00+00:00,1141.8275862068965,1142.3793103448274,1135.4827586206898,1137.6206896551726,77086.06896551725,interpolated
220,2024-10-26 16:00:00+00:00,1141.5862068965516,1142.1103448275862,1134.7586206896551,1136.8896551724138,84264.96551724138,interpolated
221,2024-10-26 18:00:00+00:00,1141.344827586207,1141.8413793103448,1134.0344827586207,1136.1586206896552,91443.86206896552,interpolated
222,2024-10-26 20:00:00+00:00,1141.103448275862,1141.5724137931034,1133.3103448275863,1135.4275862068966,98622.75862068965,interpolated
223,2024-10-26 22:00:00+00:00,1140.8620689655172,1141.3034482758621,1132.5862068965516,1134.6965517241379,105801.6551724138,interpolated
224,2024-10-27 00:00:00+00:00,1140.6206896551723,1141.0344827586207,1131.8620689655172,1133.9655172413793,112980.55172413793,interpolated
225,2024-10-27 02:00:00+00:00,1140.3793103448277,1140.7655172413793,1131.1379310344828,1133.2344827586207,120159.44827586207,interpolated
226,2024-10-27 04:00:00+00:00,1140.1379310344828,1140.4965517241378,1130.4137931034484,1132.5034482758622,127338.3448275862,interpolated
227,2024-10-27 06:00:00+00:00,1139.896551724138,1140.2275862068966,1129.6896551724137,1131.7724137931034,134517.24137931035,interpolated
228,2024-10-27 08:00:00+00:00,1139.655172413793,1139.9586206896552,1128.9655172413793,1131.0413793103448,141696.1379310345,interpolated
229,2024-10-27 10:00:00+00:00,1139.4137931034484,1139.6896551724137,1128.2413793103449,1130.3103448275863,148875.03448275864,interpolated
230,2024-10-27 12:00:00+00:00,1139.1724137931035,1139.4206896551725,1127.5172413793102,1129.5793103448275,156053.93103448275,interpolated
231,2024-10-27 14:00:00+00:00,1138.9310344827586,1139.151724137931,1126.7931034482758,1128.848275862069,163232.8275862069,interpolated
232,2024-10-27 16:00:00+00:00,1138.6896551724137,1138.8827586206896,1126.0689655172414,1128.1172413793104,170411.72413793104,interpolated
233,2024-10-27 18:00:00+00:00,1138.448275862069,1138.6137931034482,1125.344827586207,1127.3862068965518,177590.6206896552,interpolated
234,2024-10-27 20:00:00+00:00,1138.2068965517242,1138.344827586207,1124.6206896551723,1126.655172413793,184769.5172413793,interpolated
235,2024-10-27 22:00:00+00:00,1137.9655172413793,1138.0758620689655,1123.896551724138,1125.9241379310345,191948.41379310345,interpolated
236,2024-10-28 00:00:00+00:00,1137.7241379310344,1137.806896551724,1123.1724137931035,1125.193103448276,199127.3103448276,interpolated
237,2024-10-28 02:00:00+00:00,1137.4827586206898,1137.5379310344827,1122.448275862069,1124.4620689655173,206306.20689655174,interpolated
238,2024-10-28 04:00:00+00:00,1137.2413793103449,1137.2689655172414,1121.7241379310344,1123.7310344827586,213485.10344827586,interpolated
239,2024-10-28 06:00:00+00:00,1137.0,1137.0,1121.0,1123.0,220664.0,present
240,2024-10-28 08:00:00+00:00,1123.4,1136.0,1120.2,1123.6,229062.0,present
241,2024-10-28 10:00:00+00:00,1123.6,1128.0,1123.0,1123.8,112765.0,present
242,2024-10-28 12:00:00+00:00,1123.8,1134.0,1112.0,1112.8,233943.0,present
243,2024-10-28 14:00:00+00:00,1113.4,1121.6,1101.0,1102.0,208972.0,present
244,2024-10-28 16:00:00+00:00,1102.0,1106.0,1094.2,1101.6,194852.0,present
245,2024-10-28 18:00:00+00:00,1101.2,1105.8,1096.0,1099.0,55268.0,present
246,2024-10-28 20:00:00+00:00,1099.2,1102.8,1099.2,1102.8,5546.0,present
247,2024-10-28 22:00:00+00:00,1100.3600000000001,1104.44,1097.56,1104.12,45890.0,interpolated
248,2024-10-29 00:00:00+00:00,1101.52,1106.08,1095.92,1105.44,86234.0,interpolated
249,2024-10-29 02:00:00+00:00,1102.68,1107.72,1094.28,1106.76,126578.0,interpolated
250,2024-10-29 04:00:00+00:00,1103.84,1109.36,1092.64,1108.0800000000002,166922.0,interpolated
251,2024-10-29 06:00:00+00:00,1105.0,1111.0,1091.0,1109.4,207266.0,present
252,2024-10-29 08:00:00+00:00,1109.2,1122.2,1085.6,1114.0,434436.0,present
253,2024-10-29 10:00:00+00:00,1114.0,1121.6,1105.0,1114.6,179464.0,present
254,2024-10-29 12:00:00+00:00,1114.8,1120.2,1107.0,1113.4,131475.0,present
255,2024-10-29 12:00:00+00:00,1114.8,1120.2,1107.0,1113.4,131475.0,present
256,2024-10-29 14:00:00+00:00,1113.4,1121.0,1111.0,1113.2,78857.0,present
257,2024-10-29 16:00:00+00:00,1114.0,1128.8,1113.4,1126.6,67150.0,present
258,2024-10-29 18:00:00+00:00,1127.0,1129.0,1118.0,1122.0,56147.0,present
259,2024-10-29 20:00:00+00:00,1122.0,1126.4,1120.4,1126.4,12231.0,present
260,2024-10-29 22:00:00+00:00,1123.88,1129.1200000000001,1121.0,1128.24,44053.6,interpolated
261,2024-10-30 00:00:00+00:00,1125.76,1131.8400000000001,1121.6000000000001,1130.08,75876.2,interpolated
262,2024-10-30 02:00:00+00:00,1127.64,1134.56,1122.2,1131.92,107698.79999999999,interpolated
263,2024-10-30 04:00:00+00:00,1129.52,1137.28,1122.8000000000002,1133.76,139521.4,interpolated
264,2024-10-30 06:00:00+00:00,1131.4,1140.0,1123.4,1135.6,171344.0,present
265,2024-10-30 08:00:00+00:00,1135.4,1142.0,1129.2,1137.2,139564.0,present
266,2024-10-30 10:00:00+00:00,1137.8,1138.8,1114.6,1118.8,171068.0,present
267,2024-10-30 12:00:00+00:00,1118.6,1127.0,1114.2,1114.8,69141.0,present
268,2024-10-30 14:00:00+00:00,1115.0,1124.2,1114.8,1123.2,58170.0,present
269,2024-10-30 16:00:00+00:00,1122.2,1122.8,1107.4,1109.2,90752.0,present
270,2024-10-30 18:00:00+00:00,1109.0,1110.8,1102.4,1105.8,44215.0,present
271,2024-10-30 20:00:00+00:00,1105.8,1108.6,1105.4,1107.0,9599.0,present
272,2024-10-30 22:00:00+00:00,1106.04,1111.04,1105.52,1108.4,28306.8,interpolated
273,2024-10-31 00:00:00+00:00,1106.28,1113.48,1105.64,1109.8,47014.6,interpolated
274,2024-10-31 02:00:00+00:00,1106.52,1115.9199999999998,1105.76,1111.2,65722.4,interpolated
275,2024-10-31 04:00:00+00:00,1106.76,1118.36,1105.88,1112.6,84430.2,interpolated
276,2024-10-31 06:00:00+00:00,1107.0,1120.8,1106.0,1114.0,103138.0,present
277,2024-10-31 08:00:00+00:00,1113.0,1116.0,1089.2,1100.8,265564.0,present
278,2024-10-31 10:00:00+00:00,1100.6,1106.6,1087.0,1099.4,201202.0,present
279,2024-10-31 12:00:00+00:00,1099.4,1107.8,1090.8,1094.0,224037.0,present
280,2024-10-31 14:00:00+00:00,1094.0,1097.4,1085.2,1087.6,158758.0,present
281,2024-10-31 16:00:00+00:00,1088.0,1089.6,1078.0,1079.0,65982.0,present
282,2024-10-31 18:00:00+00:00,1079.0,1086.4,1078.6,1084.4,37328.0,present
283,2024-10-31 20:00:00+00:00,1084.2,1086.0,1083.2,1085.6,14128.0,present
284,2024-10-31 22:00:00+00:00,1084.3600000000001,1086.76,1082.32,1084.72,33471.4,interpolated
285,2024-11-01 00:00:00+00:00,1084.52,1087.52,1081.44,1083.84,52814.8,interpolated
286,2024-11-01 02:00:00+00:00,1084.68,1088.28,1080.56,1082.96,72158.2,interpolated
287,2024-11-01 04:00:00+00:00,1084.84,1089.04,1079.68,1082.08,91501.6,interpolated
288,2024-11-01 06:00:00+00:00,1085.0,1089.8,1078.8,1081.2,110845.0,present
289,2024-11-01 08:00:00+00:00,1081.4,1093.4,1076.4,1089.6,178105.0,present
290,2024-11-01 10:00:00+00:00,1089.8,1097.8,1087.0,1091.8,178889.0,present
291,2024-11-01 12:00:00+00:00,1091.8,1095.4,1083.4,1094.0,157706.0,present
292,2024-11-01 14:00:00+00:00,1094.2,1103.0,1092.8,1097.6,227234.0,present
293,2024-11-01 16:00:00+00:00,1096.6,1103.0,1096.6,1098.8,34150.0,present
294,2024-11-01 18:00:00+00:00,1099.0,1102.0,1096.6,1101.8,10717.0,present
295,2024-11-01 20:00:00+00:00,1101.8,1103.4,1099.0,1103.2,9745.0,present
296,2024-11-01 22:00:00+00:00,1101.72,1105.2,1099.48,1103.6000000000001,16857.4,interpolated
297,2024-11-02 00:00:00+00:00,1101.64,1107.0,1099.96,1104.0,23969.800000000003,interpolated
298,2024-11-02 02:00:00+00:00,1101.56,1108.8000000000002,1100.44,1104.4,31082.2,interpolated
299,2024-11-02 04:00:00+00:00,1101.48,1110.6000000000001,1100.92,1104.8,38194.600000000006,interpolated
300,2024-11-02 06:00:00+00:00,1101.4,1112.4,1101.4,1105.2,45307.0,present
301,2024-11-02 08:00:00+00:00,1105.2,1111.0,1105.0,1108.0,36049.0,present
302,2024-11-02 10:00:00+00:00,1108.4,1108.4,1103.0,1106.2,49567.0,present
303,2024-11-02 12:00:00+00:00,1106.8,1107.8,1105.8,1107.4,18169.0,present
304,2024-11-02 14:00:00+00:00,1107.4,1118.0,1107.0,1113.4,64253.0,present
305,2024-11-02 16:00:00+00:00,1113.4,1115.0,1112.8,1113.0,9009.0,present
306,2024-11-02 18:00:00+00:00,1112.8,1114.0,1112.0,1113.8,9469.0,present
307,2024-11-02 20:00:00+00:00,1114.0,1115.6,1111.8,1113.0,7478.0,present
308,2024-11-02 22:00:00+00:00,1113.9793103448276,1116.1517241379308,1111.5310344827585,1113.2344827586207,14200.103448275862,interpolated
309,2024-11-03 00:00:00+00:00,1113.9586206896552,1116.703448275862,1111.2620689655173,1113.4689655172415,20922.206896551725,interpolated
310,2024-11-03 02:00:00+00:00,1113.9379310344827,1117.255172413793,1110.9931034482759,1113.703448275862,27644.310344827587,interpolated
311,2024-11-03 04:00:00+00:00,1113.9172413793103,1117.806896551724,1110.7241379310344,1113.9379310344827,34366.41379310345,interpolated
312,2024-11-03 06:00:00+00:00,1113.896551724138,1118.358620689655,1110.455172413793,1114.1724137931035,41088.51724137931,interpolated
313,2024-11-03 08:00:00+00:00,1113.8758620689655,1118.9103448275862,1110.1862068965518,1114.4068965517242,47810.620689655174,interpolated
314,2024-11-03 10:00:00+00:00,1113.855172413793,1119.4620689655171,1109.9172413793103,1114.6413793103447,54532.724137931036,interpolated
315,2024-11-03 12:00:00+00:00,1113.8344827586207,1120.0137931034483,1109.6482758620689,1114.8758620689655,61254.8275862069,interpolated
316,2024-11-03 14:00:00+00:00,1113.8137931034482,1120.5655172413792,1109.3793103448274,1115.1103448275862,67976.93103448275,interpolated
317,2024-11-03 16:00:00+00:00,1113.7931034482758,1121.1172413793101,1109.1103448275862,1115.344827586207,74699.03448275862,interpolated
318,2024-11-03 18:00:00+00:00,1113.7724137931034,1121.6689655172413,1108.8413793103448,1115.5793103448275,81421.1379310345,interpolated
319,2024-11-03 20:00:00+00:00,1113.751724137931,1122.2206896551722,1108.5724137931034,1115.8137931034482,88143.24137931035,interpolated
320,2024-11-03 22:00:00+00:00,1113.7310344827586,1122.7724137931034,1108.3034482758621,1116.048275862069,94865.34482758622,interpolated
321,2024-11-04 00:00:00+00:00,1113.7103448275861,1123.3241379310343,1108.0344827586207,1116.2827586206897,101587.44827586207,interpolated
322,2024-11-04 02:00:00+00:00,1113.689655172414,1123.8758620689655,1107.7655172413793,1116.5172413793102,108309.55172413794,interpolated
323,2024-11-04 04:00:00+00:00,1113.6689655172415,1124.4275862068964,1107.4965517241378,1116.751724137931,115031.6551724138,interpolated
324,2024-11-04 06:00:00+00:00,1113.648275862069,1124.9793103448276,1107.2275862068966,1116.9862068965517,121753.75862068967,interpolated
325,2024-11-04 08:00:00+00:00,1113.6275862068967,1125.5310344827585,1106.9586206896552,1117.2206896551725,128475.86206896552,interpolated
326,2024-11-04 10:00:00+00:00,1113.6068965517243,1126.0827586206897,1106.6896551724137,1117.455172413793,135197.9655172414,interpolated
327,2024-11-04 12:00:00+00:00,1113.5862068965519,1126.6344827586206,1106.4206896551725,1117.6896551724137,141920.06896551725,interpolated
328,2024-11-04 14:00:00+00:00,1113.5655172413794,1127.1862068965515,1106.151724137931,1117.9241379310345,148642.1724137931,interpolated
329,2024-11-04 16:00:00+00:00,1113.544827586207,1127.7379310344827,1105.8827586206896,1118.1586206896552,155364.275862069,interpolated
330,2024-11-04 18:00:00+00:00,1113.5241379310346,1128.2896551724136,1105.6137931034482,1118.3931034482757,162086.37931034484,interpolated
331,2024-11-04 20:00:00+00:00,1113.5034482758622,1128.8413793103448,1105.344827586207,1118.6275862068965,168808.4827586207,interpolated
332,2024-11-04 22:00:00+00:00,1113.4827586206898,1129.3931034482757,1105.0758620689655,1118.8620689655172,175530.58620689655,interpolated
333,2024-11-05 00:00:00+00:00,1113.4620689655173,1129.9448275862069,1104.806896551724,1119.096551724138,182252.68965517243,interpolated
334,2024-11-05 02:00:00+00:00,1113.441379310345,1130.4965517241378,1104.5379310344827,1119.3310344827585,188974.7931034483,interpolated
335,2024-11-05 04:00:00+00:00,1113.4206896551725,1131.048275862069,1104.2689655172414,1119.5655172413792,195696.89655172414,interpolated
336,2024-11-05 06:00:00+00:00,1113.4,1131.6,1104.0,1119.8,202419.0,present
337,2024-11-05 08:00:00+00:00,1119.8,1125.0,1115.0,1123.6,82845.0,present
338,2024-11-05 10:00:00+00:00,1123.6,1133.6,1120.4,1125.4,120465.0,present
339,2024-11-05 12:00:00+00:00,1125.2,1129.4,1118.4,1121.4,62919.0,present
340,2024-11-05 12:00:00+00:00,1125.2,1129.4,1118.4,1121.4,62919.0,present
341,2024-11-05 14:00:00+00:00,1121.4,1127.0,1117.8,1125.2,36469.0,present
342,2024-11-05 16:00:00+00:00,1125.2,1132.2,1125.2,1128.0,56942.0,present
343,2024-11-05 18:00:00+00:00,1128.0,1129.6,1127.0,1128.4,11618.0,present
344,2024-11-05 20:00:00+00:00,1128.6,1129.0,1127.2,1127.8,5041.0,present
345,2024-11-05 22:00:00+00:00,1132.6666666666665,1134.9333333333334,1130.8333333333333,1133.3666666666666,45247.333333333336,interpolated
346,2024-11-06 00:00:00+00:00,1136.7333333333333,1140.8666666666666,1134.4666666666667,1138.9333333333334,85453.66666666667,interpolated
347,2024-11-06 02:00:00+00:00,1140.8,1146.8,1138.1,1144.5,125660.0,interpolated
348,2024-11-06 04:00:00+00:00,1144.8666666666666,1152.7333333333333,1141.7333333333333,1150.0666666666666,165866.33333333334,interpolated
349,2024-11-06 06:00:00+00:00,1148.9333333333334,1158.6666666666665,1145.3666666666668,1155.6333333333334,206072.66666666666,interpolated
350,2024-11-06 08:00:00+00:00,1153.0,1164.6,1149.0,1161.2,246279.0,present
351,2024-11-06 10:00:00+00:00,1161.2,1168.6,1154.4,1161.0,230739.0,present
352,2024-11-06 12:00:00+00:00,1161.0,1164.4,1150.0,1152.0,219475.0,present
353,2024-11-06 14:00:00+00:00,1152.2,1164.0,1148.2,1158.6,148385.0,present
354,2024-11-06 16:00:00+00:00,1159.2,1163.0,1150.0,1162.2,56328.0,present
355,2024-11-06 18:00:00+00:00,1162.8,1162.8,1150.2,1156.2,27242.0,present
356,2024-11-06 20:00:00+00:00,1156.4,1158.6,1156.2,1158.6,5807.0,present
357,2024-11-06 22:00:00+00:00,1157.1333333333334,1159.5666666666666,1153.7666666666667,1156.7666666666667,24068.0,interpolated
358,2024-11-07 00:00:00+00:00,1157.8666666666668,1160.5333333333333,1151.3333333333333,1154.9333333333332,42329.0,interpolated
359,2024-11-07 02:00:00+00:00,1158.6,1161.5,1148.9,1153.1,60589.99999999999,interpolated
360,2024-11-07 04:00:00+00:00,1159.3333333333333,1162.4666666666667,1146.4666666666667,1151.2666666666667,78851.0,interpolated
361,2024-11-07 06:00:00+00:00,1160.0666666666666,1163.4333333333334,1144.0333333333333,1149.4333333333332,97111.99999999999,interpolated
362,2024-11-07 08:00:00+00:00,1160.8,1164.4,1141.6,1147.6,115373.0,present
363,2024-11-07 10:00:00+00:00,1147.6,1151.6,1141.0,1145.0,150627.0,present
364,2024-11-07 12:00:00+00:00,1145.2,1150.8,1143.0,1150.8,84715.0,present
365,2024-11-07 14:00:00+00:00,1150.8,1168.0,1150.6,1163.4,189142.0,present
366,2024-11-07 16:00:00+00:00,1163.0,1167.0,1161.8,1165.2,43149.0,present
367,2024-11-07 18:00:00+00:00,1165.0,1185.2,1162.4,1173.0,177047.0,present
368,2024-11-07 20:00:00+00:00,1173.2,1177.8,1172.8,1174.0,34048.0,present
369,2024-11-07 22:00:00+00:00,1173.96,1178.6399999999999,1172.6399999999999,1175.2,55935.8,interpolated
370,2024-11-08 00:00:00+00:00,1174.72,1179.48,1172.48,1176.4,77823.6,interpolated
371,2024-11-08 02:00:00+00:00,1175.48,1180.32,1172.32,1177.6,99711.4,interpolated
372,2024-11-08 04:00:00+00:00,1176.24,1181.16,1172.16,1178.8,121599.2,interpolated
373,2024-11-08 06:00:00+00:00,1177.0,1182.0,1172.0,1180.0,143487.0,present
374,2024-11-08 08:00:00+00:00,1180.2,1191.8,1170.2,1185.2,416370.0,present
375,2024-11-08 10:00:00+00:00,1184.4,1188.0,1179.8,1184.4,154414.0,present
376,2024-11-08 12:00:00+00:00,1184.4,1191.6,1183.6,1190.0,97210.0,present
377,2024-11-08 14:00:00+00:00,1190.0,1199.4,1187.2,1192.0,181075.0,present
378,2024-11-08 16:00:00+00:00,1193.8,1206.8,1193.8,1205.4,157962.0,present
379,2024-11-08 18:00:00+00:00,1205.4,1205.4,1199.2,1204.8,37780.0,present
380,2024-11-08 20:00:00+00:00,1204.4,1210.0,1202.2,1209.8,51379.0,present
381,2024-11-08 22:00:00+00:00,1205.151724137931,1210.6896551724137,1202.641379310345,1210.103448275862,57259.31034482759,interpolated
382,2024-11-09 00:00:00+00:00,1205.903448275862,1211.3793103448277,1203.0827586206897,1210.406896551724,63139.620689655174,interpolated
383,2024-11-09 02:00:00+00:00,1206.6551724137933,1212.0689655172414,1203.5241379310346,1210.7103448275861,69019.93103448275,interpolated
384,2024-11-09 04:00:00+00:00,1207.4068965517242,1212.7586206896551,1203.9655172413793,1211.0137931034483,74900.24137931035,interpolated
385,2024-11-09 06:00:00+00:00,1208.1586206896552,1213.448275862069,1204.4068965517242,1211.3172413793102,80780.55172413793,interpolated
386,2024-11-09 08:00:00+00:00,1208.9103448275862,1214.1379310344828,1204.848275862069,1211.6206896551723,86660.8620689655,interpolated
387,2024-11-09 10:00:00+00:00,1209.6620689655174,1214.8275862068965,1205.2896551724139,1211.9241379310345,92541.1724137931,interpolated
388,2024-11-09 12:00:00+00:00,1210.4137931034484,1215.5172413793102,1205.7310344827586,1212.2275862068966,98421.4827586207,interpolated
389,2024-11-09 14:00:00+00:00,1211.1655172413793,1216.2068965517242,1206.1724137931035,1212.5310344827585,104301.79310344828,interpolated
390,2024-11-09 16:00:00+00:00,1211.9172413793103,1216.896551724138,1206.6137931034484,1212.8344827586207,110182.10344827586,interpolated
391,2024-11-09 18:00:00+00:00,1212.6689655172415,1217.5862068965516,1207.0551724137931,1213.1379310344828,116062.41379310345,interpolated
392,2024-11-09 20:00:00+00:00,1213.4206896551725,1218.2758620689656,1207.496551724138,1213.4413793103447,121942.72413793103,interpolated
393,2024-11-09 22:00:00+00:00,1214.1724137931035,1218.9655172413793,1207.9379310344827,1213.7448275862068,127823.03448275862,interpolated
394,2024-11-10 00:00:00+00:00,1214.9241379310345,1219.655172413793,1208.3793103448277,1214.048275862069,133703.3448275862,interpolated
395,2024-11-10 02:00:00+00:00,1215.6758620689657,1220.344827586207,1208.8206896551724,1214.351724137931,139583.6551724138,interpolated
396,2024-11-10 04:00:00+00:00,1216.4275862068966,1221.0344827586207,1209.2620689655173,1214.655172413793,145463.9655172414,interpolated
397,2024-11-10 06:00:00+00:00,1217.1793103448276,1221.7241379310344,1209.703448275862,1214.9586206896552,151344.27586206896,interpolated
398,2024-11-10 08:00:00+00:00,1217.9310344827586,1222.4137931034484,1210.144827586207,1215.262068965517,157224.58620689655,interpolated
399,2024-11-10 10:00:00+00:00,1218.6827586206898,1223.103448275862,1210.5862068965516,1215.5655172413792,163104.89655172412,interpolated
400,2024-11-10 12:00:00+00:00,1219.4344827586208,1223.7931034482758,1211.0275862068966,1215.8689655172413,168985.2068965517,interpolated
401,2024-11-10 14:00:00+00:00,1220.1862068965518,1224.4827586206898,1211.4689655172415,1216.1724137931033,174865.5172413793,interpolated
402,2024-11-10 16:00:00+00:00,1220.9379310344827,1225.1724137931035,1211.9103448275862,1216.4758620689654,180745.8275862069,interpolated
403,2024-11-10 18:00:00+00:00,1221.689655172414,1225.8620689655172,1212.3517241379311,1216.7793103448275,186626.1379310345,interpolated
404,2024-11-10 20:00:00+00:00,1222.441379310345,1226.551724137931,1212.7931034482758,1217.0827586206897,192506.44827586206,interpolated
405,2024-11-10 22:00:00+00:00,1223.193103448276,1227.2413793103449,1213.2344827586207,1217.3862068965516,198386.75862068965,interpolated
406,2024-11-11 00:00:00+00:00,1223.9448275862069,1227.9310344827586,1213.6758620689654,1217.6896551724137,204267.06896551725,interpolated
407,2024-11-11 02:00:00+00:00,1224.696551724138,1228.6206896551723,1214.1172413793104,1217.9931034482759,210147.3793103448,interpolated
408,2024-11-11 04:00:00+00:00,1225.448275862069,1229.3103448275863,1214.558620689655,1218.2965517241378,216027.6896551724,interpolated
409,2024-11-11 06:00:00+00:00,1226.2,1230.0,1215.0,1218.6,221908.0,present
410,2024-11-11 08:00:00+00:00,1218.2,1240.4,1218.0,1233.2,273664.0,present
411,2024-11-11 10:00:00+00:00,1232.2,1239.0,1219.0,1224.0,177284.0,present
412,2024-11-11 12:00:00+00:00,1243.1,1254.2,1235.1,1244.0,292716.5,interpolated
413,2024-11-11 14:00:00+00:00,1254.0,1269.4,1251.2,1264.0,408149.0,present
414,2024-11-11 16:00:00+00:00,1264.0,1267.4,1255.8,1257.6,124538.0,present
415,2024-11-11 18:00:00+00:00,1257.6,1265.0,1256.8,1264.8,62335.0,present
416,2024-11-11 20:00:00+00:00,1264.6,1274.0,1264.4,1272.4,51433.0,present
417,2024-11-11 22:00:00+00:00,1265.6799999999998,1273.2,1260.72,1267.68,108616.20000000001,interpolated
418,2024-11-12 00:00:00+00:00,1266.76,1272.4,1257.04,1262.96,165799.40000000002,interpolated
419,2024-11-12 02:00:00+00:00,1267.84,1271.6,1253.3600000000001,1258.24,222982.6,interpolated
420,2024-11-12 04:00:00+00:00,1268.92,1270.8,1249.68,1253.52,280165.80000000005,interpolated
421,2024-11-12 06:00:00+00:00,1270.0,1270.0,1246.0,1248.8,337349.0,present
422,2024-11-12 08:00:00+00:00,1249.0,1259.0,1237.6,1248.0,374294.0,present
423,2024-11-12 10:00:00+00:00,1248.0,1252.0,1240.4,1243.6,92196.0,present
424,2024-11-12 12:00:00+00:00,1243.8,1245.0,1230.2,1230.6,166161.0,present
425,2024-11-12 12:00:00+00:00,1243.8,1245.0,1230.2,1230.6,166161.0,present
426,2024-11-12 14:00:00+00:00,1230.4,1243.2,1230.2,1235.8,114622.0,present
427,2024-11-12 16:00:00+00:00,1234.2,1235.6,1225.6,1231.0,89128.0,present
428,2024-11-12 18:00:00+00:00,1231.2,1231.2,1220.2,1223.0,73829.0,present
429,2024-11-12 20:00:00+00:00,1223.0,1228.6,1223.0,1228.0,22517.0,present
430,2024-11-12 22:00:00+00:00,1223.52,1229.52,1222.88,1228.6,36138.8,interpolated
431,2024-11-13 00:00:00+00:00,1224.04,1230.44,1222.76,1229.2,49760.6,interpolated
432,2024-11-13 02:00:00+00:00,1224.56,1231.36,1222.64,1229.8,63382.399999999994,interpolated
433,2024-11-13 04:00:00+00:00,1225.08,1232.28,1222.52,1230.4,77004.2,interpolated
434,2024-11-13 06:00:00+00:00,1225.6,1233.2,1222.4,1231.0,90626.0,present
435,2024-11-13 08:00:00+00:00,1230.6,1243.6,1227.0,1234.4,182172.0,present
436,2024-11-13 10:00:00+00:00,1234.6,1239.8,1212.4,1218.4,194120.0,present
437,2024-11-13 12:00:00+00:00,1218.4,1235.8,1213.0,1229.0,161828.0,present
438,2024-11-13 14:00:00+00:00,1228.8,1235.0,1225.4,1229.8,52989.0,present
439,2024-11-13 16:00:00+00:00,1224.4,1227.4,1209.8,1215.0,146095.0,present
440,2024-11-13 18:00:00+00:00,1215.8,1218.0,1212.8,1213.0,16680.0,present
441,2024-11-13 20:00:00+00:00,1213.6,1214.8,1210.0,1211.0,19501.0,present
442,2024-11-13 22:00:00+00:00,1212.6,1215.44,1209.32,1212.04,31838.6,interpolated
443,2024-11-14 00:00:00+00:00,1211.6,1216.08,1208.6399999999999,1213.08,44176.2,interpolated
444,2024-11-14 02:00:00+00:00,1210.6,1216.72,1207.96,1214.1200000000001,56513.8,interpolated
445,2024-11-14 04:00:00+00:00,1209.6,1217.36,1207.28,1215.16,68851.4,interpolated
446,2024-11-14 06:00:00+00:00,1208.6,1218.0,1206.6,1216.2,81189.0,present
447,2024-11-14 08:00:00+00:00,1216.0,1223.8,1213.2,1221.2,52543.0,present
448,2024-11-14 10:00:00+00:00,1221.2,1229.6,1218.8,1222.6,97886.0,present
449,2024-11-14 12:00:00+00:00,1222.8,1225.2,1216.0,1218.0,55060.0,present
450,2024-11-14 14:00:00+00:00,1218.2,1218.8,1196.0,1199.0,126291.0,present
451,2024-11-14 16:00:00+00:00,1200.6,1203.0,1190.2,1195.2,84465.0,present
452,2024-11-14 18:00:00+00:00,1195.2,1202.8,1195.2,1202.0,37352.0,present
453,2024-11-14 20:00:00+00:00,1202.2,1205.0,1200.0,1202.0,12736.0,present
454,2024-11-14 22:00:00+00:00,1202.16,1205.88,1199.28,1202.52,23067.6,interpolated
455,2024-11-15 00:00:00+00:00,1202.1200000000001,1206.76,1198.56,1203.04,33399.2,interpolated
456,2024-11-15 02:00:00+00:00,1202.08,1207.64,1197.8400000000001,1203.56,43730.8,interpolated
457,2024-11-15 04:00:00+00:00,1202.04,1208.52,1197.1200000000001,1204.08,54062.4,interpolated
458,2024-11-15 06:00:00+00:00,1202.0,1209.4,1196.4,1204.6,64394.0,present
459,2024-11-15 08:00:00+00:00,1204.8,1206.2,1193.0,1199.2,118425.0,present
460,2024-11-15 10:00:00+00:00,1199.0,1205.0,1199.0,1203.4,58855.0,present
461,2024-11-15 12:00:00+00:00,1203.4,1235.0,1198.2,1219.6,288525.0,present
462,2024-11-15 14:00:00+00:00,1219.8,1230.2,1217.0,1230.2,163535.0,present
463,2024-11-15 16:00:00+00:00,1230.2,1234.6,1224.0,1224.0,69150.0,present
464,2024-11-15 18:00:00+00:00,1224.0,1231.6,1222.8,1230.8,24094.0,present
465,2024-11-15 20:00:00+00:00,1231.2,1237.8,1230.4,1235.0,22677.0,present
466,2024-11-15 22:00:00+00:00,1230.1241379310345,1237.3310344827585,1229.3241379310346,1234.2413793103449,27814.137931034482,interpolated
467,2024-11-16 00:00:00+00:00,1229.048275862069,1236.8620689655172,1228.248275862069,1233.4827586206898,32951.275862068964,interpolated
468,2024-11-16 02:00:00+00:00,1227.9724137931034,1236.3931034482757,1227.1724137931035,1232.7241379310344,38088.41379310345,interpolated
469,2024-11-16 04:00:00+00:00,1226.896551724138,1235.9241379310345,1226.096551724138,1231.9655172413793,43225.55172413793,interpolated
470,2024-11-16 06:00:00+00:00,1225.8206896551724,1235.455172413793,1225.0206896551724,1231.2068965517242,48362.68965517241,interpolated
471,2024-11-16 08:00:00+00:00,1224.7448275862068,1234.9862068965517,1223.9448275862069,1230.448275862069,53499.8275862069,interpolated
472,2024-11-16 10:00:00+00:00,1223.6689655172413,1234.5172413793102,1222.8689655172413,1229.6896551724137,58636.96551724138,interpolated
473,2024-11-16 12:00:00+00:00,1222.593103448276,1234.048275862069,1221.793103448276,1228.9310344827586,63774.10344827586,interpolated
474,2024-11-16 14:00:00+00:00,1221.5172413793105,1233.5793103448275,1220.7172413793105,1228.1724137931035,68911.24137931035,interpolated
475,2024-11-16 16:00:00+00:00,1220.441379310345,1233.1103448275862,1219.641379310345,1227.4137931034484,74048.37931034483,interpolated
476,2024-11-16 18:00:00+00:00,1219.3655172413794,1232.6413793103447,1218.5655172413794,1226.655172413793,79185.5172413793,interpolated
477,2024-11-16 20:00:00+00:00,1218.2896551724139,1232.1724137931035,1217.489655172414,1225.896551724138,84322.6551724138,interpolated
478,2024-11-16 22:00:00+00:00,1217.2137931034483,1231.703448275862,1216.4137931034484,1225.1379310344828,89459.79310344828,interpolated
479,2024-11-17 00:00:00+00:00,1216.1379310344828,1231.2344827586207,1215.3379310344828,1224.3793103448277,94596.93103448275,interpolated
480,2024-11-17 02:00:00+00:00,1215.0620689655173,1230.7655172413793,1214.2620689655173,1223.6206896551723,99734.06896551725,interpolated
481,2024-11-17 04:00:00+00:00,1213.9862068965517,1230.296551724138,1213.1862068965518,1222.8620689655172,104871.20689655172,interpolated
482,2024-11-17 06:00:00+00:00,1212.9103448275862,1229.8275862068965,1212.1103448275862,1222.103448275862,110008.3448275862,interpolated
483,2024-11-17 08:00:00+00:00,1211.8344827586207,1229.3586206896553,1211.0344827586207,1221.344827586207,115145.48275862068,interpolated
484,2024-11-17 10:00:00+00:00,1210.7586206896551,1228.8896551724138,1209.9586206896552,1220.5862068965516,120282.62068965517,interpolated
485,2024-11-17 12:00:00+00:00,1209.6827586206896,1228.4206896551725,1208.8827586206896,1219.8275862068965,125419.75862068965,interpolated
486,2024-11-17 14:00:00+00:00,1208.606896551724,1227.951724137931,1207.806896551724,1219.0689655172414,130556.89655172413,interpolated
487,2024-11-17 16:00:00+00:00,1207.5310344827587,1227.4827586206898,1206.7310344827588,1218.3103448275863,135694.0344827586,interpolated
488,2024-11-17 18:00:00+00:00,1206.4551724137932,1227.0137931034483,1205.6551724137933,1217.551724137931,140831.1724137931,interpolated
489,2024-11-17 20:00:00+00:00,1205.3793103448277,1226.544827586207,1204.5793103448277,1216.7931034482758,145968.3103448276,interpolated
490,2024-11-17 22:00:00+00:00,1204.3034482758621,1226.0758620689655,1203.5034482758622,1216.0344827586207,151105.4482758621,interpolated
491,2024-11-18 00:00:00+00:00,1203.2275862068966,1225.6068965517243,1202.4275862068966,1215.2758620689656,156242.58620689655,interpolated
492,2024-11-18 02:00:00+00:00,1202.151724137931,1225.1379310344828,1201.3517241379311,1214.5172413793102,161379.72413793104,interpolated
493,2024-11-18 04:00:00+00:00,1201.0758620689655,1224.6689655172415,1200.2758620689656,1213.7586206896551,166516.8620689655,interpolated
494,2024-11-18 06:00:00+00:00,1200.0,1224.2,1199.2,1213.0,171654.0,present
495,2024-11-18 08:00:00+00:00,1213.0,1216.4,1202.0,1202.2,153028.0,present
496,2024-11-18 10:00:00+00:00,1202.0,1217.0,1201.2,1205.8,129275.0,present
497,2024-11-18 12:00:00+00:00,1206.4,1214.0,1202.6,1213.6,113226.0,present
498,2024-11-18 14:00:00+00:00,1213.8,1214.2,1206.6,1206.6,91068.0,present
499,2024-11-18 16:00:00+00:00,1206.6,1208.8,1201.4,1203.6,48945.0,present
500,2024-11-18 18:00:00+00:00,1203.6,1206.2,1195.0,1199.8,60518.0,present
501,2024-11-18 20:00:00+00:00,1199.6,1200.2,1198.0,1199.8,10349.0,present
502,2024-11-18 22:00:00+00:00,1200.08,1200.8,1195.96,1197.8,23391.8,interpolated
503,2024-11-19 00:00:00+00:00,1200.56,1201.4,1193.92,1195.8,36434.6,interpolated
504,2024-11-19 02:00:00+00:00,1201.04,1202.0,1191.8799999999999,1193.8,49477.4,interpolated
505,2024-11-19 04:00:00+00:00,1201.52,1202.6000000000001,1189.84,1191.8,62520.2,interpolated
506,2024-11-19 06:00:00+00:00,1202.0,1203.2,1187.8,1189.8,75563.0,present
507,2024-11-19 08:00:00+00:00,1189.8,1189.8,1180.0,1188.8,155020.0,present
508,2024-11-19 10:00:00+00:00,1189.2,1191.4,1173.2,1175.8,129159.0,present
509,2024-11-19 12:00:00+00:00,1175.8,1181.4,1161.4,1162.8,147054.0,present
510,2024-11-19 12:00:00+00:00,1175.8,1181.4,1161.4,1162.8,147054.0,present
511,2024-11-19 14:00:00+00:00,1162.2,1169.2,1146.2,1147.0,237844.0,present
512,2024-11-19 16:00:00+00:00,1147.0,1158.6,1146.6,1158.4,58655.0,present
513,2024-11-19 18:00:00+00:00,1158.2,1158.8,1152.2,1157.0,27021.0,present
514,2024-11-19 20:00:00+00:00,1157.0,1157.8,1150.4,1152.2,15615.0,present
515,2024-11-19 22:00:00+00:00,1156.52,1158.8799999999999,1150.92,1152.44,41498.2,interpolated
516,2024-11-20 00:00:00+00:00,1156.04,1159.96,1151.44,1152.68,67381.4,interpolated
517,2024-11-20 02:00:00+00:00,1155.56,1161.04,1151.96,1152.92,93264.59999999999,interpolated
518,2024-11-20 04:00:00+00:00,1155.08,1162.1200000000001,1152.48,1153.16,119147.8,interpolated
519,2024-11-20 06:00:00+00:00,1154.6,1163.2,1153.0,1153.4,145031.0,present
520,2024-11-20 08:00:00+00:00,1153.2,1159.8,1150.8,1155.0,103444.0,present
521,2024-11-20 10:00:00+00:00,1155.2,1168.8,1151.6,1156.6,134185.0,present
522,2024-11-20 12:00:00+00:00,1157.0,1160.4,1136.0,1138.4,112888.0,present
523,2024-11-20 14:00:00+00:00,1138.2,1141.4,1132.0,1140.4,143368.0,present
524,2024-11-20 16:00:00+00:00,1127.4,1132.6,1123.6,1129.8000000000002,95053.0,interpolated
525,2024-11-20 18:00:00+00:00,1116.6,1123.8,1115.2,1119.2,46738.0,present
526,2024-11-20 20:00:00+00:00,1119.0,1122.8,1117.8,1120.0,9288.0,present
527,2024-11-20 22:00:00+00:00,1119.68,1124.04,1116.44,1118.32,31443.2,interpolated
528,2024-11-21 00:00:00+00:00,1120.3600000000001,1125.28,1115.08,1116.6399999999999,53598.4,interpolated
529,2024-11-21 02:00:00+00:00,1121.04,1126.52,1113.72,1114.96,75753.6,interpolated
530,2024-11-21 04:00:00+00:00,1121.72,1127.76,1112.36,1113.28,97908.8,interpolated
531,2024-11-21 06:00:00+00:00,1122.4,1129.0,1111.0,1111.6,120064.0,present
532,2024-11-21 08:00:00+00:00,1111.2,1123.4,1097.6,1113.0,379976.0,present
533,2024-11-21 10:00:00+00:00,1113.4,1121.2,1105.2,1106.2,172164.0,present
534,2024-11-21 12:00:00+00:00,1105.8,1115.2,1101.4,1109.6,109025.0,present
535,2024-11-21 14:00:00+00:00,1109.6,1116.2,1095.0,1095.6,231662.0,present
536,2024-11-21 16:00:00+00:00,1097.0,1101.8,1085.0,1099.4,167799.0,present
537,2024-11-21 18:00:00+00:00,1099.4,1122.4,1096.6,1117.6,155290.0,present
538,2024-11-21 20:00:00+00:00,1117.4,1119.8,1113.2,1117.8,35987.0,present
539,2024-11-21 22:00:00+00:00,1118.28,1121.44,1111.92,1117.24,54020.8,interpolated
540,2024-11-22 00:00:00+00:00,1119.16,1123.08,1110.64,1116.68,72054.6,interpolated
541,2024-11-22 02:00:00+00:00,1120.04,1124.72,1109.36,1116.12,90088.4,interpolated
542,2024-11-22 04:00:00+00:00,1120.92,1126.36,1108.08,1115.56,108122.20000000001,interpolated
543,2024-11-22 06:00:00+00:00,1121.8,1128.0,1106.8,1115.0,126156.0,present
544,2024-11-22 08:00:00+00:00,1115.0,1133.4,1108.2,1131.4,169821.0,present
545,2024-11-22 10:00:00+00:00,1131.4,1138.0,1125.6,1128.4,146335.0,present
546,2024-11-22 12:00:00+00:00,1128.0,1129.0,1109.2,1114.6,140625.0,present
547,2024-11-22 14:00:00+00:00,1114.8,1129.6,1114.0,1122.2,119259.0,present
548,2024-11-22 16:00:00+00:00,1124.0,1135.2,1124.0,1128.8,81140.0,present
549,2024-11-22 18:00:00+00:00,1128.8,1135.0,1127.8,1130.4,25125.0,present
550,2024-11-22 20:00:00+00:00,1130.0,1131.4,1125.2,1130.4,43725.0,present
551,2024-11-22 22:00:00+00:00,1130.048275862069,1131.593103448276,1124.848275862069,1129.9655172413793,46474.0,interpolated
552,2024-11-23 00:00:00+00:00,1130.096551724138,1131.786206896552,1124.496551724138,1129.5310344827587,49223.0,interpolated
553,2024-11-23 02:00:00+00:00,1130.144827586207,1131.9793103448276,1124.144827586207,1129.096551724138,51972.0,interpolated
554,2024-11-23 04:00:00+00:00,1130.193103448276,1132.1724137931035,1123.7931034482758,1128.6620689655174,54721.0,interpolated
555,2024-11-23 06:00:00+00:00,1130.2413793103449,1132.3655172413794,1123.441379310345,1128.2275862068966,57470.0,interpolated
556,2024-11-23 08:00:00+00:00,1130.2896551724139,1132.5586206896553,1123.0896551724138,1127.7931034482758,60219.0,interpolated
557,2024-11-23 10:00:00+00:00,1130.3379310344828,1132.7517241379312,1122.7379310344827,1127.3586206896553,62968.0,interpolated
558,2024-11-23 12:00:00+00:00,1130.3862068965518,1132.9448275862069,1122.3862068965518,1126.9241379310345,65717.0,interpolated
559,2024-11-23 14:00:00+00:00,1130.4344827586208,1133.1379310344828,1122.0344827586207,1126.489655172414,68466.0,interpolated
560,2024-11-23 16:00:00+00:00,1130.4827586206898,1133.3310344827587,1121.6827586206896,1126.0551724137931,71215.0,interpolated
561,2024-11-23 18:00:00+00:00,1130.5310344827587,1133.5241379310346,1121.3310344827587,1125.6206896551726,73964.0,interpolated
562,2024-11-23 20:00:00+00:00,1130.5793103448277,1133.7172413793105,1120.9793103448276,1125.1862068965518,76713.0,interpolated
563,2024-11-23 22:00:00+00:00,1130.6275862068967,1133.9103448275862,1120.6275862068965,1124.751724137931,79462.0,interpolated
564,2024-11-24 00:00:00+00:00,1130.6758620689657,1134.103448275862,1120.2758620689656,1124.3172413793104,82211.0,interpolated
565,2024-11-24 02:00:00+00:00,1130.7241379310344,1134.296551724138,1119.9241379310345,1123.8827586206896,84960.0,interpolated
566,2024-11-24 04:00:00+00:00,1130.7724137931034,1134.489655172414,1119.5724137931036,1123.448275862069,87709.0,interpolated
567,2024-11-24 06:00:00+00:00,1130.8206896551724,1134.6827586206896,1119.2206896551725,1123.0137931034483,90458.0,interpolated
568,2024-11-24 08:00:00+00:00,1130.8689655172413,1134.8758620689655,1118.8689655172413,1122.5793103448275,93207.0,interpolated
569,2024-11-24 10:00:00+00:00,1130.9172413793103,1135.0689655172414,1118.5172413793105,1122.144827586207,95956.0,interpolated
570,2024-11-24 12:00:00+00:00,1130.9655172413793,1135.2620689655173,1118.1655172413793,1121.7103448275861,98705.0,interpolated
571,2024-11-24 14:00:00+00:00,1131.0137931034483,1135.4551724137932,1117.8137931034482,1121.2758620689656,101454.0,interpolated
572,2024-11-24 16:00:00+00:00,1131.0620689655173,1135.6482758620689,1117.4620689655173,1120.8413793103448,104203.0,interpolated
573,2024-11-24 18:00:00+00:00,1131.1103448275862,1135.8413793103448,1117.1103448275862,1120.4068965517242,106952.0,interpolated
574,2024-11-24 20:00:00+00:00,1131.1586206896552,1136.0344827586207,1116.7586206896551,1119.9724137931034,109701.0,interpolated
575,2024-11-24 22:00:00+00:00,1131.2068965517242,1136.2275862068966,1116.4068965517242,1119.5379310344827,112450.0,interpolated
576,2024-11-25 00:00:00+00:00,1131.2551724137932,1136.4206896551725,1116.0551724137931,1119.103448275862,115199.0,interpolated
577,2024-11-25 02:00:00+00:00,1131.3034482758621,1136.6137931034482,1115.703448275862,1118.6689655172413,117948.0,interpolated
578,2024-11-25 04:00:00+00:00,1131.3517241379311,1136.806896551724,1115.3517241379311,1118.2344827586207,120697.0,interpolated
579,2024-11-25 06:00:00+00:00,1131.4,1137.0,1115.0,1117.8,123446.0,present
580,2024-11-25 08:00:00+00:00,1118.4,1123.2,1111.6,1119.8,97345.0,present
581,2024-11-25 10:00:00+00:00,1120.4,1120.4,1105.2,1117.4,91022.0,present
582,2024-11-25 12:00:00+00:00,1117.4,1118.6,1107.4,1112.2,61794.0,present
583,2024-11-25 14:00:00+00:00,1112.2,1114.0,1097.0,1108.0,185098.0,present
584,2024-11-25 16:00:00+00:00,1106.0,1107.8,1094.0,1095.8,83275.0,present
585,2024-11-25 18:00:00+00:00,1095.6,1106.0,1095.0,1102.4,58117.0,present
586,2024-11-25 20:00:00+00:00,1103.4,1104.8,1101.4,1101.4,12836.0,present
587,2024-11-25 22:00:00+00:00,1103.44,1106.8,1099.2,1102.3200000000002,52911.6,interpolated
588,2024-11-26 00:00:00+00:00,1103.48,1108.8,1097.0,1103.24,92987.2,interpolated
589,2024-11-26 02:00:00+00:00,1103.52,1110.8,1094.8000000000002,1104.16,133062.8,interpolated
590,2024-11-26 04:00:00+00:00,1103.56,1112.8,1092.6000000000001,1105.08,173138.4,interpolated
591,2024-11-26 06:00:00+00:00,1103.6,1114.8,1090.4,1106.0,213214.0,present
592,2024-11-26 08:00:00+00:00,1105.8,1119.0,1101.2,1102.0,165251.0,present
593,2024-11-26 10:00:00+00:00,1087.3,1099.8,1076.3000000000002,1087.6,269941.0,interpolated
594,2024-11-26 12:00:00+00:00,1068.8,1080.6,1051.4,1073.2,374631.0,present
595,2024-11-26 12:00:00+00:00,1068.8,1080.6,1051.4,1073.2,374631.0,present
596,2024-11-26 14:00:00+00:00,1073.4,1075.2,1062.0,1064.0,210470.0,present
597,2024-11-26 16:00:00+00:00,1065.2,1074.8,1062.8,1065.6,64902.0,present
598,2024-11-26 18:00:00+00:00,1065.2,1071.0,1061.2,1070.8,32986.0,present
599,2024-11-26 20:00:00+00:00,1071.0,1074.6,1069.4,1072.0,15131.0,present
600,2024-11-26 22:00:00+00:00,1071.08,1075.1999999999998,1065.52,1070.36,62993.6,interpolated
601,2024-11-27 00:00:00+00:00,1071.16,1075.8,1061.64,1068.72,110856.2,interpolated
602,2024-11-27 02:00:00+00:00,1071.24,1076.3999999999999,1057.76,1067.08,158718.80000000002,interpolated
603,2024-11-27 04:00:00+00:00,1071.3200000000002,1077.0,1053.88,1065.44,206581.4,interpolated
604,2024-11-27 06:00:00+00:00,1071.4,1077.6,1050.0,1063.8,254444.0,present
605,2024-11-27 08:00:00+00:00,1063.8,1074.8,1050.8,1066.4,410955.0,present
606,2024-11-27 10:00:00+00:00,1067.6,1077.0,1052.8,1066.6,358860.0,present
607,2024-11-27 12:00:00+00:00,1066.8,1076.2,1055.0,1070.0,261824.0,present
608,2024-11-27 14:00:00+00:00,1070.0,1092.0,1058.0,1073.8,222573.0,present
609,2024-11-27 16:00:00+00:00,1083.5,1095.4,1072.6,1086.1,133695.0,interpolated
610,2024-11-27 18:00:00+00:00,1097.0,1098.8,1087.2,1098.4,44817.0,present
611,2024-11-27 20:00:00+00:00,1098.4,1103.6,1091.2,1096.8,40931.0,present
612,2024-11-27 22:00:00+00:00,1099.0800000000002,1105.1999999999998,1089.72,1099.6399999999999,73886.0,interpolated
613,2024-11-28 00:00:00+00:00,1099.76,1106.8,1088.24,1102.48,106841.0,interpolated
614,2024-11-28 02:00:00+00:00,1100.44,1108.3999999999999,1086.76,1105.32,139796.0,interpolated
615,2024-11-28 04:00:00+00:00,1101.12,1110.0,1085.28,1108.16,172751.0,interpolated
616,2024-11-28 06:00:00+00:00,1101.8,1111.6,1083.8,1111.0,205706.0,present
617,2024-11-28 08:00:00+00:00,1111.4,1127.6,1108.8,1122.2,333173.0,present
618,2024-11-28 10:00:00+00:00,1122.6,1123.4,1097.4,1100.4,171112.0,present
619,2024-11-28 12:00:00+00:00,1100.8,1106.0,1087.0,1105.6,156199.0,present
620,2024-11-28 14:00:00+00:00,1105.6,1105.6,1081.2,1092.4,364777.0,present
621,2024-11-28 16:00:00+00:00,1092.4,1102.0,1092.2,1098.6,77629.0,present
622,2024-11-28 18:00:00+00:00,1098.6,1100.0,1095.8,1098.4,20571.0,present
623,2024-11-28 20:00:00+00:00,1098.0,1099.8,1095.6,1095.8,10394.0,present
624,2024-11-28 22:00:00+00:00,1097.6,1101.04,1094.1599999999999,1097.6399999999999,33773.600000000006,interpolated
625,2024-11-29 00:00:00+00:00,1097.2,1102.28,1092.72,1099.48,57153.200000000004,interpolated
626,2024-11-29 02:00:00+00:00,1096.8,1103.52,1091.28,1101.32,80532.8,interpolated
627,2024-11-29 04:00:00+00:00,1096.4,1104.76,1089.8400000000001,1103.16,103912.40000000001,interpolated
628,2024-11-29 06:00:00+00:00,1096.0,1106.0,1088.4,1105.0,127292.0,present
629,2024-11-29 08:00:00+00:00,1105.4,1119.8,1100.6,1111.6,274008.0,present
630,2024-11-29 10:00:00+00:00,1112.0,1121.6,1109.6,1119.0,115745.0,present
631,2024-11-29 12:00:00+00:00,1119.0,1127.8,1116.4,1120.6,150838.0,present
632,2024-11-29 14:00:00+00:00,1121.0,1131.4,1112.6,1116.8,185454.0,present
633,2024-11-29 16:00:00+00:00,1117.0,1127.8,1112.6,1117.4,61310.0,present
634,2024-11-29 18:00:00+00:00,1117.4,1122.4,1117.4,1121.8,14406.0,present
635,2024-11-29 20:00:00+00:00,1121.8,1125.0,1120.0,1123.2,17559.0,present
636,2024-11-29 22:00:00+00:00,1122.144827586207,1125.8,1120.2758620689656,1123.9103448275862,25212.96551724138,interpolated
637,2024-11-30 00:00:00+00:00,1122.4896551724137,1126.6,1120.551724137931,1124.6206896551726,32866.93103448276,interpolated
638,2024-11-30 02:00:00+00:00,1122.8344827586207,1127.4,1120.8275862068965,1125.3310344827587,40520.89655172414,interpolated
639,2024-11-30 04:00:00+00:00,1123.1793103448276,1128.2,1121.103448275862,1126.0413793103448,48174.86206896552,interpolated
640,2024-11-30 06:00:00+00:00,1123.5241379310344,1129.0,1121.3793103448277,1126.751724137931,55828.8275862069,interpolated
641,2024-11-30 08:00:00+00:00,1123.8689655172413,1129.8,1121.655172413793,1127.4620689655173,63482.793103448275,interpolated
642,2024-11-30 10:00:00+00:00,1124.2137931034483,1130.6,1121.9310344827586,1128.1724137931035,71136.75862068965,interpolated
643,2024-11-30 12:00:00+00:00,1124.558620689655,1131.4,1122.2068965517242,1128.8827586206896,78790.72413793104,interpolated
644,2024-11-30 14:00:00+00:00,1124.903448275862,1132.2,1122.4827586206898,1129.5931034482758,86444.68965517242,interpolated
645,2024-11-30 16:00:00+00:00,1125.248275862069,1133.0,1122.7586206896551,1130.3034482758621,94098.6551724138,interpolated
646,2024-11-30 18:00:00+00:00,1125.5931034482758,1133.8,1123.0344827586207,1131.0137931034483,101752.62068965517,interpolated
647,2024-11-30 20:00:00+00:00,1125.9379310344827,1134.6,1123.3103448275863,1131.7241379310344,109406.58620689655,interpolated
648,2024-11-30 22:00:00+00:00,1126.2827586206897,1135.4,1123.5862068965516,1132.4344827586208,117060.55172413794,interpolated
649,2024-12-01 00:00:00+00:00,1126.6275862068965,1136.2,1123.8620689655172,1133.144827586207,124714.51724137932,interpolated
650,2024-12-01 02:00:00+00:00,1126.9724137931034,1137.0,1124.1379310344828,1133.855172413793,132368.4827586207,interpolated
651,2024-12-01 04:00:00+00:00,1127.3172413793102,1137.8,1124.4137931034484,1134.5655172413792,140022.4482758621,interpolated
652,2024-12-01 06:00:00+00:00,1127.6620689655172,1138.6000000000001,1124.6896551724137,1135.2758620689656,147676.41379310345,interpolated
653,2024-12-01 08:00:00+00:00,1128.0068965517241,1139.4,1124.9655172413793,1135.9862068965517,155330.37931034484,interpolated
654,2024-12-01 10:00:00+00:00,1128.351724137931,1140.2,1125.2413793103449,1136.6965517241379,162984.3448275862,interpolated
655,2024-12-01 12:00:00+00:00,1128.6965517241379,1141.0,1125.5172413793102,1137.4068965517242,170638.3103448276,interpolated
656,2024-12-01 14:00:00+00:00,1129.0413793103448,1141.8,1125.7931034482758,1138.1172413793104,178292.275862069,interpolated
657,2024-12-01 16:00:00+00:00,1129.3862068965516,1142.6000000000001,1126.0689655172414,1138.8275862068965,185946.24137931035,interpolated
658,2024-12-01 18:00:00+00:00,1129.7310344827586,1143.4,1126.344827586207,1139.5379310344827,193600.20689655174,interpolated
659,2024-12-01 20:00:00+00:00,1130.0758620689655,1144.2,1126.6206896551723,1140.248275862069,201254.1724137931,interpolated
660,2024-12-01 22:00:00+00:00,1130.4206896551723,1145.0,1126.896551724138,1140.9586206896552,208908.1379310345,interpolated
661,2024-12-02 00:00:00+00:00,1130.7655172413793,1145.8,1127.1724137931035,1141.6689655172413,216562.10344827588,interpolated
662,2024-12-02 02:00:00+00:00,1131.1103448275862,1146.6000000000001,1127.448275862069,1142.3793103448274,224216.06896551725,interpolated
663,2024-12-02 04:00:00+00:00,1131.455172413793,1147.4,1127.7241379310344,1143.0896551724138,231870.03448275864,interpolated
664,2024-12-02 06:00:00+00:00,1131.8,1148.2,1128.0,1143.8,239524.0,present
665,2024-12-02 08:00:00+00:00,1144.0,1146.6,1133.6,1136.0,170735.0,present
666,2024-12-02 10:00:00+00:00,1135.8,1142.6,1132.0,1141.2,123884.0,present
667,2024-12-02 12:00:00+00:00,1141.2,1145.8,1135.2,1138.0,100189.0,present
668,2024-12-02 14:00:00+00:00,1138.0,1141.2,1132.6,1140.0,100384.0,present
669,2024-12-02 16:00:00+00:00,1139.6,1142.6,1137.4,1139.8,34406.0,present
670,2024-12-02 18:00:00+00:00,1139.8,1142.0,1138.2,1142.0,15613.0,present
671,2024-12-02 20:00:00+00:00,1142.0,1143.0,1141.4,1142.8,13402.0,present
672,2024-12-02 22:00:00+00:00,1142.16,1143.48,1137.8400000000001,1139.8,41380.2,interpolated
673,2024-12-03 00:00:00+00:00,1142.32,1143.96,1134.28,1136.8,69358.4,interpolated
674,2024-12-03 02:00:00+00:00,1142.48,1144.44,1130.72,1133.8,97336.6,interpolated
675,2024-12-03 04:00:00+00:00,1142.6399999999999,1144.92,1127.1599999999999,1130.8,125314.8,interpolated
676,2024-12-03 06:00:00+00:00,1142.8,1145.4,1123.6,1127.8,153293.0,present
677,2024-12-03 08:00:00+00:00,1127.6,1127.6,1117.0,1117.6,157532.0,present
678,2024-12-03 10:00:00+00:00,1117.6,1121.8,1115.2,1119.2,77125.0,present
679,2024-12-03 12:00:00+00:00,1119.0,1119.8,1093.2,1099.6,208011.0,present
680,2024-12-03 12:00:00+00:00,1119.0,1119.8,1093.2,1099.6,208011.0,present
681,2024-12-03 14:00:00+00:00,1099.4,1106.8,1092.4,1102.8,132662.0,present
682,2024-12-03 16:00:00+00:00,1103.0,1105.2,1096.2,1097.2,45437.0,present
683,2024-12-03 18:00:00+00:00,1097.4,1098.8,1094.6,1095.4,42845.0,present
684,2024-12-03 20:00:00+00:00,1095.4,1100.0,1095.2,1100.0,10753.0,present
685,2024-12-03 22:00:00+00:00,1095.88,1099.56,1090.8,1097.56,87933.0,interpolated
686,2024-12-04 00:00:00+00:00,1096.3600000000001,1099.12,1086.4,1095.12,165113.0,interpolated
687,2024-12-04 02:00:00+00:00,1096.84,1098.68,1082.0,1092.68,242293.0,interpolated
688,2024-12-04 04:00:00+00:00,1097.32,1098.24,1077.6000000000001,1090.24,319473.0,interpolated
689,2024-12-04 06:00:00+00:00,1097.8,1097.8,1073.2,1087.8,396653.0,present
690,2024-12-04 08:00:00+00:00,1087.6,1102.8,1086.0,1098.4,236606.0,present
691,2024-12-04 10:00:00+00:00,1098.2,1109.2,1097.8,1106.8,100145.0,present
692,2024-12-04 12:00:00+00:00,1106.8,1107.8,1084.2,1086.0,185717.0,present
693,2024-12-04 14:00:00+00:00,1085.6999999999998,1088.9,1069.5,1074.0,204263.0,interpolated
694,2024-12-04 16:00:00+00:00,1064.6,1070.0,1054.8,1062.0,222809.0,present
695,2024-12-04 18:00:00+00:00,1062.2,1064.6,1058.6,1061.2,30099.0,present
696,2024-12-04 20:00:00+00:00,1061.2,1062.0,1058.0,1058.0,16553.0,present
697,2024-12-04 22:00:00+00:00,1060.56,1063.4,1056.6,1058.8,58976.399999999994,interpolated
698,2024-12-05 00:00:00+00:00,1059.92,1064.8,1055.2,1059.6,101399.79999999999,interpolated
699,2024-12-05 02:00:00+00:00,1059.28,1066.2,1053.8,1060.4,143823.2,interpolated
700,2024-12-05 04:00:00+00:00,1058.64,1067.6,1052.4,1061.2,186246.59999999998,interpolated
701,2024-12-05 06:00:00+00:00,1058.0,1069.0,1051.0,1062.0,228670.0,present
702,2024-12-05 08:00:00+00:00,1062.0,1073.8,1057.2,1060.0,199009.0,present
703,2024-12-05 10:00:00+00:00,1060.4,1066.8,1043.6,1046.4,222170.0,present
704,2024-12-05 12:00:00+00:00,1046.4,1070.0,1040.4,1064.4,285841.0,present
705,2024-12-05 14:00:00+00:00,1064.8,1088.8,1064.8,1077.8,254851.0,present
706,2024-12-05 16:00:00+00:00,1077.0,1087.4,1077.0,1079.4,73481.0,present
707,2024-12-05 18:00:00+00:00,1079.4,1084.0,1079.0,1084.0,26516.0,present
708,2024-12-05 20:00:00+00:00,1083.8,1084.0,1080.2,1081.6,9938.0,present
709,2024-12-05 22:00:00+00:00,1083.8,1087.12,1079.44,1084.84,36080.2,interpolated
710,2024-12-06 00:00:00+00:00,1083.8,1090.24,1078.68,1088.08,62222.4,interpolated
711,2024-12-06 02:00:00+00:00,1083.8,1093.36,1077.92,1091.32,88364.59999999999,interpolated
712,2024-12-06 04:00:00+00:00,1083.8,1096.48,1077.16,1094.56,114506.8,interpolated
713,2024-12-06 06:00:00+00:00,1083.8,1099.6,1076.4,1097.8,140649.0,present
714,2024-12-06 08:00:00+00:00,1097.8,1107.0,1082.2,1086.2,374022.0,present
715,2024-12-06 10:00:00+00:00,1086.2,1103.8,1078.0,1099.4,193852.0,present
716,2024-12-06 12:00:00+00:00,1100.6,1104.8,1087.0,1097.2,143419.0,present
717,2024-12-06 14:00:00+00:00,1097.2,1104.8,1094.4,1100.4,76015.0,present
718,2024-12-06 16:00:00+00:00,1100.0,1102.0,1099.0,1100.4,20374.0,present
719,2024-12-06 18:00:00+00:00,1100.2,1100.6,1096.2,1097.6,32282.0,present
720,2024-12-06 20:00:00+00:00,1097.6,1098.2,1096.4,1097.4,7036.0,present
721,2024-12-06 22:00:00+00:00,1097.6827586206896,1098.8,1096.5241379310346,1098.0275862068966,11815.655172413793,interpolated
722,2024-12-07 00:00:00+00:00,1097.7655172413793,1099.4,1096.648275862069,1098.6551724137933,16595.310344827587,interpolated
723,2024-12-07 02:00:00+00:00,1097.848275862069,1100.0,1096.7724137931036,1099.2827586206897,21374.96551724138,interpolated
724,2024-12-07 04:00:00+00:00,1097.9310344827586,1100.6000000000001,1096.896551724138,1099.9103448275862,26154.620689655174,interpolated
725,2024-12-07 06:00:00+00:00,1098.0137931034483,1101.2,1097.0206896551724,1100.5379310344829,30934.275862068967,interpolated
726,2024-12-07 08:00:00+00:00,1098.096551724138,1101.8,1097.144827586207,1101.1655172413793,35713.93103448276,interpolated
727,2024-12-07 10:00:00+00:00,1098.1793103448276,1102.4,1097.2689655172414,1101.7931034482758,40493.58620689655,interpolated
728,2024-12-07 12:00:00+00:00,1098.262068965517,1103.0,1097.393103448276,1102.4206896551725,45273.24137931035,interpolated
729,2024-12-07 14:00:00+00:00,1098.3448275862067,1103.6,1097.5172413793105,1103.048275862069,50052.89655172414,interpolated
730,2024-12-07 16:00:00+00:00,1098.4275862068964,1104.2,1097.641379310345,1103.6758620689654,54832.551724137935,interpolated
731,2024-12-07 18:00:00+00:00,1098.510344827586,1104.8,1097.7655172413793,1104.3034482758621,59612.206896551725,interpolated
732,2024-12-07 20:00:00+00:00,1098.5931034482758,1105.4,1097.8896551724138,1104.9310344827586,64391.86206896552,interpolated
733,2024-12-07 22:00:00+00:00,1098.6758620689654,1106.0,1098.0137931034483,1105.558620689655,69171.5172413793,interpolated
734,2024-12-08 00:00:00+00:00,1098.7586206896551,1106.6,1098.1379310344828,1106.1862068965518,73951.1724137931,interpolated
735,2024-12-08 02:00:00+00:00,1098.8413793103448,1107.2,1098.2620689655173,1106.8137931034482,78730.8275862069,interpolated
736,2024-12-08 04:00:00+00:00,1098.9241379310345,1107.8,1098.3862068965518,1107.441379310345,83510.4827586207,interpolated
737,2024-12-08 06:00:00+00:00,1099.0068965517241,1108.3999999999999,1098.5103448275863,1108.0689655172414,88290.13793103448,interpolated
738,2024-12-08 08:00:00+00:00,1099.0896551724138,1109.0,1098.6344827586208,1108.6965517241379,93069.79310344828,interpolated
739,2024-12-08 10:00:00+00:00,1099.1724137931035,1109.6,1098.7586206896551,1109.3241379310346,97849.44827586207,interpolated
740,2024-12-08 12:00:00+00:00,1099.2551724137932,1110.2,1098.8827586206896,1109.951724137931,102629.10344827587,interpolated
741,2024-12-08 14:00:00+00:00,1099.3379310344828,1110.8,1099.0068965517241,1110.5793103448275,107408.75862068965,interpolated
742,2024-12-08 16:00:00+00:00,1099.4206896551723,1111.3999999999999,1099.1310344827587,1111.2068965517242,112188.41379310345,interpolated
743,2024-12-08 18:00:00+00:00,1099.503448275862,1112.0,1099.2551724137932,1111.8344827586207,116968.06896551725,interpolated
744,2024-12-08 20:00:00+00:00,1099.5862068965516,1112.6,1099.3793103448277,1112.4620689655171,121747.72413793104,interpolated
745,2024-12-08 22:00:00+00:00,1099.6689655172413,1113.1999999999998,1099.5034482758622,1113.0896551724138,126527.37931034483,interpolated
746,2024-12-09 00:00:00+00:00,1099.751724137931,1113.8,1099.6275862068965,1113.7172413793103,131307.0344827586,interpolated
747,2024-12-09 02:00:00+00:00,1099.8344827586207,1114.3999999999999,1099.751724137931,1114.3448275862067,136086.6896551724,interpolated
748,2024-12-09 04:00:00+00:00,1099.9172413793103,1115.0,1099.8758620689655,1114.9724137931034,140866.3448275862,interpolated
749,2024-12-09 06:00:00+00:00,1100.0,1115.6,1100.0,1115.6,145646.0,present
750,2024-12-09 08:00:00+00:00,1115.8,1120.0,1106.0,1111.2,223466.0,present
751,2024-12-09 10:00:00+00:00,1111.0,1119.0,1111.0,1117.6,76818.0,present
752,2024-12-09 12:00:00+00:00,1117.6,1127.0,1109.8,1126.8,216072.0,present
753,2024-12-09 14:00:00+00:00,1126.8,1128.6,1119.2,1127.8,102182.0,present
754,2024-12-09 16:00:00+00:00,1127.8,1127.8,1120.2,1121.0,38410.0,present
755,2024-12-09 18:00:00+00:00,1121.0,1125.0,1120.2,1124.8,20056.0,present
756,2024-12-09 20:00:00+00:00,1125.0,1125.8,1124.2,1125.8,7261.0,present
757,2024-12-09 22:00:00+00:00,1125.48,1126.32,1121.8,1123.1599999999999,45674.799999999996,interpolated
758,2024-12-10 00:00:00+00:00,1125.96,1126.84,1119.4,1120.52,84088.59999999999,interpolated
759,2024-12-10 02:00:00+00:00,1126.44,1127.3600000000001,1117.0,1117.8799999999999,122502.4,interpolated
760,2024-12-10 04:00:00+00:00,1126.92,1127.88,1114.6000000000001,1115.24,160916.19999999998,interpolated
761,2024-12-10 06:00:00+00:00,1127.4,1128.4,1112.2,1112.6,199330.0,present
762,2024-12-10 08:00:00+00:00,1112.2,1116.8,1102.0,1107.6,228690.0,present
763,2024-12-10 10:00:00+00:00,1107.2,1111.0,1100.0,1105.6,221903.0,present
764,2024-12-10 12:00:00+00:00,1105.8,1119.2,1102.4,1112.0,173269.0,present
765,2024-12-10 12:00:00+00:00,1105.8,1119.2,1102.4,1112.0,173269.0,present
766,2024-12-10 14:00:00+00:00,1112.0,1118.0,1101.0,1106.0,114131.0,present
767,2024-12-10 16:00:00+00:00,1107.0,1108.2,1103.6,1108.2,20153.0,present
768,2024-12-10 18:00:00+00:00,1108.2,1108.8,1105.4,1106.4,14473.0,present
769,2024-12-10 20:00:00+00:00,1106.4,1106.4,1090.4,1098.8,81579.0,present
770,2024-12-10 22:00:00+00:00,1104.72,1105.04,1089.72,1096.92,81996.6,interpolated
771,2024-12-11 00:00:00+00:00,1103.04,1103.68,1089.04,1095.04,82414.2,interpolated
772,2024-12-11 02:00:00+00:00,1101.3600000000001,1102.32,1088.3600000000001,1093.16,82831.8,interpolated
773,2024-12-11 04:00:00+00:00,1099.68,1100.96,1087.68,1091.28,83249.4,interpolated
774,2024-12-11 06:00:00+00:00,1098.0,1099.6,1087.0,1089.4,83667.0,present
775,2024-12-11 08:00:00+00:00,1089.4,1106.8,1083.0,1099.2,193773.0,present
776,2024-12-11 10:00:00+00:00,1099.6,1099.8,1087.0,1089.8,87288.0,present
777,2024-12-11 12:00:00+00:00,1089.8,1100.2,1089.6,1099.6,87939.0,present
778,2024-12-11 14:00:00+00:00,1099.6,1104.8,1087.0,1093.8,100785.0,present
779,2024-12-11 16:00:00+00:00,1092.0,1103.2,1084.4,1100.4,103688.0,present
780,2024-12-11 18:00:00+00:00,1100.2,1102.8,1099.8,1102.6,41333.0,present
781,2024-12-11 20:00:00+00:00,1102.6,1104.0,1101.8,1103.2,12012.0,present
782,2024-12-11 22:00:00+00:00,1102.36,1105.48,1101.1599999999999,1104.6000000000001,24296.800000000003,interpolated
783,2024-12-12 00:00:00+00:00,1102.12,1106.96,1100.52,1106.0,36581.600000000006,interpolated
784,2024-12-12 02:00:00+00:00,1101.88,1108.44,1099.8799999999999,1107.4,48866.4,interpolated
785,2024-12-12 04:00:00+00:00,1101.64,1109.92,1099.24,1108.8,61151.200000000004,interpolated
786,2024-12-12 06:00:00+00:00,1101.4,1111.4,1098.6,1110.2,73436.0,present
787,2024-12-12 08:00:00+00:00,1110.2,1114.8,1097.2,1101.8,160349.0,present
788,2024-12-12 10:00:00+00:00,1101.4,1105.4,1091.0,1092.8,75706.0,present
789,2024-12-12 12:00:00+00:00,1092.4,1099.6,1090.4,1093.0,59118.0,present
790,2024-12-12 14:00:00+00:00,1093.0,1093.0,1081.0,1082.8,97740.0,present
791,2024-12-12 16:00:00+00:00,1082.6,1089.4,1081.6,1085.2,32623.0,present
792,2024-12-12 18:00:00+00:00,1085.2,1085.6,1081.0,1082.8,16698.0,present
793,2024-12-12 20:00:00+00:00,1082.6,1083.4,1081.0,1083.0,8847.0,present
794,2024-12-12 22:00:00+00:00,1082.72,1083.52,1080.0,1082.32,26474.0,interpolated
795,2024-12-13 00:00:00+00:00,1082.84,1083.64,1079.0,1081.6399999999999,44101.0,interpolated
796,2024-12-13 02:00:00+00:00,1082.96,1083.76,1078.0,1080.96,61727.99999999999,interpolated
797,2024-12-13 04:00:00+00:00,1083.08,1083.88,1077.0,1080.28,79355.0,interpolated
798,2024-12-13 06:00:00+00:00,1083.2,1084.0,1076.0,1079.6,96982.0,present
799,2024-12-13 08:00:00+00:00,1079.6,1088.0,1079.6,1086.6,93829.0,present
800,2024-12-13 10:00:00+00:00,1086.4,1093.8,1085.6,1092.0,66945.0,present
801,2024-12-13 12:00:00+00:00,1091.8,1092.0,1081.2,1082.4,92352.0,present
802,2024-12-13 14:00:00+00:00,1082.6,1093.0,1082.0,1093.0,77728.0,present
803,2024-12-13 16:00:00+00:00,1092.6,1097.2,1090.4,1094.6,39377.0,present
804,2024-12-13 18:00:00+00:00,1095.0,1095.2,1090.2,1091.4,21899.0,present
805,2024-12-13 20:00:00+00:00,1091.2,1091.2,1089.2,1091.2,12163.0,present
806,2024-12-13 22:00:00+00:00,1091.0551724137931,1091.1655172413793,1088.7931034482758,1090.9172413793103,14991.206896551725,interpolated
807,2024-12-14 00:00:00+00:00,1090.9103448275862,1091.1310344827587,1088.3862068965518,1090.6344827586208,17819.41379310345,interpolated
808,2024-12-14 02:00:00+00:00,1090.7655172413793,1091.096551724138,1087.9793103448276,1090.3517241379311,20647.620689655174,interpolated
809,2024-12-14 04:00:00+00:00,1090.6206896551726,1091.0620689655173,1087.5724137931036,1090.0689655172414,23475.8275862069,interpolated
810,2024-12-14 06:00:00+00:00,1090.4758620689656,1091.0275862068966,1087.1655172413793,1089.7862068965517,26304.034482758623,interpolated
811,2024-12-14 08:00:00+00:00,1090.3310344827587,1090.9931034482759,1086.7586206896551,1089.5034482758622,29132.241379310344,interpolated
812,2024-12-14 10:00:00+00:00,1090.1862068965518,1090.9586206896552,1086.3517241379311,1089.2206896551725,31960.44827586207,interpolated
813,2024-12-14 12:00:00+00:00,1090.0413793103448,1090.9241379310345,1085.9448275862069,1088.9379310344827,34788.6551724138,interpolated
814,2024-12-14 14:00:00+00:00,1089.896551724138,1090.8896551724138,1085.5379310344829,1088.655172413793,37616.86206896552,interpolated
815,2024-12-14 16:00:00+00:00,1089.751724137931,1090.855172413793,1085.1310344827587,1088.3724137931035,40445.06896551725,interpolated
816,2024-12-14 18:00:00+00:00,1089.6068965517243,1090.8206896551724,1084.7241379310346,1088.0896551724138,43273.275862068964,interpolated
817,2024-12-14 20:00:00+00:00,1089.4620689655173,1090.7862068965517,1084.3172413793104,1087.806896551724,46101.48275862069,interpolated
818,2024-12-14 22:00:00+00:00,1089.3172413793104,1090.751724137931,1083.9103448275862,1087.5241379310346,48929.68965517241,interpolated
819,2024-12-15 00:00:00+00:00,1089.1724137931035,1090.7172413793103,1083.5034482758622,1087.2413793103449,51757.89655172414,interpolated
820,2024-12-15 02:00:00+00:00,1089.0275862068966,1090.6827586206898,1083.096551724138,1086.9586206896552,54586.10344827586,interpolated
821,2024-12-15 04:00:00+00:00,1088.8827586206896,1090.648275862069,1082.689655172414,1086.6758620689654,57414.31034482759,interpolated
822,2024-12-15 06:00:00+00:00,1088.7379310344827,1090.6137931034484,1082.2827586206897,1086.393103448276,60242.51724137931,interpolated
823,2024-12-15 08:00:00+00:00,1088.5931034482758,1090.5793103448277,1081.8758620689655,1086.1103448275862,63070.724137931036,interpolated
824,2024-12-15 10:00:00+00:00,1088.448275862069,1090.544827586207,1081.4689655172415,1085.8275862068965,65898.93103448275,interpolated
825,2024-12-15 12:00:00+00:00,1088.3034482758621,1090.5103448275863,1081.0620689655173,1085.544827586207,68727.1379310345,interpolated
826,2024-12-15 14:00:00+00:00,1088.1586206896552,1090.4758620689656,1080.6551724137933,1085.2620689655173,71555.3448275862,interpolated
827,2024-12-15 16:00:00+00:00,1088.0137931034483,1090.441379310345,1080.248275862069,1084.9793103448276,74383.55172413793,interpolated
828,2024-12-15 18:00:00+00:00,1087.8689655172413,1090.4068965517242,1079.841379310345,1084.6965517241379,77211.75862068965,interpolated
829,2024-12-15 20:00:00+00:00,1087.7241379310344,1090.3724137931035,1079.4344827586208,1084.4137931034484,80039.96551724138,interpolated
830,2024-12-15 22:00:00+00:00,1087.5793103448275,1090.3379310344828,1079.0275862068966,1084.1310344827587,82868.1724137931,interpolated
831,2024-12-16 00:00:00+00:00,1087.4344827586208,1090.3034482758621,1078.6206896551726,1083.848275862069,85696.37931034483,interpolated
832,2024-12-16 02:00:00+00:00,1087.2896551724139,1090.2689655172414,1078.2137931034483,1083.5655172413792,88524.58620689655,interpolated
833,2024-12-16 04:00:00+00:00,1087.144827586207,1090.2344827586207,1077.8068965517243,1083.2827586206897,91352.79310344828,interpolated
834,2024-12-16 06:00:00+00:00,1087.0,1090.2,1077.4,1083.0,94181.0,present
835,2024-12-16 08:00:00+00:00,1072.7,1078.3000000000002,1066.2,1070.0,109974.5,interpolated
836,2024-12-16 10:00:00+00:00,1058.4,1066.4,1055.0,1057.0,125768.0,present
837,2024-12-16 12:00:00+00:00,1056.8,1070.2,1050.6,1067.2,193882.0,present
838,2024-12-16 14:00:00+00:00,1067.0,1074.6,1062.6,1066.8,152420.0,present
839,2024-12-16 16:00:00+00:00,1066.8,1073.4,1059.0,1068.8,96785.0,present
840,2024-12-16 18:00:00+00:00,1068.8,1070.0,1058.8,1058.8,56247.0,present
841,2024-12-16 20:00:00+00:00,1058.8,1059.0,1054.2,1054.4,35990.0,present
842,2024-12-16 22:00:00+00:00,1051.2333333333333,1053.3333333333333,1047.0,1049.1000000000001,56221.66666666667,interpolated
843,2024-12-17 00:00:00+00:00,1043.6666666666665,1047.6666666666667,1039.8,1043.8000000000002,76453.33333333334,interpolated
844,2024-12-17 02:00:00+00:00,1036.1,1042.0,1032.6,1038.5,96685.0,interpolated
845,2024-12-17 04:00:00+00:00,1028.5333333333333,1036.3333333333333,1025.4,1033.2,116916.66666666667,interpolated
846,2024-12-17 06:00:00+00:00,1020.9666666666667,1030.6666666666667,1018.2,1027.9,137148.33333333334,interpolated
847,2024-12-17 08:00:00+00:00,1013.4,1025.0,1011.0,1022.6,157380.0,present
848,2024-12-17 10:00:00+00:00,1022.4,1024.0,1014.0,1017.8,113102.0,present
849,2024-12-17 12:00:00+00:00,1017.6,1020.4,1008.6,1010.6,128609.0,present
850,2024-12-17 12:00:00+00:00,1017.6,1020.4,1008.6,1010.6,128609.0,present
851,2024-12-17 14:00:00+00:00,1010.6,1018.0,1007.4,1012.6,100966.0,present
852,2024-12-17 16:00:00+00:00,1012.8,1018.0,1011.4,1018.0,27085.0,present
853,2024-12-17 18:00:00+00:00,1018.0,1018.4,1015.0,1016.0,30184.0,present
854,2024-12-17 20:00:00+00:00,1016.0,1016.6,1015.0,1016.4,8825.0,present
855,2024-12-17 22:00:00+00:00,1016.44,1018.12,1015.0,1016.56,29682.600000000002,interpolated
856,2024-12-18 00:00:00+00:00,1016.88,1019.64,1015.0,1016.72,50540.200000000004,interpolated
857,2024-12-18 02:00:00+00:00,1017.32,1021.1600000000001,1015.0,1016.88,71397.8,interpolated
858,2024-12-18 04:00:00+00:00,1017.76,1022.6800000000001,1015.0,1017.0400000000001,92255.40000000001,interpolated
859,2024-12-18 06:00:00+00:00,1018.2,1024.2,1015.0,1017.2,113113.0,present
860,2024-12-18 08:00:00+00:00,1017.2,1025.0,1016.0,1024.0,99427.0,present
861,2024-12-18 10:00:00+00:00,1023.4,1026.8,1021.0,1023.8,123408.0,present
862,2024-12-18 12:00:00+00:00,1023.8,1031.0,1022.2,1028.6,102984.0,present
863,2024-12-18 14:00:00+00:00,1028.6,1046.6,1028.2,1045.8,162655.0,present
864,2024-12-18 16:00:00+00:00,1046.6,1054.2,1033.6,1036.8,172629.0,present
865,2024-12-18 18:00:00+00:00,1037.0,1042.6,1034.4,1037.0,57075.0,present
866,2024-12-18 20:00:00+00:00,1037.0,1037.0,1033.0,1033.8,18568.0,present
867,2024-12-18 22:00:00+00:00,1036.76,1038.0,1032.52,1034.44,30084.6,interpolated
868,2024-12-19 00:00:00+00:00,1036.52,1039.0,1032.04,1035.08,41601.2,interpolated
869,2024-12-19 02:00:00+00:00,1036.28,1040.0,1031.56,1035.72,53117.8,interpolated
870,2024-12-19 04:00:00+00:00,1036.04,1041.0,1031.08,1036.36,64634.4,interpolated
871,2024-12-19 06:00:00+00:00,1035.8,1042.0,1030.6,1037.0,76151.0,present
872,2024-12-19 08:00:00+00:00,1037.0,1054.6,1036.8,1037.2,265882.0,present
873,2024-12-19 10:00:00+00:00,1037.6,1040.8,1026.0,1033.2,208450.0,present
874,2024-12-19 12:00:00+00:00,1033.4,1059.8,1032.8,1043.8,494177.0,present
875,2024-12-19 14:00:00+00:00,1043.8,1047.0,1028.8,1028.8,195881.0,present
876,2024-12-19 16:00:00+00:00,1030.0,1040.0,1029.0,1039.8,46484.0,present
877,2024-12-19 18:00:00+00:00,1039.8,1048.6,1039.4,1042.6,40147.0,present
878,2024-12-19 20:00:00+00:00,1042.4,1043.6,1041.6,1043.6,5477.0,present
879,2024-12-19 22:00:00+00:00,1042.28,1044.12,1040.4399999999998,1042.48,16937.4,interpolated
880,2024-12-20 00:00:00+00:00,1042.16,1044.6399999999999,1039.28,1041.36,28397.8,interpolated
881,2024-12-20 02:00:00+00:00,1042.04,1045.16,1038.12,1040.24,39858.200000000004,interpolated
882,2024-12-20 04:00:00+00:00,1041.92,1045.68,1036.96,1039.12,51318.6,interpolated
883,2024-12-20 06:00:00+00:00,1041.8,1046.2,1035.8,1038.0,62779.0,present
884,2024-12-20 08:00:00+00:00,1038.0,1058.8,1038.0,1050.2,187465.0,present
885,2024-12-20 10:00:00+00:00,1081.7333333333333,1098.4666666666667,1071.3333333333333,1084.8,359913.3333333334,interpolated
886,2024-12-20 12:00:00+00:00,1125.4666666666667,1138.1333333333332,1104.6666666666667,1119.4,532361.6666666667,interpolated
887,2024-12-20 14:00:00+00:00,1169.2,1177.8,1138.0,1154.0,704810.0,present
888,2024-12-20 16:00:00+00:00,1154.2,1155.6,1146.4,1151.6,51720.0,present
889,2024-12-20 18:00:00+00:00,1151.6,1163.0,1149.8,1160.8,59459.0,present
890,2024-12-20 20:00:00+00:00,1160.8,1169.2,1159.2,1163.0,41872.0,present
891,2024-12-20 22:00:00+00:00,1160.1499999999999,1169.0,1158.40625,1162.68125,50119.03125,interpolated
892,2024-12-21 00:00:00+00:00,1159.5,1168.8,1157.6125,1162.3625,58366.0625,interpolated
893,2024-12-21 02:00:00+00:00,1158.85,1168.6000000000001,1156.8187500000001,1162.04375,66613.09375,interpolated
894,2024-12-21 04:00:00+00:00,1158.2,1168.4,1156.025,1161.725,74860.125,interpolated
895,2024-12-21 06:00:00+00:00,1157.55,1168.2,1155.23125,1161.40625,83107.15625,interpolated
896,2024-12-21 08:00:00+00:00,1156.8999999999999,1168.0,1154.4375,1161.0875,91354.1875,interpolated
897,2024-12-21 10:00:00+00:00,1156.25,1167.8,1153.64375,1160.76875,99601.21875,interpolated
898,2024-12-21 12:00:00+00:00,1155.6,1167.6,1152.85,1160.45,107848.25,interpolated
899,2024-12-21 14:00:00+00:00,1154.95,1167.4,1152.05625,1160.13125,116095.28125,interpolated
900,2024-12-21 16:00:00+00:00,1154.3,1167.2,1151.2625,1159.8125,124342.3125,interpolated
901,2024-12-21 18:00:00+00:00,1153.6499999999999,1167.0,1150.46875,1159.49375,132589.34375,interpolated
902,2024-12-21 20:00:00+00:00,1153.0,1166.8,1149.675,1159.175,140836.375,interpolated
903,2024-12-21 22:00:00+00:00,1152.35,1166.6,1148.88125,1158.85625,149083.40625,interpolated
904,2024-12-22 00:00:00+00:00,1151.7,1166.4,1148.0875,1158.5375,157330.4375,interpolated
905,2024-12-22 02:00:00+00:00,1151.05,1166.2,1147.29375,1158.21875,165577.46875,interpolated
906,2024-12-22 04:00:00+00:00,1150.4,1166.0,1146.5,1157.9,173824.5,interpolated
907,2024-12-22 06:00:00+00:00,1149.75,1165.8,1145.70625,1157.58125,182071.53125,interpolated
908,2024-12-22 08:00:00+00:00,1149.1,1165.6,1144.9125,1157.2625,190318.5625,interpolated
909,2024-12-22 10:00:00+00:00,1148.45,1165.4,1144.11875,1156.94375,198565.59375,interpolated
910,2024-12-22 12:00:00+00:00,1147.8,1165.2,1143.325,1156.625,206812.625,interpolated
911,2024-12-22 14:00:00+00:00,1147.15,1165.0,1142.53125,1156.3062499999999,215059.65625,interpolated
912,2024-12-22 16:00:00+00:00,1146.5,1164.8,1141.7375,1155.9875,223306.6875,interpolated
913,2024-12-22 18:00:00+00:00,1145.85,1164.6,1140.94375,1155.66875,231553.71875,interpolated
914,2024-12-22 20:00:00+00:00,1145.2,1164.4,1140.15,1155.35,239800.74999999997,interpolated
915,2024-12-22 22:00:00+00:00,1144.55,1164.2,1139.35625,1155.03125,248047.78124999997,interpolated
916,2024-12-23 00:00:00+00:00,1143.9,1164.0,1138.5625,1154.7124999999999,256294.81249999997,interpolated
917,2024-12-23 02:00:00+00:00,1143.25,1163.8,1137.76875,1154.39375,264541.84375,interpolated
918,2024-12-23 04:00:00+00:00,1142.6,1163.6,1136.975,1154.075,272788.875,interpolated
919,2024-12-23 06:00:00+00:00,1141.95,1163.3999999999999,1136.1812499999999,1153.75625,281035.90625,interpolated
920,2024-12-23 08:00:00+00:00,1141.3,1163.2,1135.3875,1153.4375,289282.9375,interpolated
921,2024-12-23 10:00:00+00:00,1140.65,1163.0,1134.59375,1153.1187499999999,297529.96875,interpolated
922,2024-12-23 12:00:00+00:00,1140.0,1162.8,1133.8,1152.8,305777.0,present
923,2024-12-23 14:00:00+00:00,1152.8,1157.4,1134.0,1140.0,192370.0,present
924,2024-12-23 16:00:00+00:00,1140.6,1147.4,1139.2,1141.0,50986.0,present
925,2024-12-23 18:00:00+00:00,1141.0,1152.6,1136.6,1151.0,44329.0,present
926,2024-12-23 20:00:00+00:00,1151.6,1152.6,1148.2,1148.2,15697.0,present
927,2024-12-23 22:00:00+00:00,1151.48,1153.8,1144.1200000000001,1144.88,44957.4,interpolated
928,2024-12-24 00:00:00+00:00,1151.36,1155.0,1140.04,1141.56,74217.8,interpolated
929,2024-12-24 02:00:00+00:00,1151.24,1156.1999999999998,1135.96,1138.24,103478.2,interpolated
930,2024-12-24 04:00:00+00:00,1151.12,1157.3999999999999,1131.8799999999999,1134.9199999999998,132738.6,interpolated
931,2024-12-24 06:00:00+00:00,1151.0,1158.6,1127.8,1131.6,161999.0,present
932,2024-12-24 08:00:00+00:00,1131.4,1149.0,1128.2,1145.8,151877.0,present
933,2024-12-24 10:00:00+00:00,1145.8,1154.8,1140.4,1145.2,193588.0,present
934,2024-12-24 12:00:00+00:00,1144.6,1197.6,1131.0,1163.8,938308.0,present
935,2024-12-24 12:00:00+00:00,1144.6,1197.6,1131.0,1163.8,938308.0,present
936,2024-12-24 14:00:00+00:00,1141.3,1169.8,1133.0,1151.3,513261.5,interpolated
937,2024-12-24 16:00:00+00:00,1138.0,1142.0,1135.0,1138.8,88215.0,present
938,2024-12-24 18:00:00+00:00,1138.2,1141.0,1137.2,1139.2,26092.0,present
939,2024-12-24 20:00:00+00:00,1139.6,1140.0,1134.0,1135.8,10884.0,present
940,2024-12-24 22:00:00+00:00,1137.28,1139.0,1130.88,1134.0,68025.0,interpolated
941,2024-12-25 00:00:00+00:00,1134.96,1138.0,1127.76,1132.2,125165.99999999999,interpolated
942,2024-12-25 02:00:00+00:00,1132.6399999999999,1137.0,1124.64,1130.3999999999999,182307.0,interpolated
943,2024-12-25 04:00:00+00:00,1130.32,1136.0,1121.52,1128.6,239447.99999999997,interpolated
944,2024-12-25 06:00:00+00:00,1128.0,1135.0,1118.4,1126.8,296589.0,present
945,2024-12-25 08:00:00+00:00,1126.8,1154.8,1122.6,1144.0,304116.0,present
946,2024-12-25 10:00:00+00:00,1144.0,1165.0,1140.8,1163.0,200889.0,present
947,2024-12-25 12:00:00+00:00,1163.2,1164.8,1147.0,1157.6,304799.0,present
948,2024-12-25 14:00:00+00:00,1157.8,1160.0,1131.0,1143.0,313841.0,present
949,2024-12-25 16:00:00+00:00,1148.0,1156.6,1143.2,1153.8,184945.0,present
950,2024-12-25 18:00:00+00:00,1153.6,1157.8,1148.8,1154.4,47639.0,present
951,2024-12-25 20:00:00+00:00,1154.2,1161.8,1150.8,1161.8,63042.0,present
952,2024-12-25 22:00:00+00:00,1155.64,1165.24,1150.24,1163.24,109304.79999999999,interpolated
953,2024-12-26 00:00:00+00:00,1157.0800000000002,1168.68,1149.68,1164.68,155567.59999999998,interpolated
954,2024-12-26 02:00:00+00:00,1158.52,1172.12,1149.12,1166.12,201830.4,interpolated
955,2024-12-26 04:00:00+00:00,1159.96,1175.56,1148.56,1167.56,248093.19999999998,interpolated
956,2024-12-26 06:00:00+00:00,1161.4,1179.0,1148.0,1169.0,294356.0,present
957,2024-12-26 08:00:00+00:00,1169.0,1176.6,1158.2,1167.8,304674.0,present
958,2024-12-26 10:00:00+00:00,1167.4,1176.0,1162.4,1175.6,250135.0,present
959,2024-12-26 12:00:00+00:00,1175.2,1192.6,1175.0,1180.6,254652.0,present
960,2024-12-26 14:00:00+00:00,1180.0,1186.0,1178.6,1184.0,78463.0,present
961,2024-12-26 16:00:00+00:00,1184.0,1188.2,1179.0,1179.0,55915.0,present
962,2024-12-26 18:00:00+00:00,1179.2,1181.2,1172.8,1174.8,87118.0,present
963,2024-12-26 20:00:00+00:00,1174.8,1179.0,1171.2,1174.4,27603.0,present
964,2024-12-26 22:00:00+00:00,1174.72,1179.36,1170.8400000000001,1175.6000000000001,44215.399999999994,interpolated
965,2024-12-27 00:00:00+00:00,1174.64,1179.72,1170.48,1176.8000000000002,60827.799999999996,interpolated
966,2024-12-27 02:00:00+00:00,1174.56,1180.08,1170.1200000000001,1178.0,77440.2,interpolated
967,2024-12-27 04:00:00+00:00,1174.48,1180.44,1169.76,1179.2,94052.59999999999,interpolated
968,2024-12-27 06:00:00+00:00,1174.4,1180.8,1169.4,1180.4,110665.0,present
969,2024-12-27 08:00:00+00:00,1180.6,1191.8,1180.2,1183.2,160260.0,present
970,2024-12-27 10:00:00+00:00,1183.2,1183.4,1172.2,1181.4,198423.0,present
971,2024-12-27 12:00:00+00:00,1181.4,1188.6,1180.0,1181.6,122577.0,present
972,2024-12-27 14:00:00+00:00,1181.6,1183.0,1177.8,1180.2,83418.0,present
973,2024-12-27 16:00:00+00:00,1180.2,1186.8,1179.2,1185.6,26270.0,present
974,2024-12-27 18:00:00+00:00,1185.4,1187.4,1184.4,1185.6,25884.0,present
975,2024-12-27 20:00:00+00:00,1185.4,1186.2,1183.0,1186.2,13079.0,present
976,2024-12-27 22:00:00+00:00,1186.1200000000001,1188.3600000000001,1183.28,1187.4,31754.8,interpolated
977,2024-12-28 00:00:00+00:00,1186.8400000000001,1190.52,1183.56,1188.6000000000001,50430.6,interpolated
978,2024-12-28 02:00:00+00:00,1187.56,1192.68,1183.8400000000001,1189.8,69106.4,interpolated
979,2024-12-28 04:00:00+00:00,1188.28,1194.84,1184.1200000000001,1191.0,87782.2,interpolated
980,2024-12-28 06:00:00+00:00,1189.0,1197.0,1184.4,1192.2,106458.0,present
981,2024-12-28 08:00:00+00:00,1192.2,1221.8,1192.0,1214.0,371923.0,present
982,2024-12-28 10:00:00+00:00,1213.8,1226.2,1206.4,1222.0,319952.0,present
983,2024-12-28 12:00:00+00:00,1221.8,1227.8,1203.0,1207.8,297359.0,present
984,2024-12-28 14:00:00+00:00,1208.0,1215.8,1203.8,1213.6,97914.0,present
985,2024-12-28 16:00:00+00:00,1214.0,1238.2,1213.8,1232.6,153298.0,present
986,2024-12-28 18:00:00+00:00,1232.8,1239.6,1220.2,1225.0,134483.0,present
987,2024-12-28 20:00:00+00:00,1224.8,1233.0,1223.8,1232.2,31997.0,present
988,2024-12-28 22:00:00+00:00,1227.2777777777778,1236.611111111111,1226.2555555555555,1235.4666666666667,53132.83333333333,interpolated
989,2024-12-29 00:00:00+00:00,1229.7555555555555,1240.2222222222222,1228.711111111111,1238.7333333333333,74268.66666666666,interpolated
990,2024-12-29 02:00:00+00:00,1232.2333333333333,1243.8333333333333,1231.1666666666665,1242.0,95404.5,interpolated
991,2024-12-29 04:00:00+00:00,1234.711111111111,1247.4444444444443,1233.6222222222223,1245.2666666666667,116540.33333333333,interpolated
992,2024-12-29 06:00:00+00:00,1237.1888888888889,1251.0555555555557,1236.0777777777778,1248.5333333333333,137676.1666666667,interpolated
993,2024-12-29 08:00:00+00:00,1239.6666666666667,1254.6666666666667,1238.5333333333333,1251.8,158812.0,interpolated
994,2024-12-29 10:00:00+00:00,1242.1444444444444,1258.2777777777778,1240.9888888888888,1255.0666666666666,179947.83333333334,interpolated
995,2024-12-29 12:00:00+00:00,1244.6222222222223,1261.888888888889,1243.4444444444443,1258.3333333333333,201083.66666666666,interpolated
996,2024-12-29 14:00:00+00:00,1247.1,1265.5,1245.9,1261.6,222219.5,interpolated
997,2024-12-29 16:00:00+00:00,1249.5777777777778,1269.111111111111,1248.3555555555556,1264.8666666666668,243355.33333333334,interpolated
998,2024-12-29 18:00:00+00:00,1252.0555555555557,1272.7222222222222,1250.8111111111111,1268.1333333333334,264491.1666666666,interpolated
999,2024-12-29 20:00:00+00:00,1254.5333333333333,1276.3333333333333,1253.2666666666667,1271.4,285627.0,interpolated
1000,2024-12-29 22:00:00+00:00,1257.0111111111112,1279.9444444444443,1255.7222222222222,1274.6666666666667,306762.8333333333,interpolated
1001,2024-12-30 00:00:00+00:00,1259.488888888889,1283.5555555555557,1258.1777777777777,1277.9333333333334,327898.6666666667,interpolated
1002,2024-12-30 02:00:00+00:00,1261.9666666666667,1287.1666666666667,1260.6333333333332,1281.2,349034.5,interpolated
1003,2024-12-30 04:00:00+00:00,1264.4444444444446,1290.7777777777778,1263.088888888889,1284.4666666666667,370170.3333333333,interpolated
1004,2024-12-30 06:00:00+00:00,1266.9222222222222,1294.388888888889,1265.5444444444445,1287.7333333333333,391306.1666666667,interpolated
1005,2024-12-30 08:00:00+00:00,1269.4,1298.0,1268.0,1291.0,412442.0,present
1006,2024-12-30 10:00:00+00:00,1291.0,1311.8,1286.2,1305.0,302535.0,present
1007,2024-12-30 12:00:00+00:00,1305.0,1309.0,1291.6,1293.4,255607.0,present
1008,2024-12-30 14:00:00+00:00,1293.4,1311.0,1293.4,1311.0,113879.0,present
1009,2024-12-30 16:00:00+00:00,1306.4,1315.6,1302.0,1314.8,110052.0,present
1010,2024-12-30 18:00:00+00:00,1314.8,1337.4,1311.8,1337.0,212119.0,present
1011,2024-12-30 20:00:00+00:00,1337.2,1337.4,1329.2,1337.4,86758.0,present
1012,2024-12-30 22:00:00+00:00,1336.2285714285715,1336.4333333333334,1328.047619047619,1336.0809523809526,89968.73809523809,interpolated
1013,2024-12-31 00:00:00+00:00,1335.257142857143,1335.4666666666667,1326.895238095238,1334.7619047619048,93179.47619047618,interpolated
1014,2024-12-31 02:00:00+00:00,1334.2857142857142,1334.5,1325.7428571428572,1333.4428571428573,96390.21428571429,interpolated
1015,2024-12-31 04:00:00+00:00,1333.3142857142857,1333.5333333333333,1324.5904761904762,1332.1238095238095,99600.95238095238,interpolated
1016,2024-12-31 06:00:00+00:00,1332.3428571428572,1332.5666666666668,1323.4380952380952,1330.804761904762,102811.69047619047,interpolated
1017,2024-12-31 08:00:00+00:00,1331.3714285714286,1331.6000000000001,1322.2857142857142,1329.4857142857143,106022.42857142858,interpolated
1018,2024-12-31 10:00:00+00:00,1330.4,1330.6333333333334,1321.1333333333334,1328.1666666666667,109233.16666666667,interpolated
1019,2024-12-31 12:00:00+00:00,1329.4285714285716,1329.6666666666667,1319.9809523809524,1326.8476190476192,112443.90476190476,interpolated
1020,2024-12-31 14:00:00+00:00,1328.457142857143,1328.7,1318.8285714285714,1325.5285714285715,115654.64285714286,interpolated
1021,2024-12-31 16:00:00+00:00,1327.4857142857143,1327.7333333333333,1317.6761904761904,1324.209523809524,118865.38095238095,interpolated
1022,2024-12-31 18:00:00+00:00,1326.5142857142857,1326.7666666666667,1316.5238095238096,1322.8904761904762,122076.11904761905,interpolated
1023,2024-12-31 20:00:00+00:00,1325.5428571428572,1325.8,1315.3714285714286,1321.5714285714287,125286.85714285714,interpolated
1024,2024-12-31 22:00:00+00:00,1324.5714285714287,1324.8333333333335,1314.2190476190476,1320.252380952381,128497.59523809524,interpolated
1025,2025-01-01 00:00:00+00:00,1323.6000000000001,1323.8666666666668,1313.0666666666666,1318.9333333333334,131708.33333333334,interpolated
1026,2025-01-01 02:00:00+00:00,1322.6285714285714,1322.9,1311.9142857142858,1317.6142857142859,134919.07142857142,interpolated
1027,2025-01-01 04:00:00+00:00,1321.6571428571428,1321.9333333333334,1310.7619047619048,1316.2952380952381,138129.80952380953,interpolated
1028,2025-01-01 06:00:00+00:00,1320.6857142857143,1320.9666666666667,1309.6095238095238,1314.9761904761906,141340.54761904763,interpolated
1029,2025-01-01 08:00:00+00:00,1319.7142857142858,1320.0,1308.4571428571428,1313.6571428571428,144551.2857142857,interpolated
1030,2025-01-01 10:00:00+00:00,1318.7428571428572,1319.0333333333333,1307.304761904762,1312.3380952380953,147762.02380952382,interpolated
1031,2025-01-01 12:00:00+00:00,1317.7714285714287,1318.0666666666666,1306.152380952381,1311.0190476190476,150972.7619047619,interpolated
1032,2025-01-01 14:00:00+00:00,1316.8000000000002,1317.1,1305.0,1309.7,154183.5,interpolated
1033,2025-01-01 16:00:00+00:00,1315.8285714285714,1316.1333333333334,1303.847619047619,1308.3809523809525,157394.2380952381,interpolated
1034,2025-01-01 18:00:00+00:00,1314.857142857143,1315.1666666666667,1302.695238095238,1307.0619047619048,160604.97619047618,interpolated
1035,2025-01-01 20:00:00+00:00,1313.8857142857144,1314.2,1301.5428571428572,1305.7428571428572,163815.7142857143,interpolated
1036,2025-01-01 22:00:00+00:00,1312.9142857142858,1313.2333333333333,1300.3904761904762,1304.4238095238095,167026.45238095237,interpolated
1037,2025-01-02 00:00:00+00:00,1311.9428571428573,1312.2666666666667,1299.2380952380952,1303.104761904762,170237.19047619047,interpolated
1038,2025-01-02 02:00:00+00:00,1310.9714285714285,1311.3,1298.0857142857142,1301.7857142857142,173447.92857142858,interpolated
1039,2025-01-02 04:00:00+00:00,1310.0,1310.3333333333333,1296.9333333333334,1300.4666666666667,176658.6666666667,interpolated
1040,2025-01-02 06:00:00+00:00,1309.0285714285715,1309.3666666666666,1295.7809523809524,1299.1476190476192,179869.40476190476,interpolated
1041,2025-01-02 08:00:00+00:00,1308.057142857143,1308.4,1294.6285714285714,1297.8285714285714,183080.14285714284,interpolated
1042,2025-01-02 10:00:00+00:00,1307.0857142857144,1307.4333333333334,1293.4761904761904,1296.509523809524,186290.88095238095,interpolated
1043,2025-01-02 12:00:00+00:00,1306.1142857142859,1306.4666666666667,1292.3238095238096,1295.1904761904761,189501.61904761905,interpolated
1044,2025-01-02 14:00:00+00:00,1305.1428571428573,1305.5,1291.1714285714286,1293.8714285714286,192712.35714285716,interpolated
1045,2025-01-02 16:00:00+00:00,1304.1714285714286,1304.5333333333333,1290.0190476190476,1292.5523809523809,195923.09523809524,interpolated
1046,2025-01-02 18:00:00+00:00,1303.2,1303.5666666666666,1288.8666666666666,1291.2333333333333,199133.8333333333,interpolated
1047,2025-01-02 20:00:00+00:00,1302.2285714285715,1302.6,1287.7142857142858,1289.9142857142858,202344.57142857142,interpolated
1048,2025-01-02 22:00:00+00:00,1301.257142857143,1301.6333333333332,1286.5619047619048,1288.595238095238,205555.30952380953,interpolated
1049,2025-01-03 00:00:00+00:00,1300.2857142857144,1300.6666666666665,1285.4095238095238,1287.2761904761905,208766.04761904763,interpolated
1050,2025-01-03 02:00:00+00:00,1299.3142857142857,1299.7,1284.2571428571428,1285.9571428571428,211976.7857142857,interpolated
1051,2025-01-03 04:00:00+00:00,1298.3428571428572,1298.7333333333333,1283.104761904762,1284.6380952380953,215187.5238095238,interpolated
1052,2025-01-03 06:00:00+00:00,1297.3714285714286,1297.7666666666667,1281.952380952381,1283.3190476190475,218398.2619047619,interpolated
1053,2025-01-03 08:00:00+00:00,1296.4,1296.8,1280.8,1282.0,221609.0,present
1054,2025-01-03 10:00:00+00:00,1282.0,1292.2,1279.0,1290.4,109676.0,present
1055,2025-01-03 12:00:00+00:00,1290.4,1291.0,1282.2,1285.8,43803.0,present
1056,2025-01-03 14:00:00+00:00,1285.6,1288.4,1284.4,1285.2,55642.0,present
1057,2025-01-03 16:00:00+00:00,1285.4,1291.8,1285.2,1287.2,34727.0,present
1058,2025-01-03 18:00:00+00:00,1287.2,1300.8,1286.0,1287.0,68843.0,present
1059,2025-01-03 20:00:00+00:00,1287.4,1288.6,1285.4,1288.6,15094.0,present
1060,2025-01-03 22:00:00+00:00,1287.1379310344828,1288.406896551724,1284.7655172413795,1288.096551724138,21195.310344827587,interpolated
1061,2025-01-04 00:00:00+00:00,1286.8758620689655,1288.213793103448,1284.1310344827587,1287.5931034482758,27296.620689655174,interpolated
1062,2025-01-04 02:00:00+00:00,1286.6137931034484,1288.0206896551724,1283.496551724138,1287.0896551724138,33397.93103448276,interpolated
1063,2025-01-04 04:00:00+00:00,1286.3517241379311,1287.8275862068965,1282.8620689655172,1286.5862068965516,39499.24137931035,interpolated
1064,2025-01-04 06:00:00+00:00,1286.0896551724138,1287.6344827586206,1282.2275862068966,1286.0827586206897,45600.55172413793,interpolated
1065,2025-01-04 08:00:00+00:00,1285.8275862068965,1287.4413793103447,1281.593103448276,1285.5793103448275,51701.86206896552,interpolated
1066,2025-01-04 10:00:00+00:00,1285.5655172413794,1287.2482758620688,1280.9586206896552,1285.0758620689655,57803.1724137931,interpolated
1067,2025-01-04 12:00:00+00:00,1285.3034482758621,1287.0551724137931,1280.3241379310346,1284.5724137931034,63904.48275862069,interpolated
1068,2025-01-04 14:00:00+00:00,1285.0413793103448,1286.8620689655172,1279.689655172414,1284.0689655172414,70005.79310344828,interpolated
1069,2025-01-04 16:00:00+00:00,1284.7793103448275,1286.6689655172413,1279.0551724137931,1283.5655172413792,76107.10344827586,interpolated
1070,2025-01-04 18:00:00+00:00,1284.5172413793105,1286.4758620689654,1278.4206896551725,1283.0620689655173,82208.41379310345,interpolated
1071,2025-01-04 20:00:00+00:00,1284.2551724137932,1286.2827586206895,1277.7862068965517,1282.558620689655,88309.72413793104,interpolated
1072,2025-01-04 22:00:00+00:00,1283.9931034482759,1286.0896551724138,1277.151724137931,1282.0551724137931,94411.03448275862,interpolated
1073,2025-01-05 00:00:00+00:00,1283.7310344827586,1285.896551724138,1276.5172413793105,1281.551724137931,100512.3448275862,interpolated
1074,2025-01-05 02:00:00+00:00,1283.4689655172415,1285.703448275862,1275.8827586206896,1281.048275862069,106613.6551724138,interpolated
1075,2025-01-05 04:00:00+00:00,1283.2068965517242,1285.510344827586,1275.248275862069,1280.5448275862068,112714.96551724138,interpolated
1076,2025-01-05 06:00:00+00:00,1282.9448275862069,1285.3172413793104,1274.6137931034484,1280.0413793103448,118816.27586206897,interpolated
1077,2025-01-05 08:00:00+00:00,1282.6827586206896,1285.1241379310345,1273.9793103448276,1279.5379310344827,124917.58620689655,interpolated
1078,2025-01-05 10:00:00+00:00,1282.4206896551725,1284.9310344827586,1273.344827586207,1279.0344827586207,131018.89655172414,interpolated
1079,2025-01-05 12:00:00+00:00,1282.1586206896552,1284.7379310344827,1272.7103448275861,1278.5310344827585,137120.2068965517,interpolated
1080,2025-01-05 14:00:00+00:00,1281.896551724138,1284.5448275862068,1272.0758620689655,1278.0275862068966,143221.5172413793,interpolated
1081,2025-01-05 16:00:00+00:00,1281.6344827586206,1284.3517241379311,1271.441379310345,1277.5241379310344,149322.8275862069,interpolated
1082,2025-01-05 18:00:00+00:00,1281.3724137931035,1284.1586206896552,1270.806896551724,1277.0206896551724,155424.1379310345,interpolated
1083,2025-01-05 20:00:00+00:00,1281.1103448275862,1283.9655172413793,1270.1724137931035,1276.5172413793102,161525.4482758621,interpolated
1084,2025-01-05 22:00:00+00:00,1280.848275862069,1283.7724137931034,1269.5379310344829,1276.0137931034483,167626.75862068965,interpolated
1085,2025-01-06 00:00:00+00:00,1280.5862068965516,1283.5793103448275,1268.903448275862,1275.510344827586,173728.06896551725,interpolated
1086,2025-01-06 02:00:00+00:00,1280.3241379310346,1283.3862068965518,1268.2689655172414,1275.0068965517241,179829.37931034484,interpolated
1087,2025-01-06 04:00:00+00:00,1280.0620689655173,1283.193103448276,1267.6344827586206,1274.503448275862,185930.6896551724,interpolated
1088,2025-01-06 06:00:00+00:00,1279.8,1283.0,1267.0,1274.0,192032.0,present
1089,2025-01-06 08:00:00+00:00,1273.8,1288.6,1272.6,1278.4,121641.0,present
1090,2025-01-06 10:00:00+00:00,1278.4,1284.6,1275.6,1280.6,44943.0,present
1091,2025-01-06 12:00:00+00:00,1280.6,1285.0,1280.4,1282.4,21876.0,present
1092,2025-01-06 14:00:00+00:00,1282.4,1296.2,1282.2,1289.8,78512.0,present
1093,2025-01-06 16:00:00+00:00,1289.8,1293.8,1289.2,1291.0,22061.0,present
1094,2025-01-06 18:00:00+00:00,1291.0,1292.4,1289.0,1292.0,12114.0,present
1095,2025-01-06 20:00:00+00:00,1291.8,1297.4,1291.6,1296.6,12941.0,present
1096,2025-01-06 22:00:00+00:00,1292.105882352941,1297.4117647058824,1291.0941176470587,1296.0823529411764,17442.29411764706,interpolated
1097,2025-01-07 00:00:00+00:00,1292.4117647058822,1297.4235294117648,1290.5882352941176,1295.5647058823529,21943.58823529412,interpolated
1098,2025-01-07 02:00:00+00:00,1292.7176470588236,1297.4352941176471,1290.0823529411764,1295.0470588235294,26444.882352941175,interpolated
1099,2025-01-07 04:00:00+00:00,1293.0235294117647,1297.4470588235295,1289.5764705882352,1294.5294117647059,30946.176470588234,interpolated
1100,2025-01-07 06:00:00+00:00,1293.3294117647058,1297.4588235294118,1289.070588235294,1294.0117647058823,35447.470588235294,interpolated
1101,2025-01-07 08:00:00+00:00,1293.635294117647,1297.4705882352941,1288.5647058823529,1293.4941176470588,39948.76470588235,interpolated
1102,2025-01-07 10:00:00+00:00,1293.9411764705883,1297.4823529411765,1288.0588235294117,1292.9764705882353,44450.05882352941,interpolated
1103,2025-01-07 12:00:00+00:00,1294.2470588235294,1297.4941176470588,1287.5529411764705,1292.4588235294118,48951.35294117647,interpolated
1104,2025-01-07 14:00:00+00:00,1294.5529411764705,1297.5058823529412,1287.0470588235294,1291.941176470588,53452.647058823524,interpolated
1105,2025-01-07 16:00:00+00:00,1294.8588235294117,1297.5176470588235,1286.5411764705882,1291.4235294117645,57953.94117647059,interpolated
1106,2025-01-07 18:00:00+00:00,1295.164705882353,1297.5294117647059,1286.035294117647,1290.905882352941,62455.23529411764,interpolated
1107,2025-01-07 20:00:00+00:00,1295.4705882352941,1297.5411764705882,1285.5294117647059,1290.3882352941175,66956.5294117647,interpolated
1108,2025-01-07 22:00:00+00:00,1295.7764705882353,1297.5529411764705,1285.0235294117647,1289.870588235294,71457.82352941176,interpolated
1109,2025-01-08 00:00:00+00:00,1296.0823529411764,1297.5647058823529,1284.5176470588235,1289.3529411764705,75959.11764705883,interpolated
1110,2025-01-08 02:00:00+00:00,1296.3882352941177,1297.5764705882352,1284.0117647058823,1288.835294117647,80460.41176470587,interpolated
1111,2025-01-08 04:00:00+00:00,1296.6941176470589,1297.5882352941176,1283.5058823529412,1288.3176470588235,84961.70588235294,interpolated
1112,2025-01-08 06:00:00+00:00,1297.0,1297.6,1283.0,1287.8,89463.0,present
1113,2025-01-08 08:00:00+00:00,1287.8,1292.0,1282.0,1283.6,56948.0,present
1114,2025-01-08 10:00:00+00:00,1283.6,1290.0,1283.0,1285.2,47102.0,present
1115,2025-01-08 12:00:00+00:00,1285.6,1294.6,1285.2,1292.0,107749.0,present
1116,2025-01-08 14:00:00+00:00,1292.2,1292.2,1280.4,1282.2,84234.0,present
1117,2025-01-08 16:00:00+00:00,1282.4,1284.4,1282.4,1283.6,14885.0,present
1118,2025-01-08 18:00:00+00:00,1283.6,1287.2,1283.0,1285.6,17180.0,present
1119,2025-01-08 20:00:00+00:00,1285.4,1285.6,1282.8,1283.0,8512.0,present
1120,2025-01-08 22:00:00+00:00,1280.6666666666667,1281.7333333333333,1276.1333333333332,1277.1333333333332,43257.5,interpolated
1121,2025-01-09 00:00:00+00:00,1275.9333333333334,1277.8666666666666,1269.4666666666667,1271.2666666666667,78003.0,interpolated
1122,2025-01-09 02:00:00+00:00,1271.2,1274.0,1262.8,1265.4,112748.5,interpolated
1123,2025-01-09 04:00:00+00:00,1266.4666666666667,1270.1333333333334,1256.1333333333332,1259.5333333333333,147494.0,interpolated
1124,2025-01-09 06:00:00+00:00,1261.7333333333333,1266.2666666666667,1249.4666666666667,1253.6666666666665,182239.5,interpolated
1125,2025-01-09 08:00:00+00:00,1257.0,1262.4,1242.8,1247.8,216985.0,present
1126,2025-01-09 10:00:00+00:00,1247.8,1255.8,1235.0,1237.2,252815.0,present
1127,2025-01-09 12:00:00+00:00,1237.2,1253.4,1233.6,1248.6,173556.0,present
1128,2025-01-09 14:00:00+00:00,1248.8,1250.6,1237.4,1238.6,129883.0,present
1129,2025-01-09 16:00:00+00:00,1238.2,1240.4,1234.0,1234.6,48738.0,present
1130,2025-01-09 18:00:00+00:00,1234.6,1238.0,1234.6,1237.2,22799.0,present
1131,2025-01-09 20:00:00+00:00,1237.2,1237.8,1227.2,1228.0,26915.0,present
1132,2025-01-09 22:00:00+00:00,1236.24,1240.6399999999999,1228.24,1231.4,50726.2,interpolated
1133,2025-01-10 00:00:00+00:00,1235.28,1243.48,1229.28,1234.8,74537.4,interpolated
1134,2025-01-10 02:00:00+00:00,1234.3200000000002,1246.32,1230.3200000000002,1238.2,98348.6,interpolated
1135,2025-01-10 04:00:00+00:00,1233.3600000000001,1249.16,1231.3600000000001,1241.6,122159.8,interpolated
1136,2025-01-10 06:00:00+00:00,1232.4,1252.0,1232.4,1245.0,145971.0,present
1137,2025-01-10 08:00:00+00:00,1245.0,1249.8,1230.0,1235.2,291595.0,present
1138,2025-01-10 10:00:00+00:00,1259.6,1267.5,1249.0,1253.8000000000002,241961.0,interpolated
1139,2025-01-10 12:00:00+00:00,1274.2,1285.2,1268.0,1272.4,192327.0,present
1140,2025-01-10 14:00:00+00:00,1272.6,1290.0,1268.0,1284.0,200864.0,present
1141,2025-01-10 16:00:00+00:00,1281.8,1288.8,1280.0,1280.8,41411.0,present
1142,2025-01-10 18:00:00+00:00,1281.4,1293.0,1281.4,1291.0,49175.0,present
1143,2025-01-10 20:00:00+00:00,1291.2,1293.2,1291.0,1292.2,14560.0,present
1144,2025-01-10 22:00:00+00:00,1291.3310344827587,1293.7793103448275,1291.1241379310345,1292.648275862069,22106.862068965514,interpolated
1145,2025-01-11 00:00:00+00:00,1291.4620689655173,1294.3586206896553,1291.248275862069,1293.096551724138,29653.724137931033,interpolated
1146,2025-01-11 02:00:00+00:00,1291.593103448276,1294.9379310344827,1291.3724137931035,1293.544827586207,37200.58620689655,interpolated
1147,2025-01-11 04:00:00+00:00,1291.7241379310344,1295.5172413793105,1291.4965517241378,1293.9931034482759,44747.448275862065,interpolated
1148,2025-01-11 06:00:00+00:00,1291.855172413793,1296.096551724138,1291.6206896551723,1294.441379310345,52294.31034482759,interpolated
1149,2025-01-11 08:00:00+00:00,1291.9862068965517,1296.6758620689654,1291.7448275862068,1294.8896551724138,59841.1724137931,interpolated
1150,2025-01-11 10:00:00+00:00,1292.1172413793104,1297.2551724137932,1291.8689655172413,1295.3379310344828,67388.03448275861,interpolated
1151,2025-01-11 12:00:00+00:00,1292.248275862069,1297.8344827586207,1291.9931034482759,1295.7862068965517,74934.89655172413,interpolated
1152,2025-01-11 14:00:00+00:00,1292.3793103448277,1298.4137931034484,1292.1172413793104,1296.2344827586207,82481.75862068965,interpolated
1153,2025-01-11 16:00:00+00:00,1292.5103448275863,1298.9931034482759,1292.2413793103449,1296.6827586206898,90028.62068965517,interpolated
1154,2025-01-11 18:00:00+00:00,1292.6413793103447,1299.5724137931036,1292.3655172413792,1297.1310344827587,97575.48275862068,interpolated
1155,2025-01-11 20:00:00+00:00,1292.7724137931034,1300.151724137931,1292.4896551724137,1297.5793103448277,105122.3448275862,interpolated
1156,2025-01-11 22:00:00+00:00,1292.903448275862,1300.7310344827586,1292.6137931034482,1298.0275862068966,112669.20689655172,interpolated
1157,2025-01-12 00:00:00+00:00,1293.0344827586207,1301.3103448275863,1292.7379310344827,1298.4758620689656,120216.06896551723,interpolated
1158,2025-01-12 02:00:00+00:00,1293.1655172413793,1301.8896551724138,1292.8620689655172,1298.9241379310345,127762.93103448275,interpolated
1159,2025-01-12 04:00:00+00:00,1293.296551724138,1302.4689655172415,1292.9862068965517,1299.3724137931035,135309.79310344826,interpolated
1160,2025-01-12 06:00:00+00:00,1293.4275862068966,1303.048275862069,1293.1103448275862,1299.8206896551724,142856.6551724138,interpolated
1161,2025-01-12 08:00:00+00:00,1293.5586206896553,1303.6275862068965,1293.2344827586207,1300.2689655172414,150403.5172413793,interpolated
1162,2025-01-12 10:00:00+00:00,1293.6896551724137,1304.2068965517242,1293.358620689655,1300.7172413793103,157950.3793103448,interpolated
1163,2025-01-12 12:00:00+00:00,1293.8206896551724,1304.7862068965517,1293.4827586206895,1301.1655172413793,165497.24137931035,interpolated
1164,2025-01-12 14:00:00+00:00,1293.951724137931,1305.3655172413794,1293.606896551724,1301.6137931034484,173044.10344827586,interpolated
1165,2025-01-12 16:00:00+00:00,1294.0827586206897,1305.9448275862069,1293.7310344827586,1302.0620689655173,180590.96551724136,interpolated
1166,2025-01-12 18:00:00+00:00,1294.2137931034483,1306.5241379310346,1293.855172413793,1302.5103448275863,188137.8275862069,interpolated
1167,2025-01-12 20:00:00+00:00,1294.344827586207,1307.103448275862,1293.9793103448276,1302.9586206896552,195684.6896551724,interpolated
1168,2025-01-12 22:00:00+00:00,1294.4758620689656,1307.6827586206896,1294.103448275862,1303.4068965517242,203231.5517241379,interpolated
1169,2025-01-13 00:00:00+00:00,1294.606896551724,1308.2620689655173,1294.2275862068964,1303.855172413793,210778.41379310345,interpolated
1170,2025-01-13 02:00:00+00:00,1294.7379310344827,1308.8413793103448,1294.351724137931,1304.3034482758621,218325.27586206896,interpolated
1171,2025-01-13 04:00:00+00:00,1294.8689655172413,1309.4206896551725,1294.4758620689654,1304.751724137931,225872.13793103446,interpolated
1172,2025-01-13 06:00:00+00:00,1295.0,1310.0,1294.6,1305.2,233419.0,present
1173,2025-01-13 08:00:00+00:00,1305.2,1319.6,1300.2,1312.2,215504.0,present
1174,2025-01-13 10:00:00+00:00,1312.0,1318.0,1286.4,1287.6,308260.0,present
1175,2025-01-13 12:00:00+00:00,1287.8,1289.0,1276.2,1281.4,156604.0,present
1176,2025-01-13 14:00:00+00:00,1281.8,1292.0,1279.2,1288.8,57268.0,present
1177,2025-01-13 16:00:00+00:00,1288.8,1290.4,1278.2,1279.2,41950.0,present
1178,2025-01-13 18:00:00+00:00,1279.2,1279.4,1268.2,1271.8,58731.0,present
1179,2025-01-13 20:00:00+00:00,1271.8,1280.8,1271.6,1277.4,30238.0,present
1180,2025-01-13 22:00:00+00:00,1272.28,1280.44,1269.84,1275.92,46549.6,interpolated
1181,2025-01-14 00:00:00+00:00,1272.76,1280.08,1268.08,1274.44,62861.2,interpolated
1182,2025-01-14 02:00:00+00:00,1273.24,1279.72,1266.32,1272.96,79172.8,interpolated
1183,2025-01-14 04:00:00+00:00,1273.72,1279.36,1264.56,1271.48,95484.4,interpolated
1184,2025-01-14 06:00:00+00:00,1274.2,1279.0,1262.8,1270.0,111796.0,present
1185,2025-01-14 08:00:00+00:00,1270.0,1282.0,1264.0,1272.6,177561.0,present
1186,2025-01-14 10:00:00+00:00,1272.8,1286.0,1272.2,1274.4,146917.0,present
1187,2025-01-14 12:00:00+00:00,1274.4,1282.6,1271.6,1275.2,67421.0,present
1188,2025-01-14 12:00:00+00:00,1274.4,1282.6,1271.6,1275.2,67421.0,present
1189,2025-01-14 14:00:00+00:00,1275.2,1283.6,1274.4,1275.0,63658.0,present
1190,2025-01-14 16:00:00+00:00,1277.6,1279.4,1272.4,1275.0,28728.0,present
1191,2025-01-14 18:00:00+00:00,1275.0,1281.8,1274.2,1279.0,28350.0,present
1192,2025-01-14 20:00:00+00:00,1279.0,1282.0,1278.6,1281.6,7421.0,present
1193,2025-01-14 22:00:00+00:00,1280.04,1282.44,1277.48,1280.32,17714.4,interpolated
1194,2025-01-15 00:00:00+00:00,1281.08,1282.88,1276.36,1279.04,28007.8,interpolated
1195,2025-01-15 02:00:00+00:00,1282.1200000000001,1283.32,1275.24,1277.76,38301.2,interpolated
1196,2025-01-15 04:00:00+00:00,1283.16,1283.76,1274.12,1276.48,48594.6,interpolated
1197,2025-01-15 06:00:00+00:00,1284.2,1284.2,1273.0,1275.2,58888.0,present
1198,2025-01-15 08:00:00+00:00,1275.2,1279.6,1253.8,1254.2,191398.0,present
1199,2025-01-15 10:00:00+00:00,1254.2,1262.4,1245.0,1250.4,169126.0,present
1200,2025-01-15 12:00:00+00:00,1250.6,1259.8,1247.0,1258.8,128607.0,present
1201,2025-01-15 14:00:00+00:00,1258.8,1259.6,1250.0,1253.2,76596.0,present
1202,2025-01-15 16:00:00+00:00,1260.0,1283.2,1250.0,1270.0,292550.0,present
1203,2025-01-15 18:00:00+00:00,1270.0,1281.8,1269.8,1281.0,65205.0,present
1204,2025-01-15 20:00:00+00:00,1281.6,1282.8,1280.2,1282.6,14958.0,present
1205,2025-01-15 22:00:00+00:00,1282.36,1284.24,1278.6000000000001,1283.04,46904.4,interpolated
1206,2025-01-16 00:00:00+00:00,1283.12,1285.68,1277.0,1283.48,78850.8,interpolated
1207,2025-01-16 02:00:00+00:00,1283.88,1287.12,1275.4,1283.9199999999998,110797.20000000001,interpolated
1208,2025-01-16 04:00:00+00:00,1284.64,1288.56,1273.8,1284.36,142743.6,interpolated
1209,2025-01-16 06:00:00+00:00,1285.4,1290.0,1272.2,1284.8,174690.0,present
1210,2025-01-16 08:00:00+00:00,1284.4,1296.8,1278.4,1289.2,265555.0,present
1211,2025-01-16 10:00:00+00:00,1289.4,1300.0,1287.0,1297.4,149731.0,present
1212,2025-01-16 12:00:00+00:00,1298.0,1303.6,1282.4,1289.6,247055.0,present
1213,2025-01-16 14:00:00+00:00,1289.6,1295.4,1286.4,1293.8,55133.0,present
1214,2025-01-16 16:00:00+00:00,1293.0,1295.8,1286.4,1286.4,27442.0,present
1215,2025-01-16 18:00:00+00:00,1286.4,1291.2,1284.0,1290.4,21755.0,present
1216,2025-01-16 20:00:00+00:00,1290.4,1290.4,1283.8,1285.0,10606.0,present
1217,2025-01-16 22:00:00+00:00,1289.8400000000001,1290.28,1281.92,1284.28,42967.8,interpolated
1218,2025-01-17 00:00:00+00:00,1289.28,1290.16,1280.04,1283.56,75329.6,interpolated
1219,2025-01-17 02:00:00+00:00,1288.72,1290.04,1278.16,1282.8400000000001,107691.4,interpolated
1220,2025-01-17 04:00:00+00:00,1288.1599999999999,1289.92,1276.28,1282.1200000000001,140053.2,interpolated
1221,2025-01-17 06:00:00+00:00,1287.6,1289.8,1274.4,1281.4,172415.0,present
1222,2025-01-17 08:00:00+00:00,1281.0,1287.8,1271.4,1278.0,153201.0,present
1223,2025-01-17 10:00:00+00:00,1277.8,1295.0,1276.0,1289.8,164395.0,present
1224,2025-01-17 12:00:00+00:00,1301.6,1314.3,1296.4,1306.9,250247.5,interpolated
1225,2025-01-17 14:00:00+00:00,1325.4,1333.6,1316.8,1324.0,336100.0,present
1226,2025-01-17 16:00:00+00:00,1324.0,1330.0,1315.6,1322.2,114992.0,present
1227,2025-01-17 18:00:00+00:00,1322.0,1325.2,1322.0,1324.2,28287.0,present
1228,2025-01-17 20:00:00+00:00,1324.2,1327.0,1323.0,1326.8,21177.0,present
1229,2025-01-17 22:00:00+00:00,1325.3933333333334,1328.2933333333333,1323.4466666666667,1327.1733333333332,45253.13333333333,interpolated
1230,2025-01-18 00:00:00+00:00,1326.5866666666668,1329.5866666666666,1323.8933333333334,1327.5466666666666,69329.26666666666,interpolated
1231,2025-01-18 02:00:00+00:00,1327.78,1330.88,1324.34,1327.92,93405.4,interpolated
1232,2025-01-18 04:00:00+00:00,1328.9733333333334,1332.1733333333334,1324.7866666666666,1328.2933333333333,117481.53333333333,interpolated
1233,2025-01-18 06:00:00+00:00,1330.1666666666667,1333.4666666666667,1325.2333333333333,1328.6666666666665,141557.66666666666,interpolated
1234,2025-01-18 08:00:00+00:00,1331.3600000000001,1334.76,1325.68,1329.04,165633.8,interpolated
1235,2025-01-18 10:00:00+00:00,1332.5533333333333,1336.0533333333333,1326.1266666666668,1329.4133333333334,189709.93333333332,interpolated
1236,2025-01-18 12:00:00+00:00,1333.7466666666667,1337.3466666666666,1326.5733333333333,1329.7866666666666,213786.06666666665,interpolated
1237,2025-01-18 14:00:00+00:00,1334.94,1338.6399999999999,1327.02,1330.1599999999999,237862.19999999998,interpolated
1238,2025-01-18 16:00:00+00:00,1336.1333333333334,1339.9333333333334,1327.4666666666667,1330.5333333333333,261938.3333333333,interpolated
1239,2025-01-18 18:00:00+00:00,1337.3266666666666,1341.2266666666667,1327.9133333333334,1330.9066666666668,286014.4666666667,interpolated
1240,2025-01-18 20:00:00+00:00,1338.52,1342.52,1328.3600000000001,1331.28,310090.6,interpolated
1241,2025-01-18 22:00:00+00:00,1339.7133333333334,1343.8133333333333,1328.8066666666666,1331.6533333333332,334166.73333333334,interpolated
1242,2025-01-19 00:00:00+00:00,1340.9066666666668,1345.1066666666666,1329.2533333333333,1332.0266666666666,358242.86666666664,interpolated
1243,2025-01-19 02:00:00+00:00,1342.1,1346.4,1329.7,1332.4,382319.0,interpolated
1244,2025-01-19 04:00:00+00:00,1343.2933333333333,1347.6933333333334,1330.1466666666668,1332.7733333333333,406395.1333333333,interpolated
1245,2025-01-19 06:00:00+00:00,1344.4866666666667,1348.9866666666667,1330.5933333333335,1333.1466666666665,430471.26666666666,interpolated
1246,2025-01-19 08:00:00+00:00,1345.68,1350.28,1331.04,1333.52,454547.39999999997,interpolated
1247,2025-01-19 10:00:00+00:00,1346.8733333333334,1351.5733333333333,1331.4866666666667,1333.8933333333334,478623.5333333333,interpolated
1248,2025-01-19 12:00:00+00:00,1348.0666666666666,1352.8666666666666,1331.9333333333334,1334.2666666666667,502699.6666666666,interpolated
1249,2025-01-19 14:00:00+00:00,1349.26,1354.1599999999999,1332.38,1334.6399999999999,526775.8,interpolated
1250,2025-01-19 16:00:00+00:00,1350.4533333333334,1355.4533333333334,1332.8266666666668,1335.0133333333333,550851.9333333333,interpolated
1251,2025-01-19 18:00:00+00:00,1351.6466666666668,1356.7466666666667,1333.2733333333333,1335.3866666666668,574928.0666666667,interpolated
1252,2025-01-19 20:00:00+00:00,1352.84,1358.04,1333.72,1335.76,599004.2,interpolated
1253,2025-01-19 22:00:00+00:00,1354.0333333333333,1359.3333333333333,1334.1666666666667,1336.1333333333332,623080.3333333333,interpolated
1254,2025-01-20 00:00:00+00:00,1355.2266666666667,1360.6266666666666,1334.6133333333335,1336.5066666666667,647156.4666666667,interpolated
1255,2025-01-20 02:00:00+00:00,1356.42,1361.92,1335.0600000000002,1336.88,671232.6,interpolated
1256,2025-01-20 04:00:00+00:00,1357.6133333333332,1363.2133333333334,1335.5066666666667,1337.2533333333333,695308.7333333333,interpolated
1257,2025-01-20 06:00:00+00:00,1358.8066666666666,1364.5066666666667,1335.9533333333334,1337.6266666666666,719384.8666666666,interpolated
1258,2025-01-20 08:00:00+00:00,1360.0,1365.8,1336.4,1338.0,743461.0,present
1259,2025-01-20 10:00:00+00:00,1337.6,1350.0,1334.0,1341.4,328549.0,present
1260,2025-01-20 12:00:00+00:00,1341.6,1347.4,1328.2,1341.0,193252.0,present
1261,2025-01-20 14:00:00+00:00,1320.8,1327.7,1309.6,1317.4,162329.0,interpolated
1262,2025-01-20 16:00:00+00:00,1300.0,1308.0,1291.0,1293.8,131406.0,present
1263,2025-01-20 18:00:00+00:00,1294.4,1297.4,1285.4,1294.8,70059.0,present
1264,2025-01-20 20:00:00+00:00,1295.0,1298.0,1294.8,1295.4,16393.0,present
1265,2025-01-20 22:00:00+00:00,1295.28,1299.0,1292.24,1295.1200000000001,40808.0,interpolated
1266,2025-01-21 00:00:00+00:00,1295.56,1300.0,1289.68,1294.8400000000001,65223.0,interpolated
1267,2025-01-21 02:00:00+00:00,1295.8400000000001,1301.0,1287.12,1294.56,89638.0,interpolated
1268,2025-01-21 04:00:00+00:00,1296.1200000000001,1302.0,1284.56,1294.28,114053.0,interpolated
1269,2025-01-21 06:00:00+00:00,1296.4,1303.0,1282.0,1294.0,138468.0,present
1270,2025-01-21 08:00:00+00:00,1294.0,1294.6,1267.4,1272.0,219179.0,present
1271,2025-01-21 10:00:00+00:00,1272.2,1282.8,1265.4,1269.8,153196.0,present
1272,2025-01-21 12:00:00+00:00,1269.8,1273.6,1263.4,1272.2,134975.0,present
1273,2025-01-21 12:00:00+00:00,1269.8,1273.6,1263.4,1272.2,134975.0,present
1274,2025-01-21 14:00:00+00:00,1272.2,1286.2,1269.4,1285.2,197683.0,present
1275,2025-01-21 16:00:00+00:00,1286.2,1287.6,1281.8,1286.8,36382.0,present
1276,2025-01-21 18:00:00+00:00,1286.6,1289.2,1285.6,1287.4,19030.0,present
1277,2025-01-21 20:00:00+00:00,1288.4,1290.0,1287.8,1290.0,14378.0,present
1278,2025-01-21 22:00:00+00:00,1288.8000000000002,1290.88,1285.08,1287.28,30952.0,interpolated
1279,2025-01-22 00:00:00+00:00,1289.2,1291.76,1282.36,1284.56,47526.0,interpolated
1280,2025-01-22 02:00:00+00:00,1289.6000000000001,1292.64,1279.64,1281.8400000000001,64099.99999999999,interpolated
1281,2025-01-22 04:00:00+00:00,1290.0,1293.52,1276.92,1279.1200000000001,80674.0,interpolated
1282,2025-01-22 06:00:00+00:00,1290.4,1294.4,1274.2,1276.4,97248.0,present
1283,2025-01-22 08:00:00+00:00,1277.0,1287.8,1275.4,1279.8,144730.0,present
1284,2025-01-22 10:00:00+00:00,1279.8,1290.0,1278.6,1289.0,257118.0,present
1285,2025-01-22 12:00:00+00:00,1289.2,1290.0,1276.6,1277.2,132063.0,present
1286,2025-01-22 14:00:00+00:00,1277.2,1283.0,1275.2,1279.8,166304.0,present
1287,2025-01-22 16:00:00+00:00,1281.6,1283.0,1250.2,1262.8,300459.0,present
1288,2025-01-22 18:00:00+00:00,1263.0,1263.0,1258.0,1259.2,39302.0,present
1289,2025-01-22 20:00:00+00:00,1259.4,1260.8,1250.0,1252.0,35241.0,present
1290,2025-01-22 22:00:00+00:00,1257.52,1258.6399999999999,1246.68,1250.6,107148.4,interpolated
1291,2025-01-23 00:00:00+00:00,1255.64,1256.48,1243.3600000000001,1249.2,179055.8,interpolated
1292,2025-01-23 02:00:00+00:00,1253.76,1254.32,1240.04,1247.8,250963.19999999998,interpolated
1293,2025-01-23 04:00:00+00:00,1251.88,1252.16,1236.72,1246.4,322870.6,interpolated
1294,2025-01-23 06:00:00+00:00,1250.0,1250.0,1233.4,1245.0,394778.0,present
1295,2025-01-23 08:00:00+00:00,1244.8,1247.2,1221.0,1230.0,461119.0,present
1296,2025-01-23 10:00:00+00:00,1230.0,1246.8,1226.8,1245.0,207804.0,present
1297,2025-01-23 12:00:00+00:00,1245.0,1245.6,1235.0,1240.0,137271.0,present
1298,2025-01-23 14:00:00+00:00,1240.0,1248.8,1235.0,1247.6,171044.0,present
1299,2025-01-23 16:00:00+00:00,1247.2,1250.0,1238.0,1246.6,109460.0,present
1300,2025-01-23 18:00:00+00:00,1247.2,1248.8,1245.4,1246.8,26699.0,present
1301,2025-01-23 20:00:00+00:00,1246.8,1259.0,1245.8,1258.6,36761.0,present
1302,2025-01-23 22:00:00+00:00,1249.24,1260.48,1246.36,1257.28,57887.6,interpolated
1303,2025-01-24 00:00:00+00:00,1251.68,1261.96,1246.9199999999998,1255.96,79014.2,interpolated
1304,2025-01-24 02:00:00+00:00,1254.12,1263.44,1247.48,1254.6399999999999,100140.79999999999,interpolated
1305,2025-01-24 04:00:00+00:00,1256.56,1264.92,1248.04,1253.32,121267.4,interpolated
1306,2025-01-24 06:00:00+00:00,1259.0,1266.4,1248.6,1252.0,142394.0,present
1307,2025-01-24 08:00:00+00:00,1252.2,1259.0,1237.6,1246.8,252464.0,present
1308,2025-01-24 10:00:00+00:00,1246.2,1254.4,1246.0,1253.6,186165.0,present
1309,2025-01-24 12:00:00+00:00,1253.0,1254.0,1240.0,1242.0,137920.0,present
1310,2025-01-24 14:00:00+00:00,1242.0,1249.8,1238.0,1249.0,112222.0,present
1311,2025-01-24 16:00:00+00:00,1248.8,1250.2,1244.6,1246.2,30935.0,present
1312,2025-01-24 18:00:00+00:00,1246.2,1248.0,1244.0,1247.6,19963.0,present
1313,2025-01-24 20:00:00+00:00,1247.6,1248.0,1238.8,1243.4,19609.0,present
1314,2025-01-24 22:00:00+00:00,1247.437037037037,1247.8222222222223,1238.9629629629628,1243.3925925925928,18886.555555555555,interpolated
1315,2025-01-25 00:00:00+00:00,1247.274074074074,1247.6444444444444,1239.125925925926,1243.3851851851853,18164.11111111111,interpolated
1316,2025-01-25 02:00:00+00:00,1247.111111111111,1247.4666666666667,1239.2888888888888,1243.377777777778,17441.666666666668,interpolated
1317,2025-01-25 04:00:00+00:00,1246.948148148148,1247.288888888889,1239.4518518518519,1243.3703703703704,16719.222222222223,interpolated
1318,2025-01-25 06:00:00+00:00,1246.7851851851851,1247.111111111111,1239.6148148148147,1243.3629629629631,15996.777777777777,interpolated
1319,2025-01-25 08:00:00+00:00,1246.6222222222223,1246.9333333333334,1239.7777777777778,1243.3555555555556,15274.333333333332,interpolated
1320,2025-01-25 10:00:00+00:00,1246.4592592592592,1246.7555555555555,1239.9407407407407,1243.3481481481483,14551.888888888889,interpolated
1321,2025-01-25 12:00:00+00:00,1246.2962962962963,1246.5777777777778,1240.1037037037038,1243.3407407407408,13829.444444444445,interpolated
1322,2025-01-25 14:00:00+00:00,1246.1333333333332,1246.4,1240.2666666666667,1243.3333333333335,13107.0,interpolated
1323,2025-01-25 16:00:00+00:00,1245.9703703703703,1246.2222222222222,1240.4296296296295,1243.325925925926,12384.555555555555,interpolated
1324,2025-01-25 18:00:00+00:00,1245.8074074074075,1246.0444444444445,1240.5925925925926,1243.3185185185187,11662.111111111111,interpolated
1325,2025-01-25 20:00:00+00:00,1245.6444444444444,1245.8666666666668,1240.7555555555555,1243.3111111111111,10939.666666666666,interpolated
1326,2025-01-25 22:00:00+00:00,1245.4814814814815,1245.6888888888889,1240.9185185185186,1243.3037037037038,10217.222222222223,interpolated
1327,2025-01-26 00:00:00+00:00,1245.3185185185184,1245.5111111111112,1241.0814814814814,1243.2962962962963,9494.777777777777,interpolated
1328,2025-01-26 02:00:00+00:00,1245.1555555555556,1245.3333333333333,1241.2444444444445,1243.288888888889,8772.333333333334,interpolated
1329,2025-01-26 04:00:00+00:00,1244.9925925925925,1245.1555555555556,1241.4074074074074,1243.2814814814815,8049.888888888889,interpolated
1330,2025-01-26 06:00:00+00:00,1244.8296296296296,1244.9777777777779,1241.5703703703705,1243.2740740740742,7327.444444444445,interpolated
1331,2025-01-26 08:00:00+00:00,1244.6666666666667,1244.8,1241.7333333333333,1243.2666666666667,6605.0,interpolated
1332,2025-01-26 10:00:00+00:00,1244.5037037037036,1244.6222222222223,1241.8962962962962,1243.2592592592594,5882.555555555557,interpolated
1333,2025-01-26 12:00:00+00:00,1244.3407407407408,1244.4444444444446,1242.0592592592593,1243.2518518518518,5160.111111111111,interpolated
1334,2025-01-26 14:00:00+00:00,1244.1777777777777,1244.2666666666667,1242.2222222222222,1243.2444444444445,4437.666666666668,interpolated
1335,2025-01-26 16:00:00+00:00,1244.0148148148148,1244.088888888889,1242.3851851851853,1243.237037037037,3715.2222222222226,interpolated
1336,2025-01-26 18:00:00+00:00,1243.851851851852,1243.911111111111,1242.5481481481481,1243.2296296296297,2992.7777777777774,interpolated
1337,2025-01-26 20:00:00+00:00,1243.6888888888889,1243.7333333333333,1242.7111111111112,1243.2222222222222,2270.333333333332,interpolated
1338,2025-01-26 22:00:00+00:00,1243.525925925926,1243.5555555555557,1242.874074074074,1243.2148148148149,1547.8888888888905,interpolated
1339,2025-01-27 00:00:00+00:00,1243.362962962963,1243.3777777777777,1243.0370370370372,1243.2074074074073,825.4444444444453,interpolated
1340,2025-01-27 02:00:00+00:00,1243.2,1243.2,1243.2,1243.2,103.0,present
1341,2025-01-27 04:00:00+00:00,1243.4,1249.8,1240.0,1249.0,10154.0,present
1342,2025-01-27 06:00:00+00:00,1248.4,1250.2,1230.0,1234.8,132380.0,present
1343,2025-01-27 08:00:00+00:00,1235.0,1247.6,1231.0,1246.6,178493.0,present
1344,2025-01-27 10:00:00+00:00,1246.4,1254.0,1237.8,1246.6,193974.0,present
1345,2025-01-27 12:00:00+00:00,1246.4,1256.0,1240.4,1240.6,197596.0,present
1346,2025-01-27 14:00:00+00:00,1240.4,1242.8,1230.2,1230.4,146051.0,present
1347,2025-01-27 16:00:00+00:00,1232.0,1235.0,1225.0,1229.0,68920.0,present
1348,2025-01-27 18:00:00+00:00,1229.0,1229.0,1222.2,1227.0,48260.0,present
1349,2025-01-27 20:00:00+00:00,1227.0,1227.8,1225.0,1225.4,8134.0,present
1350,2025-01-27 22:00:00+00:00,1226.4666666666667,1227.0,1225.1333333333334,1225.4,5426.666666666666,interpolated
1351,2025-01-28 00:00:00+00:00,1225.9333333333334,1226.2,1225.2666666666667,1225.4,2719.333333333333,interpolated
1352,2025-01-28 02:00:00+00:00,1225.4,1225.4,1225.4,1225.4,12.0,present
1353,2025-01-28 04:00:00+00:00,1225.4,1228.8,1203.2,1216.0,94076.0,present
1354,2025-01-28 06:00:00+00:00,1216.0,1224.4,1215.0,1219.4,134668.0,present
1355,2025-01-28 08:00:00+00:00,1219.6,1227.0,1213.8,1217.6,90007.0,present
1356,2025-01-28 10:00:00+00:00,1231.0,1237.0,1226.8,1231.4,107511.0,interpolated
1357,2025-01-28 12:00:00+00:00,1242.4,1247.0,1239.8,1245.2,125015.0,present
1358,2025-01-28 12:00:00+00:00,1242.4,1247.0,1239.8,1245.2,125015.0,present
1359,2025-01-28 14:00:00+00:00,1245.0,1257.8,1241.0,1254.8,175204.0,present
1360,2025-01-28 16:00:00+00:00,1254.8,1260.8,1252.4,1256.8,92373.0,present
1361,2025-01-28 18:00:00+00:00,1257.0,1259.8,1255.0,1258.2,45907.0,present
1362,2025-01-28 20:00:00+00:00,1258.2,1259.6,1258.0,1259.2,11425.0,present
1363,2025-01-28 22:00:00+00:00,1258.5333333333333,1259.4666666666667,1258.4,1259.2,7642.666666666667,interpolated
1364,2025-01-29 00:00:00+00:00,1258.8666666666668,1259.3333333333333,1258.8,1259.2,3860.333333333334,interpolated
1365,2025-01-29 02:00:00+00:00,1259.2,1259.2,1259.2,1259.2,78.0,present
1366,2025-01-29 04:00:00+00:00,1259.2,1272.0,1259.0,1265.0,75119.0,present
1367,2025-01-29 06:00:00+00:00,1263.8,1266.2,1250.4,1259.4,127784.0,present
1368,2025-01-29 08:00:00+00:00,1259.6,1275.0,1259.6,1270.6,207147.0,present
1369,2025-01-29 10:00:00+00:00,1271.0,1273.0,1263.0,1263.6,133204.0,present
1370,2025-01-29 12:00:00+00:00,1264.0,1268.0,1258.6,1258.8,153291.0,present
1371,2025-01-29 14:00:00+00:00,1258.6,1265.0,1257.0,1263.8,98087.0,present
1372,2025-01-29 16:00:00+00:00,1266.0,1266.2,1252.0,1254.2,80678.0,present
1373,2025-01-29 18:00:00+00:00,1254.2,1254.8,1252.0,1254.6,13067.0,present
1374,2025-01-29 20:00:00+00:00,1254.6,1254.6,1252.6,1252.6,6331.0,present
1375,2025-01-29 22:00:00+00:00,1253.9333333333332,1253.9333333333332,1252.6,1252.6,4234.666666666666,interpolated
1376,2025-01-30 00:00:00+00:00,1253.2666666666667,1253.2666666666667,1252.6,1252.6,2138.333333333333,interpolated
1377,2025-01-30 02:00:00+00:00,1252.6,1252.6,1252.6,1252.6,42.0,present
1378,2025-01-30 04:00:00+00:00,1254.6,1260.0,1250.2,1259.8,12188.0,present
1379,2025-01-30 06:00:00+00:00,1259.8,1263.4,1256.4,1259.0,68670.0,present
1380,2025-01-30 08:00:00+00:00,1259.4,1271.6,1259.0,1267.8,169112.0,present
1381,2025-01-30 10:00:00+00:00,1268.0,1274.8,1264.2,1272.2,151071.0,present
1382,2025-01-30 12:00:00+00:00,1271.8,1282.0,1268.8,1277.2,138458.0,present
1383,2025-01-30 14:00:00+00:00,1277.8,1283.0,1277.2,1280.0,174718.0,present
1384,2025-01-30 16:00:00+00:00,1280.0,1280.8,1273.8,1277.6,57500.0,present
1385,2025-01-30 18:00:00+00:00,1277.6,1281.0,1272.8,1281.0,38546.0,present
1386,2025-01-30 20:00:00+00:00,1280.8,1281.2,1279.4,1279.6,9302.0,present
1387,2025-01-30 22:00:00+00:00,1278.9333333333334,1279.2,1278.0,1278.1333333333332,6371.0,interpolated
1388,2025-01-31 00:00:00+00:00,1277.0666666666666,1277.2,1276.6000000000001,1276.6666666666667,3440.0,interpolated
1389,2025-01-31 02:00:00+00:00,1275.2,1275.2,1275.2,1275.2,509.0,present
1390,2025-01-31 04:00:00+00:00,1276.0,1285.2,1275.4,1283.0,26011.0,present
1391,2025-01-31 06:00:00+00:00,1283.6,1285.0,1272.2,1274.6,135105.0,present
1392,2025-01-31 08:00:00+00:00,1274.6,1277.0,1265.2,1271.0,188436.0,present
1393,2025-01-31 10:00:00+00:00,1271.0,1274.8,1269.4,1270.6,80469.0,present
1394,2025-01-31 12:00:00+00:00,1250.9,1255.6999999999998,1242.3000000000002,1247.8,722678.0,interpolated
1395,2025-01-31 14:00:00+00:00,1230.8,1236.6,1215.2,1225.0,1364887.0,present
1396,2025-01-31 16:00:00+00:00,1224.6,1226.2,1210.6,1214.2,468512.0,present
1397,2025-01-31 18:00:00+00:00,1214.4,1217.4,1207.6,1212.6,362408.0,present
1398,2025-01-31 20:00:00+00:00,1212.6,1215.2,1209.8,1211.8,127901.0,present
1399,2025-01-31 22:00:00+00:00,1212.5703703703703,1215.0740740740741,1209.874074074074,1211.8,123285.03703703704,interpolated
1400,2025-02-01 00:00:00+00:00,1212.5407407407406,1214.9481481481482,1209.948148148148,1211.8,118669.07407407407,interpolated
1401,2025-02-01 02:00:00+00:00,1212.511111111111,1214.8222222222223,1210.0222222222221,1211.8,114053.11111111111,interpolated
1402,2025-02-01 04:00:00+00:00,1212.4814814814813,1214.6962962962964,1210.0962962962963,1211.8,109437.14814814815,interpolated
1403,2025-02-01 06:00:00+00:00,1212.4518518518519,1214.5703703703705,1210.1703703703704,1211.8,104821.18518518518,interpolated
1404,2025-02-01 08:00:00+00:00,1212.4222222222222,1214.4444444444446,1210.2444444444443,1211.8,100205.22222222222,interpolated
1405,2025-02-01 10:00:00+00:00,1212.3925925925926,1214.3185185185184,1210.3185185185184,1211.8,95589.25925925926,interpolated
1406,2025-02-01 12:00:00+00:00,1212.362962962963,1214.1925925925925,1210.3925925925926,1211.8,90973.29629629629,interpolated
1407,2025-02-01 14:00:00+00:00,1212.3333333333333,1214.0666666666666,1210.4666666666667,1211.8,86357.33333333333,interpolated
1408,2025-02-01 16:00:00+00:00,1212.3037037037036,1213.9407407407407,1210.5407407407406,1211.8,81741.37037037036,interpolated
1409,2025-02-01 18:00:00+00:00,1212.274074074074,1213.8148148148148,1210.6148148148147,1211.8,77125.40740740742,interpolated
1410,2025-02-01 20:00:00+00:00,1212.2444444444443,1213.6888888888889,1210.6888888888889,1211.8,72509.44444444444,interpolated
1411,2025-02-01 22:00:00+00:00,1212.2148148148146,1213.562962962963,1210.762962962963,1211.8,67893.48148148149,interpolated
1412,2025-02-02 00:00:00+00:00,1212.1851851851852,1213.437037037037,1210.837037037037,1211.8,63277.51851851852,interpolated
1413,2025-02-02 02:00:00+00:00,1212.1555555555556,1213.3111111111111,1210.911111111111,1211.8,58661.55555555555,interpolated
1414,2025-02-02 04:00:00+00:00,1212.125925925926,1213.1851851851852,1210.9851851851852,1211.8,54045.592592592584,interpolated
1415,2025-02-02 06:00:00+00:00,1212.0962962962963,1213.0592592592593,1211.0592592592593,1211.8,49429.62962962962,interpolated
1416,2025-02-02 08:00:00+00:00,1212.0666666666666,1212.9333333333334,1211.1333333333332,1211.8,44813.66666666666,interpolated
1417,2025-02-02 10:00:00+00:00,1212.037037037037,1212.8074074074075,1211.2074074074073,1211.8,40197.70370370369,interpolated
1418,2025-02-02 12:00:00+00:00,1212.0074074074073,1212.6814814814816,1211.2814814814815,1211.8,35581.74074074073,interpolated
1419,2025-02-02 14:00:00+00:00,1211.9777777777776,1212.5555555555554,1211.3555555555556,1211.8,30965.77777777778,interpolated
1420,2025-02-02 16:00:00+00:00,1211.948148148148,1212.4296296296295,1211.4296296296295,1211.8,26349.814814814818,interpolated
1421,2025-02-02 18:00:00+00:00,1211.9185185185186,1212.3037037037036,1211.5037037037036,1211.8,21733.851851851854,interpolated
1422,2025-02-02 20:00:00+00:00,1211.888888888889,1212.1777777777777,1211.5777777777778,1211.8,17117.88888888889,interpolated
1423,2025-02-02 22:00:00+00:00,1211.8592592592593,1212.0518518518518,1211.651851851852,1211.8,12501.925925925927,interpolated
1424,2025-02-03 00:00:00+00:00,1211.8296296296296,1211.9259259259259,1211.7259259259258,1211.8,7885.9629629629635,interpolated
1425,2025-02-03 02:00:00+00:00,1211.8,1211.8,1211.8,1211.8,3270.0,present
1426,2025-02-03 04:00:00+00:00,1211.8,1211.8,1186.8,1198.8,320451.0,present
1427,2025-02-03 06:00:00+00:00,1198.8,1201.0,1168.2,1186.4,1117708.0,present
1428,2025-02-03 08:00:00+00:00,1186.4,1189.8,1172.0,1185.6,2330026.0,present
1429,2025-02-03 10:00:00+00:00,1186.0,1186.4,1168.6,1168.8,601373.0,present
1430,2025-02-03 12:00:00+00:00,1169.0,1180.2,1166.0,1176.6,449719.0,present
1431,2025-02-03 14:00:00+00:00,1176.8,1185.8,1170.6,1185.8,437790.0,present
1432,2025-02-03 16:00:00+00:00,1183.8,1189.0,1179.6,1188.4,235084.0,present
1433,2025-02-03 18:00:00+00:00,1187.6,1196.6,1187.2,1196.0,199508.0,present
1434,2025-02-03 20:00:00+00:00,1195.8,1196.8,1188.2,1192.4,41287.0,present
1435,2025-02-03 22:00:00+00:00,1194.5333333333333,1195.2,1189.4666666666667,1192.2666666666667,27554.333333333336,interpolated
1436,2025-02-04 00:00:00+00:00,1193.2666666666667,1193.6,1190.7333333333333,1192.1333333333334,13821.666666666668,interpolated
1437,2025-02-04 02:00:00+00:00,1192.0,1192.0,1192.0,1192.0,89.0,present
1438,2025-02-04 04:00:00+00:00,1191.2,1192.4,1182.0,1182.4,82922.0,present
1439,2025-02-04 06:00:00+00:00,1183.0,1205.8,1180.6,1193.0,579553.0,present
1440,2025-02-04 08:00:00+00:00,1192.8,1195.2,1180.2,1182.8,526393.0,present
1441,2025-02-04 10:00:00+00:00,1182.4,1189.2,1181.6,1182.0,244486.0,present
1442,2025-02-04 12:00:00+00:00,1182.2,1183.2,1175.0,1175.2,543273.0,present
1443,2025-02-04 12:00:00+00:00,1182.2,1183.2,1175.0,1175.2,543273.0,present
1444,2025-02-04 14:00:00+00:00,1175.0,1193.8,1174.0,1190.0,416875.0,present
1445,2025-02-04 16:00:00+00:00,1190.0,1190.0,1177.2,1178.2,78100.0,present
1446,2025-02-04 18:00:00+00:00,1178.2,1179.2,1171.6,1173.6,102587.0,present
1447,2025-02-04 20:00:00+00:00,1173.8,1175.6,1173.0,1175.0,19505.0,present
1448,2025-02-04 22:00:00+00:00,1174.2,1175.3999999999999,1173.6666666666667,1175.0,13027.0,interpolated
1449,2025-02-05 00:00:00+00:00,1174.6,1175.2,1174.3333333333333,1175.0,6549.0,interpolated
1450,2025-02-05 02:00:00+00:00,1175.0,1175.0,1175.0,1175.0,71.0,present
1451,2025-02-05 04:00:00+00:00,1174.4,1182.0,1172.2,1176.0,35950.0,present
1452,2025-02-05 06:00:00+00:00,1176.0,1178.4,1162.8,1170.6,274838.0,present
1453,2025-02-05 08:00:00+00:00,1170.8,1174.4,1167.0,1171.8,331169.0,present
1454,2025-02-05 10:00:00+00:00,1172.0,1174.2,1168.0,1172.4,124151.0,present
1455,2025-02-05 12:00:00+00:00,1172.2,1181.8,1171.2,1176.6,147836.0,present
1456,2025-02-05 14:00:00+00:00,1176.4,1193.6,1176.2,1193.6,215773.0,present
1457,2025-02-05 16:00:00+00:00,1193.6,1199.8,1191.8,1195.6,195686.0,present
1458,2025-02-05 18:00:00+00:00,1195.8,1202.6,1192.6,1197.2,117873.0,present
1459,2025-02-05 20:00:00+00:00,1197.0,1205.0,1197.0,1202.8,40189.0,present
1460,2025-02-05 22:00:00+00:00,1198.6666666666667,1204.0,1198.6666666666667,1202.5333333333333,26866.333333333332,interpolated
1461,2025-02-06 00:00:00+00:00,1200.3333333333333,1203.0,1200.3333333333333,1202.2666666666667,13543.666666666664,interpolated
1462,2025-02-06 02:00:00+00:00,1202.0,1202.0,1202.0,1202.0,221.0,present
1463,2025-02-06 04:00:00+00:00,1202.8,1210.6,1202.0,1205.0,54916.0,present
1464,2025-02-06 06:00:00+00:00,1204.0,1205.8,1196.2,1198.8,205438.0,present
1465,2025-02-06 08:00:00+00:00,1198.8,1200.2,1190.8,1198.8,439360.0,present
1466,2025-02-06 10:00:00+00:00,1198.8,1200.4,1192.0,1195.4,165095.0,present
1467,2025-02-06 12:00:00+00:00,1194.6,1198.6,1190.0,1197.6,158267.0,present
1468,2025-02-06 14:00:00+00:00,1197.2,1207.8,1197.0,1198.2,247542.0,present
1469,2025-02-06 16:00:00+00:00,1198.0,1200.8,1197.0,1197.4,21743.0,present
1470,2025-02-06 18:00:00+00:00,1197.6,1199.6,1196.0,1198.8,14855.0,present
1471,2025-02-06 20:00:00+00:00,1199.0,1199.6,1196.8,1196.8,4818.0,present
1472,2025-02-06 22:00:00+00:00,1198.0,1198.3999999999999,1196.5333333333333,1196.5333333333333,3225.333333333333,interpolated
1473,2025-02-07 00:00:00+00:00,1197.0,1197.2,1196.2666666666667,1196.2666666666667,1632.6666666666665,interpolated
1474,2025-02-07 02:00:00+00:00,1196.0,1196.0,1196.0,1196.0,40.0,present
1475,2025-02-07 04:00:00+00:00,1195.8,1200.2,1193.4,1196.0,11554.0,present
1476,2025-02-07 06:00:00+00:00,1196.0,1204.6,1193.2,1203.2,86804.0,present
1477,2025-02-07 08:00:00+00:00,1203.2,1203.6,1196.2,1198.6,110756.0,present
1478,2025-02-07 10:00:00+00:00,1198.6,1202.4,1198.4,1201.6,73909.0,present
1479,2025-02-07 12:00:00+00:00,1201.8,1209.6,1201.0,1207.0,118750.0,present
1480,2025-02-07 14:00:00+00:00,1206.8,1210.0,1204.4,1210.0,178125.0,present
1481,2025-02-07 16:00:00+00:00,1209.2,1210.0,1203.4,1208.6,50106.0,present
1482,2025-02-07 18:00:00+00:00,1208.8,1211.8,1207.4,1209.8,37564.0,present
1483,2025-02-07 20:00:00+00:00,1210.0,1212.4,1206.6,1207.6,42285.0,present
1484,2025-02-07 22:00:00+00:00,1209.962962962963,1212.2740740740742,1206.6888888888889,1207.6518518518517,40771.851851851854,interpolated
1485,2025-02-08 00:00:00+00:00,1209.9259259259259,1212.1481481481483,1206.7777777777776,1207.7037037037037,39258.7037037037,interpolated
1486,2025-02-08 02:00:00+00:00,1209.888888888889,1212.0222222222224,1206.8666666666666,1207.7555555555555,37745.555555555555,interpolated
1487,2025-02-08 04:00:00+00:00,1209.851851851852,1211.8962962962964,1206.9555555555555,1207.8074074074073,36232.40740740741,interpolated
1488,2025-02-08 06:00:00+00:00,1209.8148148148148,1211.7703703703705,1207.0444444444445,1207.8592592592593,34719.259259259255,interpolated
1489,2025-02-08 08:00:00+00:00,1209.7777777777778,1211.6444444444446,1207.1333333333332,1207.911111111111,33206.11111111111,interpolated
1490,2025-02-08 10:00:00+00:00,1209.7407407407406,1211.5185185185185,1207.2222222222222,1207.9629629629628,31692.962962962964,interpolated
1491,2025-02-08 12:00:00+00:00,1209.7037037037037,1211.3925925925926,1207.3111111111111,1208.0148148148148,30179.814814814814,interpolated
1492,2025-02-08 14:00:00+00:00,1209.6666666666667,1211.2666666666667,1207.3999999999999,1208.0666666666666,28666.666666666664,interpolated
1493,2025-02-08 16:00:00+00:00,1209.6296296296296,1211.1407407407407,1207.4888888888888,1208.1185185185184,27153.51851851852,interpolated
1494,2025-02-08 18:00:00+00:00,1209.5925925925926,1211.0148148148148,1207.5777777777778,1208.1703703703704,25640.37037037037,interpolated
1495,2025-02-08 20:00:00+00:00,1209.5555555555557,1210.888888888889,1207.6666666666665,1208.2222222222222,24127.222222222223,interpolated
1496,2025-02-08 22:00:00+00:00,1209.5185185185185,1210.762962962963,1207.7555555555555,1208.274074074074,22614.074074074073,interpolated
1497,2025-02-09 00:00:00+00:00,1209.4814814814815,1210.637037037037,1207.8444444444444,1208.325925925926,21100.925925925923,interpolated
1498,2025-02-09 02:00:00+00:00,1209.4444444444443,1210.5111111111112,1207.9333333333334,1208.3777777777777,19587.777777777777,interpolated
1499,2025-02-09 04:00:00+00:00,1209.4074074074074,1210.3851851851853,1208.0222222222221,1208.4296296296295,18074.629629629628,interpolated
1500,2025-02-09 06:00:00+00:00,1209.3703703703704,1210.2592592592594,1208.111111111111,1208.4814814814815,16561.48148148148,interpolated
1501,2025-02-09 08:00:00+00:00,1209.3333333333333,1210.1333333333334,1208.2,1208.5333333333333,15048.333333333332,interpolated
1502,2025-02-09 10:00:00+00:00,1209.2962962962963,1210.0074074074075,1208.2888888888888,1208.585185185185,13535.185185185182,interpolated
1503,2025-02-09 12:00:00+00:00,1209.2592592592594,1209.8814814814816,1208.3777777777777,1208.637037037037,12022.037037037036,interpolated
1504,2025-02-09 14:00:00+00:00,1209.2222222222222,1209.7555555555555,1208.4666666666667,1208.6888888888889,10508.888888888887,interpolated
1505,2025-02-09 16:00:00+00:00,1209.1851851851852,1209.6296296296296,1208.5555555555554,1208.7407407407406,8995.740740740737,interpolated
1506,2025-02-09 18:00:00+00:00,1209.148148148148,1209.5037037037036,1208.6444444444444,1208.7925925925927,7482.592592592591,interpolated
1507,2025-02-09 20:00:00+00:00,1209.111111111111,1209.3777777777777,1208.7333333333333,1208.8444444444444,5969.444444444445,interpolated
1508,2025-02-09 22:00:00+00:00,1209.0740740740741,1209.2518518518518,1208.8222222222223,1208.8962962962962,4456.296296296292,interpolated
1509,2025-02-10 00:00:00+00:00,1209.037037037037,1209.125925925926,1208.911111111111,1208.9481481481482,2943.148148148146,interpolated
1510,2025-02-10 02:00:00+00:00,1209.0,1209.0,1209.0,1209.0,1430.0,present
1511,2025-02-10 04:00:00+00:00,1209.2,1223.8,1209.2,1219.4,45883.0,present
1512,2025-02-10 06:00:00+00:00,1219.0,1220.8,1213.2,1213.6,111520.0,present
1513,2025-02-10 08:00:00+00:00,1213.6,1214.2,1210.0,1211.0,97801.0,present
1514,2025-02-10 10:00:00+00:00,1211.0,1220.0,1210.8,1220.0,100181.0,present
1515,2025-02-10 12:00:00+00:00,1220.0,1223.4,1218.0,1222.8,138280.0,present
1516,2025-02-10 14:00:00+00:00,1222.4,1227.4,1221.2,1225.6,128715.0,present
1517,2025-02-10 16:00:00+00:00,1225.6,1226.8,1222.0,1223.4,44439.0,present
1518,2025-02-10 18:00:00+00:00,1223.4,1226.6,1211.2,1215.2,109612.0,present
1519,2025-02-10 20:00:00+00:00,1215.0,1215.4,1203.4,1205.4,64821.0,present
1520,2025-02-10 22:00:00+00:00,1211.3333333333333,1211.6000000000001,1203.6000000000001,1204.9333333333334,43296.0,interpolated
1521,2025-02-11 00:00:00+00:00,1207.6666666666667,1207.8,1203.8,1204.4666666666667,21771.0,interpolated
1522,2025-02-11 02:00:00+00:00,1204.0,1204.0,1204.0,1204.0,246.0,present
1523,2025-02-11 04:00:00+00:00,1204.0,1212.6,1203.0,1210.8,41125.0,present
1524,2025-02-11 06:00:00+00:00,1211.0,1214.4,1198.6,1206.0,164683.0,present
1525,2025-02-11 08:00:00+00:00,1206.0,1212.2,1199.6,1209.8,149436.0,present
1526,2025-02-11 10:00:00+00:00,1210.4,1233.0,1208.6,1224.8,248798.0,present
1527,2025-02-11 12:00:00+00:00,1224.6,1238.2,1224.6,1229.8,209974.0,present
1528,2025-02-11 12:00:00+00:00,1224.6,1238.2,1224.6,1229.8,209974.0,present
1529,2025-02-11 14:00:00+00:00,1229.8,1234.4,1229.8,1233.8,73841.0,present
1530,2025-02-11 16:00:00+00:00,1233.8,1233.8,1228.0,1230.6,46469.0,present
1531,2025-02-11 18:00:00+00:00,1230.6,1240.2,1229.2,1238.8,112701.0,present
1532,2025-02-11 20:00:00+00:00,1238.6,1242.0,1237.2,1242.0,24618.0,present
1533,2025-02-11 22:00:00+00:00,1239.7333333333333,1242.0,1238.8,1242.0,16595.0,interpolated
1534,2025-02-12 00:00:00+00:00,1240.8666666666666,1242.0,1240.4,1242.0,8572.0,interpolated
1535,2025-02-12 02:00:00+00:00,1242.0,1242.0,1242.0,1242.0,549.0,present
1536,2025-02-12 04:00:00+00:00,1242.0,1248.0,1239.6,1242.4,45032.0,present
1537,2025-02-12 06:00:00+00:00,1242.2,1246.0,1240.2,1240.8,111120.0,present
1538,2025-02-12 08:00:00+00:00,1240.8,1257.0,1240.4,1250.2,277576.0,present
1539,2025-02-12 10:00:00+00:00,1250.2,1255.8,1244.4,1247.8,176389.0,present
1540,2025-02-12 12:00:00+00:00,1248.0,1252.8,1242.4,1252.0,151431.0,present
1541,2025-02-12 14:00:00+00:00,1252.0,1255.6,1242.0,1242.0,263589.0,present
1542,2025-02-12 16:00:00+00:00,1272.0,1276.4666666666667,1264.2666666666667,1265.8666666666666,196214.6666666667,interpolated
1543,2025-02-12 18:00:00+00:00,1292.0,1297.3333333333333,1286.5333333333333,1289.7333333333333,128840.33333333334,interpolated
1544,2025-02-12 20:00:00+00:00,1312.0,1318.2,1308.8,1313.6,61466.0,present
1545,2025-02-12 22:00:00+00:00,1314.5333333333333,1318.6666666666667,1312.3999999999999,1315.6,41787.33333333333,interpolated
1546,2025-02-13 00:00:00+00:00,1317.0666666666666,1319.1333333333332,1316.0,1317.6,22108.666666666664,interpolated
1547,2025-02-13 02:00:00+00:00,1319.6,1319.6,1319.6,1319.6,2430.0,present
1548,2025-02-13 04:00:00+00:00,1319.6,1366.2,1319.6,1342.0,347223.0,present
1549,2025-02-13 06:00:00+00:00,1307.1,1336.5,1300.3,1320.7,286242.5,interpolated
1550,2025-02-13 08:00:00+00:00,1294.6,1306.8,1281.0,1299.4,225262.0,present
1551,2025-02-13 10:00:00+00:00,1299.6,1301.0,1288.2,1296.8,175234.0,present
1552,2025-02-13 12:00:00+00:00,1297.0,1320.8,1295.4,1320.4,221662.0,present
1553,2025-02-13 14:00:00+00:00,1320.4,1345.6,1318.2,1335.0,317286.0,present
1554,2025-02-13 16:00:00+00:00,1336.6,1339.8,1324.0,1325.0,60452.0,present
1555,2025-02-13 18:00:00+00:00,1336.742857142857,1341.9714285714285,1325.942857142857,1327.8285714285714,85309.71428571429,interpolated
1556,2025-02-13 20:00:00+00:00,1336.8857142857141,1344.142857142857,1327.8857142857144,1330.6571428571428,110167.42857142858,interpolated
1557,2025-02-13 22:00:00+00:00,1337.0285714285712,1346.3142857142857,1329.8285714285714,1333.4857142857143,135025.14285714284,interpolated
1558,2025-02-14 00:00:00+00:00,1337.1714285714286,1348.4857142857143,1331.7714285714285,1336.3142857142857,159882.85714285716,interpolated
1559,2025-02-14 02:00:00+00:00,1337.3142857142857,1350.6571428571428,1333.7142857142856,1339.142857142857,184740.57142857142,interpolated
1560,2025-02-14 04:00:00+00:00,1337.4571428571428,1352.8285714285714,1335.6571428571428,1341.9714285714285,209598.2857142857,interpolated
1561,2025-02-14 06:00:00+00:00,1337.6,1355.0,1337.6,1344.8,234456.0,present
1562,2025-02-14 08:00:00+00:00,1345.0,1358.0,1331.0,1338.0,330038.0,present
1563,2025-02-14 10:00:00+00:00,1327.4,1339.6,1313.4,1318.3,353949.0,interpolated
1564,2025-02-14 12:00:00+00:00,1309.8,1321.2,1295.8,1298.6,377860.0,present
1565,2025-02-14 14:00:00+00:00,1298.6,1314.8,1294.8,1295.0,193561.0,present
1566,2025-02-14 16:00:00+00:00,1298.8,1307.6,1295.2,1298.0,58007.0,present
1567,2025-02-14 18:00:00+00:00,1297.6,1304.8,1297.6,1303.2,23988.0,present
1568,2025-02-14 20:00:00+00:00,1303.6,1309.6,1303.2,1307.6,17039.0,present
1569,2025-02-14 22:00:00+00:00,1304.059259259259,1309.837037037037,1303.674074074074,1307.911111111111,16580.925925925927,interpolated
1570,2025-02-15 00:00:00+00:00,1304.5185185185185,1310.074074074074,1304.1481481481483,1308.2222222222222,16122.851851851852,interpolated
1571,2025-02-15 02:00:00+00:00,1304.9777777777776,1310.3111111111111,1304.6222222222223,1308.5333333333333,15664.777777777777,interpolated
1572,2025-02-15 04:00:00+00:00,1305.437037037037,1310.5481481481481,1305.0962962962963,1308.8444444444444,15206.703703703704,interpolated
1573,2025-02-15 06:00:00+00:00,1305.8962962962962,1310.7851851851851,1305.5703703703705,1309.1555555555556,14748.62962962963,interpolated
1574,2025-02-15 08:00:00+00:00,1306.3555555555554,1311.0222222222221,1306.0444444444445,1309.4666666666667,14290.555555555555,interpolated
1575,2025-02-15 10:00:00+00:00,1306.8148148148148,1311.2592592592591,1306.5185185185185,1309.7777777777776,13832.481481481482,interpolated
1576,2025-02-15 12:00:00+00:00,1307.274074074074,1311.4962962962961,1306.9925925925927,1310.0888888888887,13374.407407407407,interpolated
1577,2025-02-15 14:00:00+00:00,1307.7333333333333,1311.7333333333333,1307.4666666666667,1310.3999999999999,12916.333333333332,interpolated
1578,2025-02-15 16:00:00+00:00,1308.1925925925925,1311.9703703703703,1307.9407407407407,1310.711111111111,12458.25925925926,interpolated
1579,2025-02-15 18:00:00+00:00,1308.6518518518517,1312.2074074074073,1308.414814814815,1311.0222222222221,12000.185185185186,interpolated
1580,2025-02-15 20:00:00+00:00,1309.111111111111,1312.4444444444443,1308.888888888889,1311.3333333333333,11542.11111111111,interpolated
1581,2025-02-15 22:00:00+00:00,1309.5703703703703,1312.6814814814813,1309.362962962963,1311.6444444444444,11084.037037037036,interpolated
1582,2025-02-16 00:00:00+00:00,1310.0296296296297,1312.9185185185186,1309.8370370370371,1311.9555555555555,10625.962962962964,interpolated
1583,2025-02-16 02:00:00+00:00,1310.4888888888888,1313.1555555555556,1310.3111111111111,1312.2666666666667,10167.888888888889,interpolated
1584,2025-02-16 04:00:00+00:00,1310.9481481481482,1313.3925925925926,1310.7851851851851,1312.5777777777778,9709.814814814814,interpolated
1585,2025-02-16 06:00:00+00:00,1311.4074074074074,1313.6296296296296,1311.2592592592594,1312.888888888889,9251.74074074074,interpolated
1586,2025-02-16 08:00:00+00:00,1311.8666666666666,1313.8666666666666,1311.7333333333333,1313.2,8793.666666666666,interpolated
1587,2025-02-16 10:00:00+00:00,1312.325925925926,1314.1037037037038,1312.2074074074073,1313.5111111111112,8335.592592592591,interpolated
1588,2025-02-16 12:00:00+00:00,1312.7851851851851,1314.3407407407408,1312.6814814814816,1313.8222222222223,7877.518518518518,interpolated
1589,2025-02-16 14:00:00+00:00,1313.2444444444445,1314.5777777777778,1313.1555555555556,1314.1333333333332,7419.444444444443,interpolated
1590,2025-02-16 16:00:00+00:00,1313.7037037037037,1314.8148148148148,1313.6296296296296,1314.4444444444443,6961.37037037037,interpolated
1591,2025-02-16 18:00:00+00:00,1314.1629629629629,1315.0518518518518,1314.1037037037038,1314.7555555555555,6503.296296296296,interpolated
1592,2025-02-16 20:00:00+00:00,1314.6222222222223,1315.2888888888888,1314.5777777777778,1315.0666666666666,6045.222222222221,interpolated
1593,2025-02-16 22:00:00+00:00,1315.0814814814814,1315.525925925926,1315.0518518518518,1315.3777777777777,5587.148148148148,interpolated
1594,2025-02-17 00:00:00+00:00,1315.5407407407408,1315.762962962963,1315.525925925926,1315.6888888888889,5129.074074074073,interpolated
1595,2025-02-17 02:00:00+00:00,1316.0,1316.0,1316.0,1316.0,4671.0,present
1596,2025-02-17 04:00:00+00:00,1316.0,1329.8,1315.0,1327.0,59619.0,present
1597,2025-02-17 06:00:00+00:00,1327.2,1336.2,1325.8,1335.0,155344.0,present
1598,2025-02-17 08:00:00+00:00,1334.8,1338.0,1325.8,1336.2,151810.0,present
1599,2025-02-17 10:00:00+00:00,1335.8,1349.0,1332.0,1337.8,151669.0,present
1600,2025-02-17 12:00:00+00:00,1337.2,1350.0,1335.4,1347.2,137043.0,present
1601,2025-02-17 14:00:00+00:00,1347.2,1371.2,1346.0,1360.2,232804.0,present
1602,2025-02-17 16:00:00+00:00,1360.4,1367.0,1358.8,1361.6,65768.0,present
1603,2025-02-17 18:00:00+00:00,1361.6,1370.4,1359.6,1364.0,95530.0,present
1604,2025-02-17 20:00:00+00:00,1364.2,1371.4,1362.4,1371.4,24359.0,present
1605,2025-02-17 22:00:00+00:00,1366.8,1371.6000000000001,1365.6000000000001,1371.6000000000001,16381.333333333332,interpolated
1606,2025-02-18 00:00:00+00:00,1369.4,1371.8,1368.8,1371.8,8403.666666666666,interpolated
1607,2025-02-18 02:00:00+00:00,1372.0,1372.0,1372.0,1372.0,426.0,present
1608,2025-02-18 04:00:00+00:00,1372.0,1380.8,1331.8,1355.8,146068.0,present
1609,2025-02-18 06:00:00+00:00,1356.0,1363.2,1341.8,1351.6,126759.0,present
1610,2025-02-18 08:00:00+00:00,1351.6,1357.8,1333.6,1352.0,203582.0,present
1611,2025-02-18 10:00:00+00:00,1351.4,1364.4,1343.2,1356.4,186353.0,present
1612,2025-02-18 12:00:00+00:00,1356.0,1361.0,1312.0,1325.6,350829.0,present
1613,2025-02-18 14:00:00+00:00,1325.4,1330.6,1313.0,1313.0,87563.0,present
1614,2025-02-18 16:00:00+00:00,1313.8,1321.8,1313.0,1318.4,26379.0,present
1615,2025-02-18 18:00:00+00:00,1318.2,1318.8,1303.0,1310.0,90769.0,present
1616,2025-02-18 20:00:00+00:00,1309.8,1314.8,1309.0,1313.4,12415.0,present
1617,2025-02-18 22:00:00+00:00,1311.0,1314.3333333333333,1310.4666666666667,1313.4,8306.666666666666,interpolated
1618,2025-02-19 00:00:00+00:00,1312.2,1313.8666666666668,1311.9333333333334,1313.4,4198.333333333332,interpolated
1619,2025-02-19 02:00:00+00:00,1313.4,1313.4,1313.4,1313.4,90.0,present
1620,2025-02-19 04:00:00+00:00,1313.4,1324.2,1312.8,1320.0,32114.0,present
1621,2025-02-19 06:00:00+00:00,1320.0,1340.6,1313.0,1316.4,132014.0,present
1622,2025-02-19 08:00:00+00:00,1316.6,1318.0,1300.0,1307.0,143106.0,present
1623,2025-02-19 10:00:00+00:00,1307.0,1320.0,1304.0,1313.6,66106.0,present
1624,2025-02-19 12:00:00+00:00,1313.6,1338.8,1313.6,1336.6,163895.0,present
1625,2025-02-19 14:00:00+00:00,1336.4,1347.8,1330.2,1339.2,135992.0,present
1626,2025-02-19 16:00:00+00:00,1339.2,1349.6,1339.2,1344.2,63412.0,present
1627,2025-02-19 18:00:00+00:00,1344.4,1348.0,1338.4,1340.6,58086.0,present
1628,2025-02-19 20:00:00+00:00,1339.8,1344.6,1339.6,1340.8,13861.0,present
1629,2025-02-19 22:00:00+00:00,1340.2,1343.3999999999999,1340.0666666666666,1340.8666666666666,9263.666666666668,interpolated
1630,2025-02-20 00:00:00+00:00,1340.6,1342.2,1340.5333333333333,1340.9333333333334,4666.333333333334,interpolated
1631,2025-02-20 02:00:00+00:00,1341.0,1341.0,1341.0,1341.0,69.0,present
1632,2025-02-20 04:00:00+00:00,1345.0,1354.0,1339.0,1352.0,21020.0,present
1633,2025-02-20 06:00:00+00:00,1352.0,1363.8,1343.0,1347.2,139042.0,present
1634,2025-02-20 08:00:00+00:00,1347.2,1350.0,1331.6,1349.8,176763.0,present
1635,2025-02-20 10:00:00+00:00,1349.8,1358.6,1344.0,1345.6,165961.0,present
1636,2025-02-20 12:00:00+00:00,1346.2,1359.8,1342.6,1355.8,151723.0,present
1637,2025-02-20 14:00:00+00:00,1356.2,1359.6,1343.0,1346.0,153351.0,present
1638,2025-02-20 16:00:00+00:00,1346.8,1348.2,1338.2,1342.8,32019.0,present
1639,2025-02-20 18:00:00+00:00,1342.4,1348.0,1340.6,1346.4,14030.0,present
1640,2025-02-20 20:00:00+00:00,1346.4,1346.4,1340.6,1345.2,18376.0,present
1641,2025-02-20 22:00:00+00:00,1346.6000000000001,1346.6000000000001,1342.7333333333333,1345.8,12280.0,interpolated
1642,2025-02-21 00:00:00+00:00,1346.8,1346.8,1344.8666666666666,1346.4,6184.0,interpolated
1643,2025-02-21 02:00:00+00:00,1347.0,1347.0,1347.0,1347.0,88.0,present
1644,2025-02-21 04:00:00+00:00,1348.0,1348.0,1336.4,1343.4,16272.0,present
1645,2025-02-21 06:00:00+00:00,1343.2,1361.6,1341.4,1361.0,93508.0,present
1646,2025-02-21 08:00:00+00:00,1361.4,1395.0,1361.2,1378.2,691896.0,present
1647,2025-02-21 10:00:00+00:00,1378.2,1381.6,1360.4,1366.4,263780.0,present
1648,2025-02-21 12:00:00+00:00,1366.0,1366.6,1350.0,1351.8,191319.0,present
1649,2025-02-21 14:00:00+00:00,1352.0,1375.8,1350.2,1366.2,166165.0,present
1650,2025-02-21 16:00:00+00:00,1366.2,1374.8,1364.8,1371.8,43033.0,present
1651,2025-02-21 18:00:00+00:00,1372.0,1383.4,1371.0,1382.6,69944.0,present
1652,2025-02-21 20:00:00+00:00,1382.6,1386.6,1379.6,1385.8,40061.0,present
1653,2025-02-21 22:00:00+00:00,1382.4666666666665,1386.3185185185184,1379.5777777777778,1385.5481481481481,38729.92592592593,interpolated
1654,2025-02-22 00:00:00+00:00,1382.3333333333333,1386.037037037037,1379.5555555555554,1385.2962962962963,37398.851851851854,interpolated
1655,2025-02-22 02:00:00+00:00,1382.1999999999998,1385.7555555555555,1379.5333333333333,1385.0444444444445,36067.77777777778,interpolated
1656,2025-02-22 04:00:00+00:00,1382.0666666666666,1385.474074074074,1379.511111111111,1384.7925925925927,34736.7037037037,interpolated
1657,2025-02-22 06:00:00+00:00,1381.9333333333332,1385.1925925925925,1379.4888888888888,1384.5407407407406,33405.62962962963,interpolated
1658,2025-02-22 08:00:00+00:00,1381.8,1384.911111111111,1379.4666666666667,1384.2888888888888,32074.555555555555,interpolated
1659,2025-02-22 10:00:00+00:00,1381.6666666666665,1384.6296296296296,1379.4444444444443,1384.037037037037,30743.48148148148,interpolated
1660,2025-02-22 12:00:00+00:00,1381.5333333333333,1384.348148148148,1379.4222222222222,1383.7851851851851,29412.40740740741,interpolated
1661,2025-02-22 14:00:00+00:00,1381.3999999999999,1384.0666666666666,1379.3999999999999,1383.5333333333333,28081.333333333336,interpolated
1662,2025-02-22 16:00:00+00:00,1381.2666666666667,1383.7851851851851,1379.3777777777777,1383.2814814814815,26750.25925925926,interpolated
1663,2025-02-22 18:00:00+00:00,1381.1333333333332,1383.5037037037036,1379.3555555555556,1383.0296296296297,25419.185185185182,interpolated
1664,2025-02-22 20:00:00+00:00,1381.0,1383.2222222222222,1379.3333333333333,1382.7777777777778,24088.11111111111,interpolated
1665,2025-02-22 22:00:00+00:00,1380.8666666666666,1382.9407407407407,1379.3111111111111,1382.525925925926,22757.037037037036,interpolated
1666,2025-02-23 00:00:00+00:00,1380.7333333333333,1382.6592592592592,1379.2888888888888,1382.274074074074,21425.962962962964,interpolated
1667,2025-02-23 02:00:00+00:00,1380.6,1382.3777777777777,1379.2666666666667,1382.0222222222221,20094.88888888889,interpolated
1668,2025-02-23 04:00:00+00:00,1380.4666666666667,1382.0962962962963,1379.2444444444443,1381.7703703703703,18763.814814814814,interpolated
1669,2025-02-23 06:00:00+00:00,1380.3333333333333,1381.8148148148148,1379.2222222222222,1381.5185185185185,17432.74074074074,interpolated
1670,2025-02-23 08:00:00+00:00,1380.2,1381.5333333333333,1379.2,1381.2666666666667,16101.666666666668,interpolated
1671,2025-02-23 10:00:00+00:00,1380.0666666666666,1381.2518518518518,1379.1777777777777,1381.0148148148148,14770.592592592591,interpolated
1672,2025-02-23 12:00:00+00:00,1379.9333333333334,1380.9703703703703,1379.1555555555556,1380.762962962963,13439.518518518518,interpolated
1673,2025-02-23 14:00:00+00:00,1379.8,1380.6888888888889,1379.1333333333332,1380.5111111111112,12108.444444444445,interpolated
1674,2025-02-23 16:00:00+00:00,1379.6666666666667,1380.4074074074074,1379.111111111111,1380.2592592592594,10777.370370370369,interpolated
1675,2025-02-23 18:00:00+00:00,1379.5333333333333,1380.125925925926,1379.088888888889,1380.0074074074073,9446.296296296296,interpolated
1676,2025-02-23 20:00:00+00:00,1379.4,1379.8444444444444,1379.0666666666666,1379.7555555555555,8115.222222222223,interpolated
1677,2025-02-23 22:00:00+00:00,1379.2666666666667,1379.562962962963,1379.0444444444445,1379.5037037037036,6784.148148148146,interpolated
1678,2025-02-24 00:00:00+00:00,1379.1333333333334,1379.2814814814815,1379.0222222222221,1379.2518518518518,5453.074074074073,interpolated
1679,2025-02-24 02:00:00+00:00,1379.0,1379.0,1379.0,1379.0,4122.0,present
1680,2025-02-24 04:00:00+00:00,1379.0,1388.8,1376.0,1387.0,46221.0,present
1681,2025-02-24 06:00:00+00:00,1387.2,1422.0,1385.0,1411.4,506823.0,present
1682,2025-02-24 08:00:00+00:00,1411.2,1417.8,1384.2,1392.4,379868.0,present
1683,2025-02-24 10:00:00+00:00,1392.4,1410.6,1391.8,1410.4,142631.0,present
1684,2025-02-24 12:00:00+00:00,1410.4,1413.6,1388.6,1392.2,183127.0,present
1685,2025-02-24 14:00:00+00:00,1392.2,1409.2,1385.4,1405.0,141072.0,present
1686,2025-02-24 16:00:00+00:00,1406.4,1411.0,1400.4,1409.6,70173.0,present
1687,2025-02-24 18:00:00+00:00,1409.4,1419.6,1407.4,1414.0,96141.0,present
1688,2025-02-24 20:00:00+00:00,1413.8,1444.4,1410.8,1442.2,211547.0,present
1689,2025-02-24 22:00:00+00:00,1423.8666666666666,1444.2666666666667,1421.8666666666666,1442.8,141793.0,interpolated
1690,2025-02-25 00:00:00+00:00,1433.9333333333334,1444.1333333333334,1432.9333333333334,1443.4,72039.0,interpolated
1691,2025-02-25 02:00:00+00:00,1444.0,1444.0,1444.0,1444.0,2285.0,present
1692,2025-02-25 04:00:00+00:00,1444.0,1448.4,1427.0,1448.0,156668.0,present
1693,2025-02-25 06:00:00+00:00,1448.4,1449.4,1434.0,1438.8,248228.0,present
1694,2025-02-25 08:00:00+00:00,1438.8,1440.0,1418.6,1421.0,237510.0,present
1695,2025-02-25 10:00:00+00:00,1420.2,1432.4,1418.6,1432.2,139738.0,present
1696,2025-02-25 12:00:00+00:00,1432.0,1439.6,1420.0,1420.0,130253.0,present
1697,2025-02-25 12:00:00+00:00,1432.0,1439.6,1420.0,1420.0,130253.0,present
1698,2025-02-25 14:00:00+00:00,1420.8,1423.2,1407.2,1412.8,214934.0,present
1699,2025-02-25 16:00:00+00:00,1410.0,1420.4,1409.8,1419.6,51961.0,present
1700,2025-02-25 18:00:00+00:00,1420.0,1433.8,1418.6,1429.2,55384.0,present
1701,2025-02-25 20:00:00+00:00,1429.2,1430.2,1415.8,1416.2,25328.0,present
1702,2025-02-25 22:00:00+00:00,1425.4,1426.0666666666666,1416.4666666666667,1416.7333333333333,16929.666666666664,interpolated
1703,2025-02-26 00:00:00+00:00,1421.6,1421.9333333333334,1417.1333333333332,1417.2666666666667,8531.333333333332,interpolated
1704,2025-02-26 02:00:00+00:00,1417.8,1417.8,1417.8,1417.8,133.0,present
1705,2025-02-26 04:00:00+00:00,1417.8,1432.6,1417.8,1427.4,39859.0,present
1706,2025-02-26 06:00:00+00:00,1427.6,1430.4,1408.0,1412.8,116068.0,present
1707,2025-02-26 08:00:00+00:00,1412.8,1412.8,1396.0,1400.2,211051.0,present
1708,2025-02-26 10:00:00+00:00,1400.2,1404.0,1367.4,1382.2,334697.0,present
1709,2025-02-26 12:00:00+00:00,1382.2,1386.0,1350.4,1367.4,319928.0,present
1710,2025-02-26 14:00:00+00:00,1367.6,1376.0,1361.2,1370.0,161237.0,present
1711,2025-02-26 16:00:00+00:00,1364.0,1371.8,1351.4,1357.0,107808.0,present
1712,2025-02-26 18:00:00+00:00,1357.4,1366.2,1355.0,1359.2,38851.0,present
1713,2025-02-26 20:00:00+00:00,1359.2,1365.6,1358.6,1363.6,9223.0,present
1714,2025-02-26 22:00:00+00:00,1360.6666666666667,1364.9333333333332,1360.2666666666667,1363.6,6235.333333333333,interpolated
1715,2025-02-27 00:00:00+00:00,1362.1333333333332,1364.2666666666667,1361.9333333333332,1363.6,3247.666666666666,interpolated
1716,2025-02-27 02:00:00+00:00,1363.6,1363.6,1363.6,1363.6,260.0,present
1717,2025-02-27 04:00:00+00:00,1361.0,1366.0,1340.0,1344.0,63406.0,present
1718,2025-02-27 06:00:00+00:00,1344.6,1375.4,1344.6,1365.6,125643.0,present
1719,2025-02-27 08:00:00+00:00,1365.4,1368.4,1340.6,1342.0,127047.0,present
1720,2025-02-27 10:00:00+00:00,1342.0,1357.8,1332.6,1355.2,109519.0,present
1721,2025-02-27 12:00:00+00:00,1355.6,1392.0,1355.0,1381.6,242227.0,present
1722,2025-02-27 14:00:00+00:00,1381.0,1387.0,1377.6,1380.2,74248.0,present
1723,2025-02-27 16:00:00+00:00,1380.0,1380.8,1352.2,1354.2,104593.0,present
1724,2025-02-27 18:00:00+00:00,1354.2,1363.6,1351.2,1354.4,55936.0,present
1725,2025-02-27 20:00:00+00:00,1353.6,1354.6,1345.2,1351.0,32884.0,present
1726,2025-02-27 22:00:00+00:00,1348.3999999999999,1349.0666666666666,1342.8,1346.6666666666667,22426.0,interpolated
1727,2025-02-28 00:00:00+00:00,1343.2,1343.5333333333333,1340.4,1342.3333333333333,11968.0,interpolated
1728,2025-02-28 02:00:00+00:00,1338.0,1338.0,1338.0,1338.0,1510.0,present
1729,2025-02-28 04:00:00+00:00,1345.0,1359.4,1338.0,1353.6,46194.0,present
1730,2025-02-28 06:00:00+00:00,1353.6,1362.6,1336.4,1340.4,108701.0,present
1731,2025-02-28 08:00:00+00:00,1340.2,1341.8,1322.8,1325.0,239799.0,present
1732,2025-02-28 10:00:00+00:00,1325.0,1343.4,1324.0,1331.0,181248.0,present
1733,2025-02-28 12:00:00+00:00,1331.4,1333.4,1317.4,1327.2,234043.0,present
1734,2025-02-28 14:00:00+00:00,1327.2,1347.0,1321.0,1341.6,158546.0,present
1735,2025-02-28 16:00:00+00:00,1341.0,1361.2,1333.0,1357.8,129158.0,present
1736,2025-02-28 18:00:00+00:00,1357.8,1367.0,1327.0,1350.0,178356.0,present
1737,2025-02-28 20:00:00+00:00,1350.2,1359.0,1336.0,1350.2,48218.0,present
1738,2025-02-28 22:00:00+00:00,1351.3142857142857,1359.8,1338.1142857142856,1351.8285714285714,41994.71428571429,interpolated
1739,2025-03-01 00:00:00+00:00,1352.4285714285716,1360.6,1340.2285714285715,1353.4571428571428,35771.42857142857,interpolated
1740,2025-03-01 02:00:00+00:00,1353.5428571428572,1361.3999999999999,1342.3428571428572,1355.0857142857142,29548.14285714286,interpolated
1741,2025-03-01 04:00:00+00:00,1354.6571428571428,1362.2,1344.4571428571428,1356.7142857142858,23324.857142857145,interpolated
1742,2025-03-01 06:00:00+00:00,1355.7714285714285,1363.0,1346.5714285714284,1358.3428571428572,17101.571428571428,interpolated
1743,2025-03-01 08:00:00+00:00,1356.8857142857144,1363.8,1348.6857142857143,1359.9714285714285,10878.285714285717,interpolated
1744,2025-03-01 10:00:00+00:00,1358.0,1364.6,1350.8,1361.6,4655.0,present
1745,2025-03-01 12:00:00+00:00,1362.2,1362.2,1357.2,1357.4,2915.0,present
1746,2025-03-01 14:00:00+00:00,1357.4,1357.8,1350.6,1357.6,2015.0,present
1747,2025-03-01 16:00:00+00:00,1356.7250000000001,1357.925,1350.55,1356.675,1868.5,interpolated
1748,2025-03-01 18:00:00+00:00,1356.0500000000002,1358.05,1350.5,1355.75,1722.0,interpolated
1749,2025-03-01 20:00:00+00:00,1355.375,1358.175,1350.45,1354.825,1575.5,interpolated
1750,2025-03-01 22:00:00+00:00,1354.7,1358.3,1350.4,1353.9,1429.0,interpolated
1751,2025-03-02 00:00:00+00:00,1354.025,1358.425,1350.35,1352.975,1282.5,interpolated
1752,2025-03-02 02:00:00+00:00,1353.35,1358.55,1350.3,1352.05,1136.0,interpolated
1753,2025-03-02 04:00:00+00:00,1352.675,1358.675,1350.25,1351.125,989.5,interpolated
1754,2025-03-02 06:00:00+00:00,1352.0,1358.8,1350.2,1350.2,843.0,present
1755,2025-03-02 08:00:00+00:00,1351.2,1354.6,1350.2,1353.8,1417.0,present
1756,2025-03-02 10:00:00+00:00,1352.6,1354.4,1346.2,1350.0,5204.0,present
1757,2025-03-02 12:00:00+00:00,1348.0,1351.8,1347.2,1347.6,2367.0,present
1758,2025-03-02 14:00:00+00:00,1349.4,1349.6,1341.0,1347.0,3047.0,present
1759,2025-03-02 16:00:00+00:00,1348.9666666666667,1349.1333333333332,1341.9666666666667,1346.9666666666667,2561.8333333333335,interpolated
1760,2025-03-02 18:00:00+00:00,1348.5333333333333,1348.6666666666665,1342.9333333333334,1346.9333333333334,2076.6666666666665,interpolated
1761,2025-03-02 20:00:00+00:00,1348.1000000000001,1348.1999999999998,1343.9,1346.9,1591.4999999999998,interpolated
1762,2025-03-02 22:00:00+00:00,1347.6666666666667,1347.7333333333333,1344.8666666666666,1346.8666666666666,1106.3333333333333,interpolated
1763,2025-03-03 00:00:00+00:00,1347.2333333333333,1347.2666666666667,1345.8333333333333,1346.8333333333333,621.1666666666665,interpolated
1764,2025-03-03 02:00:00+00:00,1346.8,1346.8,1346.8,1346.8,136.0,present
1765,2025-03-03 04:00:00+00:00,1343.4,1346.8,1321.8,1325.8,72637.0,present
1766,2025-03-03 06:00:00+00:00,1327.0,1329.6,1306.0,1310.6,131728.0,present
1767,2025-03-03 08:00:00+00:00,1310.4,1318.6,1303.0,1309.8,148597.0,present
1768,2025-03-03 10:00:00+00:00,1308.8,1319.0,1301.0,1318.8,146200.0,present
1769,2025-03-03 12:00:00+00:00,1318.2,1330.8,1313.0,1327.4,128430.0,present
1770,2025-03-03 14:00:00+00:00,1327.6,1330.0,1305.2,1305.2,140953.0,present
1771,2025-03-03 16:00:00+00:00,1306.0,1316.0,1303.0,1315.0,66148.0,present
1772,2025-03-03 18:00:00+00:00,1315.0,1328.8,1302.0,1328.0,103821.0,present
1773,2025-03-03 20:00:00+00:00,1328.0,1328.4,1315.6,1325.4,38541.0,present
1774,2025-03-03 22:00:00+00:00,1327.8666666666666,1328.1333333333334,1319.6,1326.1333333333334,25705.0,interpolated
1775,2025-03-04 00:00:00+00:00,1327.7333333333333,1327.8666666666666,1323.6,1326.8666666666666,12869.0,interpolated
1776,2025-03-04 02:00:00+00:00,1327.6,1327.6,1327.6,1327.6,33.0,present
1777,2025-03-04 04:00:00+00:00,1327.6,1342.4,1326.4,1338.2,61292.0,present
1778,2025-03-04 06:00:00+00:00,1338.8,1347.4,1325.6,1341.8,126037.0,present
1779,2025-03-04 08:00:00+00:00,1341.8,1349.6,1334.0,1342.8,172435.0,present
1780,2025-03-04 10:00:00+00:00,1342.4,1348.2,1334.0,1343.0,99856.0,present
1781,2025-03-04 12:00:00+00:00,1342.6,1353.8,1336.8,1351.6,114491.0,present
1782,2025-03-04 12:00:00+00:00,1342.6,1353.8,1336.8,1351.6,114491.0,present
1783,2025-03-04 14:00:00+00:00,1351.6,1369.8,1348.2,1369.8,210252.0,present
1784,2025-03-04 16:00:00+00:00,1369.8,1378.2,1366.0,1369.4,146776.0,present
1785,2025-03-04 18:00:00+00:00,1369.4,1374.0,1364.8,1372.8,26895.0,present
1786,2025-03-04 20:00:00+00:00,1373.0,1373.4,1367.0,1370.0,16663.0,present
1787,2025-03-04 22:00:00+00:00,1372.0,1372.2666666666667,1368.0,1370.0,11199.333333333332,interpolated
1788,2025-03-05 00:00:00+00:00,1371.0,1371.1333333333334,1369.0,1370.0,5735.666666666666,interpolated
1789,2025-03-05 02:00:00+00:00,1370.0,1370.0,1370.0,1370.0,272.0,present
1790,2025-03-05 04:00:00+00:00,1370.0,1370.0,1341.2,1356.6,67605.0,present
1791,2025-03-05 06:00:00+00:00,1356.6,1380.6,1356.0,1371.4,215669.0,present
1792,2025-03-05 08:00:00+00:00,1371.8,1395.0,1370.8,1384.2,360909.0,present
1793,2025-03-05 10:00:00+00:00,1384.2,1386.6,1370.2,1377.0,116116.0,present
1794,2025-03-05 12:00:00+00:00,1377.2,1380.0,1365.6,1373.8,76033.0,present
1795,2025-03-05 14:00:00+00:00,1374.4,1390.6,1370.0,1370.0,145486.0,present
1796,2025-03-05 16:00:00+00:00,1374.2,1378.8,1353.2,1354.2,138132.0,present
1797,2025-03-05 18:00:00+00:00,1354.8,1359.2,1338.2,1343.6,133578.0,present
1798,2025-03-05 20:00:00+00:00,1343.0,1346.6,1331.6,1334.8,45318.0,present
1799,2025-03-05 22:00:00+00:00,1339.7333333333333,1342.1333333333332,1332.1333333333332,1334.2666666666667,30518.333333333332,interpolated
1800,2025-03-06 00:00:00+00:00,1336.4666666666667,1337.6666666666667,1332.6666666666667,1333.7333333333333,15718.666666666664,interpolated
1801,2025-03-06 02:00:00+00:00,1333.2,1333.2,1333.2,1333.2,919.0,present
1802,2025-03-06 04:00:00+00:00,1333.2,1347.4,1333.2,1345.6,40062.0,present
1803,2025-03-06 06:00:00+00:00,1345.0,1349.6,1334.4,1348.2,72631.0,present
1804,2025-03-06 08:00:00+00:00,1348.0,1356.6,1331.2,1352.0,184379.0,present
1805,2025-03-06 10:00:00+00:00,1351.2,1356.8,1342.2,1350.0,142030.0,present
1806,2025-03-06 12:00:00+00:00,1349.8,1389.4,1347.2,1376.6,257171.0,present
1807,2025-03-06 14:00:00+00:00,1376.6,1387.6,1367.0,1367.0,228056.0,present
1808,2025-03-06 16:00:00+00:00,1368.4,1378.0,1362.6,1371.4,92076.0,present
1809,2025-03-06 18:00:00+00:00,1371.4,1379.8,1365.2,1369.4,51515.0,present
1810,2025-03-06 20:00:00+00:00,1369.4,1371.6,1365.2,1370.0,20349.0,present
1811,2025-03-06 22:00:00+00:00,1369.8666666666668,1371.3333333333333,1367.0666666666666,1370.2666666666667,13590.666666666666,interpolated
1812,2025-03-07 00:00:00+00:00,1370.3333333333333,1371.0666666666666,1368.9333333333334,1370.5333333333333,6832.333333333332,interpolated
1813,2025-03-07 02:00:00+00:00,1370.8,1370.8,1370.8,1370.8,74.0,present
1814,2025-03-07 04:00:00+00:00,1370.4,1389.8,1370.4,1383.4,67065.0,present
1815,2025-03-07 06:00:00+00:00,1383.8,1387.2,1372.0,1374.4,127720.0,present
1816,2025-03-07 08:00:00+00:00,1374.8,1378.8,1360.4,1361.8,188884.0,present
1817,2025-03-07 10:00:00+00:00,1361.2,1367.2,1354.4,1363.2,115664.0,present
1818,2025-03-07 12:00:00+00:00,1363.2,1366.6,1356.4,1363.6,84946.0,present
1819,2025-03-07 14:00:00+00:00,1363.8,1363.8,1327.0,1339.8,386661.0,present
1820,2025-03-07 16:00:00+00:00,1339.8,1365.2,1339.8,1352.8,97664.0,present
1821,2025-03-07 18:00:00+00:00,1352.8,1359.8,1348.4,1358.0,35403.0,present
1822,2025-03-07 20:00:00+00:00,1357.0,1358.4,1355.4,1357.2,8680.0,present
1823,2025-03-07 22:00:00+00:00,1357.037037037037,1358.3851851851853,1355.4962962962964,1357.2296296296297,8367.962962962964,interpolated
1824,2025-03-08 00:00:00+00:00,1357.0740740740741,1358.3703703703704,1355.5925925925926,1357.2592592592594,8055.925925925926,interpolated
1825,2025-03-08 02:00:00+00:00,1357.111111111111,1358.3555555555556,1355.6888888888889,1357.288888888889,7743.888888888889,interpolated
1826,2025-03-08 04:00:00+00:00,1357.148148148148,1358.3407407407408,1355.7851851851854,1357.3185185185187,7431.851851851852,interpolated
1827,2025-03-08 06:00:00+00:00,1357.1851851851852,1358.325925925926,1355.8814814814816,1357.348148148148,7119.814814814815,interpolated
1828,2025-03-08 08:00:00+00:00,1357.2222222222222,1358.3111111111111,1355.9777777777779,1357.3777777777777,6807.777777777777,interpolated
1829,2025-03-08 10:00:00+00:00,1357.2592592592594,1358.2962962962963,1356.0740740740741,1357.4074074074074,6495.740740740741,interpolated
1830,2025-03-08 12:00:00+00:00,1357.2962962962963,1358.2814814814815,1356.1703703703704,1357.437037037037,6183.703703703704,interpolated
1831,2025-03-08 14:00:00+00:00,1357.3333333333333,1358.2666666666667,1356.2666666666667,1357.4666666666667,5871.666666666666,interpolated
1832,2025-03-08 16:00:00+00:00,1357.3703703703704,1358.2518518518518,1356.362962962963,1357.4962962962964,5559.62962962963,interpolated
1833,2025-03-08 18:00:00+00:00,1357.4074074074074,1358.237037037037,1356.4592592592594,1357.525925925926,5247.592592592593,interpolated
1834,2025-03-08 20:00:00+00:00,1357.4444444444443,1358.2222222222222,1356.5555555555557,1357.5555555555557,4935.555555555556,interpolated
1835,2025-03-08 22:00:00+00:00,1357.4814814814815,1358.2074074074073,1356.651851851852,1357.5851851851853,4623.518518518518,interpolated
1836,2025-03-09 00:00:00+00:00,1357.5185185185185,1358.1925925925927,1356.7481481481482,1357.6148148148147,4311.481481481482,interpolated
1837,2025-03-09 02:00:00+00:00,1357.5555555555557,1358.177777777778,1356.8444444444444,1357.6444444444444,3999.4444444444443,interpolated
1838,2025-03-09 04:00:00+00:00,1357.5925925925926,1358.162962962963,1356.9407407407407,1357.674074074074,3687.407407407408,interpolated
1839,2025-03-09 06:00:00+00:00,1357.6296296296296,1358.1481481481483,1357.0370370370372,1357.7037037037037,3375.3703703703704,interpolated
1840,2025-03-09 08:00:00+00:00,1357.6666666666667,1358.1333333333334,1357.1333333333334,1357.7333333333333,3063.333333333333,interpolated
1841,2025-03-09 10:00:00+00:00,1357.7037037037037,1358.1185185185186,1357.2296296296297,1357.762962962963,2751.2962962962965,interpolated
1842,2025-03-09 12:00:00+00:00,1357.7407407407406,1358.1037037037038,1357.325925925926,1357.7925925925927,2439.259259259259,interpolated
1843,2025-03-09 14:00:00+00:00,1357.7777777777778,1358.088888888889,1357.4222222222222,1357.8222222222223,2127.2222222222226,interpolated
1844,2025-03-09 16:00:00+00:00,1357.8148148148148,1358.0740740740741,1357.5185185185185,1357.851851851852,1815.1851851851852,interpolated
1845,2025-03-09 18:00:00+00:00,1357.851851851852,1358.0592592592593,1357.6148148148147,1357.8814814814814,1503.1481481481478,interpolated
1846,2025-03-09 20:00:00+00:00,1357.888888888889,1358.0444444444445,1357.7111111111112,1357.911111111111,1191.1111111111113,interpolated
1847,2025-03-09 22:00:00+00:00,1357.9259259259259,1358.0296296296297,1357.8074074074075,1357.9407407407407,879.0740740740739,interpolated
1848,2025-03-10 00:00:00+00:00,1357.962962962963,1358.0148148148148,1357.9037037037037,1357.9703703703703,567.0370370370374,interpolated
1849,2025-03-10 02:00:00+00:00,1358.0,1358.0,1358.0,1358.0,255.0,present
1850,2025-03-10 04:00:00+00:00,1360.0,1365.6,1358.0,1363.6,22775.0,present
1851,2025-03-10 06:00:00+00:00,1362.8,1364.2,1347.6,1352.0,55948.0,present
1852,2025-03-10 08:00:00+00:00,1351.4,1351.4,1340.4,1349.8,111053.0,present
1853,2025-03-10 10:00:00+00:00,1349.8,1355.8,1346.0,1350.6,47555.0,present
1854,2025-03-10 12:00:00+00:00,1350.6,1362.0,1348.6,1353.2,57310.0,present
1855,2025-03-10 14:00:00+00:00,1354.2,1357.0,1341.2,1342.0,56757.0,present
1856,2025-03-10 16:00:00+00:00,1342.0,1345.8,1334.2,1337.4,45380.0,present
1857,2025-03-10 18:00:00+00:00,1337.4,1341.4,1335.0,1335.6,23026.0,present
1858,2025-03-10 20:00:00+00:00,1335.6,1341.6,1335.0,1340.0,8247.0,present
1859,2025-03-10 22:00:00+00:00,1337.0666666666666,1341.0666666666666,1336.6666666666667,1340.0,5506.666666666666,interpolated
1860,2025-03-11 00:00:00+00:00,1338.5333333333333,1340.5333333333333,1338.3333333333333,1340.0,2766.333333333333,interpolated
1861,2025-03-11 02:00:00+00:00,1340.0,1340.0,1340.0,1340.0,26.0,present
1862,2025-03-11 04:00:00+00:00,1340.0,1341.4,1331.2,1331.2,18577.0,present
1863,2025-03-11 06:00:00+00:00,1331.8,1345.6,1326.2,1342.8,80444.0,present
1864,2025-03-11 08:00:00+00:00,1342.4,1350.0,1338.4,1345.8,95484.0,present
1865,2025-03-11 10:00:00+00:00,1346.0,1348.0,1334.2,1337.6,42657.0,present
1866,2025-03-11 12:00:00+00:00,1337.2,1348.0,1335.6,1346.4,42099.0,present
1867,2025-03-11 12:00:00+00:00,1337.2,1348.0,1335.6,1346.4,42099.0,present
1868,2025-03-11 14:00:00+00:00,1347.4,1350.0,1345.0,1346.0,55655.0,present
1869,2025-03-11 16:00:00+00:00,1346.0,1357.2,1345.0,1353.2,46933.0,present
1870,2025-03-11 18:00:00+00:00,1352.6,1357.0,1333.2,1340.6,76965.0,present
1871,2025-03-11 20:00:00+00:00,1340.8,1347.0,1340.8,1342.6,14075.0,present
1872,2025-03-11 22:00:00+00:00,1341.3999999999999,1345.5333333333333,1341.3999999999999,1342.6,9384.666666666668,interpolated
1873,2025-03-12 00:00:00+00:00,1342.0,1344.0666666666666,1342.0,1342.6,4694.333333333334,interpolated
1874,2025-03-12 02:00:00+00:00,1342.6,1342.6,1342.6,1342.6,4.0,present
1875,2025-03-12 04:00:00+00:00,1342.6,1350.0,1337.2,1337.6,15016.0,present
1876,2025-03-12 06:00:00+00:00,1338.6,1344.8,1325.6,1332.4,65144.0,present
1877,2025-03-12 08:00:00+00:00,1332.0,1334.2,1323.4,1328.8,108834.0,present
1878,2025-03-12 10:00:00+00:00,1329.0,1336.4,1326.2,1335.8,37363.0,present
1879,2025-03-12 12:00:00+00:00,1335.8,1342.8,1332.2,1335.6,51595.0,present
1880,2025-03-12 14:00:00+00:00,1336.0,1338.0,1330.0,1332.8,26267.0,present
1881,2025-03-12 16:00:00+00:00,1334.6,1336.8,1329.4,1332.8,15898.0,present
1882,2025-03-12 18:00:00+00:00,1332.4,1335.8,1330.6,1333.6,7829.0,present
1883,2025-03-12 20:00:00+00:00,1333.6,1333.6,1330.0,1330.2,9240.0,present
1884,2025-03-12 22:00:00+00:00,1333.8666666666666,1333.8666666666666,1331.4666666666667,1331.6000000000001,6160.333333333334,interpolated
1885,2025-03-13 00:00:00+00:00,1334.1333333333334,1334.1333333333334,1332.9333333333334,1333.0,3080.666666666667,interpolated
1886,2025-03-13 02:00:00+00:00,1334.4,1334.4,1334.4,1334.4,1.0,present
1887,2025-03-13 04:00:00+00:00,1334.0,1334.4,1325.0,1326.8,15637.0,present
1888,2025-03-13 06:00:00+00:00,1326.8,1328.0,1311.4,1312.6,133940.0,present
1889,2025-03-13 08:00:00+00:00,1312.6,1314.0,1295.2,1309.2,333588.0,present
1890,2025-03-13 10:00:00+00:00,1309.2,1317.6,1295.0,1295.0,253509.0,present
1891,2025-03-13 12:00:00+00:00,1295.2,1308.0,1283.2,1306.8,322640.0,present
1892,2025-03-13 14:00:00+00:00,1307.2,1307.8,1289.0,1298.0,164528.0,present
1893,2025-03-13 16:00:00+00:00,1308.6,1334.6,1308.6,1316.4,355569.0,present
1894,2025-03-13 18:00:00+00:00,1316.4,1324.4,1316.0,1322.2,25972.0,present
1895,2025-03-13 20:00:00+00:00,1322.0,1323.6,1314.4,1316.2,27778.0,present
1896,2025-03-13 22:00:00+00:00,1317.3333333333333,1318.3999999999999,1312.2666666666667,1313.4666666666667,19685.333333333332,interpolated
1897,2025-03-14 00:00:00+00:00,1312.6666666666667,1313.2,1310.1333333333334,1310.7333333333333,11592.666666666666,interpolated
1898,2025-03-14 02:00:00+00:00,1308.0,1308.0,1308.0,1308.0,3500.0,present
1899,2025-03-14 04:00:00+00:00,1313.0,1314.6,1296.4,1302.2,79929.0,present
1900,2025-03-14 06:00:00+00:00,1302.6,1311.0,1299.4,1304.2,130464.0,present
1901,2025-03-14 08:00:00+00:00,1304.0,1311.2,1297.2,1301.2,172821.0,present
1902,2025-03-14 10:00:00+00:00,1301.2,1309.6,1300.0,1301.0,105654.0,present
1903,2025-03-14 12:00:00+00:00,1301.2,1317.4,1300.0,1315.2,132388.0,present
1904,2025-03-14 14:00:00+00:00,1315.8,1318.2,1300.2,1300.2,182909.0,present
1905,2025-03-14 16:00:00+00:00,1302.2,1307.8,1301.0,1304.2,95079.0,present
1906,2025-03-14 18:00:00+00:00,1304.0,1305.2,1300.2,1302.0,50116.0,present
1907,2025-03-14 20:00:00+00:00,1302.0,1303.2,1300.2,1301.0,19163.0,present
1908,2025-03-14 22:00:00+00:00,1301.8,1303.88,1300.2,1302.12,16634.4,interpolated
1909,2025-03-15 00:00:00+00:00,1301.6,1304.56,1300.2,1303.24,14105.8,interpolated
1910,2025-03-15 02:00:00+00:00,1301.4,1305.24,1300.2,1304.36,11577.2,interpolated
1911,2025-03-15 04:00:00+00:00,1301.2,1305.9199999999998,1300.2,1305.48,9048.599999999999,interpolated
1912,2025-03-15 06:00:00+00:00,1301.0,1306.6,1300.2,1306.6,6520.0,present
1913,2025-03-15 08:00:00+00:00,1306.6,1306.6,1304.0,1305.8,3812.0,present
1914,2025-03-15 10:00:00+00:00,1305.8,1306.0,1304.0,1305.8,1465.0,present
1915,2025-03-15 12:00:00+00:00,1305.8,1306.2,1304.0,1305.6,2190.0,present
1916,2025-03-15 14:00:00+00:00,1305.6,1306.8,1304.0,1306.0,4328.0,present
1917,2025-03-15 16:00:00+00:00,1305.6499999999999,1306.8,1303.775,1305.95,4077.0,interpolated
1918,2025-03-15 18:00:00+00:00,1305.6999999999998,1306.8,1303.55,1305.9,3826.0,interpolated
1919,2025-03-15 20:00:00+00:00,1305.75,1306.8,1303.325,1305.85,3575.0,interpolated
1920,2025-03-15 22:00:00+00:00,1305.8,1306.8,1303.1,1305.8,3324.0,interpolated
1921,2025-03-16 00:00:00+00:00,1305.85,1306.8,1302.875,1305.75,3073.0,interpolated
1922,2025-03-16 02:00:00+00:00,1305.9,1306.8,1302.65,1305.6999999999998,2822.0,interpolated
1923,2025-03-16 04:00:00+00:00,1305.95,1306.8,1302.425,1305.6499999999999,2571.0,interpolated
1924,2025-03-16 06:00:00+00:00,1306.0,1306.8,1302.2,1305.6,2320.0,present
1925,2025-03-16 08:00:00+00:00,1305.0,1306.0,1303.0,1305.6,1306.0,present
1926,2025-03-16 10:00:00+00:00,1305.0,1307.6,1303.4,1305.2,6353.0,present
1927,2025-03-16 12:00:00+00:00,1306.2,1313.0,1304.6,1311.6,12740.0,present
1928,2025-03-16 14:00:00+00:00,1313.0,1316.4,1310.6,1313.2,29526.0,present
1929,2025-03-16 16:00:00+00:00,1313.3333333333333,1316.1666666666667,1311.3333333333333,1313.5,24659.333333333332,interpolated
1930,2025-03-16 18:00:00+00:00,1313.6666666666667,1315.9333333333334,1312.0666666666666,1313.8,19792.666666666664,interpolated
1931,2025-03-16 20:00:00+00:00,1314.0,1315.7,1312.8,1314.1,14926.0,interpolated
1932,2025-03-16 22:00:00+00:00,1314.3333333333333,1315.4666666666667,1313.5333333333333,1314.4,10059.333333333332,interpolated
1933,2025-03-17 00:00:00+00:00,1314.6666666666667,1315.2333333333333,1314.2666666666667,1314.7,5192.666666666668,interpolated
1934,2025-03-17 02:00:00+00:00,1315.0,1315.0,1315.0,1315.0,326.0,present
1935,2025-03-17 04:00:00+00:00,1315.0,1329.6,1315.0,1327.6,73057.0,present
1936,2025-03-17 06:00:00+00:00,1327.6,1327.6,1322.0,1327.0,104372.0,present
1937,2025-03-17 08:00:00+00:00,1326.8,1335.0,1324.6,1333.6,181839.0,present
1938,2025-03-17 10:00:00+00:00,1334.2,1340.0,1324.2,1329.2,203401.0,present
1939,2025-03-17 12:00:00+00:00,1329.8,1348.6,1328.6,1347.8,142400.0,present
1940,2025-03-17 14:00:00+00:00,1347.4,1350.0,1342.4,1349.2,130368.0,present
1941,2025-03-17 16:00:00+00:00,1348.8,1351.2,1346.0,1346.2,42521.0,present
1942,2025-03-17 18:00:00+00:00,1346.2,1348.6,1343.0,1348.0,35606.0,present
1943,2025-03-17 20:00:00+00:00,1348.0,1349.0,1346.0,1349.0,8226.0,present
1944,2025-03-17 22:00:00+00:00,1349.2666666666667,1349.9333333333334,1347.9333333333334,1349.9333333333334,5592.333333333334,interpolated
1945,2025-03-18 00:00:00+00:00,1350.5333333333333,1350.8666666666666,1349.8666666666666,1350.8666666666666,2958.666666666667,interpolated
1946,2025-03-18 02:00:00+00:00,1351.8,1351.8,1351.8,1351.8,325.0,present
1947,2025-03-18 04:00:00+00:00,1352.0,1363.6,1348.8,1362.4,42399.0,present
1948,2025-03-18 06:00:00+00:00,1361.6,1362.6,1346.6,1353.6,118619.0,present
1949,2025-03-18 08:00:00+00:00,1353.6,1356.0,1336.0,1338.4,130229.0,present
1950,2025-03-18 10:00:00+00:00,1338.4,1349.0,1336.0,1345.4,104201.0,present
1951,2025-03-18 12:00:00+00:00,1345.0,1346.8,1337.0,1341.8,77457.0,present
1952,2025-03-18 12:00:00+00:00,1345.0,1346.8,1337.0,1341.8,77457.0,present
1953,2025-03-18 14:00:00+00:00,1341.8,1350.0,1330.0,1342.0,217296.0,present
1954,2025-03-18 16:00:00+00:00,1338.0,1347.0,1330.0,1336.0,257183.0,present
1955,2025-03-18 18:00:00+00:00,1336.0,1339.2,1330.0,1330.0,38315.0,present
1956,2025-03-18 20:00:00+00:00,1330.2,1336.4,1330.0,1336.2,37337.0,present
1957,2025-03-18 22:00:00+00:00,1332.2,1336.3333333333335,1332.0666666666666,1336.2,24914.0,interpolated
1958,2025-03-19 00:00:00+00:00,1334.2,1336.2666666666667,1334.1333333333334,1336.2,12491.0,interpolated
1959,2025-03-19 02:00:00+00:00,1336.2,1336.2,1336.2,1336.2,68.0,present
1960,2025-03-19 04:00:00+00:00,1336.2,1339.4,1330.0,1332.2,16969.0,present
1961,2025-03-19 06:00:00+00:00,1332.0,1332.0,1318.6,1327.8,121164.0,present
1962,2025-03-19 08:00:00+00:00,1327.8,1336.6,1323.2,1333.2,54816.0,present
1963,2025-03-19 10:00:00+00:00,1333.2,1348.4,1331.2,1344.0,89655.0,present
1964,2025-03-19 12:00:00+00:00,1344.0,1350.0,1342.8,1346.0,71438.0,present
1965,2025-03-19 14:00:00+00:00,1346.0,1347.2,1330.0,1330.0,136152.0,present
1966,2025-03-19 16:00:00+00:00,1330.0,1338.0,1328.0,1333.0,92386.0,present
1967,2025-03-19 18:00:00+00:00,1333.0,1337.4,1332.0,1335.0,18958.0,present
1968,2025-03-19 20:00:00+00:00,1335.0,1335.2,1331.4,1332.0,8356.0,present
1969,2025-03-19 22:00:00+00:00,1335.3333333333333,1335.4666666666667,1332.9333333333334,1333.3333333333333,5604.666666666666,interpolated
1970,2025-03-20 00:00:00+00:00,1335.6666666666667,1335.7333333333333,1334.4666666666667,1334.6666666666667,2853.333333333333,interpolated
1971,2025-03-20 02:00:00+00:00,1336.0,1336.0,1336.0,1336.0,102.0,present
1972,2025-03-20 04:00:00+00:00,1332.0,1337.0,1329.0,1334.8,12503.0,present
1973,2025-03-20 06:00:00+00:00,1334.8,1344.0,1333.6,1340.0,77123.0,present
1974,2025-03-20 08:00:00+00:00,1339.6,1339.8,1323.4,1326.8,179119.0,present
1975,2025-03-20 10:00:00+00:00,1326.6,1328.0,1320.0,1323.0,94977.0,present
1976,2025-03-20 12:00:00+00:00,1322.4,1332.0,1303.0,1327.4,459562.0,present
1977,2025-03-20 14:00:00+00:00,1327.4,1333.0,1321.2,1321.2,105272.0,present
1978,2025-03-20 16:00:00+00:00,1325.2,1325.6,1322.0,1322.6,16221.0,present
1979,2025-03-20 18:00:00+00:00,1322.4,1323.6,1321.2,1323.0,6992.0,present
1980,2025-03-20 20:00:00+00:00,1323.0,1323.6,1321.0,1322.8,5959.0,present
1981,2025-03-20 22:00:00+00:00,1323.4,1323.8,1322.0666666666666,1323.2666666666667,4023.666666666667,interpolated
1982,2025-03-21 00:00:00+00:00,1323.8,1324.0,1323.1333333333334,1323.7333333333333,2088.3333333333335,interpolated
1983,2025-03-21 02:00:00+00:00,1324.2,1324.2,1324.2,1324.2,153.0,present
1984,2025-03-21 04:00:00+00:00,1322.8,1324.2,1318.0,1323.4,15587.0,present
1985,2025-03-21 06:00:00+00:00,1323.4,1331.6,1318.8,1331.6,78624.0,present
1986,2025-03-21 08:00:00+00:00,1331.8,1335.0,1328.8,1330.0,86553.0,present
1987,2025-03-21 10:00:00+00:00,1330.0,1331.0,1319.4,1322.4,90723.0,present
1988,2025-03-21 12:00:00+00:00,1322.4,1324.8,1319.8,1320.8,120614.0,present
1989,2025-03-21 14:00:00+00:00,1321.0,1323.8,1295.0,1295.0,238550.0,present
1990,2025-03-21 16:00:00+00:00,1298.8,1310.4,1298.2,1310.4,99300.0,present
1991,2025-03-21 18:00:00+00:00,1310.4,1310.8,1306.0,1309.4,10377.0,present
1992,2025-03-21 20:00:00+00:00,1309.4,1313.6,1309.4,1311.0,13044.0,present
1993,2025-03-21 22:00:00+00:00,1309.4592592592594,1313.5037037037036,1309.4592592592594,1311.0,12565.0,interpolated
1994,2025-03-22 00:00:00+00:00,1309.5185185185187,1313.4074074074074,1309.5185185185187,1311.0,12086.0,interpolated
1995,2025-03-22 02:00:00+00:00,1309.5777777777778,1313.3111111111111,1309.5777777777778,1311.0,11607.0,interpolated
1996,2025-03-22 04:00:00+00:00,1309.637037037037,1313.2148148148146,1309.637037037037,1311.0,11128.0,interpolated
1997,2025-03-22 06:00:00+00:00,1309.6962962962964,1313.1185185185184,1309.6962962962964,1311.0,10649.0,interpolated
1998,2025-03-22 08:00:00+00:00,1309.7555555555557,1313.0222222222221,1309.7555555555557,1311.0,10170.0,interpolated
1999,2025-03-22 10:00:00+00:00,1309.8148148148148,1312.9259259259259,1309.8148148148148,1311.0,9691.0,interpolated
2000,2025-03-22 12:00:00+00:00,1309.874074074074,1312.8296296296296,1309.874074074074,1311.0,9212.0,interpolated
2001,2025-03-22 14:00:00+00:00,1309.9333333333334,1312.7333333333333,1309.9333333333334,1311.0,8733.0,interpolated
2002,2025-03-22 16:00:00+00:00,1309.9925925925927,1312.637037037037,1309.9925925925927,1311.0,8254.0,interpolated
2003,2025-03-22 18:00:00+00:00,1310.051851851852,1312.5407407407406,1310.051851851852,1311.0,7775.0,interpolated
2004,2025-03-22 20:00:00+00:00,1310.111111111111,1312.4444444444443,1310.111111111111,1311.0,7296.000000000001,interpolated
2005,2025-03-22 22:00:00+00:00,1310.1703703703704,1312.348148148148,1310.1703703703704,1311.0,6817.000000000001,interpolated
2006,2025-03-23 00:00:00+00:00,1310.2296296296297,1312.2518518518518,1310.2296296296297,1311.0,6338.000000000001,interpolated
2007,2025-03-23 02:00:00+00:00,1310.288888888889,1312.1555555555556,1310.288888888889,1311.0,5859.000000000001,interpolated
2008,2025-03-23 04:00:00+00:00,1310.348148148148,1312.0592592592593,1310.348148148148,1311.0,5380.000000000001,interpolated
2009,2025-03-23 06:00:00+00:00,1310.4074074074074,1311.9629629629628,1310.4074074074074,1311.0,4901.000000000001,interpolated
2010,2025-03-23 08:00:00+00:00,1310.4666666666667,1311.8666666666666,1310.4666666666667,1311.0,4422.0,interpolated
2011,2025-03-23 10:00:00+00:00,1310.525925925926,1311.7703703703703,1310.525925925926,1311.0,3943.0,interpolated
2012,2025-03-23 12:00:00+00:00,1310.5851851851853,1311.674074074074,1310.5851851851853,1311.0,3464.0,interpolated
2013,2025-03-23 14:00:00+00:00,1310.6444444444444,1311.5777777777778,1310.6444444444444,1311.0,2985.0,interpolated
2014,2025-03-23 16:00:00+00:00,1310.7037037037037,1311.4814814814815,1310.7037037037037,1311.0,2506.0,interpolated
2015,2025-03-23 18:00:00+00:00,1310.762962962963,1311.3851851851853,1310.762962962963,1311.0,2027.0000000000018,interpolated
2016,2025-03-23 20:00:00+00:00,1310.8222222222223,1311.2888888888888,1310.8222222222223,1311.0,1548.0000000000018,interpolated
2017,2025-03-23 22:00:00+00:00,1310.8814814814814,1311.1925925925925,1310.8814814814814,1311.0,1069.0000000000018,interpolated
2018,2025-03-24 00:00:00+00:00,1310.9407407407407,1311.0962962962963,1310.9407407407407,1311.0,590.0000000000018,interpolated
2019,2025-03-24 02:00:00+00:00,1311.0,1311.0,1311.0,1311.0,111.0,present
2020,2025-03-24 04:00:00+00:00,1310.6,1312.2,1302.0,1307.6,15471.0,present
2021,2025-03-24 06:00:00+00:00,1307.6,1309.6,1290.4,1294.2,133934.0,present
2022,2025-03-24 08:00:00+00:00,1294.0,1297.8,1284.0,1290.8,201268.0,present
2023,2025-03-24 10:00:00+00:00,1291.6,1293.0,1286.0,1290.4,62989.0,present
2024,2025-03-24 12:00:00+00:00,1291.0,1293.0,1288.0,1288.6,27426.0,present
2025,2025-03-24 14:00:00+00:00,1277.0,1280.5,1273.0,1277.8,74156.0,interpolated
2026,2025-03-24 16:00:00+00:00,1263.0,1268.0,1258.0,1267.0,120886.0,present
2027,2025-03-24 18:00:00+00:00,1267.2,1267.2,1252.0,1260.0,130113.0,present
2028,2025-03-24 20:00:00+00:00,1260.2,1262.6,1258.2,1259.8,14529.0,present
2029,2025-03-24 22:00:00+00:00,1259.6000000000001,1261.2,1258.2666666666667,1259.3333333333333,10932.0,interpolated
2030,2025-03-25 00:00:00+00:00,1259.0,1259.8,1258.3333333333335,1258.8666666666668,7335.0,interpolated
2031,2025-03-25 02:00:00+00:00,1258.4,1258.4,1258.4,1258.4,3738.0,present
2032,2025-03-25 04:00:00+00:00,1258.4,1266.8,1254.0,1265.8,36750.0,present
2033,2025-03-25 06:00:00+00:00,1265.6,1272.8,1261.8,1265.4,62136.0,present
2034,2025-03-25 08:00:00+00:00,1264.6,1280.0,1258.2,1261.2,259955.0,present
2035,2025-03-25 10:00:00+00:00,1261.2,1269.4,1257.0,1264.4,89094.0,present
2036,2025-03-25 12:00:00+00:00,1264.4,1272.0,1261.2,1265.0,81373.0,present
2037,2025-03-25 12:00:00+00:00,1264.4,1272.0,1261.2,1265.0,81373.0,present
2038,2025-03-25 14:00:00+00:00,1265.2,1273.6,1247.0,1267.8,168866.0,present
2039,2025-03-25 16:00:00+00:00,1269.0,1279.0,1266.8,1279.0,51039.0,present
2040,2025-03-25 18:00:00+00:00,1279.0,1284.6,1276.8,1276.8,43646.0,present
2041,2025-03-25 20:00:00+00:00,1277.0,1282.2,1275.4,1279.6,5574.0,present
2042,2025-03-25 22:00:00+00:00,1279.0,1282.4666666666667,1277.9333333333334,1280.7333333333333,3744.666666666667,interpolated
2043,2025-03-26 00:00:00+00:00,1281.0,1282.7333333333333,1280.4666666666667,1281.8666666666666,1915.3333333333335,interpolated
2044,2025-03-26 02:00:00+00:00,1283.0,1283.0,1283.0,1283.0,86.0,present
2045,2025-03-26 04:00:00+00:00,1283.0,1289.8,1279.6,1286.0,19495.0,present
2046,2025-03-26 06:00:00+00:00,1286.2,1291.6,1279.0,1290.0,88111.0,present
2047,2025-03-26 08:00:00+00:00,1290.2,1292.0,1268.4,1273.0,231310.0,present
2048,2025-03-26 10:00:00+00:00,1273.8,1274.0,1256.2,1259.2,215885.0,present
2049,2025-03-26 12:00:00+00:00,1259.0,1260.0,1250.4,1252.4,175599.0,present
2050,2025-03-26 14:00:00+00:00,1252.4,1256.0,1248.0,1251.0,76952.0,present
2051,2025-03-26 16:00:00+00:00,1251.6,1252.0,1242.6,1244.6,74312.0,present
2052,2025-03-26 18:00:00+00:00,1244.4,1250.2,1244.4,1249.6,20306.0,present
2053,2025-03-26 20:00:00+00:00,1249.8,1250.6,1245.0,1245.8,11449.0,present
2054,2025-03-26 22:00:00+00:00,1248.0,1248.5333333333333,1244.8,1245.3333333333333,7670.0,interpolated
2055,2025-03-27 00:00:00+00:00,1246.2,1246.4666666666667,1244.6000000000001,1244.8666666666668,3890.999999999999,interpolated
2056,2025-03-27 02:00:00+00:00,1244.4,1244.4,1244.4,1244.4,112.0,present
2057,2025-03-27 04:00:00+00:00,1244.4,1247.0,1230.0,1239.4,103715.0,present
2058,2025-03-27 06:00:00+00:00,1239.4,1241.0,1216.0,1223.6,245377.0,present
2059,2025-03-27 08:00:00+00:00,1223.4,1228.0,1218.0,1221.8,206863.0,present
2060,2025-03-27 10:00:00+00:00,1222.0,1223.2,1210.2,1210.4,173199.0,present
2061,2025-03-27 12:00:00+00:00,1210.4,1212.4,1195.0,1200.2,337040.0,present
2062,2025-03-27 14:00:00+00:00,1200.4,1206.6,1194.4,1200.2,114518.0,present
2063,2025-03-27 16:00:00+00:00,1200.2,1208.4,1198.2,1202.0,56760.0,present
2064,2025-03-27 18:00:00+00:00,1202.6,1205.6,1197.0,1200.4,49713.0,present
2065,2025-03-27 20:00:00+00:00,1200.2,1202.6,1198.4,1199.2,12250.0,present
2066,2025-03-27 22:00:00+00:00,1200.1333333333334,1201.7333333333333,1198.9333333333334,1199.4666666666667,8178.333333333333,interpolated
2067,2025-03-28 00:00:00+00:00,1200.0666666666666,1200.8666666666666,1199.4666666666667,1199.7333333333333,4106.666666666666,interpolated
2068,2025-03-28 02:00:00+00:00,1200.0,1200.0,1200.0,1200.0,35.0,present
2069,2025-03-28 04:00:00+00:00,1201.2,1206.4,1181.6,1182.6,93391.0,present
2070,2025-03-28 06:00:00+00:00,1183.0,1209.0,1182.4,1200.0,263697.0,present
2071,2025-03-28 08:00:00+00:00,1170.8666666666666,1195.0666666666666,1168.9333333333334,1186.8666666666666,296408.6666666667,interpolated
2072,2025-03-28 10:00:00+00:00,1158.7333333333333,1181.1333333333334,1155.4666666666667,1173.7333333333333,329120.3333333333,interpolated
2073,2025-03-28 12:00:00+00:00,1146.6,1167.2,1142.0,1160.6,361832.0,present
2074,2025-03-28 14:00:00+00:00,1161.6,1164.8,1152.6,1157.6,198417.0,present
2075,2025-03-28 16:00:00+00:00,1158.0,1159.0,1146.4,1150.2,60546.0,present
2076,2025-03-28 18:00:00+00:00,1150.2,1154.0,1146.6,1150.6,33771.0,present
2077,2025-03-28 20:00:00+00:00,1150.4,1153.2,1148.0,1153.2,17663.0,present
2078,2025-03-28 22:00:00+00:00,1146.5333333333333,1150.1666666666667,1143.9,1149.2333333333333,22896.333333333332,interpolated
2079,2025-03-29 00:00:00+00:00,1142.6666666666667,1147.1333333333334,1139.8,1145.2666666666667,28129.666666666664,interpolated
2080,2025-03-29 02:00:00+00:00,1138.8000000000002,1144.1,1135.7,1141.3,33363.0,interpolated
2081,2025-03-29 04:00:00+00:00,1134.9333333333334,1141.0666666666666,1131.6000000000001,1137.3333333333335,38596.33333333333,interpolated
2082,2025-03-29 06:00:00+00:00,1131.0666666666666,1138.0333333333333,1127.5,1133.3666666666668,43829.666666666664,interpolated
2083,2025-03-29 08:00:00+00:00,1127.2,1135.0,1123.4,1129.4,49063.0,present
2084,2025-03-29 10:00:00+00:00,1128.8,1133.0,1125.2,1128.0,22347.0,present
2085,2025-03-29 12:00:00+00:00,1128.4,1129.8,1123.6,1125.6,20739.0,present
2086,2025-03-29 14:00:00+00:00,1125.6,1130.2,1123.4,1129.6,33727.0,present
2087,2025-03-29 16:00:00+00:00,1126.1,1130.175,1123.625,1129.6,31144.5,interpolated
2088,2025-03-29 18:00:00+00:00,1126.6,1130.15,1123.8500000000001,1129.6,28562.0,interpolated
2089,2025-03-29 20:00:00+00:00,1127.1,1130.125,1124.075,1129.6,25979.5,interpolated
2090,2025-03-29 22:00:00+00:00,1127.6,1130.1,1124.3000000000002,1129.6,23397.0,interpolated
2091,2025-03-30 00:00:00+00:00,1128.1,1130.075,1124.525,1129.6,20814.5,interpolated
2092,2025-03-30 02:00:00+00:00,1128.6,1130.05,1124.75,1129.6,18232.0,interpolated
2093,2025-03-30 04:00:00+00:00,1129.1,1130.025,1124.9750000000001,1129.6,15649.5,interpolated
2094,2025-03-30 06:00:00+00:00,1129.6,1130.0,1125.2,1129.6,13067.0,present
2095,2025-03-30 08:00:00+00:00,1129.6,1130.2,1128.0,1128.8,4604.0,present
2096,2025-03-30 10:00:00+00:00,1129.0,1131.0,1128.2,1131.0,7446.0,present
2097,2025-03-30 12:00:00+00:00,1131.0,1138.0,1130.4,1134.0,14301.0,present
2098,2025-03-30 14:00:00+00:00,1134.6,1135.0,1123.0,1123.0,37361.0,present
2099,2025-03-30 16:00:00+00:00,1132.6333333333332,1132.9666666666667,1122.9666666666667,1122.9666666666667,31287.166666666664,interpolated
2100,2025-03-30 18:00:00+00:00,1130.6666666666665,1130.9333333333334,1122.9333333333334,1122.9333333333334,25213.333333333332,interpolated
2101,2025-03-30 20:00:00+00:00,1128.6999999999998,1128.9,1122.9,1122.9,19139.5,interpolated
2102,2025-03-30 22:00:00+00:00,1126.7333333333333,1126.8666666666666,1122.8666666666666,1122.8666666666666,13065.666666666664,interpolated
2103,2025-03-31 00:00:00+00:00,1124.7666666666667,1124.8333333333333,1122.8333333333333,1122.8333333333333,6991.833333333332,interpolated
2104,2025-03-31 02:00:00+00:00,1122.8,1122.8,1122.8,1122.8,918.0,present
2105,2025-03-31 04:00:00+00:00,1122.2,1147.0,1113.6,1145.4,180311.0,present
2106,2025-03-31 06:00:00+00:00,1145.4,1157.4,1140.4,1141.2,215093.0,present
2107,2025-03-31 08:00:00+00:00,1155.5,1167.2,1152.9,1158.8000000000002,222071.0,interpolated
2108,2025-03-31 10:00:00+00:00,1165.6,1177.0,1165.4,1176.4,229049.0,present
2109,2025-03-31 12:00:00+00:00,1176.4,1185.8,1171.0,1178.6,251308.0,present
2110,2025-03-31 14:00:00+00:00,1178.4,1179.0,1171.0,1171.2,127268.0,present
2111,2025-03-31 16:00:00+00:00,1174.0,1185.2,1170.6,1181.6,90561.0,present
2112,2025-03-31 18:00:00+00:00,1181.8,1184.6,1180.0,1183.2,37234.0,present
2113,2025-03-31 20:00:00+00:00,1183.4,1189.6,1182.0,1188.0,17264.0,present
2114,2025-03-31 22:00:00+00:00,1184.9333333333334,1189.0666666666666,1184.0,1188.0,11581.0,interpolated
2115,2025-04-01 00:00:00+00:00,1186.4666666666667,1188.5333333333333,1186.0,1188.0,5898.0,interpolated
2116,2025-04-01 02:00:00+00:00,1188.0,1188.0,1188.0,1188.0,215.0,present
2117,2025-04-01 04:00:00+00:00,1188.0,1196.6,1185.2,1190.4,116766.0,present
2118,2025-04-01 06:00:00+00:00,1190.4,1191.2,1175.6,1182.2,131310.0,present
2119,2025-04-01 08:00:00+00:00,1182.0,1188.2,1178.0,1186.8,115342.0,present
2120,2025-04-01 10:00:00+00:00,1186.2,1187.6,1161.2,1165.0,240398.0,present
2121,2025-04-01 12:00:00+00:00,1164.4,1165.0,1147.4,1156.0,180411.0,present
2122,2025-04-01 12:00:00+00:00,1164.4,1165.0,1147.4,1156.0,180411.0,present
2123,2025-04-01 14:00:00+00:00,1156.2,1169.2,1150.8,1158.4,118821.0,present
2124,2025-04-01 16:00:00+00:00,1158.0,1161.4,1145.0,1146.6,101337.0,present
2125,2025-04-01 18:00:00+00:00,1146.8,1149.6,1130.4,1139.6,107881.0,present
2126,2025-04-01 20:00:00+00:00,1139.6,1142.2,1136.6,1137.0,27161.0,present
2127,2025-04-01 22:00:00+00:00,1138.6,1140.3333333333333,1136.6,1136.8666666666666,18138.333333333336,interpolated
2128,2025-04-02 00:00:00+00:00,1137.6,1138.4666666666667,1136.6,1136.7333333333333,9115.666666666668,interpolated
2129,2025-04-02 02:00:00+00:00,1136.6,1136.6,1136.6,1136.6,93.0,present
2130,2025-04-02 04:00:00+00:00,1136.6,1149.4,1131.6,1144.8,42809.0,present
2131,2025-04-02 06:00:00+00:00,1144.2,1158.4,1137.8,1150.6,152456.0,present
2132,2025-04-02 08:00:00+00:00,1151.0,1162.0,1139.4,1159.0,157538.0,present
2133,2025-04-02 10:00:00+00:00,1159.0,1161.8,1146.6,1150.2,116521.0,present
2134,2025-04-02 12:00:00+00:00,1150.4,1164.4,1147.6,1149.0,101125.0,present
2135,2025-04-02 14:00:00+00:00,1150.0,1160.8,1149.0,1151.4,81645.0,present
2136,2025-04-02 16:00:00+00:00,1149.8,1159.8,1145.6,1158.0,59287.0,present
2137,2025-04-02 18:00:00+00:00,1158.0,1170.0,1156.4,1167.8,79193.0,present
2138,2025-04-02 20:00:00+00:00,1167.8,1167.8,1159.2,1161.2,24765.0,present
2139,2025-04-02 22:00:00+00:00,1165.6666666666667,1165.6666666666667,1159.9333333333334,1161.2666666666667,16527.333333333336,interpolated
2140,2025-04-03 00:00:00+00:00,1163.5333333333333,1163.5333333333333,1160.6666666666667,1161.3333333333335,8289.666666666668,interpolated
2141,2025-04-03 02:00:00+00:00,1161.4,1161.4,1161.4,1161.4,52.0,present
2142,2025-04-03 04:00:00+00:00,1161.4,1176.6,1161.4,1172.4,54480.0,present
2143,2025-04-03 06:00:00+00:00,1173.4,1173.4,1153.0,1156.2,61868.0,present
2144,2025-04-03 08:00:00+00:00,1156.0,1166.4,1148.4,1156.4,120357.0,present
2145,2025-04-03 10:00:00+00:00,1156.4,1159.2,1130.2,1136.4,166938.0,present
2146,2025-04-03 12:00:00+00:00,1135.8,1136.2,1115.2,1119.6,343300.0,present
2147,2025-04-03 14:00:00+00:00,1119.6,1120.2,1099.0,1104.0,376553.0,present
2148,2025-04-03 16:00:00+00:00,1104.0,1115.6,1099.0,1114.2,117050.0,present
2149,2025-04-03 18:00:00+00:00,1114.0,1119.0,1110.0,1118.6,41645.0,present
2150,2025-04-03 20:00:00+00:00,1118.6,1122.6,1114.0,1122.2,28563.0,present
2151,2025-04-03 22:00:00+00:00,1121.0666666666666,1123.7333333333333,1118.0,1123.4666666666667,21923.666666666664,interpolated
2152,2025-04-04 00:00:00+00:00,1123.5333333333333,1124.8666666666666,1122.0,1124.7333333333333,15284.333333333332,interpolated
2153,2025-04-04 02:00:00+00:00,1126.0,1126.0,1126.0,1126.0,8645.0,present
2154,2025-04-04 04:00:00+00:00,1126.0,1127.0,1116.2,1122.6,97797.0,present
2155,2025-04-04 06:00:00+00:00,1122.0,1124.8,1113.4,1121.0,99152.0,present
2156,2025-04-04 08:00:00+00:00,1120.0,1120.0,1105.4,1112.8,176011.0,present
2157,2025-04-04 10:00:00+00:00,1101.2,1106.3,1091.0,1098.8,224086.5,interpolated
2158,2025-04-04 12:00:00+00:00,1082.4,1092.6,1076.6,1084.8,272162.0,present
2159,2025-04-04 14:00:00+00:00,1084.6,1107.0,1080.2,1097.0,322357.0,present
2160,2025-04-04 16:00:00+00:00,1097.0,1097.0,1076.4,1082.8,160393.0,present
2161,2025-04-04 18:00:00+00:00,1082.8,1092.2,1081.6,1089.2,48463.0,present
2162,2025-04-04 20:00:00+00:00,1089.0,1089.2,1080.0,1081.4,27584.0,present
2163,2025-04-04 22:00:00+00:00,1087.2,1087.3600000000001,1076.84,1077.96,29788.8,interpolated
2164,2025-04-05 00:00:00+00:00,1085.4,1085.52,1073.68,1074.52,31993.6,interpolated
2165,2025-04-05 02:00:00+00:00,1083.6,1083.68,1070.52,1071.0800000000002,34198.4,interpolated
2166,2025-04-05 04:00:00+00:00,1081.8,1081.84,1067.3600000000001,1067.64,36403.2,interpolated
2167,2025-04-05 06:00:00+00:00,1080.0,1080.0,1064.2,1064.2,38608.0,present
2168,2025-04-05 08:00:00+00:00,1064.2,1071.8,1064.2,1070.6,26644.0,present
2169,2025-04-05 10:00:00+00:00,1071.0,1092.0,1069.4,1085.4,23460.0,present
2170,2025-04-05 12:00:00+00:00,1085.6,1086.2,1077.6,1082.8,11404.0,present
2171,2025-04-05 14:00:00+00:00,1082.8,1087.0,1080.0,1084.2,10371.0,present
2172,2025-04-05 16:00:00+00:00,1083.8,1088.35,1080.125,1085.275,12343.375,interpolated
2173,2025-04-05 18:00:00+00:00,1084.8,1089.7,1080.25,1086.35,14315.75,interpolated
2174,2025-04-05 20:00:00+00:00,1085.8,1091.05,1080.375,1087.425,16288.125,interpolated
2175,2025-04-05 22:00:00+00:00,1086.8,1092.4,1080.5,1088.5,18260.5,interpolated
2176,2025-04-06 00:00:00+00:00,1087.8,1093.75,1080.625,1089.575,20232.875,interpolated
2177,2025-04-06 02:00:00+00:00,1088.8,1095.1,1080.75,1090.65,22205.25,interpolated
2178,2025-04-06 04:00:00+00:00,1089.8,1096.45,1080.875,1091.725,24177.625,interpolated
2179,2025-04-06 06:00:00+00:00,1090.8,1097.8,1081.0,1092.8,26150.0,present
2180,2025-04-06 08:00:00+00:00,1092.8,1100.0,1088.8,1091.4,37034.0,present
2181,2025-04-06 10:00:00+00:00,1092.6,1098.8,1089.0,1098.4,8201.0,present
2182,2025-04-06 12:00:00+00:00,1098.4,1105.0,1095.8,1101.4,20935.0,present
2183,2025-04-06 14:00:00+00:00,1101.4,1105.0,1100.0,1105.0,20497.0,present
2184,2025-04-06 16:00:00+00:00,1100.4,1103.4,1099.2333333333333,1103.4,17501.333333333332,interpolated
2185,2025-04-06 18:00:00+00:00,1099.4,1101.8,1098.4666666666667,1101.8,14505.666666666666,interpolated
2186,2025-04-06 20:00:00+00:00,1098.4,1100.2,1097.7,1100.2,11510.0,interpolated
2187,2025-04-06 22:00:00+00:00,1097.4,1098.6000000000001,1096.9333333333334,1098.6000000000001,8514.333333333332,interpolated
2188,2025-04-07 00:00:00+00:00,1096.4,1097.0,1096.1666666666667,1097.0,5518.666666666666,interpolated
2189,2025-04-07 02:00:00+00:00,1095.4,1095.4,1095.4,1095.4,2523.0,present
2190,2025-04-07 04:00:00+00:00,1075.7,1077.5,1055.4,1070.4,311702.5,interpolated
2191,2025-04-07 06:00:00+00:00,1056.0,1059.6,1015.4,1045.4,620882.0,present
2192,2025-04-07 08:00:00+00:00,1056.4,1059.3999999999999,1020.2666666666667,1049.0,513501.3333333334,interpolated
2193,2025-04-07 10:00:00+00:00,1056.8,1059.2,1025.1333333333332,1052.6000000000001,406120.6666666667,interpolated
2194,2025-04-07 12:00:00+00:00,1057.2,1059.0,1030.0,1056.2,298740.0,present
2195,2025-04-07 14:00:00+00:00,1056.2,1091.8,1044.6,1054.4,328457.0,present
2196,2025-04-07 16:00:00+00:00,1055.0,1061.2,1042.0,1061.2,67597.0,present
2197,2025-04-07 18:00:00+00:00,1061.2,1062.0,1045.8,1052.2,40752.0,present
2198,2025-04-07 20:00:00+00:00,1052.4,1054.4,1048.2,1053.4,8725.0,present
2199,2025-04-07 22:00:00+00:00,1053.6000000000001,1054.9333333333334,1050.8,1054.2666666666667,6836.333333333333,interpolated
2200,2025-04-08 00:00:00+00:00,1054.8,1055.4666666666667,1053.4,1055.1333333333334,4947.666666666666,interpolated
2201,2025-04-08 02:00:00+00:00,1056.0,1056.0,1056.0,1056.0,3059.0,present
2202,2025-04-08 04:00:00+00:00,1056.0,1077.8,1056.0,1070.6,93245.0,present
2203,2025-04-08 06:00:00+00:00,1050.5,1062.8,1038.5,1049.4,348319.5,interpolated
2204,2025-04-08 08:00:00+00:00,1045.0,1047.8,1021.0,1028.2,603394.0,present
2205,2025-04-08 10:00:00+00:00,1028.0,1031.8,1017.0,1030.6,934335.0,present
2206,2025-04-08 12:00:00+00:00,1030.6,1045.0,1020.0,1034.4,840225.0,present
2207,2025-04-08 12:00:00+00:00,1030.6,1045.0,1020.0,1034.4,840225.0,present
2208,2025-04-08 14:00:00+00:00,1034.8,1041.6,1014.4,1018.0,572367.0,present
2209,2025-04-08 16:00:00+00:00,1018.0,1023.0,1001.0,1011.4,617386.0,present
2210,2025-04-08 18:00:00+00:00,1011.2,1012.6,993.6,1001.2,315086.0,present
2211,2025-04-08 20:00:00+00:00,1001.2,1001.8,991.6,992.8,152433.0,present
2212,2025-04-08 22:00:00+00:00,998.4666666666667,998.8666666666667,992.0666666666667,992.8666666666667,102293.0,interpolated
2213,2025-04-09 00:00:00+00:00,995.7333333333333,995.9333333333333,992.5333333333333,992.9333333333333,52153.0,interpolated
2214,2025-04-09 02:00:00+00:00,993.0,993.0,993.0,993.0,2013.0,present
2215,2025-04-09 04:00:00+00:00,992.8,997.6,976.2,981.0,317139.0,present
2216,2025-04-09 06:00:00+00:00,981.6,999.0,970.4,977.0,728933.0,present
2217,2025-04-09 08:00:00+00:00,976.6,983.8,970.2,975.6,445608.0,present
2218,2025-04-09 10:00:00+00:00,975.6,980.8,958.0,964.0,1015177.0,present
2219,2025-04-09 12:00:00+00:00,983.3,992.5999999999999,973.6,979.1,745808.0,interpolated
2220,2025-04-09 14:00:00+00:00,991.0,1004.4,989.2,994.2,476439.0,present
2221,2025-04-09 16:00:00+00:00,1017.4,1027.2,1008.4,1019.9,431597.5,interpolated
2222,2025-04-09 18:00:00+00:00,1043.8,1050.0,1027.6,1045.6,386756.0,present
2223,2025-04-09 20:00:00+00:00,1045.2,1059.4,1045.2,1058.6,91662.0,present
2224,2025-04-09 22:00:00+00:00,1050.1333333333334,1059.6000000000001,1050.1333333333334,1059.0666666666666,63186.0,interpolated
2225,2025-04-10 00:00:00+00:00,1055.0666666666666,1059.8,1055.0666666666666,1059.5333333333333,34710.00000000001,interpolated
2226,2025-04-10 02:00:00+00:00,1060.0,1060.0,1060.0,1060.0,6234.0,present
2227,2025-04-10 04:00:00+00:00,1060.2,1062.0,1036.2,1046.8,242361.0,present
2228,2025-04-10 06:00:00+00:00,1042.7,1046.3,1025.8,1037.4,296411.5,interpolated
2229,2025-04-10 08:00:00+00:00,1025.2,1030.6,1015.4,1028.0,350462.0,present
2230,2025-04-10 10:00:00+00:00,1028.0,1034.6,1011.8,1022.0,331015.0,present
2231,2025-04-10 12:00:00+00:00,1022.0,1055.0,1020.0,1020.0,818165.0,present
2232,2025-04-10 14:00:00+00:00,1020.8,1038.4,1015.8,1024.0,298885.0,present
2233,2025-04-10 16:00:00+00:00,1023.2,1034.8,1006.0,1031.2,367006.0,present
2234,2025-04-10 18:00:00+00:00,1031.2,1036.4,1022.6,1025.6,152504.0,present
2235,2025-04-10 20:00:00+00:00,1025.4,1026.2,1020.0,1022.4,38513.0,present
2236,2025-04-10 22:00:00+00:00,1024.4,1024.9333333333334,1020.8,1022.4,26528.0,interpolated
2237,2025-04-11 00:00:00+00:00,1023.4,1023.6666666666666,1021.6,1022.4,14543.0,interpolated
2238,2025-04-11 02:00:00+00:00,1022.4,1022.4,1022.4,1022.4,2558.0,present
2239,2025-04-11 04:00:00+00:00,1027.4,1032.6,1022.4,1032.6,64885.0,present
2240,2025-04-11 06:00:00+00:00,1040.8,1045.8,1032.9,1042.9,197090.5,interpolated
2241,2025-04-11 08:00:00+00:00,1054.2,1059.0,1043.4,1053.2,329296.0,present
2242,2025-04-11 10:00:00+00:00,1053.2,1063.6,1044.0,1049.0,227675.0,present
2243,2025-04-11 12:00:00+00:00,1049.0,1053.6,1041.0,1045.6,178824.0,present
2244,2025-04-11 14:00:00+00:00,1045.4,1056.0,1043.0,1055.0,138715.0,present
2245,2025-04-11 16:00:00+00:00,1054.6,1058.8,1050.0,1051.0,78638.0,present
2246,2025-04-11 18:00:00+00:00,1050.6,1053.8,1046.0,1051.4,52137.0,present
2247,2025-04-11 20:00:00+00:00,1051.2,1059.2,1050.6,1058.6,38473.0,present
2248,2025-04-11 22:00:00+00:00,1053.68,1061.76,1052.52,1061.0,39543.4,interpolated
2249,2025-04-12 00:00:00+00:00,1056.16,1064.32,1054.44,1063.3999999999999,40613.8,interpolated
2250,2025-04-12 02:00:00+00:00,1058.6399999999999,1066.88,1056.36,1065.8,41684.2,interpolated
2251,2025-04-12 04:00:00+00:00,1061.12,1069.44,1058.28,1068.1999999999998,42754.6,interpolated
2252,2025-04-12 06:00:00+00:00,1063.6,1072.0,1060.2,1070.6,43825.0,present
2253,2025-04-12 08:00:00+00:00,1069.6,1084.0,1067.0,1081.0,75037.0,present
2254,2025-04-12 10:00:00+00:00,1081.0,1082.8,1073.2,1074.6,38208.0,present
2255,2025-04-12 12:00:00+00:00,1074.8,1082.8,1073.2,1080.0,40528.0,present
2256,2025-04-12 14:00:00+00:00,1080.0,1082.4,1075.2,1080.8,32147.0,present
2257,2025-04-12 16:00:00+00:00,1080.025,1082.8500000000001,1075.8,1081.175,31481.0,interpolated
2258,2025-04-12 18:00:00+00:00,1080.05,1083.3000000000002,1076.4,1081.55,30815.0,interpolated
2259,2025-04-12 20:00:00+00:00,1080.075,1083.75,1077.0,1081.925,30149.0,interpolated
2260,2025-04-12 22:00:00+00:00,1080.1,1084.2,1077.6,1082.3,29483.0,interpolated
2261,2025-04-13 00:00:00+00:00,1080.125,1084.65,1078.2,1082.675,28817.0,interpolated
2262,2025-04-13 02:00:00+00:00,1080.15,1085.1,1078.8,1083.05,28151.0,interpolated
2263,2025-04-13 04:00:00+00:00,1080.175,1085.55,1079.4,1083.425,27485.0,interpolated
2264,2025-04-13 06:00:00+00:00,1080.2,1086.0,1080.0,1083.8,26819.0,present
2265,2025-04-13 08:00:00+00:00,1083.6,1085.8,1080.8,1084.2,21412.0,present
2266,2025-04-13 10:00:00+00:00,1084.2,1085.0,1082.8,1084.4,10160.0,present
2267,2025-04-13 12:00:00+00:00,1085.0,1086.6,1084.2,1086.6,17693.0,present
2268,2025-04-13 14:00:00+00:00,1086.6,1086.6,1086.6,1086.6,10826.0,present
2269,2025-04-13 16:00:00+00:00,1085.8333333333333,1085.8333333333333,1085.8333333333333,1085.8333333333333,9886.166666666666,interpolated
2270,2025-04-13 18:00:00+00:00,1085.0666666666666,1085.0666666666666,1085.0666666666666,1085.0666666666666,8946.333333333334,interpolated
2271,2025-04-13 20:00:00+00:00,1084.3,1084.3,1084.3,1084.3,8006.5,interpolated
2272,2025-04-13 22:00:00+00:00,1083.5333333333333,1083.5333333333333,1083.5333333333333,1083.5333333333333,7066.666666666667,interpolated
2273,2025-04-14 00:00:00+00:00,1082.7666666666667,1082.7666666666667,1082.7666666666667,1082.7666666666667,6126.833333333333,interpolated
2274,2025-04-14 02:00:00+00:00,1082.0,1082.0,1082.0,1082.0,5187.0,present
2275,2025-04-14 04:00:00+00:00,1082.6,1091.2,1070.2,1078.8,110256.0,present
2276,2025-04-14 06:00:00+00:00,1078.2,1078.4,1063.8,1064.6,232874.0,present
2277,2025-04-14 08:00:00+00:00,1064.6,1078.2,1064.2,1072.4,250096.0,present
2278,2025-04-14 10:00:00+00:00,1072.6,1075.8,1052.2,1052.2,190028.0,present
2279,2025-04-14 12:00:00+00:00,1052.2,1055.8,1037.4,1040.2,233395.0,present
2280,2025-04-14 14:00:00+00:00,1040.0,1051.6,1039.4,1045.4,109932.0,present
2281,2025-04-14 16:00:00+00:00,1045.0,1046.6,1029.0,1032.0,111888.0,present
2282,2025-04-14 18:00:00+00:00,1032.8,1041.0,1030.0,1033.8,80424.0,present
2283,2025-04-14 20:00:00+00:00,1033.8,1035.8,1030.0,1035.0,20275.0,present
2284,2025-04-14 22:00:00+00:00,1033.0,1034.3333333333333,1030.4666666666667,1033.8,14358.0,interpolated
2285,2025-04-15 00:00:00+00:00,1032.2,1032.8666666666668,1030.9333333333334,1032.6000000000001,8441.0,interpolated
2286,2025-04-15 02:00:00+00:00,1031.4,1031.4,1031.4,1031.4,2524.0,present
2287,2025-04-15 04:00:00+00:00,1031.2,1039.8,1030.0,1032.2,41088.0,present
2288,2025-04-15 06:00:00+00:00,1031.8,1048.4,1031.8,1037.6,134088.0,present
2289,2025-04-15 08:00:00+00:00,1038.0,1039.8,1021.2,1030.2,203794.0,present
2290,2025-04-15 10:00:00+00:00,1030.2,1033.0,1018.4,1021.4,140483.0,present
2291,2025-04-15 12:00:00+00:00,1021.6,1038.6,1020.0,1034.6,126424.0,present
2292,2025-04-15 12:00:00+00:00,1021.6,1038.6,1020.0,1034.6,126424.0,present
2293,2025-04-15 14:00:00+00:00,1034.6,1045.6,1030.2,1032.0,113791.0,present
2294,2025-04-15 16:00:00+00:00,1034.4,1040.2,1030.0,1038.4,48898.0,present
2295,2025-04-15 18:00:00+00:00,1038.4,1045.8,1037.8,1041.4,46532.0,present
2296,2025-04-15 20:00:00+00:00,1041.2,1043.8,1038.0,1042.0,15986.0,present
2297,2025-04-15 22:00:00+00:00,1041.9333333333334,1043.6666666666667,1039.8,1042.4666666666667,10718.0,interpolated
2298,2025-04-16 00:00:00+00:00,1042.6666666666667,1043.5333333333333,1041.6000000000001,1042.9333333333334,5450.0,interpolated
2299,2025-04-16 02:00:00+00:00,1043.4,1043.4,1043.4,1043.4,182.0,present
2300,2025-04-16 04:00:00+00:00,1044.6,1044.6,1031.2,1032.8,41419.0,present
2301,2025-04-16 06:00:00+00:00,1032.4,1032.8,1024.4,1028.0,110933.0,present
2302,2025-04-16 08:00:00+00:00,1028.6,1039.2,1021.0,1033.2,173154.0,present
2303,2025-04-16 10:00:00+00:00,1033.6,1047.6,1033.6,1046.4,123110.0,present
2304,2025-04-16 12:00:00+00:00,1046.4,1052.0,1038.0,1050.6,137461.0,present
2305,2025-04-16 14:00:00+00:00,1050.6,1056.0,1047.4,1053.0,160062.0,present
2306,2025-04-16 16:00:00+00:00,1053.0,1056.4,1036.0,1037.8,184076.0,present
2307,2025-04-16 18:00:00+00:00,1038.4,1044.4,1037.8,1043.0,35564.0,present
2308,2025-04-16 20:00:00+00:00,1043.0,1044.0,1040.0,1041.4,20553.0,present
2309,2025-04-16 22:00:00+00:00,1042.4666666666667,1043.1333333333334,1040.4666666666667,1041.4,13703.333333333332,interpolated
2310,2025-04-17 00:00:00+00:00,1041.9333333333334,1042.2666666666667,1040.9333333333334,1041.4,6853.666666666666,interpolated
2311,2025-04-17 02:00:00+00:00,1041.4,1041.4,1041.4,1041.4,4.0,present
2312,2025-04-17 04:00:00+00:00,1041.4,1056.0,1037.6,1051.0,69510.0,present
2313,2025-04-17 06:00:00+00:00,1051.8,1053.0,1042.4,1045.8,104165.0,present
2314,2025-04-17 08:00:00+00:00,1045.8,1063.6,1039.8,1054.8,275661.0,present
2315,2025-04-17 10:00:00+00:00,1054.6,1060.0,1048.4,1058.6,107864.0,present
2316,2025-04-17 12:00:00+00:00,1058.0,1061.8,1051.2,1056.0,146005.0,present
2317,2025-04-17 14:00:00+00:00,1056.2,1057.8,1043.2,1052.0,152790.0,present
2318,2025-04-17 16:00:00+00:00,1050.0,1062.6,1040.4,1056.4,230938.0,present
2319,2025-04-17 18:00:00+00:00,1056.2,1065.0,1055.8,1062.2,145535.0,present
2320,2025-04-17 20:00:00+00:00,1062.2,1063.0,1061.8,1062.0,14976.0,present
2321,2025-04-17 22:00:00+00:00,1060.0666666666666,1060.6,1059.8,1059.9333333333334,13342.0,interpolated
2322,2025-04-18 00:00:00+00:00,1057.9333333333334,1058.2,1057.8,1057.8666666666666,11708.0,interpolated
2323,2025-04-18 02:00:00+00:00,1055.8,1055.8,1055.8,1055.8,10074.0,present
2324,2025-04-18 04:00:00+00:00,1055.8,1055.8,1045.0,1048.6,73332.0,present
2325,2025-04-18 06:00:00+00:00,1048.6,1054.8,1045.0,1048.4,106362.0,present
2326,2025-04-18 08:00:00+00:00,1048.2,1050.6,1028.0,1028.4,209839.0,present
2327,2025-04-18 10:00:00+00:00,1028.4,1032.0,1006.2,1019.8,531761.0,present
2328,2025-04-18 12:00:00+00:00,1019.8,1030.0,1014.2,1023.8,334970.0,present
2329,2025-04-18 14:00:00+00:00,1023.8,1031.8,1020.6,1028.4,202105.0,present
2330,2025-04-18 16:00:00+00:00,1029.0,1033.8,1022.0,1022.2,103932.0,present
2331,2025-04-18 18:00:00+00:00,1022.2,1027.2,1021.6,1023.8,39009.0,present
2332,2025-04-18 20:00:00+00:00,1023.6,1027.4,1022.0,1022.4,30630.0,present
2333,2025-04-18 22:00:00+00:00,1023.6962962962963,1027.3555555555556,1022.1555555555556,1022.5407407407407,29646.14814814815,interpolated
2334,2025-04-19 00:00:00+00:00,1023.7925925925927,1027.3111111111111,1022.3111111111111,1022.6814814814815,28662.296296296296,interpolated
2335,2025-04-19 02:00:00+00:00,1023.8888888888889,1027.2666666666667,1022.4666666666667,1022.8222222222222,27678.444444444445,interpolated
2336,2025-04-19 04:00:00+00:00,1023.9851851851852,1027.2222222222224,1022.6222222222223,1022.9629629629629,26694.59259259259,interpolated
2337,2025-04-19 06:00:00+00:00,1024.0814814814814,1027.177777777778,1022.7777777777778,1023.1037037037037,25710.74074074074,interpolated
2338,2025-04-19 08:00:00+00:00,1024.177777777778,1027.1333333333334,1022.9333333333334,1023.2444444444444,24726.88888888889,interpolated
2339,2025-04-19 10:00:00+00:00,1024.2740740740742,1027.088888888889,1023.0888888888888,1023.3851851851852,23743.037037037036,interpolated
2340,2025-04-19 12:00:00+00:00,1024.3703703703704,1027.0444444444445,1023.2444444444444,1023.5259259259259,22759.185185185186,interpolated
2341,2025-04-19 14:00:00+00:00,1024.4666666666667,1027.0,1023.4,1023.6666666666666,21775.333333333336,interpolated
2342,2025-04-19 16:00:00+00:00,1024.562962962963,1026.9555555555555,1023.5555555555555,1023.8074074074074,20791.48148148148,interpolated
2343,2025-04-19 18:00:00+00:00,1024.6592592592592,1026.9111111111113,1023.7111111111111,1023.9481481481481,19807.629629629628,interpolated
2344,2025-04-19 20:00:00+00:00,1024.7555555555555,1026.8666666666668,1023.8666666666667,1024.088888888889,18823.77777777778,interpolated
2345,2025-04-19 22:00:00+00:00,1024.851851851852,1026.8222222222223,1024.0222222222224,1024.2296296296297,17839.925925925927,interpolated
2346,2025-04-20 00:00:00+00:00,1024.9481481481482,1026.7777777777778,1024.1777777777777,1024.3703703703704,16856.074074074073,interpolated
2347,2025-04-20 02:00:00+00:00,1025.0444444444445,1026.7333333333333,1024.3333333333333,1024.5111111111112,15872.222222222223,interpolated
2348,2025-04-20 04:00:00+00:00,1025.1407407407407,1026.6888888888889,1024.4888888888888,1024.651851851852,14888.37037037037,interpolated
2349,2025-04-20 06:00:00+00:00,1025.237037037037,1026.6444444444446,1024.6444444444444,1024.7925925925927,13904.518518518518,interpolated
2350,2025-04-20 08:00:00+00:00,1025.3333333333335,1026.6000000000001,1024.8,1024.9333333333334,12920.666666666668,interpolated
2351,2025-04-20 10:00:00+00:00,1025.4296296296297,1026.5555555555557,1024.9555555555555,1025.0740740740741,11936.814814814818,interpolated
2352,2025-04-20 12:00:00+00:00,1025.525925925926,1026.5111111111112,1025.111111111111,1025.2148148148149,10952.962962962964,interpolated
2353,2025-04-20 14:00:00+00:00,1025.6222222222223,1026.4666666666667,1025.2666666666667,1025.3555555555556,9969.111111111113,interpolated
2354,2025-04-20 16:00:00+00:00,1025.7185185185185,1026.4222222222222,1025.4222222222222,1025.4962962962964,8985.25925925926,interpolated
2355,2025-04-20 18:00:00+00:00,1025.8148148148148,1026.3777777777777,1025.5777777777778,1025.637037037037,8001.407407407409,interpolated
2356,2025-04-20 20:00:00+00:00,1025.911111111111,1026.3333333333335,1025.7333333333333,1025.7777777777778,7017.555555555558,interpolated
2357,2025-04-20 22:00:00+00:00,1026.0074074074075,1026.288888888889,1025.888888888889,1025.9185185185186,6033.703703703704,interpolated
2358,2025-04-21 00:00:00+00:00,1026.1037037037038,1026.2444444444445,1026.0444444444445,1026.0592592592593,5049.851851851854,interpolated
2359,2025-04-21 02:00:00+00:00,1026.2,1026.2,1026.2,1026.2,4066.0,present
2360,2025-04-21 04:00:00+00:00,1026.8,1030.8,1023.4,1029.6,44769.0,present
2361,2025-04-21 06:00:00+00:00,1029.4,1029.6,1017.6,1024.4,135346.0,present
2362,2025-04-21 08:00:00+00:00,1024.6,1031.8,1021.8,1025.8,218720.0,present
2363,2025-04-21 10:00:00+00:00,1025.8,1039.0,1020.4,1035.0,296630.0,present
2364,2025-04-21 12:00:00+00:00,1034.6,1037.0,1026.8,1029.0,251575.0,present
2365,2025-04-21 14:00:00+00:00,1028.8,1035.6,1028.0,1034.0,88096.0,present
2366,2025-04-21 16:00:00+00:00,1033.4,1044.0,1033.4,1037.2,159078.0,present
2367,2025-04-21 18:00:00+00:00,1037.2,1041.2,1034.8,1039.6,77112.0,present
2368,2025-04-21 20:00:00+00:00,1039.8,1040.6,1039.0,1040.6,26477.0,present
2369,2025-04-21 22:00:00+00:00,1041.4666666666667,1042.0,1040.9333333333334,1042.0,18511.0,interpolated
2370,2025-04-22 00:00:00+00:00,1043.1333333333332,1043.3999999999999,1042.8666666666666,1043.3999999999999,10544.999999999998,interpolated
2371,2025-04-22 02:00:00+00:00,1044.8,1044.8,1044.8,1044.8,2579.0,present
2372,2025-04-22 04:00:00+00:00,1043.0,1046.0,1035.2,1042.4,86175.0,present
2373,2025-04-22 06:00:00+00:00,1042.4,1057.0,1037.8,1048.4,240013.0,present
2374,2025-04-22 08:00:00+00:00,1048.6,1051.6,1033.0,1044.2,762981.0,present
2375,2025-04-22 10:00:00+00:00,1044.0,1051.4,1041.8,1042.4,250538.0,present
2376,2025-04-22 12:00:00+00:00,1042.4,1073.8,1042.0,1073.2,517510.0,present
2377,2025-04-22 14:00:00+00:00,1073.2,1083.2,1064.4,1074.0,524348.0,present
2378,2025-04-22 16:00:00+00:00,1073.4,1102.0,1068.0,1094.0,375221.0,present
2379,2025-04-22 18:00:00+00:00,1094.0,1107.6,1087.2,1091.2,336404.0,present
2380,2025-04-22 20:00:00+00:00,1091.8,1093.2,1089.0,1093.0,26992.0,present
2381,2025-04-22 22:00:00+00:00,1095.3999999999999,1096.3333333333333,1093.5333333333333,1096.2,18662.333333333332,interpolated
2382,2025-04-23 00:00:00+00:00,1099.0,1099.4666666666667,1098.0666666666666,1099.3999999999999,10332.666666666664,interpolated
2383,2025-04-23 02:00:00+00:00,1102.6,1102.6,1102.6,1102.6,2003.0,present
2384,2025-04-23 04:00:00+00:00,1100.0,1103.4,1080.2,1080.8,215594.0,present
2385,2025-04-23 06:00:00+00:00,1080.8,1082.6,1060.2,1065.6,388445.0,present
2386,2025-04-23 08:00:00+00:00,1065.6,1074.8,1063.2,1068.0,275770.0,present
2387,2025-04-23 10:00:00+00:00,1068.0,1075.4,1066.2,1070.0,137663.0,present
2388,2025-04-23 12:00:00+00:00,1070.0,1070.2,1060.2,1061.4,218229.0,present
2389,2025-04-23 14:00:00+00:00,1061.2,1069.6,1055.0,1062.0,213389.0,present
2390,2025-04-23 16:00:00+00:00,1064.0,1076.0,1058.2,1073.6,163102.0,present
2391,2025-04-23 18:00:00+00:00,1073.8,1073.8,1058.2,1061.8,78082.0,present
2392,2025-04-23 20:00:00+00:00,1061.4,1063.8,1060.0,1062.4,20751.0,present
2393,2025-04-23 22:00:00+00:00,1060.2,1061.8,1059.2666666666667,1060.8666666666668,14682.0,interpolated
2394,2025-04-24 00:00:00+00:00,1059.0,1059.8,1058.5333333333333,1059.3333333333333,8613.0,interpolated
2395,2025-04-24 02:00:00+00:00,1057.8,1057.8,1057.8,1057.8,2544.0,present
2396,2025-04-24 04:00:00+00:00,1060.0,1066.0,1051.4,1063.2,207280.0,present
2397,2025-04-24 06:00:00+00:00,1063.2,1084.6,1061.8,1083.4,376005.0,present
2398,2025-04-24 08:00:00+00:00,1083.2,1087.0,1076.2,1086.4,312760.0,present
2399,2025-04-24 10:00:00+00:00,1086.2,1089.2,1076.4,1077.0,165768.0,present
2400,2025-04-24 12:00:00+00:00,1076.6,1078.6,1068.2,1070.6,236910.0,present
2401,2025-04-24 14:00:00+00:00,1070.6,1075.2,1065.6,1069.0,98383.0,present
2402,2025-04-24 16:00:00+00:00,1069.2,1073.6,1066.6,1068.4,25841.0,present
2403,2025-04-24 18:00:00+00:00,1069.0,1074.2,1066.0,1072.6,46980.0,present
2404,2025-04-24 20:00:00+00:00,1072.6,1073.0,1070.0,1071.4,19010.0,present
2405,2025-04-24 22:00:00+00:00,1074.3999999999999,1074.6666666666667,1072.6666666666667,1073.6000000000001,13352.0,interpolated
2406,2025-04-25 00:00:00+00:00,1076.2,1076.3333333333333,1075.3333333333333,1075.8,7694.0,interpolated
2407,2025-04-25 02:00:00+00:00,1078.0,1078.0,1078.0,1078.0,2036.0,present
2408,2025-04-25 04:00:00+00:00,1078.0,1083.6,1073.2,1083.6,66485.0,present
2409,2025-04-25 06:00:00+00:00,1083.0,1088.0,1080.0,1084.0,146182.0,present
2410,2025-04-25 08:00:00+00:00,1084.2,1091.8,1081.2,1085.2,244616.0,present
2411,2025-04-25 10:00:00+00:00,1085.4,1098.4,1083.2,1096.0,354821.0,present
2412,2025-04-25 12:00:00+00:00,1096.0,1097.0,1088.4,1089.8,154091.0,present
2413,2025-04-25 14:00:00+00:00,1090.0,1094.0,1083.8,1094.0,163973.0,present
2414,2025-04-25 16:00:00+00:00,1093.0,1093.8,1089.2,1090.0,31127.0,present
2415,2025-04-25 18:00:00+00:00,1089.8,1099.8,1088.6,1099.2,60517.0,present
2416,2025-04-25 20:00:00+00:00,1099.4,1112.0,1099.0,1106.4,75661.0,present
2417,2025-04-25 22:00:00+00:00,1103.5600000000002,1113.8,1101.6,1108.3600000000001,67141.8,interpolated
2418,2025-04-26 00:00:00+00:00,1107.72,1115.6,1104.2,1110.3200000000002,58622.6,interpolated
2419,2025-04-26 02:00:00+00:00,1111.88,1117.4,1106.8,1112.28,50103.399999999994,interpolated
2420,2025-04-26 04:00:00+00:00,1116.04,1119.2,1109.4,1114.24,41584.2,interpolated
2421,2025-04-26 06:00:00+00:00,1120.2,1121.0,1112.0,1116.2,33065.0,present
2422,2025-04-26 08:00:00+00:00,1116.4,1119.2,1109.4,1115.6,35899.0,present
2423,2025-04-26 10:00:00+00:00,1114.8,1117.0,1111.0,1115.6,13804.0,present
2424,2025-04-26 12:00:00+00:00,1115.4,1116.8,1104.8,1104.8,27210.0,present
2425,2025-04-26 14:00:00+00:00,1104.8,1108.0,1099.8,1105.4,64303.0,present
2426,2025-04-26 16:00:00+00:00,1105.0,1108.25,1100.55,1105.575,57255.125,interpolated
2427,2025-04-26 18:00:00+00:00,1105.2,1108.5,1101.3,1105.75,50207.25,interpolated
2428,2025-04-26 20:00:00+00:00,1105.4,1108.75,1102.05,1105.925,43159.375,interpolated
2429,2025-04-26 22:00:00+00:00,1105.6,1109.0,1102.8,1106.1,36111.5,interpolated
2430,2025-04-27 00:00:00+00:00,1105.8,1109.25,1103.55,1106.275,29063.625,interpolated
2431,2025-04-27 02:00:00+00:00,1106.0,1109.5,1104.3,1106.45,22015.75,interpolated
2432,2025-04-27 04:00:00+00:00,1106.2,1109.75,1105.05,1106.625,14967.875,interpolated
2433,2025-04-27 06:00:00+00:00,1106.4,1110.0,1105.8,1106.8,7920.0,present
2434,2025-04-27 08:00:00+00:00,1106.8,1110.0,1106.8,1107.8,7941.0,present
2435,2025-04-27 10:00:00+00:00,1108.4,1109.8,1103.6,1105.0,12572.0,present
2436,2025-04-27 12:00:00+00:00,1105.0,1106.0,1102.4,1103.8,10814.0,present
2437,2025-04-27 14:00:00+00:00,1103.0,1109.4,1102.8,1107.0,10288.0,present
2438,2025-04-27 16:00:00+00:00,1103.8333333333333,1109.1666666666667,1103.6666666666665,1107.1666666666667,8586.666666666666,interpolated
2439,2025-04-27 18:00:00+00:00,1104.6666666666667,1108.9333333333334,1104.5333333333333,1107.3333333333333,6885.333333333334,interpolated
2440,2025-04-27 20:00:00+00:00,1105.5,1108.7,1105.4,1107.5,5184.0,interpolated
2441,2025-04-27 22:00:00+00:00,1106.3333333333333,1108.4666666666667,1106.2666666666667,1107.6666666666667,3482.666666666667,interpolated
2442,2025-04-28 00:00:00+00:00,1107.1666666666667,1108.2333333333333,1107.1333333333332,1107.8333333333333,1781.333333333334,interpolated
2443,2025-04-28 02:00:00+00:00,1108.0,1108.0,1108.0,1108.0,80.0,present
2444,2025-04-28 04:00:00+00:00,1109.0,1111.4,1092.0,1094.8,71493.0,present
2445,2025-04-28 06:00:00+00:00,1094.8,1095.8,1080.2,1086.2,335158.0,present
2446,2025-04-28 08:00:00+00:00,1086.2,1090.4,1082.0,1082.0,296926.0,present
2447,2025-04-28 10:00:00+00:00,1082.0,1108.2,1078.0,1099.4,654952.0,present
2448,2025-04-28 12:00:00+00:00,1099.8,1102.2,1082.2,1082.4,261944.0,present
2449,2025-04-28 14:00:00+00:00,1082.6,1087.8,1080.0,1082.8,227549.0,present
2450,2025-04-28 16:00:00+00:00,1084.8,1084.8,1074.4,1078.0,111080.0,present
2451,2025-04-28 18:00:00+00:00,1078.0,1078.8,1070.0,1073.0,88121.0,present
2452,2025-04-28 20:00:00+00:00,1073.6,1082.8,1073.0,1081.2,49280.0,present
2453,2025-04-28 22:00:00+00:00,1074.0666666666666,1080.2,1073.6666666666667,1079.1333333333334,33692.333333333336,interpolated
2454,2025-04-29 00:00:00+00:00,1074.5333333333333,1077.6,1074.3333333333333,1077.0666666666666,18104.666666666668,interpolated
2455,2025-04-29 02:00:00+00:00,1075.0,1075.0,1075.0,1075.0,2517.0,present
2456,2025-04-29 04:00:00+00:00,1079.0,1082.2,1070.4,1070.4,48906.0,present
2457,2025-04-29 06:00:00+00:00,1071.0,1076.6,1064.8,1066.6,139392.0,present
2458,2025-04-29 08:00:00+00:00,1066.2,1067.4,1047.0,1051.4,429944.0,present
2459,2025-04-29 10:00:00+00:00,1051.2,1054.6,1048.0,1050.0,194732.0,present
2460,2025-04-29 12:00:00+00:00,1050.0,1058.0,1049.0,1051.6,134204.0,present
2461,2025-04-29 12:00:00+00:00,1050.0,1058.0,1049.0,1051.6,134204.0,present
2462,2025-04-29 14:00:00+00:00,1051.8,1055.2,1040.0,1040.0,265193.0,present
2463,2025-04-29 16:00:00+00:00,1040.2,1043.8,1025.4,1031.8,274463.0,present
2464,2025-04-29 18:00:00+00:00,1032.8,1035.2,1028.4,1032.6,77673.0,present
2465,2025-04-29 20:00:00+00:00,1032.8,1034.6,1030.6,1033.6,24402.0,present
2466,2025-04-29 22:00:00+00:00,1032.3333333333333,1033.5333333333333,1030.8666666666666,1032.8666666666666,16435.333333333332,interpolated
2467,2025-04-30 00:00:00+00:00,1031.8666666666668,1032.4666666666667,1031.1333333333334,1032.1333333333334,8468.666666666666,interpolated
2468,2025-04-30 02:00:00+00:00,1031.4,1031.4,1031.4,1031.4,502.0,present
2469,2025-04-30 04:00:00+00:00,1033.0,1038.0,1012.8,1027.4,149120.0,present
2470,2025-04-30 06:00:00+00:00,1027.4,1038.6,1024.4,1034.2,216546.0,present
2471,2025-04-30 08:00:00+00:00,1034.2,1044.6,1028.2,1043.2,280265.0,present
2472,2025-04-30 10:00:00+00:00,1043.0,1061.0,1042.8,1057.4,668153.0,present
2473,2025-04-30 12:00:00+00:00,1057.6,1060.8,1041.2,1043.2,429412.0,present
2474,2025-04-30 14:00:00+00:00,1043.6,1052.0,1042.8,1051.4,152040.0,present
2475,2025-04-30 16:00:00+00:00,1049.4,1049.4,1037.2,1045.2,121904.0,present
2476,2025-04-30 18:00:00+00:00,1045.0,1059.8,1044.4,1056.2,151739.0,present
2477,2025-04-30 20:00:00+00:00,1055.6,1056.6,1053.6,1054.0,33573.0,present
2478,2025-04-30 22:00:00+00:00,1055.4933333333333,1056.4266666666665,1053.6266666666666,1054.0,31458.4,interpolated
2479,2025-05-01 00:00:00+00:00,1055.3866666666665,1056.2533333333333,1053.6533333333332,1054.0,29343.8,interpolated
2480,2025-05-01 02:00:00+00:00,1055.28,1056.08,1053.6799999999998,1054.0,27229.2,interpolated
2481,2025-05-01 04:00:00+00:00,1055.1733333333332,1055.9066666666665,1053.7066666666667,1054.0,25114.6,interpolated
2482,2025-05-01 06:00:00+00:00,1055.0666666666666,1055.7333333333333,1053.7333333333333,1054.0,23000.0,interpolated
2483,2025-05-01 08:00:00+00:00,1054.96,1055.56,1053.76,1054.0,20885.4,interpolated
2484,2025-05-01 10:00:00+00:00,1054.8533333333332,1055.3866666666665,1053.7866666666666,1054.0,18770.8,interpolated
2485,2025-05-01 12:00:00+00:00,1054.7466666666667,1055.2133333333334,1053.8133333333333,1054.0,16656.2,interpolated
2486,2025-05-01 14:00:00+00:00,1054.6399999999999,1055.04,1053.84,1054.0,14541.599999999999,interpolated
2487,2025-05-01 16:00:00+00:00,1054.5333333333333,1054.8666666666666,1053.8666666666666,1054.0,12427.0,interpolated
2488,2025-05-01 18:00:00+00:00,1054.4266666666667,1054.6933333333334,1053.8933333333332,1054.0,10312.399999999998,interpolated
2489,2025-05-01 20:00:00+00:00,1054.32,1054.52,1053.92,1054.0,8197.8,interpolated
2490,2025-05-01 22:00:00+00:00,1054.2133333333334,1054.3466666666666,1053.9466666666667,1054.0,6083.200000000001,interpolated
2491,2025-05-02 00:00:00+00:00,1054.1066666666666,1054.1733333333334,1053.9733333333334,1054.0,3968.5999999999985,interpolated
2492,2025-05-02 02:00:00+00:00,1054.0,1054.0,1054.0,1054.0,1854.0,present
2493,2025-05-02 04:00:00+00:00,1054.0,1054.0,1038.0,1039.8,64243.0,present
2494,2025-05-02 06:00:00+00:00,1039.8,1039.8,1030.2,1031.0,141571.0,present
2495,2025-05-02 08:00:00+00:00,1031.2,1036.4,1026.4,1029.8,101878.0,present
2496,2025-05-02 10:00:00+00:00,1029.4,1038.0,1028.0,1035.8,62886.0,present
2497,2025-05-02 12:00:00+00:00,1036.4,1037.8,1020.0,1024.4,124240.0,present
2498,2025-05-02 14:00:00+00:00,1024.4,1024.4,1013.0,1013.0,98751.0,present
2499,2025-05-02 16:00:00+00:00,1012.8,1018.2,1011.2,1016.0,51637.0,present
2500,2025-05-02 18:00:00+00:00,1016.0,1021.8,1015.2,1016.6,38985.0,present
2501,2025-05-02 20:00:00+00:00,1016.8,1018.0,1012.4,1016.0,28794.0,present
2502,2025-05-02 22:00:00+00:00,1017.8,1019.88,1012.64,1016.88,26454.2,interpolated
2503,2025-05-03 00:00:00+00:00,1018.8,1021.76,1012.88,1017.76,24114.4,interpolated
2504,2025-05-03 02:00:00+00:00,1019.8,1023.6400000000001,1013.12,1018.64,21774.6,interpolated
2505,2025-05-03 04:00:00+00:00,1020.8,1025.52,1013.36,1019.52,19434.8,interpolated
2506,2025-05-03 06:00:00+00:00,1021.8,1027.4,1013.6,1020.4,17095.0,present
2507,2025-05-03 08:00:00+00:00,1020.4,1023.2,1018.6,1022.4,8635.0,present
2508,2025-05-03 10:00:00+00:00,1022.0,1023.6,1019.2,1022.6,6628.0,present
2509,2025-05-03 12:00:00+00:00,1022.6,1024.0,1015.0,1016.8,16290.0,present
2510,2025-05-03 14:00:00+00:00,1016.8,1020.4,1015.4,1017.0,5071.0,present
2511,2025-05-03 16:00:00+00:00,1016.8249999999999,1020.775,1015.6,1017.525,5724.5,interpolated
2512,2025-05-03 18:00:00+00:00,1016.8499999999999,1021.15,1015.8,1018.05,6378.0,interpolated
2513,2025-05-03 20:00:00+00:00,1016.875,1021.525,1016.0,1018.575,7031.5,interpolated
2514,2025-05-03 22:00:00+00:00,1016.9,1021.9,1016.2,1019.1,7685.0,interpolated
2515,2025-05-04 00:00:00+00:00,1016.925,1022.275,1016.4,1019.625,8338.5,interpolated
2516,2025-05-04 02:00:00+00:00,1016.95,1022.65,1016.6,1020.15,8992.0,interpolated
2517,2025-05-04 04:00:00+00:00,1016.975,1023.025,1016.8,1020.6750000000001,9645.5,interpolated
2518,2025-05-04 06:00:00+00:00,1017.0,1023.4,1017.0,1021.2,10299.0,present
2519,2025-05-04 08:00:00+00:00,1021.0,1026.0,1020.8,1024.0,12836.0,present
2520,2025-05-04 10:00:00+00:00,1023.2,1025.8,1022.2,1024.8,6078.0,present
2521,2025-05-04 12:00:00+00:00,1024.8,1025.2,1020.6,1022.0,7032.0,present
2522,2025-05-04 14:00:00+00:00,1022.0,1025.0,1021.0,1025.0,8912.0,present
2523,2025-05-04 16:00:00+00:00,1022.4333333333333,1024.9333333333334,1021.6,1024.9333333333334,7534.5,interpolated
2524,2025-05-04 18:00:00+00:00,1022.8666666666667,1024.8666666666666,1022.1999999999999,1024.8666666666666,6157.0,interpolated
2525,2025-05-04 20:00:00+00:00,1023.3,1024.8,1022.8,1024.8,4779.5,interpolated
2526,2025-05-04 22:00:00+00:00,1023.7333333333332,1024.7333333333333,1023.4,1024.7333333333333,3402.0,interpolated
2527,2025-05-05 00:00:00+00:00,1024.1666666666665,1024.6666666666665,1023.9999999999999,1024.6666666666665,2024.5,interpolated
2528,2025-05-05 02:00:00+00:00,1024.6,1024.6,1024.6,1024.6,647.0,present
2529,2025-05-05 04:00:00+00:00,1024.6,1027.6,1011.0,1012.6,61354.0,present
2530,2025-05-05 06:00:00+00:00,1012.8,1020.0,1006.8,1007.0,199952.0,present
2531,2025-05-05 08:00:00+00:00,1006.8,1012.8,1001.8,1008.0,190662.0,present
2532,2025-05-05 10:00:00+00:00,1008.0,1011.6,994.8,999.4,205809.0,present
2533,2025-05-05 12:00:00+00:00,999.2,1003.8,994.0,995.2,129285.0,present
2534,2025-05-05 14:00:00+00:00,987.0,998.7,983.3,994.2,208932.5,interpolated
2535,2025-05-05 16:00:00+00:00,974.8,993.6,972.6,993.2,288580.0,present
2536,2025-05-05 18:00:00+00:00,993.2,994.4,988.0,993.0,51450.0,present
2537,2025-05-05 20:00:00+00:00,993.0,993.2,988.4,992.8,22337.0,present
2538,2025-05-05 22:00:00+00:00,992.9333333333333,993.0666666666667,989.8666666666667,992.8,14923.666666666668,interpolated
2539,2025-05-06 00:00:00+00:00,992.8666666666667,992.9333333333333,991.3333333333333,992.8,7510.333333333334,interpolated
2540,2025-05-06 02:00:00+00:00,992.8,992.8,992.8,992.8,97.0,present
2541,2025-05-06 04:00:00+00:00,994.0,998.8,989.0,989.4,68616.0,present
2542,2025-05-06 06:00:00+00:00,989.2,1005.2,978.2,999.0,266261.0,present
2543,2025-05-06 08:00:00+00:00,999.4,1009.4,994.4,996.0,205331.0,present
2544,2025-05-06 10:00:00+00:00,995.8,996.0,985.4,991.8,152416.0,present
2545,2025-05-06 12:00:00+00:00,991.8,1018.0,991.6,1007.8,382446.0,present
2546,2025-05-06 12:00:00+00:00,991.8,1018.0,991.6,1007.8,382446.0,present
2547,2025-05-06 14:00:00+00:00,1008.4,1016.6,1005.8,1015.4,124150.0,present
2548,2025-05-06 16:00:00+00:00,1015.4,1019.8,1012.0,1018.6,94420.0,present
2549,2025-05-06 18:00:00+00:00,1019.0,1021.8,1016.4,1017.0,73347.0,present
2550,2025-05-06 20:00:00+00:00,1017.2,1018.0,1007.2,1007.8,38120.0,present
2551,2025-05-06 22:00:00+00:00,1014.0666666666667,1014.6,1007.4,1007.8,25577.333333333336,interpolated
2552,2025-05-07 00:00:00+00:00,1010.9333333333333,1011.1999999999999,1007.6,1007.8,13034.666666666668,interpolated
2553,2025-05-07 02:00:00+00:00,1007.8,1007.8,1007.8,1007.8,492.0,present
2554,2025-05-07 04:00:00+00:00,1007.0,1016.8,1007.0,1009.6,40704.0,present
2555,2025-05-07 06:00:00+00:00,1009.6,1011.0,996.2,1007.6,203169.0,present
2556,2025-05-07 08:00:00+00:00,1007.8,1015.2,1005.8,1012.2,102331.0,present
2557,2025-05-07 10:00:00+00:00,1012.0,1014.6,1006.2,1014.6,102581.0,present
2558,2025-05-07 12:00:00+00:00,1014.6,1015.0,1008.0,1008.4,92126.0,present
2559,2025-05-07 14:00:00+00:00,1008.4,1018.4,1007.0,1016.0,91334.0,present
2560,2025-05-07 16:00:00+00:00,1018.0,1021.0,1014.2,1014.2,56986.0,present
2561,2025-05-07 18:00:00+00:00,1014.2,1015.0,1010.0,1012.2,13150.0,present
2562,2025-05-07 20:00:00+00:00,1012.2,1014.0,1010.0,1013.0,13919.0,present
2563,2025-05-07 22:00:00+00:00,1013.9333333333334,1015.1333333333333,1012.4666666666667,1014.4666666666667,9362.0,interpolated
2564,2025-05-08 00:00:00+00:00,1015.6666666666666,1016.2666666666667,1014.9333333333333,1015.9333333333333,4805.0,interpolated
2565,2025-05-08 02:00:00+00:00,1017.4,1017.4,1017.4,1017.4,248.0,present
2566,2025-05-08 04:00:00+00:00,1014.0,1035.2,1014.0,1028.4,113907.0,present
2567,2025-05-08 06:00:00+00:00,1028.0,1032.6,1023.0,1027.6,86498.0,present
2568,2025-05-08 08:00:00+00:00,1027.8,1031.8,1026.4,1028.2,55783.0,present
2569,2025-05-08 10:00:00+00:00,1028.0,1028.6,1017.4,1018.8,51183.0,present
2570,2025-05-08 12:00:00+00:00,1017.8,1021.4,1012.6,1016.2,70457.0,present
2571,2025-05-08 14:00:00+00:00,1016.8,1020.6,1015.0,1016.6,14781.0,present
2572,2025-05-08 16:00:00+00:00,1016.6,1017.6,1012.4,1016.6,25710.0,present
2573,2025-05-08 18:00:00+00:00,1016.6,1016.8,1013.0,1013.8,11357.0,present
2574,2025-05-08 20:00:00+00:00,1014.0,1018.0,1013.6,1015.0,15100.0,present
2575,2025-05-08 22:00:00+00:00,1014.0705882352942,1018.2588235294118,1013.6235294117647,1015.2705882352941,14702.823529411764,interpolated
2576,2025-05-09 00:00:00+00:00,1014.1411764705882,1018.5176470588235,1013.6470588235294,1015.5411764705882,14305.64705882353,interpolated
2577,2025-05-09 02:00:00+00:00,1014.2117647058824,1018.7764705882353,1013.6705882352942,1015.8117647058824,13908.470588235294,interpolated
2578,2025-05-09 04:00:00+00:00,1014.2823529411764,1019.035294117647,1013.6941176470589,1016.0823529411765,13511.29411764706,interpolated
2579,2025-05-09 06:00:00+00:00,1014.3529411764706,1019.2941176470588,1013.7176470588236,1016.3529411764706,13114.117647058823,interpolated
2580,2025-05-09 08:00:00+00:00,1014.4235294117648,1019.5529411764705,1013.7411764705882,1016.6235294117647,12716.941176470587,interpolated
2581,2025-05-09 10:00:00+00:00,1014.4941176470588,1019.8117647058823,1013.7647058823529,1016.8941176470588,12319.764705882353,interpolated
2582,2025-05-09 12:00:00+00:00,1014.564705882353,1020.070588235294,1013.7882352941176,1017.1647058823529,11922.588235294117,interpolated
2583,2025-05-09 14:00:00+00:00,1014.635294117647,1020.3294117647059,1013.8117647058824,1017.4352941176471,11525.411764705883,interpolated
2584,2025-05-09 16:00:00+00:00,1014.7058823529412,1020.5882352941177,1013.8352941176471,1017.7058823529412,11128.235294117647,interpolated
2585,2025-05-09 18:00:00+00:00,1014.7764705882353,1020.8470588235294,1013.8588235294118,1017.9764705882353,10731.058823529413,interpolated
2586,2025-05-09 20:00:00+00:00,1014.8470588235294,1021.1058823529412,1013.8823529411765,1018.2470588235294,10333.882352941177,interpolated
2587,2025-05-09 22:00:00+00:00,1014.9176470588236,1021.364705882353,1013.9058823529411,1018.5176470588235,9936.70588235294,interpolated
2588,2025-05-10 00:00:00+00:00,1014.9882352941177,1021.6235294117647,1013.9294117647058,1018.7882352941176,9539.529411764706,interpolated
2589,2025-05-10 02:00:00+00:00,1015.0588235294118,1021.8823529411765,1013.9529411764706,1019.0588235294118,9142.35294117647,interpolated
2590,2025-05-10 04:00:00+00:00,1015.1294117647059,1022.1411764705882,1013.9764705882353,1019.3294117647059,8745.176470588234,interpolated
2591,2025-05-10 06:00:00+00:00,1015.2,1022.4,1014.0,1019.6,8348.0,present
2592,2025-05-10 08:00:00+00:00,1019.6,1019.6,1015.4,1017.6,5034.0,present
2593,2025-05-10 10:00:00+00:00,1018.2,1019.6,1016.4,1018.2,4398.0,present
2594,2025-05-10 12:00:00+00:00,1017.4,1019.6,1017.0,1019.0,2926.0,present
2595,2025-05-10 14:00:00+00:00,1019.2,1026.2,1019.0,1021.0,20263.0,present
2596,2025-05-10 16:00:00+00:00,1020.6750000000001,1028.15,1020.5,1023.35,24419.625,interpolated
2597,2025-05-10 18:00:00+00:00,1022.1500000000001,1030.1,1022.0,1025.7,28576.25,interpolated
2598,2025-05-10 20:00:00+00:00,1023.625,1032.05,1023.5,1028.05,32732.875,interpolated
2599,2025-05-10 22:00:00+00:00,1025.1,1034.0,1025.0,1030.4,36889.5,interpolated
2600,2025-05-11 00:00:00+00:00,1026.575,1035.95,1026.5,1032.75,41046.125,interpolated
2601,2025-05-11 02:00:00+00:00,1028.05,1037.9,1028.0,1035.1,45202.75,interpolated
2602,2025-05-11 04:00:00+00:00,1029.525,1039.85,1029.5,1037.45,49359.375,interpolated
2603,2025-05-11 06:00:00+00:00,1031.0,1041.8,1031.0,1039.8,53516.0,present
2604,2025-05-11 08:00:00+00:00,1039.8,1041.4,1031.0,1034.0,43872.0,present
2605,2025-05-11 10:00:00+00:00,1034.6,1034.8,1032.0,1033.4,8449.0,present
2606,2025-05-11 12:00:00+00:00,1033.0,1033.8,1027.0,1030.6,26095.0,present
2607,2025-05-11 14:00:00+00:00,1030.0,1033.8,1028.0,1033.2,20594.0,present
2608,2025-05-11 16:00:00+00:00,1031.6666666666667,1034.8333333333333,1030.0,1034.3333333333335,17518.0,interpolated
2609,2025-05-11 18:00:00+00:00,1033.3333333333333,1035.8666666666666,1032.0,1035.4666666666667,14442.0,interpolated
2610,2025-05-11 20:00:00+00:00,1035.0,1036.9,1034.0,1036.6,11366.0,interpolated
2611,2025-05-11 22:00:00+00:00,1036.6666666666667,1037.9333333333334,1036.0,1037.7333333333333,8290.0,interpolated
2612,2025-05-12 00:00:00+00:00,1038.3333333333333,1038.9666666666667,1038.0,1038.8666666666668,5214.0,interpolated
2613,2025-05-12 02:00:00+00:00,1040.0,1040.0,1040.0,1040.0,2138.0,present
2614,2025-05-12 04:00:00+00:00,1040.4,1048.2,1038.2,1042.0,92684.0,present
2615,2025-05-12 06:00:00+00:00,1042.2,1053.2,1041.6,1052.0,117824.0,present
2616,2025-05-12 08:00:00+00:00,1052.0,1053.8,1043.8,1046.0,117156.0,present
2617,2025-05-12 10:00:00+00:00,1045.8,1049.0,1040.0,1045.8,76864.0,present
2618,2025-05-12 12:00:00+00:00,1045.8,1049.2,1039.6,1041.8,99244.0,present
2619,2025-05-12 14:00:00+00:00,1042.0,1050.6,1040.0,1050.0,94554.0,present
2620,2025-05-12 16:00:00+00:00,1049.2,1050.6,1048.0,1049.4,29425.0,present
2621,2025-05-12 18:00:00+00:00,1049.4,1049.6,1046.0,1046.4,21087.0,present
2622,2025-05-12 20:00:00+00:00,1046.4,1049.0,1046.4,1047.6,5567.0,present
2623,2025-05-12 22:00:00+00:00,1047.1333333333334,1048.8666666666666,1047.1333333333334,1047.9333333333332,3825.0,interpolated
2624,2025-05-13 00:00:00+00:00,1047.8666666666666,1048.7333333333333,1047.8666666666666,1048.2666666666667,2083.0,interpolated
2625,2025-05-13 02:00:00+00:00,1048.6,1048.6,1048.6,1048.6,341.0,present
2626,2025-05-13 04:00:00+00:00,1048.0,1053.8,1044.4,1051.0,45064.0,present
2627,2025-05-13 06:00:00+00:00,1051.0,1053.6,1046.0,1049.0,49962.0,present
2628,2025-05-13 08:00:00+00:00,1048.8,1052.0,1042.0,1049.2,94319.0,present
2629,2025-05-13 10:00:00+00:00,1049.2,1050.0,1044.2,1045.0,46088.0,present
2630,2025-05-13 12:00:00+00:00,1045.0,1056.6,1044.4,1053.0,140701.0,present
2631,2025-05-13 12:00:00+00:00,1045.0,1056.6,1044.4,1053.0,140701.0,present
2632,2025-05-13 14:00:00+00:00,1053.0,1053.4,1048.0,1053.0,58284.0,present
2633,2025-05-13 16:00:00+00:00,1051.8,1053.4,1044.4,1045.2,39475.0,present
2634,2025-05-13 18:00:00+00:00,1045.2,1047.2,1043.4,1046.6,15797.0,present
2635,2025-05-13 20:00:00+00:00,1046.6,1047.2,1046.0,1046.6,5141.0,present
2636,2025-05-13 22:00:00+00:00,1046.3999999999999,1046.8,1046.0,1046.3999999999999,3497.333333333333,interpolated
2637,2025-05-14 00:00:00+00:00,1046.2,1046.4,1046.0,1046.2,1853.6666666666665,interpolated
2638,2025-05-14 02:00:00+00:00,1046.0,1046.0,1046.0,1046.0,210.0,present
2639,2025-05-14 04:00:00+00:00,1046.2,1047.8,1042.4,1044.0,41577.0,present
2640,2025-05-14 06:00:00+00:00,1044.6,1047.6,1040.2,1045.2,54703.0,present
2641,2025-05-14 08:00:00+00:00,1045.2,1050.8,1037.4,1040.8,133982.0,present
2642,2025-05-14 10:00:00+00:00,1041.0,1044.8,1039.6,1044.0,53948.0,present
2643,2025-05-14 12:00:00+00:00,1044.0,1049.8,1043.0,1046.4,79321.0,present
2644,2025-05-14 14:00:00+00:00,1046.6,1050.6,1043.2,1046.8,62293.0,present
2645,2025-05-14 16:00:00+00:00,1046.2,1047.0,1043.6,1044.6,15998.0,present
2646,2025-05-14 18:00:00+00:00,1044.6,1045.0,1037.6,1040.2,31898.0,present
2647,2025-05-14 20:00:00+00:00,1039.0,1043.0,1028.0,1029.0,64147.0,present
2648,2025-05-14 22:00:00+00:00,1035.7333333333333,1038.4,1028.4,1029.0666666666666,43103.33333333333,interpolated
2649,2025-05-15 00:00:00+00:00,1032.4666666666667,1033.8,1028.8,1029.1333333333334,22059.666666666664,interpolated
2650,2025-05-15 02:00:00+00:00,1029.2,1029.2,1029.2,1029.2,1016.0,present
2651,2025-05-15 04:00:00+00:00,1029.2,1035.6,1027.0,1032.8,32918.0,present
2652,2025-05-15 06:00:00+00:00,1033.2,1035.2,1020.6,1024.2,84776.0,present
2653,2025-05-15 08:00:00+00:00,1024.2,1025.4,1010.2,1018.4,188921.0,present
2654,2025-05-15 10:00:00+00:00,1018.4,1033.0,1014.6,1030.6,149599.0,present
2655,2025-05-15 12:00:00+00:00,1030.4,1035.2,1020.6,1030.4,77348.0,present
2656,2025-05-15 14:00:00+00:00,1030.4,1032.6,1025.0,1025.0,60724.0,present
2657,2025-05-15 16:00:00+00:00,1025.2,1030.0,1021.6,1029.2,33497.0,present
2658,2025-05-15 18:00:00+00:00,1029.2,1029.8,1026.4,1027.0,5018.0,present
2659,2025-05-15 20:00:00+00:00,1027.0,1031.4,1026.4,1031.2,7153.0,present
2660,2025-05-15 22:00:00+00:00,1028.6,1031.5333333333333,1028.2,1031.4,4811.333333333334,interpolated
2661,2025-05-16 00:00:00+00:00,1030.2,1031.6666666666667,1030.0,1031.6,2469.666666666667,interpolated
2662,2025-05-16 02:00:00+00:00,1031.8,1031.8,1031.8,1031.8,128.0,present
2663,2025-05-16 04:00:00+00:00,1032.0,1037.8,1028.8,1031.2,15013.0,present
2664,2025-05-16 06:00:00+00:00,1031.0,1031.0,1024.0,1025.2,32713.0,present
2665,2025-05-16 08:00:00+00:00,1025.2,1029.0,1024.6,1027.2,30938.0,present
2666,2025-05-16 10:00:00+00:00,1027.2,1027.8,1015.8,1022.6,63443.0,present
2667,2025-05-16 12:00:00+00:00,1022.6,1039.0,1008.0,1028.6,211642.0,present
2668,2025-05-16 14:00:00+00:00,1028.4,1033.2,1018.8,1018.8,88418.0,present
2669,2025-05-16 16:00:00+00:00,1018.8,1021.6,1017.4,1019.0,24874.0,present
2670,2025-05-16 18:00:00+00:00,1018.8,1025.2,1017.4,1025.2,26228.0,present
2671,2025-05-16 20:00:00+00:00,1025.4,1028.0,1024.2,1027.2,11122.0,present
2672,2025-05-16 22:00:00+00:00,1026.52,1029.16,1024.8,1027.88,10432.6,interpolated
2673,2025-05-17 00:00:00+00:00,1027.64,1030.32,1025.4,1028.56,9743.2,interpolated
2674,2025-05-17 02:00:00+00:00,1028.76,1031.48,1026.0,1029.24,9053.8,interpolated
2675,2025-05-17 04:00:00+00:00,1029.88,1032.6399999999999,1026.6000000000001,1029.9199999999998,8364.4,interpolated
2676,2025-05-17 06:00:00+00:00,1031.0,1033.8,1027.2,1030.6,7675.0,present
2677,2025-05-17 08:00:00+00:00,1030.8,1033.6,1028.2,1029.8,15277.0,present
2678,2025-05-17 10:00:00+00:00,1029.6,1031.8,1028.8,1030.4,4745.0,present
2679,2025-05-17 12:00:00+00:00,1030.6,1031.8,1030.0,1030.6,2822.0,present
2680,2025-05-17 14:00:00+00:00,1030.2,1040.0,1028.4,1039.0,32827.0,present
2681,2025-05-17 16:00:00+00:00,1031.8,1040.625,1029.525,1039.45,33258.5,interpolated
2682,2025-05-17 18:00:00+00:00,1033.4,1041.25,1030.65,1039.9,33690.0,interpolated
2683,2025-05-17 20:00:00+00:00,1035.0,1041.875,1031.775,1040.35,34121.5,interpolated
2684,2025-05-17 22:00:00+00:00,1036.6,1042.5,1032.9,1040.8,34553.0,interpolated
2685,2025-05-18 00:00:00+00:00,1038.2,1043.125,1034.025,1041.25,34984.5,interpolated
2686,2025-05-18 02:00:00+00:00,1039.8,1043.75,1035.15,1041.6999999999998,35416.0,interpolated
2687,2025-05-18 04:00:00+00:00,1041.4,1044.375,1036.275,1042.1499999999999,35847.5,interpolated
2688,2025-05-18 06:00:00+00:00,1043.0,1045.0,1037.4,1042.6,36279.0,present
2689,2025-05-18 08:00:00+00:00,1042.8,1045.6,1042.0,1045.6,12416.0,present
2690,2025-05-18 10:00:00+00:00,1045.6,1045.8,1040.2,1043.0,9110.0,present
2691,2025-05-18 12:00:00+00:00,1043.2,1045.0,1042.4,1045.0,9428.0,present
2692,2025-05-18 14:00:00+00:00,1045.0,1046.0,1042.8,1044.8,12983.0,present
2693,2025-05-18 16:00:00+00:00,1045.2666666666667,1046.1,1043.4333333333334,1045.1,10880.166666666666,interpolated
2694,2025-05-18 18:00:00+00:00,1045.5333333333333,1046.2,1044.0666666666666,1045.3999999999999,8777.333333333332,interpolated
2695,2025-05-18 20:00:00+00:00,1045.8,1046.3,1044.6999999999998,1045.6999999999998,6674.5,interpolated
2696,2025-05-18 22:00:00+00:00,1046.0666666666666,1046.3999999999999,1045.3333333333333,1046.0,4571.666666666666,interpolated
2697,2025-05-19 00:00:00+00:00,1046.3333333333333,1046.5,1045.9666666666667,1046.3,2468.833333333334,interpolated
2698,2025-05-19 02:00:00+00:00,1046.6,1046.6,1046.6,1046.6,366.0,present
2699,2025-05-19 04:00:00+00:00,1046.6,1047.2,1039.2,1039.6,27711.0,present
2700,2025-05-19 06:00:00+00:00,1039.2,1043.0,1034.4,1037.8,55554.0,present
2701,2025-05-19 08:00:00+00:00,1038.0,1047.6,1036.6,1038.4,85308.0,present
2702,2025-05-19 10:00:00+00:00,1038.6,1043.8,1037.4,1041.0,45582.0,present
2703,2025-05-19 12:00:00+00:00,1041.8,1043.2,1031.6,1032.0,61932.0,present
2704,2025-05-19 14:00:00+00:00,1032.0,1033.4,1024.4,1029.0,98094.0,present
2705,2025-05-19 16:00:00+00:00,1029.0,1041.4,1026.2,1027.2,113405.0,present
2706,2025-05-19 18:00:00+00:00,1027.0,1030.0,1021.0,1022.2,34598.0,present
2707,2025-05-19 20:00:00+00:00,1022.0,1025.6,1021.2,1025.4,11269.0,present
2708,2025-05-19 22:00:00+00:00,1023.6666666666666,1026.0666666666666,1023.1333333333333,1025.9333333333334,7547.333333333334,interpolated
2709,2025-05-20 00:00:00+00:00,1025.3333333333333,1026.5333333333333,1025.0666666666666,1026.4666666666667,3825.666666666667,interpolated
2710,2025-05-20 02:00:00+00:00,1027.0,1027.0,1027.0,1027.0,104.0,present
2711,2025-05-20 04:00:00+00:00,1025.4,1028.0,1023.4,1026.8,9907.0,present
2712,2025-05-20 06:00:00+00:00,1026.6,1026.6,1010.2,1010.6,97373.0,present
2713,2025-05-20 08:00:00+00:00,1010.6,1015.2,1004.0,1012.4,199342.0,present
2714,2025-05-20 10:00:00+00:00,1012.6,1013.6,1007.2,1010.4,61345.0,present
2715,2025-05-20 12:00:00+00:00,1010.0,1011.4,1006.8,1010.0,42384.0,present
2716,2025-05-20 12:00:00+00:00,1010.0,1011.4,1006.8,1010.0,42384.0,present
2717,2025-05-20 14:00:00+00:00,1009.8,1012.2,1002.4,1002.4,124336.0,present
2718,2025-05-20 16:00:00+00:00,1002.4,1007.0,1000.4,1006.4,86901.0,present
2719,2025-05-20 18:00:00+00:00,1006.2,1006.6,1004.6,1005.0,5666.0,present
2720,2025-05-20 20:00:00+00:00,1005.6,1009.0,1005.6,1008.2,7890.0,present
2721,2025-05-20 22:00:00+00:00,1006.4666666666667,1008.7333333333333,1006.4666666666667,1008.2,5262.666666666667,interpolated
2722,2025-05-21 00:00:00+00:00,1007.3333333333334,1008.4666666666667,1007.3333333333334,1008.2,2635.333333333334,interpolated
2723,2025-05-21 02:00:00+00:00,1008.2,1008.2,1008.2,1008.2,8.0,present
2724,2025-05-21 04:00:00+00:00,1008.2,1010.0,1004.6,1004.8,12541.0,present
2725,2025-05-21 06:00:00+00:00,1004.8,1009.8,1000.0,1003.8,92854.0,present
2726,2025-05-21 08:00:00+00:00,1003.8,1007.8,1000.6,1003.0,50560.0,present
2727,2025-05-21 10:00:00+00:00,1003.0,1007.6,1001.6,1005.8,65111.0,present
2728,2025-05-21 12:00:00+00:00,1005.6,1012.6,1005.2,1009.2,88324.0,present
2729,2025-05-21 14:00:00+00:00,1009.0,1009.2,998.0,999.0,91715.0,present
2730,2025-05-21 16:00:00+00:00,1000.2,1002.6,996.4,998.4,55309.0,present
2731,2025-05-21 18:00:00+00:00,998.2,1002.4,993.0,998.2,57250.0,present
2732,2025-05-21 20:00:00+00:00,998.2,1002.6,998.0,1002.6,16605.0,present
2733,2025-05-21 22:00:00+00:00,999.6666666666667,1002.6,999.5333333333333,1002.6,11114.0,interpolated
2734,2025-05-22 00:00:00+00:00,1001.1333333333333,1002.6,1001.0666666666667,1002.6,5623.0,interpolated
2735,2025-05-22 02:00:00+00:00,1002.6,1002.6,1002.6,1002.6,132.0,present
2736,2025-05-22 04:00:00+00:00,1002.4,1004.6,995.2,999.0,31047.0,present
2737,2025-05-22 06:00:00+00:00,999.0,999.0,984.6,986.2,157262.0,present
2738,2025-05-22 08:00:00+00:00,986.2,995.4,982.2,989.6,152454.0,present
2739,2025-05-22 10:00:00+00:00,990.0,997.2,988.4,990.8,51766.0,present
2740,2025-05-22 12:00:00+00:00,990.8,996.0,987.4,994.2,88450.0,present
2741,2025-05-22 14:00:00+00:00,993.8,1006.4,993.4,1001.6,107660.0,present
2742,2025-05-22 16:00:00+00:00,1002.2,1002.8,988.0,993.0,77490.0,present
2743,2025-05-22 18:00:00+00:00,993.0,994.6,988.8,991.4,29805.0,present
2744,2025-05-22 20:00:00+00:00,991.4,997.0,990.2,996.0,9677.0,present
2745,2025-05-22 22:00:00+00:00,992.9333333333333,996.6666666666666,992.1333333333333,996.0,6464.666666666667,interpolated
2746,2025-05-23 00:00:00+00:00,994.4666666666667,996.3333333333334,994.0666666666667,996.0,3252.333333333334,interpolated
2747,2025-05-23 02:00:00+00:00,996.0,996.0,996.0,996.0,40.0,present
2748,2025-05-23 04:00:00+00:00,996.6,1000.6,991.2,992.2,22922.0,present
2749,2025-05-23 06:00:00+00:00,992.2,996.6,986.0,988.6,60802.0,present
2750,2025-05-23 08:00:00+00:00,988.6,997.2,984.4,992.8,155922.0,present
2751,2025-05-23 10:00:00+00:00,993.0,997.6,987.8,987.8,82647.0,present
2752,2025-05-23 12:00:00+00:00,987.6,988.8,980.0,981.6,184491.0,present
2753,2025-05-23 14:00:00+00:00,982.0,985.2,980.0,980.0,79967.0,present
2754,2025-05-23 16:00:00+00:00,981.2,983.8,980.0,983.0,14432.0,present
2755,2025-05-23 18:00:00+00:00,983.0,985.0,982.0,982.8,17919.0,present
2756,2025-05-23 20:00:00+00:00,982.4,984.2,982.0,982.2,10785.0,present
2757,2025-05-23 22:00:00+00:00,982.3925925925926,984.125925925926,982.0074074074074,982.2,10424.185185185184,interpolated
2758,2025-05-24 00:00:00+00:00,982.3851851851852,984.0518518518519,982.0148148148148,982.2,10063.37037037037,interpolated
2759,2025-05-24 02:00:00+00:00,982.3777777777777,983.9777777777779,982.0222222222222,982.2,9702.555555555555,interpolated
2760,2025-05-24 04:00:00+00:00,982.3703703703703,983.9037037037037,982.0296296296297,982.2,9341.74074074074,interpolated
2761,2025-05-24 06:00:00+00:00,982.3629629629629,983.8296296296297,982.0370370370371,982.2,8980.925925925925,interpolated
2762,2025-05-24 08:00:00+00:00,982.3555555555555,983.7555555555556,982.0444444444445,982.2,8620.111111111111,interpolated
2763,2025-05-24 10:00:00+00:00,982.3481481481482,983.6814814814816,982.0518518518519,982.2,8259.296296296296,interpolated
2764,2025-05-24 12:00:00+00:00,982.3407407407408,983.6074074074074,982.0592592592593,982.2,7898.481481481482,interpolated
2765,2025-05-24 14:00:00+00:00,982.3333333333334,983.5333333333334,982.0666666666667,982.2,7537.666666666666,interpolated
2766,2025-05-24 16:00:00+00:00,982.325925925926,983.4592592592593,982.0740740740741,982.2,7176.851851851852,interpolated
2767,2025-05-24 18:00:00+00:00,982.3185185185185,983.3851851851853,982.0814814814815,982.2,6816.0370370370365,interpolated
2768,2025-05-24 20:00:00+00:00,982.3111111111111,983.3111111111111,982.088888888889,982.2,6455.222222222222,interpolated
2769,2025-05-24 22:00:00+00:00,982.3037037037037,983.2370370370371,982.0962962962964,982.2,6094.407407407407,interpolated
2770,2025-05-25 00:00:00+00:00,982.2962962962963,983.162962962963,982.1037037037037,982.2,5733.592592592592,interpolated
2771,2025-05-25 02:00:00+00:00,982.2888888888889,983.088888888889,982.1111111111111,982.2,5372.777777777777,interpolated
2772,2025-05-25 04:00:00+00:00,982.2814814814815,983.0148148148148,982.1185185185185,982.2,5011.962962962963,interpolated
2773,2025-05-25 06:00:00+00:00,982.2740740740741,982.9407407407408,982.1259259259259,982.2,4651.148148148148,interpolated
2774,2025-05-25 08:00:00+00:00,982.2666666666667,982.8666666666667,982.1333333333333,982.2,4290.333333333333,interpolated
2775,2025-05-25 10:00:00+00:00,982.2592592592592,982.7925925925927,982.1407407407407,982.2,3929.5185185185182,interpolated
2776,2025-05-25 12:00:00+00:00,982.2518518518518,982.7185185185185,982.1481481481482,982.2,3568.7037037037035,interpolated
2777,2025-05-25 14:00:00+00:00,982.2444444444445,982.6444444444445,982.1555555555556,982.2,3207.8888888888887,interpolated
2778,2025-05-25 16:00:00+00:00,982.2370370370371,982.5703703703704,982.162962962963,982.2,2847.074074074074,interpolated
2779,2025-05-25 18:00:00+00:00,982.2296296296297,982.4962962962964,982.1703703703704,982.2,2486.259259259259,interpolated
2780,2025-05-25 20:00:00+00:00,982.2222222222223,982.4222222222222,982.1777777777778,982.2,2125.4444444444434,interpolated
2781,2025-05-25 22:00:00+00:00,982.2148148148149,982.3481481481482,982.1851851851852,982.2,1764.6296296296296,interpolated
2782,2025-05-26 00:00:00+00:00,982.2074074074075,982.2740740740741,982.1925925925926,982.2,1403.8148148148139,interpolated
2783,2025-05-26 02:00:00+00:00,982.2,982.2,982.2,982.2,1043.0,present
2784,2025-05-26 04:00:00+00:00,982.0,982.2,965.2,968.6,128672.0,present
2785,2025-05-26 06:00:00+00:00,968.6,970.6,961.0,962.2,132683.0,present
2786,2025-05-26 08:00:00+00:00,962.4,964.4,960.8,961.4,56571.0,present
2787,2025-05-26 10:00:00+00:00,962.4,965.6,960.2,963.6,55230.0,present
2788,2025-05-26 12:00:00+00:00,963.6,971.8,963.2,965.0,81100.0,present
2789,2025-05-26 14:00:00+00:00,965.0,972.0,960.0,960.0,114564.0,present
2790,2025-05-26 16:00:00+00:00,960.0,961.2,942.0,944.8,242553.0,present
2791,2025-05-26 18:00:00+00:00,944.6,947.8,944.0,945.8,73577.0,present
2792,2025-05-26 20:00:00+00:00,945.8,948.6,944.2,947.6,35706.0,present
2793,2025-05-26 22:00:00+00:00,946.1333333333333,948.0,945.0666666666667,947.3333333333334,23856.333333333336,interpolated
2794,2025-05-27 00:00:00+00:00,946.4666666666666,947.4,945.9333333333333,947.0666666666666,12006.666666666668,interpolated
2795,2025-05-27 02:00:00+00:00,946.8,946.8,946.8,946.8,157.0,present
2796,2025-05-27 04:00:00+00:00,946.6,947.0,926.4,934.4,109590.0,present
2797,2025-05-27 06:00:00+00:00,934.6,953.4,934.6,945.0,99733.0,present
2798,2025-05-27 08:00:00+00:00,945.0,960.0,944.8,957.2,201332.0,present
2799,2025-05-27 10:00:00+00:00,957.2,958.2,946.4,949.8,91118.0,present
2800,2025-05-27 12:00:00+00:00,950.0,951.6,928.4,939.0,175436.0,present
2801,2025-05-27 12:00:00+00:00,950.0,951.6,928.4,939.0,175436.0,present
2802,2025-05-27 14:00:00+00:00,939.0,952.2,938.8,948.4,126999.0,present
2803,2025-05-27 16:00:00+00:00,948.0,951.6,947.0,948.0,32158.0,present
2804,2025-05-27 18:00:00+00:00,948.0,952.8,945.8,952.0,39037.0,present
2805,2025-05-27 20:00:00+00:00,952.2,952.6,950.2,951.8,11206.0,present
2806,2025-05-27 22:00:00+00:00,952.4666666666667,952.7333333333333,951.1333333333333,952.1999999999999,7490.0,interpolated
2807,2025-05-28 00:00:00+00:00,952.7333333333333,952.8666666666667,952.0666666666667,952.6,3773.999999999999,interpolated
2808,2025-05-28 02:00:00+00:00,953.0,953.0,953.0,953.0,58.0,present
2809,2025-05-28 04:00:00+00:00,953.2,962.4,953.2,959.6,57583.0,present
2810,2025-05-28 06:00:00+00:00,959.4,967.0,955.6,965.4,113084.0,present
2811,2025-05-28 08:00:00+00:00,965.4,974.8,965.4,971.2,163728.0,present
2812,2025-05-28 10:00:00+00:00,971.4,976.6,965.4,972.0,233996.0,present
2813,2025-05-28 12:00:00+00:00,972.0,987.0,972.0,984.2,214980.0,present
2814,2025-05-28 14:00:00+00:00,984.4,991.0,979.0,979.8,178819.0,present
2815,2025-05-28 16:00:00+00:00,979.2,992.6,979.0,985.0,111210.0,present
2816,2025-05-28 18:00:00+00:00,985.2,989.8,985.0,988.8,37345.0,present
2817,2025-05-28 20:00:00+00:00,988.8,995.8,988.0,988.8,67973.0,present
2818,2025-05-28 22:00:00+00:00,989.8666666666667,994.5333333333333,989.3333333333334,989.8666666666667,45501.0,interpolated
2819,2025-05-29 00:00:00+00:00,990.9333333333333,993.2666666666667,990.6666666666666,990.9333333333333,23029.0,interpolated
2820,2025-05-29 02:00:00+00:00,992.0,992.0,992.0,992.0,557.0,present
2821,2025-05-29 04:00:00+00:00,992.0,995.8,982.6,985.6,83553.0,present
2822,2025-05-29 06:00:00+00:00,986.6,989.8,979.2,979.6,69750.0,present
2823,2025-05-29 08:00:00+00:00,979.8,999.8,977.0,997.2,213874.0,present
2824,2025-05-29 10:00:00+00:00,997.2,1006.0,996.6,1004.6,151905.0,present
2825,2025-05-29 12:00:00+00:00,1004.8,1005.0,996.4,998.2,134730.0,present
2826,2025-05-29 14:00:00+00:00,998.4,1002.0,994.4,996.8,81326.0,present
2827,2025-05-29 16:00:00+00:00,997.0,998.2,982.6,984.8,119206.0,present
2828,2025-05-29 18:00:00+00:00,984.6,987.4,981.8,987.2,20877.0,present
2829,2025-05-29 20:00:00+00:00,987.0,989.0,985.0,985.8,9419.0,present
2830,2025-05-29 22:00:00+00:00,986.4666666666667,987.8,985.1333333333333,985.6666666666666,6282.666666666667,interpolated
2831,2025-05-30 00:00:00+00:00,985.9333333333333,986.6,985.2666666666667,985.5333333333333,3146.333333333334,interpolated
2832,2025-05-30 02:00:00+00:00,985.4,985.4,985.4,985.4,10.0,present
2833,2025-05-30 04:00:00+00:00,985.4,994.6,978.6,991.6,38490.0,present
2834,2025-05-30 06:00:00+00:00,991.6,996.0,987.0,988.0,55402.0,present
2835,2025-05-30 08:00:00+00:00,988.0,998.0,984.2,995.4,87306.0,present
2836,2025-05-30 10:00:00+00:00,996.0,1010.0,996.0,1007.6,168214.0,present
2837,2025-05-30 12:00:00+00:00,1007.8,1008.8,1001.2,1004.2,95010.0,present
2838,2025-05-30 14:00:00+00:00,1004.2,1009.0,1003.2,1003.2,51913.0,present
2839,2025-05-30 16:00:00+00:00,1003.4,1007.0,1003.0,1003.8,20096.0,present
2840,2025-05-30 18:00:00+00:00,1003.8,1007.6,1003.4,1004.4,13810.0,present
2841,2025-05-30 20:00:00+00:00,1004.4,1005.0,1004.0,1004.8,4946.0,present
2842,2025-05-30 22:00:00+00:00,1004.96,1006.64,1004.24,1006.04,6533.8,interpolated
2843,2025-05-31 00:00:00+00:00,1005.52,1008.28,1004.48,1007.28,8121.6,interpolated
2844,2025-05-31 02:00:00+00:00,1006.08,1009.9200000000001,1004.72,1008.52,9709.400000000001,interpolated
2845,2025-05-31 04:00:00+00:00,1006.64,1011.5600000000001,1004.96,1009.76,11297.2,interpolated
2846,2025-05-31 06:00:00+00:00,1007.2,1013.2,1005.2,1011.0,12885.0,present
2847,2025-05-31 08:00:00+00:00,1011.0,1012.0,1008.4,1010.0,7261.0,present
2848,2025-05-31 10:00:00+00:00,1010.0,1010.8,1007.0,1008.0,3402.0,present
2849,2025-05-31 12:00:00+00:00,1008.0,1008.0,1005.6,1006.0,2889.0,present
2850,2025-05-31 14:00:00+00:00,1006.2,1007.0,1003.2,1005.0,10597.0,present
2851,2025-05-31 16:00:00+00:00,1006.0500000000001,1006.825,1000.6500000000001,1003.1,14799.375,interpolated
2852,2025-05-31 18:00:00+00:00,1005.9000000000001,1006.65,998.1,1001.2,19001.75,interpolated
2853,2025-05-31 20:00:00+00:00,1005.75,1006.475,995.5500000000001,999.3,23204.125,interpolated
2854,2025-05-31 22:00:00+00:00,1005.6,1006.3,993.0,997.4,27406.5,interpolated
2855,2025-06-01 00:00:00+00:00,1005.45,1006.125,990.45,995.5,31608.875,interpolated
2856,2025-06-01 02:00:00+00:00,1005.3,1005.95,987.9,993.5999999999999,35811.25,interpolated
2857,2025-06-01 04:00:00+00:00,1005.15,1005.775,985.3499999999999,991.6999999999999,40013.625,interpolated
2858,2025-06-01 06:00:00+00:00,1005.0,1005.6,982.8,989.8,44216.0,present
2859,2025-06-01 08:00:00+00:00,989.8,993.8,980.0,988.2,47482.0,present
2860,2025-06-01 10:00:00+00:00,988.4,989.6,975.0,976.2,53373.0,present
2861,2025-06-01 12:00:00+00:00,976.2,983.4,974.6,978.8,41927.0,present
2862,2025-06-01 14:00:00+00:00,978.8,980.2,974.6,975.0,23934.0,present
2863,2025-06-01 16:00:00+00:00,978.1999999999999,979.3666666666667,974.7,975.0333333333333,20020.5,interpolated
2864,2025-06-01 18:00:00+00:00,977.6,978.5333333333334,974.8000000000001,975.0666666666667,16107.0,interpolated
2865,2025-06-01 20:00:00+00:00,977.0,977.7,974.9000000000001,975.1,12193.499999999998,interpolated
2866,2025-06-01 22:00:00+00:00,976.4,976.8666666666667,975.0,975.1333333333333,8279.999999999998,interpolated
2867,2025-06-02 00:00:00+00:00,975.8000000000001,976.0333333333334,975.1,975.1666666666667,4366.5,interpolated
2868,2025-06-02 02:00:00+00:00,975.2,975.2,975.2,975.2,453.0,present
2869,2025-06-02 04:00:00+00:00,975.2,987.4,972.8,986.0,62624.0,present
2870,2025-06-02 06:00:00+00:00,985.8,995.2,984.8,991.2,79619.0,present
2871,2025-06-02 08:00:00+00:00,991.0,992.8,983.8,986.8,50823.0,present
2872,2025-06-02 10:00:00+00:00,986.6,987.4,976.2,980.2,47661.0,present
2873,2025-06-02 12:00:00+00:00,980.0,994.0,979.0,990.4,79224.0,present
2874,2025-06-02 14:00:00+00:00,990.0,1007.8,988.0,1005.4,144797.0,present
2875,2025-06-02 16:00:00+00:00,1005.4,1010.6,1002.2,1005.4,80294.0,present
2876,2025-06-02 18:00:00+00:00,1005.4,1009.0,1004.4,1007.4,36230.0,present
2877,2025-06-02 20:00:00+00:00,1007.8,1008.6,1006.8,1008.2,8614.0,present
2878,2025-06-02 22:00:00+00:00,1008.0,1008.5333333333333,1007.3333333333333,1008.2666666666667,6193.333333333334,interpolated
2879,2025-06-03 00:00:00+00:00,1008.1999999999999,1008.4666666666667,1007.8666666666667,1008.3333333333334,3772.666666666667,interpolated
2880,2025-06-03 02:00:00+00:00,1008.4,1008.4,1008.4,1008.4,1352.0,present
2881,2025-06-03 04:00:00+00:00,1008.4,1022.0,1007.0,1020.4,81552.0,present
2882,2025-06-03 06:00:00+00:00,1020.4,1022.0,1016.2,1022.0,89419.0,present
2883,2025-06-03 08:00:00+00:00,1022.0,1027.0,1021.0,1022.2,75593.0,present
2884,2025-06-03 10:00:00+00:00,1022.2,1029.8,1018.6,1027.6,96463.0,present
2885,2025-06-03 12:00:00+00:00,1027.6,1029.8,1015.8,1027.4,198299.0,present
2886,2025-06-03 12:00:00+00:00,1027.6,1029.8,1015.8,1027.4,198299.0,present
2887,2025-06-03 14:00:00+00:00,1027.0,1045.8,1025.0,1043.2,357831.0,present
2888,2025-06-03 16:00:00+00:00,1043.2,1046.6,1041.0,1044.2,76918.0,present
2889,2025-06-03 18:00:00+00:00,1044.2,1046.6,1043.2,1045.6,41975.0,present
2890,2025-06-03 20:00:00+00:00,1045.6,1053.0,1045.4,1052.2,42149.0,present
2891,2025-06-03 22:00:00+00:00,1048.1333333333332,1053.0666666666666,1048.0,1052.5333333333333,28700.333333333336,interpolated
2892,2025-06-04 00:00:00+00:00,1050.6666666666667,1053.1333333333334,1050.6000000000001,1052.8666666666668,15251.666666666668,interpolated
2893,2025-06-04 02:00:00+00:00,1053.2,1053.2,1053.2,1053.2,1803.0,present
2894,2025-06-04 04:00:00+00:00,1053.4,1069.2,1053.0,1064.0,220056.0,present
2895,2025-06-04 06:00:00+00:00,1064.2,1068.8,1061.6,1065.6,171176.0,present
2896,2025-06-04 08:00:00+00:00,1065.8,1067.0,1052.0,1059.4,241010.0,present
2897,2025-06-04 10:00:00+00:00,1060.2,1066.2,1057.4,1066.0,198813.0,present
2898,2025-06-04 12:00:00+00:00,1066.0,1069.0,1063.0,1068.2,273014.0,present
2899,2025-06-04 14:00:00+00:00,1068.2,1074.8,1053.6,1059.2,363000.0,present
2900,2025-06-04 16:00:00+00:00,1060.2,1068.8,1054.0,1067.6,109019.0,present
2901,2025-06-04 18:00:00+00:00,1067.6,1067.6,1050.8,1052.0,127576.0,present
2902,2025-06-04 20:00:00+00:00,1052.4,1053.6,1050.8,1052.2,33473.0,present
2903,2025-06-04 22:00:00+00:00,1051.6000000000001,1052.3999999999999,1050.5333333333333,1051.4666666666667,22955.666666666664,interpolated
2904,2025-06-05 00:00:00+00:00,1050.8,1051.2,1050.2666666666667,1050.7333333333333,12438.333333333332,interpolated
2905,2025-06-05 02:00:00+00:00,1050.0,1050.0,1050.0,1050.0,1921.0,present
2906,2025-06-05 04:00:00+00:00,1050.0,1063.4,1046.4,1052.0,80771.0,present
2907,2025-06-05 06:00:00+00:00,1052.0,1066.8,1050.6,1062.2,123321.0,present
2908,2025-06-05 08:00:00+00:00,1062.4,1064.8,1055.0,1060.2,119702.0,present
2909,2025-06-05 10:00:00+00:00,1060.4,1065.0,1059.0,1060.2,103898.0,present
2910,2025-06-05 12:00:00+00:00,1059.6,1063.6,1053.6,1054.0,130288.0,present
2911,2025-06-05 14:00:00+00:00,1053.8,1055.6,1048.0,1054.8,145740.0,present
2912,2025-06-05 16:00:00+00:00,1054.6,1054.8,1042.6,1043.6,108961.0,present
2913,2025-06-05 18:00:00+00:00,1043.0,1049.0,1042.8,1049.0,33879.0,present
2914,2025-06-05 20:00:00+00:00,1049.0,1050.0,1046.0,1049.2,18359.0,present
2915,2025-06-05 22:00:00+00:00,1049.0666666666666,1049.7333333333333,1047.0666666666666,1049.2,12243.333333333332,interpolated
2916,2025-06-06 00:00:00+00:00,1049.1333333333334,1049.4666666666667,1048.1333333333334,1049.2,6127.666666666666,interpolated
2917,2025-06-06 02:00:00+00:00,1049.2,1049.2,1049.2,1049.2,12.0,present
2918,2025-06-06 04:00:00+00:00,1050.0,1055.0,1047.0,1050.6,36196.0,present
2919,2025-06-06 06:00:00+00:00,1050.8,1063.0,1046.4,1062.0,102095.0,present
2920,2025-06-06 08:00:00+00:00,1062.4,1064.0,1056.8,1059.8,123631.0,present
2921,2025-06-06 10:00:00+00:00,1060.0,1095.0,1046.6,1063.2,712264.0,present
2922,2025-06-06 12:00:00+00:00,1047.5,1066.4,1029.5,1039.0,451038.5,interpolated
2923,2025-06-06 14:00:00+00:00,1035.0,1037.8,1012.4,1014.8,189813.0,present
2924,2025-06-06 16:00:00+00:00,1015.0,1024.4,1012.6,1017.2,127634.0,present
2925,2025-06-06 18:00:00+00:00,1017.2,1018.0,1014.2,1016.2,33200.0,present
2926,2025-06-06 20:00:00+00:00,1016.4,1019.0,1014.6,1016.8,27026.0,present
2927,2025-06-06 22:00:00+00:00,1016.48,1020.3199999999999,1015.04,1018.1999999999999,24016.2,interpolated
2928,2025-06-07 00:00:00+00:00,1016.56,1021.64,1015.48,1019.5999999999999,21006.4,interpolated
2929,2025-06-07 02:00:00+00:00,1016.64,1022.9599999999999,1015.92,1021.0,17996.6,interpolated
2930,2025-06-07 04:00:00+00:00,1016.7199999999999,1024.28,1016.36,1022.4,14986.8,interpolated
2931,2025-06-07 06:00:00+00:00,1016.8,1025.6,1016.8,1023.8,11977.0,present
2932,2025-06-07 08:00:00+00:00,1023.8,1026.4,1020.0,1022.8,14201.0,present
2933,2025-06-07 10:00:00+00:00,1022.8,1026.2,1021.8,1022.4,11268.0,present
2934,2025-06-07 12:00:00+00:00,1023.0,1026.2,1022.8,1025.4,4308.0,present
2935,2025-06-07 14:00:00+00:00,1025.4,1027.2,1024.8,1026.2,7950.0,present
2936,2025-06-07 16:00:00+00:00,1024.8500000000001,1027.05,1024.325,1025.875,7638.875,interpolated
2937,2025-06-07 18:00:00+00:00,1024.3000000000002,1026.9,1023.8499999999999,1025.55,7327.75,interpolated
2938,2025-06-07 20:00:00+00:00,1023.75,1026.75,1023.375,1025.2250000000001,7016.625,interpolated
2939,2025-06-07 22:00:00+00:00,1023.2,1026.6,1022.9,1024.9,6705.5,interpolated
2940,2025-06-08 00:00:00+00:00,1022.6500000000001,1026.45,1022.425,1024.575,6394.375,interpolated
2941,2025-06-08 02:00:00+00:00,1022.1,1026.3,1021.95,1024.25,6083.25,interpolated
2942,2025-06-08 04:00:00+00:00,1021.55,1026.15,1021.475,1023.9250000000001,5772.125,interpolated
2943,2025-06-08 06:00:00+00:00,1021.0,1026.0,1021.0,1023.6,5461.0,present
2944,2025-06-08 08:00:00+00:00,1024.0,1024.2,1020.8,1021.0,9525.0,present
2945,2025-06-08 10:00:00+00:00,1021.4,1021.6,1015.0,1015.0,9471.0,present
2946,2025-06-08 12:00:00+00:00,1015.0,1015.4,1003.4,1011.6,44461.0,present
2947,2025-06-08 14:00:00+00:00,1011.6,1017.8,1010.2,1015.0,12744.0,present
2948,2025-06-08 16:00:00+00:00,1013.0,1018.1666666666666,1011.8333333333334,1015.8333333333334,10645.0,interpolated
2949,2025-06-08 18:00:00+00:00,1014.4,1018.5333333333333,1013.4666666666667,1016.6666666666666,8546.0,interpolated
2950,2025-06-08 20:00:00+00:00,1015.8,1018.9,1015.1,1017.5,6447.0,interpolated
2951,2025-06-08 22:00:00+00:00,1017.2,1019.2666666666667,1016.7333333333333,1018.3333333333334,4348.0,interpolated
2952,2025-06-09 00:00:00+00:00,1018.6,1019.6333333333333,1018.3666666666667,1019.1666666666666,2249.0,interpolated
2953,2025-06-09 02:00:00+00:00,1020.0,1020.0,1020.0,1020.0,150.0,present
2954,2025-06-09 04:00:00+00:00,1020.0,1021.4,1010.0,1011.8,46989.0,present
2955,2025-06-09 06:00:00+00:00,1011.4,1015.0,1005.0,1007.8,107083.0,present
2956,2025-06-09 08:00:00+00:00,1007.6,1009.4,993.8,1001.2,242228.0,present
2957,2025-06-09 10:00:00+00:00,1001.8,1003.2,988.4,990.6,118460.0,present
2958,2025-06-09 12:00:00+00:00,991.0,992.2,981.0,981.0,150540.0,present
2959,2025-06-09 14:00:00+00:00,981.0,984.4,980.0,980.0,118316.0,present
2960,2025-06-09 16:00:00+00:00,981.0,989.8,979.6,987.6,68193.0,present
2961,2025-06-09 18:00:00+00:00,987.6,989.2,982.4,988.0,34062.0,present
2962,2025-06-09 20:00:00+00:00,987.6,988.0,984.0,987.2,16032.0,present
2963,2025-06-09 22:00:00+00:00,988.1333333333333,988.4,985.7333333333333,987.8666666666667,10718.0,interpolated
2964,2025-06-10 00:00:00+00:00,988.6666666666667,988.8000000000001,987.4666666666667,988.5333333333334,5404.0,interpolated
2965,2025-06-10 02:00:00+00:00,989.2,989.2,989.2,989.2,90.0,present
2966,2025-06-10 04:00:00+00:00,989.2,994.0,986.0,992.2,53818.0,present
2967,2025-06-10 06:00:00+00:00,992.0,994.8,982.0,984.6,113071.0,present
2968,2025-06-10 08:00:00+00:00,984.4,984.4,976.6,978.0,88820.0,present
2969,2025-06-10 10:00:00+00:00,978.0,984.2,975.4,980.4,77519.0,present
2970,2025-06-10 12:00:00+00:00,980.0,981.0,975.4,980.4,91798.0,present
2971,2025-06-10 12:00:00+00:00,980.0,981.0,975.4,980.4,91798.0,present
2972,2025-06-10 14:00:00+00:00,980.8,986.4,977.6,982.6,102818.0,present
2973,2025-06-10 16:00:00+00:00,983.4,983.6,977.6,978.4,27695.0,present
2974,2025-06-10 18:00:00+00:00,978.4,984.0,978.0,982.2,32667.0,present
2975,2025-06-10 20:00:00+00:00,982.2,984.0,981.0,983.2,10575.0,present
2976,2025-06-10 22:00:00+00:00,983.1333333333333,984.3333333333334,982.3333333333334,983.8000000000001,7058.333333333334,interpolated
2977,2025-06-11 00:00:00+00:00,984.0666666666667,984.6666666666666,983.6666666666666,984.4,3541.666666666667,interpolated
2978,2025-06-11 02:00:00+00:00,985.0,985.0,985.0,985.0,25.0,present
2979,2025-06-11 04:00:00+00:00,984.4,988.4,976.0,980.6,45198.0,present
2980,2025-06-11 06:00:00+00:00,980.6,989.2,979.0,988.2,87812.0,present
2981,2025-06-11 08:00:00+00:00,988.2,994.0,984.4,987.8,75064.0,present
2982,2025-06-11 10:00:00+00:00,987.8,996.6,987.4,990.4,61539.0,present
2983,2025-06-11 12:00:00+00:00,990.4,999.4,987.2,994.8,73259.0,present
2984,2025-06-11 14:00:00+00:00,994.8,995.0,984.8,987.8,79376.0,present
2985,2025-06-11 16:00:00+00:00,988.4,988.4,981.0,982.4,52960.0,present
2986,2025-06-11 18:00:00+00:00,982.2,984.0,982.2,983.8,9978.0,present
2987,2025-06-11 20:00:00+00:00,983.8,989.2,983.0,987.0,26229.0,present
2988,2025-06-11 22:00:00+00:00,984.28,989.32,983.5333333333333,987.2666666666667,24486.066666666666,interpolated
2989,2025-06-12 00:00:00+00:00,984.76,989.44,984.0666666666667,987.5333333333333,22743.133333333335,interpolated
2990,2025-06-12 02:00:00+00:00,985.24,989.5600000000001,984.6,987.8,21000.2,interpolated
2991,2025-06-12 04:00:00+00:00,985.7199999999999,989.6800000000001,985.1333333333333,988.0666666666667,19257.266666666666,interpolated
2992,2025-06-12 06:00:00+00:00,986.1999999999999,989.8000000000001,985.6666666666666,988.3333333333334,17514.333333333336,interpolated
2993,2025-06-12 08:00:00+00:00,986.68,989.9200000000001,986.2,988.6,15771.400000000001,interpolated
2994,2025-06-12 10:00:00+00:00,987.16,990.0400000000001,986.7333333333333,988.8666666666667,14028.466666666667,interpolated
2995,2025-06-12 12:00:00+00:00,987.64,990.16,987.2666666666667,989.1333333333333,12285.533333333335,interpolated
2996,2025-06-12 14:00:00+00:00,988.12,990.28,987.8,989.4,10542.6,interpolated
2997,2025-06-12 16:00:00+00:00,988.6,990.4,988.3333333333334,989.6666666666666,8799.666666666668,interpolated
2998,2025-06-12 18:00:00+00:00,989.08,990.52,988.8666666666667,989.9333333333333,7056.733333333334,interpolated
2999,2025-06-12 20:00:00+00:00,989.56,990.64,989.4,990.2,5313.800000000003,interpolated
3000,2025-06-12 22:00:00+00:00,990.04,990.76,989.9333333333333,990.4666666666667,3570.8666666666686,interpolated
3001,2025-06-13 00:00:00+00:00,990.52,990.88,990.4666666666667,990.7333333333333,1827.9333333333343,interpolated
3002,2025-06-13 02:00:00+00:00,991.0,991.0,991.0,991.0,85.0,present
3003,2025-06-13 04:00:00+00:00,991.0,1004.6,990.0,999.0,81672.0,present
3004,2025-06-13 06:00:00+00:00,999.0,999.4,986.0,990.0,66198.0,present
3005,2025-06-13 08:00:00+00:00,990.0,995.4,987.4,993.6,27224.0,present
3006,2025-06-13 10:00:00+00:00,993.6,994.4,988.4,990.2,23110.0,present
3007,2025-06-13 12:00:00+00:00,990.6,992.8,986.0,987.4,41635.0,present
3008,2025-06-13 14:00:00+00:00,987.4,988.4,983.0,983.0,23666.0,present
3009,2025-06-13 16:00:00+00:00,983.2,984.2,981.8,984.0,14058.0,present
3010,2025-06-13 18:00:00+00:00,984.0,984.6,982.6,983.0,12505.0,present
3011,2025-06-13 20:00:00+00:00,982.8,984.0,982.0,982.4,5306.0,present
3012,2025-06-13 22:00:00+00:00,982.8399999999999,985.08,982.16,983.4,5838.0,interpolated
3013,2025-06-14 00:00:00+00:00,982.88,986.16,982.3199999999999,984.4,6370.0,interpolated
3014,2025-06-14 02:00:00+00:00,982.92,987.24,982.48,985.4,6902.0,interpolated
3015,2025-06-14 04:00:00+00:00,982.96,988.3199999999999,982.64,986.4,7434.0,interpolated
3016,2025-06-14 06:00:00+00:00,983.0,989.4,982.8,987.4,7966.0,present
3017,2025-06-14 08:00:00+00:00,986.8,991.6,986.4,990.2,10248.0,present
3018,2025-06-14 10:00:00+00:00,990.4,991.4,988.6,989.4,7319.0,present
3019,2025-06-14 12:00:00+00:00,989.6,990.0,988.2,988.8,5829.0,present
3020,2025-06-14 14:00:00+00:00,988.8,990.0,988.8,990.0,6369.0,present
3021,2025-06-14 16:00:00+00:00,988.925,990.625,988.5,989.7,8754.875,interpolated
3022,2025-06-14 18:00:00+00:00,989.05,991.25,988.1999999999999,989.4,11140.75,interpolated
3023,2025-06-14 20:00:00+00:00,989.175,991.875,987.9,989.1,13526.625,interpolated
3024,2025-06-14 22:00:00+00:00,989.3,992.5,987.5999999999999,988.8,15912.5,interpolated
3025,2025-06-15 00:00:00+00:00,989.425,993.125,987.3,988.5,18298.375,interpolated
3026,2025-06-15 02:00:00+00:00,989.55,993.75,987.0,988.2,20684.25,interpolated
3027,2025-06-15 04:00:00+00:00,989.675,994.375,986.6999999999999,987.9,23070.125,interpolated
3028,2025-06-15 06:00:00+00:00,989.8,995.0,986.4,987.6,25456.0,present
3029,2025-06-15 08:00:00+00:00,988.6,990.0,987.0,988.6,5659.0,present
3030,2025-06-15 10:00:00+00:00,988.6,990.2,987.4,989.6,6147.0,present
3031,2025-06-15 12:00:00+00:00,990.0,990.4,988.8,989.0,2661.0,present
3032,2025-06-15 14:00:00+00:00,989.0,990.2,987.8,990.0,6664.0,present
3033,2025-06-15 16:00:00+00:00,989.1,990.1,988.0999999999999,989.9333333333334,5556.833333333334,interpolated
3034,2025-06-15 18:00:00+00:00,989.2,990.0,988.4,989.8666666666667,4449.666666666667,interpolated
3035,2025-06-15 20:00:00+00:00,989.3,989.9000000000001,988.7,989.8,3342.5000000000005,interpolated
3036,2025-06-15 22:00:00+00:00,989.4,989.8000000000001,989.0,989.7333333333333,2235.333333333334,interpolated
3037,2025-06-16 00:00:00+00:00,989.5,989.7,989.3,989.6666666666667,1128.166666666667,interpolated
3038,2025-06-16 02:00:00+00:00,989.6,989.6,989.6,989.6,21.0,present
3039,2025-06-16 04:00:00+00:00,989.8,995.8,987.8,993.4,31914.0,present
3040,2025-06-16 06:00:00+00:00,993.4,994.0,978.2,981.2,94681.0,present
3041,2025-06-16 08:00:00+00:00,981.2,997.0,978.0,996.0,180106.0,present
3042,2025-06-16 10:00:00+00:00,996.4,1001.2,991.6,999.2,163475.0,present
3043,2025-06-16 12:00:00+00:00,999.4,1003.4,990.4,991.0,142006.0,present
3044,2025-06-16 14:00:00+00:00,991.0,996.2,988.4,990.2,91415.0,present
3045,2025-06-16 16:00:00+00:00,990.2,992.6,988.4,989.4,28291.0,present
3046,2025-06-16 18:00:00+00:00,989.4,990.4,987.0,990.4,22961.0,present
3047,2025-06-16 20:00:00+00:00,990.2,991.6,989.2,989.2,9013.0,present
3048,2025-06-16 22:00:00+00:00,989.8666666666667,990.8000000000001,989.2,989.2,6011.666666666666,interpolated
3049,2025-06-17 00:00:00+00:00,989.5333333333334,990.0,989.2,989.2,3010.333333333333,interpolated
3050,2025-06-17 02:00:00+00:00,989.2,989.2,989.2,989.2,9.0,present
3051,2025-06-17 04:00:00+00:00,990.8,999.0,988.0,994.6,26530.0,present
3052,2025-06-17 06:00:00+00:00,994.8,1012.0,987.2,1008.2,208531.0,present
3053,2025-06-17 08:00:00+00:00,1008.4,1014.8,1006.0,1010.8,284536.0,present
3054,2025-06-17 10:00:00+00:00,1011.0,1013.0,1006.2,1009.4,124993.0,present
3055,2025-06-17 12:00:00+00:00,1009.6,1034.0,1009.4,1032.4,451210.0,present
3056,2025-06-17 14:00:00+00:00,1032.8,1037.8,1028.4,1033.2,290807.0,present
3057,2025-06-17 16:00:00+00:00,1034.4,1039.0,1031.0,1036.2,86624.0,present
3058,2025-06-17 18:00:00+00:00,1035.4,1038.8,1031.2,1037.2,101484.0,present
3059,2025-06-17 20:00:00+00:00,1037.0,1041.2,1037.0,1041.0,42641.0,present
3060,2025-06-17 22:00:00+00:00,1038.3333333333333,1041.1333333333334,1038.3333333333333,1041.0,28510.0,interpolated
3061,2025-06-18 00:00:00+00:00,1039.6666666666667,1041.0666666666666,1039.6666666666667,1041.0,14379.0,interpolated
3062,2025-06-18 02:00:00+00:00,1041.0,1041.0,1041.0,1041.0,248.0,present
3063,2025-06-18 04:00:00+00:00,1040.6,1043.6,1032.4,1036.8,90322.0,present
3064,2025-06-18 06:00:00+00:00,1036.8,1039.0,1025.0,1027.2,215879.0,present
3065,2025-06-18 08:00:00+00:00,1027.0,1047.2,1023.2,1045.6,398005.0,present
3066,2025-06-18 10:00:00+00:00,1045.4,1050.0,1025.0,1030.2,446539.0,present
3067,2025-06-18 12:00:00+00:00,1030.4,1035.4,1020.0,1026.2,235613.0,present
3068,2025-06-18 14:00:00+00:00,1026.0,1027.0,1015.8,1022.0,170078.0,present
3069,2025-06-18 16:00:00+00:00,1022.0,1024.0,1015.0,1017.0,69435.0,present
3070,2025-06-18 18:00:00+00:00,1017.0,1020.0,1015.0,1019.6,32937.0,present
3071,2025-06-18 20:00:00+00:00,1019.4,1021.8,1018.2,1021.2,28612.0,present
3072,2025-06-18 22:00:00+00:00,1020.9333333333333,1022.5333333333333,1020.1333333333333,1022.1333333333333,19297.0,interpolated
3073,2025-06-19 00:00:00+00:00,1022.4666666666667,1023.2666666666667,1022.0666666666667,1023.0666666666667,9982.0,interpolated
3074,2025-06-19 02:00:00+00:00,1024.0,1024.0,1024.0,1024.0,667.0,present
3075,2025-06-19 04:00:00+00:00,1022.0,1028.0,1020.4,1025.0,34294.0,present
3076,2025-06-19 06:00:00+00:00,1024.8,1026.8,1021.6,1023.8,84081.0,present
3077,2025-06-19 08:00:00+00:00,1023.6,1027.4,1010.0,1012.2,274598.0,present
3078,2025-06-19 10:00:00+00:00,1012.0,1014.8,1003.0,1009.4,312257.0,present
3079,2025-06-19 12:00:00+00:00,1009.0,1010.8,1002.4,1010.6,208520.0,present
3080,2025-06-19 14:00:00+00:00,1010.6,1015.8,1010.4,1011.2,135272.0,present
3081,2025-06-19 16:00:00+00:00,1011.4,1015.2,1010.2,1010.6,38547.0,present
3082,2025-06-19 18:00:00+00:00,1010.6,1012.8,1008.2,1011.2,37701.0,present
3083,2025-06-19 20:00:00+00:00,1011.2,1012.0,1009.8,1009.8,14117.0,present
3084,2025-06-19 22:00:00+00:00,1011.8000000000001,1012.3333333333334,1010.8666666666667,1010.8666666666667,9412.333333333332,interpolated
3085,2025-06-20 00:00:00+00:00,1012.4,1012.6666666666666,1011.9333333333333,1011.9333333333333,4707.666666666666,interpolated
3086,2025-06-20 02:00:00+00:00,1013.0,1013.0,1013.0,1013.0,3.0,present
3087,2025-06-20 04:00:00+00:00,1013.0,1014.0,1008.2,1011.0,11749.0,present
3088,2025-06-20 06:00:00+00:00,1011.2,1014.8,1005.8,1011.0,63166.0,present
3089,2025-06-20 08:00:00+00:00,1011.0,1018.8,1009.4,1017.2,84394.0,present
3090,2025-06-20 10:00:00+00:00,1017.2,1021.2,1009.8,1010.0,138145.0,present
3091,2025-06-20 12:00:00+00:00,1010.0,1013.8,1006.0,1008.6,158652.0,present
3092,2025-06-20 14:00:00+00:00,1008.2,1011.0,1006.2,1008.8,86535.0,present
3093,2025-06-20 16:00:00+00:00,1007.6,1011.4,1006.6,1009.6,45297.0,present
3094,2025-06-20 18:00:00+00:00,1009.6,1013.8,1009.0,1010.6,20830.0,present
3095,2025-06-20 20:00:00+00:00,1010.8,1011.0,1007.4,1009.8,15636.0,present
3096,2025-06-20 22:00:00+00:00,1010.8518518518518,1011.0444444444445,1007.5777777777778,1009.8888888888888,15064.814814814816,interpolated
3097,2025-06-21 00:00:00+00:00,1010.9037037037036,1011.0888888888888,1007.7555555555556,1009.9777777777778,14493.62962962963,interpolated
3098,2025-06-21 02:00:00+00:00,1010.9555555555555,1011.1333333333333,1007.9333333333333,1010.0666666666666,13922.444444444445,interpolated
3099,2025-06-21 04:00:00+00:00,1011.0074074074074,1011.1777777777778,1008.1111111111111,1010.1555555555556,13351.25925925926,interpolated
3100,2025-06-21 06:00:00+00:00,1011.0592592592592,1011.2222222222223,1008.2888888888889,1010.2444444444444,12780.074074074075,interpolated
3101,2025-06-21 08:00:00+00:00,1011.1111111111111,1011.2666666666667,1008.4666666666667,1010.3333333333333,12208.888888888889,interpolated
3102,2025-06-21 10:00:00+00:00,1011.162962962963,1011.3111111111111,1008.6444444444444,1010.4222222222222,11637.703703703704,interpolated
3103,2025-06-21 12:00:00+00:00,1011.2148148148148,1011.3555555555556,1008.8222222222222,1010.5111111111111,11066.518518518518,interpolated
3104,2025-06-21 14:00:00+00:00,1011.2666666666667,1011.4,1009.0,1010.6,10495.333333333334,interpolated
3105,2025-06-21 16:00:00+00:00,1011.3185185185185,1011.4444444444445,1009.1777777777778,1010.6888888888889,9924.14814814815,interpolated
3106,2025-06-21 18:00:00+00:00,1011.3703703703703,1011.4888888888889,1009.3555555555556,1010.7777777777777,9352.962962962964,interpolated
3107,2025-06-21 20:00:00+00:00,1011.4222222222222,1011.5333333333333,1009.5333333333333,1010.8666666666667,8781.777777777777,interpolated
3108,2025-06-21 22:00:00+00:00,1011.4740740740741,1011.5777777777778,1009.7111111111111,1010.9555555555555,8210.592592592593,interpolated
3109,2025-06-22 00:00:00+00:00,1011.5259259259259,1011.6222222222223,1009.8888888888889,1011.0444444444445,7639.407407407408,interpolated
3110,2025-06-22 02:00:00+00:00,1011.5777777777778,1011.6666666666667,1010.0666666666667,1011.1333333333333,7068.222222222223,interpolated
3111,2025-06-22 04:00:00+00:00,1011.6296296296297,1011.7111111111111,1010.2444444444444,1011.2222222222223,6497.037037037038,interpolated
3112,2025-06-22 06:00:00+00:00,1011.6814814814815,1011.7555555555556,1010.4222222222222,1011.3111111111111,5925.851851851852,interpolated
3113,2025-06-22 08:00:00+00:00,1011.7333333333333,1011.8000000000001,1010.6,1011.4,5354.666666666668,interpolated
3114,2025-06-22 10:00:00+00:00,1011.7851851851852,1011.8444444444444,1010.7777777777778,1011.4888888888889,4783.481481481482,interpolated
3115,2025-06-22 12:00:00+00:00,1011.837037037037,1011.8888888888889,1010.9555555555556,1011.5777777777778,4212.296296296297,interpolated
3116,2025-06-22 14:00:00+00:00,1011.8888888888889,1011.9333333333334,1011.1333333333333,1011.6666666666667,3641.1111111111113,interpolated
3117,2025-06-22 16:00:00+00:00,1011.9407407407408,1011.9777777777778,1011.3111111111111,1011.7555555555556,3069.925925925927,interpolated
3118,2025-06-22 18:00:00+00:00,1011.9925925925926,1012.0222222222222,1011.4888888888889,1011.8444444444444,2498.740740740741,interpolated
3119,2025-06-22 20:00:00+00:00,1012.0444444444445,1012.0666666666667,1011.6666666666667,1011.9333333333334,1927.5555555555566,interpolated
3120,2025-06-22 22:00:00+00:00,1012.0962962962964,1012.1111111111112,1011.8444444444444,1012.0222222222222,1356.3703703703704,interpolated
3121,2025-06-23 00:00:00+00:00,1012.1481481481482,1012.1555555555556,1012.0222222222222,1012.1111111111112,785.1851851851861,interpolated
3122,2025-06-23 02:00:00+00:00,1012.2,1012.2,1012.2,1012.2,214.0,present
3123,2025-06-23 04:00:00+00:00,1012.2,1013.6,996.4,999.6,100475.0,present
3124,2025-06-23 06:00:00+00:00,999.6,999.6,986.0,990.4,243286.0,present
3125,2025-06-23 08:00:00+00:00,990.4,996.0,989.2,995.0,65912.0,present
3126,2025-06-23 10:00:00+00:00,995.0,996.8,992.0,992.0,52661.0,present
3127,2025-06-23 12:00:00+00:00,992.2,1007.4,992.0,1001.8,101247.0,present
3128,2025-06-23 14:00:00+00:00,1001.8,1007.0,998.8,1001.0,65584.0,present
3129,2025-06-23 16:00:00+00:00,1001.6,1003.8,995.8,997.2,52914.0,present
3130,2025-06-23 18:00:00+00:00,997.0,998.8,994.4,997.0,22896.0,present
3131,2025-06-23 20:00:00+00:00,997.2,997.2,992.0,993.6,23459.0,present
3132,2025-06-23 22:00:00+00:00,995.4666666666667,995.4666666666667,992.0,993.0666666666667,15839.333333333332,interpolated
3133,2025-06-24 00:00:00+00:00,993.7333333333333,993.7333333333333,992.0,992.5333333333333,8219.666666666666,interpolated
3134,2025-06-24 02:00:00+00:00,992.0,992.0,992.0,992.0,600.0,present
3135,2025-06-24 04:00:00+00:00,992.8,1001.6,990.6,998.2,73636.0,present
3136,2025-06-24 06:00:00+00:00,998.2,999.6,990.0,993.2,115366.0,present
3137,2025-06-24 08:00:00+00:00,993.2,997.4,990.0,996.8,55740.0,present
3138,2025-06-24 10:00:00+00:00,996.8,998.8,980.4,985.2,253903.0,present
3139,2025-06-24 12:00:00+00:00,984.6,990.2,978.4,986.6,150024.0,present
3140,2025-06-24 12:00:00+00:00,984.6,990.2,978.4,986.6,150024.0,present
3141,2025-06-24 14:00:00+00:00,986.4,993.0,986.4,989.4,91197.0,present
3142,2025-06-24 16:00:00+00:00,989.2,992.2,989.2,991.0,34595.0,present
3143,2025-06-24 18:00:00+00:00,991.0,996.0,990.4,994.8,47881.0,present
3144,2025-06-24 20:00:00+00:00,994.8,997.4,994.2,996.6,21124.0,present
3145,2025-06-24 22:00:00+00:00,995.1999999999999,996.9333333333333,994.8000000000001,996.4,14111.666666666666,interpolated
3146,2025-06-25 00:00:00+00:00,995.6,996.4666666666667,995.4,996.2,7099.333333333332,interpolated
3147,2025-06-25 02:00:00+00:00,996.0,996.0,996.0,996.0,87.0,present
3148,2025-06-25 04:00:00+00:00,996.0,999.6,994.2,996.2,36151.0,present
3149,2025-06-25 06:00:00+00:00,996.0,1000.0,994.2,1000.0,63419.0,present
3150,2025-06-25 08:00:00+00:00,1000.0,1003.4,993.2,999.8,189457.0,present
3151,2025-06-25 10:00:00+00:00,999.8,1009.8,997.8,1008.8,182342.0,present
3152,2025-06-25 12:00:00+00:00,1008.8,1011.0,1007.0,1007.2,110627.0,present
3153,2025-06-25 14:00:00+00:00,1007.2,1011.0,1005.4,1011.0,128931.0,present
3154,2025-06-25 16:00:00+00:00,1011.0,1016.8,1008.2,1011.8,60464.0,present
3155,2025-06-25 18:00:00+00:00,1012.2,1014.6,1009.2,1014.2,36805.0,present
3156,2025-06-25 20:00:00+00:00,1014.4,1014.6,1011.8,1011.8,7806.0,present
3157,2025-06-25 22:00:00+00:00,1012.8,1012.9333333333334,1011.0666666666666,1011.0666666666666,5272.333333333334,interpolated
3158,2025-06-26 00:00:00+00:00,1011.2,1011.2666666666667,1010.3333333333334,1010.3333333333334,2738.666666666667,interpolated
3159,2025-06-26 02:00:00+00:00,1009.6,1009.6,1009.6,1009.6,205.0,present
3160,2025-06-26 04:00:00+00:00,1012.8,1018.0,1010.2,1016.8,26523.0,present
3161,2025-06-26 06:00:00+00:00,1016.6,1023.0,1010.4,1012.6,140322.0,present
3162,2025-06-26 08:00:00+00:00,1012.6,1017.0,1010.2,1017.0,118978.0,present
3163,2025-06-26 10:00:00+00:00,1017.0,1022.2,1012.6,1019.2,84444.0,present
3164,2025-06-26 12:00:00+00:00,1019.4,1020.0,1012.2,1018.2,55003.0,present
3165,2025-06-26 14:00:00+00:00,1018.2,1021.0,1014.6,1017.4,69483.0,present
3166,2025-06-26 16:00:00+00:00,1017.6,1018.4,1010.6,1012.8,46619.0,present
3167,2025-06-26 18:00:00+00:00,1012.8,1013.6,1011.0,1012.4,12664.0,present
3168,2025-06-26 20:00:00+00:00,1013.0,1014.8,1011.4,1013.2,17295.0,present
3169,2025-06-26 22:00:00+00:00,1013.0666666666667,1014.2666666666667,1012.0,1013.2,11530.666666666668,interpolated
3170,2025-06-27 00:00:00+00:00,1013.1333333333333,1013.7333333333333,1012.6,1013.2,5766.333333333334,interpolated
3171,2025-06-27 02:00:00+00:00,1013.2,1013.2,1013.2,1013.2,2.0,present
3172,2025-06-27 04:00:00+00:00,1013.2,1016.4,1010.8,1011.8,10600.0,present
3173,2025-06-27 06:00:00+00:00,1012.4,1014.4,1005.0,1006.0,90445.0,present
3174,2025-06-27 08:00:00+00:00,1005.4,1012.0,1005.0,1009.8,45631.0,present
3175,2025-06-27 10:00:00+00:00,1009.6,1013.4,1000.0,1004.2,162859.0,present
3176,2025-06-27 12:00:00+00:00,1004.0,1012.2,1000.4,1012.2,192294.0,present
3177,2025-06-27 14:00:00+00:00,1012.4,1022.0,1011.0,1013.8,176027.0,present
3178,2025-06-27 16:00:00+00:00,1013.8,1031.0,1013.8,1029.2,129499.0,present
3179,2025-06-27 18:00:00+00:00,1029.2,1032.2,1027.6,1032.2,43032.0,present
3180,2025-06-27 20:00:00+00:00,1032.2,1033.0,1030.2,1033.0,19983.0,present
3181,2025-06-27 22:00:00+00:00,1031.72,1033.76,1030.1200000000001,1033.04,19260.8,interpolated
3182,2025-06-28 00:00:00+00:00,1031.24,1034.52,1030.04,1033.08,18538.6,interpolated
3183,2025-06-28 02:00:00+00:00,1030.76,1035.28,1029.96,1033.1200000000001,17816.4,interpolated
3184,2025-06-28 04:00:00+00:00,1030.28,1036.04,1029.8799999999999,1033.16,17094.2,interpolated
3185,2025-06-28 06:00:00+00:00,1029.8,1036.8,1029.8,1033.2,16372.0,present
3186,2025-06-28 08:00:00+00:00,1033.2,1033.6,1029.2,1031.8,21324.0,present
3187,2025-06-28 10:00:00+00:00,1031.8,1032.0,1030.2,1031.0,4274.0,present
3188,2025-06-28 12:00:00+00:00,1031.0,1031.6,1028.4,1029.8,5797.0,present
3189,2025-06-28 14:00:00+00:00,1029.2,1031.8,1028.4,1030.0,5722.0,present
3190,2025-06-28 16:00:00+00:00,1029.325,1031.95,1028.25,1030.0,5964.75,interpolated
3191,2025-06-28 18:00:00+00:00,1029.45,1032.1,1028.1000000000001,1030.0,6207.5,interpolated
3192,2025-06-28 20:00:00+00:00,1029.575,1032.25,1027.95,1030.0,6450.25,interpolated
3193,2025-06-28 22:00:00+00:00,1029.7,1032.4,1027.8000000000002,1030.0,6693.0,interpolated
3194,2025-06-29 00:00:00+00:00,1029.825,1032.55,1027.65,1030.0,6935.75,interpolated
3195,2025-06-29 02:00:00+00:00,1029.95,1032.7,1027.5,1030.0,7178.5,interpolated
3196,2025-06-29 04:00:00+00:00,1030.075,1032.85,1027.3500000000001,1030.0,7421.25,interpolated
3197,2025-06-29 06:00:00+00:00,1030.2,1033.0,1027.2,1030.0,7664.0,present
3198,2025-06-29 08:00:00+00:00,1029.6,1030.2,1025.6,1026.4,10708.0,present
3199,2025-06-29 10:00:00+00:00,1026.4,1029.4,1026.2,1028.8,5988.0,present
3200,2025-06-29 12:00:00+00:00,1028.8,1032.2,1027.4,1028.0,5374.0,present
3201,2025-06-29 14:00:00+00:00,1028.0,1028.4,1023.8,1026.0,20529.0,present
3202,2025-06-29 16:00:00+00:00,1027.8,1028.1333333333334,1024.3,1026.1333333333332,17124.5,interpolated
3203,2025-06-29 18:00:00+00:00,1027.6,1027.8666666666668,1024.8,1026.2666666666667,13720.0,interpolated
3204,2025-06-29 20:00:00+00:00,1027.4,1027.6,1025.3,1026.4,10315.499999999998,interpolated
3205,2025-06-29 22:00:00+00:00,1027.2,1027.3333333333333,1025.8,1026.5333333333333,6910.999999999998,interpolated
3206,2025-06-30 00:00:00+00:00,1027.0,1027.0666666666666,1026.3,1026.6666666666665,3506.5,interpolated
3207,2025-06-30 02:00:00+00:00,1026.8,1026.8,1026.8,1026.8,102.0,present
3208,2025-06-30 04:00:00+00:00,1026.2,1028.6,1020.2,1023.4,50917.0,present
3209,2025-06-30 06:00:00+00:00,1023.2,1036.8,1021.2,1030.8,118325.0,present
3210,2025-06-30 08:00:00+00:00,1031.6,1044.0,1031.6,1038.0,152790.0,present
3211,2025-06-30 10:00:00+00:00,1037.8,1053.6,1037.8,1049.0,255900.0,present
3212,2025-06-30 12:00:00+00:00,1048.8,1055.0,1048.2,1053.6,117676.0,present
3213,2025-06-30 14:00:00+00:00,1053.6,1066.8,1050.2,1066.8,198778.0,present
3214,2025-06-30 16:00:00+00:00,1065.0,1065.0,1054.4,1059.4,92404.0,present
3215,2025-06-30 18:00:00+00:00,1059.4,1062.6,1056.0,1057.6,33545.0,present
3216,2025-06-30 20:00:00+00:00,1057.6,1058.8,1055.0,1055.6,17780.0,present
3217,2025-06-30 22:00:00+00:00,1056.2666666666667,1057.0666666666666,1054.5333333333333,1054.9333333333332,11870.0,interpolated
3218,2025-07-01 00:00:00+00:00,1054.9333333333332,1055.3333333333333,1054.0666666666666,1054.2666666666667,5960.0,interpolated
3219,2025-07-01 02:00:00+00:00,1053.6,1053.6,1053.6,1053.6,50.0,present
3220,2025-07-01 04:00:00+00:00,1055.4,1069.0,1053.0,1066.8,117364.0,present
3221,2025-07-01 06:00:00+00:00,1066.8,1068.0,1054.0,1064.4,169184.0,present
3222,2025-07-01 08:00:00+00:00,1064.6,1067.6,1047.2,1054.0,243711.0,present
3223,2025-07-01 10:00:00+00:00,1054.0,1054.2,1044.8,1052.0,158223.0,present
3224,2025-07-01 12:00:00+00:00,1052.0,1057.2,1050.0,1050.4,92919.0,present
3225,2025-07-01 12:00:00+00:00,1052.0,1057.2,1050.0,1050.4,92919.0,present
3226,2025-07-01 14:00:00+00:00,1050.2,1058.2,1045.0,1052.8,156411.0,present
3227,2025-07-01 16:00:00+00:00,1052.6,1056.0,1045.0,1046.4,73592.0,present
3228,2025-07-01 18:00:00+00:00,1046.4,1046.8,1042.0,1043.8,41158.0,present
3229,2025-07-01 20:00:00+00:00,1043.0,1047.8,1043.0,1047.6,22030.0,present
3230,2025-07-01 22:00:00+00:00,1044.6,1047.8,1044.6,1047.6666666666665,14689.666666666666,interpolated
3231,2025-07-02 00:00:00+00:00,1046.2,1047.8,1046.2,1047.7333333333333,7349.333333333332,interpolated
3232,2025-07-02 02:00:00+00:00,1047.8,1047.8,1047.8,1047.8,9.0,present
3233,2025-07-02 04:00:00+00:00,1048.2,1052.4,1044.2,1046.0,36831.0,present
3234,2025-07-02 06:00:00+00:00,1045.4,1051.8,1042.0,1047.2,63357.0,present
3235,2025-07-02 08:00:00+00:00,1046.6,1055.4,1045.0,1054.0,92558.0,present
3236,2025-07-02 10:00:00+00:00,1054.0,1054.0,1038.0,1045.0,181449.0,present
3237,2025-07-02 12:00:00+00:00,1044.8,1052.8,1044.2,1047.0,58903.0,present
3238,2025-07-02 14:00:00+00:00,1047.4,1049.8,1033.4,1036.0,98274.0,present
3239,2025-07-02 16:00:00+00:00,1036.0,1042.6,1035.4,1040.2,43893.0,present
3240,2025-07-02 18:00:00+00:00,1040.2,1040.2,1034.0,1037.2,24815.0,present
3241,2025-07-02 20:00:00+00:00,1037.0,1042.0,1036.4,1042.0,12309.0,present
3242,2025-07-02 22:00:00+00:00,1036.4,1039.7333333333333,1036.0,1039.7333333333333,8375.666666666668,interpolated
3243,2025-07-03 00:00:00+00:00,1035.8,1037.4666666666667,1035.6000000000001,1037.4666666666667,4442.333333333334,interpolated
3244,2025-07-03 02:00:00+00:00,1035.2,1035.2,1035.2,1035.2,509.0,present
3245,2025-07-03 04:00:00+00:00,1040.0,1043.4,1035.4,1042.0,17487.0,present
3246,2025-07-03 06:00:00+00:00,1042.0,1046.2,1034.4,1046.2,56147.0,present
3247,2025-07-03 08:00:00+00:00,1046.2,1057.6,1044.8,1053.2,163541.0,present
3248,2025-07-03 10:00:00+00:00,1053.4,1071.8,1053.2,1069.6,311147.0,present
3249,2025-07-03 12:00:00+00:00,1069.6,1074.8,1065.0,1071.0,184174.0,present
3250,2025-07-03 14:00:00+00:00,1071.0,1071.0,1065.4,1070.0,139043.0,present
3251,2025-07-03 16:00:00+00:00,1069.0,1071.8,1060.6,1063.0,165989.0,present
3252,2025-07-03 18:00:00+00:00,1063.0,1065.8,1059.6,1061.0,41099.0,present
3253,2025-07-03 20:00:00+00:00,1062.0,1064.0,1060.2,1063.0,19449.0,present
3254,2025-07-03 22:00:00+00:00,1061.6666666666667,1063.0,1060.4666666666667,1062.3333333333333,12997.666666666668,interpolated
3255,2025-07-04 00:00:00+00:00,1061.3333333333333,1062.0,1060.7333333333333,1061.6666666666667,6546.333333333334,interpolated
3256,2025-07-04 02:00:00+00:00,1061.0,1061.0,1061.0,1061.0,95.0,present
3257,2025-07-04 04:00:00+00:00,1061.6,1065.8,1053.0,1058.2,87941.0,present
3258,2025-07-04 06:00:00+00:00,1058.6,1065.0,1053.6,1053.6,95851.0,present
3259,2025-07-04 08:00:00+00:00,1053.6,1057.8,1041.0,1056.8,185178.0,present
3260,2025-07-04 10:00:00+00:00,1057.0,1061.6,1051.4,1055.6,140301.0,present
3261,2025-07-04 12:00:00+00:00,1055.6,1056.6,1036.4,1037.4,145721.0,present
3262,2025-07-04 14:00:00+00:00,1037.0,1042.4,1031.0,1037.6,144841.0,present
3263,2025-07-04 16:00:00+00:00,1037.6,1042.6,1033.4,1038.8,41305.0,present
3264,2025-07-04 18:00:00+00:00,1038.6,1040.0,1037.2,1038.8,9733.0,present
3265,2025-07-04 20:00:00+00:00,1038.6,1040.4,1037.2,1040.0,14309.0,present
3266,2025-07-04 22:00:00+00:00,1038.6399999999999,1041.0800000000002,1037.24,1040.0,12281.6,interpolated
3267,2025-07-05 00:00:00+00:00,1038.6799999999998,1041.76,1037.28,1040.0,10254.2,interpolated
3268,2025-07-05 02:00:00+00:00,1038.72,1042.44,1037.3200000000002,1040.0,8226.8,interpolated
3269,2025-07-05 04:00:00+00:00,1038.76,1043.12,1037.3600000000001,1040.0,6199.400000000001,interpolated
3270,2025-07-05 06:00:00+00:00,1038.8,1043.8,1037.4,1040.0,4172.0,present
3271,2025-07-05 08:00:00+00:00,1039.2,1041.0,1036.2,1036.6,9696.0,present
3272,2025-07-05 10:00:00+00:00,1036.6,1044.0,1035.6,1041.0,24142.0,present
3273,2025-07-05 12:00:00+00:00,1041.0,1042.2,1039.2,1041.8,5839.0,present
3274,2025-07-05 14:00:00+00:00,1041.8,1042.6,1038.2,1038.4,7847.0,present
3275,2025-07-05 16:00:00+00:00,1041.35,1042.1999999999998,1037.9750000000001,1038.275,7140.375,interpolated
3276,2025-07-05 18:00:00+00:00,1040.9,1041.8,1037.75,1038.15,6433.75,interpolated
3277,2025-07-05 20:00:00+00:00,1040.45,1041.4,1037.525,1038.025,5727.125,interpolated
3278,2025-07-05 22:00:00+00:00,1040.0,1041.0,1037.3000000000002,1037.9,5020.5,interpolated
3279,2025-07-06 00:00:00+00:00,1039.55,1040.6,1037.075,1037.775,4313.875,interpolated
3280,2025-07-06 02:00:00+00:00,1039.1,1040.2,1036.8500000000001,1037.65,3607.25,interpolated
3281,2025-07-06 04:00:00+00:00,1038.65,1039.8000000000002,1036.625,1037.525,2900.625,interpolated
3282,2025-07-06 06:00:00+00:00,1038.2,1039.4,1036.4,1037.4,2194.0,present
3283,2025-07-06 08:00:00+00:00,1037.4,1038.8,1037.2,1038.0,2488.0,present
3284,2025-07-06 10:00:00+00:00,1038.0,1038.4,1037.2,1037.8,1861.0,present
3285,2025-07-06 12:00:00+00:00,1037.8,1038.2,1037.2,1037.2,1964.0,present
3286,2025-07-06 14:00:00+00:00,1038.0,1040.4,1037.2,1040.4,4491.0,present
3287,2025-07-06 16:00:00+00:00,1038.2,1040.2,1037.5333333333333,1040.2,3752.1666666666665,interpolated
3288,2025-07-06 18:00:00+00:00,1038.4,1040.0,1037.8666666666668,1040.0,3013.333333333333,interpolated
3289,2025-07-06 20:00:00+00:00,1038.6,1039.8000000000002,1038.2,1039.8000000000002,2274.5,interpolated
3290,2025-07-06 22:00:00+00:00,1038.8,1039.6000000000001,1038.5333333333333,1039.6000000000001,1535.6666666666665,interpolated
3291,2025-07-07 00:00:00+00:00,1039.0,1039.4,1038.8666666666668,1039.4,796.8333333333335,interpolated
3292,2025-07-07 02:00:00+00:00,1039.2,1039.2,1039.2,1039.2,58.0,present
3293,2025-07-07 04:00:00+00:00,1039.2,1039.4,1021.0,1025.0,99828.0,present
3294,2025-07-07 06:00:00+00:00,1025.0,1027.0,1020.2,1023.4,114438.0,present
3295,2025-07-07 08:00:00+00:00,1022.8,1024.0,1014.4,1021.0,180200.0,present
3296,2025-07-07 10:00:00+00:00,1021.4,1023.0,1011.0,1014.4,151922.0,present
3297,2025-07-07 12:00:00+00:00,1014.4,1017.2,1009.2,1009.2,98609.0,present
3298,2025-07-07 14:00:00+00:00,1009.2,1010.8,1007.4,1009.2,90186.0,present
3299,2025-07-07 16:00:00+00:00,1009.2,1013.6,1009.0,1012.0,30404.0,present
3300,2025-07-07 18:00:00+00:00,1012.2,1014.0,1011.4,1013.8,22640.0,present
3301,2025-07-07 20:00:00+00:00,1013.6,1013.6,1009.0,1011.8,18474.0,present
3302,2025-07-07 22:00:00+00:00,1013.0,1013.0,1009.9333333333333,1011.8,12344.333333333332,interpolated
3303,2025-07-08 00:00:00+00:00,1012.4,1012.4,1010.8666666666667,1011.8,6214.666666666666,interpolated
3304,2025-07-08 02:00:00+00:00,1011.8,1011.8,1011.8,1011.8,85.0,present
3305,2025-07-08 04:00:00+00:00,1011.8,1012.4,1002.0,1005.0,63898.0,present
3306,2025-07-08 06:00:00+00:00,1006.2,1013.2,1003.2,1012.4,67953.0,present
3307,2025-07-08 08:00:00+00:00,1011.6,1017.6,1010.4,1015.4,56523.0,present
3308,2025-07-08 10:00:00+00:00,1015.6,1016.4,1006.4,1007.4,44821.0,present
3309,2025-07-08 12:00:00+00:00,1007.2,1010.4,1005.4,1006.6,62224.0,present
3310,2025-07-08 12:00:00+00:00,1007.2,1010.4,1005.4,1006.6,62224.0,present
3311,2025-07-08 14:00:00+00:00,1006.4,1012.2,1005.6,1011.0,122076.0,present
3312,2025-07-08 16:00:00+00:00,1011.0,1011.6,994.8,994.8,170984.0,present
3313,2025-07-08 18:00:00+00:00,995.0,999.4,992.0,997.8,83822.0,present
3314,2025-07-08 20:00:00+00:00,997.8,999.6,996.0,998.2,13538.0,present
3315,2025-07-08 22:00:00+00:00,998.1999999999999,999.4,997.0,998.4666666666667,9030.0,interpolated
3316,2025-07-09 00:00:00+00:00,998.6,999.2,998.0,998.7333333333333,4522.0,interpolated
3317,2025-07-09 02:00:00+00:00,999.0,999.0,999.0,999.0,14.0,present
3318,2025-07-09 04:00:00+00:00,999.0,1003.8,997.8,998.6,32497.0,present
3319,2025-07-09 06:00:00+00:00,998.6,1004.4,995.6,998.8,77830.0,present
3320,2025-07-09 08:00:00+00:00,998.8,1004.4,995.6,997.2,93672.0,present
3321,2025-07-09 10:00:00+00:00,997.2,1002.6,994.0,1001.8,103197.0,present
3322,2025-07-09 12:00:00+00:00,1001.8,1012.0,1001.6,1006.8,135900.0,present
3323,2025-07-09 14:00:00+00:00,1006.8,1006.8,997.0,1003.8,102417.0,present
3324,2025-07-09 16:00:00+00:00,1003.6,1012.0,1000.4,1005.4,102692.0,present
3325,2025-07-09 18:00:00+00:00,1005.2,1014.0,1005.0,1012.0,37934.0,present
3326,2025-07-09 20:00:00+00:00,1012.4,1012.6,1008.8,1010.2,18392.0,present
3327,2025-07-09 22:00:00+00:00,1012.8666666666667,1013.0,1010.4666666666666,1011.4,12303.0,interpolated
3328,2025-07-10 00:00:00+00:00,1013.3333333333333,1013.4,1012.1333333333333,1012.6,6214.0,interpolated
3329,2025-07-10 02:00:00+00:00,1013.8,1013.8,1013.8,1013.8,125.0,present
3330,2025-07-10 04:00:00+00:00,1013.8,1021.8,1013.4,1015.6,56174.0,present
3331,2025-07-10 06:00:00+00:00,1015.8,1020.0,1013.2,1015.4,70560.0,present
3332,2025-07-10 08:00:00+00:00,1015.4,1017.4,1007.2,1008.6,111963.0,present
3333,2025-07-10 10:00:00+00:00,1008.8,1009.2,999.0,1002.0,174752.0,present
3334,2025-07-10 12:00:00+00:00,1002.0,1007.2,999.0,1002.2,110825.0,present
3335,2025-07-10 14:00:00+00:00,1002.8,1006.8,1002.0,1006.0,69233.0,present
3336,2025-07-10 16:00:00+00:00,1006.0,1006.2,1002.0,1003.6,22212.0,present
3337,2025-07-10 18:00:00+00:00,1003.6,1005.2,1002.6,1004.4,10398.0,present
3338,2025-07-10 20:00:00+00:00,1004.6,1006.8,1002.2,1002.6,20028.0,present
3339,2025-07-10 22:00:00+00:00,1003.3333333333334,1004.8,1001.7333333333333,1002.0,13634.333333333332,interpolated
3340,2025-07-11 00:00:00+00:00,1002.0666666666666,1002.8,1001.2666666666667,1001.4,7240.666666666666,interpolated
3341,2025-07-11 02:00:00+00:00,1000.8,1000.8,1000.8,1000.8,847.0,present
3342,2025-07-11 04:00:00+00:00,1000.8,1005.0,995.0,998.0,106999.0,present
3343,2025-07-11 06:00:00+00:00,998.6,1001.4,992.0,999.4,105612.0,present
3344,2025-07-11 08:00:00+00:00,999.0,1000.0,989.8,996.0,141739.0,present
3345,2025-07-11 10:00:00+00:00,995.8,999.0,991.0,994.0,58072.0,present
3346,2025-07-11 12:00:00+00:00,994.0,998.8,993.8,997.8,51307.0,present
3347,2025-07-11 14:00:00+00:00,997.6,997.6,981.2,981.2,155723.0,present
3348,2025-07-11 16:00:00+00:00,981.2,986.4,980.8,983.6,48499.0,present
3349,2025-07-11 18:00:00+00:00,983.6,986.2,981.8,984.2,15768.0,present
3350,2025-07-11 20:00:00+00:00,984.2,985.4,982.4,983.6,11699.0,present
3351,2025-07-11 22:00:00+00:00,984.76,986.64,982.76,985.04,11800.0,interpolated
3352,2025-07-12 00:00:00+00:00,985.32,987.88,983.12,986.48,11901.0,interpolated
3353,2025-07-12 02:00:00+00:00,985.88,989.12,983.48,987.92,12002.0,interpolated
3354,2025-07-12 04:00:00+00:00,986.44,990.36,983.84,989.36,12103.0,interpolated
3355,2025-07-12 06:00:00+00:00,987.0,991.6,984.2,990.8,12204.0,present
3356,2025-07-12 08:00:00+00:00,991.0,992.8,989.2,991.2,11918.0,present
3357,2025-07-12 10:00:00+00:00,991.6,991.8,989.4,991.0,3672.0,present
3358,2025-07-12 12:00:00+00:00,990.6,991.6,989.2,991.4,4274.0,present
3359,2025-07-12 14:00:00+00:00,991.0,991.4,988.6,991.0,5550.0,present
3360,2025-07-12 16:00:00+00:00,991.175,991.525,988.5,990.7,6056.75,interpolated
3361,2025-07-12 18:00:00+00:00,991.35,991.65,988.4,990.4,6563.5,interpolated
3362,2025-07-12 20:00:00+00:00,991.525,991.775,988.3,990.1,7070.25,interpolated
3363,2025-07-12 22:00:00+00:00,991.7,991.9,988.2,989.8,7577.0,interpolated
3364,2025-07-13 00:00:00+00:00,991.875,992.025,988.1,989.5,8083.75,interpolated
3365,2025-07-13 02:00:00+00:00,992.05,992.15,988.0,989.2,8590.5,interpolated
3366,2025-07-13 04:00:00+00:00,992.225,992.275,987.9,988.9,9097.25,interpolated
3367,2025-07-13 06:00:00+00:00,992.4,992.4,987.8,988.6,9604.0,present
3368,2025-07-13 08:00:00+00:00,989.4,989.4,976.6,980.6,39055.0,present
3369,2025-07-13 10:00:00+00:00,981.0,983.8,980.6,981.6,9965.0,present
3370,2025-07-13 12:00:00+00:00,982.8,983.0,981.2,982.0,3530.0,present
3371,2025-07-13 14:00:00+00:00,982.0,985.2,981.8,984.2,11792.0,present
3372,2025-07-13 16:00:00+00:00,982.6333333333333,985.3000000000001,982.4666666666666,984.4666666666667,9954.333333333334,interpolated
3373,2025-07-13 18:00:00+00:00,983.2666666666667,985.4,983.1333333333333,984.7333333333333,8116.666666666666,interpolated
3374,2025-07-13 20:00:00+00:00,983.9,985.5,983.8,985.0,6279.0,interpolated
3375,2025-07-13 22:00:00+00:00,984.5333333333333,985.6,984.4666666666666,985.2666666666667,4441.333333333333,interpolated
3376,2025-07-14 00:00:00+00:00,985.1666666666666,985.6999999999999,985.1333333333333,985.5333333333333,2603.666666666666,interpolated
3377,2025-07-14 02:00:00+00:00,985.8,985.8,985.8,985.8,766.0,present
3378,2025-07-14 04:00:00+00:00,984.2,985.6,970.0,975.0,114183.0,present
3379,2025-07-14 06:00:00+00:00,974.6,982.6,972.6,979.4,88839.0,present
3380,2025-07-14 08:00:00+00:00,979.6,985.8,976.8,984.6,79130.0,present
3381,2025-07-14 10:00:00+00:00,984.8,987.6,981.8,983.8,49868.0,present
3382,2025-07-14 12:00:00+00:00,983.8,997.4,983.0,990.8,116843.0,present
3383,2025-07-14 14:00:00+00:00,998.5999999999999,1010.0999999999999,998.1,1004.0999999999999,120460.5,interpolated
3384,2025-07-14 16:00:00+00:00,1013.4,1022.8,1013.2,1017.4,124078.0,present
3385,2025-07-14 18:00:00+00:00,1017.4,1018.2,1015.6,1016.8,15657.0,present
3386,2025-07-14 20:00:00+00:00,1016.8,1019.0,1016.2,1016.4,9990.0,present
3387,2025-07-14 22:00:00+00:00,1017.8666666666667,1019.3333333333334,1017.4666666666667,1017.6,6753.666666666666,interpolated
3388,2025-07-15 00:00:00+00:00,1018.9333333333333,1019.6666666666666,1018.7333333333333,1018.8,3517.333333333333,interpolated
3389,2025-07-15 02:00:00+00:00,1020.0,1020.0,1020.0,1020.0,281.0,present
3390,2025-07-15 04:00:00+00:00,1020.0,1029.4,1017.2,1025.0,69890.0,present
3391,2025-07-15 06:00:00+00:00,1025.0,1030.8,1020.8,1024.2,115300.0,present
3392,2025-07-15 08:00:00+00:00,1024.8,1038.6,1024.2,1033.0,197064.0,present
3393,2025-07-15 10:00:00+00:00,1033.0,1033.6,1026.8,1027.8,64058.0,present
3394,2025-07-15 12:00:00+00:00,1028.2,1029.0,1021.0,1025.8,131757.0,present
3395,2025-07-15 12:00:00+00:00,1028.2,1029.0,1021.0,1025.8,131757.0,present
3396,2025-07-15 14:00:00+00:00,1026.6,1036.6,1026.2,1035.0,115004.0,present
3397,2025-07-15 16:00:00+00:00,1035.8,1037.0,1029.4,1030.2,39979.0,present
3398,2025-07-15 18:00:00+00:00,1030.4,1031.4,1029.0,1030.6,19249.0,present
3399,2025-07-15 20:00:00+00:00,1030.0,1030.6,1028.8,1030.4,11564.0,present
3400,2025-07-15 22:00:00+00:00,1030.2666666666667,1030.6666666666665,1029.4666666666667,1030.5333333333333,7718.0,interpolated
3401,2025-07-16 00:00:00+00:00,1030.5333333333333,1030.7333333333333,1030.1333333333332,1030.6666666666667,3872.000000000001,interpolated
3402,2025-07-16 02:00:00+00:00,1030.8,1030.8,1030.8,1030.8,26.0,present
3403,2025-07-16 04:00:00+00:00,1033.4,1039.0,1030.4,1036.8,43914.0,present
3404,2025-07-16 06:00:00+00:00,1036.4,1038.8,1031.4,1035.2,88902.0,present
3405,2025-07-16 08:00:00+00:00,1035.0,1045.6,1033.4,1043.2,109168.0,present
3406,2025-07-16 10:00:00+00:00,1043.4,1044.0,1037.6,1039.0,74965.0,present
3407,2025-07-16 12:00:00+00:00,1038.8,1043.2,1035.6,1036.4,61200.0,present
3408,2025-07-16 14:00:00+00:00,1036.4,1037.6,1033.8,1036.6,56073.0,present
3409,2025-07-16 16:00:00+00:00,1038.0,1040.4,1037.6,1038.0,38732.0,present
3410,2025-07-16 18:00:00+00:00,1038.0,1040.8,1035.2,1035.4,31582.0,present
3411,2025-07-16 20:00:00+00:00,1035.2,1036.4,1033.8,1034.0,12779.0,present
3412,2025-07-16 22:00:00+00:00,1034.8,1035.6000000000001,1033.8666666666666,1034.0,8533.666666666668,interpolated
3413,2025-07-17 00:00:00+00:00,1034.4,1034.8,1033.9333333333334,1034.0,4288.333333333334,interpolated
3414,2025-07-17 02:00:00+00:00,1034.0,1034.0,1034.0,1034.0,43.0,present
3415,2025-07-17 04:00:00+00:00,1034.0,1036.8,1034.0,1035.0,13958.0,present
3416,2025-07-17 06:00:00+00:00,1035.0,1040.6,1035.0,1039.0,42940.0,present
3417,2025-07-17 08:00:00+00:00,1039.4,1040.0,1034.0,1035.6,51938.0,present
3418,2025-07-17 10:00:00+00:00,1036.0,1037.8,1031.0,1033.2,79517.0,present
3419,2025-07-17 12:00:00+00:00,1032.2,1033.2,1026.6,1030.0,84012.0,present
3420,2025-07-17 14:00:00+00:00,1029.8,1032.8,1023.2,1023.8,88035.0,present
3421,2025-07-17 16:00:00+00:00,1023.8,1027.6,1018.8,1027.2,100260.0,present
3422,2025-07-17 18:00:00+00:00,1027.2,1027.4,1020.2,1021.0,26743.0,present
3423,2025-07-17 20:00:00+00:00,1021.0,1022.4,1018.0,1020.2,12459.0,present
3424,2025-07-17 22:00:00+00:00,1020.0,1020.9333333333333,1018.0,1019.4666666666667,8435.0,interpolated
3425,2025-07-18 00:00:00+00:00,1019.0,1019.4666666666667,1018.0,1018.7333333333333,4411.000000000001,interpolated
3426,2025-07-18 02:00:00+00:00,1018.0,1018.0,1018.0,1018.0,387.0,present
3427,2025-07-18 04:00:00+00:00,1018.0,1029.6,1017.0,1025.8,50626.0,present
3428,2025-07-18 06:00:00+00:00,1026.0,1041.8,1021.6,1037.0,152063.0,present
3429,2025-07-18 08:00:00+00:00,1037.0,1057.0,1037.0,1046.0,475661.0,present
3430,2025-07-18 10:00:00+00:00,1045.6,1048.4,1037.0,1038.2,337200.0,present
3431,2025-07-18 12:00:00+00:00,1038.4,1039.8,1021.8,1024.8,376539.0,present
3432,2025-07-18 14:00:00+00:00,1024.8,1037.6,1024.0,1031.0,366287.0,present
3433,2025-07-18 16:00:00+00:00,1031.2,1040.4,1031.2,1037.4,102887.0,present
3434,2025-07-18 18:00:00+00:00,1037.4,1040.0,1034.8,1039.8,56714.0,present
3435,2025-07-18 20:00:00+00:00,1040.0,1041.4,1037.6,1040.6,42766.0,present
3436,2025-07-18 22:00:00+00:00,1040.2,1043.3200000000002,1037.8,1041.36,48860.0,interpolated
3437,2025-07-19 00:00:00+00:00,1040.4,1045.24,1038.0,1042.12,54954.0,interpolated
3438,2025-07-19 02:00:00+00:00,1040.6,1047.16,1038.1999999999998,1042.88,61048.0,interpolated
3439,2025-07-19 04:00:00+00:00,1040.8,1049.08,1038.3999999999999,1043.64,67142.0,interpolated
3440,2025-07-19 06:00:00+00:00,1041.0,1051.0,1038.6,1044.4,73236.0,present
3441,2025-07-19 08:00:00+00:00,1044.2,1049.0,1040.4,1041.0,31912.0,present
3442,2025-07-19 10:00:00+00:00,1041.0,1043.2,1039.2,1041.4,19335.0,present
3443,2025-07-19 12:00:00+00:00,1041.0,1041.4,1038.0,1041.2,24259.0,present
3444,2025-07-19 14:00:00+00:00,1040.8,1044.6,1040.2,1042.8,23591.0,present
3445,2025-07-19 16:00:00+00:00,1041.45,1044.9499999999998,1040.4,1042.725,22511.25,interpolated
3446,2025-07-19 18:00:00+00:00,1042.1,1045.3,1040.6,1042.65,21431.5,interpolated
3447,2025-07-19 20:00:00+00:00,1042.75,1045.65,1040.8,1042.575,20351.75,interpolated
3448,2025-07-19 22:00:00+00:00,1043.4,1046.0,1041.0,1042.5,19272.0,interpolated
3449,2025-07-20 00:00:00+00:00,1044.05,1046.35,1041.2,1042.425,18192.25,interpolated
3450,2025-07-20 02:00:00+00:00,1044.7,1046.7,1041.4,1042.35,17112.5,interpolated
3451,2025-07-20 04:00:00+00:00,1045.35,1047.0500000000002,1041.6,1042.275,16032.75,interpolated
3452,2025-07-20 06:00:00+00:00,1046.0,1047.4,1041.8,1042.2,14953.0,present
3453,2025-07-20 08:00:00+00:00,1042.8,1046.6,1042.4,1044.2,18105.0,present
3454,2025-07-20 10:00:00+00:00,1044.0,1047.0,1042.6,1046.8,18594.0,present
3455,2025-07-20 12:00:00+00:00,1046.4,1047.6,1041.2,1043.4,12619.0,present
3456,2025-07-20 14:00:00+00:00,1043.4,1045.8,1040.8,1045.0,18949.0,present
3457,2025-07-20 16:00:00+00:00,1043.2666666666667,1045.2666666666667,1041.1,1044.6,16007.833333333334,interpolated
3458,2025-07-20 18:00:00+00:00,1043.1333333333334,1044.7333333333333,1041.3999999999999,1044.2,13066.666666666668,interpolated
3459,2025-07-20 20:00:00+00:00,1043.0,1044.1999999999998,1041.6999999999998,1043.8,10125.5,interpolated
3460,2025-07-20 22:00:00+00:00,1042.8666666666666,1043.6666666666665,1042.0,1043.3999999999999,7184.333333333334,interpolated
3461,2025-07-21 00:00:00+00:00,1042.7333333333333,1043.1333333333332,1042.3,1043.0,4243.166666666666,interpolated
3462,2025-07-21 02:00:00+00:00,1042.6,1042.6,1042.6,1042.6,1302.0,present
3463,2025-07-21 04:00:00+00:00,1043.0,1048.6,1042.0,1045.6,57080.0,present
3464,2025-07-21 06:00:00+00:00,1045.6,1045.6,1031.4,1032.2,209419.0,present
3465,2025-07-21 08:00:00+00:00,1032.2,1042.8,1026.4,1035.0,561440.0,present
3466,2025-07-21 10:00:00+00:00,1035.0,1043.6,1032.8,1042.4,203162.0,present
3467,2025-07-21 12:00:00+00:00,1042.8,1050.0,1041.8,1045.0,270692.0,present
3468,2025-07-21 14:00:00+00:00,1045.0,1054.0,1042.6,1047.6,205272.0,present
3469,2025-07-21 16:00:00+00:00,1047.8,1050.0,1040.8,1041.0,79791.0,present
3470,2025-07-21 18:00:00+00:00,1041.0,1044.8,1041.0,1043.2,24909.0,present
3471,2025-07-21 20:00:00+00:00,1043.0,1044.2,1040.2,1042.6,16552.0,present
3472,2025-07-21 22:00:00+00:00,1042.0,1042.8,1040.1333333333334,1041.7333333333333,11053.333333333334,interpolated
3473,2025-07-22 00:00:00+00:00,1041.0,1041.4,1040.0666666666666,1040.8666666666666,5554.666666666668,interpolated
3474,2025-07-22 02:00:00+00:00,1040.0,1040.0,1040.0,1040.0,56.0,present
3475,2025-07-22 04:00:00+00:00,1040.0,1045.0,1036.8,1038.0,25198.0,present
3476,2025-07-22 06:00:00+00:00,1038.0,1047.0,1036.2,1041.2,92620.0,present
3477,2025-07-22 08:00:00+00:00,1041.2,1051.0,1035.6,1049.2,247272.0,present
3478,2025-07-22 10:00:00+00:00,1049.6,1065.0,1047.8,1061.6,307214.0,present
3479,2025-07-22 12:00:00+00:00,1061.2,1072.4,1060.6,1071.0,276274.0,present
3480,2025-07-22 12:00:00+00:00,1061.2,1072.4,1060.6,1071.0,276274.0,present
3481,2025-07-22 14:00:00+00:00,1070.8,1071.2,1055.4,1056.0,235619.0,present
3482,2025-07-22 16:00:00+00:00,1057.4,1063.8,1056.6,1063.2,41585.0,present
3483,2025-07-22 18:00:00+00:00,1063.0,1063.0,1057.6,1062.0,27817.0,present
3484,2025-07-22 20:00:00+00:00,1062.0,1062.2,1059.4,1061.2,14645.0,present
3485,2025-07-22 22:00:00+00:00,1061.6666666666667,1061.8,1059.9333333333334,1061.1333333333334,9833.0,interpolated
3486,2025-07-23 00:00:00+00:00,1061.3333333333333,1061.4,1060.4666666666667,1061.0666666666666,5021.0,interpolated
3487,2025-07-23 02:00:00+00:00,1061.0,1061.0,1061.0,1061.0,209.0,present
3488,2025-07-23 04:00:00+00:00,1060.8,1066.2,1059.0,1059.0,41951.0,present
3489,2025-07-23 06:00:00+00:00,1059.0,1065.4,1053.4,1064.4,165499.0,present
3490,2025-07-23 08:00:00+00:00,1064.2,1065.8,1054.4,1058.0,125957.0,present
3491,2025-07-23 10:00:00+00:00,1058.0,1058.2,1046.2,1049.6,191020.0,present
3492,2025-07-23 12:00:00+00:00,1049.8,1051.8,1038.0,1039.8,194731.0,present
3493,2025-07-23 14:00:00+00:00,1039.8,1043.6,1035.2,1042.2,221152.0,present
3494,2025-07-23 16:00:00+00:00,1043.0,1045.6,1038.6,1044.2,82258.0,present
3495,2025-07-23 18:00:00+00:00,1044.0,1045.8,1039.2,1041.6,46255.0,present
3496,2025-07-23 20:00:00+00:00,1041.4,1042.0,1038.0,1040.0,26088.0,present
3497,2025-07-23 22:00:00+00:00,1041.0,1041.4,1038.7333333333333,1040.0666666666666,17431.333333333336,interpolated
3498,2025-07-24 00:00:00+00:00,1040.6000000000001,1040.8,1039.4666666666667,1040.1333333333334,8774.666666666668,interpolated
3499,2025-07-24 02:00:00+00:00,1040.2,1040.2,1040.2,1040.2,118.0,present
3500,2025-07-24 04:00:00+00:00,1040.0,1045.6,1040.0,1042.4,25698.0,present
3501,2025-07-24 06:00:00+00:00,1042.4,1044.6,1015.8,1024.0,339062.0,present
3502,2025-07-24 08:00:00+00:00,1024.0,1035.2,1016.4,1031.2,364737.0,present
3503,2025-07-24 10:00:00+00:00,1031.0,1033.8,1027.6,1030.0,92736.0,present
3504,2025-07-24 12:00:00+00:00,1030.2,1032.8,1021.4,1022.2,160624.0,present
3505,2025-07-24 14:00:00+00:00,1022.8,1031.6,1020.4,1028.0,176289.0,present
3506,2025-07-24 16:00:00+00:00,1028.2,1033.4,1028.0,1030.6,21006.0,present
3507,2025-07-24 18:00:00+00:00,1030.4,1032.2,1029.2,1029.2,24200.0,present
3508,2025-07-24 20:00:00+00:00,1029.4,1031.8,1029.0,1031.8,11100.0,present
3509,2025-07-24 22:00:00+00:00,1029.2666666666667,1030.8666666666666,1029.0,1030.8666666666666,7433.333333333334,interpolated
3510,2025-07-25 00:00:00+00:00,1029.1333333333334,1029.9333333333334,1029.0,1029.9333333333334,3766.666666666667,interpolated
3511,2025-07-25 02:00:00+00:00,1029.0,1029.0,1029.0,1029.0,100.0,present
3512,2025-07-25 04:00:00+00:00,1031.0,1037.6,1029.2,1035.6,45861.0,present
3513,2025-07-25 06:00:00+00:00,1035.6,1037.2,1027.2,1030.2,57722.0,present
3514,2025-07-25 08:00:00+00:00,1030.2,1034.6,1024.6,1033.2,58491.0,present
3515,2025-07-25 10:00:00+00:00,1033.2,1036.4,1021.0,1027.8,233358.0,present
3516,2025-07-25 12:00:00+00:00,1027.6,1031.4,1012.6,1013.8,247931.0,present
3517,2025-07-25 14:00:00+00:00,1013.8,1014.4,1006.4,1010.6,128510.0,present
3518,2025-07-25 16:00:00+00:00,1012.4,1018.0,1007.0,1016.0,55996.0,present
3519,2025-07-25 18:00:00+00:00,1016.0,1017.6,1012.6,1013.4,25770.0,present
3520,2025-07-25 20:00:00+00:00,1013.2,1013.8,1006.0,1008.6,46467.0,present
3521,2025-07-25 22:00:00+00:00,1013.2,1013.68,1006.6,1009.08,38793.4,interpolated
3522,2025-07-26 00:00:00+00:00,1013.2,1013.56,1007.2,1009.5600000000001,31119.800000000003,interpolated
3523,2025-07-26 02:00:00+00:00,1013.2,1013.44,1007.8,1010.04,23446.2,interpolated
3524,2025-07-26 04:00:00+00:00,1013.2,1013.32,1008.4,1010.52,15772.600000000002,interpolated
3525,2025-07-26 06:00:00+00:00,1013.2,1013.2,1009.0,1011.0,8099.0,present
3526,2025-07-26 08:00:00+00:00,1010.6,1011.8,1010.2,1011.6,4281.0,present
3527,2025-07-26 10:00:00+00:00,1011.6,1011.8,1009.8,1009.8,4541.0,present
3528,2025-07-26 12:00:00+00:00,1009.8,1010.6,1009.2,1009.6,2522.0,present
3529,2025-07-26 14:00:00+00:00,1009.4,1012.6,1009.2,1012.4,5181.0,present
3530,2025-07-26 16:00:00+00:00,1009.775,1012.825,1009.1500000000001,1011.975,4946.375,interpolated
3531,2025-07-26 18:00:00+00:00,1010.15,1013.05,1009.1,1011.55,4711.75,interpolated
3532,2025-07-26 20:00:00+00:00,1010.525,1013.275,1009.05,1011.125,4477.125,interpolated
3533,2025-07-26 22:00:00+00:00,1010.9,1013.5,1009.0,1010.6999999999999,4242.5,interpolated
3534,2025-07-27 00:00:00+00:00,1011.275,1013.725,1008.95,1010.275,4007.875,interpolated
3535,2025-07-27 02:00:00+00:00,1011.65,1013.95,1008.9,1009.85,3773.25,interpolated
3536,2025-07-27 04:00:00+00:00,1012.025,1014.175,1008.8499999999999,1009.425,3538.625,interpolated
3537,2025-07-27 06:00:00+00:00,1012.4,1014.4,1008.8,1009.0,3304.0,present
3538,2025-07-27 08:00:00+00:00,1009.4,1010.2,1007.8,1009.2,8376.0,present
3539,2025-07-27 10:00:00+00:00,1009.2,1010.0,1008.4,1009.4,3375.0,present
3540,2025-07-27 12:00:00+00:00,1009.2,1010.0,1008.4,1008.4,2786.0,present
3541,2025-07-27 14:00:00+00:00,1008.6,1009.4,1006.8,1009.2,9323.0,present
3542,2025-07-27 16:00:00+00:00,1008.8333333333334,1009.5,1007.3333333333333,1009.3333333333334,7787.0,interpolated
3543,2025-07-27 18:00:00+00:00,1009.0666666666667,1009.6,1007.8666666666667,1009.4666666666667,6251.0,interpolated
3544,2025-07-27 20:00:00+00:00,1009.3000000000001,1009.7,1008.4,1009.6,4715.0,interpolated
3545,2025-07-27 22:00:00+00:00,1009.5333333333333,1009.8,1008.9333333333333,1009.7333333333333,3179.0,interpolated
3546,2025-07-28 00:00:00+00:00,1009.7666666666667,1009.9,1009.4666666666667,1009.8666666666667,1643.000000000001,interpolated
3547,2025-07-28 02:00:00+00:00,1010.0,1010.0,1010.0,1010.0,107.0,present
3548,2025-07-28 04:00:00+00:00,1010.8,1011.0,1004.8,1009.2,31680.0,present
3549,2025-07-28 06:00:00+00:00,1009.2,1013.8,1003.6,1013.2,65998.0,present
3550,2025-07-28 08:00:00+00:00,1013.4,1020.0,1012.0,1017.6,136716.0,present
3551,2025-07-28 10:00:00+00:00,1017.4,1024.0,1011.8,1014.6,172900.0,present
3552,2025-07-28 12:00:00+00:00,1013.8,1014.4,1004.2,1012.2,233142.0,present
3553,2025-07-28 14:00:00+00:00,1012.0,1013.8,1000.0,1001.8,176615.0,present
3554,2025-07-28 16:00:00+00:00,1000.2,1004.4,999.0,1000.6,67336.0,present
3555,2025-07-28 18:00:00+00:00,1000.6,1004.8,999.8,1001.8,16481.0,present
3556,2025-07-28 20:00:00+00:00,1002.0,1003.4,1001.0,1003.2,5835.0,present
3557,2025-07-28 22:00:00+00:00,1001.8666666666667,1002.8,1001.2,1002.6666666666667,3936.0,interpolated
3558,2025-07-29 00:00:00+00:00,1001.7333333333333,1002.2,1001.4,1002.1333333333333,2037.0,interpolated
3559,2025-07-29 02:00:00+00:00,1001.6,1001.6,1001.6,1001.6,138.0,present
3560,2025-07-29 04:00:00+00:00,1003.0,1009.8,1003.0,1006.4,29208.0,present
3561,2025-07-29 06:00:00+00:00,1007.0,1012.8,1001.0,1006.0,91288.0,present
3562,2025-07-29 08:00:00+00:00,1006.2,1011.8,999.0,1005.6,125976.0,present
3563,2025-07-29 10:00:00+00:00,1005.4,1014.4,1003.0,1010.2,71409.0,present
3564,2025-07-29 12:00:00+00:00,1010.2,1013.2,1003.0,1005.2,93381.0,present
3565,2025-07-29 12:00:00+00:00,1010.2,1013.2,1003.0,1005.2,93381.0,present
3566,2025-07-29 14:00:00+00:00,1005.0,1011.4,1004.4,1008.0,62053.0,present
3567,2025-07-29 16:00:00+00:00,1008.0,1010.6,1002.2,1002.4,48900.0,present
3568,2025-07-29 18:00:00+00:00,1002.2,1005.8,1000.4,1003.2,69116.0,present
3569,2025-07-29 20:00:00+00:00,1003.4,1005.0,1001.4,1001.4,7457.0,present
3570,2025-07-29 22:00:00+00:00,1002.6,1003.6666666666666,1001.2666666666667,1001.2666666666667,5063.0,interpolated
3571,2025-07-30 00:00:00+00:00,1001.8,1002.3333333333334,1001.1333333333333,1001.1333333333333,2669.0,interpolated
3572,2025-07-30 02:00:00+00:00,1001.0,1001.0,1001.0,1001.0,275.0,present
3573,2025-07-30 04:00:00+00:00,1001.4,1005.4,1001.2,1003.8,29171.0,present
3574,2025-07-30 06:00:00+00:00,1003.8,1008.2,995.4,1003.0,123346.0,present
3575,2025-07-30 08:00:00+00:00,1003.0,1003.0,998.0,999.8,85759.0,present
3576,2025-07-30 10:00:00+00:00,999.6,1000.0,993.0,994.2,97662.0,present
3577,2025-07-30 12:00:00+00:00,994.2,994.8,991.0,993.8,116952.0,present
3578,2025-07-30 14:00:00+00:00,993.6,995.4,992.8,993.8,45943.0,present
3579,2025-07-30 16:00:00+00:00,993.8,994.6,992.4,993.6,15297.0,present
3580,2025-07-30 18:00:00+00:00,993.6,994.2,992.2,993.2,8143.0,present
3581,2025-07-30 20:00:00+00:00,993.2,994.2,992.4,993.0,10045.0,present
3582,2025-07-30 22:00:00+00:00,993.8000000000001,994.4666666666667,993.2666666666667,993.6666666666666,6697.333333333334,interpolated
3583,2025-07-31 00:00:00+00:00,994.4,994.7333333333333,994.1333333333333,994.3333333333334,3349.666666666667,interpolated
3584,2025-07-31 02:00:00+00:00,995.0,995.0,995.0,995.0,2.0,present
3585,2025-07-31 04:00:00+00:00,995.0,999.6,992.4,998.8,24625.0,present
3586,2025-07-31 06:00:00+00:00,998.4,1000.8,994.2,995.8,76732.0,present
3587,2025-07-31 08:00:00+00:00,996.4,1002.4,995.0,1001.2,119621.0,present
3588,2025-07-31 10:00:00+00:00,1001.4,1003.2,997.4,998.8,81351.0,present
3589,2025-07-31 12:00:00+00:00,998.8,1000.0,997.0,1000.0,44898.0,present
3590,2025-07-31 14:00:00+00:00,1000.0,1000.0,997.0,998.4,40435.0,present
3591,2025-07-31 16:00:00+00:00,998.4,1000.6,997.8,999.2,22299.0,present
3592,2025-07-31 18:00:00+00:00,999.2,999.6,997.2,998.4,20987.0,present
3593,2025-07-31 20:00:00+00:00,998.0,998.6,995.6,998.2,8962.0,present
3594,2025-07-31 22:00:00+00:00,998.3333333333334,998.7333333333333,996.7333333333333,998.4666666666667,5979.666666666666,interpolated
3595,2025-08-01 00:00:00+00:00,998.6666666666666,998.8666666666667,997.8666666666667,998.7333333333333,2997.333333333333,interpolated
3596,2025-08-01 02:00:00+00:00,999.0,999.0,999.0,999.0,15.0,present
3597,2025-08-01 04:00:00+00:00,999.0,1011.0,998.2,1006.8,81958.0,present
3598,2025-08-01 06:00:00+00:00,1006.8,1011.8,1005.2,1005.8,90357.0,present
3599,2025-08-01 08:00:00+00:00,1005.8,1006.0,1003.0,1003.4,43895.0,present
3600,2025-08-01 10:00:00+00:00,1003.2,1003.4,997.4,997.6,52400.0,present
3601,2025-08-01 12:00:00+00:00,997.4,1001.0,993.8,997.4,70692.0,present
3602,2025-08-01 14:00:00+00:00,997.2,998.8,995.0,997.2,41993.0,present
3603,2025-08-01 16:00:00+00:00,997.2,998.4,991.4,996.2,42260.0,present
3604,2025-08-01 18:00:00+00:00,995.8,997.6,995.0,995.0,20789.0,present
3605,2025-08-01 20:00:00+00:00,995.4,996.8,995.0,996.4,16513.0,present
3606,2025-08-01 22:00:00+00:00,995.5259259259259,996.874074074074,995.1407407407407,996.4888888888888,15944.592592592593,interpolated
3607,2025-08-02 00:00:00+00:00,995.6518518518518,996.9481481481481,995.2814814814815,996.5777777777778,15376.185185185186,interpolated
3608,2025-08-02 02:00:00+00:00,995.7777777777777,997.0222222222221,995.4222222222222,996.6666666666666,14807.777777777777,interpolated
3609,2025-08-02 04:00:00+00:00,995.9037037037036,997.0962962962963,995.562962962963,996.7555555555555,14239.37037037037,interpolated
3610,2025-08-02 06:00:00+00:00,996.0296296296297,997.1703703703703,995.7037037037037,996.8444444444444,13670.962962962964,interpolated
3611,2025-08-02 08:00:00+00:00,996.1555555555556,997.2444444444444,995.8444444444444,996.9333333333333,13102.555555555555,interpolated
3612,2025-08-02 10:00:00+00:00,996.2814814814815,997.3185185185184,995.9851851851852,997.0222222222222,12534.148148148148,interpolated
3613,2025-08-02 12:00:00+00:00,996.4074074074074,997.3925925925926,996.1259259259259,997.1111111111111,11965.74074074074,interpolated
3614,2025-08-02 14:00:00+00:00,996.5333333333333,997.4666666666666,996.2666666666667,997.1999999999999,11397.333333333332,interpolated
3615,2025-08-02 16:00:00+00:00,996.6592592592592,997.5407407407407,996.4074074074074,997.2888888888889,10828.925925925927,interpolated
3616,2025-08-02 18:00:00+00:00,996.7851851851851,997.6148148148147,996.5481481481481,997.3777777777777,10260.518518518518,interpolated
3617,2025-08-02 20:00:00+00:00,996.911111111111,997.6888888888889,996.6888888888889,997.4666666666666,9692.111111111111,interpolated
3618,2025-08-02 22:00:00+00:00,997.037037037037,997.7629629629629,996.8296296296296,997.5555555555555,9123.703703703704,interpolated
3619,2025-08-03 00:00:00+00:00,997.162962962963,997.837037037037,996.9703703703703,997.6444444444444,8555.296296296296,interpolated
3620,2025-08-03 02:00:00+00:00,997.2888888888889,997.911111111111,997.1111111111111,997.7333333333333,7986.888888888889,interpolated
3621,2025-08-03 04:00:00+00:00,997.4148148148148,997.9851851851852,997.2518518518518,997.8222222222222,7418.481481481482,interpolated
3622,2025-08-03 06:00:00+00:00,997.5407407407407,998.0592592592592,997.3925925925926,997.911111111111,6850.074074074075,interpolated
3623,2025-08-03 08:00:00+00:00,997.6666666666666,998.1333333333333,997.5333333333333,998.0,6281.666666666666,interpolated
3624,2025-08-03 10:00:00+00:00,997.7925925925925,998.2074074074073,997.674074074074,998.0888888888888,5713.259259259259,interpolated
3625,2025-08-03 12:00:00+00:00,997.9185185185185,998.2814814814815,997.8148148148148,998.1777777777777,5144.851851851852,interpolated
3626,2025-08-03 14:00:00+00:00,998.0444444444444,998.3555555555555,997.9555555555555,998.2666666666667,4576.444444444445,interpolated
3627,2025-08-03 16:00:00+00:00,998.1703703703703,998.4296296296296,998.0962962962963,998.3555555555555,4008.0370370370365,interpolated
3628,2025-08-03 18:00:00+00:00,998.2962962962963,998.5037037037036,998.237037037037,998.4444444444445,3439.6296296296296,interpolated
3629,2025-08-03 20:00:00+00:00,998.4222222222222,998.5777777777778,998.3777777777777,998.5333333333333,2871.2222222222226,interpolated
3630,2025-08-03 22:00:00+00:00,998.5481481481481,998.6518518518518,998.5185185185185,998.6222222222221,2302.8148148148157,interpolated
3631,2025-08-04 00:00:00+00:00,998.674074074074,998.7259259259259,998.6592592592592,998.7111111111111,1734.407407407407,interpolated
3632,2025-08-04 02:00:00+00:00,998.8,998.8,998.8,998.8,1166.0,present
3633,2025-08-04 04:00:00+00:00,998.8,1003.4,998.0,999.4,42387.0,present
3634,2025-08-04 06:00:00+00:00,999.4,1001.8,996.8,1001.2,44068.0,present
3635,2025-08-04 08:00:00+00:00,1001.2,1008.8,1000.4,1005.8,110775.0,present
3636,2025-08-04 10:00:00+00:00,1005.8,1005.8,1001.0,1002.0,51134.0,present
3637,2025-08-04 12:00:00+00:00,1002.0,1005.0,1001.0,1004.4,40790.0,present
3638,2025-08-04 14:00:00+00:00,1004.4,1007.8,1003.6,1006.6,75114.0,present
3639,2025-08-04 16:00:00+00:00,1006.6,1006.6,1004.4,1006.4,21861.0,present
3640,2025-08-04 18:00:00+00:00,1006.4,1007.0,1001.4,1003.2,57649.0,present
3641,2025-08-04 20:00:00+00:00,1003.0,1003.8,1002.0,1003.6,7262.0,present
3642,2025-08-04 22:00:00+00:00,1003.4,1003.9333333333333,1002.7333333333333,1003.8000000000001,4847.0,interpolated
3643,2025-08-05 00:00:00+00:00,1003.8000000000001,1004.0666666666667,1003.4666666666667,1004.0,2432.0,interpolated
3644,2025-08-05 02:00:00+00:00,1004.2,1004.2,1004.2,1004.2,17.0,present
3645,2025-08-05 04:00:00+00:00,1006.0,1007.4,1004.0,1006.6,24532.0,present
3646,2025-08-05 06:00:00+00:00,1006.2,1007.2,1003.2,1005.2,48170.0,present
3647,2025-08-05 08:00:00+00:00,1005.0,1006.8,999.2,1005.8,105253.0,present
3648,2025-08-05 10:00:00+00:00,1005.8,1017.4,1005.2,1017.0,226927.0,present
3649,2025-08-05 12:00:00+00:00,1017.0,1022.0,1012.2,1021.8,193053.0,present
3650,2025-08-05 12:00:00+00:00,1017.0,1022.0,1012.2,1021.8,193053.0,present
3651,2025-08-05 14:00:00+00:00,1021.4,1024.6,1012.0,1012.0,215941.0,present
3652,2025-08-05 16:00:00+00:00,1012.2,1020.0,1011.6,1014.0,102477.0,present
3653,2025-08-05 18:00:00+00:00,1013.6,1017.0,1013.2,1016.6,17323.0,present
3654,2025-08-05 20:00:00+00:00,1016.0,1016.6,1013.8,1013.8,8597.0,present
3655,2025-08-05 22:00:00+00:00,1015.8,1016.2,1014.3333333333333,1014.3333333333333,5731.666666666666,interpolated
3656,2025-08-06 00:00:00+00:00,1015.6,1015.8,1014.8666666666667,1014.8666666666667,2866.333333333333,interpolated
3657,2025-08-06 02:00:00+00:00,1015.4,1015.4,1015.4,1015.4,1.0,present
3658,2025-08-06 04:00:00+00:00,1015.4,1020.0,1013.0,1017.8,16159.0,present
3659,2025-08-06 06:00:00+00:00,1018.0,1023.2,1011.6,1014.4,100828.0,present
3660,2025-08-06 08:00:00+00:00,1014.2,1015.6,1005.6,1006.0,112344.0,present
3661,2025-08-06 10:00:00+00:00,1006.2,1010.0,1003.6,1008.0,94446.0,present
3662,2025-08-06 12:00:00+00:00,1007.8,1012.6,1004.2,1005.6,87909.0,present
3663,2025-08-06 14:00:00+00:00,1004.6,1013.8,1000.0,1004.8,116427.0,present
3664,2025-08-06 16:00:00+00:00,1005.0,1015.4,1003.0,1015.4,127081.0,present
3665,2025-08-06 18:00:00+00:00,1015.6,1037.4,1015.0,1030.0,334308.0,present
3666,2025-08-06 20:00:00+00:00,1030.0,1031.0,1022.2,1027.4,82615.0,present
3667,2025-08-06 22:00:00+00:00,1027.8,1028.4666666666667,1022.6,1026.0666666666666,55427.33333333333,interpolated
3668,2025-08-07 00:00:00+00:00,1025.6,1025.9333333333334,1023.0,1024.7333333333333,28239.666666666664,interpolated
3669,2025-08-07 02:00:00+00:00,1023.4,1023.4,1023.4,1023.4,1052.0,present
3670,2025-08-07 04:00:00+00:00,1023.6,1030.0,1020.8,1027.8,51280.0,present
3671,2025-08-07 06:00:00+00:00,1028.0,1030.8,1020.0,1029.4,75061.0,present
3672,2025-08-07 08:00:00+00:00,1029.4,1057.0,1029.4,1041.0,521282.0,present
3673,2025-08-07 10:00:00+00:00,1041.0,1049.4,1039.4,1046.2,168890.0,present
3674,2025-08-07 12:00:00+00:00,1046.0,1048.6,1039.4,1044.0,114237.0,present
3675,2025-08-07 14:00:00+00:00,1043.8,1048.0,1037.0,1038.0,153370.0,present
3676,2025-08-07 16:00:00+00:00,1038.0,1040.4,1031.6,1033.6,104954.0,present
3677,2025-08-07 18:00:00+00:00,1033.2,1043.0,1030.0,1038.0,99401.0,present
3678,2025-08-07 20:00:00+00:00,1038.0,1042.4,1035.4,1039.2,35819.0,present
3679,2025-08-07 22:00:00+00:00,1038.4,1041.3333333333335,1036.6666666666667,1039.2,24240.333333333336,interpolated
3680,2025-08-08 00:00:00+00:00,1038.8,1040.2666666666667,1037.9333333333334,1039.2,12661.666666666668,interpolated
3681,2025-08-08 02:00:00+00:00,1039.2,1039.2,1039.2,1039.2,1083.0,present
3682,2025-08-08 04:00:00+00:00,1039.4,1044.6,1037.4,1041.2,27799.0,present
3683,2025-08-08 06:00:00+00:00,1041.4,1042.2,1030.4,1030.6,95338.0,present
3684,2025-08-08 08:00:00+00:00,1030.4,1032.0,1023.4,1026.0,191437.0,present
3685,2025-08-08 10:00:00+00:00,1026.0,1039.0,1023.0,1036.0,135508.0,present
3686,2025-08-08 12:00:00+00:00,1036.4,1037.8,1031.6,1034.0,103482.0,present
3687,2025-08-08 14:00:00+00:00,1033.8,1050.0,1031.8,1047.8,343806.0,present
3688,2025-08-08 16:00:00+00:00,1048.2,1054.8,1047.4,1052.0,207550.0,present
3689,2025-08-08 18:00:00+00:00,1051.8,1053.0,1049.8,1051.4,42482.0,present
3690,2025-08-08 20:00:00+00:00,1052.8285714285714,1053.9857142857143,1050.8999999999999,1052.4428571428573,41164.17857142857,interpolated
3691,2025-08-08 22:00:00+00:00,1053.857142857143,1054.9714285714285,1052.0,1053.4857142857143,39846.357142857145,interpolated
3692,2025-08-09 00:00:00+00:00,1054.8857142857141,1055.9571428571428,1053.1,1054.5285714285715,38528.53571428572,interpolated
3693,2025-08-09 02:00:00+00:00,1055.9142857142856,1056.942857142857,1054.2,1055.5714285714287,37210.71428571428,interpolated
3694,2025-08-09 04:00:00+00:00,1056.942857142857,1057.9285714285713,1055.3,1056.6142857142859,35892.892857142855,interpolated
3695,2025-08-09 06:00:00+00:00,1057.9714285714285,1058.9142857142856,1056.3999999999999,1057.6571428571428,34575.07142857143,interpolated
3696,2025-08-09 08:00:00+00:00,1059.0,1059.9,1057.5,1058.7,33257.25,interpolated
3697,2025-08-09 10:00:00+00:00,1060.0285714285715,1060.8857142857144,1058.6,1059.7428571428572,31939.428571428572,interpolated
3698,2025-08-09 12:00:00+00:00,1061.0571428571427,1061.8714285714286,1059.7,1060.7857142857142,30621.607142857145,interpolated
3699,2025-08-09 14:00:00+00:00,1062.0857142857142,1062.857142857143,1060.8,1061.8285714285714,29303.785714285714,interpolated
3700,2025-08-09 16:00:00+00:00,1063.1142857142856,1063.8428571428572,1061.8999999999999,1062.8714285714286,27985.964285714286,interpolated
3701,2025-08-09 18:00:00+00:00,1064.142857142857,1064.8285714285714,1063.0,1063.9142857142858,26668.142857142855,interpolated
3702,2025-08-09 20:00:00+00:00,1065.1714285714286,1065.8142857142857,1064.1,1064.9571428571428,25350.321428571428,interpolated
3703,2025-08-09 22:00:00+00:00,1066.2,1066.8,1065.1999999999998,1066.0,24032.5,interpolated
3704,2025-08-10 00:00:00+00:00,1067.2285714285713,1067.7857142857142,1066.3,1067.0428571428572,22714.678571428572,interpolated
3705,2025-08-10 02:00:00+00:00,1068.2571428571428,1068.7714285714285,1067.3999999999999,1068.0857142857142,21396.85714285714,interpolated
3706,2025-08-10 04:00:00+00:00,1069.2857142857142,1069.7571428571428,1068.5,1069.1285714285714,20079.035714285714,interpolated
3707,2025-08-10 06:00:00+00:00,1070.3142857142857,1070.742857142857,1069.6,1070.1714285714286,18761.214285714286,interpolated
3708,2025-08-10 08:00:00+00:00,1071.3428571428572,1071.7285714285713,1070.6999999999998,1071.2142857142858,17443.39285714286,interpolated
3709,2025-08-10 10:00:00+00:00,1072.3714285714284,1072.7142857142856,1071.8,1072.2571428571428,16125.571428571428,interpolated
3710,2025-08-10 12:00:00+00:00,1073.3999999999999,1073.6999999999998,1072.8999999999999,1073.3,14807.75,interpolated
3711,2025-08-10 14:00:00+00:00,1074.4285714285713,1074.6857142857143,1074.0,1074.3428571428572,13489.928571428572,interpolated
3712,2025-08-10 16:00:00+00:00,1075.4571428571428,1075.6714285714286,1075.1,1075.3857142857141,12172.107142857141,interpolated
3713,2025-08-10 18:00:00+00:00,1076.4857142857143,1076.6571428571428,1076.1999999999998,1076.4285714285713,10854.285714285714,interpolated
3714,2025-08-10 20:00:00+00:00,1077.5142857142857,1077.642857142857,1077.3,1077.4714285714285,9536.464285714283,interpolated
3715,2025-08-10 22:00:00+00:00,1078.542857142857,1078.6285714285714,1078.3999999999999,1078.5142857142857,8218.642857142855,interpolated
3716,2025-08-11 00:00:00+00:00,1079.5714285714284,1079.6142857142856,1079.5,1079.5571428571427,6900.8214285714275,interpolated
3717,2025-08-11 02:00:00+00:00,1080.6,1080.6,1080.6,1080.6,5583.0,present
3718,2025-08-11 04:00:00+00:00,1080.8,1103.6,1080.6,1092.6,325628.0,present
3719,2025-08-11 06:00:00+00:00,1099.5,1112.8,1095.5,1104.9,346759.0,interpolated
3720,2025-08-11 08:00:00+00:00,1118.2,1122.0,1110.4,1117.2,367890.0,present
3721,2025-08-11 10:00:00+00:00,1117.4,1129.0,1114.0,1123.4,278581.0,present
3722,2025-08-11 12:00:00+00:00,1123.2,1131.6,1121.0,1129.0,412114.0,present
3723,2025-08-11 14:00:00+00:00,1128.4,1147.6,1125.2,1128.0,884140.0,present
3724,2025-08-11 16:00:00+00:00,1131.0,1136.4,1119.2,1120.6,529029.0,present
3725,2025-08-11 18:00:00+00:00,1120.6,1128.2,1120.4,1127.8,118275.0,present
3726,2025-08-11 20:00:00+00:00,1128.0,1133.0,1126.8,1129.0,97382.0,present
3727,2025-08-11 22:00:00+00:00,1129.9333333333334,1133.2666666666667,1129.1333333333332,1130.6,65027.0,interpolated
3728,2025-08-12 00:00:00+00:00,1131.8666666666666,1133.5333333333333,1131.4666666666667,1132.2,32672.0,interpolated
3729,2025-08-12 02:00:00+00:00,1133.8,1133.8,1133.8,1133.8,317.0,present
3730,2025-08-12 04:00:00+00:00,1133.6,1133.6,1115.2,1121.4,182621.0,present
3731,2025-08-12 06:00:00+00:00,1121.8,1126.6,1111.8,1117.0,325377.0,present
3732,2025-08-12 08:00:00+00:00,1117.2,1117.6,1105.0,1115.6,357353.0,present
3733,2025-08-12 10:00:00+00:00,1115.6,1117.8,1105.4,1106.4,154531.0,present
3734,2025-08-12 12:00:00+00:00,1106.4,1110.8,1097.0,1101.6,556325.0,present
3735,2025-08-12 12:00:00+00:00,1106.4,1110.8,1097.0,1101.6,556325.0,present
3736,2025-08-12 14:00:00+00:00,1101.6,1111.0,1097.0,1111.0,431272.0,present
3737,2025-08-12 16:00:00+00:00,1111.0,1112.4,1106.4,1110.0,125221.0,present
3738,2025-08-12 18:00:00+00:00,1110.2,1111.0,1106.6,1107.2,31661.0,present
3739,2025-08-12 20:00:00+00:00,1107.2,1108.0,1105.2,1105.2,23508.0,present
3740,2025-08-12 22:00:00+00:00,1107.7333333333333,1108.2666666666667,1106.4,1106.4,15705.333333333332,interpolated
3741,2025-08-13 00:00:00+00:00,1108.2666666666667,1108.5333333333333,1107.6,1107.6,7902.666666666666,interpolated
3742,2025-08-13 02:00:00+00:00,1108.8,1108.8,1108.8,1108.8,100.0,present
3743,2025-08-13 04:00:00+00:00,1108.8,1115.0,1106.8,1114.0,83396.0,present
3744,2025-08-13 06:00:00+00:00,1114.0,1116.6,1107.0,1107.2,132977.0,present
3745,2025-08-13 08:00:00+00:00,1107.2,1113.8,1105.2,1110.0,121267.0,present
3746,2025-08-13 10:00:00+00:00,1110.0,1111.2,1104.0,1104.4,65069.0,present
3747,2025-08-13 12:00:00+00:00,1104.2,1113.4,1103.2,1111.2,105514.0,present
3748,2025-08-13 14:00:00+00:00,1111.2,1116.0,1108.0,1113.2,120240.0,present
3749,2025-08-13 16:00:00+00:00,1112.4,1114.4,1103.6,1106.0,88910.0,present
3750,2025-08-13 18:00:00+00:00,1105.8,1109.0,1103.2,1104.4,27768.0,present
3751,2025-08-13 20:00:00+00:00,1103.8,1103.8,1083.6,1092.0,153047.0,present
3752,2025-08-13 22:00:00+00:00,1100.8666666666666,1100.8666666666666,1087.3999999999999,1093.0,102066.0,interpolated
3753,2025-08-14 00:00:00+00:00,1097.9333333333334,1097.9333333333334,1091.2,1094.0,51085.0,interpolated
3754,2025-08-14 02:00:00+00:00,1095.0,1095.0,1095.0,1095.0,104.0,present
3755,2025-08-14 04:00:00+00:00,1093.8,1098.8,1087.4,1098.4,64961.0,present
3756,2025-08-14 06:00:00+00:00,1098.2,1099.8,1089.4,1093.2,101754.0,present
3757,2025-08-14 08:00:00+00:00,1093.2,1107.8,1091.0,1105.4,312953.0,present
3758,2025-08-14 10:00:00+00:00,1105.2,1113.0,1103.6,1110.2,190628.0,present
3759,2025-08-14 12:00:00+00:00,1110.2,1122.8,1109.0,1117.8,275948.0,present
3760,2025-08-14 14:00:00+00:00,1117.8,1118.4,1108.4,1111.0,150688.0,present
3761,2025-08-14 16:00:00+00:00,1111.0,1118.2,1111.0,1117.6,49857.0,present
3762,2025-08-14 18:00:00+00:00,1117.4,1118.6,1115.8,1117.8,41133.0,present
3763,2025-08-14 20:00:00+00:00,1117.6,1118.2,1116.2,1118.0,13452.0,present
3764,2025-08-14 22:00:00+00:00,1118.0,1118.4,1117.0666666666666,1118.2666666666667,9051.0,interpolated
3765,2025-08-15 00:00:00+00:00,1118.3999999999999,1118.6,1117.9333333333334,1118.5333333333333,4650.0,interpolated
3766,2025-08-15 02:00:00+00:00,1118.8,1118.8,1118.8,1118.8,249.0,present
3767,2025-08-15 04:00:00+00:00,1118.8,1122.6,1111.4,1117.0,65100.0,present
3768,2025-08-15 06:00:00+00:00,1117.2,1120.0,1112.4,1115.8,97613.0,present
3769,2025-08-15 08:00:00+00:00,1115.6,1118.0,1112.2,1116.4,118702.0,present
3770,2025-08-15 10:00:00+00:00,1116.4,1125.8,1115.0,1122.8,178168.0,present
3771,2025-08-15 12:00:00+00:00,1122.6,1123.6,1115.8,1121.2,92353.0,present
3772,2025-08-15 14:00:00+00:00,1120.8,1123.6,1120.0,1122.0,65901.0,present
3773,2025-08-15 16:00:00+00:00,1120.8,1124.0,1119.0,1119.8,73545.0,present
3774,2025-08-15 18:00:00+00:00,1120.0,1120.8,1117.8,1119.2,71841.0,present
3775,2025-08-15 20:00:00+00:00,1119.2,1122.0,1118.4,1120.2,25088.0,present
3776,2025-08-15 22:00:00+00:00,1114.8333333333335,1117.1666666666667,1113.2333333333333,1114.8333333333335,33041.333333333336,interpolated
3777,2025-08-16 00:00:00+00:00,1110.4666666666667,1112.3333333333333,1108.0666666666668,1109.4666666666667,40994.666666666664,interpolated
3778,2025-08-16 02:00:00+00:00,1106.1,1107.5,1102.9,1104.1,48948.0,interpolated
3779,2025-08-16 04:00:00+00:00,1101.7333333333333,1102.6666666666667,1097.7333333333333,1098.7333333333333,56901.33333333333,interpolated
3780,2025-08-16 06:00:00+00:00,1097.3666666666668,1097.8333333333333,1092.5666666666668,1093.3666666666668,64854.666666666664,interpolated
3781,2025-08-16 08:00:00+00:00,1093.0,1093.0,1087.4,1088.0,72808.0,present
3782,2025-08-16 10:00:00+00:00,1088.0,1091.6,1087.4,1090.8,27018.0,present
3783,2025-08-16 12:00:00+00:00,1090.4,1094.4,1087.4,1094.0,17391.0,present
3784,2025-08-16 14:00:00+00:00,1094.0,1094.6,1089.6,1092.0,23556.0,present
3785,2025-08-16 16:00:00+00:00,1094.125,1094.6499999999999,1089.3999999999999,1091.7,22802.5,interpolated
3786,2025-08-16 18:00:00+00:00,1094.25,1094.6999999999998,1089.1999999999998,1091.4,22049.0,interpolated
3787,2025-08-16 20:00:00+00:00,1094.375,1094.75,1089.0,1091.1,21295.5,interpolated
3788,2025-08-16 22:00:00+00:00,1094.5,1094.8,1088.8,1090.8,20542.0,interpolated
3789,2025-08-17 00:00:00+00:00,1094.625,1094.85,1088.6,1090.5,19788.5,interpolated
3790,2025-08-17 02:00:00+00:00,1094.75,1094.9,1088.4,1090.1999999999998,19035.0,interpolated
3791,2025-08-17 04:00:00+00:00,1094.875,1094.95,1088.2,1089.8999999999999,18281.5,interpolated
3792,2025-08-17 06:00:00+00:00,1095.0,1095.0,1088.0,1089.6,17528.0,present
3793,2025-08-17 08:00:00+00:00,1089.6,1089.8,1087.4,1087.8,26293.0,present
3794,2025-08-17 10:00:00+00:00,1088.0,1090.6,1087.4,1087.6,9777.0,present
3795,2025-08-17 12:00:00+00:00,1088.2,1089.2,1087.4,1087.4,3515.0,present
3796,2025-08-17 14:00:00+00:00,1087.4,1087.4,1087.4,1087.4,5301.0,present
3797,2025-08-17 16:00:00+00:00,1087.0666666666668,1087.0666666666668,1087.0666666666668,1087.0666666666668,4470.833333333333,interpolated
3798,2025-08-17 18:00:00+00:00,1086.7333333333333,1086.7333333333333,1086.7333333333333,1086.7333333333333,3640.666666666667,interpolated
3799,2025-08-17 20:00:00+00:00,1086.4,1086.4,1086.4,1086.4,2810.5,interpolated
3800,2025-08-17 22:00:00+00:00,1086.0666666666668,1086.0666666666668,1086.0666666666668,1086.0666666666668,1980.3333333333335,interpolated
3801,2025-08-18 00:00:00+00:00,1085.7333333333333,1085.7333333333333,1085.7333333333333,1085.7333333333333,1150.166666666667,interpolated
3802,2025-08-18 02:00:00+00:00,1085.4,1085.4,1085.4,1085.4,320.0,present
3803,2025-08-18 04:00:00+00:00,1085.4,1102.0,1075.4,1098.6,220009.0,present
3804,2025-08-18 06:00:00+00:00,1098.4,1098.4,1086.2,1088.4,347643.0,present
3805,2025-08-18 08:00:00+00:00,1088.2,1095.2,1085.2,1094.2,224152.0,present
3806,2025-08-18 10:00:00+00:00,1094.0,1095.4,1086.4,1095.2,147567.0,present
3807,2025-08-18 12:00:00+00:00,1095.2,1097.8,1092.8,1093.6,135767.0,present
3808,2025-08-18 14:00:00+00:00,1093.0,1094.6,1080.2,1080.4,216467.0,present
3809,2025-08-18 16:00:00+00:00,1081.0,1092.2,1078.0,1090.4,119456.0,present
3810,2025-08-18 18:00:00+00:00,1097.0,1104.6,1092.7,1102.2,93057.5,interpolated
3811,2025-08-18 20:00:00+00:00,1113.0,1117.0,1107.4,1114.0,66659.0,present
3812,2025-08-18 22:00:00+00:00,1113.3333333333333,1116.0,1109.6000000000001,1114.0,48030.666666666664,interpolated
3813,2025-08-19 00:00:00+00:00,1113.6666666666667,1115.0,1111.8,1114.0,29402.33333333333,interpolated
3814,2025-08-19 02:00:00+00:00,1114.0,1114.0,1114.0,1114.0,10774.0,present
3815,2025-08-19 04:00:00+00:00,1113.6,1115.8,1108.0,1115.2,136447.0,present
3816,2025-08-19 06:00:00+00:00,1115.0,1119.6,1112.6,1116.4,245824.0,present
3817,2025-08-19 08:00:00+00:00,1116.2,1130.8,1114.2,1122.2,403586.0,present
3818,2025-08-19 10:00:00+00:00,1122.0,1126.6,1119.0,1125.6,153692.0,present
3819,2025-08-19 12:00:00+00:00,1125.8,1125.8,1117.0,1120.0,187401.0,present
3820,2025-08-19 12:00:00+00:00,1125.8,1125.8,1117.0,1120.0,187401.0,present
3821,2025-08-19 14:00:00+00:00,1120.0,1120.8,1102.2,1108.0,167617.0,present
3822,2025-08-19 16:00:00+00:00,1108.8,1114.0,1102.4,1110.6,144261.0,present
3823,2025-08-19 18:00:00+00:00,1111.2,1118.4,1110.0,1116.8,68081.0,present
3824,2025-08-19 20:00:00+00:00,1117.2,1118.0,1115.0,1116.4,27233.0,present
3825,2025-08-19 22:00:00+00:00,1116.9333333333334,1117.4666666666667,1115.4666666666667,1116.4,18170.0,interpolated
3826,2025-08-20 00:00:00+00:00,1116.6666666666667,1116.9333333333334,1115.9333333333334,1116.4,9107.0,interpolated
3827,2025-08-20 02:00:00+00:00,1116.4,1116.4,1116.4,1116.4,44.0,present
3828,2025-08-20 04:00:00+00:00,1117.8,1119.8,1110.8,1112.2,29131.0,present
3829,2025-08-20 06:00:00+00:00,1112.0,1117.4,1108.0,1113.0,90728.0,present
3830,2025-08-20 08:00:00+00:00,1113.0,1119.2,1109.4,1110.6,94153.0,present
3831,2025-08-20 10:00:00+00:00,1110.6,1113.4,1102.4,1103.8,127985.0,present
3832,2025-08-20 12:00:00+00:00,1103.8,1106.4,1098.2,1102.0,108192.0,present
3833,2025-08-20 14:00:00+00:00,1101.8,1106.2,1100.4,1103.4,60996.0,present
3834,2025-08-20 16:00:00+00:00,1103.4,1104.0,1095.4,1096.4,43731.0,present
3835,2025-08-20 18:00:00+00:00,1097.0,1105.6,1096.4,1104.2,31461.0,present
3836,2025-08-20 20:00:00+00:00,1104.2,1107.0,1102.8,1105.0,10109.0,present
3837,2025-08-20 22:00:00+00:00,1103.6000000000001,1105.4666666666667,1102.6666666666667,1104.1333333333334,6792.333333333334,interpolated
3838,2025-08-21 00:00:00+00:00,1103.0,1103.9333333333334,1102.5333333333333,1103.2666666666667,3475.666666666667,interpolated
3839,2025-08-21 02:00:00+00:00,1102.4,1102.4,1102.4,1102.4,159.0,present
3840,2025-08-21 04:00:00+00:00,1102.4,1107.6,1097.0,1099.6,35824.0,present
3841,2025-08-21 06:00:00+00:00,1099.6,1102.0,1090.4,1094.0,105454.0,present
3842,2025-08-21 08:00:00+00:00,1094.0,1094.2,1080.0,1088.6,315717.0,present
3843,2025-08-21 10:00:00+00:00,1088.6,1097.4,1080.4,1090.8,197219.0,present
3844,2025-08-21 12:00:00+00:00,1091.0,1095.4,1078.0,1079.6,142324.0,present
3845,2025-08-21 14:00:00+00:00,1079.0,1079.8,1059.2,1061.6,303536.0,present
3846,2025-08-21 16:00:00+00:00,1061.0,1066.6,1057.0,1063.4,93379.0,present
3847,2025-08-21 18:00:00+00:00,1063.0,1064.0,1057.8,1060.8,41901.0,present
3848,2025-08-21 20:00:00+00:00,1060.8,1066.6,1059.8,1065.0,24320.0,present
3849,2025-08-21 22:00:00+00:00,1062.5333333333333,1066.3999999999999,1061.8666666666666,1065.3333333333333,16251.0,interpolated
3850,2025-08-22 00:00:00+00:00,1064.2666666666667,1066.2,1063.9333333333334,1065.6666666666667,8182.0,interpolated
3851,2025-08-22 02:00:00+00:00,1066.0,1066.0,1066.0,1066.0,113.0,present
3852,2025-08-22 04:00:00+00:00,1066.0,1068.6,1056.6,1063.2,44742.0,present
3853,2025-08-22 06:00:00+00:00,1063.4,1074.0,1059.6,1062.4,285706.0,present
3854,2025-08-22 08:00:00+00:00,1062.4,1065.4,1055.2,1062.6,108445.0,present
3855,2025-08-22 10:00:00+00:00,1062.6,1072.0,1062.0,1066.0,109395.0,present
3856,2025-08-22 12:00:00+00:00,1066.2,1067.6,1057.6,1062.2,81715.0,present
3857,2025-08-22 14:00:00+00:00,1062.2,1068.0,1058.0,1066.6,60063.0,present
3858,2025-08-22 16:00:00+00:00,1066.0,1069.4,1064.0,1065.2,42543.0,present
3859,2025-08-22 18:00:00+00:00,1065.4,1069.2,1065.0,1069.2,13800.0,present
3860,2025-08-22 20:00:00+00:00,1069.2,1069.6,1066.6,1066.6,8503.0,present
3861,2025-08-22 22:00:00+00:00,1068.68,1070.0,1066.6,1067.56,8831.4,interpolated
3862,2025-08-23 00:00:00+00:00,1068.16,1070.3999999999999,1066.6,1068.52,9159.8,interpolated
3863,2025-08-23 02:00:00+00:00,1067.6399999999999,1070.8,1066.6,1069.48,9488.2,interpolated
3864,2025-08-23 04:00:00+00:00,1067.12,1071.1999999999998,1066.6,1070.44,9816.6,interpolated
3865,2025-08-23 06:00:00+00:00,1066.6,1071.6,1066.6,1071.4,10145.0,present
3866,2025-08-23 08:00:00+00:00,1071.6,1071.6,1068.4,1070.2,5724.0,present
3867,2025-08-23 10:00:00+00:00,1070.2,1071.0,1069.6,1070.8,2070.0,present
3868,2025-08-23 12:00:00+00:00,1070.2,1070.8,1070.0,1070.6,1337.0,present
3869,2025-08-23 14:00:00+00:00,1070.6,1071.2,1070.0,1071.0,2187.0,present
3870,2025-08-23 16:00:00+00:00,1070.475,1071.2250000000001,1069.325,1070.375,3116.125,interpolated
3871,2025-08-23 18:00:00+00:00,1070.35,1071.25,1068.65,1069.75,4045.25,interpolated
3872,2025-08-23 20:00:00+00:00,1070.225,1071.275,1067.975,1069.125,4974.375,interpolated
3873,2025-08-23 22:00:00+00:00,1070.1,1071.3000000000002,1067.3,1068.5,5903.5,interpolated
3874,2025-08-24 00:00:00+00:00,1069.975,1071.325,1066.625,1067.875,6832.625,interpolated
3875,2025-08-24 02:00:00+00:00,1069.85,1071.3500000000001,1065.9499999999998,1067.25,7761.75,interpolated
3876,2025-08-24 04:00:00+00:00,1069.725,1071.375,1065.2749999999999,1066.625,8690.875,interpolated
3877,2025-08-24 06:00:00+00:00,1069.6,1071.4,1064.6,1066.0,9620.0,present
3878,2025-08-24 08:00:00+00:00,1066.0,1067.6,1064.4,1065.2,4698.0,present
3879,2025-08-24 10:00:00+00:00,1066.0,1066.8,1063.8,1066.2,6251.0,present
3880,2025-08-24 12:00:00+00:00,1066.2,1066.8,1064.6,1066.2,3855.0,present
3881,2025-08-24 14:00:00+00:00,1066.2,1066.6,1064.8,1066.0,2760.0,present
3882,2025-08-24 16:00:00+00:00,1066.0666666666666,1066.3999999999999,1064.9,1065.9,2306.1666666666665,interpolated
3883,2025-08-24 18:00:00+00:00,1065.9333333333334,1066.2,1065.0,1065.8,1852.3333333333335,interpolated
3884,2025-08-24 20:00:00+00:00,1065.8000000000002,1066.0,1065.1,1065.7,1398.5,interpolated
3885,2025-08-24 22:00:00+00:00,1065.6666666666667,1065.8,1065.2,1065.6000000000001,944.6666666666667,interpolated
3886,2025-08-25 00:00:00+00:00,1065.5333333333333,1065.6000000000001,1065.3000000000002,1065.5,490.8333333333335,interpolated
3887,2025-08-25 02:00:00+00:00,1065.4,1065.4,1065.4,1065.4,37.0,present
3888,2025-08-25 04:00:00+00:00,1065.4,1066.6,1061.8,1064.4,17741.0,present
3889,2025-08-25 06:00:00+00:00,1064.6,1065.0,1058.0,1058.6,82895.0,present
3890,2025-08-25 08:00:00+00:00,1058.6,1062.0,1053.0,1059.6,400044.0,present
3891,2025-08-25 10:00:00+00:00,1059.6,1071.6,1059.6,1065.2,189374.0,present
3892,2025-08-25 12:00:00+00:00,1065.2,1065.4,1058.0,1063.8,83428.0,present
3893,2025-08-25 14:00:00+00:00,1064.0,1067.2,1061.0,1065.0,50679.0,present
3894,2025-08-25 16:00:00+00:00,1064.6,1068.0,1064.0,1068.0,31513.0,present
3895,2025-08-25 18:00:00+00:00,1067.8,1068.0,1067.0,1067.6,5966.0,present
3896,2025-08-25 20:00:00+00:00,1067.8,1068.0,1067.6,1068.0,3936.0,present
3897,2025-08-25 22:00:00+00:00,1067.8666666666666,1068.0,1067.7333333333333,1068.0,2652.333333333333,interpolated
3898,2025-08-26 00:00:00+00:00,1067.9333333333334,1068.0,1067.8666666666666,1068.0,1368.6666666666665,interpolated
3899,2025-08-26 02:00:00+00:00,1068.0,1068.0,1068.0,1068.0,85.0,present
3900,2025-08-26 04:00:00+00:00,1068.2,1078.0,1067.6,1074.8,119404.0,present
3901,2025-08-26 06:00:00+00:00,1074.6,1080.0,1072.4,1074.2,119357.0,present
3902,2025-08-26 08:00:00+00:00,1074.4,1077.6,1072.0,1073.0,57904.0,present
3903,2025-08-26 10:00:00+00:00,1073.4,1080.4,1072.8,1077.2,57296.0,present
3904,2025-08-26 12:00:00+00:00,1077.2,1077.6,1073.2,1073.6,54009.0,present
3905,2025-08-26 12:00:00+00:00,1077.2,1077.6,1073.2,1073.6,54009.0,present
3906,2025-08-26 14:00:00+00:00,1073.6,1075.0,1066.8,1073.0,93762.0,present
3907,2025-08-26 16:00:00+00:00,1073.0,1073.2,1070.2,1070.8,10423.0,present
3908,2025-08-26 18:00:00+00:00,1071.2,1077.0,1070.6,1075.2,20331.0,present
3909,2025-08-26 20:00:00+00:00,1075.6,1077.0,1075.0,1077.0,4754.0,present
3910,2025-08-26 22:00:00+00:00,1076.9333333333332,1077.8666666666666,1076.5333333333333,1077.8666666666666,3187.333333333333,interpolated
3911,2025-08-27 00:00:00+00:00,1078.2666666666667,1078.7333333333333,1078.0666666666666,1078.7333333333333,1620.6666666666665,interpolated
3912,2025-08-27 02:00:00+00:00,1079.6,1079.6,1079.6,1079.6,54.0,present
3913,2025-08-27 04:00:00+00:00,1079.6,1086.0,1076.2,1076.4,34436.0,present
3914,2025-08-27 06:00:00+00:00,1076.2,1083.0,1075.6,1078.4,77970.0,present
3915,2025-08-27 08:00:00+00:00,1079.0,1090.8,1077.2,1084.8,132751.0,present
3916,2025-08-27 10:00:00+00:00,1084.8,1094.0,1082.8,1093.2,73212.0,present
3917,2025-08-27 12:00:00+00:00,1093.2,1097.0,1090.2,1093.4,87674.0,present
3918,2025-08-27 14:00:00+00:00,1094.2,1097.2,1092.2,1092.6,48505.0,present
3919,2025-08-27 16:00:00+00:00,1093.4,1104.0,1093.4,1102.4,72456.0,present
3920,2025-08-27 18:00:00+00:00,1102.4,1105.2,1100.8,1102.0,46722.0,present
3921,2025-08-27 20:00:00+00:00,1101.4,1102.0,1099.0,1100.2,7651.0,present
3922,2025-08-27 22:00:00+00:00,1101.0666666666668,1101.4666666666667,1099.4666666666667,1100.2666666666667,5244.666666666667,interpolated
3923,2025-08-28 00:00:00+00:00,1100.7333333333333,1100.9333333333334,1099.9333333333334,1100.3333333333335,2838.333333333334,interpolated
3924,2025-08-28 02:00:00+00:00,1100.4,1100.4,1100.4,1100.4,432.0,present
3925,2025-08-28 04:00:00+00:00,1100.4,1101.6,1096.0,1099.0,22841.0,present
3926,2025-08-28 06:00:00+00:00,1099.2,1099.8,1091.0,1093.8,42574.0,present
3927,2025-08-28 08:00:00+00:00,1093.8,1097.8,1085.0,1085.2,142996.0,present
3928,2025-08-28 10:00:00+00:00,1085.4,1088.4,1078.6,1079.8,114770.0,present
3929,2025-08-28 12:00:00+00:00,1079.8,1090.8,1079.4,1081.6,124022.0,present
3930,2025-08-28 14:00:00+00:00,1081.6,1087.0,1080.2,1087.0,45380.0,present
3931,2025-08-28 16:00:00+00:00,1087.0,1087.0,1061.2,1067.4,171505.0,present
3932,2025-08-28 18:00:00+00:00,1067.4,1074.0,1065.2,1068.6,73353.0,present
3933,2025-08-28 20:00:00+00:00,1068.2,1071.4,1067.2,1070.6,14149.0,present
3934,2025-08-28 22:00:00+00:00,1069.7333333333333,1071.8666666666668,1069.0666666666666,1071.3333333333333,9556.666666666666,interpolated
3935,2025-08-29 00:00:00+00:00,1071.2666666666667,1072.3333333333333,1070.9333333333334,1072.0666666666666,4964.333333333332,interpolated
3936,2025-08-29 02:00:00+00:00,1072.8,1072.8,1072.8,1072.8,372.0,present
3937,2025-08-29 04:00:00+00:00,1071.6,1075.6,1066.0,1074.8,53103.0,present
3938,2025-08-29 06:00:00+00:00,1074.0,1078.2,1068.8,1077.6,66084.0,present
3939,2025-08-29 08:00:00+00:00,1077.6,1084.0,1070.4,1072.8,123398.0,present
3940,2025-08-29 10:00:00+00:00,1072.6,1073.6,1060.0,1063.6,208996.0,present
3941,2025-08-29 12:00:00+00:00,1063.8,1064.0,1057.2,1057.2,122455.0,present
3942,2025-08-29 14:00:00+00:00,1057.2,1064.0,1057.2,1063.6,69914.0,present
3943,2025-08-29 16:00:00+00:00,1063.6,1064.6,1062.4,1063.0,13176.0,present
3944,2025-08-29 18:00:00+00:00,1063.0,1063.4,1059.8,1062.6,16691.0,present
3945,2025-08-29 20:00:00+00:00,1062.4,1062.4,1060.0,1061.0,8560.0,present
3946,2025-08-29 22:00:00+00:00,1062.1200000000001,1062.76,1060.04,1061.56,7600.0,interpolated
3947,2025-08-30 00:00:00+00:00,1061.8400000000001,1063.1200000000001,1060.08,1062.12,6640.0,interpolated
3948,2025-08-30 02:00:00+00:00,1061.56,1063.48,1060.1200000000001,1062.68,5680.0,interpolated
3949,2025-08-30 04:00:00+00:00,1061.28,1063.8400000000001,1060.16,1063.24,4720.0,interpolated
3950,2025-08-30 06:00:00+00:00,1061.0,1064.2,1060.2,1063.8,3760.0,present
3951,2025-08-30 08:00:00+00:00,1063.8,1064.4,1061.8,1062.2,6634.0,present
3952,2025-08-30 10:00:00+00:00,1062.4,1064.0,1060.4,1061.4,3964.0,present
3953,2025-08-30 12:00:00+00:00,1062.0,1063.0,1061.0,1062.6,5739.0,present
3954,2025-08-30 14:00:00+00:00,1062.6,1062.8,1060.2,1062.0,3624.0,present
3955,2025-08-30 16:00:00+00:00,1062.55,1063.0249999999999,1060.25,1062.25,3653.875,interpolated
3956,2025-08-30 18:00:00+00:00,1062.5,1063.25,1060.3,1062.5,3683.75,interpolated
3957,2025-08-30 20:00:00+00:00,1062.45,1063.475,1060.35,1062.75,3713.625,interpolated
3958,2025-08-30 22:00:00+00:00,1062.4,1063.6999999999998,1060.4,1063.0,3743.5,interpolated
3959,2025-08-31 00:00:00+00:00,1062.35,1063.925,1060.45,1063.25,3773.375,interpolated
3960,2025-08-31 02:00:00+00:00,1062.3,1064.1499999999999,1060.5,1063.5,3803.25,interpolated
3961,2025-08-31 04:00:00+00:00,1062.25,1064.375,1060.55,1063.75,3833.125,interpolated
3962,2025-08-31 06:00:00+00:00,1062.2,1064.6,1060.6,1064.0,3863.0,present
3963,2025-08-31 08:00:00+00:00,1063.6,1064.2,1062.4,1063.6,19514.0,present
3964,2025-08-31 10:00:00+00:00,1063.4,1063.8,1062.2,1063.0,4432.0,present
3965,2025-08-31 12:00:00+00:00,1063.4,1064.0,1062.8,1063.4,1203.0,present
3966,2025-08-31 14:00:00+00:00,1063.4,1063.8,1063.0,1063.4,2077.0,present
3967,2025-08-31 16:00:00+00:00,1063.5666666666668,1063.9,1063.2333333333333,1063.5666666666668,1737.8333333333333,interpolated
3968,2025-08-31 18:00:00+00:00,1063.7333333333333,1064.0,1063.4666666666667,1063.7333333333333,1398.6666666666665,interpolated
3969,2025-08-31 20:00:00+00:00,1063.9,1064.1,1063.7,1063.9,1059.5,interpolated
3970,2025-08-31 22:00:00+00:00,1064.0666666666668,1064.2,1063.9333333333334,1064.0666666666668,720.3333333333333,interpolated
3971,2025-09-01 00:00:00+00:00,1064.2333333333333,1064.3000000000002,1064.1666666666667,1064.2333333333333,381.16666666666674,interpolated
3972,2025-09-01 02:00:00+00:00,1064.4,1064.4,1064.4,1064.4,42.0,present
3973,2025-09-01 04:00:00+00:00,1064.4,1070.6,1062.6,1068.6,42532.0,present
3974,2025-09-01 06:00:00+00:00,1068.2,1072.4,1060.6,1061.6,72713.0,present
3975,2025-09-01 08:00:00+00:00,1061.0,1075.4,1060.8,1070.8,181488.0,present
3976,2025-09-01 10:00:00+00:00,1070.8,1079.2,1070.0,1074.0,117418.0,present
3977,2025-09-01 12:00:00+00:00,1074.0,1077.4,1073.2,1075.0,83908.0,present
3978,2025-09-01 14:00:00+00:00,1075.2,1075.4,1059.0,1059.0,132979.0,present
3979,2025-09-01 16:00:00+00:00,1059.8,1059.8,1053.6,1057.4,92811.0,present
3980,2025-09-01 18:00:00+00:00,1057.2,1061.0,1056.8,1058.8,19617.0,present
3981,2025-09-01 20:00:00+00:00,1058.8,1059.0,1056.0,1057.6,7280.0,present
3982,2025-09-01 22:00:00+00:00,1059.6,1059.7333333333333,1057.7333333333333,1058.8,5157.333333333334,interpolated
3983,2025-09-02 00:00:00+00:00,1060.4,1060.4666666666667,1059.4666666666667,1060.0,3034.666666666667,interpolated
3984,2025-09-02 02:00:00+00:00,1061.2,1061.2,1061.2,1061.2,912.0,present
3985,2025-09-02 04:00:00+00:00,1061.2,1062.4,1045.8,1049.8,102398.0,present
3986,2025-09-02 06:00:00+00:00,1049.4,1058.8,1046.6,1055.4,107593.0,present
3987,2025-09-02 08:00:00+00:00,1055.6,1079.2,1052.2,1072.6,268872.0,present
3988,2025-09-02 10:00:00+00:00,1072.6,1074.2,1065.4,1070.8,131254.0,present
3989,2025-09-02 12:00:00+00:00,1070.8,1072.4,1051.8,1054.0,247592.0,present
3990,2025-09-02 12:00:00+00:00,1070.8,1072.4,1051.8,1054.0,247592.0,present
3991,2025-09-02 14:00:00+00:00,1054.0,1056.4,1035.8,1039.4,243204.0,present
3992,2025-09-02 16:00:00+00:00,1039.2,1040.0,1035.8,1037.8,100863.0,present
3993,2025-09-02 18:00:00+00:00,1038.0,1049.4,1036.8,1047.0,261907.0,present
3994,2025-09-02 20:00:00+00:00,1047.0,1049.0,1046.4,1046.8,16602.0,present
3995,2025-09-02 22:00:00+00:00,1047.0,1048.3333333333333,1046.6000000000001,1046.8666666666666,11072.666666666668,interpolated
3996,2025-09-03 00:00:00+00:00,1047.0,1047.6666666666667,1046.8,1046.9333333333334,5543.333333333334,interpolated
3997,2025-09-03 02:00:00+00:00,1047.0,1047.0,1047.0,1047.0,14.0,present
3998,2025-09-03 04:00:00+00:00,1047.0,1049.6,1040.6,1046.0,23330.0,present
3999,2025-09-03 06:00:00+00:00,1045.2,1053.0,1043.2,1045.2,111690.0,present
4000,2025-09-03 08:00:00+00:00,1045.6,1055.2,1038.0,1052.8,184464.0,present
4001,2025-09-03 10:00:00+00:00,1052.2,1055.2,1050.0,1052.8,69164.0,present
4002,2025-09-03 12:00:00+00:00,1053.0,1058.6,1050.2,1055.0,71697.0,present
4003,2025-09-03 14:00:00+00:00,1055.2,1058.2,1053.2,1056.0,55281.0,present
4004,2025-09-03 16:00:00+00:00,1056.2,1065.0,1056.0,1061.0,87678.0,present
4005,2025-09-03 18:00:00+00:00,1061.0,1064.2,1058.4,1064.0,21747.0,present
4006,2025-09-03 20:00:00+00:00,1064.0,1066.0,1063.6,1066.0,12049.0,present
4007,2025-09-03 22:00:00+00:00,1064.6666666666667,1066.0,1064.3999999999999,1066.0,8049.666666666667,interpolated
4008,2025-09-04 00:00:00+00:00,1065.3333333333333,1066.0,1065.2,1066.0,4050.333333333334,interpolated
4009,2025-09-04 02:00:00+00:00,1066.0,1066.0,1066.0,1066.0,51.0,present
4010,2025-09-04 04:00:00+00:00,1066.0,1067.6,1061.6,1065.2,26110.0,present
4011,2025-09-04 06:00:00+00:00,1065.2,1070.6,1062.0,1067.4,67673.0,present
4012,2025-09-04 08:00:00+00:00,1068.0,1068.8,1060.4,1064.2,65725.0,present
4013,2025-09-04 10:00:00+00:00,1064.0,1067.2,1062.2,1063.4,31751.0,present
4014,2025-09-04 12:00:00+00:00,1063.4,1064.4,1059.0,1061.6,47602.0,present
4015,2025-09-04 14:00:00+00:00,1062.0,1062.2,1048.8,1058.8,156868.0,present
4016,2025-09-04 16:00:00+00:00,1058.8,1064.0,1055.8,1062.4,25681.0,present
4017,2025-09-04 18:00:00+00:00,1062.6,1066.2,1062.6,1065.0,24426.0,present
4018,2025-09-04 20:00:00+00:00,1064.8,1067.0,1064.2,1064.6,11699.0,present
4019,2025-09-04 22:00:00+00:00,1064.9333333333334,1066.4,1064.5333333333333,1064.8,7800.0,interpolated
4020,2025-09-05 00:00:00+00:00,1065.0666666666666,1065.8,1064.8666666666668,1065.0,3901.0,interpolated
4021,2025-09-05 02:00:00+00:00,1065.2,1065.2,1065.2,1065.2,2.0,present
4022,2025-09-05 04:00:00+00:00,1066.8,1067.8,1063.0,1064.2,18307.0,present
4023,2025-09-05 06:00:00+00:00,1064.4,1068.6,1062.8,1063.2,23660.0,present
4024,2025-09-05 08:00:00+00:00,1063.0,1074.0,1062.6,1069.2,112172.0,present
4025,2025-09-05 10:00:00+00:00,1069.0,1071.0,1067.8,1071.0,30488.0,present
4026,2025-09-05 12:00:00+00:00,1071.0,1075.0,1068.6,1074.0,94614.0,present
4027,2025-09-05 14:00:00+00:00,1074.4,1075.8,1072.6,1074.8,87323.0,present
4028,2025-09-05 16:00:00+00:00,1073.6,1074.6,1070.6,1071.2,15061.0,present
4029,2025-09-05 18:00:00+00:00,1071.2,1074.4,1071.0,1073.4,10469.0,present
4030,2025-09-05 20:00:00+00:00,1073.0,1074.0,1072.2,1072.6,4275.0,present
4031,2025-09-05 22:00:00+00:00,1072.92,1074.12,1072.16,1072.56,3971.8,interpolated
4032,2025-09-06 00:00:00+00:00,1072.84,1074.24,1072.1200000000001,1072.52,3668.6,interpolated
4033,2025-09-06 02:00:00+00:00,1072.76,1074.36,1072.08,1072.48,3365.4,interpolated
4034,2025-09-06 04:00:00+00:00,1072.6799999999998,1074.48,1072.04,1072.44,3062.2,interpolated
4035,2025-09-06 06:00:00+00:00,1072.6,1074.6,1072.0,1072.4,2759.0,present
4036,2025-09-06 08:00:00+00:00,1072.6,1073.8,1071.6,1071.8,3465.0,present
4037,2025-09-06 10:00:00+00:00,1071.8,1072.8,1070.8,1071.4,2956.0,present
4038,2025-09-06 12:00:00+00:00,1071.4,1072.0,1069.2,1069.6,3138.0,present
4039,2025-09-06 14:00:00+00:00,1069.8,1069.8,1069.0,1069.2,2952.0,present
4040,2025-09-06 16:00:00+00:00,1069.8,1069.825,1068.5,1069.3,3952.5,interpolated
4041,2025-09-06 18:00:00+00:00,1069.8,1069.85,1068.0,1069.4,4953.0,interpolated
4042,2025-09-06 20:00:00+00:00,1069.8,1069.875,1067.5,1069.5,5953.5,interpolated
4043,2025-09-06 22:00:00+00:00,1069.8,1069.9,1067.0,1069.6,6954.0,interpolated
4044,2025-09-07 00:00:00+00:00,1069.8,1069.925,1066.5,1069.7,7954.5,interpolated
4045,2025-09-07 02:00:00+00:00,1069.8,1069.95,1066.0,1069.8,8955.0,interpolated
4046,2025-09-07 04:00:00+00:00,1069.8,1069.975,1065.5,1069.9,9955.5,interpolated
4047,2025-09-07 06:00:00+00:00,1069.8,1070.0,1065.0,1070.0,10956.0,present
4048,2025-09-07 08:00:00+00:00,1070.0,1070.8,1069.2,1070.4,3073.0,present
4049,2025-09-07 10:00:00+00:00,1070.4,1071.8,1070.4,1071.2,3717.0,present
4050,2025-09-07 12:00:00+00:00,1071.2,1074.0,1070.4,1071.6,13452.0,present
4051,2025-09-07 14:00:00+00:00,1071.6,1074.4,1071.4,1074.2,7513.0,present
4052,2025-09-07 16:00:00+00:00,1072.0,1074.3333333333335,1071.8333333333335,1074.1666666666667,6321.166666666667,interpolated
4053,2025-09-07 18:00:00+00:00,1072.3999999999999,1074.2666666666667,1072.2666666666667,1074.1333333333334,5129.333333333334,interpolated
4054,2025-09-07 20:00:00+00:00,1072.8,1074.2,1072.7,1074.1,3937.5,interpolated
4055,2025-09-07 22:00:00+00:00,1073.2,1074.1333333333334,1073.1333333333334,1074.0666666666666,2745.666666666667,interpolated
4056,2025-09-08 00:00:00+00:00,1073.6,1074.0666666666666,1073.5666666666666,1074.0333333333333,1553.833333333333,interpolated
4057,2025-09-08 02:00:00+00:00,1074.0,1074.0,1074.0,1074.0,362.0,present
4058,2025-09-08 04:00:00+00:00,1073.8,1078.8,1072.6,1077.8,28800.0,present
4059,2025-09-08 06:00:00+00:00,1077.8,1081.8,1076.2,1078.4,166830.0,present
4060,2025-09-08 08:00:00+00:00,1078.0,1078.6,1074.2,1075.6,74169.0,present
4061,2025-09-08 10:00:00+00:00,1075.6,1076.6,1069.6,1075.8,92595.0,present
4062,2025-09-08 12:00:00+00:00,1075.6,1076.2,1066.8,1067.6,130613.0,present
4063,2025-09-08 14:00:00+00:00,1067.6,1078.4,1067.2,1078.0,104560.0,present
4064,2025-09-08 16:00:00+00:00,1078.0,1081.0,1077.0,1079.0,59978.0,present
4065,2025-09-08 18:00:00+00:00,1079.0,1079.8,1078.0,1079.6,23424.0,present
4066,2025-09-08 20:00:00+00:00,1079.6,1080.4,1079.4,1080.2,5302.0,present
4067,2025-09-08 22:00:00+00:00,1079.8,1080.3333333333335,1079.6666666666667,1080.2,3893.6666666666665,interpolated
4068,2025-09-09 00:00:00+00:00,1080.0,1080.2666666666667,1079.9333333333334,1080.2,2485.333333333333,interpolated
4069,2025-09-09 02:00:00+00:00,1080.2,1080.2,1080.2,1080.2,1077.0,present
4070,2025-09-09 04:00:00+00:00,1080.2,1085.6,1080.0,1084.2,39412.0,present
4071,2025-09-09 06:00:00+00:00,1083.8,1096.8,1083.2,1093.8,200052.0,present
4072,2025-09-09 08:00:00+00:00,1094.0,1099.8,1092.0,1094.4,148797.0,present
4073,2025-09-09 10:00:00+00:00,1094.0,1095.4,1087.2,1090.4,129616.0,present
4074,2025-09-09 12:00:00+00:00,1090.6,1093.6,1086.0,1089.4,94809.0,present
4075,2025-09-09 12:00:00+00:00,1090.6,1093.6,1086.0,1089.4,94809.0,present
4076,2025-09-09 14:00:00+00:00,1089.8,1108.4,1089.0,1104.0,415437.0,present
4077,2025-09-09 16:00:00+00:00,1104.0,1107.0,1100.4,1102.4,93225.0,present
4078,2025-09-09 18:00:00+00:00,1102.8,1104.6,1100.8,1102.8,46715.0,present
4079,2025-09-09 20:00:00+00:00,1102.2,1106.0,1102.2,1105.6,18918.0,present
4080,2025-09-09 22:00:00+00:00,1103.4,1105.9333333333334,1103.4,1105.6666666666665,12651.0,interpolated
4081,2025-09-10 00:00:00+00:00,1104.6,1105.8666666666666,1104.6,1105.7333333333333,6384.0,interpolated
4082,2025-09-10 02:00:00+00:00,1105.8,1105.8,1105.8,1105.8,117.0,present
4083,2025-09-10 04:00:00+00:00,1106.0,1106.0,1093.6,1096.8,83538.0,present
4084,2025-09-10 06:00:00+00:00,1097.0,1100.8,1089.8,1098.8,160019.0,present
4085,2025-09-10 08:00:00+00:00,1098.8,1100.4,1088.2,1091.2,142405.0,present
4086,2025-09-10 10:00:00+00:00,1091.2,1092.0,1082.6,1086.4,148695.0,present
4087,2025-09-10 12:00:00+00:00,1086.2,1093.4,1085.4,1092.0,171095.0,present
4088,2025-09-10 14:00:00+00:00,1092.4,1094.8,1086.0,1086.4,80086.0,present
4089,2025-09-10 16:00:00+00:00,1086.4,1087.4,1081.0,1087.0,109840.0,present
4090,2025-09-10 18:00:00+00:00,1086.8,1087.0,1082.0,1083.0,29165.0,present
4091,2025-09-10 20:00:00+00:00,1082.8,1084.2,1081.0,1081.8,14784.0,present
4092,2025-09-10 22:00:00+00:00,1082.8666666666666,1083.8,1081.6666666666667,1082.2,9902.0,interpolated
4093,2025-09-11 00:00:00+00:00,1082.9333333333334,1083.4,1082.3333333333333,1082.6,5020.0,interpolated
4094,2025-09-11 02:00:00+00:00,1083.0,1083.0,1083.0,1083.0,138.0,present
4095,2025-09-11 04:00:00+00:00,1084.8,1088.0,1082.0,1086.2,22589.0,present
4096,2025-09-11 06:00:00+00:00,1086.4,1088.6,1069.2,1069.2,240371.0,present
4097,2025-09-11 08:00:00+00:00,1069.4,1072.0,1064.8,1067.2,193705.0,present
4098,2025-09-11 10:00:00+00:00,1067.0,1068.0,1062.4,1065.4,179929.0,present
4099,2025-09-11 12:00:00+00:00,1065.2,1067.0,1055.0,1062.0,253317.0,present
4100,2025-09-11 14:00:00+00:00,1062.2,1069.4,1061.8,1065.8,107643.0,present
4101,2025-09-11 16:00:00+00:00,1065.8,1067.4,1063.0,1063.2,35229.0,present
4102,2025-09-11 18:00:00+00:00,1063.2,1065.4,1063.0,1065.0,23358.0,present
4103,2025-09-11 20:00:00+00:00,1065.0,1065.2,1063.0,1063.0,10605.0,present
4104,2025-09-11 22:00:00+00:00,1064.6,1064.7333333333333,1063.2666666666667,1063.2666666666667,7095.0,interpolated
4105,2025-09-12 00:00:00+00:00,1064.2,1064.2666666666667,1063.5333333333333,1063.5333333333333,3585.0,interpolated
4106,2025-09-12 02:00:00+00:00,1063.8,1063.8,1063.8,1063.8,75.0,present
4107,2025-09-12 04:00:00+00:00,1063.0,1070.6,1062.4,1065.2,80551.0,present
4108,2025-09-12 06:00:00+00:00,1065.2,1065.6,1056.4,1058.2,69847.0,present
4109,2025-09-12 08:00:00+00:00,1058.0,1065.2,1052.8,1062.6,136172.0,present
4110,2025-09-12 10:00:00+00:00,1062.8,1070.6,1043.0,1063.2,601853.0,present
4111,2025-09-12 12:00:00+00:00,1063.6,1064.0,1048.0,1051.8,337419.0,present
4112,2025-09-12 14:00:00+00:00,1051.4,1056.2,1050.0,1051.2,217605.0,present
4113,2025-09-12 16:00:00+00:00,1051.0,1051.2,1046.8,1050.6,80642.0,present
4114,2025-09-12 18:00:00+00:00,1050.6,1053.8,1049.4,1050.4,43964.0,present
4115,2025-09-12 20:00:00+00:00,1050.6,1053.8,1050.2,1052.4,13659.0,present
4116,2025-09-12 22:00:00+00:00,1050.96,1053.52,1050.64,1052.4,10931.4,interpolated
4117,2025-09-13 00:00:00+00:00,1051.32,1053.24,1051.0800000000002,1052.4,8203.8,interpolated
4118,2025-09-13 02:00:00+00:00,1051.68,1052.96,1051.52,1052.4,5476.200000000001,interpolated
4119,2025-09-13 04:00:00+00:00,1052.04,1052.68,1051.96,1052.4,2748.6000000000004,interpolated
4120,2025-09-13 06:00:00+00:00,1052.4,1052.4,1052.4,1052.4,21.0,present
4121,2025-09-13 08:00:00+00:00,1054.6,1055.0,1050.2,1052.8,6195.0,present
4122,2025-09-13 10:00:00+00:00,1052.8,1054.8,1050.0,1051.6,10271.0,present
4123,2025-09-13 12:00:00+00:00,1051.6,1052.4,1049.0,1050.4,5021.0,present
4124,2025-09-13 14:00:00+00:00,1050.0,1051.8,1046.0,1048.6,14688.0,present
4125,2025-09-13 16:00:00+00:00,1049.85,1051.425,1045.9,1048.375,13367.5,interpolated
4126,2025-09-13 18:00:00+00:00,1049.7,1051.05,1045.8,1048.1499999999999,12047.0,interpolated
4127,2025-09-13 20:00:00+00:00,1049.55,1050.675,1045.7,1047.925,10726.5,interpolated
4128,2025-09-13 22:00:00+00:00,1049.4,1050.3,1045.6,1047.6999999999998,9406.0,interpolated
4129,2025-09-14 00:00:00+00:00,1049.25,1049.925,1045.5,1047.475,8085.5,interpolated
4130,2025-09-14 02:00:00+00:00,1049.1,1049.55,1045.4,1047.25,6765.0,interpolated
4131,2025-09-14 04:00:00+00:00,1048.95,1049.175,1045.3,1047.0249999999999,5444.5,interpolated
4132,2025-09-14 06:00:00+00:00,1048.8,1048.8,1045.2,1046.8,4124.0,present
4133,2025-09-14 08:00:00+00:00,1047.0,1047.6,1044.2,1045.2,8646.0,present
4134,2025-09-14 10:00:00+00:00,1045.2,1051.0,1045.0,1049.6,9294.0,present
4135,2025-09-14 12:00:00+00:00,1050.0,1055.2,1049.4,1054.8,17511.0,present
4136,2025-09-14 14:00:00+00:00,1054.8,1055.0,1051.2,1052.4,8446.0,present
4137,2025-09-14 16:00:00+00:00,1054.5,1054.6666666666667,1051.5,1052.5,7062.166666666667,interpolated
4138,2025-09-14 18:00:00+00:00,1054.2,1054.3333333333333,1051.8,1052.6000000000001,5678.333333333334,interpolated
4139,2025-09-14 20:00:00+00:00,1053.9,1054.0,1052.1,1052.7,4294.5,interpolated
4140,2025-09-14 22:00:00+00:00,1053.6,1053.6666666666667,1052.4,1052.8,2910.666666666667,interpolated
4141,2025-09-15 00:00:00+00:00,1053.3,1053.3333333333333,1052.7,1052.9,1526.833333333334,interpolated
4142,2025-09-15 02:00:00+00:00,1053.0,1053.0,1053.0,1053.0,143.0,present
4143,2025-09-15 04:00:00+00:00,1053.6,1057.4,1044.8,1045.6,50089.0,present
4144,2025-09-15 06:00:00+00:00,1046.2,1048.0,1041.6,1042.6,96493.0,present
4145,2025-09-15 08:00:00+00:00,1042.2,1042.6,1030.4,1031.0,183226.0,present
4146,2025-09-15 10:00:00+00:00,1031.2,1036.6,1030.4,1033.2,75129.0,present
4147,2025-09-15 12:00:00+00:00,1033.2,1037.0,1020.0,1022.2,246015.0,present
4148,2025-09-15 14:00:00+00:00,1022.4,1029.8,1020.0,1026.8,153163.0,present
4149,2025-09-15 16:00:00+00:00,1028.0,1031.8,1027.4,1028.8,29462.0,present
4150,2025-09-15 18:00:00+00:00,1028.8,1030.8,1027.6,1030.6,22196.0,present
4151,2025-09-15 20:00:00+00:00,1030.6,1031.8,1029.8,1030.2,7162.0,present
4152,2025-09-15 22:00:00+00:00,1030.3999999999999,1031.2,1029.8666666666666,1030.1333333333334,4776.0,interpolated
4153,2025-09-16 00:00:00+00:00,1030.2,1030.6,1029.9333333333334,1030.0666666666666,2390.0,interpolated
4154,2025-09-16 02:00:00+00:00,1030.0,1030.0,1030.0,1030.0,4.0,present
4155,2025-09-16 04:00:00+00:00,1030.2,1037.0,1030.0,1033.4,35483.0,present
4156,2025-09-16 06:00:00+00:00,1033.2,1038.6,1031.0,1034.4,59233.0,present
4157,2025-09-16 08:00:00+00:00,1034.2,1035.0,1014.4,1014.4,179913.0,present
4158,2025-09-16 10:00:00+00:00,1014.8,1020.2,1010.4,1016.8,207530.0,present
4159,2025-09-16 12:00:00+00:00,1016.6,1022.4,1012.6,1021.0,121338.0,present
4160,2025-09-16 12:00:00+00:00,1016.6,1022.4,1012.6,1021.0,121338.0,present
4161,2025-09-16 14:00:00+00:00,1021.2,1025.0,1021.0,1023.0,87974.0,present
4162,2025-09-16 16:00:00+00:00,1023.0,1024.4,1021.2,1023.0,22616.0,present
4163,2025-09-16 18:00:00+00:00,1022.6,1023.4,1019.6,1020.4,28367.0,present
4164,2025-09-16 20:00:00+00:00,1019.8,1020.0,1018.2,1019.2,8133.0,present
4165,2025-09-16 22:00:00+00:00,1019.6,1019.7333333333333,1018.5333333333334,1019.2,5424.0,interpolated
4166,2025-09-17 00:00:00+00:00,1019.4,1019.4666666666667,1018.8666666666667,1019.2,2715.0,interpolated
4167,2025-09-17 02:00:00+00:00,1019.2,1019.2,1019.2,1019.2,6.0,present
4168,2025-09-17 04:00:00+00:00,1021.0,1023.6,1017.6,1018.8,21347.0,present
4169,2025-09-17 06:00:00+00:00,1018.8,1019.6,1006.0,1013.4,130675.0,present
4170,2025-09-17 08:00:00+00:00,1013.6,1014.8,1010.0,1010.4,68352.0,present
4171,2025-09-17 10:00:00+00:00,1010.4,1019.2,1010.0,1012.6,88535.0,present
4172,2025-09-17 12:00:00+00:00,1012.4,1014.2,1003.0,1005.0,195823.0,present
4173,2025-09-17 14:00:00+00:00,1005.2,1016.4,1004.6,1011.2,183992.0,present
4174,2025-09-17 16:00:00+00:00,1012.0,1017.4,1011.8,1015.8,42380.0,present
4175,2025-09-17 18:00:00+00:00,1015.8,1018.8,1015.0,1018.8,28672.0,present
4176,2025-09-17 20:00:00+00:00,1018.4,1018.8,1015.8,1016.6,8936.0,present
4177,2025-09-17 22:00:00+00:00,1017.9333333333333,1018.1999999999999,1016.1999999999999,1016.7333333333333,5969.0,interpolated
4178,2025-09-18 00:00:00+00:00,1017.4666666666667,1017.6,1016.6,1016.8666666666667,3002.0,interpolated
4179,2025-09-18 02:00:00+00:00,1017.0,1017.0,1017.0,1017.0,35.0,present
4180,2025-09-18 04:00:00+00:00,1017.0,1019.6,1009.8,1013.2,51807.0,present
4181,2025-09-18 06:00:00+00:00,1013.2,1014.6,1010.4,1012.0,54597.0,present
4182,2025-09-18 08:00:00+00:00,1012.0,1028.0,1012.0,1021.6,257194.0,present
4183,2025-09-18 10:00:00+00:00,1021.4,1026.6,1014.0,1015.2,209964.0,present
4184,2025-09-18 12:00:00+00:00,1015.0,1021.4,1009.4,1015.4,395210.0,present
4185,2025-09-18 14:00:00+00:00,1015.2,1022.2,1015.2,1016.8,125059.0,present
4186,2025-09-18 16:00:00+00:00,1018.0,1018.0,1016.0,1016.0,74091.0,present
4187,2025-09-18 18:00:00+00:00,1016.0,1017.0,1010.6,1016.8,52515.0,present
4188,2025-09-18 20:00:00+00:00,1016.8,1018.0,1015.6,1016.8,11607.0,present
4189,2025-09-18 22:00:00+00:00,1016.8666666666667,1017.6666666666666,1016.0666666666667,1016.8666666666667,7744.333333333334,interpolated
4190,2025-09-19 00:00:00+00:00,1016.9333333333333,1017.3333333333334,1016.5333333333333,1016.9333333333333,3881.666666666667,interpolated
4191,2025-09-19 02:00:00+00:00,1017.0,1017.0,1017.0,1017.0,19.0,present
4192,2025-09-19 04:00:00+00:00,1018.6,1019.4,1011.4,1012.8,16071.0,present
4193,2025-09-19 06:00:00+00:00,1012.8,1021.8,1011.4,1017.4,60642.0,present
4194,2025-09-19 08:00:00+00:00,1017.6,1017.6,1005.4,1010.0,140069.0,present
4195,2025-09-19 10:00:00+00:00,1010.0,1012.0,999.8,1011.6,211109.0,present
4196,2025-09-19 12:00:00+00:00,1011.6,1011.6,1001.6,1002.8,122437.0,present
4197,2025-09-19 14:00:00+00:00,1002.6,1004.4,979.4,984.4,524686.0,present
4198,2025-09-19 16:00:00+00:00,984.8,984.8,974.4,983.2,262696.0,present
4199,2025-09-19 18:00:00+00:00,983.2,986.0,980.4,982.8,76459.0,present
4200,2025-09-19 20:00:00+00:00,983.6,985.4,975.0,980.8,62557.0,present
4201,2025-09-19 22:00:00+00:00,983.4962962962964,985.2296296296296,975.2148148148148,980.8,60283.259259259255,interpolated
4202,2025-09-20 00:00:00+00:00,983.3925925925926,985.0592592592592,975.4296296296296,980.8,58009.51851851852,interpolated
4203,2025-09-20 02:00:00+00:00,983.2888888888889,984.8888888888889,975.6444444444444,980.8,55735.77777777778,interpolated
4204,2025-09-20 04:00:00+00:00,983.1851851851852,984.7185185185185,975.8592592592593,980.8,53462.03703703704,interpolated
4205,2025-09-20 06:00:00+00:00,983.0814814814815,984.5481481481481,976.074074074074,980.8,51188.2962962963,interpolated
4206,2025-09-20 08:00:00+00:00,982.9777777777778,984.3777777777777,976.2888888888889,980.8,48914.555555555555,interpolated
4207,2025-09-20 10:00:00+00:00,982.8740740740741,984.2074074074073,976.5037037037036,980.8,46640.81481481482,interpolated
4208,2025-09-20 12:00:00+00:00,982.7703703703704,984.037037037037,976.7185185185185,980.8,44367.07407407407,interpolated
4209,2025-09-20 14:00:00+00:00,982.6666666666666,983.8666666666667,976.9333333333333,980.8,42093.33333333333,interpolated
4210,2025-09-20 16:00:00+00:00,982.562962962963,983.6962962962963,977.1481481481482,980.8,39819.5925925926,interpolated
4211,2025-09-20 18:00:00+00:00,982.4592592592593,983.5259259259259,977.3629629629629,980.8,37545.851851851854,interpolated
4212,2025-09-20 20:00:00+00:00,982.3555555555555,983.3555555555555,977.5777777777778,980.8,35272.11111111111,interpolated
4213,2025-09-20 22:00:00+00:00,982.2518518518518,983.1851851851851,977.7925925925925,980.8,32998.37037037037,interpolated
4214,2025-09-21 00:00:00+00:00,982.1481481481482,983.0148148148148,978.0074074074074,980.8,30724.62962962963,interpolated
4215,2025-09-21 02:00:00+00:00,982.0444444444445,982.8444444444444,978.2222222222222,980.8,28450.88888888889,interpolated
4216,2025-09-21 04:00:00+00:00,981.9407407407407,982.674074074074,978.437037037037,980.8,26177.148148148146,interpolated
4217,2025-09-21 06:00:00+00:00,981.837037037037,982.5037037037036,978.6518518518518,980.8,23903.40740740741,interpolated
4218,2025-09-21 08:00:00+00:00,981.7333333333333,982.3333333333333,978.8666666666667,980.8,21629.666666666664,interpolated
4219,2025-09-21 10:00:00+00:00,981.6296296296296,982.162962962963,979.0814814814814,980.8,19355.925925925927,interpolated
4220,2025-09-21 12:00:00+00:00,981.5259259259259,981.9925925925926,979.2962962962963,980.8,17082.18518518519,interpolated
4221,2025-09-21 14:00:00+00:00,981.4222222222222,981.8222222222222,979.5111111111111,980.8,14808.444444444445,interpolated
4222,2025-09-21 16:00:00+00:00,981.3185185185184,981.6518518518518,979.7259259259259,980.8,12534.703703703708,interpolated
4223,2025-09-21 18:00:00+00:00,981.2148148148148,981.4814814814814,979.9407407407407,980.8,10260.962962962964,interpolated
4224,2025-09-21 20:00:00+00:00,981.1111111111111,981.311111111111,980.1555555555556,980.8,7987.222222222226,interpolated
4225,2025-09-21 22:00:00+00:00,981.0074074074074,981.1407407407407,980.3703703703703,980.8,5713.481481481482,interpolated
4226,2025-09-22 00:00:00+00:00,980.9037037037036,980.9703703703703,980.5851851851852,980.8,3439.7407407407445,interpolated
4227,2025-09-22 02:00:00+00:00,980.8,980.8,980.8,980.8,1166.0,present
4228,2025-09-22 04:00:00+00:00,980.8,985.2,976.2,984.8,79078.0,present
4229,2025-09-22 06:00:00+00:00,985.0,987.8,977.2,986.0,156771.0,present
4230,2025-09-22 08:00:00+00:00,986.4,987.0,974.8,978.4,176498.0,present
4231,2025-09-22 10:00:00+00:00,978.6,985.0,971.6,981.0,173406.0,present
4232,2025-09-22 12:00:00+00:00,981.0,985.4,977.0,979.0,134706.0,present
4233,2025-09-22 14:00:00+00:00,979.0,993.6,978.0,990.0,252995.0,present
4234,2025-09-22 16:00:00+00:00,990.2,993.6,985.4,991.0,160526.0,present
4235,2025-09-22 18:00:00+00:00,990.8,994.2,987.8,990.6,73237.0,present
4236,2025-09-22 20:00:00+00:00,990.2,990.8,986.8,988.0,11818.0,present
4237,2025-09-22 22:00:00+00:00,990.5333333333334,990.9333333333333,988.2666666666667,989.0666666666667,7893.0,interpolated
4238,2025-09-23 00:00:00+00:00,990.8666666666667,991.0666666666667,989.7333333333333,990.1333333333333,3968.0,interpolated
4239,2025-09-23 02:00:00+00:00,991.2,991.2,991.2,991.2,43.0,present
4240,2025-09-23 04:00:00+00:00,991.2,992.8,988.0,990.0,32030.0,present
4241,2025-09-23 06:00:00+00:00,990.6,997.0,988.4,991.8,125246.0,present
4242,2025-09-23 08:00:00+00:00,991.6,996.0,985.2,993.0,110341.0,present
4243,2025-09-23 10:00:00+00:00,993.0,995.2,990.0,992.8,50481.0,present
4244,2025-09-23 12:00:00+00:00,992.8,994.0,980.4,986.4,203210.0,present
4245,2025-09-23 12:00:00+00:00,992.8,994.0,980.4,986.4,203210.0,present
4246,2025-09-23 14:00:00+00:00,986.6,987.8,980.8,984.0,167018.0,present
4247,2025-09-23 16:00:00+00:00,983.4,984.0,980.6,980.8,38639.0,present
4248,2025-09-23 18:00:00+00:00,981.0,983.6,960.6,962.0,304231.0,present
4249,2025-09-23 20:00:00+00:00,961.8,967.0,960.2,965.2,92372.0,present
4250,2025-09-23 22:00:00+00:00,962.8,966.2666666666667,961.7333333333333,965.0666666666667,61892.33333333333,interpolated
4251,2025-09-24 00:00:00+00:00,963.8,965.5333333333333,963.2666666666667,964.9333333333333,31412.666666666664,interpolated
4252,2025-09-24 02:00:00+00:00,964.8,964.8,964.8,964.8,933.0,present
4253,2025-09-24 04:00:00+00:00,964.6,970.0,962.2,967.0,78004.0,present
4254,2025-09-24 06:00:00+00:00,966.8,966.8,954.6,963.4,206380.0,present
4255,2025-09-24 08:00:00+00:00,963.4,974.0,961.6,971.6,147405.0,present
4256,2025-09-24 10:00:00+00:00,971.8,976.8,968.6,976.6,96188.0,present
4257,2025-09-24 12:00:00+00:00,976.8,978.4,971.2,975.6,108157.0,present
4258,2025-09-24 14:00:00+00:00,975.8,976.0,969.0,969.6,220404.0,present
4259,2025-09-24 16:00:00+00:00,969.8,975.0,969.0,971.8,35319.0,present
4260,2025-09-24 18:00:00+00:00,971.8,974.8,971.4,974.4,17852.0,present
4261,2025-09-24 20:00:00+00:00,974.4,975.0,973.8,974.4,3744.0,present
4262,2025-09-24 22:00:00+00:00,974.3333333333334,974.7333333333333,973.9333333333333,974.3333333333334,2518.333333333333,interpolated
4263,2025-09-25 00:00:00+00:00,974.2666666666667,974.4666666666667,974.0666666666667,974.2666666666667,1292.6666666666665,interpolated
4264,2025-09-25 02:00:00+00:00,974.2,974.2,974.2,974.2,67.0,present
4265,2025-09-25 04:00:00+00:00,974.2,978.6,974.2,977.0,21664.0,present
4266,2025-09-25 06:00:00+00:00,977.0,978.6,971.8,973.2,68214.0,present
4267,2025-09-25 08:00:00+00:00,973.2,982.0,972.2,980.8,110995.0,present
4268,2025-09-25 10:00:00+00:00,981.0,981.8,976.2,978.8,43372.0,present
4269,2025-09-25 12:00:00+00:00,978.6,980.0,970.6,971.8,52223.0,present
4270,2025-09-25 14:00:00+00:00,971.8,973.6,968.2,973.0,132407.0,present
4271,2025-09-25 16:00:00+00:00,972.0,972.4,966.8,970.0,41404.0,present
4272,2025-09-25 18:00:00+00:00,970.2,970.4,965.8,969.4,31322.0,present
4273,2025-09-25 20:00:00+00:00,969.0,969.8,967.0,967.0,9525.0,present
4274,2025-09-25 22:00:00+00:00,968.3333333333334,968.8666666666667,967.0,967.0,6351.333333333334,interpolated
4275,2025-09-26 00:00:00+00:00,967.6666666666666,967.9333333333333,967.0,967.0,3177.666666666667,interpolated
4276,2025-09-26 02:00:00+00:00,967.0,967.0,967.0,967.0,4.0,present
4277,2025-09-26 04:00:00+00:00,968.6,970.8,962.6,964.8,42597.0,present
4278,2025-09-26 06:00:00+00:00,964.8,968.6,962.0,963.8,82140.0,present
4279,2025-09-26 08:00:00+00:00,964.0,977.0,964.0,977.0,77607.0,present
4280,2025-09-26 10:00:00+00:00,977.0,979.6,970.2,973.4,120814.0,present
4281,2025-09-26 12:00:00+00:00,973.0,975.8,970.2,970.6,66429.0,present
4282,2025-09-26 14:00:00+00:00,970.6,978.0,966.8,976.0,132447.0,present
4283,2025-09-26 16:00:00+00:00,975.6,978.8,974.2,977.0,61658.0,present
4284,2025-09-26 18:00:00+00:00,977.0,980.0,975.0,977.0,31450.0,present
4285,2025-09-26 20:00:00+00:00,977.0,978.8,976.4,977.8,32373.0,present
4286,2025-09-26 22:00:00+00:00,977.2,978.88,976.56,977.92,26338.2,interpolated
4287,2025-09-27 00:00:00+00:00,977.4,978.96,976.72,978.04,20303.4,interpolated
4288,2025-09-27 02:00:00+00:00,977.6,979.04,976.88,978.16,14268.600000000002,interpolated
4289,2025-09-27 04:00:00+00:00,977.8,979.12,977.0400000000001,978.28,8233.800000000003,interpolated
4290,2025-09-27 06:00:00+00:00,978.0,979.2,977.2,978.4,2199.0,present
4291,2025-09-27 08:00:00+00:00,978.4,978.6,975.2,976.6,9470.0,present
4292,2025-09-27 10:00:00+00:00,976.4,977.4,975.6,975.8,6302.0,present
4293,2025-09-27 12:00:00+00:00,976.0,977.0,975.6,976.6,3795.0,present
4294,2025-09-27 14:00:00+00:00,976.6,976.6,975.0,975.2,14378.0,present
4295,2025-09-27 16:00:00+00:00,976.5,976.825,974.875,975.2,13027.0,interpolated
4296,2025-09-27 18:00:00+00:00,976.4,977.05,974.75,975.2,11676.0,interpolated
4297,2025-09-27 20:00:00+00:00,976.3,977.275,974.625,975.2,10325.0,interpolated
4298,2025-09-27 22:00:00+00:00,976.2,977.5,974.5,975.2,8974.0,interpolated
4299,2025-09-28 00:00:00+00:00,976.1,977.725,974.375,975.2,7623.0,interpolated
4300,2025-09-28 02:00:00+00:00,976.0,977.95,974.25,975.2,6272.0,interpolated
4301,2025-09-28 04:00:00+00:00,975.9,978.175,974.125,975.2,4921.0,interpolated
4302,2025-09-28 06:00:00+00:00,975.8,978.4,974.0,975.2,3570.0,present
4303,2025-09-28 08:00:00+00:00,975.2,976.0,973.6,976.0,4389.0,present
4304,2025-09-28 10:00:00+00:00,976.0,976.2,973.4,973.4,3018.0,present
4305,2025-09-28 12:00:00+00:00,973.6,973.6,971.4,972.2,8440.0,present
4306,2025-09-28 14:00:00+00:00,972.2,973.4,971.8,973.4,4351.0,present
4307,2025-09-28 16:00:00+00:00,972.4000000000001,973.4,972.0666666666666,973.4,3628.0,interpolated
4308,2025-09-28 18:00:00+00:00,972.6,973.4,972.3333333333333,973.4,2905.0,interpolated
4309,2025-09-28 20:00:00+00:00,972.8,973.4,972.5999999999999,973.4,2182.0,interpolated
4310,2025-09-28 22:00:00+00:00,973.0,973.4,972.8666666666667,973.4,1459.0,interpolated
4311,2025-09-29 00:00:00+00:00,973.2,973.4,973.1333333333333,973.4,736.0,interpolated
4312,2025-09-29 02:00:00+00:00,973.4,973.4,973.4,973.4,13.0,present
4313,2025-09-29 04:00:00+00:00,974.0,975.0,967.8,970.4,20453.0,present
4314,2025-09-29 06:00:00+00:00,970.4,978.8,965.4,978.8,79135.0,present
4315,2025-09-29 08:00:00+00:00,978.0,989.4,977.4,985.8,168105.0,present
4316,2025-09-29 10:00:00+00:00,986.0,992.4,984.6,986.2,108311.0,present
4317,2025-09-29 12:00:00+00:00,986.2,986.2,973.6,974.0,114153.0,present
4318,2025-09-29 14:00:00+00:00,973.6,973.8,956.6,958.4,195210.0,present
4319,2025-09-29 16:00:00+00:00,958.8,963.6,957.4,962.2,101236.0,present
4320,2025-09-29 18:00:00+00:00,962.2,962.6,957.6,961.2,44347.0,present
4321,2025-09-29 20:00:00+00:00,961.8,962.6,960.4,960.6,10861.0,present
4322,2025-09-29 22:00:00+00:00,961.4,961.9333333333334,960.4666666666667,960.6,7247.666666666666,interpolated
4323,2025-09-30 00:00:00+00:00,961.0,961.2666666666667,960.5333333333333,960.6,3634.333333333333,interpolated
4324,2025-09-30 02:00:00+00:00,960.6,960.6,960.6,960.6,21.0,present
4325,2025-09-30 04:00:00+00:00,963.0,965.0,960.0,962.0,39338.0,present
4326,2025-09-30 06:00:00+00:00,961.8,961.8,951.4,958.8,173147.0,present
4327,2025-09-30 08:00:00+00:00,958.8,958.8,946.6,954.2,162183.0,present
4328,2025-09-30 10:00:00+00:00,954.0,962.4,950.8,952.6,126386.0,present
4329,2025-09-30 12:00:00+00:00,952.6,953.6,947.0,952.4,160650.0,present
4330,2025-09-30 12:00:00+00:00,952.6,953.6,947.0,952.4,160650.0,present
4331,2025-09-30 14:00:00+00:00,953.0,953.0,942.8,946.8,206348.0,present
4332,2025-09-30 16:00:00+00:00,946.8,946.8,941.0,944.4,63505.0,present
4333,2025-09-30 18:00:00+00:00,944.4,945.8,942.8,945.8,16775.0,present
4334,2025-09-30 20:00:00+00:00,945.8,945.8,943.0,943.2,2702.0,present
4335,2025-09-30 22:00:00+00:00,945.5333333333333,945.5333333333333,943.6666666666666,943.8000000000001,1818.3333333333333,interpolated
4336,2025-10-01 00:00:00+00:00,945.2666666666667,945.2666666666667,944.3333333333334,944.4,934.6666666666665,interpolated
4337,2025-10-01 02:00:00+00:00,945.0,945.0,945.0,945.0,51.0,present
4338,2025-10-01 04:00:00+00:00,944.4,950.0,941.8,948.0,34903.0,present
4339,2025-10-01 06:00:00+00:00,947.8,955.6,946.4,947.6,186362.0,present
4340,2025-10-01 08:00:00+00:00,947.2,952.2,946.8,949.6,67377.0,present
4341,2025-10-01 10:00:00+00:00,949.0,950.0,936.8,938.4,180476.0,present
4342,2025-10-01 12:00:00+00:00,938.2,938.2,930.6,933.0,184641.0,present
4343,2025-10-01 14:00:00+00:00,933.0,933.0,920.0,921.4,247844.0,present
4344,2025-10-01 16:00:00+00:00,921.8,923.6,918.4,922.0,88113.0,present
4345,2025-10-01 18:00:00+00:00,922.0,923.8,917.2,923.8,63034.0,present
4346,2025-10-01 20:00:00+00:00,923.6,925.8,922.0,922.2,26857.0,present
4347,2025-10-01 22:00:00+00:00,923.2,924.6666666666666,922.1333333333333,922.2666666666667,17921.666666666668,interpolated
4348,2025-10-02 00:00:00+00:00,922.8,923.5333333333333,922.2666666666667,922.3333333333334,8986.333333333336,interpolated
4349,2025-10-02 02:00:00+00:00,922.4,922.4,922.4,922.4,51.0,present
4350,2025-10-02 04:00:00+00:00,922.4,925.0,911.8,915.4,70784.0,present
4351,2025-10-02 06:00:00+00:00,915.4,930.0,915.0,927.6,133259.0,present
4352,2025-10-02 08:00:00+00:00,927.8,934.6,925.0,934.6,139004.0,present
4353,2025-10-02 10:00:00+00:00,934.6,934.6,922.0,927.8,187093.0,present
4354,2025-10-02 12:00:00+00:00,929.0,929.6,921.0,922.0,104644.0,present
4355,2025-10-02 14:00:00+00:00,922.0,933.2,921.0,928.6,103064.0,present
4356,2025-10-02 16:00:00+00:00,928.2,930.6,923.6,924.8,53659.0,present
4357,2025-10-02 18:00:00+00:00,925.2,926.4,916.6,925.6,101257.0,present
4358,2025-10-02 20:00:00+00:00,925.6,929.0,925.6,928.8,19153.0,present
4359,2025-10-02 22:00:00+00:00,926.6,928.8666666666667,926.6,928.7333333333333,12808.666666666666,interpolated
4360,2025-10-03 00:00:00+00:00,927.6,928.7333333333333,927.6,928.6666666666666,6464.333333333332,interpolated
4361,2025-10-03 02:00:00+00:00,928.6,928.6,928.6,928.6,120.0,present
4362,2025-10-03 04:00:00+00:00,928.6,932.6,926.6,932.2,35004.0,present
4363,2025-10-03 06:00:00+00:00,932.2,937.8,932.2,933.0,92081.0,present
4364,2025-10-03 08:00:00+00:00,933.0,934.6,922.0,922.0,100597.0,present
4365,2025-10-03 10:00:00+00:00,922.0,923.6,915.2,916.8,116380.0,present
4366,2025-10-03 12:00:00+00:00,917.0,920.2,914.0,918.2,109549.0,present
4367,2025-10-03 14:00:00+00:00,918.4,918.4,908.0,910.8,168027.0,present
4368,2025-10-03 16:00:00+00:00,911.6,912.2,907.0,909.0,70118.0,present
4369,2025-10-03 18:00:00+00:00,909.0,912.8,907.0,911.8,41242.0,present
4370,2025-10-03 20:00:00+00:00,911.8,911.8,907.8,907.8,14892.0,present
4371,2025-10-03 22:00:00+00:00,911.4,912.28,906.4399999999999,906.52,19879.6,interpolated
4372,2025-10-04 00:00:00+00:00,911.0,912.76,905.0799999999999,905.24,24867.199999999997,interpolated
4373,2025-10-04 02:00:00+00:00,910.5999999999999,913.24,903.72,903.9599999999999,29854.8,interpolated
4374,2025-10-04 04:00:00+00:00,910.1999999999999,913.72,902.36,902.68,34842.399999999994,interpolated
4375,2025-10-04 06:00:00+00:00,909.8,914.2,901.0,901.4,39830.0,present
4376,2025-10-04 08:00:00+00:00,901.4,905.6,900.0,904.4,56935.0,present
4377,2025-10-04 10:00:00+00:00,904.4,904.4,899.4,902.2,46959.0,present
4378,2025-10-04 12:00:00+00:00,902.2,904.4,900.2,903.0,19945.0,present
4379,2025-10-04 14:00:00+00:00,903.2,904.6,901.6,903.8,12417.0,present
4380,2025-10-04 16:00:00+00:00,903.5500000000001,904.775,901.4,903.675,11848.75,interpolated
4381,2025-10-04 18:00:00+00:00,903.9000000000001,904.95,901.2,903.55,11280.5,interpolated
4382,2025-10-04 20:00:00+00:00,904.25,905.125,901.0,903.425,10712.25,interpolated
4383,2025-10-04 22:00:00+00:00,904.6,905.3,900.8,903.3,10144.0,interpolated
4384,2025-10-05 00:00:00+00:00,904.95,905.475,900.6,903.175,9575.75,interpolated
4385,2025-10-05 02:00:00+00:00,905.3,905.65,900.4,903.05,9007.5,interpolated
4386,2025-10-05 04:00:00+00:00,905.65,905.825,900.2,902.925,8439.25,interpolated
4387,2025-10-05 06:00:00+00:00,906.0,906.0,900.0,902.8,7871.0,present
4388,2025-10-05 08:00:00+00:00,902.8,905.4,901.6,904.8,6273.0,present
4389,2025-10-05 10:00:00+00:00,904.8,911.4,904.2,911.0,23370.0,present
4390,2025-10-05 12:00:00+00:00,911.0,912.0,905.6,909.8,23292.0,present
4391,2025-10-05 14:00:00+00:00,910.2,913.8,906.8,911.8,24699.0,present
4392,2025-10-05 16:00:00+00:00,911.0,914.0,908.1666666666666,912.3333333333333,20608.0,interpolated
4393,2025-10-05 18:00:00+00:00,911.8000000000001,914.1999999999999,909.5333333333333,912.8666666666667,16517.0,interpolated
4394,2025-10-05 20:00:00+00:00,912.6,914.4,910.9,913.4,12426.0,interpolated
4395,2025-10-05 22:00:00+00:00,913.4,914.6,912.2666666666667,913.9333333333333,8335.0,interpolated
4396,2025-10-06 00:00:00+00:00,914.2,914.8,913.6333333333333,914.4666666666667,4244.0,interpolated
4397,2025-10-06 02:00:00+00:00,915.0,915.0,915.0,915.0,153.0,present
4398,2025-10-06 04:00:00+00:00,915.0,918.0,912.0,913.6,36159.0,present
4399,2025-10-06 06:00:00+00:00,914.0,920.6,906.0,916.2,122108.0,present
4400,2025-10-06 08:00:00+00:00,916.2,925.0,912.2,924.4,140113.0,present
4401,2025-10-06 10:00:00+00:00,924.4,928.0,914.4,914.4,160535.0,present
4402,2025-10-06 12:00:00+00:00,914.4,923.0,904.0,923.0,194623.0,present
4403,2025-10-06 14:00:00+00:00,923.0,933.2,917.8,932.2,194763.0,present
4404,2025-10-06 16:00:00+00:00,932.4,935.0,929.0,931.0,70495.0,present
4405,2025-10-06 18:00:00+00:00,931.4,935.0,930.6,934.4,24421.0,present
4406,2025-10-06 20:00:00+00:00,934.4,934.8,931.8,932.8,8947.0,present
4407,2025-10-06 22:00:00+00:00,933.6666666666666,933.9333333333333,931.9333333333333,932.6,6090.0,interpolated
4408,2025-10-07 00:00:00+00:00,932.9333333333334,933.0666666666667,932.0666666666667,932.4,3233.0,interpolated
4409,2025-10-07 02:00:00+00:00,932.2,932.2,932.2,932.2,376.0,present
4410,2025-10-07 04:00:00+00:00,932.2,936.6,928.4,936.4,32052.0,present
4411,2025-10-07 06:00:00+00:00,936.4,939.8,926.2,937.6,117695.0,present
4412,2025-10-07 08:00:00+00:00,937.8,943.6,937.2,941.4,200766.0,present
4413,2025-10-07 10:00:00+00:00,941.4,949.8,938.4,945.8,142169.0,present
4414,2025-10-07 12:00:00+00:00,945.6,953.8,941.4,952.4,131596.0,present
4415,2025-10-07 12:00:00+00:00,945.6,953.8,941.4,952.4,131596.0,present
4416,2025-10-07 14:00:00+00:00,952.4,954.0,947.6,951.4,74696.0,present
4417,2025-10-07 16:00:00+00:00,951.4,952.2,944.8,947.0,28895.0,present
4418,2025-10-07 18:00:00+00:00,947.0,949.0,945.2,949.0,13899.0,present
4419,2025-10-07 20:00:00+00:00,949.0,950.6,948.0,948.2,12179.0,present
4420,2025-10-07 22:00:00+00:00,948.7333333333333,949.8000000000001,948.0666666666667,948.2,8187.333333333333,interpolated
4421,2025-10-08 00:00:00+00:00,948.4666666666667,949.0,948.1333333333333,948.2,4195.666666666666,interpolated
4422,2025-10-08 02:00:00+00:00,948.2,948.2,948.2,948.2,204.0,present
4423,2025-10-08 04:00:00+00:00,950.0,951.6,945.0,945.8,29223.0,present
4424,2025-10-08 06:00:00+00:00,945.8,950.0,937.0,937.8,83312.0,present
4425,2025-10-08 08:00:00+00:00,937.6,944.0,930.0,932.0,117470.0,present
4426,2025-10-08 10:00:00+00:00,932.0,933.0,925.0,927.6,92508.0,present
4427,2025-10-08 12:00:00+00:00,927.2,930.2,912.0,914.0,138311.0,present
4428,2025-10-08 14:00:00+00:00,914.0,914.2,899.8,903.0,276582.0,present
4429,2025-10-08 16:00:00+00:00,903.0,910.4,900.0,907.6,99548.0,present
4430,2025-10-08 18:00:00+00:00,907.6,911.4,905.8,907.2,37766.0,present
4431,2025-10-08 20:00:00+00:00,907.4,908.6,906.6,907.2,9329.0,present
4432,2025-10-08 22:00:00+00:00,907.3333333333334,908.1333333333333,906.8000000000001,907.2,6299.0,interpolated
4433,2025-10-09 00:00:00+00:00,907.2666666666667,907.6666666666667,907.0,907.2,3269.0,interpolated
4434,2025-10-09 02:00:00+00:00,907.2,907.2,907.2,907.2,239.0,present
4435,2025-10-09 04:00:00+00:00,907.2,910.8,902.2,903.2,49496.0,present
4436,2025-10-09 06:00:00+00:00,903.8,908.8,895.2,898.0,319913.0,present
4437,2025-10-09 08:00:00+00:00,908.3,917.0,901.9,907.4,274370.5,interpolated
4438,2025-10-09 10:00:00+00:00,912.8,925.2,908.6,916.8,228828.0,present
4439,2025-10-09 12:00:00+00:00,917.2,932.4,916.8,929.8,335048.0,present
