,datetime,open,high,low,close,volume,data_status
0,2024-10-08 12:00:00+00:00,333.8,336.6,333.4,335.6,149172.0,present
1,2024-10-08 14:00:00+00:00,335.4,337.0,334.4,336.0,156683.0,present
2,2024-10-08 16:00:00+00:00,336.0,337.0,335.0,336.8,44037.0,present
3,2024-10-08 18:00:00+00:00,336.8,336.8,334.8,336.0,55465.0,present
4,2024-10-08 20:00:00+00:00,335.8,336.2,334.8,335.2,20345.0,present
5,2024-10-08 22:00:00+00:00,335.64,336.44,334.52,335.03999999999996,54750.8,interpolated
6,2024-10-09 00:00:00+00:00,335.48,336.68,334.24,334.88,89156.6,interpolated
7,2024-10-09 02:00:00+00:00,335.32,336.91999999999996,333.96,334.71999999999997,123562.40000000001,interpolated
8,2024-10-09 04:00:00+00:00,335.16,337.15999999999997,333.68,334.56,157968.2,interpolated
9,2024-10-09 06:00:00+00:00,335.0,337.4,333.4,334.4,192374.0,present
10,2024-10-09 08:00:00+00:00,334.2,343.8,334.0,340.8,1287439.0,present
11,2024-10-09 10:00:00+00:00,340.6,340.8,337.0,339.6,546943.0,present
12,2024-10-09 12:00:00+00:00,339.4,340.0,336.4,337.8,301262.0,present
13,2024-10-09 14:00:00+00:00,337.4,338.4,335.0,337.0,331519.0,present
14,2024-10-09 16:00:00+00:00,337.4,339.8,337.0,338.6,177533.0,present
15,2024-10-09 18:00:00+00:00,338.6,340.8,338.6,340.4,140957.0,present
16,2024-10-09 20:00:00+00:00,340.4,341.0,339.4,339.6,83156.0,present
17,2024-10-09 22:00:00+00:00,340.47999999999996,342.08,339.64,340.52000000000004,180196.40000000002,interpolated
18,2024-10-10 00:00:00+00:00,340.56,343.15999999999997,339.88,341.44,277236.80000000005,interpolated
19,2024-10-10 02:00:00+00:00,340.64,344.24,340.12,342.36,374277.2,interpolated
20,2024-10-10 04:00:00+00:00,340.72,345.32,340.36,343.28,471317.60000000003,interpolated
21,2024-10-10 06:00:00+00:00,340.8,346.4,340.6,344.2,568358.0,present
22,2024-10-10 08:00:00+00:00,344.4,345.0,341.6,343.0,415131.0,present
23,2024-10-10 10:00:00+00:00,343.2,343.2,338.0,339.4,357191.0,present
24,2024-10-10 12:00:00+00:00,339.4,340.8,338.0,339.6,180235.0,present
25,2024-10-10 14:00:00+00:00,339.8,340.2,337.6,338.6,173883.0,present
26,2024-10-10 16:00:00+00:00,338.6,340.8,338.2,340.6,43660.0,present
27,2024-10-10 18:00:00+00:00,340.6,341.0,339.2,339.4,33679.0,present
28,2024-10-10 20:00:00+00:00,339.6,340.0,339.4,339.4,12093.0,present
29,2024-10-10 22:00:00+00:00,339.56,340.08,338.84,338.96,41764.2,interpolated
30,2024-10-11 00:00:00+00:00,339.52,340.15999999999997,338.28,338.52,71435.4,interpolated
31,2024-10-11 02:00:00+00:00,339.48,340.24,337.72,338.08,101106.6,interpolated
32,2024-10-11 04:00:00+00:00,339.44,340.32,337.16,337.64,130777.8,interpolated
33,2024-10-11 06:00:00+00:00,339.4,340.4,336.6,337.2,160449.0,present
34,2024-10-11 08:00:00+00:00,337.0,338.0,334.6,336.2,274779.0,present
35,2024-10-11 10:00:00+00:00,336.2,336.8,335.4,336.4,82668.0,present
36,2024-10-11 12:00:00+00:00,336.6,339.6,335.8,337.6,209928.0,present
37,2024-10-11 14:00:00+00:00,337.6,341.2,336.8,340.0,188583.0,present
38,2024-10-11 16:00:00+00:00,340.0,342.6,339.6,341.2,148648.0,present
39,2024-10-11 18:00:00+00:00,341.2,341.4,339.6,340.0,60529.0,present
40,2024-10-11 20:00:00+00:00,340.0,340.2,339.0,339.4,43266.0,present
41,2024-10-11 22:00:00+00:00,339.97241379310344,340.17241379310343,338.8551724137931,339.3172413793103,51364.68965517241,interpolated
42,2024-10-12 00:00:00+00:00,339.9448275862069,340.1448275862069,338.7103448275862,339.2344827586207,59463.379310344826,interpolated
43,2024-10-12 02:00:00+00:00,339.9172413793103,340.1172413793103,338.5655172413793,339.151724137931,67562.06896551725,interpolated
44,2024-10-12 04:00:00+00:00,339.88965517241377,340.08965517241376,338.4206896551724,339.06896551724134,75660.75862068965,interpolated
45,2024-10-12 06:00:00+00:00,339.86206896551727,340.06206896551726,338.2758620689655,338.9862068965517,83759.44827586206,interpolated
46,2024-10-12 08:00:00+00:00,339.8344827586207,340.0344827586207,338.13103448275865,338.90344827586205,91858.13793103448,interpolated
47,2024-10-12 10:00:00+00:00,339.80689655172415,340.00689655172414,337.9862068965517,338.8206896551724,99956.8275862069,interpolated
48,2024-10-12 12:00:00+00:00,339.7793103448276,339.9793103448276,337.84137931034485,338.73793103448276,108055.5172413793,interpolated
49,2024-10-12 14:00:00+00:00,339.75172413793103,339.951724137931,337.6965517241379,338.6551724137931,116154.20689655172,interpolated
50,2024-10-12 16:00:00+00:00,339.7241379310345,339.92413793103447,337.55172413793105,338.5724137931034,124252.89655172413,interpolated
51,2024-10-12 18:00:00+00:00,339.6965517241379,339.8965517241379,337.4068965517241,338.4896551724138,132351.58620689655,interpolated
52,2024-10-12 20:00:00+00:00,339.66896551724136,339.86896551724135,337.26206896551724,338.4068965517241,140450.27586206896,interpolated
53,2024-10-12 22:00:00+00:00,339.6413793103448,339.8413793103448,337.11724137931037,338.32413793103444,148548.9655172414,interpolated
54,2024-10-13 00:00:00+00:00,339.61379310344824,339.81379310344823,336.97241379310344,338.2413793103448,156647.6551724138,interpolated
55,2024-10-13 02:00:00+00:00,339.58620689655174,339.78620689655173,336.82758620689657,338.15862068965515,164746.3448275862,interpolated
56,2024-10-13 04:00:00+00:00,339.5586206896552,339.7586206896552,336.68275862068964,338.07586206896553,172845.0344827586,interpolated
57,2024-10-13 06:00:00+00:00,339.5310344827586,339.7310344827586,336.53793103448277,337.99310344827586,180943.724137931,interpolated
58,2024-10-13 08:00:00+00:00,339.50344827586207,339.70344827586206,336.3931034482759,337.9103448275862,189042.41379310345,interpolated
59,2024-10-13 10:00:00+00:00,339.4758620689655,339.6758620689655,336.24827586206897,337.82758620689657,197141.10344827586,interpolated
60,2024-10-13 12:00:00+00:00,339.44827586206895,339.64827586206894,336.1034482758621,337.7448275862069,205239.79310344826,interpolated
61,2024-10-13 14:00:00+00:00,339.4206896551724,339.6206896551724,335.95862068965516,337.6620689655172,213338.48275862067,interpolated
62,2024-10-13 16:00:00+00:00,339.39310344827584,339.5931034482758,335.8137931034483,337.5793103448276,221437.1724137931,interpolated
63,2024-10-13 18:00:00+00:00,339.3655172413793,339.56551724137927,335.66896551724136,337.49655172413793,229535.8620689655,interpolated
64,2024-10-13 20:00:00+00:00,339.3379310344827,339.5379310344827,335.5241379310345,337.41379310344826,237634.5517241379,interpolated
65,2024-10-13 22:00:00+00:00,339.3103448275862,339.5103448275862,335.3793103448276,337.33103448275864,245733.24137931032,interpolated
66,2024-10-14 00:00:00+00:00,339.28275862068966,339.48275862068965,335.2344827586207,337.24827586206897,253831.93103448275,interpolated
67,2024-10-14 02:00:00+00:00,339.2551724137931,339.4551724137931,335.0896551724138,337.1655172413793,261930.62068965516,interpolated
68,2024-10-14 04:00:00+00:00,339.22758620689655,339.42758620689654,334.9448275862069,337.0827586206897,270029.3103448276,interpolated
69,2024-10-14 06:00:00+00:00,339.2,339.4,334.8,337.0,278128.0,present
70,2024-10-14 08:00:00+00:00,336.8,340.0,335.4,339.4,243253.0,present
71,2024-10-14 10:00:00+00:00,339.0,346.0,339.0,344.4,580714.0,present
72,2024-10-14 12:00:00+00:00,344.2,350.0,342.4,349.0,497073.0,present
73,2024-10-14 14:00:00+00:00,349.0,349.0,344.2,344.2,403807.0,present
74,2024-10-14 16:00:00+00:00,344.8,347.4,343.8,347.2,177518.0,present
75,2024-10-14 18:00:00+00:00,347.2,347.4,345.8,346.2,38672.0,present
76,2024-10-14 20:00:00+00:00,346.2,346.4,345.6,345.8,18990.0,present
77,2024-10-14 22:00:00+00:00,346.15999999999997,346.47999999999996,345.32,345.8,41994.2,interpolated
78,2024-10-15 00:00:00+00:00,346.12,346.56,345.04,345.8,64998.4,interpolated
79,2024-10-15 02:00:00+00:00,346.08,346.64,344.76,345.8,88002.6,interpolated
80,2024-10-15 04:00:00+00:00,346.04,346.72,344.48,345.8,111006.8,interpolated
81,2024-10-15 06:00:00+00:00,346.0,346.8,344.2,345.8,134011.0,present
82,2024-10-15 08:00:00+00:00,345.8,350.0,345.4,348.0,331333.0,present
83,2024-10-15 10:00:00+00:00,348.0,353.6,346.6,352.2,355962.0,present
84,2024-10-15 12:00:00+00:00,352.4,357.0,351.8,352.6,582210.0,present
85,2024-10-15 14:00:00+00:00,352.8,355.6,352.6,354.6,157686.0,present
86,2024-10-15 16:00:00+00:00,354.6,354.8,353.0,354.4,52232.0,present
87,2024-10-15 18:00:00+00:00,354.4,355.0,353.6,354.4,42202.0,present
88,2024-10-15 20:00:00+00:00,354.4,355.6,354.0,354.2,71396.0,present
89,2024-10-15 22:00:00+00:00,354.76,356.52000000000004,354.28,354.92,178702.6,interpolated
90,2024-10-16 00:00:00+00:00,355.12,357.44,354.56,355.64,286009.2,interpolated
91,2024-10-16 02:00:00+00:00,355.47999999999996,358.36,354.84,356.36,393315.8,interpolated
92,2024-10-16 04:00:00+00:00,355.84,359.28,355.12,357.08,500622.4,interpolated
93,2024-10-16 06:00:00+00:00,356.2,360.2,355.4,357.8,607929.0,present
94,2024-10-16 08:00:00+00:00,358.0,359.6,350.6,352.2,569910.0,present
95,2024-10-16 10:00:00+00:00,352.0,354.2,351.4,352.6,160414.0,present
96,2024-10-16 12:00:00+00:00,352.6,353.0,348.8,349.2,234578.0,present
97,2024-10-16 14:00:00+00:00,349.2,350.8,345.8,347.4,335791.0,present
98,2024-10-16 16:00:00+00:00,348.2,351.8,347.6,350.8,125440.0,present
99,2024-10-16 18:00:00+00:00,350.6,350.8,348.4,350.0,58454.0,present
100,2024-10-16 20:00:00+00:00,350.2,350.2,349.0,349.2,24514.0,present
101,2024-10-16 22:00:00+00:00,349.88,349.96,348.2,348.59999999999997,59730.200000000004,interpolated
102,2024-10-17 00:00:00+00:00,349.56,349.71999999999997,347.4,348.0,94946.40000000001,interpolated
103,2024-10-17 02:00:00+00:00,349.24,349.48,346.6,347.4,130162.6,interpolated
104,2024-10-17 04:00:00+00:00,348.92,349.24,345.8,346.8,165378.80000000002,interpolated
105,2024-10-17 06:00:00+00:00,348.6,349.0,345.0,346.2,200595.0,present
106,2024-10-17 08:00:00+00:00,346.0,347.6,342.2,345.2,345410.0,present
107,2024-10-17 10:00:00+00:00,345.2,346.6,343.8,346.0,155989.0,present
108,2024-10-17 12:00:00+00:00,346.2,347.0,341.2,343.0,291648.0,present
109,2024-10-17 14:00:00+00:00,342.8,344.4,341.4,341.8,184490.0,present
110,2024-10-17 16:00:00+00:00,341.6,343.2,341.4,342.0,73181.0,present
111,2024-10-17 18:00:00+00:00,342.0,342.4,341.0,341.0,32286.0,present
112,2024-10-17 20:00:00+00:00,341.4,342.0,340.0,340.0,52243.0,present
113,2024-10-17 22:00:00+00:00,340.96,341.8,339.76,340.12,76751.4,interpolated
114,2024-10-18 00:00:00+00:00,340.52,341.6,339.52,340.24,101259.79999999999,interpolated
115,2024-10-18 02:00:00+00:00,340.08,341.4,339.28000000000003,340.36,125768.2,interpolated
116,2024-10-18 04:00:00+00:00,339.64,341.2,339.04,340.48,150276.59999999998,interpolated
117,2024-10-18 06:00:00+00:00,339.2,341.0,338.8,340.6,174785.0,present
118,2024-10-18 08:00:00+00:00,340.8,343.8,340.6,342.0,149330.0,present
119,2024-10-18 10:00:00+00:00,342.0,342.4,339.4,341.2,103841.0,present
120,2024-10-18 12:00:00+00:00,341.2,343.0,340.6,340.8,69652.0,present
121,2024-10-18 14:00:00+00:00,340.8,344.8,340.0,344.8,178082.0,present
122,2024-10-18 16:00:00+00:00,344.4,344.4,342.2,342.8,45890.0,present
123,2024-10-18 18:00:00+00:00,342.6,344.0,342.4,343.2,27904.0,present
124,2024-10-18 20:00:00+00:00,343.2,343.4,342.6,343.4,19707.0,present
125,2024-10-18 22:00:00+00:00,343.2344827586207,343.5379310344827,342.65517241379314,343.5379310344827,23386.1724137931,interpolated
126,2024-10-19 00:00:00+00:00,343.2689655172414,343.6758620689655,342.71034482758625,343.6758620689655,27065.344827586207,interpolated
127,2024-10-19 02:00:00+00:00,343.3034482758621,343.81379310344823,342.7655172413793,343.81379310344823,30744.51724137931,interpolated
128,2024-10-19 04:00:00+00:00,343.3379310344827,343.951724137931,342.82068965517243,343.951724137931,34423.68965517241,interpolated
129,2024-10-19 06:00:00+00:00,343.3724137931034,344.08965517241376,342.87586206896555,344.08965517241376,38102.86206896552,interpolated
130,2024-10-19 08:00:00+00:00,343.4068965517241,344.22758620689655,342.93103448275866,344.22758620689655,41782.03448275862,interpolated
131,2024-10-19 10:00:00+00:00,343.4413793103448,344.3655172413793,342.9862068965517,344.3655172413793,45461.206896551725,interpolated
132,2024-10-19 12:00:00+00:00,343.4758620689655,344.50344827586207,343.04137931034484,344.50344827586207,49140.379310344826,interpolated
133,2024-10-19 14:00:00+00:00,343.5103448275862,344.6413793103448,343.09655172413795,344.6413793103448,52819.55172413793,interpolated
134,2024-10-19 16:00:00+00:00,343.5448275862069,344.77931034482754,343.15172413793107,344.77931034482754,56498.724137931036,interpolated
135,2024-10-19 18:00:00+00:00,343.57931034482755,344.9172413793103,343.2068965517241,344.9172413793103,60177.89655172414,interpolated
136,2024-10-19 20:00:00+00:00,343.61379310344824,345.05517241379306,343.26206896551724,345.05517241379306,63857.06896551724,interpolated
137,2024-10-19 22:00:00+00:00,343.64827586206894,345.19310344827585,343.31724137931036,345.19310344827585,67536.24137931035,interpolated
138,2024-10-20 00:00:00+00:00,343.68275862068964,345.3310344827586,343.3724137931035,345.3310344827586,71215.41379310345,interpolated
139,2024-10-20 02:00:00+00:00,343.71724137931034,345.4689655172414,343.42758620689654,345.4689655172414,74894.58620689655,interpolated
140,2024-10-20 04:00:00+00:00,343.75172413793103,345.6068965517241,343.48275862068965,345.6068965517241,78573.75862068965,interpolated
141,2024-10-20 06:00:00+00:00,343.78620689655173,345.7448275862069,343.53793103448277,345.7448275862069,82252.93103448275,interpolated
142,2024-10-20 08:00:00+00:00,343.82068965517243,345.88275862068963,343.5931034482759,345.88275862068963,85932.10344827586,interpolated
143,2024-10-20 10:00:00+00:00,343.85517241379307,346.0206896551724,343.64827586206894,346.0206896551724,89611.27586206897,interpolated
144,2024-10-20 12:00:00+00:00,343.88965517241377,346.15862068965515,343.70344827586206,346.15862068965515,93290.44827586207,interpolated
145,2024-10-20 14:00:00+00:00,343.92413793103447,346.2965517241379,343.7586206896552,346.2965517241379,96969.62068965517,interpolated
146,2024-10-20 16:00:00+00:00,343.95862068965516,346.4344827586207,343.8137931034483,346.4344827586207,100648.79310344828,interpolated
147,2024-10-20 18:00:00+00:00,343.99310344827586,346.5724137931034,343.86896551724135,346.5724137931034,104327.96551724138,interpolated
148,2024-10-20 20:00:00+00:00,344.02758620689656,346.7103448275862,343.92413793103447,346.7103448275862,108007.13793103448,interpolated
149,2024-10-20 22:00:00+00:00,344.06206896551726,346.84827586206893,343.9793103448276,346.84827586206893,111686.31034482758,interpolated
150,2024-10-21 00:00:00+00:00,344.0965517241379,346.9862068965517,344.0344827586207,346.9862068965517,115365.4827586207,interpolated
151,2024-10-21 02:00:00+00:00,344.1310344827586,347.12413793103445,344.08965517241376,347.12413793103445,119044.6551724138,interpolated
152,2024-10-21 04:00:00+00:00,344.1655172413793,347.26206896551724,344.1448275862069,347.26206896551724,122723.8275862069,interpolated
153,2024-10-21 06:00:00+00:00,344.2,347.4,344.2,347.4,126403.0,present
154,2024-10-21 08:00:00+00:00,347.4,349.0,346.6,346.8,169624.0,present
155,2024-10-21 10:00:00+00:00,347.0,347.6,343.2,343.6,117051.0,present
156,2024-10-21 12:00:00+00:00,343.6,345.6,343.0,345.4,117998.0,present
157,2024-10-21 14:00:00+00:00,345.4,345.6,341.8,342.0,96098.0,present
158,2024-10-21 16:00:00+00:00,342.0,343.0,341.8,342.6,26728.0,present
159,2024-10-21 18:00:00+00:00,342.8,342.8,342.0,342.0,13398.0,present
160,2024-10-21 20:00:00+00:00,342.0,342.4,342.0,342.2,12043.0,present
161,2024-10-21 22:00:00+00:00,341.96,342.47999999999996,341.24,341.8,39785.4,interpolated
162,2024-10-22 00:00:00+00:00,341.92,342.56,340.48,341.4,67527.8,interpolated
163,2024-10-22 02:00:00+00:00,341.88,342.64,339.71999999999997,341.0,95270.20000000001,interpolated
164,2024-10-22 04:00:00+00:00,341.84000000000003,342.72,338.96,340.59999999999997,123012.6,interpolated
165,2024-10-22 06:00:00+00:00,341.8,342.8,338.2,340.2,150755.0,present
166,2024-10-22 08:00:00+00:00,340.0,341.6,336.4,340.2,257071.0,present
167,2024-10-22 10:00:00+00:00,340.2,340.4,337.4,339.2,89139.0,present
168,2024-10-22 12:00:00+00:00,339.2,340.6,338.8,339.0,54310.0,present
169,2024-10-22 14:00:00+00:00,339.0,339.0,337.6,337.6,41994.0,present
170,2024-10-22 16:00:00+00:00,338.0,338.4,337.6,338.4,31793.0,present
171,2024-10-22 18:00:00+00:00,338.4,339.2,337.8,338.6,19968.0,present
172,2024-10-22 20:00:00+00:00,338.4,338.4,337.6,337.6,11866.0,present
173,2024-10-22 22:00:00+00:00,338.24,338.47999999999996,336.76,337.04,52226.2,interpolated
174,2024-10-23 00:00:00+00:00,338.08,338.56,335.92,336.48,92586.4,interpolated
175,2024-10-23 02:00:00+00:00,337.92,338.64,335.08,335.92,132946.6,interpolated
176,2024-10-23 04:00:00+00:00,337.76,338.72,334.24,335.36,173306.8,interpolated
177,2024-10-23 06:00:00+00:00,337.6,338.8,333.4,334.8,213667.0,present
178,2024-10-23 08:00:00+00:00,334.4,337.6,334.0,336.0,171396.0,present
179,2024-10-23 10:00:00+00:00,336.0,336.4,333.0,333.6,235666.0,present
180,2024-10-23 12:00:00+00:00,333.4,337.8,333.0,336.2,150766.0,present
181,2024-10-23 14:00:00+00:00,336.0,336.2,334.2,334.4,42373.0,present
182,2024-10-23 16:00:00+00:00,333.8,334.0,329.0,329.8,403537.0,present
183,2024-10-23 18:00:00+00:00,330.0,330.8,324.2,328.2,372008.0,present
184,2024-10-23 20:00:00+00:00,328.2,329.2,327.2,328.2,65140.0,present
185,2024-10-23 22:00:00+00:00,327.84,329.08,326.4,327.48,115054.6,interpolated
186,2024-10-24 00:00:00+00:00,327.47999999999996,328.96,325.59999999999997,326.76,164969.2,interpolated
187,2024-10-24 02:00:00+00:00,327.12,328.84000000000003,324.8,326.04,214883.8,interpolated
188,2024-10-24 04:00:00+00:00,326.76,328.72,324.0,325.32,264798.4,interpolated
189,2024-10-24 06:00:00+00:00,326.4,328.6,323.2,324.6,314713.0,present
190,2024-10-24 08:00:00+00:00,324.2,327.8,324.2,326.4,269595.0,present
191,2024-10-24 10:00:00+00:00,326.4,329.8,325.0,328.6,160203.0,present
192,2024-10-24 12:00:00+00:00,328.6,330.4,326.4,330.4,124640.0,present
193,2024-10-24 14:00:00+00:00,330.4,332.6,328.0,328.0,239379.0,present
194,2024-10-24 16:00:00+00:00,328.4,329.2,327.6,328.6,76796.0,present
195,2024-10-24 18:00:00+00:00,328.6,329.0,328.4,329.0,12557.0,present
196,2024-10-24 20:00:00+00:00,328.8,329.8,328.8,329.8,29111.0,present
197,2024-10-24 22:00:00+00:00,329.0,330.84000000000003,328.88,329.88,72905.79999999999,interpolated
198,2024-10-25 00:00:00+00:00,329.2,331.88,328.96,329.96,116700.59999999999,interpolated
199,2024-10-25 02:00:00+00:00,329.40000000000003,332.92,329.04,330.04,160495.4,interpolated
200,2024-10-25 04:00:00+00:00,329.6,333.96,329.12,330.12,204290.19999999998,interpolated
201,2024-10-25 06:00:00+00:00,329.8,335.0,329.2,330.2,248085.0,present
202,2024-10-25 08:00:00+00:00,330.2,331.8,328.6,328.8,145781.0,present
203,2024-10-25 10:00:00+00:00,329.0,332.0,323.0,324.0,855619.0,present
204,2024-10-25 12:00:00+00:00,324.0,325.4,307.4,316.4306654853551,1695717.0,present
205,2024-10-25 14:00:00+00:00,308.8,311.8,306.0,309.8,1296518.0,present
206,2024-10-25 16:00:00+00:00,309.8,311.4,307.6,310.0,542655.0,present
207,2024-10-25 18:00:00+00:00,309.8,310.8,309.2,309.6,226381.0,present
208,2024-10-25 20:00:00+00:00,309.4,309.6,307.4,307.6,133315.0,present
209,2024-10-25 22:00:00+00:00,309.1103448275862,309.3724137931035,306.9793103448276,307.3522001599931,170263.27586206896,interpolated
210,2024-10-26 00:00:00+00:00,308.8206896551724,309.14482758620693,306.55862068965513,307.1044003199862,207211.5517241379,interpolated
211,2024-10-26 02:00:00+00:00,308.5310344827586,308.9172413793104,306.13793103448273,306.85660047997936,244159.8275862069,interpolated
212,2024-10-26 04:00:00+00:00,308.2413793103448,308.68965517241384,305.71724137931034,306.60880063997246,281108.1034482758,interpolated
213,2024-10-26 06:00:00+00:00,307.951724137931,308.46206896551723,305.2965517241379,306.36100079996555,318056.3793103448,interpolated
214,2024-10-26 08:00:00+00:00,307.6620689655172,308.2344827586207,304.8758620689655,306.11320095995865,355004.6551724138,interpolated
215,2024-10-26 10:00:00+00:00,307.3724137931034,308.00689655172414,304.4551724137931,305.8654011199518,391952.9310344828,interpolated
216,2024-10-26 12:00:00+00:00,307.0827586206896,307.7793103448276,304.0344827586207,305.6176012799449,428901.2068965517,interpolated
217,2024-10-26 14:00:00+00:00,306.7931034482759,307.55172413793105,303.61379310344824,305.369801439938,465849.4827586207,interpolated
218,2024-10-26 16:00:00+00:00,306.50344827586207,307.3241379310345,303.19310344827585,305.1220015999311,502797.7586206896,interpolated
219,2024-10-26 18:00:00+00:00,306.21379310344827,307.09655172413795,302.77241379310345,304.87420175992423,539746.0344827586,interpolated
220,2024-10-26 20:00:00+00:00,305.92413793103447,306.8689655172414,302.351724137931,304.6264019199173,576694.3103448276,interpolated
221,2024-10-26 22:00:00+00:00,305.63448275862066,306.64137931034486,301.9310344827586,304.3786020799104,613642.5862068965,interpolated
222,2024-10-27 00:00:00+00:00,305.34482758620686,306.4137931034483,301.5103448275862,304.1308022399035,650590.8620689656,interpolated
223,2024-10-27 02:00:00+00:00,305.0551724137931,306.1862068965517,301.08965517241376,303.88300239989667,687539.1379310344,interpolated
224,2024-10-27 04:00:00+00:00,304.7655172413793,305.95862068965516,300.66896551724136,303.63520255988976,724487.4137931034,interpolated
225,2024-10-27 06:00:00+00:00,304.4758620689655,305.7310344827586,300.24827586206897,303.38740271988286,761435.6896551724,interpolated
226,2024-10-27 08:00:00+00:00,304.1862068965517,305.50344827586207,299.8275862068965,303.13960287987595,798383.9655172414,interpolated
227,2024-10-27 10:00:00+00:00,303.8965517241379,305.2758620689655,299.4068965517241,302.8918030398691,835332.2413793104,interpolated
228,2024-10-27 12:00:00+00:00,303.6068965517241,305.048275862069,298.9862068965517,302.6440031998622,872280.5172413792,interpolated
229,2024-10-27 14:00:00+00:00,303.31724137931036,304.82068965517243,298.5655172413793,302.3962033598553,909228.7931034482,interpolated
230,2024-10-27 16:00:00+00:00,303.02758620689656,304.5931034482759,298.1448275862069,302.1484035198484,946177.0689655172,interpolated
231,2024-10-27 18:00:00+00:00,302.73793103448276,304.36551724137934,297.7241379310345,301.90060367984154,983125.3448275862,interpolated
232,2024-10-27 20:00:00+00:00,302.44827586206895,304.1379310344828,297.3034482758621,301.65280383983463,1020073.6206896552,interpolated
233,2024-10-27 22:00:00+00:00,302.15862068965515,303.9103448275862,296.88275862068963,301.4050039998277,1057021.896551724,interpolated
234,2024-10-28 00:00:00+00:00,301.86896551724135,303.68275862068964,296.46206896551723,301.1572041598208,1093970.172413793,interpolated
235,2024-10-28 02:00:00+00:00,301.5793103448276,303.4551724137931,296.04137931034484,300.909404319814,1130918.448275862,interpolated
236,2024-10-28 04:00:00+00:00,301.2896551724138,303.22758620689655,295.6206896551724,300.66160447980707,1167866.7241379311,interpolated
237,2024-10-28 06:00:00+00:00,301.0,303.0,295.2,300.41380463980016,1204815.0,present
238,2024-10-28 08:00:00+00:00,299.0,307.2,297.2,301.4,1062037.0,present
239,2024-10-28 10:00:00+00:00,301.2,301.8,298.2,299.6,395255.0,present
240,2024-10-28 12:00:00+00:00,299.4,304.4,299.0,299.0,607040.0,present
241,2024-10-28 14:00:00+00:00,299.0,303.0,299.0,299.6,411364.0,present
242,2024-10-28 16:00:00+00:00,300.0,301.8,298.2,301.8,379673.0,present
243,2024-10-28 18:00:00+00:00,301.8,302.6,300.4,301.4,131044.0,present
244,2024-10-28 20:00:00+00:00,301.4,302.4,301.2,302.0,28417.0,present
245,2024-10-28 22:00:00+00:00,301.91999999999996,303.12,301.4,302.32,76256.2,interpolated
246,2024-10-29 00:00:00+00:00,302.44,303.84,301.59999999999997,302.64,124095.4,interpolated
247,2024-10-29 02:00:00+00:00,302.96,304.56,301.8,302.96000000000004,171934.6,interpolated
248,2024-10-29 04:00:00+00:00,303.48,305.28,302.0,303.28000000000003,219773.8,interpolated
249,2024-10-29 06:00:00+00:00,304.0,306.0,302.2,303.6,267613.0,present
250,2024-10-29 08:00:00+00:00,303.6,304.2,293.4,297.6,961151.0,present
251,2024-10-29 10:00:00+00:00,297.6,299.8,294.8,299.2,343746.0,present
252,2024-10-29 12:00:00+00:00,299.2,303.0,298.8,300.4,356362.0,present
253,2024-10-29 14:00:00+00:00,300.6,303.4,298.2,301.0,273579.0,present
254,2024-10-29 16:00:00+00:00,301.4,304.6,301.0,304.4,113258.0,present
255,2024-10-29 18:00:00+00:00,304.4,309.0,303.6,307.0,308688.0,present
256,2024-10-29 20:00:00+00:00,307.4,308.2,305.6,307.0,74358.0,present
257,2024-10-29 22:00:00+00:00,307.4,308.64,305.32,307.04,149189.6,interpolated
258,2024-10-30 00:00:00+00:00,307.4,309.08,305.04,307.08,224021.2,interpolated
259,2024-10-30 02:00:00+00:00,307.4,309.52,304.76,307.12,298852.80000000005,interpolated
260,2024-10-30 04:00:00+00:00,307.4,309.96,304.48,307.15999999999997,373684.4,interpolated
261,2024-10-30 06:00:00+00:00,307.4,310.4,304.2,307.2,448516.0,present
262,2024-10-30 08:00:00+00:00,307.0,308.4,305.2,307.4,206635.0,present
263,2024-10-30 10:00:00+00:00,307.4,307.4,302.2,302.4,213067.0,present
264,2024-10-30 12:00:00+00:00,302.2,303.6,301.0,301.2,132135.0,present
265,2024-10-30 14:00:00+00:00,301.2,305.6,301.0,303.6,137391.0,present
266,2024-10-30 16:00:00+00:00,302.8,303.0,297.8,298.2,240758.0,present
267,2024-10-30 18:00:00+00:00,298.2,300.4,298.0,299.0,129668.0,present
268,2024-10-30 20:00:00+00:00,298.8,298.8,295.8,296.6,102864.0,present
269,2024-10-30 22:00:00+00:00,298.24,299.0,295.36,296.28000000000003,179640.8,interpolated
270,2024-10-31 00:00:00+00:00,297.68,299.2,294.92,295.96000000000004,256417.6,interpolated
271,2024-10-31 02:00:00+00:00,297.12,299.40000000000003,294.48,295.64,333194.4,interpolated
272,2024-10-31 04:00:00+00:00,296.56,299.6,294.04,295.32,409971.2,interpolated
273,2024-10-31 06:00:00+00:00,296.0,299.8,293.6,295.0,486748.0,present
274,2024-10-31 08:00:00+00:00,295.0,296.0,288.8,291.2,713128.0,present
275,2024-10-31 10:00:00+00:00,291.2,295.6,289.2,295.0,413651.0,present
276,2024-10-31 12:00:00+00:00,295.0,295.2,290.6,291.0,166668.0,present
277,2024-10-31 14:00:00+00:00,291.0,291.6,286.4,288.2,329172.0,present
278,2024-10-31 16:00:00+00:00,288.2,288.4,284.6,286.0,261411.0,present
279,2024-10-31 18:00:00+00:00,286.2,288.4,284.8,288.0,161209.0,present
280,2024-10-31 20:00:00+00:00,288.0,288.8,287.2,288.0,36246.0,present
281,2024-10-31 22:00:00+00:00,288.0,289.0,286.59999999999997,287.6,90327.6,interpolated
282,2024-11-01 00:00:00+00:00,288.0,289.2,286.0,287.2,144409.2,interpolated
283,2024-11-01 02:00:00+00:00,288.0,289.40000000000003,285.4,286.8,198490.8,interpolated
284,2024-11-01 04:00:00+00:00,288.0,289.6,284.8,286.4,252572.4,interpolated
285,2024-11-01 06:00:00+00:00,288.0,289.8,284.2,286.0,306654.0,present
286,2024-11-01 08:00:00+00:00,286.0,286.6,282.6,283.6,334346.0,present
287,2024-11-01 10:00:00+00:00,283.4,286.8,283.4,285.6,294185.0,present
288,2024-11-01 12:00:00+00:00,285.6,289.6,283.2,287.8,316419.0,present
289,2024-11-01 14:00:00+00:00,287.6,294.6,286.8,291.4,527429.0,present
290,2024-11-01 16:00:00+00:00,291.4,293.4,290.4,292.2,197090.0,present
291,2024-11-01 18:00:00+00:00,292.2,292.2,290.0,290.8,50739.0,present
292,2024-11-01 20:00:00+00:00,290.8,292.0,290.6,292.0,24021.0,present
293,2024-11-01 22:00:00+00:00,291.40000000000003,292.36,290.52000000000004,291.88,34021.6,interpolated
294,2024-11-02 00:00:00+00:00,292.0,292.72,290.44,291.76,44022.2,interpolated
295,2024-11-02 02:00:00+00:00,292.6,293.08,290.36,291.64,54022.8,interpolated
296,2024-11-02 04:00:00+00:00,293.2,293.44,290.28,291.52,64023.399999999994,interpolated
297,2024-11-02 06:00:00+00:00,293.8,293.8,290.2,291.4,74024.0,present
298,2024-11-02 08:00:00+00:00,291.2,292.8,288.4,289.0,150089.0,present
299,2024-11-02 10:00:00+00:00,289.0,290.4,288.2,289.0,182049.0,present
300,2024-11-02 12:00:00+00:00,289.0,289.8,286.6,288.0,199027.0,present
301,2024-11-02 14:00:00+00:00,288.0,289.2,287.2,287.4,105946.0,present
302,2024-11-02 16:00:00+00:00,287.8,288.6,287.4,288.2,24947.0,present
303,2024-11-02 18:00:00+00:00,288.2,290.0,288.2,289.8,50881.0,present
304,2024-11-02 20:00:00+00:00,289.8,289.8,288.6,288.8,20637.0,present
305,2024-11-02 22:00:00+00:00,289.80689655172415,289.89655172413796,288.60689655172416,288.8551724137931,28627.103448275862,interpolated
306,2024-11-03 00:00:00+00:00,289.8137931034483,289.99310344827586,288.6137931034483,288.91034482758624,36617.206896551725,interpolated
307,2024-11-03 02:00:00+00:00,289.82068965517243,290.0896551724138,288.62068965517244,288.9655172413793,44607.31034482759,interpolated
308,2024-11-03 04:00:00+00:00,289.82758620689657,290.1862068965517,288.6275862068966,289.0206896551724,52597.41379310345,interpolated
309,2024-11-03 06:00:00+00:00,289.8344827586207,290.28275862068966,288.6344827586207,289.07586206896553,60587.51724137931,interpolated
310,2024-11-03 08:00:00+00:00,289.84137931034485,290.3793103448276,288.64137931034486,289.13103448275865,68577.62068965517,interpolated
311,2024-11-03 10:00:00+00:00,289.848275862069,290.4758620689655,288.648275862069,289.1862068965517,76567.72413793104,interpolated
312,2024-11-03 12:00:00+00:00,289.8551724137931,290.57241379310346,288.65517241379314,289.2413793103448,84557.8275862069,interpolated
313,2024-11-03 14:00:00+00:00,289.86206896551727,290.6689655172414,288.6620689655173,289.29655172413794,92547.93103448277,interpolated
314,2024-11-03 16:00:00+00:00,289.8689655172414,290.7655172413793,288.6689655172414,289.35172413793106,100538.03448275862,interpolated
315,2024-11-03 18:00:00+00:00,289.87586206896555,290.86206896551727,288.67586206896556,289.4068965517241,108528.1379310345,interpolated
316,2024-11-03 20:00:00+00:00,289.8827586206897,290.95862068965516,288.6827586206897,289.46206896551723,116518.24137931035,interpolated
317,2024-11-03 22:00:00+00:00,289.8896551724138,291.0551724137931,288.68965517241384,289.51724137931035,124508.34482758622,interpolated
318,2024-11-04 00:00:00+00:00,289.89655172413796,291.15172413793107,288.696551724138,289.57241379310346,132498.4482758621,interpolated
319,2024-11-04 02:00:00+00:00,289.90344827586205,291.24827586206897,288.70344827586206,289.6275862068965,140488.55172413794,interpolated
320,2024-11-04 04:00:00+00:00,289.9103448275862,291.3448275862069,288.7103448275862,289.68275862068964,148478.6551724138,interpolated
321,2024-11-04 06:00:00+00:00,289.9172413793103,291.44137931034487,288.71724137931034,289.73793103448276,156468.75862068965,interpolated
322,2024-11-04 08:00:00+00:00,289.92413793103447,291.53793103448277,288.7241379310345,289.7931034482759,164458.86206896554,interpolated
323,2024-11-04 10:00:00+00:00,289.9310344827586,291.6344827586207,288.7310344827586,289.84827586206893,172448.9655172414,interpolated
324,2024-11-04 12:00:00+00:00,289.93793103448274,291.7310344827586,288.73793103448276,289.90344827586205,180439.06896551725,interpolated
325,2024-11-04 14:00:00+00:00,289.9448275862069,291.82758620689657,288.7448275862069,289.95862068965516,188429.1724137931,interpolated
326,2024-11-04 16:00:00+00:00,289.951724137931,291.9241379310345,288.75172413793103,290.0137931034483,196419.275862069,interpolated
327,2024-11-04 18:00:00+00:00,289.95862068965516,292.0206896551724,288.7586206896552,290.06896551724134,204409.37931034484,interpolated
328,2024-11-04 20:00:00+00:00,289.9655172413793,292.11724137931037,288.7655172413793,290.12413793103445,212399.4827586207,interpolated
329,2024-11-04 22:00:00+00:00,289.97241379310344,292.2137931034483,288.77241379310345,290.17931034482757,220389.58620689655,interpolated
330,2024-11-05 00:00:00+00:00,289.9793103448276,292.3103448275862,288.7793103448276,290.2344827586207,228379.68965517243,interpolated
331,2024-11-05 02:00:00+00:00,289.9862068965517,292.4068965517242,288.78620689655173,290.28965517241375,236369.7931034483,interpolated
332,2024-11-05 04:00:00+00:00,289.99310344827586,292.50344827586207,288.7931034482759,290.34482758620686,244359.89655172414,interpolated
333,2024-11-05 06:00:00+00:00,290.0,292.6,288.8,290.4,252350.0,present
334,2024-11-05 08:00:00+00:00,290.4,291.8,289.2,290.6,201695.0,present
335,2024-11-05 10:00:00+00:00,290.8,295.2,290.6,293.2,256193.0,present
336,2024-11-05 12:00:00+00:00,293.0,296.0,293.0,294.0,155444.0,present
337,2024-11-05 14:00:00+00:00,293.8,293.8,291.6,292.0,237824.0,present
338,2024-11-05 16:00:00+00:00,292.2,294.4,291.6,293.2,106887.0,present
339,2024-11-05 18:00:00+00:00,293.6,294.0,293.2,293.8,26680.0,present
340,2024-11-05 20:00:00+00:00,293.8,294.2,293.4,293.4,41110.0,present
341,2024-11-05 22:00:00+00:00,294.92,296.32,294.56,294.8036836431073,164541.8,interpolated
342,2024-11-06 00:00:00+00:00,296.04,298.44,295.71999999999997,296.20736728621466,287973.6,interpolated
343,2024-11-06 02:00:00+00:00,297.15999999999997,300.56,296.88,297.61105092932195,411405.39999999997,interpolated
344,2024-11-06 04:00:00+00:00,298.28,302.68,298.03999999999996,299.0147345724293,534837.2,interpolated
345,2024-11-06 06:00:00+00:00,299.4,304.8,299.2,300.41841821553663,658269.0,present
346,2024-11-06 08:00:00+00:00,303.0,304.8,299.4,300.2,473084.0,present
347,2024-11-06 10:00:00+00:00,300.2,300.6,297.8,299.8,309567.0,present
348,2024-11-06 12:00:00+00:00,299.8,299.8,294.2,296.8,479719.0,present
349,2024-11-06 14:00:00+00:00,296.8,297.6,295.0,295.8,206733.0,present
350,2024-11-06 16:00:00+00:00,295.6,295.8,294.2,295.8,78152.0,present
351,2024-11-06 18:00:00+00:00,295.8,295.8,295.0,295.4,43902.0,present
352,2024-11-06 20:00:00+00:00,295.2,295.4,294.6,295.2,13489.0,present
353,2024-11-06 22:00:00+00:00,295.46666666666664,295.6333333333333,294.03333333333336,294.73333333333335,64707.166666666664,interpolated
354,2024-11-07 00:00:00+00:00,295.73333333333335,295.8666666666667,293.4666666666667,294.26666666666665,115925.33333333333,interpolated
355,2024-11-07 02:00:00+00:00,296.0,296.1,292.9,293.79999999999995,167143.5,interpolated
356,2024-11-07 04:00:00+00:00,296.26666666666665,296.3333333333333,292.3333333333333,293.3333333333333,218361.66666666666,interpolated
357,2024-11-07 06:00:00+00:00,296.53333333333336,296.56666666666666,291.76666666666665,292.8666666666667,269579.8333333333,interpolated
358,2024-11-07 08:00:00+00:00,296.8,296.8,291.2,292.4,320798.0,present
359,2024-11-07 10:00:00+00:00,292.4,294.2,289.4,292.4,394916.0,present
360,2024-11-07 12:00:00+00:00,292.4,294.0,291.8,293.4,167587.0,present
361,2024-11-07 14:00:00+00:00,293.4,298.2,293.4,297.4,414120.0,present
362,2024-11-07 16:00:00+00:00,297.6,301.8,297.6,297.8,222924.0,present
363,2024-11-07 18:00:00+00:00,297.8,303.6,297.4,301.2,303844.0,present
364,2024-11-07 20:00:00+00:00,301.4,305.6,300.6,304.8,154270.0,present
365,2024-11-07 22:00:00+00:00,302.32,305.72,300.84000000000003,304.88,200802.2,interpolated
366,2024-11-08 00:00:00+00:00,303.24,305.84000000000003,301.08000000000004,304.96,247334.40000000002,interpolated
367,2024-11-08 02:00:00+00:00,304.15999999999997,305.96,301.32,305.04,293866.6,interpolated
368,2024-11-08 04:00:00+00:00,305.08,306.08,301.56,305.12,340398.80000000005,interpolated
369,2024-11-08 06:00:00+00:00,306.0,306.2,301.8,305.2,386931.0,present
370,2024-11-08 08:00:00+00:00,305.4,310.8,304.4,306.4,675060.0,present
371,2024-11-08 10:00:00+00:00,306.4,306.6,303.6,305.2,267169.0,present
372,2024-11-08 12:00:00+00:00,305.2,305.8,302.6,305.8,227305.0,present
373,2024-11-08 14:00:00+00:00,305.8,310.6,305.0,308.4,335351.0,present
374,2024-11-08 16:00:00+00:00,309.4,323.0,309.4,315.77723305273173,1402085.0,present
375,2024-11-08 18:00:00+00:00,320.2,321.8,318.6,321.2,231982.0,present
376,2024-11-08 20:00:00+00:00,321.4,323.0,320.0,320.6,157509.0,present
377,2024-11-08 22:00:00+00:00,321.5241379310345,323.0689655172414,319.9448275862069,320.53793103448277,178854.3448275862,interpolated
378,2024-11-09 00:00:00+00:00,321.64827586206894,323.13793103448273,319.88965517241377,320.4758620689655,200199.6896551724,interpolated
379,2024-11-09 02:00:00+00:00,321.77241379310345,323.2068965517241,319.8344827586207,320.4137931034483,221545.0344827586,interpolated
380,2024-11-09 04:00:00+00:00,321.8965517241379,323.2758620689655,319.7793103448276,320.35172413793106,242890.3793103448,interpolated
381,2024-11-09 06:00:00+00:00,322.0206896551724,323.3448275862069,319.7241379310345,320.2896551724138,264235.724137931,interpolated
382,2024-11-09 08:00:00+00:00,322.1448275862069,323.41379310344826,319.66896551724136,320.22758620689655,285581.0689655172,interpolated
383,2024-11-09 10:00:00+00:00,322.2689655172414,323.48275862068965,319.61379310344824,320.16551724137935,306926.4137931034,interpolated
384,2024-11-09 12:00:00+00:00,322.39310344827584,323.55172413793105,319.5586206896552,320.1034482758621,328271.7586206896,interpolated
385,2024-11-09 14:00:00+00:00,322.51724137931035,323.62068965517244,319.50344827586207,320.04137931034484,349617.1034482758,interpolated
386,2024-11-09 16:00:00+00:00,322.6413793103448,323.6896551724138,319.44827586206895,319.9793103448276,370962.448275862,interpolated
387,2024-11-09 18:00:00+00:00,322.7655172413793,323.7586206896552,319.39310344827584,319.9172413793104,392307.79310344823,interpolated
388,2024-11-09 20:00:00+00:00,322.88965517241377,323.82758620689657,319.3379310344827,319.8551724137931,413653.1379310345,interpolated
389,2024-11-09 22:00:00+00:00,323.0137931034483,323.8965517241379,319.28275862068966,319.7931034482759,434998.4827586207,interpolated
390,2024-11-10 00:00:00+00:00,323.13793103448273,323.9655172413793,319.22758620689655,319.7310344827586,456343.8275862069,interpolated
391,2024-11-10 02:00:00+00:00,323.26206896551724,324.0344827586207,319.17241379310343,319.6689655172414,477689.1724137931,interpolated
392,2024-11-10 04:00:00+00:00,323.3862068965517,324.1034482758621,319.1172413793103,319.60689655172416,499034.5172413793,interpolated
393,2024-11-10 06:00:00+00:00,323.5103448275862,324.17241379310343,319.06206896551726,319.5448275862069,520379.8620689655,interpolated
394,2024-11-10 08:00:00+00:00,323.63448275862066,324.2413793103448,319.00689655172414,319.48275862068965,541725.2068965517,interpolated
395,2024-11-10 10:00:00+00:00,323.7586206896552,324.3103448275862,318.951724137931,319.42068965517245,563070.551724138,interpolated
396,2024-11-10 12:00:00+00:00,323.88275862068963,324.37931034482756,318.8965517241379,319.3586206896552,584415.896551724,interpolated
397,2024-11-10 14:00:00+00:00,324.00689655172414,324.44827586206895,318.8413793103448,319.29655172413794,605761.2413793104,interpolated
398,2024-11-10 16:00:00+00:00,324.1310344827586,324.51724137931035,318.78620689655173,319.2344827586207,627106.5862068965,interpolated
399,2024-11-10 18:00:00+00:00,324.2551724137931,324.58620689655174,318.7310344827586,319.1724137931035,648451.9310344828,interpolated
400,2024-11-10 20:00:00+00:00,324.37931034482756,324.6551724137931,318.6758620689655,319.11034482758623,669797.275862069,interpolated
401,2024-11-10 22:00:00+00:00,324.50344827586207,324.7241379310345,318.6206896551724,319.048275862069,691142.6206896552,interpolated
402,2024-11-11 00:00:00+00:00,324.6275862068965,324.7931034482759,318.56551724137927,318.9862068965517,712487.9655172414,interpolated
403,2024-11-11 02:00:00+00:00,324.75172413793103,324.86206896551727,318.5103448275862,318.9241379310345,733833.3103448276,interpolated
404,2024-11-11 04:00:00+00:00,324.8758620689655,324.9310344827586,318.4551724137931,318.86206896551727,755178.6551724138,interpolated
405,2024-11-11 06:00:00+00:00,325.0,325.0,318.4,318.8,776524.0,present
406,2024-11-11 08:00:00+00:00,318.4,322.6,318.0,320.6,535298.0,present
407,2024-11-11 10:00:00+00:00,320.6,322.6,318.8,319.0,245368.0,present
408,2024-11-11 12:00:00+00:00,319.0,325.8,318.2,324.8,659406.0,present
409,2024-11-11 14:00:00+00:00,324.8,325.2,321.6,323.8,449449.0,present
410,2024-11-11 16:00:00+00:00,324.2,325.0,322.6,322.8,157473.0,present
411,2024-11-11 18:00:00+00:00,322.8,323.6,320.4,323.2,219942.0,present
412,2024-11-11 20:00:00+00:00,323.2,323.2,322.4,322.8,36086.0,present
413,2024-11-11 22:00:00+00:00,322.84,323.0,320.52,321.56,190642.4,interpolated
414,2024-11-12 00:00:00+00:00,322.47999999999996,322.8,318.64,320.32,345198.8,interpolated
415,2024-11-12 02:00:00+00:00,322.12,322.59999999999997,316.76,319.08000000000004,499755.2,interpolated
416,2024-11-12 04:00:00+00:00,321.76,322.4,314.88,317.84000000000003,654311.6,interpolated
417,2024-11-12 06:00:00+00:00,321.4,322.2,313.0,316.6,808868.0,present
418,2024-11-12 08:00:00+00:00,316.6,319.0,316.2,318.0,369000.0,present
419,2024-11-12 10:00:00+00:00,317.8,319.2,316.2,317.0,102384.0,present
420,2024-11-12 12:00:00+00:00,317.0,317.2,315.6,316.0,79454.0,present
421,2024-11-12 14:00:00+00:00,316.2,317.0,314.2,315.4,111551.0,present
422,2024-11-12 16:00:00+00:00,315.4,315.4,313.4,314.2,62981.0,present
423,2024-11-12 18:00:00+00:00,314.4,314.4,312.0,312.4,86644.0,present
424,2024-11-12 20:00:00+00:00,312.4,312.8,312.4,312.4,34627.0,present
425,2024-11-12 22:00:00+00:00,312.35999999999996,313.0,312.0,312.52,64030.2,interpolated
426,2024-11-13 00:00:00+00:00,312.32,313.2,311.59999999999997,312.64,93433.4,interpolated
427,2024-11-13 02:00:00+00:00,312.28,313.40000000000003,311.2,312.76,122836.6,interpolated
428,2024-11-13 04:00:00+00:00,312.24,313.6,310.79999999999995,312.88,152239.8,interpolated
429,2024-11-13 06:00:00+00:00,312.2,313.8,310.4,313.0,181643.0,present
430,2024-11-13 08:00:00+00:00,313.0,318.2,312.8,316.2,275125.0,present
431,2024-11-13 10:00:00+00:00,316.2,318.0,315.2,316.0,87153.0,present
432,2024-11-13 12:00:00+00:00,316.0,322.2,316.0,319.6,391363.0,present
433,2024-11-13 14:00:00+00:00,319.6,321.8,319.0,321.6,195228.0,present
434,2024-11-13 16:00:00+00:00,319.8,321.2,312.8,315.6,638651.0,present
435,2024-11-13 18:00:00+00:00,315.8,315.8,314.6,315.2,50299.0,present
436,2024-11-13 20:00:00+00:00,315.4,315.4,312.0,312.2,109837.0,present
437,2024-11-13 22:00:00+00:00,314.71999999999997,315.4,312.0,312.68,137926.6,interpolated
438,2024-11-14 00:00:00+00:00,314.03999999999996,315.4,312.0,313.16,166016.2,interpolated
439,2024-11-14 02:00:00+00:00,313.36,315.4,312.0,313.64,194105.8,interpolated
440,2024-11-14 04:00:00+00:00,312.68,315.4,312.0,314.12,222195.4,interpolated
441,2024-11-14 06:00:00+00:00,312.0,315.4,312.0,314.6,250285.0,present
442,2024-11-14 08:00:00+00:00,314.6,315.4,311.0,312.6,252323.0,present
443,2024-11-14 10:00:00+00:00,312.4,314.2,310.4,311.4,197521.0,present
444,2024-11-14 12:00:00+00:00,311.2,313.0,310.2,312.4,101929.0,present
445,2024-11-14 14:00:00+00:00,312.4,312.6,305.8,306.2,433261.0,present
446,2024-11-14 16:00:00+00:00,306.2,308.6,305.4,308.2,178662.0,present
447,2024-11-14 18:00:00+00:00,308.2,311.0,308.0,309.8,125353.0,present
448,2024-11-14 20:00:00+00:00,309.8,310.8,308.8,310.2,31885.0,present
449,2024-11-14 22:00:00+00:00,309.72,310.84000000000003,308.48,309.92,57144.2,interpolated
450,2024-11-15 00:00:00+00:00,309.64,310.88,308.16,309.64,82403.4,interpolated
451,2024-11-15 02:00:00+00:00,309.56,310.92,307.84,309.36,107662.59999999999,interpolated
452,2024-11-15 04:00:00+00:00,309.47999999999996,310.96,307.52,309.08,132921.8,interpolated
453,2024-11-15 06:00:00+00:00,309.4,311.0,307.2,308.8,158181.0,present
454,2024-11-15 08:00:00+00:00,308.8,309.6,305.8,308.2,291377.0,present
455,2024-11-15 10:00:00+00:00,308.4,311.8,308.2,310.4,160320.0,present
456,2024-11-15 12:00:00+00:00,310.2,312.8,308.6,311.8,405699.0,present
457,2024-11-15 14:00:00+00:00,312.0,313.2,310.8,312.8,135303.0,present
458,2024-11-15 16:00:00+00:00,313.0,317.0,312.8,315.0,169573.0,present
459,2024-11-15 18:00:00+00:00,314.8,315.0,312.8,314.6,94112.0,present
460,2024-11-15 20:00:00+00:00,314.8,316.6,314.6,316.4,41905.0,present
461,2024-11-15 22:00:00+00:00,314.5586206896552,316.46896551724143,314.3103448275862,316.22758620689655,56897.58620689655,interpolated
462,2024-11-16 00:00:00+00:00,314.31724137931036,316.3379310344828,314.0206896551724,316.05517241379306,71890.1724137931,interpolated
463,2024-11-16 02:00:00+00:00,314.07586206896553,316.2068965517242,313.7310344827586,315.88275862068963,86882.75862068965,interpolated
464,2024-11-16 04:00:00+00:00,313.8344827586207,316.07586206896553,313.44137931034487,315.7103448275862,101875.3448275862,interpolated
465,2024-11-16 06:00:00+00:00,313.5931034482759,315.94482758620694,313.15172413793107,315.5379310344827,116867.93103448275,interpolated
466,2024-11-16 08:00:00+00:00,313.35172413793106,315.8137931034483,312.86206896551727,315.3655172413793,131860.5172413793,interpolated
467,2024-11-16 10:00:00+00:00,313.11034482758623,315.6827586206897,312.57241379310346,315.19310344827585,146853.10344827586,interpolated
468,2024-11-16 12:00:00+00:00,312.8689655172414,315.55172413793105,312.28275862068966,315.0206896551724,161845.6896551724,interpolated
469,2024-11-16 14:00:00+00:00,312.6275862068966,315.42068965517245,311.99310344827586,314.84827586206893,176838.27586206896,interpolated
470,2024-11-16 16:00:00+00:00,312.38620689655176,315.2896551724138,311.70344827586206,314.6758620689655,191830.8620689655,interpolated
471,2024-11-16 18:00:00+00:00,312.14482758620693,315.1586206896552,311.4137931034483,314.50344827586207,206823.44827586206,interpolated
472,2024-11-16 20:00:00+00:00,311.9034482758621,315.02758620689656,311.1241379310345,314.3310344827586,221816.0344827586,interpolated
473,2024-11-16 22:00:00+00:00,311.6620689655173,314.89655172413796,310.8344827586207,314.15862068965515,236808.62068965516,interpolated
474,2024-11-17 00:00:00+00:00,311.42068965517245,314.7655172413793,310.5448275862069,313.9862068965517,251801.2068965517,interpolated
475,2024-11-17 02:00:00+00:00,311.17931034482757,314.6344827586207,310.2551724137931,313.81379310344823,266793.79310344823,interpolated
476,2024-11-17 04:00:00+00:00,310.93793103448274,314.50344827586207,309.9655172413793,313.6413793103448,281786.3793103448,interpolated
477,2024-11-17 06:00:00+00:00,310.6965517241379,314.3724137931035,309.6758620689655,313.4689655172414,296778.9655172414,interpolated
478,2024-11-17 08:00:00+00:00,310.4551724137931,314.2413793103448,309.3862068965517,313.2965517241379,311771.5517241379,interpolated
479,2024-11-17 10:00:00+00:00,310.21379310344827,314.11034482758623,309.09655172413795,313.12413793103445,326764.13793103443,interpolated
480,2024-11-17 12:00:00+00:00,309.97241379310344,313.9793103448276,308.80689655172415,312.951724137931,341756.724137931,interpolated
481,2024-11-17 14:00:00+00:00,309.7310344827586,313.848275862069,308.51724137931035,312.77931034482754,356749.31034482754,interpolated
482,2024-11-17 16:00:00+00:00,309.4896551724138,313.71724137931034,308.22758620689655,312.6068965517241,371741.8965517241,interpolated
483,2024-11-17 18:00:00+00:00,309.24827586206897,313.58620689655174,307.93793103448274,312.4344827586207,386734.48275862064,interpolated
484,2024-11-17 20:00:00+00:00,309.00689655172414,313.4551724137931,307.64827586206894,312.26206896551724,401727.0689655172,interpolated
485,2024-11-17 22:00:00+00:00,308.7655172413793,313.3241379310345,307.35862068965514,312.08965517241376,416719.65517241374,interpolated
486,2024-11-18 00:00:00+00:00,308.5241379310345,313.19310344827585,307.0689655172414,311.9172413793103,431712.2413793103,interpolated
487,2024-11-18 02:00:00+00:00,308.28275862068966,313.06206896551726,306.7793103448276,311.7448275862069,446704.82758620684,interpolated
488,2024-11-18 04:00:00+00:00,308.04137931034484,312.9310344827586,306.4896551724138,311.5724137931034,461697.4137931034,interpolated
489,2024-11-18 06:00:00+00:00,307.8,312.8,306.2,311.4,476690.0,present
490,2024-11-18 08:00:00+00:00,311.2,314.8,309.6,310.0,429764.0,present
491,2024-11-18 10:00:00+00:00,310.0,310.2,306.6,308.4,238271.0,present
492,2024-11-18 12:00:00+00:00,308.4,313.0,307.6,312.0,264031.0,present
493,2024-11-18 14:00:00+00:00,312.0,313.2,308.8,309.0,241786.0,present
494,2024-11-18 16:00:00+00:00,309.0,310.8,307.0,310.4,113905.0,present
495,2024-11-18 18:00:00+00:00,310.2,310.4,307.0,307.2,165354.0,present
496,2024-11-18 20:00:00+00:00,307.4,307.4,304.6,305.6,133119.0,present
497,2024-11-18 22:00:00+00:00,306.91999999999996,307.32,304.28000000000003,305.12,156006.4,interpolated
498,2024-11-19 00:00:00+00:00,306.44,307.24,303.96000000000004,304.64,178893.8,interpolated
499,2024-11-19 02:00:00+00:00,305.96,307.15999999999997,303.64,304.16,201781.2,interpolated
500,2024-11-19 04:00:00+00:00,305.48,307.08,303.32,303.68,224668.59999999998,interpolated
501,2024-11-19 06:00:00+00:00,305.0,307.0,303.0,303.2,247556.0,present
502,2024-11-19 08:00:00+00:00,303.4,303.4,299.0,302.8,516606.0,present
503,2024-11-19 10:00:00+00:00,302.8,302.8,298.0,298.8,233385.0,present
504,2024-11-19 12:00:00+00:00,298.8,299.8,292.0,292.2,441822.0,present
505,2024-11-19 14:00:00+00:00,292.2,297.0,291.0,294.0,647372.0,present
506,2024-11-19 16:00:00+00:00,295.4,298.4,294.0,297.2,171301.0,present
507,2024-11-19 18:00:00+00:00,297.4,297.4,295.0,297.0,74636.0,present
508,2024-11-19 20:00:00+00:00,297.0,298.6,295.2,296.8,53197.0,present
509,2024-11-19 22:00:00+00:00,297.04,298.40000000000003,294.24,295.56,176046.8,interpolated
510,2024-11-20 00:00:00+00:00,297.08,298.20000000000005,293.28,294.32,298896.6,interpolated
511,2024-11-20 02:00:00+00:00,297.12,298.0,292.32,293.08000000000004,421746.4,interpolated
512,2024-11-20 04:00:00+00:00,297.15999999999997,297.8,291.35999999999996,291.84000000000003,544596.2,interpolated
513,2024-11-20 06:00:00+00:00,297.2,297.6,290.4,290.6,667446.0,present
514,2024-11-20 08:00:00+00:00,290.6,295.2,290.6,292.0,336312.0,present
515,2024-11-20 10:00:00+00:00,292.4,294.8,290.0,292.4,435116.0,present
516,2024-11-20 12:00:00+00:00,292.4,293.2,287.6,288.6,469597.0,present
517,2024-11-20 14:00:00+00:00,288.6,289.0,285.2,287.6,718216.0,present
518,2024-11-20 16:00:00+00:00,285.0,285.8,281.2,283.8,677130.0,present
519,2024-11-20 18:00:00+00:00,283.4,285.8,283.2,284.6,150384.0,present
520,2024-11-20 20:00:00+00:00,284.8,286.0,284.4,284.8,50169.0,present
521,2024-11-20 22:00:00+00:00,284.92,286.32,283.96,284.6,212601.4,interpolated
522,2024-11-21 00:00:00+00:00,285.04,286.64,283.52,284.40000000000003,375033.8,interpolated
523,2024-11-21 02:00:00+00:00,285.15999999999997,286.96000000000004,283.08,284.2,537466.2,interpolated
524,2024-11-21 04:00:00+00:00,285.28,287.28000000000003,282.64,284.0,699898.6,interpolated
525,2024-11-21 06:00:00+00:00,285.4,287.6,282.2,283.8,862331.0,present
526,2024-11-21 08:00:00+00:00,283.8,284.0,275.2,277.6,1033626.0,present
527,2024-11-21 10:00:00+00:00,277.8,281.8,275.0,278.2,426389.0,present
528,2024-11-21 12:00:00+00:00,278.0,278.8,272.6,275.4,737149.0,present
529,2024-11-21 14:00:00+00:00,275.2,275.8,268.4,272.8,886762.0,present
530,2024-11-21 16:00:00+00:00,273.0,276.4,272.0,276.0,366888.0,present
531,2024-11-21 18:00:00+00:00,276.0,282.2,275.4,281.8,457583.0,present
532,2024-11-21 20:00:00+00:00,281.8,283.2,278.0,280.4,172497.0,present
533,2024-11-21 22:00:00+00:00,281.64,282.88,277.68,280.12,187891.6,interpolated
534,2024-11-22 00:00:00+00:00,281.48,282.56,277.36,279.84,203286.2,interpolated
535,2024-11-22 02:00:00+00:00,281.32,282.24,277.03999999999996,279.56,218680.8,interpolated
536,2024-11-22 04:00:00+00:00,281.16,281.92,276.71999999999997,279.28,234075.4,interpolated
537,2024-11-22 06:00:00+00:00,281.0,281.6,276.4,279.0,249470.0,present
538,2024-11-22 08:00:00+00:00,279.0,279.4,273.4,276.8,300867.0,present
539,2024-11-22 10:00:00+00:00,276.8,278.0,275.0,276.0,193048.0,present
540,2024-11-22 12:00:00+00:00,275.8,278.0,275.0,276.6,189286.0,present
541,2024-11-22 14:00:00+00:00,276.6,278.4,270.8,270.8,370800.0,present
542,2024-11-22 16:00:00+00:00,271.8,275.0,271.6,274.0,314948.0,present
543,2024-11-22 18:00:00+00:00,274.0,274.2,272.0,272.2,101169.0,present
544,2024-11-22 20:00:00+00:00,272.4,272.6,271.6,272.0,55812.0,present
545,2024-11-22 22:00:00+00:00,272.3655172413793,272.57241379310346,271.3586206896552,271.78087920519545,70568.37931034483,interpolated
546,2024-11-23 00:00:00+00:00,272.3310344827586,272.5448275862069,271.11724137931037,271.56175841039095,85324.75862068965,interpolated
547,2024-11-23 02:00:00+00:00,272.2965517241379,272.51724137931035,270.87586206896555,271.3426376155864,100081.1379310345,interpolated
548,2024-11-23 04:00:00+00:00,272.26206896551724,272.4896551724138,270.6344827586207,271.12351682078184,114837.5172413793,interpolated
549,2024-11-23 06:00:00+00:00,272.22758620689655,272.4620689655173,270.3931034482759,270.90439602597735,129593.89655172414,interpolated
550,2024-11-23 08:00:00+00:00,272.19310344827585,272.43448275862073,270.15172413793107,270.6852752311728,144350.275862069,interpolated
551,2024-11-23 10:00:00+00:00,272.15862068965515,272.4068965517242,269.91034482758624,270.46615443636824,159106.6551724138,interpolated
552,2024-11-23 12:00:00+00:00,272.12413793103445,272.3793103448276,269.6689655172414,270.24703364156375,173863.0344827586,interpolated
553,2024-11-23 14:00:00+00:00,272.08965517241376,272.35172413793106,269.4275862068966,270.0279128467592,188619.41379310345,interpolated
554,2024-11-23 16:00:00+00:00,272.05517241379306,272.3241379310345,269.18620689655177,269.80879205195464,203375.7931034483,interpolated
555,2024-11-23 18:00:00+00:00,272.0206896551724,272.29655172413794,268.94482758620694,269.58967125715014,218132.1724137931,interpolated
556,2024-11-23 20:00:00+00:00,271.9862068965517,272.2689655172414,268.7034482758621,269.3705504623456,232888.55172413794,interpolated
557,2024-11-23 22:00:00+00:00,271.951724137931,272.2413793103448,268.4620689655173,269.15142966754104,247644.93103448275,interpolated
558,2024-11-24 00:00:00+00:00,271.9172413793103,272.21379310344827,268.22068965517246,268.93230887273654,262401.3103448276,interpolated
559,2024-11-24 02:00:00+00:00,271.88275862068963,272.18620689655177,267.9793103448276,268.713188077932,277157.6896551724,interpolated
560,2024-11-24 04:00:00+00:00,271.84827586206893,272.1586206896552,267.73793103448276,268.4940672831275,291914.0689655172,interpolated
561,2024-11-24 06:00:00+00:00,271.81379310344823,272.13103448275865,267.49655172413793,268.27494648832294,306670.448275862,interpolated
562,2024-11-24 08:00:00+00:00,271.77931034482754,272.1034482758621,267.2551724137931,268.0558256935184,321426.8275862069,interpolated
563,2024-11-24 10:00:00+00:00,271.7448275862069,272.07586206896553,267.0137931034483,267.8367048987139,336183.2068965517,interpolated
564,2024-11-24 12:00:00+00:00,271.7103448275862,272.048275862069,266.77241379310345,267.61758410390934,350939.5862068966,interpolated
565,2024-11-24 14:00:00+00:00,271.6758620689655,272.0206896551724,266.5310344827586,267.3984633091048,365695.9655172414,interpolated
566,2024-11-24 16:00:00+00:00,271.6413793103448,271.99310344827586,266.2896551724138,267.1793425143003,380452.3448275862,interpolated
567,2024-11-24 18:00:00+00:00,271.6068965517241,271.9655172413793,266.048275862069,266.96022171949573,395208.724137931,interpolated
568,2024-11-24 20:00:00+00:00,271.5724137931034,271.93793103448274,265.80689655172415,266.7411009246912,409965.1034482759,interpolated
569,2024-11-24 22:00:00+00:00,271.5379310344827,271.91034482758624,265.5655172413793,266.5219801298867,424721.4827586207,interpolated
570,2024-11-25 00:00:00+00:00,271.50344827586207,271.8827586206897,265.3241379310345,266.30285933508213,439477.8620689655,interpolated
571,2024-11-25 02:00:00+00:00,271.4689655172414,271.8551724137931,265.0827586206897,266.0837385402776,454234.2413793103,interpolated
572,2024-11-25 04:00:00+00:00,271.4344827586207,271.82758620689657,264.84137931034485,265.8646177454731,468990.6206896552,interpolated
573,2024-11-25 06:00:00+00:00,271.4,271.8,264.6,265.64549695066853,483747.0,present
574,2024-11-25 08:00:00+00:00,265.0,270.2,263.6,268.8,538238.0,present
575,2024-11-25 10:00:00+00:00,268.8,268.8,262.6,266.2,374484.0,present
576,2024-11-25 12:00:00+00:00,266.2,266.4,263.0,264.0,152675.0,present
577,2024-11-25 14:00:00+00:00,263.8,267.4,263.0,265.6,434205.0,present
578,2024-11-25 16:00:00+00:00,265.4,265.6,260.8,262.4,266350.0,present
579,2024-11-25 18:00:00+00:00,262.0,264.4,259.4,264.0,313096.0,present
580,2024-11-25 20:00:00+00:00,264.2,265.0,262.0,263.0,108471.0,present
581,2024-11-25 22:00:00+00:00,263.96,265.32,261.92,263.2,148092.0,interpolated
582,2024-11-26 00:00:00+00:00,263.71999999999997,265.64,261.84000000000003,263.4,187713.0,interpolated
583,2024-11-26 02:00:00+00:00,263.48,265.96000000000004,261.76,263.6,227334.0,interpolated
584,2024-11-26 04:00:00+00:00,263.24,266.28000000000003,261.68,263.8,266955.0,interpolated
585,2024-11-26 06:00:00+00:00,263.0,266.6,261.6,264.0,306576.0,present
586,2024-11-26 08:00:00+00:00,264.0,268.0,262.0,264.4,393044.0,present
587,2024-11-26 10:00:00+00:00,264.4,267.4,259.6,260.0,292570.0,present
588,2024-11-26 12:00:00+00:00,260.2,261.6,242.8,253.92584267343315,2204216.0,present
589,2024-11-26 14:00:00+00:00,251.6,252.2,243.2,246.0,842392.0,present
590,2024-11-26 16:00:00+00:00,246.2,248.0,243.0,245.6,534485.0,present
591,2024-11-26 18:00:00+00:00,245.8,246.0,240.2,243.2,595152.0,present
592,2024-11-26 20:00:00+00:00,243.2,246.0,242.8,243.6,194472.0,present
593,2024-11-26 22:00:00+00:00,243.35999999999999,245.8,238.44,242.46179636557562,601329.3999999999,interpolated
594,2024-11-27 00:00:00+00:00,243.51999999999998,245.6,234.08,241.32359273115125,1008186.7999999999,interpolated
595,2024-11-27 02:00:00+00:00,243.68,245.4,229.72,240.18538909672688,1415044.2,interpolated
596,2024-11-27 04:00:00+00:00,243.84,245.2,225.36,239.0471854623025,1821901.5999999999,interpolated
597,2024-11-27 06:00:00+00:00,244.0,245.0,221.0,237.90898182787814,2228759.0,present
598,2024-11-27 08:00:00+00:00,225.2,255.3000000000001,225.2,230.38222255792687,5572199.0,present
599,2024-11-27 10:00:00+00:00,253.6,256.2,248.6,253.0,2482251.0,present
600,2024-11-27 12:00:00+00:00,253.0,255.0,242.4,247.8,1711965.0,present
601,2024-11-27 14:00:00+00:00,247.6,251.2,243.6,248.0,806275.0,present
602,2024-11-27 16:00:00+00:00,248.2,265.0,246.8,253.93240530829274,1957430.0,present
603,2024-11-27 18:00:00+00:00,257.4,259.4,255.8,259.2,400017.0,present
604,2024-11-27 20:00:00+00:00,259.0,261.8,258.2,261.6,332797.0,present
605,2024-11-27 22:00:00+00:00,259.68,262.12,257.8,261.52000000000004,432863.4,interpolated
606,2024-11-28 00:00:00+00:00,260.36,262.44,257.4,261.44,532929.8,interpolated
607,2024-11-28 02:00:00+00:00,261.03999999999996,262.76,257.0,261.36,632996.2,interpolated
608,2024-11-28 04:00:00+00:00,261.71999999999997,263.08,256.59999999999997,261.28,733062.6,interpolated
609,2024-11-28 06:00:00+00:00,262.4,263.4,256.2,261.2,833129.0,present
610,2024-11-28 08:00:00+00:00,261.0,267.2,257.4,259.2,1070094.0,present
611,2024-11-28 10:00:00+00:00,259.4,260.0,251.4,253.2,1269138.0,present
612,2024-11-28 12:00:00+00:00,253.2,257.6,251.0,257.0,683871.0,present
613,2024-11-28 14:00:00+00:00,256.6,269.4,254.4,263.1476942106098,1122588.0,present
614,2024-11-28 16:00:00+00:00,268.6,274.0,265.8,271.4,1360900.0,present
615,2024-11-28 18:00:00+00:00,271.6,273.0,268.2,269.2,344184.0,present
616,2024-11-28 20:00:00+00:00,269.0,269.2,267.6,269.0,116577.0,present
617,2024-11-28 22:00:00+00:00,268.88,269.24,266.92,268.68,210121.2,interpolated
618,2024-11-29 00:00:00+00:00,268.76,269.28,266.24,268.36,303665.4,interpolated
619,2024-11-29 02:00:00+00:00,268.64,269.32,265.56,268.03999999999996,397209.6,interpolated
620,2024-11-29 04:00:00+00:00,268.52,269.35999999999996,264.88,267.71999999999997,490753.8,interpolated
621,2024-11-29 06:00:00+00:00,268.4,269.4,264.2,267.4,584298.0,present
622,2024-11-29 08:00:00+00:00,267.6,278.4,267.4,273.7964724977317,1405986.0,present
623,2024-11-29 10:00:00+00:00,274.0,276.4,271.6,273.6,404940.0,present
624,2024-11-29 12:00:00+00:00,273.8,276.2,270.4,272.4,376263.0,present
625,2024-11-29 14:00:00+00:00,272.4,276.0,272.4,274.0,194735.0,present
626,2024-11-29 16:00:00+00:00,274.0,274.2,272.4,273.8,104962.0,present
627,2024-11-29 18:00:00+00:00,274.0,276.2,273.6,276.0,165911.0,present
628,2024-11-29 20:00:00+00:00,276.2,277.0,275.0,275.2,59403.0,present
629,2024-11-29 22:00:00+00:00,276.22758620689655,277.13793103448273,275.0206896551724,275.3103448275862,86709.62068965517,interpolated
630,2024-11-30 00:00:00+00:00,276.2551724137931,277.2758620689655,275.04137931034484,275.4206896551724,114016.24137931035,interpolated
631,2024-11-30 02:00:00+00:00,276.28275862068966,277.41379310344826,275.06206896551726,275.5310344827586,141322.8620689655,interpolated
632,2024-11-30 04:00:00+00:00,276.3103448275862,277.55172413793105,275.0827586206897,275.6413793103448,168629.4827586207,interpolated
633,2024-11-30 06:00:00+00:00,276.3379310344827,277.6896551724138,275.1034482758621,275.75172413793103,195936.10344827586,interpolated
634,2024-11-30 08:00:00+00:00,276.3655172413793,277.82758620689657,275.1241379310345,275.8620689655172,223242.724137931,interpolated
635,2024-11-30 10:00:00+00:00,276.39310344827584,277.9655172413793,275.14482758620693,275.97241379310344,250549.3448275862,interpolated
636,2024-11-30 12:00:00+00:00,276.4206896551724,278.1034482758621,275.1655172413793,276.0827586206896,277855.9655172414,interpolated
637,2024-11-30 14:00:00+00:00,276.44827586206895,278.2413793103448,275.1862068965517,276.19310344827585,305162.5862068965,interpolated
638,2024-11-30 16:00:00+00:00,276.4758620689655,278.37931034482756,275.2068965517241,276.3034482758621,332469.2068965517,interpolated
639,2024-11-30 18:00:00+00:00,276.50344827586207,278.51724137931035,275.22758620689655,276.41379310344826,359775.8275862069,interpolated
640,2024-11-30 20:00:00+00:00,276.5310344827586,278.6551724137931,275.24827586206897,276.5241379310345,387082.448275862,interpolated
641,2024-11-30 22:00:00+00:00,276.5586206896552,278.7931034482759,275.2689655172414,276.63448275862066,414389.0689655172,interpolated
642,2024-12-01 00:00:00+00:00,276.58620689655174,278.9310344827586,275.2896551724138,276.7448275862069,441695.6896551724,interpolated
643,2024-12-01 02:00:00+00:00,276.61379310344824,279.0689655172414,275.3103448275862,276.85517241379307,469002.31034482754,interpolated
644,2024-12-01 04:00:00+00:00,276.6413793103448,279.2068965517241,275.33103448275864,276.9655172413793,496308.9310344827,interpolated
645,2024-12-01 06:00:00+00:00,276.66896551724136,279.3448275862069,275.35172413793106,277.0758620689655,523615.5517241379,interpolated
646,2024-12-01 08:00:00+00:00,276.6965517241379,279.48275862068965,275.3724137931035,277.1862068965517,550922.172413793,interpolated
647,2024-12-01 10:00:00+00:00,276.7241379310345,279.62068965517244,275.3931034482759,277.2965517241379,578228.7931034482,interpolated
648,2024-12-01 12:00:00+00:00,276.75172413793103,279.7586206896552,275.4137931034483,277.4068965517241,605535.4137931034,interpolated
649,2024-12-01 14:00:00+00:00,276.7793103448276,279.8965517241379,275.43448275862073,277.51724137931035,632842.0344827586,interpolated
650,2024-12-01 16:00:00+00:00,276.80689655172415,280.0344827586207,275.4551724137931,277.6275862068965,660148.6551724138,interpolated
651,2024-12-01 18:00:00+00:00,276.8344827586207,280.17241379310343,275.4758620689655,277.73793103448276,687455.2758620689,interpolated
652,2024-12-01 20:00:00+00:00,276.86206896551727,280.3103448275862,275.49655172413793,277.84827586206893,714761.896551724,interpolated
653,2024-12-01 22:00:00+00:00,276.88965517241377,280.44827586206895,275.51724137931035,277.95862068965516,742068.5172413792,interpolated
654,2024-12-02 00:00:00+00:00,276.9172413793103,280.58620689655174,275.53793103448277,278.06896551724134,769375.1379310344,interpolated
655,2024-12-02 02:00:00+00:00,276.9448275862069,280.7241379310345,275.5586206896552,278.17931034482757,796681.7586206896,interpolated
656,2024-12-02 04:00:00+00:00,276.97241379310344,280.86206896551727,275.5793103448276,278.28965517241375,823988.3793103448,interpolated
657,2024-12-02 06:00:00+00:00,277.0,281.0,275.6,278.4,851295.0,present
658,2024-12-02 08:00:00+00:00,278.4,279.0,275.2,277.2,775347.0,present
659,2024-12-02 10:00:00+00:00,277.2,279.2,273.4,277.8,473807.0,present
660,2024-12-02 12:00:00+00:00,277.8,278.4,274.4,275.2,343588.0,present
661,2024-12-02 14:00:00+00:00,275.2,278.0,274.0,277.2,325766.0,present
662,2024-12-02 16:00:00+00:00,277.2,277.8,275.8,276.2,114261.0,present
663,2024-12-02 18:00:00+00:00,276.0,277.4,274.8,276.6,87883.0,present
664,2024-12-02 20:00:00+00:00,276.8,277.4,276.6,277.0,30985.0,present
665,2024-12-02 22:00:00+00:00,276.88,278.44,275.12,275.70573724657,249431.6,interpolated
666,2024-12-03 00:00:00+00:00,276.96,279.48,273.64,274.41147449313996,467878.2,interpolated
667,2024-12-03 02:00:00+00:00,277.04,280.52,272.16,273.11721173970994,686324.8,interpolated
668,2024-12-03 04:00:00+00:00,277.12,281.56,270.68,271.8229489862799,904771.4,interpolated
669,2024-12-03 06:00:00+00:00,277.2,282.6,269.2,270.5286862328499,1123218.0,present
670,2024-12-03 08:00:00+00:00,270.4,270.4,264.2,266.8,898716.0,present
671,2024-12-03 10:00:00+00:00,266.8,269.0,265.6,267.0,424584.0,present
672,2024-12-03 12:00:00+00:00,267.0,267.0,260.0,262.0,924475.0,present
673,2024-12-03 14:00:00+00:00,262.0,263.8,259.8,262.8,503840.0,present
674,2024-12-03 16:00:00+00:00,262.2,262.8,256.6,257.2,797074.0,present
675,2024-12-03 18:00:00+00:00,257.2,258.4,254.6,257.0,685925.0,present
676,2024-12-03 20:00:00+00:00,257.2,259.0,257.0,258.2,114259.0,present
677,2024-12-03 22:00:00+00:00,257.08,259.12,256.12,257.44,332151.80000000005,interpolated
678,2024-12-04 00:00:00+00:00,256.96,259.24,255.24,256.68,550044.6000000001,interpolated
679,2024-12-04 02:00:00+00:00,256.84000000000003,259.36,254.35999999999999,255.92,767937.4,interpolated
680,2024-12-04 04:00:00+00:00,256.72,259.48,253.48,255.16,985830.2000000001,interpolated
681,2024-12-04 06:00:00+00:00,256.6,259.6,252.6,254.4,1203723.0,present
682,2024-12-04 08:00:00+00:00,254.2,260.6,254.0,257.4,1228422.0,present
683,2024-12-04 10:00:00+00:00,257.2,264.0,257.2,262.4,739376.0,present
684,2024-12-04 12:00:00+00:00,262.4,263.0,254.0,256.2697735288802,805272.0,present
685,2024-12-04 14:00:00+00:00,254.2,256.8,247.4,250.4,1660955.0,present
686,2024-12-04 16:00:00+00:00,247.2,250.6,244.0,247.0,1559820.0,present
687,2024-12-04 18:00:00+00:00,247.0,249.0,246.2,248.2,275081.0,present
688,2024-12-04 20:00:00+00:00,248.0,249.2,247.2,248.2,79118.0,present
689,2024-12-04 22:00:00+00:00,247.8,250.79999999999998,246.95999999999998,249.04,317128.6,interpolated
690,2024-12-05 00:00:00+00:00,247.6,252.39999999999998,246.72,249.88,555139.2,interpolated
691,2024-12-05 02:00:00+00:00,247.4,254.0,246.48,250.72,793149.7999999999,interpolated
692,2024-12-05 04:00:00+00:00,247.2,255.6,246.24,251.56,1031160.3999999999,interpolated
693,2024-12-05 06:00:00+00:00,247.0,257.2,246.0,252.4,1269171.0,present
694,2024-12-05 08:00:00+00:00,252.4,256.4,246.2,247.8,1278868.0,present
695,2024-12-05 10:00:00+00:00,247.8,251.6,244.0,244.4,881767.0,present
696,2024-12-05 12:00:00+00:00,244.4,252.6,243.2,248.8,1265658.0,present
697,2024-12-05 14:00:00+00:00,248.8,261.6,248.8,254.75154209960982,1995306.0,present
698,2024-12-05 16:00:00+00:00,257.8,264.6,257.8,262.2,884169.0,present
699,2024-12-05 18:00:00+00:00,262.0,266.0,261.8,263.0,798538.0,present
700,2024-12-05 20:00:00+00:00,263.0,265.0,259.4,261.8,366549.0,present
701,2024-12-05 22:00:00+00:00,262.8,265.44,259.12,262.6,569467.8,interpolated
702,2024-12-06 00:00:00+00:00,262.6,265.88,258.84,263.40000000000003,772386.6,interpolated
703,2024-12-06 02:00:00+00:00,262.4,266.32,258.56,264.2,975305.4,interpolated
704,2024-12-06 04:00:00+00:00,262.2,266.76,258.28,265.0,1178224.2,interpolated
705,2024-12-06 06:00:00+00:00,262.0,267.2,258.0,265.8,1381143.0,present
706,2024-12-06 08:00:00+00:00,265.8,267.0,259.2,260.0,1110085.0,present
707,2024-12-06 10:00:00+00:00,260.2,262.4,257.2,262.0,756040.0,present
708,2024-12-06 12:00:00+00:00,262.0,264.0,259.8,262.2,589489.0,present
709,2024-12-06 14:00:00+00:00,262.4,262.8,258.6,258.6,615973.0,present
710,2024-12-06 16:00:00+00:00,259.0,260.6,258.2,259.6,314510.0,present
711,2024-12-06 18:00:00+00:00,259.6,260.6,259.0,260.2,130149.0,present
712,2024-12-06 20:00:00+00:00,260.4,260.4,258.8,259.8,65616.0,present
713,2024-12-06 22:00:00+00:00,260.4689655172414,260.51724137931035,258.84137931034485,259.87586206896555,81612.13793103448,interpolated
714,2024-12-07 00:00:00+00:00,260.5379310344827,260.63448275862066,258.8827586206897,259.951724137931,97608.27586206896,interpolated
715,2024-12-07 02:00:00+00:00,260.6068965517241,260.75172413793103,258.92413793103447,260.02758620689656,113604.41379310345,interpolated
716,2024-12-07 04:00:00+00:00,260.6758620689655,260.86896551724135,258.9655172413793,260.1034482758621,129600.55172413793,interpolated
717,2024-12-07 06:00:00+00:00,260.7448275862069,260.9862068965517,259.00689655172414,260.17931034482757,145596.6896551724,interpolated
718,2024-12-07 08:00:00+00:00,260.81379310344823,261.10344827586204,259.048275862069,260.2551724137931,161592.8275862069,interpolated
719,2024-12-07 10:00:00+00:00,260.88275862068963,261.2206896551724,259.0896551724138,260.33103448275864,177588.9655172414,interpolated
720,2024-12-07 12:00:00+00:00,260.951724137931,261.3379310344827,259.13103448275865,260.4068965517242,193585.10344827586,interpolated
721,2024-12-07 14:00:00+00:00,261.0206896551724,261.4551724137931,259.17241379310343,260.48275862068965,209581.24137931035,interpolated
722,2024-12-07 16:00:00+00:00,261.08965517241376,261.57241379310346,259.21379310344827,260.5586206896552,225577.3793103448,interpolated
723,2024-12-07 18:00:00+00:00,261.15862068965515,261.6896551724138,259.2551724137931,260.6344827586207,241573.5172413793,interpolated
724,2024-12-07 20:00:00+00:00,261.22758620689655,261.80689655172415,259.29655172413794,260.7103448275862,257569.65517241377,interpolated
725,2024-12-07 22:00:00+00:00,261.2965517241379,261.92413793103447,259.3379310344828,260.78620689655173,273565.79310344823,interpolated
726,2024-12-08 00:00:00+00:00,261.3655172413793,262.04137931034484,259.3793103448276,260.86206896551727,289561.9310344828,interpolated
727,2024-12-08 02:00:00+00:00,261.4344827586207,262.15862068965515,259.4206896551724,260.93793103448274,305558.0689655172,interpolated
728,2024-12-08 04:00:00+00:00,261.50344827586207,262.2758620689655,259.46206896551723,261.0137931034483,321554.2068965517,interpolated
729,2024-12-08 06:00:00+00:00,261.5724137931034,262.39310344827584,259.50344827586207,261.0896551724138,337550.3448275862,interpolated
730,2024-12-08 08:00:00+00:00,261.6413793103448,262.5103448275862,259.5448275862069,261.1655172413793,353546.4827586207,interpolated
731,2024-12-08 10:00:00+00:00,261.7103448275862,262.6275862068965,259.58620689655174,261.2413793103448,369542.62068965513,interpolated
732,2024-12-08 12:00:00+00:00,261.77931034482754,262.7448275862069,259.6275862068966,261.31724137931036,385538.7586206896,interpolated
733,2024-12-08 14:00:00+00:00,261.84827586206893,262.86206896551727,259.66896551724136,261.39310344827584,401534.8965517241,interpolated
734,2024-12-08 16:00:00+00:00,261.9172413793103,262.9793103448276,259.7103448275862,261.4689655172414,417531.0344827586,interpolated
735,2024-12-08 18:00:00+00:00,261.9862068965517,263.09655172413795,259.75172413793103,261.5448275862069,433527.1724137931,interpolated
736,2024-12-08 20:00:00+00:00,262.05517241379306,263.21379310344827,259.7931034482759,261.62068965517244,449523.31034482754,interpolated
737,2024-12-08 22:00:00+00:00,262.12413793103445,263.33103448275864,259.8344827586207,261.6965517241379,465519.448275862,interpolated
738,2024-12-09 00:00:00+00:00,262.19310344827585,263.44827586206895,259.87586206896555,261.77241379310345,481515.5862068965,interpolated
739,2024-12-09 02:00:00+00:00,262.26206896551724,263.5655172413793,259.9172413793103,261.848275862069,497511.724137931,interpolated
740,2024-12-09 04:00:00+00:00,262.3310344827586,263.68275862068964,259.95862068965516,261.92413793103447,513507.8620689655,interpolated
741,2024-12-09 06:00:00+00:00,262.4,263.8,260.0,262.0,529504.0,present
742,2024-12-09 08:00:00+00:00,262.0,262.2,256.2,257.8,610981.0,present
743,2024-12-09 10:00:00+00:00,257.8,269.6,257.4,263.9668310019269,2915784.0,present
744,2024-12-09 12:00:00+00:00,266.2,269.2,265.0,268.6,1193839.0,present
745,2024-12-09 14:00:00+00:00,268.6,268.8,265.2,266.2,644263.0,present
746,2024-12-09 16:00:00+00:00,266.4,266.6,264.4,265.6,236324.0,present
747,2024-12-09 18:00:00+00:00,265.4,266.2,265.2,266.2,91791.0,present
748,2024-12-09 20:00:00+00:00,266.2,266.8,265.4,265.8,97420.0,present
749,2024-12-09 22:00:00+00:00,265.76,266.56,264.4,264.8,263109.4,interpolated
750,2024-12-10 00:00:00+00:00,265.32,266.32,263.4,263.8,428798.8,interpolated
751,2024-12-10 02:00:00+00:00,264.88,266.08000000000004,262.4,262.8,594488.2,interpolated
752,2024-12-10 04:00:00+00:00,264.44,265.84000000000003,261.4,261.8,760177.6,interpolated
753,2024-12-10 06:00:00+00:00,264.0,265.6,260.4,260.8,925867.0,present
754,2024-12-10 08:00:00+00:00,261.0,262.8,256.8,258.4,950076.0,present
755,2024-12-10 10:00:00+00:00,258.4,261.0,255.4,256.4,654802.0,present
756,2024-12-10 12:00:00+00:00,256.4,258.2,254.4,254.8,755847.0,present
757,2024-12-10 14:00:00+00:00,254.8,256.0,251.2,252.6,789875.0,present
758,2024-12-10 16:00:00+00:00,252.8,253.4,252.0,253.0,272970.0,present
759,2024-12-10 18:00:00+00:00,252.8,253.4,251.4,251.8,174264.0,present
760,2024-12-10 20:00:00+00:00,251.6,252.2,251.0,251.6,186566.0,present
761,2024-12-10 22:00:00+00:00,251.28,252.32,250.2,251.12,356813.4,interpolated
762,2024-12-11 00:00:00+00:00,250.96,252.44,249.4,250.64,527060.8,interpolated
763,2024-12-11 02:00:00+00:00,250.64,252.56,248.6,250.16,697308.2,interpolated
764,2024-12-11 04:00:00+00:00,250.32,252.68,247.8,249.67999999999998,867555.6,interpolated
765,2024-12-11 06:00:00+00:00,250.0,252.8,247.0,249.2,1037803.0,present
766,2024-12-11 08:00:00+00:00,249.2,254.4,248.2,252.2,879018.0,present
767,2024-12-11 10:00:00+00:00,252.2,253.2,250.0,253.0,379305.0,present
768,2024-12-11 12:00:00+00:00,253.2,254.8,252.6,253.8,465586.0,present
769,2024-12-11 14:00:00+00:00,253.8,255.4,248.8,250.0,680965.0,present
770,2024-12-11 16:00:00+00:00,248.6,255.0,247.6,253.0,824411.0,present
771,2024-12-11 18:00:00+00:00,253.2,254.8,252.6,254.6,181548.0,present
772,2024-12-11 20:00:00+00:00,254.4,257.0,254.4,256.2,184031.0,present
773,2024-12-11 22:00:00+00:00,254.56,256.96,254.04,255.92,285221.8,interpolated
774,2024-12-12 00:00:00+00:00,254.72,256.92,253.68,255.64,386412.6,interpolated
775,2024-12-12 02:00:00+00:00,254.88,256.88,253.32,255.36,487603.4,interpolated
776,2024-12-12 04:00:00+00:00,255.04,256.84000000000003,252.96,255.08,588794.2,interpolated
777,2024-12-12 06:00:00+00:00,255.2,256.8,252.6,254.8,689985.0,present
778,2024-12-12 08:00:00+00:00,254.8,255.0,249.0,250.4,1321376.0,present
779,2024-12-12 10:00:00+00:00,250.4,251.0,248.4,249.8,523666.0,present
780,2024-12-12 12:00:00+00:00,249.8,252.0,248.8,249.4,612074.0,present
781,2024-12-12 14:00:00+00:00,249.4,250.0,246.6,247.8,1153670.0,present
782,2024-12-12 16:00:00+00:00,247.8,250.4,247.4,249.6,402599.0,present
783,2024-12-12 18:00:00+00:00,249.4,249.6,246.8,247.8,347342.0,present
784,2024-12-12 20:00:00+00:00,248.0,249.6,247.0,248.2,143414.0,present
785,2024-12-12 22:00:00+00:00,247.68,249.68,246.88,248.23999999999998,239928.59999999998,interpolated
786,2024-12-13 00:00:00+00:00,247.36,249.76,246.76,248.28,336443.19999999995,interpolated
787,2024-12-13 02:00:00+00:00,247.04,249.84,246.64000000000001,248.32,432957.8,interpolated
788,2024-12-13 04:00:00+00:00,246.72,249.92,246.52,248.36,529472.3999999999,interpolated
789,2024-12-13 06:00:00+00:00,246.4,250.0,246.4,248.4,625987.0,present
790,2024-12-13 08:00:00+00:00,248.8,249.6,246.4,248.4,580723.0,present
791,2024-12-13 10:00:00+00:00,248.6,251.4,248.2,249.8,432430.0,present
792,2024-12-13 12:00:00+00:00,249.8,253.0,249.0,249.8,527425.0,present
793,2024-12-13 14:00:00+00:00,250.0,251.4,249.2,250.4,195208.0,present
794,2024-12-13 16:00:00+00:00,250.6,250.6,249.4,249.8,140053.0,present
795,2024-12-13 18:00:00+00:00,249.8,250.8,249.4,250.2,111117.0,present
796,2024-12-13 20:00:00+00:00,250.2,250.6,249.8,250.4,79946.0,present
797,2024-12-13 22:00:00+00:00,250.2,250.6206896551724,249.71034482758623,250.35862068965517,94598.55172413793,interpolated
798,2024-12-14 00:00:00+00:00,250.2,250.64137931034483,249.6206896551724,250.31724137931036,109251.10344827586,interpolated
799,2024-12-14 02:00:00+00:00,250.2,250.66206896551722,249.53103448275863,250.27586206896552,123903.6551724138,interpolated
800,2024-12-14 04:00:00+00:00,250.2,250.68275862068964,249.44137931034484,250.2344827586207,138556.2068965517,interpolated
801,2024-12-14 06:00:00+00:00,250.2,250.70344827586206,249.35172413793103,250.19310344827588,153208.75862068965,interpolated
802,2024-12-14 08:00:00+00:00,250.2,250.72413793103448,249.26206896551724,250.15172413793104,167861.3103448276,interpolated
803,2024-12-14 10:00:00+00:00,250.2,250.7448275862069,249.17241379310346,250.1103448275862,182513.8620689655,interpolated
804,2024-12-14 12:00:00+00:00,250.2,250.7655172413793,249.08275862068967,250.06896551724137,197166.41379310345,interpolated
805,2024-12-14 14:00:00+00:00,250.2,250.7862068965517,248.99310344827586,250.02758620689656,211818.96551724136,interpolated
806,2024-12-14 16:00:00+00:00,250.2,250.80689655172412,248.90344827586208,249.98620689655172,226471.5172413793,interpolated
807,2024-12-14 18:00:00+00:00,250.2,250.82758620689654,248.8137931034483,249.94482758620688,241124.06896551725,interpolated
808,2024-12-14 20:00:00+00:00,250.2,250.84827586206896,248.72413793103448,249.90344827586208,255776.62068965516,interpolated
809,2024-12-14 22:00:00+00:00,250.2,250.86896551724138,248.6344827586207,249.86206896551724,270429.1724137931,interpolated
810,2024-12-15 00:00:00+00:00,250.2,250.8896551724138,248.5448275862069,249.8206896551724,285081.724137931,interpolated
811,2024-12-15 02:00:00+00:00,250.2,250.9103448275862,248.4551724137931,249.7793103448276,299734.275862069,interpolated
812,2024-12-15 04:00:00+00:00,250.2,250.9310344827586,248.3655172413793,249.73793103448276,314386.8275862069,interpolated
813,2024-12-15 06:00:00+00:00,250.2,250.95172413793102,248.27586206896552,249.69655172413792,329039.3793103448,interpolated
814,2024-12-15 08:00:00+00:00,250.2,250.97241379310344,248.1862068965517,249.6551724137931,343691.9310344827,interpolated
815,2024-12-15 10:00:00+00:00,250.2,250.99310344827586,248.09655172413792,249.61379310344827,358344.4827586207,interpolated
816,2024-12-15 12:00:00+00:00,250.2,251.01379310344828,248.00689655172414,249.57241379310344,372997.0344827586,interpolated
817,2024-12-15 14:00:00+00:00,250.2,251.03448275862067,247.91724137931033,249.53103448275863,387649.5862068965,interpolated
818,2024-12-15 16:00:00+00:00,250.2,251.0551724137931,247.82758620689654,249.4896551724138,402302.1379310345,interpolated
819,2024-12-15 18:00:00+00:00,250.2,251.0758620689655,247.73793103448276,249.44827586206895,416954.6896551724,interpolated
820,2024-12-15 20:00:00+00:00,250.2,251.09655172413792,247.64827586206897,249.40689655172412,431607.2413793103,interpolated
821,2024-12-15 22:00:00+00:00,250.2,251.11724137931034,247.55862068965516,249.3655172413793,446259.7931034483,interpolated
822,2024-12-16 00:00:00+00:00,250.2,251.13793103448276,247.46896551724137,249.32413793103447,460912.3448275862,interpolated
823,2024-12-16 02:00:00+00:00,250.2,251.15862068965515,247.3793103448276,249.28275862068963,475564.8965517241,interpolated
824,2024-12-16 04:00:00+00:00,250.2,251.17931034482757,247.28965517241377,249.24137931034483,490217.448275862,interpolated
825,2024-12-16 06:00:00+00:00,250.2,251.2,247.2,249.2,504870.0,present
826,2024-12-16 08:00:00+00:00,249.2,249.2,245.0,245.6,977878.0,present
827,2024-12-16 10:00:00+00:00,245.8,246.6,241.4,243.2,765144.0,present
828,2024-12-16 12:00:00+00:00,243.2,244.2,241.0,243.2,590064.0,present
829,2024-12-16 14:00:00+00:00,243.2,243.8,237.4,238.4,632040.0,present
830,2024-12-16 16:00:00+00:00,238.4,241.6,237.4,240.2,578457.0,present
831,2024-12-16 18:00:00+00:00,240.2,240.2,238.0,239.6,279979.0,present
832,2024-12-16 20:00:00+00:00,239.4,239.8,238.6,239.8,119457.0,present
833,2024-12-16 22:00:00+00:00,239.12,240.28,238.35999999999999,240.04000000000002,264971.0,interpolated
834,2024-12-17 00:00:00+00:00,238.84,240.76,238.12,240.28,410485.0,interpolated
835,2024-12-17 02:00:00+00:00,238.56,241.24,237.88,240.52,555999.0,interpolated
836,2024-12-17 04:00:00+00:00,238.28,241.72,237.64000000000001,240.76,701513.0,interpolated
837,2024-12-17 06:00:00+00:00,238.0,242.2,237.4,241.0,847027.0,present
838,2024-12-17 08:00:00+00:00,241.0,241.4,235.8,238.8,1153025.0,present
839,2024-12-17 10:00:00+00:00,238.6,240.0,236.0,237.2,570038.0,present
840,2024-12-17 12:00:00+00:00,237.0,237.4,234.6,235.4,748714.0,present
841,2024-12-17 14:00:00+00:00,235.4,237.0,235.2,236.0,267373.0,present
842,2024-12-17 16:00:00+00:00,235.8,239.0,235.4,238.8,273536.0,present
843,2024-12-17 18:00:00+00:00,238.6,239.2,236.6,238.2,313115.0,present
844,2024-12-17 20:00:00+00:00,238.4,238.6,237.6,237.8,80071.0,present
845,2024-12-17 22:00:00+00:00,238.6,239.07999999999998,237.72,237.88,115868.20000000001,interpolated
846,2024-12-18 00:00:00+00:00,238.8,239.56,237.84,237.96,151665.40000000002,interpolated
847,2024-12-18 02:00:00+00:00,239.0,240.04,237.95999999999998,238.04,187462.6,interpolated
848,2024-12-18 04:00:00+00:00,239.20000000000002,240.52,238.07999999999998,238.12,223259.80000000002,interpolated
849,2024-12-18 06:00:00+00:00,239.4,241.0,238.2,238.2,259057.0,present
850,2024-12-18 08:00:00+00:00,238.2,238.8,236.6,237.4,242331.0,present
851,2024-12-18 10:00:00+00:00,237.4,237.4,235.6,237.0,235202.0,present
852,2024-12-18 12:00:00+00:00,236.8,240.8,236.6,238.2,537010.0,present
853,2024-12-18 14:00:00+00:00,238.2,245.4,237.8,243.4,827369.0,present
854,2024-12-18 16:00:00+00:00,246.2,250.0,244.2,244.6,1294443.0,present
855,2024-12-18 18:00:00+00:00,244.6,247.6,244.6,245.4,251738.0,present
856,2024-12-18 20:00:00+00:00,245.4,247.6,245.4,247.6,96701.0,present
857,2024-12-18 22:00:00+00:00,246.16,248.0,245.0,247.04,222045.0,interpolated
858,2024-12-19 00:00:00+00:00,246.92,248.4,244.6,246.48,347389.0,interpolated
859,2024-12-19 02:00:00+00:00,247.68,248.79999999999998,244.20000000000002,245.92000000000002,472733.0,interpolated
860,2024-12-19 04:00:00+00:00,248.44,249.2,243.8,245.36,598077.0,interpolated
861,2024-12-19 06:00:00+00:00,249.2,249.6,243.4,244.8,723421.0,present
862,2024-12-19 08:00:00+00:00,245.0,250.6,244.6,248.0,1297590.0,present
863,2024-12-19 10:00:00+00:00,248.2,248.6,244.2,246.4,667387.0,present
864,2024-12-19 12:00:00+00:00,246.4,249.2,245.0,246.0,1113338.0,present
865,2024-12-19 14:00:00+00:00,246.0,247.6,244.8,245.0,548766.0,present
866,2024-12-19 16:00:00+00:00,245.6,248.4,245.6,247.4,245970.0,present
867,2024-12-19 18:00:00+00:00,247.4,248.8,247.2,248.8,199500.0,present
868,2024-12-19 20:00:00+00:00,249.0,249.0,247.8,248.4,90881.0,present
869,2024-12-19 22:00:00+00:00,248.88,249.16,247.64000000000001,248.36,123538.4,interpolated
870,2024-12-20 00:00:00+00:00,248.76,249.32,247.48000000000002,248.32,156195.8,interpolated
871,2024-12-20 02:00:00+00:00,248.64000000000001,249.48000000000002,247.32,248.28,188853.2,interpolated
872,2024-12-20 04:00:00+00:00,248.52,249.64000000000001,247.16,248.23999999999998,221510.59999999998,interpolated
873,2024-12-20 06:00:00+00:00,248.4,249.8,247.0,248.2,254168.0,present
874,2024-12-20 08:00:00+00:00,248.2,253.0,247.6,251.4,1021325.0,present
875,2024-12-20 10:00:00+00:00,251.4,273.2,254.00000000000006,257.4137366713903,5527922.0,present
876,2024-12-20 12:00:00+00:00,275.6,286.0,272.6,278.8,3031454.0,present
877,2024-12-20 14:00:00+00:00,279.0,283.6,278.0,280.0,902468.0,present
878,2024-12-20 16:00:00+00:00,279.8,282.6,278.0,281.4,523180.0,present
879,2024-12-20 18:00:00+00:00,281.4,286.0,281.2,285.4,429075.0,present
880,2024-12-20 20:00:00+00:00,285.6,293.2,285.4,292.2270503023659,703446.0,present
881,2024-12-20 22:00:00+00:00,286.1379310344828,293.5655172413793,285.71724137931034,292.4883266926998,757943.8620689656,interpolated
882,2024-12-21 00:00:00+00:00,286.67586206896556,293.9310344827586,286.0344827586207,292.7496030830337,812441.724137931,interpolated
883,2024-12-21 02:00:00+00:00,287.21379310344827,294.29655172413794,286.351724137931,293.0108794733676,866939.5862068966,interpolated
884,2024-12-21 04:00:00+00:00,287.75172413793103,294.6620689655172,286.66896551724136,293.27215586370147,921437.448275862,interpolated
885,2024-12-21 06:00:00+00:00,288.2896551724138,295.02758620689656,286.9862068965517,293.5334322540354,975935.3103448276,interpolated
886,2024-12-21 08:00:00+00:00,288.82758620689657,295.39310344827584,287.3034482758621,293.7947086443693,1030433.1724137932,interpolated
887,2024-12-21 10:00:00+00:00,289.36551724137934,295.7586206896552,287.6206896551724,294.05598503470316,1084931.0344827585,interpolated
888,2024-12-21 12:00:00+00:00,289.9034482758621,296.12413793103445,287.93793103448274,294.31726142503703,1139428.896551724,interpolated
889,2024-12-21 14:00:00+00:00,290.4413793103448,296.4896551724138,288.2551724137931,294.57853781537096,1193926.7586206896,interpolated
890,2024-12-21 16:00:00+00:00,290.9793103448276,296.8551724137931,288.57241379310346,294.83981420570484,1248424.6206896552,interpolated
891,2024-12-21 18:00:00+00:00,291.51724137931035,297.2206896551724,288.88965517241377,295.1010905960387,1302922.4827586208,interpolated
892,2024-12-21 20:00:00+00:00,292.0551724137931,297.58620689655174,289.2068965517241,295.36236698637265,1357420.3448275863,interpolated
893,2024-12-21 22:00:00+00:00,292.5931034482759,297.951724137931,289.5241379310345,295.6236433767065,1411918.2068965517,interpolated
894,2024-12-22 00:00:00+00:00,293.13103448275865,298.31724137931036,289.84137931034485,295.8849197670404,1466416.0689655172,interpolated
895,2024-12-22 02:00:00+00:00,293.66896551724136,298.68275862068964,290.15862068965515,296.14619615737433,1520913.9310344825,interpolated
896,2024-12-22 04:00:00+00:00,294.2068965517241,299.048275862069,290.4758620689655,296.4074725477082,1575411.793103448,interpolated
897,2024-12-22 06:00:00+00:00,294.7448275862069,299.41379310344826,290.7931034482759,296.6687489380421,1629909.6551724137,interpolated
898,2024-12-22 08:00:00+00:00,295.28275862068966,299.7793103448276,291.11034482758623,296.930025328376,1684407.5172413792,interpolated
899,2024-12-22 10:00:00+00:00,295.82068965517243,300.1448275862069,291.42758620689654,297.1913017187099,1738905.3793103448,interpolated
900,2024-12-22 12:00:00+00:00,296.3586206896552,300.5103448275862,291.7448275862069,297.45257810904377,1793403.2413793104,interpolated
901,2024-12-22 14:00:00+00:00,296.8965517241379,300.87586206896555,292.06206896551726,297.7138544993777,1847901.1034482757,interpolated
902,2024-12-22 16:00:00+00:00,297.4344827586207,301.2413793103448,292.3793103448276,297.9751308897116,1902398.9655172413,interpolated
903,2024-12-22 18:00:00+00:00,297.97241379310344,301.60689655172416,292.6965517241379,298.23640728004546,1956896.8275862068,interpolated
904,2024-12-22 20:00:00+00:00,298.5103448275862,301.97241379310344,293.0137931034483,298.49768367037933,2011394.6896551724,interpolated
905,2024-12-22 22:00:00+00:00,299.048275862069,302.3379310344828,293.33103448275864,298.75896006071326,2065892.5517241377,interpolated
906,2024-12-23 00:00:00+00:00,299.58620689655174,302.70344827586206,293.648275862069,299.02023645104714,2120390.4137931033,interpolated
907,2024-12-23 02:00:00+00:00,300.12413793103445,303.0689655172414,293.9655172413793,299.281512841381,2174888.275862069,interpolated
908,2024-12-23 04:00:00+00:00,300.6620689655172,303.4344827586207,294.28275862068966,299.54278923171495,2229386.1379310344,interpolated
909,2024-12-23 06:00:00+00:00,301.2,303.8,294.6,299.8040656220488,2283884.0,present
910,2024-12-23 08:00:00+00:00,301.4,307.2,296.4,296.4,2096555.0,present
911,2024-12-23 10:00:00+00:00,296.4,300.8,295.0,297.2,798704.0,present
912,2024-12-23 12:00:00+00:00,297.4,298.2,293.8,294.4,965844.0,present
913,2024-12-23 14:00:00+00:00,294.0,296.4,290.2,291.4,624062.0,present
914,2024-12-23 16:00:00+00:00,291.4,292.6,286.8,288.6,667990.0,present
915,2024-12-23 18:00:00+00:00,289.0,290.4,288.2,290.0,271883.0,present
916,2024-12-23 20:00:00+00:00,290.2,291.8,289.8,290.2,125528.0,present
917,2024-12-23 22:00:00+00:00,289.96,291.32,288.52,289.15999999999997,269778.8,interpolated
918,2024-12-24 00:00:00+00:00,289.71999999999997,290.84,287.24,288.12,414029.6,interpolated
919,2024-12-24 02:00:00+00:00,289.48,290.36,285.96,287.08,558280.3999999999,interpolated
920,2024-12-24 04:00:00+00:00,289.24,289.88,284.68,286.04,702531.2,interpolated
921,2024-12-24 06:00:00+00:00,289.0,289.4,283.4,285.0,846782.0,present
922,2024-12-24 08:00:00+00:00,285.2,290.4,282.2,287.4,970690.0,present
923,2024-12-24 10:00:00+00:00,287.2,290.2,286.2,288.4,499038.0,present
924,2024-12-24 12:00:00+00:00,288.4,289.0,283.4,284.0,515213.0,present
925,2024-12-24 14:00:00+00:00,284.2,287.2,283.4,285.6,284799.0,present
926,2024-12-24 16:00:00+00:00,285.2,285.8,283.4,285.2,161820.0,present
927,2024-12-24 18:00:00+00:00,285.0,285.2,284.2,284.8,56814.0,present
928,2024-12-24 20:00:00+00:00,284.6,285.0,284.0,284.2,44670.0,present
929,2024-12-24 22:00:00+00:00,284.12,284.96,283.2,283.4,192572.0,interpolated
930,2024-12-25 00:00:00+00:00,283.64,284.92,282.4,282.59999999999997,340474.0,interpolated
931,2024-12-25 02:00:00+00:00,283.16,284.88,281.6,281.8,488376.00000000006,interpolated
932,2024-12-25 04:00:00+00:00,282.68,284.84000000000003,280.8,281.0,636278.0,interpolated
933,2024-12-25 06:00:00+00:00,282.2,284.8,280.0,280.2,784180.0,present
934,2024-12-25 08:00:00+00:00,280.0,289.2,280.0,286.4,984599.0,present
935,2024-12-25 10:00:00+00:00,286.4,290.4,285.0,287.6,531577.0,present
936,2024-12-25 12:00:00+00:00,287.4,294.4,286.4,292.8,863625.0,present
937,2024-12-25 14:00:00+00:00,292.8,293.0,288.6,290.0,473494.0,present
938,2024-12-25 16:00:00+00:00,291.4,295.8,290.0,294.0,721125.0,present
939,2024-12-25 18:00:00+00:00,293.8,297.6,293.4,297.6,340254.0,present
940,2024-12-25 20:00:00+00:00,297.4,298.8,296.0,297.2,214186.0,present
941,2024-12-25 22:00:00+00:00,297.52,300.24,296.24,298.28,490173.8,interpolated
942,2024-12-26 00:00:00+00:00,297.64,301.68,296.48,299.36,766161.6,interpolated
943,2024-12-26 02:00:00+00:00,297.76,303.12,296.71999999999997,300.44,1042149.4,interpolated
944,2024-12-26 04:00:00+00:00,297.88,304.56,296.96,301.52000000000004,1318137.2,interpolated
945,2024-12-26 06:00:00+00:00,298.0,306.0,297.2,302.6,1594125.0,present
946,2024-12-26 08:00:00+00:00,302.6,304.8,294.2,299.2,1234111.0,present
947,2024-12-26 10:00:00+00:00,299.2,299.8,290.8,293.6,760238.0,present
948,2024-12-26 12:00:00+00:00,293.6,296.4,291.0,292.2,719266.0,present
949,2024-12-26 14:00:00+00:00,292.2,294.0,291.0,294.0,359382.0,present
950,2024-12-26 16:00:00+00:00,294.0,295.8,291.6,291.8,332731.0,present
951,2024-12-26 18:00:00+00:00,291.6,292.6,286.6,287.2,619519.0,present
952,2024-12-26 20:00:00+00:00,287.2,288.2,287.2,288.0,121787.0,present
953,2024-12-26 22:00:00+00:00,287.48,288.56,286.96,288.16,200533.0,interpolated
954,2024-12-27 00:00:00+00:00,287.76,288.92,286.71999999999997,288.32,279279.0,interpolated
955,2024-12-27 02:00:00+00:00,288.04,289.28,286.48,288.48,358025.0,interpolated
956,2024-12-27 04:00:00+00:00,288.32,289.64,286.24,288.64,436771.0,interpolated
957,2024-12-27 06:00:00+00:00,288.6,290.0,286.0,288.8,515517.0,present
958,2024-12-27 08:00:00+00:00,288.8,289.0,282.8,285.2,646978.0,present
959,2024-12-27 10:00:00+00:00,285.2,286.2,282.4,284.8,550606.0,present
960,2024-12-27 12:00:00+00:00,284.8,291.0,284.6,288.2,654162.0,present
961,2024-12-27 14:00:00+00:00,288.4,288.4,284.4,285.0,312557.0,present
962,2024-12-27 16:00:00+00:00,285.0,289.4,285.0,288.0,273555.0,present
963,2024-12-27 18:00:00+00:00,288.0,292.8,287.8,292.4,400189.0,present
964,2024-12-27 20:00:00+00:00,292.6,294.8,291.8,293.2,196912.0,present
965,2024-12-27 22:00:00+00:00,292.56,294.64,291.28000000000003,293.0,252939.6,interpolated
966,2024-12-28 00:00:00+00:00,292.52,294.48,290.76,292.8,308967.2,interpolated
967,2024-12-28 02:00:00+00:00,292.48,294.32,290.24,292.59999999999997,364994.80000000005,interpolated
968,2024-12-28 04:00:00+00:00,292.44,294.16,289.71999999999997,292.4,421022.4,interpolated
969,2024-12-28 06:00:00+00:00,292.4,294.0,289.2,292.2,477050.0,present
970,2024-12-28 08:00:00+00:00,292.0,294.6,291.0,293.0,488126.0,present
971,2024-12-28 10:00:00+00:00,292.8,293.0,289.2,290.0,411874.0,present
972,2024-12-28 12:00:00+00:00,289.6,291.0,289.0,289.8,299533.0,present
973,2024-12-28 14:00:00+00:00,289.8,290.8,289.0,290.0,181630.0,present
974,2024-12-28 16:00:00+00:00,290.0,293.8,290.0,293.0,284971.0,present
975,2024-12-28 18:00:00+00:00,293.0,294.2,292.4,293.0,247825.0,present
976,2024-12-28 20:00:00+00:00,293.2,295.4,293.0,295.2,168579.0,present
977,2024-12-28 22:00:00+00:00,293.4470588235294,295.8235294117647,293.2,295.52941176470586,217167.4705882353,interpolated
978,2024-12-29 00:00:00+00:00,293.6941176470588,296.2470588235294,293.4,295.8588235294118,265755.9411764706,interpolated
979,2024-12-29 02:00:00+00:00,293.94117647058823,296.6705882352941,293.6,296.18823529411765,314344.4117647059,interpolated
980,2024-12-29 04:00:00+00:00,294.18823529411765,297.0941176470588,293.8,296.5176470588235,362932.8823529412,interpolated
981,2024-12-29 06:00:00+00:00,294.43529411764706,297.5176470588235,294.0,296.8470588235294,411521.35294117645,interpolated
982,2024-12-29 08:00:00+00:00,294.6823529411765,297.94117647058823,294.2,297.1764705882353,460109.82352941175,interpolated
983,2024-12-29 10:00:00+00:00,294.9294117647059,298.36470588235295,294.4,297.50588235294117,508698.29411764705,interpolated
984,2024-12-29 12:00:00+00:00,295.1764705882353,298.78823529411767,294.59999999999997,297.83529411764704,557286.7647058824,interpolated
985,2024-12-29 14:00:00+00:00,295.42352941176466,299.21176470588233,294.8,298.16470588235296,605875.2352941176,interpolated
986,2024-12-29 16:00:00+00:00,295.6705882352941,299.63529411764705,295.0,298.49411764705883,654463.7058823529,interpolated
987,2024-12-29 18:00:00+00:00,295.9176470588235,300.05882352941177,295.2,298.8235294117647,703052.1764705882,interpolated
988,2024-12-29 20:00:00+00:00,296.1647058823529,300.4823529411765,295.4,299.1529411764706,751640.6470588235,interpolated
989,2024-12-29 22:00:00+00:00,296.4117647058823,300.9058823529412,295.59999999999997,299.4823529411765,800229.1176470588,interpolated
990,2024-12-30 00:00:00+00:00,296.65882352941173,301.3294117647059,295.79999999999995,299.81176470588235,848817.5882352941,interpolated
991,2024-12-30 02:00:00+00:00,296.90588235294115,301.7529411764706,296.0,300.1411764705882,897406.0588235294,interpolated
992,2024-12-30 04:00:00+00:00,297.15294117647056,302.1764705882353,296.2,300.47058823529414,945994.5294117647,interpolated
993,2024-12-30 06:00:00+00:00,297.4,302.6,296.4,300.8,994583.0,present
994,2024-12-30 08:00:00+00:00,300.8,308.6,300.2,306.2,1079058.0,present
995,2024-12-30 10:00:00+00:00,306.0,310.0,303.6,308.6,700657.0,present
996,2024-12-30 12:00:00+00:00,308.8,310.0,304.8,307.0,431165.0,present
997,2024-12-30 14:00:00+00:00,307.0,309.4,305.8,308.2,317413.0,present
998,2024-12-30 16:00:00+00:00,308.2,311.6,307.2,311.2,353667.0,present
999,2024-12-30 18:00:00+00:00,311.4,316.2,309.8,316.2,670015.0,present
1000,2024-12-30 20:00:00+00:00,316.0,317.2,312.4,312.4,454842.0,present
1001,2024-12-30 22:00:00+00:00,316.0,317.2,312.3121951219512,312.32682926829267,463680.9512195122,interpolated
1002,2024-12-31 00:00:00+00:00,316.0,317.2,312.2243902439024,312.25365853658536,472519.9024390244,interpolated
1003,2024-12-31 02:00:00+00:00,316.0,317.2,312.13658536585365,312.180487804878,481358.85365853657,interpolated
1004,2024-12-31 04:00:00+00:00,316.0,317.2,312.04878048780483,312.1073170731707,490197.8048780488,interpolated
1005,2024-12-31 06:00:00+00:00,316.0,317.2,311.9609756097561,312.0341463414634,499036.756097561,interpolated
1006,2024-12-31 08:00:00+00:00,316.0,317.2,311.8731707317073,311.9609756097561,507875.7073170732,interpolated
1007,2024-12-31 10:00:00+00:00,316.0,317.2,311.7853658536585,311.88780487804877,516714.6585365854,interpolated
1008,2024-12-31 12:00:00+00:00,316.0,317.2,311.69756097560975,311.81463414634146,525553.6097560975,interpolated
1009,2024-12-31 14:00:00+00:00,316.0,317.2,311.60975609756093,311.7414634146341,534392.5609756098,interpolated
1010,2024-12-31 16:00:00+00:00,316.0,317.2,311.5219512195122,311.6682926829268,543231.512195122,interpolated
1011,2024-12-31 18:00:00+00:00,316.0,317.2,311.4341463414634,311.5951219512195,552070.4634146341,interpolated
1012,2024-12-31 20:00:00+00:00,316.0,317.2,311.3463414634146,311.5219512195122,560909.4146341464,interpolated
1013,2024-12-31 22:00:00+00:00,316.0,317.2,311.25853658536585,311.44878048780487,569748.3658536585,interpolated
1014,2025-01-01 00:00:00+00:00,316.0,317.2,311.1707317073171,311.37560975609756,578587.3170731708,interpolated
1015,2025-01-01 02:00:00+00:00,316.0,317.2,311.0829268292683,311.3024390243902,587426.268292683,interpolated
1016,2025-01-01 04:00:00+00:00,316.0,317.2,310.9951219512195,311.2292682926829,596265.2195121951,interpolated
1017,2025-01-01 06:00:00+00:00,316.0,317.2,310.9073170731707,311.1560975609756,605104.1707317074,interpolated
1018,2025-01-01 08:00:00+00:00,316.0,317.2,310.81951219512194,311.0829268292683,613943.1219512195,interpolated
1019,2025-01-01 10:00:00+00:00,316.0,317.2,310.7317073170732,311.00975609756097,622782.0731707318,interpolated
1020,2025-01-01 12:00:00+00:00,316.0,317.2,310.6439024390244,310.93658536585366,631621.0243902439,interpolated
1021,2025-01-01 14:00:00+00:00,316.0,317.2,310.5560975609756,310.8634146341463,640459.9756097561,interpolated
1022,2025-01-01 16:00:00+00:00,316.0,317.2,310.4682926829268,310.790243902439,649298.9268292682,interpolated
1023,2025-01-01 18:00:00+00:00,316.0,317.2,310.38048780487804,310.7170731707317,658137.8780487805,interpolated
1024,2025-01-01 20:00:00+00:00,316.0,317.2,310.2926829268293,310.6439024390244,666976.8292682926,interpolated
1025,2025-01-01 22:00:00+00:00,316.0,317.2,310.2048780487805,310.57073170731707,675815.7804878049,interpolated
1026,2025-01-02 00:00:00+00:00,316.0,317.2,310.1170731707317,310.49756097560976,684654.731707317,interpolated
1027,2025-01-02 02:00:00+00:00,316.0,317.2,310.0292682926829,310.4243902439024,693493.6829268292,interpolated
1028,2025-01-02 04:00:00+00:00,316.0,317.2,309.94146341463414,310.3512195121951,702332.6341463415,interpolated
1029,2025-01-02 06:00:00+00:00,316.0,317.2,309.8536585365854,310.2780487804878,711171.5853658536,interpolated
1030,2025-01-02 08:00:00+00:00,316.0,317.2,309.76585365853657,310.2048780487805,720010.5365853659,interpolated
1031,2025-01-02 10:00:00+00:00,316.0,317.2,309.6780487804878,310.13170731707316,728849.487804878,interpolated
1032,2025-01-02 12:00:00+00:00,316.0,317.2,309.59024390243906,310.05853658536586,737688.4390243902,interpolated
1033,2025-01-02 14:00:00+00:00,316.0,317.2,309.50243902439024,309.9853658536585,746527.3902439025,interpolated
1034,2025-01-02 16:00:00+00:00,316.0,317.2,309.4146341463415,309.9121951219512,755366.3414634147,interpolated
1035,2025-01-02 18:00:00+00:00,316.0,317.2,309.32682926829267,309.8390243902439,764205.2926829269,interpolated
1036,2025-01-02 20:00:00+00:00,316.0,317.2,309.2390243902439,309.76585365853657,773044.243902439,interpolated
1037,2025-01-02 22:00:00+00:00,316.0,317.2,309.15121951219515,309.69268292682926,781883.1951219512,interpolated
1038,2025-01-03 00:00:00+00:00,316.0,317.2,309.06341463414634,309.61951219512196,790722.1463414634,interpolated
1039,2025-01-03 02:00:00+00:00,316.0,317.2,308.9756097560976,309.5463414634146,799561.0975609756,interpolated
1040,2025-01-03 04:00:00+00:00,316.0,317.2,308.88780487804877,309.4731707317073,808400.0487804879,interpolated
1041,2025-01-03 06:00:00+00:00,316.0,317.2,308.8,309.4,817239.0,present
1042,2025-01-03 08:00:00+00:00,309.2,309.8,304.0,306.6,979835.0,present
1043,2025-01-03 10:00:00+00:00,306.6,309.4,305.2,307.0,417492.0,present
1044,2025-01-03 12:00:00+00:00,307.6,308.8,305.6,306.8,295424.0,present
1045,2025-01-03 14:00:00+00:00,306.8,308.6,302.8,304.4,405961.0,present
1046,2025-01-03 16:00:00+00:00,304.4,304.8,302.2,304.0,142554.0,present
1047,2025-01-03 18:00:00+00:00,303.8,304.8,303.4,303.8,79708.0,present
1048,2025-01-03 20:00:00+00:00,303.8,304.0,303.0,303.4,61810.0,present
1049,2025-01-03 22:00:00+00:00,303.68275862068964,303.8758620689655,302.70344827586206,303.15862068965515,84328.86206896552,interpolated
1050,2025-01-04 00:00:00+00:00,303.5655172413793,303.75172413793103,302.4068965517241,302.9172413793103,106847.72413793104,interpolated
1051,2025-01-04 02:00:00+00:00,303.44827586206895,303.6275862068965,302.11034482758623,302.6758620689655,129366.58620689655,interpolated
1052,2025-01-04 04:00:00+00:00,303.33103448275864,303.50344827586207,301.8137931034483,302.4344827586207,151885.4482758621,interpolated
1053,2025-01-04 06:00:00+00:00,303.21379310344827,303.37931034482756,301.51724137931035,302.19310344827585,174404.3103448276,interpolated
1054,2025-01-04 08:00:00+00:00,303.09655172413795,303.2551724137931,301.2206896551724,301.951724137931,196923.1724137931,interpolated
1055,2025-01-04 10:00:00+00:00,302.9793103448276,303.1310344827586,300.92413793103447,301.7103448275862,219442.0344827586,interpolated
1056,2025-01-04 12:00:00+00:00,302.86206896551727,303.00689655172414,300.6275862068965,301.4689655172414,241960.89655172414,interpolated
1057,2025-01-04 14:00:00+00:00,302.7448275862069,302.88275862068963,300.33103448275864,301.22758620689655,264479.7586206896,interpolated
1058,2025-01-04 16:00:00+00:00,302.6275862068965,302.7586206896552,300.0344827586207,300.9862068965517,286998.6206896552,interpolated
1059,2025-01-04 18:00:00+00:00,302.5103448275862,302.63448275862066,299.73793103448276,300.7448275862069,309517.4827586207,interpolated
1060,2025-01-04 20:00:00+00:00,302.39310344827584,302.5103448275862,299.4413793103448,300.50344827586207,332036.3448275862,interpolated
1061,2025-01-04 22:00:00+00:00,302.2758620689655,302.3862068965517,299.1448275862069,300.26206896551724,354555.2068965517,interpolated
1062,2025-01-05 00:00:00+00:00,302.15862068965515,302.26206896551724,298.84827586206893,300.0206896551724,377074.0689655172,interpolated
1063,2025-01-05 02:00:00+00:00,302.04137931034484,302.13793103448273,298.55172413793105,299.77931034482754,399592.9310344827,interpolated
1064,2025-01-05 04:00:00+00:00,301.92413793103447,302.0137931034483,298.2551724137931,299.5379310344827,422111.7931034483,interpolated
1065,2025-01-05 06:00:00+00:00,301.80689655172415,301.88965517241377,297.95862068965516,299.2965517241379,444630.6551724138,interpolated
1066,2025-01-05 08:00:00+00:00,301.6896551724138,301.7655172413793,297.6620689655172,299.05517241379306,467149.5172413793,interpolated
1067,2025-01-05 10:00:00+00:00,301.57241379310346,301.6413793103448,297.3655172413793,298.81379310344823,489668.3793103448,interpolated
1068,2025-01-05 12:00:00+00:00,301.4551724137931,301.51724137931035,297.06896551724134,298.5724137931034,512187.2413793103,interpolated
1069,2025-01-05 14:00:00+00:00,301.3379310344827,301.39310344827584,296.77241379310345,298.3310344827586,534706.1034482758,interpolated
1070,2025-01-05 16:00:00+00:00,301.2206896551724,301.2689655172414,296.4758620689655,298.08965517241376,557224.9655172414,interpolated
1071,2025-01-05 18:00:00+00:00,301.10344827586204,301.1448275862069,296.17931034482757,297.84827586206893,579743.8275862068,interpolated
1072,2025-01-05 20:00:00+00:00,300.9862068965517,301.0206896551724,295.88275862068963,297.6068965517241,602262.6896551724,interpolated
1073,2025-01-05 22:00:00+00:00,300.86896551724135,300.8965517241379,295.5862068965517,297.3655172413793,624781.551724138,interpolated
1074,2025-01-06 00:00:00+00:00,300.75172413793103,300.77241379310345,295.28965517241375,297.12413793103445,647300.4137931034,interpolated
1075,2025-01-06 02:00:00+00:00,300.63448275862066,300.64827586206894,294.99310344827586,296.88275862068963,669819.275862069,interpolated
1076,2025-01-06 04:00:00+00:00,300.51724137931035,300.5241379310345,294.6965517241379,296.6413793103448,692338.1379310344,interpolated
1077,2025-01-06 06:00:00+00:00,300.4,300.4,294.4,296.4,714857.0,present
1078,2025-01-06 08:00:00+00:00,296.4,301.0,295.0,298.0,638278.0,present
1079,2025-01-06 10:00:00+00:00,297.8,299.6,297.0,299.2,181527.0,present
1080,2025-01-06 12:00:00+00:00,299.4,302.2,299.2,302.0,330916.0,present
1081,2025-01-06 14:00:00+00:00,302.2,303.8,301.0,301.6,261795.0,present
1082,2025-01-06 16:00:00+00:00,301.8,303.0,300.4,301.0,114191.0,present
1083,2025-01-06 18:00:00+00:00,300.8,301.2,299.2,300.2,134752.0,present
1084,2025-01-06 20:00:00+00:00,300.4,301.8,299.0,300.2,90595.0,present
1085,2025-01-06 22:00:00+00:00,300.55294117647054,302.2117647058824,299.0,300.56470588235294,131537.5882352941,interpolated
1086,2025-01-07 00:00:00+00:00,300.70588235294116,302.6235294117647,299.0,300.9294117647059,172480.17647058822,interpolated
1087,2025-01-07 02:00:00+00:00,300.8588235294117,303.0352941176471,299.0,301.2941176470588,213422.76470588235,interpolated
1088,2025-01-07 04:00:00+00:00,301.01176470588234,303.4470588235294,299.0,301.65882352941173,254365.35294117645,interpolated
1089,2025-01-07 06:00:00+00:00,301.1647058823529,303.8588235294118,299.0,302.0235294117647,295307.9411764706,interpolated
1090,2025-01-07 08:00:00+00:00,301.3176470588235,304.27058823529416,299.0,302.38823529411764,336250.5294117647,interpolated
1091,2025-01-07 10:00:00+00:00,301.4705882352941,304.6823529411765,299.0,302.7529411764706,377193.1176470588,interpolated
1092,2025-01-07 12:00:00+00:00,301.6235294117647,305.09411764705885,299.0,303.11764705882354,418135.7058823529,interpolated
1093,2025-01-07 14:00:00+00:00,301.77647058823527,305.50588235294117,299.0,303.48235294117643,459078.29411764705,interpolated
1094,2025-01-07 16:00:00+00:00,301.9294117647059,305.91764705882355,299.0,303.8470588235294,500020.88235294115,interpolated
1095,2025-01-07 18:00:00+00:00,302.08235294117645,306.32941176470587,299.0,304.21176470588233,540963.4705882352,interpolated
1096,2025-01-07 20:00:00+00:00,302.2352941176471,306.74117647058824,299.0,304.5764705882353,581906.0588235294,interpolated
1097,2025-01-07 22:00:00+00:00,302.38823529411764,307.1529411764706,299.0,304.94117647058823,622848.6470588235,interpolated
1098,2025-01-08 00:00:00+00:00,302.54117647058825,307.56470588235294,299.0,305.3058823529412,663791.2352941176,interpolated
1099,2025-01-08 02:00:00+00:00,302.6941176470588,307.9764705882353,299.0,305.6705882352941,704733.8235294117,interpolated
1100,2025-01-08 04:00:00+00:00,302.84705882352944,308.38823529411764,299.0,306.035294117647,745676.4117647058,interpolated
1101,2025-01-08 06:00:00+00:00,303.0,308.8,299.0,306.4,786619.0,present
1102,2025-01-08 08:00:00+00:00,306.4,307.8,304.8,307.0,434015.0,present
1103,2025-01-08 10:00:00+00:00,306.6,308.6,306.2,308.2,261738.0,present
1104,2025-01-08 12:00:00+00:00,308.2,310.2,308.2,309.4,297574.0,present
1105,2025-01-08 14:00:00+00:00,309.4,309.6,307.2,308.8,243232.0,present
1106,2025-01-08 16:00:00+00:00,308.6,310.0,308.0,309.6,98384.0,present
1107,2025-01-08 18:00:00+00:00,309.6,311.8,309.0,310.8,217373.0,present
1108,2025-01-08 20:00:00+00:00,310.8,313.6,310.8,312.6,215923.0,present
1109,2025-01-08 22:00:00+00:00,311.16,313.64000000000004,309.88,311.36,352191.0,interpolated
1110,2025-01-09 00:00:00+00:00,311.52000000000004,313.68,308.96,310.12,488459.0,interpolated
1111,2025-01-09 02:00:00+00:00,311.88,313.72,308.04,308.88,624727.0,interpolated
1112,2025-01-09 04:00:00+00:00,312.24,313.76,307.12,307.64,760995.0,interpolated
1113,2025-01-09 06:00:00+00:00,312.6,313.8,306.2,306.4,897263.0,present
1114,2025-01-09 08:00:00+00:00,306.2,306.8,302.0,304.4,955979.0,present
1115,2025-01-09 10:00:00+00:00,304.4,306.6,301.4,301.6,517873.0,present
1116,2025-01-09 12:00:00+00:00,301.8,305.2,301.0,304.6,449062.0,present
1117,2025-01-09 14:00:00+00:00,304.8,304.8,301.0,301.0,237520.0,present
1118,2025-01-09 16:00:00+00:00,301.0,302.6,300.0,300.2,247018.0,present
1119,2025-01-09 18:00:00+00:00,300.2,300.4,297.0,298.6,281681.0,present
1120,2025-01-09 20:00:00+00:00,298.6,299.2,298.0,298.6,73219.0,present
1121,2025-01-09 22:00:00+00:00,299.08000000000004,300.52,298.36,299.20000000000005,215893.2,interpolated
1122,2025-01-10 00:00:00+00:00,299.56,301.84,298.72,299.8,358567.4,interpolated
1123,2025-01-10 02:00:00+00:00,300.04,303.16,299.08,300.40000000000003,501241.6,interpolated
1124,2025-01-10 04:00:00+00:00,300.52,304.48,299.44,301.0,643915.8,interpolated
1125,2025-01-10 06:00:00+00:00,301.0,305.8,299.8,301.6,786590.0,present
1126,2025-01-10 08:00:00+00:00,301.6,302.6,296.4,297.6,846170.0,present
1127,2025-01-10 10:00:00+00:00,297.6,306.2,294.6,304.2,1207298.0,present
1128,2025-01-10 12:00:00+00:00,304.2,309.8,304.2,308.2,720719.0,present
1129,2025-01-10 14:00:00+00:00,308.2,312.2,307.2,309.2,1174572.0,present
1130,2025-01-10 16:00:00+00:00,309.0,311.0,308.2,309.0,313875.0,present
1131,2025-01-10 18:00:00+00:00,309.0,311.8,309.0,311.8,247573.0,present
1132,2025-01-10 20:00:00+00:00,311.8,311.8,310.0,310.4,166779.0,present
1133,2025-01-10 22:00:00+00:00,311.84137931034485,311.92413793103447,310.0551724137931,310.53103448275857,195911.27586206896,interpolated
1134,2025-01-11 00:00:00+00:00,311.8827586206897,312.048275862069,310.11034482758623,310.6620689655172,225043.5517241379,interpolated
1135,2025-01-11 02:00:00+00:00,311.92413793103447,312.17241379310343,310.1655172413793,310.7931034482758,254175.8275862069,interpolated
1136,2025-01-11 04:00:00+00:00,311.9655172413793,312.29655172413794,310.2206896551724,310.92413793103447,283308.1034482758,interpolated
1137,2025-01-11 06:00:00+00:00,312.00689655172414,312.4206896551724,310.2758620689655,311.05517241379306,312440.3793103448,interpolated
1138,2025-01-11 08:00:00+00:00,312.048275862069,312.5448275862069,310.33103448275864,311.1862068965517,341572.6551724138,interpolated
1139,2025-01-11 10:00:00+00:00,312.0896551724138,312.66896551724136,310.38620689655176,311.3172413793103,370704.9310344828,interpolated
1140,2025-01-11 12:00:00+00:00,312.13103448275865,312.7931034482759,310.4413793103448,311.44827586206895,399837.2068965517,interpolated
1141,2025-01-11 14:00:00+00:00,312.17241379310343,312.9172413793103,310.49655172413793,311.57931034482755,428969.4827586207,interpolated
1142,2025-01-11 16:00:00+00:00,312.21379310344827,313.04137931034484,310.55172413793105,311.7103448275862,458101.7586206897,interpolated
1143,2025-01-11 18:00:00+00:00,312.2551724137931,313.1655172413793,310.60689655172416,311.8413793103448,487234.0344827586,interpolated
1144,2025-01-11 20:00:00+00:00,312.29655172413794,313.2896551724138,310.6620689655173,311.97241379310344,516366.3103448276,interpolated
1145,2025-01-11 22:00:00+00:00,312.3379310344828,313.41379310344826,310.71724137931034,312.10344827586204,545498.5862068965,interpolated
1146,2025-01-12 00:00:00+00:00,312.3793103448276,313.53793103448277,310.77241379310345,312.2344827586207,574630.8620689656,interpolated
1147,2025-01-12 02:00:00+00:00,312.4206896551724,313.6620689655172,310.82758620689657,312.3655172413793,603763.1379310344,interpolated
1148,2025-01-12 04:00:00+00:00,312.46206896551723,313.78620689655173,310.8827586206897,312.49655172413793,632895.4137931034,interpolated
1149,2025-01-12 06:00:00+00:00,312.50344827586207,313.9103448275862,310.93793103448274,312.6275862068965,662027.6896551724,interpolated
1150,2025-01-12 08:00:00+00:00,312.5448275862069,314.0344827586207,310.99310344827586,312.7586206896552,691159.9655172414,interpolated
1151,2025-01-12 10:00:00+00:00,312.58620689655174,314.15862068965515,311.048275862069,312.88965517241377,720292.2413793104,interpolated
1152,2025-01-12 12:00:00+00:00,312.6275862068966,314.28275862068966,311.1034482758621,313.0206896551724,749424.5172413794,interpolated
1153,2025-01-12 14:00:00+00:00,312.66896551724136,314.4068965517241,311.1586206896552,313.151724137931,778556.7931034482,interpolated
1154,2025-01-12 16:00:00+00:00,312.7103448275862,314.5310344827586,311.21379310344827,313.28275862068966,807689.0689655172,interpolated
1155,2025-01-12 18:00:00+00:00,312.75172413793103,314.6551724137931,311.2689655172414,313.41379310344826,836821.3448275862,interpolated
1156,2025-01-12 20:00:00+00:00,312.7931034482759,314.7793103448276,311.3241379310345,313.5448275862069,865953.6206896552,interpolated
1157,2025-01-12 22:00:00+00:00,312.8344827586207,314.90344827586205,311.3793103448276,313.6758620689655,895085.8965517242,interpolated
1158,2025-01-13 00:00:00+00:00,312.87586206896555,315.02758620689656,311.43448275862073,313.80689655172415,924218.172413793,interpolated
1159,2025-01-13 02:00:00+00:00,312.9172413793103,315.151724137931,311.4896551724138,313.93793103448274,953350.448275862,interpolated
1160,2025-01-13 04:00:00+00:00,312.95862068965516,315.2758620689655,311.5448275862069,314.0689655172414,982482.724137931,interpolated
1161,2025-01-13 06:00:00+00:00,313.0,315.4,311.6,314.2,1011615.0,present
1162,2025-01-13 08:00:00+00:00,314.2,318.4,312.0,316.0,974255.0,present
1163,2025-01-13 10:00:00+00:00,316.0,316.0,308.0,308.6175626338649,1082072.0,present
1164,2025-01-13 12:00:00+00:00,308.6,310.0,304.6,308.2,842658.0,present
1165,2025-01-13 14:00:00+00:00,308.4,310.4,307.0,309.2,284575.0,present
1166,2025-01-13 16:00:00+00:00,309.0,309.6,304.6,304.8,279661.0,present
1167,2025-01-13 18:00:00+00:00,305.0,305.2,301.0,304.6,554458.0,present
1168,2025-01-13 20:00:00+00:00,304.6,306.4,304.0,305.0,119116.0,present
1169,2025-01-13 22:00:00+00:00,304.68,306.4,303.68,304.72,198807.0,interpolated
1170,2025-01-14 00:00:00+00:00,304.76,306.4,303.36,304.44,278498.0,interpolated
1171,2025-01-14 02:00:00+00:00,304.84000000000003,306.4,303.03999999999996,304.16,358189.0,interpolated
1172,2025-01-14 04:00:00+00:00,304.92,306.4,302.71999999999997,303.88,437880.0,interpolated
1173,2025-01-14 06:00:00+00:00,305.0,306.4,302.4,303.6,517571.0,present
1174,2025-01-14 08:00:00+00:00,303.6,309.6,303.0,309.0,779277.0,present
1175,2025-01-14 10:00:00+00:00,309.0,311.8,308.6,310.2,670013.0,present
1176,2025-01-14 12:00:00+00:00,310.0,311.6,309.2,311.0,338455.0,present
1177,2025-01-14 14:00:00+00:00,310.8,311.0,308.2,309.0,208284.0,present
1178,2025-01-14 16:00:00+00:00,308.0,309.6,306.8,307.8,265431.0,present
1179,2025-01-14 18:00:00+00:00,307.6,310.2,306.8,309.0,215110.0,present
1180,2025-01-14 20:00:00+00:00,309.4,310.2,309.0,309.6,67277.0,present
1181,2025-01-14 22:00:00+00:00,309.79999999999995,313.12,309.32,311.0811876479415,400723.1288774027,interpolated
1182,2025-01-15 00:00:00+00:00,310.2,316.04,309.64,312.562375295883,734169.2577548054,interpolated
1183,2025-01-15 02:00:00+00:00,310.59999999999997,318.96,309.96000000000004,314.04356294382444,1067615.3866322082,interpolated
1184,2025-01-15 04:00:00+00:00,311.0,321.88,310.28000000000003,315.52475059176595,1401061.5155096108,interpolated
1185,2025-01-15 06:00:00+00:00,311.4,324.8,310.6,317.0059382397074,1734507.6443870135,present
1186,2025-01-15 08:00:00+00:00,321.6,332.6,320.2,325.4,2399714.1054696827,present
1187,2025-01-15 10:00:00+00:00,325.6,331.4,325.2,330.2,3682285.0,present
1188,2025-01-15 12:00:00+00:00,330.2,332.4,328.6,329.6,3970781.0,present
1189,2025-01-15 14:00:00+00:00,329.6,330.0,322.0,327.0,6865615.0,present
1190,2025-01-15 16:00:00+00:00,329.2,335.0,329.0,333.2,5697054.0,present
1191,2025-01-15 18:00:00+00:00,333.2,339.0,333.2,337.6,3323901.0,present
1192,2025-01-15 20:00:00+00:00,337.4,338.6,336.6,338.6,763632.0,present
1193,2025-01-15 22:00:00+00:00,337.64,338.84000000000003,335.88,338.32,1575045.4,interpolated
1194,2025-01-16 00:00:00+00:00,337.88,339.08000000000004,335.16,338.04,2386458.8,interpolated
1195,2025-01-16 02:00:00+00:00,338.12,339.32,334.44,337.76,3197872.2,interpolated
1196,2025-01-16 04:00:00+00:00,338.36,339.56,333.72,337.48,4009285.6,interpolated
1197,2025-01-16 06:00:00+00:00,338.6,339.8,333.0,337.2,4820699.0,present
1198,2025-01-16 08:00:00+00:00,337.0,342.4,335.0,338.4,4592094.0,present
1199,2025-01-16 10:00:00+00:00,338.4,341.6,338.0,340.0,1313735.0,present
1200,2025-01-16 12:00:00+00:00,340.0,340.2,332.2,335.2,3578584.0,present
1201,2025-01-16 14:00:00+00:00,335.0,338.0,334.8,337.0,1605520.0,present
1202,2025-01-16 16:00:00+00:00,337.0,338.0,335.4,336.6,769953.0,present
1203,2025-01-16 18:00:00+00:00,336.6,339.6,335.4,338.8,627697.0,present
1204,2025-01-16 20:00:00+00:00,338.8,339.6,337.4,337.6,220711.0,present
1205,2025-01-16 22:00:00+00:00,338.84000000000003,339.64000000000004,336.64,337.84000000000003,512715.2,interpolated
1206,2025-01-17 00:00:00+00:00,338.88,339.68,335.88,338.08000000000004,804719.4,interpolated
1207,2025-01-17 02:00:00+00:00,338.92,339.72,335.12,338.32,1096723.6,interpolated
1208,2025-01-17 04:00:00+00:00,338.96,339.76,334.36,338.56,1388727.8,interpolated
1209,2025-01-17 06:00:00+00:00,339.0,339.8,333.6,338.8,1680732.0,present
1210,2025-01-17 08:00:00+00:00,338.6,348.0,337.2,346.9044311227806,4537270.0,present
1211,2025-01-17 10:00:00+00:00,347.0,349.6,345.4,347.8,2220662.0,present
1212,2025-01-17 12:00:00+00:00,348.0,348.0,345.4,346.8,922965.0,present
1213,2025-01-17 14:00:00+00:00,346.8,349.6,346.2,347.8,884778.0,present
1214,2025-01-17 16:00:00+00:00,347.8,353.6,347.6,349.0,1722747.0,present
1215,2025-01-17 18:00:00+00:00,349.0,351.0,348.0,350.4,764334.0,present
1216,2025-01-17 20:00:00+00:00,350.2,350.8,349.0,350.8,356702.0,present
1217,2025-01-17 22:00:00+00:00,350.3310344827586,351.1724137931035,349.0206896551724,351.0137931034483,477026.724137931,interpolated
1218,2025-01-18 00:00:00+00:00,350.46206896551723,351.5448275862069,349.04137931034484,351.22758620689655,597351.448275862,interpolated
1219,2025-01-18 02:00:00+00:00,350.5931034482758,351.9172413793104,349.06206896551726,351.4413793103448,717676.1724137932,interpolated
1220,2025-01-18 04:00:00+00:00,350.7241379310345,352.2896551724138,349.0827586206897,351.65517241379314,838000.896551724,interpolated
1221,2025-01-18 06:00:00+00:00,350.85517241379307,352.6620689655173,349.1034482758621,351.8689655172414,958325.6206896552,interpolated
1222,2025-01-18 08:00:00+00:00,350.9862068965517,353.0344827586207,349.1241379310345,352.0827586206897,1078650.3448275863,interpolated
1223,2025-01-18 10:00:00+00:00,351.1172413793103,353.4068965517242,349.14482758620693,352.29655172413794,1198975.0689655172,interpolated
1224,2025-01-18 12:00:00+00:00,351.24827586206897,353.7793103448276,349.1655172413793,352.5103448275862,1319299.793103448,interpolated
1225,2025-01-18 14:00:00+00:00,351.37931034482756,354.15172413793107,349.1862068965517,352.7241379310345,1439624.5172413792,interpolated
1226,2025-01-18 16:00:00+00:00,351.5103448275862,354.5241379310345,349.2068965517241,352.93793103448274,1559949.2413793104,interpolated
1227,2025-01-18 18:00:00+00:00,351.6413793103448,354.89655172413796,349.22758620689655,353.15172413793107,1680273.9655172413,interpolated
1228,2025-01-18 20:00:00+00:00,351.77241379310345,355.2689655172414,349.24827586206897,353.36551724137934,1800598.6896551724,interpolated
1229,2025-01-18 22:00:00+00:00,351.90344827586205,355.64137931034486,349.2689655172414,353.5793103448276,1920923.4137931033,interpolated
1230,2025-01-19 00:00:00+00:00,352.0344827586207,356.0137931034483,349.2896551724138,353.7931034482759,2041248.1379310344,interpolated
1231,2025-01-19 02:00:00+00:00,352.1655172413793,356.38620689655176,349.3103448275862,354.00689655172414,2161572.862068965,interpolated
1232,2025-01-19 04:00:00+00:00,352.29655172413794,356.7586206896552,349.33103448275864,354.2206896551724,2281897.586206896,interpolated
1233,2025-01-19 06:00:00+00:00,352.42758620689654,357.13103448275865,349.35172413793106,354.4344827586207,2402222.3103448274,interpolated
1234,2025-01-19 08:00:00+00:00,352.5586206896552,357.50344827586207,349.3724137931035,354.64827586206894,2522547.0344827585,interpolated
1235,2025-01-19 10:00:00+00:00,352.6896551724138,357.87586206896555,349.3931034482759,354.86206896551727,2642871.7586206896,interpolated
1236,2025-01-19 12:00:00+00:00,352.82068965517243,358.24827586206897,349.4137931034483,355.07586206896553,2763196.4827586208,interpolated
1237,2025-01-19 14:00:00+00:00,352.951724137931,358.62068965517244,349.43448275862073,355.2896551724138,2883521.2068965514,interpolated
1238,2025-01-19 16:00:00+00:00,353.0827586206897,358.99310344827586,349.4551724137931,355.50344827586207,3003845.9310344825,interpolated
1239,2025-01-19 18:00:00+00:00,353.21379310344827,359.36551724137934,349.4758620689655,355.71724137931034,3124170.6551724137,interpolated
1240,2025-01-19 20:00:00+00:00,353.3448275862069,359.73793103448276,349.49655172413793,355.9310344827586,3244495.379310345,interpolated
1241,2025-01-19 22:00:00+00:00,353.4758620689655,360.11034482758623,349.51724137931035,356.1448275862069,3364820.1034482755,interpolated
1242,2025-01-20 00:00:00+00:00,353.60689655172416,360.48275862068965,349.53793103448277,356.3586206896552,3485144.8275862066,interpolated
1243,2025-01-20 02:00:00+00:00,353.73793103448276,360.8551724137931,349.5586206896552,356.57241379310346,3605469.5517241377,interpolated
1244,2025-01-20 04:00:00+00:00,353.8689655172414,361.22758620689655,349.5793103448276,356.78620689655173,3725794.275862069,interpolated
1245,2025-01-20 06:00:00+00:00,354.0,361.6,349.6,357.0,3846119.0,present
1246,2025-01-20 08:00:00+00:00,357.0,358.6,343.4,348.65971474775245,3388112.0,present
1247,2025-01-20 10:00:00+00:00,346.0,352.0,344.0,351.4,1760300.0,present
1248,2025-01-20 12:00:00+00:00,351.2,354.0,347.2,351.6,1138749.0,present
1249,2025-01-20 14:00:00+00:00,351.6,352.4,345.0,347.8,845906.0,present
1250,2025-01-20 16:00:00+00:00,347.8,350.8,345.8,346.0,546305.0,present
1251,2025-01-20 18:00:00+00:00,346.0,347.2,340.4,342.0,1568700.0,present
1252,2025-01-20 20:00:00+00:00,342.0,343.0,341.4,342.6,207999.0,present
1253,2025-01-20 22:00:00+00:00,342.2,343.44,341.12,342.64000000000004,407082.4,interpolated
1254,2025-01-21 00:00:00+00:00,342.4,343.88,340.84,342.68,606165.8,interpolated
1255,2025-01-21 02:00:00+00:00,342.6,344.32,340.56,342.72,805249.2,interpolated
1256,2025-01-21 04:00:00+00:00,342.8,344.76,340.28,342.76,1004332.6,interpolated
1257,2025-01-21 06:00:00+00:00,343.0,345.2,340.0,342.8,1203416.0,present
1258,2025-01-21 08:00:00+00:00,343.0,343.0,333.2,335.2,2647361.0,present
1259,2025-01-21 10:00:00+00:00,335.2,338.6,331.6,332.0,1246890.0,present
1260,2025-01-21 12:00:00+00:00,332.0,337.2,331.8,335.4,905639.0,present
1261,2025-01-21 14:00:00+00:00,335.2,339.4,331.6,336.4,1814770.0,present
1262,2025-01-21 16:00:00+00:00,336.4,339.0,334.8,338.0,557142.0,present
1263,2025-01-21 18:00:00+00:00,338.0,338.0,336.4,337.6,164574.0,present
1264,2025-01-21 20:00:00+00:00,337.6,339.0,337.4,338.2,136000.0,present
1265,2025-01-21 22:00:00+00:00,337.8,341.16,336.91999999999996,339.71999999999997,749520.8,interpolated
1266,2025-01-22 00:00:00+00:00,338.0,343.32,336.44,341.24,1363041.6,interpolated
1267,2025-01-22 02:00:00+00:00,338.20000000000005,345.48,335.96,342.76,1976562.4,interpolated
1268,2025-01-22 04:00:00+00:00,338.40000000000003,347.64,335.48,344.28000000000003,2590083.2,interpolated
1269,2025-01-22 06:00:00+00:00,338.6,349.8,335.0,345.8,3203604.0,present
1270,2025-01-22 08:00:00+00:00,346.0,353.8,344.6,351.6,4430859.0,present
1271,2025-01-22 10:00:00+00:00,352.0,354.4,350.0,351.8,1981976.0,present
1272,2025-01-22 12:00:00+00:00,351.8,353.6,348.6,350.4,1548964.0,present
1273,2025-01-22 14:00:00+00:00,350.4,355.0,350.2,354.6,810697.0,present
1274,2025-01-22 16:00:00+00:00,355.0,356.4,343.2,346.6,3119997.0,present
1275,2025-01-22 18:00:00+00:00,346.6,347.6,344.2,346.8,415710.0,present
1276,2025-01-22 20:00:00+00:00,347.0,347.4,345.6,346.6,125022.0,present
1277,2025-01-22 22:00:00+00:00,346.8,347.52,344.88,346.8,317959.8,interpolated
1278,2025-01-23 00:00:00+00:00,346.6,347.64,344.16,347.0,510897.6,interpolated
1279,2025-01-23 02:00:00+00:00,346.4,347.76,343.44,347.20000000000005,703835.4,interpolated
1280,2025-01-23 04:00:00+00:00,346.2,347.88,342.72,347.40000000000003,896773.2,interpolated
1281,2025-01-23 06:00:00+00:00,346.0,348.0,342.0,347.6,1089711.0,present
1282,2025-01-23 08:00:00+00:00,347.8,348.8,342.8,344.4,1217169.0,present
1283,2025-01-23 10:00:00+00:00,344.4,349.2,343.0,348.0,627628.0,present
1284,2025-01-23 12:00:00+00:00,347.8,348.4,345.6,348.0,348702.0,present
1285,2025-01-23 14:00:00+00:00,347.8,348.6,345.2,346.0,224380.0,present
1286,2025-01-23 16:00:00+00:00,346.0,352.8,343.2,349.2,1021854.0,present
1287,2025-01-23 18:00:00+00:00,349.6,351.0,349.0,349.4,250972.0,present
1288,2025-01-23 20:00:00+00:00,349.4,354.0,349.2,353.4,302040.0,present
1289,2025-01-23 22:00:00+00:00,350.32,354.64,349.68,353.4,478489.6,interpolated
1290,2025-01-24 00:00:00+00:00,351.24,355.28,350.16,353.4,654939.2,interpolated
1291,2025-01-24 02:00:00+00:00,352.15999999999997,355.92,350.64,353.4,831388.7999999999,interpolated
1292,2025-01-24 04:00:00+00:00,353.08,356.56,351.12,353.4,1007838.4,interpolated
1293,2025-01-24 06:00:00+00:00,354.0,357.2,351.6,353.4,1184288.0,present
1294,2025-01-24 08:00:00+00:00,353.4,359.0,353.4,356.8,1313198.0,present
1295,2025-01-24 10:00:00+00:00,356.8,359.2,355.0,358.4,845345.0,present
1296,2025-01-24 12:00:00+00:00,358.2,359.0,345.6,350.0270077467632,1687637.0,present
1297,2025-01-24 14:00:00+00:00,347.2,351.0,346.0,346.2,1197121.0,present
1298,2025-01-24 16:00:00+00:00,347.0,350.4,346.6,347.0,328468.0,present
1299,2025-01-24 18:00:00+00:00,346.8,349.0,346.8,348.6,163827.0,present
1300,2025-01-24 20:00:00+00:00,348.6,350.2,348.4,350.2,176060.0,present
1301,2025-01-24 22:00:00+00:00,348.6592592592593,350.2,348.46666666666664,350.2,169644.92592592593,interpolated
1302,2025-01-25 00:00:00+00:00,348.7185185185185,350.2,348.5333333333333,350.2,163229.85185185185,interpolated
1303,2025-01-25 02:00:00+00:00,348.77777777777777,350.2,348.59999999999997,350.2,156814.77777777778,interpolated
1304,2025-01-25 04:00:00+00:00,348.8370370370371,350.2,348.66666666666663,350.2,150399.7037037037,interpolated
1305,2025-01-25 06:00:00+00:00,348.8962962962963,350.2,348.7333333333333,350.2,143984.62962962964,interpolated
1306,2025-01-25 08:00:00+00:00,348.9555555555556,350.2,348.79999999999995,350.2,137569.55555555556,interpolated
1307,2025-01-25 10:00:00+00:00,349.0148148148148,350.2,348.8666666666667,350.2,131154.4814814815,interpolated
1308,2025-01-25 12:00:00+00:00,349.0740740740741,350.2,348.93333333333334,350.2,124739.40740740742,interpolated
1309,2025-01-25 14:00:00+00:00,349.1333333333333,350.2,349.0,350.2,118324.33333333334,interpolated
1310,2025-01-25 16:00:00+00:00,349.1925925925926,350.2,349.06666666666666,350.2,111909.25925925927,interpolated
1311,2025-01-25 18:00:00+00:00,349.2518518518519,350.2,349.1333333333333,350.2,105494.18518518518,interpolated
1312,2025-01-25 20:00:00+00:00,349.31111111111113,350.2,349.2,350.2,99079.11111111111,interpolated
1313,2025-01-25 22:00:00+00:00,349.3703703703704,350.2,349.26666666666665,350.2,92664.03703703704,interpolated
1314,2025-01-26 00:00:00+00:00,349.42962962962963,350.2,349.3333333333333,350.2,86248.96296296296,interpolated
1315,2025-01-26 02:00:00+00:00,349.4888888888889,350.2,349.4,350.2,79833.88888888889,interpolated
1316,2025-01-26 04:00:00+00:00,349.54814814814813,350.2,349.46666666666664,350.2,73418.81481481482,interpolated
1317,2025-01-26 06:00:00+00:00,349.60740740740744,350.2,349.5333333333333,350.2,67003.74074074074,interpolated
1318,2025-01-26 08:00:00+00:00,349.6666666666667,350.2,349.59999999999997,350.2,60588.66666666667,interpolated
1319,2025-01-26 10:00:00+00:00,349.72592592592594,350.2,349.66666666666663,350.2,54173.5925925926,interpolated
1320,2025-01-26 12:00:00+00:00,349.7851851851852,350.2,349.7333333333333,350.2,47758.518518518526,interpolated
1321,2025-01-26 14:00:00+00:00,349.84444444444443,350.2,349.8,350.2,41343.44444444444,interpolated
1322,2025-01-26 16:00:00+00:00,349.9037037037037,350.2,349.8666666666667,350.2,34928.370370370365,interpolated
1323,2025-01-26 18:00:00+00:00,349.96296296296293,350.2,349.93333333333334,350.2,28513.296296296292,interpolated
1324,2025-01-26 20:00:00+00:00,350.02222222222224,350.2,350.0,350.2,22098.22222222222,interpolated
1325,2025-01-26 22:00:00+00:00,350.0814814814815,350.2,350.06666666666666,350.2,15683.148148148146,interpolated
1326,2025-01-27 00:00:00+00:00,350.14074074074074,350.2,350.1333333333333,350.2,9268.074074074073,interpolated
1327,2025-01-27 02:00:00+00:00,350.2,350.2,350.2,350.2,2853.0,present
1328,2025-01-27 04:00:00+00:00,350.2,352.8,348.8,350.0,149650.0,present
1329,2025-01-27 06:00:00+00:00,350.0,350.0,341.0,342.6,1308142.0,present
1330,2025-01-27 08:00:00+00:00,342.6,346.6,339.6,344.2,1462211.0,present
1331,2025-01-27 10:00:00+00:00,344.4,344.6,341.4,342.2,336579.0,present
1332,2025-01-27 12:00:00+00:00,342.2,345.2,341.6,342.0,474826.0,present
1333,2025-01-27 14:00:00+00:00,342.0,342.2,337.6,339.0,974849.0,present
1334,2025-01-27 16:00:00+00:00,339.2,340.4,338.0,338.4,266274.0,present
1335,2025-01-27 18:00:00+00:00,338.4,341.0,338.2,339.6,343206.0,present
1336,2025-01-27 20:00:00+00:00,339.8,340.2,339.4,339.6,32976.0,present
1337,2025-01-27 22:00:00+00:00,339.3333333333333,339.59999999999997,339.06666666666666,339.2,22219.0,interpolated
1338,2025-01-28 00:00:00+00:00,338.8666666666667,339.0,338.7333333333333,338.8,11462.0,interpolated
1339,2025-01-28 02:00:00+00:00,338.4,338.4,338.4,338.4,705.0,present
1340,2025-01-28 04:00:00+00:00,338.4,341.2,333.0,336.8,499952.0,present
1341,2025-01-28 06:00:00+00:00,336.8,339.6,335.6,337.6,576622.0,present
1342,2025-01-28 08:00:00+00:00,337.6,340.2,335.2,336.4,599600.0,present
1343,2025-01-28 10:00:00+00:00,336.4,341.0,333.0,339.4,1548657.0,present
1344,2025-01-28 12:00:00+00:00,339.4,343.8,336.6,340.2,1223203.0,present
1345,2025-01-28 14:00:00+00:00,340.2,341.8,337.6,340.2,554017.0,present
1346,2025-01-28 16:00:00+00:00,340.0,342.0,339.2,341.6,359059.0,present
1347,2025-01-28 18:00:00+00:00,341.8,344.6,341.0,342.4,376895.0,present
1348,2025-01-28 20:00:00+00:00,342.2,342.6,341.2,342.0,130473.0,present
1349,2025-01-28 22:00:00+00:00,342.1333333333333,342.40000000000003,341.46666666666664,342.0,87454.33333333334,interpolated
1350,2025-01-29 00:00:00+00:00,342.06666666666666,342.2,341.73333333333335,342.0,44435.66666666667,interpolated
1351,2025-01-29 02:00:00+00:00,342.0,342.0,342.0,342.0,1417.0,present
1352,2025-01-29 04:00:00+00:00,342.0,346.2,341.2,344.8,444511.0,present
1353,2025-01-29 06:00:00+00:00,344.6,350.6,342.6,347.4,1325452.0,present
1354,2025-01-29 08:00:00+00:00,347.2,349.6,344.4,346.4,878329.0,present
1355,2025-01-29 10:00:00+00:00,346.4,347.6,343.4,344.0,644403.0,present
1356,2025-01-29 12:00:00+00:00,343.6,344.6,341.2,341.4,493199.0,present
1357,2025-01-29 14:00:00+00:00,341.4,342.8,341.4,342.0,401197.0,present
1358,2025-01-29 16:00:00+00:00,343.0,344.4,338.4,340.6,729025.0,present
1359,2025-01-29 18:00:00+00:00,340.8,340.8,338.0,339.4,271126.0,present
1360,2025-01-29 20:00:00+00:00,339.4,339.6,338.8,339.0,44817.0,present
1361,2025-01-29 22:00:00+00:00,339.26666666666665,339.40000000000003,338.8666666666667,339.0,30332.666666666668,interpolated
1362,2025-01-30 00:00:00+00:00,339.1333333333333,339.2,338.93333333333334,339.0,15848.333333333336,interpolated
1363,2025-01-30 02:00:00+00:00,339.0,339.0,339.0,339.0,1364.0,present
1364,2025-01-30 04:00:00+00:00,339.0,341.4,336.0,340.6,152371.0,present
1365,2025-01-30 06:00:00+00:00,340.6,342.6,339.6,341.6,711911.0,present
1366,2025-01-30 08:00:00+00:00,341.4,343.4,336.0,339.2,1134339.0,present
1367,2025-01-30 10:00:00+00:00,339.2,341.4,336.6,339.4,683089.0,present
1368,2025-01-30 12:00:00+00:00,339.4,342.2,338.0,340.2,475662.0,present
1369,2025-01-30 14:00:00+00:00,340.2,342.6,340.2,341.4,394236.0,present
1370,2025-01-30 16:00:00+00:00,341.4,342.6,340.8,341.4,197912.0,present
1371,2025-01-30 18:00:00+00:00,341.4,341.8,341.0,341.4,81674.0,present
1372,2025-01-30 20:00:00+00:00,341.2,341.6,340.8,341.0,30512.0,present
1373,2025-01-30 22:00:00+00:00,341.1333333333333,341.40000000000003,340.8666666666667,341.0,20349.666666666664,interpolated
1374,2025-01-31 00:00:00+00:00,341.06666666666666,341.2,340.93333333333334,341.0,10187.333333333332,interpolated
1375,2025-01-31 02:00:00+00:00,341.0,341.0,341.0,341.0,25.0,present
1376,2025-01-31 04:00:00+00:00,341.0,346.8,341.0,345.6,291477.0,present
1377,2025-01-31 06:00:00+00:00,345.6,347.2,341.4,343.6,974954.0,present
1378,2025-01-31 08:00:00+00:00,343.6,347.0,339.6,341.6,957846.0,present
1379,2025-01-31 10:00:00+00:00,341.4,342.4,338.6,341.2,388918.0,present
1380,2025-01-31 12:00:00+00:00,341.2,341.4,334.2,335.6,1476384.0,present
1381,2025-01-31 14:00:00+00:00,335.6,337.6,332.4,335.0,760552.0,present
1382,2025-01-31 16:00:00+00:00,335.0,336.6,334.4,335.4,190426.0,present
1383,2025-01-31 18:00:00+00:00,335.2,335.8,334.8,335.2,111206.0,present
1384,2025-01-31 20:00:00+00:00,335.0,335.6,334.0,335.0,140231.0,present
1385,2025-01-31 22:00:00+00:00,335.0,335.5777777777778,334.037037037037,335.0,135320.03703703702,interpolated
1386,2025-02-01 00:00:00+00:00,335.0,335.5555555555556,334.0740740740741,335.0,130409.07407407407,interpolated
1387,2025-02-01 02:00:00+00:00,335.0,335.53333333333336,334.1111111111111,335.0,125498.11111111111,interpolated
1388,2025-02-01 04:00:00+00:00,335.0,335.5111111111111,334.14814814814815,335.0,120587.14814814815,interpolated
1389,2025-02-01 06:00:00+00:00,335.0,335.4888888888889,334.18518518518516,335.0,115676.18518518518,interpolated
1390,2025-02-01 08:00:00+00:00,335.0,335.4666666666667,334.22222222222223,335.0,110765.22222222222,interpolated
1391,2025-02-01 10:00:00+00:00,335.0,335.44444444444446,334.25925925925924,335.0,105854.25925925926,interpolated
1392,2025-02-01 12:00:00+00:00,335.0,335.4222222222222,334.2962962962963,335.0,100943.29629629629,interpolated
1393,2025-02-01 14:00:00+00:00,335.0,335.40000000000003,334.3333333333333,335.0,96032.33333333333,interpolated
1394,2025-02-01 16:00:00+00:00,335.0,335.3777777777778,334.3703703703704,335.0,91121.37037037036,interpolated
1395,2025-02-01 18:00:00+00:00,335.0,335.35555555555555,334.4074074074074,335.0,86210.4074074074,interpolated
1396,2025-02-01 20:00:00+00:00,335.0,335.33333333333337,334.44444444444446,335.0,81299.44444444444,interpolated
1397,2025-02-01 22:00:00+00:00,335.0,335.31111111111113,334.48148148148147,335.0,76388.48148148147,interpolated
1398,2025-02-02 00:00:00+00:00,335.0,335.2888888888889,334.51851851851853,335.0,71477.51851851851,interpolated
1399,2025-02-02 02:00:00+00:00,335.0,335.26666666666665,334.55555555555554,335.0,66566.55555555555,interpolated
1400,2025-02-02 04:00:00+00:00,335.0,335.24444444444447,334.5925925925926,335.0,61655.592592592584,interpolated
1401,2025-02-02 06:00:00+00:00,335.0,335.22222222222223,334.6296296296296,335.0,56744.62962962962,interpolated
1402,2025-02-02 08:00:00+00:00,335.0,335.2,334.6666666666667,335.0,51833.66666666666,interpolated
1403,2025-02-02 10:00:00+00:00,335.0,335.1777777777778,334.7037037037037,335.0,46922.70370370369,interpolated
1404,2025-02-02 12:00:00+00:00,335.0,335.15555555555557,334.74074074074076,335.0,42011.74074074073,interpolated
1405,2025-02-02 14:00:00+00:00,335.0,335.1333333333333,334.77777777777777,335.0,37100.77777777777,interpolated
1406,2025-02-02 16:00:00+00:00,335.0,335.11111111111114,334.81481481481484,335.0,32189.814814814803,interpolated
1407,2025-02-02 18:00:00+00:00,335.0,335.0888888888889,334.85185185185185,335.0,27278.85185185184,interpolated
1408,2025-02-02 20:00:00+00:00,335.0,335.06666666666666,334.8888888888889,335.0,22367.888888888876,interpolated
1409,2025-02-02 22:00:00+00:00,335.0,335.0444444444444,334.9259259259259,335.0,17456.925925925912,interpolated
1410,2025-02-03 00:00:00+00:00,335.0,335.02222222222224,334.962962962963,335.0,12545.962962962949,interpolated
1411,2025-02-03 02:00:00+00:00,335.0,335.0,335.0,335.0,7635.0,present
1412,2025-02-03 04:00:00+00:00,334.9,334.9,332.3,333.1,260534.0,present
1413,2025-02-03 06:00:00+00:00,333.3,334.3,326.3,328.4,2339800.0,present
1414,2025-02-03 08:00:00+00:00,328.6,328.8,323.1,325.4,2173916.0,present
1415,2025-02-03 10:00:00+00:00,325.5,326.8,323.1,324.0,775383.0,present
1416,2025-02-03 12:00:00+00:00,323.9,325.2,321.0,322.4,1044734.0,present
1417,2025-02-03 14:00:00+00:00,322.4,322.5,318.6,319.7,1039503.0,present
1418,2025-02-03 16:00:00+00:00,319.8,324.3,319.7,324.1,763874.0,present
1419,2025-02-03 18:00:00+00:00,324.1,325.0,323.7,324.8,485668.0,present
1420,2025-02-03 20:00:00+00:00,324.8,324.9,322.1,322.4,189082.0,present
1421,2025-02-03 22:00:00+00:00,323.40000000000003,323.46666666666664,321.6,321.8,130054.66666666667,interpolated
1422,2025-02-04 00:00:00+00:00,322.0,322.03333333333336,321.1,321.2,71027.33333333334,interpolated
1423,2025-02-04 02:00:00+00:00,320.6,320.6,320.6,320.6,12000.0,present
1424,2025-02-04 04:00:00+00:00,321.0,324.5,320.7,324.0,240533.0,present
1425,2025-02-04 06:00:00+00:00,323.9,325.9,321.1,323.0,1083404.0,present
1426,2025-02-04 08:00:00+00:00,323.0,324.0,316.3,316.7,1710306.0,present
1427,2025-02-04 10:00:00+00:00,316.8,317.3,312.0,314.4,2849112.0,present
1428,2025-02-04 12:00:00+00:00,314.3,314.7,309.6,311.1,2206200.0,present
1429,2025-02-04 14:00:00+00:00,311.1,313.3,310.2,312.8,1009863.0,present
1430,2025-02-04 16:00:00+00:00,312.4,312.8,310.2,310.6,472105.0,present
1431,2025-02-04 18:00:00+00:00,310.6,310.7,307.0,307.6,1265957.0,present
1432,2025-02-04 20:00:00+00:00,307.5,308.3,307.2,307.7,230641.0,present
1433,2025-02-04 22:00:00+00:00,307.76666666666665,308.3,307.56666666666666,307.9,154304.3333333333,interpolated
1434,2025-02-05 00:00:00+00:00,308.03333333333336,308.3,307.93333333333334,308.1,77967.66666666666,interpolated
1435,2025-02-05 02:00:00+00:00,308.3,308.3,308.3,308.3,1631.0,present
1436,2025-02-05 04:00:00+00:00,308.3,309.2,307.2,307.3,372608.0,present
1437,2025-02-05 06:00:00+00:00,307.5,309.5,306.0,308.5,1414374.0,present
1438,2025-02-05 08:00:00+00:00,308.6,309.3,299.6,305.3,3643454.0,present
1439,2025-02-05 10:00:00+00:00,305.3,307.0,304.1,305.2,1309866.0,present
1440,2025-02-05 12:00:00+00:00,305.2,307.0,301.7,304.1,910157.0,present
1441,2025-02-05 14:00:00+00:00,304.1,313.7,304.0,311.3743727994025,2584014.0,present
1442,2025-02-05 16:00:00+00:00,313.6,319.0,313.1,315.7,2857325.0,present
1443,2025-02-05 18:00:00+00:00,315.7,318.2,314.6,317.0,755636.0,present
1444,2025-02-05 20:00:00+00:00,317.0,317.4,315.8,316.0,138769.0,present
1445,2025-02-05 22:00:00+00:00,317.2,317.46666666666664,316.40000000000003,316.53333333333336,92850.0,interpolated
1446,2025-02-06 00:00:00+00:00,317.40000000000003,317.53333333333336,317.0,317.06666666666666,46931.0,interpolated
1447,2025-02-06 02:00:00+00:00,317.6,317.6,317.6,317.6,1012.0,present
1448,2025-02-06 04:00:00+00:00,316.8,319.2,316.1,318.0,523479.0,present
1449,2025-02-06 06:00:00+00:00,318.0,319.6,314.6,316.3,1473296.0,present
1450,2025-02-06 08:00:00+00:00,316.2,317.6,313.5,313.7,1130267.0,present
1451,2025-02-06 10:00:00+00:00,313.7,315.6,312.1,313.7,929221.0,present
1452,2025-02-06 12:00:00+00:00,313.7,316.7,312.4,313.7,736551.0,present
1453,2025-02-06 14:00:00+00:00,313.7,316.5,313.6,314.7,601067.0,present
1454,2025-02-06 16:00:00+00:00,314.7,315.6,313.7,314.6,166704.0,present
1455,2025-02-06 18:00:00+00:00,314.6,314.6,312.6,313.3,158674.0,present
1456,2025-02-06 20:00:00+00:00,313.1,313.4,312.0,312.0,132899.0,present
1457,2025-02-06 22:00:00+00:00,312.73333333333335,312.93333333333334,312.0,312.0,88995.0,interpolated
1458,2025-02-07 00:00:00+00:00,312.3666666666667,312.46666666666664,312.0,312.0,45091.0,interpolated
1459,2025-02-07 02:00:00+00:00,312.0,312.0,312.0,312.0,1187.0,present
1460,2025-02-07 04:00:00+00:00,312.8,315.9,312.0,315.4,212902.0,present
1461,2025-02-07 06:00:00+00:00,315.4,316.0,310.5,312.4,762895.0,present
1462,2025-02-07 08:00:00+00:00,312.4,313.0,305.7,307.6,2043966.0,present
1463,2025-02-07 10:00:00+00:00,307.6,310.0,307.1,308.6,635779.0,present
1464,2025-02-07 12:00:00+00:00,308.6,309.5,307.7,307.7,320702.0,present
1465,2025-02-07 14:00:00+00:00,307.9,308.2,302.6,303.6,1197330.0,present
1466,2025-02-07 16:00:00+00:00,304.0,304.0,298.2,302.8,1601902.0,present
1467,2025-02-07 18:00:00+00:00,302.8,303.7,301.9,302.4,289757.0,present
1468,2025-02-07 20:00:00+00:00,302.4,303.0,301.2,303.0,185427.0,present
1469,2025-02-07 22:00:00+00:00,302.4851851851852,303.06296296296296,301.3296296296296,303.06296296296296,178988.0,interpolated
1470,2025-02-08 00:00:00+00:00,302.57037037037037,303.1259259259259,301.4592592592592,303.1259259259259,172549.0,interpolated
1471,2025-02-08 02:00:00+00:00,302.6555555555555,303.18888888888887,301.5888888888889,303.18888888888887,166110.0,interpolated
1472,2025-02-08 04:00:00+00:00,302.7407407407407,303.2518518518518,301.7185185185185,303.2518518518518,159671.0,interpolated
1473,2025-02-08 06:00:00+00:00,302.8259259259259,303.31481481481484,301.84814814814814,303.31481481481484,153232.0,interpolated
1474,2025-02-08 08:00:00+00:00,302.9111111111111,303.3777777777778,301.97777777777776,303.3777777777778,146793.0,interpolated
1475,2025-02-08 10:00:00+00:00,302.9962962962963,303.44074074074075,302.1074074074074,303.44074074074075,140354.0,interpolated
1476,2025-02-08 12:00:00+00:00,303.0814814814815,303.5037037037037,302.237037037037,303.5037037037037,133915.0,interpolated
1477,2025-02-08 14:00:00+00:00,303.16666666666663,303.56666666666666,302.3666666666667,303.56666666666666,127476.0,interpolated
1478,2025-02-08 16:00:00+00:00,303.2518518518518,303.6296296296296,302.4962962962963,303.6296296296296,121037.0,interpolated
1479,2025-02-08 18:00:00+00:00,303.337037037037,303.6925925925926,302.6259259259259,303.6925925925926,114598.0,interpolated
1480,2025-02-08 20:00:00+00:00,303.4222222222222,303.75555555555553,302.75555555555553,303.75555555555553,108159.0,interpolated
1481,2025-02-08 22:00:00+00:00,303.5074074074074,303.8185185185185,302.88518518518515,303.8185185185185,101720.0,interpolated
1482,2025-02-09 00:00:00+00:00,303.59259259259255,303.8814814814815,303.0148148148148,303.8814814814815,95281.0,interpolated
1483,2025-02-09 02:00:00+00:00,303.67777777777775,303.94444444444446,303.14444444444445,303.94444444444446,88842.0,interpolated
1484,2025-02-09 04:00:00+00:00,303.76296296296294,304.0074074074074,303.27407407407406,304.0074074074074,82403.0,interpolated
1485,2025-02-09 06:00:00+00:00,303.84814814814814,304.07037037037037,303.4037037037037,304.07037037037037,75964.0,interpolated
1486,2025-02-09 08:00:00+00:00,303.93333333333334,304.1333333333333,303.5333333333333,304.1333333333333,69525.0,interpolated
1487,2025-02-09 10:00:00+00:00,304.0185185185185,304.1962962962963,303.662962962963,304.1962962962963,63086.0,interpolated
1488,2025-02-09 12:00:00+00:00,304.1037037037037,304.25925925925924,303.7925925925926,304.25925925925924,56647.0,interpolated
1489,2025-02-09 14:00:00+00:00,304.18888888888887,304.3222222222222,303.9222222222222,304.3222222222222,50208.0,interpolated
1490,2025-02-09 16:00:00+00:00,304.27407407407406,304.38518518518515,304.05185185185184,304.38518518518515,43769.0,interpolated
1491,2025-02-09 18:00:00+00:00,304.35925925925926,304.44814814814816,304.18148148148146,304.44814814814816,37330.0,interpolated
1492,2025-02-09 20:00:00+00:00,304.44444444444446,304.5111111111111,304.3111111111111,304.5111111111111,30891.0,interpolated
1493,2025-02-09 22:00:00+00:00,304.5296296296296,304.5740740740741,304.44074074074075,304.5740740740741,24452.0,interpolated
1494,2025-02-10 00:00:00+00:00,304.6148148148148,304.63703703703703,304.57037037037037,304.63703703703703,18013.0,interpolated
1495,2025-02-10 02:00:00+00:00,304.7,304.7,304.7,304.7,11574.0,present
1496,2025-02-10 04:00:00+00:00,304.8,309.0,304.8,308.3,593462.0,present
1497,2025-02-10 06:00:00+00:00,308.1,308.6,304.1,305.0,1443698.0,present
1498,2025-02-10 08:00:00+00:00,305.0,306.2,303.3,305.5,671891.0,present
1499,2025-02-10 10:00:00+00:00,305.4,311.4,305.3,311.3,2032436.0,present
1500,2025-02-10 12:00:00+00:00,311.2,314.1,308.6,312.8,1612944.0,present
1501,2025-02-10 14:00:00+00:00,312.8,313.8,307.8,311.6,1439711.0,present
1502,2025-02-10 16:00:00+00:00,311.8,313.0,311.4,312.0,346615.0,present
1503,2025-02-10 18:00:00+00:00,312.1,313.3,304.4,306.1,1346145.0,present
1504,2025-02-10 20:00:00+00:00,306.1,309.0,304.1,307.7,1112212.0,present
1505,2025-02-10 22:00:00+00:00,306.56666666666666,308.5,305.23333333333335,307.6333333333333,742019.3333333333,interpolated
1506,2025-02-11 00:00:00+00:00,307.03333333333336,308.0,306.3666666666667,307.56666666666666,371826.6666666666,interpolated
1507,2025-02-11 02:00:00+00:00,307.5,307.5,307.5,307.5,1634.0,present
1508,2025-02-11 04:00:00+00:00,307.2,308.9,304.6,307.5,526563.0,present
1509,2025-02-11 06:00:00+00:00,307.3,311.5,305.1,310.8,1193004.0,present
1510,2025-02-11 08:00:00+00:00,310.8,312.5,306.9,312.2,1395860.0,present
1511,2025-02-11 10:00:00+00:00,312.4,315.7,311.9,313.6,1748898.0,present
1512,2025-02-11 12:00:00+00:00,313.7,315.8,312.9,313.6,793812.0,present
1513,2025-02-11 14:00:00+00:00,313.6,315.2,313.6,314.5,337319.0,present
1514,2025-02-11 16:00:00+00:00,314.6,316.3,314.4,315.1,578859.0,present
1515,2025-02-11 18:00:00+00:00,315.0,318.1,314.1,317.5,506358.0,present
1516,2025-02-11 20:00:00+00:00,317.5,318.0,316.4,317.4,211223.0,present
1517,2025-02-11 22:00:00+00:00,317.53333333333336,317.8666666666667,316.8,317.46666666666664,141900.6666666667,interpolated
1518,2025-02-12 00:00:00+00:00,317.56666666666666,317.73333333333335,317.2,317.53333333333336,72578.33333333334,interpolated
1519,2025-02-12 02:00:00+00:00,317.6,317.6,317.6,317.6,3256.0,present
1520,2025-02-12 04:00:00+00:00,317.6,318.7,315.3,318.4,426991.0,present
1521,2025-02-12 06:00:00+00:00,318.4,320.3,315.6,317.1,1596639.0,present
1522,2025-02-12 08:00:00+00:00,317.1,319.3,316.2,317.2,1015760.0,present
1523,2025-02-12 10:00:00+00:00,317.4,318.8,312.6,313.9,1109528.0,present
1524,2025-02-12 12:00:00+00:00,313.8,315.9,312.6,314.7,642294.0,present
1525,2025-02-12 14:00:00+00:00,314.9,315.0,312.3,314.0,580177.0,present
1526,2025-02-12 16:00:00+00:00,312.0,323.4,311.0,320.7,3397334.0,present
1527,2025-02-12 18:00:00+00:00,320.7,334.5,320.7,328.3714612192318,4809811.0,present
1528,2025-02-12 20:00:00+00:00,330.9,333.4,326.0,329.0,932813.0,present
1529,2025-02-12 22:00:00+00:00,331.4,333.06666666666666,328.1333333333333,330.1333333333333,623611.3333333334,interpolated
1530,2025-02-13 00:00:00+00:00,331.9,332.7333333333333,330.26666666666665,331.26666666666665,314409.66666666674,interpolated
1531,2025-02-13 02:00:00+00:00,332.4,332.4,332.4,332.4,5208.0,present
1532,2025-02-13 04:00:00+00:00,332.4,345.2,332.1,338.2,3367535.0,present
1533,2025-02-13 06:00:00+00:00,338.4,340.4,326.1,330.2989230467503,3465354.0,present
1534,2025-02-13 08:00:00+00:00,329.3,331.3,324.1,326.7,1547295.0,present
1535,2025-02-13 10:00:00+00:00,326.6,328.4,321.0,324.2,1211937.0,present
1536,2025-02-13 12:00:00+00:00,324.1,327.8,323.6,324.7,576415.0,present
1537,2025-02-13 14:00:00+00:00,325.0,325.8,320.4,323.2,837180.0,present
1538,2025-02-13 16:00:00+00:00,323.2,326.3,322.3,325.8,287338.0,present
1539,2025-02-13 18:00:00+00:00,327.1666666666667,330.25,322.83333333333337,326.4166666666667,425796.3333333334,interpolated
1540,2025-02-13 20:00:00+00:00,331.1333333333333,334.2,323.36666666666673,327.03333333333336,564254.6666666667,interpolated
1541,2025-02-13 22:00:00+00:00,335.1,338.15,323.9000000000001,327.65,702713.0,interpolated
1542,2025-02-14 00:00:00+00:00,339.06666666666666,342.1,324.4333333333334,328.26666666666665,841171.3333333334,interpolated
1543,2025-02-14 02:00:00+00:00,343.0333333333333,346.05,324.96666666666675,328.8833333333333,979629.6666666667,interpolated
1544,2025-02-14 04:00:00+00:00,347.0,350.0,325.5000000000001,329.5,1118088.0,present
1545,2025-02-14 06:00:00+00:00,329.6,335.5,329.1,332.7,1663900.0,present
1546,2025-02-14 08:00:00+00:00,332.6,334.0,329.1,332.6,1191066.0,present
1547,2025-02-14 10:00:00+00:00,332.6,336.5,321.4,324.82975105070716,3471919.0,present
1548,2025-02-14 12:00:00+00:00,323.0,325.4,315.3,317.0,1479908.0,present
1549,2025-02-14 14:00:00+00:00,317.0,319.9,316.3,319.9,473574.0,present
1550,2025-02-14 16:00:00+00:00,320.0,322.0,318.4,318.9,266618.0,present
1551,2025-02-14 18:00:00+00:00,318.8,321.9,318.7,319.4,198248.0,present
1552,2025-02-14 20:00:00+00:00,319.4,320.0,318.5,319.0,95849.0,present
1553,2025-02-14 22:00:00+00:00,319.55555555555554,320.1333333333333,318.68888888888887,319.1703703703704,92406.29629629629,interpolated
1554,2025-02-15 00:00:00+00:00,319.7111111111111,320.26666666666665,318.8777777777778,319.3407407407407,88963.5925925926,interpolated
1555,2025-02-15 02:00:00+00:00,319.8666666666667,320.4,319.06666666666666,319.5111111111111,85520.88888888889,interpolated
1556,2025-02-15 04:00:00+00:00,320.0222222222222,320.53333333333336,319.25555555555553,319.6814814814815,82078.18518518518,interpolated
1557,2025-02-15 06:00:00+00:00,320.17777777777775,320.6666666666667,319.44444444444446,319.85185185185185,78635.48148148149,interpolated
1558,2025-02-15 08:00:00+00:00,320.3333333333333,320.8,319.6333333333333,320.02222222222224,75192.77777777778,interpolated
1559,2025-02-15 10:00:00+00:00,320.4888888888889,320.93333333333334,319.82222222222225,320.1925925925926,71750.07407407407,interpolated
1560,2025-02-15 12:00:00+00:00,320.64444444444445,321.06666666666666,320.0111111111111,320.36296296296297,68307.37037037036,interpolated
1561,2025-02-15 14:00:00+00:00,320.8,321.2,320.2,320.53333333333336,64864.66666666667,interpolated
1562,2025-02-15 16:00:00+00:00,320.9555555555556,321.3333333333333,320.3888888888889,320.7037037037037,61421.96296296296,interpolated
1563,2025-02-15 18:00:00+00:00,321.1111111111111,321.4666666666667,320.5777777777778,320.8740740740741,57979.25925925926,interpolated
1564,2025-02-15 20:00:00+00:00,321.26666666666665,321.6,320.76666666666665,321.0444444444445,54536.555555555555,interpolated
1565,2025-02-15 22:00:00+00:00,321.4222222222222,321.73333333333335,320.9555555555556,321.2148148148148,51093.851851851854,interpolated
1566,2025-02-16 00:00:00+00:00,321.5777777777778,321.8666666666667,321.14444444444445,321.3851851851852,47651.148148148146,interpolated
1567,2025-02-16 02:00:00+00:00,321.73333333333335,322.0,321.33333333333337,321.55555555555554,44208.444444444445,interpolated
1568,2025-02-16 04:00:00+00:00,321.8888888888889,322.1333333333333,321.52222222222224,321.72592592592594,40765.740740740745,interpolated
1569,2025-02-16 06:00:00+00:00,322.0444444444444,322.2666666666667,321.7111111111111,321.8962962962963,37323.03703703704,interpolated
1570,2025-02-16 08:00:00+00:00,322.2,322.40000000000003,321.90000000000003,322.06666666666666,33880.333333333336,interpolated
1571,2025-02-16 10:00:00+00:00,322.35555555555555,322.53333333333336,322.0888888888889,322.23703703703706,30437.629629629628,interpolated
1572,2025-02-16 12:00:00+00:00,322.5111111111111,322.6666666666667,322.27777777777777,322.40740740740745,26994.925925925927,interpolated
1573,2025-02-16 14:00:00+00:00,322.6666666666667,322.8,322.4666666666667,322.5777777777778,23552.22222222222,interpolated
1574,2025-02-16 16:00:00+00:00,322.82222222222225,322.93333333333334,322.65555555555557,322.7481481481482,20109.518518518526,interpolated
1575,2025-02-16 18:00:00+00:00,322.9777777777778,323.06666666666666,322.8444444444445,322.9185185185185,16666.814814814818,interpolated
1576,2025-02-16 20:00:00+00:00,323.1333333333333,323.20000000000005,323.03333333333336,323.0888888888889,13224.11111111111,interpolated
1577,2025-02-16 22:00:00+00:00,323.2888888888889,323.33333333333337,323.22222222222223,323.2592592592593,9781.407407407416,interpolated
1578,2025-02-17 00:00:00+00:00,323.44444444444446,323.4666666666667,323.41111111111115,323.42962962962963,6338.703703703708,interpolated
1579,2025-02-17 02:00:00+00:00,323.6,323.6,323.6,323.6,2896.0,present
1580,2025-02-17 04:00:00+00:00,323.6,327.7,323.0,325.5,502792.0,present
1581,2025-02-17 06:00:00+00:00,325.2,326.2,322.0,325.2,943836.0,present
1582,2025-02-17 08:00:00+00:00,325.2,328.9,323.6,328.1,1203420.0,present
1583,2025-02-17 10:00:00+00:00,328.1,329.0,326.0,326.7,793488.0,present
1584,2025-02-17 12:00:00+00:00,326.7,329.9,326.5,329.3,637808.0,present
1585,2025-02-17 14:00:00+00:00,329.3,330.5,328.1,329.1,837980.0,present
1586,2025-02-17 16:00:00+00:00,329.4,330.9,326.5,328.4,681475.0,present
1587,2025-02-17 18:00:00+00:00,328.4,332.1,327.6,330.4,696752.0,present
1588,2025-02-17 20:00:00+00:00,330.4,335.1,329.7,334.2,524969.0,present
1589,2025-02-17 22:00:00+00:00,332.2333333333333,335.3666666666667,331.76666666666665,334.76666666666665,351204.0,interpolated
1590,2025-02-18 00:00:00+00:00,334.06666666666666,335.6333333333333,333.8333333333333,335.3333333333333,177439.0,interpolated
1591,2025-02-18 02:00:00+00:00,335.9,335.9,335.9,335.9,3674.0,present
1592,2025-02-18 04:00:00+00:00,335.8,337.5,328.5,330.5,838698.0,present
1593,2025-02-18 06:00:00+00:00,330.5,331.6,326.4,328.4,1144085.0,present
1594,2025-02-18 08:00:00+00:00,328.4,328.7,323.3,326.8,1122087.0,present
1595,2025-02-18 10:00:00+00:00,326.9,330.0,325.9,329.2,590655.0,present
1596,2025-02-18 12:00:00+00:00,329.2,330.8,322.8,323.3,1442039.0,present
1597,2025-02-18 14:00:00+00:00,323.1,324.5,321.9,322.7,328582.0,present
1598,2025-02-18 16:00:00+00:00,322.9,324.7,322.6,323.7,159571.0,present
1599,2025-02-18 18:00:00+00:00,323.5,323.6,319.3,322.1,456874.0,present
1600,2025-02-18 20:00:00+00:00,322.4,323.0,322.4,322.4,28590.0,present
1601,2025-02-18 22:00:00+00:00,322.56666666666666,322.96666666666664,322.56666666666666,322.56666666666666,19807.333333333336,interpolated
1602,2025-02-19 00:00:00+00:00,322.7333333333333,322.93333333333334,322.7333333333333,322.7333333333333,11024.666666666668,interpolated
1603,2025-02-19 02:00:00+00:00,322.9,322.9,322.9,322.9,2242.0,present
1604,2025-02-19 04:00:00+00:00,322.9,324.5,321.2,324.0,189297.0,present
1605,2025-02-19 06:00:00+00:00,324.0,326.8,323.2,323.2,377143.0,present
1606,2025-02-19 08:00:00+00:00,323.3,323.8,316.1,318.1,1353081.0,present
1607,2025-02-19 10:00:00+00:00,318.2,323.8,317.2,322.4,571246.0,present
1608,2025-02-19 12:00:00+00:00,322.4,324.5,320.1,323.4,471503.0,present
1609,2025-02-19 14:00:00+00:00,323.4,327.3,320.5,324.0,796482.0,present
1610,2025-02-19 16:00:00+00:00,325.0,329.4,325.0,328.0,634656.0,present
1611,2025-02-19 18:00:00+00:00,328.0,330.0,327.2,327.9,242485.0,present
1612,2025-02-19 20:00:00+00:00,327.8,328.1,327.2,327.4,45833.0,present
1613,2025-02-19 22:00:00+00:00,327.73333333333335,327.93333333333334,327.3333333333333,327.46666666666664,30570.0,interpolated
1614,2025-02-20 00:00:00+00:00,327.6666666666667,327.7666666666667,327.4666666666667,327.53333333333336,15307.0,interpolated
1615,2025-02-20 02:00:00+00:00,327.6,327.6,327.6,327.6,44.0,present
1616,2025-02-20 04:00:00+00:00,327.6,329.0,325.5,327.8,122679.0,present
1617,2025-02-20 06:00:00+00:00,327.6,329.9,325.4,326.3,517228.0,present
1618,2025-02-20 08:00:00+00:00,326.3,332.7,325.7,332.7,861620.0,present
1619,2025-02-20 10:00:00+00:00,332.6,334.6,330.8,333.8,1116553.0,present
1620,2025-02-20 12:00:00+00:00,333.7,335.8,332.8,334.8,663827.0,present
1621,2025-02-20 14:00:00+00:00,334.5,335.3,327.1,329.3,727151.0,present
1622,2025-02-20 16:00:00+00:00,329.4,330.4,325.8,327.7,429049.0,present
1623,2025-02-20 18:00:00+00:00,327.7,332.2,327.0,330.5,377575.0,present
1624,2025-02-20 20:00:00+00:00,330.6,330.8,329.5,330.0,61348.0,present
1625,2025-02-20 22:00:00+00:00,330.40000000000003,330.53333333333336,329.6666666666667,330.0,40928.666666666664,interpolated
1626,2025-02-21 00:00:00+00:00,330.2,330.26666666666665,329.8333333333333,330.0,20509.33333333333,interpolated
1627,2025-02-21 02:00:00+00:00,330.0,330.0,330.0,330.0,90.0,present
1628,2025-02-21 04:00:00+00:00,330.1,330.8,328.0,330.3,97770.0,present
1629,2025-02-21 06:00:00+00:00,330.3,333.0,329.7,331.3,425417.0,present
1630,2025-02-21 08:00:00+00:00,331.3,332.2,328.4,329.0,460440.0,present
1631,2025-02-21 10:00:00+00:00,329.0,329.9,325.0,327.2,770575.0,present
1632,2025-02-21 12:00:00+00:00,327.3,329.5,326.5,328.1,280460.0,present
1633,2025-02-21 14:00:00+00:00,328.1,329.8,328.0,329.5,137048.0,present
1634,2025-02-21 16:00:00+00:00,329.3,330.0,327.2,328.7,213362.0,present
1635,2025-02-21 18:00:00+00:00,328.8,330.0,328.4,330.0,131497.0,present
1636,2025-02-21 20:00:00+00:00,329.9,330.0,329.5,329.6,64809.0,present
1637,2025-02-21 22:00:00+00:00,329.88888888888886,329.9851851851852,329.5037037037037,329.6,62439.59259259259,interpolated
1638,2025-02-22 00:00:00+00:00,329.87777777777774,329.97037037037035,329.5074074074074,329.6,60070.18518518518,interpolated
1639,2025-02-22 02:00:00+00:00,329.8666666666667,329.9555555555556,329.5111111111111,329.6,57700.77777777778,interpolated
1640,2025-02-22 04:00:00+00:00,329.85555555555555,329.94074074074075,329.5148148148148,329.6,55331.37037037037,interpolated
1641,2025-02-22 06:00:00+00:00,329.84444444444443,329.9259259259259,329.51851851851853,329.6,52961.96296296296,interpolated
1642,2025-02-22 08:00:00+00:00,329.8333333333333,329.9111111111111,329.52222222222224,329.6,50592.555555555555,interpolated
1643,2025-02-22 10:00:00+00:00,329.8222222222222,329.8962962962963,329.52592592592595,329.6,48223.148148148146,interpolated
1644,2025-02-22 12:00:00+00:00,329.8111111111111,329.8814814814815,329.52962962962965,329.6,45853.740740740745,interpolated
1645,2025-02-22 14:00:00+00:00,329.8,329.8666666666667,329.53333333333336,329.6,43484.33333333333,interpolated
1646,2025-02-22 16:00:00+00:00,329.7888888888889,329.85185185185185,329.53703703703707,329.6,41114.92592592593,interpolated
1647,2025-02-22 18:00:00+00:00,329.77777777777777,329.837037037037,329.5407407407408,329.6,38745.51851851852,interpolated
1648,2025-02-22 20:00:00+00:00,329.76666666666665,329.82222222222225,329.5444444444445,329.6,36376.11111111111,interpolated
1649,2025-02-22 22:00:00+00:00,329.75555555555553,329.8074074074074,329.5481481481482,329.6,34006.70370370371,interpolated
1650,2025-02-23 00:00:00+00:00,329.74444444444447,329.7925925925926,329.55185185185184,329.6,31637.2962962963,interpolated
1651,2025-02-23 02:00:00+00:00,329.73333333333335,329.77777777777777,329.55555555555554,329.6,29267.88888888889,interpolated
1652,2025-02-23 04:00:00+00:00,329.72222222222223,329.762962962963,329.55925925925925,329.6,26898.48148148148,interpolated
1653,2025-02-23 06:00:00+00:00,329.7111111111111,329.7481481481482,329.56296296296296,329.6,24529.074074074073,interpolated
1654,2025-02-23 08:00:00+00:00,329.7,329.73333333333335,329.56666666666666,329.6,22159.666666666664,interpolated
1655,2025-02-23 10:00:00+00:00,329.6888888888889,329.7185185185185,329.57037037037037,329.6,19790.259259259263,interpolated
1656,2025-02-23 12:00:00+00:00,329.6777777777778,329.7037037037037,329.5740740740741,329.6,17420.851851851854,interpolated
1657,2025-02-23 14:00:00+00:00,329.6666666666667,329.6888888888889,329.5777777777778,329.6,15051.444444444445,interpolated
1658,2025-02-23 16:00:00+00:00,329.65555555555557,329.6740740740741,329.5814814814815,329.6,12682.037037037036,interpolated
1659,2025-02-23 18:00:00+00:00,329.64444444444445,329.6592592592593,329.5851851851852,329.6,10312.629629629628,interpolated
1660,2025-02-23 20:00:00+00:00,329.6333333333333,329.64444444444445,329.5888888888889,329.6,7943.222222222226,interpolated
1661,2025-02-23 22:00:00+00:00,329.62222222222226,329.6296296296297,329.5925925925926,329.6,5573.8148148148175,interpolated
1662,2025-02-24 00:00:00+00:00,329.61111111111114,329.61481481481485,329.5962962962963,329.6,3204.4074074074088,interpolated
1663,2025-02-24 02:00:00+00:00,329.6,329.6,329.6,329.6,835.0,present
1664,2025-02-24 04:00:00+00:00,329.6,335.2,329.5,333.0,310959.0,present
1665,2025-02-24 06:00:00+00:00,333.1,339.1,333.0,334.9,1471180.0,present
1666,2025-02-24 08:00:00+00:00,334.7,337.6,334.4,336.3,559520.0,present
1667,2025-02-24 10:00:00+00:00,336.3,339.8,335.6,336.8,712353.0,present
1668,2025-02-24 12:00:00+00:00,336.8,337.7,332.0,334.6,913528.0,present
1669,2025-02-24 14:00:00+00:00,334.7,336.9,334.3,336.7,321905.0,present
1670,2025-02-24 16:00:00+00:00,336.7,340.5,335.1,339.1,663926.0,present
1671,2025-02-24 18:00:00+00:00,339.1,340.8,338.4,340.4,627687.0,present
1672,2025-02-24 20:00:00+00:00,340.4,340.4,338.8,340.2,175645.0,present
1673,2025-02-24 22:00:00+00:00,340.4,340.4,339.3333333333333,340.26666666666665,118423.66666666666,interpolated
1674,2025-02-25 00:00:00+00:00,340.4,340.4,339.8666666666667,340.3333333333333,61202.33333333333,interpolated
1675,2025-02-25 02:00:00+00:00,340.4,340.4,340.4,340.4,3981.0,present
1676,2025-02-25 04:00:00+00:00,340.5,342.0,337.0,341.9,454553.0,present
1677,2025-02-25 06:00:00+00:00,341.9,343.9,336.7,340.3,1353072.0,present
1678,2025-02-25 08:00:00+00:00,340.3,342.8,340.0,340.9,614945.0,present
1679,2025-02-25 10:00:00+00:00,340.9,341.8,338.4,340.9,372107.0,present
1680,2025-02-25 12:00:00+00:00,340.9,344.6,339.8,343.5,587155.0,present
1681,2025-02-25 14:00:00+00:00,343.4,346.3,341.8,342.7,961955.0,present
1682,2025-02-25 16:00:00+00:00,343.0,347.0,341.0,344.3,709689.0,present
1683,2025-02-25 18:00:00+00:00,344.4,356.4,344.3,352.53599656308546,2143345.0,present
1684,2025-02-25 20:00:00+00:00,354.4,354.6,352.5,353.1,276658.0,present
1685,2025-02-25 22:00:00+00:00,353.96666666666664,354.1,352.7,353.1,184653.33333333334,interpolated
1686,2025-02-26 00:00:00+00:00,353.53333333333336,353.6,352.90000000000003,353.1,92648.66666666669,interpolated
1687,2025-02-26 02:00:00+00:00,353.1,353.1,353.1,353.1,644.0,present
1688,2025-02-26 04:00:00+00:00,353.1,358.8,353.0,353.4,1030847.0,present
1689,2025-02-26 06:00:00+00:00,353.5,355.6,348.1,352.2,1738924.0,present
1690,2025-02-26 08:00:00+00:00,352.3,353.6,344.1,345.8,1431574.0,present
1691,2025-02-26 10:00:00+00:00,345.9,346.8,334.5,340.0,3801286.0,present
1692,2025-02-26 12:00:00+00:00,340.1,342.0,336.0,340.7,1452481.0,present
1693,2025-02-26 14:00:00+00:00,340.6,342.4,338.1,339.7,580565.0,present
1694,2025-02-26 16:00:00+00:00,337.4,339.4,332.9,336.8,1825322.0,present
1695,2025-02-26 18:00:00+00:00,336.8,337.9,333.1,335.2,469552.0,present
1696,2025-02-26 20:00:00+00:00,335.1,336.9,334.8,334.9,119246.0,present
1697,2025-02-26 22:00:00+00:00,335.6,336.8,335.40000000000003,335.46666666666664,79868.0,interpolated
1698,2025-02-27 00:00:00+00:00,336.1,336.7,336.0,336.03333333333336,40490.0,interpolated
1699,2025-02-27 02:00:00+00:00,336.6,336.6,336.6,336.6,1112.0,present
1700,2025-02-27 04:00:00+00:00,336.6,336.6,328.4,330.5,606599.0,present
1701,2025-02-27 06:00:00+00:00,330.6,337.7,330.6,334.0,915776.0,present
1702,2025-02-27 08:00:00+00:00,334.1,335.9,330.1,330.8,656897.0,present
1703,2025-02-27 10:00:00+00:00,330.8,335.0,330.0,331.6,414132.0,present
1704,2025-02-27 12:00:00+00:00,331.6,339.9,331.6,335.9,827954.0,present
1705,2025-02-27 14:00:00+00:00,335.9,339.3,335.0,339.0,315205.0,present
1706,2025-02-27 16:00:00+00:00,339.0,339.0,332.0,332.6,516680.0,present
1707,2025-02-27 18:00:00+00:00,332.6,335.1,331.6,332.2,243077.0,present
1708,2025-02-27 20:00:00+00:00,332.3,332.3,329.2,330.8,174072.0,present
1709,2025-02-27 22:00:00+00:00,331.56666666666666,331.56666666666666,329.5,330.56666666666666,116116.33333333334,interpolated
1710,2025-02-28 00:00:00+00:00,330.83333333333337,330.83333333333337,329.8,330.33333333333337,58160.66666666667,interpolated
1711,2025-02-28 02:00:00+00:00,330.1,330.1,330.1,330.1,205.0,present
1712,2025-02-28 04:00:00+00:00,330.0,333.6,327.2,330.0,348946.0,present
1713,2025-02-28 06:00:00+00:00,330.0,333.3,325.6,327.6,977818.0,present
1714,2025-02-28 08:00:00+00:00,327.7,328.8,322.8,323.7,1020139.0,present
1715,2025-02-28 10:00:00+00:00,323.8,328.0,323.4,326.3,479753.0,present
1716,2025-02-28 12:00:00+00:00,326.3,327.1,324.1,325.6,381410.0,present
1717,2025-02-28 14:00:00+00:00,325.6,328.4,324.4,327.4,433902.0,present
1718,2025-02-28 16:00:00+00:00,327.8,335.0,326.6,332.7,1043951.0,present
1719,2025-02-28 18:00:00+00:00,332.6,336.0,328.0,332.1,1339798.0,present
1720,2025-02-28 20:00:00+00:00,332.1,334.7,331.8,333.6,233144.0,present
1721,2025-02-28 22:00:00+00:00,332.3571428571429,334.7285714285714,332.0571428571429,333.75714285714287,203096.85714285716,interpolated
1722,2025-03-01 00:00:00+00:00,332.6142857142857,334.75714285714287,332.31428571428575,333.9142857142857,173049.7142857143,interpolated
1723,2025-03-01 02:00:00+00:00,332.87142857142857,334.7857142857143,332.5714285714286,334.07142857142856,143002.57142857142,interpolated
1724,2025-03-01 04:00:00+00:00,333.12857142857143,334.8142857142857,332.8285714285714,334.22857142857146,112955.42857142858,interpolated
1725,2025-03-01 06:00:00+00:00,333.3857142857143,334.8428571428571,333.0857142857143,334.3857142857143,82908.28571428571,interpolated
1726,2025-03-01 08:00:00+00:00,333.6428571428571,334.87142857142857,333.34285714285716,334.54285714285714,52861.14285714287,interpolated
1727,2025-03-01 10:00:00+00:00,333.9,334.9,333.6,334.7,22814.0,present
1728,2025-03-01 12:00:00+00:00,334.9,335.4,334.0,335.1,22325.0,present
1729,2025-03-01 14:00:00+00:00,335.1,335.5,334.0,334.9,35096.0,present
1730,2025-03-01 16:00:00+00:00,335.0375,335.65,333.95,334.8125,33284.375,interpolated
1731,2025-03-01 18:00:00+00:00,334.975,335.8,333.9,334.72499999999997,31472.75,interpolated
1732,2025-03-01 20:00:00+00:00,334.9125,335.95,333.85,334.6375,29661.125,interpolated
1733,2025-03-01 22:00:00+00:00,334.85,336.1,333.8,334.54999999999995,27849.5,interpolated
1734,2025-03-02 00:00:00+00:00,334.7875,336.25,333.75,334.4625,26037.875,interpolated
1735,2025-03-02 02:00:00+00:00,334.725,336.4,333.70000000000005,334.375,24226.25,interpolated
1736,2025-03-02 04:00:00+00:00,334.6625,336.55,333.65000000000003,334.28749999999997,22414.625,interpolated
1737,2025-03-02 06:00:00+00:00,334.6,336.7,333.6,334.2,20603.0,present
1738,2025-03-02 08:00:00+00:00,334.2,335.4,333.6,334.9,35133.0,present
1739,2025-03-02 10:00:00+00:00,334.6,335.0,334.1,334.4,13526.0,present
1740,2025-03-02 12:00:00+00:00,334.4,335.0,334.3,334.7,10000.0,present
1741,2025-03-02 14:00:00+00:00,334.6,334.7,333.5,333.5,17753.0,present
1742,2025-03-02 16:00:00+00:00,334.1666666666667,334.25,333.25,333.25,14848.0,interpolated
1743,2025-03-02 18:00:00+00:00,333.73333333333335,333.8,333.0,333.0,11943.0,interpolated
1744,2025-03-02 20:00:00+00:00,333.3,333.35,332.75,332.75,9038.0,interpolated
1745,2025-03-02 22:00:00+00:00,332.8666666666667,332.9,332.5,332.5,6133.0,interpolated
1746,2025-03-03 00:00:00+00:00,332.43333333333334,332.45,332.25,332.25,3228.0,interpolated
1747,2025-03-03 02:00:00+00:00,332.0,332.0,332.0,332.0,323.0,present
1748,2025-03-03 04:00:00+00:00,333.0,333.0,320.4,326.9,548129.0,present
1749,2025-03-03 06:00:00+00:00,326.9,327.3,321.7,323.5,794634.0,present
1750,2025-03-03 08:00:00+00:00,323.4,324.9,320.3,322.9,687787.0,present
1751,2025-03-03 10:00:00+00:00,322.8,325.4,321.6,324.7,366710.0,present
1752,2025-03-03 12:00:00+00:00,324.6,327.5,322.5,326.4,269585.0,present
1753,2025-03-03 14:00:00+00:00,326.4,326.6,321.4,321.4,300131.0,present
1754,2025-03-03 16:00:00+00:00,321.4,324.5,320.6,324.2,277074.0,present
1755,2025-03-03 18:00:00+00:00,324.2,326.4,320.3,325.2,472084.0,present
1756,2025-03-03 20:00:00+00:00,325.4,325.4,320.3,321.2,174979.0,present
1757,2025-03-03 22:00:00+00:00,324.0,324.0,320.6,321.2,118852.0,interpolated
1758,2025-03-04 00:00:00+00:00,322.59999999999997,322.59999999999997,320.9,321.2,62725.0,interpolated
1759,2025-03-04 02:00:00+00:00,321.2,321.2,321.2,321.2,6598.0,present
1760,2025-03-04 04:00:00+00:00,321.5,326.7,321.1,325.6,403219.0,present
1761,2025-03-04 06:00:00+00:00,325.5,329.0,323.7,327.2,907179.0,present
1762,2025-03-04 08:00:00+00:00,327.2,329.6,325.4,327.0,578373.0,present
1763,2025-03-04 10:00:00+00:00,327.1,335.4,327.1,334.0,2435509.0,present
1764,2025-03-04 12:00:00+00:00,334.0,335.7,331.1,334.5,1053998.0,present
1765,2025-03-04 14:00:00+00:00,334.3,337.6,333.0,336.0,506318.0,present
1766,2025-03-04 16:00:00+00:00,336.3,339.4,335.0,337.1,961577.0,present
1767,2025-03-04 18:00:00+00:00,337.1,337.4,335.4,337.0,252428.0,present
1768,2025-03-04 20:00:00+00:00,336.9,337.4,336.5,336.8,94644.0,present
1769,2025-03-04 22:00:00+00:00,336.93333333333334,337.26666666666665,336.6666666666667,336.8666666666667,63259.66666666667,interpolated
1770,2025-03-05 00:00:00+00:00,336.96666666666664,337.1333333333333,336.8333333333333,336.93333333333334,31875.333333333336,interpolated
1771,2025-03-05 02:00:00+00:00,337.0,337.0,337.0,337.0,491.0,present
1772,2025-03-05 04:00:00+00:00,337.0,338.0,328.8,332.9,580850.0,present
1773,2025-03-05 06:00:00+00:00,332.9,335.9,332.3,332.9,508404.0,present
1774,2025-03-05 08:00:00+00:00,332.8,342.0,332.6,339.2,1389839.0,present
1775,2025-03-05 10:00:00+00:00,339.3,339.7,337.7,339.2,297216.0,present
1776,2025-03-05 12:00:00+00:00,339.3,340.4,338.1,340.2,350199.0,present
1777,2025-03-05 14:00:00+00:00,340.4,342.0,339.2,340.8,566592.0,present
1778,2025-03-05 16:00:00+00:00,342.1,343.3,337.1,337.5,593706.0,present
1779,2025-03-05 18:00:00+00:00,337.5,338.2,332.9,332.9,743679.0,present
1780,2025-03-05 20:00:00+00:00,332.9,334.3,331.6,333.4,188162.0,present
1781,2025-03-05 22:00:00+00:00,333.4,334.3333333333333,332.53333333333336,333.7333333333333,126058.0,interpolated
1782,2025-03-06 00:00:00+00:00,333.9,334.3666666666667,333.46666666666664,334.06666666666666,63954.0,interpolated
1783,2025-03-06 02:00:00+00:00,334.4,334.4,334.4,334.4,1850.0,present
1784,2025-03-06 04:00:00+00:00,333.4,337.0,332.4,336.5,222886.0,present
1785,2025-03-06 06:00:00+00:00,336.5,338.6,334.5,338.5,506755.0,present
1786,2025-03-06 08:00:00+00:00,338.3,338.7,333.6,335.3,506044.0,present
1787,2025-03-06 10:00:00+00:00,335.0,335.1,329.7,330.9,736261.0,present
1788,2025-03-06 12:00:00+00:00,330.9,335.0,329.6,334.9,439719.0,present
1789,2025-03-06 14:00:00+00:00,334.9,336.0,331.6,332.0,239161.0,present
1790,2025-03-06 16:00:00+00:00,333.1,333.8,331.2,333.0,136379.0,present
1791,2025-03-06 18:00:00+00:00,333.0,333.6,331.5,332.2,84060.0,present
1792,2025-03-06 20:00:00+00:00,332.3,332.5,331.1,332.1,52254.0,present
1793,2025-03-06 22:00:00+00:00,332.8666666666667,333.0,332.06666666666666,332.73333333333335,39019.333333333336,interpolated
1794,2025-03-07 00:00:00+00:00,333.43333333333334,333.5,333.03333333333336,333.3666666666667,25784.666666666668,interpolated
1795,2025-03-07 02:00:00+00:00,334.0,334.0,334.0,334.0,12550.0,present
1796,2025-03-07 04:00:00+00:00,333.9,335.6,332.2,335.0,114435.0,present
1797,2025-03-07 06:00:00+00:00,335.0,337.9,334.3,337.0,475621.0,present
1798,2025-03-07 08:00:00+00:00,337.1,338.2,335.3,335.3,333217.0,present
1799,2025-03-07 10:00:00+00:00,335.4,336.7,333.5,335.1,243940.0,present
1800,2025-03-07 12:00:00+00:00,335.1,335.9,334.6,335.6,105629.0,present
1801,2025-03-07 14:00:00+00:00,335.6,335.9,323.8,327.75966462001605,1119355.0,present
1802,2025-03-07 16:00:00+00:00,325.0,331.0,324.8,330.1,429842.0,present
1803,2025-03-07 18:00:00+00:00,330.2,330.5,328.6,329.8,80611.0,present
1804,2025-03-07 20:00:00+00:00,329.8,330.5,329.5,330.3,37601.0,present
1805,2025-03-07 22:00:00+00:00,329.82222222222225,330.4962962962963,329.53333333333336,330.3037037037037,36265.18518518518,interpolated
1806,2025-03-08 00:00:00+00:00,329.84444444444443,330.4925925925926,329.56666666666666,330.3074074074074,34929.37037037037,interpolated
1807,2025-03-08 02:00:00+00:00,329.8666666666667,330.4888888888889,329.6,330.31111111111113,33593.555555555555,interpolated
1808,2025-03-08 04:00:00+00:00,329.8888888888889,330.4851851851852,329.6333333333333,330.31481481481484,32257.74074074074,interpolated
1809,2025-03-08 06:00:00+00:00,329.9111111111111,330.48148148148147,329.6666666666667,330.31851851851854,30921.925925925927,interpolated
1810,2025-03-08 08:00:00+00:00,329.93333333333334,330.47777777777776,329.7,330.32222222222225,29586.11111111111,interpolated
1811,2025-03-08 10:00:00+00:00,329.9555555555556,330.47407407407405,329.73333333333335,330.3259259259259,28250.296296296296,interpolated
1812,2025-03-08 12:00:00+00:00,329.97777777777776,330.47037037037035,329.76666666666665,330.3296296296296,26914.48148148148,interpolated
1813,2025-03-08 14:00:00+00:00,330.0,330.46666666666664,329.8,330.3333333333333,25578.666666666664,interpolated
1814,2025-03-08 16:00:00+00:00,330.02222222222224,330.46296296296293,329.8333333333333,330.337037037037,24242.85185185185,interpolated
1815,2025-03-08 18:00:00+00:00,330.0444444444444,330.4592592592592,329.8666666666667,330.3407407407407,22907.037037037036,interpolated
1816,2025-03-08 20:00:00+00:00,330.06666666666666,330.4555555555555,329.9,330.34444444444443,21571.22222222222,interpolated
1817,2025-03-08 22:00:00+00:00,330.0888888888889,330.4518518518518,329.93333333333334,330.34814814814814,20235.407407407405,interpolated
1818,2025-03-09 00:00:00+00:00,330.1111111111111,330.44814814814816,329.96666666666664,330.35185185185185,18899.59259259259,interpolated
1819,2025-03-09 02:00:00+00:00,330.1333333333333,330.44444444444446,330.0,330.35555555555555,17563.777777777777,interpolated
1820,2025-03-09 04:00:00+00:00,330.15555555555557,330.44074074074075,330.0333333333333,330.35925925925926,16227.96296296296,interpolated
1821,2025-03-09 06:00:00+00:00,330.17777777777775,330.43703703703704,330.06666666666666,330.36296296296297,14892.148148148146,interpolated
1822,2025-03-09 08:00:00+00:00,330.2,330.43333333333334,330.09999999999997,330.3666666666667,13556.333333333332,interpolated
1823,2025-03-09 10:00:00+00:00,330.22222222222223,330.42962962962963,330.1333333333333,330.3703703703704,12220.518518518518,interpolated
1824,2025-03-09 12:00:00+00:00,330.2444444444444,330.4259259259259,330.16666666666663,330.3740740740741,10884.7037037037,interpolated
1825,2025-03-09 14:00:00+00:00,330.26666666666665,330.4222222222222,330.2,330.37777777777774,9548.888888888887,interpolated
1826,2025-03-09 16:00:00+00:00,330.2888888888889,330.4185185185185,330.2333333333333,330.38148148148144,8213.074074074073,interpolated
1827,2025-03-09 18:00:00+00:00,330.3111111111111,330.4148148148148,330.26666666666665,330.38518518518515,6877.2592592592555,interpolated
1828,2025-03-09 20:00:00+00:00,330.3333333333333,330.4111111111111,330.29999999999995,330.38888888888886,5541.444444444442,interpolated
1829,2025-03-09 22:00:00+00:00,330.35555555555555,330.4074074074074,330.3333333333333,330.39259259259256,4205.629629629628,interpolated
1830,2025-03-10 00:00:00+00:00,330.37777777777774,330.4037037037037,330.3666666666666,330.39629629629627,2869.8148148148102,interpolated
1831,2025-03-10 02:00:00+00:00,330.4,330.4,330.4,330.4,1534.0,present
1832,2025-03-10 04:00:00+00:00,330.6,332.6,330.5,332.1,92232.0,present
1833,2025-03-10 06:00:00+00:00,332.1,333.4,329.0,330.2,379298.0,present
1834,2025-03-10 08:00:00+00:00,330.0,330.7,328.5,330.2,187558.0,present
1835,2025-03-10 10:00:00+00:00,330.2,331.8,329.2,330.5,220902.0,present
1836,2025-03-10 12:00:00+00:00,330.5,331.8,330.0,331.1,132569.0,present
1837,2025-03-10 14:00:00+00:00,331.1,331.7,329.0,329.2,102808.0,present
1838,2025-03-10 16:00:00+00:00,329.4,330.0,326.9,327.5,157689.0,present
1839,2025-03-10 18:00:00+00:00,327.7,328.6,326.6,327.1,75306.0,present
1840,2025-03-10 20:00:00+00:00,327.0,327.5,326.6,326.9,44681.0,present
1841,2025-03-10 22:00:00+00:00,327.1333333333333,327.46666666666664,326.8666666666667,327.06666666666666,29821.333333333336,interpolated
1842,2025-03-11 00:00:00+00:00,327.26666666666665,327.43333333333334,327.1333333333333,327.2333333333333,14961.666666666668,interpolated
1843,2025-03-11 02:00:00+00:00,327.4,327.4,327.4,327.4,102.0,present
1844,2025-03-11 04:00:00+00:00,327.0,327.5,325.4,326.5,62825.0,present
1845,2025-03-11 06:00:00+00:00,326.7,329.2,322.4,327.6,663198.0,present
1846,2025-03-11 08:00:00+00:00,327.4,329.0,326.9,327.0,186038.0,present
1847,2025-03-11 10:00:00+00:00,327.0,327.6,325.0,326.0,198945.0,present
1848,2025-03-11 12:00:00+00:00,325.8,329.0,325.3,328.1,200048.0,present
1849,2025-03-11 14:00:00+00:00,328.1,330.0,326.4,326.4,373205.0,present
1850,2025-03-11 16:00:00+00:00,326.1,330.7,326.1,328.8,257763.0,present
1851,2025-03-11 18:00:00+00:00,328.6,329.4,324.5,326.2,379747.0,present
1852,2025-03-11 20:00:00+00:00,326.3,327.2,325.5,327.0,66608.0,present
1853,2025-03-11 22:00:00+00:00,326.53333333333336,327.1333333333333,326.0,327.0,44456.33333333333,interpolated
1854,2025-03-12 00:00:00+00:00,326.76666666666665,327.06666666666666,326.5,327.0,22304.666666666664,interpolated
1855,2025-03-12 02:00:00+00:00,327.0,327.0,327.0,327.0,153.0,present
1856,2025-03-12 04:00:00+00:00,327.0,327.4,324.2,324.4,73566.0,present
1857,2025-03-12 06:00:00+00:00,324.4,326.5,322.6,323.7,372096.0,present
1858,2025-03-12 08:00:00+00:00,323.7,324.3,317.2,321.9,1218778.0,present
1859,2025-03-12 10:00:00+00:00,322.0,322.5,318.0,321.9,310723.0,present
1860,2025-03-12 12:00:00+00:00,321.9,323.4,321.1,322.0,301521.0,present
1861,2025-03-12 14:00:00+00:00,322.0,323.0,320.8,321.7,112990.0,present
1862,2025-03-12 16:00:00+00:00,322.2,323.2,320.7,321.6,197772.0,present
1863,2025-03-12 18:00:00+00:00,321.6,322.2,321.0,321.4,41031.0,present
1864,2025-03-12 20:00:00+00:00,321.4,322.0,321.3,321.8,13307.0,present
1865,2025-03-12 22:00:00+00:00,321.5333333333333,321.93333333333334,321.4666666666667,321.8,8877.0,interpolated
1866,2025-03-13 00:00:00+00:00,321.6666666666667,321.8666666666667,321.6333333333333,321.8,4447.0,interpolated
1867,2025-03-13 02:00:00+00:00,321.8,321.8,321.8,321.8,17.0,present
1868,2025-03-13 04:00:00+00:00,321.3,321.8,318.0,319.0,106950.0,present
1869,2025-03-13 06:00:00+00:00,319.1,319.5,314.6,316.9,519907.0,present
1870,2025-03-13 08:00:00+00:00,317.0,321.3,316.2,320.6,474844.0,present
1871,2025-03-13 10:00:00+00:00,320.6,320.8,316.2,316.2,381711.0,present
1872,2025-03-13 12:00:00+00:00,316.2,317.4,312.7,314.8,550283.0,present
1873,2025-03-13 14:00:00+00:00,314.8,317.0,314.0,315.2,302750.0,present
1874,2025-03-13 16:00:00+00:00,317.2,324.2,317.2,322.0,1006190.0,present
1875,2025-03-13 18:00:00+00:00,321.9,323.1,321.8,322.7,86487.0,present
1876,2025-03-13 20:00:00+00:00,322.8,324.2,321.9,322.6,143598.0,present
1877,2025-03-13 22:00:00+00:00,322.3333333333333,323.26666666666665,321.7333333333333,322.2,96609.66666666667,interpolated
1878,2025-03-14 00:00:00+00:00,321.8666666666667,322.3333333333333,321.56666666666666,321.8,49621.33333333334,interpolated
1879,2025-03-14 02:00:00+00:00,321.4,321.4,321.4,321.4,2633.0,present
1880,2025-03-14 04:00:00+00:00,321.3,321.3,318.1,319.1,227792.0,present
1881,2025-03-14 06:00:00+00:00,319.4,321.6,319.1,319.5,361938.0,present
1882,2025-03-14 08:00:00+00:00,319.6,320.1,317.5,318.2,322747.0,present
1883,2025-03-14 10:00:00+00:00,318.2,320.1,318.2,319.9,224409.0,present
1884,2025-03-14 12:00:00+00:00,319.8,325.6,319.1,325.4,435477.0,present
1885,2025-03-14 14:00:00+00:00,325.4,325.7,322.4,325.6,271972.0,present
1886,2025-03-14 16:00:00+00:00,325.1,328.0,324.4,327.6,575085.0,present
1887,2025-03-14 18:00:00+00:00,327.8,327.9,326.1,327.9,175661.0,present
1888,2025-03-14 20:00:00+00:00,327.8,328.2,327.1,327.9,74312.0,present
1889,2025-03-14 22:00:00+00:00,327.96000000000004,328.68,327.34000000000003,328.32,68569.4,interpolated
1890,2025-03-15 00:00:00+00:00,328.12,329.16,327.58000000000004,328.74,62826.8,interpolated
1891,2025-03-15 02:00:00+00:00,328.28000000000003,329.64,327.82,329.15999999999997,57084.2,interpolated
1892,2025-03-15 04:00:00+00:00,328.44,330.12,328.06,329.58,51341.6,interpolated
1893,2025-03-15 06:00:00+00:00,328.6,330.6,328.3,330.0,45599.0,present
1894,2025-03-15 08:00:00+00:00,330.0,330.0,329.0,329.5,19090.0,present
1895,2025-03-15 10:00:00+00:00,329.5,330.5,329.0,329.8,24502.0,present
1896,2025-03-15 12:00:00+00:00,329.5,329.9,326.1,327.4,126683.0,present
1897,2025-03-15 14:00:00+00:00,327.4,327.8,326.8,327.4,29658.0,present
1898,2025-03-15 16:00:00+00:00,327.4,327.925,326.875,327.525,28332.5,interpolated
1899,2025-03-15 18:00:00+00:00,327.4,328.05,326.95,327.65,27007.0,interpolated
1900,2025-03-15 20:00:00+00:00,327.4,328.175,327.025,327.775,25681.5,interpolated
1901,2025-03-15 22:00:00+00:00,327.4,328.3,327.1,327.9,24356.0,interpolated
1902,2025-03-16 00:00:00+00:00,327.4,328.425,327.175,328.025,23030.5,interpolated
1903,2025-03-16 02:00:00+00:00,327.4,328.55,327.25,328.15,21705.0,interpolated
1904,2025-03-16 04:00:00+00:00,327.4,328.675,327.325,328.275,20379.5,interpolated
1905,2025-03-16 06:00:00+00:00,327.4,328.8,327.4,328.4,19054.0,present
1906,2025-03-16 08:00:00+00:00,328.1,328.5,327.3,328.1,17056.0,present
1907,2025-03-16 10:00:00+00:00,328.1,329.1,328.1,328.7,17379.0,present
1908,2025-03-16 12:00:00+00:00,329.0,330.6,328.5,330.2,47596.0,present
1909,2025-03-16 14:00:00+00:00,330.2,331.8,329.8,331.2,113664.0,present
1910,2025-03-16 16:00:00+00:00,330.4,331.73333333333335,330.06666666666666,331.23333333333335,94762.33333333334,interpolated
1911,2025-03-16 18:00:00+00:00,330.59999999999997,331.6666666666667,330.3333333333333,331.26666666666665,75860.66666666667,interpolated
1912,2025-03-16 20:00:00+00:00,330.79999999999995,331.6,330.6,331.29999999999995,56959.0,interpolated
1913,2025-03-16 22:00:00+00:00,331.0,331.5333333333333,330.8666666666667,331.3333333333333,38057.33333333334,interpolated
1914,2025-03-17 00:00:00+00:00,331.2,331.46666666666664,331.1333333333333,331.3666666666667,19155.66666666667,interpolated
1915,2025-03-17 02:00:00+00:00,331.4,331.4,331.4,331.4,254.0,present
1916,2025-03-17 04:00:00+00:00,331.5,333.9,331.3,332.8,241015.0,present
1917,2025-03-17 06:00:00+00:00,332.7,334.5,330.1,334.4,589746.0,present
1918,2025-03-17 08:00:00+00:00,334.2,336.0,333.5,334.6,481655.0,present
1919,2025-03-17 10:00:00+00:00,334.6,334.8,330.6,332.1,373353.0,present
1920,2025-03-17 12:00:00+00:00,332.2,335.0,332.1,334.5,227904.0,present
1921,2025-03-17 14:00:00+00:00,334.5,334.9,333.2,334.0,100084.0,present
1922,2025-03-17 16:00:00+00:00,334.0,334.8,333.2,333.3,148519.0,present
1923,2025-03-17 18:00:00+00:00,333.3,334.1,332.4,333.6,89051.0,present
1924,2025-03-17 20:00:00+00:00,333.4,334.3,333.2,334.0,45936.0,present
1925,2025-03-17 22:00:00+00:00,333.93333333333334,334.53333333333336,333.8,334.3333333333333,31779.666666666664,interpolated
1926,2025-03-18 00:00:00+00:00,334.46666666666664,334.76666666666665,334.4,334.6666666666667,17623.333333333332,interpolated
1927,2025-03-18 02:00:00+00:00,335.0,335.0,335.0,335.0,3467.0,present
1928,2025-03-18 04:00:00+00:00,334.1,336.9,334.1,336.6,129699.0,present
1929,2025-03-18 06:00:00+00:00,336.4,336.9,335.5,335.7,194084.0,present
1930,2025-03-18 08:00:00+00:00,335.7,336.3,332.8,333.9,382570.0,present
1931,2025-03-18 10:00:00+00:00,333.9,336.6,333.1,335.2,265823.0,present
1932,2025-03-18 12:00:00+00:00,335.3,337.5,333.3,336.6,352344.0,present
1933,2025-03-18 14:00:00+00:00,336.6,337.5,330.4,333.4,585780.0,present
1934,2025-03-18 16:00:00+00:00,333.2,335.5,327.5,328.4,829337.0,present
1935,2025-03-18 18:00:00+00:00,328.4,329.8,326.3,326.5,246447.0,present
1936,2025-03-18 20:00:00+00:00,326.5,327.5,325.5,326.8,100049.0,present
1937,2025-03-18 22:00:00+00:00,326.53333333333336,327.2,325.8666666666667,326.73333333333335,68852.0,interpolated
1938,2025-03-19 00:00:00+00:00,326.56666666666666,326.90000000000003,326.23333333333335,326.6666666666667,37655.0,interpolated
1939,2025-03-19 02:00:00+00:00,326.6,326.6,326.6,326.6,6458.0,present
1940,2025-03-19 04:00:00+00:00,326.6,328.8,326.0,328.3,99870.0,present
1941,2025-03-19 06:00:00+00:00,328.3,328.3,324.0,325.1,352676.0,present
1942,2025-03-19 08:00:00+00:00,325.1,325.4,322.2,325.1,566898.0,present
1943,2025-03-19 10:00:00+00:00,325.1,326.5,323.7,325.9,356898.0,present
1944,2025-03-19 12:00:00+00:00,326.0,328.5,325.7,328.5,331824.0,present
1945,2025-03-19 14:00:00+00:00,328.5,330.4,327.7,330.0,258503.0,present
1946,2025-03-19 16:00:00+00:00,330.2,332.2,328.6,328.9,578359.0,present
1947,2025-03-19 18:00:00+00:00,328.9,329.9,327.1,329.2,187438.0,present
1948,2025-03-19 20:00:00+00:00,329.1,329.1,327.3,328.1,69133.0,present
1949,2025-03-19 22:00:00+00:00,328.90000000000003,328.90000000000003,327.7,328.23333333333335,46104.333333333336,interpolated
1950,2025-03-20 00:00:00+00:00,328.7,328.7,328.1,328.3666666666667,23075.66666666667,interpolated
1951,2025-03-20 02:00:00+00:00,328.5,328.5,328.5,328.5,47.0,present
1952,2025-03-20 04:00:00+00:00,328.9,332.5,327.6,331.1,296735.0,present
1953,2025-03-20 06:00:00+00:00,331.2,327.65,311.44999999999993,323.36479426605274,13597175.0,present
1954,2025-03-20 08:00:00+00:00,307.9,310.6,303.3,305.9,8915291.0,present
1955,2025-03-20 10:00:00+00:00,305.9,308.0,305.0,306.8,2594197.0,present
1956,2025-03-20 12:00:00+00:00,306.6,308.7,303.3,306.6,3830662.0,present
1957,2025-03-20 14:00:00+00:00,306.5,308.7,306.0,306.3,1373733.0,present
1958,2025-03-20 16:00:00+00:00,306.1,306.4,301.1,302.0,2509419.0,present
1959,2025-03-20 18:00:00+00:00,302.2,302.2,298.6,300.7,3053189.0,present
1960,2025-03-20 20:00:00+00:00,300.7,302.5,300.5,301.5,730674.0,present
1961,2025-03-20 22:00:00+00:00,300.6666666666667,301.8666666666667,300.53333333333336,301.2,500353.3333333334,interpolated
1962,2025-03-21 00:00:00+00:00,300.6333333333333,301.23333333333335,300.56666666666666,300.90000000000003,270032.6666666667,interpolated
1963,2025-03-21 02:00:00+00:00,300.6,300.6,300.6,300.6,39712.0,present
1964,2025-03-21 04:00:00+00:00,300.6,301.5,294.7,297.2,2717188.0,present
1965,2025-03-21 06:00:00+00:00,297.2,297.5,291.2,296.8,5126084.0,present
1966,2025-03-21 08:00:00+00:00,296.8,300.5,296.0,297.8,2439837.0,present
1967,2025-03-21 10:00:00+00:00,297.8,300.9,293.0,295.1,4549965.0,present
1968,2025-03-21 12:00:00+00:00,295.0,296.4,290.4,290.4,3671802.0,present
1969,2025-03-21 14:00:00+00:00,290.5,294.0,290.4,292.8,1220770.0,present
1970,2025-03-21 16:00:00+00:00,292.3,297.8,292.3,294.5,1291106.0,present
1971,2025-03-21 18:00:00+00:00,294.5,295.8,293.3,295.0,443482.0,present
1972,2025-03-21 20:00:00+00:00,295.0,295.5,294.0,294.4,307367.0,present
1973,2025-03-21 22:00:00+00:00,294.962962962963,295.44444444444446,294.0,294.38518518518515,296820.2962962963,interpolated
1974,2025-03-22 00:00:00+00:00,294.9259259259259,295.3888888888889,294.0,294.3703703703703,286273.5925925926,interpolated
1975,2025-03-22 02:00:00+00:00,294.8888888888889,295.3333333333333,294.0,294.35555555555555,275726.8888888889,interpolated
1976,2025-03-22 04:00:00+00:00,294.85185185185185,295.27777777777777,294.0,294.3407407407407,265180.18518518517,interpolated
1977,2025-03-22 06:00:00+00:00,294.81481481481484,295.22222222222223,294.0,294.3259259259259,254633.48148148146,interpolated
1978,2025-03-22 08:00:00+00:00,294.77777777777777,295.1666666666667,294.0,294.3111111111111,244086.77777777778,interpolated
1979,2025-03-22 10:00:00+00:00,294.74074074074076,295.1111111111111,294.0,294.2962962962963,233540.07407407407,interpolated
1980,2025-03-22 12:00:00+00:00,294.7037037037037,295.05555555555554,294.0,294.2814814814815,222993.37037037036,interpolated
1981,2025-03-22 14:00:00+00:00,294.6666666666667,295.0,294.0,294.26666666666665,212446.66666666666,interpolated
1982,2025-03-22 16:00:00+00:00,294.6296296296296,294.94444444444446,294.0,294.2518518518518,201899.96296296295,interpolated
1983,2025-03-22 18:00:00+00:00,294.5925925925926,294.8888888888889,294.0,294.237037037037,191353.25925925927,interpolated
1984,2025-03-22 20:00:00+00:00,294.55555555555554,294.8333333333333,294.0,294.22222222222223,180806.55555555556,interpolated
1985,2025-03-22 22:00:00+00:00,294.51851851851853,294.77777777777777,294.0,294.2074074074074,170259.85185185185,interpolated
1986,2025-03-23 00:00:00+00:00,294.48148148148147,294.72222222222223,294.0,294.1925925925926,159713.14814814815,interpolated
1987,2025-03-23 02:00:00+00:00,294.44444444444446,294.6666666666667,294.0,294.17777777777775,149166.44444444444,interpolated
1988,2025-03-23 04:00:00+00:00,294.4074074074074,294.6111111111111,294.0,294.162962962963,138619.74074074073,interpolated
1989,2025-03-23 06:00:00+00:00,294.3703703703704,294.55555555555554,294.0,294.14814814814815,128073.03703703702,interpolated
1990,2025-03-23 08:00:00+00:00,294.3333333333333,294.5,294.0,294.1333333333333,117526.33333333331,interpolated
1991,2025-03-23 10:00:00+00:00,294.2962962962963,294.44444444444446,294.0,294.1185185185185,106979.6296296296,interpolated
1992,2025-03-23 12:00:00+00:00,294.25925925925924,294.3888888888889,294.0,294.1037037037037,96432.9259259259,interpolated
1993,2025-03-23 14:00:00+00:00,294.22222222222223,294.3333333333333,294.0,294.0888888888889,85886.22222222222,interpolated
1994,2025-03-23 16:00:00+00:00,294.18518518518516,294.27777777777777,294.0,294.0740740740741,75339.51851851851,interpolated
1995,2025-03-23 18:00:00+00:00,294.14814814814815,294.22222222222223,294.0,294.05925925925925,64792.8148148148,interpolated
1996,2025-03-23 20:00:00+00:00,294.1111111111111,294.1666666666667,294.0,294.0444444444444,54246.111111111095,interpolated
1997,2025-03-23 22:00:00+00:00,294.0740740740741,294.1111111111111,294.0,294.02962962962965,43699.407407407416,interpolated
1998,2025-03-24 00:00:00+00:00,294.037037037037,294.05555555555554,294.0,294.0148148148148,33152.70370370371,interpolated
1999,2025-03-24 02:00:00+00:00,294.0,294.0,294.0,294.0,22606.0,present
2000,2025-03-24 04:00:00+00:00,293.9,294.7,290.5,291.2,557205.0,present
2001,2025-03-24 06:00:00+00:00,291.2,294.3,291.1,291.9,941867.0,present
2002,2025-03-24 08:00:00+00:00,291.9,292.7,289.4,290.5,1025078.0,present
2003,2025-03-24 10:00:00+00:00,290.5,290.6,286.8,288.6,1608144.0,present
2004,2025-03-24 12:00:00+00:00,288.7,290.4,287.8,288.2,418051.0,present
2005,2025-03-24 14:00:00+00:00,288.2,289.6,287.7,288.9,406685.0,present
2006,2025-03-24 16:00:00+00:00,288.8,289.5,288.2,289.3,198198.0,present
2007,2025-03-24 18:00:00+00:00,289.3,289.4,284.2,285.0,1229530.0,present
2008,2025-03-24 20:00:00+00:00,285.0,286.0,284.3,284.5,114065.0,present
2009,2025-03-24 22:00:00+00:00,284.8666666666667,285.53333333333336,284.40000000000003,284.53333333333336,76857.33333333334,interpolated
2010,2025-03-25 00:00:00+00:00,284.73333333333335,285.06666666666666,284.5,284.56666666666666,39649.66666666667,interpolated
2011,2025-03-25 02:00:00+00:00,284.6,284.6,284.6,284.6,2442.0,present
2012,2025-03-25 04:00:00+00:00,284.9,288.7,283.1,287.8,462901.0,present
2013,2025-03-25 06:00:00+00:00,287.9,291.3,286.8,288.5,1162332.0,present
2014,2025-03-25 08:00:00+00:00,288.4,290.0,284.2,285.0,901569.0,present
2015,2025-03-25 10:00:00+00:00,285.0,287.5,284.4,286.6,561272.0,present
2016,2025-03-25 12:00:00+00:00,286.6,288.9,285.4,286.9,566363.0,present
2017,2025-03-25 14:00:00+00:00,286.9,292.5,285.1,291.2,1159784.0,present
2018,2025-03-25 16:00:00+00:00,291.2,292.9,290.3,290.6,539497.0,present
2019,2025-03-25 18:00:00+00:00,290.6,291.5,290.3,291.1,165926.0,present
2020,2025-03-25 20:00:00+00:00,291.0,292.0,291.0,291.8,53604.0,present
2021,2025-03-25 22:00:00+00:00,291.3,291.96666666666664,291.3,291.8333333333333,35745.33333333333,interpolated
2022,2025-03-26 00:00:00+00:00,291.59999999999997,291.93333333333334,291.59999999999997,291.8666666666667,17886.666666666664,interpolated
2023,2025-03-26 02:00:00+00:00,291.9,291.9,291.9,291.9,28.0,present
2024,2025-03-26 04:00:00+00:00,291.8,293.6,291.1,291.2,219527.0,present
2025,2025-03-26 06:00:00+00:00,291.1,291.8,288.0,288.9,475914.0,present
2026,2025-03-26 08:00:00+00:00,288.8,289.7,287.3,288.8,303178.0,present
2027,2025-03-26 10:00:00+00:00,288.8,289.4,287.7,288.1,319651.0,present
2028,2025-03-26 12:00:00+00:00,288.2,289.0,286.6,287.5,344737.0,present
2029,2025-03-26 14:00:00+00:00,287.7,288.3,286.5,287.4,214001.0,present
2030,2025-03-26 16:00:00+00:00,287.7,287.8,286.2,287.6,235514.0,present
2031,2025-03-26 18:00:00+00:00,287.6,289.0,287.5,288.9,181963.0,present
2032,2025-03-26 20:00:00+00:00,288.9,289.0,286.0,286.1,158139.0,present
2033,2025-03-26 22:00:00+00:00,288.43333333333334,288.5,286.5,286.56666666666666,106761.33333333334,interpolated
2034,2025-03-27 00:00:00+00:00,287.96666666666664,288.0,287.0,287.03333333333336,55383.66666666667,interpolated
2035,2025-03-27 02:00:00+00:00,287.5,287.5,287.5,287.5,4006.0,present
2036,2025-03-27 04:00:00+00:00,287.4,287.4,283.6,283.9,341931.0,present
2037,2025-03-27 06:00:00+00:00,283.9,286.4,275.2,279.5,1839561.0,present
2038,2025-03-27 08:00:00+00:00,279.5,281.8,277.7,280.6,736963.0,present
2039,2025-03-27 10:00:00+00:00,280.7,284.7,280.2,282.3,471967.0,present
2040,2025-03-27 12:00:00+00:00,282.2,282.7,278.9,280.7,517497.0,present
2041,2025-03-27 14:00:00+00:00,280.9,284.9,280.5,282.2,347749.0,present
2042,2025-03-27 16:00:00+00:00,282.5,282.8,281.0,281.9,149873.0,present
2043,2025-03-27 18:00:00+00:00,281.8,281.9,279.4,280.8,160616.0,present
2044,2025-03-27 20:00:00+00:00,280.8,282.9,280.1,282.0,172663.0,present
2045,2025-03-27 22:00:00+00:00,281.2,282.59999999999997,280.73333333333335,282.0,117717.0,interpolated
2046,2025-03-28 00:00:00+00:00,281.6,282.3,281.3666666666667,282.0,62771.0,interpolated
2047,2025-03-28 02:00:00+00:00,282.0,282.0,282.0,282.0,7825.0,present
2048,2025-03-28 04:00:00+00:00,282.1,283.9,277.8,278.2,353869.0,present
2049,2025-03-28 06:00:00+00:00,278.2,289.6,278.2,284.85481918051227,2676079.0,present
2050,2025-03-28 08:00:00+00:00,286.9,288.7,282.7,283.9,946441.0,present
2051,2025-03-28 10:00:00+00:00,283.8,284.9,280.6,280.7,574752.0,present
2052,2025-03-28 12:00:00+00:00,280.8,284.8,280.0,284.0,648039.0,present
2053,2025-03-28 14:00:00+00:00,284.0,284.2,281.9,282.0,299814.0,present
2054,2025-03-28 16:00:00+00:00,282.1,283.0,280.5,280.6,218196.0,present
2055,2025-03-28 18:00:00+00:00,280.8,281.5,280.0,281.0,172221.0,present
2056,2025-03-28 20:00:00+00:00,281.0,281.4,280.1,280.4,74864.0,present
2057,2025-03-28 22:00:00+00:00,280.8,281.12,278.78000000000003,279.35999999999996,113340.2,interpolated
2058,2025-03-29 00:00:00+00:00,280.6,280.84,277.46000000000004,278.32,151816.4,interpolated
2059,2025-03-29 02:00:00+00:00,280.4,280.56,276.14,277.28,190292.59999999998,interpolated
2060,2025-03-29 04:00:00+00:00,280.2,280.28,274.82,276.24,228768.8,interpolated
2061,2025-03-29 06:00:00+00:00,280.0,280.0,273.5,275.2,267245.0,present
2062,2025-03-29 08:00:00+00:00,275.2,277.6,273.5,274.6,251594.0,present
2063,2025-03-29 10:00:00+00:00,274.7,277.4,273.5,275.8,214689.0,present
2064,2025-03-29 12:00:00+00:00,275.3,276.4,274.2,274.7,94432.0,present
2065,2025-03-29 14:00:00+00:00,275.0,275.0,273.6,274.2,95369.0,present
2066,2025-03-29 16:00:00+00:00,274.8125,274.8625,273.58750000000003,274.1125,86700.875,interpolated
2067,2025-03-29 18:00:00+00:00,274.625,274.725,273.57500000000005,274.025,78032.75,interpolated
2068,2025-03-29 20:00:00+00:00,274.4375,274.5875,273.5625,273.9375,69364.625,interpolated
2069,2025-03-29 22:00:00+00:00,274.25,274.45,273.55,273.85,60696.5,interpolated
2070,2025-03-30 00:00:00+00:00,274.0625,274.3125,273.5375,273.7625,52028.375,interpolated
2071,2025-03-30 02:00:00+00:00,273.875,274.17499999999995,273.525,273.675,43360.25,interpolated
2072,2025-03-30 04:00:00+00:00,273.6875,274.03749999999997,273.5125,273.5875,34692.12499999999,interpolated
2073,2025-03-30 06:00:00+00:00,273.5,273.9,273.5,273.5,26024.0,present
2074,2025-03-30 08:00:00+00:00,273.5,273.6,273.5,273.5,26353.0,present
2075,2025-03-30 10:00:00+00:00,273.5,273.9,273.5,273.8,50081.0,present
2076,2025-03-30 12:00:00+00:00,273.8,274.6,273.5,273.5,57796.0,present
2077,2025-03-30 14:00:00+00:00,273.5,273.9,273.5,273.5,17493.0,present
2078,2025-03-30 16:00:00+00:00,273.1,273.43333333333334,273.1,273.1,16201.833333333334,interpolated
2079,2025-03-30 18:00:00+00:00,272.7,272.96666666666664,272.7,272.7,14910.666666666666,interpolated
2080,2025-03-30 20:00:00+00:00,272.3,272.5,272.3,272.3,13619.5,interpolated
2081,2025-03-30 22:00:00+00:00,271.90000000000003,272.03333333333336,271.90000000000003,271.90000000000003,12328.333333333332,interpolated
2082,2025-03-31 00:00:00+00:00,271.5,271.56666666666666,271.5,271.5,11037.166666666666,interpolated
2083,2025-03-31 02:00:00+00:00,271.1,271.1,271.1,271.1,9746.0,present
2084,2025-03-31 04:00:00+00:00,271.1,275.9,266.2,274.6,763488.0,present
2085,2025-03-31 06:00:00+00:00,274.5,277.5,271.3,271.7,967811.0,present
2086,2025-03-31 08:00:00+00:00,271.7,276.4,271.5,275.9,361339.0,present
2087,2025-03-31 10:00:00+00:00,275.9,279.0,275.9,278.6,596385.0,present
2088,2025-03-31 12:00:00+00:00,278.6,280.0,277.0,279.8,264489.0,present
2089,2025-03-31 14:00:00+00:00,279.6,285.2,279.5,282.8,536412.0,present
2090,2025-03-31 16:00:00+00:00,282.7,283.3,282.0,282.5,87431.0,present
2091,2025-03-31 18:00:00+00:00,282.4,282.6,281.3,282.0,61524.0,present
2092,2025-03-31 20:00:00+00:00,281.6,282.0,281.4,282.0,28562.0,present
2093,2025-03-31 22:00:00+00:00,281.73333333333335,282.0,281.59999999999997,282.0,19111.333333333336,interpolated
2094,2025-04-01 00:00:00+00:00,281.8666666666667,282.0,281.8,282.0,9660.666666666668,interpolated
2095,2025-04-01 02:00:00+00:00,282.0,282.0,282.0,282.0,210.0,present
2096,2025-04-01 04:00:00+00:00,282.1,284.6,282.0,283.8,132977.0,present
2097,2025-04-01 06:00:00+00:00,283.7,286.8,281.3,283.4,678047.0,present
2098,2025-04-01 08:00:00+00:00,283.4,287.6,282.4,285.8,591796.0,present
2099,2025-04-01 10:00:00+00:00,285.9,286.3,281.1,281.8,864974.0,present
2100,2025-04-01 12:00:00+00:00,281.7,284.8,280.6,284.7,557769.0,present
2101,2025-04-01 14:00:00+00:00,284.7,291.7,282.8,284.9,1127957.0,present
2102,2025-04-01 16:00:00+00:00,284.9,287.0,282.6,283.4,476200.0,present
2103,2025-04-01 18:00:00+00:00,283.1,284.3,274.4,276.7791685140421,1067917.0,present
2104,2025-04-01 20:00:00+00:00,276.3,276.4,273.3,274.5,248496.0,present
2105,2025-04-01 22:00:00+00:00,275.8666666666667,275.93333333333334,273.8666666666667,274.6666666666667,165783.3333333333,interpolated
2106,2025-04-02 00:00:00+00:00,275.43333333333334,275.46666666666664,274.43333333333334,274.8333333333333,83070.66666666666,interpolated
2107,2025-04-02 02:00:00+00:00,275.0,275.0,275.0,275.0,358.0,present
2108,2025-04-02 04:00:00+00:00,275.5,279.0,273.5,277.8,366651.0,present
2109,2025-04-02 06:00:00+00:00,277.6,282.2,276.8,279.8,605994.0,present
2110,2025-04-02 08:00:00+00:00,279.8,284.1,277.5,283.8,581366.0,present
2111,2025-04-02 10:00:00+00:00,283.9,284.6,280.4,281.8,381767.0,present
2112,2025-04-02 12:00:00+00:00,281.7,284.3,281.0,281.1,315987.0,present
2113,2025-04-02 14:00:00+00:00,281.0,282.4,277.5,277.5,489488.0,present
2114,2025-04-02 16:00:00+00:00,277.1,280.8,276.3,280.2,405731.0,present
2115,2025-04-02 18:00:00+00:00,280.2,282.0,279.6,281.1,126394.0,present
2116,2025-04-02 20:00:00+00:00,280.9,282.0,279.9,281.7,94855.0,present
2117,2025-04-02 22:00:00+00:00,281.16666666666663,281.9,280.5,281.7,63934.0,interpolated
2118,2025-04-03 00:00:00+00:00,281.43333333333334,281.8,281.09999999999997,281.7,33013.0,interpolated
2119,2025-04-03 02:00:00+00:00,281.7,281.7,281.7,281.7,2092.0,present
2120,2025-04-03 04:00:00+00:00,281.0,286.2,279.5,281.1,301009.0,present
2121,2025-04-03 06:00:00+00:00,281.2,281.4,277.5,278.3,300132.0,present
2122,2025-04-03 08:00:00+00:00,278.4,282.0,278.1,281.4,311688.0,present
2123,2025-04-03 10:00:00+00:00,281.6,282.0,280.0,281.3,287862.0,present
2124,2025-04-03 12:00:00+00:00,281.2,282.0,278.0,279.4,471200.0,present
2125,2025-04-03 14:00:00+00:00,279.4,279.7,273.0,274.0,812617.0,present
2126,2025-04-03 16:00:00+00:00,273.9,276.2,271.4,275.3,350638.0,present
2127,2025-04-03 18:00:00+00:00,275.3,276.6,274.5,276.4,62619.0,present
2128,2025-04-03 20:00:00+00:00,276.3,279.7,276.0,279.1,124048.0,present
2129,2025-04-03 22:00:00+00:00,277.8,280.06666666666666,277.6,279.6666666666667,86713.66666666666,interpolated
2130,2025-04-04 00:00:00+00:00,279.3,280.43333333333334,279.2,280.23333333333335,49379.33333333333,interpolated
2131,2025-04-04 02:00:00+00:00,280.8,280.8,280.8,280.8,12045.0,present
2132,2025-04-04 04:00:00+00:00,280.2,283.3,280.1,281.3,368888.0,present
2133,2025-04-04 06:00:00+00:00,281.3,281.7,277.2,278.1,555546.0,present
2134,2025-04-04 08:00:00+00:00,277.9,278.0,274.1,275.1,363772.0,present
2135,2025-04-04 10:00:00+00:00,275.0,275.8,268.0,269.7,754110.0,present
2136,2025-04-04 12:00:00+00:00,269.9,273.0,267.5,269.5,726049.0,present
2137,2025-04-04 14:00:00+00:00,269.6,270.6,267.2,268.6,274958.0,present
2138,2025-04-04 16:00:00+00:00,268.6,269.5,263.0,265.0,557576.0,present
2139,2025-04-04 18:00:00+00:00,265.3,266.7,263.4,266.1,119840.0,present
2140,2025-04-04 20:00:00+00:00,266.0,266.1,263.0,263.4,92110.0,present
2141,2025-04-04 22:00:00+00:00,265.26,265.56,262.5,262.82,91041.6,interpolated
2142,2025-04-05 00:00:00+00:00,264.52,265.02,262.0,262.24,89973.2,interpolated
2143,2025-04-05 02:00:00+00:00,263.78000000000003,264.48,261.5,261.65999999999997,88904.8,interpolated
2144,2025-04-05 04:00:00+00:00,263.04,263.94,261.0,261.08,87836.4,interpolated
2145,2025-04-05 06:00:00+00:00,262.3,263.4,260.5,260.5,86768.0,present
2146,2025-04-05 08:00:00+00:00,260.5,261.0,260.5,260.6,60546.0,present
2147,2025-04-05 10:00:00+00:00,260.6,265.4,260.6,264.6,79244.0,present
2148,2025-04-05 12:00:00+00:00,264.9,265.0,261.9,263.2,42153.0,present
2149,2025-04-05 14:00:00+00:00,263.2,264.4,262.6,263.1,26865.0,present
2150,2025-04-05 16:00:00+00:00,263.175,264.5,262.52500000000003,263.3625,27267.75,interpolated
2151,2025-04-05 18:00:00+00:00,263.15,264.59999999999997,262.45000000000005,263.625,27670.5,interpolated
2152,2025-04-05 20:00:00+00:00,263.125,264.7,262.375,263.8875,28073.25,interpolated
2153,2025-04-05 22:00:00+00:00,263.1,264.79999999999995,262.3,264.15,28476.0,interpolated
2154,2025-04-06 00:00:00+00:00,263.075,264.9,262.225,264.4125,28878.75,interpolated
2155,2025-04-06 02:00:00+00:00,263.05,265.0,262.15,264.675,29281.5,interpolated
2156,2025-04-06 04:00:00+00:00,263.025,265.09999999999997,262.075,264.9375,29684.25,interpolated
2157,2025-04-06 06:00:00+00:00,263.0,265.2,262.0,265.2,30087.0,present
2158,2025-04-06 08:00:00+00:00,265.2,266.7,264.8,266.1,39919.0,present
2159,2025-04-06 10:00:00+00:00,265.9,267.5,264.6,267.3,35611.0,present
2160,2025-04-06 12:00:00+00:00,267.1,268.5,266.2,267.3,70110.0,present
2161,2025-04-06 14:00:00+00:00,267.1,268.7,266.6,268.3,28530.0,present
2162,2025-04-06 16:00:00+00:00,266.73333333333335,268.06666666666666,266.31666666666666,267.73333333333335,24894.166666666668,interpolated
2163,2025-04-06 18:00:00+00:00,266.3666666666667,267.43333333333334,266.03333333333336,267.1666666666667,21258.333333333336,interpolated
2164,2025-04-06 20:00:00+00:00,266.0,266.79999999999995,265.75,266.6,17622.5,interpolated
2165,2025-04-06 22:00:00+00:00,265.6333333333333,266.16666666666663,265.46666666666664,266.0333333333333,13986.666666666668,interpolated
2166,2025-04-07 00:00:00+00:00,265.26666666666665,265.5333333333333,265.18333333333334,265.46666666666664,10350.833333333336,interpolated
2167,2025-04-07 02:00:00+00:00,264.9,264.9,264.9,264.9,6715.0,present
2168,2025-04-07 04:00:00+00:00,264.7,265.0,243.4,258.7113681699709,1756575.0,present
2169,2025-04-07 06:00:00+00:00,246.2,247.0,233.5,243.4,3853076.0,present
2170,2025-04-07 08:00:00+00:00,243.4,244.6,240.5,241.5,1363467.0,present
2171,2025-04-07 10:00:00+00:00,241.5,252.8,240.3,247.2769188788415,984091.0,present
2172,2025-04-07 12:00:00+00:00,250.7,256.7,248.0,256.3,751456.0,present
2173,2025-04-07 14:00:00+00:00,256.3,262.0,251.1,254.1,1484670.0,present
2174,2025-04-07 16:00:00+00:00,254.1,265.2,248.3,258.2,2163897.0,present
2175,2025-04-07 18:00:00+00:00,258.2,258.5,252.3,253.6,465759.0,present
2176,2025-04-07 20:00:00+00:00,253.6,258.8,253.5,257.1,212779.0,present
2177,2025-04-07 22:00:00+00:00,255.29999999999998,258.76666666666665,255.23333333333332,257.6333333333333,142018.0,interpolated
2178,2025-04-08 00:00:00+00:00,257.0,258.73333333333335,256.96666666666664,258.1666666666667,71257.0,interpolated
2179,2025-04-08 02:00:00+00:00,258.7,258.7,258.7,258.7,496.0,present
2180,2025-04-08 04:00:00+00:00,258.7,262.5,257.1,259.7,450709.0,present
2181,2025-04-08 06:00:00+00:00,259.8,261.3,258.1,259.3,595042.0,present
2182,2025-04-08 08:00:00+00:00,259.1,259.4,251.3,253.7,792961.0,present
2183,2025-04-08 10:00:00+00:00,253.7,257.4,252.1,257.3,372792.0,present
2184,2025-04-08 12:00:00+00:00,257.3,257.3,254.7,255.7,257124.0,present
2185,2025-04-08 14:00:00+00:00,255.7,255.9,248.7,249.72629989075713,511297.0,present
2186,2025-04-08 16:00:00+00:00,249.0,251.0,243.5,247.0,1088395.0,present
2187,2025-04-08 18:00:00+00:00,247.0,247.2,241.2,244.3,409360.0,present
2188,2025-04-08 20:00:00+00:00,244.2,244.2,241.0,241.0,118439.0,present
2189,2025-04-08 22:00:00+00:00,243.13333333333333,243.13333333333333,241.0,241.0,79391.66666666666,interpolated
2190,2025-04-09 00:00:00+00:00,242.06666666666666,242.06666666666666,241.0,241.0,40344.33333333333,interpolated
2191,2025-04-09 02:00:00+00:00,241.0,241.0,241.0,241.0,1297.0,present
2192,2025-04-09 04:00:00+00:00,241.0,245.9,237.7,242.9,535720.0,present
2193,2025-04-09 06:00:00+00:00,242.9,247.6,242.0,243.5,663721.0,present
2194,2025-04-09 08:00:00+00:00,243.7,244.0,240.2,240.2,379499.0,present
2195,2025-04-09 10:00:00+00:00,240.2,241.6,230.6,234.58841311599477,1568751.0,present
2196,2025-04-09 12:00:00+00:00,232.7,239.6,232.0,238.26641417435368,781999.0,present
2197,2025-04-09 14:00:00+00:00,238.7,240.0,235.1,235.3,315576.0,present
2198,2025-04-09 16:00:00+00:00,235.9,251.0,235.8,240.92860874613422,764018.0,present
2199,2025-04-09 18:00:00+00:00,250.9,251.0,243.5,246.5,591833.0,present
2200,2025-04-09 20:00:00+00:00,246.4,252.0,246.4,251.7,195862.0,present
2201,2025-04-09 22:00:00+00:00,248.70000000000002,252.43333333333334,248.70000000000002,252.23333333333332,132866.33333333334,interpolated
2202,2025-04-10 00:00:00+00:00,251.0,252.86666666666667,251.0,252.76666666666668,69870.66666666667,interpolated
2203,2025-04-10 02:00:00+00:00,253.3,253.3,253.3,253.3,6875.0,present
2204,2025-04-10 04:00:00+00:00,253.5,254.3,249.0,250.8,325013.0,present
2205,2025-04-10 06:00:00+00:00,250.6,254.5,248.0,248.6,589915.0,present
2206,2025-04-10 08:00:00+00:00,248.6,250.0,246.3,248.5,315399.0,present
2207,2025-04-10 10:00:00+00:00,248.5,250.5,245.3,246.3,266028.0,present
2208,2025-04-10 12:00:00+00:00,246.4,250.4,245.4,245.5,578429.0,present
2209,2025-04-10 14:00:00+00:00,245.5,247.5,244.2,244.8,221526.0,present
2210,2025-04-10 16:00:00+00:00,245.0,246.8,240.6,246.5,540199.0,present
2211,2025-04-10 18:00:00+00:00,246.5,249.0,245.6,246.8,149925.0,present
2212,2025-04-10 20:00:00+00:00,247.0,247.9,246.6,247.9,29529.0,present
2213,2025-04-10 22:00:00+00:00,247.26666666666668,247.86666666666667,247.0,247.86666666666667,19688.666666666668,interpolated
2214,2025-04-11 00:00:00+00:00,247.53333333333333,247.83333333333334,247.4,247.83333333333334,9848.333333333336,interpolated
2215,2025-04-11 02:00:00+00:00,247.8,247.8,247.8,247.8,8.0,present
2216,2025-04-11 04:00:00+00:00,247.8,248.8,247.0,248.3,39393.0,present
2217,2025-04-11 06:00:00+00:00,248.1,253.8,248.1,251.3,465994.0,present
2218,2025-04-11 08:00:00+00:00,251.4,253.3,248.6,253.0,366795.0,present
2219,2025-04-11 10:00:00+00:00,253.0,256.7,251.4,251.6,541664.0,present
2220,2025-04-11 12:00:00+00:00,251.8,253.1,250.2,250.8,348297.0,present
2221,2025-04-11 14:00:00+00:00,250.8,252.0,248.8,251.8,398298.0,present
2222,2025-04-11 16:00:00+00:00,252.0,254.0,250.9,251.6,268618.0,present
2223,2025-04-11 18:00:00+00:00,251.5,253.3,250.2,252.1,192451.0,present
2224,2025-04-11 20:00:00+00:00,251.9,252.9,251.8,252.1,57495.0,present
2225,2025-04-11 22:00:00+00:00,252.12,253.18,251.86,252.46,54973.0,interpolated
2226,2025-04-12 00:00:00+00:00,252.34,253.46,251.92000000000002,252.82,52451.0,interpolated
2227,2025-04-12 02:00:00+00:00,252.56,253.74,251.98,253.18,49929.0,interpolated
2228,2025-04-12 04:00:00+00:00,252.78,254.02,252.04,253.54,47407.0,interpolated
2229,2025-04-12 06:00:00+00:00,253.0,254.3,252.1,253.9,44885.0,present
2230,2025-04-12 08:00:00+00:00,254.0,254.8,253.0,254.5,109401.0,present
2231,2025-04-12 10:00:00+00:00,254.4,255.0,254.0,254.4,53636.0,present
2232,2025-04-12 12:00:00+00:00,254.1,254.7,253.6,254.2,29876.0,present
2233,2025-04-12 14:00:00+00:00,254.0,254.7,253.5,254.6,37998.0,present
2234,2025-04-12 16:00:00+00:00,254.0875,254.7875,253.55,254.5125,36097.125,interpolated
2235,2025-04-12 18:00:00+00:00,254.175,254.875,253.6,254.425,34196.25,interpolated
2236,2025-04-12 20:00:00+00:00,254.2625,254.9625,253.65,254.3375,32295.375,interpolated
2237,2025-04-12 22:00:00+00:00,254.35,255.05,253.7,254.25,30394.5,interpolated
2238,2025-04-13 00:00:00+00:00,254.4375,255.1375,253.75,254.1625,28493.625,interpolated
2239,2025-04-13 02:00:00+00:00,254.52499999999998,255.225,253.8,254.075,26592.75,interpolated
2240,2025-04-13 04:00:00+00:00,254.61249999999998,255.3125,253.85,253.9875,24691.875,interpolated
2241,2025-04-13 06:00:00+00:00,254.7,255.4,253.9,253.9,22791.0,present
2242,2025-04-13 08:00:00+00:00,253.9,255.0,253.7,254.6,28548.0,present
2243,2025-04-13 10:00:00+00:00,254.6,255.1,254.2,255.1,16779.0,present
2244,2025-04-13 12:00:00+00:00,255.1,256.5,254.8,256.2,43399.0,present
2245,2025-04-13 14:00:00+00:00,256.1,257.5,255.8,256.8,95638.0,present
2246,2025-04-13 16:00:00+00:00,256.2166666666667,257.3833333333333,255.96666666666667,256.8,79770.5,interpolated
2247,2025-04-13 18:00:00+00:00,256.33333333333337,257.26666666666665,256.1333333333333,256.8,63903.0,interpolated
2248,2025-04-13 20:00:00+00:00,256.45000000000005,257.15,256.3,256.8,48035.50000000001,interpolated
2249,2025-04-13 22:00:00+00:00,256.56666666666666,257.03333333333336,256.4666666666667,256.8,32168.000000000007,interpolated
2250,2025-04-14 00:00:00+00:00,256.68333333333334,256.9166666666667,256.6333333333333,256.8,16300.5,interpolated
2251,2025-04-14 02:00:00+00:00,256.8,256.8,256.8,256.8,433.0,present
2252,2025-04-14 04:00:00+00:00,256.6,256.7,253.0,253.6,142416.0,present
2253,2025-04-14 06:00:00+00:00,253.6,253.7,250.0,250.4,430775.0,present
2254,2025-04-14 08:00:00+00:00,250.4,251.8,249.5,250.9,176456.0,present
2255,2025-04-14 10:00:00+00:00,250.8,252.4,250.1,250.1,228186.0,present
2256,2025-04-14 12:00:00+00:00,250.1,250.3,247.3,247.8,335366.0,present
2257,2025-04-14 14:00:00+00:00,247.6,250.5,247.5,249.6,139732.0,present
2258,2025-04-14 16:00:00+00:00,249.8,250.3,247.7,248.1,168894.0,present
2259,2025-04-14 18:00:00+00:00,248.0,251.2,247.7,250.7,91330.0,present
2260,2025-04-14 20:00:00+00:00,250.6,250.6,249.7,250.1,47618.0,present
2261,2025-04-14 22:00:00+00:00,250.4,250.4,249.79999999999998,250.06666666666666,31747.0,interpolated
2262,2025-04-15 00:00:00+00:00,250.2,250.2,249.9,250.03333333333333,15876.0,interpolated
2263,2025-04-15 02:00:00+00:00,250.0,250.0,250.0,250.0,5.0,present
2264,2025-04-15 04:00:00+00:00,250.0,251.0,247.9,248.4,49830.0,present
2265,2025-04-15 06:00:00+00:00,248.4,251.3,248.2,248.8,294767.0,present
2266,2025-04-15 08:00:00+00:00,249.2,249.4,247.6,248.4,246180.0,present
2267,2025-04-15 10:00:00+00:00,248.4,248.7,245.0,245.8,375982.0,present
2268,2025-04-15 12:00:00+00:00,246.0,247.5,245.2,246.4,223859.0,present
2269,2025-04-15 14:00:00+00:00,246.2,247.6,245.3,245.8,214750.0,present
2270,2025-04-15 16:00:00+00:00,246.7,246.7,245.5,245.9,51655.0,present
2271,2025-04-15 18:00:00+00:00,245.9,247.6,245.7,247.4,101399.0,present
2272,2025-04-15 20:00:00+00:00,247.4,247.4,246.5,246.7,17682.0,present
2273,2025-04-15 22:00:00+00:00,247.16666666666666,247.16666666666666,246.56666666666666,246.7,11801.333333333334,interpolated
2274,2025-04-16 00:00:00+00:00,246.93333333333334,246.93333333333334,246.63333333333333,246.7,5920.666666666668,interpolated
2275,2025-04-16 02:00:00+00:00,246.7,246.7,246.7,246.7,40.0,present
2276,2025-04-16 04:00:00+00:00,246.7,247.2,244.0,245.1,96976.0,present
2277,2025-04-16 06:00:00+00:00,245.1,245.2,241.7,242.3,309877.0,present
2278,2025-04-16 08:00:00+00:00,242.1,245.0,240.3,243.4,817712.0,present
2279,2025-04-16 10:00:00+00:00,243.4,245.0,243.1,244.6,353875.0,present
2280,2025-04-16 12:00:00+00:00,244.6,250.4,243.3,250.2,511609.0,present
2281,2025-04-16 14:00:00+00:00,250.2,256.2,248.9,256.18503148441465,1249265.0,present
2282,2025-04-16 16:00:00+00:00,255.0,255.5,249.5,250.21461881897525,475426.0,present
2283,2025-04-16 18:00:00+00:00,249.8,251.6,249.8,250.9,94759.0,present
2284,2025-04-16 20:00:00+00:00,250.8,251.9,250.7,251.9,37146.0,present
2285,2025-04-16 22:00:00+00:00,251.20000000000002,251.93333333333334,251.13333333333333,251.93333333333334,24768.0,interpolated
2286,2025-04-17 00:00:00+00:00,251.6,251.96666666666667,251.56666666666666,251.96666666666667,12390.0,interpolated
2287,2025-04-17 02:00:00+00:00,252.0,252.0,252.0,252.0,12.0,present
2288,2025-04-17 04:00:00+00:00,252.0,254.3,251.9,253.2,78703.0,present
2289,2025-04-17 06:00:00+00:00,253.1,254.1,251.5,251.8,253858.0,present
2290,2025-04-17 08:00:00+00:00,251.8,253.9,250.8,251.5,244578.0,present
2291,2025-04-17 10:00:00+00:00,251.4,255.3,250.9,254.6,260013.0,present
2292,2025-04-17 12:00:00+00:00,254.7,255.8,252.0,252.6,258355.0,present
2293,2025-04-17 14:00:00+00:00,252.6,252.9,248.1,251.3,422209.0,present
2294,2025-04-17 16:00:00+00:00,251.2,254.2,248.8,252.6,261433.0,present
2295,2025-04-17 18:00:00+00:00,252.5,255.0,252.0,253.6,183271.0,present
2296,2025-04-17 20:00:00+00:00,253.6,254.8,253.6,254.1,92806.0,present
2297,2025-04-17 22:00:00+00:00,253.06666666666666,253.86666666666667,253.06666666666666,253.4,62345.333333333336,interpolated
2298,2025-04-18 00:00:00+00:00,252.53333333333333,252.93333333333334,252.53333333333333,252.7,31884.66666666667,interpolated
2299,2025-04-18 02:00:00+00:00,252.0,252.0,252.0,252.0,1424.0,present
2300,2025-04-18 04:00:00+00:00,251.9,252.0,249.5,251.3,192836.0,present
2301,2025-04-18 06:00:00+00:00,251.3,252.4,249.3,250.3,165103.0,present
2302,2025-04-18 08:00:00+00:00,250.3,250.5,248.1,248.1,311993.0,present
2303,2025-04-18 10:00:00+00:00,248.1,249.4,246.6,248.7,182593.0,present
2304,2025-04-18 12:00:00+00:00,248.9,253.1,247.5,251.8,289660.0,present
2305,2025-04-18 14:00:00+00:00,251.8,252.9,250.5,250.5,226948.0,present
2306,2025-04-18 16:00:00+00:00,250.0,252.3,249.7,249.8,114115.0,present
2307,2025-04-18 18:00:00+00:00,249.8,250.6,249.5,249.5,53350.0,present
2308,2025-04-18 20:00:00+00:00,249.6,250.4,248.0,248.3,77987.0,present
2309,2025-04-18 22:00:00+00:00,249.61481481481482,250.38518518518518,248.07407407407408,248.36296296296297,75104.92592592593,interpolated
2310,2025-04-19 00:00:00+00:00,249.62962962962962,250.37037037037038,248.14814814814815,248.42592592592592,72222.85185185185,interpolated
2311,2025-04-19 02:00:00+00:00,249.64444444444445,250.35555555555555,248.22222222222223,248.4888888888889,69340.77777777778,interpolated
2312,2025-04-19 04:00:00+00:00,249.65925925925924,250.34074074074076,248.2962962962963,248.55185185185186,66458.70370370371,interpolated
2313,2025-04-19 06:00:00+00:00,249.67407407407407,250.32592592592593,248.37037037037038,248.61481481481482,63576.62962962963,interpolated
2314,2025-04-19 08:00:00+00:00,249.6888888888889,250.3111111111111,248.44444444444446,248.67777777777778,60694.555555555555,interpolated
2315,2025-04-19 10:00:00+00:00,249.7037037037037,250.2962962962963,248.5185185185185,248.74074074074076,57812.48148148148,interpolated
2316,2025-04-19 12:00:00+00:00,249.71851851851852,250.28148148148148,248.59259259259258,248.80370370370372,54930.40740740741,interpolated
2317,2025-04-19 14:00:00+00:00,249.73333333333332,250.26666666666668,248.66666666666666,248.86666666666667,52048.333333333336,interpolated
2318,2025-04-19 16:00:00+00:00,249.74814814814815,250.25185185185185,248.74074074074073,248.92962962962963,49166.259259259255,interpolated
2319,2025-04-19 18:00:00+00:00,249.76296296296297,250.23703703703703,248.8148148148148,248.9925925925926,46284.18518518518,interpolated
2320,2025-04-19 20:00:00+00:00,249.77777777777777,250.22222222222223,248.88888888888889,249.05555555555557,43402.11111111111,interpolated
2321,2025-04-19 22:00:00+00:00,249.7925925925926,250.2074074074074,248.96296296296296,249.11851851851853,40520.03703703704,interpolated
2322,2025-04-20 00:00:00+00:00,249.8074074074074,250.1925925925926,249.03703703703704,249.18148148148148,37637.96296296296,interpolated
2323,2025-04-20 02:00:00+00:00,249.82222222222222,250.17777777777778,249.11111111111111,249.24444444444444,34755.88888888889,interpolated
2324,2025-04-20 04:00:00+00:00,249.83703703703702,250.16296296296298,249.1851851851852,249.30740740740742,31873.814814814818,interpolated
2325,2025-04-20 06:00:00+00:00,249.85185185185185,250.14814814814815,249.25925925925927,249.37037037037038,28991.740740740745,interpolated
2326,2025-04-20 08:00:00+00:00,249.86666666666667,250.13333333333333,249.33333333333334,249.43333333333334,26109.66666666667,interpolated
2327,2025-04-20 10:00:00+00:00,249.88148148148147,250.11851851851853,249.40740740740742,249.4962962962963,23227.5925925926,interpolated
2328,2025-04-20 12:00:00+00:00,249.8962962962963,250.1037037037037,249.4814814814815,249.55925925925925,20345.51851851852,interpolated
2329,2025-04-20 14:00:00+00:00,249.9111111111111,250.0888888888889,249.55555555555554,249.62222222222223,17463.444444444445,interpolated
2330,2025-04-20 16:00:00+00:00,249.92592592592592,250.07407407407408,249.62962962962962,249.6851851851852,14581.370370370372,interpolated
2331,2025-04-20 18:00:00+00:00,249.94074074074075,250.05925925925925,249.7037037037037,249.74814814814815,11699.296296296307,interpolated
2332,2025-04-20 20:00:00+00:00,249.95555555555555,250.04444444444445,249.77777777777777,249.8111111111111,8817.222222222219,interpolated
2333,2025-04-20 22:00:00+00:00,249.97037037037038,250.02962962962962,249.85185185185185,249.8740740740741,5935.148148148146,interpolated
2334,2025-04-21 00:00:00+00:00,249.98518518518517,250.01481481481483,249.92592592592592,249.93703703703704,3053.074074074073,interpolated
2335,2025-04-21 02:00:00+00:00,250.0,250.0,250.0,250.0,171.0,present
2336,2025-04-21 04:00:00+00:00,250.3,251.7,249.6,251.6,53045.0,present
2337,2025-04-21 06:00:00+00:00,251.3,254.5,251.2,253.6,302319.0,present
2338,2025-04-21 08:00:00+00:00,253.6,256.0,253.4,254.4,318230.0,present
2339,2025-04-21 10:00:00+00:00,254.4,255.4,253.6,255.1,126791.0,present
2340,2025-04-21 12:00:00+00:00,255.1,255.6,252.6,253.2,212275.0,present
2341,2025-04-21 14:00:00+00:00,253.0,254.8,253.0,254.4,54142.0,present
2342,2025-04-21 16:00:00+00:00,254.5,255.3,254.3,254.5,159555.0,present
2343,2025-04-21 18:00:00+00:00,254.7,255.3,254.5,255.1,44301.0,present
2344,2025-04-21 20:00:00+00:00,255.0,255.3,254.8,255.3,19295.0,present
2345,2025-04-21 22:00:00+00:00,255.23333333333332,255.43333333333334,255.1,255.43333333333334,13512.0,interpolated
2346,2025-04-22 00:00:00+00:00,255.46666666666667,255.56666666666666,255.4,255.56666666666666,7729.0,interpolated
2347,2025-04-22 02:00:00+00:00,255.7,255.7,255.7,255.7,1946.0,present
2348,2025-04-22 04:00:00+00:00,255.8,259.3,255.3,258.6,209394.0,present
2349,2025-04-22 06:00:00+00:00,258.4,263.0,257.9,261.6,534173.0,present
2350,2025-04-22 08:00:00+00:00,261.6,261.7,258.4,259.5,288869.0,present
2351,2025-04-22 10:00:00+00:00,259.4,260.8,258.1,258.4,186363.0,present
2352,2025-04-22 12:00:00+00:00,258.4,262.3,258.4,262.0,260642.0,present
2353,2025-04-22 14:00:00+00:00,262.0,273.8,261.7,268.2672991563415,2421210.0,present
2354,2025-04-22 16:00:00+00:00,271.5,274.9,269.2,272.7,1726081.0,present
2355,2025-04-22 18:00:00+00:00,272.7,275.5,270.5,272.5,1312048.0,present
2356,2025-04-22 20:00:00+00:00,272.3,274.7,271.3,274.4,233842.0,present
2357,2025-04-22 22:00:00+00:00,273.3666666666667,274.96666666666664,272.7,274.76666666666665,158266.0,interpolated
2358,2025-04-23 00:00:00+00:00,274.43333333333334,275.23333333333335,274.1,275.1333333333333,82690.0,interpolated
2359,2025-04-23 02:00:00+00:00,275.5,275.5,275.5,275.5,7114.0,present
2360,2025-04-23 04:00:00+00:00,275.5,276.6,267.6,269.0637294481955,948776.0,present
2361,2025-04-23 06:00:00+00:00,268.6,268.8,265.1,266.8,1216966.0,present
2362,2025-04-23 08:00:00+00:00,266.8,270.0,266.5,269.4,449614.0,present
2363,2025-04-23 10:00:00+00:00,269.3,270.8,268.4,269.7,217261.0,present
2364,2025-04-23 12:00:00+00:00,269.7,271.9,267.6,271.5,404660.0,present
2365,2025-04-23 14:00:00+00:00,271.5,276.4,271.3,274.7,680867.0,present
2366,2025-04-23 16:00:00+00:00,274.7,276.4,271.8,273.8,533836.0,present
2367,2025-04-23 18:00:00+00:00,273.6,274.2,272.1,272.5,194836.0,present
2368,2025-04-23 20:00:00+00:00,272.4,273.0,272.0,272.5,65544.0,present
2369,2025-04-23 22:00:00+00:00,272.5333333333333,272.93333333333334,272.26666666666665,272.6,43941.33333333333,interpolated
2370,2025-04-24 00:00:00+00:00,272.6666666666667,272.8666666666667,272.53333333333336,272.7,22338.666666666664,interpolated
2371,2025-04-24 02:00:00+00:00,272.8,272.8,272.8,272.8,736.0,present
2372,2025-04-24 04:00:00+00:00,272.9,275.0,271.7,274.7,233850.0,present
2373,2025-04-24 06:00:00+00:00,274.4,278.5,273.2,273.7,1375839.0,present
2374,2025-04-24 08:00:00+00:00,273.7,275.3,272.0,275.1,397815.0,present
2375,2025-04-24 10:00:00+00:00,275.3,275.3,270.2,272.0,442165.0,present
2376,2025-04-24 12:00:00+00:00,271.8,273.0,268.5,270.0,731219.0,present
2377,2025-04-24 14:00:00+00:00,270.0,272.5,269.6,271.1,308017.0,present
2378,2025-04-24 16:00:00+00:00,271.1,273.8,271.1,272.7,300177.0,present
2379,2025-04-24 18:00:00+00:00,272.5,272.9,271.1,272.9,144571.0,present
2380,2025-04-24 20:00:00+00:00,272.9,273.0,272.2,272.8,40552.0,present
2381,2025-04-24 22:00:00+00:00,273.16666666666663,273.23333333333335,272.7,273.1,28368.0,interpolated
2382,2025-04-25 00:00:00+00:00,273.43333333333334,273.46666666666664,273.2,273.4,16184.0,interpolated
2383,2025-04-25 02:00:00+00:00,273.7,273.7,273.7,273.7,4000.0,present
2384,2025-04-25 04:00:00+00:00,273.6,276.6,273.0,276.1,312801.0,present
2385,2025-04-25 06:00:00+00:00,276.1,286.0,275.3,282.70458510330496,2391000.0,present
2386,2025-04-25 08:00:00+00:00,285.4,287.4,282.1,284.4,2745161.0,present
2387,2025-04-25 10:00:00+00:00,284.2,285.1,277.8,282.1,2417215.0,present
2388,2025-04-25 12:00:00+00:00,282.2,285.2,280.8,281.2,1131587.0,present
2389,2025-04-25 14:00:00+00:00,281.2,282.6,279.6,281.1,813860.0,present
2390,2025-04-25 16:00:00+00:00,281.5,281.8,280.6,281.2,218111.0,present
2391,2025-04-25 18:00:00+00:00,281.2,283.4,280.6,282.8,333814.0,present
2392,2025-04-25 20:00:00+00:00,282.9,283.6,281.6,283.6,192048.0,present
2393,2025-04-25 22:00:00+00:00,283.12,284.22,282.08000000000004,284.1,184753.4,interpolated
2394,2025-04-26 00:00:00+00:00,283.34,284.84000000000003,282.56,284.6,177458.8,interpolated
2395,2025-04-26 02:00:00+00:00,283.56,285.46,283.04,285.1,170164.2,interpolated
2396,2025-04-26 04:00:00+00:00,283.78,286.08,283.52,285.6,162869.6,interpolated
2397,2025-04-26 06:00:00+00:00,284.0,286.7,284.0,286.1,155575.0,present
2398,2025-04-26 08:00:00+00:00,285.9,286.5,284.8,285.8,173759.0,present
2399,2025-04-26 10:00:00+00:00,285.8,286.4,284.8,284.9,80600.0,present
2400,2025-04-26 12:00:00+00:00,284.9,285.3,281.8,282.5,158281.0,present
2401,2025-04-26 14:00:00+00:00,282.5,283.9,281.5,282.8,170452.0,present
2402,2025-04-26 16:00:00+00:00,282.6,283.92499999999995,281.5875,282.8,152686.5,interpolated
2403,2025-04-26 18:00:00+00:00,282.7,283.95,281.675,282.8,134921.0,interpolated
2404,2025-04-26 20:00:00+00:00,282.8,283.975,281.7625,282.8,117155.5,interpolated
2405,2025-04-26 22:00:00+00:00,282.9,284.0,281.85,282.8,99390.0,interpolated
2406,2025-04-27 00:00:00+00:00,283.0,284.025,281.9375,282.8,81624.5,interpolated
2407,2025-04-27 02:00:00+00:00,283.1,284.05,282.025,282.8,63859.0,interpolated
2408,2025-04-27 04:00:00+00:00,283.2,284.07500000000005,282.1125,282.8,46093.499999999985,interpolated
2409,2025-04-27 06:00:00+00:00,283.3,284.1,282.2,282.8,28328.0,present
2410,2025-04-27 08:00:00+00:00,282.5,283.1,282.2,283.0,14307.0,present
2411,2025-04-27 10:00:00+00:00,282.7,283.8,282.3,282.7,30831.0,present
2412,2025-04-27 12:00:00+00:00,282.5,283.5,282.4,282.8,18937.0,present
2413,2025-04-27 14:00:00+00:00,283.0,284.2,282.5,283.6,39086.0,present
2414,2025-04-27 16:00:00+00:00,283.1,284.1,282.68333333333334,283.6,32794.5,interpolated
2415,2025-04-27 18:00:00+00:00,283.2,284.0,282.8666666666667,283.6,26503.0,interpolated
2416,2025-04-27 20:00:00+00:00,283.3,283.9,283.05,283.6,20211.5,interpolated
2417,2025-04-27 22:00:00+00:00,283.40000000000003,283.8,283.23333333333335,283.6,13920.0,interpolated
2418,2025-04-28 00:00:00+00:00,283.5,283.70000000000005,283.4166666666667,283.6,7628.5,interpolated
2419,2025-04-28 02:00:00+00:00,283.6,283.6,283.6,283.6,1337.0,present
2420,2025-04-28 04:00:00+00:00,284.0,285.0,278.0,279.0,505364.0,present
2421,2025-04-28 06:00:00+00:00,278.9,279.3,275.1,276.4,777884.0,present
2422,2025-04-28 08:00:00+00:00,276.5,277.0,275.3,276.1,207768.0,present
2423,2025-04-28 10:00:00+00:00,276.1,282.4,273.9,279.8,1093044.0,present
2424,2025-04-28 12:00:00+00:00,279.7,280.0,274.2,275.0,707252.0,present
2425,2025-04-28 14:00:00+00:00,275.0,276.5,274.2,275.0,303734.0,present
2426,2025-04-28 16:00:00+00:00,275.2,275.5,270.8,273.2,383466.0,present
2427,2025-04-28 18:00:00+00:00,273.2,273.5,271.0,272.6,218323.0,present
2428,2025-04-28 20:00:00+00:00,272.7,273.2,272.0,272.9,54119.0,present
2429,2025-04-28 22:00:00+00:00,272.73333333333335,273.06666666666666,272.26666666666665,272.8666666666667,36200.66666666667,interpolated
2430,2025-04-29 00:00:00+00:00,272.76666666666665,272.93333333333334,272.53333333333336,272.8333333333333,18282.333333333336,interpolated
2431,2025-04-29 02:00:00+00:00,272.8,272.8,272.8,272.8,364.0,present
2432,2025-04-29 04:00:00+00:00,272.8,272.8,269.3,269.6,173556.0,present
2433,2025-04-29 06:00:00+00:00,269.5,270.0,267.0,267.5,614493.0,present
2434,2025-04-29 08:00:00+00:00,267.5,269.7,265.5,267.1,688116.0,present
2435,2025-04-29 10:00:00+00:00,267.1,268.9,266.0,268.0,217118.0,present
2436,2025-04-29 12:00:00+00:00,267.9,270.5,267.2,269.7,278297.0,present
2437,2025-04-29 14:00:00+00:00,269.5,270.0,266.4,266.7,193833.0,present
2438,2025-04-29 16:00:00+00:00,266.8,267.5,262.7,265.0,432882.0,present
2439,2025-04-29 18:00:00+00:00,265.0,265.8,264.6,265.4,89704.0,present
2440,2025-04-29 20:00:00+00:00,265.4,265.4,263.8,263.8,72455.0,present
2441,2025-04-29 22:00:00+00:00,264.59999999999997,264.59999999999997,263.53333333333336,263.53333333333336,48594.0,interpolated
2442,2025-04-30 00:00:00+00:00,263.8,263.8,263.26666666666665,263.26666666666665,24733.0,interpolated
2443,2025-04-30 02:00:00+00:00,263.0,263.0,263.0,263.0,872.0,present
2444,2025-04-30 04:00:00+00:00,262.9,263.8,259.9,263.6,491913.0,present
2445,2025-04-30 06:00:00+00:00,263.3,265.2,261.0,262.0,421579.0,present
2446,2025-04-30 08:00:00+00:00,261.9,262.0,257.5,259.4,434494.0,present
2447,2025-04-30 10:00:00+00:00,259.5,265.2,258.9,265.0,506534.0,present
2448,2025-04-30 12:00:00+00:00,265.0,268.1,261.2,261.5,359594.0,present
2449,2025-04-30 14:00:00+00:00,261.3,263.0,261.2,261.7,76079.0,present
2450,2025-04-30 16:00:00+00:00,261.7,262.5,259.5,262.0,208527.0,present
2451,2025-04-30 18:00:00+00:00,262.3,266.8,261.3,265.6,112850.0,present
2452,2025-04-30 20:00:00+00:00,265.7,268.8,265.7,268.4,121558.0,present
2453,2025-04-30 22:00:00+00:00,265.79333333333335,268.68666666666667,265.79333333333335,268.31333333333333,113583.0,interpolated
2454,2025-05-01 00:00:00+00:00,265.88666666666666,268.5733333333333,265.88666666666666,268.22666666666663,105608.0,interpolated
2455,2025-05-01 02:00:00+00:00,265.98,268.46000000000004,265.98,268.14,97633.0,interpolated
2456,2025-05-01 04:00:00+00:00,266.0733333333333,268.3466666666667,266.0733333333333,268.05333333333334,89658.0,interpolated
2457,2025-05-01 06:00:00+00:00,266.1666666666667,268.23333333333335,266.1666666666667,267.96666666666664,81683.0,interpolated
2458,2025-05-01 08:00:00+00:00,266.26,268.12,266.26,267.88,73708.0,interpolated
2459,2025-05-01 10:00:00+00:00,266.35333333333335,268.00666666666666,266.35333333333335,267.79333333333335,65733.0,interpolated
2460,2025-05-01 12:00:00+00:00,266.44666666666666,267.8933333333334,266.44666666666666,267.70666666666665,57758.0,interpolated
2461,2025-05-01 14:00:00+00:00,266.54,267.78000000000003,266.54,267.62,49783.0,interpolated
2462,2025-05-01 16:00:00+00:00,266.6333333333333,267.6666666666667,266.6333333333333,267.53333333333336,41808.0,interpolated
2463,2025-05-01 18:00:00+00:00,266.7266666666667,267.55333333333334,266.7266666666667,267.44666666666666,33833.0,interpolated
2464,2025-05-01 20:00:00+00:00,266.82,267.44,266.82,267.36,25858.0,interpolated
2465,2025-05-01 22:00:00+00:00,266.91333333333336,267.3266666666667,266.91333333333336,267.27333333333337,17883.0,interpolated
2466,2025-05-02 00:00:00+00:00,267.00666666666666,267.21333333333337,267.00666666666666,267.18666666666667,9908.0,interpolated
2467,2025-05-02 02:00:00+00:00,267.1,267.1,267.1,267.1,1933.0,present
2468,2025-05-02 04:00:00+00:00,266.6,267.1,263.5,264.2,114308.0,present
2469,2025-05-02 06:00:00+00:00,264.0,264.1,258.7,259.8,374124.0,present
2470,2025-05-02 08:00:00+00:00,259.8,261.4,259.4,260.9,101401.0,present
2471,2025-05-02 10:00:00+00:00,260.9,263.2,260.7,261.6,116236.0,present
2472,2025-05-02 12:00:00+00:00,261.7,262.1,260.0,260.4,64184.0,present
2473,2025-05-02 14:00:00+00:00,260.4,260.4,256.0,257.5,257518.0,present
2474,2025-05-02 16:00:00+00:00,257.2,258.0,255.8,257.1,174425.0,present
2475,2025-05-02 18:00:00+00:00,257.4,258.6,255.0,255.5,217562.0,present
2476,2025-05-02 20:00:00+00:00,255.6,255.6,252.3,252.6,194756.0,present
2477,2025-05-02 22:00:00+00:00,255.16,256.02,251.92000000000002,253.28,186441.6,interpolated
2478,2025-05-03 00:00:00+00:00,254.72,256.44,251.54000000000002,253.96,178127.2,interpolated
2479,2025-05-03 02:00:00+00:00,254.28,256.86,251.16,254.64,169812.8,interpolated
2480,2025-05-03 04:00:00+00:00,253.84,257.28,250.78,255.32,161498.4,interpolated
2481,2025-05-03 06:00:00+00:00,253.4,257.7,250.4,256.0,153184.0,present
2482,2025-05-03 08:00:00+00:00,255.9,256.2,254.7,255.5,42203.0,present
2483,2025-05-03 10:00:00+00:00,255.2,255.4,253.8,254.2,25158.0,present
2484,2025-05-03 12:00:00+00:00,254.4,254.5,253.3,253.7,9809.0,present
2485,2025-05-03 14:00:00+00:00,253.7,254.8,253.7,254.5,23268.0,present
2486,2025-05-03 16:00:00+00:00,253.79999999999998,254.82500000000002,253.6875,254.5125,21273.25,interpolated
2487,2025-05-03 18:00:00+00:00,253.89999999999998,254.85000000000002,253.67499999999998,254.525,19278.5,interpolated
2488,2025-05-03 20:00:00+00:00,254.0,254.875,253.6625,254.5375,17283.75,interpolated
2489,2025-05-03 22:00:00+00:00,254.1,254.9,253.64999999999998,254.55,15289.0,interpolated
2490,2025-05-04 00:00:00+00:00,254.2,254.925,253.6375,254.5625,13294.25,interpolated
2491,2025-05-04 02:00:00+00:00,254.3,254.95,253.625,254.575,11299.499999999998,interpolated
2492,2025-05-04 04:00:00+00:00,254.4,254.975,253.61249999999998,254.5875,9304.749999999998,interpolated
2493,2025-05-04 06:00:00+00:00,254.5,255.0,253.6,254.6,7310.0,present
2494,2025-05-04 08:00:00+00:00,254.3,255.8,254.2,255.2,25326.0,present
2495,2025-05-04 10:00:00+00:00,255.2,256.0,254.9,255.7,18731.0,present
2496,2025-05-04 12:00:00+00:00,255.7,255.9,254.1,254.6,42397.0,present
2497,2025-05-04 14:00:00+00:00,254.5,255.5,254.3,255.4,15133.0,present
2498,2025-05-04 16:00:00+00:00,254.65,255.48333333333335,254.48333333333335,255.4,12653.833333333334,interpolated
2499,2025-05-04 18:00:00+00:00,254.8,255.46666666666667,254.66666666666669,255.4,10174.666666666668,interpolated
2500,2025-05-04 20:00:00+00:00,254.95,255.45,254.85000000000002,255.4,7695.5,interpolated
2501,2025-05-04 22:00:00+00:00,255.1,255.43333333333334,255.03333333333333,255.4,5216.333333333334,interpolated
2502,2025-05-05 00:00:00+00:00,255.25,255.41666666666669,255.21666666666667,255.4,2737.166666666666,interpolated
2503,2025-05-05 02:00:00+00:00,255.4,255.4,255.4,255.4,258.0,present
2504,2025-05-05 04:00:00+00:00,256.0,256.0,252.0,254.0,95128.0,present
2505,2025-05-05 06:00:00+00:00,254.0,254.8,252.3,252.9,141254.0,present
2506,2025-05-05 08:00:00+00:00,252.9,253.3,250.8,252.5,178942.0,present
2507,2025-05-05 10:00:00+00:00,252.5,253.5,250.6,251.9,176118.0,present
2508,2025-05-05 12:00:00+00:00,251.8,252.3,248.4,248.8,210942.0,present
2509,2025-05-05 14:00:00+00:00,248.8,249.3,241.3,243.5,806184.0,present
2510,2025-05-05 16:00:00+00:00,246.6,250.7,243.3,249.3247608571342,2295439.0,present
2511,2025-05-05 18:00:00+00:00,250.5,255.1,248.4,253.7,744181.0,present
2512,2025-05-05 20:00:00+00:00,253.7,253.7,250.4,252.7,260468.0,present
2513,2025-05-05 22:00:00+00:00,253.46666666666667,253.46666666666667,251.26666666666668,252.79999999999998,174807.3333333333,interpolated
2514,2025-05-06 00:00:00+00:00,253.23333333333332,253.23333333333332,252.13333333333333,252.9,89146.66666666666,interpolated
2515,2025-05-06 02:00:00+00:00,253.0,253.0,253.0,253.0,3486.0,present
2516,2025-05-06 04:00:00+00:00,253.5,255.6,247.2,247.5,408258.0,present
2517,2025-05-06 06:00:00+00:00,247.3,252.2,244.0,250.4,850008.0,present
2518,2025-05-06 08:00:00+00:00,250.5,252.5,249.4,249.7,339771.0,present
2519,2025-05-06 10:00:00+00:00,249.7,251.4,248.8,250.8,198252.0,present
2520,2025-05-06 12:00:00+00:00,251.1,256.7,251.0,255.5,634607.0,present
2521,2025-05-06 14:00:00+00:00,255.6,260.8,255.0,259.8,796595.0,present
2522,2025-05-06 16:00:00+00:00,259.0,265.3,258.2,263.7,836050.0,present
2523,2025-05-06 18:00:00+00:00,264.0,264.5,259.4,259.8,407993.0,present
2524,2025-05-06 20:00:00+00:00,259.7,260.5,254.9,257.0,331308.0,present
2525,2025-05-06 22:00:00+00:00,258.93333333333334,259.46666666666664,255.73333333333332,257.1333333333333,221174.0,interpolated
2526,2025-05-07 00:00:00+00:00,258.16666666666663,258.43333333333334,256.56666666666666,257.26666666666665,111040.0,interpolated
2527,2025-05-07 02:00:00+00:00,257.4,257.4,257.4,257.4,906.0,present
2528,2025-05-07 04:00:00+00:00,257.0,261.3,255.3,259.2,250727.0,present
2529,2025-05-07 06:00:00+00:00,259.1,259.9,255.5,258.9,501360.0,present
2530,2025-05-07 08:00:00+00:00,258.9,259.7,255.8,258.6,320832.0,present
2531,2025-05-07 10:00:00+00:00,258.7,262.7,258.1,261.7,341138.0,present
2532,2025-05-07 12:00:00+00:00,261.7,262.0,255.1,256.4,680027.0,present
2533,2025-05-07 14:00:00+00:00,256.3,259.0,255.1,257.4,285142.0,present
2534,2025-05-07 16:00:00+00:00,259.2,260.3,255.9,256.0,280627.0,present
2535,2025-05-07 18:00:00+00:00,256.1,256.6,254.9,256.1,191668.0,present
2536,2025-05-07 20:00:00+00:00,256.0,256.5,255.9,255.9,70160.0,present
2537,2025-05-07 22:00:00+00:00,256.43333333333334,256.76666666666665,256.3666666666667,256.3666666666667,47002.0,interpolated
2538,2025-05-08 00:00:00+00:00,256.8666666666667,257.03333333333336,256.83333333333337,256.83333333333337,23844.0,interpolated
2539,2025-05-08 02:00:00+00:00,257.3,257.3,257.3,257.3,686.0,present
2540,2025-05-08 04:00:00+00:00,257.3,259.8,256.8,258.5,121252.0,present
2541,2025-05-08 06:00:00+00:00,258.5,260.7,257.9,259.8,224338.0,present
2542,2025-05-08 08:00:00+00:00,260.0,264.3,259.3,261.4,415269.0,present
2543,2025-05-08 10:00:00+00:00,261.4,261.9,257.8,258.2,176410.0,present
2544,2025-05-08 12:00:00+00:00,258.3,259.1,256.0,256.4,369729.0,present
2545,2025-05-08 14:00:00+00:00,256.4,257.8,256.4,257.5,73460.0,present
2546,2025-05-08 16:00:00+00:00,256.9,258.2,256.1,257.6,85128.0,present
2547,2025-05-08 18:00:00+00:00,257.6,257.8,256.2,256.9,68551.0,present
2548,2025-05-08 20:00:00+00:00,256.9,257.6,256.6,256.8,49221.0,present
2549,2025-05-08 22:00:00+00:00,256.8941176470588,257.6352941176471,256.61176470588236,256.8705882352941,47656.705882352944,interpolated
2550,2025-05-09 00:00:00+00:00,256.88823529411764,257.67058823529413,256.6235294117647,256.94117647058823,46092.41176470588,interpolated
2551,2025-05-09 02:00:00+00:00,256.88235294117646,257.7058823529412,256.6352941176471,257.01176470588234,44528.117647058825,interpolated
2552,2025-05-09 04:00:00+00:00,256.8764705882353,257.74117647058824,256.64705882352945,257.08235294117645,42963.82352941176,interpolated
2553,2025-05-09 06:00:00+00:00,256.8705882352941,257.7764705882353,256.6588235294118,257.1529411764706,41399.529411764706,interpolated
2554,2025-05-09 08:00:00+00:00,256.86470588235295,257.81176470588235,256.67058823529413,257.22352941176473,39835.23529411765,interpolated
2555,2025-05-09 10:00:00+00:00,256.8588235294118,257.84705882352944,256.6823529411765,257.29411764705884,38270.94117647059,interpolated
2556,2025-05-09 12:00:00+00:00,256.8529411764706,257.88235294117646,256.6941176470588,257.36470588235295,36706.64705882353,interpolated
2557,2025-05-09 14:00:00+00:00,256.8470588235294,257.91764705882355,256.7058823529412,257.43529411764706,35142.352941176476,interpolated
2558,2025-05-09 16:00:00+00:00,256.8411764705882,257.9529411764706,256.71764705882356,257.50588235294117,33578.05882352941,interpolated
2559,2025-05-09 18:00:00+00:00,256.83529411764704,257.98823529411766,256.7294117647059,257.5764705882353,32013.764705882353,interpolated
2560,2025-05-09 20:00:00+00:00,256.82941176470587,258.0235294117647,256.74117647058824,257.6470588235294,30449.470588235294,interpolated
2561,2025-05-09 22:00:00+00:00,256.8235294117647,258.05882352941177,256.7529411764706,257.71764705882356,28885.176470588238,interpolated
2562,2025-05-10 00:00:00+00:00,256.8176470588235,258.0941176470588,256.7647058823529,257.78823529411767,27320.88235294118,interpolated
2563,2025-05-10 02:00:00+00:00,256.81176470588235,258.1294117647059,256.7764705882353,257.8588235294118,25756.58823529412,interpolated
2564,2025-05-10 04:00:00+00:00,256.8058823529412,258.1647058823529,256.78823529411767,257.9294117647059,24192.29411764706,interpolated
2565,2025-05-10 06:00:00+00:00,256.8,258.2,256.8,258.0,22628.0,present
2566,2025-05-10 08:00:00+00:00,258.0,258.4,257.5,257.6,35028.0,present
2567,2025-05-10 10:00:00+00:00,257.6,257.9,257.0,257.8,6023.0,present
2568,2025-05-10 12:00:00+00:00,257.7,258.0,257.1,257.1,8318.0,present
2569,2025-05-10 14:00:00+00:00,257.2,257.6,256.0,256.8,27852.0,present
2570,2025-05-10 16:00:00+00:00,257.5875,258.21250000000003,256.3875,257.3625,39832.0,interpolated
2571,2025-05-10 18:00:00+00:00,257.975,258.82500000000005,256.775,257.925,51812.0,interpolated
2572,2025-05-10 20:00:00+00:00,258.3625,259.4375,257.1625,258.4875,63792.0,interpolated
2573,2025-05-10 22:00:00+00:00,258.75,260.05,257.55,259.05,75772.0,interpolated
2574,2025-05-11 00:00:00+00:00,259.1375,260.6625,257.9375,259.6125,87752.0,interpolated
2575,2025-05-11 02:00:00+00:00,259.525,261.275,258.32500000000005,260.175,99732.0,interpolated
2576,2025-05-11 04:00:00+00:00,259.9125,261.8875,258.71250000000003,260.7375,111712.0,interpolated
2577,2025-05-11 06:00:00+00:00,260.3,262.5,259.1,261.3,123692.0,present
2578,2025-05-11 08:00:00+00:00,261.3,262.5,259.6,260.4,93076.0,present
2579,2025-05-11 10:00:00+00:00,260.2,260.8,259.4,260.8,31436.0,present
2580,2025-05-11 12:00:00+00:00,260.6,260.8,258.8,258.8,39133.0,present
2581,2025-05-11 14:00:00+00:00,258.8,259.7,257.0,258.7,98805.0,present
2582,2025-05-11 16:00:00+00:00,259.1666666666667,259.91666666666663,257.6666666666667,259.0833333333333,82600.66666666667,interpolated
2583,2025-05-11 18:00:00+00:00,259.53333333333336,260.1333333333333,258.3333333333333,259.46666666666664,66396.33333333334,interpolated
2584,2025-05-11 20:00:00+00:00,259.9,260.35,259.0,259.85,50192.00000000001,interpolated
2585,2025-05-11 22:00:00+00:00,260.26666666666665,260.56666666666666,259.6666666666667,260.23333333333335,33987.66666666667,interpolated
2586,2025-05-12 00:00:00+00:00,260.6333333333333,260.7833333333333,260.3333333333333,260.6166666666667,17783.333333333343,interpolated
2587,2025-05-12 02:00:00+00:00,261.0,261.0,261.0,261.0,1579.0,present
2588,2025-05-12 04:00:00+00:00,260.9,265.0,258.9,262.7,336864.0,present
2589,2025-05-12 06:00:00+00:00,262.7,263.8,260.8,263.0,401588.0,present
2590,2025-05-12 08:00:00+00:00,262.9,266.0,261.8,264.4,506580.0,present
2591,2025-05-12 10:00:00+00:00,264.3,267.4,263.5,265.2,472629.0,present
2592,2025-05-12 12:00:00+00:00,265.4,268.0,264.6,265.0,631364.0,present
2593,2025-05-12 14:00:00+00:00,265.1,269.7,264.6,267.9,520321.0,present
2594,2025-05-12 16:00:00+00:00,267.0,268.5,266.9,267.8,201626.0,present
2595,2025-05-12 18:00:00+00:00,267.7,268.5,267.0,268.0,168393.0,present
2596,2025-05-12 20:00:00+00:00,267.9,268.6,267.2,267.6,100850.0,present
2597,2025-05-12 22:00:00+00:00,267.76666666666665,268.23333333333335,267.3,267.56666666666666,67425.66666666667,interpolated
2598,2025-05-13 00:00:00+00:00,267.6333333333333,267.8666666666667,267.4,267.53333333333336,34001.33333333334,interpolated
2599,2025-05-13 02:00:00+00:00,267.5,267.5,267.5,267.5,577.0,present
2600,2025-05-13 04:00:00+00:00,267.6,270.6,266.4,269.0,215379.0,present
2601,2025-05-13 06:00:00+00:00,268.9,270.0,268.1,269.0,283133.0,present
2602,2025-05-13 08:00:00+00:00,268.9,268.9,262.0,265.0,805650.0,present
2603,2025-05-13 10:00:00+00:00,264.9,264.9,262.5,262.8,176457.0,present
2604,2025-05-13 12:00:00+00:00,262.8,265.5,259.6,264.9,660488.0,present
2605,2025-05-13 14:00:00+00:00,264.9,266.8,263.8,266.2,262970.0,present
2606,2025-05-13 16:00:00+00:00,266.1,267.3,265.0,265.2,172204.0,present
2607,2025-05-13 18:00:00+00:00,265.2,266.1,263.9,264.3,107772.0,present
2608,2025-05-13 20:00:00+00:00,264.3,264.7,264.0,264.2,16739.0,present
2609,2025-05-13 22:00:00+00:00,264.43333333333334,264.7,264.23333333333335,264.3666666666667,11159.666666666668,interpolated
2610,2025-05-14 00:00:00+00:00,264.56666666666666,264.7,264.46666666666664,264.5333333333333,5580.333333333334,interpolated
2611,2025-05-14 02:00:00+00:00,264.7,264.7,264.7,264.7,1.0,present
2612,2025-05-14 04:00:00+00:00,264.2,265.2,263.7,264.6,28827.0,present
2613,2025-05-14 06:00:00+00:00,264.5,264.8,262.4,263.7,246712.0,present
2614,2025-05-14 08:00:00+00:00,263.8,266.0,263.5,265.7,154822.0,present
2615,2025-05-14 10:00:00+00:00,265.7,269.0,265.0,268.5,270475.0,present
2616,2025-05-14 12:00:00+00:00,268.5,269.5,267.4,267.7,238861.0,present
2617,2025-05-14 14:00:00+00:00,267.8,268.8,266.7,268.5,145176.0,present
2618,2025-05-14 16:00:00+00:00,268.2,268.7,267.0,267.7,78820.0,present
2619,2025-05-14 18:00:00+00:00,267.7,267.7,265.2,265.5,118367.0,present
2620,2025-05-14 20:00:00+00:00,265.3,267.0,259.8,260.4,335668.0,present
2621,2025-05-14 22:00:00+00:00,263.53333333333336,264.6666666666667,259.8666666666667,260.26666666666665,224637.3333333333,interpolated
2622,2025-05-15 00:00:00+00:00,261.76666666666665,262.3333333333333,259.93333333333334,260.1333333333333,113606.66666666666,interpolated
2623,2025-05-15 02:00:00+00:00,260.0,260.0,260.0,260.0,2576.0,present
2624,2025-05-15 04:00:00+00:00,260.1,263.3,260.1,262.2,183787.0,present
2625,2025-05-15 06:00:00+00:00,262.2,263.1,259.0,259.6,341205.0,present
2626,2025-05-15 08:00:00+00:00,259.5,260.4,254.5,257.5,578333.0,present
2627,2025-05-15 10:00:00+00:00,257.6,259.5,256.5,259.4,207260.0,present
2628,2025-05-15 12:00:00+00:00,259.4,259.6,255.6,258.8,206927.0,present
2629,2025-05-15 14:00:00+00:00,258.6,258.9,257.1,257.2,71481.0,present
2630,2025-05-15 16:00:00+00:00,257.4,259.4,257.2,258.9,56808.0,present
2631,2025-05-15 18:00:00+00:00,258.7,259.0,257.8,258.1,30552.0,present
2632,2025-05-15 20:00:00+00:00,258.1,258.1,257.7,257.8,14912.0,present
2633,2025-05-15 22:00:00+00:00,258.0,258.0,257.73333333333335,257.8,9952.0,interpolated
2634,2025-05-16 00:00:00+00:00,257.90000000000003,257.90000000000003,257.76666666666665,257.8,4992.0,interpolated
2635,2025-05-16 02:00:00+00:00,257.8,257.8,257.8,257.8,32.0,present
2636,2025-05-16 04:00:00+00:00,257.8,259.3,257.3,258.6,24060.0,present
2637,2025-05-16 06:00:00+00:00,258.4,258.6,255.1,256.7,169283.0,present
2638,2025-05-16 08:00:00+00:00,256.9,259.5,256.8,258.7,104022.0,present
2639,2025-05-16 10:00:00+00:00,258.7,258.9,255.3,256.6,221773.0,present
2640,2025-05-16 12:00:00+00:00,256.6,259.7,251.2,257.8,863599.0,present
2641,2025-05-16 14:00:00+00:00,257.7,265.2,257.4,258.0,615658.0,present
2642,2025-05-16 16:00:00+00:00,258.0,258.3,256.5,257.2,61059.0,present
2643,2025-05-16 18:00:00+00:00,257.4,258.7,257.2,258.4,32611.0,present
2644,2025-05-16 20:00:00+00:00,258.4,259.3,257.6,258.8,43016.0,present
2645,2025-05-16 22:00:00+00:00,258.29999999999995,259.28000000000003,257.66,258.88,38395.4,interpolated
2646,2025-05-17 00:00:00+00:00,258.2,259.26,257.72,258.96,33774.8,interpolated
2647,2025-05-17 02:00:00+00:00,258.09999999999997,259.24,257.78,259.04,29154.2,interpolated
2648,2025-05-17 04:00:00+00:00,258.0,259.21999999999997,257.84,259.12,24533.600000000002,interpolated
2649,2025-05-17 06:00:00+00:00,257.9,259.2,257.9,259.2,19913.0,present
2650,2025-05-17 08:00:00+00:00,258.8,259.5,258.6,259.1,12171.0,present
2651,2025-05-17 10:00:00+00:00,259.1,259.8,259.1,259.8,13065.0,present
2652,2025-05-17 12:00:00+00:00,259.4,260.2,259.2,259.7,15883.0,present
2653,2025-05-17 14:00:00+00:00,259.3,263.6,259.1,263.5,104940.0,present
2654,2025-05-17 16:00:00+00:00,259.8875,263.75,259.625,263.6,97109.75,interpolated
2655,2025-05-17 18:00:00+00:00,260.475,263.90000000000003,260.15000000000003,263.7,89279.5,interpolated
2656,2025-05-17 20:00:00+00:00,261.0625,264.05,260.675,263.8,81449.25,interpolated
2657,2025-05-17 22:00:00+00:00,261.65,264.20000000000005,261.20000000000005,263.9,73619.0,interpolated
2658,2025-05-18 00:00:00+00:00,262.2375,264.35,261.725,264.0,65788.75,interpolated
2659,2025-05-18 02:00:00+00:00,262.825,264.5,262.25,264.1,57958.5,interpolated
2660,2025-05-18 04:00:00+00:00,263.4125,264.65000000000003,262.77500000000003,264.2,50128.25,interpolated
2661,2025-05-18 06:00:00+00:00,264.0,264.8,263.3,264.3,42298.0,present
2662,2025-05-18 08:00:00+00:00,264.0,266.0,263.8,264.7,77216.0,present
2663,2025-05-18 10:00:00+00:00,264.8,264.8,263.8,264.2,20377.0,present
2664,2025-05-18 12:00:00+00:00,264.0,264.6,263.5,264.4,30080.0,present
2665,2025-05-18 14:00:00+00:00,264.4,265.0,264.0,265.0,31343.0,present
2666,2025-05-18 16:00:00+00:00,264.5,265.0,264.1666666666667,265.0,26222.0,interpolated
2667,2025-05-18 18:00:00+00:00,264.59999999999997,265.0,264.3333333333333,265.0,21101.0,interpolated
2668,2025-05-18 20:00:00+00:00,264.7,265.0,264.5,265.0,15980.0,interpolated
2669,2025-05-18 22:00:00+00:00,264.8,265.0,264.6666666666667,265.0,10859.0,interpolated
2670,2025-05-19 00:00:00+00:00,264.9,265.0,264.8333333333333,265.0,5738.0,interpolated
2671,2025-05-19 02:00:00+00:00,265.0,265.0,265.0,265.0,617.0,present
2672,2025-05-19 04:00:00+00:00,265.1,265.1,262.2,262.8,69004.0,present
2673,2025-05-19 06:00:00+00:00,262.6,263.8,261.6,262.0,92120.0,present
2674,2025-05-19 08:00:00+00:00,262.0,262.4,260.6,260.8,79680.0,present
2675,2025-05-19 10:00:00+00:00,260.7,263.0,260.7,262.9,67026.0,present
2676,2025-05-19 12:00:00+00:00,262.9,263.6,260.8,261.8,277466.0,present
2677,2025-05-19 14:00:00+00:00,261.8,262.9,259.9,261.6,142570.0,present
2678,2025-05-19 16:00:00+00:00,261.6,263.4,260.2,260.7,219183.0,present
2679,2025-05-19 18:00:00+00:00,260.7,261.2,259.4,259.8,113383.0,present
2680,2025-05-19 20:00:00+00:00,259.6,260.3,259.1,260.3,35447.0,present
2681,2025-05-19 22:00:00+00:00,260.03333333333336,260.5,259.7,260.5,23732.0,interpolated
2682,2025-05-20 00:00:00+00:00,260.46666666666664,260.7,260.3,260.7,12017.0,interpolated
2683,2025-05-20 02:00:00+00:00,260.9,260.9,260.9,260.9,302.0,present
2684,2025-05-20 04:00:00+00:00,261.0,262.1,260.0,261.1,45852.0,present
2685,2025-05-20 06:00:00+00:00,261.1,261.3,257.9,258.6,167341.0,present
2686,2025-05-20 08:00:00+00:00,258.6,260.7,257.7,259.9,445295.0,present
2687,2025-05-20 10:00:00+00:00,259.7,261.0,259.0,259.9,153395.0,present
2688,2025-05-20 12:00:00+00:00,259.8,260.3,258.8,259.0,85868.0,present
2689,2025-05-20 14:00:00+00:00,259.0,259.7,256.1,256.9,167788.0,present
2690,2025-05-20 16:00:00+00:00,256.8,258.1,256.0,257.1,95739.0,present
2691,2025-05-20 18:00:00+00:00,257.1,258.2,256.9,258.0,72499.0,present
2692,2025-05-20 20:00:00+00:00,257.9,257.9,257.5,257.7,8731.0,present
2693,2025-05-20 22:00:00+00:00,257.8333333333333,257.8333333333333,257.56666666666666,257.7,5821.333333333334,interpolated
2694,2025-05-21 00:00:00+00:00,257.76666666666665,257.76666666666665,257.6333333333333,257.7,2911.666666666667,interpolated
2695,2025-05-21 02:00:00+00:00,257.7,257.7,257.7,257.7,2.0,present
2696,2025-05-21 04:00:00+00:00,258.2,259.0,257.1,257.4,42384.0,present
2697,2025-05-21 06:00:00+00:00,257.3,257.6,254.1,255.4,294866.0,present
2698,2025-05-21 08:00:00+00:00,255.4,256.5,255.1,256.4,95817.0,present
2699,2025-05-21 10:00:00+00:00,256.3,256.9,254.7,256.4,126439.0,present
2700,2025-05-21 12:00:00+00:00,256.3,256.8,253.6,254.8,121403.0,present
2701,2025-05-21 14:00:00+00:00,254.9,255.0,252.1,252.1,131346.0,present
2702,2025-05-21 16:00:00+00:00,253.7,254.2,252.5,253.9,38432.0,present
2703,2025-05-21 18:00:00+00:00,253.8,254.8,253.6,254.5,25574.0,present
2704,2025-05-21 20:00:00+00:00,254.4,255.5,253.9,253.9,48500.0,present
2705,2025-05-21 22:00:00+00:00,254.26666666666668,255.0,253.93333333333334,253.93333333333334,32337.666666666664,interpolated
2706,2025-05-22 00:00:00+00:00,254.13333333333333,254.5,253.96666666666667,253.96666666666667,16175.333333333332,interpolated
2707,2025-05-22 02:00:00+00:00,254.0,254.0,254.0,254.0,13.0,present
2708,2025-05-22 04:00:00+00:00,253.8,254.2,250.9,251.0,126029.0,present
2709,2025-05-22 06:00:00+00:00,251.2,251.3,249.0,250.0,173622.0,present
2710,2025-05-22 08:00:00+00:00,250.0,251.6,249.3,251.2,172578.0,present
2711,2025-05-22 10:00:00+00:00,251.3,253.4,251.1,251.6,150523.0,present
2712,2025-05-22 12:00:00+00:00,251.6,253.0,250.3,252.0,202489.0,present
2713,2025-05-22 14:00:00+00:00,251.9,256.0,251.6,255.3,163627.0,present
2714,2025-05-22 16:00:00+00:00,255.5,255.5,252.2,252.9,111044.0,present
2715,2025-05-22 18:00:00+00:00,252.9,253.3,251.7,252.5,49164.0,present
2716,2025-05-22 20:00:00+00:00,252.5,252.5,251.5,251.8,32533.0,present
2717,2025-05-22 22:00:00+00:00,252.26666666666668,252.26666666666668,251.6,251.8,21822.666666666664,interpolated
2718,2025-05-23 00:00:00+00:00,252.03333333333333,252.03333333333333,251.70000000000002,251.8,11112.333333333332,interpolated
2719,2025-05-23 02:00:00+00:00,251.8,251.8,251.8,251.8,402.0,present
2720,2025-05-23 04:00:00+00:00,251.8,252.9,250.3,251.5,47053.0,present
2721,2025-05-23 06:00:00+00:00,251.4,254.2,251.3,253.0,109365.0,present
2722,2025-05-23 08:00:00+00:00,253.0,253.8,252.2,252.6,89119.0,present
2723,2025-05-23 10:00:00+00:00,252.6,253.9,251.4,251.5,136950.0,present
2724,2025-05-23 12:00:00+00:00,251.5,251.9,249.7,249.9,139386.0,present
2725,2025-05-23 14:00:00+00:00,249.9,251.2,249.8,250.0,93346.0,present
2726,2025-05-23 16:00:00+00:00,250.1,250.6,249.5,250.6,44863.0,present
2727,2025-05-23 18:00:00+00:00,250.3,251.2,250.1,250.7,33052.0,present
2728,2025-05-23 20:00:00+00:00,250.8,250.8,250.0,250.0,34176.0,present
2729,2025-05-23 22:00:00+00:00,250.75185185185185,250.75185185185185,249.9814814814815,249.9814814814815,32919.74074074074,interpolated
2730,2025-05-24 00:00:00+00:00,250.70370370370372,250.70370370370372,249.96296296296296,249.96296296296296,31663.48148148148,interpolated
2731,2025-05-24 02:00:00+00:00,250.65555555555557,250.65555555555557,249.94444444444446,249.94444444444446,30407.222222222223,interpolated
2732,2025-05-24 04:00:00+00:00,250.6074074074074,250.6074074074074,249.92592592592592,249.92592592592592,29150.962962962964,interpolated
2733,2025-05-24 06:00:00+00:00,250.55925925925928,250.55925925925928,249.90740740740742,249.90740740740742,27894.703703703704,interpolated
2734,2025-05-24 08:00:00+00:00,250.51111111111112,250.51111111111112,249.88888888888889,249.88888888888889,26638.444444444445,interpolated
2735,2025-05-24 10:00:00+00:00,250.46296296296296,250.46296296296296,249.87037037037038,249.87037037037038,25382.185185185182,interpolated
2736,2025-05-24 12:00:00+00:00,250.41481481481483,250.41481481481483,249.85185185185185,249.85185185185185,24125.925925925927,interpolated
2737,2025-05-24 14:00:00+00:00,250.36666666666667,250.36666666666667,249.83333333333334,249.83333333333334,22869.666666666664,interpolated
2738,2025-05-24 16:00:00+00:00,250.31851851851852,250.31851851851852,249.8148148148148,249.8148148148148,21613.40740740741,interpolated
2739,2025-05-24 18:00:00+00:00,250.2703703703704,250.2703703703704,249.7962962962963,249.7962962962963,20357.148148148146,interpolated
2740,2025-05-24 20:00:00+00:00,250.22222222222223,250.22222222222223,249.77777777777777,249.77777777777777,19100.88888888889,interpolated
2741,2025-05-24 22:00:00+00:00,250.17407407407407,250.17407407407407,249.75925925925927,249.75925925925927,17844.629629629628,interpolated
2742,2025-05-25 00:00:00+00:00,250.12592592592594,250.12592592592594,249.74074074074073,249.74074074074073,16588.37037037037,interpolated
2743,2025-05-25 02:00:00+00:00,250.07777777777778,250.07777777777778,249.72222222222223,249.72222222222223,15332.11111111111,interpolated
2744,2025-05-25 04:00:00+00:00,250.02962962962962,250.02962962962962,249.7037037037037,249.7037037037037,14075.85185185185,interpolated
2745,2025-05-25 06:00:00+00:00,249.9814814814815,249.9814814814815,249.6851851851852,249.6851851851852,12819.592592592591,interpolated
2746,2025-05-25 08:00:00+00:00,249.93333333333334,249.93333333333334,249.66666666666666,249.66666666666666,11563.333333333332,interpolated
2747,2025-05-25 10:00:00+00:00,249.88518518518518,249.88518518518518,249.64814814814815,249.64814814814815,10307.074074074073,interpolated
2748,2025-05-25 12:00:00+00:00,249.83703703703705,249.83703703703705,249.62962962962962,249.62962962962962,9050.814814814814,interpolated
2749,2025-05-25 14:00:00+00:00,249.7888888888889,249.7888888888889,249.61111111111111,249.61111111111111,7794.555555555555,interpolated
2750,2025-05-25 16:00:00+00:00,249.74074074074073,249.74074074074073,249.59259259259258,249.59259259259258,6538.296296296296,interpolated
2751,2025-05-25 18:00:00+00:00,249.6925925925926,249.6925925925926,249.57407407407408,249.57407407407408,5282.0370370370365,interpolated
2752,2025-05-25 20:00:00+00:00,249.64444444444445,249.64444444444445,249.55555555555554,249.55555555555554,4025.7777777777774,interpolated
2753,2025-05-25 22:00:00+00:00,249.5962962962963,249.5962962962963,249.53703703703704,249.53703703703704,2769.5185185185182,interpolated
2754,2025-05-26 00:00:00+00:00,249.54814814814816,249.54814814814816,249.5185185185185,249.5185185185185,1513.2592592592555,interpolated
2755,2025-05-26 02:00:00+00:00,249.5,249.5,249.5,249.5,257.0,present
2756,2025-05-26 04:00:00+00:00,249.2,249.9,241.4,243.7,499332.0,present
2757,2025-05-26 06:00:00+00:00,243.4,244.4,241.4,243.6,401877.0,present
2758,2025-05-26 08:00:00+00:00,243.6,245.0,242.6,242.9,214714.0,present
2759,2025-05-26 10:00:00+00:00,242.9,243.3,240.3,241.1,385571.0,present
2760,2025-05-26 12:00:00+00:00,241.0,243.4,239.3,239.6,471551.0,present
2761,2025-05-26 14:00:00+00:00,239.6,241.0,236.5,239.0,704072.0,present
2762,2025-05-26 16:00:00+00:00,239.0,239.0,235.6,238.0,381087.0,present
2763,2025-05-26 18:00:00+00:00,238.0,242.2,237.9,241.6,267820.0,present
2764,2025-05-26 20:00:00+00:00,241.5,241.9,241.1,241.7,54037.0,present
2765,2025-05-26 22:00:00+00:00,241.13333333333333,241.4,240.86666666666667,241.26666666666665,37358.0,interpolated
2766,2025-05-27 00:00:00+00:00,240.76666666666668,240.9,240.63333333333333,240.83333333333334,20679.0,interpolated
2767,2025-05-27 02:00:00+00:00,240.4,240.4,240.4,240.4,4000.0,present
2768,2025-05-27 04:00:00+00:00,241.7,241.9,235.4,239.7,359182.0,present
2769,2025-05-27 06:00:00+00:00,239.9,243.6,239.8,243.0,475493.0,present
2770,2025-05-27 08:00:00+00:00,243.0,250.6,243.0,248.81280036256103,1211140.0,present
2771,2025-05-27 10:00:00+00:00,249.1,251.8,246.9,250.6,1100867.0,present
2772,2025-05-27 12:00:00+00:00,250.8,255.7,250.8,254.8,2151982.0,present
2773,2025-05-27 14:00:00+00:00,254.5,258.0,253.4,254.0,2346195.0,present
2774,2025-05-27 16:00:00+00:00,254.5,255.8,252.9,254.9,643696.0,present
2775,2025-05-27 18:00:00+00:00,254.8,256.0,254.5,255.5,278732.0,present
2776,2025-05-27 20:00:00+00:00,255.6,256.8,255.6,256.7,91052.0,present
2777,2025-05-27 22:00:00+00:00,256.1333333333333,256.93333333333334,256.1333333333333,256.8666666666667,63723.0,interpolated
2778,2025-05-28 00:00:00+00:00,256.66666666666663,257.06666666666666,256.66666666666663,257.0333333333333,36393.99999999999,interpolated
2779,2025-05-28 02:00:00+00:00,257.2,257.2,257.2,257.2,9065.0,present
2780,2025-05-28 04:00:00+00:00,257.2,259.2,255.0,257.1,471037.0,present
2781,2025-05-28 06:00:00+00:00,257.0,258.9,256.1,256.1,698913.0,present
2782,2025-05-28 08:00:00+00:00,256.2,258.0,254.4,255.3,1077233.0,present
2783,2025-05-28 10:00:00+00:00,255.3,256.0,253.3,254.1,928231.0,present
2784,2025-05-28 12:00:00+00:00,254.1,257.9,253.7,255.4,857957.0,present
2785,2025-05-28 14:00:00+00:00,255.3,256.6,254.7,255.9,621082.0,present
2786,2025-05-28 16:00:00+00:00,255.9,262.8,254.3,260.7,1418800.0,present
2787,2025-05-28 18:00:00+00:00,260.8,262.7,260.0,262.0,266122.0,present
2788,2025-05-28 20:00:00+00:00,262.3,262.8,261.6,262.4,116064.0,present
2789,2025-05-28 22:00:00+00:00,262.3333333333333,262.6666666666667,261.8666666666667,262.4,79166.33333333333,interpolated
2790,2025-05-29 00:00:00+00:00,262.3666666666667,262.5333333333333,262.1333333333333,262.4,42268.66666666666,interpolated
2791,2025-05-29 02:00:00+00:00,262.4,262.4,262.4,262.4,5371.0,present
2792,2025-05-29 04:00:00+00:00,262.9,262.9,259.2,260.2,372776.0,present
2793,2025-05-29 06:00:00+00:00,260.2,261.3,257.5,258.5,365214.0,present
2794,2025-05-29 08:00:00+00:00,258.5,261.1,258.2,259.8,267213.0,present
2795,2025-05-29 10:00:00+00:00,259.6,262.3,259.4,260.9,425445.0,present
2796,2025-05-29 12:00:00+00:00,260.9,262.5,258.0,258.8,393907.0,present
2797,2025-05-29 14:00:00+00:00,258.8,259.1,256.8,258.2,264533.0,present
2798,2025-05-29 16:00:00+00:00,258.2,258.5,257.1,258.3,133491.0,present
2799,2025-05-29 18:00:00+00:00,258.2,258.7,257.6,258.2,73432.0,present
2800,2025-05-29 20:00:00+00:00,258.2,258.4,257.1,257.1,77481.0,present
2801,2025-05-29 22:00:00+00:00,257.46666666666664,257.59999999999997,256.73333333333335,256.73333333333335,52392.33333333333,interpolated
2802,2025-05-30 00:00:00+00:00,256.73333333333335,256.8,256.3666666666667,256.3666666666667,27303.666666666664,interpolated
2803,2025-05-30 02:00:00+00:00,256.0,256.0,256.0,256.0,2215.0,present
2804,2025-05-30 04:00:00+00:00,256.9,259.9,255.1,258.5,186465.0,present
2805,2025-05-30 06:00:00+00:00,258.7,260.5,257.8,258.6,238914.0,present
2806,2025-05-30 08:00:00+00:00,258.4,262.9,257.6,261.7,387632.0,present
2807,2025-05-30 10:00:00+00:00,261.7,263.7,259.1,259.7,365865.0,present
2808,2025-05-30 12:00:00+00:00,259.9,260.5,258.4,259.3,138765.0,present
2809,2025-05-30 14:00:00+00:00,259.3,260.4,258.6,259.7,119375.0,present
2810,2025-05-30 16:00:00+00:00,259.2,260.1,259.1,259.7,56133.0,present
2811,2025-05-30 18:00:00+00:00,259.7,261.3,259.4,260.2,171221.0,present
2812,2025-05-30 20:00:00+00:00,260.0,261.2,259.9,260.8,64813.0,present
2813,2025-05-30 22:00:00+00:00,260.26,261.42,260.14,260.98,56081.6,interpolated
2814,2025-05-31 00:00:00+00:00,260.52,261.64,260.38,261.16,47350.2,interpolated
2815,2025-05-31 02:00:00+00:00,260.78000000000003,261.86,260.62,261.34,38618.8,interpolated
2816,2025-05-31 04:00:00+00:00,261.04,262.08,260.86,261.52,29887.399999999994,interpolated
2817,2025-05-31 06:00:00+00:00,261.3,262.3,261.1,261.7,21156.0,present
2818,2025-05-31 08:00:00+00:00,261.6,262.0,261.4,261.6,7338.0,present
2819,2025-05-31 10:00:00+00:00,261.7,261.9,261.1,261.2,18794.0,present
2820,2025-05-31 12:00:00+00:00,261.5,261.7,261.1,261.4,6364.0,present
2821,2025-05-31 14:00:00+00:00,261.7,261.9,261.2,261.5,8830.0,present
2822,2025-05-31 16:00:00+00:00,261.53749999999997,261.73749999999995,260.925,261.225,10474.25,interpolated
2823,2025-05-31 18:00:00+00:00,261.375,261.575,260.65,260.95,12118.5,interpolated
2824,2025-05-31 20:00:00+00:00,261.2125,261.4125,260.375,260.675,13762.75,interpolated
2825,2025-05-31 22:00:00+00:00,261.04999999999995,261.25,260.1,260.4,15407.0,interpolated
2826,2025-06-01 00:00:00+00:00,260.8875,261.0875,259.825,260.125,17051.25,interpolated
2827,2025-06-01 02:00:00+00:00,260.72499999999997,260.925,259.55,259.85,18695.5,interpolated
2828,2025-06-01 04:00:00+00:00,260.5625,260.76250000000005,259.275,259.575,20339.75,interpolated
2829,2025-06-01 06:00:00+00:00,260.4,260.6,259.0,259.3,21984.0,present
2830,2025-06-01 08:00:00+00:00,259.0,260.2,258.4,258.9,35979.0,present
2831,2025-06-01 10:00:00+00:00,258.6,259.2,253.1,253.5,250470.0,present
2832,2025-06-01 12:00:00+00:00,253.5,255.6,253.0,254.6,248045.0,present
2833,2025-06-01 14:00:00+00:00,254.4,254.6,253.0,253.0,64850.0,present
2834,2025-06-01 16:00:00+00:00,254.16666666666669,254.33333333333331,253.0,253.0,54499.66666666667,interpolated
2835,2025-06-01 18:00:00+00:00,253.93333333333334,254.06666666666666,253.0,253.0,44149.333333333336,interpolated
2836,2025-06-01 20:00:00+00:00,253.7,253.79999999999998,253.0,253.0,33799.0,interpolated
2837,2025-06-01 22:00:00+00:00,253.46666666666667,253.53333333333333,253.0,253.0,23448.66666666667,interpolated
2838,2025-06-02 00:00:00+00:00,253.23333333333335,253.26666666666665,253.0,253.0,13098.333333333336,interpolated
2839,2025-06-02 02:00:00+00:00,253.0,253.0,253.0,253.0,2748.0,present
2840,2025-06-02 04:00:00+00:00,253.3,257.8,251.4,257.2,313144.0,present
2841,2025-06-02 06:00:00+00:00,257.1,259.6,256.6,257.7,326669.0,present
2842,2025-06-02 08:00:00+00:00,257.6,257.8,255.7,256.2,115054.0,present
2843,2025-06-02 10:00:00+00:00,256.1,257.1,254.5,256.4,180165.0,present
2844,2025-06-02 12:00:00+00:00,256.4,258.7,255.7,256.6,228971.0,present
2845,2025-06-02 14:00:00+00:00,256.6,263.4,256.2,262.1,563339.0,present
2846,2025-06-02 16:00:00+00:00,262.0,263.0,259.7,261.0,226394.0,present
2847,2025-06-02 18:00:00+00:00,261.0,261.9,260.3,261.3,76990.0,present
2848,2025-06-02 20:00:00+00:00,261.3,262.8,261.2,262.4,86074.0,present
2849,2025-06-02 22:00:00+00:00,261.53333333333336,262.53333333333336,261.46666666666664,262.26666666666665,57527.0,interpolated
2850,2025-06-03 00:00:00+00:00,261.76666666666665,262.26666666666665,261.73333333333335,262.1333333333333,28980.000000000007,interpolated
2851,2025-06-03 02:00:00+00:00,262.0,262.0,262.0,262.0,433.0,present
2852,2025-06-03 04:00:00+00:00,261.7,267.0,260.9,264.9,409260.0,present
2853,2025-06-03 06:00:00+00:00,264.8,272.7,264.1,271.2,1144019.0,present
2854,2025-06-03 08:00:00+00:00,271.2,273.7,270.0,270.2,656532.0,present
2855,2025-06-03 10:00:00+00:00,270.2,272.9,269.5,270.1,389763.0,present
2856,2025-06-03 12:00:00+00:00,270.1,270.7,267.9,270.4,434070.0,present
2857,2025-06-03 14:00:00+00:00,270.4,271.8,270.1,271.3,234304.0,present
2858,2025-06-03 16:00:00+00:00,271.1,278.4,271.0,276.3,657413.0,present
2859,2025-06-03 18:00:00+00:00,276.3,277.9,275.1,275.9,382207.0,present
2860,2025-06-03 20:00:00+00:00,276.0,278.9,275.8,278.0,205267.0,present
2861,2025-06-03 22:00:00+00:00,276.6666666666667,278.59999999999997,276.53333333333336,278.0,140944.33333333334,interpolated
2862,2025-06-04 00:00:00+00:00,277.3333333333333,278.3,277.26666666666665,278.0,76621.66666666667,interpolated
2863,2025-06-04 02:00:00+00:00,278.0,278.0,278.0,278.0,12299.0,present
2864,2025-06-04 04:00:00+00:00,278.1,279.8,274.0,277.1,703423.0,present
2865,2025-06-04 06:00:00+00:00,277.0,280.0,276.7,278.6,623804.0,present
2866,2025-06-04 08:00:00+00:00,278.7,279.1,276.7,278.4,396765.0,present
2867,2025-06-04 10:00:00+00:00,278.4,279.5,275.4,277.6,609663.0,present
2868,2025-06-04 12:00:00+00:00,277.6,285.1,276.1,281.6,1581372.0,present
2869,2025-06-04 14:00:00+00:00,281.6,282.6,276.2,282.0,1650745.0,present
2870,2025-06-04 16:00:00+00:00,282.5,283.9,280.9,283.6,532642.0,present
2871,2025-06-04 18:00:00+00:00,283.6,283.6,280.6,281.1,252394.0,present
2872,2025-06-04 20:00:00+00:00,281.0,282.6,280.9,281.9,89223.0,present
2873,2025-06-04 22:00:00+00:00,281.3333333333333,282.40000000000003,281.26666666666665,281.93333333333334,59837.0,interpolated
2874,2025-06-05 00:00:00+00:00,281.6666666666667,282.2,281.6333333333333,281.96666666666664,30450.999999999993,interpolated
2875,2025-06-05 02:00:00+00:00,282.0,282.0,282.0,282.0,1065.0,present
2876,2025-06-05 04:00:00+00:00,281.8,285.9,281.5,282.6,400459.0,present
2877,2025-06-05 06:00:00+00:00,282.6,286.7,282.1,285.4,624232.0,present
2878,2025-06-05 08:00:00+00:00,285.4,291.6,283.4,289.1,1461697.0,present
2879,2025-06-05 10:00:00+00:00,288.9,290.8,287.7,288.5,633365.0,present
2880,2025-06-05 12:00:00+00:00,288.6,289.6,286.7,289.2,501592.0,present
2881,2025-06-05 14:00:00+00:00,289.2,290.0,285.7,287.1,407071.0,present
2882,2025-06-05 16:00:00+00:00,287.0,287.3,283.7,285.3,430191.0,present
2883,2025-06-05 18:00:00+00:00,285.1,286.3,284.7,285.8,95471.0,present
2884,2025-06-05 20:00:00+00:00,285.8,287.0,284.8,284.8,99486.0,present
2885,2025-06-05 22:00:00+00:00,286.26666666666665,287.06666666666666,285.6,285.6,68416.33333333334,interpolated
2886,2025-06-06 00:00:00+00:00,286.73333333333335,287.1333333333333,286.4,286.4,37346.66666666667,interpolated
2887,2025-06-06 02:00:00+00:00,287.2,287.2,287.2,287.2,6277.0,present
2888,2025-06-06 04:00:00+00:00,286.0,288.5,286.0,287.3,227307.0,present
2889,2025-06-06 06:00:00+00:00,287.4,287.9,285.0,286.9,314115.0,present
2890,2025-06-06 08:00:00+00:00,287.2,287.2,281.8,282.5,725937.0,present
2891,2025-06-06 10:00:00+00:00,282.5,294.4,278.6,283.0,3077061.0,present
2892,2025-06-06 12:00:00+00:00,283.1,283.3,273.0,276.38851337146764,1930349.0,present
2893,2025-06-06 14:00:00+00:00,275.7,276.4,272.0,274.8,686433.0,present
2894,2025-06-06 16:00:00+00:00,274.8,276.6,273.6,276.1,213509.0,present
2895,2025-06-06 18:00:00+00:00,276.1,276.1,273.0,274.0,176889.0,present
2896,2025-06-06 20:00:00+00:00,274.2,274.9,273.1,273.7,76005.0,present
2897,2025-06-06 22:00:00+00:00,274.15999999999997,275.09999999999997,273.28000000000003,274.12,69785.0,interpolated
2898,2025-06-07 00:00:00+00:00,274.12,275.29999999999995,273.46000000000004,274.54,63565.0,interpolated
2899,2025-06-07 02:00:00+00:00,274.08,275.5,273.64,274.96,57345.0,interpolated
2900,2025-06-07 04:00:00+00:00,274.04,275.7,273.82,275.38,51125.0,interpolated
2901,2025-06-07 06:00:00+00:00,274.0,275.9,274.0,275.8,44905.0,present
2902,2025-06-07 08:00:00+00:00,275.6,275.8,274.5,274.9,25182.0,present
2903,2025-06-07 10:00:00+00:00,274.9,275.5,274.6,275.0,19663.0,present
2904,2025-06-07 12:00:00+00:00,275.0,276.0,274.7,275.7,45861.0,present
2905,2025-06-07 14:00:00+00:00,275.7,276.0,275.5,275.8,11759.0,present
2906,2025-06-07 16:00:00+00:00,275.7125,276.125,275.45,275.8125,14344.25,interpolated
2907,2025-06-07 18:00:00+00:00,275.725,276.25,275.4,275.825,16929.5,interpolated
2908,2025-06-07 20:00:00+00:00,275.7375,276.375,275.35,275.8375,19514.75,interpolated
2909,2025-06-07 22:00:00+00:00,275.75,276.5,275.3,275.85,22100.0,interpolated
2910,2025-06-08 00:00:00+00:00,275.7625,276.625,275.25,275.8625,24685.25,interpolated
2911,2025-06-08 02:00:00+00:00,275.775,276.75,275.20000000000005,275.875,27270.5,interpolated
2912,2025-06-08 04:00:00+00:00,275.7875,276.875,275.15000000000003,275.8875,29855.75,interpolated
2913,2025-06-08 06:00:00+00:00,275.8,277.0,275.1,275.9,32441.0,present
2914,2025-06-08 08:00:00+00:00,276.1,276.2,275.5,275.9,15237.0,present
2915,2025-06-08 10:00:00+00:00,276.2,276.2,274.9,275.2,20108.0,present
2916,2025-06-08 12:00:00+00:00,275.2,275.3,272.4,273.4,103933.0,present
2917,2025-06-08 14:00:00+00:00,273.1,273.9,272.4,272.4,28211.0,present
2918,2025-06-08 16:00:00+00:00,273.08333333333337,273.75,272.5,272.5,23522.666666666668,interpolated
2919,2025-06-08 18:00:00+00:00,273.06666666666666,273.59999999999997,272.59999999999997,272.59999999999997,18834.333333333336,interpolated
2920,2025-06-08 20:00:00+00:00,273.05,273.45,272.7,272.7,14146.0,interpolated
2921,2025-06-08 22:00:00+00:00,273.03333333333336,273.3,272.8,272.8,9457.666666666668,interpolated
2922,2025-06-09 00:00:00+00:00,273.01666666666665,273.15,272.9,272.9,4769.333333333332,interpolated
2923,2025-06-09 02:00:00+00:00,273.0,273.0,273.0,273.0,81.0,present
2924,2025-06-09 04:00:00+00:00,272.9,275.9,271.0,271.9,197294.0,present
2925,2025-06-09 06:00:00+00:00,271.6,274.2,268.4,271.0,952197.0,present
2926,2025-06-09 08:00:00+00:00,271.1,272.5,268.4,271.6,736310.0,present
2927,2025-06-09 10:00:00+00:00,271.5,272.4,269.0,269.5,287614.0,present
2928,2025-06-09 12:00:00+00:00,269.5,271.0,267.8,268.1,608982.0,present
2929,2025-06-09 14:00:00+00:00,268.1,271.1,268.1,269.9,315549.0,present
2930,2025-06-09 16:00:00+00:00,270.2,272.2,270.0,271.4,125081.0,present
2931,2025-06-09 18:00:00+00:00,271.2,273.2,270.4,272.7,136033.0,present
2932,2025-06-09 20:00:00+00:00,272.7,273.2,271.7,272.7,67035.0,present
2933,2025-06-09 22:00:00+00:00,272.8,273.1333333333333,272.1333333333333,272.8,44706.333333333336,interpolated
2934,2025-06-10 00:00:00+00:00,272.9,273.06666666666666,272.56666666666666,272.9,22377.66666666667,interpolated
2935,2025-06-10 02:00:00+00:00,273.0,273.0,273.0,273.0,49.0,present
2936,2025-06-10 04:00:00+00:00,273.2,278.4,272.5,277.0,375325.0,present
2937,2025-06-10 06:00:00+00:00,277.0,278.4,274.1,275.0,629850.0,present
2938,2025-06-10 08:00:00+00:00,275.0,275.7,271.4,273.2,511402.0,present
2939,2025-06-10 10:00:00+00:00,273.2,273.9,270.0,271.6,408638.0,present
2940,2025-06-10 12:00:00+00:00,271.9,275.6,271.3,273.9,671194.0,present
2941,2025-06-10 14:00:00+00:00,273.9,274.7,271.1,272.4,548638.0,present
2942,2025-06-10 16:00:00+00:00,272.6,273.0,270.1,270.5,203243.0,present
2943,2025-06-10 18:00:00+00:00,270.5,271.7,270.4,270.9,60722.0,present
2944,2025-06-10 20:00:00+00:00,270.8,271.5,270.3,271.4,40473.0,present
2945,2025-06-10 22:00:00+00:00,271.0,271.46666666666664,270.6666666666667,271.4,27029.666666666664,interpolated
2946,2025-06-11 00:00:00+00:00,271.2,271.43333333333334,271.0333333333333,271.4,13586.333333333332,interpolated
2947,2025-06-11 02:00:00+00:00,271.4,271.4,271.4,271.4,143.0,present
2948,2025-06-11 04:00:00+00:00,271.5,273.1,270.5,272.2,135890.0,present
2949,2025-06-11 06:00:00+00:00,272.2,274.9,271.2,272.5,259941.0,present
2950,2025-06-11 08:00:00+00:00,272.6,274.1,270.6,272.1,322634.0,present
2951,2025-06-11 10:00:00+00:00,272.1,273.6,271.1,272.4,171288.0,present
2952,2025-06-11 12:00:00+00:00,272.5,273.2,269.4,269.8,284441.0,present
2953,2025-06-11 14:00:00+00:00,269.8,270.4,260.9,263.4968936665087,2171968.0,present
2954,2025-06-11 16:00:00+00:00,262.1,262.3,256.6,258.2,2172857.0,present
2955,2025-06-11 18:00:00+00:00,258.0,259.5,257.1,258.7,343765.0,present
2956,2025-06-11 20:00:00+00:00,259.0,259.4,258.1,258.5,143980.0,present
2957,2025-06-11 22:00:00+00:00,259.14,259.5133333333333,258.3,258.67333333333335,135049.46666666667,interpolated
2958,2025-06-12 00:00:00+00:00,259.28000000000003,259.62666666666667,258.5,258.8466666666667,126118.93333333333,interpolated
2959,2025-06-12 02:00:00+00:00,259.42,259.74,258.70000000000005,259.02,117188.4,interpolated
2960,2025-06-12 04:00:00+00:00,259.56,259.8533333333333,258.90000000000003,259.1933333333333,108257.86666666667,interpolated
2961,2025-06-12 06:00:00+00:00,259.7,259.96666666666664,259.1,259.3666666666667,99327.33333333334,interpolated
2962,2025-06-12 08:00:00+00:00,259.84000000000003,260.08,259.3,259.54,90396.8,interpolated
2963,2025-06-12 10:00:00+00:00,259.98,260.1933333333333,259.5,259.71333333333337,81466.26666666666,interpolated
2964,2025-06-12 12:00:00+00:00,260.12,260.3066666666667,259.70000000000005,259.88666666666666,72535.73333333334,interpolated
2965,2025-06-12 14:00:00+00:00,260.26,260.42,259.90000000000003,260.06,63605.20000000001,interpolated
2966,2025-06-12 16:00:00+00:00,260.40000000000003,260.53333333333336,260.1,260.23333333333335,54674.66666666667,interpolated
2967,2025-06-12 18:00:00+00:00,260.54,260.6466666666667,260.3,260.4066666666667,45744.133333333346,interpolated
2968,2025-06-12 20:00:00+00:00,260.68,260.76,260.5,260.58000000000004,36813.600000000006,interpolated
2969,2025-06-12 22:00:00+00:00,260.82,260.87333333333333,260.70000000000005,260.75333333333333,27883.06666666668,interpolated
2970,2025-06-13 00:00:00+00:00,260.96000000000004,260.9866666666667,260.90000000000003,260.9266666666667,18952.53333333334,interpolated
2971,2025-06-13 02:00:00+00:00,261.1,261.1,261.1,261.1,10022.0,present
2972,2025-06-13 04:00:00+00:00,260.6,262.9,258.3,261.6,542238.0,present
2973,2025-06-13 06:00:00+00:00,261.4,261.4,258.6,259.5,193051.0,present
2974,2025-06-13 08:00:00+00:00,259.5,261.8,259.0,261.0,246670.0,present
2975,2025-06-13 10:00:00+00:00,261.0,261.5,259.3,259.7,209437.0,present
2976,2025-06-13 12:00:00+00:00,259.6,260.2,259.0,259.5,115422.0,present
2977,2025-06-13 14:00:00+00:00,259.5,259.8,256.7,258.5,232129.0,present
2978,2025-06-13 16:00:00+00:00,258.0,258.7,257.7,258.5,78218.0,present
2979,2025-06-13 18:00:00+00:00,258.4,259.3,257.9,257.9,52254.0,present
2980,2025-06-13 20:00:00+00:00,258.0,258.1,257.5,257.6,22916.0,present
2981,2025-06-13 22:00:00+00:00,258.02,258.48,257.62,257.84000000000003,24881.6,interpolated
2982,2025-06-14 00:00:00+00:00,258.04,258.86,257.74,258.08000000000004,26847.2,interpolated
2983,2025-06-14 02:00:00+00:00,258.06,259.24,257.86,258.32,28812.8,interpolated
2984,2025-06-14 04:00:00+00:00,258.08000000000004,259.62,257.98,258.56,30778.4,interpolated
2985,2025-06-14 06:00:00+00:00,258.1,260.0,258.1,258.8,32744.0,present
2986,2025-06-14 08:00:00+00:00,259.0,259.6,258.1,259.2,47286.0,present
2987,2025-06-14 10:00:00+00:00,259.2,259.7,259.0,259.4,14707.0,present
2988,2025-06-14 12:00:00+00:00,259.4,259.5,259.2,259.4,9266.0,present
2989,2025-06-14 14:00:00+00:00,259.4,259.8,259.0,259.6,27888.0,present
2990,2025-06-14 16:00:00+00:00,259.34999999999997,260.0,258.8875,259.55,30816.5,interpolated
2991,2025-06-14 18:00:00+00:00,259.29999999999995,260.2,258.775,259.5,33745.0,interpolated
2992,2025-06-14 20:00:00+00:00,259.25,260.4,258.6625,259.45,36673.5,interpolated
2993,2025-06-14 22:00:00+00:00,259.2,260.6,258.55,259.4,39602.0,interpolated
2994,2025-06-15 00:00:00+00:00,259.15,260.8,258.4375,259.35,42530.5,interpolated
2995,2025-06-15 02:00:00+00:00,259.1,261.0,258.32500000000005,259.3,45459.0,interpolated
2996,2025-06-15 04:00:00+00:00,259.05,261.2,258.21250000000003,259.25,48387.5,interpolated
2997,2025-06-15 06:00:00+00:00,259.0,261.4,258.1,259.2,51316.0,present
2998,2025-06-15 08:00:00+00:00,259.3,260.0,258.8,259.9,16418.0,present
2999,2025-06-15 10:00:00+00:00,259.9,260.5,259.4,259.8,29267.0,present
3000,2025-06-15 12:00:00+00:00,259.8,260.0,259.1,259.6,24488.0,present
3001,2025-06-15 14:00:00+00:00,259.3,260.1,259.2,260.1,21331.0,present
3002,2025-06-15 16:00:00+00:00,259.4666666666667,260.1333333333333,259.3833333333333,260.1333333333333,17800.333333333332,interpolated
3003,2025-06-15 18:00:00+00:00,259.6333333333333,260.1666666666667,259.56666666666666,260.1666666666667,14269.666666666668,interpolated
3004,2025-06-15 20:00:00+00:00,259.8,260.20000000000005,259.75,260.20000000000005,10739.0,interpolated
3005,2025-06-15 22:00:00+00:00,259.9666666666667,260.23333333333335,259.93333333333334,260.23333333333335,7208.333333333334,interpolated
3006,2025-06-16 00:00:00+00:00,260.1333333333333,260.26666666666665,260.1166666666667,260.26666666666665,3677.666666666668,interpolated
3007,2025-06-16 02:00:00+00:00,260.3,260.3,260.3,260.3,147.0,present
3008,2025-06-16 04:00:00+00:00,260.3,263.7,259.4,261.6,238982.0,present
3009,2025-06-16 06:00:00+00:00,261.6,261.8,258.5,259.8,404679.0,present
3010,2025-06-16 08:00:00+00:00,259.8,260.1,256.8,259.6,405300.0,present
3011,2025-06-16 10:00:00+00:00,259.6,260.4,258.0,259.3,301036.0,present
3012,2025-06-16 12:00:00+00:00,259.3,260.8,258.0,258.4,308859.0,present
3013,2025-06-16 14:00:00+00:00,258.8,259.5,258.5,258.8,92122.0,present
3014,2025-06-16 16:00:00+00:00,258.8,260.1,258.0,259.3,158571.0,present
3015,2025-06-16 18:00:00+00:00,259.3,259.6,258.3,258.9,78340.0,present
3016,2025-06-16 20:00:00+00:00,258.8,258.9,256.2,256.6,181696.0,present
3017,2025-06-16 22:00:00+00:00,258.06666666666666,258.1333333333333,256.3333333333333,256.6,121239.33333333334,interpolated
3018,2025-06-17 00:00:00+00:00,257.33333333333337,257.3666666666667,256.4666666666667,256.6,60782.66666666667,interpolated
3019,2025-06-17 02:00:00+00:00,256.6,256.6,256.6,256.6,326.0,present
3020,2025-06-17 04:00:00+00:00,256.6,258.7,255.1,257.3,195072.0,present
3021,2025-06-17 06:00:00+00:00,257.3,259.0,256.2,258.0,383886.0,present
3022,2025-06-17 08:00:00+00:00,258.1,263.4,258.0,262.8,551900.0,present
3023,2025-06-17 10:00:00+00:00,262.8,262.9,260.3,261.4,428157.0,present
3024,2025-06-17 12:00:00+00:00,261.6,263.4,261.2,263.2,319695.0,present
3025,2025-06-17 14:00:00+00:00,263.3,264.3,262.5,263.6,435395.0,present
3026,2025-06-17 16:00:00+00:00,263.6,264.4,262.6,263.2,141044.0,present
3027,2025-06-17 18:00:00+00:00,263.3,264.0,261.6,262.9,199033.0,present
3028,2025-06-17 20:00:00+00:00,262.8,263.2,262.4,262.7,42227.0,present
3029,2025-06-17 22:00:00+00:00,262.8,263.06666666666666,262.5333333333333,262.73333333333335,28162.0,interpolated
3030,2025-06-18 00:00:00+00:00,262.8,262.93333333333334,262.6666666666667,262.76666666666665,14097.0,interpolated
3031,2025-06-18 02:00:00+00:00,262.8,262.8,262.8,262.8,32.0,present
3032,2025-06-18 04:00:00+00:00,263.0,266.2,262.8,264.8,271351.0,present
3033,2025-06-18 06:00:00+00:00,264.9,267.0,264.2,265.3,671956.0,present
3034,2025-06-18 08:00:00+00:00,265.3,272.0,264.4,271.4,1968510.0,present
3035,2025-06-18 10:00:00+00:00,271.4,272.7,269.6,270.2,725709.0,present
3036,2025-06-18 12:00:00+00:00,270.2,270.9,266.3,268.6,913387.0,present
3037,2025-06-18 14:00:00+00:00,268.7,268.9,266.2,267.5,431105.0,present
3038,2025-06-18 16:00:00+00:00,266.8,267.5,264.0,265.3,328630.0,present
3039,2025-06-18 18:00:00+00:00,265.5,267.4,264.6,266.1,181577.0,present
3040,2025-06-18 20:00:00+00:00,266.3,267.2,265.9,266.8,68275.0,present
3041,2025-06-18 22:00:00+00:00,266.3666666666667,266.96666666666664,266.09999999999997,266.7,45918.66666666667,interpolated
3042,2025-06-19 00:00:00+00:00,266.43333333333334,266.73333333333335,266.3,266.6,23562.333333333336,interpolated
3043,2025-06-19 02:00:00+00:00,266.5,266.5,266.5,266.5,1206.0,present
3044,2025-06-19 04:00:00+00:00,266.5,269.4,265.9,268.6,210244.0,present
3045,2025-06-19 06:00:00+00:00,268.9,269.4,266.1,266.8,373166.0,present
3046,2025-06-19 08:00:00+00:00,266.6,267.8,265.2,265.4,197937.0,present
3047,2025-06-19 10:00:00+00:00,265.3,267.0,264.4,266.2,341735.0,present
3048,2025-06-19 12:00:00+00:00,266.0,266.2,262.9,264.8,458872.0,present
3049,2025-06-19 14:00:00+00:00,265.1,266.3,264.3,266.0,199929.0,present
3050,2025-06-19 16:00:00+00:00,265.8,266.5,264.7,264.9,123997.0,present
3051,2025-06-19 18:00:00+00:00,264.9,265.2,264.6,265.0,36076.0,present
3052,2025-06-19 20:00:00+00:00,264.8,265.1,264.0,264.6,43880.0,present
3053,2025-06-19 22:00:00+00:00,264.8333333333333,265.03333333333336,264.3,264.7,29274.333333333336,interpolated
3054,2025-06-20 00:00:00+00:00,264.8666666666667,264.96666666666664,264.59999999999997,264.8,14668.666666666668,interpolated
3055,2025-06-20 02:00:00+00:00,264.9,264.9,264.9,264.9,63.0,present
3056,2025-06-20 04:00:00+00:00,264.6,266.5,264.2,264.2,105700.0,present
3057,2025-06-20 06:00:00+00:00,264.3,265.3,262.6,264.2,300913.0,present
3058,2025-06-20 08:00:00+00:00,264.3,264.7,263.3,263.9,99382.0,present
3059,2025-06-20 10:00:00+00:00,263.9,264.0,262.1,262.3,173250.0,present
3060,2025-06-20 12:00:00+00:00,262.2,264.0,259.3,259.9,836163.0,present
3061,2025-06-20 14:00:00+00:00,259.8,259.8,255.3,255.6,909423.0,present
3062,2025-06-20 16:00:00+00:00,256.0,257.3,255.4,255.7,213012.0,present
3063,2025-06-20 18:00:00+00:00,255.7,259.8,255.5,258.3,281832.0,present
3064,2025-06-20 20:00:00+00:00,258.2,258.8,257.8,258.1,106266.0,present
3065,2025-06-20 22:00:00+00:00,258.1925925925926,258.77037037037036,257.8074074074074,258.0962962962963,102361.18518518518,interpolated
3066,2025-06-21 00:00:00+00:00,258.18518518518516,258.74074074074076,257.81481481481484,258.0925925925926,98456.37037037036,interpolated
3067,2025-06-21 02:00:00+00:00,258.17777777777775,258.7111111111111,257.82222222222225,258.0888888888889,94551.55555555556,interpolated
3068,2025-06-21 04:00:00+00:00,258.17037037037034,258.6814814814815,257.82962962962966,258.0851851851852,90646.74074074074,interpolated
3069,2025-06-21 06:00:00+00:00,258.162962962963,258.65185185185186,257.837037037037,258.0814814814815,86741.92592592593,interpolated
3070,2025-06-21 08:00:00+00:00,258.15555555555557,258.6222222222222,257.84444444444443,258.0777777777778,82837.11111111111,interpolated
3071,2025-06-21 10:00:00+00:00,258.14814814814815,258.5925925925926,257.85185185185185,258.0740740740741,78932.29629629629,interpolated
3072,2025-06-21 12:00:00+00:00,258.14074074074074,258.56296296296296,257.85925925925926,258.07037037037037,75027.48148148147,interpolated
3073,2025-06-21 14:00:00+00:00,258.1333333333333,258.53333333333336,257.8666666666667,258.06666666666666,71122.66666666666,interpolated
3074,2025-06-21 16:00:00+00:00,258.1259259259259,258.5037037037037,257.8740740740741,258.06296296296296,67217.85185185185,interpolated
3075,2025-06-21 18:00:00+00:00,258.1185185185185,258.47407407407405,257.8814814814815,258.05925925925925,63313.03703703704,interpolated
3076,2025-06-21 20:00:00+00:00,258.1111111111111,258.44444444444446,257.8888888888889,258.05555555555554,59408.22222222222,interpolated
3077,2025-06-21 22:00:00+00:00,258.1037037037037,258.4148148148148,257.8962962962963,258.05185185185184,55503.4074074074,interpolated
3078,2025-06-22 00:00:00+00:00,258.0962962962963,258.3851851851852,257.9037037037037,258.0481481481482,51598.59259259259,interpolated
3079,2025-06-22 02:00:00+00:00,258.0888888888889,258.35555555555555,257.9111111111111,258.0444444444445,47693.777777777774,interpolated
3080,2025-06-22 04:00:00+00:00,258.0814814814815,258.32592592592596,257.9185185185185,258.0407407407408,43788.962962962956,interpolated
3081,2025-06-22 06:00:00+00:00,258.0740740740741,258.2962962962963,257.9259259259259,258.03703703703707,39884.148148148146,interpolated
3082,2025-06-22 08:00:00+00:00,258.06666666666666,258.26666666666665,257.93333333333334,258.03333333333336,35979.33333333333,interpolated
3083,2025-06-22 10:00:00+00:00,258.05925925925925,258.23703703703706,257.94074074074075,258.02962962962965,32074.51851851851,interpolated
3084,2025-06-22 12:00:00+00:00,258.05185185185184,258.2074074074074,257.94814814814816,258.02592592592595,28169.703703703693,interpolated
3085,2025-06-22 14:00:00+00:00,258.0444444444444,258.1777777777778,257.9555555555556,258.02222222222224,24264.88888888889,interpolated
3086,2025-06-22 16:00:00+00:00,258.037037037037,258.14814814814815,257.962962962963,258.01851851851853,20360.074074074073,interpolated
3087,2025-06-22 18:00:00+00:00,258.02962962962965,258.1185185185185,257.97037037037035,258.0148148148148,16455.259259259255,interpolated
3088,2025-06-22 20:00:00+00:00,258.02222222222224,258.0888888888889,257.97777777777776,258.0111111111111,12550.444444444438,interpolated
3089,2025-06-22 22:00:00+00:00,258.0148148148148,258.05925925925925,257.9851851851852,258.0074074074074,8645.62962962962,interpolated
3090,2025-06-23 00:00:00+00:00,258.0074074074074,258.02962962962965,257.9925925925926,258.0037037037037,4740.814814814803,interpolated
3091,2025-06-23 02:00:00+00:00,258.0,258.0,258.0,258.0,836.0,present
3092,2025-06-23 04:00:00+00:00,258.1,261.1,258.1,259.3,125354.0,present
3093,2025-06-23 06:00:00+00:00,259.2,259.4,255.9,257.4,249121.0,present
3094,2025-06-23 08:00:00+00:00,257.3,259.3,253.5,255.9,673400.0,present
3095,2025-06-23 10:00:00+00:00,255.7,256.1,253.6,253.9,283684.0,present
3096,2025-06-23 12:00:00+00:00,254.1,257.1,253.7,256.1,284893.0,present
3097,2025-06-23 14:00:00+00:00,256.3,258.0,255.8,257.1,337507.0,present
3098,2025-06-23 16:00:00+00:00,256.8,257.3,255.2,256.3,141108.0,present
3099,2025-06-23 18:00:00+00:00,256.3,256.3,253.1,253.3,296786.0,present
3100,2025-06-23 20:00:00+00:00,253.4,254.9,252.9,253.4,98263.0,present
3101,2025-06-23 22:00:00+00:00,253.26666666666668,254.26666666666668,252.93333333333334,253.26666666666668,66319.33333333333,interpolated
3102,2025-06-24 00:00:00+00:00,253.13333333333333,253.63333333333333,252.96666666666667,253.13333333333333,34375.666666666664,interpolated
3103,2025-06-24 02:00:00+00:00,253.0,253.0,253.0,253.0,2432.0,present
3104,2025-06-24 04:00:00+00:00,253.0,255.5,252.1,254.5,283138.0,present
3105,2025-06-24 06:00:00+00:00,254.5,255.1,251.8,252.9,372211.0,present
3106,2025-06-24 08:00:00+00:00,252.9,255.1,251.3,254.6,455002.0,present
3107,2025-06-24 10:00:00+00:00,254.6,254.6,252.9,253.5,118966.0,present
3108,2025-06-24 12:00:00+00:00,253.5,261.7,253.5,259.5,1365473.0,present
3109,2025-06-24 14:00:00+00:00,259.5,265.4,259.2,264.5,1257511.0,present
3110,2025-06-24 16:00:00+00:00,264.0,266.2,262.8,265.3,621636.0,present
3111,2025-06-24 18:00:00+00:00,265.3,271.7,265.2,270.0,1681454.0,present
3112,2025-06-24 20:00:00+00:00,270.3,271.5,270.0,271.0,407489.0,present
3113,2025-06-24 22:00:00+00:00,270.40000000000003,271.2,270.2,270.8666666666667,273818.3333333334,interpolated
3114,2025-06-25 00:00:00+00:00,270.5,270.90000000000003,270.40000000000003,270.73333333333335,140147.6666666667,interpolated
3115,2025-06-25 02:00:00+00:00,270.6,270.6,270.6,270.6,6477.0,present
3116,2025-06-25 04:00:00+00:00,270.6,271.5,267.9,268.3,821510.0,present
3117,2025-06-25 06:00:00+00:00,268.3,274.6,268.1,272.3,1750353.0,present
3118,2025-06-25 08:00:00+00:00,272.3,272.7,268.9,270.9,1054519.0,present
3119,2025-06-25 10:00:00+00:00,270.8,271.8,269.6,270.7,476317.0,present
3120,2025-06-25 12:00:00+00:00,270.8,271.0,266.3,267.0,888893.0,present
3121,2025-06-25 14:00:00+00:00,266.7,269.5,266.6,269.0,391172.0,present
3122,2025-06-25 16:00:00+00:00,268.4,270.4,268.3,268.8,193981.0,present
3123,2025-06-25 18:00:00+00:00,268.8,269.5,267.1,268.4,213025.0,present
3124,2025-06-25 20:00:00+00:00,268.4,268.8,268.0,268.7,71087.0,present
3125,2025-06-25 22:00:00+00:00,268.3,268.56666666666666,268.03333333333336,268.5,47786.66666666667,interpolated
3126,2025-06-26 00:00:00+00:00,268.2,268.33333333333337,268.06666666666666,268.3,24486.333333333336,interpolated
3127,2025-06-26 02:00:00+00:00,268.1,268.1,268.1,268.1,1186.0,present
3128,2025-06-26 04:00:00+00:00,268.0,269.8,267.2,269.3,155824.0,present
3129,2025-06-26 06:00:00+00:00,269.3,271.4,267.5,269.0,1127490.0,present
3130,2025-06-26 08:00:00+00:00,269.0,272.4,269.0,271.8,529587.0,present
3131,2025-06-26 10:00:00+00:00,272.1,273.5,271.6,273.0,601060.0,present
3132,2025-06-26 12:00:00+00:00,273.0,273.3,270.1,271.5,351440.0,present
3133,2025-06-26 14:00:00+00:00,271.3,273.1,269.5,270.4,351876.0,present
3134,2025-06-26 16:00:00+00:00,270.4,271.3,268.0,269.0,254354.0,present
3135,2025-06-26 18:00:00+00:00,268.8,269.4,268.0,269.3,136562.0,present
3136,2025-06-26 20:00:00+00:00,269.2,269.8,268.5,269.0,43029.0,present
3137,2025-06-26 22:00:00+00:00,269.0333333333333,269.43333333333334,268.56666666666666,268.9,28737.666666666668,interpolated
3138,2025-06-27 00:00:00+00:00,268.8666666666667,269.06666666666666,268.6333333333333,268.8,14446.333333333336,interpolated
3139,2025-06-27 02:00:00+00:00,268.7,268.7,268.7,268.7,155.0,present
3140,2025-06-27 04:00:00+00:00,268.7,270.1,267.4,268.1,136915.0,present
3141,2025-06-27 06:00:00+00:00,268.1,269.8,265.7,266.0,504325.0,present
3142,2025-06-27 08:00:00+00:00,266.1,267.0,265.2,265.8,392419.0,present
3143,2025-06-27 10:00:00+00:00,265.8,266.7,263.8,265.1,539953.0,present
3144,2025-06-27 12:00:00+00:00,265.3,266.5,264.0,266.3,427383.0,present
3145,2025-06-27 14:00:00+00:00,266.4,269.0,266.0,267.0,615945.0,present
3146,2025-06-27 16:00:00+00:00,267.0,269.0,266.6,268.2,211333.0,present
3147,2025-06-27 18:00:00+00:00,267.9,268.5,267.6,268.4,130229.0,present
3148,2025-06-27 20:00:00+00:00,268.4,268.7,267.8,268.1,87867.0,present
3149,2025-06-27 22:00:00+00:00,268.4,268.76,267.90000000000003,268.24,79659.8,interpolated
3150,2025-06-28 00:00:00+00:00,268.4,268.82,268.0,268.38,71452.6,interpolated
3151,2025-06-28 02:00:00+00:00,268.4,268.88,268.1,268.52000000000004,63245.399999999994,interpolated
3152,2025-06-28 04:00:00+00:00,268.4,268.94,268.2,268.66,55038.2,interpolated
3153,2025-06-28 06:00:00+00:00,268.4,269.0,268.3,268.8,46831.0,present
3154,2025-06-28 08:00:00+00:00,268.9,269.0,267.9,268.0,40359.0,present
3155,2025-06-28 10:00:00+00:00,268.3,268.7,268.1,268.6,8209.0,present
3156,2025-06-28 12:00:00+00:00,268.3,268.8,268.2,268.5,15770.0,present
3157,2025-06-28 14:00:00+00:00,268.4,269.0,268.3,268.7,32605.0,present
3158,2025-06-28 16:00:00+00:00,268.36249999999995,268.975,268.2375,268.675,29521.5,interpolated
3159,2025-06-28 18:00:00+00:00,268.325,268.95,268.175,268.65,26438.0,interpolated
3160,2025-06-28 20:00:00+00:00,268.2875,268.925,268.1125,268.625,23354.5,interpolated
3161,2025-06-28 22:00:00+00:00,268.25,268.9,268.05,268.6,20271.0,interpolated
3162,2025-06-29 00:00:00+00:00,268.2125,268.875,267.9875,268.575,17187.5,interpolated
3163,2025-06-29 02:00:00+00:00,268.175,268.85,267.925,268.55,14104.0,interpolated
3164,2025-06-29 04:00:00+00:00,268.13750000000005,268.825,267.8625,268.525,11020.5,interpolated
3165,2025-06-29 06:00:00+00:00,268.1,268.8,267.8,268.5,7937.0,present
3166,2025-06-29 08:00:00+00:00,268.8,268.8,268.1,268.6,6114.0,present
3167,2025-06-29 10:00:00+00:00,268.7,269.0,268.4,268.7,10481.0,present
3168,2025-06-29 12:00:00+00:00,268.7,270.7,268.7,269.2,98735.0,present
3169,2025-06-29 14:00:00+00:00,269.2,269.6,267.9,269.1,53739.0,present
3170,2025-06-29 16:00:00+00:00,269.16666666666663,269.5,268.0833333333333,269.08333333333337,44806.166666666664,interpolated
3171,2025-06-29 18:00:00+00:00,269.1333333333333,269.40000000000003,268.26666666666665,269.06666666666666,35873.33333333333,interpolated
3172,2025-06-29 20:00:00+00:00,269.1,269.3,268.45,269.05,26940.5,interpolated
3173,2025-06-29 22:00:00+00:00,269.06666666666666,269.2,268.6333333333333,269.03333333333336,18007.666666666664,interpolated
3174,2025-06-30 00:00:00+00:00,269.0333333333333,269.1,268.81666666666666,269.01666666666665,9074.833333333328,interpolated
3175,2025-06-30 02:00:00+00:00,269.0,269.0,269.0,269.0,142.0,present
3176,2025-06-30 04:00:00+00:00,269.0,271.2,268.1,269.0,143299.0,present
3177,2025-06-30 06:00:00+00:00,269.2,272.0,268.6,269.9,414308.0,present
3178,2025-06-30 08:00:00+00:00,269.9,270.8,268.9,270.4,278669.0,present
3179,2025-06-30 10:00:00+00:00,270.2,277.6,270.2,275.9,1572214.0,present
3180,2025-06-30 12:00:00+00:00,275.8,279.0,275.4,276.7,922901.0,present
3181,2025-06-30 14:00:00+00:00,276.7,281.3,276.4,279.7,1489161.0,present
3182,2025-06-30 16:00:00+00:00,279.9,282.0,279.6,281.7,465387.0,present
3183,2025-06-30 18:00:00+00:00,281.7,281.7,280.0,280.0,197428.0,present
3184,2025-06-30 20:00:00+00:00,280.0,280.2,279.5,280.0,104905.0,present
3185,2025-06-30 22:00:00+00:00,280.0,280.1333333333333,279.6666666666667,280.0,70802.33333333334,interpolated
3186,2025-07-01 00:00:00+00:00,280.0,280.06666666666666,279.8333333333333,280.0,36699.66666666667,interpolated
3187,2025-07-01 02:00:00+00:00,280.0,280.0,280.0,280.0,2597.0,present
3188,2025-07-01 04:00:00+00:00,280.0,280.7,278.0,280.4,364219.0,present
3189,2025-07-01 06:00:00+00:00,280.4,283.1,279.2,280.5,630042.0,present
3190,2025-07-01 08:00:00+00:00,280.5,284.9,279.8,283.5,1886922.0,present
3191,2025-07-01 10:00:00+00:00,283.5,284.8,281.5,284.3,560097.0,present
3192,2025-07-01 12:00:00+00:00,284.4,286.7,283.5,284.5,1051629.0,present
3193,2025-07-01 14:00:00+00:00,284.5,285.8,281.2,282.9,709599.0,present
3194,2025-07-01 16:00:00+00:00,282.9,283.6,279.0,281.2,734182.0,present
3195,2025-07-01 18:00:00+00:00,281.0,281.8,278.7,279.1,402153.0,present
3196,2025-07-01 20:00:00+00:00,279.3,285.6,278.7,281.7,628341.0,present
3197,2025-07-01 22:00:00+00:00,280.1666666666667,284.3666666666667,279.76666666666665,281.76666666666665,418956.6666666666,interpolated
3198,2025-07-02 00:00:00+00:00,281.0333333333333,283.1333333333333,280.8333333333333,281.8333333333333,209572.3333333333,interpolated
3199,2025-07-02 02:00:00+00:00,281.9,281.9,281.9,281.9,188.0,present
3200,2025-07-02 04:00:00+00:00,281.9,285.8,281.4,283.5,728144.0,present
3201,2025-07-02 06:00:00+00:00,283.4,284.8,280.6,281.9,659091.0,present
3202,2025-07-02 08:00:00+00:00,281.8,283.6,280.2,282.5,712369.0,present
3203,2025-07-02 10:00:00+00:00,282.5,284.8,281.0,283.3,620326.0,present
3204,2025-07-02 12:00:00+00:00,283.3,287.4,283.3,285.2,1041852.0,present
3205,2025-07-02 14:00:00+00:00,285.2,286.2,282.5,283.3,471289.0,present
3206,2025-07-02 16:00:00+00:00,283.3,290.0,283.3,289.0,887890.0,present
3207,2025-07-02 18:00:00+00:00,289.0,289.5,286.8,287.7,620971.0,present
3208,2025-07-02 20:00:00+00:00,287.7,289.3,287.1,288.8,113244.0,present
3209,2025-07-02 22:00:00+00:00,288.0333333333333,289.1,287.6333333333333,288.76666666666665,75632.33333333334,interpolated
3210,2025-07-03 00:00:00+00:00,288.3666666666667,288.9,288.1666666666667,288.73333333333335,38020.66666666667,interpolated
3211,2025-07-03 02:00:00+00:00,288.7,288.7,288.7,288.7,409.0,present
3212,2025-07-03 04:00:00+00:00,288.7,290.5,285.4,287.6,681552.0,present
3213,2025-07-03 06:00:00+00:00,287.5,288.8,283.2,287.7,1132966.0,present
3214,2025-07-03 08:00:00+00:00,287.7,294.5,287.3,291.7,2509162.0,present
3215,2025-07-03 10:00:00+00:00,291.8,298.4,290.8,294.0,1743644.0,present
3216,2025-07-03 12:00:00+00:00,294.2,298.0,293.7,296.7,828648.0,present
3217,2025-07-03 14:00:00+00:00,296.6,296.7,293.7,295.3,658103.0,present
3218,2025-07-03 16:00:00+00:00,295.9,295.9,292.0,293.1,584414.0,present
3219,2025-07-03 18:00:00+00:00,293.2,294.1,292.3,292.8,250819.0,present
3220,2025-07-03 20:00:00+00:00,292.8,293.0,291.6,293.0,148505.0,present
3221,2025-07-03 22:00:00+00:00,292.8666666666667,293.0,292.06666666666666,293.0,99649.0,interpolated
3222,2025-07-04 00:00:00+00:00,292.93333333333334,293.0,292.53333333333336,293.0,50793.0,interpolated
3223,2025-07-04 02:00:00+00:00,293.0,293.0,293.0,293.0,1937.0,present
3224,2025-07-04 04:00:00+00:00,293.0,293.0,289.2,290.0,468524.0,present
3225,2025-07-04 06:00:00+00:00,290.0,294.7,290.0,291.5,605220.0,present
3226,2025-07-04 08:00:00+00:00,291.5,291.7,286.2,289.9,1263001.0,present
3227,2025-07-04 10:00:00+00:00,289.8,291.9,287.6,290.6,630324.0,present
3228,2025-07-04 12:00:00+00:00,290.6,291.5,288.8,289.3,275353.0,present
3229,2025-07-04 14:00:00+00:00,289.0,290.2,288.8,289.7,228262.0,present
3230,2025-07-04 16:00:00+00:00,289.7,290.8,287.7,288.7,327751.0,present
3231,2025-07-04 18:00:00+00:00,288.5,289.8,287.4,288.0,238309.0,present
3232,2025-07-04 20:00:00+00:00,288.0,290.0,288.0,289.7,98237.0,present
3233,2025-07-04 22:00:00+00:00,288.4,290.0,288.14,289.62,84186.0,interpolated
3234,2025-07-05 00:00:00+00:00,288.8,290.0,288.28,289.54,70135.0,interpolated
3235,2025-07-05 02:00:00+00:00,289.2,290.0,288.42,289.46,56084.0,interpolated
3236,2025-07-05 04:00:00+00:00,289.6,290.0,288.56,289.38,42033.0,interpolated
3237,2025-07-05 06:00:00+00:00,290.0,290.0,288.7,289.3,27982.0,present
3238,2025-07-05 08:00:00+00:00,289.3,289.4,289.0,289.3,30884.0,present
3239,2025-07-05 10:00:00+00:00,289.0,289.3,288.6,288.9,10388.0,present
3240,2025-07-05 12:00:00+00:00,288.9,289.3,288.5,288.8,21743.0,present
3241,2025-07-05 14:00:00+00:00,288.8,289.0,288.3,288.5,16722.0,present
3242,2025-07-05 16:00:00+00:00,288.7,288.95,288.2625,288.475,16553.75,interpolated
3243,2025-07-05 18:00:00+00:00,288.6,288.9,288.225,288.45,16385.5,interpolated
3244,2025-07-05 20:00:00+00:00,288.5,288.85,288.1875,288.425,16217.25,interpolated
3245,2025-07-05 22:00:00+00:00,288.4,288.8,288.15,288.4,16049.0,interpolated
3246,2025-07-06 00:00:00+00:00,288.3,288.75,288.1125,288.375,15880.75,interpolated
3247,2025-07-06 02:00:00+00:00,288.2,288.70000000000005,288.075,288.35,15712.5,interpolated
3248,2025-07-06 04:00:00+00:00,288.1,288.65000000000003,288.0375,288.325,15544.25,interpolated
3249,2025-07-06 06:00:00+00:00,288.0,288.6,288.0,288.3,15376.0,present
3250,2025-07-06 08:00:00+00:00,288.3,288.5,287.9,288.1,18477.0,present
3251,2025-07-06 10:00:00+00:00,288.1,288.5,286.1,287.5,85213.0,present
3252,2025-07-06 12:00:00+00:00,287.5,287.9,287.2,287.6,25880.0,present
3253,2025-07-06 14:00:00+00:00,287.6,287.8,287.1,287.4,25587.0,present
3254,2025-07-06 16:00:00+00:00,287.95000000000005,288.1166666666667,287.53333333333336,287.7833333333333,22989.666666666668,interpolated
3255,2025-07-06 18:00:00+00:00,288.3,288.43333333333334,287.9666666666667,288.16666666666663,20392.333333333336,interpolated
3256,2025-07-06 20:00:00+00:00,288.65,288.75,288.4,288.54999999999995,17795.0,interpolated
3257,2025-07-06 22:00:00+00:00,289.0,289.06666666666666,288.8333333333333,288.93333333333334,15197.666666666668,interpolated
3258,2025-07-07 00:00:00+00:00,289.35,289.3833333333333,289.26666666666665,289.31666666666666,12600.333333333334,interpolated
3259,2025-07-07 02:00:00+00:00,289.7,289.7,289.7,289.7,10003.0,present
3260,2025-07-07 04:00:00+00:00,289.0,289.2,283.8,285.2,509198.0,present
3261,2025-07-07 06:00:00+00:00,285.3,286.2,280.1,284.1,953762.0,present
3262,2025-07-07 08:00:00+00:00,284.1,286.6,282.5,284.8,881941.0,present
3263,2025-07-07 10:00:00+00:00,284.8,285.3,283.1,285.1,322742.0,present
3264,2025-07-07 12:00:00+00:00,285.1,285.8,283.8,284.3,392042.0,present
3265,2025-07-07 14:00:00+00:00,284.3,286.8,284.2,285.5,405272.0,present
3266,2025-07-07 16:00:00+00:00,285.5,285.9,283.5,283.9,252269.0,present
3267,2025-07-07 18:00:00+00:00,284.0,285.0,283.3,284.5,139623.0,present
3268,2025-07-07 20:00:00+00:00,284.4,284.6,283.4,284.2,54649.0,present
3269,2025-07-07 22:00:00+00:00,283.96666666666664,284.1,283.3,283.8333333333333,36766.0,interpolated
3270,2025-07-08 00:00:00+00:00,283.53333333333336,283.6,283.2,283.4666666666667,18883.0,interpolated
3271,2025-07-08 02:00:00+00:00,283.1,283.1,283.1,283.1,1000.0,present
3272,2025-07-08 04:00:00+00:00,284.0,284.0,280.1,281.7,686148.0,present
3273,2025-07-08 06:00:00+00:00,282.0,284.6,279.5,284.3,792288.0,present
3274,2025-07-08 08:00:00+00:00,284.4,287.9,283.5,285.3,817430.0,present
3275,2025-07-08 10:00:00+00:00,285.6,286.1,283.5,283.8,312897.0,present
3276,2025-07-08 12:00:00+00:00,283.8,287.0,282.5,286.7,539192.0,present
3277,2025-07-08 14:00:00+00:00,286.4,295.7,286.4,293.55814758825613,1873703.0,present
3278,2025-07-08 16:00:00+00:00,294.0,294.7,285.8,287.22919357791034,1192983.0,present
3279,2025-07-08 18:00:00+00:00,286.5,288.2,285.4,286.5,648564.0,present
3280,2025-07-08 20:00:00+00:00,286.6,287.2,284.0,285.0,192747.0,present
3281,2025-07-08 22:00:00+00:00,286.1,286.5,284.3666666666667,285.03333333333336,128558.33333333333,interpolated
3282,2025-07-09 00:00:00+00:00,285.6,285.8,284.73333333333335,285.06666666666666,64369.66666666666,interpolated
3283,2025-07-09 02:00:00+00:00,285.1,285.1,285.1,285.1,181.0,present
3284,2025-07-09 04:00:00+00:00,285.3,290.6,285.2,288.4,592734.0,present
3285,2025-07-09 06:00:00+00:00,288.4,291.7,286.4,289.0,1163102.0,present
3286,2025-07-09 08:00:00+00:00,289.0,293.0,286.6,287.9,1654470.0,present
3287,2025-07-09 10:00:00+00:00,287.9,291.5,287.4,291.4,1032269.0,present
3288,2025-07-09 12:00:00+00:00,291.4,297.9,291.1,296.5,3045931.0,present
3289,2025-07-09 14:00:00+00:00,296.4,296.6,292.5,296.3,1880239.0,present
3290,2025-07-09 16:00:00+00:00,295.7,302.8,295.3,298.7,3467591.0,present
3291,2025-07-09 18:00:00+00:00,298.5,302.0,297.9,301.0,1025858.0,present
3292,2025-07-09 20:00:00+00:00,300.8,303.5,299.7,302.9,580385.0,present
3293,2025-07-09 22:00:00+00:00,301.6333333333333,303.43333333333334,300.9,303.0333333333333,390042.6666666667,interpolated
3294,2025-07-10 00:00:00+00:00,302.4666666666667,303.3666666666667,302.1,303.1666666666667,199700.33333333337,interpolated
3295,2025-07-10 02:00:00+00:00,303.3,303.3,303.3,303.3,9358.0,present
3296,2025-07-10 04:00:00+00:00,303.3,304.8,298.7,301.7,1005418.0,present
3297,2025-07-10 06:00:00+00:00,301.4,310.4,301.0,308.9169624254513,2873627.0,present
3298,2025-07-10 08:00:00+00:00,309.0,309.4,304.2,304.6,1976127.0,present
3299,2025-07-10 10:00:00+00:00,304.6,309.8,302.7,307.1,2538046.0,present
3300,2025-07-10 12:00:00+00:00,307.1,318.4,306.6,314.44613576684156,5133280.0,present
3301,2025-07-10 14:00:00+00:00,317.7,320.0,316.3,317.3,2926064.0,present
3302,2025-07-10 16:00:00+00:00,317.3,320.8,315.2,320.3,1752642.0,present
3303,2025-07-10 18:00:00+00:00,320.3,321.0,318.2,319.6,1639345.0,present
3304,2025-07-10 20:00:00+00:00,319.6,320.5,319.1,319.4,417692.0,present
3305,2025-07-10 22:00:00+00:00,319.6333333333333,320.23333333333335,319.3,319.5,281624.3333333334,interpolated
3306,2025-07-11 00:00:00+00:00,319.6666666666667,319.96666666666664,319.5,319.59999999999997,145556.6666666667,interpolated
3307,2025-07-11 02:00:00+00:00,319.7,319.7,319.7,319.7,9489.0,present
3308,2025-07-11 04:00:00+00:00,319.5,320.0,314.1,315.4,2187633.0,present
3309,2025-07-11 06:00:00+00:00,315.3,324.5,314.7,317.0,3586752.0,present
3310,2025-07-11 08:00:00+00:00,317.0,317.4,313.0,314.3,3161787.0,present
3311,2025-07-11 10:00:00+00:00,314.3,316.0,310.6,312.8,3005899.0,present
3312,2025-07-11 12:00:00+00:00,312.9,326.6,311.5,320.28248540497566,4578778.0,present
3313,2025-07-11 14:00:00+00:00,326.3,327.2,319.0,320.7,5012609.0,present
3314,2025-07-11 16:00:00+00:00,320.1,323.6,319.2,321.3,1240827.0,present
3315,2025-07-11 18:00:00+00:00,321.4,322.0,316.7,318.3,1551201.0,present
3316,2025-07-11 20:00:00+00:00,318.4,322.0,317.5,321.8,427249.0,present
3317,2025-07-11 22:00:00+00:00,318.82,322.76,318.04,322.28000000000003,426171.8,interpolated
3318,2025-07-12 00:00:00+00:00,319.24,323.52,318.58,322.76,425094.6,interpolated
3319,2025-07-12 02:00:00+00:00,319.65999999999997,324.28000000000003,319.12,323.24,424017.4,interpolated
3320,2025-07-12 04:00:00+00:00,320.08,325.04,319.65999999999997,323.71999999999997,422940.2,interpolated
3321,2025-07-12 06:00:00+00:00,320.5,325.8,320.2,324.2,421863.0,present
3322,2025-07-12 08:00:00+00:00,324.1,324.7,321.9,322.3,309148.0,present
3323,2025-07-12 10:00:00+00:00,322.2,324.0,321.8,322.4,182892.0,present
3324,2025-07-12 12:00:00+00:00,322.4,323.0,322.0,322.7,68098.0,present
3325,2025-07-12 14:00:00+00:00,322.7,323.7,322.1,323.3,87308.0,present
3326,2025-07-12 16:00:00+00:00,322.625,323.675,322.0375,323.1875,90244.375,interpolated
3327,2025-07-12 18:00:00+00:00,322.55,323.65,321.975,323.075,93180.75,interpolated
3328,2025-07-12 20:00:00+00:00,322.475,323.625,321.9125,322.9625,96117.125,interpolated
3329,2025-07-12 22:00:00+00:00,322.4,323.6,321.85,322.85,99053.5,interpolated
3330,2025-07-13 00:00:00+00:00,322.325,323.575,321.7875,322.7375,101989.875,interpolated
3331,2025-07-13 02:00:00+00:00,322.25,323.55,321.725,322.625,104926.25,interpolated
3332,2025-07-13 04:00:00+00:00,322.175,323.525,321.6625,322.5125,107862.625,interpolated
3333,2025-07-13 06:00:00+00:00,322.1,323.5,321.6,322.4,110799.0,present
3334,2025-07-13 08:00:00+00:00,322.1,322.3,319.5,320.9,370353.0,present
3335,2025-07-13 10:00:00+00:00,320.6,320.8,316.5,318.0,380965.0,present
3336,2025-07-13 12:00:00+00:00,318.0,319.5,317.3,319.2,121836.0,present
3337,2025-07-13 14:00:00+00:00,319.2,320.3,317.3,318.2,201017.0,present
3338,2025-07-13 16:00:00+00:00,318.8333333333333,319.75,317.25,318.0,168272.0,interpolated
3339,2025-07-13 18:00:00+00:00,318.46666666666664,319.2,317.2,317.8,135527.0,interpolated
3340,2025-07-13 20:00:00+00:00,318.1,318.65,317.15,317.6,102782.0,interpolated
3341,2025-07-13 22:00:00+00:00,317.73333333333335,318.1,317.1,317.4,70037.0,interpolated
3342,2025-07-14 00:00:00+00:00,317.3666666666667,317.55,317.05,317.2,37292.0,interpolated
3343,2025-07-14 02:00:00+00:00,317.0,317.0,317.0,317.0,4547.0,present
3344,2025-07-14 04:00:00+00:00,317.0,317.0,313.0,314.5,1275716.0,present
3345,2025-07-14 06:00:00+00:00,314.5,322.6,312.6,318.0,2391050.0,present
3346,2025-07-14 08:00:00+00:00,318.0,319.0,314.0,315.1,1411366.0,present
3347,2025-07-14 10:00:00+00:00,315.3,316.4,314.0,314.8,726183.0,present
3348,2025-07-14 12:00:00+00:00,314.9,317.2,313.1,314.5,972002.0,present
3349,2025-07-14 14:00:00+00:00,314.5,321.9,307.5,318.6,5161339.0,present
3350,2025-07-14 16:00:00+00:00,319.0,324.0,318.7,320.1,2286956.0,present
3351,2025-07-14 18:00:00+00:00,320.1,322.9,319.4,321.7,571753.0,present
3352,2025-07-14 20:00:00+00:00,321.7,324.2,321.6,324.2,219525.0,present
3353,2025-07-14 22:00:00+00:00,322.43333333333334,324.09999999999997,322.3666666666667,324.09999999999997,150312.6666666667,interpolated
3354,2025-07-15 00:00:00+00:00,323.16666666666663,324.0,323.1333333333333,324.0,81100.33333333334,interpolated
3355,2025-07-15 02:00:00+00:00,323.9,323.9,323.9,323.9,11888.0,present
3356,2025-07-15 04:00:00+00:00,323.6,324.8,320.8,324.2,1003428.0,present
3357,2025-07-15 06:00:00+00:00,324.4,327.8,320.8,321.3,2903620.0,present
3358,2025-07-15 08:00:00+00:00,321.0,332.5,321.0,328.9858138127196,4711160.0,present
3359,2025-07-15 10:00:00+00:00,331.4,331.7,328.3,329.4,1428187.0,present
3360,2025-07-15 12:00:00+00:00,329.3,330.3,327.6,329.1,1051206.0,present
3361,2025-07-15 14:00:00+00:00,329.1,333.7,329.1,331.9,1725012.0,present
3362,2025-07-15 16:00:00+00:00,331.9,332.3,329.7,331.2,586326.0,present
3363,2025-07-15 18:00:00+00:00,331.4,332.3,330.4,331.2,322495.0,present
3364,2025-07-15 20:00:00+00:00,331.2,332.0,330.6,331.0,121994.0,present
3365,2025-07-15 22:00:00+00:00,331.3,331.8333333333333,330.90000000000003,331.1666666666667,81392.66666666666,interpolated
3366,2025-07-16 00:00:00+00:00,331.4,331.6666666666667,331.2,331.3333333333333,40791.33333333333,interpolated
3367,2025-07-16 02:00:00+00:00,331.5,331.5,331.5,331.5,190.0,present
3368,2025-07-16 04:00:00+00:00,331.3,332.7,329.1,329.9,705462.0,present
3369,2025-07-16 06:00:00+00:00,330.0,331.2,327.3,328.3,1064599.0,present
3370,2025-07-16 08:00:00+00:00,328.3,331.3,327.8,330.9,959216.0,present
3371,2025-07-16 10:00:00+00:00,330.7,331.1,327.8,328.2,714266.0,present
3372,2025-07-16 12:00:00+00:00,328.2,330.5,327.9,329.1,653100.0,present
3373,2025-07-16 14:00:00+00:00,329.1,330.0,328.1,328.9,575264.0,present
3374,2025-07-16 16:00:00+00:00,329.3,331.9,328.4,331.0,832005.0,present
3375,2025-07-16 18:00:00+00:00,331.0,331.3,328.2,328.8,513506.0,present
3376,2025-07-16 20:00:00+00:00,328.9,329.4,328.8,329.0,75530.0,present
3377,2025-07-16 22:00:00+00:00,328.93333333333334,329.26666666666665,328.8666666666667,329.0,50501.33333333333,interpolated
3378,2025-07-17 00:00:00+00:00,328.96666666666664,329.1333333333333,328.93333333333334,329.0,25472.666666666664,interpolated
3379,2025-07-17 02:00:00+00:00,329.0,329.0,329.0,329.0,444.0,present
3380,2025-07-17 04:00:00+00:00,328.6,329.8,325.6,327.8,594399.0,present
3381,2025-07-17 06:00:00+00:00,327.7,331.5,326.9,330.0,1005213.0,present
3382,2025-07-17 08:00:00+00:00,330.0,330.9,329.1,330.0,478702.0,present
3383,2025-07-17 10:00:00+00:00,330.1,330.9,327.0,328.5,873464.0,present
3384,2025-07-17 12:00:00+00:00,328.4,328.7,325.0,325.2,777722.0,present
3385,2025-07-17 14:00:00+00:00,325.1,325.8,321.8,322.8,1378222.0,present
3386,2025-07-17 16:00:00+00:00,322.9,323.3,318.3,322.2,1404345.0,present
3387,2025-07-17 18:00:00+00:00,322.5,323.7,321.3,321.9,454107.0,present
3388,2025-07-17 20:00:00+00:00,321.9,323.4,321.5,322.6,133320.0,present
3389,2025-07-17 22:00:00+00:00,322.1333333333333,323.1333333333333,321.8666666666667,322.6,88896.33333333334,interpolated
3390,2025-07-18 00:00:00+00:00,322.3666666666667,322.8666666666667,322.23333333333335,322.6,44472.66666666667,interpolated
3391,2025-07-18 02:00:00+00:00,322.6,322.6,322.6,322.6,49.0,present
3392,2025-07-18 04:00:00+00:00,322.6,326.0,321.5,325.1,395621.0,present
3393,2025-07-18 06:00:00+00:00,325.1,327.1,322.0,323.2,1109167.0,present
3394,2025-07-18 08:00:00+00:00,323.2,329.9,321.5,327.1,2751193.0,present
3395,2025-07-18 10:00:00+00:00,327.2,328.4,323.1,325.8,1790971.0,present
3396,2025-07-18 12:00:00+00:00,325.9,326.2,324.2,324.9,534465.0,present
3397,2025-07-18 14:00:00+00:00,325.0,328.8,324.2,327.7,1240680.0,present
3398,2025-07-18 16:00:00+00:00,327.9,328.1,326.7,326.9,281240.0,present
3399,2025-07-18 18:00:00+00:00,327.1,328.4,326.8,328.2,236333.0,present
3400,2025-07-18 20:00:00+00:00,328.1,328.6,327.1,327.4,145368.0,present
3401,2025-07-18 22:00:00+00:00,327.96000000000004,329.04,327.16,327.82,166270.8,interpolated
3402,2025-07-19 00:00:00+00:00,327.82,329.48,327.22,328.24,187173.6,interpolated
3403,2025-07-19 02:00:00+00:00,327.68,329.92,327.28,328.65999999999997,208076.4,interpolated
3404,2025-07-19 04:00:00+00:00,327.53999999999996,330.36,327.34,329.08,228979.2,interpolated
3405,2025-07-19 06:00:00+00:00,327.4,330.8,327.4,329.5,249882.0,present
3406,2025-07-19 08:00:00+00:00,329.5,330.3,328.5,328.7,96870.0,present
3407,2025-07-19 10:00:00+00:00,328.6,332.3,328.6,330.0,649062.0,present
3408,2025-07-19 12:00:00+00:00,330.3,330.5,329.3,330.4,110830.0,present
3409,2025-07-19 14:00:00+00:00,330.4,330.5,329.6,329.7,63870.0,present
3410,2025-07-19 16:00:00+00:00,330.59999999999997,330.6875,329.5375,329.775,71715.25,interpolated
3411,2025-07-19 18:00:00+00:00,330.79999999999995,330.875,329.475,329.85,79560.5,interpolated
3412,2025-07-19 20:00:00+00:00,331.0,331.0625,329.4125,329.925,87405.75,interpolated
3413,2025-07-19 22:00:00+00:00,331.2,331.25,329.35,330.0,95251.0,interpolated
3414,2025-07-20 00:00:00+00:00,331.4,331.4375,329.2875,330.075,103096.25,interpolated
3415,2025-07-20 02:00:00+00:00,331.6,331.625,329.225,330.15,110941.5,interpolated
3416,2025-07-20 04:00:00+00:00,331.8,331.8125,329.1625,330.225,118786.75,interpolated
3417,2025-07-20 06:00:00+00:00,332.0,332.0,329.1,330.3,126632.0,present
3418,2025-07-20 08:00:00+00:00,330.1,330.3,329.1,329.2,87365.0,present
3419,2025-07-20 10:00:00+00:00,329.1,329.7,329.0,329.7,45807.0,present
3420,2025-07-20 12:00:00+00:00,329.7,330.5,329.4,329.8,40227.0,present
3421,2025-07-20 14:00:00+00:00,329.8,330.3,328.8,328.9,65695.0,present
3422,2025-07-20 16:00:00+00:00,329.6,330.01666666666665,328.76666666666665,328.84999999999997,54877.0,interpolated
3423,2025-07-20 18:00:00+00:00,329.40000000000003,329.73333333333335,328.73333333333335,328.8,44059.0,interpolated
3424,2025-07-20 20:00:00+00:00,329.20000000000005,329.45000000000005,328.70000000000005,328.75,33241.0,interpolated
3425,2025-07-20 22:00:00+00:00,329.0,329.1666666666667,328.6666666666667,328.7,22423.0,interpolated
3426,2025-07-21 00:00:00+00:00,328.8,328.8833333333333,328.6333333333333,328.65000000000003,11605.0,interpolated
3427,2025-07-21 02:00:00+00:00,328.6,328.6,328.6,328.6,787.0,present
3428,2025-07-21 04:00:00+00:00,328.5,335.0,328.1,332.7,1429926.0,present
3429,2025-07-21 06:00:00+00:00,332.5,333.4,329.1,333.4,1415031.0,present
3430,2025-07-21 08:00:00+00:00,333.4,339.0,332.7,337.9,3774911.0,present
3431,2025-07-21 10:00:00+00:00,337.7,339.0,335.0,336.8,1727059.0,present
3432,2025-07-21 12:00:00+00:00,337.0,338.5,335.1,337.0,1577761.0,present
3433,2025-07-21 14:00:00+00:00,337.2,337.8,336.0,336.7,548447.0,present
3434,2025-07-21 16:00:00+00:00,336.8,337.3,335.3,336.4,447238.0,present
3435,2025-07-21 18:00:00+00:00,336.6,337.6,336.0,337.0,275243.0,present
3436,2025-07-21 20:00:00+00:00,336.9,338.0,336.8,337.4,215134.0,present
3437,2025-07-21 22:00:00+00:00,337.2333333333333,337.96666666666664,337.1666666666667,337.56666666666666,143632.33333333334,interpolated
3438,2025-07-22 00:00:00+00:00,337.56666666666666,337.93333333333334,337.5333333333333,337.7333333333333,72130.66666666669,interpolated
3439,2025-07-22 02:00:00+00:00,337.9,337.9,337.9,337.9,629.0,present
3440,2025-07-22 04:00:00+00:00,338.1,338.5,335.5,335.9,254765.0,present
3441,2025-07-22 06:00:00+00:00,336.0,343.2,335.1,341.1,3206731.0,present
3442,2025-07-22 08:00:00+00:00,341.1,343.6,339.7,342.5,1913379.0,present
3443,2025-07-22 10:00:00+00:00,342.5,342.5,338.3,338.6,1104160.0,present
3444,2025-07-22 12:00:00+00:00,338.6,338.8,335.2,336.0,3228001.0,present
3445,2025-07-22 14:00:00+00:00,336.0,336.5,332.9,334.4,1400559.0,present
3446,2025-07-22 16:00:00+00:00,335.2,335.8,333.6,335.0,445776.0,present
3447,2025-07-22 18:00:00+00:00,335.0,336.9,334.7,336.7,261769.0,present
3448,2025-07-22 20:00:00+00:00,336.6,336.7,335.1,335.8,95788.0,present
3449,2025-07-22 22:00:00+00:00,336.40000000000003,336.46666666666664,335.40000000000003,335.8666666666667,64077.33333333333,interpolated
3450,2025-07-23 00:00:00+00:00,336.2,336.23333333333335,335.7,335.93333333333334,32366.666666666664,interpolated
3451,2025-07-23 02:00:00+00:00,336.0,336.0,336.0,336.0,656.0,present
3452,2025-07-23 04:00:00+00:00,336.5,337.4,333.4,333.8,635193.0,present
3453,2025-07-23 06:00:00+00:00,334.0,337.7,333.7,336.5,831431.0,present
3454,2025-07-23 08:00:00+00:00,336.3,336.5,333.6,334.7,723293.0,present
3455,2025-07-23 10:00:00+00:00,334.7,334.8,331.0,332.7,1108826.0,present
3456,2025-07-23 12:00:00+00:00,332.7,333.7,330.6,331.3,736930.0,present
3457,2025-07-23 14:00:00+00:00,331.2,334.6,330.6,333.7,842481.0,present
3458,2025-07-23 16:00:00+00:00,333.9,334.5,331.5,332.9,464269.0,present
3459,2025-07-23 18:00:00+00:00,332.8,333.5,331.0,332.6,439158.0,present
3460,2025-07-23 20:00:00+00:00,332.6,332.8,331.7,332.0,115705.0,present
3461,2025-07-23 22:00:00+00:00,332.1333333333333,332.26666666666665,331.5333333333333,331.73333333333335,77939.66666666666,interpolated
3462,2025-07-24 00:00:00+00:00,331.6666666666667,331.73333333333335,331.3666666666667,331.46666666666664,40174.33333333333,interpolated
3463,2025-07-24 02:00:00+00:00,331.2,331.2,331.2,331.2,2409.0,present
3464,2025-07-24 04:00:00+00:00,331.2,333.3,330.1,332.1,294364.0,present
3465,2025-07-24 06:00:00+00:00,332.4,333.9,331.0,331.9,422547.0,present
3466,2025-07-24 08:00:00+00:00,331.9,333.6,330.5,332.3,667126.0,present
3467,2025-07-24 10:00:00+00:00,332.3,332.9,330.3,331.9,371846.0,present
3468,2025-07-24 12:00:00+00:00,331.9,334.4,331.7,332.5,535630.0,present
3469,2025-07-24 14:00:00+00:00,332.7,333.9,332.1,332.8,251543.0,present
3470,2025-07-24 16:00:00+00:00,332.8,335.8,332.7,335.1,563739.0,present
3471,2025-07-24 18:00:00+00:00,335.1,335.8,333.7,334.0,400506.0,present
3472,2025-07-24 20:00:00+00:00,334.0,334.9,333.5,334.0,132999.0,present
3473,2025-07-24 22:00:00+00:00,334.2,334.8,333.8666666666667,334.2,88786.0,interpolated
3474,2025-07-25 00:00:00+00:00,334.40000000000003,334.7,334.23333333333335,334.40000000000003,44573.0,interpolated
3475,2025-07-25 02:00:00+00:00,334.6,334.6,334.6,334.6,360.0,present
3476,2025-07-25 04:00:00+00:00,334.0,335.2,333.4,334.0,126379.0,present
3477,2025-07-25 06:00:00+00:00,333.8,334.4,331.5,332.0,657965.0,present
3478,2025-07-25 08:00:00+00:00,332.0,332.5,330.2,331.2,598626.0,present
3479,2025-07-25 10:00:00+00:00,331.4,334.0,324.4,330.2,2379960.0,present
3480,2025-07-25 12:00:00+00:00,330.2,333.3,325.1,325.9,1458680.0,present
3481,2025-07-25 14:00:00+00:00,325.8,327.7,323.4,324.4,946169.0,present
3482,2025-07-25 16:00:00+00:00,324.5,327.5,322.5,325.8,669147.0,present
3483,2025-07-25 18:00:00+00:00,325.9,326.6,325.3,325.8,118756.0,present
3484,2025-07-25 20:00:00+00:00,325.7,326.2,325.1,325.4,118856.0,present
3485,2025-07-25 22:00:00+00:00,325.62,326.32,325.14000000000004,325.56,103740.0,interpolated
3486,2025-07-26 00:00:00+00:00,325.54,326.44,325.18,325.71999999999997,88624.0,interpolated
3487,2025-07-26 02:00:00+00:00,325.46,326.56,325.22,325.88,73508.0,interpolated
3488,2025-07-26 04:00:00+00:00,325.38,326.68,325.26,326.03999999999996,58391.99999999999,interpolated
3489,2025-07-26 06:00:00+00:00,325.3,326.8,325.3,326.2,43276.0,present
3490,2025-07-26 08:00:00+00:00,326.2,326.4,325.1,325.6,49858.0,present
3491,2025-07-26 10:00:00+00:00,325.6,325.9,323.3,323.8,79806.0,present
3492,2025-07-26 12:00:00+00:00,323.9,324.1,323.2,323.7,60324.0,present
3493,2025-07-26 14:00:00+00:00,323.7,324.4,323.5,324.3,39974.0,present
3494,2025-07-26 16:00:00+00:00,323.8125,324.42499999999995,323.225,324.05,51496.25,interpolated
3495,2025-07-26 18:00:00+00:00,323.925,324.45,322.95,323.8,63018.5,interpolated
3496,2025-07-26 20:00:00+00:00,324.0375,324.475,322.675,323.55,74540.75,interpolated
3497,2025-07-26 22:00:00+00:00,324.15,324.5,322.4,323.3,86063.0,interpolated
3498,2025-07-27 00:00:00+00:00,324.2625,324.525,322.125,323.05,97585.25,interpolated
3499,2025-07-27 02:00:00+00:00,324.375,324.55,321.85,322.8,109107.5,interpolated
3500,2025-07-27 04:00:00+00:00,324.4875,324.57500000000005,321.575,322.55,120629.75,interpolated
3501,2025-07-27 06:00:00+00:00,324.6,324.6,321.3,322.3,132152.0,present
3502,2025-07-27 08:00:00+00:00,322.3,322.3,320.8,321.2,121750.0,present
3503,2025-07-27 10:00:00+00:00,321.2,322.1,320.8,321.5,60749.0,present
3504,2025-07-27 12:00:00+00:00,321.4,321.9,321.2,321.5,36674.0,present
3505,2025-07-27 14:00:00+00:00,321.5,323.2,321.4,322.9,78184.0,present
3506,2025-07-27 16:00:00+00:00,321.73333333333335,323.15,321.65,322.9,65187.5,interpolated
3507,2025-07-27 18:00:00+00:00,321.96666666666664,323.09999999999997,321.9,322.9,52191.0,interpolated
3508,2025-07-27 20:00:00+00:00,322.2,323.04999999999995,322.15,322.9,39194.5,interpolated
3509,2025-07-27 22:00:00+00:00,322.43333333333334,323.0,322.4,322.9,26198.0,interpolated
3510,2025-07-28 00:00:00+00:00,322.66666666666663,322.95,322.65,322.9,13201.5,interpolated
3511,2025-07-28 02:00:00+00:00,322.9,322.9,322.9,322.9,205.0,present
3512,2025-07-28 04:00:00+00:00,323.0,324.7,321.5,323.9,287930.0,present
3513,2025-07-28 06:00:00+00:00,323.9,323.9,320.1,321.5,977180.0,present
3514,2025-07-28 08:00:00+00:00,321.5,327.9,321.0,326.6,1457068.0,present
3515,2025-07-28 10:00:00+00:00,326.6,328.7,323.8,325.0,892537.0,present
3516,2025-07-28 12:00:00+00:00,325.0,325.1,316.6,317.6,3076715.0,present
3517,2025-07-28 14:00:00+00:00,317.6,319.0,316.3,316.9,924890.0,present
3518,2025-07-28 16:00:00+00:00,316.9,318.4,315.3,315.8,828668.0,present
3519,2025-07-28 18:00:00+00:00,315.9,317.4,315.5,317.0,298884.0,present
3520,2025-07-28 20:00:00+00:00,317.2,317.4,316.5,317.2,90652.0,present
3521,2025-07-28 22:00:00+00:00,316.96666666666664,317.09999999999997,316.5,316.96666666666664,60633.0,interpolated
3522,2025-07-29 00:00:00+00:00,316.73333333333335,316.8,316.5,316.73333333333335,30614.0,interpolated
3523,2025-07-29 02:00:00+00:00,316.5,316.5,316.5,316.5,595.0,present
3524,2025-07-29 04:00:00+00:00,316.4,319.0,312.5,313.6,985621.0,present
3525,2025-07-29 06:00:00+00:00,313.6,316.8,311.4,313.1,1172394.0,present
3526,2025-07-29 08:00:00+00:00,313.3,316.1,311.8,314.8,796056.0,present
3527,2025-07-29 10:00:00+00:00,314.8,317.6,313.3,316.6,514732.0,present
3528,2025-07-29 12:00:00+00:00,316.6,318.0,314.8,315.3,322346.0,present
3529,2025-07-29 14:00:00+00:00,315.4,318.8,314.1,318.1,430161.0,present
3530,2025-07-29 16:00:00+00:00,317.9,318.9,313.5,314.4,464849.0,present
3531,2025-07-29 18:00:00+00:00,314.2,314.5,312.3,314.2,585443.0,present
3532,2025-07-29 20:00:00+00:00,314.1,314.9,314.0,314.7,128646.0,present
3533,2025-07-29 22:00:00+00:00,314.1333333333333,314.66666666666663,314.06666666666666,314.5333333333333,85866.0,interpolated
3534,2025-07-30 00:00:00+00:00,314.1666666666667,314.43333333333334,314.1333333333333,314.3666666666667,43086.0,interpolated
3535,2025-07-30 02:00:00+00:00,314.2,314.2,314.2,314.2,306.0,present
3536,2025-07-30 04:00:00+00:00,314.2,315.7,311.9,313.1,320586.0,present
3537,2025-07-30 06:00:00+00:00,313.1,319.7,312.8,319.0,1360155.0,present
3538,2025-07-30 08:00:00+00:00,319.2,327.0,318.9,322.3,3924518.0,present
3539,2025-07-30 10:00:00+00:00,322.4,323.2,320.2,321.0,1509176.0,present
3540,2025-07-30 12:00:00+00:00,321.0,322.3,319.0,321.3,1318946.0,present
3541,2025-07-30 14:00:00+00:00,321.4,324.0,321.1,322.3,644006.0,present
3542,2025-07-30 16:00:00+00:00,322.3,322.9,320.3,321.3,324822.0,present
3543,2025-07-30 18:00:00+00:00,321.4,324.0,321.3,323.9,355610.0,present
3544,2025-07-30 20:00:00+00:00,323.8,325.8,323.0,325.6,351592.0,present
3545,2025-07-30 22:00:00+00:00,324.3666666666667,325.7,323.8333333333333,325.56666666666666,234548.6666666667,interpolated
3546,2025-07-31 00:00:00+00:00,324.93333333333334,325.6,324.6666666666667,325.53333333333336,117505.33333333334,interpolated
3547,2025-07-31 02:00:00+00:00,325.5,325.5,325.5,325.5,462.0,present
3548,2025-07-31 04:00:00+00:00,325.4,325.8,322.9,324.3,299067.0,present
3549,2025-07-31 06:00:00+00:00,324.6,328.4,321.8,322.5,1009026.0,present
3550,2025-07-31 08:00:00+00:00,322.6,325.2,320.8,323.6,784715.0,present
3551,2025-07-31 10:00:00+00:00,323.7,325.7,322.5,323.9,344766.0,present
3552,2025-07-31 12:00:00+00:00,323.9,324.9,322.9,324.1,194097.0,present
3553,2025-07-31 14:00:00+00:00,324.2,324.3,322.9,323.7,164197.0,present
3554,2025-07-31 16:00:00+00:00,323.6,325.8,323.6,325.2,213670.0,present
3555,2025-07-31 18:00:00+00:00,325.2,325.8,324.3,324.4,102964.0,present
3556,2025-07-31 20:00:00+00:00,324.4,324.8,323.6,323.9,65514.0,present
3557,2025-07-31 22:00:00+00:00,324.2333333333333,324.5,323.7,323.9,43682.66666666667,interpolated
3558,2025-08-01 00:00:00+00:00,324.06666666666666,324.2,323.8,323.9,21851.333333333336,interpolated
3559,2025-08-01 02:00:00+00:00,323.9,323.9,323.9,323.9,20.0,present
3560,2025-08-01 04:00:00+00:00,323.9,327.0,323.9,325.6,201988.0,present
3561,2025-08-01 06:00:00+00:00,325.3,329.3,325.1,328.2,659513.0,present
3562,2025-08-01 08:00:00+00:00,328.1,332.0,327.5,330.2,919412.0,present
3563,2025-08-01 10:00:00+00:00,330.1,330.4,325.9,326.4,832113.0,present
3564,2025-08-01 12:00:00+00:00,326.4,329.7,325.7,327.7,557612.0,present
3565,2025-08-01 14:00:00+00:00,327.7,329.1,327.1,327.7,281008.0,present
3566,2025-08-01 16:00:00+00:00,327.7,328.0,324.1,326.5,554184.0,present
3567,2025-08-01 18:00:00+00:00,326.5,327.9,325.8,326.7,209290.0,present
3568,2025-08-01 20:00:00+00:00,326.9,328.3,326.8,327.3,111801.0,present
3569,2025-08-01 22:00:00+00:00,326.9592592592592,328.3074074074074,326.86296296296297,327.34444444444443,107780.66666666667,interpolated
3570,2025-08-02 00:00:00+00:00,327.0185185185185,328.31481481481484,326.9259259259259,327.3888888888889,103760.33333333333,interpolated
3571,2025-08-02 02:00:00+00:00,327.0777777777778,328.32222222222225,326.9888888888889,327.43333333333334,99740.0,interpolated
3572,2025-08-02 04:00:00+00:00,327.13703703703703,328.32962962962966,327.05185185185184,327.47777777777776,95719.66666666667,interpolated
3573,2025-08-02 06:00:00+00:00,327.1962962962963,328.337037037037,327.11481481481485,327.52222222222224,91699.33333333333,interpolated
3574,2025-08-02 08:00:00+00:00,327.25555555555553,328.34444444444443,327.1777777777778,327.56666666666666,87679.0,interpolated
3575,2025-08-02 10:00:00+00:00,327.3148148148148,328.35185185185185,327.24074074074076,327.61111111111114,83658.66666666666,interpolated
3576,2025-08-02 12:00:00+00:00,327.37407407407403,328.35925925925926,327.3037037037037,327.65555555555557,79638.33333333333,interpolated
3577,2025-08-02 14:00:00+00:00,327.43333333333334,328.3666666666667,327.3666666666667,327.7,75618.0,interpolated
3578,2025-08-02 16:00:00+00:00,327.4925925925926,328.3740740740741,327.42962962962963,327.74444444444447,71597.66666666666,interpolated
3579,2025-08-02 18:00:00+00:00,327.55185185185184,328.3814814814815,327.4925925925926,327.7888888888889,67577.33333333333,interpolated
3580,2025-08-02 20:00:00+00:00,327.6111111111111,328.3888888888889,327.55555555555554,327.8333333333333,63557.0,interpolated
3581,2025-08-02 22:00:00+00:00,327.67037037037034,328.3962962962963,327.6185185185185,327.8777777777778,59536.666666666664,interpolated
3582,2025-08-03 00:00:00+00:00,327.72962962962964,328.4037037037037,327.6814814814815,327.9222222222222,55516.33333333333,interpolated
3583,2025-08-03 02:00:00+00:00,327.7888888888889,328.4111111111111,327.74444444444447,327.9666666666667,51495.99999999999,interpolated
3584,2025-08-03 04:00:00+00:00,327.84814814814814,328.4185185185185,327.8074074074074,328.0111111111111,47475.666666666664,interpolated
3585,2025-08-03 06:00:00+00:00,327.9074074074074,328.4259259259259,327.8703703703704,328.05555555555554,43455.33333333333,interpolated
3586,2025-08-03 08:00:00+00:00,327.96666666666664,328.43333333333334,327.93333333333334,328.1,39435.0,interpolated
3587,2025-08-03 10:00:00+00:00,328.02592592592595,328.44074074074075,327.9962962962963,328.14444444444445,35414.66666666666,interpolated
3588,2025-08-03 12:00:00+00:00,328.0851851851852,328.44814814814816,328.05925925925925,328.18888888888887,31394.33333333333,interpolated
3589,2025-08-03 14:00:00+00:00,328.14444444444445,328.4555555555556,328.1222222222222,328.23333333333335,27374.0,interpolated
3590,2025-08-03 16:00:00+00:00,328.2037037037037,328.462962962963,328.18518518518516,328.27777777777777,23353.666666666657,interpolated
3591,2025-08-03 18:00:00+00:00,328.26296296296294,328.47037037037035,328.2481481481482,328.32222222222225,19333.33333333333,interpolated
3592,2025-08-03 20:00:00+00:00,328.3222222222222,328.47777777777776,328.31111111111113,328.3666666666667,15313.0,interpolated
3593,2025-08-03 22:00:00+00:00,328.3814814814815,328.4851851851852,328.3740740740741,328.4111111111111,11292.666666666657,interpolated
3594,2025-08-04 00:00:00+00:00,328.44074074074075,328.4925925925926,328.43703703703704,328.4555555555556,7272.3333333333285,interpolated
3595,2025-08-04 02:00:00+00:00,328.5,328.5,328.5,328.5,3252.0,present
3596,2025-08-04 04:00:00+00:00,328.4,328.5,326.8,328.2,118161.0,present
3597,2025-08-04 06:00:00+00:00,328.2,331.0,327.4,330.0,700098.0,present
3598,2025-08-04 08:00:00+00:00,330.2,332.2,329.5,331.7,653102.0,present
3599,2025-08-04 10:00:00+00:00,331.6,331.8,328.2,329.5,579898.0,present
3600,2025-08-04 12:00:00+00:00,329.4,330.7,328.5,329.7,229403.0,present
3601,2025-08-04 14:00:00+00:00,330.0,330.0,328.3,329.7,489367.0,present
3602,2025-08-04 16:00:00+00:00,329.4,330.6,329.0,330.1,177035.0,present
3603,2025-08-04 18:00:00+00:00,330.1,332.0,329.2,330.1,338470.0,present
3604,2025-08-04 20:00:00+00:00,330.2,331.8,329.8,330.6,100397.0,present
3605,2025-08-04 22:00:00+00:00,330.3333333333333,331.40000000000003,330.06666666666666,330.6,67109.66666666667,interpolated
3606,2025-08-05 00:00:00+00:00,330.4666666666667,331.0,330.33333333333337,330.6,33822.33333333334,interpolated
3607,2025-08-05 02:00:00+00:00,330.6,330.6,330.6,330.6,535.0,present
3608,2025-08-05 04:00:00+00:00,330.8,333.5,329.9,332.6,426728.0,present
3609,2025-08-05 06:00:00+00:00,332.5,332.6,330.2,330.6,295794.0,present
3610,2025-08-05 08:00:00+00:00,330.6,331.0,327.9,328.0,477867.0,present
3611,2025-08-05 10:00:00+00:00,328.0,328.0,325.7,327.4,702286.0,present
3612,2025-08-05 12:00:00+00:00,327.3,329.8,325.5,328.4,614859.0,present
3613,2025-08-05 14:00:00+00:00,328.4,328.4,325.0,327.3,387557.0,present
3614,2025-08-05 16:00:00+00:00,327.3,329.2,326.6,326.9,337189.0,present
3615,2025-08-05 18:00:00+00:00,327.0,328.3,326.8,328.1,100834.0,present
3616,2025-08-05 20:00:00+00:00,328.0,328.1,327.5,328.0,72672.0,present
3617,2025-08-05 22:00:00+00:00,328.23333333333335,328.3,327.9,328.23333333333335,48604.66666666667,interpolated
3618,2025-08-06 00:00:00+00:00,328.46666666666664,328.5,328.3,328.46666666666664,24537.333333333336,interpolated
3619,2025-08-06 02:00:00+00:00,328.7,328.7,328.7,328.7,470.0,present
3620,2025-08-06 04:00:00+00:00,328.6,329.0,327.0,328.4,110063.0,present
3621,2025-08-06 06:00:00+00:00,328.5,330.4,326.5,327.2,420258.0,present
3622,2025-08-06 08:00:00+00:00,327.2,329.0,327.0,328.8,246751.0,present
3623,2025-08-06 10:00:00+00:00,328.8,329.6,328.0,328.8,255719.0,present
3624,2025-08-06 12:00:00+00:00,328.8,330.6,327.8,327.8,692715.0,present
3625,2025-08-06 14:00:00+00:00,327.8,330.5,323.3,325.3,908890.0,present
3626,2025-08-06 16:00:00+00:00,325.3,330.0,324.0,329.6,682864.0,present
3627,2025-08-06 18:00:00+00:00,329.8,334.9,329.1,331.1,1222174.0,present
3628,2025-08-06 20:00:00+00:00,331.0,331.6,329.4,330.9,237373.0,present
3629,2025-08-06 22:00:00+00:00,330.96666666666664,331.3666666666667,329.9,330.9,159988.0,interpolated
3630,2025-08-07 00:00:00+00:00,330.93333333333334,331.1333333333333,330.4,330.9,82603.0,interpolated
3631,2025-08-07 02:00:00+00:00,330.9,330.9,330.9,330.9,5218.0,present
3632,2025-08-07 04:00:00+00:00,331.0,331.0,329.1,329.8,196922.0,present
3633,2025-08-07 06:00:00+00:00,330.0,333.0,328.4,331.4,451837.0,present
3634,2025-08-07 08:00:00+00:00,331.5,334.4,329.7,330.8,1414807.0,present
3635,2025-08-07 10:00:00+00:00,330.8,333.5,330.1,333.0,806669.0,present
3636,2025-08-07 12:00:00+00:00,333.0,333.4,330.0,332.0,408751.0,present
3637,2025-08-07 14:00:00+00:00,332.1,332.6,328.6,328.6,483154.0,present
3638,2025-08-07 16:00:00+00:00,328.6,330.9,327.5,328.9,330537.0,present
3639,2025-08-07 18:00:00+00:00,328.7,333.0,328.7,331.2,417747.0,present
3640,2025-08-07 20:00:00+00:00,331.2,332.5,330.6,331.8,102741.0,present
3641,2025-08-07 22:00:00+00:00,331.8,332.6666666666667,331.40000000000003,332.2,70160.66666666667,interpolated
3642,2025-08-08 00:00:00+00:00,332.4,332.8333333333333,332.2,332.6,37580.333333333336,interpolated
3643,2025-08-08 02:00:00+00:00,333.0,333.0,333.0,333.0,5000.0,present
3644,2025-08-08 04:00:00+00:00,332.7,332.7,329.8,330.4,197867.0,present
3645,2025-08-08 06:00:00+00:00,330.4,332.9,329.1,329.2,302066.0,present
3646,2025-08-08 08:00:00+00:00,329.3,330.0,328.7,328.8,288586.0,present
3647,2025-08-08 10:00:00+00:00,328.8,331.3,328.2,330.5,362639.0,present
3648,2025-08-08 12:00:00+00:00,330.6,332.6,329.9,330.6,488304.0,present
3649,2025-08-08 14:00:00+00:00,330.6,336.0,330.1,334.9,989865.0,present
3650,2025-08-08 16:00:00+00:00,334.5,334.8,333.1,333.9,195412.0,present
3651,2025-08-08 18:00:00+00:00,334.0,334.7,333.3,333.5,168974.0,present
3652,2025-08-08 20:00:00+00:00,333.4,335.2,333.1,334.6,290463.0,present
3653,2025-08-08 22:00:00+00:00,333.537037037037,335.27037037037036,333.2481481481482,334.69259259259263,279829.44444444444,interpolated
3654,2025-08-09 00:00:00+00:00,333.67407407407404,335.3407407407407,333.3962962962963,334.7851851851852,269195.8888888889,interpolated
3655,2025-08-09 02:00:00+00:00,333.8111111111111,335.4111111111111,333.5444444444445,334.8777777777778,258562.33333333334,interpolated
3656,2025-08-09 04:00:00+00:00,333.9481481481481,335.48148148148147,333.69259259259263,334.9703703703704,247928.77777777778,interpolated
3657,2025-08-09 06:00:00+00:00,334.0851851851852,335.55185185185184,333.8407407407408,335.062962962963,237295.22222222222,interpolated
3658,2025-08-09 08:00:00+00:00,334.22222222222223,335.6222222222222,333.98888888888894,335.15555555555557,226661.66666666666,interpolated
3659,2025-08-09 10:00:00+00:00,334.35925925925926,335.6925925925926,334.13703703703703,335.2481481481482,216028.11111111112,interpolated
3660,2025-08-09 12:00:00+00:00,334.4962962962963,335.76296296296294,334.2851851851852,335.3407407407408,205394.55555555556,interpolated
3661,2025-08-09 14:00:00+00:00,334.6333333333333,335.8333333333333,334.43333333333334,335.43333333333334,194761.0,interpolated
3662,2025-08-09 16:00:00+00:00,334.77037037037036,335.9037037037037,334.5814814814815,335.52592592592595,184127.44444444444,interpolated
3663,2025-08-09 18:00:00+00:00,334.9074074074074,335.97407407407405,334.72962962962964,335.61851851851856,173493.88888888888,interpolated
3664,2025-08-09 20:00:00+00:00,335.0444444444444,336.0444444444444,334.8777777777778,335.7111111111111,162860.3333333333,interpolated
3665,2025-08-09 22:00:00+00:00,335.18148148148146,336.1148148148148,335.02592592592595,335.8037037037037,152226.77777777778,interpolated
3666,2025-08-10 00:00:00+00:00,335.31851851851854,336.1851851851852,335.1740740740741,335.8962962962963,141593.22222222222,interpolated
3667,2025-08-10 02:00:00+00:00,335.4555555555556,336.2555555555556,335.32222222222225,335.98888888888894,130959.66666666666,interpolated
3668,2025-08-10 04:00:00+00:00,335.5925925925926,336.32592592592596,335.4703703703704,336.0814814814815,120326.1111111111,interpolated
3669,2025-08-10 06:00:00+00:00,335.72962962962964,336.3962962962963,335.61851851851856,336.1740740740741,109692.55555555553,interpolated
3670,2025-08-10 08:00:00+00:00,335.8666666666667,336.4666666666667,335.7666666666667,336.2666666666667,99059.0,interpolated
3671,2025-08-10 10:00:00+00:00,336.0037037037037,336.53703703703707,335.91481481481486,336.35925925925926,88425.44444444444,interpolated
3672,2025-08-10 12:00:00+00:00,336.14074074074074,336.60740740740744,336.062962962963,336.45185185185187,77791.88888888888,interpolated
3673,2025-08-10 14:00:00+00:00,336.27777777777777,336.6777777777778,336.2111111111111,336.5444444444445,67158.33333333331,interpolated
3674,2025-08-10 16:00:00+00:00,336.4148148148148,336.7481481481482,336.35925925925926,336.63703703703703,56524.77777777775,interpolated
3675,2025-08-10 18:00:00+00:00,336.5518518518519,336.81851851851854,336.5074074074074,336.72962962962964,45891.22222222222,interpolated
3676,2025-08-10 20:00:00+00:00,336.6888888888889,336.8888888888889,336.65555555555557,336.82222222222225,35257.66666666666,interpolated
3677,2025-08-10 22:00:00+00:00,336.82592592592596,336.9592592592593,336.8037037037037,336.91481481481486,24624.111111111124,interpolated
3678,2025-08-11 00:00:00+00:00,336.962962962963,337.02962962962965,336.95185185185187,337.0074074074074,13990.555555555562,interpolated
3679,2025-08-11 02:00:00+00:00,337.1,337.1,337.1,337.1,3357.0,present
3680,2025-08-11 04:00:00+00:00,337.2,339.2,336.3,338.4,707494.0,present
3681,2025-08-11 06:00:00+00:00,338.3,341.4,337.4,337.9,1019024.0,present
3682,2025-08-11 08:00:00+00:00,337.8,339.4,337.2,338.5,337340.0,present
3683,2025-08-11 10:00:00+00:00,338.6,340.8,337.6,339.6,565099.0,present
3684,2025-08-11 12:00:00+00:00,339.7,341.0,339.1,340.7,350918.0,present
3685,2025-08-11 14:00:00+00:00,340.6,342.5,339.9,341.3,645303.0,present
3686,2025-08-11 16:00:00+00:00,340.3,341.6,337.7,339.6,642857.0,present
3687,2025-08-11 18:00:00+00:00,339.5,340.6,338.7,340.0,131446.0,present
3688,2025-08-11 20:00:00+00:00,340.0,340.5,339.6,340.4,50957.0,present
3689,2025-08-11 22:00:00+00:00,340.1333333333333,340.46666666666664,339.8666666666667,340.4,34436.333333333336,interpolated
3690,2025-08-12 00:00:00+00:00,340.26666666666665,340.43333333333334,340.1333333333333,340.4,17915.66666666667,interpolated
3691,2025-08-12 02:00:00+00:00,340.4,340.4,340.4,340.4,1395.0,present
3692,2025-08-12 04:00:00+00:00,340.5,342.6,339.5,339.6,242850.0,present
3693,2025-08-12 06:00:00+00:00,339.7,342.4,339.1,340.7,454697.0,present
3694,2025-08-12 08:00:00+00:00,340.5,350.6,339.8,348.8,2273813.0,present
3695,2025-08-12 10:00:00+00:00,348.8,353.5,348.1,348.9,1866808.0,present
3696,2025-08-12 12:00:00+00:00,348.9,350.5,346.9,349.7,1093249.0,present
3697,2025-08-12 14:00:00+00:00,349.7,356.0,349.3,354.7,2337578.0,present
3698,2025-08-12 16:00:00+00:00,354.7,357.4,353.8,355.6,1264385.0,present
3699,2025-08-12 18:00:00+00:00,355.6,357.8,355.6,356.2,591540.0,present
3700,2025-08-12 20:00:00+00:00,356.2,357.7,355.7,357.4,262912.0,present
3701,2025-08-12 22:00:00+00:00,356.93333333333334,357.93333333333334,356.59999999999997,357.7333333333333,187118.0,interpolated
3702,2025-08-13 00:00:00+00:00,357.66666666666663,358.16666666666663,357.5,358.06666666666666,111324.0,interpolated
3703,2025-08-13 02:00:00+00:00,358.4,358.4,358.4,358.4,35530.0,present
3704,2025-08-13 04:00:00+00:00,358.5,366.5,357.3,362.9,2467574.0,present
3705,2025-08-13 06:00:00+00:00,363.0,364.1,350.6,354.4218781007265,6486821.0,present
3706,2025-08-13 08:00:00+00:00,352.0,356.4,351.1,354.6,2519486.0,present
3707,2025-08-13 10:00:00+00:00,354.5,355.3,351.2,351.3,824221.0,present
3708,2025-08-13 12:00:00+00:00,351.3,359.1,351.1,356.3,2977480.0,present
3709,2025-08-13 14:00:00+00:00,356.4,356.9,353.6,355.1,816962.0,present
3710,2025-08-13 16:00:00+00:00,355.1,355.1,352.0,352.8,568092.0,present
3711,2025-08-13 18:00:00+00:00,352.8,353.7,352.4,353.5,224158.0,present
3712,2025-08-13 20:00:00+00:00,353.3,353.5,351.6,352.7,230850.0,present
3713,2025-08-13 22:00:00+00:00,352.93333333333334,353.06666666666666,351.8,352.5333333333333,154802.33333333334,interpolated
3714,2025-08-14 00:00:00+00:00,352.56666666666666,352.6333333333333,352.0,352.3666666666667,78754.66666666669,interpolated
3715,2025-08-14 02:00:00+00:00,352.2,352.2,352.2,352.2,2707.0,present
3716,2025-08-14 04:00:00+00:00,352.3,353.4,347.7,350.2,687639.0,present
3717,2025-08-14 06:00:00+00:00,350.6,351.8,347.7,348.2,770269.0,present
3718,2025-08-14 08:00:00+00:00,348.2,350.6,346.4,349.3,1036342.0,present
3719,2025-08-14 10:00:00+00:00,349.2,350.8,348.2,348.7,489057.0,present
3720,2025-08-14 12:00:00+00:00,348.6,351.6,348.4,350.1,772531.0,present
3721,2025-08-14 14:00:00+00:00,350.2,350.7,347.8,349.9,368211.0,present
3722,2025-08-14 16:00:00+00:00,349.2,349.7,348.3,349.3,161378.0,present
3723,2025-08-14 18:00:00+00:00,349.3,351.1,348.7,349.9,319420.0,present
3724,2025-08-14 20:00:00+00:00,349.7,349.9,348.8,349.0,74719.0,present
3725,2025-08-14 22:00:00+00:00,349.6333333333333,349.76666666666665,349.03333333333336,349.1666666666667,50199.333333333336,interpolated
3726,2025-08-15 00:00:00+00:00,349.56666666666666,349.6333333333333,349.26666666666665,349.3333333333333,25679.66666666667,interpolated
3727,2025-08-15 02:00:00+00:00,349.5,349.5,349.5,349.5,1160.0,present
3728,2025-08-15 04:00:00+00:00,349.5,351.0,347.9,349.5,114290.0,present
3729,2025-08-15 06:00:00+00:00,349.5,352.8,349.3,351.0,603460.0,present
3730,2025-08-15 08:00:00+00:00,350.8,352.9,350.1,352.0,440791.0,present
3731,2025-08-15 10:00:00+00:00,352.0,352.4,349.0,350.8,464720.0,present
3732,2025-08-15 12:00:00+00:00,350.9,351.5,349.1,351.4,306712.0,present
3733,2025-08-15 14:00:00+00:00,351.4,352.1,349.3,350.6,451021.0,present
3734,2025-08-15 16:00:00+00:00,350.6,351.6,350.1,350.5,163565.0,present
3735,2025-08-15 18:00:00+00:00,350.3,351.3,348.0,349.4,315583.0,present
3736,2025-08-15 20:00:00+00:00,349.4,351.9,348.6,350.2,184595.0,present
3737,2025-08-15 22:00:00+00:00,348.91999999999996,350.91999999999996,347.02000000000004,348.98,239745.8,interpolated
3738,2025-08-16 00:00:00+00:00,348.44,349.94,345.44,347.76,294896.6,interpolated
3739,2025-08-16 02:00:00+00:00,347.96,348.96,343.86,346.54,350047.4,interpolated
3740,2025-08-16 04:00:00+00:00,347.48,347.98,342.28,345.32,405198.2,interpolated
3741,2025-08-16 06:00:00+00:00,347.0,347.0,340.7,344.1,460349.0,present
3742,2025-08-16 08:00:00+00:00,344.1,344.4,343.0,343.8,109768.0,present
3743,2025-08-16 10:00:00+00:00,343.9,344.2,343.3,344.1,78900.0,present
3744,2025-08-16 12:00:00+00:00,344.1,345.5,343.7,344.9,62724.0,present
3745,2025-08-16 14:00:00+00:00,344.8,345.3,344.1,345.0,53681.0,present
3746,2025-08-16 16:00:00+00:00,344.8125,345.3875,344.0625,344.9375,52010.5,interpolated
3747,2025-08-16 18:00:00+00:00,344.825,345.475,344.02500000000003,344.875,50340.0,interpolated
3748,2025-08-16 20:00:00+00:00,344.8375,345.5625,343.9875,344.8125,48669.5,interpolated
3749,2025-08-16 22:00:00+00:00,344.85,345.65,343.95000000000005,344.75,46999.0,interpolated
3750,2025-08-17 00:00:00+00:00,344.8625,345.7375,343.9125,344.6875,45328.5,interpolated
3751,2025-08-17 02:00:00+00:00,344.875,345.825,343.875,344.625,43658.0,interpolated
3752,2025-08-17 04:00:00+00:00,344.8875,345.9125,343.83750000000003,344.5625,41987.5,interpolated
3753,2025-08-17 06:00:00+00:00,344.9,346.0,343.8,344.5,40317.0,present
3754,2025-08-17 08:00:00+00:00,344.7,344.7,343.0,343.6,92996.0,present
3755,2025-08-17 10:00:00+00:00,343.4,344.2,343.2,343.7,27770.0,present
3756,2025-08-17 12:00:00+00:00,343.7,343.7,341.7,341.9,105484.0,present
3757,2025-08-17 14:00:00+00:00,341.9,342.6,341.9,342.0,60044.0,present
3758,2025-08-17 16:00:00+00:00,341.91666666666663,342.5,341.91666666666663,342.0,50141.83333333333,interpolated
3759,2025-08-17 18:00:00+00:00,341.93333333333334,342.40000000000003,341.93333333333334,342.0,40239.666666666664,interpolated
3760,2025-08-17 20:00:00+00:00,341.95,342.3,341.95,342.0,30337.5,interpolated
3761,2025-08-17 22:00:00+00:00,341.96666666666664,342.2,341.96666666666664,342.0,20435.33333333333,interpolated
3762,2025-08-18 00:00:00+00:00,341.98333333333335,342.1,341.98333333333335,342.0,10533.166666666664,interpolated
3763,2025-08-18 02:00:00+00:00,342.0,342.0,342.0,342.0,631.0,present
3764,2025-08-18 04:00:00+00:00,342.0,345.5,341.9,345.3,324136.0,present
3765,2025-08-18 06:00:00+00:00,345.3,345.3,343.3,344.5,268369.0,present
3766,2025-08-18 08:00:00+00:00,344.6,345.2,342.5,345.2,706268.0,present
3767,2025-08-18 10:00:00+00:00,345.1,345.6,343.5,344.1,182266.0,present
3768,2025-08-18 12:00:00+00:00,344.1,345.9,344.0,345.0,255955.0,present
3769,2025-08-18 14:00:00+00:00,345.1,346.1,342.8,342.9,276854.0,present
3770,2025-08-18 16:00:00+00:00,343.0,344.9,342.5,344.4,188138.0,present
3771,2025-08-18 18:00:00+00:00,344.2,349.0,343.2,347.1,474095.0,present
3772,2025-08-18 20:00:00+00:00,347.2,347.9,346.3,347.1,57703.0,present
3773,2025-08-18 22:00:00+00:00,347.3,347.76666666666665,346.7,347.23333333333335,38839.0,interpolated
3774,2025-08-19 00:00:00+00:00,347.4,347.6333333333333,347.1,347.3666666666667,19975.0,interpolated
3775,2025-08-19 02:00:00+00:00,347.5,347.5,347.5,347.5,1111.0,present
3776,2025-08-19 04:00:00+00:00,347.5,348.9,346.0,348.4,158272.0,present
3777,2025-08-19 06:00:00+00:00,348.1,349.5,347.7,348.6,274209.0,present
3778,2025-08-19 08:00:00+00:00,348.6,350.8,347.5,349.0,416124.0,present
3779,2025-08-19 10:00:00+00:00,349.0,352.0,348.9,351.3,286790.0,present
3780,2025-08-19 12:00:00+00:00,351.5,351.8,346.6,348.6,483013.0,present
3781,2025-08-19 14:00:00+00:00,348.7,352.0,347.0,347.1,803053.0,present
3782,2025-08-19 16:00:00+00:00,346.9,348.0,345.0,347.3,362789.0,present
3783,2025-08-19 18:00:00+00:00,347.2,348.2,347.0,347.6,82085.0,present
3784,2025-08-19 20:00:00+00:00,347.7,347.9,346.5,346.5,36088.0,present
3785,2025-08-19 22:00:00+00:00,347.6333333333333,347.76666666666665,346.8333333333333,346.8333333333333,24166.666666666664,interpolated
3786,2025-08-20 00:00:00+00:00,347.56666666666666,347.6333333333333,347.1666666666667,347.1666666666667,12245.333333333332,interpolated
3787,2025-08-20 02:00:00+00:00,347.5,347.5,347.5,347.5,324.0,present
3788,2025-08-20 04:00:00+00:00,347.5,349.2,346.5,348.7,100567.0,present
3789,2025-08-20 06:00:00+00:00,348.6,349.0,346.2,347.2,196837.0,present
3790,2025-08-20 08:00:00+00:00,347.0,349.9,347.0,348.7,248427.0,present
3791,2025-08-20 10:00:00+00:00,348.5,349.0,345.4,346.5,328847.0,present
3792,2025-08-20 12:00:00+00:00,346.4,348.0,345.1,345.3,322683.0,present
3793,2025-08-20 14:00:00+00:00,345.2,346.2,343.1,346.2,356076.0,present
3794,2025-08-20 16:00:00+00:00,346.0,346.3,343.5,344.4,208759.0,present
3795,2025-08-20 18:00:00+00:00,344.4,344.9,343.6,343.6,85393.0,present
3796,2025-08-20 20:00:00+00:00,343.6,344.3,343.0,343.0,55332.0,present
3797,2025-08-20 22:00:00+00:00,343.40000000000003,343.8666666666667,343.0,343.0,37189.33333333333,interpolated
3798,2025-08-21 00:00:00+00:00,343.2,343.43333333333334,343.0,343.0,19046.666666666664,interpolated
3799,2025-08-21 02:00:00+00:00,343.0,343.0,343.0,343.0,904.0,present
3800,2025-08-21 04:00:00+00:00,343.0,344.3,341.9,343.8,95021.0,present
3801,2025-08-21 06:00:00+00:00,344.0,346.0,340.3,341.1,659182.0,present
3802,2025-08-21 08:00:00+00:00,340.8,342.3,339.0,341.7,489677.0,present
3803,2025-08-21 10:00:00+00:00,341.8,341.8,336.2,339.4,639757.0,present
3804,2025-08-21 12:00:00+00:00,339.5,340.0,335.1,336.0,408660.0,present
3805,2025-08-21 14:00:00+00:00,336.0,339.0,335.2,336.9,507559.0,present
3806,2025-08-21 16:00:00+00:00,336.7,338.5,336.0,338.1,165274.0,present
3807,2025-08-21 18:00:00+00:00,338.3,338.3,335.3,335.3,134213.0,present
3808,2025-08-21 20:00:00+00:00,335.3,335.6,334.3,334.8,92394.0,present
3809,2025-08-21 22:00:00+00:00,335.53333333333336,335.73333333333335,334.8666666666667,335.2,61941.66666666667,interpolated
3810,2025-08-22 00:00:00+00:00,335.76666666666665,335.8666666666667,335.43333333333334,335.6,31489.333333333336,interpolated
3811,2025-08-22 02:00:00+00:00,336.0,336.0,336.0,336.0,1037.0,present
3812,2025-08-22 04:00:00+00:00,336.0,337.0,332.0,333.9,228692.0,present
3813,2025-08-22 06:00:00+00:00,333.8,336.1,333.4,334.6,204848.0,present
3814,2025-08-22 08:00:00+00:00,334.6,337.4,334.2,336.8,194315.0,present
3815,2025-08-22 10:00:00+00:00,336.9,339.6,336.7,337.7,288556.0,present
3816,2025-08-22 12:00:00+00:00,337.9,338.2,335.5,336.3,223945.0,present
3817,2025-08-22 14:00:00+00:00,336.3,338.4,336.3,338.4,146467.0,present
3818,2025-08-22 16:00:00+00:00,338.3,338.3,337.0,337.2,59995.0,present
3819,2025-08-22 18:00:00+00:00,337.4,338.4,336.8,338.2,70796.0,present
3820,2025-08-22 20:00:00+00:00,338.1,339.2,338.1,338.4,66865.0,present
3821,2025-08-22 22:00:00+00:00,338.08000000000004,339.76,337.96000000000004,338.9,72347.4,interpolated
3822,2025-08-23 00:00:00+00:00,338.06,340.32,337.82,339.4,77829.8,interpolated
3823,2025-08-23 02:00:00+00:00,338.04,340.88,337.68,339.9,83312.2,interpolated
3824,2025-08-23 04:00:00+00:00,338.02,341.44,337.53999999999996,340.4,88794.6,interpolated
3825,2025-08-23 06:00:00+00:00,338.0,342.0,337.4,340.9,94277.0,present
3826,2025-08-23 08:00:00+00:00,340.8,340.9,339.8,340.0,36775.0,present
3827,2025-08-23 10:00:00+00:00,339.8,340.9,339.8,340.2,18514.0,present
3828,2025-08-23 12:00:00+00:00,340.3,340.7,339.9,340.1,8738.0,present
3829,2025-08-23 14:00:00+00:00,340.0,340.4,339.8,340.0,7607.0,present
3830,2025-08-23 16:00:00+00:00,340.0,340.48749999999995,339.65000000000003,339.9375,8790.25,interpolated
3831,2025-08-23 18:00:00+00:00,340.0,340.575,339.5,339.875,9973.5,interpolated
3832,2025-08-23 20:00:00+00:00,340.0,340.6625,339.35,339.8125,11156.75,interpolated
3833,2025-08-23 22:00:00+00:00,340.0,340.75,339.20000000000005,339.75,12340.0,interpolated
3834,2025-08-24 00:00:00+00:00,340.0,340.8375,339.05,339.6875,13523.25,interpolated
3835,2025-08-24 02:00:00+00:00,340.0,340.925,338.90000000000003,339.625,14706.5,interpolated
3836,2025-08-24 04:00:00+00:00,340.0,341.01250000000005,338.75,339.5625,15889.75,interpolated
3837,2025-08-24 06:00:00+00:00,340.0,341.1,338.6,339.5,17073.0,present
3838,2025-08-24 08:00:00+00:00,339.4,340.2,338.6,339.0,22869.0,present
3839,2025-08-24 10:00:00+00:00,339.0,339.6,338.8,338.9,4060.0,present
3840,2025-08-24 12:00:00+00:00,338.9,339.3,338.5,339.2,10414.0,present
3841,2025-08-24 14:00:00+00:00,339.3,339.6,338.8,339.1,16600.0,present
3842,2025-08-24 16:00:00+00:00,339.28333333333336,339.53333333333336,338.8666666666667,339.1166666666667,13836.666666666666,interpolated
3843,2025-08-24 18:00:00+00:00,339.26666666666665,339.4666666666667,338.93333333333334,339.1333333333333,11073.333333333332,interpolated
3844,2025-08-24 20:00:00+00:00,339.25,339.4,339.0,339.15,8310.0,interpolated
3845,2025-08-24 22:00:00+00:00,339.23333333333335,339.3333333333333,339.06666666666666,339.1666666666667,5546.666666666666,interpolated
3846,2025-08-25 00:00:00+00:00,339.21666666666664,339.26666666666665,339.1333333333333,339.18333333333334,2783.333333333334,interpolated
3847,2025-08-25 02:00:00+00:00,339.2,339.2,339.2,339.2,20.0,present
3848,2025-08-25 04:00:00+00:00,339.2,339.7,336.9,338.5,97955.0,present
3849,2025-08-25 06:00:00+00:00,338.4,338.7,335.9,336.6,156328.0,present
3850,2025-08-25 08:00:00+00:00,336.6,336.7,333.4,333.5,283364.0,present
3851,2025-08-25 10:00:00+00:00,333.6,335.0,332.9,333.2,272391.0,present
3852,2025-08-25 12:00:00+00:00,333.2,334.8,331.4,334.6,334301.0,present
3853,2025-08-25 14:00:00+00:00,334.5,335.0,332.0,333.2,248479.0,present
3854,2025-08-25 16:00:00+00:00,333.3,335.3,332.9,334.6,160720.0,present
3855,2025-08-25 18:00:00+00:00,334.6,335.3,334.1,334.1,52811.0,present
3856,2025-08-25 20:00:00+00:00,334.3,334.3,330.6,330.8,77418.0,present
3857,2025-08-25 22:00:00+00:00,334.1666666666667,334.1666666666667,331.7,331.8333333333333,52012.0,interpolated
3858,2025-08-26 00:00:00+00:00,334.0333333333333,334.0333333333333,332.8,332.8666666666667,26606.0,interpolated
3859,2025-08-26 02:00:00+00:00,333.9,333.9,333.9,333.9,1200.0,present
3860,2025-08-26 04:00:00+00:00,332.5,335.5,332.2,335.0,174942.0,present
3861,2025-08-26 06:00:00+00:00,334.9,338.4,334.0,336.0,671429.0,present
3862,2025-08-26 08:00:00+00:00,336.0,336.7,334.7,335.9,186037.0,present
3863,2025-08-26 10:00:00+00:00,335.9,338.7,335.5,337.4,266434.0,present
3864,2025-08-26 12:00:00+00:00,337.4,338.5,336.5,336.7,371323.0,present
3865,2025-08-26 14:00:00+00:00,336.7,337.2,334.0,335.5,239120.0,present
3866,2025-08-26 16:00:00+00:00,335.5,336.1,335.1,336.1,60656.0,present
3867,2025-08-26 18:00:00+00:00,336.2,339.4,336.1,338.9,263161.0,present
3868,2025-08-26 20:00:00+00:00,339.0,339.3,337.7,339.1,103588.0,present
3869,2025-08-26 22:00:00+00:00,339.3333333333333,339.53333333333336,338.46666666666664,339.40000000000003,69392.33333333334,interpolated
3870,2025-08-27 00:00:00+00:00,339.6666666666667,339.76666666666665,339.23333333333335,339.7,35196.66666666667,interpolated
3871,2025-08-27 02:00:00+00:00,340.0,340.0,340.0,340.0,1001.0,present
3872,2025-08-27 04:00:00+00:00,340.0,343.7,339.0,342.0,278838.0,present
3873,2025-08-27 06:00:00+00:00,341.8,345.5,339.6,345.3,877798.0,present
3874,2025-08-27 08:00:00+00:00,345.5,346.9,343.8,344.1,885872.0,present
3875,2025-08-27 10:00:00+00:00,344.1,346.5,344.0,345.8,651432.0,present
3876,2025-08-27 12:00:00+00:00,345.8,346.2,344.4,345.3,381686.0,present
3877,2025-08-27 14:00:00+00:00,345.3,346.2,343.1,343.4,438188.0,present
3878,2025-08-27 16:00:00+00:00,343.7,346.1,343.7,344.6,242373.0,present
3879,2025-08-27 18:00:00+00:00,344.5,345.5,344.5,344.8,112924.0,present
3880,2025-08-27 20:00:00+00:00,345.0,346.1,344.5,345.8,119759.0,present
3881,2025-08-27 22:00:00+00:00,345.23333333333335,345.9666666666667,344.9,345.76666666666665,80516.66666666666,interpolated
3882,2025-08-28 00:00:00+00:00,345.46666666666664,345.8333333333333,345.3,345.73333333333335,41274.33333333333,interpolated
3883,2025-08-28 02:00:00+00:00,345.7,345.7,345.7,345.7,2032.0,present
3884,2025-08-28 04:00:00+00:00,345.7,346.7,345.1,345.8,104337.0,present
3885,2025-08-28 06:00:00+00:00,345.8,346.0,343.4,343.7,185344.0,present
3886,2025-08-28 08:00:00+00:00,343.7,345.0,343.6,343.8,242403.0,present
3887,2025-08-28 10:00:00+00:00,343.8,344.6,341.2,342.2,508350.0,present
3888,2025-08-28 12:00:00+00:00,342.1,343.3,341.2,341.5,206406.0,present
3889,2025-08-28 14:00:00+00:00,341.6,342.8,341.4,342.1,75550.0,present
3890,2025-08-28 16:00:00+00:00,342.3,342.5,338.0,339.1,494960.0,present
3891,2025-08-28 18:00:00+00:00,339.2,340.9,338.5,339.0,196889.0,present
3892,2025-08-28 20:00:00+00:00,338.9,340.6,338.1,339.9,69899.0,present
3893,2025-08-28 22:00:00+00:00,339.3,340.43333333333334,338.7666666666667,339.96666666666664,46607.0,interpolated
3894,2025-08-29 00:00:00+00:00,339.7,340.2666666666667,339.43333333333334,340.03333333333336,23315.0,interpolated
3895,2025-08-29 02:00:00+00:00,340.1,340.1,340.1,340.1,23.0,present
3896,2025-08-29 04:00:00+00:00,341.0,342.1,340.2,341.0,78894.0,present
3897,2025-08-29 06:00:00+00:00,340.7,341.2,339.2,340.5,141133.0,present
3898,2025-08-29 08:00:00+00:00,340.5,341.8,333.9,337.1,373044.0,present
3899,2025-08-29 10:00:00+00:00,337.1,337.4,335.2,336.7,359680.0,present
3900,2025-08-29 12:00:00+00:00,336.9,339.6,336.0,338.4,187016.0,present
3901,2025-08-29 14:00:00+00:00,338.4,340.6,336.9,337.5,203015.0,present
3902,2025-08-29 16:00:00+00:00,337.6,338.3,337.0,337.6,44530.0,present
3903,2025-08-29 18:00:00+00:00,337.6,337.7,336.4,337.3,65708.0,present
3904,2025-08-29 20:00:00+00:00,337.1,338.3,337.1,337.5,39363.0,present
3905,2025-08-29 22:00:00+00:00,337.06,338.78000000000003,336.96000000000004,337.74,44101.4,interpolated
3906,2025-08-30 00:00:00+00:00,337.02,339.26,336.82,337.98,48839.8,interpolated
3907,2025-08-30 02:00:00+00:00,336.98,339.74,336.68,338.21999999999997,53578.2,interpolated
3908,2025-08-30 04:00:00+00:00,336.94,340.21999999999997,336.53999999999996,338.46,58316.6,interpolated
3909,2025-08-30 06:00:00+00:00,336.9,340.7,336.4,338.7,63055.0,present
3910,2025-08-30 08:00:00+00:00,338.8,338.8,337.5,337.8,24899.0,present
3911,2025-08-30 10:00:00+00:00,338.0,338.5,337.6,338.1,14065.0,present
3912,2025-08-30 12:00:00+00:00,338.4,338.4,337.5,338.2,19423.0,present
3913,2025-08-30 14:00:00+00:00,338.1,338.7,337.3,338.2,40705.0,present
3914,2025-08-30 16:00:00+00:00,338.08750000000003,338.8,337.325,338.28749999999997,36962.125,interpolated
3915,2025-08-30 18:00:00+00:00,338.07500000000005,338.9,337.35,338.375,33219.25,interpolated
3916,2025-08-30 20:00:00+00:00,338.0625,339.0,337.375,338.4625,29476.375,interpolated
3917,2025-08-30 22:00:00+00:00,338.05,339.1,337.4,338.54999999999995,25733.5,interpolated
3918,2025-08-31 00:00:00+00:00,338.0375,339.2,337.425,338.6375,21990.625,interpolated
3919,2025-08-31 02:00:00+00:00,338.025,339.3,337.45,338.72499999999997,18247.75,interpolated
3920,2025-08-31 04:00:00+00:00,338.0125,339.4,337.475,338.8125,14504.875,interpolated
3921,2025-08-31 06:00:00+00:00,338.0,339.5,337.5,338.9,10762.0,present
3922,2025-08-31 08:00:00+00:00,339.0,339.5,337.5,338.1,34619.0,present
3923,2025-08-31 10:00:00+00:00,338.1,338.7,338.0,338.5,6162.0,present
3924,2025-08-31 12:00:00+00:00,338.6,338.6,337.8,338.3,11669.0,present
3925,2025-08-31 14:00:00+00:00,338.3,338.6,337.9,338.5,13963.0,present
3926,2025-08-31 16:00:00+00:00,338.3833333333333,338.6333333333333,338.04999999999995,338.55,11655.666666666666,interpolated
3927,2025-08-31 18:00:00+00:00,338.4666666666667,338.6666666666667,338.2,338.6,9348.333333333332,interpolated
3928,2025-08-31 20:00:00+00:00,338.55,338.70000000000005,338.35,338.65,7041.0,interpolated
3929,2025-08-31 22:00:00+00:00,338.6333333333333,338.73333333333335,338.5,338.7,4733.666666666666,interpolated
3930,2025-09-01 00:00:00+00:00,338.7166666666667,338.76666666666665,338.65,338.75,2426.333333333334,interpolated
3931,2025-09-01 02:00:00+00:00,338.8,338.8,338.8,338.8,119.0,present
3932,2025-09-01 04:00:00+00:00,339.3,339.9,337.4,338.2,109471.0,present
3933,2025-09-01 06:00:00+00:00,338.1,343.6,337.6,341.4,664792.0,present
3934,2025-09-01 08:00:00+00:00,341.5,341.5,340.0,340.0,232935.0,present
3935,2025-09-01 10:00:00+00:00,340.1,340.6,338.2,338.9,264478.0,present
3936,2025-09-01 12:00:00+00:00,338.9,339.8,337.9,338.1,145762.0,present
3937,2025-09-01 14:00:00+00:00,338.1,338.1,331.6,333.2,962245.0,present
3938,2025-09-01 16:00:00+00:00,333.2,334.4,332.1,333.6,174716.0,present
3939,2025-09-01 18:00:00+00:00,333.6,334.4,333.1,333.3,97186.0,present
3940,2025-09-01 20:00:00+00:00,333.3,333.5,332.9,333.1,38863.0,present
3941,2025-09-01 22:00:00+00:00,333.53333333333336,333.6666666666667,333.26666666666665,333.40000000000003,25909.666666666668,interpolated
3942,2025-09-02 00:00:00+00:00,333.76666666666665,333.8333333333333,333.6333333333333,333.7,12956.333333333336,interpolated
3943,2025-09-02 02:00:00+00:00,334.0,334.0,334.0,334.0,3.0,present
3944,2025-09-02 04:00:00+00:00,334.0,334.0,328.4,329.9,337928.0,present
3945,2025-09-02 06:00:00+00:00,329.9,330.1,326.9,328.6,459502.0,present
3946,2025-09-02 08:00:00+00:00,328.6,329.5,327.7,328.4,341032.0,present
3947,2025-09-02 10:00:00+00:00,328.4,331.1,327.5,330.8,534872.0,present
3948,2025-09-02 12:00:00+00:00,330.7,331.7,325.2,326.9,582501.0,present
3949,2025-09-02 14:00:00+00:00,327.0,328.7,324.4,324.5,490411.0,present
3950,2025-09-02 16:00:00+00:00,324.5,325.9,323.7,324.7,213048.0,present
3951,2025-09-02 18:00:00+00:00,324.9,328.6,324.2,328.1,249966.0,present
3952,2025-09-02 20:00:00+00:00,328.3,330.0,328.2,329.3,60201.0,present
3953,2025-09-02 22:00:00+00:00,328.6333333333333,329.76666666666665,328.56666666666666,329.3,40235.66666666667,interpolated
3954,2025-09-03 00:00:00+00:00,328.9666666666667,329.53333333333336,328.93333333333334,329.3,20270.333333333336,interpolated
3955,2025-09-03 02:00:00+00:00,329.3,329.3,329.3,329.3,305.0,present
3956,2025-09-03 04:00:00+00:00,329.3,329.3,327.6,329.0,73740.0,present
3957,2025-09-03 06:00:00+00:00,329.0,329.4,324.8,326.5,290132.0,present
3958,2025-09-03 08:00:00+00:00,326.4,331.7,324.9,329.8,673387.0,present
3959,2025-09-03 10:00:00+00:00,329.8,332.2,329.5,330.7,247560.0,present
3960,2025-09-03 12:00:00+00:00,330.7,334.8,329.4,332.1,705496.0,present
3961,2025-09-03 14:00:00+00:00,332.3,333.5,331.4,332.8,196247.0,present
3962,2025-09-03 16:00:00+00:00,333.7,333.9,331.8,332.9,176306.0,present
3963,2025-09-03 18:00:00+00:00,332.9,336.4,332.1,335.4,292978.0,present
3964,2025-09-03 20:00:00+00:00,335.4,335.5,334.7,335.3,51357.0,present
3965,2025-09-03 22:00:00+00:00,335.43333333333334,335.5,334.96666666666664,335.3666666666667,34288.0,interpolated
3966,2025-09-04 00:00:00+00:00,335.46666666666664,335.5,335.23333333333335,335.43333333333334,17219.0,interpolated
3967,2025-09-04 02:00:00+00:00,335.5,335.5,335.5,335.5,150.0,present
3968,2025-09-04 04:00:00+00:00,335.5,336.8,333.6,335.7,162510.0,present
3969,2025-09-04 06:00:00+00:00,335.7,336.3,333.3,335.5,393186.0,present
3970,2025-09-04 08:00:00+00:00,335.6,335.6,332.8,333.5,274115.0,present
3971,2025-09-04 10:00:00+00:00,333.5,335.3,332.4,332.8,194407.0,present
3972,2025-09-04 12:00:00+00:00,332.8,333.2,330.5,331.8,275329.0,present
3973,2025-09-04 14:00:00+00:00,331.8,332.1,328.0,328.6,585534.0,present
3974,2025-09-04 16:00:00+00:00,328.7,331.0,327.7,330.5,204204.0,present
3975,2025-09-04 18:00:00+00:00,330.4,331.8,329.8,331.6,239740.0,present
3976,2025-09-04 20:00:00+00:00,331.6,331.7,330.7,331.1,38652.0,present
3977,2025-09-04 22:00:00+00:00,331.73333333333335,331.8,331.1333333333333,331.40000000000003,25771.333333333336,interpolated
3978,2025-09-05 00:00:00+00:00,331.8666666666667,331.9,331.56666666666666,331.7,12890.666666666668,interpolated
3979,2025-09-05 02:00:00+00:00,332.0,332.0,332.0,332.0,10.0,present
3980,2025-09-05 04:00:00+00:00,331.1,332.0,327.8,329.6,216185.0,present
3981,2025-09-05 06:00:00+00:00,329.6,330.9,327.3,327.3,218148.0,present
3982,2025-09-05 08:00:00+00:00,327.3,332.0,327.2,329.7,355463.0,present
3983,2025-09-05 10:00:00+00:00,329.9,331.5,329.3,330.6,183673.0,present
3984,2025-09-05 12:00:00+00:00,330.6,331.3,328.5,329.4,317224.0,present
3985,2025-09-05 14:00:00+00:00,329.4,331.5,329.2,330.4,331547.0,present
3986,2025-09-05 16:00:00+00:00,330.1,330.6,329.5,329.8,101483.0,present
3987,2025-09-05 18:00:00+00:00,329.8,330.5,329.3,330.4,71405.0,present
3988,2025-09-05 20:00:00+00:00,330.3,330.4,329.6,329.7,51454.0,present
3989,2025-09-05 22:00:00+00:00,330.24,330.68,329.40000000000003,329.71999999999997,49208.2,interpolated
3990,2025-09-06 00:00:00+00:00,330.18,330.96,329.20000000000005,329.74,46962.4,interpolated
3991,2025-09-06 02:00:00+00:00,330.12,331.24,329.0,329.76,44716.6,interpolated
3992,2025-09-06 04:00:00+00:00,330.06,331.52,328.8,329.78000000000003,42470.8,interpolated
3993,2025-09-06 06:00:00+00:00,330.0,331.8,328.6,329.8,40225.0,present
3994,2025-09-06 08:00:00+00:00,329.8,329.9,328.9,329.3,12469.0,present
3995,2025-09-06 10:00:00+00:00,329.8,329.9,329.2,329.3,9190.0,present
3996,2025-09-06 12:00:00+00:00,329.4,329.9,328.9,329.7,13884.0,present
3997,2025-09-06 14:00:00+00:00,329.7,330.2,328.8,329.0,19342.0,present
3998,2025-09-06 16:00:00+00:00,329.66249999999997,330.28749999999997,328.8625,329.2,18412.5,interpolated
3999,2025-09-06 18:00:00+00:00,329.625,330.375,328.925,329.4,17483.0,interpolated
4000,2025-09-06 20:00:00+00:00,329.5875,330.4625,328.9875,329.6,16553.5,interpolated
4001,2025-09-06 22:00:00+00:00,329.54999999999995,330.54999999999995,329.05,329.8,15624.0,interpolated
4002,2025-09-07 00:00:00+00:00,329.5125,330.6375,329.1125,330.0,14694.5,interpolated
4003,2025-09-07 02:00:00+00:00,329.47499999999997,330.72499999999997,329.175,330.20000000000005,13765.0,interpolated
4004,2025-09-07 04:00:00+00:00,329.4375,330.8125,329.2375,330.40000000000003,12835.5,interpolated
4005,2025-09-07 06:00:00+00:00,329.4,330.9,329.3,330.6,11906.0,present
4006,2025-09-07 08:00:00+00:00,330.6,331.7,330.1,331.3,27088.0,present
4007,2025-09-07 10:00:00+00:00,331.3,332.0,330.9,331.0,11702.0,present
4008,2025-09-07 12:00:00+00:00,331.3,331.4,330.5,331.0,8346.0,present
4009,2025-09-07 14:00:00+00:00,330.7,331.6,330.1,331.1,27130.0,present
4010,2025-09-07 16:00:00+00:00,330.75,331.5,330.25,331.08333333333337,22928.166666666668,interpolated
4011,2025-09-07 18:00:00+00:00,330.8,331.40000000000003,330.40000000000003,331.06666666666666,18726.333333333336,interpolated
4012,2025-09-07 20:00:00+00:00,330.85,331.3,330.55,331.05,14524.5,interpolated
4013,2025-09-07 22:00:00+00:00,330.9,331.2,330.7,331.03333333333336,10322.666666666668,interpolated
4014,2025-09-08 00:00:00+00:00,330.95,331.1,330.85,331.01666666666665,6120.833333333332,interpolated
4015,2025-09-08 02:00:00+00:00,331.0,331.0,331.0,331.0,1919.0,present
4016,2025-09-08 04:00:00+00:00,330.8,331.8,329.5,331.3,114573.0,present
4017,2025-09-08 06:00:00+00:00,331.3,333.7,331.3,332.3,418279.0,present
4018,2025-09-08 08:00:00+00:00,332.4,332.9,331.7,332.4,175291.0,present
4019,2025-09-08 10:00:00+00:00,332.4,335.0,331.2,334.4,287783.0,present
4020,2025-09-08 12:00:00+00:00,334.5,334.9,333.2,334.1,232938.0,present
4021,2025-09-08 14:00:00+00:00,334.1,335.7,333.9,335.2,171695.0,present
4022,2025-09-08 16:00:00+00:00,335.1,335.6,334.2,334.3,87896.0,present
4023,2025-09-08 18:00:00+00:00,334.2,334.3,333.8,334.1,43211.0,present
4024,2025-09-08 20:00:00+00:00,334.1,334.5,333.2,333.3,43695.0,present
4025,2025-09-08 22:00:00+00:00,334.1666666666667,334.43333333333334,333.56666666666666,333.6333333333333,29132.666666666668,interpolated
4026,2025-09-09 00:00:00+00:00,334.23333333333335,334.3666666666667,333.93333333333334,333.9666666666667,14570.333333333336,interpolated
4027,2025-09-09 02:00:00+00:00,334.3,334.3,334.3,334.3,8.0,present
4028,2025-09-09 04:00:00+00:00,334.3,335.6,333.9,334.6,72536.0,present
4029,2025-09-09 06:00:00+00:00,334.6,335.4,333.4,335.0,280649.0,present
4030,2025-09-09 08:00:00+00:00,335.0,337.0,333.1,334.3,343781.0,present
4031,2025-09-09 10:00:00+00:00,334.0,334.3,331.2,331.5,346495.0,present
4032,2025-09-09 12:00:00+00:00,331.6,333.3,327.5,327.9,782919.0,present
4033,2025-09-09 14:00:00+00:00,328.1,330.4,327.7,330.2,418870.0,present
4034,2025-09-09 16:00:00+00:00,330.2,330.3,329.0,329.6,198326.0,present
4035,2025-09-09 18:00:00+00:00,329.6,331.2,329.5,330.8,123892.0,present
4036,2025-09-09 20:00:00+00:00,331.0,331.0,330.6,330.8,31541.0,present
4037,2025-09-09 22:00:00+00:00,330.93333333333334,330.93333333333334,330.6666666666667,330.8,21030.333333333336,interpolated
4038,2025-09-10 00:00:00+00:00,330.8666666666667,330.8666666666667,330.73333333333335,330.8,10519.666666666668,interpolated
4039,2025-09-10 02:00:00+00:00,330.8,330.8,330.8,330.8,9.0,present
4040,2025-09-10 04:00:00+00:00,330.8,331.0,328.1,328.5,188878.0,present
4041,2025-09-10 06:00:00+00:00,328.8,329.9,326.2,328.0,341281.0,present
4042,2025-09-10 08:00:00+00:00,328.0,329.4,324.7,327.2,695728.0,present
4043,2025-09-10 10:00:00+00:00,327.0,330.9,326.5,328.3,548641.0,present
4044,2025-09-10 12:00:00+00:00,328.2,329.2,327.0,327.9,185301.0,present
4045,2025-09-10 14:00:00+00:00,327.9,329.0,327.1,327.4,132969.0,present
4046,2025-09-10 16:00:00+00:00,327.4,327.6,325.6,326.8,216394.0,present
4047,2025-09-10 18:00:00+00:00,326.7,326.8,325.1,325.3,125422.0,present
4048,2025-09-10 20:00:00+00:00,325.4,326.4,325.0,325.6,47032.0,present
4049,2025-09-10 22:00:00+00:00,325.26666666666665,325.93333333333334,325.0,325.40000000000003,32088.0,interpolated
4050,2025-09-11 00:00:00+00:00,325.1333333333333,325.46666666666664,325.0,325.2,17144.0,interpolated
4051,2025-09-11 02:00:00+00:00,325.0,325.0,325.0,325.0,2200.0,present
4052,2025-09-11 04:00:00+00:00,325.6,327.9,324.5,326.4,315241.0,present
4053,2025-09-11 06:00:00+00:00,326.0,327.2,321.3,322.6,704991.0,present
4054,2025-09-11 08:00:00+00:00,322.7,324.5,322.5,323.2,615340.0,present
4055,2025-09-11 10:00:00+00:00,323.4,324.5,323.0,324.0,303266.0,present
4056,2025-09-11 12:00:00+00:00,324.2,326.4,323.5,326.1,359702.0,present
4057,2025-09-11 14:00:00+00:00,326.2,328.7,326.1,326.9,370634.0,present
4058,2025-09-11 16:00:00+00:00,327.4,327.5,326.0,327.3,101465.0,present
4059,2025-09-11 18:00:00+00:00,327.4,327.5,325.8,326.6,93843.0,present
4060,2025-09-11 20:00:00+00:00,326.7,326.7,325.9,326.3,12521.0,present
4061,2025-09-11 22:00:00+00:00,326.59999999999997,326.59999999999997,326.06666666666666,326.3333333333333,8366.333333333332,interpolated
4062,2025-09-12 00:00:00+00:00,326.5,326.5,326.2333333333333,326.3666666666667,4211.666666666666,interpolated
4063,2025-09-12 02:00:00+00:00,326.4,326.4,326.4,326.4,57.0,present
4064,2025-09-12 04:00:00+00:00,326.4,327.4,324.8,325.7,59937.0,present
4065,2025-09-12 06:00:00+00:00,325.7,325.9,323.0,324.5,255476.0,present
4066,2025-09-12 08:00:00+00:00,324.5,324.7,323.4,324.3,125399.0,present
4067,2025-09-12 10:00:00+00:00,324.1,331.5,322.6,327.2,1911549.0,present
4068,2025-09-12 12:00:00+00:00,327.3,327.3,322.1,324.1,1419925.0,present
4069,2025-09-12 14:00:00+00:00,323.8,324.9,320.7,321.5,452053.0,present
4070,2025-09-12 16:00:00+00:00,321.5,322.1,316.6,317.6,659906.0,present
4071,2025-09-12 18:00:00+00:00,317.6,318.8,315.5,315.7,244328.0,present
4072,2025-09-12 20:00:00+00:00,315.8,317.8,315.1,317.8,120441.0,present
4073,2025-09-12 22:00:00+00:00,316.28000000000003,317.88,315.72,317.88,96406.4,interpolated
4074,2025-09-13 00:00:00+00:00,316.76,317.96,316.34000000000003,317.96,72371.8,interpolated
4075,2025-09-13 02:00:00+00:00,317.24,318.04,316.96,318.04,48337.2,interpolated
4076,2025-09-13 04:00:00+00:00,317.71999999999997,318.12,317.58,318.12,24302.600000000006,interpolated
4077,2025-09-13 06:00:00+00:00,318.2,318.2,318.2,318.2,268.0,present
4078,2025-09-13 08:00:00+00:00,318.0,318.2,314.9,316.2,58542.0,present
4079,2025-09-13 10:00:00+00:00,316.2,317.0,315.6,316.2,48408.0,present
4080,2025-09-13 12:00:00+00:00,316.2,317.5,315.6,316.5,42668.0,present
4081,2025-09-13 14:00:00+00:00,316.4,316.5,314.5,314.7,86942.0,present
4082,2025-09-13 16:00:00+00:00,316.09999999999997,316.275,314.25,314.6125,81691.125,interpolated
4083,2025-09-13 18:00:00+00:00,315.79999999999995,316.05,314.0,314.525,76440.25,interpolated
4084,2025-09-13 20:00:00+00:00,315.5,315.825,313.75,314.4375,71189.375,interpolated
4085,2025-09-13 22:00:00+00:00,315.2,315.6,313.5,314.35,65938.5,interpolated
4086,2025-09-14 00:00:00+00:00,314.9,315.375,313.25,314.2625,60687.625,interpolated
4087,2025-09-14 02:00:00+00:00,314.6,315.15,313.0,314.175,55436.75,interpolated
4088,2025-09-14 04:00:00+00:00,314.3,314.925,312.75,314.0875,50185.875,interpolated
4089,2025-09-14 06:00:00+00:00,314.0,314.7,312.5,314.0,44935.0,present
4090,2025-09-14 08:00:00+00:00,314.0,314.0,313.2,313.5,23188.0,present
4091,2025-09-14 10:00:00+00:00,313.5,315.5,313.1,315.4,91098.0,present
4092,2025-09-14 12:00:00+00:00,315.3,317.5,315.0,315.4,93187.0,present
4093,2025-09-14 14:00:00+00:00,315.4,317.8,315.4,317.4,70169.0,present
4094,2025-09-14 16:00:00+00:00,315.7333333333333,317.73333333333335,315.7333333333333,317.4,58478.833333333336,interpolated
4095,2025-09-14 18:00:00+00:00,316.06666666666666,317.6666666666667,316.06666666666666,317.4,46788.66666666667,interpolated
4096,2025-09-14 20:00:00+00:00,316.4,317.6,316.4,317.4,35098.5,interpolated
4097,2025-09-14 22:00:00+00:00,316.7333333333333,317.5333333333333,316.7333333333333,317.4,23408.333333333336,interpolated
4098,2025-09-15 00:00:00+00:00,317.06666666666666,317.46666666666664,317.06666666666666,317.4,11718.166666666672,interpolated
4099,2025-09-15 02:00:00+00:00,317.4,317.4,317.4,317.4,28.0,present
4100,2025-09-15 04:00:00+00:00,317.8,318.3,314.4,314.9,120156.0,present
4101,2025-09-15 06:00:00+00:00,314.9,317.2,314.2,315.7,192127.0,present
4102,2025-09-15 08:00:00+00:00,315.8,315.9,311.3,312.2,729561.0,present
4103,2025-09-15 10:00:00+00:00,312.2,315.5,310.9,314.4,508642.0,present
4104,2025-09-15 12:00:00+00:00,314.2,316.3,313.0,313.9,253310.0,present
4105,2025-09-15 14:00:00+00:00,313.7,315.1,312.6,313.0,273636.0,present
4106,2025-09-15 16:00:00+00:00,313.0,313.9,310.9,311.1,249999.0,present
4107,2025-09-15 18:00:00+00:00,311.0,311.1,308.0,309.4,296613.0,present
4108,2025-09-15 20:00:00+00:00,309.3,310.5,309.2,309.7,45328.0,present
4109,2025-09-15 22:00:00+00:00,309.56666666666666,310.3666666666667,309.5,309.8333333333333,30230.333333333336,interpolated
4110,2025-09-16 00:00:00+00:00,309.83333333333337,310.23333333333335,309.8,309.9666666666667,15132.666666666668,interpolated
4111,2025-09-16 02:00:00+00:00,310.1,310.1,310.1,310.1,35.0,present
4112,2025-09-16 04:00:00+00:00,309.7,312.8,307.2,312.1,198878.0,present
4113,2025-09-16 06:00:00+00:00,311.8,315.8,311.5,315.0,558266.0,present
4114,2025-09-16 08:00:00+00:00,315.1,315.4,310.2,311.1,561350.0,present
4115,2025-09-16 10:00:00+00:00,311.1,312.4,309.5,312.1,354354.0,present
4116,2025-09-16 12:00:00+00:00,312.1,313.5,309.7,312.5,279071.0,present
4117,2025-09-16 14:00:00+00:00,312.6,314.5,312.5,313.4,322412.0,present
4118,2025-09-16 16:00:00+00:00,313.4,313.8,311.6,312.1,108642.0,present
4119,2025-09-16 18:00:00+00:00,312.2,312.2,310.0,310.2,116918.0,present
4120,2025-09-16 20:00:00+00:00,310.1,311.0,309.5,310.7,71936.0,present
4121,2025-09-16 22:00:00+00:00,310.3,310.9,309.9,310.7,47959.0,interpolated
4122,2025-09-17 00:00:00+00:00,310.5,310.8,310.3,310.7,23982.0,interpolated
4123,2025-09-17 02:00:00+00:00,310.7,310.7,310.7,310.7,5.0,present
4124,2025-09-17 04:00:00+00:00,310.7,311.9,310.2,311.2,86154.0,present
4125,2025-09-17 06:00:00+00:00,311.2,311.2,304.9,305.5,759045.0,present
4126,2025-09-17 08:00:00+00:00,305.4,308.5,304.8,306.0,919094.0,present
4127,2025-09-17 10:00:00+00:00,305.9,309.3,305.9,307.4,552489.0,present
4128,2025-09-17 12:00:00+00:00,307.4,308.0,306.1,307.2,278416.0,present
4129,2025-09-17 14:00:00+00:00,307.1,310.7,306.5,306.5,797557.0,present
4130,2025-09-17 16:00:00+00:00,307.0,308.0,306.1,307.0,253832.0,present
4131,2025-09-17 18:00:00+00:00,306.9,308.0,306.5,307.7,94058.0,present
4132,2025-09-17 20:00:00+00:00,307.8,307.9,306.1,306.8,43388.0,present
4133,2025-09-17 22:00:00+00:00,307.26666666666665,307.3333333333333,306.1333333333333,306.6,29936.0,interpolated
4134,2025-09-18 00:00:00+00:00,306.73333333333335,306.76666666666665,306.1666666666667,306.4,16484.000000000004,interpolated
4135,2025-09-18 02:00:00+00:00,306.2,306.2,306.2,306.2,3032.0,present
4136,2025-09-18 04:00:00+00:00,306.3,307.0,305.2,306.8,133957.0,present
4137,2025-09-18 06:00:00+00:00,306.8,310.5,306.1,309.0,595613.0,present
4138,2025-09-18 08:00:00+00:00,308.9,310.6,307.7,308.1,428361.0,present
4139,2025-09-18 10:00:00+00:00,308.1,309.4,306.4,307.1,383563.0,present
4140,2025-09-18 12:00:00+00:00,307.0,307.8,305.6,307.3,545343.0,present
4141,2025-09-18 14:00:00+00:00,307.4,308.8,306.7,306.7,171340.0,present
4142,2025-09-18 16:00:00+00:00,306.7,307.4,303.2,303.7,315664.0,present
4143,2025-09-18 18:00:00+00:00,303.6,304.8,303.1,303.4,213373.0,present
4144,2025-09-18 20:00:00+00:00,303.5,304.3,302.8,303.4,87606.0,present
4145,2025-09-18 22:00:00+00:00,303.3333333333333,303.8666666666667,302.8666666666667,303.26666666666665,58753.666666666664,interpolated
4146,2025-09-19 00:00:00+00:00,303.1666666666667,303.43333333333334,302.93333333333334,303.1333333333333,29901.33333333333,interpolated
4147,2025-09-19 02:00:00+00:00,303.0,303.0,303.0,303.0,1049.0,present
4148,2025-09-19 04:00:00+00:00,303.0,304.8,300.8,302.2,279191.0,present
4149,2025-09-19 06:00:00+00:00,302.2,305.1,302.1,303.7,321330.0,present
4150,2025-09-19 08:00:00+00:00,303.6,303.8,301.3,303.5,407190.0,present
4151,2025-09-19 10:00:00+00:00,303.6,303.9,300.1,303.5,396856.0,present
4152,2025-09-19 12:00:00+00:00,303.5,306.2,301.8,305.4,580640.0,present
4153,2025-09-19 14:00:00+00:00,305.2,305.3,302.3,302.7,424835.0,present
4154,2025-09-19 16:00:00+00:00,302.9,303.7,301.1,303.4,188680.0,present
4155,2025-09-19 18:00:00+00:00,303.5,303.7,301.8,301.8,100271.0,present
4156,2025-09-19 20:00:00+00:00,302.0,304.3,300.7,303.8,221000.0,present
4157,2025-09-19 22:00:00+00:00,302.0074074074074,304.22222222222223,300.75555555555553,303.74074074074076,213073.62962962964,interpolated
4158,2025-09-20 00:00:00+00:00,302.0148148148148,304.14444444444445,300.8111111111111,303.6814814814815,205147.25925925927,interpolated
4159,2025-09-20 02:00:00+00:00,302.02222222222224,304.06666666666666,300.8666666666667,303.6222222222222,197220.88888888888,interpolated
4160,2025-09-20 04:00:00+00:00,302.02962962962965,303.9888888888889,300.9222222222222,303.56296296296296,189294.5185185185,interpolated
4161,2025-09-20 06:00:00+00:00,302.037037037037,303.9111111111111,300.97777777777776,303.5037037037037,181368.14814814815,interpolated
4162,2025-09-20 08:00:00+00:00,302.0444444444444,303.8333333333333,301.0333333333333,303.44444444444446,173441.77777777778,interpolated
4163,2025-09-20 10:00:00+00:00,302.05185185185184,303.7555555555556,301.0888888888889,303.3851851851852,165515.40740740742,interpolated
4164,2025-09-20 12:00:00+00:00,302.05925925925925,303.6777777777778,301.14444444444445,303.32592592592596,157589.03703703702,interpolated
4165,2025-09-20 14:00:00+00:00,302.06666666666666,303.6,301.2,303.26666666666665,149662.6666666667,interpolated
4166,2025-09-20 16:00:00+00:00,302.0740740740741,303.52222222222224,301.25555555555553,303.2074074074074,141736.2962962963,interpolated
4167,2025-09-20 18:00:00+00:00,302.0814814814815,303.44444444444446,301.3111111111111,303.14814814814815,133809.92592592593,interpolated
4168,2025-09-20 20:00:00+00:00,302.0888888888889,303.3666666666667,301.3666666666667,303.0888888888889,125883.55555555556,interpolated
4169,2025-09-20 22:00:00+00:00,302.0962962962963,303.2888888888889,301.4222222222222,303.02962962962965,117957.18518518518,interpolated
4170,2025-09-21 00:00:00+00:00,302.1037037037037,303.2111111111111,301.47777777777776,302.97037037037035,110030.81481481482,interpolated
4171,2025-09-21 02:00:00+00:00,302.1111111111111,303.1333333333333,301.5333333333333,302.9111111111111,102104.44444444445,interpolated
4172,2025-09-21 04:00:00+00:00,302.1185185185185,303.05555555555554,301.5888888888889,302.85185185185185,94178.07407407407,interpolated
4173,2025-09-21 06:00:00+00:00,302.1259259259259,302.97777777777776,301.64444444444445,302.7925925925926,86251.70370370371,interpolated
4174,2025-09-21 08:00:00+00:00,302.1333333333333,302.9,301.7,302.73333333333335,78325.33333333334,interpolated
4175,2025-09-21 10:00:00+00:00,302.14074074074074,302.8222222222222,301.75555555555553,302.67407407407404,70398.96296296298,interpolated
4176,2025-09-21 12:00:00+00:00,302.14814814814815,302.7444444444444,301.8111111111111,302.6148148148148,62472.592592592584,interpolated
4177,2025-09-21 14:00:00+00:00,302.15555555555557,302.6666666666667,301.8666666666667,302.55555555555554,54546.22222222222,interpolated
4178,2025-09-21 16:00:00+00:00,302.162962962963,302.5888888888889,301.9222222222222,302.4962962962963,46619.851851851854,interpolated
4179,2025-09-21 18:00:00+00:00,302.17037037037034,302.5111111111111,301.97777777777776,302.43703703703704,38693.48148148149,interpolated
4180,2025-09-21 20:00:00+00:00,302.17777777777775,302.43333333333334,302.0333333333333,302.3777777777778,30767.111111111124,interpolated
4181,2025-09-21 22:00:00+00:00,302.18518518518516,302.35555555555555,302.0888888888889,302.3185185185185,22840.74074074076,interpolated
4182,2025-09-22 00:00:00+00:00,302.1925925925926,302.27777777777777,302.14444444444445,302.25925925925924,14914.370370370365,interpolated
4183,2025-09-22 02:00:00+00:00,302.2,302.2,302.2,302.2,6988.0,present
4184,2025-09-22 04:00:00+00:00,302.2,302.5,299.0,302.2,224721.0,present
4185,2025-09-22 06:00:00+00:00,302.4,303.5,300.9,303.1,285220.0,present
4186,2025-09-22 08:00:00+00:00,303.2,303.9,299.0,300.2,631885.0,present
4187,2025-09-22 10:00:00+00:00,300.3,302.9,299.3,301.4,417797.0,present
4188,2025-09-22 12:00:00+00:00,301.4,302.2,290.0,294.3586499298952,1480920.0,present
4189,2025-09-22 14:00:00+00:00,291.9,298.3,291.1,298.0,1054582.0,present
4190,2025-09-22 16:00:00+00:00,297.8,298.9,296.2,298.1,200148.0,present
4191,2025-09-22 18:00:00+00:00,298.1,298.1,296.7,297.2,102062.0,present
4192,2025-09-22 20:00:00+00:00,297.2,297.2,296.0,296.3,65797.0,present
4193,2025-09-22 22:00:00+00:00,297.46666666666664,297.46666666666664,296.6666666666667,296.8666666666667,44132.333333333336,interpolated
4194,2025-09-23 00:00:00+00:00,297.73333333333335,297.73333333333335,297.3333333333333,297.43333333333334,22467.66666666667,interpolated
4195,2025-09-23 02:00:00+00:00,298.0,298.0,298.0,298.0,803.0,present
4196,2025-09-23 04:00:00+00:00,297.8,299.1,296.4,296.8,77327.0,present
4197,2025-09-23 06:00:00+00:00,296.9,299.1,295.1,295.8,263939.0,present
4198,2025-09-23 08:00:00+00:00,295.8,300.0,292.8,298.3,876768.0,present
4199,2025-09-23 10:00:00+00:00,298.3,300.9,297.9,300.5,376882.0,present
4200,2025-09-23 12:00:00+00:00,300.6,302.6,299.2,301.9,574887.0,present
4201,2025-09-23 14:00:00+00:00,302.0,304.1,300.4,301.8,546121.0,present
4202,2025-09-23 16:00:00+00:00,302.1,303.8,300.5,301.1,452117.0,present
4203,2025-09-23 18:00:00+00:00,300.9,302.9,293.0,294.0656585729643,1251976.0,present
4204,2025-09-23 20:00:00+00:00,293.2,294.1,290.3,293.2,426083.0,present
4205,2025-09-23 22:00:00+00:00,293.3,293.90000000000003,291.3666666666667,293.3,284839.3333333334,interpolated
4206,2025-09-24 00:00:00+00:00,293.4,293.7,292.43333333333334,293.4,143595.6666666667,interpolated
4207,2025-09-24 02:00:00+00:00,293.5,293.5,293.5,293.5,2352.0,present
4208,2025-09-24 04:00:00+00:00,293.6,294.5,292.0,293.0,199518.0,present
4209,2025-09-24 06:00:00+00:00,293.0,293.1,288.5,292.6,638766.0,present
4210,2025-09-24 08:00:00+00:00,292.4,297.2,291.8,297.1,669290.0,present
4211,2025-09-24 10:00:00+00:00,297.1,297.2,294.9,296.6,333428.0,present
4212,2025-09-24 12:00:00+00:00,296.7,298.7,295.4,297.7,325390.0,present
4213,2025-09-24 14:00:00+00:00,298.1,298.1,295.1,295.8,252253.0,present
4214,2025-09-24 16:00:00+00:00,296.1,296.8,295.0,295.6,71166.0,present
4215,2025-09-24 18:00:00+00:00,295.5,297.0,295.4,296.7,57268.0,present
4216,2025-09-24 20:00:00+00:00,296.9,297.7,296.5,297.0,31749.0,present
4217,2025-09-24 22:00:00+00:00,297.06666666666666,297.59999999999997,296.8,297.1333333333333,21168.333333333332,interpolated
4218,2025-09-25 00:00:00+00:00,297.2333333333333,297.5,297.09999999999997,297.26666666666665,10587.666666666664,interpolated
4219,2025-09-25 02:00:00+00:00,297.4,297.4,297.4,297.4,7.0,present
4220,2025-09-25 04:00:00+00:00,297.8,298.8,297.0,297.9,118132.0,present
4221,2025-09-25 06:00:00+00:00,298.0,299.3,296.5,297.0,267499.0,present
4222,2025-09-25 08:00:00+00:00,296.9,299.0,296.5,298.5,190508.0,present
4223,2025-09-25 10:00:00+00:00,298.6,299.7,297.7,299.0,156124.0,present
4224,2025-09-25 12:00:00+00:00,299.0,299.4,296.0,296.7,211393.0,present
4225,2025-09-25 14:00:00+00:00,296.7,297.2,294.0,294.0,208783.0,present
4226,2025-09-25 16:00:00+00:00,294.1,294.6,292.2,293.0,220137.0,present
4227,2025-09-25 18:00:00+00:00,293.1,293.7,292.2,293.5,96033.0,present
4228,2025-09-25 20:00:00+00:00,293.5,295.2,292.8,294.4,47049.0,present
4229,2025-09-25 22:00:00+00:00,293.8,294.93333333333334,293.3333333333333,294.4,31366.666666666668,interpolated
4230,2025-09-26 00:00:00+00:00,294.09999999999997,294.66666666666663,293.8666666666667,294.4,15684.333333333336,interpolated
4231,2025-09-26 02:00:00+00:00,294.4,294.4,294.4,294.4,2.0,present
4232,2025-09-26 04:00:00+00:00,294.8,295.1,290.4,293.4,193744.0,present
4233,2025-09-26 06:00:00+00:00,293.8,294.7,291.6,292.1,244548.0,present
4234,2025-09-26 08:00:00+00:00,292.1,295.0,292.1,295.0,480661.0,present
4235,2025-09-26 10:00:00+00:00,295.0,296.2,293.9,295.1,321187.0,present
4236,2025-09-26 12:00:00+00:00,295.1,295.2,292.5,292.7,248847.0,present
4237,2025-09-26 14:00:00+00:00,292.7,296.1,292.4,296.1,348022.0,present
4238,2025-09-26 16:00:00+00:00,296.2,298.9,295.2,298.7,224525.0,present
4239,2025-09-26 18:00:00+00:00,298.7,298.9,296.4,296.6,110401.0,present
4240,2025-09-26 20:00:00+00:00,296.5,297.7,296.5,297.2,49639.0,present
4241,2025-09-26 22:00:00+00:00,296.62,297.74,296.44,297.28,41683.0,interpolated
4242,2025-09-27 00:00:00+00:00,296.74,297.78,296.38,297.36,33727.0,interpolated
4243,2025-09-27 02:00:00+00:00,296.86,297.82,296.32,297.44,25771.0,interpolated
4244,2025-09-27 04:00:00+00:00,296.98,297.85999999999996,296.26,297.52000000000004,17815.0,interpolated
4245,2025-09-27 06:00:00+00:00,297.1,297.9,296.2,297.6,9859.0,present
4246,2025-09-27 08:00:00+00:00,297.0,297.9,296.8,297.8,11543.0,present
4247,2025-09-27 10:00:00+00:00,297.5,297.8,297.2,297.5,11484.0,present
4248,2025-09-27 12:00:00+00:00,297.6,298.1,297.3,298.0,23420.0,present
4249,2025-09-27 14:00:00+00:00,298.0,298.0,296.6,297.1,30011.0,present
4250,2025-09-27 16:00:00+00:00,298.025,298.1,296.38750000000005,297.0,32349.5,interpolated
4251,2025-09-27 18:00:00+00:00,298.05,298.2,296.175,296.90000000000003,34688.0,interpolated
4252,2025-09-27 20:00:00+00:00,298.075,298.3,295.9625,296.8,37026.5,interpolated
4253,2025-09-27 22:00:00+00:00,298.1,298.4,295.75,296.70000000000005,39365.0,interpolated
4254,2025-09-28 00:00:00+00:00,298.125,298.5,295.5375,296.6,41703.5,interpolated
4255,2025-09-28 02:00:00+00:00,298.15,298.6,295.325,296.5,44042.0,interpolated
4256,2025-09-28 04:00:00+00:00,298.175,298.7,295.11249999999995,296.40000000000003,46380.5,interpolated
4257,2025-09-28 06:00:00+00:00,298.2,298.8,294.9,296.3,48719.0,present
4258,2025-09-28 08:00:00+00:00,296.2,296.4,294.8,295.0,28455.0,present
4259,2025-09-28 10:00:00+00:00,295.0,295.4,294.8,295.1,11986.0,present
4260,2025-09-28 12:00:00+00:00,295.1,295.8,295.1,295.3,16970.0,present
4261,2025-09-28 14:00:00+00:00,295.4,296.0,294.3,294.9,27614.0,present
4262,2025-09-28 16:00:00+00:00,295.3333333333333,295.8333333333333,294.4166666666667,294.91666666666663,23220.5,interpolated
4263,2025-09-28 18:00:00+00:00,295.26666666666665,295.6666666666667,294.53333333333336,294.93333333333334,18827.0,interpolated
4264,2025-09-28 20:00:00+00:00,295.2,295.5,294.65000000000003,294.95,14433.5,interpolated
4265,2025-09-28 22:00:00+00:00,295.1333333333333,295.3333333333333,294.76666666666665,294.96666666666664,10040.0,interpolated
4266,2025-09-29 00:00:00+00:00,295.06666666666666,295.1666666666667,294.8833333333333,294.98333333333335,5646.5,interpolated
4267,2025-09-29 02:00:00+00:00,295.0,295.0,295.0,295.0,1253.0,present
4268,2025-09-29 04:00:00+00:00,295.3,296.2,294.9,295.8,65437.0,present
4269,2025-09-29 06:00:00+00:00,295.8,296.8,294.2,296.5,148379.0,present
4270,2025-09-29 08:00:00+00:00,296.6,298.0,296.0,296.9,171155.0,present
4271,2025-09-29 10:00:00+00:00,296.9,297.0,295.5,295.6,135707.0,present
4272,2025-09-29 12:00:00+00:00,295.7,295.9,288.4,289.1,636362.0,present
4273,2025-09-29 14:00:00+00:00,289.1,289.3,282.1,283.1,1494359.0,present
4274,2025-09-29 16:00:00+00:00,283.2,285.0,282.8,283.8,453613.0,present
4275,2025-09-29 18:00:00+00:00,283.8,283.8,278.7,280.6,1004589.0,present
4276,2025-09-29 20:00:00+00:00,280.7,283.0,280.7,282.3,196508.0,present
4277,2025-09-29 22:00:00+00:00,281.7,283.23333333333335,281.7,282.76666666666665,132411.0,interpolated
4278,2025-09-30 00:00:00+00:00,282.7,283.46666666666664,282.7,283.23333333333335,68314.00000000001,interpolated
4279,2025-09-30 02:00:00+00:00,283.7,283.7,283.7,283.7,4217.0,present
4280,2025-09-30 04:00:00+00:00,283.6,283.6,279.5,281.8,184601.0,present
4281,2025-09-30 06:00:00+00:00,281.8,283.0,278.5,282.4,653232.0,present
4282,2025-09-30 08:00:00+00:00,282.5,282.9,276.0,277.2,632884.0,present
4283,2025-09-30 10:00:00+00:00,277.2,277.6,271.3,275.6,1313938.0,present
4284,2025-09-30 12:00:00+00:00,275.6,278.0,274.7,277.9,488983.0,present
4285,2025-09-30 14:00:00+00:00,277.8,278.7,275.0,277.0,391223.0,present
4286,2025-09-30 16:00:00+00:00,277.0,279.0,275.4,276.1,295856.0,present
4287,2025-09-30 18:00:00+00:00,275.9,277.2,275.9,277.0,91301.0,present
4288,2025-09-30 20:00:00+00:00,277.0,277.7,276.6,277.6,41168.0,present
4289,2025-09-30 22:00:00+00:00,277.4,277.8666666666667,277.1333333333333,277.8,27501.666666666664,interpolated
4290,2025-10-01 00:00:00+00:00,277.8,278.0333333333333,277.6666666666667,278.0,13835.333333333332,interpolated
4291,2025-10-01 02:00:00+00:00,278.2,278.2,278.2,278.2,169.0,present
4292,2025-10-01 04:00:00+00:00,278.3,278.9,276.1,276.8,98999.0,present
4293,2025-10-01 06:00:00+00:00,277.0,278.2,274.5,274.6,309582.0,present
4294,2025-10-01 08:00:00+00:00,274.6,275.9,274.3,275.0,280280.0,present
4295,2025-10-01 10:00:00+00:00,275.0,275.0,273.0,273.8,380443.0,present
4296,2025-10-01 12:00:00+00:00,273.8,273.8,270.8,273.3,612945.0,present
4297,2025-10-01 14:00:00+00:00,273.3,273.5,269.1,270.2,401251.0,present
4298,2025-10-01 16:00:00+00:00,270.3,270.7,269.5,270.5,122427.0,present
4299,2025-10-01 18:00:00+00:00,270.4,272.0,267.5,271.3,294534.0,present
4300,2025-10-01 20:00:00+00:00,271.5,272.3,271.0,271.3,101695.0,present
4301,2025-10-01 22:00:00+00:00,271.43333333333334,271.9666666666667,271.1,271.3,67807.66666666667,interpolated
4302,2025-10-02 00:00:00+00:00,271.3666666666667,271.6333333333333,271.2,271.3,33920.33333333334,interpolated
4303,2025-10-02 02:00:00+00:00,271.3,271.3,271.3,271.3,33.0,present
4304,2025-10-02 04:00:00+00:00,271.3,272.1,265.3,266.9,309211.0,present
4305,2025-10-02 06:00:00+00:00,266.9,270.0,266.3,269.0,371152.0,present
4306,2025-10-02 08:00:00+00:00,269.1,277.8,268.8,275.4347460803659,1086894.0,present
4307,2025-10-02 10:00:00+00:00,275.5,277.1,273.1,276.8,820045.0,present
4308,2025-10-02 12:00:00+00:00,276.8,281.1,275.7,279.5,1110996.0,present
4309,2025-10-02 14:00:00+00:00,279.5,282.4,276.7,278.0,908923.0,present
4310,2025-10-02 16:00:00+00:00,278.3,278.4,274.2,276.7,506867.0,present
4311,2025-10-02 18:00:00+00:00,276.8,278.8,274.3,278.3,405218.0,present
4312,2025-10-02 20:00:00+00:00,278.6,278.9,277.6,278.8,97412.0,present
4313,2025-10-02 22:00:00+00:00,278.9666666666667,279.16666666666663,278.3,279.1,65098.0,interpolated
4314,2025-10-03 00:00:00+00:00,279.3333333333333,279.43333333333334,279.0,279.4,32784.0,interpolated
4315,2025-10-03 02:00:00+00:00,279.7,279.7,279.7,279.7,470.0,present
4316,2025-10-03 04:00:00+00:00,279.7,281.9,277.0,278.1,245957.0,present
4317,2025-10-03 06:00:00+00:00,278.4,281.2,277.3,280.0,478592.0,present
4318,2025-10-03 08:00:00+00:00,280.0,280.6,274.9,274.9,570344.0,present
4319,2025-10-03 10:00:00+00:00,274.9,276.2,270.2,271.5,891307.0,present
4320,2025-10-03 12:00:00+00:00,271.5,272.6,266.8,269.2,1237653.0,present
4321,2025-10-03 14:00:00+00:00,269.3,269.6,266.1,268.5,527784.0,present
4322,2025-10-03 16:00:00+00:00,268.3,268.5,266.0,267.9,246898.0,present
4323,2025-10-03 18:00:00+00:00,267.7,269.7,267.1,268.3,243342.0,present
4324,2025-10-03 20:00:00+00:00,268.1,268.3,265.5,265.9,156837.0,present
4325,2025-10-03 22:00:00+00:00,267.6,267.98,264.72,265.09999999999997,170298.0,interpolated
4326,2025-10-04 00:00:00+00:00,267.1,267.66,263.94,264.29999999999995,183759.0,interpolated
4327,2025-10-04 02:00:00+00:00,266.6,267.34,263.16,263.5,197220.0,interpolated
4328,2025-10-04 04:00:00+00:00,266.1,267.02,262.38,262.7,210681.0,interpolated
4329,2025-10-04 06:00:00+00:00,265.6,266.7,261.6,261.9,224142.0,present
4330,2025-10-04 08:00:00+00:00,261.9,262.2,258.3,260.5,205729.0,present
4331,2025-10-04 10:00:00+00:00,260.4,260.7,259.1,260.3,118921.0,present
4332,2025-10-04 12:00:00+00:00,260.1,261.1,258.3,259.5,163432.0,present
4333,2025-10-04 14:00:00+00:00,259.5,261.2,259.0,260.8,83559.0,present
4334,2025-10-04 16:00:00+00:00,259.6625,261.175,258.975,260.7375,81261.375,interpolated
4335,2025-10-04 18:00:00+00:00,259.825,261.15,258.95,260.675,78963.75,interpolated
4336,2025-10-04 20:00:00+00:00,259.9875,261.125,258.925,260.6125,76666.125,interpolated
4337,2025-10-04 22:00:00+00:00,260.15,261.1,258.9,260.55,74368.5,interpolated
4338,2025-10-05 00:00:00+00:00,260.3125,261.075,258.875,260.4875,72070.875,interpolated
4339,2025-10-05 02:00:00+00:00,260.475,261.05,258.85,260.425,69773.25,interpolated
4340,2025-10-05 04:00:00+00:00,260.6375,261.025,258.825,260.3625,67475.625,interpolated
4341,2025-10-05 06:00:00+00:00,260.8,261.0,258.8,260.3,65178.0,present
4342,2025-10-05 08:00:00+00:00,260.8,261.8,260.1,261.8,40095.0,present
4343,2025-10-05 10:00:00+00:00,261.8,264.1,261.4,263.3,94010.0,present
4344,2025-10-05 12:00:00+00:00,263.2,263.5,262.7,263.2,16366.0,present
4345,2025-10-05 14:00:00+00:00,263.1,264.3,262.5,264.2,67759.0,present
4346,2025-10-05 16:00:00+00:00,263.4166666666667,264.4166666666667,262.9166666666667,264.3333333333333,56533.66666666667,interpolated
4347,2025-10-05 18:00:00+00:00,263.73333333333335,264.53333333333336,263.3333333333333,264.46666666666664,45308.333333333336,interpolated
4348,2025-10-05 20:00:00+00:00,264.05,264.65000000000003,263.75,264.6,34083.0,interpolated
4349,2025-10-05 22:00:00+00:00,264.3666666666667,264.76666666666665,264.1666666666667,264.73333333333335,22857.66666666667,interpolated
4350,2025-10-06 00:00:00+00:00,264.68333333333334,264.8833333333333,264.5833333333333,264.8666666666667,11632.333333333336,interpolated
4351,2025-10-06 02:00:00+00:00,265.0,265.0,265.0,265.0,407.0,present
4352,2025-10-06 04:00:00+00:00,265.1,266.1,263.5,265.0,114471.0,present
4353,2025-10-06 06:00:00+00:00,265.0,267.8,263.5,264.1,841431.0,present
4354,2025-10-06 08:00:00+00:00,264.3,268.6,262.4,268.2,947423.0,present
4355,2025-10-06 10:00:00+00:00,268.2,269.6,265.6,265.6,582490.0,present
4356,2025-10-06 12:00:00+00:00,265.6,266.1,260.1,264.7,1617618.0,present
4357,2025-10-06 14:00:00+00:00,264.7,264.9,262.5,263.9,471937.0,present
4358,2025-10-06 16:00:00+00:00,263.8,268.0,263.3,266.7,507779.0,present
4359,2025-10-06 18:00:00+00:00,266.6,268.2,266.1,267.2,122379.0,present
4360,2025-10-06 20:00:00+00:00,267.4,267.7,265.0,265.4,100499.0,present
4361,2025-10-06 22:00:00+00:00,266.26666666666665,266.46666666666664,264.6666666666667,264.93333333333334,67432.66666666666,interpolated
4362,2025-10-07 00:00:00+00:00,265.1333333333333,265.23333333333335,264.3333333333333,264.46666666666664,34366.33333333333,interpolated
4363,2025-10-07 02:00:00+00:00,264.0,264.0,264.0,264.0,1300.0,present
4364,2025-10-07 04:00:00+00:00,264.0,267.5,263.4,267.1,323482.0,present
4365,2025-10-07 06:00:00+00:00,267.0,269.5,263.8,268.1,808358.0,present
4366,2025-10-07 08:00:00+00:00,268.0,272.2,267.6,268.7,925033.0,present
4367,2025-10-07 10:00:00+00:00,268.7,270.4,267.3,268.5,341502.0,present
4368,2025-10-07 12:00:00+00:00,268.4,272.1,267.0,272.0,400001.0,present
4369,2025-10-07 14:00:00+00:00,271.7,274.3,270.9,274.3,665597.0,present
4370,2025-10-07 16:00:00+00:00,273.8,274.2,271.8,272.5,184286.0,present
4371,2025-10-07 18:00:00+00:00,272.4,273.1,272.3,272.8,92403.0,present
4372,2025-10-07 20:00:00+00:00,272.8,273.6,272.4,273.6,46742.0,present
4373,2025-10-07 22:00:00+00:00,273.23333333333335,273.7666666666667,272.96666666666664,273.7666666666667,31221.333333333336,interpolated
4374,2025-10-08 00:00:00+00:00,273.6666666666667,273.93333333333334,273.53333333333336,273.93333333333334,15700.666666666668,interpolated
4375,2025-10-08 02:00:00+00:00,274.1,274.1,274.1,274.1,180.0,present
4376,2025-10-08 04:00:00+00:00,274.0,274.1,272.3,273.2,91002.0,present
4377,2025-10-08 06:00:00+00:00,273.1,274.4,269.0,270.2,470024.0,present
4378,2025-10-08 08:00:00+00:00,270.2,270.9,265.3,267.0,671477.0,present
4379,2025-10-08 10:00:00+00:00,266.9,268.7,265.5,268.0,565377.0,present
4380,2025-10-08 12:00:00+00:00,267.9,268.3,264.6,265.3,408573.0,present
4381,2025-10-08 14:00:00+00:00,265.3,265.6,258.9,260.0,1066338.0,present
4382,2025-10-08 16:00:00+00:00,259.9,260.0,255.5,259.1,721473.0,present
4383,2025-10-08 18:00:00+00:00,259.1,260.0,257.7,258.7,235982.0,present
4384,2025-10-08 20:00:00+00:00,258.7,259.2,258.4,258.9,46528.0,present
4385,2025-10-08 22:00:00+00:00,259.09999999999997,259.43333333333334,258.9,259.2333333333333,31275.333333333336,interpolated
4386,2025-10-09 00:00:00+00:00,259.5,259.66666666666663,259.4,259.56666666666666,16022.666666666668,interpolated
4387,2025-10-09 02:00:00+00:00,259.9,259.9,259.9,259.9,770.0,present
4388,2025-10-09 04:00:00+00:00,259.8,262.3,256.7,260.1,316667.0,present
4389,2025-10-09 06:00:00+00:00,260.1,262.7,258.3,259.7,373694.0,present
4390,2025-10-09 08:00:00+00:00,259.5,260.0,245.0,257.7,3344123.0,present
4391,2025-10-09 10:00:00+00:00,257.9,260.9,255.0,258.7,770105.0,present
4392,2025-10-09 12:00:00+00:00,258.7,267.5,258.3,264.8883598921586,1153097.0,present
