,datetime,open,high,low,close,volume,data_status
0,2024-10-08 12:00:00+00:00,3986.5,3989.0,3959.5,3968.0,121507.0,present
1,2024-10-08 14:00:00+00:00,3968.0,3974.5,3950.5,3974.5,76024.0,present
2,2024-10-08 16:00:00+00:00,3967.0,3974.0,3957.5,3972.5,21728.0,present
3,2024-10-08 18:00:00+00:00,3972.0,3974.5,3967.0,3972.5,8396.0,present
4,2024-10-08 20:00:00+00:00,3972.5,3987.0,3972.0,3982.5,12441.0,present
5,2024-10-08 22:00:00+00:00,3974.4,3987.0,3967.8,3978.0,23344.800000000003,interpolated
6,2024-10-09 00:00:00+00:00,3976.3,3987.0,3963.6,3973.5,34248.600000000006,interpolated
7,2024-10-09 02:00:00+00:00,3978.2,3987.0,3959.4,3969.0,45152.4,interpolated
8,2024-10-09 04:00:00+00:00,3980.1,3987.0,3955.2,3964.5,56056.200000000004,interpolated
9,2024-10-09 06:00:00+00:00,3982.0,3987.0,3951.0,3960.0,66960.0,present
10,2024-10-09 08:00:00+00:00,3959.0,3978.0,3952.0,3963.0,52133.0,present
11,2024-10-09 10:00:00+00:00,3963.0,3963.0,3935.0,3941.0,93661.0,present
12,2024-10-09 12:00:00+00:00,3941.5,3949.0,3915.5,3921.0,94441.0,present
13,2024-10-09 14:00:00+00:00,3921.0,3928.5,3906.5,3917.5,67881.0,present
14,2024-10-09 16:00:00+00:00,3917.5,3938.0,3917.5,3929.0,28105.0,present
15,2024-10-09 18:00:00+00:00,3929.0,3933.5,3917.5,3928.0,22643.0,present
16,2024-10-09 20:00:00+00:00,3928.0,3936.5,3926.0,3933.5,10928.0,present
17,2024-10-09 22:00:00+00:00,3930.0,3940.5,3927.4,3936.0,19638.6,interpolated
18,2024-10-10 00:00:00+00:00,3932.0,3944.5,3928.8,3938.5,28349.2,interpolated
19,2024-10-10 02:00:00+00:00,3934.0,3948.5,3930.2,3941.0,37059.8,interpolated
20,2024-10-10 04:00:00+00:00,3936.0,3952.5,3931.6,3943.5,45770.4,interpolated
21,2024-10-10 06:00:00+00:00,3938.0,3956.5,3933.0,3946.0,54481.0,present
22,2024-10-10 08:00:00+00:00,3948.5,3965.0,3944.0,3949.5,77974.0,present
23,2024-10-10 10:00:00+00:00,3949.5,3953.0,3936.5,3938.0,36061.0,present
24,2024-10-10 12:00:00+00:00,3938.0,3959.5,3933.0,3954.5,51418.0,present
25,2024-10-10 14:00:00+00:00,3955.5,3975.0,3949.5,3975.0,80199.0,present
26,2024-10-10 16:00:00+00:00,3970.0,3994.0,3965.0,3972.0,63384.0,present
27,2024-10-10 18:00:00+00:00,3972.5,3982.5,3971.5,3971.5,15866.0,present
28,2024-10-10 20:00:00+00:00,3973.5,3982.5,3971.0,3979.5,9929.0,present
29,2024-10-10 22:00:00+00:00,3974.8,3987.1,3969.2,3984.5,26731.2,interpolated
30,2024-10-11 00:00:00+00:00,3976.1,3991.7,3967.4,3989.5,43533.4,interpolated
31,2024-10-11 02:00:00+00:00,3977.4,3996.3,3965.6,3994.5,60335.6,interpolated
32,2024-10-11 04:00:00+00:00,3978.7,4000.9,3963.8,3999.5,77137.8,interpolated
33,2024-10-11 06:00:00+00:00,3980.0,4005.5,3962.0,4004.5,93940.0,present
34,2024-10-11 08:00:00+00:00,4004.5,4006.0,3952.0,3962.5,148705.0,present
35,2024-10-11 10:00:00+00:00,3962.5,3973.0,3944.0,3959.5,89302.0,present
36,2024-10-11 12:00:00+00:00,3958.5,3974.0,3952.0,3960.0,54336.0,present
37,2024-10-11 14:00:00+00:00,3960.0,4000.0,3957.5,4000.0,107210.0,present
38,2024-10-11 16:00:00+00:00,3999.5,4000.0,3975.0,3985.0,54288.0,present
39,2024-10-11 18:00:00+00:00,3984.0,3995.0,3977.0,3979.0,18985.0,present
40,2024-10-11 20:00:00+00:00,3978.5,3984.0,3975.0,3975.0,11602.0,present
41,2024-10-11 22:00:00+00:00,3978.896551724138,3985.5172413793102,3974.6206896551726,3976.448275862069,19301.172413793105,interpolated
42,2024-10-12 00:00:00+00:00,3979.293103448276,3987.0344827586205,3974.2413793103447,3977.896551724138,27000.34482758621,interpolated
43,2024-10-12 02:00:00+00:00,3979.689655172414,3988.551724137931,3973.862068965517,3979.344827586207,34699.51724137931,interpolated
44,2024-10-12 04:00:00+00:00,3980.0862068965516,3990.0689655172414,3973.4827586206898,3980.793103448276,42398.68965517242,interpolated
45,2024-10-12 06:00:00+00:00,3980.4827586206898,3991.5862068965516,3973.103448275862,3982.2413793103447,50097.86206896552,interpolated
46,2024-10-12 08:00:00+00:00,3980.8793103448274,3993.103448275862,3972.7241379310344,3983.689655172414,57797.03448275862,interpolated
47,2024-10-12 10:00:00+00:00,3981.2758620689656,3994.6206896551726,3972.344827586207,3985.137931034483,65496.206896551725,interpolated
48,2024-10-12 12:00:00+00:00,3981.6724137931033,3996.137931034483,3971.9655172413795,3986.5862068965516,73195.37931034484,interpolated
49,2024-10-12 14:00:00+00:00,3982.0689655172414,3997.655172413793,3971.5862068965516,3988.0344827586205,80894.55172413793,interpolated
50,2024-10-12 16:00:00+00:00,3982.4655172413795,3999.1724137931033,3971.206896551724,3989.4827586206898,88593.72413793104,interpolated
51,2024-10-12 18:00:00+00:00,3982.862068965517,4000.689655172414,3970.8275862068967,3990.9310344827586,96292.89655172414,interpolated
52,2024-10-12 20:00:00+00:00,3983.2586206896553,4002.206896551724,3970.448275862069,3992.3793103448274,103992.06896551725,interpolated
53,2024-10-12 22:00:00+00:00,3983.655172413793,4003.7241379310344,3970.0689655172414,3993.8275862068967,111691.24137931035,interpolated
54,2024-10-13 00:00:00+00:00,3984.051724137931,4005.2413793103447,3969.689655172414,3995.2758620689656,119390.41379310345,interpolated
55,2024-10-13 02:00:00+00:00,3984.448275862069,4006.7586206896553,3969.310344827586,3996.7241379310344,127089.58620689655,interpolated
56,2024-10-13 04:00:00+00:00,3984.844827586207,4008.2758620689656,3968.9310344827586,3998.1724137931033,134788.75862068968,interpolated
57,2024-10-13 06:00:00+00:00,3985.2413793103447,4009.793103448276,3968.551724137931,3999.6206896551726,142487.93103448278,interpolated
58,2024-10-13 08:00:00+00:00,3985.637931034483,4011.310344827586,3968.1724137931033,4001.0689655172414,150187.10344827586,interpolated
59,2024-10-13 10:00:00+00:00,3986.0344827586205,4012.8275862068967,3967.793103448276,4002.5172413793102,157886.27586206896,interpolated
60,2024-10-13 12:00:00+00:00,3986.4310344827586,4014.344827586207,3967.4137931034484,4003.9655172413795,165585.4482758621,interpolated
61,2024-10-13 14:00:00+00:00,3986.8275862068967,4015.862068965517,3967.0344827586205,4005.4137931034484,173284.6206896552,interpolated
62,2024-10-13 16:00:00+00:00,3987.2241379310344,4017.3793103448274,3966.655172413793,4006.862068965517,180983.7931034483,interpolated
63,2024-10-13 18:00:00+00:00,3987.6206896551726,4018.896551724138,3966.2758620689656,4008.310344827586,188682.9655172414,interpolated
64,2024-10-13 20:00:00+00:00,3988.0172413793102,4020.4137931034484,3965.896551724138,4009.7586206896553,196382.1379310345,interpolated
65,2024-10-13 22:00:00+00:00,3988.4137931034484,4021.9310344827586,3965.5172413793102,4011.206896551724,204081.3103448276,interpolated
66,2024-10-14 00:00:00+00:00,3988.810344827586,4023.448275862069,3965.137931034483,4012.655172413793,211780.4827586207,interpolated
67,2024-10-14 02:00:00+00:00,3989.206896551724,4024.9655172413795,3964.7586206896553,4014.103448275862,219479.6551724138,interpolated
68,2024-10-14 04:00:00+00:00,3989.603448275862,4026.4827586206898,3964.3793103448274,4015.551724137931,227178.8275862069,interpolated
69,2024-10-14 06:00:00+00:00,3990.0,4028.0,3964.0,4017.0,234878.0,present
70,2024-10-14 08:00:00+00:00,4017.0,4029.0,3988.0,4029.0,238927.0,present
71,2024-10-14 10:00:00+00:00,4028.5,4068.0,4026.0,4058.0,309702.0,present
72,2024-10-14 12:00:00+00:00,4058.0,4073.5,4037.5,4067.5,162980.0,present
73,2024-10-14 14:00:00+00:00,4069.0,4080.0,4057.0,4071.0,95335.0,present
74,2024-10-14 16:00:00+00:00,4065.5,4073.0,4064.5,4070.5,31484.0,present
75,2024-10-14 18:00:00+00:00,4070.5,4080.0,4067.0,4078.0,27325.0,present
76,2024-10-14 20:00:00+00:00,4078.5,4082.5,4071.5,4074.0,12896.0,present
77,2024-10-14 22:00:00+00:00,4076.0,4086.6,4069.0,4078.5,39027.8,interpolated
78,2024-10-15 00:00:00+00:00,4073.5,4090.7,4066.5,4083.0,65159.6,interpolated
79,2024-10-15 02:00:00+00:00,4071.0,4094.8,4064.0,4087.5,91291.40000000001,interpolated
80,2024-10-15 04:00:00+00:00,4068.5,4098.9,4061.5,4092.0,117423.2,interpolated
81,2024-10-15 06:00:00+00:00,4066.0,4103.0,4059.0,4096.5,143555.0,present
82,2024-10-15 08:00:00+00:00,4096.5,4128.0,4081.0,4110.0,248137.0,present
83,2024-10-15 10:00:00+00:00,4108.0,4119.0,4085.0,4117.0,65558.0,present
84,2024-10-15 12:00:00+00:00,4118.5,4125.0,4073.0,4081.0,107040.0,present
85,2024-10-15 14:00:00+00:00,4081.5,4105.0,4079.0,4103.5,57185.0,present
86,2024-10-15 16:00:00+00:00,4102.5,4103.0,4083.5,4087.5,19015.0,present
87,2024-10-15 18:00:00+00:00,4087.0,4094.0,4084.0,4093.0,12349.0,present
88,2024-10-15 20:00:00+00:00,4093.0,4096.0,4084.0,4091.0,7424.0,present
89,2024-10-15 22:00:00+00:00,4094.3,4098.8,4083.2,4094.8,26692.2,interpolated
90,2024-10-16 00:00:00+00:00,4095.6,4101.6,4082.4,4098.6,45960.4,interpolated
91,2024-10-16 02:00:00+00:00,4096.9,4104.4,4081.6,4102.4,65228.6,interpolated
92,2024-10-16 04:00:00+00:00,4098.2,4107.2,4080.8,4106.2,84496.8,interpolated
93,2024-10-16 06:00:00+00:00,4099.5,4110.0,4080.0,4110.0,103765.0,present
94,2024-10-16 08:00:00+00:00,4110.0,4121.5,4064.0,4074.0,175709.0,present
95,2024-10-16 10:00:00+00:00,4075.0,4092.0,4041.5,4055.5,138505.0,present
96,2024-10-16 12:00:00+00:00,4055.0,4074.5,4031.0,4031.5,106014.0,present
97,2024-10-16 14:00:00+00:00,4032.5,4052.5,4023.0,4033.5,69781.0,present
98,2024-10-16 16:00:00+00:00,4034.0,4050.0,4033.5,4050.0,33649.0,present
99,2024-10-16 18:00:00+00:00,4050.0,4060.0,4044.5,4057.0,24473.0,present
100,2024-10-16 20:00:00+00:00,4057.0,4068.0,4052.5,4057.0,7250.0,present
101,2024-10-16 22:00:00+00:00,4054.2,4067.5,4047.5,4052.9,19940.2,interpolated
102,2024-10-17 00:00:00+00:00,4051.4,4067.0,4042.5,4048.8,32630.4,interpolated
103,2024-10-17 02:00:00+00:00,4048.6,4066.5,4037.5,4044.7,45320.6,interpolated
104,2024-10-17 04:00:00+00:00,4045.8,4066.0,4032.5,4040.6,58010.8,interpolated
105,2024-10-17 06:00:00+00:00,4043.0,4065.5,4027.5,4036.5,70701.0,present
106,2024-10-17 08:00:00+00:00,4035.0,4054.0,4011.0,4026.5,84374.0,present
107,2024-10-17 10:00:00+00:00,4026.0,4035.0,4010.5,4025.0,74675.0,present
108,2024-10-17 12:00:00+00:00,4025.0,4037.0,4015.0,4020.0,53276.0,present
109,2024-10-17 14:00:00+00:00,4021.5,4032.0,4005.0,4005.0,53198.0,present
110,2024-10-17 16:00:00+00:00,4000.0,4010.0,3993.5,3996.5,65690.0,present
111,2024-10-17 18:00:00+00:00,3996.0,4000.0,3981.0,3983.0,35198.0,present
112,2024-10-17 20:00:00+00:00,3982.0,3989.0,3975.5,3983.5,20347.0,present
113,2024-10-17 22:00:00+00:00,3981.8,3990.6,3974.7,3984.3,35111.2,interpolated
114,2024-10-18 00:00:00+00:00,3981.6,3992.2,3973.9,3985.1,49875.4,interpolated
115,2024-10-18 02:00:00+00:00,3981.4,3993.8,3973.1,3985.9,64639.600000000006,interpolated
116,2024-10-18 04:00:00+00:00,3981.2,3995.4,3972.3,3986.7,79403.8,interpolated
117,2024-10-18 06:00:00+00:00,3981.0,3997.0,3971.5,3987.5,94168.0,present
118,2024-10-18 08:00:00+00:00,3987.5,4007.0,3976.5,3981.0,94297.0,present
119,2024-10-18 10:00:00+00:00,3981.0,3992.5,3977.5,3978.5,97236.0,present
120,2024-10-18 12:00:00+00:00,3979.5,3988.0,3944.0,3947.5,102856.0,present
121,2024-10-18 14:00:00+00:00,3947.5,3977.0,3941.0,3975.0,73772.0,present
122,2024-10-18 16:00:00+00:00,3970.0,3974.5,3964.0,3969.5,16689.0,present
123,2024-10-18 18:00:00+00:00,3969.5,3974.5,3965.0,3969.0,10725.0,present
124,2024-10-18 20:00:00+00:00,3969.5,3975.0,3968.0,3968.5,7992.0,present
125,2024-10-18 22:00:00+00:00,3969.5172413793102,3976.2413793103447,3968.051724137931,3969.7241379310344,10982.551724137931,interpolated
126,2024-10-19 00:00:00+00:00,3969.5344827586205,3977.4827586206898,3968.103448275862,3970.948275862069,13973.103448275862,interpolated
127,2024-10-19 02:00:00+00:00,3969.551724137931,3978.7241379310344,3968.155172413793,3972.1724137931033,16963.655172413793,interpolated
128,2024-10-19 04:00:00+00:00,3969.5689655172414,3979.9655172413795,3968.206896551724,3973.396551724138,19954.206896551725,interpolated
129,2024-10-19 06:00:00+00:00,3969.5862068965516,3981.206896551724,3968.2586206896553,3974.6206896551726,22944.758620689656,interpolated
130,2024-10-19 08:00:00+00:00,3969.603448275862,3982.448275862069,3968.310344827586,3975.844827586207,25935.310344827587,interpolated
131,2024-10-19 10:00:00+00:00,3969.6206896551726,3983.689655172414,3968.362068965517,3977.0689655172414,28925.862068965518,interpolated
132,2024-10-19 12:00:00+00:00,3969.637931034483,3984.9310344827586,3968.4137931034484,3978.293103448276,31916.41379310345,interpolated
133,2024-10-19 14:00:00+00:00,3969.655172413793,3986.1724137931033,3968.4655172413795,3979.5172413793102,34906.96551724138,interpolated
134,2024-10-19 16:00:00+00:00,3969.6724137931033,3987.4137931034484,3968.5172413793102,3980.7413793103447,37897.51724137931,interpolated
135,2024-10-19 18:00:00+00:00,3969.689655172414,3988.655172413793,3968.5689655172414,3981.9655172413795,40888.06896551725,interpolated
136,2024-10-19 20:00:00+00:00,3969.706896551724,3989.896551724138,3968.6206896551726,3983.189655172414,43878.620689655174,interpolated
137,2024-10-19 22:00:00+00:00,3969.7241379310344,3991.137931034483,3968.6724137931033,3984.4137931034484,46869.17241379311,interpolated
138,2024-10-20 00:00:00+00:00,3969.7413793103447,3992.3793103448274,3968.7241379310344,3985.637931034483,49859.724137931036,interpolated
139,2024-10-20 02:00:00+00:00,3969.7586206896553,3993.6206896551726,3968.7758620689656,3986.862068965517,52850.27586206897,interpolated
140,2024-10-20 04:00:00+00:00,3969.7758620689656,3994.862068965517,3968.8275862068967,3988.0862068965516,55840.8275862069,interpolated
141,2024-10-20 06:00:00+00:00,3969.793103448276,3996.103448275862,3968.8793103448274,3989.310344827586,58831.37931034483,interpolated
142,2024-10-20 08:00:00+00:00,3969.810344827586,3997.344827586207,3968.9310344827586,3990.5344827586205,61821.93103448276,interpolated
143,2024-10-20 10:00:00+00:00,3969.8275862068967,3998.5862068965516,3968.9827586206898,3991.7586206896553,64812.482758620696,interpolated
144,2024-10-20 12:00:00+00:00,3969.844827586207,3999.8275862068967,3969.0344827586205,3992.9827586206898,67803.03448275862,interpolated
145,2024-10-20 14:00:00+00:00,3969.862068965517,4001.0689655172414,3969.0862068965516,3994.206896551724,70793.58620689655,interpolated
146,2024-10-20 16:00:00+00:00,3969.8793103448274,4002.310344827586,3969.137931034483,3995.4310344827586,73784.1379310345,interpolated
147,2024-10-20 18:00:00+00:00,3969.896551724138,4003.551724137931,3969.189655172414,3996.655172413793,76774.68965517242,interpolated
148,2024-10-20 20:00:00+00:00,3969.9137931034484,4004.793103448276,3969.2413793103447,3997.8793103448274,79765.24137931035,interpolated
149,2024-10-20 22:00:00+00:00,3969.9310344827586,4006.0344827586205,3969.293103448276,3999.103448275862,82755.79310344828,interpolated
150,2024-10-21 00:00:00+00:00,3969.948275862069,4007.2758620689656,3969.344827586207,4000.3275862068967,85746.34482758622,interpolated
151,2024-10-21 02:00:00+00:00,3969.9655172413795,4008.5172413793102,3969.396551724138,4001.551724137931,88736.89655172414,interpolated
152,2024-10-21 04:00:00+00:00,3969.9827586206898,4009.7586206896553,3969.448275862069,4002.7758620689656,91727.44827586207,interpolated
153,2024-10-21 06:00:00+00:00,3970.0,4011.0,3969.5,4004.0,94718.0,present
154,2024-10-21 08:00:00+00:00,4004.0,4008.5,3986.0,4003.5,58801.0,present
155,2024-10-21 10:00:00+00:00,4003.0,4019.5,4001.5,4006.0,100983.0,present
156,2024-10-21 12:00:00+00:00,4005.0,4024.5,4005.0,4021.5,61018.0,present
157,2024-10-21 14:00:00+00:00,4021.5,4054.5,4021.5,4032.0,167423.0,present
158,2024-10-21 16:00:00+00:00,4032.0,4038.0,4026.5,4030.0,19400.0,present
159,2024-10-21 18:00:00+00:00,4029.5,4030.5,4022.0,4027.5,16700.0,present
160,2024-10-21 20:00:00+00:00,4027.5,4034.0,4022.5,4031.0,5850.0,present
161,2024-10-21 22:00:00+00:00,4029.8,4035.0,4018.0,4026.3,21198.6,interpolated
162,2024-10-22 00:00:00+00:00,4032.1,4036.0,4013.5,4021.6,36547.2,interpolated
163,2024-10-22 02:00:00+00:00,4034.4,4037.0,4009.0,4016.9,51895.799999999996,interpolated
164,2024-10-22 04:00:00+00:00,4036.7,4038.0,4004.5,4012.2,67244.4,interpolated
165,2024-10-22 06:00:00+00:00,4039.0,4039.0,4000.0,4007.5,82593.0,present
166,2024-10-22 08:00:00+00:00,4007.5,4018.5,3990.0,4001.0,139771.0,present
167,2024-10-22 10:00:00+00:00,4001.0,4005.0,3977.0,3990.0,60590.0,present
168,2024-10-22 12:00:00+00:00,3990.0,3992.5,3977.5,3983.5,40549.0,present
169,2024-10-22 14:00:00+00:00,3981.5,3991.5,3976.0,3976.0,45820.0,present
170,2024-10-22 16:00:00+00:00,3976.0,3976.0,3954.0,3969.5,47885.0,present
171,2024-10-22 18:00:00+00:00,3970.0,3977.0,3959.5,3963.5,12470.0,present
172,2024-10-22 20:00:00+00:00,3963.0,3966.0,3955.5,3964.5,4460.0,present
173,2024-10-22 22:00:00+00:00,3961.6,3966.8,3946.4,3955.4,25755.199999999997,interpolated
174,2024-10-23 00:00:00+00:00,3960.2,3967.6,3937.3,3946.3,47050.399999999994,interpolated
175,2024-10-23 02:00:00+00:00,3958.8,3968.4,3928.2,3937.2,68345.6,interpolated
176,2024-10-23 04:00:00+00:00,3957.4,3969.2,3919.1,3928.1,89640.79999999999,interpolated
177,2024-10-23 06:00:00+00:00,3956.0,3970.0,3910.0,3919.0,110936.0,present
178,2024-10-23 08:00:00+00:00,3919.0,3965.0,3915.0,3940.5,95241.0,present
179,2024-10-23 10:00:00+00:00,3940.5,3951.0,3929.0,3937.5,52661.0,present
180,2024-10-23 12:00:00+00:00,3937.0,3985.5,3932.5,3964.0,57802.0,present
181,2024-10-23 14:00:00+00:00,3964.0,3965.5,3938.5,3953.0,28656.0,present
182,2024-10-23 16:00:00+00:00,3941.0,3946.0,3882.5,3888.5,104807.0,present
183,2024-10-23 18:00:00+00:00,3888.5,3897.0,3876.5,3889.0,55554.0,present
184,2024-10-23 20:00:00+00:00,3889.0,3890.0,3880.0,3883.5,7146.0,present
185,2024-10-23 22:00:00+00:00,3887.9,3893.0,3879.8,3885.2,35852.0,interpolated
186,2024-10-24 00:00:00+00:00,3886.8,3896.0,3879.6,3886.9,64557.99999999999,interpolated
187,2024-10-24 02:00:00+00:00,3885.7,3899.0,3879.4,3888.6,93264.0,interpolated
188,2024-10-24 04:00:00+00:00,3884.6,3902.0,3879.2,3890.3,121969.99999999999,interpolated
189,2024-10-24 06:00:00+00:00,3883.5,3905.0,3879.0,3892.0,150676.0,present
190,2024-10-24 08:00:00+00:00,3892.0,3918.0,3882.5,3886.5,123221.0,present
191,2024-10-24 10:00:00+00:00,3887.0,3934.0,3883.5,3930.0,71968.0,present
192,2024-10-24 12:00:00+00:00,3929.5,3933.5,3895.5,3933.0,51021.0,present
193,2024-10-24 14:00:00+00:00,3933.0,3975.0,3931.0,3960.0,155777.0,present
194,2024-10-24 16:00:00+00:00,3960.0,3973.0,3955.0,3962.5,21561.0,present
195,2024-10-24 18:00:00+00:00,3962.5,3967.0,3951.5,3957.5,13918.0,present
196,2024-10-24 20:00:00+00:00,3958.0,3972.0,3958.0,3969.5,14892.0,present
197,2024-10-24 22:00:00+00:00,3961.4,3976.7,3959.4,3972.9,26582.0,interpolated
198,2024-10-25 00:00:00+00:00,3964.8,3981.4,3960.8,3976.3,38272.0,interpolated
199,2024-10-25 02:00:00+00:00,3968.2,3986.1,3962.2,3979.7,49962.0,interpolated
200,2024-10-25 04:00:00+00:00,3971.6,3990.8,3963.6,3983.1,61652.0,interpolated
201,2024-10-25 06:00:00+00:00,3975.0,3995.5,3965.0,3986.5,73342.0,present
202,2024-10-25 08:00:00+00:00,3986.5,4009.5,3978.5,3984.5,99838.0,present
203,2024-10-25 10:00:00+00:00,3985.5,4037.0,3905.0,3950.0,485566.0,present
204,2024-10-25 12:00:00+00:00,3950.0,3973.0,3873.5,3882.5,259233.0,present
205,2024-10-25 14:00:00+00:00,3882.0,3883.0,3810.5,3835.0,344728.0,present
206,2024-10-25 16:00:00+00:00,3840.0,3864.5,3825.0,3853.5,82756.0,present
207,2024-10-25 18:00:00+00:00,3853.0,3853.0,3834.0,3840.0,39357.0,present
208,2024-10-25 20:00:00+00:00,3840.0,3845.0,3833.5,3834.5,29477.0,present
209,2024-10-25 22:00:00+00:00,3838.6206896551726,3844.2758620689656,3831.396551724138,3833.310344827586,38279.96551724138,interpolated
210,2024-10-26 00:00:00+00:00,3837.2413793103447,3843.551724137931,3829.293103448276,3832.1206896551726,47082.93103448275,interpolated
211,2024-10-26 02:00:00+00:00,3835.862068965517,3842.8275862068967,3827.189655172414,3830.9310344827586,55885.89655172414,interpolated
212,2024-10-26 04:00:00+00:00,3834.4827586206898,3842.103448275862,3825.0862068965516,3829.7413793103447,64688.862068965514,interpolated
213,2024-10-26 06:00:00+00:00,3833.103448275862,3841.3793103448274,3822.9827586206898,3828.551724137931,73491.8275862069,interpolated
214,2024-10-26 08:00:00+00:00,3831.7241379310344,3840.655172413793,3820.8793103448274,3827.362068965517,82294.79310344828,interpolated
215,2024-10-26 10:00:00+00:00,3830.344827586207,3839.9310344827586,3818.7758620689656,3826.1724137931033,91097.75862068965,interpolated
216,2024-10-26 12:00:00+00:00,3828.9655172413795,3839.206896551724,3816.6724137931033,3824.9827586206898,99900.72413793103,interpolated
217,2024-10-26 14:00:00+00:00,3827.5862068965516,3838.4827586206898,3814.5689655172414,3823.793103448276,108703.6896551724,interpolated
218,2024-10-26 16:00:00+00:00,3826.206896551724,3837.7586206896553,3812.4655172413795,3822.603448275862,117506.6551724138,interpolated
219,2024-10-26 18:00:00+00:00,3824.8275862068967,3837.0344827586205,3810.362068965517,3821.4137931034484,126309.62068965517,interpolated
220,2024-10-26 20:00:00+00:00,3823.448275862069,3836.310344827586,3808.2586206896553,3820.2241379310344,135112.58620689655,interpolated
221,2024-10-26 22:00:00+00:00,3822.0689655172414,3835.5862068965516,3806.155172413793,3819.0344827586205,143915.5517241379,interpolated
222,2024-10-27 00:00:00+00:00,3820.689655172414,3834.862068965517,3804.051724137931,3817.844827586207,152718.5172413793,interpolated
223,2024-10-27 02:00:00+00:00,3819.310344827586,3834.137931034483,3801.948275862069,3816.655172413793,161521.4827586207,interpolated
224,2024-10-27 04:00:00+00:00,3817.9310344827586,3833.4137931034484,3799.844827586207,3815.4655172413795,170324.44827586206,interpolated
225,2024-10-27 06:00:00+00:00,3816.551724137931,3832.689655172414,3797.7413793103447,3814.2758620689656,179127.41379310345,interpolated
226,2024-10-27 08:00:00+00:00,3815.1724137931033,3831.9655172413795,3795.637931034483,3813.0862068965516,187930.3793103448,interpolated
227,2024-10-27 10:00:00+00:00,3813.793103448276,3831.2413793103447,3793.5344827586205,3811.896551724138,196733.3448275862,interpolated
228,2024-10-27 12:00:00+00:00,3812.4137931034484,3830.5172413793102,3791.4310344827586,3810.706896551724,205536.3103448276,interpolated
229,2024-10-27 14:00:00+00:00,3811.0344827586205,3829.793103448276,3789.3275862068967,3809.5172413793102,214339.27586206896,interpolated
230,2024-10-27 16:00:00+00:00,3809.655172413793,3829.0689655172414,3787.2241379310344,3808.3275862068967,223142.24137931035,interpolated
231,2024-10-27 18:00:00+00:00,3808.2758620689656,3828.344827586207,3785.1206896551726,3807.137931034483,231945.2068965517,interpolated
232,2024-10-27 20:00:00+00:00,3806.896551724138,3827.6206896551726,3783.0172413793102,3805.948275862069,240748.1724137931,interpolated
233,2024-10-27 22:00:00+00:00,3805.5172413793102,3826.896551724138,3780.9137931034484,3804.7586206896553,249551.1379310345,interpolated
234,2024-10-28 00:00:00+00:00,3804.137931034483,3826.1724137931033,3778.810344827586,3803.5689655172414,258354.10344827586,interpolated
235,2024-10-28 02:00:00+00:00,3802.7586206896553,3825.448275862069,3776.706896551724,3802.3793103448274,267157.0689655172,interpolated
236,2024-10-28 04:00:00+00:00,3801.3793103448274,3824.7241379310344,3774.603448275862,3801.189655172414,275960.0344827586,interpolated
237,2024-10-28 06:00:00+00:00,3800.0,3824.0,3772.5,3800.0,284763.0,present
238,2024-10-28 08:00:00+00:00,3799.5,3874.5,3790.0,3829.5,262924.0,present
239,2024-10-28 10:00:00+00:00,3829.5,3838.0,3776.5,3777.5,163662.0,present
240,2024-10-28 12:00:00+00:00,3777.5,3818.0,3724.5,3726.0,279489.0,present
241,2024-10-28 14:00:00+00:00,3724.5,3737.5,3660.5,3685.5,321186.0,present
242,2024-10-28 16:00:00+00:00,3686.0,3727.0,3655.0,3715.0,157979.0,present
243,2024-10-28 18:00:00+00:00,3715.0,3752.0,3702.5,3738.0,100171.0,present
244,2024-10-28 20:00:00+00:00,3738.0,3748.0,3731.5,3743.0,13547.0,present
245,2024-10-28 22:00:00+00:00,3743.4,3756.8,3731.4,3748.0,75071.20000000001,interpolated
246,2024-10-29 00:00:00+00:00,3748.8,3765.6,3731.3,3753.0,136595.40000000002,interpolated
247,2024-10-29 02:00:00+00:00,3754.2,3774.4,3731.2,3758.0,198119.6,interpolated
248,2024-10-29 04:00:00+00:00,3759.6,3783.2,3731.1,3763.0,259643.80000000002,interpolated
249,2024-10-29 06:00:00+00:00,3765.0,3792.0,3731.0,3768.0,321168.0,present
250,2024-10-29 08:00:00+00:00,3768.0,3769.0,3670.0,3708.0,298874.0,present
251,2024-10-29 10:00:00+00:00,3709.0,3749.0,3696.0,3740.5,144467.0,present
252,2024-10-29 12:00:00+00:00,3740.5,3766.5,3720.5,3732.0,136157.0,present
253,2024-10-29 14:00:00+00:00,3732.0,3768.0,3726.0,3739.0,81829.0,present
254,2024-10-29 16:00:00+00:00,3742.5,3776.0,3732.0,3769.5,53884.0,present
255,2024-10-29 18:00:00+00:00,3769.5,3778.0,3758.0,3765.5,47216.0,present
256,2024-10-29 20:00:00+00:00,3765.5,3765.5,3750.0,3758.0,13459.0,present
257,2024-10-29 22:00:00+00:00,3766.2,3771.8,3752.3,3765.7,39565.8,interpolated
258,2024-10-30 00:00:00+00:00,3766.9,3778.1,3754.6,3773.4,65672.6,interpolated
259,2024-10-30 02:00:00+00:00,3767.6,3784.4,3756.9,3781.1,91779.4,interpolated
260,2024-10-30 04:00:00+00:00,3768.3,3790.7,3759.2,3788.8,117886.2,interpolated
261,2024-10-30 06:00:00+00:00,3769.0,3797.0,3761.5,3796.5,143993.0,present
262,2024-10-30 08:00:00+00:00,3797.0,3817.5,3777.5,3800.0,129444.0,present
263,2024-10-30 10:00:00+00:00,3800.0,3806.0,3760.0,3761.0,111013.0,present
264,2024-10-30 12:00:00+00:00,3760.5,3775.5,3732.0,3762.0,104494.0,present
265,2024-10-30 14:00:00+00:00,3762.0,3784.5,3750.5,3753.5,81659.0,present
266,2024-10-30 16:00:00+00:00,3750.0,3752.0,3696.0,3708.0,84184.0,present
267,2024-10-30 18:00:00+00:00,3708.5,3718.5,3685.5,3709.5,59794.0,present
268,2024-10-30 20:00:00+00:00,3709.0,3712.5,3703.0,3710.0,16249.0,present
269,2024-10-30 22:00:00+00:00,3704.2,3715.0,3699.2,3712.3,34386.2,interpolated
270,2024-10-31 00:00:00+00:00,3699.4,3717.5,3695.4,3714.6,52523.4,interpolated
271,2024-10-31 02:00:00+00:00,3694.6,3720.0,3691.6,3716.9,70660.6,interpolated
272,2024-10-31 04:00:00+00:00,3689.8,3722.5,3687.8,3719.2,88797.8,interpolated
273,2024-10-31 06:00:00+00:00,3685.0,3725.0,3684.0,3721.5,106935.0,present
274,2024-10-31 08:00:00+00:00,3721.5,3727.5,3679.0,3706.0,151737.0,present
275,2024-10-31 10:00:00+00:00,3706.5,3733.0,3694.0,3733.0,103617.0,present
276,2024-10-31 12:00:00+00:00,3733.5,3734.5,3686.0,3691.5,104939.0,present
277,2024-10-31 14:00:00+00:00,3692.0,3696.0,3642.0,3648.0,163653.0,present
278,2024-10-31 16:00:00+00:00,3647.0,3655.0,3621.0,3632.0,76749.0,present
279,2024-10-31 18:00:00+00:00,3632.0,3680.5,3630.5,3667.0,43848.0,present
280,2024-10-31 20:00:00+00:00,3666.5,3674.5,3660.0,3666.5,12152.0,present
281,2024-10-31 22:00:00+00:00,3668.2,3679.5,3659.0,3666.9,30248.800000000003,interpolated
282,2024-11-01 00:00:00+00:00,3669.9,3684.5,3658.0,3667.3,48345.600000000006,interpolated
283,2024-11-01 02:00:00+00:00,3671.6,3689.5,3657.0,3667.7,66442.4,interpolated
284,2024-11-01 04:00:00+00:00,3673.3,3694.5,3656.0,3668.1,84539.20000000001,interpolated
285,2024-11-01 06:00:00+00:00,3675.0,3699.5,3655.0,3668.5,102636.0,present
286,2024-11-01 08:00:00+00:00,3668.5,3675.0,3622.0,3634.0,159728.0,present
287,2024-11-01 10:00:00+00:00,3633.0,3665.0,3631.0,3648.5,99592.0,present
288,2024-11-01 12:00:00+00:00,3648.5,3658.5,3625.0,3651.0,112632.0,present
289,2024-11-01 14:00:00+00:00,3650.5,3689.0,3625.0,3678.5,211771.0,present
290,2024-11-01 16:00:00+00:00,3678.5,3700.0,3670.0,3672.5,80334.0,present
291,2024-11-01 18:00:00+00:00,3671.5,3675.0,3661.5,3670.0,21987.0,present
292,2024-11-01 20:00:00+00:00,3670.0,3675.0,3670.0,3674.0,8922.0,present
293,2024-11-01 22:00:00+00:00,3672.3,3678.8,3667.4,3674.5,15433.2,interpolated
294,2024-11-02 00:00:00+00:00,3674.6,3682.6,3664.8,3675.0,21944.4,interpolated
295,2024-11-02 02:00:00+00:00,3676.9,3686.4,3662.2,3675.5,28455.6,interpolated
296,2024-11-02 04:00:00+00:00,3679.2,3690.2,3659.6,3676.0,34966.8,interpolated
297,2024-11-02 06:00:00+00:00,3681.5,3694.0,3657.0,3676.5,41478.0,present
298,2024-11-02 08:00:00+00:00,3676.0,3677.0,3652.5,3662.5,33458.0,present
299,2024-11-02 10:00:00+00:00,3662.5,3683.5,3656.5,3677.5,36017.0,present
300,2024-11-02 12:00:00+00:00,3677.0,3687.0,3666.0,3678.5,50576.0,present
301,2024-11-02 14:00:00+00:00,3678.5,3692.0,3658.0,3661.0,58757.0,present
302,2024-11-02 16:00:00+00:00,3669.0,3682.5,3666.0,3680.5,11283.0,present
303,2024-11-02 18:00:00+00:00,3681.0,3684.5,3676.0,3679.0,8568.0,present
304,2024-11-02 20:00:00+00:00,3679.5,3684.0,3678.0,3683.5,6098.0,present
305,2024-11-02 22:00:00+00:00,3679.9310344827586,3684.6724137931033,3677.7241379310344,3683.4137931034484,10018.896551724138,interpolated
306,2024-11-03 00:00:00+00:00,3680.362068965517,3685.344827586207,3677.448275862069,3683.3275862068967,13939.793103448275,interpolated
307,2024-11-03 02:00:00+00:00,3680.793103448276,3686.0172413793102,3677.1724137931033,3683.2413793103447,17860.689655172413,interpolated
308,2024-11-03 04:00:00+00:00,3681.2241379310344,3686.689655172414,3676.896551724138,3683.155172413793,21781.58620689655,interpolated
309,2024-11-03 06:00:00+00:00,3681.655172413793,3687.362068965517,3676.6206896551726,3683.0689655172414,25702.48275862069,interpolated
310,2024-11-03 08:00:00+00:00,3682.0862068965516,3688.0344827586205,3676.344827586207,3682.9827586206898,29623.379310344826,interpolated
311,2024-11-03 10:00:00+00:00,3682.5172413793102,3688.706896551724,3676.0689655172414,3682.896551724138,33544.275862068964,interpolated
312,2024-11-03 12:00:00+00:00,3682.948275862069,3689.3793103448274,3675.793103448276,3682.810344827586,37465.1724137931,interpolated
313,2024-11-03 14:00:00+00:00,3683.3793103448274,3690.051724137931,3675.5172413793102,3682.7241379310344,41386.06896551724,interpolated
314,2024-11-03 16:00:00+00:00,3683.810344827586,3690.7241379310344,3675.2413793103447,3682.637931034483,45306.96551724138,interpolated
315,2024-11-03 18:00:00+00:00,3684.2413793103447,3691.396551724138,3674.9655172413795,3682.551724137931,49227.862068965514,interpolated
316,2024-11-03 20:00:00+00:00,3684.6724137931033,3692.0689655172414,3674.689655172414,3682.4655172413795,53148.75862068965,interpolated
317,2024-11-03 22:00:00+00:00,3685.103448275862,3692.7413793103447,3674.4137931034484,3682.3793103448274,57069.65517241379,interpolated
318,2024-11-04 00:00:00+00:00,3685.5344827586205,3693.4137931034484,3674.137931034483,3682.293103448276,60990.55172413793,interpolated
319,2024-11-04 02:00:00+00:00,3685.9655172413795,3694.0862068965516,3673.862068965517,3682.206896551724,64911.448275862065,interpolated
320,2024-11-04 04:00:00+00:00,3686.396551724138,3694.7586206896553,3673.5862068965516,3682.1206896551726,68832.3448275862,interpolated
321,2024-11-04 06:00:00+00:00,3686.8275862068967,3695.4310344827586,3673.310344827586,3682.0344827586205,72753.24137931035,interpolated
322,2024-11-04 08:00:00+00:00,3687.2586206896553,3696.103448275862,3673.0344827586205,3681.948275862069,76674.13793103448,interpolated
323,2024-11-04 10:00:00+00:00,3687.689655172414,3696.7758620689656,3672.7586206896553,3681.862068965517,80595.03448275862,interpolated
324,2024-11-04 12:00:00+00:00,3688.1206896551726,3697.448275862069,3672.4827586206898,3681.7758620689656,84515.93103448275,interpolated
325,2024-11-04 14:00:00+00:00,3688.551724137931,3698.1206896551726,3672.206896551724,3681.689655172414,88436.8275862069,interpolated
326,2024-11-04 16:00:00+00:00,3688.9827586206898,3698.793103448276,3671.9310344827586,3681.603448275862,92357.72413793103,interpolated
327,2024-11-04 18:00:00+00:00,3689.4137931034484,3699.4655172413795,3671.655172413793,3681.5172413793102,96278.62068965517,interpolated
328,2024-11-04 20:00:00+00:00,3689.844827586207,3700.137931034483,3671.3793103448274,3681.4310344827586,100199.5172413793,interpolated
329,2024-11-04 22:00:00+00:00,3690.2758620689656,3700.810344827586,3671.103448275862,3681.344827586207,104120.41379310345,interpolated
330,2024-11-05 00:00:00+00:00,3690.706896551724,3701.4827586206898,3670.8275862068967,3681.2586206896553,108041.31034482758,interpolated
331,2024-11-05 02:00:00+00:00,3691.137931034483,3702.155172413793,3670.551724137931,3681.1724137931033,111962.20689655172,interpolated
332,2024-11-05 04:00:00+00:00,3691.5689655172414,3702.8275862068967,3670.2758620689656,3681.0862068965516,115883.10344827586,interpolated
333,2024-11-05 06:00:00+00:00,3692.0,3703.5,3670.0,3681.0,119804.0,present
334,2024-11-05 08:00:00+00:00,3681.5,3682.0,3654.0,3663.5,96065.0,present
335,2024-11-05 10:00:00+00:00,3663.5,3669.0,3614.5,3627.5,140386.0,present
336,2024-11-05 12:00:00+00:00,3627.5,3647.0,3621.5,3627.5,92641.0,present
337,2024-11-05 14:00:00+00:00,3628.0,3642.0,3602.5,3639.5,125193.0,present
338,2024-11-05 16:00:00+00:00,3639.0,3649.0,3631.5,3632.5,40934.0,present
339,2024-11-05 18:00:00+00:00,3632.5,3639.5,3629.0,3639.5,17689.0,present
340,2024-11-05 20:00:00+00:00,3639.5,3646.0,3620.0,3646.0,25962.0,present
341,2024-11-05 22:00:00+00:00,3656.3,3671.8,3632.0,3658.705349715572,137477.2,interpolated
342,2024-11-06 00:00:00+00:00,3673.1,3697.6,3644.0,3671.4106994311437,248992.4,interpolated
343,2024-11-06 02:00:00+00:00,3689.9,3723.4,3656.0,3684.116049146716,360507.6,interpolated
344,2024-11-06 04:00:00+00:00,3706.7,3749.2,3668.0,3696.8213988622874,472022.8,interpolated
345,2024-11-06 06:00:00+00:00,3723.5,3775.0,3680.0,3709.5267485778595,583538.0,present
346,2024-11-06 08:00:00+00:00,3770.5,3787.5,3735.0,3736.0,410185.0,present
347,2024-11-06 10:00:00+00:00,3735.5,3745.5,3716.0,3726.0,118174.0,present
348,2024-11-06 12:00:00+00:00,3726.5,3726.5,3685.0,3701.0,184623.0,present
349,2024-11-06 14:00:00+00:00,3701.0,3701.0,3654.5,3670.0,134788.0,present
350,2024-11-06 16:00:00+00:00,3670.0,3694.0,3668.5,3693.0,31101.0,present
351,2024-11-06 18:00:00+00:00,3692.5,3696.0,3681.0,3682.0,24842.0,present
352,2024-11-06 20:00:00+00:00,3682.0,3682.0,3670.5,3677.0,7940.0,present
353,2024-11-06 22:00:00+00:00,3681.1666666666665,3681.1666666666665,3664.5833333333335,3671.5,23713.666666666664,interpolated
354,2024-11-07 00:00:00+00:00,3680.3333333333335,3680.3333333333335,3658.6666666666665,3666.0,39487.33333333333,interpolated
355,2024-11-07 02:00:00+00:00,3679.5,3679.5,3652.75,3660.5,55261.0,interpolated
356,2024-11-07 04:00:00+00:00,3678.6666666666665,3678.6666666666665,3646.8333333333335,3655.0,71034.66666666666,interpolated
357,2024-11-07 06:00:00+00:00,3677.8333333333335,3677.8333333333335,3640.9166666666665,3649.5,86808.33333333333,interpolated
358,2024-11-07 08:00:00+00:00,3677.0,3677.0,3635.0,3644.0,102582.0,present
359,2024-11-07 10:00:00+00:00,3642.5,3691.5,3619.0,3666.0,248729.0,present
360,2024-11-07 12:00:00+00:00,3666.0,3699.0,3665.0,3675.0,151502.0,present
361,2024-11-07 14:00:00+00:00,3674.0,3765.0,3674.0,3739.032035387722,301400.0,present
362,2024-11-07 16:00:00+00:00,3765.0,3770.5,3732.0,3746.5,101355.0,present
363,2024-11-07 18:00:00+00:00,3745.5,3779.5,3735.5,3774.0,77428.0,present
364,2024-11-07 20:00:00+00:00,3773.5,3817.0,3773.5,3811.5,72350.0,present
365,2024-11-07 22:00:00+00:00,3782.8,3823.2,3777.1,3818.3,96961.6,interpolated
366,2024-11-08 00:00:00+00:00,3792.1,3829.4,3780.7,3825.1,121573.2,interpolated
367,2024-11-08 02:00:00+00:00,3801.4,3835.6,3784.3,3831.9,146184.8,interpolated
368,2024-11-08 04:00:00+00:00,3810.7,3841.8,3787.9,3838.7,170796.4,interpolated
369,2024-11-08 06:00:00+00:00,3820.0,3848.0,3791.5,3845.5,195408.0,present
370,2024-11-08 08:00:00+00:00,3845.5,3864.5,3820.0,3827.0,223556.0,present
371,2024-11-08 10:00:00+00:00,3828.0,3831.0,3780.5,3795.5,153545.0,present
372,2024-11-08 12:00:00+00:00,3796.0,3825.0,3791.0,3809.0,88273.0,present
373,2024-11-08 14:00:00+00:00,3809.0,3830.0,3789.0,3818.5,79312.0,present
374,2024-11-08 16:00:00+00:00,3821.0,3885.5,3821.0,3868.0,132256.0,present
375,2024-11-08 18:00:00+00:00,3868.0,3893.0,3853.0,3888.0,59071.0,present
376,2024-11-08 20:00:00+00:00,3889.5,3895.0,3875.5,3888.0,26598.0,present
377,2024-11-08 22:00:00+00:00,3890.2758620689656,3896.689655172414,3876.1206896551726,3889.0344827586205,34223.24137931035,interpolated
378,2024-11-09 00:00:00+00:00,3891.051724137931,3898.3793103448274,3876.7413793103447,3890.0689655172414,41848.48275862069,interpolated
379,2024-11-09 02:00:00+00:00,3891.8275862068967,3900.0689655172414,3877.362068965517,3891.103448275862,49473.724137931036,interpolated
380,2024-11-09 04:00:00+00:00,3892.603448275862,3901.7586206896553,3877.9827586206898,3892.137931034483,57098.96551724138,interpolated
381,2024-11-09 06:00:00+00:00,3893.3793103448274,3903.448275862069,3878.603448275862,3893.1724137931033,64724.206896551725,interpolated
382,2024-11-09 08:00:00+00:00,3894.155172413793,3905.137931034483,3879.2241379310344,3894.206896551724,72349.44827586207,interpolated
383,2024-11-09 10:00:00+00:00,3894.9310344827586,3906.8275862068967,3879.844827586207,3895.2413793103447,79974.6896551724,interpolated
384,2024-11-09 12:00:00+00:00,3895.706896551724,3908.5172413793102,3880.4655172413795,3896.2758620689656,87599.93103448275,interpolated
385,2024-11-09 14:00:00+00:00,3896.4827586206898,3910.206896551724,3881.0862068965516,3897.310344827586,95225.1724137931,interpolated
386,2024-11-09 16:00:00+00:00,3897.2586206896553,3911.896551724138,3881.706896551724,3898.344827586207,102850.41379310345,interpolated
387,2024-11-09 18:00:00+00:00,3898.0344827586205,3913.5862068965516,3882.3275862068967,3899.3793103448274,110475.6551724138,interpolated
388,2024-11-09 20:00:00+00:00,3898.810344827586,3915.2758620689656,3882.948275862069,3900.4137931034484,118100.89655172414,interpolated
389,2024-11-09 22:00:00+00:00,3899.5862068965516,3916.9655172413795,3883.5689655172414,3901.448275862069,125726.1379310345,interpolated
390,2024-11-10 00:00:00+00:00,3900.362068965517,3918.655172413793,3884.189655172414,3902.4827586206898,133351.3793103448,interpolated
391,2024-11-10 02:00:00+00:00,3901.137931034483,3920.344827586207,3884.810344827586,3903.5172413793102,140976.6206896552,interpolated
392,2024-11-10 04:00:00+00:00,3901.9137931034484,3922.0344827586205,3885.4310344827586,3904.551724137931,148601.8620689655,interpolated
393,2024-11-10 06:00:00+00:00,3902.689655172414,3923.7241379310344,3886.051724137931,3905.5862068965516,156227.10344827588,interpolated
394,2024-11-10 08:00:00+00:00,3903.4655172413795,3925.4137931034484,3886.6724137931033,3906.6206896551726,163852.3448275862,interpolated
395,2024-11-10 10:00:00+00:00,3904.2413793103447,3927.103448275862,3887.293103448276,3907.655172413793,171477.58620689655,interpolated
396,2024-11-10 12:00:00+00:00,3905.0172413793102,3928.793103448276,3887.9137931034484,3908.689655172414,179102.8275862069,interpolated
397,2024-11-10 14:00:00+00:00,3905.793103448276,3930.4827586206898,3888.5344827586205,3909.7241379310344,186728.06896551725,interpolated
398,2024-11-10 16:00:00+00:00,3906.5689655172414,3932.1724137931033,3889.155172413793,3910.7586206896553,194353.3103448276,interpolated
399,2024-11-10 18:00:00+00:00,3907.344827586207,3933.862068965517,3889.7758620689656,3911.793103448276,201978.55172413794,interpolated
400,2024-11-10 20:00:00+00:00,3908.1206896551726,3935.551724137931,3890.396551724138,3912.8275862068967,209603.7931034483,interpolated
401,2024-11-10 22:00:00+00:00,3908.896551724138,3937.2413793103447,3891.0172413793102,3913.862068965517,217229.03448275864,interpolated
402,2024-11-11 00:00:00+00:00,3909.6724137931033,3938.9310344827586,3891.637931034483,3914.896551724138,224854.275862069,interpolated
403,2024-11-11 02:00:00+00:00,3910.448275862069,3940.6206896551726,3892.2586206896553,3915.9310344827586,232479.5172413793,interpolated
404,2024-11-11 04:00:00+00:00,3911.2241379310344,3942.310344827586,3892.8793103448274,3916.9655172413795,240104.75862068965,interpolated
405,2024-11-11 06:00:00+00:00,3912.0,3944.0,3893.5,3918.0,247730.0,present
406,2024-11-11 08:00:00+00:00,3918.0,3939.5,3904.0,3906.0,200497.0,present
407,2024-11-11 10:00:00+00:00,3906.0,3927.0,3887.0,3903.0,164883.0,present
408,2024-11-11 12:00:00+00:00,3903.0,3927.0,3868.5,3917.0,145809.0,present
409,2024-11-11 14:00:00+00:00,3917.5,3922.5,3884.0,3895.0,84192.0,present
410,2024-11-11 16:00:00+00:00,3895.0,3913.5,3890.5,3904.5,32032.0,present
411,2024-11-11 18:00:00+00:00,3905.0,3905.5,3890.0,3898.0,22815.0,present
412,2024-11-11 20:00:00+00:00,3898.0,3903.0,3876.0,3885.0,14831.0,present
413,2024-11-11 22:00:00+00:00,3895.2,3900.2,3861.9,3874.0,47689.6,interpolated
414,2024-11-12 00:00:00+00:00,3892.4,3897.4,3847.8,3863.0,80548.2,interpolated
415,2024-11-12 02:00:00+00:00,3889.6,3894.6,3833.7,3852.0,113406.8,interpolated
416,2024-11-12 04:00:00+00:00,3886.8,3891.8,3819.6,3841.0,146265.4,interpolated
417,2024-11-12 06:00:00+00:00,3884.0,3889.0,3805.5,3830.0,179124.0,present
418,2024-11-12 08:00:00+00:00,3830.5,3863.5,3819.5,3827.5,172617.0,present
419,2024-11-12 10:00:00+00:00,3828.0,3840.0,3797.0,3801.0,160393.0,present
420,2024-11-12 12:00:00+00:00,3801.5,3807.0,3763.0,3778.5,300782.0,present
421,2024-11-12 14:00:00+00:00,3776.5,3781.5,3761.0,3769.5,191830.0,present
422,2024-11-12 16:00:00+00:00,3769.0,3772.0,3753.5,3767.0,69085.0,present
423,2024-11-12 18:00:00+00:00,3767.0,3768.0,3747.0,3755.5,75219.0,present
424,2024-11-12 20:00:00+00:00,3755.5,3769.0,3753.0,3758.5,20862.0,present
425,2024-11-12 22:00:00+00:00,3753.8,3771.2,3751.5,3758.6,43685.600000000006,interpolated
426,2024-11-13 00:00:00+00:00,3752.1,3773.4,3750.0,3758.7,66509.20000000001,interpolated
427,2024-11-13 02:00:00+00:00,3750.4,3775.6,3748.5,3758.8,89332.8,interpolated
428,2024-11-13 04:00:00+00:00,3748.7,3777.8,3747.0,3758.9,112156.40000000001,interpolated
429,2024-11-13 06:00:00+00:00,3747.0,3780.0,3745.5,3759.0,134980.0,present
430,2024-11-13 08:00:00+00:00,3759.5,3800.0,3757.0,3782.0,283702.0,present
431,2024-11-13 10:00:00+00:00,3782.0,3783.0,3735.0,3742.5,161423.0,present
432,2024-11-13 12:00:00+00:00,3743.0,3750.5,3690.0,3724.5,416632.0,present
433,2024-11-13 14:00:00+00:00,3724.0,3746.0,3709.0,3718.5,167561.0,present
434,2024-11-13 16:00:00+00:00,3707.5,3714.5,3682.5,3695.5,175299.0,present
435,2024-11-13 18:00:00+00:00,3695.5,3714.5,3692.5,3707.0,42675.0,present
436,2024-11-13 20:00:00+00:00,3707.0,3707.5,3689.0,3693.0,20648.0,present
437,2024-11-13 22:00:00+00:00,3703.4,3707.2,3684.2,3692.3,44914.2,interpolated
438,2024-11-14 00:00:00+00:00,3699.8,3706.9,3679.4,3691.6,69180.4,interpolated
439,2024-11-14 02:00:00+00:00,3696.2,3706.6,3674.6,3690.9,93446.59999999999,interpolated
440,2024-11-14 04:00:00+00:00,3692.6,3706.3,3669.8,3690.2,117712.8,interpolated
441,2024-11-14 06:00:00+00:00,3689.0,3706.0,3665.0,3689.5,141979.0,present
442,2024-11-14 08:00:00+00:00,3689.0,3730.0,3681.5,3710.0,148457.0,present
443,2024-11-14 10:00:00+00:00,3709.5,3724.5,3682.0,3693.5,180514.0,present
444,2024-11-14 12:00:00+00:00,3693.5,3695.0,3680.0,3680.0,87276.0,present
445,2024-11-14 14:00:00+00:00,3680.0,3680.5,3650.0,3658.0,172966.0,present
446,2024-11-14 16:00:00+00:00,3659.5,3680.0,3652.0,3667.5,60592.0,present
447,2024-11-14 18:00:00+00:00,3667.5,3685.5,3666.5,3682.5,20318.0,present
448,2024-11-14 20:00:00+00:00,3681.5,3682.0,3663.5,3678.0,17214.0,present
449,2024-11-14 22:00:00+00:00,3680.9,3685.3,3664.2,3679.8,39367.8,interpolated
450,2024-11-15 00:00:00+00:00,3680.3,3688.6,3664.9,3681.6,61521.600000000006,interpolated
451,2024-11-15 02:00:00+00:00,3679.7,3691.9,3665.6,3683.4,83675.40000000001,interpolated
452,2024-11-15 04:00:00+00:00,3679.1,3695.2,3666.3,3685.2,105829.20000000001,interpolated
453,2024-11-15 06:00:00+00:00,3678.5,3698.5,3667.0,3687.0,127983.0,present
454,2024-11-15 08:00:00+00:00,3687.0,3705.0,3666.5,3681.5,184270.0,present
455,2024-11-15 10:00:00+00:00,3681.0,3687.5,3670.0,3676.0,85178.0,present
456,2024-11-15 12:00:00+00:00,3676.5,3697.0,3668.0,3678.0,123311.0,present
457,2024-11-15 14:00:00+00:00,3678.0,3698.5,3678.0,3690.0,86943.0,present
458,2024-11-15 16:00:00+00:00,3697.0,3721.0,3695.5,3705.0,90808.0,present
459,2024-11-15 18:00:00+00:00,3705.5,3717.0,3702.0,3713.0,24536.0,present
460,2024-11-15 20:00:00+00:00,3714.0,3720.0,3706.5,3712.0,22963.0,present
461,2024-11-15 22:00:00+00:00,3711.8275862068967,3718.862068965517,3703.0862068965516,3710.3793103448274,33044.51724137931,interpolated
462,2024-11-16 00:00:00+00:00,3709.655172413793,3717.7241379310344,3699.6724137931033,3708.7586206896553,43126.03448275862,interpolated
463,2024-11-16 02:00:00+00:00,3707.4827586206898,3716.5862068965516,3696.2586206896553,3707.137931034483,53207.55172413793,interpolated
464,2024-11-16 04:00:00+00:00,3705.310344827586,3715.448275862069,3692.844827586207,3705.5172413793102,63289.06896551725,interpolated
465,2024-11-16 06:00:00+00:00,3703.137931034483,3714.310344827586,3689.4310344827586,3703.896551724138,73370.58620689655,interpolated
466,2024-11-16 08:00:00+00:00,3700.9655172413795,3713.1724137931033,3686.0172413793102,3702.2758620689656,83452.10344827586,interpolated
467,2024-11-16 10:00:00+00:00,3698.793103448276,3712.0344827586205,3682.603448275862,3700.655172413793,93533.62068965517,interpolated
468,2024-11-16 12:00:00+00:00,3696.6206896551726,3710.896551724138,3679.189655172414,3699.0344827586205,103615.1379310345,interpolated
469,2024-11-16 14:00:00+00:00,3694.448275862069,3709.7586206896553,3675.7758620689656,3697.4137931034484,113696.6551724138,interpolated
470,2024-11-16 16:00:00+00:00,3692.2758620689656,3708.6206896551726,3672.362068965517,3695.793103448276,123778.17241379312,interpolated
471,2024-11-16 18:00:00+00:00,3690.103448275862,3707.4827586206898,3668.948275862069,3694.1724137931033,133859.6896551724,interpolated
472,2024-11-16 20:00:00+00:00,3687.9310344827586,3706.344827586207,3665.5344827586205,3692.551724137931,143941.2068965517,interpolated
473,2024-11-16 22:00:00+00:00,3685.7586206896553,3705.206896551724,3662.1206896551726,3690.9310344827586,154022.72413793104,interpolated
474,2024-11-17 00:00:00+00:00,3683.5862068965516,3704.0689655172414,3658.706896551724,3689.310344827586,164104.24137931035,interpolated
475,2024-11-17 02:00:00+00:00,3681.4137931034484,3702.9310344827586,3655.293103448276,3687.689655172414,174185.75862068965,interpolated
476,2024-11-17 04:00:00+00:00,3679.2413793103447,3701.793103448276,3651.8793103448274,3686.0689655172414,184267.275862069,interpolated
477,2024-11-17 06:00:00+00:00,3677.0689655172414,3700.655172413793,3648.4655172413795,3684.448275862069,194348.7931034483,interpolated
478,2024-11-17 08:00:00+00:00,3674.896551724138,3699.5172413793102,3645.051724137931,3682.8275862068967,204430.3103448276,interpolated
479,2024-11-17 10:00:00+00:00,3672.7241379310344,3698.3793103448274,3641.637931034483,3681.206896551724,214511.8275862069,interpolated
480,2024-11-17 12:00:00+00:00,3670.551724137931,3697.2413793103447,3638.2241379310344,3679.5862068965516,224593.34482758623,interpolated
481,2024-11-17 14:00:00+00:00,3668.3793103448274,3696.103448275862,3634.810344827586,3677.9655172413795,234674.86206896554,interpolated
482,2024-11-17 16:00:00+00:00,3666.206896551724,3694.9655172413795,3631.396551724138,3676.344827586207,244756.37931034484,interpolated
483,2024-11-17 18:00:00+00:00,3664.0344827586205,3693.8275862068967,3627.9827586206898,3674.7241379310344,254837.89655172414,interpolated
484,2024-11-17 20:00:00+00:00,3661.862068965517,3692.689655172414,3624.5689655172414,3673.103448275862,264919.4137931034,interpolated
485,2024-11-17 22:00:00+00:00,3659.689655172414,3691.551724137931,3621.155172413793,3671.4827586206898,275000.9310344828,interpolated
486,2024-11-18 00:00:00+00:00,3657.5172413793102,3690.4137931034484,3617.7413793103447,3669.862068965517,285082.4482758621,interpolated
487,2024-11-18 02:00:00+00:00,3655.344827586207,3689.2758620689656,3614.3275862068967,3668.2413793103447,295163.9655172414,interpolated
488,2024-11-18 04:00:00+00:00,3653.1724137931033,3688.137931034483,3610.9137931034484,3666.6206896551726,305245.4827586207,interpolated
489,2024-11-18 06:00:00+00:00,3651.0,3687.0,3607.5,3665.0,315327.0,present
490,2024-11-18 08:00:00+00:00,3665.0,3684.0,3625.0,3631.0,235098.0,present
491,2024-11-18 10:00:00+00:00,3631.0,3656.0,3627.0,3652.5,89775.0,present
492,2024-11-18 12:00:00+00:00,3652.5,3687.0,3638.5,3685.0,118372.0,present
493,2024-11-18 14:00:00+00:00,3685.0,3708.5,3676.0,3682.0,122328.0,present
494,2024-11-18 16:00:00+00:00,3683.0,3688.0,3666.0,3680.0,40273.0,present
495,2024-11-18 18:00:00+00:00,3680.0,3680.0,3650.0,3650.0,38763.0,present
496,2024-11-18 20:00:00+00:00,3650.0,3655.0,3640.0,3649.0,17127.0,present
497,2024-11-18 22:00:00+00:00,3651.0,3659.6,3641.0,3650.0,38115.8,interpolated
498,2024-11-19 00:00:00+00:00,3652.0,3664.2,3642.0,3651.0,59104.6,interpolated
499,2024-11-19 02:00:00+00:00,3653.0,3668.8,3643.0,3652.0,80093.4,interpolated
500,2024-11-19 04:00:00+00:00,3654.0,3673.4,3644.0,3653.0,101082.2,interpolated
501,2024-11-19 06:00:00+00:00,3655.0,3678.0,3645.0,3654.0,122071.0,present
502,2024-11-19 08:00:00+00:00,3653.5,3655.0,3603.0,3642.0,290350.0,present
503,2024-11-19 10:00:00+00:00,3642.0,3649.0,3608.0,3623.5,138488.0,present
504,2024-11-19 12:00:00+00:00,3624.5,3630.0,3555.0,3569.0,353242.0,present
505,2024-11-19 14:00:00+00:00,3568.5,3588.5,3540.5,3557.5,395984.0,present
506,2024-11-19 16:00:00+00:00,3560.0,3583.5,3557.0,3580.0,65698.0,present
507,2024-11-19 18:00:00+00:00,3580.0,3582.0,3556.5,3561.5,49131.0,present
508,2024-11-19 20:00:00+00:00,3561.0,3565.0,3556.0,3560.0,14092.0,present
509,2024-11-19 22:00:00+00:00,3563.0,3569.5,3551.1,3555.0,48979.0,interpolated
510,2024-11-20 00:00:00+00:00,3565.0,3574.0,3546.2,3550.0,83866.0,interpolated
511,2024-11-20 02:00:00+00:00,3567.0,3578.5,3541.3,3545.0,118752.99999999999,interpolated
512,2024-11-20 04:00:00+00:00,3569.0,3583.0,3536.4,3540.0,153640.0,interpolated
513,2024-11-20 06:00:00+00:00,3571.0,3587.5,3531.5,3535.0,188527.0,present
514,2024-11-20 08:00:00+00:00,3535.0,3564.0,3530.5,3541.5,203666.0,present
515,2024-11-20 10:00:00+00:00,3541.5,3576.5,3530.5,3551.0,196126.0,present
516,2024-11-20 12:00:00+00:00,3551.0,3562.0,3530.0,3540.0,111029.0,present
517,2024-11-20 14:00:00+00:00,3539.5,3540.0,3501.5,3512.5,170196.0,present
518,2024-11-20 16:00:00+00:00,3500.5,3505.0,3424.0,3452.3473930764144,343888.0,present
519,2024-11-20 18:00:00+00:00,3446.5,3476.0,3437.0,3454.5,82325.0,present
520,2024-11-20 20:00:00+00:00,3454.5,3467.0,3451.0,3460.0,14117.0,present
521,2024-11-20 22:00:00+00:00,3455.6,3469.3,3441.0,3449.4,57622.0,interpolated
522,2024-11-21 00:00:00+00:00,3456.7,3471.6,3431.0,3438.8,101127.0,interpolated
523,2024-11-21 02:00:00+00:00,3457.8,3473.9,3421.0,3428.2,144632.0,interpolated
524,2024-11-21 04:00:00+00:00,3458.9,3476.2,3411.0,3417.6,188137.0,interpolated
525,2024-11-21 06:00:00+00:00,3460.0,3478.5,3401.0,3407.0,231642.0,present
526,2024-11-21 08:00:00+00:00,3407.0,3436.0,3360.0,3382.0,529117.0,present
527,2024-11-21 10:00:00+00:00,3382.0,3434.5,3381.5,3411.5,244690.0,present
528,2024-11-21 12:00:00+00:00,3411.0,3425.0,3389.0,3416.0,118137.0,present
529,2024-11-21 14:00:00+00:00,3417.5,3425.0,3366.5,3403.5,228821.0,present
530,2024-11-21 16:00:00+00:00,3403.5,3419.5,3380.0,3414.0,113514.0,present
531,2024-11-21 18:00:00+00:00,3413.5,3474.0,3403.0,3473.484454098961,175572.0,present
532,2024-11-21 20:00:00+00:00,3474.0,3513.0,3473.5,3509.0,91168.0,present
533,2024-11-21 22:00:00+00:00,3477.6,3514.4,3468.0,3505.5,113093.4,interpolated
534,2024-11-22 00:00:00+00:00,3481.2,3515.8,3462.5,3502.0,135018.8,interpolated
535,2024-11-22 02:00:00+00:00,3484.8,3517.2,3457.0,3498.5,156944.2,interpolated
536,2024-11-22 04:00:00+00:00,3488.4,3518.6,3451.5,3495.0,178869.6,interpolated
537,2024-11-22 06:00:00+00:00,3492.0,3520.0,3446.0,3491.5,200795.0,present
538,2024-11-22 08:00:00+00:00,3491.0,3500.0,3437.0,3477.0,162546.0,present
539,2024-11-22 10:00:00+00:00,3476.5,3482.5,3431.0,3441.5,94053.0,present
540,2024-11-22 12:00:00+00:00,3441.5,3468.0,3424.0,3440.5,173091.0,present
541,2024-11-22 14:00:00+00:00,3441.0,3450.0,3412.0,3426.5,92072.0,present
542,2024-11-22 16:00:00+00:00,3428.0,3459.5,3423.0,3444.0,72627.0,present
543,2024-11-22 18:00:00+00:00,3444.0,3444.0,3425.5,3426.5,32076.0,present
544,2024-11-22 20:00:00+00:00,3426.5,3427.0,3406.0,3415.0,37488.0,present
545,2024-11-22 22:00:00+00:00,3426.103448275862,3426.5862068965516,3403.7586206896553,3412.983348605777,43007.724137931036,interpolated
546,2024-11-23 00:00:00+00:00,3425.706896551724,3426.1724137931033,3401.5172413793102,3410.9666972115538,48527.44827586207,interpolated
547,2024-11-23 02:00:00+00:00,3425.310344827586,3425.7586206896553,3399.2758620689656,3408.950045817331,54047.1724137931,interpolated
548,2024-11-23 04:00:00+00:00,3424.9137931034484,3425.344827586207,3397.0344827586205,3406.933394423108,59566.89655172414,interpolated
549,2024-11-23 06:00:00+00:00,3424.5172413793102,3424.9310344827586,3394.793103448276,3404.916743028885,65086.620689655174,interpolated
550,2024-11-23 08:00:00+00:00,3424.1206896551726,3424.5172413793102,3392.551724137931,3402.9000916346617,70606.3448275862,interpolated
551,2024-11-23 10:00:00+00:00,3423.7241379310344,3424.103448275862,3390.310344827586,3400.8834402404386,76126.06896551725,interpolated
552,2024-11-23 12:00:00+00:00,3423.3275862068967,3423.689655172414,3388.0689655172414,3398.8667888462155,81645.79310344828,interpolated
553,2024-11-23 14:00:00+00:00,3422.9310344827586,3423.2758620689656,3385.8275862068967,3396.850137451993,87165.5172413793,interpolated
554,2024-11-23 16:00:00+00:00,3422.5344827586205,3422.862068965517,3383.5862068965516,3394.8334860577697,92685.24137931035,interpolated
555,2024-11-23 18:00:00+00:00,3422.137931034483,3422.448275862069,3381.344827586207,3392.8168346635466,98204.96551724139,interpolated
556,2024-11-23 20:00:00+00:00,3421.7413793103447,3422.0344827586205,3379.103448275862,3390.8001832693235,103724.68965517242,interpolated
557,2024-11-23 22:00:00+00:00,3421.344827586207,3421.6206896551726,3376.862068965517,3388.7835318751004,109244.41379310345,interpolated
558,2024-11-24 00:00:00+00:00,3420.948275862069,3421.206896551724,3374.6206896551726,3386.7668804808773,114764.13793103448,interpolated
559,2024-11-24 02:00:00+00:00,3420.551724137931,3420.793103448276,3372.3793103448274,3384.7502290866546,120283.86206896552,interpolated
560,2024-11-24 04:00:00+00:00,3420.155172413793,3420.3793103448274,3370.137931034483,3382.7335776924315,125803.58620689655,interpolated
561,2024-11-24 06:00:00+00:00,3419.7586206896553,3419.9655172413795,3367.896551724138,3380.7169262982084,131323.3103448276,interpolated
562,2024-11-24 08:00:00+00:00,3419.362068965517,3419.551724137931,3365.655172413793,3378.7002749039852,136843.0344827586,interpolated
563,2024-11-24 10:00:00+00:00,3418.9655172413795,3419.137931034483,3363.4137931034484,3376.683623509762,142362.75862068965,interpolated
564,2024-11-24 12:00:00+00:00,3418.5689655172414,3418.7241379310344,3361.1724137931033,3374.666972115539,147882.4827586207,interpolated
565,2024-11-24 14:00:00+00:00,3418.1724137931033,3418.310344827586,3358.9310344827586,3372.6503207213163,153402.2068965517,interpolated
566,2024-11-24 16:00:00+00:00,3417.7758620689656,3417.896551724138,3356.689655172414,3370.6336693270932,158921.93103448278,interpolated
567,2024-11-24 18:00:00+00:00,3417.3793103448274,3417.4827586206898,3354.448275862069,3368.61701793287,164441.6551724138,interpolated
568,2024-11-24 20:00:00+00:00,3416.9827586206898,3417.0689655172414,3352.206896551724,3366.600366538647,169961.37931034484,interpolated
569,2024-11-24 22:00:00+00:00,3416.5862068965516,3416.655172413793,3349.9655172413795,3364.583715144424,175481.10344827586,interpolated
570,2024-11-25 00:00:00+00:00,3416.189655172414,3416.2413793103447,3347.7241379310344,3362.5670637502008,181000.8275862069,interpolated
571,2024-11-25 02:00:00+00:00,3415.793103448276,3415.8275862068967,3345.4827586206898,3360.550412355978,186520.55172413794,interpolated
572,2024-11-25 04:00:00+00:00,3415.396551724138,3415.4137931034484,3343.2413793103447,3358.533760961755,192040.27586206896,interpolated
573,2024-11-25 06:00:00+00:00,3415.0,3415.0,3341.0,3356.517109567532,197560.0,present
574,2024-11-25 08:00:00+00:00,3344.0,3394.0,3342.0,3385.5,193523.0,present
575,2024-11-25 10:00:00+00:00,3385.5,3404.0,3363.0,3392.5,135150.0,present
576,2024-11-25 12:00:00+00:00,3392.0,3395.5,3363.5,3376.0,135238.0,present
577,2024-11-25 14:00:00+00:00,3376.0,3379.5,3339.0,3368.0,226648.0,present
578,2024-11-25 16:00:00+00:00,3366.0,3366.0,3301.5,3310.3219985427368,130919.0,present
579,2024-11-25 18:00:00+00:00,3310.0,3333.0,3297.0,3307.5,109859.0,present
580,2024-11-25 20:00:00+00:00,3307.0,3314.0,3294.0,3299.5,33924.0,present
581,2024-11-25 22:00:00+00:00,3306.8,3316.8,3289.2,3300.7,71083.2,interpolated
582,2024-11-26 00:00:00+00:00,3306.6,3319.6,3284.4,3301.9,108242.4,interpolated
583,2024-11-26 02:00:00+00:00,3306.4,3322.4,3279.6,3303.1,145401.59999999998,interpolated
584,2024-11-26 04:00:00+00:00,3306.2,3325.2,3274.8,3304.3,182560.8,interpolated
585,2024-11-26 06:00:00+00:00,3306.0,3328.0,3270.0,3305.5,219720.0,present
586,2024-11-26 08:00:00+00:00,3306.5,3354.5,3300.5,3313.0,209009.0,present
587,2024-11-26 10:00:00+00:00,3313.0,3323.0,3232.5,3256.2638898967007,269489.0,present
588,2024-11-26 12:00:00+00:00,3236.5,3250.0,3191.0,3211.0,561779.0,present
589,2024-11-26 14:00:00+00:00,3211.0,3228.0,3175.0,3214.0,253472.0,present
590,2024-11-26 16:00:00+00:00,3213.0,3220.0,3187.0,3191.5,82976.0,present
591,2024-11-26 18:00:00+00:00,3191.0,3202.5,3171.0,3200.0,81223.0,present
592,2024-11-26 20:00:00+00:00,3200.5,3212.0,3196.0,3211.0,31300.0,present
593,2024-11-26 22:00:00+00:00,3205.2,3217.1,3175.2,3200.002134045174,134601.2,interpolated
594,2024-11-27 00:00:00+00:00,3209.9,3222.2,3154.4,3189.004268090348,237902.4,interpolated
595,2024-11-27 02:00:00+00:00,3214.6,3227.3,3133.6,3178.0064021355215,341203.6,interpolated
596,2024-11-27 04:00:00+00:00,3219.3,3232.4,3112.8,3167.0085361806955,444504.8,interpolated
597,2024-11-27 06:00:00+00:00,3224.0,3237.5,3092.0,3156.0106702258695,547806.0,present
598,2024-11-27 08:00:00+00:00,3111.0,3310.5,3110.0,3165.205078120055,642989.0,present
599,2024-11-27 10:00:00+00:00,3277.5,3350.0,3250.0,3331.5,460085.0,present
600,2024-11-27 12:00:00+00:00,3331.5,3343.0,3250.0,3275.5,358651.0,present
601,2024-11-27 14:00:00+00:00,3276.0,3324.5,3259.0,3307.0,191159.0,present
602,2024-11-27 16:00:00+00:00,3300.0,3379.0,3277.0,3355.0,273653.0,present
603,2024-11-27 18:00:00+00:00,3354.5,3398.0,3331.0,3394.5,115482.0,present
604,2024-11-27 20:00:00+00:00,3394.0,3419.0,3379.5,3385.0,72550.0,present
605,2024-11-27 22:00:00+00:00,3396.8,3419.2,3374.4,3384.4,97753.2,interpolated
606,2024-11-28 00:00:00+00:00,3399.6,3419.4,3369.3,3383.8,122956.4,interpolated
607,2024-11-28 02:00:00+00:00,3402.4,3419.6,3364.2,3383.2,148159.6,interpolated
608,2024-11-28 04:00:00+00:00,3405.2,3419.8,3359.1,3382.6,173362.8,interpolated
609,2024-11-28 06:00:00+00:00,3408.0,3420.0,3354.0,3382.0,198566.0,present
610,2024-11-28 08:00:00+00:00,3382.0,3446.0,3366.0,3366.5,359503.0,present
611,2024-11-28 10:00:00+00:00,3366.5,3379.0,3292.0,3311.0,281396.0,present
612,2024-11-28 12:00:00+00:00,3310.0,3330.0,3260.0,3323.5,282799.0,present
613,2024-11-28 14:00:00+00:00,3323.5,3378.5,3311.0,3378.0,145405.0,present
614,2024-11-28 16:00:00+00:00,3379.0,3410.0,3330.0,3355.5,175257.0,present
615,2024-11-28 18:00:00+00:00,3355.5,3385.5,3355.5,3373.0,28584.0,present
616,2024-11-28 20:00:00+00:00,3373.5,3374.5,3364.0,3365.5,15831.0,present
617,2024-11-28 22:00:00+00:00,3369.3,3372.4,3356.6,3364.0,34873.8,interpolated
618,2024-11-29 00:00:00+00:00,3365.1,3370.3,3349.2,3362.5,53916.6,interpolated
619,2024-11-29 02:00:00+00:00,3360.9,3368.2,3341.8,3361.0,72959.4,interpolated
620,2024-11-29 04:00:00+00:00,3356.7,3366.1,3334.4,3359.5,92002.2,interpolated
621,2024-11-29 06:00:00+00:00,3352.5,3364.0,3327.0,3358.0,111045.0,present
622,2024-11-29 08:00:00+00:00,3358.0,3420.0,3354.0,3393.0,263071.0,present
623,2024-11-29 10:00:00+00:00,3393.0,3401.5,3366.5,3380.0,122565.0,present
624,2024-11-29 12:00:00+00:00,3380.0,3393.5,3351.0,3351.5,92188.0,present
625,2024-11-29 14:00:00+00:00,3352.0,3373.0,3305.5,3344.0,281049.0,present
626,2024-11-29 16:00:00+00:00,3339.5,3341.5,3310.0,3325.5,72601.0,present
627,2024-11-29 18:00:00+00:00,3325.5,3335.5,3321.5,3327.0,24479.0,present
628,2024-11-29 20:00:00+00:00,3327.0,3328.5,3320.0,3320.0,14632.0,present
629,2024-11-29 22:00:00+00:00,3326.9310344827586,3329.9137931034484,3320.0862068965516,3321.2586206896553,19148.344827586207,interpolated
630,2024-11-30 00:00:00+00:00,3326.862068965517,3331.3275862068967,3320.1724137931033,3322.5172413793102,23664.689655172413,interpolated
631,2024-11-30 02:00:00+00:00,3326.793103448276,3332.7413793103447,3320.2586206896553,3323.7758620689656,28181.034482758623,interpolated
632,2024-11-30 04:00:00+00:00,3326.7241379310344,3334.155172413793,3320.344827586207,3325.0344827586205,32697.37931034483,interpolated
633,2024-11-30 06:00:00+00:00,3326.655172413793,3335.5689655172414,3320.4310344827586,3326.293103448276,37213.724137931036,interpolated
634,2024-11-30 08:00:00+00:00,3326.5862068965516,3336.9827586206898,3320.5172413793102,3327.551724137931,41730.06896551725,interpolated
635,2024-11-30 10:00:00+00:00,3326.5172413793102,3338.396551724138,3320.603448275862,3328.810344827586,46246.41379310345,interpolated
636,2024-11-30 12:00:00+00:00,3326.448275862069,3339.810344827586,3320.689655172414,3330.0689655172414,50762.75862068966,interpolated
637,2024-11-30 14:00:00+00:00,3326.3793103448274,3341.2241379310344,3320.7758620689656,3331.3275862068967,55279.10344827586,interpolated
638,2024-11-30 16:00:00+00:00,3326.310344827586,3342.637931034483,3320.862068965517,3332.5862068965516,59795.44827586207,interpolated
639,2024-11-30 18:00:00+00:00,3326.2413793103447,3344.051724137931,3320.948275862069,3333.844827586207,64311.793103448275,interpolated
640,2024-11-30 20:00:00+00:00,3326.1724137931033,3345.4655172413795,3321.0344827586205,3335.103448275862,68828.1379310345,interpolated
641,2024-11-30 22:00:00+00:00,3326.103448275862,3346.8793103448274,3321.1206896551726,3336.362068965517,73344.4827586207,interpolated
642,2024-12-01 00:00:00+00:00,3326.0344827586205,3348.293103448276,3321.206896551724,3337.6206896551726,77860.8275862069,interpolated
643,2024-12-01 02:00:00+00:00,3325.9655172413795,3349.706896551724,3321.293103448276,3338.8793103448274,82377.1724137931,interpolated
644,2024-12-01 04:00:00+00:00,3325.896551724138,3351.1206896551726,3321.3793103448274,3340.137931034483,86893.51724137932,interpolated
645,2024-12-01 06:00:00+00:00,3325.8275862068967,3352.5344827586205,3321.4655172413795,3341.396551724138,91409.86206896552,interpolated
646,2024-12-01 08:00:00+00:00,3325.7586206896553,3353.948275862069,3321.551724137931,3342.655172413793,95926.20689655172,interpolated
647,2024-12-01 10:00:00+00:00,3325.689655172414,3355.362068965517,3321.637931034483,3343.9137931034484,100442.55172413794,interpolated
648,2024-12-01 12:00:00+00:00,3325.6206896551726,3356.7758620689656,3321.7241379310344,3345.1724137931033,104958.89655172414,interpolated
649,2024-12-01 14:00:00+00:00,3325.551724137931,3358.189655172414,3321.810344827586,3346.4310344827586,109475.24137931035,interpolated
650,2024-12-01 16:00:00+00:00,3325.4827586206898,3359.603448275862,3321.896551724138,3347.689655172414,113991.58620689655,interpolated
651,2024-12-01 18:00:00+00:00,3325.4137931034484,3361.0172413793102,3321.9827586206898,3348.948275862069,118507.93103448277,interpolated
652,2024-12-01 20:00:00+00:00,3325.344827586207,3362.4310344827586,3322.0689655172414,3350.206896551724,123024.27586206897,interpolated
653,2024-12-01 22:00:00+00:00,3325.2758620689656,3363.844827586207,3322.155172413793,3351.4655172413795,127540.62068965517,interpolated
654,2024-12-02 00:00:00+00:00,3325.206896551724,3365.2586206896553,3322.2413793103447,3352.7241379310344,132056.9655172414,interpolated
655,2024-12-02 02:00:00+00:00,3325.137931034483,3366.6724137931033,3322.3275862068967,3353.9827586206898,136573.3103448276,interpolated
656,2024-12-02 04:00:00+00:00,3325.0689655172414,3368.0862068965516,3322.4137931034484,3355.2413793103447,141089.6551724138,interpolated
657,2024-12-02 06:00:00+00:00,3325.0,3369.5,3322.5,3356.5,145606.0,present
658,2024-12-02 08:00:00+00:00,3356.5,3364.0,3323.0,3351.0,157707.0,present
659,2024-12-02 10:00:00+00:00,3349.5,3365.0,3340.0,3356.5,69832.0,present
660,2024-12-02 12:00:00+00:00,3358.0,3397.0,3357.5,3367.0,159767.0,present
661,2024-12-02 14:00:00+00:00,3367.5,3388.0,3354.0,3381.0,64389.0,present
662,2024-12-02 16:00:00+00:00,3385.5,3417.5,3373.5,3412.5,127209.0,present
663,2024-12-02 18:00:00+00:00,3413.0,3443.5,3412.5,3437.0,129438.0,present
664,2024-12-02 20:00:00+00:00,3438.5,3440.0,3427.5,3434.0,20738.0,present
665,2024-12-02 22:00:00+00:00,3439.4,3440.6,3420.2,3427.3,55560.0,interpolated
666,2024-12-03 00:00:00+00:00,3440.3,3441.2,3412.9,3420.6,90382.0,interpolated
667,2024-12-03 02:00:00+00:00,3441.2,3441.8,3405.6,3413.9,125204.0,interpolated
668,2024-12-03 04:00:00+00:00,3442.1,3442.4,3398.3,3407.2,160026.0,interpolated
669,2024-12-03 06:00:00+00:00,3443.0,3443.0,3391.0,3400.5,194848.0,present
670,2024-12-03 08:00:00+00:00,3400.0,3409.5,3375.0,3385.0,186009.0,present
671,2024-12-03 10:00:00+00:00,3384.5,3426.5,3383.5,3401.5,111162.0,present
672,2024-12-03 12:00:00+00:00,3401.5,3406.5,3355.5,3372.5,209431.0,present
673,2024-12-03 14:00:00+00:00,3372.0,3372.5,3338.0,3363.0,173255.0,present
674,2024-12-03 16:00:00+00:00,3363.0,3364.0,3344.5,3351.0,46943.0,present
675,2024-12-03 18:00:00+00:00,3352.5,3358.5,3343.0,3345.0,22974.0,present
676,2024-12-03 20:00:00+00:00,3344.5,3380.0,3343.5,3380.0,40219.0,present
677,2024-12-03 22:00:00+00:00,3349.8,3382.0,3345.8,3377.2,55438.2,interpolated
678,2024-12-04 00:00:00+00:00,3355.1,3384.0,3348.1,3374.4,70657.4,interpolated
679,2024-12-04 02:00:00+00:00,3360.4,3386.0,3350.4,3371.6,85876.6,interpolated
680,2024-12-04 04:00:00+00:00,3365.7,3388.0,3352.7,3368.8,101095.8,interpolated
681,2024-12-04 06:00:00+00:00,3371.0,3390.0,3355.0,3366.0,116315.0,present
682,2024-12-04 08:00:00+00:00,3365.0,3405.5,3363.0,3391.0,127504.0,present
683,2024-12-04 10:00:00+00:00,3391.0,3398.0,3376.0,3392.0,54645.0,present
684,2024-12-04 12:00:00+00:00,3392.0,3394.0,3333.0,3340.5,141990.0,present
685,2024-12-04 14:00:00+00:00,3340.5,3344.5,3290.5,3295.0,296312.0,present
686,2024-12-04 16:00:00+00:00,3271.0,3277.5,3218.0,3246.0,371440.0,present
687,2024-12-04 18:00:00+00:00,3246.5,3273.5,3236.0,3264.5,99123.0,present
688,2024-12-04 20:00:00+00:00,3265.0,3270.5,3242.5,3252.0,29458.0,present
689,2024-12-04 22:00:00+00:00,3263.2,3277.1,3240.2,3260.5,69045.4,interpolated
690,2024-12-05 00:00:00+00:00,3261.4,3283.7,3237.9,3269.0,108632.8,interpolated
691,2024-12-05 02:00:00+00:00,3259.6,3290.3,3235.6,3277.5,148220.2,interpolated
692,2024-12-05 04:00:00+00:00,3257.8,3296.9,3233.3,3286.0,187807.6,interpolated
693,2024-12-05 06:00:00+00:00,3256.0,3303.5,3231.0,3294.5,227395.0,present
694,2024-12-05 08:00:00+00:00,3294.5,3328.0,3256.5,3281.0,311794.0,present
695,2024-12-05 10:00:00+00:00,3279.5,3293.0,3244.0,3254.5,123286.0,present
696,2024-12-05 12:00:00+00:00,3253.0,3314.5,3242.0,3290.5,226278.0,present
697,2024-12-05 14:00:00+00:00,3291.0,3384.0,3290.5,3338.0,313638.0,present
698,2024-12-05 16:00:00+00:00,3341.0,3375.5,3341.0,3351.5,110162.0,present
699,2024-12-05 18:00:00+00:00,3353.0,3383.0,3352.0,3366.5,76365.0,present
700,2024-12-05 20:00:00+00:00,3366.5,3379.5,3360.0,3378.5,12814.0,present
701,2024-12-05 22:00:00+00:00,3369.4,3383.6,3360.5,3380.6,53449.2,interpolated
702,2024-12-06 00:00:00+00:00,3372.3,3387.7,3361.0,3382.7,94084.4,interpolated
703,2024-12-06 02:00:00+00:00,3375.2,3391.8,3361.5,3384.8,134719.59999999998,interpolated
704,2024-12-06 04:00:00+00:00,3378.1,3395.9,3362.0,3386.9,175354.8,interpolated
705,2024-12-06 06:00:00+00:00,3381.0,3400.0,3362.5,3389.0,215990.0,present
706,2024-12-06 08:00:00+00:00,3389.5,3398.0,3355.0,3366.5,154451.0,present
707,2024-12-06 10:00:00+00:00,3366.0,3387.0,3330.5,3385.5,162466.0,present
708,2024-12-06 12:00:00+00:00,3385.5,3417.5,3366.0,3398.5,230796.0,present
709,2024-12-06 14:00:00+00:00,3398.5,3408.0,3370.0,3389.0,75978.0,present
710,2024-12-06 16:00:00+00:00,3390.0,3390.0,3383.0,3389.5,25824.0,present
711,2024-12-06 18:00:00+00:00,3389.5,3390.0,3377.5,3380.0,22439.0,present
712,2024-12-06 20:00:00+00:00,3379.5,3384.5,3351.0,3376.0,15003.0,present
713,2024-12-06 22:00:00+00:00,3380.206896551724,3387.7758620689656,3352.206896551724,3378.028357039352,25887.793103448275,interpolated
714,2024-12-07 00:00:00+00:00,3380.9137931034484,3391.051724137931,3353.4137931034484,3380.0567140787043,36772.58620689655,interpolated
715,2024-12-07 02:00:00+00:00,3381.6206896551726,3394.3275862068967,3354.6206896551726,3382.085071118056,47657.379310344826,interpolated
716,2024-12-07 04:00:00+00:00,3382.3275862068967,3397.603448275862,3355.8275862068967,3384.113428157408,58542.1724137931,interpolated
717,2024-12-07 06:00:00+00:00,3383.0344827586205,3400.8793103448274,3357.0344827586205,3386.1417851967603,69426.96551724138,interpolated
718,2024-12-07 08:00:00+00:00,3383.7413793103447,3404.155172413793,3358.2413793103447,3388.1701422361125,80311.75862068965,interpolated
719,2024-12-07 10:00:00+00:00,3384.448275862069,3407.4310344827586,3359.448275862069,3390.1984992754647,91196.55172413793,interpolated
720,2024-12-07 12:00:00+00:00,3385.155172413793,3410.706896551724,3360.655172413793,3392.226856314817,102081.3448275862,interpolated
721,2024-12-07 14:00:00+00:00,3385.862068965517,3413.9827586206898,3361.862068965517,3394.2552133541685,112966.13793103448,interpolated
722,2024-12-07 16:00:00+00:00,3386.5689655172414,3417.2586206896553,3363.0689655172414,3396.2835703935207,123850.93103448275,interpolated
723,2024-12-07 18:00:00+00:00,3387.2758620689656,3420.5344827586205,3364.2758620689656,3398.311927432873,134735.724137931,interpolated
724,2024-12-07 20:00:00+00:00,3387.9827586206898,3423.810344827586,3365.4827586206898,3400.340284472225,145620.5172413793,interpolated
725,2024-12-07 22:00:00+00:00,3388.689655172414,3427.0862068965516,3366.689655172414,3402.368641511577,156505.3103448276,interpolated
726,2024-12-08 00:00:00+00:00,3389.396551724138,3430.362068965517,3367.896551724138,3404.3969985509293,167390.10344827586,interpolated
727,2024-12-08 02:00:00+00:00,3390.103448275862,3433.637931034483,3369.103448275862,3406.425355590281,178274.89655172414,interpolated
728,2024-12-08 04:00:00+00:00,3390.810344827586,3436.9137931034484,3370.310344827586,3408.453712629633,189159.6896551724,interpolated
729,2024-12-08 06:00:00+00:00,3391.5172413793102,3440.189655172414,3371.5172413793102,3410.4820696689853,200044.4827586207,interpolated
730,2024-12-08 08:00:00+00:00,3392.2241379310344,3443.4655172413795,3372.7241379310344,3412.5104267083375,210929.27586206896,interpolated
731,2024-12-08 10:00:00+00:00,3392.9310344827586,3446.7413793103447,3373.9310344827586,3414.5387837476896,221814.06896551725,interpolated
732,2024-12-08 12:00:00+00:00,3393.637931034483,3450.0172413793102,3375.137931034483,3416.567140787042,232698.8620689655,interpolated
733,2024-12-08 14:00:00+00:00,3394.344827586207,3453.293103448276,3376.344827586207,3418.5954978263935,243583.6551724138,interpolated
734,2024-12-08 16:00:00+00:00,3395.051724137931,3456.5689655172414,3377.551724137931,3420.6238548657457,254468.44827586206,interpolated
735,2024-12-08 18:00:00+00:00,3395.7586206896553,3459.844827586207,3378.7586206896553,3422.652211905098,265353.2413793104,interpolated
736,2024-12-08 20:00:00+00:00,3396.4655172413795,3463.1206896551726,3379.9655172413795,3424.68056894445,276238.0344827586,interpolated
737,2024-12-08 22:00:00+00:00,3397.1724137931033,3466.396551724138,3381.1724137931033,3426.708925983802,287122.8275862069,interpolated
738,2024-12-09 00:00:00+00:00,3397.8793103448274,3469.6724137931033,3382.3793103448274,3428.7372830231543,298007.6206896552,interpolated
739,2024-12-09 02:00:00+00:00,3398.5862068965516,3472.948275862069,3383.5862068965516,3430.765640062506,308892.4137931035,interpolated
740,2024-12-09 04:00:00+00:00,3399.293103448276,3476.2241379310344,3384.793103448276,3432.793997101858,319777.2068965517,interpolated
741,2024-12-09 06:00:00+00:00,3400.0,3479.5,3386.0,3434.8223541412103,330662.0,present
742,2024-12-09 08:00:00+00:00,3470.0,3471.5,3432.5,3456.0,210672.0,present
743,2024-12-09 10:00:00+00:00,3456.0,3474.5,3446.5,3457.0,105463.0,present
744,2024-12-09 12:00:00+00:00,3457.0,3489.5,3457.0,3483.5,251377.0,present
745,2024-12-09 14:00:00+00:00,3483.5,3484.5,3460.0,3468.5,84217.0,present
746,2024-12-09 16:00:00+00:00,3466.0,3470.0,3460.0,3463.5,34320.0,present
747,2024-12-09 18:00:00+00:00,3463.0,3470.0,3460.0,3468.0,23541.0,present
748,2024-12-09 20:00:00+00:00,3467.5,3470.0,3464.5,3466.0,7981.0,present
749,2024-12-09 22:00:00+00:00,3469.6,3472.6,3456.2,3458.0,50328.4,interpolated
750,2024-12-10 00:00:00+00:00,3471.7,3475.2,3447.9,3450.0,92675.8,interpolated
751,2024-12-10 02:00:00+00:00,3473.8,3477.8,3439.6,3442.0,135023.2,interpolated
752,2024-12-10 04:00:00+00:00,3475.9,3480.4,3431.3,3434.0,177370.6,interpolated
753,2024-12-10 06:00:00+00:00,3478.0,3483.0,3423.0,3426.0,219718.0,present
754,2024-12-10 08:00:00+00:00,3426.0,3433.0,3385.0,3402.5,289780.0,present
755,2024-12-10 10:00:00+00:00,3402.0,3413.5,3376.0,3393.0,152547.0,present
756,2024-12-10 12:00:00+00:00,3393.0,3409.0,3377.5,3391.5,119892.0,present
757,2024-12-10 14:00:00+00:00,3392.0,3408.5,3386.5,3399.0,69444.0,present
758,2024-12-10 16:00:00+00:00,3397.0,3401.0,3395.5,3396.0,26763.0,present
759,2024-12-10 18:00:00+00:00,3395.5,3399.5,3384.0,3391.5,17635.0,present
760,2024-12-10 20:00:00+00:00,3390.5,3390.5,3375.0,3379.5,16256.0,present
761,2024-12-10 22:00:00+00:00,3389.5,3389.5,3370.0,3375.8,40185.0,interpolated
762,2024-12-11 00:00:00+00:00,3388.5,3388.5,3365.0,3372.1,64114.0,interpolated
763,2024-12-11 02:00:00+00:00,3387.5,3387.5,3360.0,3368.4,88043.0,interpolated
764,2024-12-11 04:00:00+00:00,3386.5,3386.5,3355.0,3364.7,111972.0,interpolated
765,2024-12-11 06:00:00+00:00,3385.5,3385.5,3350.0,3361.0,135901.0,present
766,2024-12-11 08:00:00+00:00,3362.0,3399.5,3351.0,3387.0,171690.0,present
767,2024-12-11 10:00:00+00:00,3387.0,3388.5,3361.0,3372.0,83556.0,present
768,2024-12-11 12:00:00+00:00,3374.5,3380.0,3369.0,3373.0,92967.0,present
769,2024-12-11 14:00:00+00:00,3372.5,3382.5,3340.0,3350.5,125158.0,present
770,2024-12-11 16:00:00+00:00,3340.0,3385.0,3331.5,3382.0,142005.0,present
771,2024-12-11 18:00:00+00:00,3382.0,3385.0,3380.5,3385.0,16019.0,present
772,2024-12-11 20:00:00+00:00,3385.0,3398.5,3384.5,3397.0,20128.0,present
773,2024-12-11 22:00:00+00:00,3387.7,3401.6,3381.5,3398.4,44386.600000000006,interpolated
774,2024-12-12 00:00:00+00:00,3390.4,3404.7,3378.5,3399.8,68645.20000000001,interpolated
775,2024-12-12 02:00:00+00:00,3393.1,3407.8,3375.5,3401.2,92903.8,interpolated
776,2024-12-12 04:00:00+00:00,3395.8,3410.9,3372.5,3402.6,117162.40000000001,interpolated
777,2024-12-12 06:00:00+00:00,3398.5,3414.0,3369.5,3404.0,141421.0,present
778,2024-12-12 08:00:00+00:00,3404.0,3410.0,3364.0,3374.5,128063.0,present
779,2024-12-12 10:00:00+00:00,3374.5,3382.5,3341.5,3346.0,120224.0,present
780,2024-12-12 12:00:00+00:00,3346.0,3369.0,3341.0,3341.0,72369.0,present
781,2024-12-12 14:00:00+00:00,3341.0,3343.0,3310.0,3327.0,157945.0,present
782,2024-12-12 16:00:00+00:00,3323.5,3324.5,3312.0,3315.0,47685.0,present
783,2024-12-12 18:00:00+00:00,3315.0,3316.0,3283.0,3295.0,89736.0,present
784,2024-12-12 20:00:00+00:00,3295.0,3298.0,3283.5,3284.0,11909.0,present
785,2024-12-12 22:00:00+00:00,3292.8,3301.2,3283.3,3287.7,37505.0,interpolated
786,2024-12-13 00:00:00+00:00,3290.6,3304.4,3283.1,3291.4,63101.0,interpolated
787,2024-12-13 02:00:00+00:00,3288.4,3307.6,3282.9,3295.1,88697.0,interpolated
788,2024-12-13 04:00:00+00:00,3286.2,3310.8,3282.7,3298.8,114293.0,interpolated
789,2024-12-13 06:00:00+00:00,3284.0,3314.0,3282.5,3302.5,139889.0,present
790,2024-12-13 08:00:00+00:00,3302.0,3314.0,3290.5,3298.0,118155.0,present
791,2024-12-13 10:00:00+00:00,3298.5,3323.5,3298.0,3312.0,71420.0,present
792,2024-12-13 12:00:00+00:00,3313.0,3326.0,3304.0,3308.5,71278.0,present
793,2024-12-13 14:00:00+00:00,3308.5,3333.0,3302.0,3332.0,59189.0,present
794,2024-12-13 16:00:00+00:00,3332.5,3333.0,3321.5,3328.0,16611.0,present
795,2024-12-13 18:00:00+00:00,3328.0,3330.0,3313.0,3319.0,23086.0,present
796,2024-12-13 20:00:00+00:00,3319.0,3322.0,3311.0,3321.0,11286.0,present
797,2024-12-13 22:00:00+00:00,3318.448275862069,3322.0,3310.0689655172414,3320.2241379310344,14418.862068965518,interpolated
798,2024-12-14 00:00:00+00:00,3317.896551724138,3322.0,3309.137931034483,3319.448275862069,17551.724137931036,interpolated
799,2024-12-14 02:00:00+00:00,3317.344827586207,3322.0,3308.206896551724,3318.6724137931033,20684.58620689655,interpolated
800,2024-12-14 04:00:00+00:00,3316.793103448276,3322.0,3307.2758620689656,3317.896551724138,23817.44827586207,interpolated
801,2024-12-14 06:00:00+00:00,3316.2413793103447,3322.0,3306.344827586207,3317.1206896551726,26950.310344827587,interpolated
802,2024-12-14 08:00:00+00:00,3315.689655172414,3322.0,3305.4137931034484,3316.344827586207,30083.1724137931,interpolated
803,2024-12-14 10:00:00+00:00,3315.137931034483,3322.0,3304.4827586206898,3315.5689655172414,33216.03448275862,interpolated
804,2024-12-14 12:00:00+00:00,3314.5862068965516,3322.0,3303.551724137931,3314.793103448276,36348.89655172414,interpolated
805,2024-12-14 14:00:00+00:00,3314.0344827586205,3322.0,3302.6206896551726,3314.0172413793102,39481.75862068965,interpolated
806,2024-12-14 16:00:00+00:00,3313.4827586206898,3322.0,3301.689655172414,3313.2413793103447,42614.620689655174,interpolated
807,2024-12-14 18:00:00+00:00,3312.9310344827586,3322.0,3300.7586206896553,3312.4655172413795,45747.48275862069,interpolated
808,2024-12-14 20:00:00+00:00,3312.3793103448274,3322.0,3299.8275862068967,3311.689655172414,48880.3448275862,interpolated
809,2024-12-14 22:00:00+00:00,3311.8275862068967,3322.0,3298.896551724138,3310.9137931034484,52013.206896551725,interpolated
810,2024-12-15 00:00:00+00:00,3311.2758620689656,3322.0,3297.9655172413795,3310.137931034483,55146.06896551724,interpolated
811,2024-12-15 02:00:00+00:00,3310.7241379310344,3322.0,3297.0344827586205,3309.362068965517,58278.93103448276,interpolated
812,2024-12-15 04:00:00+00:00,3310.1724137931033,3322.0,3296.103448275862,3308.5862068965516,61411.793103448275,interpolated
813,2024-12-15 06:00:00+00:00,3309.6206896551726,3322.0,3295.1724137931033,3307.810344827586,64544.65517241379,interpolated
814,2024-12-15 08:00:00+00:00,3309.0689655172414,3322.0,3294.2413793103447,3307.0344827586205,67677.5172413793,interpolated
815,2024-12-15 10:00:00+00:00,3308.5172413793102,3322.0,3293.310344827586,3306.2586206896553,70810.37931034483,interpolated
816,2024-12-15 12:00:00+00:00,3307.9655172413795,3322.0,3292.3793103448274,3305.4827586206898,73943.24137931035,interpolated
817,2024-12-15 14:00:00+00:00,3307.4137931034484,3322.0,3291.448275862069,3304.706896551724,77076.10344827586,interpolated
818,2024-12-15 16:00:00+00:00,3306.862068965517,3322.0,3290.5172413793102,3303.9310344827586,80208.96551724138,interpolated
819,2024-12-15 18:00:00+00:00,3306.310344827586,3322.0,3289.5862068965516,3303.155172413793,83341.8275862069,interpolated
820,2024-12-15 20:00:00+00:00,3305.7586206896553,3322.0,3288.655172413793,3302.3793103448274,86474.6896551724,interpolated
821,2024-12-15 22:00:00+00:00,3305.206896551724,3322.0,3287.7241379310344,3301.603448275862,89607.55172413793,interpolated
822,2024-12-16 00:00:00+00:00,3304.655172413793,3322.0,3286.793103448276,3300.8275862068967,92740.41379310345,interpolated
823,2024-12-16 02:00:00+00:00,3304.103448275862,3322.0,3285.862068965517,3300.051724137931,95873.27586206897,interpolated
824,2024-12-16 04:00:00+00:00,3303.551724137931,3322.0,3284.9310344827586,3299.2758620689656,99006.13793103448,interpolated
825,2024-12-16 06:00:00+00:00,3303.0,3322.0,3284.0,3298.5,102139.0,present
826,2024-12-16 08:00:00+00:00,3299.0,3299.0,3257.0,3270.0,187351.0,present
827,2024-12-16 10:00:00+00:00,3268.5,3273.0,3211.0,3236.0,184488.0,present
828,2024-12-16 12:00:00+00:00,3236.5,3268.5,3223.0,3255.0,177346.0,present
829,2024-12-16 14:00:00+00:00,3255.0,3264.0,3220.5,3234.0,125696.0,present
830,2024-12-16 16:00:00+00:00,3234.0,3278.0,3215.0,3258.5,105016.0,present
831,2024-12-16 18:00:00+00:00,3258.5,3272.0,3231.5,3244.5,38739.0,present
832,2024-12-16 20:00:00+00:00,3244.0,3244.0,3221.0,3232.5,28643.0,present
833,2024-12-16 22:00:00+00:00,3241.7,3250.2,3223.3,3240.7,47514.2,interpolated
834,2024-12-17 00:00:00+00:00,3239.4,3256.4,3225.6,3248.9,66385.4,interpolated
835,2024-12-17 02:00:00+00:00,3237.1,3262.6,3227.9,3257.1,85256.6,interpolated
836,2024-12-17 04:00:00+00:00,3234.8,3268.8,3230.2,3265.3,104127.8,interpolated
837,2024-12-17 06:00:00+00:00,3232.5,3275.0,3232.5,3273.5,122999.0,present
838,2024-12-17 08:00:00+00:00,3274.0,3288.5,3254.0,3268.0,172416.0,present
839,2024-12-17 10:00:00+00:00,3268.0,3269.5,3213.0,3232.5,171866.0,present
840,2024-12-17 12:00:00+00:00,3232.0,3242.0,3205.5,3230.5,170378.0,present
841,2024-12-17 14:00:00+00:00,3230.5,3238.0,3210.5,3217.0,105887.0,present
842,2024-12-17 16:00:00+00:00,3217.0,3229.5,3214.0,3225.0,36732.0,present
843,2024-12-17 18:00:00+00:00,3225.5,3243.5,3225.0,3242.0,27501.0,present
844,2024-12-17 20:00:00+00:00,3242.0,3250.0,3242.0,3248.5,14290.0,present
845,2024-12-17 22:00:00+00:00,3243.6,3254.6,3241.1,3246.3,26092.4,interpolated
846,2024-12-18 00:00:00+00:00,3245.2,3259.2,3240.2,3244.1,37894.8,interpolated
847,2024-12-18 02:00:00+00:00,3246.8,3263.8,3239.3,3241.9,49697.2,interpolated
848,2024-12-18 04:00:00+00:00,3248.4,3268.4,3238.4,3239.7,61499.6,interpolated
849,2024-12-18 06:00:00+00:00,3250.0,3273.0,3237.5,3237.5,73302.0,present
850,2024-12-18 08:00:00+00:00,3237.5,3237.5,3213.0,3226.5,189486.0,present
851,2024-12-18 10:00:00+00:00,3224.5,3225.0,3191.0,3207.0,204395.0,present
852,2024-12-18 12:00:00+00:00,3207.0,3222.0,3197.0,3201.0,107785.0,present
853,2024-12-18 14:00:00+00:00,3200.5,3245.5,3200.5,3244.5,165988.0,present
854,2024-12-18 16:00:00+00:00,3254.0,3279.5,3247.0,3252.5,170877.0,present
855,2024-12-18 18:00:00+00:00,3253.0,3270.0,3248.0,3261.5,50190.0,present
856,2024-12-18 20:00:00+00:00,3261.5,3263.5,3250.0,3255.0,10313.0,present
857,2024-12-18 22:00:00+00:00,3262.3,3264.8,3249.1,3254.6,28496.4,interpolated
858,2024-12-19 00:00:00+00:00,3263.1,3266.1,3248.2,3254.2,46679.8,interpolated
859,2024-12-19 02:00:00+00:00,3263.9,3267.4,3247.3,3253.8,64863.200000000004,interpolated
860,2024-12-19 04:00:00+00:00,3264.7,3268.7,3246.4,3253.4,83046.6,interpolated
861,2024-12-19 06:00:00+00:00,3265.5,3270.0,3245.5,3253.0,101230.0,present
862,2024-12-19 08:00:00+00:00,3253.0,3325.0,3247.0,3299.5,454291.0,present
863,2024-12-19 10:00:00+00:00,3298.0,3312.0,3261.0,3283.0,178662.0,present
864,2024-12-19 12:00:00+00:00,3283.0,3359.0,3282.5,3324.5,467676.0,present
865,2024-12-19 14:00:00+00:00,3324.0,3341.0,3293.5,3298.0,196321.0,present
866,2024-12-19 16:00:00+00:00,3303.5,3339.5,3300.0,3335.5,51916.0,present
867,2024-12-19 18:00:00+00:00,3335.0,3342.5,3330.0,3330.0,27403.0,present
868,2024-12-19 20:00:00+00:00,3330.5,3345.0,3325.5,3339.0,12825.0,present
869,2024-12-19 22:00:00+00:00,3332.6,3347.4,3324.5,3337.9,34275.8,interpolated
870,2024-12-20 00:00:00+00:00,3334.7,3349.8,3323.5,3336.8,55726.6,interpolated
871,2024-12-20 02:00:00+00:00,3336.8,3352.2,3322.5,3335.7,77177.4,interpolated
872,2024-12-20 04:00:00+00:00,3338.9,3354.6,3321.5,3334.6,98628.2,interpolated
873,2024-12-20 06:00:00+00:00,3341.0,3357.0,3320.5,3333.5,120079.0,present
874,2024-12-20 08:00:00+00:00,3332.0,3379.5,3331.5,3365.5,186523.0,present
875,2024-12-20 10:00:00+00:00,3365.0,3578.5,3376.0,3424.1394054686743,1598039.0,present
876,2024-12-20 12:00:00+00:00,3589.5,3704.5,3522.5,3652.042310482783,833428.0,present
877,2024-12-20 14:00:00+00:00,3668.5,3699.5,3632.0,3640.0,345448.0,present
878,2024-12-20 16:00:00+00:00,3640.0,3650.0,3601.0,3642.5,132598.0,present
879,2024-12-20 18:00:00+00:00,3643.0,3698.0,3643.0,3663.0,80201.0,present
880,2024-12-20 20:00:00+00:00,3663.0,3686.5,3660.0,3683.5,35448.0,present
881,2024-12-20 22:00:00+00:00,3665.5344827586205,3693.2758620689656,3661.3793103448274,3685.713108161864,60296.620689655174,interpolated
882,2024-12-21 00:00:00+00:00,3668.0689655172414,3700.051724137931,3662.7586206896553,3687.926216323728,85145.24137931035,interpolated
883,2024-12-21 02:00:00+00:00,3670.603448275862,3706.8275862068967,3664.137931034483,3690.1393244855926,109993.86206896552,interpolated
884,2024-12-21 04:00:00+00:00,3673.137931034483,3713.603448275862,3665.5172413793102,3692.3524326474567,134842.4827586207,interpolated
885,2024-12-21 06:00:00+00:00,3675.6724137931033,3720.3793103448274,3666.896551724138,3694.5655408093207,159691.10344827588,interpolated
886,2024-12-21 08:00:00+00:00,3678.206896551724,3727.155172413793,3668.2758620689656,3696.778648971185,184539.72413793104,interpolated
887,2024-12-21 10:00:00+00:00,3680.7413793103447,3733.9310344827586,3669.655172413793,3698.9917571330493,209388.3448275862,interpolated
888,2024-12-21 12:00:00+00:00,3683.2758620689656,3740.706896551724,3671.0344827586205,3701.2048652949134,234236.9655172414,interpolated
889,2024-12-21 14:00:00+00:00,3685.810344827586,3747.4827586206898,3672.4137931034484,3703.4179734567774,259085.58620689655,interpolated
890,2024-12-21 16:00:00+00:00,3688.344827586207,3754.2586206896553,3673.793103448276,3705.6310816186415,283934.20689655177,interpolated
891,2024-12-21 18:00:00+00:00,3690.8793103448274,3761.0344827586205,3675.1724137931033,3707.844189780506,308782.8275862069,interpolated
892,2024-12-21 20:00:00+00:00,3693.4137931034484,3767.810344827586,3676.551724137931,3710.05729794237,333631.4482758621,interpolated
893,2024-12-21 22:00:00+00:00,3695.948275862069,3774.5862068965516,3677.9310344827586,3712.270406104234,358480.0689655173,interpolated
894,2024-12-22 00:00:00+00:00,3698.4827586206898,3781.362068965517,3679.310344827586,3714.483514266098,383328.6896551724,interpolated
895,2024-12-22 02:00:00+00:00,3701.0172413793102,3788.137931034483,3680.689655172414,3716.6966224279627,408177.3103448276,interpolated
896,2024-12-22 04:00:00+00:00,3703.551724137931,3794.9137931034484,3682.0689655172414,3718.9097305898267,433025.9310344828,interpolated
897,2024-12-22 06:00:00+00:00,3706.0862068965516,3801.689655172414,3683.448275862069,3721.122838751691,457874.551724138,interpolated
898,2024-12-22 08:00:00+00:00,3708.6206896551726,3808.4655172413795,3684.8275862068967,3723.335946913555,482723.1724137931,interpolated
899,2024-12-22 10:00:00+00:00,3711.155172413793,3815.2413793103447,3686.206896551724,3725.5490550754193,507571.7931034483,interpolated
900,2024-12-22 12:00:00+00:00,3713.689655172414,3822.0172413793102,3687.5862068965516,3727.7621632372834,532420.4137931035,interpolated
901,2024-12-22 14:00:00+00:00,3716.2241379310344,3828.793103448276,3688.9655172413795,3729.9752713991475,557269.0344827587,interpolated
902,2024-12-22 16:00:00+00:00,3718.7586206896553,3835.5689655172414,3690.344827586207,3732.1883795610115,582117.6551724138,interpolated
903,2024-12-22 18:00:00+00:00,3721.293103448276,3842.344827586207,3691.7241379310344,3734.401487722876,606966.275862069,interpolated
904,2024-12-22 20:00:00+00:00,3723.8275862068967,3849.1206896551726,3693.103448275862,3736.61459588474,631814.8965517242,interpolated
905,2024-12-22 22:00:00+00:00,3726.362068965517,3855.896551724138,3694.4827586206898,3738.827704046604,656663.5172413794,interpolated
906,2024-12-23 00:00:00+00:00,3728.896551724138,3862.6724137931033,3695.862068965517,3741.040812208468,681512.1379310346,interpolated
907,2024-12-23 02:00:00+00:00,3731.4310344827586,3869.448275862069,3697.2413793103447,3743.2539203703327,706360.7586206897,interpolated
908,2024-12-23 04:00:00+00:00,3733.9655172413795,3876.2241379310344,3698.6206896551726,3745.4670285321968,731209.3793103448,interpolated
909,2024-12-23 06:00:00+00:00,3736.5,3883.0,3700.0,3747.680136694061,756058.0,present
910,2024-12-23 08:00:00+00:00,3883.0,3974.0,3801.0,3816.5024704101684,836809.0,present
911,2024-12-23 10:00:00+00:00,3801.0,3846.5,3788.0,3797.5,337695.0,present
912,2024-12-23 12:00:00+00:00,3797.5,3827.0,3766.5,3813.0,292825.0,present
913,2024-12-23 14:00:00+00:00,3815.0,3824.0,3767.0,3785.0,195162.0,present
914,2024-12-23 16:00:00+00:00,3790.0,3814.0,3765.0,3791.5,61895.0,present
915,2024-12-23 18:00:00+00:00,3792.0,3807.0,3790.5,3799.5,25567.0,present
916,2024-12-23 20:00:00+00:00,3802.0,3804.0,3791.0,3800.0,9765.0,present
917,2024-12-23 22:00:00+00:00,3803.1,3804.7,3771.1,3786.984774017957,81924.2,interpolated
918,2024-12-24 00:00:00+00:00,3804.2,3805.4,3751.2,3773.9695480359146,154083.4,interpolated
919,2024-12-24 02:00:00+00:00,3805.3,3806.1,3731.3,3760.9543220538717,226242.6,interpolated
920,2024-12-24 04:00:00+00:00,3806.4,3806.8,3711.4,3747.939096071829,298401.8,interpolated
921,2024-12-24 06:00:00+00:00,3807.5,3807.5,3691.5,3734.9238700897863,370561.0,present
922,2024-12-24 08:00:00+00:00,3721.0,3792.5,3700.0,3756.0,515514.0,present
923,2024-12-24 10:00:00+00:00,3757.5,3769.0,3741.0,3757.5,155828.0,present
924,2024-12-24 12:00:00+00:00,3757.5,3764.0,3695.0,3695.5,217834.0,present
925,2024-12-24 14:00:00+00:00,3696.5,3715.0,3680.5,3693.0,196152.0,present
926,2024-12-24 16:00:00+00:00,3692.0,3713.5,3682.0,3707.0,44856.0,present
927,2024-12-24 18:00:00+00:00,3707.0,3712.5,3701.0,3702.0,17367.0,present
928,2024-12-24 20:00:00+00:00,3702.0,3705.0,3696.5,3702.5,11853.0,present
929,2024-12-24 22:00:00+00:00,3699.2,3704.0,3689.5,3699.4,34347.399999999994,interpolated
930,2024-12-25 00:00:00+00:00,3696.4,3703.0,3682.5,3696.3,56841.799999999996,interpolated
931,2024-12-25 02:00:00+00:00,3693.6,3702.0,3675.5,3693.2,79336.2,interpolated
932,2024-12-25 04:00:00+00:00,3690.8,3701.0,3668.5,3690.1,101830.59999999999,interpolated
933,2024-12-25 06:00:00+00:00,3688.0,3700.0,3661.5,3687.0,124325.0,present
934,2024-12-25 08:00:00+00:00,3687.0,3697.0,3660.5,3690.5,332440.0,present
935,2024-12-25 10:00:00+00:00,3690.5,3742.0,3678.0,3710.5,323719.0,present
936,2024-12-25 12:00:00+00:00,3711.0,3774.5,3703.0,3756.0,474680.0,present
937,2024-12-25 14:00:00+00:00,3756.5,3762.0,3703.5,3735.0,229541.0,present
938,2024-12-25 16:00:00+00:00,3757.0,3789.5,3740.0,3778.0,157169.0,present
939,2024-12-25 18:00:00+00:00,3778.0,3792.0,3772.0,3784.0,57513.0,present
940,2024-12-25 20:00:00+00:00,3783.5,3800.0,3780.0,3790.0,44654.0,present
941,2024-12-25 22:00:00+00:00,3786.6,3803.9,3776.2,3787.2,107651.0,interpolated
942,2024-12-26 00:00:00+00:00,3789.7,3807.8,3772.4,3784.4,170648.0,interpolated
943,2024-12-26 02:00:00+00:00,3792.8,3811.7,3768.6,3781.6,233645.00000000003,interpolated
944,2024-12-26 04:00:00+00:00,3795.9,3815.6,3764.8,3778.8,296642.0,interpolated
945,2024-12-26 06:00:00+00:00,3799.0,3819.5,3761.0,3776.0,359639.0,present
946,2024-12-26 08:00:00+00:00,3776.0,3795.5,3730.0,3763.5,338215.0,present
947,2024-12-26 10:00:00+00:00,3763.5,3786.5,3750.0,3781.5,160396.0,present
948,2024-12-26 12:00:00+00:00,3781.0,3790.0,3775.0,3787.0,142978.0,present
949,2024-12-26 14:00:00+00:00,3787.0,3843.5,3785.0,3840.0,277091.0,present
950,2024-12-26 16:00:00+00:00,3840.0,3841.0,3790.5,3790.5,73191.0,present
951,2024-12-26 18:00:00+00:00,3791.0,3802.5,3775.5,3779.5,56155.0,present
952,2024-12-26 20:00:00+00:00,3780.0,3806.0,3776.5,3785.0,24110.0,present
953,2024-12-26 22:00:00+00:00,3782.8,3812.1,3777.3,3791.6,41128.8,interpolated
954,2024-12-27 00:00:00+00:00,3785.6,3818.2,3778.1,3798.2,58147.6,interpolated
955,2024-12-27 02:00:00+00:00,3788.4,3824.3,3778.9,3804.8,75166.4,interpolated
956,2024-12-27 04:00:00+00:00,3791.2,3830.4,3779.7,3811.4,92185.2,interpolated
957,2024-12-27 06:00:00+00:00,3794.0,3836.5,3780.5,3818.0,109204.0,present
958,2024-12-27 08:00:00+00:00,3818.0,3850.0,3811.5,3850.0,213266.0,present
959,2024-12-27 10:00:00+00:00,3850.0,3856.0,3808.0,3837.5,226902.0,present
960,2024-12-27 12:00:00+00:00,3836.0,3855.0,3830.0,3839.5,128585.0,present
961,2024-12-27 14:00:00+00:00,3839.5,3846.0,3829.5,3837.5,69018.0,present
962,2024-12-27 16:00:00+00:00,3835.0,3849.5,3830.0,3847.5,39048.0,present
963,2024-12-27 18:00:00+00:00,3847.5,3853.0,3840.5,3846.0,32825.0,present
964,2024-12-27 20:00:00+00:00,3848.0,3850.0,3844.0,3848.0,13002.0,present
965,2024-12-27 22:00:00+00:00,3849.0,3857.0,3845.0,3852.3,33826.8,interpolated
966,2024-12-28 00:00:00+00:00,3850.0,3864.0,3846.0,3856.6,54651.6,interpolated
967,2024-12-28 02:00:00+00:00,3851.0,3871.0,3847.0,3860.9,75476.4,interpolated
968,2024-12-28 04:00:00+00:00,3852.0,3878.0,3848.0,3865.2,96301.2,interpolated
969,2024-12-28 06:00:00+00:00,3853.0,3885.0,3849.0,3869.5,117126.0,present
970,2024-12-28 08:00:00+00:00,3869.5,3915.0,3869.0,3905.0,191322.0,present
971,2024-12-28 10:00:00+00:00,3905.5,3920.0,3875.0,3888.0,130586.0,present
972,2024-12-28 12:00:00+00:00,3887.5,3911.0,3873.0,3897.5,78220.0,present
973,2024-12-28 14:00:00+00:00,3897.5,3900.0,3884.0,3890.0,47741.0,present
974,2024-12-28 16:00:00+00:00,3890.0,3930.0,3889.5,3919.0,55797.0,present
975,2024-12-28 18:00:00+00:00,3919.5,3926.5,3905.5,3926.0,32840.0,present
976,2024-12-28 20:00:00+00:00,3926.5,3930.0,3916.5,3928.5,20573.0,present
977,2024-12-28 22:00:00+00:00,3927.235294117647,3932.823529411765,3916.9411764705883,3930.205882352941,29406.64705882353,interpolated
978,2024-12-29 00:00:00+00:00,3927.970588235294,3935.6470588235293,3917.3823529411766,3931.9117647058824,38240.29411764706,interpolated
979,2024-12-29 02:00:00+00:00,3928.705882352941,3938.470588235294,3917.823529411765,3933.6176470588234,47073.94117647059,interpolated
980,2024-12-29 04:00:00+00:00,3929.4411764705883,3941.294117647059,3918.264705882353,3935.323529411765,55907.58823529412,interpolated
981,2024-12-29 06:00:00+00:00,3930.176470588235,3944.1176470588234,3918.705882352941,3937.029411764706,64741.23529411765,interpolated
982,2024-12-29 08:00:00+00:00,3930.9117647058824,3946.9411764705883,3919.1470588235293,3938.735294117647,73574.88235294117,interpolated
983,2024-12-29 10:00:00+00:00,3931.6470588235293,3949.764705882353,3919.5882352941176,3940.4411764705883,82408.52941176471,interpolated
984,2024-12-29 12:00:00+00:00,3932.3823529411766,3952.5882352941176,3920.029411764706,3942.1470588235293,91242.17647058824,interpolated
985,2024-12-29 14:00:00+00:00,3933.1176470588234,3955.4117647058824,3920.470588235294,3943.8529411764707,100075.82352941178,interpolated
986,2024-12-29 16:00:00+00:00,3933.8529411764707,3958.235294117647,3920.9117647058824,3945.5588235294117,108909.4705882353,interpolated
987,2024-12-29 18:00:00+00:00,3934.5882352941176,3961.0588235294117,3921.3529411764707,3947.264705882353,117743.11764705883,interpolated
988,2024-12-29 20:00:00+00:00,3935.323529411765,3963.8823529411766,3921.794117647059,3948.970588235294,126576.76470588236,interpolated
989,2024-12-29 22:00:00+00:00,3936.0588235294117,3966.705882352941,3922.235294117647,3950.676470588235,135410.4117647059,interpolated
990,2024-12-30 00:00:00+00:00,3936.794117647059,3969.529411764706,3922.676470588235,3952.3823529411766,144244.05882352943,interpolated
991,2024-12-30 02:00:00+00:00,3937.529411764706,3972.3529411764707,3923.1176470588234,3954.0882352941176,153077.70588235295,interpolated
992,2024-12-30 04:00:00+00:00,3938.264705882353,3975.176470588235,3923.5588235294117,3955.794117647059,161911.35294117648,interpolated
993,2024-12-30 06:00:00+00:00,3939.0,3978.0,3924.0,3957.5,170745.0,present
994,2024-12-30 08:00:00+00:00,3957.5,3990.0,3957.0,3975.5,111069.0,present
995,2024-12-30 10:00:00+00:00,3973.5,3990.0,3951.0,3985.5,91909.0,present
996,2024-12-30 12:00:00+00:00,3984.5,3997.0,3965.5,3969.0,62936.0,present
997,2024-12-30 14:00:00+00:00,3969.0,3988.0,3954.0,3978.0,74142.0,present
998,2024-12-30 16:00:00+00:00,3987.0,3987.5,3966.0,3973.0,36878.0,present
999,2024-12-30 18:00:00+00:00,3973.5,3989.0,3965.0,3987.0,42456.0,present
1000,2024-12-30 20:00:00+00:00,3986.5,3998.5,3986.0,3994.0,25642.0,present
1001,2024-12-30 22:00:00+00:00,3987.2926829268295,3999.012195121951,3985.2804878048782,3993.9268292682927,30096.317073170732,interpolated
1002,2024-12-31 00:00:00+00:00,3988.0853658536585,3999.5243902439024,3984.560975609756,3993.8536585365855,34550.634146341465,interpolated
1003,2024-12-31 02:00:00+00:00,3988.878048780488,4000.0365853658536,3983.8414634146343,3993.7804878048782,39004.95121951219,interpolated
1004,2024-12-31 04:00:00+00:00,3989.670731707317,4000.548780487805,3983.121951219512,3993.7073170731705,43459.26829268293,interpolated
1005,2024-12-31 06:00:00+00:00,3990.4634146341464,4001.060975609756,3982.4024390243903,3993.6341463414633,47913.58536585366,interpolated
1006,2024-12-31 08:00:00+00:00,3991.256097560976,4001.5731707317073,3981.682926829268,3993.560975609756,52367.90243902439,interpolated
1007,2024-12-31 10:00:00+00:00,3992.048780487805,4002.0853658536585,3980.9634146341464,3993.487804878049,56822.21951219512,interpolated
1008,2024-12-31 12:00:00+00:00,3992.8414634146343,4002.5975609756097,3980.243902439024,3993.4146341463415,61276.53658536585,interpolated
1009,2024-12-31 14:00:00+00:00,3993.6341463414633,4003.109756097561,3979.5243902439024,3993.3414634146343,65730.8536585366,interpolated
1010,2024-12-31 16:00:00+00:00,3994.4268292682927,4003.621951219512,3978.8048780487807,3993.268292682927,70185.17073170732,interpolated
1011,2024-12-31 18:00:00+00:00,3995.2195121951218,4004.1341463414633,3978.0853658536585,3993.1951219512193,74639.48780487805,interpolated
1012,2024-12-31 20:00:00+00:00,3996.012195121951,4004.6463414634145,3977.3658536585367,3993.121951219512,79093.80487804877,interpolated
1013,2024-12-31 22:00:00+00:00,3996.8048780487807,4005.1585365853657,3976.6463414634145,3993.048780487805,83548.12195121951,interpolated
1014,2025-01-01 00:00:00+00:00,3997.5975609756097,4005.670731707317,3975.9268292682927,3992.9756097560976,88002.43902439025,interpolated
1015,2025-01-01 02:00:00+00:00,3998.390243902439,4006.182926829268,3975.2073170731705,3992.9024390243903,92456.75609756098,interpolated
1016,2025-01-01 04:00:00+00:00,3999.182926829268,4006.6951219512193,3974.487804878049,3992.829268292683,96911.0731707317,interpolated
1017,2025-01-01 06:00:00+00:00,3999.9756097560976,4007.2073170731705,3973.768292682927,3992.756097560976,101365.39024390244,interpolated
1018,2025-01-01 08:00:00+00:00,4000.768292682927,4007.7195121951218,3973.048780487805,3992.682926829268,105819.70731707317,interpolated
1019,2025-01-01 10:00:00+00:00,4001.560975609756,4008.231707317073,3972.329268292683,3992.609756097561,110274.0243902439,interpolated
1020,2025-01-01 12:00:00+00:00,4002.3536585365855,4008.743902439024,3971.609756097561,3992.5365853658536,114728.34146341463,interpolated
1021,2025-01-01 14:00:00+00:00,4003.1463414634145,4009.256097560976,3970.890243902439,3992.4634146341464,119182.65853658537,interpolated
1022,2025-01-01 16:00:00+00:00,4003.939024390244,4009.768292682927,3970.170731707317,3992.390243902439,123636.9756097561,interpolated
1023,2025-01-01 18:00:00+00:00,4004.731707317073,4010.2804878048782,3969.451219512195,3992.317073170732,128091.29268292683,interpolated
1024,2025-01-01 20:00:00+00:00,4005.5243902439024,4010.7926829268295,3968.731707317073,3992.243902439024,132545.60975609755,interpolated
1025,2025-01-01 22:00:00+00:00,4006.317073170732,4011.3048780487807,3968.012195121951,3992.170731707317,136999.92682926828,interpolated
1026,2025-01-02 00:00:00+00:00,4007.109756097561,4011.817073170732,3967.2926829268295,3992.0975609756097,141454.24390243902,interpolated
1027,2025-01-02 02:00:00+00:00,4007.9024390243903,4012.329268292683,3966.5731707317073,3992.0243902439024,145908.56097560975,interpolated
1028,2025-01-02 04:00:00+00:00,4008.6951219512193,4012.8414634146343,3965.8536585365855,3991.951219512195,150362.8780487805,interpolated
1029,2025-01-02 06:00:00+00:00,4009.487804878049,4013.3536585365855,3965.1341463414633,3991.878048780488,154817.19512195123,interpolated
1030,2025-01-02 08:00:00+00:00,4010.2804878048782,4013.8658536585367,3964.4146341463415,3991.8048780487807,159271.51219512196,interpolated
1031,2025-01-02 10:00:00+00:00,4011.0731707317073,4014.378048780488,3963.6951219512193,3991.731707317073,163725.82926829267,interpolated
1032,2025-01-02 12:00:00+00:00,4011.8658536585367,4014.890243902439,3962.9756097560976,3991.6585365853657,168180.1463414634,interpolated
1033,2025-01-02 14:00:00+00:00,4012.6585365853657,4015.4024390243903,3962.256097560976,3991.5853658536585,172634.46341463414,interpolated
1034,2025-01-02 16:00:00+00:00,4013.451219512195,4015.9146341463415,3961.5365853658536,3991.512195121951,177088.78048780488,interpolated
1035,2025-01-02 18:00:00+00:00,4014.243902439024,4016.4268292682927,3960.817073170732,3991.439024390244,181543.0975609756,interpolated
1036,2025-01-02 20:00:00+00:00,4015.0365853658536,4016.939024390244,3960.0975609756097,3991.3658536585367,185997.41463414635,interpolated
1037,2025-01-02 22:00:00+00:00,4015.829268292683,4017.451219512195,3959.378048780488,3991.2926829268295,190451.73170731709,interpolated
1038,2025-01-03 00:00:00+00:00,4016.621951219512,4017.9634146341464,3958.6585365853657,3991.2195121951218,194906.0487804878,interpolated
1039,2025-01-03 02:00:00+00:00,4017.4146341463415,4018.4756097560976,3957.939024390244,3991.1463414634145,199360.36585365853,interpolated
1040,2025-01-03 04:00:00+00:00,4018.2073170731705,4018.987804878049,3957.2195121951218,3991.0731707317073,203814.68292682926,interpolated
1041,2025-01-03 06:00:00+00:00,4019.0,4019.5,3956.5,3991.0,208269.0,present
1042,2025-01-03 08:00:00+00:00,3989.0,4027.5,3902.0,3922.652938296931,314863.0,present
1043,2025-01-03 10:00:00+00:00,3906.5,3916.0,3863.0,3900.5,187054.0,present
1044,2025-01-03 12:00:00+00:00,3901.0,3911.0,3870.0,3901.0,101873.0,present
1045,2025-01-03 14:00:00+00:00,3901.0,3913.0,3886.5,3894.0,37456.0,present
1046,2025-01-03 16:00:00+00:00,3894.0,3896.0,3875.0,3882.0,27334.0,present
1047,2025-01-03 18:00:00+00:00,3881.5,3896.0,3880.0,3882.0,15239.0,present
1048,2025-01-03 20:00:00+00:00,3883.0,3884.5,3865.5,3872.5,13985.0,present
1049,2025-01-03 22:00:00+00:00,3881.8275862068967,3883.9827586206898,3863.0689655172414,3872.155172413793,20567.93103448276,interpolated
1050,2025-01-04 00:00:00+00:00,3880.655172413793,3883.4655172413795,3860.637931034483,3871.810344827586,27150.862068965518,interpolated
1051,2025-01-04 02:00:00+00:00,3879.4827586206898,3882.948275862069,3858.206896551724,3871.4655172413795,33733.793103448275,interpolated
1052,2025-01-04 04:00:00+00:00,3878.310344827586,3882.4310344827586,3855.7758620689656,3871.1206896551726,40316.724137931036,interpolated
1053,2025-01-04 06:00:00+00:00,3877.137931034483,3881.9137931034484,3853.344827586207,3870.7758620689656,46899.6551724138,interpolated
1054,2025-01-04 08:00:00+00:00,3875.9655172413795,3881.396551724138,3850.9137931034484,3870.4310344827586,53482.58620689655,interpolated
1055,2025-01-04 10:00:00+00:00,3874.793103448276,3880.8793103448274,3848.4827586206898,3870.0862068965516,60065.51724137931,interpolated
1056,2025-01-04 12:00:00+00:00,3873.6206896551726,3880.362068965517,3846.051724137931,3869.7413793103447,66648.44827586207,interpolated
1057,2025-01-04 14:00:00+00:00,3872.448275862069,3879.844827586207,3843.6206896551726,3869.396551724138,73231.37931034483,interpolated
1058,2025-01-04 16:00:00+00:00,3871.2758620689656,3879.3275862068967,3841.189655172414,3869.051724137931,79814.3103448276,interpolated
1059,2025-01-04 18:00:00+00:00,3870.103448275862,3878.810344827586,3838.7586206896553,3868.706896551724,86397.24137931035,interpolated
1060,2025-01-04 20:00:00+00:00,3868.9310344827586,3878.293103448276,3836.3275862068967,3868.362068965517,92980.1724137931,interpolated
1061,2025-01-04 22:00:00+00:00,3867.7586206896553,3877.7758620689656,3833.896551724138,3868.0172413793102,99563.10344827587,interpolated
1062,2025-01-05 00:00:00+00:00,3866.5862068965516,3877.2586206896553,3831.4655172413795,3867.6724137931033,106146.03448275862,interpolated
1063,2025-01-05 02:00:00+00:00,3865.4137931034484,3876.7413793103447,3829.0344827586205,3867.3275862068967,112728.96551724138,interpolated
1064,2025-01-05 04:00:00+00:00,3864.2413793103447,3876.2241379310344,3826.603448275862,3866.9827586206898,119311.89655172414,interpolated
1065,2025-01-05 06:00:00+00:00,3863.0689655172414,3875.706896551724,3824.1724137931033,3866.637931034483,125894.8275862069,interpolated
1066,2025-01-05 08:00:00+00:00,3861.896551724138,3875.189655172414,3821.7413793103447,3866.293103448276,132477.75862068965,interpolated
1067,2025-01-05 10:00:00+00:00,3860.7241379310344,3874.6724137931033,3819.310344827586,3865.948275862069,139060.6896551724,interpolated
1068,2025-01-05 12:00:00+00:00,3859.551724137931,3874.155172413793,3816.8793103448274,3865.603448275862,145643.6206896552,interpolated
1069,2025-01-05 14:00:00+00:00,3858.3793103448274,3873.637931034483,3814.448275862069,3865.2586206896553,152226.55172413794,interpolated
1070,2025-01-05 16:00:00+00:00,3857.206896551724,3873.1206896551726,3812.0172413793102,3864.9137931034484,158809.4827586207,interpolated
1071,2025-01-05 18:00:00+00:00,3856.0344827586205,3872.603448275862,3809.5862068965516,3864.5689655172414,165392.41379310345,interpolated
1072,2025-01-05 20:00:00+00:00,3854.862068965517,3872.0862068965516,3807.155172413793,3864.2241379310344,171975.3448275862,interpolated
1073,2025-01-05 22:00:00+00:00,3853.689655172414,3871.5689655172414,3804.7241379310344,3863.8793103448274,178558.27586206896,interpolated
1074,2025-01-06 00:00:00+00:00,3852.5172413793102,3871.051724137931,3802.293103448276,3863.5344827586205,185141.20689655174,interpolated
1075,2025-01-06 02:00:00+00:00,3851.344827586207,3870.5344827586205,3799.862068965517,3863.189655172414,191724.1379310345,interpolated
1076,2025-01-06 04:00:00+00:00,3850.1724137931033,3870.0172413793102,3797.4310344827586,3862.844827586207,198307.06896551725,interpolated
1077,2025-01-06 06:00:00+00:00,3849.0,3869.5,3795.0,3862.5,204890.0,present
1078,2025-01-06 08:00:00+00:00,3862.5,3879.5,3838.5,3846.5,80899.0,present
1079,2025-01-06 10:00:00+00:00,3846.5,3859.5,3837.0,3852.0,27909.0,present
1080,2025-01-06 12:00:00+00:00,3852.0,3865.0,3851.0,3864.5,14883.0,present
1081,2025-01-06 14:00:00+00:00,3865.0,3889.5,3862.5,3886.0,35297.0,present
1082,2025-01-06 16:00:00+00:00,3885.5,3887.0,3876.0,3878.0,18315.0,present
1083,2025-01-06 18:00:00+00:00,3877.5,3885.5,3875.5,3883.0,10622.0,present
1084,2025-01-06 20:00:00+00:00,3882.5,3894.5,3882.5,3891.5,10939.0,present
1085,2025-01-06 22:00:00+00:00,3883.029411764706,3895.9117647058824,3881.794117647059,3891.9411764705883,14198.29411764706,interpolated
1086,2025-01-07 00:00:00+00:00,3883.5588235294117,3897.323529411765,3881.0882352941176,3892.3823529411766,17457.58823529412,interpolated
1087,2025-01-07 02:00:00+00:00,3884.0882352941176,3898.735294117647,3880.3823529411766,3892.823529411765,20716.882352941175,interpolated
1088,2025-01-07 04:00:00+00:00,3884.6176470588234,3900.1470588235293,3879.676470588235,3893.264705882353,23976.176470588234,interpolated
1089,2025-01-07 06:00:00+00:00,3885.1470588235293,3901.5588235294117,3878.970588235294,3893.705882352941,27235.470588235294,interpolated
1090,2025-01-07 08:00:00+00:00,3885.676470588235,3902.970588235294,3878.264705882353,3894.1470588235293,30494.764705882353,interpolated
1091,2025-01-07 10:00:00+00:00,3886.205882352941,3904.3823529411766,3877.5588235294117,3894.5882352941176,33754.05882352941,interpolated
1092,2025-01-07 12:00:00+00:00,3886.735294117647,3905.794117647059,3876.8529411764707,3895.029411764706,37013.35294117647,interpolated
1093,2025-01-07 14:00:00+00:00,3887.264705882353,3907.205882352941,3876.1470588235293,3895.470588235294,40272.647058823524,interpolated
1094,2025-01-07 16:00:00+00:00,3887.794117647059,3908.6176470588234,3875.4411764705883,3895.9117647058824,43531.94117647059,interpolated
1095,2025-01-07 18:00:00+00:00,3888.323529411765,3910.029411764706,3874.735294117647,3896.3529411764707,46791.23529411764,interpolated
1096,2025-01-07 20:00:00+00:00,3888.8529411764707,3911.4411764705883,3874.029411764706,3896.794117647059,50050.529411764706,interpolated
1097,2025-01-07 22:00:00+00:00,3889.3823529411766,3912.8529411764707,3873.323529411765,3897.235294117647,53309.82352941176,interpolated
1098,2025-01-08 00:00:00+00:00,3889.9117647058824,3914.264705882353,3872.6176470588234,3897.676470588235,56569.11764705882,interpolated
1099,2025-01-08 02:00:00+00:00,3890.4411764705883,3915.676470588235,3871.9117647058824,3898.1176470588234,59828.41176470588,interpolated
1100,2025-01-08 04:00:00+00:00,3890.970588235294,3917.0882352941176,3871.205882352941,3898.5588235294117,63087.70588235294,interpolated
1101,2025-01-08 06:00:00+00:00,3891.5,3918.5,3870.5,3899.0,66347.0,present
1102,2025-01-08 08:00:00+00:00,3899.0,3910.0,3888.5,3906.0,36213.0,present
1103,2025-01-08 10:00:00+00:00,3909.0,3919.5,3906.0,3917.0,39574.0,present
1104,2025-01-08 12:00:00+00:00,3917.0,3934.0,3915.5,3933.0,64438.0,present
1105,2025-01-08 14:00:00+00:00,3932.5,3933.5,3911.0,3912.5,51071.0,present
1106,2025-01-08 16:00:00+00:00,3919.0,3926.0,3910.5,3919.5,16845.0,present
1107,2025-01-08 18:00:00+00:00,3919.5,3931.0,3917.0,3926.5,11394.0,present
1108,2025-01-08 20:00:00+00:00,3926.5,3930.0,3919.5,3926.0,6832.0,present
1109,2025-01-08 22:00:00+00:00,3929.6,3932.4,3910.0,3916.5,25163.8,interpolated
1110,2025-01-09 00:00:00+00:00,3932.7,3934.8,3900.5,3907.0,43495.6,interpolated
1111,2025-01-09 02:00:00+00:00,3935.8,3937.2,3891.0,3897.5,61827.4,interpolated
1112,2025-01-09 04:00:00+00:00,3938.9,3939.6,3881.5,3888.0,80159.2,interpolated
1113,2025-01-09 06:00:00+00:00,3942.0,3942.0,3872.0,3878.5,98491.0,present
1114,2025-01-09 08:00:00+00:00,3879.0,3899.5,3841.5,3870.5,148862.0,present
1115,2025-01-09 10:00:00+00:00,3869.0,3878.0,3834.5,3840.0,87488.0,present
1116,2025-01-09 12:00:00+00:00,3840.0,3862.0,3815.0,3847.0,121973.0,present
1117,2025-01-09 14:00:00+00:00,3847.5,3849.0,3820.0,3822.0,48951.0,present
1118,2025-01-09 16:00:00+00:00,3823.0,3830.5,3813.5,3816.5,29959.0,present
1119,2025-01-09 18:00:00+00:00,3816.5,3816.5,3800.0,3809.0,42172.0,present
1120,2025-01-09 20:00:00+00:00,3808.5,3816.0,3805.5,3811.5,14023.0,present
1121,2025-01-09 22:00:00+00:00,3813.8,3823.9,3810.2,3815.8,29140.6,interpolated
1122,2025-01-10 00:00:00+00:00,3819.1,3831.8,3814.9,3820.1,44258.2,interpolated
1123,2025-01-10 02:00:00+00:00,3824.4,3839.7,3819.6,3824.4,59375.8,interpolated
1124,2025-01-10 04:00:00+00:00,3829.7,3847.6,3824.3,3828.7,74493.4,interpolated
1125,2025-01-10 06:00:00+00:00,3835.0,3855.5,3829.0,3833.0,89611.0,present
1126,2025-01-10 08:00:00+00:00,3833.0,3846.0,3801.0,3803.5,112172.0,present
1127,2025-01-10 10:00:00+00:00,3804.0,3887.0,3803.5,3869.7709786659047,265887.0,present
1128,2025-01-10 12:00:00+00:00,3870.0,3932.5,3870.0,3906.0,222991.0,present
1129,2025-01-10 14:00:00+00:00,3906.5,3950.0,3906.5,3928.0,166200.0,present
1130,2025-01-10 16:00:00+00:00,3928.0,3940.0,3912.0,3923.0,49216.0,present
1131,2025-01-10 18:00:00+00:00,3922.0,3934.0,3912.0,3930.5,31755.0,present
1132,2025-01-10 20:00:00+00:00,3930.5,3935.0,3928.0,3934.0,15848.0,present
1133,2025-01-10 22:00:00+00:00,3931.2586206896553,3938.603448275862,3928.8275862068967,3936.0344827586205,26727.310344827587,interpolated
1134,2025-01-11 00:00:00+00:00,3932.0172413793102,3942.206896551724,3929.655172413793,3938.0689655172414,37606.620689655174,interpolated
1135,2025-01-11 02:00:00+00:00,3932.7758620689656,3945.810344827586,3930.4827586206898,3940.103448275862,48485.93103448276,interpolated
1136,2025-01-11 04:00:00+00:00,3933.5344827586205,3949.4137931034484,3931.310344827586,3942.137931034483,59365.24137931035,interpolated
1137,2025-01-11 06:00:00+00:00,3934.293103448276,3953.0172413793102,3932.137931034483,3944.1724137931033,70244.55172413794,interpolated
1138,2025-01-11 08:00:00+00:00,3935.051724137931,3956.6206896551726,3932.9655172413795,3946.206896551724,81123.86206896552,interpolated
1139,2025-01-11 10:00:00+00:00,3935.810344827586,3960.2241379310344,3933.793103448276,3948.2413793103447,92003.1724137931,interpolated
1140,2025-01-11 12:00:00+00:00,3936.5689655172414,3963.8275862068967,3934.6206896551726,3950.2758620689656,102882.4827586207,interpolated
1141,2025-01-11 14:00:00+00:00,3937.3275862068967,3967.4310344827586,3935.448275862069,3952.310344827586,113761.79310344828,interpolated
1142,2025-01-11 16:00:00+00:00,3938.0862068965516,3971.0344827586205,3936.2758620689656,3954.344827586207,124641.10344827587,interpolated
1143,2025-01-11 18:00:00+00:00,3938.844827586207,3974.637931034483,3937.103448275862,3956.3793103448274,135520.41379310345,interpolated
1144,2025-01-11 20:00:00+00:00,3939.603448275862,3978.2413793103447,3937.9310344827586,3958.4137931034484,146399.72413793104,interpolated
1145,2025-01-11 22:00:00+00:00,3940.362068965517,3981.844827586207,3938.7586206896553,3960.448275862069,157279.0344827586,interpolated
1146,2025-01-12 00:00:00+00:00,3941.1206896551726,3985.448275862069,3939.5862068965516,3962.4827586206898,168158.3448275862,interpolated
1147,2025-01-12 02:00:00+00:00,3941.8793103448274,3989.051724137931,3940.4137931034484,3964.5172413793102,179037.6551724138,interpolated
1148,2025-01-12 04:00:00+00:00,3942.637931034483,3992.655172413793,3941.2413793103447,3966.551724137931,189916.9655172414,interpolated
1149,2025-01-12 06:00:00+00:00,3943.396551724138,3996.2586206896553,3942.0689655172414,3968.5862068965516,200796.27586206896,interpolated
1150,2025-01-12 08:00:00+00:00,3944.155172413793,3999.862068965517,3942.896551724138,3970.6206896551726,211675.58620689655,interpolated
1151,2025-01-12 10:00:00+00:00,3944.9137931034484,4003.4655172413795,3943.7241379310344,3972.655172413793,222554.89655172414,interpolated
1152,2025-01-12 12:00:00+00:00,3945.6724137931033,4007.0689655172414,3944.551724137931,3974.689655172414,233434.20689655174,interpolated
1153,2025-01-12 14:00:00+00:00,3946.4310344827586,4010.6724137931033,3945.3793103448274,3976.7241379310344,244313.5172413793,interpolated
1154,2025-01-12 16:00:00+00:00,3947.189655172414,4014.2758620689656,3946.206896551724,3978.7586206896553,255192.8275862069,interpolated
1155,2025-01-12 18:00:00+00:00,3947.948275862069,4017.8793103448274,3947.0344827586205,3980.793103448276,266072.1379310345,interpolated
1156,2025-01-12 20:00:00+00:00,3948.706896551724,4021.4827586206898,3947.862068965517,3982.8275862068967,276951.4482758621,interpolated
1157,2025-01-12 22:00:00+00:00,3949.4655172413795,4025.0862068965516,3948.689655172414,3984.862068965517,287830.7586206897,interpolated
1158,2025-01-13 00:00:00+00:00,3950.2241379310344,4028.689655172414,3949.5172413793102,3986.896551724138,298710.0689655172,interpolated
1159,2025-01-13 02:00:00+00:00,3950.9827586206898,4032.293103448276,3950.344827586207,3988.9310344827586,309589.3793103448,interpolated
1160,2025-01-13 04:00:00+00:00,3951.7413793103447,4035.896551724138,3951.1724137931033,3990.9655172413795,320468.6896551724,interpolated
1161,2025-01-13 06:00:00+00:00,3952.5,4039.5,3952.0,3993.0,331348.0,present
1162,2025-01-13 08:00:00+00:00,3993.5,4080.5,3990.0,4062.5727666131083,349852.0,present
1163,2025-01-13 10:00:00+00:00,4070.5,4070.5,4001.0,4021.5,244861.0,present
1164,2025-01-13 12:00:00+00:00,4021.0,4033.0,3980.0,4021.0,140374.0,present
1165,2025-01-13 14:00:00+00:00,4020.5,4078.5,4010.5,4060.0,150354.0,present
1166,2025-01-13 16:00:00+00:00,4060.0,4060.0,4011.5,4014.5,50328.0,present
1167,2025-01-13 18:00:00+00:00,4014.0,4014.5,3970.0,4005.0,82049.0,present
1168,2025-01-13 20:00:00+00:00,4005.0,4029.0,3994.0,4014.0,23523.0,present
1169,2025-01-13 22:00:00+00:00,4006.6,4028.8,3991.2,4009.9,36508.0,interpolated
1170,2025-01-14 00:00:00+00:00,4008.2,4028.6,3988.4,4005.8,49493.0,interpolated
1171,2025-01-14 02:00:00+00:00,4009.8,4028.4,3985.6,4001.7,62478.0,interpolated
1172,2025-01-14 04:00:00+00:00,4011.4,4028.2,3982.8,3997.6,75463.0,interpolated
1173,2025-01-14 06:00:00+00:00,4013.0,4028.0,3980.0,3993.5,88448.0,present
1174,2025-01-14 08:00:00+00:00,3995.5,4058.5,3991.0,4052.5,184676.0,present
1175,2025-01-14 10:00:00+00:00,4052.5,4074.0,4020.5,4023.0,160263.0,present
1176,2025-01-14 12:00:00+00:00,4023.5,4063.0,4021.0,4053.5,123868.0,present
1177,2025-01-14 14:00:00+00:00,4054.0,4085.0,4041.0,4043.0,203475.0,present
1178,2025-01-14 16:00:00+00:00,4049.0,4073.0,4040.5,4063.0,58551.0,present
1179,2025-01-14 18:00:00+00:00,4061.5,4087.5,4059.0,4077.0,60250.0,present
1180,2025-01-14 20:00:00+00:00,4077.5,4089.0,4077.0,4083.5,16301.0,present
1181,2025-01-14 22:00:00+00:00,4080.2,4094.3,4074.6,4082.6,60200.8,interpolated
1182,2025-01-15 00:00:00+00:00,4082.9,4099.6,4072.2,4081.7,104100.6,interpolated
1183,2025-01-15 02:00:00+00:00,4085.6,4104.9,4069.8,4080.8,148000.4,interpolated
1184,2025-01-15 04:00:00+00:00,4088.3,4110.2,4067.4,4079.9,191900.2,interpolated
1185,2025-01-15 06:00:00+00:00,4091.0,4115.5,4065.0,4079.0,235800.0,present
1186,2025-01-15 08:00:00+00:00,4078.5,4087.0,4041.5,4042.5,191474.0,present
1187,2025-01-15 10:00:00+00:00,4043.5,4055.0,4021.5,4029.5,170813.0,present
1188,2025-01-15 12:00:00+00:00,4030.0,4064.0,4023.5,4050.5,81418.0,present
1189,2025-01-15 14:00:00+00:00,4050.5,4055.0,4031.0,4040.0,56462.0,present
1190,2025-01-15 16:00:00+00:00,4060.0,4127.5,4050.0,4102.5,304358.0,present
1191,2025-01-15 18:00:00+00:00,4100.5,4114.0,4093.0,4112.0,64016.0,present
1192,2025-01-15 20:00:00+00:00,4111.5,4115.0,4106.5,4114.5,21453.0,present
1193,2025-01-15 22:00:00+00:00,4113.5,4117.0,4100.4,4111.5,45612.399999999994,interpolated
1194,2025-01-16 00:00:00+00:00,4115.5,4119.0,4094.3,4108.5,69771.79999999999,interpolated
1195,2025-01-16 02:00:00+00:00,4117.5,4121.0,4088.2,4105.5,93931.2,interpolated
1196,2025-01-16 04:00:00+00:00,4119.5,4123.0,4082.1,4102.5,118090.59999999999,interpolated
1197,2025-01-16 06:00:00+00:00,4121.5,4125.0,4076.0,4099.5,142250.0,present
1198,2025-01-16 08:00:00+00:00,4099.5,4118.5,4073.5,4098.5,170168.0,present
1199,2025-01-16 10:00:00+00:00,4100.0,4115.0,4081.5,4114.0,105587.0,present
1200,2025-01-16 12:00:00+00:00,4114.0,4130.0,4060.0,4071.5,344398.0,present
1201,2025-01-16 14:00:00+00:00,4072.0,4079.5,4054.5,4075.0,106015.0,present
1202,2025-01-16 16:00:00+00:00,4076.0,4093.0,4057.0,4063.0,60818.0,present
1203,2025-01-16 18:00:00+00:00,4063.5,4072.0,4056.0,4071.0,25804.0,present
1204,2025-01-16 20:00:00+00:00,4071.0,4079.0,4062.0,4065.5,18537.0,present
1205,2025-01-16 22:00:00+00:00,4070.0,4078.4,4055.6,4067.1,36425.399999999994,interpolated
1206,2025-01-17 00:00:00+00:00,4069.0,4077.8,4049.2,4068.7,54313.799999999996,interpolated
1207,2025-01-17 02:00:00+00:00,4068.0,4077.2,4042.8,4070.3,72202.2,interpolated
1208,2025-01-17 04:00:00+00:00,4067.0,4076.6,4036.4,4071.9,90090.59999999999,interpolated
1209,2025-01-17 06:00:00+00:00,4066.0,4076.0,4030.0,4073.5,107979.0,present
1210,2025-01-17 08:00:00+00:00,4074.0,4108.5,4070.5,4099.5,189431.0,present
1211,2025-01-17 10:00:00+00:00,4099.0,4106.5,4090.0,4101.0,88073.0,present
1212,2025-01-17 12:00:00+00:00,4100.5,4124.0,4087.0,4112.0,151015.0,present
1213,2025-01-17 14:00:00+00:00,4113.0,4116.0,4094.5,4100.0,71525.0,present
1214,2025-01-17 16:00:00+00:00,4100.0,4119.5,4100.0,4103.5,63754.0,present
1215,2025-01-17 18:00:00+00:00,4103.5,4109.5,4098.0,4108.5,26099.0,present
1216,2025-01-17 20:00:00+00:00,4108.5,4114.0,4108.0,4113.0,17168.0,present
1217,2025-01-17 22:00:00+00:00,4109.948275862069,4115.724137931034,4108.4655172413795,4113.568965517241,24411.93103448276,interpolated
1218,2025-01-18 00:00:00+00:00,4111.396551724138,4117.448275862069,4108.931034482759,4114.137931034483,31655.862068965518,interpolated
1219,2025-01-18 02:00:00+00:00,4112.8448275862065,4119.172413793103,4109.396551724138,4114.706896551724,38899.793103448275,interpolated
1220,2025-01-18 04:00:00+00:00,4114.293103448276,4120.896551724138,4109.862068965517,4115.275862068966,46143.724137931036,interpolated
1221,2025-01-18 06:00:00+00:00,4115.741379310345,4122.620689655172,4110.327586206897,4115.8448275862065,53387.6551724138,interpolated
1222,2025-01-18 08:00:00+00:00,4117.189655172414,4124.3448275862065,4110.793103448276,4116.413793103448,60631.58620689655,interpolated
1223,2025-01-18 10:00:00+00:00,4118.637931034483,4126.068965517241,4111.258620689655,4116.982758620689,67875.5172413793,interpolated
1224,2025-01-18 12:00:00+00:00,4120.086206896552,4127.793103448276,4111.724137931034,4117.551724137931,75119.44827586207,interpolated
1225,2025-01-18 14:00:00+00:00,4121.5344827586205,4129.517241379311,4112.189655172414,4118.120689655172,82363.37931034483,interpolated
1226,2025-01-18 16:00:00+00:00,4122.982758620689,4131.241379310345,4112.6551724137935,4118.689655172414,89607.3103448276,interpolated
1227,2025-01-18 18:00:00+00:00,4124.431034482759,4132.9655172413795,4113.120689655172,4119.258620689655,96851.24137931035,interpolated
1228,2025-01-18 20:00:00+00:00,4125.879310344828,4134.689655172414,4113.586206896552,4119.827586206897,104095.1724137931,interpolated
1229,2025-01-18 22:00:00+00:00,4127.327586206897,4136.413793103448,4114.051724137931,4120.396551724138,111339.10344827587,interpolated
1230,2025-01-19 00:00:00+00:00,4128.775862068966,4138.137931034483,4114.517241379311,4120.9655172413795,118583.03448275862,interpolated
1231,2025-01-19 02:00:00+00:00,4130.224137931034,4139.862068965517,4114.982758620689,4121.5344827586205,125826.96551724138,interpolated
1232,2025-01-19 04:00:00+00:00,4131.672413793103,4141.586206896552,4115.448275862069,4122.103448275862,133070.89655172414,interpolated
1233,2025-01-19 06:00:00+00:00,4133.120689655172,4143.310344827586,4115.913793103448,4122.672413793103,140314.8275862069,interpolated
1234,2025-01-19 08:00:00+00:00,4134.568965517241,4145.0344827586205,4116.379310344828,4123.241379310345,147558.75862068965,interpolated
1235,2025-01-19 10:00:00+00:00,4136.017241379311,4146.758620689655,4116.8448275862065,4123.810344827586,154802.6896551724,interpolated
1236,2025-01-19 12:00:00+00:00,4137.4655172413795,4148.482758620689,4117.310344827586,4124.379310344828,162046.6206896552,interpolated
1237,2025-01-19 14:00:00+00:00,4138.913793103448,4150.206896551724,4117.775862068966,4124.948275862069,169290.55172413794,interpolated
1238,2025-01-19 16:00:00+00:00,4140.362068965517,4151.931034482759,4118.241379310345,4125.517241379311,176534.4827586207,interpolated
1239,2025-01-19 18:00:00+00:00,4141.810344827586,4153.6551724137935,4118.706896551724,4126.086206896552,183778.41379310345,interpolated
1240,2025-01-19 20:00:00+00:00,4143.258620689655,4155.379310344828,4119.172413793103,4126.6551724137935,191022.3448275862,interpolated
1241,2025-01-19 22:00:00+00:00,4144.706896551724,4157.103448275862,4119.637931034483,4127.224137931034,198266.27586206896,interpolated
1242,2025-01-20 00:00:00+00:00,4146.1551724137935,4158.827586206897,4120.103448275862,4127.793103448276,205510.20689655174,interpolated
1243,2025-01-20 02:00:00+00:00,4147.603448275862,4160.551724137931,4120.568965517241,4128.362068965517,212754.1379310345,interpolated
1244,2025-01-20 04:00:00+00:00,4149.051724137931,4162.275862068966,4121.0344827586205,4128.931034482759,219998.06896551725,interpolated
1245,2025-01-20 06:00:00+00:00,4150.5,4164.0,4121.5,4129.5,227242.0,present
1246,2025-01-20 08:00:00+00:00,4128.0,4135.0,4071.0,4078.0,262615.0,present
1247,2025-01-20 10:00:00+00:00,4078.0,4108.0,4054.0,4098.5,151321.0,present
1248,2025-01-20 12:00:00+00:00,4098.5,4135.0,4088.0,4120.0,140059.0,present
1249,2025-01-20 14:00:00+00:00,4120.5,4124.0,4061.5,4087.0,111882.0,present
1250,2025-01-20 16:00:00+00:00,4087.0,4108.5,4065.5,4070.0,47415.0,present
1251,2025-01-20 18:00:00+00:00,4070.0,4074.5,4023.5,4029.5,106398.0,present
1252,2025-01-20 20:00:00+00:00,4029.5,4030.0,4014.0,4020.0,31162.0,present
1253,2025-01-20 22:00:00+00:00,4030.6,4038.1,4015.0,4028.4,55627.8,interpolated
1254,2025-01-21 00:00:00+00:00,4031.7,4046.2,4016.0,4036.8,80093.6,interpolated
1255,2025-01-21 02:00:00+00:00,4032.8,4054.3,4017.0,4045.2,104559.4,interpolated
1256,2025-01-21 04:00:00+00:00,4033.9,4062.4,4018.0,4053.6,129025.2,interpolated
1257,2025-01-21 06:00:00+00:00,4035.0,4070.5,4019.0,4062.0,153491.0,present
1258,2025-01-21 08:00:00+00:00,4062.0,4064.5,4020.0,4022.0,120340.0,present
1259,2025-01-21 10:00:00+00:00,4022.0,4040.0,3958.5,3967.0,207430.0,present
1260,2025-01-21 12:00:00+00:00,3968.5,4017.5,3964.5,4011.5,111591.0,present
1261,2025-01-21 14:00:00+00:00,4011.5,4080.0,4003.0,4080.0,160294.0,present
1262,2025-01-21 16:00:00+00:00,4079.0,4079.5,4052.0,4062.0,47639.0,present
1263,2025-01-21 18:00:00+00:00,4062.5,4069.5,4050.0,4063.5,21217.0,present
1264,2025-01-21 20:00:00+00:00,4064.0,4071.5,4064.0,4070.0,16239.0,present
1265,2025-01-21 22:00:00+00:00,4066.3,4073.8,4058.5,4065.7,37995.399999999994,interpolated
1266,2025-01-22 00:00:00+00:00,4068.6,4076.1,4053.0,4061.4,59751.799999999996,interpolated
1267,2025-01-22 02:00:00+00:00,4070.9,4078.4,4047.5,4057.1,81508.2,interpolated
1268,2025-01-22 04:00:00+00:00,4073.2,4080.7,4042.0,4052.8,103264.59999999999,interpolated
1269,2025-01-22 06:00:00+00:00,4075.5,4083.0,4036.5,4048.5,125021.0,present
1270,2025-01-22 08:00:00+00:00,4049.0,4079.0,4045.5,4076.0,95252.0,present
1271,2025-01-22 10:00:00+00:00,4076.0,4086.5,4061.0,4070.0,99014.0,present
1272,2025-01-22 12:00:00+00:00,4070.5,4074.5,4028.0,4049.5,92225.0,present
1273,2025-01-22 14:00:00+00:00,4049.5,4090.0,4044.5,4087.5,123762.0,present
1274,2025-01-22 16:00:00+00:00,4090.0,4095.5,4016.0,4043.0,164000.0,present
1275,2025-01-22 18:00:00+00:00,4043.0,4044.0,4035.0,4040.5,13316.0,present
1276,2025-01-22 20:00:00+00:00,4040.5,4042.5,4030.0,4037.5,9581.0,present
1277,2025-01-22 22:00:00+00:00,4040.4,4042.6,4025.3,4038.5,29021.6,interpolated
1278,2025-01-23 00:00:00+00:00,4040.3,4042.7,4020.6,4039.5,48462.2,interpolated
1279,2025-01-23 02:00:00+00:00,4040.2,4042.8,4015.9,4040.5,67902.8,interpolated
1280,2025-01-23 04:00:00+00:00,4040.1,4042.9,4011.2,4041.5,87343.4,interpolated
1281,2025-01-23 06:00:00+00:00,4040.0,4043.0,4006.5,4042.5,106784.0,present
1282,2025-01-23 08:00:00+00:00,4042.5,4044.5,3981.0,3995.5,147846.0,present
1283,2025-01-23 10:00:00+00:00,3995.5,4020.0,3991.0,4020.0,95087.0,present
1284,2025-01-23 12:00:00+00:00,4019.5,4027.5,3994.5,4023.0,67733.0,present
1285,2025-01-23 14:00:00+00:00,4023.0,4024.5,3991.0,4020.0,51884.0,present
1286,2025-01-23 16:00:00+00:00,4018.0,4030.5,3995.0,4015.5,54591.0,present
1287,2025-01-23 18:00:00+00:00,4015.0,4031.5,4005.5,4030.0,33821.0,present
1288,2025-01-23 20:00:00+00:00,4029.0,4050.0,4024.5,4050.0,27553.0,present
1289,2025-01-23 22:00:00+00:00,4033.6,4050.8,4025.8,4048.9,34404.2,interpolated
1290,2025-01-24 00:00:00+00:00,4038.2,4051.6,4027.1,4047.8,41255.4,interpolated
1291,2025-01-24 02:00:00+00:00,4042.8,4052.4,4028.4,4046.7,48106.6,interpolated
1292,2025-01-24 04:00:00+00:00,4047.4,4053.2,4029.7,4045.6,54957.8,interpolated
1293,2025-01-24 06:00:00+00:00,4052.0,4054.0,4031.0,4044.5,61809.0,present
1294,2025-01-24 08:00:00+00:00,4045.0,4060.0,4039.5,4048.0,63431.0,present
1295,2025-01-24 10:00:00+00:00,4048.0,4055.0,4040.0,4053.5,59363.0,present
1296,2025-01-24 12:00:00+00:00,4054.0,4055.0,3997.0,4000.0,89423.0,present
1297,2025-01-24 14:00:00+00:00,3998.5,4030.0,3996.0,4023.5,66404.0,present
1298,2025-01-24 16:00:00+00:00,4023.5,4032.5,4012.0,4024.0,27173.0,present
1299,2025-01-24 18:00:00+00:00,4024.0,4040.0,4022.0,4039.0,20016.0,present
1300,2025-01-24 20:00:00+00:00,4039.0,4039.5,4032.5,4037.0,8621.0,present
1301,2025-01-24 22:00:00+00:00,4038.8518518518517,4039.3333333333335,4032.5925925925926,4036.925925925926,8307.777777777777,interpolated
1302,2025-01-25 00:00:00+00:00,4038.703703703704,4039.1666666666665,4032.685185185185,4036.8518518518517,7994.555555555556,interpolated
1303,2025-01-25 02:00:00+00:00,4038.5555555555557,4039.0,4032.777777777778,4036.777777777778,7681.333333333333,interpolated
1304,2025-01-25 04:00:00+00:00,4038.4074074074074,4038.8333333333335,4032.8703703703704,4036.703703703704,7368.111111111111,interpolated
1305,2025-01-25 06:00:00+00:00,4038.259259259259,4038.6666666666665,4032.962962962963,4036.6296296296296,7054.888888888889,interpolated
1306,2025-01-25 08:00:00+00:00,4038.1111111111113,4038.5,4033.0555555555557,4036.5555555555557,6741.666666666666,interpolated
1307,2025-01-25 10:00:00+00:00,4037.962962962963,4038.3333333333335,4033.1481481481483,4036.4814814814813,6428.444444444444,interpolated
1308,2025-01-25 12:00:00+00:00,4037.814814814815,4038.1666666666665,4033.240740740741,4036.4074074074074,6115.222222222223,interpolated
1309,2025-01-25 14:00:00+00:00,4037.6666666666665,4038.0,4033.3333333333335,4036.3333333333335,5802.0,interpolated
1310,2025-01-25 16:00:00+00:00,4037.5185185185187,4037.8333333333335,4033.425925925926,4036.259259259259,5488.777777777777,interpolated
1311,2025-01-25 18:00:00+00:00,4037.3703703703704,4037.6666666666665,4033.5185185185187,4036.185185185185,5175.555555555555,interpolated
1312,2025-01-25 20:00:00+00:00,4037.222222222222,4037.5,4033.6111111111113,4036.1111111111113,4862.333333333333,interpolated
1313,2025-01-25 22:00:00+00:00,4037.074074074074,4037.3333333333335,4033.703703703704,4036.037037037037,4549.111111111111,interpolated
1314,2025-01-26 00:00:00+00:00,4036.925925925926,4037.1666666666665,4033.796296296296,4035.962962962963,4235.888888888889,interpolated
1315,2025-01-26 02:00:00+00:00,4036.777777777778,4037.0,4033.8888888888887,4035.8888888888887,3922.666666666666,interpolated
1316,2025-01-26 04:00:00+00:00,4036.6296296296296,4036.8333333333335,4033.9814814814813,4035.814814814815,3609.4444444444443,interpolated
1317,2025-01-26 06:00:00+00:00,4036.4814814814813,4036.6666666666665,4034.074074074074,4035.740740740741,3296.2222222222217,interpolated
1318,2025-01-26 08:00:00+00:00,4036.3333333333335,4036.5,4034.1666666666665,4035.6666666666665,2983.0,interpolated
1319,2025-01-26 10:00:00+00:00,4036.185185185185,4036.3333333333335,4034.259259259259,4035.5925925925926,2669.7777777777774,interpolated
1320,2025-01-26 12:00:00+00:00,4036.037037037037,4036.1666666666665,4034.3518518518517,4035.5185185185187,2356.5555555555547,interpolated
1321,2025-01-26 14:00:00+00:00,4035.8888888888887,4036.0,4034.4444444444443,4035.4444444444443,2043.333333333333,interpolated
1322,2025-01-26 16:00:00+00:00,4035.740740740741,4035.8333333333335,4034.537037037037,4035.3703703703704,1730.1111111111104,interpolated
1323,2025-01-26 18:00:00+00:00,4035.5925925925926,4035.6666666666665,4034.6296296296296,4035.296296296296,1416.8888888888887,interpolated
1324,2025-01-26 20:00:00+00:00,4035.4444444444443,4035.5,4034.722222222222,4035.222222222222,1103.666666666666,interpolated
1325,2025-01-26 22:00:00+00:00,4035.296296296296,4035.3333333333335,4034.814814814815,4035.1481481481483,790.4444444444443,interpolated
1326,2025-01-27 00:00:00+00:00,4035.1481481481483,4035.1666666666665,4034.9074074074074,4035.074074074074,477.2222222222217,interpolated
1327,2025-01-27 02:00:00+00:00,4035.0,4035.0,4035.0,4035.0,164.0,present
1328,2025-01-27 04:00:00+00:00,4035.0,4035.0,4020.0,4030.0,6576.0,present
1329,2025-01-27 06:00:00+00:00,4030.0,4030.0,3997.5,4006.0,61684.0,present
1330,2025-01-27 08:00:00+00:00,4005.5,4009.0,3981.5,4002.0,85244.0,present
1331,2025-01-27 10:00:00+00:00,4001.5,4009.0,3991.5,3999.0,40339.0,present
1332,2025-01-27 12:00:00+00:00,3998.5,4014.5,3965.0,3970.0,67420.0,present
1333,2025-01-27 14:00:00+00:00,3970.5,3989.5,3960.5,3966.0,85502.0,present
1334,2025-01-27 16:00:00+00:00,3966.0,3966.5,3951.0,3951.5,43987.0,present
1335,2025-01-27 18:00:00+00:00,3951.5,3959.0,3950.0,3954.5,40037.0,present
1336,2025-01-27 20:00:00+00:00,3954.5,3958.5,3940.5,3945.0,24901.0,present
1337,2025-01-27 22:00:00+00:00,3950.3333333333335,3953.0,3941.0,3944.0,16622.333333333336,interpolated
1338,2025-01-28 00:00:00+00:00,3946.1666666666665,3947.5,3941.5,3943.0,8343.666666666668,interpolated
1339,2025-01-28 02:00:00+00:00,3942.0,3942.0,3942.0,3942.0,65.0,present
1340,2025-01-28 04:00:00+00:00,3942.0,3957.5,3931.5,3944.0,27055.0,present
1341,2025-01-28 06:00:00+00:00,3944.0,3995.0,3943.0,3964.0,102385.0,present
1342,2025-01-28 08:00:00+00:00,3962.0,3978.5,3923.5,3927.5,120823.0,present
1343,2025-01-28 10:00:00+00:00,3927.5,4004.0,3927.5,3982.5,123357.0,present
1344,2025-01-28 12:00:00+00:00,3982.5,3997.0,3964.5,3987.5,79541.0,present
1345,2025-01-28 14:00:00+00:00,3987.5,4031.0,3979.0,4014.0,128585.0,present
1346,2025-01-28 16:00:00+00:00,4012.0,4030.0,3981.5,4020.5,64959.0,present
1347,2025-01-28 18:00:00+00:00,4020.5,4056.5,4017.0,4037.5,58922.0,present
1348,2025-01-28 20:00:00+00:00,4038.5,4042.5,4036.0,4040.0,8409.0,present
1349,2025-01-28 22:00:00+00:00,4039.0,4041.6666666666665,4037.3333333333335,4040.0,5613.0,interpolated
1350,2025-01-29 00:00:00+00:00,4039.5,4040.8333333333335,4038.6666666666665,4040.0,2817.0,interpolated
1351,2025-01-29 02:00:00+00:00,4040.0,4040.0,4040.0,4040.0,21.0,present
1352,2025-01-29 04:00:00+00:00,4040.0,4069.0,4029.0,4056.5,24452.0,present
1353,2025-01-29 06:00:00+00:00,4057.0,4082.0,4040.5,4076.0,87304.0,present
1354,2025-01-29 08:00:00+00:00,4076.5,4144.5,4075.0,4138.0,309064.0,present
1355,2025-01-29 10:00:00+00:00,4137.5,4147.0,4101.5,4104.5,147522.0,present
1356,2025-01-29 12:00:00+00:00,4106.0,4106.5,4062.5,4065.0,123911.0,present
1357,2025-01-29 14:00:00+00:00,4066.5,4114.0,4055.0,4114.0,149522.0,present
1358,2025-01-29 16:00:00+00:00,4114.0,4114.0,4071.0,4088.0,61534.0,present
1359,2025-01-29 18:00:00+00:00,4087.0,4090.0,4070.0,4080.5,20905.0,present
1360,2025-01-29 20:00:00+00:00,4080.0,4083.5,4073.0,4073.5,7756.0,present
1361,2025-01-29 22:00:00+00:00,4077.0,4079.3333333333335,4072.3333333333335,4072.6666666666665,5174.333333333333,interpolated
1362,2025-01-30 00:00:00+00:00,4074.0,4075.1666666666665,4071.6666666666665,4071.8333333333335,2592.666666666666,interpolated
1363,2025-01-30 02:00:00+00:00,4071.0,4071.0,4071.0,4071.0,11.0,present
1364,2025-01-30 04:00:00+00:00,4072.5,4099.0,4071.0,4096.0,10029.0,present
1365,2025-01-30 06:00:00+00:00,4096.0,4098.0,4085.0,4097.5,39895.0,present
1366,2025-01-30 08:00:00+00:00,4096.5,4120.0,4072.0,4087.5,89301.0,present
1367,2025-01-30 10:00:00+00:00,4087.5,4135.0,4075.0,4122.0,134469.0,present
1368,2025-01-30 12:00:00+00:00,4123.0,4135.0,4113.5,4123.0,104192.0,present
1369,2025-01-30 14:00:00+00:00,4124.0,4129.5,4112.0,4127.0,52813.0,present
1370,2025-01-30 16:00:00+00:00,4125.0,4125.0,4114.0,4115.0,14601.0,present
1371,2025-01-30 18:00:00+00:00,4115.0,4120.0,4112.0,4112.0,14452.0,present
1372,2025-01-30 20:00:00+00:00,4112.5,4117.0,4112.5,4117.0,6185.0,present
1373,2025-01-30 22:00:00+00:00,4114.0,4117.0,4114.0,4117.0,4144.0,interpolated
1374,2025-01-31 00:00:00+00:00,4115.5,4117.0,4115.5,4117.0,2103.0,interpolated
1375,2025-01-31 02:00:00+00:00,4117.0,4117.0,4117.0,4117.0,62.0,present
1376,2025-01-31 04:00:00+00:00,4117.0,4135.0,4105.0,4127.5,22196.0,present
1377,2025-01-31 06:00:00+00:00,4126.0,4154.0,4121.0,4136.0,165807.0,present
1378,2025-01-31 08:00:00+00:00,4136.0,4150.0,4095.0,4108.0,163009.0,present
1379,2025-01-31 10:00:00+00:00,4107.0,4137.5,4102.0,4124.5,84324.0,present
1380,2025-01-31 12:00:00+00:00,4124.5,4129.5,4057.0,4072.5,190289.0,present
1381,2025-01-31 14:00:00+00:00,4072.5,4094.5,4063.5,4088.5,84944.0,present
1382,2025-01-31 16:00:00+00:00,4086.5,4094.0,4077.0,4087.0,14413.0,present
1383,2025-01-31 18:00:00+00:00,4087.0,4095.0,4083.0,4088.0,20459.0,present
1384,2025-01-31 20:00:00+00:00,4088.5,4092.0,4082.0,4092.0,12618.0,present
1385,2025-01-31 22:00:00+00:00,4088.240740740741,4091.6111111111113,4081.9814814814813,4091.6111111111113,12204.111111111111,interpolated
1386,2025-02-01 00:00:00+00:00,4087.9814814814813,4091.222222222222,4081.962962962963,4091.222222222222,11790.222222222223,interpolated
1387,2025-02-01 02:00:00+00:00,4087.722222222222,4090.8333333333335,4081.9444444444443,4090.8333333333335,11376.333333333334,interpolated
1388,2025-02-01 04:00:00+00:00,4087.462962962963,4090.4444444444443,4081.925925925926,4090.4444444444443,10962.444444444445,interpolated
1389,2025-02-01 06:00:00+00:00,4087.203703703704,4090.0555555555557,4081.9074074074074,4090.0555555555557,10548.555555555555,interpolated
1390,2025-02-01 08:00:00+00:00,4086.9444444444443,4089.6666666666665,4081.8888888888887,4089.6666666666665,10134.666666666666,interpolated
1391,2025-02-01 10:00:00+00:00,4086.685185185185,4089.277777777778,4081.8703703703704,4089.277777777778,9720.777777777777,interpolated
1392,2025-02-01 12:00:00+00:00,4086.425925925926,4088.8888888888887,4081.8518518518517,4088.8888888888887,9306.888888888889,interpolated
1393,2025-02-01 14:00:00+00:00,4086.1666666666665,4088.5,4081.8333333333335,4088.5,8893.0,interpolated
1394,2025-02-01 16:00:00+00:00,4085.9074074074074,4088.1111111111113,4081.814814814815,4088.1111111111113,8479.111111111111,interpolated
1395,2025-02-01 18:00:00+00:00,4085.6481481481483,4087.722222222222,4081.796296296296,4087.722222222222,8065.222222222222,interpolated
1396,2025-02-01 20:00:00+00:00,4085.3888888888887,4087.3333333333335,4081.777777777778,4087.3333333333335,7651.333333333333,interpolated
1397,2025-02-01 22:00:00+00:00,4085.1296296296296,4086.9444444444443,4081.759259259259,4086.9444444444443,7237.444444444444,interpolated
1398,2025-02-02 00:00:00+00:00,4084.8703703703704,4086.5555555555557,4081.740740740741,4086.5555555555557,6823.555555555556,interpolated
1399,2025-02-02 02:00:00+00:00,4084.6111111111113,4086.1666666666665,4081.722222222222,4086.1666666666665,6409.666666666667,interpolated
1400,2025-02-02 04:00:00+00:00,4084.3518518518517,4085.777777777778,4081.703703703704,4085.777777777778,5995.777777777777,interpolated
1401,2025-02-02 06:00:00+00:00,4084.0925925925926,4085.3888888888887,4081.685185185185,4085.3888888888887,5581.888888888889,interpolated
1402,2025-02-02 08:00:00+00:00,4083.8333333333335,4085.0,4081.6666666666665,4085.0,5168.0,interpolated
1403,2025-02-02 10:00:00+00:00,4083.574074074074,4084.6111111111113,4081.6481481481483,4084.6111111111113,4754.111111111111,interpolated
1404,2025-02-02 12:00:00+00:00,4083.314814814815,4084.222222222222,4081.6296296296296,4084.222222222222,4340.222222222223,interpolated
1405,2025-02-02 14:00:00+00:00,4083.0555555555557,4083.8333333333335,4081.6111111111113,4083.8333333333335,3926.333333333334,interpolated
1406,2025-02-02 16:00:00+00:00,4082.796296296296,4083.4444444444443,4081.5925925925926,4083.4444444444443,3512.4444444444434,interpolated
1407,2025-02-02 18:00:00+00:00,4082.537037037037,4083.0555555555557,4081.574074074074,4083.0555555555557,3098.5555555555547,interpolated
1408,2025-02-02 20:00:00+00:00,4082.277777777778,4082.6666666666665,4081.5555555555557,4082.6666666666665,2684.666666666666,interpolated
1409,2025-02-02 22:00:00+00:00,4082.0185185185187,4082.277777777778,4081.537037037037,4082.277777777778,2270.7777777777774,interpolated
1410,2025-02-03 00:00:00+00:00,4081.759259259259,4081.8888888888887,4081.5185185185187,4081.8888888888887,1856.8888888888887,interpolated
1411,2025-02-03 02:00:00+00:00,4081.5,4081.5,4081.5,4081.5,1443.0,present
1412,2025-02-03 04:00:00+00:00,4081.0,4089.5,4050.0,4061.5,35371.0,present
1413,2025-02-03 06:00:00+00:00,4062.0,4071.5,4035.5,4054.5,117883.0,present
1414,2025-02-03 08:00:00+00:00,4055.0,4060.0,4012.0,4029.5,122009.0,present
1415,2025-02-03 10:00:00+00:00,4030.0,4034.0,4020.0,4027.0,54532.0,present
1416,2025-02-03 12:00:00+00:00,4026.0,4043.5,4005.0,4042.0,77237.0,present
1417,2025-02-03 14:00:00+00:00,4042.0,4049.0,4020.0,4049.0,50452.0,present
1418,2025-02-03 16:00:00+00:00,4042.5,4050.0,4036.5,4050.0,17292.0,present
1419,2025-02-03 18:00:00+00:00,4050.0,4071.5,4049.5,4071.5,28283.0,present
1420,2025-02-03 20:00:00+00:00,4071.5,4071.5,4052.0,4052.5,7054.0,present
1421,2025-02-03 22:00:00+00:00,4068.0,4068.0,4055.0,4055.3333333333335,4722.666666666666,interpolated
1422,2025-02-04 00:00:00+00:00,4064.5,4064.5,4058.0,4058.1666666666665,2391.333333333333,interpolated
1423,2025-02-04 02:00:00+00:00,4061.0,4061.0,4061.0,4061.0,60.0,present
1424,2025-02-04 04:00:00+00:00,4053.5,4079.0,4053.5,4072.0,13068.0,present
1425,2025-02-04 06:00:00+00:00,4072.0,4086.0,4067.0,4079.0,37918.0,present
1426,2025-02-04 08:00:00+00:00,4080.0,4081.0,4035.0,4039.0,63220.0,present
1427,2025-02-04 10:00:00+00:00,4038.5,4059.0,4030.5,4045.5,42189.0,present
1428,2025-02-04 12:00:00+00:00,4045.5,4054.0,4010.5,4039.5,85292.0,present
1429,2025-02-04 14:00:00+00:00,4038.0,4038.5,4015.0,4021.5,50467.0,present
1430,2025-02-04 16:00:00+00:00,4017.0,4022.5,4015.0,4015.0,14204.0,present
1431,2025-02-04 18:00:00+00:00,4015.5,4017.5,3978.0,4003.0,108420.0,present
1432,2025-02-04 20:00:00+00:00,4002.0,4010.0,4002.0,4008.0,8701.0,present
1433,2025-02-04 22:00:00+00:00,4004.6666666666665,4010.0,4004.6666666666665,4008.6666666666665,5831.333333333334,interpolated
1434,2025-02-05 00:00:00+00:00,4007.3333333333335,4010.0,4007.3333333333335,4009.3333333333335,2961.666666666667,interpolated
1435,2025-02-05 02:00:00+00:00,4010.0,4010.0,4010.0,4010.0,92.0,present
1436,2025-02-05 04:00:00+00:00,4010.0,4028.0,4004.0,4014.5,16745.0,present
1437,2025-02-05 06:00:00+00:00,4013.0,4037.5,3993.5,4035.0,63995.0,present
1438,2025-02-05 08:00:00+00:00,4035.0,4044.5,3998.5,4039.0,114703.0,present
1439,2025-02-05 10:00:00+00:00,4039.5,4046.0,4035.0,4039.0,66051.0,present
1440,2025-02-05 12:00:00+00:00,4039.0,4045.0,4031.5,4034.0,52684.0,present
1441,2025-02-05 14:00:00+00:00,4033.5,4097.0,4033.5,4095.0,167719.0,present
1442,2025-02-05 16:00:00+00:00,4098.0,4120.0,4084.0,4095.0,138550.0,present
1443,2025-02-05 18:00:00+00:00,4095.5,4113.0,4088.0,4099.0,37825.0,present
1444,2025-02-05 20:00:00+00:00,4099.5,4109.0,4098.5,4105.5,10611.0,present
1445,2025-02-05 22:00:00+00:00,4101.666666666667,4108.0,4101.0,4105.666666666667,7088.666666666666,interpolated
1446,2025-02-06 00:00:00+00:00,4103.833333333333,4107.0,4103.5,4105.833333333333,3566.333333333333,interpolated
1447,2025-02-06 02:00:00+00:00,4106.0,4106.0,4106.0,4106.0,44.0,present
1448,2025-02-06 04:00:00+00:00,4107.0,4115.5,4101.5,4115.0,16969.0,present
1449,2025-02-06 06:00:00+00:00,4113.5,4177.5,4095.0,4169.0,301134.0,present
1450,2025-02-06 08:00:00+00:00,4167.5,4210.0,4167.5,4194.0,498181.0,present
1451,2025-02-06 10:00:00+00:00,4193.0,4225.0,4174.0,4190.5,243195.0,present
1452,2025-02-06 12:00:00+00:00,4192.0,4211.5,4186.0,4193.0,187369.0,present
1453,2025-02-06 14:00:00+00:00,4193.5,4200.0,4145.0,4162.0,265749.0,present
1454,2025-02-06 16:00:00+00:00,4162.0,4199.0,4162.0,4196.5,79813.0,present
1455,2025-02-06 18:00:00+00:00,4197.5,4214.0,4192.5,4214.0,52978.0,present
1456,2025-02-06 20:00:00+00:00,4213.5,4219.5,4211.5,4219.0,40409.0,present
1457,2025-02-06 22:00:00+00:00,4216.166666666667,4220.166666666667,4214.833333333333,4219.833333333333,27141.666666666664,interpolated
1458,2025-02-07 00:00:00+00:00,4218.833333333333,4220.833333333333,4218.166666666667,4220.666666666667,13874.333333333332,interpolated
1459,2025-02-07 02:00:00+00:00,4221.5,4221.5,4221.5,4221.5,607.0,present
1460,2025-02-07 04:00:00+00:00,4222.0,4223.0,4195.0,4214.5,38347.0,present
1461,2025-02-07 06:00:00+00:00,4215.0,4230.0,4203.0,4226.5,169876.0,present
1462,2025-02-07 08:00:00+00:00,4226.5,4245.5,4176.5,4184.5,388377.0,present
1463,2025-02-07 10:00:00+00:00,4184.5,4213.5,4183.5,4196.0,103062.0,present
1464,2025-02-07 12:00:00+00:00,4195.5,4210.0,4191.0,4202.5,76581.0,present
1465,2025-02-07 14:00:00+00:00,4202.5,4209.5,4193.0,4209.5,66281.0,present
1466,2025-02-07 16:00:00+00:00,4208.0,4208.0,4190.0,4197.5,28923.0,present
1467,2025-02-07 18:00:00+00:00,4197.5,4205.0,4195.0,4197.0,12836.0,present
1468,2025-02-07 20:00:00+00:00,4195.5,4200.0,4189.0,4200.0,9907.0,present
1469,2025-02-07 22:00:00+00:00,4196.37037037037,4200.7037037037035,4190.111111111111,4200.7037037037035,9559.222222222223,interpolated
1470,2025-02-08 00:00:00+00:00,4197.240740740741,4201.407407407408,4191.222222222223,4201.407407407408,9211.444444444445,interpolated
1471,2025-02-08 02:00:00+00:00,4198.111111111111,4202.111111111111,4192.333333333333,4202.111111111111,8863.666666666666,interpolated
1472,2025-02-08 04:00:00+00:00,4198.981481481482,4202.814814814815,4193.444444444444,4202.814814814815,8515.888888888889,interpolated
1473,2025-02-08 06:00:00+00:00,4199.851851851852,4203.518518518518,4194.555555555556,4203.518518518518,8168.111111111111,interpolated
1474,2025-02-08 08:00:00+00:00,4200.722222222223,4204.222222222223,4195.666666666667,4204.222222222223,7820.333333333334,interpolated
1475,2025-02-08 10:00:00+00:00,4201.592592592592,4204.925925925926,4196.777777777777,4204.925925925926,7472.555555555556,interpolated
1476,2025-02-08 12:00:00+00:00,4202.462962962963,4205.62962962963,4197.888888888889,4205.62962962963,7124.777777777777,interpolated
1477,2025-02-08 14:00:00+00:00,4203.333333333333,4206.333333333333,4199.0,4206.333333333333,6777.0,interpolated
1478,2025-02-08 16:00:00+00:00,4204.2037037037035,4207.037037037037,4200.111111111111,4207.037037037037,6429.222222222223,interpolated
1479,2025-02-08 18:00:00+00:00,4205.074074074074,4207.740740740741,4201.222222222223,4207.740740740741,6081.444444444444,interpolated
1480,2025-02-08 20:00:00+00:00,4205.944444444444,4208.444444444444,4202.333333333333,4208.444444444444,5733.666666666667,interpolated
1481,2025-02-08 22:00:00+00:00,4206.814814814815,4209.148148148148,4203.444444444444,4209.148148148148,5385.888888888889,interpolated
1482,2025-02-09 00:00:00+00:00,4207.685185185185,4209.851851851852,4204.555555555556,4209.851851851852,5038.111111111111,interpolated
1483,2025-02-09 02:00:00+00:00,4208.555555555556,4210.555555555556,4205.666666666667,4210.555555555556,4690.333333333333,interpolated
1484,2025-02-09 04:00:00+00:00,4209.425925925926,4211.259259259259,4206.777777777777,4211.259259259259,4342.555555555556,interpolated
1485,2025-02-09 06:00:00+00:00,4210.2962962962965,4211.962962962963,4207.888888888889,4211.962962962963,3994.7777777777783,interpolated
1486,2025-02-09 08:00:00+00:00,4211.166666666667,4212.666666666667,4209.0,4212.666666666667,3647.0,interpolated
1487,2025-02-09 10:00:00+00:00,4212.037037037037,4213.37037037037,4210.111111111111,4213.37037037037,3299.2222222222226,interpolated
1488,2025-02-09 12:00:00+00:00,4212.907407407408,4214.074074074074,4211.222222222223,4214.074074074074,2951.4444444444443,interpolated
1489,2025-02-09 14:00:00+00:00,4213.777777777777,4214.777777777777,4212.333333333333,4214.777777777777,2603.666666666667,interpolated
1490,2025-02-09 16:00:00+00:00,4214.648148148148,4215.481481481482,4213.444444444444,4215.481481481482,2255.8888888888887,interpolated
1491,2025-02-09 18:00:00+00:00,4215.518518518518,4216.185185185185,4214.555555555556,4216.185185185185,1908.1111111111113,interpolated
1492,2025-02-09 20:00:00+00:00,4216.388888888889,4216.888888888889,4215.666666666667,4216.888888888889,1560.333333333334,interpolated
1493,2025-02-09 22:00:00+00:00,4217.259259259259,4217.592592592592,4216.777777777777,4217.592592592592,1212.5555555555566,interpolated
1494,2025-02-10 00:00:00+00:00,4218.12962962963,4218.2962962962965,4217.888888888889,4218.2962962962965,864.7777777777774,interpolated
1495,2025-02-10 02:00:00+00:00,4219.0,4219.0,4219.0,4219.0,517.0,present
1496,2025-02-10 04:00:00+00:00,4219.0,4244.0,4213.5,4241.5,48835.0,present
1497,2025-02-10 06:00:00+00:00,4239.0,4246.5,4223.0,4232.5,119981.0,present
1498,2025-02-10 08:00:00+00:00,4232.5,4235.5,4226.0,4230.0,55497.0,present
1499,2025-02-10 10:00:00+00:00,4229.5,4249.5,4228.5,4249.0,132539.0,present
1500,2025-02-10 12:00:00+00:00,4249.0,4256.0,4241.0,4250.0,142363.0,present
1501,2025-02-10 14:00:00+00:00,4250.0,4279.5,4245.0,4273.0,159889.0,present
1502,2025-02-10 16:00:00+00:00,4274.0,4287.0,4265.5,4284.5,46653.0,present
1503,2025-02-10 18:00:00+00:00,4284.0,4286.0,4211.5,4220.5,163785.0,present
1504,2025-02-10 20:00:00+00:00,4220.0,4238.0,4185.5,4217.0,118208.0,present
1505,2025-02-10 22:00:00+00:00,4219.0,4231.0,4196.0,4217.0,78862.0,interpolated
1506,2025-02-11 00:00:00+00:00,4218.0,4224.0,4206.5,4217.0,39516.0,interpolated
1507,2025-02-11 02:00:00+00:00,4217.0,4217.0,4217.0,4217.0,170.0,present
1508,2025-02-11 04:00:00+00:00,4217.0,4258.5,4216.5,4251.5,63135.0,present
1509,2025-02-11 06:00:00+00:00,4252.0,4255.0,4212.0,4245.5,116256.0,present
1510,2025-02-11 08:00:00+00:00,4245.0,4259.5,4234.0,4250.5,135048.0,present
1511,2025-02-11 10:00:00+00:00,4250.0,4282.0,4242.5,4279.0,148947.0,present
1512,2025-02-11 12:00:00+00:00,4279.0,4290.0,4265.5,4269.0,70210.0,present
1513,2025-02-11 14:00:00+00:00,4268.0,4293.0,4264.0,4288.0,84357.0,present
1514,2025-02-11 16:00:00+00:00,4290.0,4290.0,4268.0,4280.0,44686.0,present
1515,2025-02-11 18:00:00+00:00,4279.5,4290.0,4275.5,4283.0,23518.0,present
1516,2025-02-11 20:00:00+00:00,4286.0,4288.5,4281.0,4287.0,11047.0,present
1517,2025-02-11 22:00:00+00:00,4288.833333333333,4290.5,4285.5,4289.5,7592.0,interpolated
1518,2025-02-12 00:00:00+00:00,4291.666666666667,4292.5,4290.0,4292.0,4137.0,interpolated
1519,2025-02-12 02:00:00+00:00,4294.5,4294.5,4294.5,4294.5,682.0,present
1520,2025-02-12 04:00:00+00:00,4294.5,4315.0,4289.0,4305.5,46815.0,present
1521,2025-02-12 06:00:00+00:00,4305.5,4345.0,4296.5,4333.5,138167.0,present
1522,2025-02-12 08:00:00+00:00,4333.0,4375.0,4332.0,4360.0,168032.0,present
1523,2025-02-12 10:00:00+00:00,4361.0,4382.5,4350.0,4359.0,141331.0,present
1524,2025-02-12 12:00:00+00:00,4359.5,4360.5,4309.0,4331.0,173732.0,present
1525,2025-02-12 14:00:00+00:00,4333.5,4347.5,4283.5,4312.0,201391.0,present
1526,2025-02-12 16:00:00+00:00,4285.0,4438.25,4285.25,4387.130921521593,584285.0,present
1527,2025-02-12 18:00:00+00:00,4438.5,4567.5,4438.5,4515.835017433579,615803.0,present
1528,2025-02-12 20:00:00+00:00,4544.0,4568.0,4490.0,4519.5,186502.0,present
1529,2025-02-12 22:00:00+00:00,4549.333333333333,4565.333333333333,4513.333333333333,4533.0,125036.0,interpolated
1530,2025-02-13 00:00:00+00:00,4554.666666666667,4562.666666666667,4536.666666666667,4546.5,63569.999999999985,interpolated
1531,2025-02-13 02:00:00+00:00,4560.0,4560.0,4560.0,4560.0,2104.0,present
1532,2025-02-13 04:00:00+00:00,4560.0,4598.5,4535.0,4571.5,168191.0,present
1533,2025-02-13 06:00:00+00:00,4571.5,4588.0,4455.0,4493.211703188278,580432.0,present
1534,2025-02-13 08:00:00+00:00,4464.5,4559.0,4454.5,4541.779321352596,367866.0,present
1535,2025-02-13 10:00:00+00:00,4541.0,4566.5,4481.0,4488.5,234464.0,present
1536,2025-02-13 12:00:00+00:00,4489.0,4539.5,4488.0,4488.5,111299.0,present
1537,2025-02-13 14:00:00+00:00,4489.0,4529.5,4475.0,4529.5,149108.0,present
1538,2025-02-13 16:00:00+00:00,4523.5,4525.0,4488.5,4492.0,53291.0,present
1539,2025-02-13 18:00:00+00:00,4568.666666666667,4564.125,4503.458333333333,4500.583333333333,63111.5,interpolated
1540,2025-02-13 20:00:00+00:00,4613.833333333333,4603.25,4518.416666666667,4509.166666666667,72932.0,interpolated
1541,2025-02-13 22:00:00+00:00,4659.0,4642.375,4533.375,4517.75,82752.5,interpolated
1542,2025-02-14 00:00:00+00:00,4704.166666666667,4681.5,4548.333333333333,4526.333333333333,92573.0,interpolated
1543,2025-02-14 02:00:00+00:00,4749.333333333333,4720.625,4563.291666666667,4534.916666666667,102393.5,interpolated
1544,2025-02-14 04:00:00+00:00,4794.5,4759.75,4578.25,4543.5,112214.0,present
1545,2025-02-14 06:00:00+00:00,4547.0,4590.0,4531.5,4572.5,181731.0,present
1546,2025-02-14 08:00:00+00:00,4572.5,4645.0,4551.5,4610.0,395545.0,present
1547,2025-02-14 10:00:00+00:00,4610.0,4650.0,4503.0,4584.0,387856.0,present
1548,2025-02-14 12:00:00+00:00,4583.5,4609.0,4457.5,4505.497636971469,289514.0,present
1549,2025-02-14 14:00:00+00:00,4479.0,4564.0,4463.0,4556.531964757527,193559.0,present
1550,2025-02-14 16:00:00+00:00,4558.5,4570.0,4535.0,4536.5,65950.0,present
1551,2025-02-14 18:00:00+00:00,4538.0,4570.0,4536.0,4543.0,41700.0,present
1552,2025-02-14 20:00:00+00:00,4542.5,4561.0,4542.5,4549.0,12222.0,present
1553,2025-02-14 22:00:00+00:00,4544.277777777777,4562.092592592592,4544.277777777777,4550.537037037037,11988.703703703704,interpolated
1554,2025-02-15 00:00:00+00:00,4546.055555555556,4563.185185185185,4546.055555555556,4552.074074074074,11755.407407407407,interpolated
1555,2025-02-15 02:00:00+00:00,4547.833333333333,4564.277777777777,4547.833333333333,4553.611111111111,11522.111111111111,interpolated
1556,2025-02-15 04:00:00+00:00,4549.611111111111,4565.37037037037,4549.611111111111,4555.148148148148,11288.814814814816,interpolated
1557,2025-02-15 06:00:00+00:00,4551.388888888889,4566.462962962963,4551.388888888889,4556.685185185185,11055.518518518518,interpolated
1558,2025-02-15 08:00:00+00:00,4553.166666666667,4567.555555555556,4553.166666666667,4558.222222222223,10822.222222222223,interpolated
1559,2025-02-15 10:00:00+00:00,4554.944444444444,4568.648148148148,4554.944444444444,4559.759259259259,10588.925925925927,interpolated
1560,2025-02-15 12:00:00+00:00,4556.722222222223,4569.740740740741,4556.722222222223,4561.2962962962965,10355.62962962963,interpolated
1561,2025-02-15 14:00:00+00:00,4558.5,4570.833333333333,4558.5,4562.833333333333,10122.333333333334,interpolated
1562,2025-02-15 16:00:00+00:00,4560.277777777777,4571.925925925926,4560.277777777777,4564.37037037037,9889.037037037036,interpolated
1563,2025-02-15 18:00:00+00:00,4562.055555555556,4573.018518518518,4562.055555555556,4565.907407407408,9655.74074074074,interpolated
1564,2025-02-15 20:00:00+00:00,4563.833333333333,4574.111111111111,4563.833333333333,4567.444444444444,9422.444444444445,interpolated
1565,2025-02-15 22:00:00+00:00,4565.611111111111,4575.2037037037035,4565.611111111111,4568.981481481482,9189.148148148148,interpolated
1566,2025-02-16 00:00:00+00:00,4567.388888888889,4576.2962962962965,4567.388888888889,4570.518518518518,8955.851851851852,interpolated
1567,2025-02-16 02:00:00+00:00,4569.166666666667,4577.388888888889,4569.166666666667,4572.055555555556,8722.555555555555,interpolated
1568,2025-02-16 04:00:00+00:00,4570.944444444444,4578.481481481482,4570.944444444444,4573.592592592592,8489.25925925926,interpolated
1569,2025-02-16 06:00:00+00:00,4572.722222222223,4579.574074074074,4572.722222222223,4575.12962962963,8255.962962962964,interpolated
1570,2025-02-16 08:00:00+00:00,4574.5,4580.666666666667,4574.5,4576.666666666667,8022.666666666667,interpolated
1571,2025-02-16 10:00:00+00:00,4576.277777777777,4581.759259259259,4576.277777777777,4578.2037037037035,7789.37037037037,interpolated
1572,2025-02-16 12:00:00+00:00,4578.055555555556,4582.851851851852,4578.055555555556,4579.740740740741,7556.074074074074,interpolated
1573,2025-02-16 14:00:00+00:00,4579.833333333333,4583.944444444444,4579.833333333333,4581.277777777777,7322.777777777778,interpolated
1574,2025-02-16 16:00:00+00:00,4581.611111111111,4585.037037037037,4581.611111111111,4582.814814814815,7089.481481481482,interpolated
1575,2025-02-16 18:00:00+00:00,4583.388888888889,4586.12962962963,4583.388888888889,4584.351851851852,6856.185185185185,interpolated
1576,2025-02-16 20:00:00+00:00,4585.166666666667,4587.222222222223,4585.166666666667,4585.888888888889,6622.88888888889,interpolated
1577,2025-02-16 22:00:00+00:00,4586.944444444444,4588.314814814815,4586.944444444444,4587.425925925926,6389.592592592593,interpolated
1578,2025-02-17 00:00:00+00:00,4588.722222222223,4589.407407407408,4588.722222222223,4588.962962962963,6156.2962962962965,interpolated
1579,2025-02-17 02:00:00+00:00,4590.5,4590.5,4590.5,4590.5,5923.0,present
1580,2025-02-17 04:00:00+00:00,4591.5,4688.5,4585.0,4659.0,136335.0,present
1581,2025-02-17 06:00:00+00:00,4657.0,4657.0,4612.0,4647.0,185801.0,present
1582,2025-02-17 08:00:00+00:00,4647.0,4650.0,4613.0,4632.0,154826.0,present
1583,2025-02-17 10:00:00+00:00,4632.0,4664.0,4631.0,4654.5,162070.0,present
1584,2025-02-17 12:00:00+00:00,4654.5,4698.0,4643.5,4689.0,155013.0,present
1585,2025-02-17 14:00:00+00:00,4689.0,4718.0,4685.0,4699.0,179096.0,present
1586,2025-02-17 16:00:00+00:00,4699.5,4717.0,4659.5,4689.0,121349.0,present
1587,2025-02-17 18:00:00+00:00,4688.5,4717.0,4688.0,4702.5,77731.0,present
1588,2025-02-17 20:00:00+00:00,4703.0,4715.0,4695.0,4709.0,32068.0,present
1589,2025-02-17 22:00:00+00:00,4708.166666666667,4716.166666666667,4702.833333333333,4712.166666666667,21457.0,interpolated
1590,2025-02-18 00:00:00+00:00,4713.333333333333,4717.333333333333,4710.666666666667,4715.333333333333,10846.0,interpolated
1591,2025-02-18 02:00:00+00:00,4718.5,4718.5,4718.5,4718.5,235.0,present
1592,2025-02-18 04:00:00+00:00,4718.5,4749.5,4635.5,4688.0,142752.0,present
1593,2025-02-18 06:00:00+00:00,4687.5,4695.0,4603.5,4637.5,181658.0,present
1594,2025-02-18 08:00:00+00:00,4635.0,4639.0,4545.0,4582.0,353928.0,present
1595,2025-02-18 10:00:00+00:00,4583.5,4638.5,4568.0,4635.0,179157.0,present
1596,2025-02-18 12:00:00+00:00,4636.0,4656.5,4521.0,4555.624246806884,305848.0,present
1597,2025-02-18 14:00:00+00:00,4544.5,4557.0,4537.5,4547.5,88814.0,present
1598,2025-02-18 16:00:00+00:00,4550.0,4574.0,4548.0,4558.5,37063.0,present
1599,2025-02-18 18:00:00+00:00,4558.0,4559.0,4511.0,4545.5,96524.0,present
1600,2025-02-18 20:00:00+00:00,4545.5,4556.0,4542.0,4550.0,6291.0,present
1601,2025-02-18 22:00:00+00:00,4547.0,4554.0,4544.666666666667,4550.0,4388.666666666666,interpolated
1602,2025-02-19 00:00:00+00:00,4548.5,4552.0,4547.333333333333,4550.0,2486.333333333333,interpolated
1603,2025-02-19 02:00:00+00:00,4550.0,4550.0,4550.0,4550.0,584.0,present
1604,2025-02-19 04:00:00+00:00,4550.5,4639.5,4550.5,4601.0,98414.0,present
1605,2025-02-19 06:00:00+00:00,4601.5,4634.0,4580.0,4581.5,161608.0,present
1606,2025-02-19 08:00:00+00:00,4582.0,4589.0,4527.0,4548.5,179725.0,present
1607,2025-02-19 10:00:00+00:00,4549.0,4616.0,4542.5,4604.5,104476.0,present
1608,2025-02-19 12:00:00+00:00,4605.0,4661.0,4590.0,4655.0,228003.0,present
1609,2025-02-19 14:00:00+00:00,4655.5,4669.0,4632.0,4633.5,111622.0,present
1610,2025-02-19 16:00:00+00:00,4645.0,4666.5,4595.0,4642.0,196655.0,present
1611,2025-02-19 18:00:00+00:00,4642.0,4647.5,4623.0,4632.0,27071.0,present
1612,2025-02-19 20:00:00+00:00,4632.0,4650.0,4631.5,4646.0,19815.0,present
1613,2025-02-19 22:00:00+00:00,4641.333333333333,4653.333333333333,4641.0,4650.666666666667,13258.333333333332,interpolated
1614,2025-02-20 00:00:00+00:00,4650.666666666667,4656.666666666667,4650.5,4655.333333333333,6701.666666666666,interpolated
1615,2025-02-20 02:00:00+00:00,4660.0,4660.0,4660.0,4660.0,145.0,present
1616,2025-02-20 04:00:00+00:00,4659.5,4660.0,4610.5,4647.5,29897.0,present
1617,2025-02-20 06:00:00+00:00,4647.0,4734.0,4647.0,4704.5,742182.0,present
1618,2025-02-20 08:00:00+00:00,4704.0,4709.0,4681.0,4707.0,208783.0,present
1619,2025-02-20 10:00:00+00:00,4707.0,4708.0,4675.0,4695.5,108353.0,present
1620,2025-02-20 12:00:00+00:00,4694.0,4716.5,4678.5,4692.5,243446.0,present
1621,2025-02-20 14:00:00+00:00,4693.0,4699.5,4622.5,4648.0,200893.0,present
1622,2025-02-20 16:00:00+00:00,4648.0,4670.5,4623.0,4636.5,77894.0,present
1623,2025-02-20 18:00:00+00:00,4637.0,4673.5,4634.0,4647.0,70448.0,present
1624,2025-02-20 20:00:00+00:00,4646.5,4650.0,4635.5,4649.0,10619.0,present
1625,2025-02-20 22:00:00+00:00,4657.666666666667,4660.0,4650.333333333333,4659.333333333333,7405.0,interpolated
1626,2025-02-21 00:00:00+00:00,4668.833333333333,4670.0,4665.166666666667,4669.666666666667,4191.0,interpolated
1627,2025-02-21 02:00:00+00:00,4680.0,4680.0,4680.0,4680.0,977.0,present
1628,2025-02-21 04:00:00+00:00,4670.0,4679.5,4650.0,4670.0,21267.0,present
1629,2025-02-21 06:00:00+00:00,4670.0,4689.5,4664.5,4668.5,83256.0,present
1630,2025-02-21 08:00:00+00:00,4668.0,4697.5,4665.0,4673.0,81675.0,present
1631,2025-02-21 10:00:00+00:00,4675.5,4682.0,4601.0,4609.0,207670.0,present
1632,2025-02-21 12:00:00+00:00,4609.5,4649.0,4590.0,4630.0,123320.0,present
1633,2025-02-21 14:00:00+00:00,4630.5,4673.0,4629.5,4653.5,90887.0,present
1634,2025-02-21 16:00:00+00:00,4654.0,4667.0,4650.0,4654.5,26430.0,present
1635,2025-02-21 18:00:00+00:00,4654.0,4665.0,4650.0,4661.5,32295.0,present
1636,2025-02-21 20:00:00+00:00,4662.0,4668.0,4655.5,4667.0,17270.0,present
1637,2025-02-21 22:00:00+00:00,4662.185185185185,4667.962962962963,4655.925925925926,4667.0,16727.51851851852,interpolated
1638,2025-02-22 00:00:00+00:00,4662.37037037037,4667.925925925926,4656.351851851852,4667.0,16185.037037037036,interpolated
1639,2025-02-22 02:00:00+00:00,4662.555555555556,4667.888888888889,4656.777777777777,4667.0,15642.555555555555,interpolated
1640,2025-02-22 04:00:00+00:00,4662.740740740741,4667.851851851852,4657.2037037037035,4667.0,15100.074074074075,interpolated
1641,2025-02-22 06:00:00+00:00,4662.925925925926,4667.814814814815,4657.62962962963,4667.0,14557.592592592593,interpolated
1642,2025-02-22 08:00:00+00:00,4663.111111111111,4667.777777777777,4658.055555555556,4667.0,14015.111111111111,interpolated
1643,2025-02-22 10:00:00+00:00,4663.2962962962965,4667.740740740741,4658.481481481482,4667.0,13472.62962962963,interpolated
1644,2025-02-22 12:00:00+00:00,4663.481481481482,4667.7037037037035,4658.907407407408,4667.0,12930.14814814815,interpolated
1645,2025-02-22 14:00:00+00:00,4663.666666666667,4667.666666666667,4659.333333333333,4667.0,12387.666666666668,interpolated
1646,2025-02-22 16:00:00+00:00,4663.851851851852,4667.62962962963,4659.759259259259,4667.0,11845.185185185186,interpolated
1647,2025-02-22 18:00:00+00:00,4664.037037037037,4667.592592592592,4660.185185185185,4667.0,11302.703703703704,interpolated
1648,2025-02-22 20:00:00+00:00,4664.222222222223,4667.555555555556,4660.611111111111,4667.0,10760.222222222223,interpolated
1649,2025-02-22 22:00:00+00:00,4664.407407407408,4667.518518518518,4661.037037037037,4667.0,10217.74074074074,interpolated
1650,2025-02-23 00:00:00+00:00,4664.592592592592,4667.481481481482,4661.462962962963,4667.0,9675.25925925926,interpolated
1651,2025-02-23 02:00:00+00:00,4664.777777777777,4667.444444444444,4661.888888888889,4667.0,9132.777777777777,interpolated
1652,2025-02-23 04:00:00+00:00,4664.962962962963,4667.407407407408,4662.314814814815,4667.0,8590.296296296297,interpolated
1653,2025-02-23 06:00:00+00:00,4665.148148148148,4667.37037037037,4662.740740740741,4667.0,8047.814814814816,interpolated
1654,2025-02-23 08:00:00+00:00,4665.333333333333,4667.333333333333,4663.166666666667,4667.0,7505.333333333334,interpolated
1655,2025-02-23 10:00:00+00:00,4665.518518518518,4667.2962962962965,4663.592592592592,4667.0,6962.851851851852,interpolated
1656,2025-02-23 12:00:00+00:00,4665.7037037037035,4667.259259259259,4664.018518518518,4667.0,6420.37037037037,interpolated
1657,2025-02-23 14:00:00+00:00,4665.888888888889,4667.222222222223,4664.444444444444,4667.0,5877.8888888888905,interpolated
1658,2025-02-23 16:00:00+00:00,4666.074074074074,4667.185185185185,4664.87037037037,4667.0,5335.407407407409,interpolated
1659,2025-02-23 18:00:00+00:00,4666.259259259259,4667.148148148148,4665.2962962962965,4667.0,4792.925925925927,interpolated
1660,2025-02-23 20:00:00+00:00,4666.444444444444,4667.111111111111,4665.722222222223,4667.0,4250.444444444445,interpolated
1661,2025-02-23 22:00:00+00:00,4666.62962962963,4667.074074074074,4666.148148148148,4667.0,3707.9629629629635,interpolated
1662,2025-02-24 00:00:00+00:00,4666.814814814815,4667.037037037037,4666.574074074074,4667.0,3165.4814814814818,interpolated
1663,2025-02-24 02:00:00+00:00,4667.0,4667.0,4667.0,4667.0,2623.0,present
1664,2025-02-24 04:00:00+00:00,4668.0,4698.0,4667.0,4691.0,52104.0,present
1665,2025-02-24 06:00:00+00:00,4691.0,4695.0,4650.0,4652.0,118604.0,present
1666,2025-02-24 08:00:00+00:00,4652.0,4670.5,4633.0,4659.5,130739.0,present
1667,2025-02-24 10:00:00+00:00,4659.5,4675.5,4650.0,4653.5,80684.0,present
1668,2025-02-24 12:00:00+00:00,4654.0,4657.0,4608.5,4616.5,123840.0,present
1669,2025-02-24 14:00:00+00:00,4616.5,4660.0,4611.5,4660.0,110275.0,present
1670,2025-02-24 16:00:00+00:00,4659.5,4664.0,4640.5,4658.0,45447.0,present
1671,2025-02-24 18:00:00+00:00,4658.5,4668.5,4650.0,4666.0,41326.0,present
1672,2025-02-24 20:00:00+00:00,4666.0,4671.0,4657.0,4671.0,31351.0,present
1673,2025-02-24 22:00:00+00:00,4667.666666666667,4671.0,4661.666666666667,4671.0,21149.666666666664,interpolated
1674,2025-02-25 00:00:00+00:00,4669.333333333333,4671.0,4666.333333333333,4671.0,10948.333333333332,interpolated
1675,2025-02-25 02:00:00+00:00,4671.0,4671.0,4671.0,4671.0,747.0,present
1676,2025-02-25 04:00:00+00:00,4671.0,4680.0,4650.0,4678.5,35643.0,present
1677,2025-02-25 06:00:00+00:00,4679.0,4689.5,4635.0,4638.0,157994.0,present
1678,2025-02-25 08:00:00+00:00,4638.0,4659.5,4620.0,4635.0,195310.0,present
1679,2025-02-25 10:00:00+00:00,4634.0,4645.0,4623.0,4630.0,87651.0,present
1680,2025-02-25 12:00:00+00:00,4630.5,4638.0,4623.5,4625.5,79947.0,present
1681,2025-02-25 14:00:00+00:00,4626.0,4638.0,4623.5,4634.5,87344.0,present
1682,2025-02-25 16:00:00+00:00,4626.0,4645.0,4621.0,4632.5,44102.0,present
1683,2025-02-25 18:00:00+00:00,4633.0,4640.0,4631.0,4633.0,20854.0,present
1684,2025-02-25 20:00:00+00:00,4633.5,4633.5,4622.5,4623.5,6188.0,present
1685,2025-02-25 22:00:00+00:00,4630.5,4630.5,4623.166666666667,4623.833333333333,4141.0,interpolated
1686,2025-02-26 00:00:00+00:00,4627.5,4627.5,4623.833333333333,4624.166666666667,2094.0,interpolated
1687,2025-02-26 02:00:00+00:00,4624.5,4624.5,4624.5,4624.5,47.0,present
1688,2025-02-26 04:00:00+00:00,4625.0,4638.0,4594.0,4617.5,56364.0,present
1689,2025-02-26 06:00:00+00:00,4618.0,4620.0,4565.0,4591.5,167008.0,present
1690,2025-02-26 08:00:00+00:00,4591.5,4595.0,4501.0,4515.0,249308.0,present
1691,2025-02-26 10:00:00+00:00,4514.5,4524.5,4464.5,4500.0,365555.0,present
1692,2025-02-26 12:00:00+00:00,4500.0,4500.0,4440.0,4493.5,280048.0,present
1693,2025-02-26 14:00:00+00:00,4492.5,4500.0,4462.5,4490.0,168480.0,present
1694,2025-02-26 16:00:00+00:00,4452.0,4475.5,4412.0,4425.0,191007.0,present
1695,2025-02-26 18:00:00+00:00,4426.0,4463.5,4421.5,4437.5,67207.0,present
1696,2025-02-26 20:00:00+00:00,4437.0,4452.5,4435.0,4440.0,13946.0,present
1697,2025-02-26 22:00:00+00:00,4438.0,4448.333333333333,4436.666666666667,4440.0,9355.0,interpolated
1698,2025-02-27 00:00:00+00:00,4439.0,4444.166666666667,4438.333333333333,4440.0,4764.0,interpolated
1699,2025-02-27 02:00:00+00:00,4440.0,4440.0,4440.0,4440.0,173.0,present
1700,2025-02-27 04:00:00+00:00,4440.0,4451.0,4324.0,4363.963679789119,141740.0,present
1701,2025-02-27 06:00:00+00:00,4353.5,4447.5,4353.5,4414.5,171914.0,present
1702,2025-02-27 08:00:00+00:00,4416.5,4480.0,4411.5,4412.0,202524.0,present
1703,2025-02-27 10:00:00+00:00,4413.5,4459.5,4391.0,4447.5,152281.0,present
1704,2025-02-27 12:00:00+00:00,4447.0,4519.5,4446.0,4495.0,257328.0,present
1705,2025-02-27 14:00:00+00:00,4494.5,4512.5,4467.0,4501.5,83824.0,present
1706,2025-02-27 16:00:00+00:00,4500.5,4500.5,4391.0,4424.410474002414,130940.0,present
1707,2025-02-27 18:00:00+00:00,4398.5,4430.0,4369.5,4400.5,74745.0,present
1708,2025-02-27 20:00:00+00:00,4400.5,4400.5,4360.0,4377.0,26752.0,present
1709,2025-02-27 22:00:00+00:00,4392.666666666667,4392.666666666667,4365.666666666667,4377.0,18072.0,interpolated
1710,2025-02-28 00:00:00+00:00,4384.833333333333,4384.833333333333,4371.333333333333,4377.0,9392.0,interpolated
1711,2025-02-28 02:00:00+00:00,4377.0,4377.0,4377.0,4377.0,712.0,present
1712,2025-02-28 04:00:00+00:00,4376.0,4417.0,4356.0,4408.0,22766.0,present
1713,2025-02-28 06:00:00+00:00,4407.0,4449.5,4375.0,4383.0,167452.0,present
1714,2025-02-28 08:00:00+00:00,4383.0,4385.5,4309.0,4310.5,211361.0,present
1715,2025-02-28 10:00:00+00:00,4312.0,4359.0,4305.5,4336.5,189720.0,present
1716,2025-02-28 12:00:00+00:00,4336.5,4341.5,4300.0,4314.0,152532.0,present
1717,2025-02-28 14:00:00+00:00,4313.5,4416.0,4307.5,4389.165768887791,188101.0,present
1718,2025-02-28 16:00:00+00:00,4413.5,4480.0,4393.0,4468.0,150981.0,present
1719,2025-02-28 18:00:00+00:00,4470.0,4485.0,4340.0,4430.0,272808.0,present
1720,2025-02-28 20:00:00+00:00,4430.0,4444.0,4410.0,4423.0,32384.0,present
1721,2025-02-28 22:00:00+00:00,4432.857142857143,4445.571428571428,4412.428571428572,4425.571428571428,28642.85714285714,interpolated
1722,2025-03-01 00:00:00+00:00,4435.714285714285,4447.142857142857,4414.857142857143,4428.142857142857,24901.714285714286,interpolated
1723,2025-03-01 02:00:00+00:00,4438.571428571428,4448.714285714285,4417.285714285715,4430.714285714285,21160.571428571428,interpolated
1724,2025-03-01 04:00:00+00:00,4441.428571428572,4450.285714285715,4419.714285714285,4433.285714285715,17419.428571428572,interpolated
1725,2025-03-01 06:00:00+00:00,4444.285714285715,4451.857142857143,4422.142857142857,4435.857142857143,13678.285714285714,interpolated
1726,2025-03-01 08:00:00+00:00,4447.142857142857,4453.428571428572,4424.571428571428,4438.428571428572,9937.142857142859,interpolated
1727,2025-03-01 10:00:00+00:00,4450.0,4455.0,4427.0,4441.0,6196.0,present
1728,2025-03-01 12:00:00+00:00,4440.5,4446.5,4431.0,4440.0,5262.0,present
1729,2025-03-01 14:00:00+00:00,4443.0,4444.5,4431.0,4438.0,2509.0,present
1730,2025-03-01 16:00:00+00:00,4441.4375,4443.0,4426.875,4434.25,2936.5,interpolated
1731,2025-03-01 18:00:00+00:00,4439.875,4441.5,4422.75,4430.5,3364.0,interpolated
1732,2025-03-01 20:00:00+00:00,4438.3125,4440.0,4418.625,4426.75,3791.5,interpolated
1733,2025-03-01 22:00:00+00:00,4436.75,4438.5,4414.5,4423.0,4219.0,interpolated
1734,2025-03-02 00:00:00+00:00,4435.1875,4437.0,4410.375,4419.25,4646.5,interpolated
1735,2025-03-02 02:00:00+00:00,4433.625,4435.5,4406.25,4415.5,5074.0,interpolated
1736,2025-03-02 04:00:00+00:00,4432.0625,4434.0,4402.125,4411.75,5501.5,interpolated
1737,2025-03-02 06:00:00+00:00,4430.5,4432.5,4398.0,4408.0,5929.0,present
1738,2025-03-02 08:00:00+00:00,4414.5,4420.5,4385.5,4398.5,14668.0,present
1739,2025-03-02 10:00:00+00:00,4398.0,4400.0,4391.0,4397.0,5515.0,present
1740,2025-03-02 12:00:00+00:00,4397.0,4402.5,4392.0,4395.0,4406.0,present
1741,2025-03-02 14:00:00+00:00,4395.0,4395.0,4365.0,4376.0,10040.0,present
1742,2025-03-02 16:00:00+00:00,4395.583333333333,4395.583333333333,4370.583333333333,4379.75,8576.833333333334,interpolated
1743,2025-03-02 18:00:00+00:00,4396.166666666667,4396.166666666667,4376.166666666667,4383.5,7113.666666666667,interpolated
1744,2025-03-02 20:00:00+00:00,4396.75,4396.75,4381.75,4387.25,5650.5,interpolated
1745,2025-03-02 22:00:00+00:00,4397.333333333333,4397.333333333333,4387.333333333333,4391.0,4187.333333333334,interpolated
1746,2025-03-03 00:00:00+00:00,4397.916666666667,4397.916666666667,4392.916666666667,4394.75,2724.166666666667,interpolated
1747,2025-03-03 02:00:00+00:00,4398.5,4398.5,4398.5,4398.5,1261.0,present
1748,2025-03-03 04:00:00+00:00,4392.5,4398.0,4311.5,4333.5,86509.0,present
1749,2025-03-03 06:00:00+00:00,4333.5,4335.0,4276.0,4287.5,305481.0,present
1750,2025-03-03 08:00:00+00:00,4287.0,4294.0,4260.0,4290.0,193269.0,present
1751,2025-03-03 10:00:00+00:00,4289.5,4326.0,4260.0,4326.0,119453.0,present
1752,2025-03-03 12:00:00+00:00,4326.0,4355.0,4309.0,4347.5,115880.0,present
1753,2025-03-03 14:00:00+00:00,4348.0,4392.0,4326.5,4363.5,119501.0,present
1754,2025-03-03 16:00:00+00:00,4363.0,4365.0,4311.5,4346.0,58095.0,present
1755,2025-03-03 18:00:00+00:00,4345.0,4399.5,4300.5,4376.0,69245.0,present
1756,2025-03-03 20:00:00+00:00,4376.5,4377.5,4331.0,4347.5,38514.0,present
1757,2025-03-03 22:00:00+00:00,4373.666666666667,4374.333333333333,4343.333333333333,4354.333333333333,25698.0,interpolated
1758,2025-03-04 00:00:00+00:00,4370.833333333333,4371.166666666667,4355.666666666667,4361.166666666667,12882.0,interpolated
1759,2025-03-04 02:00:00+00:00,4368.0,4368.0,4368.0,4368.0,66.0,present
1760,2025-03-04 04:00:00+00:00,4368.0,4418.5,4356.0,4404.0,56460.0,present
1761,2025-03-04 06:00:00+00:00,4405.0,4510.0,4395.0,4480.733900366674,303031.0,present
1762,2025-03-04 08:00:00+00:00,4494.5,4568.5,4490.5,4509.5,328731.0,present
1763,2025-03-04 10:00:00+00:00,4509.0,4535.0,4483.0,4524.0,137319.0,present
1764,2025-03-04 12:00:00+00:00,4525.0,4543.0,4495.5,4542.0,178533.0,present
1765,2025-03-04 14:00:00+00:00,4541.5,4549.5,4510.5,4549.5,138933.0,present
1766,2025-03-04 16:00:00+00:00,4550.0,4619.5,4549.0,4584.5,207789.0,present
1767,2025-03-04 18:00:00+00:00,4584.5,4600.0,4573.5,4583.0,56222.0,present
1768,2025-03-04 20:00:00+00:00,4584.5,4595.5,4575.0,4586.0,19428.0,present
1769,2025-03-04 22:00:00+00:00,4585.0,4592.333333333333,4578.666666666667,4586.0,13223.0,interpolated
1770,2025-03-05 00:00:00+00:00,4585.5,4589.166666666667,4582.333333333333,4586.0,7018.0,interpolated
1771,2025-03-05 02:00:00+00:00,4586.0,4586.0,4586.0,4586.0,813.0,present
1772,2025-03-05 04:00:00+00:00,4585.5,4586.0,4495.0,4542.0,102987.0,present
1773,2025-03-05 06:00:00+00:00,4543.5,4573.5,4522.5,4554.0,114476.0,present
1774,2025-03-05 08:00:00+00:00,4553.5,4630.0,4553.0,4615.0,163748.0,present
1775,2025-03-05 10:00:00+00:00,4615.0,4617.0,4563.5,4583.0,80867.0,present
1776,2025-03-05 12:00:00+00:00,4582.5,4617.5,4578.5,4596.0,117690.0,present
1777,2025-03-05 14:00:00+00:00,4595.5,4612.5,4585.0,4590.0,118448.0,present
1778,2025-03-05 16:00:00+00:00,4605.0,4615.0,4566.5,4576.0,61166.0,present
1779,2025-03-05 18:00:00+00:00,4575.5,4577.0,4470.0,4497.634639350227,140858.0,present
1780,2025-03-05 20:00:00+00:00,4493.5,4509.0,4490.5,4497.0,24328.0,present
1781,2025-03-05 22:00:00+00:00,4495.0,4505.333333333333,4493.0,4497.333333333333,16298.666666666668,interpolated
1782,2025-03-06 00:00:00+00:00,4496.5,4501.666666666667,4495.5,4497.666666666667,8269.333333333334,interpolated
1783,2025-03-06 02:00:00+00:00,4498.0,4498.0,4498.0,4498.0,240.0,present
1784,2025-03-06 04:00:00+00:00,4498.0,4547.5,4498.0,4538.5,47302.0,present
1785,2025-03-06 06:00:00+00:00,4537.0,4542.5,4500.5,4518.5,65933.0,present
1786,2025-03-06 08:00:00+00:00,4518.5,4522.5,4500.0,4504.5,45259.0,present
1787,2025-03-06 10:00:00+00:00,4505.0,4527.5,4480.0,4494.5,86621.0,present
1788,2025-03-06 12:00:00+00:00,4494.0,4570.0,4489.0,4549.5,112693.0,present
1789,2025-03-06 14:00:00+00:00,4551.5,4577.5,4505.0,4505.0,118455.0,present
1790,2025-03-06 16:00:00+00:00,4510.5,4536.5,4497.0,4530.5,51817.0,present
1791,2025-03-06 18:00:00+00:00,4530.0,4534.5,4502.0,4508.5,15538.0,present
1792,2025-03-06 20:00:00+00:00,4508.0,4525.0,4495.0,4513.5,17636.0,present
1793,2025-03-06 22:00:00+00:00,4508.666666666667,4520.0,4500.0,4512.333333333333,11772.0,interpolated
1794,2025-03-07 00:00:00+00:00,4509.333333333333,4515.0,4505.0,4511.166666666667,5908.0,interpolated
1795,2025-03-07 02:00:00+00:00,4510.0,4510.0,4510.0,4510.0,44.0,present
1796,2025-03-07 04:00:00+00:00,4513.0,4563.5,4511.5,4555.5,29896.0,present
1797,2025-03-07 06:00:00+00:00,4557.5,4607.0,4544.5,4600.0,152756.0,present
1798,2025-03-07 08:00:00+00:00,4600.0,4618.0,4586.0,4591.0,159601.0,present
1799,2025-03-07 10:00:00+00:00,4592.0,4624.5,4591.5,4621.0,113768.0,present
1800,2025-03-07 12:00:00+00:00,4621.0,4637.5,4597.5,4636.5,117890.0,present
1801,2025-03-07 14:00:00+00:00,4636.0,4640.0,4474.0,4557.098558860867,513414.0,present
1802,2025-03-07 16:00:00+00:00,4496.0,4559.5,4496.0,4559.0,175252.0,present
1803,2025-03-07 18:00:00+00:00,4559.0,4567.0,4535.5,4552.0,37201.0,present
1804,2025-03-07 20:00:00+00:00,4552.5,4559.5,4543.5,4553.0,20390.0,present
1805,2025-03-07 22:00:00+00:00,4552.962962962963,4559.7037037037035,4544.2962962962965,4553.444444444444,19642.703703703704,interpolated
1806,2025-03-08 00:00:00+00:00,4553.425925925926,4559.907407407408,4545.092592592592,4553.888888888889,18895.40740740741,interpolated
1807,2025-03-08 02:00:00+00:00,4553.888888888889,4560.111111111111,4545.888888888889,4554.333333333333,18148.11111111111,interpolated
1808,2025-03-08 04:00:00+00:00,4554.351851851852,4560.314814814815,4546.685185185185,4554.777777777777,17400.814814814814,interpolated
1809,2025-03-08 06:00:00+00:00,4554.814814814815,4560.518518518518,4547.481481481482,4555.222222222223,16653.51851851852,interpolated
1810,2025-03-08 08:00:00+00:00,4555.277777777777,4560.722222222223,4548.277777777777,4555.666666666667,15906.222222222223,interpolated
1811,2025-03-08 10:00:00+00:00,4555.740740740741,4560.925925925926,4549.074074074074,4556.111111111111,15158.925925925925,interpolated
1812,2025-03-08 12:00:00+00:00,4556.2037037037035,4561.12962962963,4549.87037037037,4556.555555555556,14411.62962962963,interpolated
1813,2025-03-08 14:00:00+00:00,4556.666666666667,4561.333333333333,4550.666666666667,4557.0,13664.333333333332,interpolated
1814,2025-03-08 16:00:00+00:00,4557.12962962963,4561.537037037037,4551.462962962963,4557.444444444444,12917.037037037036,interpolated
1815,2025-03-08 18:00:00+00:00,4557.592592592592,4561.740740740741,4552.259259259259,4557.888888888889,12169.74074074074,interpolated
1816,2025-03-08 20:00:00+00:00,4558.055555555556,4561.944444444444,4553.055555555556,4558.333333333333,11422.444444444443,interpolated
1817,2025-03-08 22:00:00+00:00,4558.518518518518,4562.148148148148,4553.851851851852,4558.777777777777,10675.148148148148,interpolated
1818,2025-03-09 00:00:00+00:00,4558.981481481482,4562.351851851852,4554.648148148148,4559.222222222223,9927.85185185185,interpolated
1819,2025-03-09 02:00:00+00:00,4559.444444444444,4562.555555555556,4555.444444444444,4559.666666666667,9180.555555555555,interpolated
1820,2025-03-09 04:00:00+00:00,4559.907407407408,4562.759259259259,4556.240740740741,4560.111111111111,8433.25925925926,interpolated
1821,2025-03-09 06:00:00+00:00,4560.37037037037,4562.962962962963,4557.037037037037,4560.555555555556,7685.962962962962,interpolated
1822,2025-03-09 08:00:00+00:00,4560.833333333333,4563.166666666667,4557.833333333333,4561.0,6938.666666666666,interpolated
1823,2025-03-09 10:00:00+00:00,4561.2962962962965,4563.37037037037,4558.62962962963,4561.444444444444,6191.37037037037,interpolated
1824,2025-03-09 12:00:00+00:00,4561.759259259259,4563.574074074074,4559.425925925926,4561.888888888889,5444.074074074073,interpolated
1825,2025-03-09 14:00:00+00:00,4562.222222222223,4563.777777777777,4560.222222222223,4562.333333333333,4696.777777777777,interpolated
1826,2025-03-09 16:00:00+00:00,4562.685185185185,4563.981481481482,4561.018518518518,4562.777777777777,3949.4814814814818,interpolated
1827,2025-03-09 18:00:00+00:00,4563.148148148148,4564.185185185185,4561.814814814815,4563.222222222223,3202.1851851851825,interpolated
1828,2025-03-09 20:00:00+00:00,4563.611111111111,4564.388888888889,4562.611111111111,4563.666666666667,2454.888888888887,interpolated
1829,2025-03-09 22:00:00+00:00,4564.074074074074,4564.592592592592,4563.407407407408,4564.111111111111,1707.5925925925912,interpolated
1830,2025-03-10 00:00:00+00:00,4564.537037037037,4564.7962962962965,4564.2037037037035,4564.555555555556,960.2962962962956,interpolated
1831,2025-03-10 02:00:00+00:00,4565.0,4565.0,4565.0,4565.0,213.0,present
1832,2025-03-10 04:00:00+00:00,4560.5,4605.0,4557.5,4590.0,38507.0,present
1833,2025-03-10 06:00:00+00:00,4590.5,4600.0,4570.5,4587.5,87821.0,present
1834,2025-03-10 08:00:00+00:00,4587.5,4612.0,4568.5,4592.5,115818.0,present
1835,2025-03-10 10:00:00+00:00,4592.5,4611.0,4580.0,4609.5,82886.0,present
1836,2025-03-10 12:00:00+00:00,4609.5,4610.0,4591.0,4602.0,67707.0,present
1837,2025-03-10 14:00:00+00:00,4601.0,4604.0,4553.5,4563.0,52947.0,present
1838,2025-03-10 16:00:00+00:00,4564.0,4577.0,4537.0,4546.0,42184.0,present
1839,2025-03-10 18:00:00+00:00,4547.0,4560.5,4540.5,4549.5,13314.0,present
1840,2025-03-10 20:00:00+00:00,4549.5,4562.5,4549.0,4562.5,4297.0,present
1841,2025-03-10 22:00:00+00:00,4557.0,4565.666666666667,4556.666666666667,4565.666666666667,2900.666666666667,interpolated
1842,2025-03-11 00:00:00+00:00,4564.5,4568.833333333333,4564.333333333333,4568.833333333333,1504.3333333333335,interpolated
1843,2025-03-11 02:00:00+00:00,4572.0,4572.0,4572.0,4572.0,108.0,present
1844,2025-03-11 04:00:00+00:00,4572.5,4587.0,4556.0,4573.5,13895.0,present
1845,2025-03-11 06:00:00+00:00,4574.0,4586.5,4547.5,4583.5,68611.0,present
1846,2025-03-11 08:00:00+00:00,4582.0,4612.0,4581.0,4601.5,155575.0,present
1847,2025-03-11 10:00:00+00:00,4600.5,4605.0,4562.5,4569.5,49777.0,present
1848,2025-03-11 12:00:00+00:00,4569.5,4603.0,4565.5,4595.0,44417.0,present
1849,2025-03-11 14:00:00+00:00,4596.5,4611.0,4585.5,4596.5,51092.0,present
1850,2025-03-11 16:00:00+00:00,4595.5,4614.0,4586.0,4601.5,37656.0,present
1851,2025-03-11 18:00:00+00:00,4601.0,4613.5,4541.5,4566.0,103207.0,present
1852,2025-03-11 20:00:00+00:00,4566.5,4585.0,4561.0,4564.5,41963.0,present
1853,2025-03-11 22:00:00+00:00,4566.0,4578.333333333333,4562.333333333333,4564.666666666667,27979.666666666668,interpolated
1854,2025-03-12 00:00:00+00:00,4565.5,4571.666666666667,4563.666666666667,4564.833333333333,13996.333333333336,interpolated
1855,2025-03-12 02:00:00+00:00,4565.0,4565.0,4565.0,4565.0,13.0,present
1856,2025-03-12 04:00:00+00:00,4569.0,4584.5,4542.0,4545.0,24158.0,present
1857,2025-03-12 06:00:00+00:00,4546.5,4555.0,4501.0,4509.0,108504.0,present
1858,2025-03-12 08:00:00+00:00,4508.0,4532.5,4501.0,4513.5,85401.0,present
1859,2025-03-12 10:00:00+00:00,4513.5,4531.0,4503.0,4526.0,73893.0,present
1860,2025-03-12 12:00:00+00:00,4526.5,4553.5,4511.5,4536.0,99087.0,present
1861,2025-03-12 14:00:00+00:00,4535.0,4550.0,4510.5,4550.0,75598.0,present
1862,2025-03-12 16:00:00+00:00,4555.0,4555.0,4520.5,4543.5,32620.0,present
1863,2025-03-12 18:00:00+00:00,4543.5,4553.0,4529.5,4535.5,16916.0,present
1864,2025-03-12 20:00:00+00:00,4536.0,4539.0,4528.0,4529.0,11678.0,present
1865,2025-03-12 22:00:00+00:00,4536.0,4539.0,4523.5,4524.75,12492.5,interpolated
1866,2025-03-13 00:00:00+00:00,4536.0,4539.0,4519.0,4520.5,13307.0,interpolated
1867,2025-03-13 02:00:00+00:00,4536.0,4539.0,4514.5,4516.25,14121.5,interpolated
1868,2025-03-13 04:00:00+00:00,4536.0,4539.0,4510.0,4512.0,14936.0,present
1869,2025-03-13 06:00:00+00:00,4512.0,4514.0,4451.5,4469.0,110330.0,present
1870,2025-03-13 08:00:00+00:00,4469.0,4494.0,4427.5,4489.0,163786.0,present
1871,2025-03-13 10:00:00+00:00,4489.5,4502.0,4430.0,4430.0,174510.0,present
1872,2025-03-13 12:00:00+00:00,4430.5,4452.5,4361.0,4387.0,419574.0,present
1873,2025-03-13 14:00:00+00:00,4388.5,4459.5,4381.0,4459.5,187395.0,present
1874,2025-03-13 16:00:00+00:00,4495.0,4550.0,4482.5,4506.0,303832.0,present
1875,2025-03-13 18:00:00+00:00,4506.5,4520.0,4490.0,4494.0,37025.0,present
1876,2025-03-13 20:00:00+00:00,4493.5,4497.5,4470.0,4480.0,33885.0,present
1877,2025-03-13 22:00:00+00:00,4488.333333333333,4491.0,4472.666666666667,4479.333333333333,22813.666666666668,interpolated
1878,2025-03-14 00:00:00+00:00,4483.166666666667,4484.5,4475.333333333333,4478.666666666667,11742.333333333336,interpolated
1879,2025-03-14 02:00:00+00:00,4478.0,4478.0,4478.0,4478.0,671.0,present
1880,2025-03-14 04:00:00+00:00,4477.5,4494.5,4445.0,4459.5,54935.0,present
1881,2025-03-14 06:00:00+00:00,4459.5,4506.0,4450.5,4465.0,78130.0,present
1882,2025-03-14 08:00:00+00:00,4464.0,4476.5,4390.0,4449.5,179813.0,present
1883,2025-03-14 10:00:00+00:00,4449.5,4486.5,4443.5,4474.0,80763.0,present
1884,2025-03-14 12:00:00+00:00,4473.5,4555.0,4456.0,4551.953558183583,202024.0,present
1885,2025-03-14 14:00:00+00:00,4554.0,4557.5,4507.0,4546.0,89043.0,present
1886,2025-03-14 16:00:00+00:00,4546.0,4558.0,4521.5,4529.5,72590.0,present
1887,2025-03-14 18:00:00+00:00,4528.5,4535.5,4517.0,4525.5,12735.0,present
1888,2025-03-14 20:00:00+00:00,4525.0,4530.0,4521.5,4527.0,11206.0,present
1889,2025-03-14 22:00:00+00:00,4525.4,4531.8,4520.4,4527.8,10580.8,interpolated
1890,2025-03-15 00:00:00+00:00,4525.8,4533.6,4519.3,4528.6,9955.6,interpolated
1891,2025-03-15 02:00:00+00:00,4526.2,4535.4,4518.2,4529.4,9330.4,interpolated
1892,2025-03-15 04:00:00+00:00,4526.6,4537.2,4517.1,4530.2,8705.2,interpolated
1893,2025-03-15 06:00:00+00:00,4527.0,4539.0,4516.0,4531.0,8080.0,present
1894,2025-03-15 08:00:00+00:00,4531.0,4539.0,4527.0,4538.0,3528.0,present
1895,2025-03-15 10:00:00+00:00,4537.5,4544.0,4526.0,4532.0,10464.0,present
1896,2025-03-15 12:00:00+00:00,4532.0,4534.0,4530.0,4530.0,3359.0,present
1897,2025-03-15 14:00:00+00:00,4530.0,4534.5,4520.5,4527.5,10333.0,present
1898,2025-03-15 16:00:00+00:00,4528.5625,4534.125,4520.25,4527.4375,9290.25,interpolated
1899,2025-03-15 18:00:00+00:00,4527.125,4533.75,4520.0,4527.375,8247.5,interpolated
1900,2025-03-15 20:00:00+00:00,4525.6875,4533.375,4519.75,4527.3125,7204.75,interpolated
1901,2025-03-15 22:00:00+00:00,4524.25,4533.0,4519.5,4527.25,6162.0,interpolated
1902,2025-03-16 00:00:00+00:00,4522.8125,4532.625,4519.25,4527.1875,5119.25,interpolated
1903,2025-03-16 02:00:00+00:00,4521.375,4532.25,4519.0,4527.125,4076.5,interpolated
1904,2025-03-16 04:00:00+00:00,4519.9375,4531.875,4518.75,4527.0625,3033.75,interpolated
1905,2025-03-16 06:00:00+00:00,4518.5,4531.5,4518.5,4527.0,1991.0,present
1906,2025-03-16 08:00:00+00:00,4525.5,4529.0,4521.5,4524.0,3679.0,present
1907,2025-03-16 10:00:00+00:00,4525.5,4525.5,4524.0,4524.5,1042.0,present
1908,2025-03-16 12:00:00+00:00,4524.5,4564.0,4524.0,4556.0,11896.0,present
1909,2025-03-16 14:00:00+00:00,4557.5,4597.5,4553.5,4584.5,25641.0,present
1910,2025-03-16 16:00:00+00:00,4564.416666666667,4597.75,4561.083333333333,4586.916666666667,21673.666666666668,interpolated
1911,2025-03-16 18:00:00+00:00,4571.333333333333,4598.0,4568.666666666667,4589.333333333333,17706.333333333332,interpolated
1912,2025-03-16 20:00:00+00:00,4578.25,4598.25,4576.25,4591.75,13739.0,interpolated
1913,2025-03-16 22:00:00+00:00,4585.166666666667,4598.5,4583.833333333333,4594.166666666667,9771.666666666666,interpolated
1914,2025-03-17 00:00:00+00:00,4592.083333333333,4598.75,4591.416666666667,4596.583333333333,5804.333333333332,interpolated
1915,2025-03-17 02:00:00+00:00,4599.0,4599.0,4599.0,4599.0,1837.0,present
1916,2025-03-17 04:00:00+00:00,4599.0,4634.5,4585.0,4608.0,58898.0,present
1917,2025-03-17 06:00:00+00:00,4608.0,4608.0,4581.5,4604.0,85168.0,present
1918,2025-03-17 08:00:00+00:00,4604.0,4627.0,4602.0,4616.5,98294.0,present
1919,2025-03-17 10:00:00+00:00,4618.0,4623.0,4562.0,4592.0,128013.0,present
1920,2025-03-17 12:00:00+00:00,4592.0,4659.0,4591.0,4648.0,159322.0,present
1921,2025-03-17 14:00:00+00:00,4648.5,4662.0,4638.5,4656.0,97478.0,present
1922,2025-03-17 16:00:00+00:00,4656.0,4664.0,4656.0,4658.5,32109.0,present
1923,2025-03-17 18:00:00+00:00,4658.5,4669.5,4658.5,4666.5,32744.0,present
1924,2025-03-17 20:00:00+00:00,4666.5,4675.0,4665.0,4673.5,13672.0,present
1925,2025-03-17 22:00:00+00:00,4670.333333333333,4676.0,4669.333333333333,4675.0,9169.666666666666,interpolated
1926,2025-03-18 00:00:00+00:00,4674.166666666667,4677.0,4673.666666666667,4676.5,4667.333333333332,interpolated
1927,2025-03-18 02:00:00+00:00,4678.0,4678.0,4678.0,4678.0,165.0,present
1928,2025-03-18 04:00:00+00:00,4678.0,4690.0,4668.0,4685.0,42123.0,present
1929,2025-03-18 06:00:00+00:00,4685.0,4698.0,4675.0,4683.5,89800.0,present
1930,2025-03-18 08:00:00+00:00,4683.5,4686.0,4651.0,4678.5,134834.0,present
1931,2025-03-18 10:00:00+00:00,4679.0,4703.0,4672.5,4701.5,132867.0,present
1932,2025-03-18 12:00:00+00:00,4701.5,4712.5,4673.5,4696.5,140607.0,present
1933,2025-03-18 14:00:00+00:00,4696.0,4730.0,4650.0,4702.5,258741.0,present
1934,2025-03-18 16:00:00+00:00,4701.0,4725.0,4612.0,4623.5,273188.0,present
1935,2025-03-18 18:00:00+00:00,4624.0,4664.5,4620.0,4627.0,60485.0,present
1936,2025-03-18 20:00:00+00:00,4626.0,4631.5,4610.5,4622.0,20815.0,present
1937,2025-03-18 22:00:00+00:00,4621.0,4624.666666666667,4610.666666666667,4618.333333333333,14560.333333333332,interpolated
1938,2025-03-19 00:00:00+00:00,4616.0,4617.833333333333,4610.833333333333,4614.666666666667,8305.666666666666,interpolated
1939,2025-03-19 02:00:00+00:00,4611.0,4611.0,4611.0,4611.0,2051.0,present
1940,2025-03-19 04:00:00+00:00,4618.5,4643.0,4613.5,4642.0,17774.0,present
1941,2025-03-19 06:00:00+00:00,4640.0,4640.0,4595.5,4617.5,103232.0,present
1942,2025-03-19 08:00:00+00:00,4616.0,4631.0,4602.0,4619.0,56363.0,present
1943,2025-03-19 10:00:00+00:00,4619.0,4640.0,4604.5,4635.0,54837.0,present
1944,2025-03-19 12:00:00+00:00,4635.0,4654.5,4628.0,4641.5,80362.0,present
1945,2025-03-19 14:00:00+00:00,4642.0,4643.0,4617.5,4639.0,49685.0,present
1946,2025-03-19 16:00:00+00:00,4640.0,4648.5,4630.5,4638.0,39038.0,present
1947,2025-03-19 18:00:00+00:00,4637.5,4645.0,4633.5,4644.0,17625.0,present
1948,2025-03-19 20:00:00+00:00,4643.0,4648.5,4640.0,4641.0,9691.0,present
1949,2025-03-19 22:00:00+00:00,4642.333333333333,4646.0,4640.333333333333,4641.0,6486.666666666666,interpolated
1950,2025-03-20 00:00:00+00:00,4641.666666666667,4643.5,4640.666666666667,4641.0,3282.333333333333,interpolated
1951,2025-03-20 02:00:00+00:00,4641.0,4641.0,4641.0,4641.0,78.0,present
1952,2025-03-20 04:00:00+00:00,4641.0,4650.0,4641.0,4646.5,9690.0,present
1953,2025-03-20 06:00:00+00:00,4646.5,4673.5,4645.0,4662.0,62331.0,present
1954,2025-03-20 08:00:00+00:00,4661.5,4670.0,4633.5,4636.5,69553.0,present
1955,2025-03-20 10:00:00+00:00,4636.5,4644.0,4621.5,4625.0,46659.0,present
1956,2025-03-20 12:00:00+00:00,4623.5,4648.0,4566.5,4647.0,342238.0,present
1957,2025-03-20 14:00:00+00:00,4647.0,4667.0,4644.0,4664.5,62425.0,present
1958,2025-03-20 16:00:00+00:00,4665.0,4665.0,4639.0,4639.5,28240.0,present
1959,2025-03-20 18:00:00+00:00,4639.0,4648.0,4635.5,4648.0,6329.0,present
1960,2025-03-20 20:00:00+00:00,4647.5,4648.0,4638.0,4646.0,2930.0,present
1961,2025-03-20 22:00:00+00:00,4649.833333333333,4650.166666666667,4643.5,4648.833333333333,2050.666666666667,interpolated
1962,2025-03-21 00:00:00+00:00,4652.166666666667,4652.333333333333,4649.0,4651.666666666667,1171.3333333333335,interpolated
1963,2025-03-21 02:00:00+00:00,4654.5,4654.5,4654.5,4654.5,292.0,present
1964,2025-03-21 04:00:00+00:00,4655.0,4655.0,4628.5,4628.5,9246.0,present
1965,2025-03-21 06:00:00+00:00,4630.0,4670.0,4623.0,4667.0,48570.0,present
1966,2025-03-21 08:00:00+00:00,4667.0,4699.0,4659.5,4699.0,98011.0,present
1967,2025-03-21 10:00:00+00:00,4699.0,4699.0,4633.0,4647.5,129043.0,present
1968,2025-03-21 12:00:00+00:00,4647.5,4659.0,4627.0,4631.5,67625.0,present
1969,2025-03-21 14:00:00+00:00,4630.5,4645.0,4612.0,4617.0,50486.0,present
1970,2025-03-21 16:00:00+00:00,4617.0,4643.5,4611.0,4631.0,23185.0,present
1971,2025-03-21 18:00:00+00:00,4631.0,4633.5,4617.0,4623.5,21024.0,present
1972,2025-03-21 20:00:00+00:00,4623.0,4626.0,4619.0,4625.0,4767.0,present
1973,2025-03-21 22:00:00+00:00,4623.7962962962965,4626.685185185185,4619.944444444444,4625.722222222223,4609.444444444444,interpolated
1974,2025-03-22 00:00:00+00:00,4624.592592592592,4627.37037037037,4620.888888888889,4626.444444444444,4451.888888888889,interpolated
1975,2025-03-22 02:00:00+00:00,4625.388888888889,4628.055555555556,4621.833333333333,4627.166666666667,4294.333333333333,interpolated
1976,2025-03-22 04:00:00+00:00,4626.185185185185,4628.740740740741,4622.777777777777,4627.888888888889,4136.777777777777,interpolated
1977,2025-03-22 06:00:00+00:00,4626.981481481482,4629.425925925926,4623.722222222223,4628.611111111111,3979.222222222222,interpolated
1978,2025-03-22 08:00:00+00:00,4627.777777777777,4630.111111111111,4624.666666666667,4629.333333333333,3821.666666666667,interpolated
1979,2025-03-22 10:00:00+00:00,4628.574074074074,4630.7962962962965,4625.611111111111,4630.055555555556,3664.1111111111113,interpolated
1980,2025-03-22 12:00:00+00:00,4629.37037037037,4631.481481481482,4626.555555555556,4630.777777777777,3506.5555555555557,interpolated
1981,2025-03-22 14:00:00+00:00,4630.166666666667,4632.166666666667,4627.5,4631.5,3349.0,interpolated
1982,2025-03-22 16:00:00+00:00,4630.962962962963,4632.851851851852,4628.444444444444,4632.222222222223,3191.4444444444443,interpolated
1983,2025-03-22 18:00:00+00:00,4631.759259259259,4633.537037037037,4629.388888888889,4632.944444444444,3033.8888888888887,interpolated
1984,2025-03-22 20:00:00+00:00,4632.555555555556,4634.222222222223,4630.333333333333,4633.666666666667,2876.3333333333335,interpolated
1985,2025-03-22 22:00:00+00:00,4633.351851851852,4634.907407407408,4631.277777777777,4634.388888888889,2718.777777777778,interpolated
1986,2025-03-23 00:00:00+00:00,4634.148148148148,4635.592592592592,4632.222222222223,4635.111111111111,2561.222222222222,interpolated
1987,2025-03-23 02:00:00+00:00,4634.944444444444,4636.277777777777,4633.166666666667,4635.833333333333,2403.666666666667,interpolated
1988,2025-03-23 04:00:00+00:00,4635.740740740741,4636.962962962963,4634.111111111111,4636.555555555556,2246.1111111111113,interpolated
1989,2025-03-23 06:00:00+00:00,4636.537037037037,4637.648148148148,4635.055555555556,4637.277777777777,2088.5555555555557,interpolated
1990,2025-03-23 08:00:00+00:00,4637.333333333333,4638.333333333333,4636.0,4638.0,1931.0,interpolated
1991,2025-03-23 10:00:00+00:00,4638.12962962963,4639.018518518518,4636.944444444444,4638.722222222223,1773.4444444444443,interpolated
1992,2025-03-23 12:00:00+00:00,4638.925925925926,4639.7037037037035,4637.888888888889,4639.444444444444,1615.8888888888891,interpolated
1993,2025-03-23 14:00:00+00:00,4639.722222222223,4640.388888888889,4638.833333333333,4640.166666666667,1458.3333333333335,interpolated
1994,2025-03-23 16:00:00+00:00,4640.518518518518,4641.074074074074,4639.777777777777,4640.888888888889,1300.7777777777778,interpolated
1995,2025-03-23 18:00:00+00:00,4641.314814814815,4641.759259259259,4640.722222222223,4641.611111111111,1143.2222222222222,interpolated
1996,2025-03-23 20:00:00+00:00,4642.111111111111,4642.444444444444,4641.666666666667,4642.333333333333,985.666666666667,interpolated
1997,2025-03-23 22:00:00+00:00,4642.907407407408,4643.12962962963,4642.611111111111,4643.055555555556,828.1111111111113,interpolated
1998,2025-03-24 00:00:00+00:00,4643.7037037037035,4643.814814814815,4643.555555555556,4643.777777777777,670.5555555555557,interpolated
1999,2025-03-24 02:00:00+00:00,4644.5,4644.5,4644.5,4644.5,513.0,present
2000,2025-03-24 04:00:00+00:00,4635.0,4645.0,4587.5,4610.0,36191.0,present
2001,2025-03-24 06:00:00+00:00,4610.0,4642.5,4605.0,4613.5,58100.0,present
2002,2025-03-24 08:00:00+00:00,4613.5,4626.5,4598.0,4624.0,65476.0,present
2003,2025-03-24 10:00:00+00:00,4624.0,4625.5,4586.0,4589.5,84512.0,present
2004,2025-03-24 12:00:00+00:00,4589.5,4613.5,4585.5,4600.5,37962.0,present
2005,2025-03-24 14:00:00+00:00,4600.0,4607.0,4590.5,4605.0,28304.0,present
2006,2025-03-24 16:00:00+00:00,4610.0,4610.0,4586.0,4601.0,21063.0,present
2007,2025-03-24 18:00:00+00:00,4602.0,4603.5,4555.5,4585.5,81279.0,present
2008,2025-03-24 20:00:00+00:00,4583.0,4590.0,4576.5,4584.5,2712.0,present
2009,2025-03-24 22:00:00+00:00,4580.666666666667,4585.333333333333,4576.333333333333,4581.666666666667,1848.3333333333335,interpolated
2010,2025-03-25 00:00:00+00:00,4578.333333333333,4580.666666666667,4576.166666666667,4578.833333333333,984.6666666666667,interpolated
2011,2025-03-25 02:00:00+00:00,4576.0,4576.0,4576.0,4576.0,121.0,present
2012,2025-03-25 04:00:00+00:00,4580.0,4614.5,4580.0,4608.0,23353.0,present
2013,2025-03-25 06:00:00+00:00,4608.0,4628.0,4603.0,4614.5,47011.0,present
2014,2025-03-25 08:00:00+00:00,4614.0,4624.0,4560.0,4565.5,84956.0,present
2015,2025-03-25 10:00:00+00:00,4567.0,4591.0,4560.5,4589.0,42426.0,present
2016,2025-03-25 12:00:00+00:00,4589.5,4595.0,4560.0,4569.0,57904.0,present
2017,2025-03-25 14:00:00+00:00,4565.5,4603.5,4541.0,4603.5,146297.0,present
2018,2025-03-25 16:00:00+00:00,4603.5,4624.0,4601.0,4622.0,44939.0,present
2019,2025-03-25 18:00:00+00:00,4622.0,4660.0,4622.0,4651.5,58059.0,present
2020,2025-03-25 20:00:00+00:00,4651.5,4654.0,4643.5,4646.5,4408.0,present
2021,2025-03-25 22:00:00+00:00,4651.666666666667,4653.333333333333,4646.333333333333,4648.333333333333,2947.0,interpolated
2022,2025-03-26 00:00:00+00:00,4651.833333333333,4652.666666666667,4649.166666666667,4650.166666666667,1486.0,interpolated
2023,2025-03-26 02:00:00+00:00,4652.0,4652.0,4652.0,4652.0,25.0,present
2024,2025-03-26 04:00:00+00:00,4652.5,4674.0,4650.5,4659.5,24723.0,present
2025,2025-03-26 06:00:00+00:00,4659.5,4664.5,4645.0,4655.5,52808.0,present
2026,2025-03-26 08:00:00+00:00,4653.5,4670.0,4627.5,4659.5,84739.0,present
2027,2025-03-26 10:00:00+00:00,4659.5,4665.0,4630.5,4636.0,36726.0,present
2028,2025-03-26 12:00:00+00:00,4635.5,4650.5,4600.0,4609.5,84354.0,present
2029,2025-03-26 14:00:00+00:00,4609.0,4615.0,4570.0,4570.0,68290.0,present
2030,2025-03-26 16:00:00+00:00,4571.0,4576.5,4550.5,4564.0,52792.0,present
2031,2025-03-26 18:00:00+00:00,4563.5,4573.0,4555.0,4567.5,19445.0,present
2032,2025-03-26 20:00:00+00:00,4567.5,4578.5,4566.5,4567.5,7813.0,present
2033,2025-03-26 22:00:00+00:00,4566.333333333333,4573.666666666667,4565.666666666667,4566.333333333333,5213.666666666666,interpolated
2034,2025-03-27 00:00:00+00:00,4565.166666666667,4568.833333333333,4564.833333333333,4565.166666666667,2614.333333333333,interpolated
2035,2025-03-27 02:00:00+00:00,4564.0,4564.0,4564.0,4564.0,15.0,present
2036,2025-03-27 04:00:00+00:00,4564.0,4574.5,4501.0,4531.5,70018.0,present
2037,2025-03-27 06:00:00+00:00,4531.5,4568.5,4525.0,4547.0,65474.0,present
2038,2025-03-27 08:00:00+00:00,4546.5,4567.0,4528.0,4554.5,88354.0,present
2039,2025-03-27 10:00:00+00:00,4555.5,4565.0,4544.0,4554.5,29059.0,present
2040,2025-03-27 12:00:00+00:00,4554.0,4559.0,4422.5,4476.50283324314,286568.0,present
2041,2025-03-27 14:00:00+00:00,4456.5,4509.5,4454.0,4481.5,120915.0,present
2042,2025-03-27 16:00:00+00:00,4486.0,4492.0,4472.5,4479.0,24144.0,present
2043,2025-03-27 18:00:00+00:00,4478.5,4479.5,4455.0,4459.0,25023.0,present
2044,2025-03-27 20:00:00+00:00,4460.0,4460.0,4444.5,4446.0,9696.0,present
2045,2025-03-27 22:00:00+00:00,4454.666666666667,4454.666666666667,4444.333333333333,4445.333333333333,6524.333333333334,interpolated
2046,2025-03-28 00:00:00+00:00,4449.333333333333,4449.333333333333,4444.166666666667,4444.666666666667,3352.666666666667,interpolated
2047,2025-03-28 02:00:00+00:00,4444.0,4444.0,4444.0,4444.0,181.0,present
2048,2025-03-28 04:00:00+00:00,4442.0,4444.0,4381.0,4382.5,60207.0,present
2049,2025-03-28 06:00:00+00:00,4382.5,4458.0,4382.5,4454.5,115257.0,present
2050,2025-03-28 08:00:00+00:00,4454.5,4470.0,4405.5,4406.0,153871.0,present
2051,2025-03-28 10:00:00+00:00,4406.0,4443.5,4334.5,4334.5,163246.0,present
2052,2025-03-28 12:00:00+00:00,4335.0,4372.0,4324.5,4368.5,277557.0,present
2053,2025-03-28 14:00:00+00:00,4368.5,4456.0,4362.5,4424.0,163757.0,present
2054,2025-03-28 16:00:00+00:00,4428.5,4435.0,4334.0,4348.237684546635,63712.0,present
2055,2025-03-28 18:00:00+00:00,4342.0,4369.5,4327.0,4364.0,40238.0,present
2056,2025-03-28 20:00:00+00:00,4364.0,4365.0,4343.5,4357.0,12633.0,present
2057,2025-03-28 22:00:00+00:00,4362.4,4363.4,4333.1,4344.6,13077.6,interpolated
2058,2025-03-29 00:00:00+00:00,4360.8,4361.8,4322.7,4332.2,13522.2,interpolated
2059,2025-03-29 02:00:00+00:00,4359.2,4360.2,4312.3,4319.8,13966.8,interpolated
2060,2025-03-29 04:00:00+00:00,4357.6,4358.6,4301.9,4307.4,14411.4,interpolated
2061,2025-03-29 06:00:00+00:00,4356.0,4357.0,4291.5,4295.0,14856.0,present
2062,2025-03-29 08:00:00+00:00,4294.5,4319.0,4291.5,4309.0,14453.0,present
2063,2025-03-29 10:00:00+00:00,4305.0,4308.5,4291.5,4291.5,9313.0,present
2064,2025-03-29 12:00:00+00:00,4291.5,4296.5,4291.5,4291.5,4384.0,present
2065,2025-03-29 14:00:00+00:00,4291.5,4293.0,4291.5,4293.0,8356.0,present
2066,2025-03-29 16:00:00+00:00,4291.5625,4294.8125,4291.5,4294.1875,7664.25,interpolated
2067,2025-03-29 18:00:00+00:00,4291.625,4296.625,4291.5,4295.375,6972.5,interpolated
2068,2025-03-29 20:00:00+00:00,4291.6875,4298.4375,4291.5,4296.5625,6280.75,interpolated
2069,2025-03-29 22:00:00+00:00,4291.75,4300.25,4291.5,4297.75,5589.0,interpolated
2070,2025-03-30 00:00:00+00:00,4291.8125,4302.0625,4291.5,4298.9375,4897.25,interpolated
2071,2025-03-30 02:00:00+00:00,4291.875,4303.875,4291.5,4300.125,4205.5,interpolated
2072,2025-03-30 04:00:00+00:00,4291.9375,4305.6875,4291.5,4301.3125,3513.75,interpolated
2073,2025-03-30 06:00:00+00:00,4292.0,4307.5,4291.5,4302.5,2822.0,present
2074,2025-03-30 08:00:00+00:00,4303.0,4323.0,4299.5,4313.5,6678.0,present
2075,2025-03-30 10:00:00+00:00,4312.0,4321.0,4310.0,4316.0,4882.0,present
2076,2025-03-30 12:00:00+00:00,4315.5,4319.0,4313.0,4316.5,3933.0,present
2077,2025-03-30 14:00:00+00:00,4315.0,4317.0,4291.5,4291.5,25723.0,present
2078,2025-03-30 16:00:00+00:00,4304.166666666667,4305.833333333333,4284.583333333333,4284.583333333333,21782.5,interpolated
2079,2025-03-30 18:00:00+00:00,4293.333333333333,4294.666666666667,4277.666666666667,4277.666666666667,17842.0,interpolated
2080,2025-03-30 20:00:00+00:00,4282.5,4283.5,4270.75,4270.75,13901.5,interpolated
2081,2025-03-30 22:00:00+00:00,4271.666666666667,4272.333333333333,4263.833333333333,4263.833333333333,9961.000000000002,interpolated
2082,2025-03-31 00:00:00+00:00,4260.833333333333,4261.166666666667,4256.916666666667,4256.916666666667,6020.5,interpolated
2083,2025-03-31 02:00:00+00:00,4250.0,4250.0,4250.0,4250.0,2080.0,present
2084,2025-03-31 04:00:00+00:00,4245.0,4383.5,4226.0,4324.050653169475,141051.0,present
2085,2025-03-31 06:00:00+00:00,4359.5,4396.5,4300.0,4300.0,156863.0,present
2086,2025-03-31 08:00:00+00:00,4300.0,4374.5,4300.0,4367.0,137434.0,present
2087,2025-03-31 10:00:00+00:00,4367.0,4440.0,4364.0,4437.5,111415.0,present
2088,2025-03-31 12:00:00+00:00,4437.5,4520.0,4400.0,4489.5,253203.0,present
2089,2025-03-31 14:00:00+00:00,4489.5,4515.0,4476.0,4510.5,107101.0,present
2090,2025-03-31 16:00:00+00:00,4510.5,4510.5,4477.5,4482.5,34029.0,present
2091,2025-03-31 18:00:00+00:00,4482.5,4482.5,4465.0,4475.0,32720.0,present
2092,2025-03-31 20:00:00+00:00,4475.5,4477.0,4471.0,4476.0,5170.0,present
2093,2025-03-31 22:00:00+00:00,4477.833333333333,4478.833333333333,4474.833333333333,4478.166666666667,3454.333333333333,interpolated
2094,2025-04-01 00:00:00+00:00,4480.166666666667,4480.666666666667,4478.666666666667,4480.333333333333,1738.6666666666665,interpolated
2095,2025-04-01 02:00:00+00:00,4482.5,4482.5,4482.5,4482.5,23.0,present
2096,2025-04-01 04:00:00+00:00,4482.5,4540.0,4481.0,4525.0,54775.0,present
2097,2025-04-01 06:00:00+00:00,4523.5,4523.5,4470.0,4488.0,67946.0,present
2098,2025-04-01 08:00:00+00:00,4488.0,4527.0,4481.0,4508.0,89056.0,present
2099,2025-04-01 10:00:00+00:00,4508.5,4521.0,4445.0,4457.5,118105.0,present
2100,2025-04-01 12:00:00+00:00,4457.0,4467.0,4402.0,4417.0,125558.0,present
2101,2025-04-01 14:00:00+00:00,4417.0,4482.5,4412.5,4446.0,129035.0,present
2102,2025-04-01 16:00:00+00:00,4446.5,4458.0,4381.5,4389.0,80019.0,present
2103,2025-04-01 18:00:00+00:00,4389.0,4403.0,4345.0,4362.5,75098.0,present
2104,2025-04-01 20:00:00+00:00,4362.0,4365.5,4350.0,4355.5,17633.0,present
2105,2025-04-01 22:00:00+00:00,4357.333333333333,4359.666666666667,4349.333333333333,4353.0,11846.333333333332,interpolated
2106,2025-04-02 00:00:00+00:00,4352.666666666667,4353.833333333333,4348.666666666667,4350.5,6059.666666666666,interpolated
2107,2025-04-02 02:00:00+00:00,4348.0,4348.0,4348.0,4348.0,273.0,present
2108,2025-04-02 04:00:00+00:00,4348.5,4410.5,4343.5,4386.5,52458.0,present
2109,2025-04-02 06:00:00+00:00,4386.5,4407.0,4353.0,4400.0,69158.0,present
2110,2025-04-02 08:00:00+00:00,4400.5,4418.5,4356.0,4389.0,108748.0,present
2111,2025-04-02 10:00:00+00:00,4391.0,4404.0,4350.0,4380.5,81049.0,present
2112,2025-04-02 12:00:00+00:00,4379.5,4435.0,4364.5,4373.0,105656.0,present
2113,2025-04-02 14:00:00+00:00,4375.0,4405.5,4362.5,4365.5,112265.0,present
2114,2025-04-02 16:00:00+00:00,4363.5,4380.0,4344.0,4378.0,124697.0,present
2115,2025-04-02 18:00:00+00:00,4378.0,4424.0,4373.5,4415.5,77059.0,present
2116,2025-04-02 20:00:00+00:00,4416.0,4417.0,4400.5,4409.0,6218.0,present
2117,2025-04-02 22:00:00+00:00,4416.0,4416.666666666667,4405.666666666667,4411.333333333333,4185.666666666667,interpolated
2118,2025-04-03 00:00:00+00:00,4416.0,4416.333333333333,4410.833333333333,4413.666666666667,2153.3333333333335,interpolated
2119,2025-04-03 02:00:00+00:00,4416.0,4416.0,4416.0,4416.0,121.0,present
2120,2025-04-03 04:00:00+00:00,4418.5,4434.0,4391.5,4403.5,34555.0,present
2121,2025-04-03 06:00:00+00:00,4403.0,4403.0,4361.0,4368.0,52161.0,present
2122,2025-04-03 08:00:00+00:00,4368.0,4403.5,4351.0,4392.0,112561.0,present
2123,2025-04-03 10:00:00+00:00,4392.5,4396.0,4330.0,4338.0,100058.0,present
2124,2025-04-03 12:00:00+00:00,4337.0,4344.5,4234.0,4263.710460118287,227395.0,present
2125,2025-04-03 14:00:00+00:00,4252.0,4278.0,4211.0,4258.0,213469.0,present
2126,2025-04-03 16:00:00+00:00,4250.0,4274.0,4234.0,4254.0,61321.0,present
2127,2025-04-03 18:00:00+00:00,4253.5,4274.5,4241.0,4269.5,26894.0,present
2128,2025-04-03 20:00:00+00:00,4269.5,4291.0,4266.0,4291.0,31255.0,present
2129,2025-04-03 22:00:00+00:00,4278.0,4292.333333333333,4275.666666666667,4292.333333333333,23119.0,interpolated
2130,2025-04-04 00:00:00+00:00,4286.5,4293.666666666667,4285.333333333333,4293.666666666667,14983.0,interpolated
2131,2025-04-04 02:00:00+00:00,4295.0,4295.0,4295.0,4295.0,6847.0,present
2132,2025-04-04 04:00:00+00:00,4295.0,4309.5,4254.0,4268.0,70294.0,present
2133,2025-04-04 06:00:00+00:00,4267.0,4313.0,4231.0,4311.0,128270.0,present
2134,2025-04-04 08:00:00+00:00,4310.5,4311.0,4230.5,4237.172843146597,148232.0,present
2135,2025-04-04 10:00:00+00:00,4231.5,4247.0,4112.0,4202.5,417237.0,present
2136,2025-04-04 12:00:00+00:00,4200.0,4225.0,4150.0,4152.0,196030.0,present
2137,2025-04-04 14:00:00+00:00,4154.0,4160.0,4128.5,4130.0,160246.0,present
2138,2025-04-04 16:00:00+00:00,4130.0,4140.0,4067.0,4092.0,229143.0,present
2139,2025-04-04 18:00:00+00:00,4092.5,4138.0,4091.0,4123.0,47125.0,present
2140,2025-04-04 20:00:00+00:00,4121.5,4121.5,4075.5,4088.0,36033.0,present
2141,2025-04-04 22:00:00+00:00,4112.2,4113.8,4064.0,4074.0,40767.6,interpolated
2142,2025-04-05 00:00:00+00:00,4102.9,4106.1,4052.5,4060.0,45502.2,interpolated
2143,2025-04-05 02:00:00+00:00,4093.6,4098.4,4041.0,4046.0,50236.8,interpolated
2144,2025-04-05 04:00:00+00:00,4084.3,4090.7,4029.5,4032.0,54971.399999999994,interpolated
2145,2025-04-05 06:00:00+00:00,4075.0,4083.0,4018.0,4018.0,59706.0,present
2146,2025-04-05 08:00:00+00:00,4018.0,4044.0,4006.5,4040.0,28919.0,present
2147,2025-04-05 10:00:00+00:00,4038.0,4109.5,4038.0,4109.5,20860.0,present
2148,2025-04-05 12:00:00+00:00,4109.5,4118.0,4064.5,4090.5,19660.0,present
2149,2025-04-05 14:00:00+00:00,4094.5,4108.0,4081.0,4100.0,6538.0,present
2150,2025-04-05 16:00:00+00:00,4092.875,4111.1875,4080.9375,4103.1875,7279.875,interpolated
2151,2025-04-05 18:00:00+00:00,4091.25,4114.375,4080.875,4106.375,8021.75,interpolated
2152,2025-04-05 20:00:00+00:00,4089.625,4117.5625,4080.8125,4109.5625,8763.625,interpolated
2153,2025-04-05 22:00:00+00:00,4088.0,4120.75,4080.75,4112.75,9505.5,interpolated
2154,2025-04-06 00:00:00+00:00,4086.375,4123.9375,4080.6875,4115.9375,10247.375,interpolated
2155,2025-04-06 02:00:00+00:00,4084.75,4127.125,4080.625,4119.125,10989.25,interpolated
2156,2025-04-06 04:00:00+00:00,4083.125,4130.3125,4080.5625,4122.3125,11731.125,interpolated
2157,2025-04-06 06:00:00+00:00,4081.5,4133.5,4080.5,4125.5,12473.0,present
2158,2025-04-06 08:00:00+00:00,4125.5,4142.0,4115.5,4122.0,19017.0,present
2159,2025-04-06 10:00:00+00:00,4121.0,4136.0,4101.5,4136.0,14188.0,present
2160,2025-04-06 12:00:00+00:00,4136.0,4176.5,4130.0,4165.5,14850.0,present
2161,2025-04-06 14:00:00+00:00,4168.5,4190.0,4156.5,4189.0,27685.0,present
2162,2025-04-06 16:00:00+00:00,4158.75,4176.666666666667,4148.75,4177.0436882371105,23347.166666666668,interpolated
2163,2025-04-06 18:00:00+00:00,4149.0,4163.333333333333,4141.0,4165.087376474221,19009.333333333336,interpolated
2164,2025-04-06 20:00:00+00:00,4139.25,4150.0,4133.25,4153.131064711331,14671.5,interpolated
2165,2025-04-06 22:00:00+00:00,4129.5,4136.666666666667,4125.5,4141.174752948441,10333.666666666668,interpolated
2166,2025-04-07 00:00:00+00:00,4119.75,4123.333333333333,4117.75,4129.2184411855515,5995.833333333332,interpolated
2167,2025-04-07 02:00:00+00:00,4110.0,4110.0,4110.0,4117.262129422662,1658.0,present
2168,2025-04-07 04:00:00+00:00,4105.0,4149.5,3961.5,4054.0,241349.0,present
2169,2025-04-07 06:00:00+00:00,4054.0,4059.0,3917.0,4051.0,403808.0,present
2170,2025-04-07 08:00:00+00:00,4052.5,4095.0,3992.0,3994.0,212315.0,present
2171,2025-04-07 10:00:00+00:00,3994.0,4019.5,3940.0,3948.5,337020.0,present
2172,2025-04-07 12:00:00+00:00,3948.5,3999.0,3901.0,3998.5,368321.0,present
2173,2025-04-07 14:00:00+00:00,3996.5,4174.75,3960.0,4030.5,923008.0,present
2174,2025-04-07 16:00:00+00:00,4030.5,4066.5,3976.5,4065.0,104481.0,present
2175,2025-04-07 18:00:00+00:00,4065.0,4069.5,4033.0,4051.5,44249.0,present
2176,2025-04-07 20:00:00+00:00,4052.0,4070.0,4044.0,4069.0,8612.0,present
2177,2025-04-07 22:00:00+00:00,4068.0,4080.0,4062.6666666666665,4079.3333333333335,5793.0,interpolated
2178,2025-04-08 00:00:00+00:00,4084.0,4090.0,4081.3333333333335,4089.6666666666665,2974.0,interpolated
2179,2025-04-08 02:00:00+00:00,4100.0,4100.0,4100.0,4100.0,155.0,present
2180,2025-04-08 04:00:00+00:00,4100.0,4138.0,4087.5,4120.0,86100.0,present
2181,2025-04-08 06:00:00+00:00,4120.5,4126.0,4062.0,4098.0,118289.0,present
2182,2025-04-08 08:00:00+00:00,4097.5,4103.5,4038.5,4062.5,106805.0,present
2183,2025-04-08 10:00:00+00:00,4063.0,4123.5,4043.0,4123.0,122048.0,present
2184,2025-04-08 12:00:00+00:00,4123.0,4143.0,4084.0,4105.0,145612.0,present
2185,2025-04-08 14:00:00+00:00,4105.0,4109.5,4015.5,4034.7006543996245,169191.0,present
2186,2025-04-08 16:00:00+00:00,4020.0,4037.5,3953.0,3962.0,185332.0,present
2187,2025-04-08 18:00:00+00:00,3960.5,3978.0,3925.0,3974.5,133285.0,present
2188,2025-04-08 20:00:00+00:00,3975.0,3986.5,3950.0,3969.5,35225.0,present
2189,2025-04-08 22:00:00+00:00,3972.0,3979.6666666666665,3955.3333333333335,3968.3333333333335,23662.666666666664,interpolated
2190,2025-04-09 00:00:00+00:00,3969.0,3972.8333333333335,3960.6666666666665,3967.1666666666665,12100.333333333332,interpolated
2191,2025-04-09 02:00:00+00:00,3966.0,3966.0,3966.0,3966.0,538.0,present
2192,2025-04-09 04:00:00+00:00,3965.0,3992.0,3926.0,3931.5,92279.0,present
2193,2025-04-09 06:00:00+00:00,3930.0,3970.0,3927.0,3937.5,165532.0,present
2194,2025-04-09 08:00:00+00:00,3939.0,3956.5,3847.0,3870.0691417048774,271248.0,present
2195,2025-04-09 10:00:00+00:00,3856.5,3860.0,3770.0,3822.5,460877.0,present
2196,2025-04-09 12:00:00+00:00,3823.0,3911.5,3805.5,3889.10202864478,208048.0,present
2197,2025-04-09 14:00:00+00:00,3905.0,3939.0,3861.0,3890.0,165480.0,present
2198,2025-04-09 16:00:00+00:00,3900.0,4120.0,3876.5,3957.7781272539423,408371.0,present
2199,2025-04-09 18:00:00+00:00,4117.0,4122.0,4016.5,4106.5,237807.0,present
2200,2025-04-09 20:00:00+00:00,4106.0,4130.0,4101.5,4121.0,51881.0,present
2201,2025-04-09 22:00:00+00:00,4118.666666666667,4134.666666666667,4115.666666666667,4128.666666666667,35993.0,interpolated
2202,2025-04-10 00:00:00+00:00,4131.333333333333,4139.333333333333,4129.833333333333,4136.333333333333,20105.000000000004,interpolated
2203,2025-04-10 02:00:00+00:00,4144.0,4144.0,4144.0,4144.0,4217.0,present
2204,2025-04-10 04:00:00+00:00,4144.0,4144.0,4066.0,4113.5,138935.0,present
2205,2025-04-10 06:00:00+00:00,4111.0,4142.0,4035.5,4048.5,193731.0,present
2206,2025-04-10 08:00:00+00:00,4048.5,4088.5,4040.5,4080.0,84290.0,present
2207,2025-04-10 10:00:00+00:00,4080.5,4108.0,4053.0,4075.5,98202.0,present
2208,2025-04-10 12:00:00+00:00,4075.5,4113.0,4047.0,4049.0,157902.0,present
2209,2025-04-10 14:00:00+00:00,4048.5,4101.0,4044.5,4084.5,80135.0,present
2210,2025-04-10 16:00:00+00:00,4080.0,4090.0,4022.5,4080.0,110283.0,present
2211,2025-04-10 18:00:00+00:00,4079.5,4091.0,4058.5,4079.5,47509.0,present
2212,2025-04-10 20:00:00+00:00,4077.5,4079.5,4063.5,4064.5,5055.0,present
2213,2025-04-10 22:00:00+00:00,4073.1666666666665,4074.5,4063.8333333333335,4064.5,3409.333333333333,interpolated
2214,2025-04-11 00:00:00+00:00,4068.8333333333335,4069.5,4064.1666666666665,4064.5,1763.6666666666665,interpolated
2215,2025-04-11 02:00:00+00:00,4064.5,4064.5,4064.5,4064.5,118.0,present
2216,2025-04-11 04:00:00+00:00,4065.0,4100.0,4065.0,4089.5,26191.0,present
2217,2025-04-11 06:00:00+00:00,4089.0,4182.0,4088.0,4160.754152032133,377658.0,present
2218,2025-04-11 08:00:00+00:00,4170.0,4224.0,4129.5,4180.5,336637.0,present
2219,2025-04-11 10:00:00+00:00,4180.0,4195.0,4151.5,4173.0,81648.0,present
2220,2025-04-11 12:00:00+00:00,4174.0,4188.0,4121.5,4124.5,104709.0,present
2221,2025-04-11 14:00:00+00:00,4126.0,4169.0,4108.5,4169.0,99003.0,present
2222,2025-04-11 16:00:00+00:00,4168.0,4185.0,4142.0,4172.5,53932.0,present
2223,2025-04-11 18:00:00+00:00,4171.0,4180.0,4166.0,4177.5,52243.0,present
2224,2025-04-11 20:00:00+00:00,4178.0,4180.0,4174.5,4176.0,7498.0,present
2225,2025-04-11 22:00:00+00:00,4178.4,4188.0,4175.6,4184.6,10221.6,interpolated
2226,2025-04-12 00:00:00+00:00,4178.8,4196.0,4176.7,4193.2,12945.2,interpolated
2227,2025-04-12 02:00:00+00:00,4179.2,4204.0,4177.8,4201.8,15668.8,interpolated
2228,2025-04-12 04:00:00+00:00,4179.6,4212.0,4178.9,4210.4,18392.4,interpolated
2229,2025-04-12 06:00:00+00:00,4180.0,4220.0,4180.0,4219.0,21116.0,present
2230,2025-04-12 08:00:00+00:00,4218.5,4220.0,4208.0,4217.0,14729.0,present
2231,2025-04-12 10:00:00+00:00,4217.0,4225.0,4209.0,4209.5,12247.0,present
2232,2025-04-12 12:00:00+00:00,4210.0,4220.0,4203.0,4217.0,8273.0,present
2233,2025-04-12 14:00:00+00:00,4216.5,4228.0,4208.0,4223.0,21559.0,present
2234,2025-04-12 16:00:00+00:00,4219.6875,4233.625,4210.625,4228.8125,21731.875,interpolated
2235,2025-04-12 18:00:00+00:00,4222.875,4239.25,4213.25,4234.625,21904.75,interpolated
2236,2025-04-12 20:00:00+00:00,4226.0625,4244.875,4215.875,4240.4375,22077.625,interpolated
2237,2025-04-12 22:00:00+00:00,4229.25,4250.5,4218.5,4246.25,22250.5,interpolated
2238,2025-04-13 00:00:00+00:00,4232.4375,4256.125,4221.125,4252.0625,22423.375,interpolated
2239,2025-04-13 02:00:00+00:00,4235.625,4261.75,4223.75,4257.875,22596.25,interpolated
2240,2025-04-13 04:00:00+00:00,4238.8125,4267.375,4226.375,4263.6875,22769.125,interpolated
2241,2025-04-13 06:00:00+00:00,4242.0,4273.0,4229.0,4269.5,22942.0,present
2242,2025-04-13 08:00:00+00:00,4269.5,4285.0,4264.0,4273.0,22742.0,present
2243,2025-04-13 10:00:00+00:00,4273.0,4279.5,4268.5,4279.5,11394.0,present
2244,2025-04-13 12:00:00+00:00,4279.5,4294.0,4277.0,4291.0,27363.0,present
2245,2025-04-13 14:00:00+00:00,4291.0,4294.0,4266.5,4286.0,38612.0,present
2246,2025-04-13 16:00:00+00:00,4287.5,4290.0,4267.083333333333,4283.333333333333,32411.0,interpolated
2247,2025-04-13 18:00:00+00:00,4284.0,4286.0,4267.666666666667,4280.666666666667,26210.0,interpolated
2248,2025-04-13 20:00:00+00:00,4280.5,4282.0,4268.25,4278.0,20009.0,interpolated
2249,2025-04-13 22:00:00+00:00,4277.0,4278.0,4268.833333333333,4275.333333333333,13808.0,interpolated
2250,2025-04-14 00:00:00+00:00,4273.5,4274.0,4269.416666666667,4272.666666666667,7607.0,interpolated
2251,2025-04-14 02:00:00+00:00,4270.0,4270.0,4270.0,4270.0,1406.0,present
2252,2025-04-14 04:00:00+00:00,4271.0,4271.0,4217.0,4235.0,74759.0,present
2253,2025-04-14 06:00:00+00:00,4234.5,4235.0,4180.5,4190.5,83751.0,present
2254,2025-04-14 08:00:00+00:00,4190.0,4217.0,4180.5,4200.5,73654.0,present
2255,2025-04-14 10:00:00+00:00,4200.5,4222.0,4188.0,4196.0,43226.0,present
2256,2025-04-14 12:00:00+00:00,4194.5,4194.5,4157.0,4163.0,79080.0,present
2257,2025-04-14 14:00:00+00:00,4163.0,4203.5,4162.5,4170.0,44146.0,present
2258,2025-04-14 16:00:00+00:00,4170.0,4174.5,4118.0,4121.5,80852.0,present
2259,2025-04-14 18:00:00+00:00,4123.0,4143.5,4091.5,4130.0,60920.0,present
2260,2025-04-14 20:00:00+00:00,4131.0,4131.0,4112.5,4119.5,8377.0,present
2261,2025-04-14 22:00:00+00:00,4132.5,4132.5,4120.166666666667,4124.833333333333,5619.0,interpolated
2262,2025-04-15 00:00:00+00:00,4134.0,4134.0,4127.833333333333,4130.166666666667,2861.0,interpolated
2263,2025-04-15 02:00:00+00:00,4135.5,4135.5,4135.5,4135.5,103.0,present
2264,2025-04-15 04:00:00+00:00,4135.0,4145.5,4111.0,4121.0,18908.0,present
2265,2025-04-15 06:00:00+00:00,4120.5,4165.5,4111.0,4157.0,110099.0,present
2266,2025-04-15 08:00:00+00:00,4157.0,4169.0,4136.0,4148.5,50008.0,present
2267,2025-04-15 10:00:00+00:00,4148.5,4155.5,4112.0,4133.0,41236.0,present
2268,2025-04-15 12:00:00+00:00,4131.5,4169.0,4126.0,4157.0,46052.0,present
2269,2025-04-15 14:00:00+00:00,4157.5,4190.0,4144.5,4150.0,63273.0,present
2270,2025-04-15 16:00:00+00:00,4150.0,4170.0,4149.0,4166.0,10535.0,present
2271,2025-04-15 18:00:00+00:00,4166.0,4194.5,4161.0,4184.5,29699.0,present
2272,2025-04-15 20:00:00+00:00,4185.0,4199.5,4184.5,4193.0,12386.0,present
2273,2025-04-15 22:00:00+00:00,4185.166666666667,4194.833333333333,4184.833333333333,4190.5,8379.0,interpolated
2274,2025-04-16 00:00:00+00:00,4185.333333333333,4190.166666666667,4185.166666666667,4188.0,4371.999999999999,interpolated
2275,2025-04-16 02:00:00+00:00,4185.5,4185.5,4185.5,4185.5,365.0,present
2276,2025-04-16 04:00:00+00:00,4185.5,4199.0,4174.0,4183.0,24599.0,present
2277,2025-04-16 06:00:00+00:00,4184.0,4186.0,4152.0,4157.0,75417.0,present
2278,2025-04-16 08:00:00+00:00,4157.0,4244.0,4132.0,4229.430250641295,126916.0,present
2279,2025-04-16 10:00:00+00:00,4235.0,4268.5,4228.0,4244.0,110680.0,present
2280,2025-04-16 12:00:00+00:00,4244.0,4262.0,4225.0,4261.0,65001.0,present
2281,2025-04-16 14:00:00+00:00,4261.0,4285.0,4250.0,4255.0,83992.0,present
2282,2025-04-16 16:00:00+00:00,4256.0,4266.5,4209.0,4211.0,58706.0,present
2283,2025-04-16 18:00:00+00:00,4212.0,4240.0,4211.0,4229.0,24998.0,present
2284,2025-04-16 20:00:00+00:00,4229.0,4235.0,4226.0,4229.5,3167.0,present
2285,2025-04-16 22:00:00+00:00,4230.0,4234.0,4228.0,4230.333333333333,2113.666666666667,interpolated
2286,2025-04-17 00:00:00+00:00,4231.0,4233.0,4230.0,4231.166666666667,1060.3333333333335,interpolated
2287,2025-04-17 02:00:00+00:00,4232.0,4232.0,4232.0,4232.0,7.0,present
2288,2025-04-17 04:00:00+00:00,4234.0,4273.5,4232.0,4268.5,29188.0,present
2289,2025-04-17 06:00:00+00:00,4267.5,4272.0,4242.5,4255.5,42680.0,present
2290,2025-04-17 08:00:00+00:00,4255.0,4280.0,4232.5,4237.0,90318.0,present
2291,2025-04-17 10:00:00+00:00,4237.0,4245.0,4219.5,4240.5,66140.0,present
2292,2025-04-17 12:00:00+00:00,4241.0,4260.0,4221.0,4225.5,61918.0,present
2293,2025-04-17 14:00:00+00:00,4225.5,4225.5,4140.5,4202.0,298177.0,present
2294,2025-04-17 16:00:00+00:00,4202.5,4256.0,4174.0,4234.5,124576.0,present
2295,2025-04-17 18:00:00+00:00,4234.5,4260.0,4220.5,4240.0,86519.0,present
2296,2025-04-17 20:00:00+00:00,4240.5,4260.0,4240.0,4252.5,16077.0,present
2297,2025-04-17 22:00:00+00:00,4227.333333333333,4240.333333333333,4227.0,4235.333333333333,11589.0,interpolated
2298,2025-04-18 00:00:00+00:00,4214.166666666667,4220.666666666667,4214.0,4218.166666666667,7101.0,interpolated
2299,2025-04-18 02:00:00+00:00,4201.0,4201.0,4201.0,4201.0,2613.0,present
2300,2025-04-18 04:00:00+00:00,4205.0,4215.5,4170.0,4189.0,58290.0,present
2301,2025-04-18 06:00:00+00:00,4189.5,4227.0,4189.0,4202.0,55802.0,present
2302,2025-04-18 08:00:00+00:00,4201.5,4208.5,4170.0,4175.5,135330.0,present
2303,2025-04-18 10:00:00+00:00,4175.5,4192.0,4150.0,4181.0,145907.0,present
2304,2025-04-18 12:00:00+00:00,4181.0,4219.0,4175.0,4200.0,204355.0,present
2305,2025-04-18 14:00:00+00:00,4200.0,4235.0,4200.0,4210.5,92539.0,present
2306,2025-04-18 16:00:00+00:00,4210.5,4230.0,4200.0,4203.5,31837.0,present
2307,2025-04-18 18:00:00+00:00,4203.0,4211.0,4200.0,4201.5,11725.0,present
2308,2025-04-18 20:00:00+00:00,4201.5,4205.0,4200.0,4200.0,8715.0,present
2309,2025-04-18 22:00:00+00:00,4201.907407407408,4205.277777777777,4200.462962962963,4200.462962962963,8407.407407407407,interpolated
2310,2025-04-19 00:00:00+00:00,4202.314814814815,4205.555555555556,4200.925925925926,4200.925925925926,8099.814814814815,interpolated
2311,2025-04-19 02:00:00+00:00,4202.722222222223,4205.833333333333,4201.388888888889,4201.388888888889,7792.222222222223,interpolated
2312,2025-04-19 04:00:00+00:00,4203.12962962963,4206.111111111111,4201.851851851852,4201.851851851852,7484.62962962963,interpolated
2313,2025-04-19 06:00:00+00:00,4203.537037037037,4206.388888888889,4202.314814814815,4202.314814814815,7177.0370370370365,interpolated
2314,2025-04-19 08:00:00+00:00,4203.944444444444,4206.666666666667,4202.777777777777,4202.777777777777,6869.444444444444,interpolated
2315,2025-04-19 10:00:00+00:00,4204.351851851852,4206.944444444444,4203.240740740741,4203.240740740741,6561.851851851852,interpolated
2316,2025-04-19 12:00:00+00:00,4204.759259259259,4207.222222222223,4203.7037037037035,4203.7037037037035,6254.259259259259,interpolated
2317,2025-04-19 14:00:00+00:00,4205.166666666667,4207.5,4204.166666666667,4204.166666666667,5946.666666666666,interpolated
2318,2025-04-19 16:00:00+00:00,4205.574074074074,4207.777777777777,4204.62962962963,4204.62962962963,5639.074074074074,interpolated
2319,2025-04-19 18:00:00+00:00,4205.981481481482,4208.055555555556,4205.092592592592,4205.092592592592,5331.481481481482,interpolated
2320,2025-04-19 20:00:00+00:00,4206.388888888889,4208.333333333333,4205.555555555556,4205.555555555556,5023.888888888889,interpolated
2321,2025-04-19 22:00:00+00:00,4206.7962962962965,4208.611111111111,4206.018518518518,4206.018518518518,4716.296296296296,interpolated
2322,2025-04-20 00:00:00+00:00,4207.2037037037035,4208.888888888889,4206.481481481482,4206.481481481482,4408.7037037037035,interpolated
2323,2025-04-20 02:00:00+00:00,4207.611111111111,4209.166666666667,4206.944444444444,4206.944444444444,4101.111111111111,interpolated
2324,2025-04-20 04:00:00+00:00,4208.018518518518,4209.444444444444,4207.407407407408,4207.407407407408,3793.5185185185182,interpolated
2325,2025-04-20 06:00:00+00:00,4208.425925925926,4209.722222222223,4207.87037037037,4207.87037037037,3485.925925925926,interpolated
2326,2025-04-20 08:00:00+00:00,4208.833333333333,4210.0,4208.333333333333,4208.333333333333,3178.333333333333,interpolated
2327,2025-04-20 10:00:00+00:00,4209.240740740741,4210.277777777777,4208.7962962962965,4208.7962962962965,2870.740740740741,interpolated
2328,2025-04-20 12:00:00+00:00,4209.648148148148,4210.555555555556,4209.259259259259,4209.259259259259,2563.148148148148,interpolated
2329,2025-04-20 14:00:00+00:00,4210.055555555556,4210.833333333333,4209.722222222223,4209.722222222223,2255.5555555555557,interpolated
2330,2025-04-20 16:00:00+00:00,4210.462962962963,4211.111111111111,4210.185185185185,4210.185185185185,1947.9629629629626,interpolated
2331,2025-04-20 18:00:00+00:00,4210.87037037037,4211.388888888889,4210.648148148148,4210.648148148148,1640.3703703703704,interpolated
2332,2025-04-20 20:00:00+00:00,4211.277777777777,4211.666666666667,4211.111111111111,4211.111111111111,1332.7777777777774,interpolated
2333,2025-04-20 22:00:00+00:00,4211.685185185185,4211.944444444444,4211.574074074074,4211.574074074074,1025.1851851851852,interpolated
2334,2025-04-21 00:00:00+00:00,4212.092592592592,4212.222222222223,4212.037037037037,4212.037037037037,717.5925925925922,interpolated
2335,2025-04-21 02:00:00+00:00,4212.5,4212.5,4212.5,4212.5,410.0,present
2336,2025-04-21 04:00:00+00:00,4215.0,4237.0,4210.5,4237.0,20758.0,present
2337,2025-04-21 06:00:00+00:00,4236.5,4258.5,4230.0,4244.5,65564.0,present
2338,2025-04-21 08:00:00+00:00,4244.5,4312.0,4244.5,4307.5,175668.0,present
2339,2025-04-21 10:00:00+00:00,4306.5,4336.0,4292.5,4301.0,209895.0,present
2340,2025-04-21 12:00:00+00:00,4301.5,4321.0,4270.5,4271.0,153835.0,present
2341,2025-04-21 14:00:00+00:00,4271.5,4317.0,4266.0,4313.5,132791.0,present
2342,2025-04-21 16:00:00+00:00,4315.0,4330.0,4315.0,4315.0,55351.0,present
2343,2025-04-21 18:00:00+00:00,4315.0,4320.0,4303.0,4305.0,33378.0,present
2344,2025-04-21 20:00:00+00:00,4304.5,4313.5,4299.0,4313.5,11002.0,present
2345,2025-04-21 22:00:00+00:00,4307.833333333333,4313.833333333333,4304.166666666667,4313.833333333333,7356.666666666667,interpolated
2346,2025-04-22 00:00:00+00:00,4311.166666666667,4314.166666666667,4309.333333333333,4314.166666666667,3711.333333333334,interpolated
2347,2025-04-22 02:00:00+00:00,4314.5,4314.5,4314.5,4314.5,66.0,present
2348,2025-04-22 04:00:00+00:00,4315.5,4341.5,4312.0,4334.0,46076.0,present
2349,2025-04-22 06:00:00+00:00,4333.5,4344.0,4317.0,4318.5,77145.0,present
2350,2025-04-22 08:00:00+00:00,4320.0,4325.0,4302.0,4316.5,72370.0,present
2351,2025-04-22 10:00:00+00:00,4315.0,4325.5,4305.0,4307.5,43689.0,present
2352,2025-04-22 12:00:00+00:00,4307.0,4340.0,4307.0,4330.0,70431.0,present
2353,2025-04-22 14:00:00+00:00,4330.0,4346.5,4321.0,4340.5,55461.0,present
2354,2025-04-22 16:00:00+00:00,4340.5,4367.5,4322.0,4363.0,98405.0,present
2355,2025-04-22 18:00:00+00:00,4363.0,4403.5,4358.0,4373.0,135940.0,present
2356,2025-04-22 20:00:00+00:00,4372.0,4380.5,4355.0,4362.5,27985.0,present
2357,2025-04-22 22:00:00+00:00,4368.833333333333,4374.5,4357.5,4362.5,18813.0,interpolated
2358,2025-04-23 00:00:00+00:00,4365.666666666667,4368.5,4360.0,4362.5,9641.0,interpolated
2359,2025-04-23 02:00:00+00:00,4362.5,4362.5,4362.5,4362.5,469.0,present
2360,2025-04-23 04:00:00+00:00,4362.5,4382.0,4301.0,4302.5,53667.0,present
2361,2025-04-23 06:00:00+00:00,4302.5,4303.0,4182.0,4228.818408174028,481268.0,present
2362,2025-04-23 08:00:00+00:00,4208.5,4248.5,4202.0,4241.5,158188.0,present
2363,2025-04-23 10:00:00+00:00,4241.5,4272.5,4227.0,4270.0,132150.0,present
2364,2025-04-23 12:00:00+00:00,4270.0,4280.0,4238.0,4267.5,68623.0,present
2365,2025-04-23 14:00:00+00:00,4267.5,4301.0,4251.5,4301.0,87245.0,present
2366,2025-04-23 16:00:00+00:00,4301.0,4323.5,4274.0,4306.0,77556.0,present
2367,2025-04-23 18:00:00+00:00,4305.5,4309.5,4278.5,4283.0,23609.0,present
2368,2025-04-23 20:00:00+00:00,4281.5,4288.5,4275.5,4285.0,6647.0,present
2369,2025-04-23 22:00:00+00:00,4287.0,4291.666666666667,4283.0,4289.333333333333,4499.666666666666,interpolated
2370,2025-04-24 00:00:00+00:00,4292.5,4294.833333333333,4290.5,4293.666666666667,2352.333333333333,interpolated
2371,2025-04-24 02:00:00+00:00,4298.0,4298.0,4298.0,4298.0,205.0,present
2372,2025-04-24 04:00:00+00:00,4287.0,4318.5,4245.0,4316.5,29557.0,present
2373,2025-04-24 06:00:00+00:00,4316.5,4360.0,4308.0,4357.5,96928.0,present
2374,2025-04-24 08:00:00+00:00,4358.0,4370.0,4334.0,4370.0,83846.0,present
2375,2025-04-24 10:00:00+00:00,4370.0,4372.5,4335.5,4341.0,92831.0,present
2376,2025-04-24 12:00:00+00:00,4340.0,4356.5,4308.0,4310.0,92413.0,present
2377,2025-04-24 14:00:00+00:00,4310.0,4320.5,4268.0,4308.0,127736.0,present
2378,2025-04-24 16:00:00+00:00,4308.0,4321.0,4273.0,4297.0,32269.0,present
2379,2025-04-24 18:00:00+00:00,4299.5,4300.0,4275.0,4284.5,25377.0,present
2380,2025-04-24 20:00:00+00:00,4285.0,4293.0,4285.0,4293.0,3584.0,present
2381,2025-04-24 22:00:00+00:00,4290.166666666667,4295.5,4290.166666666667,4295.5,2412.666666666667,interpolated
2382,2025-04-25 00:00:00+00:00,4295.333333333333,4298.0,4295.333333333333,4298.0,1241.3333333333335,interpolated
2383,2025-04-25 02:00:00+00:00,4300.5,4300.5,4300.5,4300.5,70.0,present
2384,2025-04-25 04:00:00+00:00,4301.5,4358.5,4300.5,4356.0,50503.0,present
2385,2025-04-25 06:00:00+00:00,4355.0,4363.0,4325.5,4332.5,92712.0,present
2386,2025-04-25 08:00:00+00:00,4332.5,4344.5,4294.5,4342.0,133805.0,present
2387,2025-04-25 10:00:00+00:00,4342.5,4351.0,4294.0,4340.5,158778.0,present
2388,2025-04-25 12:00:00+00:00,4340.0,4359.0,4330.0,4342.0,99410.0,present
2389,2025-04-25 14:00:00+00:00,4342.0,4374.0,4340.0,4356.0,117471.0,present
2390,2025-04-25 16:00:00+00:00,4355.0,4365.5,4335.5,4338.5,37745.0,present
2391,2025-04-25 18:00:00+00:00,4338.5,4359.5,4338.0,4352.5,41425.0,present
2392,2025-04-25 20:00:00+00:00,4353.0,4373.5,4353.0,4371.5,27619.0,present
2393,2025-04-25 22:00:00+00:00,4351.888888888889,4371.62962962963,4351.888888888889,4369.7037037037035,26691.59259259259,interpolated
2394,2025-04-26 00:00:00+00:00,4350.777777777777,4369.759259259259,4350.777777777777,4367.907407407408,25764.185185185186,interpolated
2395,2025-04-26 02:00:00+00:00,4349.666666666667,4367.888888888889,4349.666666666667,4366.111111111111,24836.777777777777,interpolated
2396,2025-04-26 04:00:00+00:00,4348.555555555556,4366.018518518518,4348.555555555556,4364.314814814815,23909.370370370372,interpolated
2397,2025-04-26 06:00:00+00:00,4347.444444444444,4364.148148148148,4347.444444444444,4362.518518518518,22981.962962962964,interpolated
2398,2025-04-26 08:00:00+00:00,4346.333333333333,4362.277777777777,4346.333333333333,4360.722222222223,22054.555555555555,interpolated
2399,2025-04-26 10:00:00+00:00,4345.222222222223,4360.407407407408,4345.222222222223,4358.925925925926,21127.148148148146,interpolated
2400,2025-04-26 12:00:00+00:00,4344.111111111111,4358.537037037037,4344.111111111111,4357.12962962963,20199.74074074074,interpolated
2401,2025-04-26 14:00:00+00:00,4343.0,4356.666666666667,4343.0,4355.333333333333,19272.333333333336,interpolated
2402,2025-04-26 16:00:00+00:00,4341.888888888889,4354.7962962962965,4341.888888888889,4353.537037037037,18344.925925925927,interpolated
2403,2025-04-26 18:00:00+00:00,4340.777777777777,4352.925925925926,4340.777777777777,4351.740740740741,17417.51851851852,interpolated
2404,2025-04-26 20:00:00+00:00,4339.666666666667,4351.055555555556,4339.666666666667,4349.944444444444,16490.11111111111,interpolated
2405,2025-04-26 22:00:00+00:00,4338.555555555556,4349.185185185185,4338.555555555556,4348.148148148148,15562.703703703704,interpolated
2406,2025-04-27 00:00:00+00:00,4337.444444444444,4347.314814814815,4337.444444444444,4346.351851851852,14635.296296296296,interpolated
2407,2025-04-27 02:00:00+00:00,4336.333333333333,4345.444444444444,4336.333333333333,4344.555555555556,13707.888888888889,interpolated
2408,2025-04-27 04:00:00+00:00,4335.222222222223,4343.574074074074,4335.222222222223,4342.759259259259,12780.481481481482,interpolated
2409,2025-04-27 06:00:00+00:00,4334.111111111111,4341.7037037037035,4334.111111111111,4340.962962962963,11853.074074074075,interpolated
2410,2025-04-27 08:00:00+00:00,4333.0,4339.833333333333,4333.0,4339.166666666667,10925.666666666668,interpolated
2411,2025-04-27 10:00:00+00:00,4331.888888888889,4337.962962962963,4331.888888888889,4337.37037037037,9998.25925925926,interpolated
2412,2025-04-27 12:00:00+00:00,4330.777777777777,4336.092592592592,4330.777777777777,4335.574074074074,9070.85185185185,interpolated
2413,2025-04-27 14:00:00+00:00,4329.666666666667,4334.222222222223,4329.666666666667,4333.777777777777,8143.444444444445,interpolated
2414,2025-04-27 16:00:00+00:00,4328.555555555556,4332.351851851852,4328.555555555556,4331.981481481482,7216.0370370370365,interpolated
2415,2025-04-27 18:00:00+00:00,4327.444444444444,4330.481481481482,4327.444444444444,4330.185185185185,6288.629629629631,interpolated
2416,2025-04-27 20:00:00+00:00,4326.333333333333,4328.611111111111,4326.333333333333,4328.388888888889,5361.222222222223,interpolated
2417,2025-04-27 22:00:00+00:00,4325.222222222223,4326.740740740741,4325.222222222223,4326.592592592592,4433.814814814814,interpolated
2418,2025-04-28 00:00:00+00:00,4324.111111111111,4324.87037037037,4324.111111111111,4324.7962962962965,3506.4074074074088,interpolated
2419,2025-04-28 02:00:00+00:00,4323.0,4323.0,4323.0,4323.0,2579.0,present
2420,2025-04-28 04:00:00+00:00,4322.5,4341.5,4302.0,4320.5,58878.0,present
2421,2025-04-28 06:00:00+00:00,4320.5,4322.5,4283.5,4291.5,102588.0,present
2422,2025-04-28 08:00:00+00:00,4291.5,4303.5,4276.5,4280.0,71318.0,present
2423,2025-04-28 10:00:00+00:00,4280.0,4350.0,4237.0,4337.5,312807.0,present
2424,2025-04-28 12:00:00+00:00,4337.5,4343.0,4293.0,4294.5,76213.0,present
2425,2025-04-28 14:00:00+00:00,4296.0,4358.0,4293.5,4358.0,115289.0,present
2426,2025-04-28 16:00:00+00:00,4353.5,4356.5,4304.0,4320.5,55430.0,present
2427,2025-04-28 18:00:00+00:00,4320.5,4320.5,4275.0,4280.5,46385.0,present
2428,2025-04-28 20:00:00+00:00,4280.5,4283.0,4278.5,4283.0,5900.0,present
2429,2025-04-28 22:00:00+00:00,4281.333333333333,4283.0,4280.0,4283.0,3976.0,interpolated
2430,2025-04-29 00:00:00+00:00,4282.166666666667,4283.0,4281.5,4283.0,2052.0,interpolated
2431,2025-04-29 02:00:00+00:00,4283.0,4283.0,4283.0,4283.0,128.0,present
2432,2025-04-29 04:00:00+00:00,4285.0,4316.5,4282.5,4298.0,24468.0,present
2433,2025-04-29 06:00:00+00:00,4298.0,4302.5,4253.0,4267.5,66426.0,present
2434,2025-04-29 08:00:00+00:00,4268.0,4274.0,4210.0,4220.0,102060.0,present
2435,2025-04-29 10:00:00+00:00,4219.5,4220.0,4188.5,4197.5,96356.0,present
2436,2025-04-29 12:00:00+00:00,4196.5,4225.0,4191.5,4213.5,65297.0,present
2437,2025-04-29 14:00:00+00:00,4213.5,4227.0,4183.0,4191.0,75194.0,present
2438,2025-04-29 16:00:00+00:00,4195.0,4195.0,4133.5,4168.5,81277.0,present
2439,2025-04-29 18:00:00+00:00,4166.5,4168.5,4135.0,4141.5,19531.0,present
2440,2025-04-29 20:00:00+00:00,4141.5,4158.0,4131.5,4155.0,8271.0,present
2441,2025-04-29 22:00:00+00:00,4146.0,4157.0,4139.333333333333,4155.0,5524.0,interpolated
2442,2025-04-30 00:00:00+00:00,4150.5,4156.0,4147.166666666667,4155.0,2777.0,interpolated
2443,2025-04-30 02:00:00+00:00,4155.0,4155.0,4155.0,4155.0,30.0,present
2444,2025-04-30 04:00:00+00:00,4154.0,4157.0,3993.0,4084.0,116651.0,present
2445,2025-04-30 06:00:00+00:00,4085.0,4121.5,4050.0,4114.0,111324.0,present
2446,2025-04-30 08:00:00+00:00,4114.0,4128.5,4079.0,4123.5,74630.0,present
2447,2025-04-30 10:00:00+00:00,4123.0,4194.5,4118.5,4193.0,89712.0,present
2448,2025-04-30 12:00:00+00:00,4193.5,4211.0,4090.0,4121.193628233283,136509.0,present
2449,2025-04-30 14:00:00+00:00,4100.0,4126.5,4075.5,4107.5,108441.0,present
2450,2025-04-30 16:00:00+00:00,4108.0,4114.5,4063.5,4094.0,40236.0,present
2451,2025-04-30 18:00:00+00:00,4096.0,4120.0,4086.5,4114.0,25580.0,present
2452,2025-04-30 20:00:00+00:00,4114.0,4116.0,4101.5,4106.0,9504.0,present
2453,2025-04-30 22:00:00+00:00,4113.6,4115.466666666666,4101.933333333333,4106.133333333333,8874.666666666666,interpolated
2454,2025-05-01 00:00:00+00:00,4113.2,4114.933333333333,4102.366666666667,4106.266666666666,8245.333333333334,interpolated
2455,2025-05-01 02:00:00+00:00,4112.8,4114.4,4102.8,4106.4,7616.0,interpolated
2456,2025-05-01 04:00:00+00:00,4112.4,4113.866666666667,4103.233333333334,4106.533333333334,6986.666666666666,interpolated
2457,2025-05-01 06:00:00+00:00,4112.0,4113.333333333333,4103.666666666667,4106.666666666667,6357.333333333333,interpolated
2458,2025-05-01 08:00:00+00:00,4111.6,4112.8,4104.1,4106.8,5728.0,interpolated
2459,2025-05-01 10:00:00+00:00,4111.2,4112.266666666666,4104.533333333334,4106.933333333333,5098.666666666667,interpolated
2460,2025-05-01 12:00:00+00:00,4110.8,4111.733333333334,4104.966666666666,4107.066666666667,4469.333333333333,interpolated
2461,2025-05-01 14:00:00+00:00,4110.4,4111.2,4105.4,4107.2,3840.0,interpolated
2462,2025-05-01 16:00:00+00:00,4110.0,4110.666666666667,4105.833333333333,4107.333333333333,3210.666666666666,interpolated
2463,2025-05-01 18:00:00+00:00,4109.6,4110.133333333333,4106.266666666666,4107.466666666666,2581.333333333333,interpolated
2464,2025-05-01 20:00:00+00:00,4109.2,4109.6,4106.7,4107.6,1952.0,interpolated
2465,2025-05-01 22:00:00+00:00,4108.8,4109.066666666667,4107.133333333333,4107.733333333334,1322.666666666666,interpolated
2466,2025-05-02 00:00:00+00:00,4108.4,4108.533333333334,4107.566666666667,4107.866666666667,693.3333333333339,interpolated
2467,2025-05-02 02:00:00+00:00,4108.0,4108.0,4108.0,4108.0,64.0,present
2468,2025-05-02 04:00:00+00:00,4113.0,4113.0,4033.0,4053.0,51229.0,present
2469,2025-05-02 06:00:00+00:00,4053.0,4053.5,4001.0,4003.0,86008.0,present
2470,2025-05-02 08:00:00+00:00,4003.0,4024.0,3995.0,4018.5,63093.0,present
2471,2025-05-02 10:00:00+00:00,4018.5,4028.5,4011.0,4017.0,19261.0,present
2472,2025-05-02 12:00:00+00:00,4017.0,4022.0,3987.0,4001.5,47431.0,present
2473,2025-05-02 14:00:00+00:00,4002.5,4004.0,3900.0,3932.9731226748104,165918.0,present
2474,2025-05-02 16:00:00+00:00,3929.0,3941.5,3913.5,3925.5,66255.0,present
2475,2025-05-02 18:00:00+00:00,3927.0,3944.5,3924.5,3928.5,17307.0,present
2476,2025-05-02 20:00:00+00:00,3929.5,3943.0,3901.0,3905.5,44969.0,present
2477,2025-05-02 22:00:00+00:00,3931.6,3944.2,3902.6,3913.8,40125.6,interpolated
2478,2025-05-03 00:00:00+00:00,3933.7,3945.4,3904.2,3922.1,35282.2,interpolated
2479,2025-05-03 02:00:00+00:00,3935.8,3946.6,3905.8,3930.4,30438.8,interpolated
2480,2025-05-03 04:00:00+00:00,3937.9,3947.8,3907.4,3938.7,25595.4,interpolated
2481,2025-05-03 06:00:00+00:00,3940.0,3949.0,3909.0,3947.0,20752.0,present
2482,2025-05-03 08:00:00+00:00,3946.0,3960.0,3935.5,3945.0,21076.0,present
2483,2025-05-03 10:00:00+00:00,3945.0,3948.0,3937.0,3948.0,6185.0,present
2484,2025-05-03 12:00:00+00:00,3947.5,3950.0,3936.0,3939.0,5869.0,present
2485,2025-05-03 14:00:00+00:00,3939.0,3947.0,3937.0,3940.5,7264.0,present
2486,2025-05-03 16:00:00+00:00,3939.75,3948.125,3937.375,3941.4375,7032.75,interpolated
2487,2025-05-03 18:00:00+00:00,3940.5,3949.25,3937.75,3942.375,6801.5,interpolated
2488,2025-05-03 20:00:00+00:00,3941.25,3950.375,3938.125,3943.3125,6570.25,interpolated
2489,2025-05-03 22:00:00+00:00,3942.0,3951.5,3938.5,3944.25,6339.0,interpolated
2490,2025-05-04 00:00:00+00:00,3942.75,3952.625,3938.875,3945.1875,6107.75,interpolated
2491,2025-05-04 02:00:00+00:00,3943.5,3953.75,3939.25,3946.125,5876.5,interpolated
2492,2025-05-04 04:00:00+00:00,3944.25,3954.875,3939.625,3947.0625,5645.25,interpolated
2493,2025-05-04 06:00:00+00:00,3945.0,3956.0,3940.0,3948.0,5414.0,present
2494,2025-05-04 08:00:00+00:00,3948.5,3976.0,3944.0,3966.0,13538.0,present
2495,2025-05-04 10:00:00+00:00,3965.5,3975.0,3960.0,3970.0,10780.0,present
2496,2025-05-04 12:00:00+00:00,3970.0,3971.0,3952.0,3954.0,10810.0,present
2497,2025-05-04 14:00:00+00:00,3954.0,3957.5,3941.0,3948.5,10175.0,present
2498,2025-05-04 16:00:00+00:00,3954.0,3956.9166666666665,3943.1666666666665,3949.4166666666665,8564.833333333334,interpolated
2499,2025-05-04 18:00:00+00:00,3954.0,3956.3333333333335,3945.3333333333335,3950.3333333333335,6954.666666666666,interpolated
2500,2025-05-04 20:00:00+00:00,3954.0,3955.75,3947.5,3951.25,5344.5,interpolated
2501,2025-05-04 22:00:00+00:00,3954.0,3955.1666666666665,3949.6666666666665,3952.1666666666665,3734.333333333333,interpolated
2502,2025-05-05 00:00:00+00:00,3954.0,3954.5833333333335,3951.8333333333335,3953.0833333333335,2124.166666666667,interpolated
2503,2025-05-05 02:00:00+00:00,3954.0,3954.0,3954.0,3954.0,514.0,present
2504,2025-05-05 04:00:00+00:00,3955.0,3975.0,3930.0,3943.5,26068.0,present
2505,2025-05-05 06:00:00+00:00,3943.0,3960.0,3930.0,3935.0,60507.0,present
2506,2025-05-05 08:00:00+00:00,3935.0,3942.5,3916.5,3938.0,73290.0,present
2507,2025-05-05 10:00:00+00:00,3937.5,3949.5,3900.0,3907.0,95888.0,present
2508,2025-05-05 12:00:00+00:00,3906.5,3915.0,3861.0,3861.5,85335.0,present
2509,2025-05-05 14:00:00+00:00,3861.5,3872.0,3814.0,3825.0,184092.0,present
2510,2025-05-05 16:00:00+00:00,3833.5,3870.0,3816.0,3869.5,59218.0,present
2511,2025-05-05 18:00:00+00:00,3870.5,3870.5,3848.5,3860.0,24638.0,present
2512,2025-05-05 20:00:00+00:00,3861.0,3862.0,3855.0,3860.0,7358.0,present
2513,2025-05-05 22:00:00+00:00,3860.6666666666665,3861.3333333333335,3856.6666666666665,3860.0,4930.333333333334,interpolated
2514,2025-05-06 00:00:00+00:00,3860.3333333333335,3860.6666666666665,3858.3333333333335,3860.0,2502.666666666667,interpolated
2515,2025-05-06 02:00:00+00:00,3860.0,3860.0,3860.0,3860.0,75.0,present
2516,2025-05-06 04:00:00+00:00,3860.0,3882.5,3850.0,3851.5,25884.0,present
2517,2025-05-06 06:00:00+00:00,3850.0,3926.0,3817.0,3910.0,128784.0,present
2518,2025-05-06 08:00:00+00:00,3910.0,3943.0,3901.0,3923.0,80394.0,present
2519,2025-05-06 10:00:00+00:00,3922.5,3967.5,3893.0,3967.5,98533.0,present
2520,2025-05-06 12:00:00+00:00,3967.5,4035.5,3952.5,4019.5,150679.0,present
2521,2025-05-06 14:00:00+00:00,4019.5,4044.0,3995.5,4040.0,166177.0,present
2522,2025-05-06 16:00:00+00:00,4030.5,4055.0,4030.0,4053.0,53863.0,present
2523,2025-05-06 18:00:00+00:00,4052.5,4065.5,4031.5,4033.0,57719.0,present
2524,2025-05-06 20:00:00+00:00,4033.5,4052.0,4001.0,4013.0,25647.0,present
2525,2025-05-06 22:00:00+00:00,4027.0,4039.3333333333335,4005.3333333333335,4013.3333333333335,17233.666666666664,interpolated
2526,2025-05-07 00:00:00+00:00,4020.5,4026.6666666666665,4009.6666666666665,4013.6666666666665,8820.333333333332,interpolated
2527,2025-05-07 02:00:00+00:00,4014.0,4014.0,4014.0,4014.0,407.0,present
2528,2025-05-07 04:00:00+00:00,4015.0,4092.0,4013.5,4062.0,45640.0,present
2529,2025-05-07 06:00:00+00:00,4061.0,4083.0,3980.0,4039.0,152177.0,present
2530,2025-05-07 08:00:00+00:00,4038.5,4063.0,4007.0,4050.0,75513.0,present
2531,2025-05-07 10:00:00+00:00,4050.0,4059.5,4026.0,4040.5,78793.0,present
2532,2025-05-07 12:00:00+00:00,4040.0,4047.0,3965.5,3971.3052360783636,150267.0,present
2533,2025-05-07 14:00:00+00:00,3966.5,4035.0,3961.0,3986.5,129349.0,present
2534,2025-05-07 16:00:00+00:00,3992.5,4021.0,3992.5,3997.0,64105.0,present
2535,2025-05-07 18:00:00+00:00,3998.5,4005.5,3980.0,3993.5,20132.0,present
2536,2025-05-07 20:00:00+00:00,3992.5,4000.5,3982.0,3991.0,10539.0,present
2537,2025-05-07 22:00:00+00:00,3990.5,3995.8333333333335,3983.5,3989.5,7176.666666666667,interpolated
2538,2025-05-08 00:00:00+00:00,3988.5,3991.1666666666665,3985.0,3988.0,3814.333333333334,interpolated
2539,2025-05-08 02:00:00+00:00,3986.5,3986.5,3986.5,3986.5,452.0,present
2540,2025-05-08 04:00:00+00:00,3991.0,4050.0,3987.0,4028.0,31857.0,present
2541,2025-05-08 06:00:00+00:00,4025.5,4055.0,4021.0,4042.0,47511.0,present
2542,2025-05-08 08:00:00+00:00,4041.0,4058.5,4032.5,4039.0,35563.0,present
2543,2025-05-08 10:00:00+00:00,4038.5,4042.0,4004.0,4008.0,25773.0,present
2544,2025-05-08 12:00:00+00:00,4007.5,4040.0,4000.0,4020.0,31187.0,present
2545,2025-05-08 14:00:00+00:00,4022.5,4033.0,4015.5,4020.5,13148.0,present
2546,2025-05-08 16:00:00+00:00,4024.0,4030.0,4005.0,4026.5,18570.0,present
2547,2025-05-08 18:00:00+00:00,4028.5,4030.0,3995.0,4001.0,18183.0,present
2548,2025-05-08 20:00:00+00:00,4001.0,4001.5,3990.0,3993.5,12477.0,present
2549,2025-05-08 22:00:00+00:00,4001.4411764705883,4002.1176470588234,3990.205882352941,3994.029411764706,12269.176470588236,interpolated
2550,2025-05-09 00:00:00+00:00,4001.8823529411766,4002.735294117647,3990.4117647058824,3994.5588235294117,12061.35294117647,interpolated
2551,2025-05-09 02:00:00+00:00,4002.323529411765,4003.3529411764707,3990.6176470588234,3995.0882352941176,11853.529411764706,interpolated
2552,2025-05-09 04:00:00+00:00,4002.764705882353,4003.970588235294,3990.823529411765,3995.6176470588234,11645.70588235294,interpolated
2553,2025-05-09 06:00:00+00:00,4003.205882352941,4004.5882352941176,3991.029411764706,3996.1470588235293,11437.882352941177,interpolated
2554,2025-05-09 08:00:00+00:00,4003.6470588235293,4005.205882352941,3991.235294117647,3996.676470588235,11230.058823529413,interpolated
2555,2025-05-09 10:00:00+00:00,4004.0882352941176,4005.823529411765,3991.4411764705883,3997.205882352941,11022.235294117647,interpolated
2556,2025-05-09 12:00:00+00:00,4004.529411764706,4006.4411764705883,3991.6470588235293,3997.735294117647,10814.411764705883,interpolated
2557,2025-05-09 14:00:00+00:00,4004.970588235294,4007.0588235294117,3991.8529411764707,3998.264705882353,10606.588235294117,interpolated
2558,2025-05-09 16:00:00+00:00,4005.4117647058824,4007.676470588235,3992.0588235294117,3998.794117647059,10398.764705882353,interpolated
2559,2025-05-09 18:00:00+00:00,4005.8529411764707,4008.294117647059,3992.264705882353,3999.323529411765,10190.941176470587,interpolated
2560,2025-05-09 20:00:00+00:00,4006.294117647059,4008.9117647058824,3992.470588235294,3999.8529411764707,9983.117647058823,interpolated
2561,2025-05-09 22:00:00+00:00,4006.735294117647,4009.529411764706,3992.676470588235,4000.3823529411766,9775.29411764706,interpolated
2562,2025-05-10 00:00:00+00:00,4007.176470588235,4010.1470588235293,3992.8823529411766,4000.9117647058824,9567.470588235294,interpolated
2563,2025-05-10 02:00:00+00:00,4007.6176470588234,4010.764705882353,3993.0882352941176,4001.4411764705883,9359.64705882353,interpolated
2564,2025-05-10 04:00:00+00:00,4008.0588235294117,4011.3823529411766,3993.294117647059,4001.970588235294,9151.823529411766,interpolated
2565,2025-05-10 06:00:00+00:00,4008.5,4012.0,3993.5,4002.5,8944.0,present
2566,2025-05-10 08:00:00+00:00,4002.5,4008.5,3998.0,4004.0,3228.0,present
2567,2025-05-10 10:00:00+00:00,4003.0,4003.5,3996.0,4001.5,2421.0,present
2568,2025-05-10 12:00:00+00:00,4000.5,4005.0,4000.0,4001.5,3212.0,present
2569,2025-05-10 14:00:00+00:00,4001.0,4010.0,3994.0,3997.0,9268.0,present
2570,2025-05-10 16:00:00+00:00,4010.25,4020.4375,3999.9375,4005.7053076681877,12200.625,interpolated
2571,2025-05-10 18:00:00+00:00,4019.5,4030.875,4005.875,4014.4106153363755,15133.25,interpolated
2572,2025-05-10 20:00:00+00:00,4028.75,4041.3125,4011.8125,4023.1159230045637,18065.875,interpolated
2573,2025-05-10 22:00:00+00:00,4038.0,4051.75,4017.75,4031.8212306727514,20998.5,interpolated
2574,2025-05-11 00:00:00+00:00,4047.25,4062.1875,4023.6875,4040.526538340939,23931.125,interpolated
2575,2025-05-11 02:00:00+00:00,4056.5,4072.625,4029.625,4049.231846009127,26863.75,interpolated
2576,2025-05-11 04:00:00+00:00,4065.75,4083.0625,4035.5625,4057.937153677315,29796.375,interpolated
2577,2025-05-11 06:00:00+00:00,4075.0,4093.5,4041.5,4066.642461345503,32729.0,present
2578,2025-05-11 08:00:00+00:00,4079.5,4086.5,4050.5,4066.5,28194.0,present
2579,2025-05-11 10:00:00+00:00,4066.5,4071.0,4056.5,4064.5,8068.0,present
2580,2025-05-11 12:00:00+00:00,4064.5,4070.0,4047.5,4056.0,17006.0,present
2581,2025-05-11 14:00:00+00:00,4055.5,4061.0,4047.5,4060.0,8494.0,present
2582,2025-05-11 16:00:00+00:00,4060.4166666666665,4065.0,4053.75,4064.1666666666665,7163.666666666667,interpolated
2583,2025-05-11 18:00:00+00:00,4065.3333333333335,4069.0,4060.0,4068.3333333333335,5833.333333333334,interpolated
2584,2025-05-11 20:00:00+00:00,4070.25,4073.0,4066.25,4072.5,4503.0,interpolated
2585,2025-05-11 22:00:00+00:00,4075.1666666666665,4077.0,4072.5,4076.6666666666665,3172.666666666667,interpolated
2586,2025-05-12 00:00:00+00:00,4080.0833333333335,4081.0,4078.75,4080.8333333333335,1842.333333333334,interpolated
2587,2025-05-12 02:00:00+00:00,4085.0,4085.0,4085.0,4085.0,512.0,present
2588,2025-05-12 04:00:00+00:00,4080.5,4150.0,4080.5,4126.5,84995.0,present
2589,2025-05-12 06:00:00+00:00,4126.0,4190.0,4119.5,4150.5,210424.0,present
2590,2025-05-12 08:00:00+00:00,4150.0,4153.0,4124.0,4135.5,102885.0,present
2591,2025-05-12 10:00:00+00:00,4135.5,4160.0,4100.0,4132.0,115575.0,present
2592,2025-05-12 12:00:00+00:00,4133.0,4147.5,4107.5,4119.0,80906.0,present
2593,2025-05-12 14:00:00+00:00,4118.0,4150.0,4109.0,4142.0,86551.0,present
2594,2025-05-12 16:00:00+00:00,4140.0,4159.5,4132.0,4156.0,33169.0,present
2595,2025-05-12 18:00:00+00:00,4157.5,4158.0,4142.0,4144.0,18476.0,present
2596,2025-05-12 20:00:00+00:00,4144.5,4154.0,4132.5,4153.5,13340.0,present
2597,2025-05-12 22:00:00+00:00,4151.666666666667,4158.0,4143.666666666667,4157.666666666667,8999.666666666668,interpolated
2598,2025-05-13 00:00:00+00:00,4158.833333333333,4162.0,4154.833333333333,4161.833333333333,4659.333333333334,interpolated
2599,2025-05-13 02:00:00+00:00,4166.0,4166.0,4166.0,4166.0,319.0,present
2600,2025-05-13 04:00:00+00:00,4158.0,4180.5,4141.5,4163.5,27570.0,present
2601,2025-05-13 06:00:00+00:00,4163.5,4175.0,4143.0,4150.0,38679.0,present
2602,2025-05-13 08:00:00+00:00,4150.0,4150.0,4084.5,4123.0,127327.0,present
2603,2025-05-13 10:00:00+00:00,4122.5,4123.5,4072.5,4080.5,65360.0,present
2604,2025-05-13 12:00:00+00:00,4080.5,4141.0,4080.0,4132.0,91218.0,present
2605,2025-05-13 14:00:00+00:00,4133.0,4135.0,4111.5,4135.0,42985.0,present
2606,2025-05-13 16:00:00+00:00,4135.0,4135.0,4106.0,4107.0,15422.0,present
2607,2025-05-13 18:00:00+00:00,4107.0,4115.5,4103.0,4107.5,5869.0,present
2608,2025-05-13 20:00:00+00:00,4107.5,4115.0,4107.0,4114.5,4236.0,present
2609,2025-05-13 22:00:00+00:00,4110.0,4115.0,4109.666666666667,4114.666666666667,2828.333333333333,interpolated
2610,2025-05-14 00:00:00+00:00,4112.5,4115.0,4112.333333333333,4114.833333333333,1420.6666666666665,interpolated
2611,2025-05-14 02:00:00+00:00,4115.0,4115.0,4115.0,4115.0,13.0,present
2612,2025-05-14 04:00:00+00:00,4115.5,4132.0,4113.5,4119.0,19092.0,present
2613,2025-05-14 06:00:00+00:00,4118.5,4121.5,4095.0,4104.0,37633.0,present
2614,2025-05-14 08:00:00+00:00,4104.0,4134.5,4102.5,4126.5,50505.0,present
2615,2025-05-14 10:00:00+00:00,4127.0,4131.0,4115.0,4130.0,23549.0,present
2616,2025-05-14 12:00:00+00:00,4129.0,4154.0,4126.0,4144.5,58165.0,present
2617,2025-05-14 14:00:00+00:00,4144.0,4144.0,4115.0,4125.0,47468.0,present
2618,2025-05-14 16:00:00+00:00,4125.0,4133.5,4112.5,4122.0,20032.0,present
2619,2025-05-14 18:00:00+00:00,4121.5,4122.0,4031.0,4055.5,52327.0,present
2620,2025-05-14 20:00:00+00:00,4052.0,4076.5,4021.0,4021.0,55246.0,present
2621,2025-05-14 22:00:00+00:00,4041.5,4057.8333333333335,4020.8333333333335,4020.8333333333335,37259.33333333333,interpolated
2622,2025-05-15 00:00:00+00:00,4031.0,4039.1666666666665,4020.6666666666665,4020.6666666666665,19272.666666666664,interpolated
2623,2025-05-15 02:00:00+00:00,4020.5,4020.5,4020.5,4020.5,1286.0,present
2624,2025-05-15 04:00:00+00:00,4020.5,4060.5,4020.0,4048.0,39145.0,present
2625,2025-05-15 06:00:00+00:00,4048.0,4055.0,3990.0,3996.0,148405.0,present
2626,2025-05-15 08:00:00+00:00,3997.0,4005.0,3924.0,3942.5,218205.0,present
2627,2025-05-15 10:00:00+00:00,3941.5,3987.5,3925.0,3984.0,133239.0,present
2628,2025-05-15 12:00:00+00:00,3983.5,4009.0,3938.5,3989.0,181437.0,present
2629,2025-05-15 14:00:00+00:00,3989.0,4015.0,3962.5,3992.5,140298.0,present
2630,2025-05-15 16:00:00+00:00,3989.0,3998.5,3978.5,3988.0,18490.0,present
2631,2025-05-15 18:00:00+00:00,3988.5,3993.5,3978.0,3984.0,10798.0,present
2632,2025-05-15 20:00:00+00:00,3982.5,3991.0,3979.5,3989.5,5943.0,present
2633,2025-05-15 22:00:00+00:00,3987.6666666666665,3993.3333333333335,3985.6666666666665,3992.3333333333335,4038.3333333333335,interpolated
2634,2025-05-16 00:00:00+00:00,3992.8333333333335,3995.6666666666665,3991.8333333333335,3995.1666666666665,2133.666666666667,interpolated
2635,2025-05-16 02:00:00+00:00,3998.0,3998.0,3998.0,3998.0,229.0,present
2636,2025-05-16 04:00:00+00:00,3997.5,4010.0,3991.0,4009.5,15389.0,present
2637,2025-05-16 06:00:00+00:00,4008.0,4015.5,3991.5,4012.0,35515.0,present
2638,2025-05-16 08:00:00+00:00,4012.0,4034.5,4005.0,4030.5,42530.0,present
2639,2025-05-16 10:00:00+00:00,4031.5,4033.5,3984.5,4019.0,69211.0,present
2640,2025-05-16 12:00:00+00:00,4019.0,4069.5,3910.0,4014.0,464557.0,present
2641,2025-05-16 14:00:00+00:00,4016.5,4040.5,3994.5,4015.0,72934.0,present
2642,2025-05-16 16:00:00+00:00,4010.0,4018.5,4002.0,4011.0,17723.0,present
2643,2025-05-16 18:00:00+00:00,4011.0,4015.5,4003.0,4015.5,9628.0,present
2644,2025-05-16 20:00:00+00:00,4015.5,4023.0,4007.0,4022.0,11080.0,present
2645,2025-05-16 22:00:00+00:00,4016.8,4025.4,4010.0,4024.1,9805.6,interpolated
2646,2025-05-17 00:00:00+00:00,4018.1,4027.8,4013.0,4026.2,8531.2,interpolated
2647,2025-05-17 02:00:00+00:00,4019.4,4030.2,4016.0,4028.3,7256.799999999999,interpolated
2648,2025-05-17 04:00:00+00:00,4020.7,4032.6,4019.0,4030.4,5982.4,interpolated
2649,2025-05-17 06:00:00+00:00,4022.0,4035.0,4022.0,4032.5,4708.0,present
2650,2025-05-17 08:00:00+00:00,4035.0,4046.0,4032.5,4035.5,8768.0,present
2651,2025-05-17 10:00:00+00:00,4035.0,4036.5,4024.0,4030.0,4448.0,present
2652,2025-05-17 12:00:00+00:00,4030.0,4043.0,4027.0,4042.0,14890.0,present
2653,2025-05-17 14:00:00+00:00,4042.0,4107.0,4040.0,4095.0,42252.0,present
2654,2025-05-17 16:00:00+00:00,4050.4375,4109.625,4047.8125,4097.0625,39460.0,interpolated
2655,2025-05-17 18:00:00+00:00,4058.875,4112.25,4055.625,4099.125,36668.0,interpolated
2656,2025-05-17 20:00:00+00:00,4067.3125,4114.875,4063.4375,4101.1875,33876.0,interpolated
2657,2025-05-17 22:00:00+00:00,4075.75,4117.5,4071.25,4103.25,31084.0,interpolated
2658,2025-05-18 00:00:00+00:00,4084.1875,4120.125,4079.0625,4105.3125,28292.0,interpolated
2659,2025-05-18 02:00:00+00:00,4092.625,4122.75,4086.875,4107.375,25500.0,interpolated
2660,2025-05-18 04:00:00+00:00,4101.0625,4125.375,4094.6875,4109.4375,22708.0,interpolated
2661,2025-05-18 06:00:00+00:00,4109.5,4128.0,4102.5,4111.5,19916.0,present
2662,2025-05-18 08:00:00+00:00,4111.5,4116.0,4106.0,4106.0,5589.0,present
2663,2025-05-18 10:00:00+00:00,4106.0,4109.0,4095.0,4099.0,6616.0,present
2664,2025-05-18 12:00:00+00:00,4099.0,4107.5,4083.0,4107.5,12218.0,present
2665,2025-05-18 14:00:00+00:00,4104.5,4107.0,4097.5,4106.0,7833.0,present
2666,2025-05-18 16:00:00+00:00,4104.916666666667,4107.0,4099.083333333333,4106.166666666667,6532.833333333333,interpolated
2667,2025-05-18 18:00:00+00:00,4105.333333333333,4107.0,4100.666666666667,4106.333333333333,5232.666666666666,interpolated
2668,2025-05-18 20:00:00+00:00,4105.75,4107.0,4102.25,4106.5,3932.5,interpolated
2669,2025-05-18 22:00:00+00:00,4106.166666666667,4107.0,4103.833333333333,4106.666666666667,2632.333333333333,interpolated
2670,2025-05-19 00:00:00+00:00,4106.583333333333,4107.0,4105.416666666667,4106.833333333333,1332.166666666666,interpolated
2671,2025-05-19 02:00:00+00:00,4107.0,4107.0,4107.0,4107.0,32.0,present
2672,2025-05-19 04:00:00+00:00,4108.5,4113.0,4067.5,4070.0,21124.0,present
2673,2025-05-19 06:00:00+00:00,4070.0,4082.0,4032.5,4045.0,55703.0,present
2674,2025-05-19 08:00:00+00:00,4044.5,4077.5,4040.0,4072.5,44903.0,present
2675,2025-05-19 10:00:00+00:00,4072.0,4100.0,4068.0,4090.0,89379.0,present
2676,2025-05-19 12:00:00+00:00,4090.0,4094.5,4050.5,4050.5,58671.0,present
2677,2025-05-19 14:00:00+00:00,4050.5,4078.0,4035.5,4067.0,85222.0,present
2678,2025-05-19 16:00:00+00:00,4067.0,4115.5,4045.5,4080.5,147682.0,present
2679,2025-05-19 18:00:00+00:00,4078.5,4096.5,4039.5,4047.0,51106.0,present
2680,2025-05-19 20:00:00+00:00,4046.5,4061.5,4044.0,4054.0,12384.0,present
2681,2025-05-19 22:00:00+00:00,4049.6666666666665,4059.6666666666665,4048.0,4054.6666666666665,8271.0,interpolated
2682,2025-05-20 00:00:00+00:00,4052.8333333333335,4057.8333333333335,4052.0,4055.3333333333335,4158.0,interpolated
2683,2025-05-20 02:00:00+00:00,4056.0,4056.0,4056.0,4056.0,45.0,present
2684,2025-05-20 04:00:00+00:00,4064.0,4072.5,4048.0,4066.5,10975.0,present
2685,2025-05-20 06:00:00+00:00,4066.5,4071.5,4023.0,4029.5,68603.0,present
2686,2025-05-20 08:00:00+00:00,4028.5,4069.5,4026.0,4060.5,72615.0,present
2687,2025-05-20 10:00:00+00:00,4060.5,4091.0,4035.5,4076.0,49628.0,present
2688,2025-05-20 12:00:00+00:00,4077.5,4081.0,4050.0,4054.0,41189.0,present
2689,2025-05-20 14:00:00+00:00,4053.0,4071.5,4030.5,4030.5,38889.0,present
2690,2025-05-20 16:00:00+00:00,4038.0,4050.0,4021.0,4041.5,25406.0,present
2691,2025-05-20 18:00:00+00:00,4041.5,4042.0,4028.5,4036.5,9773.0,present
2692,2025-05-20 20:00:00+00:00,4037.5,4042.0,4033.0,4040.5,1913.0,present
2693,2025-05-20 22:00:00+00:00,4039.0,4042.0,4036.0,4041.0,1298.0,interpolated
2694,2025-05-21 00:00:00+00:00,4040.5,4042.0,4039.0,4041.5,683.0,interpolated
2695,2025-05-21 02:00:00+00:00,4042.0,4042.0,4042.0,4042.0,68.0,present
2696,2025-05-21 04:00:00+00:00,4042.0,4050.0,4032.0,4036.5,10680.0,present
2697,2025-05-21 06:00:00+00:00,4038.0,4038.5,4002.0,4006.5,43266.0,present
2698,2025-05-21 08:00:00+00:00,4006.5,4033.0,4002.0,4012.5,79977.0,present
2699,2025-05-21 10:00:00+00:00,4012.0,4035.0,4002.0,4023.5,37440.0,present
2700,2025-05-21 12:00:00+00:00,4023.5,4031.0,4010.0,4012.0,26640.0,present
2701,2025-05-21 14:00:00+00:00,4011.5,4013.0,3971.0,3998.0,75589.0,present
2702,2025-05-21 16:00:00+00:00,3996.0,4005.0,3984.0,3996.0,20009.0,present
2703,2025-05-21 18:00:00+00:00,3996.0,4004.0,3992.5,3996.5,9252.0,present
2704,2025-05-21 20:00:00+00:00,3997.5,4000.0,3990.0,3990.5,5221.0,present
2705,2025-05-21 22:00:00+00:00,3991.8333333333335,3993.5,3986.8333333333335,3987.1666666666665,3514.0,interpolated
2706,2025-05-22 00:00:00+00:00,3986.1666666666665,3987.0,3983.6666666666665,3983.8333333333335,1807.0000000000005,interpolated
2707,2025-05-22 02:00:00+00:00,3980.5,3980.5,3980.5,3980.5,100.0,present
2708,2025-05-22 04:00:00+00:00,3990.0,4008.0,3972.0,3985.0,19884.0,present
2709,2025-05-22 06:00:00+00:00,3985.0,3992.0,3935.5,3974.0,111147.0,present
2710,2025-05-22 08:00:00+00:00,3974.0,3975.5,3925.0,3954.0,121011.0,present
2711,2025-05-22 10:00:00+00:00,3953.5,3996.5,3943.0,3986.5,124411.0,present
2712,2025-05-22 12:00:00+00:00,3985.0,4030.0,3978.0,4019.0,155868.0,present
2713,2025-05-22 14:00:00+00:00,4019.0,4089.0,4015.0,4055.0,169245.0,present
2714,2025-05-22 16:00:00+00:00,4057.0,4059.5,4011.0,4041.5,50985.0,present
2715,2025-05-22 18:00:00+00:00,4044.0,4049.5,4018.5,4026.5,13784.0,present
2716,2025-05-22 20:00:00+00:00,4027.0,4027.0,4018.5,4024.0,7094.0,present
2717,2025-05-22 22:00:00+00:00,4027.8333333333335,4027.8333333333335,4022.1666666666665,4025.8333333333335,4734.666666666666,interpolated
2718,2025-05-23 00:00:00+00:00,4028.6666666666665,4028.6666666666665,4025.8333333333335,4027.6666666666665,2375.333333333333,interpolated
2719,2025-05-23 02:00:00+00:00,4029.5,4029.5,4029.5,4029.5,16.0,present
2720,2025-05-23 04:00:00+00:00,4032.0,4048.0,4004.0,4011.5,18673.0,present
2721,2025-05-23 06:00:00+00:00,4011.0,4028.0,3996.0,4005.5,54065.0,present
2722,2025-05-23 08:00:00+00:00,4005.0,4025.0,4000.5,4016.5,54551.0,present
2723,2025-05-23 10:00:00+00:00,4016.5,4047.5,4013.0,4015.5,66492.0,present
2724,2025-05-23 12:00:00+00:00,4015.0,4015.5,4000.0,4012.0,60022.0,present
2725,2025-05-23 14:00:00+00:00,4012.5,4024.0,4000.0,4021.0,44264.0,present
2726,2025-05-23 16:00:00+00:00,4014.5,4029.0,4005.0,4008.0,21838.0,present
2727,2025-05-23 18:00:00+00:00,4008.0,4022.0,4005.5,4013.5,12097.0,present
2728,2025-05-23 20:00:00+00:00,4013.0,4013.5,4006.0,4009.5,3510.0,present
2729,2025-05-23 22:00:00+00:00,4012.6666666666665,4013.1481481481483,4005.925925925926,4009.296296296296,3390.259259259259,interpolated
2730,2025-05-24 00:00:00+00:00,4012.3333333333335,4012.796296296296,4005.8518518518517,4009.0925925925926,3270.5185185185187,interpolated
2731,2025-05-24 02:00:00+00:00,4012.0,4012.4444444444443,4005.777777777778,4008.8888888888887,3150.777777777778,interpolated
2732,2025-05-24 04:00:00+00:00,4011.6666666666665,4012.0925925925926,4005.703703703704,4008.685185185185,3031.037037037037,interpolated
2733,2025-05-24 06:00:00+00:00,4011.3333333333335,4011.740740740741,4005.6296296296296,4008.4814814814813,2911.2962962962965,interpolated
2734,2025-05-24 08:00:00+00:00,4011.0,4011.3888888888887,4005.5555555555557,4008.277777777778,2791.5555555555557,interpolated
2735,2025-05-24 10:00:00+00:00,4010.6666666666665,4011.037037037037,4005.4814814814813,4008.074074074074,2671.814814814815,interpolated
2736,2025-05-24 12:00:00+00:00,4010.3333333333335,4010.685185185185,4005.4074074074074,4007.8703703703704,2552.074074074074,interpolated
2737,2025-05-24 14:00:00+00:00,4010.0,4010.3333333333335,4005.3333333333335,4007.6666666666665,2432.3333333333335,interpolated
2738,2025-05-24 16:00:00+00:00,4009.6666666666665,4009.9814814814813,4005.259259259259,4007.462962962963,2312.5925925925926,interpolated
2739,2025-05-24 18:00:00+00:00,4009.3333333333335,4009.6296296296296,4005.185185185185,4007.259259259259,2192.851851851852,interpolated
2740,2025-05-24 20:00:00+00:00,4009.0,4009.277777777778,4005.1111111111113,4007.0555555555557,2073.1111111111113,interpolated
2741,2025-05-24 22:00:00+00:00,4008.6666666666665,4008.925925925926,4005.037037037037,4006.8518518518517,1953.3703703703704,interpolated
2742,2025-05-25 00:00:00+00:00,4008.3333333333335,4008.574074074074,4004.962962962963,4006.6481481481483,1833.6296296296298,interpolated
2743,2025-05-25 02:00:00+00:00,4008.0,4008.222222222222,4004.8888888888887,4006.4444444444443,1713.8888888888891,interpolated
2744,2025-05-25 04:00:00+00:00,4007.6666666666665,4007.8703703703704,4004.814814814815,4006.240740740741,1594.1481481481483,interpolated
2745,2025-05-25 06:00:00+00:00,4007.3333333333335,4007.5185185185187,4004.740740740741,4006.037037037037,1474.4074074074076,interpolated
2746,2025-05-25 08:00:00+00:00,4007.0,4007.1666666666665,4004.6666666666665,4005.8333333333335,1354.666666666667,interpolated
2747,2025-05-25 10:00:00+00:00,4006.6666666666665,4006.814814814815,4004.5925925925926,4005.6296296296296,1234.925925925926,interpolated
2748,2025-05-25 12:00:00+00:00,4006.3333333333335,4006.462962962963,4004.5185185185187,4005.425925925926,1115.1851851851852,interpolated
2749,2025-05-25 14:00:00+00:00,4006.0,4006.1111111111113,4004.4444444444443,4005.222222222222,995.4444444444448,interpolated
2750,2025-05-25 16:00:00+00:00,4005.6666666666665,4005.759259259259,4004.3703703703704,4005.0185185185187,875.7037037037039,interpolated
2751,2025-05-25 18:00:00+00:00,4005.3333333333335,4005.4074074074074,4004.296296296296,4004.814814814815,755.962962962963,interpolated
2752,2025-05-25 20:00:00+00:00,4005.0,4005.0555555555557,4004.222222222222,4004.6111111111113,636.2222222222226,interpolated
2753,2025-05-25 22:00:00+00:00,4004.6666666666665,4004.703703703704,4004.1481481481483,4004.4074074074074,516.4814814814818,interpolated
2754,2025-05-26 00:00:00+00:00,4004.3333333333335,4004.3518518518517,4004.074074074074,4004.203703703704,396.7407407407409,interpolated
2755,2025-05-26 02:00:00+00:00,4004.0,4004.0,4004.0,4004.0,277.0,present
2756,2025-05-26 04:00:00+00:00,4002.5,4024.0,3946.5,3958.5,46327.0,present
2757,2025-05-26 06:00:00+00:00,3958.5,3978.5,3915.0,3944.0,120001.0,present
2758,2025-05-26 08:00:00+00:00,3942.5,3968.0,3930.0,3942.5,65106.0,present
2759,2025-05-26 10:00:00+00:00,3943.0,3959.5,3925.5,3935.5,47508.0,present
2760,2025-05-26 12:00:00+00:00,3935.5,3953.5,3925.0,3927.0,50133.0,present
2761,2025-05-26 14:00:00+00:00,3929.0,3939.0,3901.0,3906.5,93403.0,present
2762,2025-05-26 16:00:00+00:00,3906.0,3914.5,3886.0,3904.0,51320.0,present
2763,2025-05-26 18:00:00+00:00,3903.5,3917.5,3901.5,3911.5,18017.0,present
2764,2025-05-26 20:00:00+00:00,3911.5,3922.0,3911.0,3917.0,13157.0,present
2765,2025-05-26 22:00:00+00:00,3913.3333333333335,3920.3333333333335,3913.0,3917.0,8813.0,interpolated
2766,2025-05-27 00:00:00+00:00,3915.1666666666665,3918.6666666666665,3915.0,3917.0,4469.0,interpolated
2767,2025-05-27 02:00:00+00:00,3917.0,3917.0,3917.0,3917.0,125.0,present
2768,2025-05-27 04:00:00+00:00,3917.5,3920.0,3855.0,3886.0,82059.0,present
2769,2025-05-27 06:00:00+00:00,3889.5,3999.5,3889.5,3953.7084325215474,123958.0,present
2770,2025-05-27 08:00:00+00:00,3983.0,4008.0,3961.5,3998.5,143812.0,present
2771,2025-05-27 10:00:00+00:00,3996.5,4024.0,3974.0,3988.5,129497.0,present
2772,2025-05-27 12:00:00+00:00,3989.0,3997.5,3956.0,3979.5,115844.0,present
2773,2025-05-27 14:00:00+00:00,3978.5,3995.5,3975.0,3990.0,48225.0,present
2774,2025-05-27 16:00:00+00:00,3989.5,3996.0,3972.5,3987.0,28088.0,present
2775,2025-05-27 18:00:00+00:00,3987.0,3997.0,3986.0,3993.0,15900.0,present
2776,2025-05-27 20:00:00+00:00,3992.5,3993.5,3986.0,3992.5,7473.0,present
2777,2025-05-27 22:00:00+00:00,3994.3333333333335,3995.0,3990.0,3994.3333333333335,5086.333333333334,interpolated
2778,2025-05-28 00:00:00+00:00,3996.1666666666665,3996.5,3994.0,3996.1666666666665,2699.666666666667,interpolated
2779,2025-05-28 02:00:00+00:00,3998.0,3998.0,3998.0,3998.0,313.0,present
2780,2025-05-28 04:00:00+00:00,3995.0,4032.0,3995.0,4013.5,49493.0,present
2781,2025-05-28 06:00:00+00:00,4013.0,4063.5,4000.0,4053.0,207789.0,present
2782,2025-05-28 08:00:00+00:00,4053.0,4114.5,4053.0,4096.0,289288.0,present
2783,2025-05-28 10:00:00+00:00,4098.0,4143.5,4077.5,4101.5,217567.0,present
2784,2025-05-28 12:00:00+00:00,4101.0,4155.5,4100.0,4146.0,178522.0,present
2785,2025-05-28 14:00:00+00:00,4147.0,4153.5,4103.5,4116.5,95083.0,present
2786,2025-05-28 16:00:00+00:00,4124.0,4176.0,4118.5,4161.0,96999.0,present
2787,2025-05-28 18:00:00+00:00,4161.0,4174.5,4149.5,4163.5,41795.0,present
2788,2025-05-28 20:00:00+00:00,4165.0,4170.0,4158.5,4165.0,15586.0,present
2789,2025-05-28 22:00:00+00:00,4165.0,4168.333333333333,4160.666666666667,4165.0,10448.0,interpolated
2790,2025-05-29 00:00:00+00:00,4165.0,4166.666666666667,4162.833333333333,4165.0,5310.0,interpolated
2791,2025-05-29 02:00:00+00:00,4165.0,4165.0,4165.0,4165.0,172.0,present
2792,2025-05-29 04:00:00+00:00,4165.5,4180.0,4135.0,4139.0,56578.0,present
2793,2025-05-29 06:00:00+00:00,4141.5,4162.0,4114.0,4114.5,76715.0,present
2794,2025-05-29 08:00:00+00:00,4115.0,4137.5,4111.0,4125.0,64197.0,present
2795,2025-05-29 10:00:00+00:00,4125.0,4174.0,4120.0,4167.5,109304.0,present
2796,2025-05-29 12:00:00+00:00,4166.5,4172.5,4129.0,4142.0,77606.0,present
2797,2025-05-29 14:00:00+00:00,4142.5,4162.0,4124.5,4140.0,39242.0,present
2798,2025-05-29 16:00:00+00:00,4142.0,4142.0,4105.0,4108.0,34748.0,present
2799,2025-05-29 18:00:00+00:00,4108.0,4115.0,4106.0,4111.5,20528.0,present
2800,2025-05-29 20:00:00+00:00,4112.5,4118.5,4107.0,4117.0,4005.0,present
2801,2025-05-29 22:00:00+00:00,4114.833333333333,4118.833333333333,4111.166666666667,4117.833333333333,2735.3333333333335,interpolated
2802,2025-05-30 00:00:00+00:00,4117.166666666667,4119.166666666667,4115.333333333333,4118.666666666667,1465.666666666667,interpolated
2803,2025-05-30 02:00:00+00:00,4119.5,4119.5,4119.5,4119.5,196.0,present
2804,2025-05-30 04:00:00+00:00,4118.5,4148.5,4105.0,4130.0,29479.0,present
2805,2025-05-30 06:00:00+00:00,4131.0,4154.0,4123.0,4134.0,67728.0,present
2806,2025-05-30 08:00:00+00:00,4135.0,4206.5,4133.5,4192.5,132514.0,present
2807,2025-05-30 10:00:00+00:00,4191.5,4207.5,4185.5,4187.0,155952.0,present
2808,2025-05-30 12:00:00+00:00,4188.0,4188.5,4143.0,4144.5,112201.0,present
2809,2025-05-30 14:00:00+00:00,4146.0,4190.0,4140.0,4190.0,130883.0,present
2810,2025-05-30 16:00:00+00:00,4190.0,4190.5,4168.5,4172.5,24345.0,present
2811,2025-05-30 18:00:00+00:00,4172.5,4176.5,4158.0,4162.5,20004.0,present
2812,2025-05-30 20:00:00+00:00,4163.0,4176.0,4163.0,4172.0,5416.0,present
2813,2025-05-30 22:00:00+00:00,4164.1,4178.6,4162.9,4174.1,5582.4,interpolated
2814,2025-05-31 00:00:00+00:00,4165.2,4181.2,4162.8,4176.2,5748.8,interpolated
2815,2025-05-31 02:00:00+00:00,4166.3,4183.8,4162.7,4178.3,5915.2,interpolated
2816,2025-05-31 04:00:00+00:00,4167.4,4186.4,4162.6,4180.4,6081.6,interpolated
2817,2025-05-31 06:00:00+00:00,4168.5,4189.0,4162.5,4182.5,6248.0,present
2818,2025-05-31 08:00:00+00:00,4183.0,4186.0,4174.5,4175.5,3190.0,present
2819,2025-05-31 10:00:00+00:00,4175.0,4181.5,4168.0,4173.5,3468.0,present
2820,2025-05-31 12:00:00+00:00,4172.0,4173.5,4164.0,4167.0,2783.0,present
2821,2025-05-31 14:00:00+00:00,4164.5,4173.0,4164.0,4165.0,2180.0,present
2822,2025-05-31 16:00:00+00:00,4163.8125,4171.25,4161.0,4161.875,3954.5,interpolated
2823,2025-05-31 18:00:00+00:00,4163.125,4169.5,4158.0,4158.75,5729.0,interpolated
2824,2025-05-31 20:00:00+00:00,4162.4375,4167.75,4155.0,4155.625,7503.5,interpolated
2825,2025-05-31 22:00:00+00:00,4161.75,4166.0,4152.0,4152.5,9278.0,interpolated
2826,2025-06-01 00:00:00+00:00,4161.0625,4164.25,4149.0,4149.375,11052.5,interpolated
2827,2025-06-01 02:00:00+00:00,4160.375,4162.5,4146.0,4146.25,12827.0,interpolated
2828,2025-06-01 04:00:00+00:00,4159.6875,4160.75,4143.0,4143.125,14601.5,interpolated
2829,2025-06-01 06:00:00+00:00,4159.0,4159.0,4140.0,4140.0,16376.0,present
2830,2025-06-01 08:00:00+00:00,4140.0,4146.0,4120.0,4124.5,20202.0,present
2831,2025-06-01 10:00:00+00:00,4124.0,4133.0,4071.0,4073.0,44830.0,present
2832,2025-06-01 12:00:00+00:00,4073.0,4094.0,4063.5,4077.0,58791.0,present
2833,2025-06-01 14:00:00+00:00,4079.0,4081.0,4060.0,4062.5,30026.0,present
2834,2025-06-01 16:00:00+00:00,4077.5,4079.1666666666665,4061.6666666666665,4063.75,25216.333333333332,interpolated
2835,2025-06-01 18:00:00+00:00,4076.0,4077.3333333333335,4063.3333333333335,4065.0,20406.666666666664,interpolated
2836,2025-06-01 20:00:00+00:00,4074.5,4075.5,4065.0,4066.25,15596.999999999998,interpolated
2837,2025-06-01 22:00:00+00:00,4073.0,4073.6666666666665,4066.6666666666665,4067.5,10787.333333333332,interpolated
2838,2025-06-02 00:00:00+00:00,4071.5,4071.8333333333335,4068.3333333333335,4068.75,5977.666666666664,interpolated
2839,2025-06-02 02:00:00+00:00,4070.0,4070.0,4070.0,4070.0,1168.0,present
2840,2025-06-02 04:00:00+00:00,4073.5,4150.0,4071.5,4133.5,73736.0,present
2841,2025-06-02 06:00:00+00:00,4132.5,4154.5,4128.0,4139.0,58560.0,present
2842,2025-06-02 08:00:00+00:00,4139.0,4139.0,4083.0,4102.0,92723.0,present
2843,2025-06-02 10:00:00+00:00,4101.0,4115.5,4071.0,4083.5,102202.0,present
2844,2025-06-02 12:00:00+00:00,4083.0,4119.0,4070.5,4093.5,146786.0,present
2845,2025-06-02 14:00:00+00:00,4093.5,4174.0,4088.0,4164.0,142625.0,present
2846,2025-06-02 16:00:00+00:00,4164.5,4177.0,4145.0,4151.5,74700.0,present
2847,2025-06-02 18:00:00+00:00,4149.5,4160.0,4135.0,4141.0,52046.0,present
2848,2025-06-02 20:00:00+00:00,4141.0,4148.5,4137.5,4145.0,13396.0,present
2849,2025-06-02 22:00:00+00:00,4144.666666666667,4149.666666666667,4142.333333333333,4147.333333333333,8949.0,interpolated
2850,2025-06-03 00:00:00+00:00,4148.333333333333,4150.833333333333,4147.166666666667,4149.666666666667,4502.0,interpolated
2851,2025-06-03 02:00:00+00:00,4152.0,4152.0,4152.0,4152.0,55.0,present
2852,2025-06-03 04:00:00+00:00,4155.0,4189.5,4145.5,4162.5,31382.0,present
2853,2025-06-03 06:00:00+00:00,4162.5,4205.0,4152.5,4194.5,152210.0,present
2854,2025-06-03 08:00:00+00:00,4194.5,4199.5,4158.5,4185.5,171284.0,present
2855,2025-06-03 10:00:00+00:00,4185.5,4200.0,4175.0,4187.5,68828.0,present
2856,2025-06-03 12:00:00+00:00,4187.5,4190.5,4160.0,4175.5,63840.0,present
2857,2025-06-03 14:00:00+00:00,4176.5,4240.0,4169.0,4237.0,299557.0,present
2858,2025-06-03 16:00:00+00:00,4227.0,4237.0,4219.5,4232.0,62097.0,present
2859,2025-06-03 18:00:00+00:00,4232.0,4237.0,4221.0,4229.5,47726.0,present
2860,2025-06-03 20:00:00+00:00,4229.5,4236.0,4228.5,4232.0,10383.0,present
2861,2025-06-03 22:00:00+00:00,4232.0,4236.333333333333,4231.333333333333,4233.666666666667,6979.0,interpolated
2862,2025-06-04 00:00:00+00:00,4234.5,4236.666666666667,4234.166666666667,4235.333333333333,3575.0,interpolated
2863,2025-06-04 02:00:00+00:00,4237.0,4237.0,4237.0,4237.0,171.0,present
2864,2025-06-04 04:00:00+00:00,4236.5,4239.0,4204.5,4236.5,76009.0,present
2865,2025-06-04 06:00:00+00:00,4235.5,4255.5,4226.0,4242.5,213270.0,present
2866,2025-06-04 08:00:00+00:00,4242.5,4266.0,4227.0,4260.0,136959.0,present
2867,2025-06-04 10:00:00+00:00,4260.5,4260.5,4241.0,4250.0,67446.0,present
2868,2025-06-04 12:00:00+00:00,4250.0,4263.5,4215.0,4227.0,123425.0,present
2869,2025-06-04 14:00:00+00:00,4227.0,4234.0,4174.0,4208.0,179968.0,present
2870,2025-06-04 16:00:00+00:00,4215.0,4234.0,4208.5,4225.0,61253.0,present
2871,2025-06-04 18:00:00+00:00,4225.0,4227.0,4200.0,4200.5,21117.0,present
2872,2025-06-04 20:00:00+00:00,4200.5,4206.5,4200.0,4200.0,6321.0,present
2873,2025-06-04 22:00:00+00:00,4205.0,4209.0,4204.666666666667,4204.666666666667,4311.0,interpolated
2874,2025-06-05 00:00:00+00:00,4209.5,4211.5,4209.333333333333,4209.333333333333,2300.9999999999995,interpolated
2875,2025-06-05 02:00:00+00:00,4214.0,4214.0,4214.0,4214.0,291.0,present
2876,2025-06-05 04:00:00+00:00,4214.5,4235.0,4205.5,4220.0,16863.0,present
2877,2025-06-05 06:00:00+00:00,4220.0,4243.0,4215.5,4239.0,81576.0,present
2878,2025-06-05 08:00:00+00:00,4239.0,4244.0,4225.0,4231.0,109670.0,present
2879,2025-06-05 10:00:00+00:00,4231.5,4279.0,4231.0,4276.5,118677.0,present
2880,2025-06-05 12:00:00+00:00,4275.0,4296.0,4262.0,4276.0,129003.0,present
2881,2025-06-05 14:00:00+00:00,4278.5,4290.0,4266.5,4288.0,82538.0,present
2882,2025-06-05 16:00:00+00:00,4284.5,4285.5,4260.0,4272.5,39543.0,present
2883,2025-06-05 18:00:00+00:00,4270.5,4280.0,4259.5,4280.0,11342.0,present
2884,2025-06-05 20:00:00+00:00,4280.0,4284.0,4273.0,4282.0,6942.0,present
2885,2025-06-05 22:00:00+00:00,4281.333333333333,4284.0,4276.666666666667,4282.666666666667,4649.666666666667,interpolated
2886,2025-06-06 00:00:00+00:00,4282.666666666667,4284.0,4280.333333333333,4283.333333333333,2357.333333333334,interpolated
2887,2025-06-06 02:00:00+00:00,4284.0,4284.0,4284.0,4284.0,65.0,present
2888,2025-06-06 04:00:00+00:00,4284.5,4298.0,4276.0,4281.0,30436.0,present
2889,2025-06-06 06:00:00+00:00,4281.0,4335.0,4275.0,4321.5,136771.0,present
2890,2025-06-06 08:00:00+00:00,4321.5,4325.0,4282.0,4298.5,127707.0,present
2891,2025-06-06 10:00:00+00:00,4299.5,4350.0,4182.0,4268.0,460618.0,present
2892,2025-06-06 12:00:00+00:00,4268.0,4273.5,4196.5,4230.0,262981.0,present
2893,2025-06-06 14:00:00+00:00,4230.5,4236.5,4181.0,4182.5,180387.0,present
2894,2025-06-06 16:00:00+00:00,4182.5,4209.0,4178.0,4197.0,36389.0,present
2895,2025-06-06 18:00:00+00:00,4197.0,4198.0,4168.0,4168.0,22173.0,present
2896,2025-06-06 20:00:00+00:00,4168.0,4171.5,4161.0,4169.0,12124.0,present
2897,2025-06-06 22:00:00+00:00,4172.2,4176.2,4162.8,4173.5,10568.2,interpolated
2898,2025-06-07 00:00:00+00:00,4176.4,4180.9,4164.6,4178.0,9012.4,interpolated
2899,2025-06-07 02:00:00+00:00,4180.6,4185.6,4166.4,4182.5,7456.6,interpolated
2900,2025-06-07 04:00:00+00:00,4184.8,4190.3,4168.2,4187.0,5900.8,interpolated
2901,2025-06-07 06:00:00+00:00,4189.0,4195.0,4170.0,4191.5,4345.0,present
2902,2025-06-07 08:00:00+00:00,4191.5,4191.5,4180.0,4183.5,3222.0,present
2903,2025-06-07 10:00:00+00:00,4185.5,4191.5,4184.0,4191.5,1807.0,present
2904,2025-06-07 12:00:00+00:00,4190.0,4195.0,4186.5,4195.0,1956.0,present
2905,2025-06-07 14:00:00+00:00,4195.0,4195.0,4192.0,4194.0,1300.0,present
2906,2025-06-07 16:00:00+00:00,4194.875,4195.375,4191.1875,4193.125,1378.875,interpolated
2907,2025-06-07 18:00:00+00:00,4194.75,4195.75,4190.375,4192.25,1457.75,interpolated
2908,2025-06-07 20:00:00+00:00,4194.625,4196.125,4189.5625,4191.375,1536.625,interpolated
2909,2025-06-07 22:00:00+00:00,4194.5,4196.5,4188.75,4190.5,1615.5,interpolated
2910,2025-06-08 00:00:00+00:00,4194.375,4196.875,4187.9375,4189.625,1694.375,interpolated
2911,2025-06-08 02:00:00+00:00,4194.25,4197.25,4187.125,4188.75,1773.25,interpolated
2912,2025-06-08 04:00:00+00:00,4194.125,4197.625,4186.3125,4187.875,1852.125,interpolated
2913,2025-06-08 06:00:00+00:00,4194.0,4198.0,4185.5,4187.0,1931.0,present
2914,2025-06-08 08:00:00+00:00,4189.5,4192.0,4186.0,4190.5,1365.0,present
2915,2025-06-08 10:00:00+00:00,4189.0,4194.5,4189.0,4189.5,2690.0,present
2916,2025-06-08 12:00:00+00:00,4189.5,4191.0,4165.0,4175.5,7775.0,present
2917,2025-06-08 14:00:00+00:00,4176.0,4176.0,4152.5,4165.5,8473.0,present
2918,2025-06-08 16:00:00+00:00,4174.333333333333,4174.333333333333,4154.75,4165.583333333333,7091.0,interpolated
2919,2025-06-08 18:00:00+00:00,4172.666666666667,4172.666666666667,4157.0,4165.666666666667,5709.0,interpolated
2920,2025-06-08 20:00:00+00:00,4171.0,4171.0,4159.25,4165.75,4327.0,interpolated
2921,2025-06-08 22:00:00+00:00,4169.333333333333,4169.333333333333,4161.5,4165.833333333333,2945.0,interpolated
2922,2025-06-09 00:00:00+00:00,4167.666666666667,4167.666666666667,4163.75,4165.916666666667,1563.0,interpolated
2923,2025-06-09 02:00:00+00:00,4166.0,4166.0,4166.0,4166.0,181.0,present
2924,2025-06-09 04:00:00+00:00,4167.0,4186.0,4141.0,4162.5,29894.0,present
2925,2025-06-09 06:00:00+00:00,4164.5,4169.0,4088.0,4092.5,113108.0,present
2926,2025-06-09 08:00:00+00:00,4092.0,4111.0,4080.0,4107.5,102934.0,present
2927,2025-06-09 10:00:00+00:00,4107.5,4119.0,4070.0,4083.5,90483.0,present
2928,2025-06-09 12:00:00+00:00,4083.5,4085.0,4052.0,4056.0,164187.0,present
2929,2025-06-09 14:00:00+00:00,4057.5,4069.5,4050.0,4068.0,79478.0,present
2930,2025-06-09 16:00:00+00:00,4067.5,4080.0,4060.5,4077.5,31387.0,present
2931,2025-06-09 18:00:00+00:00,4077.5,4082.0,4062.0,4072.0,15986.0,present
2932,2025-06-09 20:00:00+00:00,4072.0,4080.0,4072.0,4073.0,4509.0,present
2933,2025-06-09 22:00:00+00:00,4076.3333333333335,4081.6666666666665,4076.3333333333335,4077.0,3042.666666666667,interpolated
2934,2025-06-10 00:00:00+00:00,4080.6666666666665,4083.3333333333335,4080.6666666666665,4081.0,1576.3333333333335,interpolated
2935,2025-06-10 02:00:00+00:00,4085.0,4085.0,4085.0,4085.0,110.0,present
2936,2025-06-10 04:00:00+00:00,4085.0,4096.0,4050.0,4080.0,24405.0,present
2937,2025-06-10 06:00:00+00:00,4079.5,4084.0,4042.5,4064.5,79083.0,present
2938,2025-06-10 08:00:00+00:00,4064.0,4067.5,3991.0,4004.5,256661.0,present
2939,2025-06-10 10:00:00+00:00,4004.5,4019.5,3983.0,3998.5,192125.0,present
2940,2025-06-10 12:00:00+00:00,3998.5,4005.0,3970.0,3980.0,125030.0,present
2941,2025-06-10 14:00:00+00:00,3980.0,3990.0,3972.0,3976.0,94165.0,present
2942,2025-06-10 16:00:00+00:00,3977.0,3988.0,3963.0,3980.5,90255.0,present
2943,2025-06-10 18:00:00+00:00,3979.5,3990.0,3978.0,3981.0,15711.0,present
2944,2025-06-10 20:00:00+00:00,3981.5,3983.5,3971.5,3979.0,8142.0,present
2945,2025-06-10 22:00:00+00:00,3986.0,3987.3333333333335,3979.3333333333335,3984.3333333333335,5455.0,interpolated
2946,2025-06-11 00:00:00+00:00,3990.5,3991.1666666666665,3987.1666666666665,3989.6666666666665,2768.0,interpolated
2947,2025-06-11 02:00:00+00:00,3995.0,3995.0,3995.0,3995.0,81.0,present
2948,2025-06-11 04:00:00+00:00,3994.0,3997.5,3944.0,3979.0,40842.0,present
2949,2025-06-11 06:00:00+00:00,3978.5,4037.5,3972.0,4015.0,164757.0,present
2950,2025-06-11 08:00:00+00:00,4014.5,4029.0,3994.0,4018.0,161224.0,present
2951,2025-06-11 10:00:00+00:00,4019.5,4035.0,4006.5,4020.5,64583.0,present
2952,2025-06-11 12:00:00+00:00,4021.0,4043.0,4011.0,4025.0,127336.0,present
2953,2025-06-11 14:00:00+00:00,4024.5,4029.5,4011.0,4022.5,76947.0,present
2954,2025-06-11 16:00:00+00:00,4026.5,4026.5,3991.0,3997.0,43927.0,present
2955,2025-06-11 18:00:00+00:00,3997.5,4009.5,3996.5,4003.0,16610.0,present
2956,2025-06-11 20:00:00+00:00,4003.0,4004.5,3995.0,3997.5,19918.0,present
2957,2025-06-11 22:00:00+00:00,4004.133333333333,4005.5333333333333,3996.6666666666665,3999.0,18656.8,interpolated
2958,2025-06-12 00:00:00+00:00,4005.266666666667,4006.5666666666666,3998.3333333333335,4000.5,17395.6,interpolated
2959,2025-06-12 02:00:00+00:00,4006.4,4007.6,4000.0,4002.0,16134.4,interpolated
2960,2025-06-12 04:00:00+00:00,4007.5333333333333,4008.633333333333,4001.6666666666665,4003.5,14873.2,interpolated
2961,2025-06-12 06:00:00+00:00,4008.6666666666665,4009.6666666666665,4003.3333333333335,4005.0,13612.0,interpolated
2962,2025-06-12 08:00:00+00:00,4009.8,4010.7,4005.0,4006.5,12350.8,interpolated
2963,2025-06-12 10:00:00+00:00,4010.9333333333334,4011.733333333333,4006.6666666666665,4008.0,11089.6,interpolated
2964,2025-06-12 12:00:00+00:00,4012.0666666666666,4012.766666666667,4008.3333333333335,4009.5,9828.400000000001,interpolated
2965,2025-06-12 14:00:00+00:00,4013.2,4013.8,4010.0,4011.0,8567.2,interpolated
2966,2025-06-12 16:00:00+00:00,4014.3333333333335,4014.8333333333335,4011.6666666666665,4012.5,7306.0,interpolated
2967,2025-06-12 18:00:00+00:00,4015.4666666666667,4015.866666666667,4013.3333333333335,4014.0,6044.800000000001,interpolated
2968,2025-06-12 20:00:00+00:00,4016.6,4016.9,4015.0,4015.5,4783.6,interpolated
2969,2025-06-12 22:00:00+00:00,4017.733333333333,4017.9333333333334,4016.6666666666665,4017.0,3522.4000000000015,interpolated
2970,2025-06-13 00:00:00+00:00,4018.866666666667,4018.9666666666667,4018.3333333333335,4018.5,2261.2000000000007,interpolated
2971,2025-06-13 02:00:00+00:00,4020.0,4020.0,4020.0,4020.0,1000.0,present
2972,2025-06-13 04:00:00+00:00,4018.5,4035.0,4002.5,4019.5,27899.0,present
2973,2025-06-13 06:00:00+00:00,4019.5,4019.5,3976.0,3992.0,54979.0,present
2974,2025-06-13 08:00:00+00:00,3992.0,4009.5,3985.0,4009.5,40643.0,present
2975,2025-06-13 10:00:00+00:00,4009.5,4022.0,3995.5,4000.5,40079.0,present
2976,2025-06-13 12:00:00+00:00,4000.5,4007.0,3985.5,3996.5,37766.0,present
2977,2025-06-13 14:00:00+00:00,3997.5,4004.0,3975.0,3983.0,24673.0,present
2978,2025-06-13 16:00:00+00:00,3988.0,3988.0,3977.0,3985.5,13551.0,present
2979,2025-06-13 18:00:00+00:00,3985.0,3989.0,3978.5,3978.5,8993.0,present
2980,2025-06-13 20:00:00+00:00,3979.0,3981.5,3978.0,3980.0,3969.0,present
2981,2025-06-13 22:00:00+00:00,3980.8,3984.0,3980.0,3982.0,3816.4,interpolated
2982,2025-06-14 00:00:00+00:00,3982.6,3986.5,3982.0,3984.0,3663.8,interpolated
2983,2025-06-14 02:00:00+00:00,3984.4,3989.0,3984.0,3986.0,3511.2,interpolated
2984,2025-06-14 04:00:00+00:00,3986.2,3991.5,3986.0,3988.0,3358.6,interpolated
2985,2025-06-14 06:00:00+00:00,3988.0,3994.0,3988.0,3990.0,3206.0,present
2986,2025-06-14 08:00:00+00:00,3990.0,3998.5,3990.0,3993.0,4202.0,present
2987,2025-06-14 10:00:00+00:00,3991.5,4005.0,3991.0,4005.0,6074.0,present
2988,2025-06-14 12:00:00+00:00,4005.5,4009.0,4001.0,4002.5,3114.0,present
2989,2025-06-14 14:00:00+00:00,4002.5,4005.0,3989.0,3995.0,7105.0,present
2990,2025-06-14 16:00:00+00:00,4002.0625,4005.4375,3988.4375,3994.4375,7845.0,interpolated
2991,2025-06-14 18:00:00+00:00,4001.625,4005.875,3987.875,3993.875,8585.0,interpolated
2992,2025-06-14 20:00:00+00:00,4001.1875,4006.3125,3987.3125,3993.3125,9325.0,interpolated
2993,2025-06-14 22:00:00+00:00,4000.75,4006.75,3986.75,3992.75,10065.0,interpolated
2994,2025-06-15 00:00:00+00:00,4000.3125,4007.1875,3986.1875,3992.1875,10805.0,interpolated
2995,2025-06-15 02:00:00+00:00,3999.875,4007.625,3985.625,3991.625,11545.0,interpolated
2996,2025-06-15 04:00:00+00:00,3999.4375,4008.0625,3985.0625,3991.0625,12285.0,interpolated
2997,2025-06-15 06:00:00+00:00,3999.0,4008.5,3984.5,3990.5,13025.0,present
2998,2025-06-15 08:00:00+00:00,3992.5,4003.0,3989.0,3997.0,3565.0,present
2999,2025-06-15 10:00:00+00:00,3997.0,4008.0,3995.0,4005.0,4802.0,present
3000,2025-06-15 12:00:00+00:00,4005.0,4006.5,4000.0,4002.0,2294.0,present
3001,2025-06-15 14:00:00+00:00,4003.5,4006.5,4000.5,4005.0,3574.0,present
3002,2025-06-15 16:00:00+00:00,4004.5833333333335,4007.0833333333335,4002.0833333333335,4005.8333333333335,3027.6666666666665,interpolated
3003,2025-06-15 18:00:00+00:00,4005.6666666666665,4007.6666666666665,4003.6666666666665,4006.6666666666665,2481.333333333333,interpolated
3004,2025-06-15 20:00:00+00:00,4006.75,4008.25,4005.25,4007.5,1935.0,interpolated
3005,2025-06-15 22:00:00+00:00,4007.8333333333335,4008.8333333333335,4006.8333333333335,4008.3333333333335,1388.6666666666665,interpolated
3006,2025-06-16 00:00:00+00:00,4008.9166666666665,4009.4166666666665,4008.4166666666665,4009.1666666666665,842.3333333333335,interpolated
3007,2025-06-16 02:00:00+00:00,4010.0,4010.0,4010.0,4010.0,296.0,present
3008,2025-06-16 04:00:00+00:00,4010.0,4022.5,3997.0,4012.0,16713.0,present
3009,2025-06-16 06:00:00+00:00,4008.0,4011.5,3976.0,3987.0,78735.0,present
3010,2025-06-16 08:00:00+00:00,3985.5,4011.5,3962.0,4007.5,109229.0,present
3011,2025-06-16 10:00:00+00:00,4008.5,4038.0,4004.5,4028.0,106863.0,present
3012,2025-06-16 12:00:00+00:00,4026.0,4049.5,3990.5,3996.5,161560.0,present
3013,2025-06-16 14:00:00+00:00,3996.5,4008.5,3985.0,3985.5,66822.0,present
3014,2025-06-16 16:00:00+00:00,3996.5,4000.0,3983.0,3995.5,13788.0,present
3015,2025-06-16 18:00:00+00:00,3995.0,3998.5,3986.0,3990.0,9007.0,present
3016,2025-06-16 20:00:00+00:00,3991.5,3991.5,3985.0,3988.0,5000.0,present
3017,2025-06-16 22:00:00+00:00,3995.3333333333335,3995.3333333333335,3991.0,3993.0,3445.0,interpolated
3018,2025-06-17 00:00:00+00:00,3999.1666666666665,3999.1666666666665,3997.0,3998.0,1890.0,interpolated
3019,2025-06-17 02:00:00+00:00,4003.0,4003.0,4003.0,4003.0,335.0,present
3020,2025-06-17 04:00:00+00:00,4003.0,4013.5,3984.0,4003.5,15480.0,present
3021,2025-06-17 06:00:00+00:00,4003.5,4018.0,3985.5,4013.0,50166.0,present
3022,2025-06-17 08:00:00+00:00,4014.5,4031.5,4003.5,4029.0,86131.0,present
3023,2025-06-17 10:00:00+00:00,4029.0,4040.0,3997.5,4002.0,96670.0,present
3024,2025-06-17 12:00:00+00:00,4002.0,4062.0,3998.0,4060.5,180827.0,present
3025,2025-06-17 14:00:00+00:00,4061.0,4071.0,4044.0,4059.0,150563.0,present
3026,2025-06-17 16:00:00+00:00,4059.0,4077.5,4059.0,4067.5,36484.0,present
3027,2025-06-17 18:00:00+00:00,4069.0,4085.0,4062.5,4069.0,64662.0,present
3028,2025-06-17 20:00:00+00:00,4068.5,4075.0,4065.0,4072.0,6420.0,present
3029,2025-06-17 22:00:00+00:00,4073.0,4077.3333333333335,4070.6666666666665,4075.3333333333335,4286.0,interpolated
3030,2025-06-18 00:00:00+00:00,4077.5,4079.6666666666665,4076.3333333333335,4078.6666666666665,2152.0,interpolated
3031,2025-06-18 02:00:00+00:00,4082.0,4082.0,4082.0,4082.0,18.0,present
3032,2025-06-18 04:00:00+00:00,4080.5,4107.5,4070.5,4106.0,37902.0,present
3033,2025-06-18 06:00:00+00:00,4103.5,4109.0,4079.5,4090.0,87452.0,present
3034,2025-06-18 08:00:00+00:00,4089.5,4094.5,4062.5,4090.5,85973.0,present
3035,2025-06-18 10:00:00+00:00,4090.5,4100.0,4066.0,4069.0,107615.0,present
3036,2025-06-18 12:00:00+00:00,4069.0,4079.0,4050.0,4051.0,104086.0,present
3037,2025-06-18 14:00:00+00:00,4052.0,4060.0,4036.5,4060.0,77778.0,present
3038,2025-06-18 16:00:00+00:00,4051.0,4057.5,4036.5,4040.0,26235.0,present
3039,2025-06-18 18:00:00+00:00,4040.0,4048.5,4038.5,4043.0,8595.0,present
3040,2025-06-18 20:00:00+00:00,4043.0,4044.5,4038.5,4038.5,7884.0,present
3041,2025-06-18 22:00:00+00:00,4042.6666666666665,4043.6666666666665,4039.6666666666665,4039.6666666666665,5258.333333333333,interpolated
3042,2025-06-19 00:00:00+00:00,4042.3333333333335,4042.8333333333335,4040.8333333333335,4040.8333333333335,2632.666666666666,interpolated
3043,2025-06-19 02:00:00+00:00,4042.0,4042.0,4042.0,4042.0,7.0,present
3044,2025-06-19 04:00:00+00:00,4049.5,4070.0,4045.0,4062.5,16577.0,present
3045,2025-06-19 06:00:00+00:00,4061.5,4065.5,4046.0,4048.5,42797.0,present
3046,2025-06-19 08:00:00+00:00,4047.5,4054.0,4038.0,4042.5,52894.0,present
3047,2025-06-19 10:00:00+00:00,4042.5,4048.0,4030.0,4046.0,110739.0,present
3048,2025-06-19 12:00:00+00:00,4046.0,4051.0,4030.0,4040.0,172334.0,present
3049,2025-06-19 14:00:00+00:00,4040.5,4074.0,4037.0,4074.0,134150.0,present
3050,2025-06-19 16:00:00+00:00,4073.5,4080.0,4062.0,4065.5,38289.0,present
3051,2025-06-19 18:00:00+00:00,4065.5,4070.0,4052.5,4060.5,15289.0,present
3052,2025-06-19 20:00:00+00:00,4059.5,4060.5,4053.0,4053.0,4122.0,present
3053,2025-06-19 22:00:00+00:00,4060.0,4060.6666666666665,4055.6666666666665,4055.6666666666665,2781.666666666667,interpolated
3054,2025-06-20 00:00:00+00:00,4060.5,4060.8333333333335,4058.3333333333335,4058.3333333333335,1441.3333333333335,interpolated
3055,2025-06-20 02:00:00+00:00,4061.0,4061.0,4061.0,4061.0,101.0,present
3056,2025-06-20 04:00:00+00:00,4063.0,4072.0,4053.0,4064.0,8144.0,present
3057,2025-06-20 06:00:00+00:00,4064.5,4070.0,4039.0,4060.5,52153.0,present
3058,2025-06-20 08:00:00+00:00,4060.0,4088.5,4042.5,4084.5,95767.0,present
3059,2025-06-20 10:00:00+00:00,4084.5,4085.0,4049.0,4051.0,69112.0,present
3060,2025-06-20 12:00:00+00:00,4052.0,4069.0,4034.0,4042.5,58276.0,present
3061,2025-06-20 14:00:00+00:00,4042.5,4069.5,4030.0,4069.5,113848.0,present
3062,2025-06-20 16:00:00+00:00,4064.5,4066.5,4048.5,4050.5,53361.0,present
3063,2025-06-20 18:00:00+00:00,4050.0,4061.5,4041.0,4044.0,15592.0,present
3064,2025-06-20 20:00:00+00:00,4044.0,4047.5,4041.0,4045.5,5012.0,present
3065,2025-06-20 22:00:00+00:00,4044.0555555555557,4047.425925925926,4041.1666666666665,4045.5,4832.7037037037035,interpolated
3066,2025-06-21 00:00:00+00:00,4044.1111111111113,4047.3518518518517,4041.3333333333335,4045.5,4653.407407407408,interpolated
3067,2025-06-21 02:00:00+00:00,4044.1666666666665,4047.277777777778,4041.5,4045.5,4474.111111111111,interpolated
3068,2025-06-21 04:00:00+00:00,4044.222222222222,4047.203703703704,4041.6666666666665,4045.5,4294.814814814815,interpolated
3069,2025-06-21 06:00:00+00:00,4044.277777777778,4047.1296296296296,4041.8333333333335,4045.5,4115.518518518518,interpolated
3070,2025-06-21 08:00:00+00:00,4044.3333333333335,4047.0555555555557,4042.0,4045.5,3936.2222222222226,interpolated
3071,2025-06-21 10:00:00+00:00,4044.3888888888887,4046.9814814814813,4042.1666666666665,4045.5,3756.925925925926,interpolated
3072,2025-06-21 12:00:00+00:00,4044.4444444444443,4046.9074074074074,4042.3333333333335,4045.5,3577.6296296296296,interpolated
3073,2025-06-21 14:00:00+00:00,4044.5,4046.8333333333335,4042.5,4045.5,3398.3333333333335,interpolated
3074,2025-06-21 16:00:00+00:00,4044.5555555555557,4046.759259259259,4042.6666666666665,4045.5,3219.0370370370374,interpolated
3075,2025-06-21 18:00:00+00:00,4044.6111111111113,4046.685185185185,4042.8333333333335,4045.5,3039.740740740741,interpolated
3076,2025-06-21 20:00:00+00:00,4044.6666666666665,4046.6111111111113,4043.0,4045.5,2860.444444444445,interpolated
3077,2025-06-21 22:00:00+00:00,4044.722222222222,4046.537037037037,4043.1666666666665,4045.5,2681.1481481481483,interpolated
3078,2025-06-22 00:00:00+00:00,4044.777777777778,4046.462962962963,4043.3333333333335,4045.5,2501.851851851852,interpolated
3079,2025-06-22 02:00:00+00:00,4044.8333333333335,4046.3888888888887,4043.5,4045.5,2322.5555555555557,interpolated
3080,2025-06-22 04:00:00+00:00,4044.8888888888887,4046.314814814815,4043.6666666666665,4045.5,2143.2592592592596,interpolated
3081,2025-06-22 06:00:00+00:00,4044.9444444444443,4046.240740740741,4043.8333333333335,4045.5,1963.962962962963,interpolated
3082,2025-06-22 08:00:00+00:00,4045.0,4046.1666666666665,4044.0,4045.5,1784.666666666667,interpolated
3083,2025-06-22 10:00:00+00:00,4045.0555555555557,4046.0925925925926,4044.1666666666665,4045.5,1605.3703703703704,interpolated
3084,2025-06-22 12:00:00+00:00,4045.1111111111113,4046.0185185185187,4044.3333333333335,4045.5,1426.0740740740744,interpolated
3085,2025-06-22 14:00:00+00:00,4045.1666666666665,4045.9444444444443,4044.5,4045.5,1246.7777777777778,interpolated
3086,2025-06-22 16:00:00+00:00,4045.222222222222,4045.8703703703704,4044.6666666666665,4045.5,1067.4814814814818,interpolated
3087,2025-06-22 18:00:00+00:00,4045.277777777778,4045.796296296296,4044.8333333333335,4045.5,888.1851851851852,interpolated
3088,2025-06-22 20:00:00+00:00,4045.3333333333335,4045.722222222222,4045.0,4045.5,708.8888888888896,interpolated
3089,2025-06-22 22:00:00+00:00,4045.3888888888887,4045.6481481481483,4045.1666666666665,4045.5,529.5925925925931,interpolated
3090,2025-06-23 00:00:00+00:00,4045.4444444444443,4045.574074074074,4045.3333333333335,4045.5,350.29629629629653,interpolated
3091,2025-06-23 02:00:00+00:00,4045.5,4045.5,4045.5,4045.5,171.0,present
3092,2025-06-23 04:00:00+00:00,4045.5,4062.0,4030.5,4042.5,17591.0,present
3093,2025-06-23 06:00:00+00:00,4041.5,4059.0,4020.0,4058.5,113620.0,present
3094,2025-06-23 08:00:00+00:00,4056.5,4057.0,4030.5,4042.5,36250.0,present
3095,2025-06-23 10:00:00+00:00,4042.0,4045.5,4025.5,4038.5,55361.0,present
3096,2025-06-23 12:00:00+00:00,4038.5,4045.0,4025.5,4038.5,73226.0,present
3097,2025-06-23 14:00:00+00:00,4039.0,4044.5,4004.5,4004.5,111776.0,present
3098,2025-06-23 16:00:00+00:00,4013.0,4020.0,3994.0,4009.0,83089.0,present
3099,2025-06-23 18:00:00+00:00,4009.5,4009.5,4000.0,4007.0,11719.0,present
3100,2025-06-23 20:00:00+00:00,4007.5,4008.0,3999.0,4007.5,11190.0,present
3101,2025-06-23 22:00:00+00:00,4007.6666666666665,4008.0,4002.0,4007.6666666666665,7489.666666666666,interpolated
3102,2025-06-24 00:00:00+00:00,4007.8333333333335,4008.0,4005.0,4007.8333333333335,3789.333333333333,interpolated
3103,2025-06-24 02:00:00+00:00,4008.0,4008.0,4008.0,4008.0,89.0,present
3104,2025-06-24 04:00:00+00:00,4009.0,4033.0,3999.0,4023.0,61637.0,present
3105,2025-06-24 06:00:00+00:00,4022.0,4025.0,3986.0,4000.0,103609.0,present
3106,2025-06-24 08:00:00+00:00,4000.0,4020.0,3995.0,4016.5,88734.0,present
3107,2025-06-24 10:00:00+00:00,4017.0,4029.0,4010.0,4022.0,56745.0,present
3108,2025-06-24 12:00:00+00:00,4021.0,4028.0,3994.0,4023.0,65349.0,present
3109,2025-06-24 14:00:00+00:00,4023.5,4058.0,4023.0,4040.5,131786.0,present
3110,2025-06-24 16:00:00+00:00,4040.5,4043.5,4031.5,4037.0,15407.0,present
3111,2025-06-24 18:00:00+00:00,4035.5,4113.5,4034.5,4107.339408669451,191308.0,present
3112,2025-06-24 20:00:00+00:00,4106.5,4118.0,4090.5,4106.0,32912.0,present
3113,2025-06-24 22:00:00+00:00,4107.5,4115.166666666667,4096.833333333333,4107.166666666667,22048.333333333336,interpolated
3114,2025-06-25 00:00:00+00:00,4108.5,4112.333333333333,4103.166666666667,4108.333333333333,11184.666666666668,interpolated
3115,2025-06-25 02:00:00+00:00,4109.5,4109.5,4109.5,4109.5,321.0,present
3116,2025-06-25 04:00:00+00:00,4110.0,4125.0,4080.0,4086.5,59970.0,present
3117,2025-06-25 06:00:00+00:00,4088.5,4179.5,4081.0,4157.701880982837,219168.0,present
3118,2025-06-25 08:00:00+00:00,4168.5,4186.0,4154.0,4167.0,230440.0,present
3119,2025-06-25 10:00:00+00:00,4166.5,4177.5,4157.0,4159.5,139235.0,present
3120,2025-06-25 12:00:00+00:00,4160.0,4163.5,4132.5,4138.5,103437.0,present
3121,2025-06-25 14:00:00+00:00,4138.0,4174.5,4133.5,4174.5,94241.0,present
3122,2025-06-25 16:00:00+00:00,4170.0,4170.0,4147.0,4154.0,25282.0,present
3123,2025-06-25 18:00:00+00:00,4154.0,4157.0,4138.0,4153.0,18476.0,present
3124,2025-06-25 20:00:00+00:00,4153.5,4153.5,4141.5,4145.0,5146.0,present
3125,2025-06-25 22:00:00+00:00,4151.166666666667,4151.166666666667,4143.166666666667,4145.5,3537.6666666666665,interpolated
3126,2025-06-26 00:00:00+00:00,4148.833333333333,4148.833333333333,4144.833333333333,4146.0,1929.333333333333,interpolated
3127,2025-06-26 02:00:00+00:00,4146.5,4146.5,4146.5,4146.5,321.0,present
3128,2025-06-26 04:00:00+00:00,4150.0,4169.5,4147.0,4167.5,14080.0,present
3129,2025-06-26 06:00:00+00:00,4167.5,4168.5,4114.0,4116.0,69703.0,present
3130,2025-06-26 08:00:00+00:00,4115.5,4153.0,4106.0,4146.5,77706.0,present
3131,2025-06-26 10:00:00+00:00,4146.5,4157.0,4135.0,4154.0,38818.0,present
3132,2025-06-26 12:00:00+00:00,4154.5,4158.0,4135.5,4139.0,30264.0,present
3133,2025-06-26 14:00:00+00:00,4140.0,4171.0,4138.0,4171.0,91363.0,present
3134,2025-06-26 16:00:00+00:00,4166.5,4167.5,4146.0,4148.5,18109.0,present
3135,2025-06-26 18:00:00+00:00,4148.5,4148.5,4140.0,4142.5,9333.0,present
3136,2025-06-26 20:00:00+00:00,4143.0,4144.0,4133.5,4135.5,7737.0,present
3137,2025-06-26 22:00:00+00:00,4143.833333333333,4144.5,4137.5,4138.833333333333,5180.0,interpolated
3138,2025-06-27 00:00:00+00:00,4144.666666666667,4145.0,4141.5,4142.166666666667,2623.0,interpolated
3139,2025-06-27 02:00:00+00:00,4145.5,4145.5,4145.5,4145.5,66.0,present
3140,2025-06-27 04:00:00+00:00,4148.5,4152.0,4136.0,4138.5,11182.0,present
3141,2025-06-27 06:00:00+00:00,4137.5,4143.0,4125.0,4136.0,18833.0,present
3142,2025-06-27 08:00:00+00:00,4136.5,4160.0,4134.5,4155.0,31361.0,present
3143,2025-06-27 10:00:00+00:00,4155.0,4158.0,4131.5,4144.0,37382.0,present
3144,2025-06-27 12:00:00+00:00,4144.0,4170.0,4140.5,4169.0,83219.0,present
3145,2025-06-27 14:00:00+00:00,4169.0,4176.5,4161.0,4166.5,103817.0,present
3146,2025-06-27 16:00:00+00:00,4161.5,4182.5,4154.5,4171.5,44698.0,present
3147,2025-06-27 18:00:00+00:00,4169.0,4175.0,4165.5,4172.5,11503.0,present
3148,2025-06-27 20:00:00+00:00,4173.5,4178.5,4171.0,4175.0,6047.0,present
3149,2025-06-27 22:00:00+00:00,4174.4,4179.8,4171.8,4176.5,5994.6,interpolated
3150,2025-06-28 00:00:00+00:00,4175.3,4181.1,4172.6,4178.0,5942.2,interpolated
3151,2025-06-28 02:00:00+00:00,4176.2,4182.4,4173.4,4179.5,5889.8,interpolated
3152,2025-06-28 04:00:00+00:00,4177.1,4183.7,4174.2,4181.0,5837.4,interpolated
3153,2025-06-28 06:00:00+00:00,4178.0,4185.0,4175.0,4182.5,5785.0,present
3154,2025-06-28 08:00:00+00:00,4182.5,4183.5,4174.0,4179.0,2138.0,present
3155,2025-06-28 10:00:00+00:00,4178.5,4180.0,4173.5,4175.0,3447.0,present
3156,2025-06-28 12:00:00+00:00,4177.0,4179.0,4169.0,4170.5,2088.0,present
3157,2025-06-28 14:00:00+00:00,4171.5,4177.5,4170.5,4173.0,1511.0,present
3158,2025-06-28 16:00:00+00:00,4171.6875,4177.875,4170.8125,4173.8125,1583.375,interpolated
3159,2025-06-28 18:00:00+00:00,4171.875,4178.25,4171.125,4174.625,1655.75,interpolated
3160,2025-06-28 20:00:00+00:00,4172.0625,4178.625,4171.4375,4175.4375,1728.125,interpolated
3161,2025-06-28 22:00:00+00:00,4172.25,4179.0,4171.75,4176.25,1800.5,interpolated
3162,2025-06-29 00:00:00+00:00,4172.4375,4179.375,4172.0625,4177.0625,1872.875,interpolated
3163,2025-06-29 02:00:00+00:00,4172.625,4179.75,4172.375,4177.875,1945.25,interpolated
3164,2025-06-29 04:00:00+00:00,4172.8125,4180.125,4172.6875,4178.6875,2017.625,interpolated
3165,2025-06-29 06:00:00+00:00,4173.0,4180.5,4173.0,4179.5,2090.0,present
3166,2025-06-29 08:00:00+00:00,4179.5,4181.0,4172.0,4175.0,3030.0,present
3167,2025-06-29 10:00:00+00:00,4174.0,4180.0,4174.0,4178.5,2990.0,present
3168,2025-06-29 12:00:00+00:00,4178.5,4188.5,4174.0,4175.0,11404.0,present
3169,2025-06-29 14:00:00+00:00,4174.0,4175.0,4166.0,4169.0,9538.0,present
3170,2025-06-29 16:00:00+00:00,4174.333333333333,4175.166666666667,4167.666666666667,4170.166666666667,7953.333333333333,interpolated
3171,2025-06-29 18:00:00+00:00,4174.666666666667,4175.333333333333,4169.333333333333,4171.333333333333,6368.666666666666,interpolated
3172,2025-06-29 20:00:00+00:00,4175.0,4175.5,4171.0,4172.5,4784.0,interpolated
3173,2025-06-29 22:00:00+00:00,4175.333333333333,4175.666666666667,4172.666666666667,4173.666666666667,3199.333333333333,interpolated
3174,2025-06-30 00:00:00+00:00,4175.666666666667,4175.833333333333,4174.333333333333,4174.833333333333,1614.666666666667,interpolated
3175,2025-06-30 02:00:00+00:00,4176.0,4176.0,4176.0,4176.0,30.0,present
3176,2025-06-30 04:00:00+00:00,4176.5,4185.0,4172.0,4180.0,11925.0,present
3177,2025-06-30 06:00:00+00:00,4180.0,4190.0,4145.5,4150.5,137736.0,present
3178,2025-06-30 08:00:00+00:00,4151.0,4162.0,4133.5,4137.5,69042.0,present
3179,2025-06-30 10:00:00+00:00,4138.0,4165.0,4137.5,4163.0,111016.0,present
3180,2025-06-30 12:00:00+00:00,4161.0,4177.0,4158.5,4174.0,76359.0,present
3181,2025-06-30 14:00:00+00:00,4174.0,4189.0,4171.5,4189.0,102246.0,present
3182,2025-06-30 16:00:00+00:00,4188.0,4188.5,4177.0,4183.0,18819.0,present
3183,2025-06-30 18:00:00+00:00,4182.0,4187.0,4179.0,4181.5,11054.0,present
3184,2025-06-30 20:00:00+00:00,4181.0,4181.0,4160.0,4167.0,15700.0,present
3185,2025-06-30 22:00:00+00:00,4179.0,4179.0,4165.0,4169.666666666667,10550.666666666666,interpolated
3186,2025-07-01 00:00:00+00:00,4177.0,4177.0,4170.0,4172.333333333333,5401.333333333332,interpolated
3187,2025-07-01 02:00:00+00:00,4175.0,4175.0,4175.0,4175.0,252.0,present
3188,2025-07-01 04:00:00+00:00,4174.0,4190.0,4167.0,4190.0,116113.0,present
3189,2025-07-01 06:00:00+00:00,4189.5,4190.0,4161.0,4188.0,83529.0,present
3190,2025-07-01 08:00:00+00:00,4188.5,4210.0,4168.0,4207.0,172030.0,present
3191,2025-07-01 10:00:00+00:00,4206.5,4209.0,4172.5,4189.5,128967.0,present
3192,2025-07-01 12:00:00+00:00,4189.5,4198.5,4172.0,4176.0,80055.0,present
3193,2025-07-01 14:00:00+00:00,4175.0,4195.5,4164.5,4183.0,77327.0,present
3194,2025-07-01 16:00:00+00:00,4183.0,4186.0,4167.0,4171.0,27301.0,present
3195,2025-07-01 18:00:00+00:00,4170.5,4174.5,4150.0,4160.0,46111.0,present
3196,2025-07-01 20:00:00+00:00,4160.0,4169.0,4160.0,4168.5,7477.0,present
3197,2025-07-01 22:00:00+00:00,4163.0,4169.0,4163.0,4168.666666666667,5033.666666666667,interpolated
3198,2025-07-02 00:00:00+00:00,4166.0,4169.0,4166.0,4168.833333333333,2590.333333333334,interpolated
3199,2025-07-02 02:00:00+00:00,4169.0,4169.0,4169.0,4169.0,147.0,present
3200,2025-07-02 04:00:00+00:00,4170.0,4177.5,4159.0,4164.0,18481.0,present
3201,2025-07-02 06:00:00+00:00,4164.5,4169.5,4140.0,4145.0,71255.0,present
3202,2025-07-02 08:00:00+00:00,4145.0,4153.5,4125.0,4146.0,101351.0,present
3203,2025-07-02 10:00:00+00:00,4145.0,4146.0,4127.0,4138.5,78987.0,present
3204,2025-07-02 12:00:00+00:00,4139.0,4160.0,4127.5,4140.5,64268.0,present
3205,2025-07-02 14:00:00+00:00,4139.0,4148.5,4105.5,4121.5,180740.0,present
3206,2025-07-02 16:00:00+00:00,4116.5,4128.0,4112.5,4124.0,50672.0,present
3207,2025-07-02 18:00:00+00:00,4123.0,4134.5,4116.5,4132.5,20067.0,present
3208,2025-07-02 20:00:00+00:00,4132.5,4133.5,4126.5,4131.0,4072.0,present
3209,2025-07-02 22:00:00+00:00,4132.333333333333,4133.0,4128.333333333333,4131.333333333333,2746.333333333333,interpolated
3210,2025-07-03 00:00:00+00:00,4132.166666666667,4132.5,4130.166666666667,4131.666666666667,1420.6666666666665,interpolated
3211,2025-07-03 02:00:00+00:00,4132.0,4132.0,4132.0,4132.0,95.0,present
3212,2025-07-03 04:00:00+00:00,4131.5,4137.0,4119.0,4136.5,13098.0,present
3213,2025-07-03 06:00:00+00:00,4136.5,4136.5,4108.5,4131.0,51317.0,present
3214,2025-07-03 08:00:00+00:00,4131.5,4179.0,4129.0,4167.5,135585.0,present
3215,2025-07-03 10:00:00+00:00,4168.5,4185.0,4163.0,4172.5,100500.0,present
3216,2025-07-03 12:00:00+00:00,4172.0,4197.5,4170.0,4190.5,134731.0,present
3217,2025-07-03 14:00:00+00:00,4190.5,4195.0,4159.0,4159.0,74678.0,present
3218,2025-07-03 16:00:00+00:00,4160.0,4167.5,4140.0,4141.0,49595.0,present
3219,2025-07-03 18:00:00+00:00,4140.5,4145.5,4123.0,4124.0,23031.0,present
3220,2025-07-03 20:00:00+00:00,4124.0,4126.5,4110.0,4121.5,18750.0,present
3221,2025-07-03 22:00:00+00:00,4123.0,4124.666666666667,4113.666666666667,4121.333333333333,12586.333333333332,interpolated
3222,2025-07-04 00:00:00+00:00,4122.0,4122.833333333333,4117.333333333333,4121.166666666667,6422.666666666666,interpolated
3223,2025-07-04 02:00:00+00:00,4121.0,4121.0,4121.0,4121.0,259.0,present
3224,2025-07-04 04:00:00+00:00,4121.0,4121.0,4082.0,4105.0,44664.0,present
3225,2025-07-04 06:00:00+00:00,4103.5,4130.5,4096.0,4112.0,93044.0,present
3226,2025-07-04 08:00:00+00:00,4111.0,4118.5,4076.5,4093.0,122633.0,present
3227,2025-07-04 10:00:00+00:00,4091.0,4155.0,4089.5,4124.0,134409.0,present
3228,2025-07-04 12:00:00+00:00,4124.0,4128.5,4100.0,4108.5,52875.0,present
3229,2025-07-04 14:00:00+00:00,4108.0,4113.5,4081.5,4081.5,53573.0,present
3230,2025-07-04 16:00:00+00:00,4084.0,4093.5,4081.0,4087.5,20590.0,present
3231,2025-07-04 18:00:00+00:00,4088.0,4092.0,4086.0,4090.5,6078.0,present
3232,2025-07-04 20:00:00+00:00,4090.5,4092.0,4085.5,4088.5,9479.0,present
3233,2025-07-04 22:00:00+00:00,4091.9,4094.7,4084.8,4089.1,8240.8,interpolated
3234,2025-07-05 00:00:00+00:00,4093.3,4097.4,4084.1,4089.7,7002.6,interpolated
3235,2025-07-05 02:00:00+00:00,4094.7,4100.1,4083.4,4090.3,5764.4,interpolated
3236,2025-07-05 04:00:00+00:00,4096.1,4102.8,4082.7,4090.9,4526.2,interpolated
3237,2025-07-05 06:00:00+00:00,4097.5,4105.5,4082.0,4091.5,3288.0,present
3238,2025-07-05 08:00:00+00:00,4090.0,4093.5,4083.0,4089.5,1611.0,present
3239,2025-07-05 10:00:00+00:00,4088.0,4092.5,4082.5,4083.5,2559.0,present
3240,2025-07-05 12:00:00+00:00,4085.5,4090.0,4082.0,4085.5,1814.0,present
3241,2025-07-05 14:00:00+00:00,4085.5,4090.5,4082.0,4083.5,2815.0,present
3242,2025-07-05 16:00:00+00:00,4085.3125,4090.25,4081.125,4082.8125,2730.125,interpolated
3243,2025-07-05 18:00:00+00:00,4085.125,4090.0,4080.25,4082.125,2645.25,interpolated
3244,2025-07-05 20:00:00+00:00,4084.9375,4089.75,4079.375,4081.4375,2560.375,interpolated
3245,2025-07-05 22:00:00+00:00,4084.75,4089.5,4078.5,4080.75,2475.5,interpolated
3246,2025-07-06 00:00:00+00:00,4084.5625,4089.25,4077.625,4080.0625,2390.625,interpolated
3247,2025-07-06 02:00:00+00:00,4084.375,4089.0,4076.75,4079.375,2305.75,interpolated
3248,2025-07-06 04:00:00+00:00,4084.1875,4088.75,4075.875,4078.6875,2220.875,interpolated
3249,2025-07-06 06:00:00+00:00,4084.0,4088.5,4075.0,4078.0,2136.0,present
3250,2025-07-06 08:00:00+00:00,4078.0,4082.0,4072.5,4077.5,2908.0,present
3251,2025-07-06 10:00:00+00:00,4075.5,4079.5,4071.5,4075.0,2814.0,present
3252,2025-07-06 12:00:00+00:00,4077.0,4079.5,4075.0,4079.0,2036.0,present
3253,2025-07-06 14:00:00+00:00,4079.0,4083.0,4079.0,4079.0,1434.0,present
3254,2025-07-06 16:00:00+00:00,4080.5833333333335,4083.9166666666665,4080.5833333333335,4080.5833333333335,1233.8333333333333,interpolated
3255,2025-07-06 18:00:00+00:00,4082.1666666666665,4084.8333333333335,4082.1666666666665,4082.1666666666665,1033.6666666666667,interpolated
3256,2025-07-06 20:00:00+00:00,4083.75,4085.75,4083.75,4083.75,833.5,interpolated
3257,2025-07-06 22:00:00+00:00,4085.3333333333335,4086.6666666666665,4085.3333333333335,4085.3333333333335,633.3333333333334,interpolated
3258,2025-07-07 00:00:00+00:00,4086.9166666666665,4087.5833333333335,4086.9166666666665,4086.9166666666665,433.16666666666663,interpolated
3259,2025-07-07 02:00:00+00:00,4088.5,4088.5,4088.5,4088.5,233.0,present
3260,2025-07-07 04:00:00+00:00,4088.5,4090.5,4065.5,4073.0,16363.0,present
3261,2025-07-07 06:00:00+00:00,4074.0,4097.0,4056.0,4084.0,75181.0,present
3262,2025-07-07 08:00:00+00:00,4084.0,4088.0,4068.0,4085.5,52518.0,present
3263,2025-07-07 10:00:00+00:00,4084.5,4117.5,4078.0,4114.0,60314.0,present
3264,2025-07-07 12:00:00+00:00,4114.0,4120.5,4085.0,4086.5,57325.0,present
3265,2025-07-07 14:00:00+00:00,4085.5,4091.5,4064.0,4064.0,61702.0,present
3266,2025-07-07 16:00:00+00:00,4064.0,4069.5,4062.0,4068.5,18175.0,present
3267,2025-07-07 18:00:00+00:00,4068.5,4070.0,4060.0,4061.0,15207.0,present
3268,2025-07-07 20:00:00+00:00,4061.5,4064.0,4057.0,4060.0,2677.0,present
3269,2025-07-07 22:00:00+00:00,4065.6666666666665,4067.3333333333335,4062.6666666666665,4064.6666666666665,1812.0,interpolated
3270,2025-07-08 00:00:00+00:00,4069.8333333333335,4070.6666666666665,4068.3333333333335,4069.3333333333335,947.0,interpolated
3271,2025-07-08 02:00:00+00:00,4074.0,4074.0,4074.0,4074.0,82.0,present
3272,2025-07-08 04:00:00+00:00,4073.5,4073.5,4046.0,4049.5,42629.0,present
3273,2025-07-08 06:00:00+00:00,4050.0,4060.0,4037.0,4045.5,121222.0,present
3274,2025-07-08 08:00:00+00:00,4045.5,4075.0,4042.0,4074.0,58606.0,present
3275,2025-07-08 10:00:00+00:00,4075.0,4076.5,4053.5,4059.5,60079.0,present
3276,2025-07-08 12:00:00+00:00,4059.0,4134.5,4056.0,4117.5,157966.0,present
3277,2025-07-08 14:00:00+00:00,4118.0,4139.0,4110.5,4124.5,151839.0,present
3278,2025-07-08 16:00:00+00:00,4124.5,4128.0,4100.0,4100.0,73213.0,present
3279,2025-07-08 18:00:00+00:00,4100.5,4113.5,4090.5,4097.0,171019.0,present
3280,2025-07-08 20:00:00+00:00,4099.0,4099.5,4082.0,4090.5,14895.0,present
3281,2025-07-08 22:00:00+00:00,4096.0,4096.333333333333,4084.6666666666665,4090.3333333333335,9959.333333333332,interpolated
3282,2025-07-09 00:00:00+00:00,4093.0,4093.1666666666665,4087.3333333333335,4090.1666666666665,5023.666666666666,interpolated
3283,2025-07-09 02:00:00+00:00,4090.0,4090.0,4090.0,4090.0,88.0,present
3284,2025-07-09 04:00:00+00:00,4090.0,4120.0,4085.0,4104.0,22121.0,present
3285,2025-07-09 06:00:00+00:00,4104.0,4110.5,4068.0,4081.5,75705.0,present
3286,2025-07-09 08:00:00+00:00,4082.0,4117.0,4075.0,4087.5,93885.0,present
3287,2025-07-09 10:00:00+00:00,4087.5,4112.0,4084.5,4111.5,80321.0,present
3288,2025-07-09 12:00:00+00:00,4112.0,4170.0,4112.0,4150.5,249216.0,present
3289,2025-07-09 14:00:00+00:00,4152.0,4171.5,4127.0,4171.5,237539.0,present
3290,2025-07-09 16:00:00+00:00,4168.0,4185.0,4144.5,4148.5,91269.0,present
3291,2025-07-09 18:00:00+00:00,4148.5,4169.5,4141.5,4163.5,19564.0,present
3292,2025-07-09 20:00:00+00:00,4164.0,4164.5,4158.0,4161.5,9118.0,present
3293,2025-07-09 22:00:00+00:00,4165.333333333333,4165.666666666667,4161.333333333333,4163.666666666667,6098.666666666666,interpolated
3294,2025-07-10 00:00:00+00:00,4166.666666666667,4166.833333333333,4164.666666666667,4165.833333333333,3079.333333333333,interpolated
3295,2025-07-10 02:00:00+00:00,4168.0,4168.0,4168.0,4168.0,60.0,present
3296,2025-07-10 04:00:00+00:00,4162.0,4171.0,4145.0,4158.0,19922.0,present
3297,2025-07-10 06:00:00+00:00,4159.0,4188.0,4150.5,4178.0,51624.0,present
3298,2025-07-10 08:00:00+00:00,4178.0,4178.0,4149.0,4153.5,61023.0,present
3299,2025-07-10 10:00:00+00:00,4153.5,4168.5,4132.0,4132.5,54966.0,present
3300,2025-07-10 12:00:00+00:00,4133.5,4166.5,4121.0,4151.0,50624.0,present
3301,2025-07-10 14:00:00+00:00,4150.0,4182.0,4150.0,4175.5,71678.0,present
3302,2025-07-10 16:00:00+00:00,4175.5,4175.5,4151.0,4160.5,13459.0,present
3303,2025-07-10 18:00:00+00:00,4160.0,4173.5,4156.5,4168.0,12371.0,present
3304,2025-07-10 20:00:00+00:00,4168.0,4170.0,4159.5,4167.5,13829.0,present
3305,2025-07-10 22:00:00+00:00,4168.5,4169.833333333333,4162.833333333333,4168.166666666667,9245.333333333334,interpolated
3306,2025-07-11 00:00:00+00:00,4169.0,4169.666666666667,4166.166666666667,4168.833333333333,4661.666666666668,interpolated
3307,2025-07-11 02:00:00+00:00,4169.5,4169.5,4169.5,4169.5,78.0,present
3308,2025-07-11 04:00:00+00:00,4168.0,4168.5,4130.5,4142.0,19982.0,present
3309,2025-07-11 06:00:00+00:00,4142.5,4147.0,4121.5,4125.5,75555.0,present
3310,2025-07-11 08:00:00+00:00,4125.0,4131.0,4102.5,4108.0,93686.0,present
3311,2025-07-11 10:00:00+00:00,4108.0,4116.5,4065.0,4078.5,158164.0,present
3312,2025-07-11 12:00:00+00:00,4079.5,4107.5,4067.0,4099.5,106714.0,present
3313,2025-07-11 14:00:00+00:00,4100.0,4102.0,3990.0,4029.294843535021,291074.0,present
3314,2025-07-11 16:00:00+00:00,4000.0,4012.0,3983.5,3996.5,92138.0,present
3315,2025-07-11 18:00:00+00:00,3996.0,3997.0,3980.0,3992.5,39694.0,present
3316,2025-07-11 20:00:00+00:00,3992.0,3996.5,3987.0,3993.0,9436.0,present
3317,2025-07-11 22:00:00+00:00,3992.2,3999.5,3988.2,3995.0,8426.6,interpolated
3318,2025-07-12 00:00:00+00:00,3992.4,4002.5,3989.4,3997.0,7417.2,interpolated
3319,2025-07-12 02:00:00+00:00,3992.6,4005.5,3990.6,3999.0,6407.8,interpolated
3320,2025-07-12 04:00:00+00:00,3992.8,4008.5,3991.8,4001.0,5398.4,interpolated
3321,2025-07-12 06:00:00+00:00,3993.0,4011.5,3993.0,4003.0,4389.0,present
3322,2025-07-12 08:00:00+00:00,4003.5,4013.5,4001.5,4010.0,6586.0,present
3323,2025-07-12 10:00:00+00:00,4010.0,4010.0,4003.0,4006.0,2944.0,present
3324,2025-07-12 12:00:00+00:00,4006.0,4007.0,3990.5,3996.0,5888.0,present
3325,2025-07-12 14:00:00+00:00,3997.5,4000.0,3990.0,3995.0,1876.0,present
3326,2025-07-12 16:00:00+00:00,3997.8125,4001.5,3991.1875,3995.625,1958.125,interpolated
3327,2025-07-12 18:00:00+00:00,3998.125,4003.0,3992.375,3996.25,2040.25,interpolated
3328,2025-07-12 20:00:00+00:00,3998.4375,4004.5,3993.5625,3996.875,2122.375,interpolated
3329,2025-07-12 22:00:00+00:00,3998.75,4006.0,3994.75,3997.5,2204.5,interpolated
3330,2025-07-13 00:00:00+00:00,3999.0625,4007.5,3995.9375,3998.125,2286.625,interpolated
3331,2025-07-13 02:00:00+00:00,3999.375,4009.0,3997.125,3998.75,2368.75,interpolated
3332,2025-07-13 04:00:00+00:00,3999.6875,4010.5,3998.3125,3999.375,2450.875,interpolated
3333,2025-07-13 06:00:00+00:00,4000.0,4012.0,3999.5,4000.0,2533.0,present
3334,2025-07-13 08:00:00+00:00,4000.5,4001.0,3983.0,3990.5,7062.0,present
3335,2025-07-13 10:00:00+00:00,3991.0,3999.0,3987.0,3997.0,8032.0,present
3336,2025-07-13 12:00:00+00:00,3996.5,3999.5,3990.0,3993.0,2098.0,present
3337,2025-07-13 14:00:00+00:00,3993.0,3999.0,3989.5,3993.5,4392.0,present
3338,2025-07-13 16:00:00+00:00,3993.0,3998.0,3990.0833333333335,3993.4166666666665,3941.1666666666665,interpolated
3339,2025-07-13 18:00:00+00:00,3993.0,3997.0,3990.6666666666665,3993.3333333333335,3490.3333333333335,interpolated
3340,2025-07-13 20:00:00+00:00,3993.0,3996.0,3991.25,3993.25,3039.5,interpolated
3341,2025-07-13 22:00:00+00:00,3993.0,3995.0,3991.8333333333335,3993.1666666666665,2588.666666666667,interpolated
3342,2025-07-14 00:00:00+00:00,3993.0,3994.0,3992.4166666666665,3993.0833333333335,2137.8333333333335,interpolated
3343,2025-07-14 02:00:00+00:00,3993.0,3993.0,3993.0,3993.0,1687.0,present
3344,2025-07-14 04:00:00+00:00,3992.5,3992.5,3955.5,3970.0,57718.0,present
3345,2025-07-14 06:00:00+00:00,3970.0,4070.0,3965.5,4039.172021901838,272203.0,present
3346,2025-07-14 08:00:00+00:00,4041.0,4084.5,4038.0,4054.0,214408.0,present
3347,2025-07-14 10:00:00+00:00,4053.5,4060.5,4026.5,4033.0,86187.0,present
3348,2025-07-14 12:00:00+00:00,4033.5,4071.5,4032.0,4044.5,65921.0,present
3349,2025-07-14 14:00:00+00:00,4045.0,4154.0,4002.5,4106.0,289178.0,present
3350,2025-07-14 16:00:00+00:00,4115.5,4160.0,4113.0,4138.0,115967.0,present
3351,2025-07-14 18:00:00+00:00,4138.0,4148.5,4135.0,4148.0,10070.0,present
3352,2025-07-14 20:00:00+00:00,4148.0,4149.5,4142.0,4143.0,16157.0,present
3353,2025-07-14 22:00:00+00:00,4146.333333333333,4147.333333333333,4142.333333333333,4143.0,10799.666666666668,interpolated
3354,2025-07-15 00:00:00+00:00,4144.666666666667,4145.166666666667,4142.666666666667,4143.0,5442.333333333334,interpolated
3355,2025-07-15 02:00:00+00:00,4143.0,4143.0,4143.0,4143.0,85.0,present
3356,2025-07-15 04:00:00+00:00,4141.0,4177.0,4122.5,4166.5,77934.0,present
3357,2025-07-15 06:00:00+00:00,4167.5,4207.5,4165.0,4170.0,170230.0,present
3358,2025-07-15 08:00:00+00:00,4170.0,4260.0,4168.5,4242.656758521578,328219.0,present
3359,2025-07-15 10:00:00+00:00,4255.0,4260.0,4223.0,4238.0,136761.0,present
3360,2025-07-15 12:00:00+00:00,4238.0,4271.5,4224.5,4264.0,168365.0,present
3361,2025-07-15 14:00:00+00:00,4264.0,4277.5,4255.0,4263.5,127745.0,present
3362,2025-07-15 16:00:00+00:00,4263.5,4270.5,4243.0,4250.0,30154.0,present
3363,2025-07-15 18:00:00+00:00,4248.5,4253.0,4232.5,4238.5,17514.0,present
3364,2025-07-15 20:00:00+00:00,4239.0,4243.5,4233.0,4242.0,4181.0,present
3365,2025-07-15 22:00:00+00:00,4240.333333333333,4243.333333333333,4236.333333333333,4242.333333333333,2841.3333333333335,interpolated
3366,2025-07-16 00:00:00+00:00,4241.666666666667,4243.166666666667,4239.666666666667,4242.666666666667,1501.666666666667,interpolated
3367,2025-07-16 02:00:00+00:00,4243.0,4243.0,4243.0,4243.0,162.0,present
3368,2025-07-16 04:00:00+00:00,4244.5,4275.0,4243.5,4271.0,29098.0,present
3369,2025-07-16 06:00:00+00:00,4271.0,4274.0,4251.5,4256.0,61808.0,present
3370,2025-07-16 08:00:00+00:00,4256.0,4305.0,4254.5,4301.0,136260.0,present
3371,2025-07-16 10:00:00+00:00,4301.0,4332.0,4294.0,4324.0,160975.0,present
3372,2025-07-16 12:00:00+00:00,4323.0,4331.5,4308.0,4316.0,113808.0,present
3373,2025-07-16 14:00:00+00:00,4315.0,4339.0,4302.5,4333.0,157754.0,present
3374,2025-07-16 16:00:00+00:00,4333.0,4340.5,4317.0,4334.5,72589.0,present
3375,2025-07-16 18:00:00+00:00,4333.0,4340.0,4311.0,4329.0,35148.0,present
3376,2025-07-16 20:00:00+00:00,4328.5,4334.5,4325.0,4329.5,13091.0,present
3377,2025-07-16 22:00:00+00:00,4331.666666666667,4335.666666666667,4329.333333333333,4332.333333333333,8745.666666666668,interpolated
3378,2025-07-17 00:00:00+00:00,4334.833333333333,4336.833333333333,4333.666666666667,4335.166666666667,4400.333333333334,interpolated
3379,2025-07-17 02:00:00+00:00,4338.0,4338.0,4338.0,4338.0,55.0,present
3380,2025-07-17 04:00:00+00:00,4335.5,4360.0,4332.0,4352.0,47695.0,present
3381,2025-07-17 06:00:00+00:00,4351.0,4370.5,4345.5,4353.0,122698.0,present
3382,2025-07-17 08:00:00+00:00,4353.5,4355.0,4305.0,4305.0,157982.0,present
3383,2025-07-17 10:00:00+00:00,4305.0,4312.5,4272.0,4282.0,126550.0,present
3384,2025-07-17 12:00:00+00:00,4281.0,4288.0,4242.0,4263.0,133243.0,present
3385,2025-07-17 14:00:00+00:00,4263.0,4295.5,4263.0,4286.0,86536.0,present
3386,2025-07-17 16:00:00+00:00,4284.0,4286.5,4259.0,4281.5,26982.0,present
3387,2025-07-17 18:00:00+00:00,4281.0,4281.0,4260.5,4267.0,19196.0,present
3388,2025-07-17 20:00:00+00:00,4266.5,4272.0,4250.0,4259.0,24840.0,present
3389,2025-07-17 22:00:00+00:00,4262.666666666667,4266.333333333333,4251.666666666667,4257.666666666667,16606.0,interpolated
3390,2025-07-18 00:00:00+00:00,4258.833333333333,4260.666666666667,4253.333333333333,4256.333333333333,8372.0,interpolated
3391,2025-07-18 02:00:00+00:00,4255.0,4255.0,4255.0,4255.0,138.0,present
3392,2025-07-18 04:00:00+00:00,4250.5,4298.0,4250.5,4280.0,45829.0,present
3393,2025-07-18 06:00:00+00:00,4280.0,4320.0,4275.0,4311.0,149148.0,present
3394,2025-07-18 08:00:00+00:00,4311.0,4366.5,4301.5,4364.0,247932.0,present
3395,2025-07-18 10:00:00+00:00,4363.5,4402.0,4360.5,4395.0,244387.0,present
3396,2025-07-18 12:00:00+00:00,4394.0,4404.0,4360.5,4378.5,162246.0,present
3397,2025-07-18 14:00:00+00:00,4378.5,4403.0,4368.0,4400.0,112114.0,present
3398,2025-07-18 16:00:00+00:00,4400.0,4418.0,4400.0,4404.0,49517.0,present
3399,2025-07-18 18:00:00+00:00,4404.5,4404.5,4390.5,4400.0,48197.0,present
3400,2025-07-18 20:00:00+00:00,4400.0,4407.0,4398.0,4401.0,13997.0,present
3401,2025-07-18 22:00:00+00:00,4400.2,4415.2,4398.6,4408.4,18217.2,interpolated
3402,2025-07-19 00:00:00+00:00,4400.4,4423.4,4399.2,4415.8,22437.4,interpolated
3403,2025-07-19 02:00:00+00:00,4400.6,4431.6,4399.8,4423.2,26657.6,interpolated
3404,2025-07-19 04:00:00+00:00,4400.8,4439.8,4400.4,4430.6,30877.8,interpolated
3405,2025-07-19 06:00:00+00:00,4401.0,4448.0,4401.0,4438.0,35098.0,present
3406,2025-07-19 08:00:00+00:00,4438.0,4444.0,4413.5,4421.5,18778.0,present
3407,2025-07-19 10:00:00+00:00,4421.0,4427.0,4416.0,4421.0,6981.0,present
3408,2025-07-19 12:00:00+00:00,4421.0,4429.0,4419.0,4426.5,6071.0,present
3409,2025-07-19 14:00:00+00:00,4427.0,4429.0,4418.0,4418.0,4455.0,present
3410,2025-07-19 16:00:00+00:00,4428.625,4430.375,4419.0625,4419.6875,4703.375,interpolated
3411,2025-07-19 18:00:00+00:00,4430.25,4431.75,4420.125,4421.375,4951.75,interpolated
3412,2025-07-19 20:00:00+00:00,4431.875,4433.125,4421.1875,4423.0625,5200.125,interpolated
3413,2025-07-19 22:00:00+00:00,4433.5,4434.5,4422.25,4424.75,5448.5,interpolated
3414,2025-07-20 00:00:00+00:00,4435.125,4435.875,4423.3125,4426.4375,5696.875,interpolated
3415,2025-07-20 02:00:00+00:00,4436.75,4437.25,4424.375,4428.125,5945.25,interpolated
3416,2025-07-20 04:00:00+00:00,4438.375,4438.625,4425.4375,4429.8125,6193.625,interpolated
3417,2025-07-20 06:00:00+00:00,4440.0,4440.0,4426.5,4431.5,6442.0,present
3418,2025-07-20 08:00:00+00:00,4432.5,4435.5,4420.0,4422.5,5268.0,present
3419,2025-07-20 10:00:00+00:00,4421.5,4426.0,4420.0,4422.0,3347.0,present
3420,2025-07-20 12:00:00+00:00,4422.0,4424.0,4420.0,4422.5,1669.0,present
3421,2025-07-20 14:00:00+00:00,4422.5,4424.0,4402.5,4415.5,9976.0,present
3422,2025-07-20 16:00:00+00:00,4421.333333333333,4422.583333333333,4404.666666666667,4415.5,8337.666666666666,interpolated
3423,2025-07-20 18:00:00+00:00,4420.166666666667,4421.166666666667,4406.833333333333,4415.5,6699.333333333334,interpolated
3424,2025-07-20 20:00:00+00:00,4419.0,4419.75,4409.0,4415.5,5061.0,interpolated
3425,2025-07-20 22:00:00+00:00,4417.833333333333,4418.333333333333,4411.166666666667,4415.5,3422.666666666667,interpolated
3426,2025-07-21 00:00:00+00:00,4416.666666666667,4416.916666666667,4413.333333333333,4415.5,1784.333333333334,interpolated
3427,2025-07-21 02:00:00+00:00,4415.5,4415.5,4415.5,4415.5,146.0,present
3428,2025-07-21 04:00:00+00:00,4415.0,4433.0,4403.5,4430.0,44689.0,present
3429,2025-07-21 06:00:00+00:00,4430.0,4430.0,4400.5,4412.5,93854.0,present
3430,2025-07-21 08:00:00+00:00,4413.0,4448.0,4400.5,4420.5,150751.0,present
3431,2025-07-21 10:00:00+00:00,4419.0,4430.5,4380.0,4397.5,145654.0,present
3432,2025-07-21 12:00:00+00:00,4398.0,4416.5,4389.0,4394.5,113737.0,present
3433,2025-07-21 14:00:00+00:00,4395.0,4415.5,4389.0,4401.0,52788.0,present
3434,2025-07-21 16:00:00+00:00,4401.0,4404.5,4390.0,4397.5,13102.0,present
3435,2025-07-21 18:00:00+00:00,4397.5,4405.0,4395.0,4397.5,11936.0,present
3436,2025-07-21 20:00:00+00:00,4396.0,4397.0,4392.0,4395.5,5238.0,present
3437,2025-07-21 22:00:00+00:00,4395.666666666667,4396.333333333333,4393.0,4395.333333333333,3496.0,interpolated
3438,2025-07-22 00:00:00+00:00,4395.333333333333,4395.666666666667,4394.0,4395.166666666667,1754.0,interpolated
3439,2025-07-22 02:00:00+00:00,4395.0,4395.0,4395.0,4395.0,12.0,present
3440,2025-07-22 04:00:00+00:00,4395.5,4405.5,4381.5,4387.0,9743.0,present
3441,2025-07-22 06:00:00+00:00,4387.0,4391.5,4337.0,4368.0,100825.0,present
3442,2025-07-22 08:00:00+00:00,4368.0,4400.0,4367.0,4399.0,85127.0,present
3443,2025-07-22 10:00:00+00:00,4399.0,4414.5,4374.0,4380.5,103752.0,present
3444,2025-07-22 12:00:00+00:00,4379.0,4407.0,4376.0,4405.0,78650.0,present
3445,2025-07-22 14:00:00+00:00,4405.0,4430.0,4380.5,4380.5,83894.0,present
3446,2025-07-22 16:00:00+00:00,4384.5,4389.5,4377.0,4381.0,27031.0,present
3447,2025-07-22 18:00:00+00:00,4381.0,4385.0,4376.5,4385.0,8232.0,present
3448,2025-07-22 20:00:00+00:00,4384.5,4395.0,4383.0,4388.0,5406.0,present
3449,2025-07-22 22:00:00+00:00,4382.0,4389.0,4381.0,4384.333333333333,3687.3333333333335,interpolated
3450,2025-07-23 00:00:00+00:00,4379.5,4383.0,4379.0,4380.666666666667,1968.666666666667,interpolated
3451,2025-07-23 02:00:00+00:00,4377.0,4377.0,4377.0,4377.0,250.0,present
3452,2025-07-23 04:00:00+00:00,4382.5,4406.5,4382.0,4395.5,8053.0,present
3453,2025-07-23 06:00:00+00:00,4395.0,4437.5,4390.5,4436.5,129485.0,present
3454,2025-07-23 08:00:00+00:00,4436.5,4442.5,4386.5,4402.5,156486.0,present
3455,2025-07-23 10:00:00+00:00,4403.0,4411.0,4380.0,4392.0,141465.0,present
3456,2025-07-23 12:00:00+00:00,4392.0,4397.0,4337.0,4365.5,168800.0,present
3457,2025-07-23 14:00:00+00:00,4366.0,4398.5,4354.0,4396.5,98633.0,present
3458,2025-07-23 16:00:00+00:00,4394.5,4397.0,4377.0,4381.0,28658.0,present
3459,2025-07-23 18:00:00+00:00,4381.0,4385.0,4354.5,4377.0,34998.0,present
3460,2025-07-23 20:00:00+00:00,4376.5,4380.0,4363.0,4372.5,8211.0,present
3461,2025-07-23 22:00:00+00:00,4378.833333333333,4381.166666666667,4369.833333333333,4376.166666666667,5485.333333333334,interpolated
3462,2025-07-24 00:00:00+00:00,4381.166666666667,4382.333333333333,4376.666666666667,4379.833333333333,2759.666666666667,interpolated
3463,2025-07-24 02:00:00+00:00,4383.5,4383.5,4383.5,4383.5,34.0,present
3464,2025-07-24 04:00:00+00:00,4383.0,4392.5,4364.5,4391.5,10888.0,present
3465,2025-07-24 06:00:00+00:00,4392.5,4399.0,4350.5,4359.0,78025.0,present
3466,2025-07-24 08:00:00+00:00,4359.0,4360.0,4337.5,4350.0,86820.0,present
3467,2025-07-24 10:00:00+00:00,4349.5,4350.0,4284.5,4291.5,154999.0,present
3468,2025-07-24 12:00:00+00:00,4292.5,4299.5,4285.5,4294.5,78351.0,present
3469,2025-07-24 14:00:00+00:00,4294.5,4300.0,4287.0,4300.0,54533.0,present
3470,2025-07-24 16:00:00+00:00,4299.0,4299.5,4286.5,4292.0,31566.0,present
3471,2025-07-24 18:00:00+00:00,4292.0,4296.5,4289.5,4290.5,29113.0,present
3472,2025-07-24 20:00:00+00:00,4290.0,4300.0,4290.0,4300.0,21824.0,present
3473,2025-07-24 22:00:00+00:00,4292.5,4299.166666666667,4292.5,4299.166666666667,14830.0,interpolated
3474,2025-07-25 00:00:00+00:00,4295.0,4298.333333333333,4295.0,4298.333333333333,7836.0,interpolated
3475,2025-07-25 02:00:00+00:00,4297.5,4297.5,4297.5,4297.5,842.0,present
3476,2025-07-25 04:00:00+00:00,4297.0,4300.0,4292.0,4299.5,22845.0,present
3477,2025-07-25 06:00:00+00:00,4299.5,4300.0,4266.0,4276.5,123889.0,present
3478,2025-07-25 08:00:00+00:00,4277.0,4296.0,4257.0,4295.0,140992.0,present
3479,2025-07-25 10:00:00+00:00,4294.0,4346.5,4250.0,4321.5,450693.0,present
3480,2025-07-25 12:00:00+00:00,4322.0,4341.5,4257.0,4284.0,167334.0,present
3481,2025-07-25 14:00:00+00:00,4284.0,4284.5,4234.0,4246.0,191720.0,present
3482,2025-07-25 16:00:00+00:00,4250.0,4262.0,4227.5,4256.5,42951.0,present
3483,2025-07-25 18:00:00+00:00,4257.5,4261.0,4252.5,4254.5,17289.0,present
3484,2025-07-25 20:00:00+00:00,4254.5,4256.5,4244.0,4247.0,12371.0,present
3485,2025-07-25 22:00:00+00:00,4255.5,4259.0,4245.2,4250.4,11317.0,interpolated
3486,2025-07-26 00:00:00+00:00,4256.5,4261.5,4246.4,4253.8,10263.0,interpolated
3487,2025-07-26 02:00:00+00:00,4257.5,4264.0,4247.6,4257.2,9209.0,interpolated
3488,2025-07-26 04:00:00+00:00,4258.5,4266.5,4248.8,4260.6,8155.0,interpolated
3489,2025-07-26 06:00:00+00:00,4259.5,4269.0,4250.0,4264.0,7101.0,present
3490,2025-07-26 08:00:00+00:00,4264.0,4265.0,4261.0,4265.0,4032.0,present
3491,2025-07-26 10:00:00+00:00,4265.0,4265.5,4259.0,4259.5,5940.0,present
3492,2025-07-26 12:00:00+00:00,4259.5,4264.0,4257.5,4259.0,7421.0,present
3493,2025-07-26 14:00:00+00:00,4258.5,4271.0,4258.0,4269.0,6520.0,present
3494,2025-07-26 16:00:00+00:00,4259.6875,4270.625,4258.0625,4268.375,5974.5,interpolated
3495,2025-07-26 18:00:00+00:00,4260.875,4270.25,4258.125,4267.75,5429.0,interpolated
3496,2025-07-26 20:00:00+00:00,4262.0625,4269.875,4258.1875,4267.125,4883.5,interpolated
3497,2025-07-26 22:00:00+00:00,4263.25,4269.5,4258.25,4266.5,4338.0,interpolated
3498,2025-07-27 00:00:00+00:00,4264.4375,4269.125,4258.3125,4265.875,3792.5,interpolated
3499,2025-07-27 02:00:00+00:00,4265.625,4268.75,4258.375,4265.25,3246.9999999999995,interpolated
3500,2025-07-27 04:00:00+00:00,4266.8125,4268.375,4258.4375,4264.625,2701.4999999999995,interpolated
3501,2025-07-27 06:00:00+00:00,4268.0,4268.0,4258.5,4264.0,2156.0,present
3502,2025-07-27 08:00:00+00:00,4262.5,4266.0,4255.5,4265.5,3570.0,present
3503,2025-07-27 10:00:00+00:00,4265.0,4270.0,4257.0,4266.0,4953.0,present
3504,2025-07-27 12:00:00+00:00,4266.0,4267.0,4254.5,4257.5,7710.0,present
3505,2025-07-27 14:00:00+00:00,4256.5,4266.0,4256.0,4263.0,3686.0,present
3506,2025-07-27 16:00:00+00:00,4257.666666666667,4265.583333333333,4257.25,4263.083333333333,3074.1666666666665,interpolated
3507,2025-07-27 18:00:00+00:00,4258.833333333333,4265.166666666667,4258.5,4263.166666666667,2462.333333333333,interpolated
3508,2025-07-27 20:00:00+00:00,4260.0,4264.75,4259.75,4263.25,1850.5,interpolated
3509,2025-07-27 22:00:00+00:00,4261.166666666667,4264.333333333333,4261.0,4263.333333333333,1238.6666666666665,interpolated
3510,2025-07-28 00:00:00+00:00,4262.333333333333,4263.916666666667,4262.25,4263.416666666667,626.833333333333,interpolated
3511,2025-07-28 02:00:00+00:00,4263.5,4263.5,4263.5,4263.5,15.0,present
3512,2025-07-28 04:00:00+00:00,4267.0,4290.0,4247.0,4285.0,32879.0,present
3513,2025-07-28 06:00:00+00:00,4285.0,4316.0,4257.0,4290.0,166012.0,present
3514,2025-07-28 08:00:00+00:00,4290.0,4295.0,4266.0,4266.0,130487.0,present
3515,2025-07-28 10:00:00+00:00,4266.0,4286.0,4233.0,4236.5,122827.0,present
3516,2025-07-28 12:00:00+00:00,4235.5,4235.5,4127.0,4163.948677798784,545798.0,present
3517,2025-07-28 14:00:00+00:00,4158.0,4188.0,4135.0,4165.0,179050.0,present
3518,2025-07-28 16:00:00+00:00,4164.5,4181.0,4162.0,4174.5,36261.0,present
3519,2025-07-28 18:00:00+00:00,4174.5,4183.5,4150.0,4176.0,50255.0,present
3520,2025-07-28 20:00:00+00:00,4176.0,4185.0,4176.0,4185.0,7662.0,present
3521,2025-07-28 22:00:00+00:00,4179.0,4185.0,4179.0,4185.0,5121.0,interpolated
3522,2025-07-29 00:00:00+00:00,4182.0,4185.0,4182.0,4185.0,2580.0,interpolated
3523,2025-07-29 02:00:00+00:00,4185.0,4185.0,4185.0,4185.0,39.0,present
3524,2025-07-29 04:00:00+00:00,4187.0,4228.0,4185.0,4216.0,52148.0,present
3525,2025-07-29 06:00:00+00:00,4215.5,4236.0,4167.0,4188.0,211224.0,present
3526,2025-07-29 08:00:00+00:00,4188.0,4217.0,4173.0,4213.5,98841.0,present
3527,2025-07-29 10:00:00+00:00,4213.5,4222.5,4196.0,4211.5,81773.0,present
3528,2025-07-29 12:00:00+00:00,4211.5,4224.0,4186.0,4200.5,101254.0,present
3529,2025-07-29 14:00:00+00:00,4200.0,4205.5,4178.5,4180.5,95323.0,present
3530,2025-07-29 16:00:00+00:00,4185.0,4189.5,4143.0,4147.0,90139.0,present
3531,2025-07-29 18:00:00+00:00,4147.5,4160.5,4130.0,4159.0,92587.0,present
3532,2025-07-29 20:00:00+00:00,4158.5,4161.5,4150.5,4154.5,13711.0,present
3533,2025-07-29 22:00:00+00:00,4159.0,4161.0,4153.666666666667,4156.333333333333,9208.666666666666,interpolated
3534,2025-07-30 00:00:00+00:00,4159.5,4160.5,4156.833333333333,4158.166666666667,4706.333333333332,interpolated
3535,2025-07-30 02:00:00+00:00,4160.0,4160.0,4160.0,4160.0,204.0,present
3536,2025-07-30 04:00:00+00:00,4160.0,4170.5,4136.0,4148.0,25729.0,present
3537,2025-07-30 06:00:00+00:00,4148.0,4185.0,4146.0,4183.0,54426.0,present
3538,2025-07-30 08:00:00+00:00,4183.5,4193.0,4175.0,4181.0,78152.0,present
3539,2025-07-30 10:00:00+00:00,4181.0,4189.0,4170.5,4176.5,56030.0,present
3540,2025-07-30 12:00:00+00:00,4176.5,4176.5,4140.5,4155.5,101971.0,present
3541,2025-07-30 14:00:00+00:00,4155.5,4192.0,4155.5,4192.0,99637.0,present
3542,2025-07-30 16:00:00+00:00,4192.5,4192.5,4156.0,4156.0,40350.0,present
3543,2025-07-30 18:00:00+00:00,4156.5,4164.5,4151.0,4161.0,18936.0,present
3544,2025-07-30 20:00:00+00:00,4160.5,4162.5,4151.0,4159.0,6191.0,present
3545,2025-07-30 22:00:00+00:00,4162.0,4163.333333333333,4155.666666666667,4161.0,4139.666666666666,interpolated
3546,2025-07-31 00:00:00+00:00,4163.5,4164.166666666667,4160.333333333333,4163.0,2088.333333333333,interpolated
3547,2025-07-31 02:00:00+00:00,4165.0,4165.0,4165.0,4165.0,37.0,present
3548,2025-07-31 04:00:00+00:00,4165.0,4185.0,4162.0,4178.5,11603.0,present
3549,2025-07-31 06:00:00+00:00,4179.0,4213.5,4161.0,4168.0,106717.0,present
3550,2025-07-31 08:00:00+00:00,4168.5,4177.0,4152.0,4159.0,103985.0,present
3551,2025-07-31 10:00:00+00:00,4159.0,4194.5,4157.0,4172.5,129944.0,present
3552,2025-07-31 12:00:00+00:00,4171.0,4188.0,4166.5,4183.5,40831.0,present
3553,2025-07-31 14:00:00+00:00,4183.5,4189.5,4177.5,4182.0,20306.0,present
3554,2025-07-31 16:00:00+00:00,4181.5,4189.0,4181.5,4185.0,13719.0,present
3555,2025-07-31 18:00:00+00:00,4183.0,4185.5,4168.0,4171.0,13034.0,present
3556,2025-07-31 20:00:00+00:00,4172.5,4183.5,4171.5,4181.0,3763.0,present
3557,2025-07-31 22:00:00+00:00,4175.833333333333,4183.166666666667,4175.166666666667,4181.5,2530.666666666667,interpolated
3558,2025-08-01 00:00:00+00:00,4179.166666666667,4182.833333333333,4178.833333333333,4182.0,1298.3333333333335,interpolated
3559,2025-08-01 02:00:00+00:00,4182.5,4182.5,4182.5,4182.5,66.0,present
3560,2025-08-01 04:00:00+00:00,4183.0,4209.0,4183.0,4200.5,43097.0,present
3561,2025-08-01 06:00:00+00:00,4201.0,4220.0,4191.5,4212.0,63372.0,present
3562,2025-08-01 08:00:00+00:00,4212.5,4214.5,4187.0,4190.0,66200.0,present
3563,2025-08-01 10:00:00+00:00,4189.0,4195.0,4139.0,4149.0,171572.0,present
3564,2025-08-01 12:00:00+00:00,4149.0,4167.5,4147.5,4156.0,110470.0,present
3565,2025-08-01 14:00:00+00:00,4156.0,4156.0,4125.5,4125.5,168213.0,present
3566,2025-08-01 16:00:00+00:00,4127.0,4138.5,4074.5,4114.5,175622.0,present
3567,2025-08-01 18:00:00+00:00,4114.5,4131.0,4108.0,4123.0,29000.0,present
3568,2025-08-01 20:00:00+00:00,4123.0,4125.0,4117.5,4123.5,9670.0,present
3569,2025-08-01 22:00:00+00:00,4123.2962962962965,4125.222222222223,4118.0,4123.777777777777,9313.333333333334,interpolated
3570,2025-08-02 00:00:00+00:00,4123.592592592592,4125.444444444444,4118.5,4124.055555555556,8956.666666666666,interpolated
3571,2025-08-02 02:00:00+00:00,4123.888888888889,4125.666666666667,4119.0,4124.333333333333,8600.0,interpolated
3572,2025-08-02 04:00:00+00:00,4124.185185185185,4125.888888888889,4119.5,4124.611111111111,8243.333333333334,interpolated
3573,2025-08-02 06:00:00+00:00,4124.481481481482,4126.111111111111,4120.0,4124.888888888889,7886.666666666667,interpolated
3574,2025-08-02 08:00:00+00:00,4124.777777777777,4126.333333333333,4120.5,4125.166666666667,7530.0,interpolated
3575,2025-08-02 10:00:00+00:00,4125.074074074074,4126.555555555556,4121.0,4125.444444444444,7173.333333333334,interpolated
3576,2025-08-02 12:00:00+00:00,4125.37037037037,4126.777777777777,4121.5,4125.722222222223,6816.666666666666,interpolated
3577,2025-08-02 14:00:00+00:00,4125.666666666667,4127.0,4122.0,4126.0,6460.0,interpolated
3578,2025-08-02 16:00:00+00:00,4125.962962962963,4127.222222222223,4122.5,4126.277777777777,6103.333333333334,interpolated
3579,2025-08-02 18:00:00+00:00,4126.259259259259,4127.444444444444,4123.0,4126.555555555556,5746.666666666666,interpolated
3580,2025-08-02 20:00:00+00:00,4126.555555555556,4127.666666666667,4123.5,4126.833333333333,5390.0,interpolated
3581,2025-08-02 22:00:00+00:00,4126.851851851852,4127.888888888889,4124.0,4127.111111111111,5033.333333333333,interpolated
3582,2025-08-03 00:00:00+00:00,4127.148148148148,4128.111111111111,4124.5,4127.388888888889,4676.666666666667,interpolated
3583,2025-08-03 02:00:00+00:00,4127.444444444444,4128.333333333333,4125.0,4127.666666666667,4320.0,interpolated
3584,2025-08-03 04:00:00+00:00,4127.740740740741,4128.555555555556,4125.5,4127.944444444444,3963.333333333333,interpolated
3585,2025-08-03 06:00:00+00:00,4128.037037037037,4128.777777777777,4126.0,4128.222222222223,3606.666666666667,interpolated
3586,2025-08-03 08:00:00+00:00,4128.333333333333,4129.0,4126.5,4128.5,3250.0,interpolated
3587,2025-08-03 10:00:00+00:00,4128.62962962963,4129.222222222223,4127.0,4128.777777777777,2893.333333333333,interpolated
3588,2025-08-03 12:00:00+00:00,4128.925925925926,4129.444444444444,4127.5,4129.055555555556,2536.666666666667,interpolated
3589,2025-08-03 14:00:00+00:00,4129.222222222223,4129.666666666667,4128.0,4129.333333333333,2180.0,interpolated
3590,2025-08-03 16:00:00+00:00,4129.518518518518,4129.888888888889,4128.5,4129.611111111111,1823.333333333333,interpolated
3591,2025-08-03 18:00:00+00:00,4129.814814814815,4130.111111111111,4129.0,4129.888888888889,1466.666666666666,interpolated
3592,2025-08-03 20:00:00+00:00,4130.111111111111,4130.333333333333,4129.5,4130.166666666667,1110.0,interpolated
3593,2025-08-03 22:00:00+00:00,4130.407407407408,4130.555555555556,4130.0,4130.444444444444,753.3333333333339,interpolated
3594,2025-08-04 00:00:00+00:00,4130.7037037037035,4130.777777777777,4130.5,4130.722222222223,396.66666666666606,interpolated
3595,2025-08-04 02:00:00+00:00,4131.0,4131.0,4131.0,4131.0,40.0,present
3596,2025-08-04 04:00:00+00:00,4133.0,4152.0,4132.5,4140.0,20836.0,present
3597,2025-08-04 06:00:00+00:00,4140.0,4145.0,4121.0,4136.5,39888.0,present
3598,2025-08-04 08:00:00+00:00,4136.5,4165.0,4132.5,4161.0,64102.0,present
3599,2025-08-04 10:00:00+00:00,4160.0,4163.0,4144.5,4154.5,81945.0,present
3600,2025-08-04 12:00:00+00:00,4154.0,4170.5,4149.5,4167.0,56757.0,present
3601,2025-08-04 14:00:00+00:00,4167.0,4182.0,4152.0,4175.0,86099.0,present
3602,2025-08-04 16:00:00+00:00,4175.0,4179.0,4163.0,4175.5,21980.0,present
3603,2025-08-04 18:00:00+00:00,4175.5,4179.0,4157.0,4164.0,35305.0,present
3604,2025-08-04 20:00:00+00:00,4164.0,4179.0,4164.0,4178.5,12211.0,present
3605,2025-08-04 22:00:00+00:00,4171.833333333333,4181.833333333333,4171.833333333333,4181.5,8235.666666666668,interpolated
3606,2025-08-05 00:00:00+00:00,4179.666666666667,4184.666666666667,4179.666666666667,4184.5,4260.333333333334,interpolated
3607,2025-08-05 02:00:00+00:00,4187.5,4187.5,4187.5,4187.5,285.0,present
3608,2025-08-05 04:00:00+00:00,4187.0,4187.0,4169.0,4177.0,11705.0,present
3609,2025-08-05 06:00:00+00:00,4176.5,4184.5,4164.0,4170.0,44384.0,present
3610,2025-08-05 08:00:00+00:00,4171.0,4202.0,4167.0,4171.0,197059.0,present
3611,2025-08-05 10:00:00+00:00,4171.0,4183.5,4170.0,4176.5,41588.0,present
3612,2025-08-05 12:00:00+00:00,4175.5,4201.0,4171.0,4197.5,95001.0,present
3613,2025-08-05 14:00:00+00:00,4199.0,4205.0,4190.5,4204.0,54861.0,present
3614,2025-08-05 16:00:00+00:00,4204.0,4209.0,4196.0,4196.5,52648.0,present
3615,2025-08-05 18:00:00+00:00,4196.5,4199.0,4187.0,4189.5,21917.0,present
3616,2025-08-05 20:00:00+00:00,4190.0,4191.5,4186.5,4190.0,12258.0,present
3617,2025-08-05 22:00:00+00:00,4193.333333333333,4194.333333333333,4191.0,4193.333333333333,8194.666666666668,interpolated
3618,2025-08-06 00:00:00+00:00,4196.666666666667,4197.166666666667,4195.5,4196.666666666667,4131.333333333334,interpolated
3619,2025-08-06 02:00:00+00:00,4200.0,4200.0,4200.0,4200.0,68.0,present
3620,2025-08-06 04:00:00+00:00,4199.5,4209.0,4192.5,4196.5,11475.0,present
3621,2025-08-06 06:00:00+00:00,4196.5,4222.0,4186.5,4204.5,97610.0,present
3622,2025-08-06 08:00:00+00:00,4205.0,4213.5,4191.0,4208.0,59590.0,present
3623,2025-08-06 10:00:00+00:00,4208.0,4210.5,4195.0,4204.0,56032.0,present
3624,2025-08-06 12:00:00+00:00,4204.0,4214.5,4174.5,4186.0,87217.0,present
3625,2025-08-06 14:00:00+00:00,4186.0,4212.0,4158.0,4212.0,140888.0,present
3626,2025-08-06 16:00:00+00:00,4210.5,4258.0,4181.0,4237.5,221160.0,present
3627,2025-08-06 18:00:00+00:00,4237.5,4350.0,4224.0,4293.5,427981.0,present
3628,2025-08-06 20:00:00+00:00,4295.0,4306.0,4262.5,4274.0,66161.0,present
3629,2025-08-06 22:00:00+00:00,4295.833333333333,4303.166666666667,4274.166666666667,4281.833333333333,45650.66666666667,interpolated
3630,2025-08-07 00:00:00+00:00,4296.666666666667,4300.333333333333,4285.833333333333,4289.666666666667,25140.333333333336,interpolated
3631,2025-08-07 02:00:00+00:00,4297.5,4297.5,4297.5,4297.5,4630.0,present
3632,2025-08-07 04:00:00+00:00,4281.0,4314.5,4263.0,4313.0,40990.0,present
3633,2025-08-07 06:00:00+00:00,4312.5,4337.0,4284.0,4334.0,119617.0,present
3634,2025-08-07 08:00:00+00:00,4335.0,4414.0,4331.5,4409.514242549765,496036.0,present
3635,2025-08-07 10:00:00+00:00,4414.0,4417.5,4373.5,4388.5,142826.0,present
3636,2025-08-07 12:00:00+00:00,4389.0,4400.0,4361.0,4370.5,95314.0,present
3637,2025-08-07 14:00:00+00:00,4371.0,4375.5,4280.0,4300.0,164530.0,present
3638,2025-08-07 16:00:00+00:00,4300.0,4320.0,4280.0,4299.5,87894.0,present
3639,2025-08-07 18:00:00+00:00,4300.0,4360.0,4299.0,4342.0,57632.0,present
3640,2025-08-07 20:00:00+00:00,4342.0,4380.5,4324.5,4370.0,50082.0,present
3641,2025-08-07 22:00:00+00:00,4353.666666666667,4379.333333333333,4342.0,4372.333333333333,33441.33333333333,interpolated
3642,2025-08-08 00:00:00+00:00,4365.333333333333,4378.166666666667,4359.5,4374.666666666667,16800.666666666664,interpolated
3643,2025-08-08 02:00:00+00:00,4377.0,4377.0,4377.0,4377.0,160.0,present
3644,2025-08-08 04:00:00+00:00,4377.0,4378.0,4352.5,4369.5,32517.0,present
3645,2025-08-08 06:00:00+00:00,4368.0,4372.0,4317.0,4320.5,70731.0,present
3646,2025-08-08 08:00:00+00:00,4320.5,4329.5,4313.5,4323.5,51115.0,present
3647,2025-08-08 10:00:00+00:00,4323.5,4372.0,4315.0,4366.0,62691.0,present
3648,2025-08-08 12:00:00+00:00,4365.5,4371.5,4345.0,4353.5,64188.0,present
3649,2025-08-08 14:00:00+00:00,4353.5,4389.0,4337.0,4373.0,131046.0,present
3650,2025-08-08 16:00:00+00:00,4373.0,4400.0,4362.0,4390.5,54079.0,present
3651,2025-08-08 18:00:00+00:00,4390.5,4400.0,4388.5,4393.0,38835.0,present
3652,2025-08-08 20:00:00+00:00,4393.0,4420.0,4375.5,4418.5,84645.0,present
3653,2025-08-08 22:00:00+00:00,4394.2037037037035,4420.2037037037035,4377.351851851852,4418.759259259259,81575.22222222222,interpolated
3654,2025-08-09 00:00:00+00:00,4395.407407407408,4420.407407407408,4379.2037037037035,4419.018518518518,78505.44444444444,interpolated
3655,2025-08-09 02:00:00+00:00,4396.611111111111,4420.611111111111,4381.055555555556,4419.277777777777,75435.66666666667,interpolated
3656,2025-08-09 04:00:00+00:00,4397.814814814815,4420.814814814815,4382.907407407408,4419.537037037037,72365.88888888889,interpolated
3657,2025-08-09 06:00:00+00:00,4399.018518518518,4421.018518518518,4384.759259259259,4419.7962962962965,69296.11111111111,interpolated
3658,2025-08-09 08:00:00+00:00,4400.222222222223,4421.222222222223,4386.611111111111,4420.055555555556,66226.33333333333,interpolated
3659,2025-08-09 10:00:00+00:00,4401.425925925926,4421.425925925926,4388.462962962963,4420.314814814815,63156.555555555555,interpolated
3660,2025-08-09 12:00:00+00:00,4402.62962962963,4421.62962962963,4390.314814814815,4420.574074074074,60086.77777777778,interpolated
3661,2025-08-09 14:00:00+00:00,4403.833333333333,4421.833333333333,4392.166666666667,4420.833333333333,57017.0,interpolated
3662,2025-08-09 16:00:00+00:00,4405.037037037037,4422.037037037037,4394.018518518518,4421.092592592592,53947.22222222222,interpolated
3663,2025-08-09 18:00:00+00:00,4406.240740740741,4422.240740740741,4395.87037037037,4421.351851851852,50877.444444444445,interpolated
3664,2025-08-09 20:00:00+00:00,4407.444444444444,4422.444444444444,4397.722222222223,4421.611111111111,47807.666666666664,interpolated
3665,2025-08-09 22:00:00+00:00,4408.648148148148,4422.648148148148,4399.574074074074,4421.87037037037,44737.88888888889,interpolated
3666,2025-08-10 00:00:00+00:00,4409.851851851852,4422.851851851852,4401.425925925926,4422.12962962963,41668.11111111111,interpolated
3667,2025-08-10 02:00:00+00:00,4411.055555555556,4423.055555555556,4403.277777777777,4422.388888888889,38598.333333333336,interpolated
3668,2025-08-10 04:00:00+00:00,4412.259259259259,4423.259259259259,4405.12962962963,4422.648148148148,35528.555555555555,interpolated
3669,2025-08-10 06:00:00+00:00,4413.462962962963,4423.462962962963,4406.981481481482,4422.907407407408,32458.777777777774,interpolated
3670,2025-08-10 08:00:00+00:00,4414.666666666667,4423.666666666667,4408.833333333333,4423.166666666667,29389.0,interpolated
3671,2025-08-10 10:00:00+00:00,4415.87037037037,4423.87037037037,4410.685185185185,4423.425925925926,26319.22222222222,interpolated
3672,2025-08-10 12:00:00+00:00,4417.074074074074,4424.074074074074,4412.537037037037,4423.685185185185,23249.444444444445,interpolated
3673,2025-08-10 14:00:00+00:00,4418.277777777777,4424.277777777777,4414.388888888889,4423.944444444444,20179.666666666664,interpolated
3674,2025-08-10 16:00:00+00:00,4419.481481481482,4424.481481481482,4416.240740740741,4424.2037037037035,17109.88888888889,interpolated
3675,2025-08-10 18:00:00+00:00,4420.685185185185,4424.685185185185,4418.092592592592,4424.462962962963,14040.11111111111,interpolated
3676,2025-08-10 20:00:00+00:00,4421.888888888889,4424.888888888889,4419.944444444444,4424.722222222223,10970.333333333328,interpolated
3677,2025-08-10 22:00:00+00:00,4423.092592592592,4425.092592592592,4421.7962962962965,4424.981481481482,7900.5555555555475,interpolated
3678,2025-08-11 00:00:00+00:00,4424.2962962962965,4425.2962962962965,4423.648148148148,4425.240740740741,4830.777777777781,interpolated
3679,2025-08-11 02:00:00+00:00,4425.5,4425.5,4425.5,4425.5,1761.0,present
3680,2025-08-11 04:00:00+00:00,4426.5,4452.5,4426.5,4442.0,94499.0,present
3681,2025-08-11 06:00:00+00:00,4442.0,4458.0,4405.5,4411.5,178692.0,present
3682,2025-08-11 08:00:00+00:00,4411.5,4447.0,4411.0,4444.0,127219.0,present
3683,2025-08-11 10:00:00+00:00,4444.5,4459.0,4431.0,4454.5,132735.0,present
3684,2025-08-11 12:00:00+00:00,4455.0,4457.0,4438.0,4449.0,97566.0,present
3685,2025-08-11 14:00:00+00:00,4449.0,4455.5,4411.5,4425.5,131280.0,present
3686,2025-08-11 16:00:00+00:00,4414.5,4422.5,4378.5,4393.0,92206.0,present
3687,2025-08-11 18:00:00+00:00,4393.5,4404.5,4388.5,4401.0,11265.0,present
3688,2025-08-11 20:00:00+00:00,4401.0,4407.0,4398.5,4405.0,6133.0,present
3689,2025-08-11 22:00:00+00:00,4402.333333333333,4406.333333333333,4400.666666666667,4405.0,4205.333333333333,interpolated
3690,2025-08-12 00:00:00+00:00,4403.666666666667,4405.666666666667,4402.833333333333,4405.0,2277.6666666666665,interpolated
3691,2025-08-12 02:00:00+00:00,4405.0,4405.0,4405.0,4405.0,350.0,present
3692,2025-08-12 04:00:00+00:00,4407.0,4414.5,4350.0,4374.0,75203.0,present
3693,2025-08-12 06:00:00+00:00,4374.0,4386.0,4367.5,4373.0,55634.0,present
3694,2025-08-12 08:00:00+00:00,4373.5,4403.5,4372.0,4398.0,99986.0,present
3695,2025-08-12 10:00:00+00:00,4398.5,4407.5,4386.0,4403.0,50902.0,present
3696,2025-08-12 12:00:00+00:00,4403.0,4430.0,4398.0,4419.0,71024.0,present
3697,2025-08-12 14:00:00+00:00,4419.0,4427.0,4390.5,4418.5,79464.0,present
3698,2025-08-12 16:00:00+00:00,4418.5,4418.5,4400.0,4406.0,18124.0,present
3699,2025-08-12 18:00:00+00:00,4407.0,4409.0,4391.5,4393.5,12712.0,present
3700,2025-08-12 20:00:00+00:00,4395.5,4397.0,4394.0,4394.0,4120.0,present
3701,2025-08-12 22:00:00+00:00,4400.0,4401.0,4399.0,4399.0,2766.333333333333,interpolated
3702,2025-08-13 00:00:00+00:00,4404.5,4405.0,4404.0,4404.0,1412.6666666666665,interpolated
3703,2025-08-13 02:00:00+00:00,4409.0,4409.0,4409.0,4409.0,59.0,present
3704,2025-08-13 04:00:00+00:00,4409.5,4424.0,4400.0,4422.5,18117.0,present
3705,2025-08-13 06:00:00+00:00,4422.5,4438.0,4400.0,4405.5,65064.0,present
3706,2025-08-13 08:00:00+00:00,4405.5,4425.0,4402.5,4416.0,55130.0,present
3707,2025-08-13 10:00:00+00:00,4416.0,4419.5,4387.0,4387.5,34482.0,present
3708,2025-08-13 12:00:00+00:00,4387.5,4403.0,4367.0,4378.5,75108.0,present
3709,2025-08-13 14:00:00+00:00,4378.5,4402.0,4368.5,4372.5,55227.0,present
3710,2025-08-13 16:00:00+00:00,4372.5,4380.0,4332.0,4348.0,76305.0,present
3711,2025-08-13 18:00:00+00:00,4346.0,4354.5,4343.0,4352.5,12013.0,present
3712,2025-08-13 20:00:00+00:00,4352.0,4352.5,4325.0,4336.0,19060.0,present
3713,2025-08-13 22:00:00+00:00,4352.166666666667,4352.5,4334.166666666667,4341.5,12766.0,interpolated
3714,2025-08-14 00:00:00+00:00,4352.333333333333,4352.5,4343.333333333333,4347.0,6472.0,interpolated
3715,2025-08-14 02:00:00+00:00,4352.5,4352.5,4352.5,4352.5,178.0,present
3716,2025-08-14 04:00:00+00:00,4352.0,4352.0,4316.0,4340.0,18400.0,present
3717,2025-08-14 06:00:00+00:00,4340.0,4342.5,4316.0,4335.0,48224.0,present
3718,2025-08-14 08:00:00+00:00,4335.0,4364.0,4332.5,4347.5,125835.0,present
3719,2025-08-14 10:00:00+00:00,4348.0,4391.5,4344.0,4379.0,105781.0,present
3720,2025-08-14 12:00:00+00:00,4380.0,4407.0,4376.0,4395.0,185973.0,present
3721,2025-08-14 14:00:00+00:00,4396.0,4404.0,4371.0,4390.0,123350.0,present
3722,2025-08-14 16:00:00+00:00,4390.0,4392.0,4371.0,4387.5,24979.0,present
3723,2025-08-14 18:00:00+00:00,4387.5,4398.0,4375.5,4381.0,27376.0,present
3724,2025-08-14 20:00:00+00:00,4381.0,4385.0,4373.0,4374.5,9051.0,present
3725,2025-08-14 22:00:00+00:00,4380.666666666667,4383.333333333333,4375.333333333333,4376.333333333333,6059.0,interpolated
3726,2025-08-15 00:00:00+00:00,4380.333333333333,4381.666666666667,4377.666666666667,4378.166666666667,3067.0,interpolated
3727,2025-08-15 02:00:00+00:00,4380.0,4380.0,4380.0,4380.0,75.0,present
3728,2025-08-15 04:00:00+00:00,4386.0,4396.5,4379.5,4381.0,11357.0,present
3729,2025-08-15 06:00:00+00:00,4383.0,4386.0,4359.0,4371.5,38711.0,present
3730,2025-08-15 08:00:00+00:00,4371.5,4400.0,4363.5,4387.0,87616.0,present
3731,2025-08-15 10:00:00+00:00,4387.0,4400.0,4381.0,4390.0,101008.0,present
3732,2025-08-15 12:00:00+00:00,4390.0,4400.0,4371.0,4382.0,87314.0,present
3733,2025-08-15 14:00:00+00:00,4382.0,4410.0,4380.0,4410.0,82687.0,present
3734,2025-08-15 16:00:00+00:00,4410.0,4419.5,4394.0,4404.0,37832.0,present
3735,2025-08-15 18:00:00+00:00,4403.5,4420.0,4402.5,4409.0,29491.0,present
3736,2025-08-15 20:00:00+00:00,4409.0,4417.5,4402.0,4410.0,10545.0,present
3737,2025-08-15 22:00:00+00:00,4400.0,4406.8,4377.0,4396.7,18361.4,interpolated
3738,2025-08-16 00:00:00+00:00,4391.0,4396.1,4352.0,4383.4,26177.8,interpolated
3739,2025-08-16 02:00:00+00:00,4382.0,4385.4,4327.0,4370.1,33994.2,interpolated
3740,2025-08-16 04:00:00+00:00,4373.0,4374.7,4302.0,4356.8,41810.6,interpolated
3741,2025-08-16 06:00:00+00:00,4364.0,4364.0,4277.0,4343.5,49627.0,present
3742,2025-08-16 08:00:00+00:00,4343.5,4352.5,4332.0,4343.0,18337.0,present
3743,2025-08-16 10:00:00+00:00,4342.5,4345.0,4342.0,4345.0,5349.0,present
3744,2025-08-16 12:00:00+00:00,4345.0,4362.5,4343.5,4356.0,7317.0,present
3745,2025-08-16 14:00:00+00:00,4356.0,4359.0,4342.5,4355.5,9654.0,present
3746,2025-08-16 16:00:00+00:00,4355.9375,4360.3125,4343.125,4354.875,8886.25,interpolated
3747,2025-08-16 18:00:00+00:00,4355.875,4361.625,4343.75,4354.25,8118.5,interpolated
3748,2025-08-16 20:00:00+00:00,4355.8125,4362.9375,4344.375,4353.625,7350.75,interpolated
3749,2025-08-16 22:00:00+00:00,4355.75,4364.25,4345.0,4353.0,6583.0,interpolated
3750,2025-08-17 00:00:00+00:00,4355.6875,4365.5625,4345.625,4352.375,5815.25,interpolated
3751,2025-08-17 02:00:00+00:00,4355.625,4366.875,4346.25,4351.75,5047.5,interpolated
3752,2025-08-17 04:00:00+00:00,4355.5625,4368.1875,4346.875,4351.125,4279.75,interpolated
3753,2025-08-17 06:00:00+00:00,4355.5,4369.5,4347.5,4350.5,3512.0,present
3754,2025-08-17 08:00:00+00:00,4347.5,4352.5,4343.0,4347.0,2711.0,present
3755,2025-08-17 10:00:00+00:00,4349.0,4353.0,4347.0,4352.0,1518.0,present
3756,2025-08-17 12:00:00+00:00,4350.5,4352.5,4338.0,4344.5,5575.0,present
3757,2025-08-17 14:00:00+00:00,4344.5,4349.0,4339.0,4342.0,3228.0,present
3758,2025-08-17 16:00:00+00:00,4344.583333333333,4348.333333333333,4340.0,4342.5,2696.833333333333,interpolated
3759,2025-08-17 18:00:00+00:00,4344.666666666667,4347.666666666667,4341.0,4343.0,2165.6666666666665,interpolated
3760,2025-08-17 20:00:00+00:00,4344.75,4347.0,4342.0,4343.5,1634.5,interpolated
3761,2025-08-17 22:00:00+00:00,4344.833333333333,4346.333333333333,4343.0,4344.0,1103.333333333333,interpolated
3762,2025-08-18 00:00:00+00:00,4344.916666666667,4345.666666666667,4344.0,4344.5,572.1666666666665,interpolated
3763,2025-08-18 02:00:00+00:00,4345.0,4345.0,4345.0,4345.0,41.0,present
3764,2025-08-18 04:00:00+00:00,4345.5,4385.5,4325.5,4376.5,21304.0,present
3765,2025-08-18 06:00:00+00:00,4375.0,4375.0,4338.5,4360.0,54913.0,present
3766,2025-08-18 08:00:00+00:00,4362.0,4379.0,4336.0,4369.0,86803.0,present
3767,2025-08-18 10:00:00+00:00,4369.0,4371.5,4338.0,4356.5,84910.0,present
3768,2025-08-18 12:00:00+00:00,4356.5,4436.5,4354.0,4420.0,214800.0,present
3769,2025-08-18 14:00:00+00:00,4420.0,4472.5,4398.0,4408.0,368536.0,present
3770,2025-08-18 16:00:00+00:00,4408.5,4440.0,4399.0,4425.0,50940.0,present
3771,2025-08-18 18:00:00+00:00,4425.0,4500.0,4424.5,4499.5,185022.0,present
3772,2025-08-18 20:00:00+00:00,4499.5,4509.5,4491.0,4506.0,64670.0,present
3773,2025-08-18 22:00:00+00:00,4502.0,4508.666666666667,4496.333333333333,4506.333333333333,43357.33333333333,interpolated
3774,2025-08-19 00:00:00+00:00,4504.5,4507.833333333333,4501.666666666667,4506.666666666667,22044.666666666664,interpolated
3775,2025-08-19 02:00:00+00:00,4507.0,4507.0,4507.0,4507.0,732.0,present
3776,2025-08-19 04:00:00+00:00,4507.5,4525.5,4476.0,4502.0,79884.0,present
3777,2025-08-19 06:00:00+00:00,4501.0,4515.0,4483.5,4500.0,151773.0,present
3778,2025-08-19 08:00:00+00:00,4500.0,4503.5,4473.0,4473.0,121274.0,present
3779,2025-08-19 10:00:00+00:00,4473.5,4488.0,4468.0,4478.0,73888.0,present
3780,2025-08-19 12:00:00+00:00,4478.5,4480.5,4442.5,4468.5,93492.0,present
3781,2025-08-19 14:00:00+00:00,4468.5,4470.0,4429.0,4436.0,95568.0,present
3782,2025-08-19 16:00:00+00:00,4436.0,4448.0,4407.5,4441.0,72303.0,present
3783,2025-08-19 18:00:00+00:00,4441.0,4450.0,4436.0,4441.0,12938.0,present
3784,2025-08-19 20:00:00+00:00,4442.5,4442.5,4432.5,4438.5,4156.0,present
3785,2025-08-19 22:00:00+00:00,4441.166666666667,4441.166666666667,4434.5,4438.5,2782.333333333333,interpolated
3786,2025-08-20 00:00:00+00:00,4439.833333333333,4439.833333333333,4436.5,4438.5,1408.6666666666665,interpolated
3787,2025-08-20 02:00:00+00:00,4438.5,4438.5,4438.5,4438.5,35.0,present
3788,2025-08-20 04:00:00+00:00,4442.0,4452.5,4437.0,4446.0,12058.0,present
3789,2025-08-20 06:00:00+00:00,4446.0,4464.0,4423.0,4423.0,44631.0,present
3790,2025-08-20 08:00:00+00:00,4422.5,4434.0,4405.0,4407.0,58746.0,present
3791,2025-08-20 10:00:00+00:00,4406.0,4420.0,4362.5,4379.0,127812.0,present
3792,2025-08-20 12:00:00+00:00,4379.0,4402.0,4370.5,4379.5,101716.0,present
3793,2025-08-20 14:00:00+00:00,4379.5,4395.0,4372.0,4384.5,42164.0,present
3794,2025-08-20 16:00:00+00:00,4384.5,4389.5,4370.0,4375.0,22325.0,present
3795,2025-08-20 18:00:00+00:00,4375.0,4385.0,4373.5,4385.0,9968.0,present
3796,2025-08-20 20:00:00+00:00,4385.0,4385.0,4380.0,4380.5,4024.0,present
3797,2025-08-20 22:00:00+00:00,4383.5,4383.5,4380.166666666667,4380.5,2685.0,interpolated
3798,2025-08-21 00:00:00+00:00,4382.0,4382.0,4380.333333333333,4380.5,1346.0,interpolated
3799,2025-08-21 02:00:00+00:00,4380.5,4380.5,4380.5,4380.5,7.0,present
3800,2025-08-21 04:00:00+00:00,4383.0,4400.5,4380.5,4398.0,18347.0,present
3801,2025-08-21 06:00:00+00:00,4397.5,4416.0,4380.0,4381.5,58981.0,present
3802,2025-08-21 08:00:00+00:00,4381.0,4405.0,4370.0,4401.0,59309.0,present
3803,2025-08-21 10:00:00+00:00,4401.0,4405.0,4371.5,4385.0,80250.0,present
3804,2025-08-21 12:00:00+00:00,4385.0,4399.0,4324.5,4329.0,195526.0,present
3805,2025-08-21 14:00:00+00:00,4328.0,4337.5,4305.0,4317.0,121035.0,present
3806,2025-08-21 16:00:00+00:00,4311.5,4319.5,4300.0,4315.5,37647.0,present
3807,2025-08-21 18:00:00+00:00,4315.5,4316.5,4281.0,4289.5,46268.0,present
3808,2025-08-21 20:00:00+00:00,4289.0,4292.0,4284.5,4290.0,15142.0,present
3809,2025-08-21 22:00:00+00:00,4292.5,4294.5,4289.5,4293.166666666667,10128.0,interpolated
3810,2025-08-22 00:00:00+00:00,4296.0,4297.0,4294.5,4296.333333333333,5114.0,interpolated
3811,2025-08-22 02:00:00+00:00,4299.5,4299.5,4299.5,4299.5,100.0,present
3812,2025-08-22 04:00:00+00:00,4298.0,4300.0,4282.0,4300.0,14329.0,present
3813,2025-08-22 06:00:00+00:00,4300.0,4304.0,4265.0,4276.5,98705.0,present
3814,2025-08-22 08:00:00+00:00,4276.5,4323.0,4272.0,4321.5,97522.0,present
3815,2025-08-22 10:00:00+00:00,4321.0,4335.0,4299.0,4316.5,82859.0,present
3816,2025-08-22 12:00:00+00:00,4316.5,4318.5,4279.5,4311.5,61452.0,present
3817,2025-08-22 14:00:00+00:00,4311.5,4324.5,4291.0,4312.0,56225.0,present
3818,2025-08-22 16:00:00+00:00,4315.0,4323.0,4303.0,4310.5,18447.0,present
3819,2025-08-22 18:00:00+00:00,4310.5,4323.0,4307.0,4321.0,11235.0,present
3820,2025-08-22 20:00:00+00:00,4320.5,4359.0,4319.0,4342.0,28583.0,present
3821,2025-08-22 22:00:00+00:00,4324.8,4358.4,4323.6,4342.2,23808.8,interpolated
3822,2025-08-23 00:00:00+00:00,4329.1,4357.8,4328.2,4342.4,19034.6,interpolated
3823,2025-08-23 02:00:00+00:00,4333.4,4357.2,4332.8,4342.6,14260.4,interpolated
3824,2025-08-23 04:00:00+00:00,4337.7,4356.6,4337.4,4342.8,9486.2,interpolated
3825,2025-08-23 06:00:00+00:00,4342.0,4356.0,4342.0,4343.0,4712.0,present
3826,2025-08-23 08:00:00+00:00,4345.5,4355.0,4343.5,4349.0,4858.0,present
3827,2025-08-23 10:00:00+00:00,4349.0,4349.5,4346.5,4347.0,3208.0,present
3828,2025-08-23 12:00:00+00:00,4347.5,4350.0,4344.5,4345.0,3276.0,present
3829,2025-08-23 14:00:00+00:00,4345.0,4347.0,4345.0,4346.0,2196.0,present
3830,2025-08-23 16:00:00+00:00,4345.0,4347.3125,4343.125,4344.4375,2410.875,interpolated
3831,2025-08-23 18:00:00+00:00,4345.0,4347.625,4341.25,4342.875,2625.75,interpolated
3832,2025-08-23 20:00:00+00:00,4345.0,4347.9375,4339.375,4341.3125,2840.625,interpolated
3833,2025-08-23 22:00:00+00:00,4345.0,4348.25,4337.5,4339.75,3055.5,interpolated
3834,2025-08-24 00:00:00+00:00,4345.0,4348.5625,4335.625,4338.1875,3270.375,interpolated
3835,2025-08-24 02:00:00+00:00,4345.0,4348.875,4333.75,4336.625,3485.25,interpolated
3836,2025-08-24 04:00:00+00:00,4345.0,4349.1875,4331.875,4335.0625,3700.125,interpolated
3837,2025-08-24 06:00:00+00:00,4345.0,4349.5,4330.0,4333.5,3915.0,present
3838,2025-08-24 08:00:00+00:00,4336.5,4337.0,4325.0,4337.0,4292.0,present
3839,2025-08-24 10:00:00+00:00,4336.0,4344.0,4331.5,4336.5,3829.0,present
3840,2025-08-24 12:00:00+00:00,4338.5,4339.0,4330.0,4332.5,2093.0,present
3841,2025-08-24 14:00:00+00:00,4334.0,4338.5,4332.5,4336.0,2029.0,present
3842,2025-08-24 16:00:00+00:00,4335.333333333333,4339.083333333333,4334.083333333333,4337.0,1696.8333333333333,interpolated
3843,2025-08-24 18:00:00+00:00,4336.666666666667,4339.666666666667,4335.666666666667,4338.0,1364.6666666666665,interpolated
3844,2025-08-24 20:00:00+00:00,4338.0,4340.25,4337.25,4339.0,1032.5,interpolated
3845,2025-08-24 22:00:00+00:00,4339.333333333333,4340.833333333333,4338.833333333333,4340.0,700.3333333333333,interpolated
3846,2025-08-25 00:00:00+00:00,4340.666666666667,4341.416666666667,4340.416666666667,4341.0,368.1666666666665,interpolated
3847,2025-08-25 02:00:00+00:00,4342.0,4342.0,4342.0,4342.0,36.0,present
3848,2025-08-25 04:00:00+00:00,4346.5,4353.0,4330.5,4335.0,11735.0,present
3849,2025-08-25 06:00:00+00:00,4333.0,4335.0,4300.0,4301.0,45636.0,present
3850,2025-08-25 08:00:00+00:00,4301.0,4315.0,4280.0,4310.0,82714.0,present
3851,2025-08-25 10:00:00+00:00,4310.0,4324.0,4304.5,4309.0,42780.0,present
3852,2025-08-25 12:00:00+00:00,4309.0,4345.5,4300.5,4345.0,52443.0,present
3853,2025-08-25 14:00:00+00:00,4345.0,4367.5,4344.0,4354.5,103559.0,present
3854,2025-08-25 16:00:00+00:00,4352.5,4364.5,4340.5,4350.0,34776.0,present
3855,2025-08-25 18:00:00+00:00,4350.0,4350.5,4342.0,4346.0,6743.0,present
3856,2025-08-25 20:00:00+00:00,4345.5,4347.0,4338.5,4343.5,4173.0,present
3857,2025-08-25 22:00:00+00:00,4345.0,4346.0,4340.333333333333,4343.666666666667,2783.333333333333,interpolated
3858,2025-08-26 00:00:00+00:00,4344.5,4345.0,4342.166666666667,4343.833333333333,1393.6666666666665,interpolated
3859,2025-08-26 02:00:00+00:00,4344.0,4344.0,4344.0,4344.0,4.0,present
3860,2025-08-26 04:00:00+00:00,4345.0,4360.0,4343.5,4357.0,11967.0,present
3861,2025-08-26 06:00:00+00:00,4356.5,4398.0,4351.0,4384.0,68087.0,present
3862,2025-08-26 08:00:00+00:00,4385.0,4396.0,4370.5,4374.5,44703.0,present
3863,2025-08-26 10:00:00+00:00,4374.5,4394.5,4374.5,4386.0,27807.0,present
3864,2025-08-26 12:00:00+00:00,4385.5,4394.0,4364.0,4375.0,53894.0,present
3865,2025-08-26 14:00:00+00:00,4374.5,4377.0,4357.0,4370.0,37294.0,present
3866,2025-08-26 16:00:00+00:00,4371.0,4378.0,4361.0,4372.5,8632.0,present
3867,2025-08-26 18:00:00+00:00,4372.0,4374.0,4367.0,4371.5,9167.0,present
3868,2025-08-26 20:00:00+00:00,4371.5,4378.0,4368.5,4377.0,4225.0,present
3869,2025-08-26 22:00:00+00:00,4374.166666666667,4378.5,4372.166666666667,4377.833333333333,2817.666666666667,interpolated
3870,2025-08-27 00:00:00+00:00,4376.833333333333,4379.0,4375.833333333333,4378.666666666667,1410.3333333333335,interpolated
3871,2025-08-27 02:00:00+00:00,4379.5,4379.5,4379.5,4379.5,3.0,present
3872,2025-08-27 04:00:00+00:00,4379.5,4388.0,4373.5,4375.0,7440.0,present
3873,2025-08-27 06:00:00+00:00,4375.5,4392.5,4371.0,4373.0,34324.0,present
3874,2025-08-27 08:00:00+00:00,4373.5,4380.5,4352.0,4353.0,69321.0,present
3875,2025-08-27 10:00:00+00:00,4353.0,4376.5,4345.0,4371.5,65470.0,present
3876,2025-08-27 12:00:00+00:00,4371.5,4373.5,4327.0,4338.0,100394.0,present
3877,2025-08-27 14:00:00+00:00,4338.0,4348.5,4327.0,4348.5,58072.0,present
3878,2025-08-27 16:00:00+00:00,4345.0,4362.5,4342.0,4355.0,28617.0,present
3879,2025-08-27 18:00:00+00:00,4355.5,4358.5,4334.0,4343.0,33751.0,present
3880,2025-08-27 20:00:00+00:00,4342.5,4344.0,4339.0,4343.0,4403.0,present
3881,2025-08-27 22:00:00+00:00,4342.666666666667,4343.666666666667,4340.333333333333,4343.0,2940.6666666666665,interpolated
3882,2025-08-28 00:00:00+00:00,4342.833333333333,4343.333333333333,4341.666666666667,4343.0,1478.333333333333,interpolated
3883,2025-08-28 02:00:00+00:00,4343.0,4343.0,4343.0,4343.0,16.0,present
3884,2025-08-28 04:00:00+00:00,4346.5,4353.5,4331.0,4344.0,13463.0,present
3885,2025-08-28 06:00:00+00:00,4344.0,4351.5,4334.0,4344.5,31817.0,present
3886,2025-08-28 08:00:00+00:00,4344.5,4354.0,4342.0,4345.0,44664.0,present
3887,2025-08-28 10:00:00+00:00,4345.0,4352.5,4330.0,4339.0,32695.0,present
3888,2025-08-28 12:00:00+00:00,4339.5,4353.0,4331.0,4332.0,47106.0,present
3889,2025-08-28 14:00:00+00:00,4332.0,4348.0,4331.0,4345.5,20662.0,present
3890,2025-08-28 16:00:00+00:00,4345.5,4345.5,4283.5,4303.5,111646.0,present
3891,2025-08-28 18:00:00+00:00,4303.5,4313.5,4294.0,4305.5,30731.0,present
3892,2025-08-28 20:00:00+00:00,4305.5,4310.0,4300.0,4309.0,5392.0,present
3893,2025-08-28 22:00:00+00:00,4307.333333333333,4310.333333333333,4303.666666666667,4309.666666666667,3661.6666666666665,interpolated
3894,2025-08-29 00:00:00+00:00,4309.166666666667,4310.666666666667,4307.333333333333,4310.333333333333,1931.333333333333,interpolated
3895,2025-08-29 02:00:00+00:00,4311.0,4311.0,4311.0,4311.0,201.0,present
3896,2025-08-29 04:00:00+00:00,4314.0,4325.5,4311.0,4321.0,9023.0,present
3897,2025-08-29 06:00:00+00:00,4321.5,4333.0,4297.5,4310.5,57488.0,present
3898,2025-08-29 08:00:00+00:00,4310.5,4319.0,4290.0,4291.5,48970.0,present
3899,2025-08-29 10:00:00+00:00,4291.5,4299.5,4275.5,4290.0,122801.0,present
3900,2025-08-29 12:00:00+00:00,4289.5,4290.0,4281.5,4288.5,32799.0,present
3901,2025-08-29 14:00:00+00:00,4288.5,4304.5,4288.0,4291.5,41451.0,present
3902,2025-08-29 16:00:00+00:00,4294.0,4299.0,4290.5,4293.5,7907.0,present
3903,2025-08-29 18:00:00+00:00,4293.5,4294.0,4280.0,4286.5,15461.0,present
3904,2025-08-29 20:00:00+00:00,4285.0,4288.0,4282.5,4282.5,3297.0,present
3905,2025-08-29 22:00:00+00:00,4286.7,4290.2,4282.8,4285.4,3330.2,interpolated
3906,2025-08-30 00:00:00+00:00,4288.4,4292.4,4283.1,4288.3,3363.4,interpolated
3907,2025-08-30 02:00:00+00:00,4290.1,4294.6,4283.4,4291.2,3396.6,interpolated
3908,2025-08-30 04:00:00+00:00,4291.8,4296.8,4283.7,4294.1,3429.8,interpolated
3909,2025-08-30 06:00:00+00:00,4293.5,4299.0,4284.0,4297.0,3463.0,present
3910,2025-08-30 08:00:00+00:00,4297.0,4297.5,4289.5,4290.0,2906.0,present
3911,2025-08-30 10:00:00+00:00,4290.0,4294.0,4288.0,4289.5,2432.0,present
3912,2025-08-30 12:00:00+00:00,4289.5,4289.5,4280.5,4281.0,5294.0,present
3913,2025-08-30 14:00:00+00:00,4281.0,4281.0,4280.0,4280.5,6018.0,present
3914,2025-08-30 16:00:00+00:00,4281.75,4283.25,4280.625,4282.4375,5764.0,interpolated
3915,2025-08-30 18:00:00+00:00,4282.5,4285.5,4281.25,4284.375,5510.0,interpolated
3916,2025-08-30 20:00:00+00:00,4283.25,4287.75,4281.875,4286.3125,5256.0,interpolated
3917,2025-08-30 22:00:00+00:00,4284.0,4290.0,4282.5,4288.25,5002.0,interpolated
3918,2025-08-31 00:00:00+00:00,4284.75,4292.25,4283.125,4290.1875,4748.0,interpolated
3919,2025-08-31 02:00:00+00:00,4285.5,4294.5,4283.75,4292.125,4494.0,interpolated
3920,2025-08-31 04:00:00+00:00,4286.25,4296.75,4284.375,4294.0625,4240.0,interpolated
3921,2025-08-31 06:00:00+00:00,4287.0,4299.0,4285.0,4296.0,3986.0,present
3922,2025-08-31 08:00:00+00:00,4292.5,4305.0,4292.5,4297.5,7386.0,present
3923,2025-08-31 10:00:00+00:00,4298.5,4299.0,4293.0,4297.5,2913.0,present
3924,2025-08-31 12:00:00+00:00,4296.5,4298.5,4293.0,4298.5,1840.0,present
3925,2025-08-31 14:00:00+00:00,4298.5,4301.0,4295.0,4296.0,3621.0,present
3926,2025-08-31 16:00:00+00:00,4298.416666666667,4300.5,4295.5,4296.333333333333,3023.0,interpolated
3927,2025-08-31 18:00:00+00:00,4298.333333333333,4300.0,4296.0,4296.666666666667,2425.0,interpolated
3928,2025-08-31 20:00:00+00:00,4298.25,4299.5,4296.5,4297.0,1826.9999999999998,interpolated
3929,2025-08-31 22:00:00+00:00,4298.166666666667,4299.0,4297.0,4297.333333333333,1229.0,interpolated
3930,2025-09-01 00:00:00+00:00,4298.083333333333,4298.5,4297.5,4297.666666666667,631.0,interpolated
3931,2025-09-01 02:00:00+00:00,4298.0,4298.0,4298.0,4298.0,33.0,present
3932,2025-09-01 04:00:00+00:00,4300.0,4320.0,4296.5,4316.0,13658.0,present
3933,2025-09-01 06:00:00+00:00,4316.0,4326.5,4301.0,4323.0,59312.0,present
3934,2025-09-01 08:00:00+00:00,4323.0,4328.0,4312.5,4322.0,33138.0,present
3935,2025-09-01 10:00:00+00:00,4321.5,4327.0,4301.0,4316.0,59932.0,present
3936,2025-09-01 12:00:00+00:00,4316.0,4329.5,4315.5,4326.5,40991.0,present
3937,2025-09-01 14:00:00+00:00,4325.0,4325.0,4275.0,4275.0,78129.0,present
3938,2025-09-01 16:00:00+00:00,4278.0,4289.0,4275.0,4285.0,27651.0,present
3939,2025-09-01 18:00:00+00:00,4286.5,4290.0,4280.5,4288.0,10895.0,present
3940,2025-09-01 20:00:00+00:00,4287.5,4291.0,4282.5,4282.5,5371.0,present
3941,2025-09-01 22:00:00+00:00,4286.666666666667,4289.0,4283.333333333333,4283.333333333333,3581.0,interpolated
3942,2025-09-02 00:00:00+00:00,4285.833333333333,4287.0,4284.166666666667,4284.166666666667,1791.0,interpolated
3943,2025-09-02 02:00:00+00:00,4285.0,4285.0,4285.0,4285.0,1.0,present
3944,2025-09-02 04:00:00+00:00,4294.0,4302.0,4282.0,4287.5,14820.0,present
3945,2025-09-02 06:00:00+00:00,4286.5,4292.0,4255.5,4273.5,78173.0,present
3946,2025-09-02 08:00:00+00:00,4273.5,4286.0,4255.0,4275.5,88654.0,present
3947,2025-09-02 10:00:00+00:00,4276.0,4295.5,4263.0,4294.0,58636.0,present
3948,2025-09-02 12:00:00+00:00,4295.0,4309.0,4267.5,4281.5,77194.0,present
3949,2025-09-02 14:00:00+00:00,4281.5,4292.0,4263.0,4267.0,40528.0,present
3950,2025-09-02 16:00:00+00:00,4267.0,4274.5,4260.0,4265.5,21677.0,present
3951,2025-09-02 18:00:00+00:00,4265.5,4295.0,4260.0,4288.5,46264.0,present
3952,2025-09-02 20:00:00+00:00,4287.0,4291.0,4283.5,4288.0,3052.0,present
3953,2025-09-02 22:00:00+00:00,4288.0,4290.666666666667,4285.666666666667,4288.666666666667,2066.6666666666665,interpolated
3954,2025-09-03 00:00:00+00:00,4289.0,4290.333333333333,4287.833333333333,4289.333333333333,1081.3333333333333,interpolated
3955,2025-09-03 02:00:00+00:00,4290.0,4290.0,4290.0,4290.0,96.0,present
3956,2025-09-03 04:00:00+00:00,4292.5,4296.0,4279.0,4292.0,7220.0,present
3957,2025-09-03 06:00:00+00:00,4291.5,4322.0,4287.0,4300.0,54120.0,present
3958,2025-09-03 08:00:00+00:00,4298.5,4301.0,4272.0,4273.0,55750.0,present
3959,2025-09-03 10:00:00+00:00,4273.5,4289.0,4268.0,4272.5,33062.0,present
3960,2025-09-03 12:00:00+00:00,4272.0,4290.0,4244.0,4272.0,94813.0,present
3961,2025-09-03 14:00:00+00:00,4273.0,4285.5,4272.5,4275.0,19188.0,present
3962,2025-09-03 16:00:00+00:00,4278.5,4303.5,4276.0,4292.5,33183.0,present
3963,2025-09-03 18:00:00+00:00,4293.0,4301.5,4285.5,4297.0,15587.0,present
3964,2025-09-03 20:00:00+00:00,4297.0,4298.5,4286.0,4290.0,3316.0,present
3965,2025-09-03 22:00:00+00:00,4296.833333333333,4297.833333333333,4289.5,4292.166666666667,2215.6666666666665,interpolated
3966,2025-09-04 00:00:00+00:00,4296.666666666667,4297.166666666667,4293.0,4294.333333333333,1115.333333333333,interpolated
3967,2025-09-04 02:00:00+00:00,4296.5,4296.5,4296.5,4296.5,15.0,present
3968,2025-09-04 04:00:00+00:00,4299.5,4302.0,4290.0,4298.5,13098.0,present
3969,2025-09-04 06:00:00+00:00,4297.5,4320.0,4284.5,4310.0,79511.0,present
3970,2025-09-04 08:00:00+00:00,4310.0,4310.0,4288.5,4300.0,63520.0,present
3971,2025-09-04 10:00:00+00:00,4300.0,4308.5,4297.0,4307.0,32553.0,present
3972,2025-09-04 12:00:00+00:00,4306.0,4308.0,4295.5,4306.5,32279.0,present
3973,2025-09-04 14:00:00+00:00,4306.0,4306.5,4277.0,4299.0,56822.0,present
3974,2025-09-04 16:00:00+00:00,4295.5,4305.5,4290.5,4296.5,11955.0,present
3975,2025-09-04 18:00:00+00:00,4298.0,4305.0,4294.5,4301.5,10652.0,present
3976,2025-09-04 20:00:00+00:00,4302.0,4305.5,4299.5,4299.5,2386.0,present
3977,2025-09-04 22:00:00+00:00,4302.333333333333,4304.666666666667,4300.666666666667,4300.666666666667,1591.6666666666665,interpolated
3978,2025-09-05 00:00:00+00:00,4302.666666666667,4303.833333333333,4301.833333333333,4301.833333333333,797.3333333333333,interpolated
3979,2025-09-05 02:00:00+00:00,4303.0,4303.0,4303.0,4303.0,3.0,present
3980,2025-09-05 04:00:00+00:00,4306.0,4317.0,4301.5,4315.0,10064.0,present
3981,2025-09-05 06:00:00+00:00,4313.5,4341.5,4303.0,4340.5,77345.0,present
3982,2025-09-05 08:00:00+00:00,4341.0,4349.5,4322.0,4341.0,82266.0,present
3983,2025-09-05 10:00:00+00:00,4341.0,4348.5,4331.5,4345.0,35567.0,present
3984,2025-09-05 12:00:00+00:00,4345.0,4345.0,4330.5,4343.5,33877.0,present
3985,2025-09-05 14:00:00+00:00,4343.0,4346.0,4328.0,4335.0,40162.0,present
3986,2025-09-05 16:00:00+00:00,4335.0,4340.0,4329.5,4337.0,14974.0,present
3987,2025-09-05 18:00:00+00:00,4337.0,4339.0,4333.5,4337.5,8595.0,present
3988,2025-09-05 20:00:00+00:00,4337.0,4343.0,4336.5,4341.0,8813.0,present
3989,2025-09-05 22:00:00+00:00,4338.0,4344.1,4337.5,4341.7,7572.4,interpolated
3990,2025-09-06 00:00:00+00:00,4339.0,4345.2,4338.5,4342.4,6331.799999999999,interpolated
3991,2025-09-06 02:00:00+00:00,4340.0,4346.3,4339.5,4343.1,5091.2,interpolated
3992,2025-09-06 04:00:00+00:00,4341.0,4347.4,4340.5,4343.8,3850.5999999999995,interpolated
3993,2025-09-06 06:00:00+00:00,4342.0,4348.5,4341.5,4344.5,2610.0,present
3994,2025-09-06 08:00:00+00:00,4345.5,4346.5,4341.0,4346.0,3221.0,present
3995,2025-09-06 10:00:00+00:00,4345.5,4352.0,4345.0,4352.0,4015.0,present
3996,2025-09-06 12:00:00+00:00,4352.0,4355.0,4350.0,4351.0,4706.0,present
3997,2025-09-06 14:00:00+00:00,4351.0,4354.0,4346.5,4354.0,5579.0,present
3998,2025-09-06 16:00:00+00:00,4351.375,4354.75,4347.0,4353.9375,5452.125,interpolated
3999,2025-09-06 18:00:00+00:00,4351.75,4355.5,4347.5,4353.875,5325.25,interpolated
4000,2025-09-06 20:00:00+00:00,4352.125,4356.25,4348.0,4353.8125,5198.375,interpolated
4001,2025-09-06 22:00:00+00:00,4352.5,4357.0,4348.5,4353.75,5071.5,interpolated
4002,2025-09-07 00:00:00+00:00,4352.875,4357.75,4349.0,4353.6875,4944.625,interpolated
4003,2025-09-07 02:00:00+00:00,4353.25,4358.5,4349.5,4353.625,4817.75,interpolated
4004,2025-09-07 04:00:00+00:00,4353.625,4359.25,4350.0,4353.5625,4690.875,interpolated
4005,2025-09-07 06:00:00+00:00,4354.0,4360.0,4350.5,4353.5,4564.0,present
4006,2025-09-07 08:00:00+00:00,4353.5,4360.0,4350.5,4358.0,6345.0,present
4007,2025-09-07 10:00:00+00:00,4358.0,4361.0,4356.5,4359.5,3730.0,present
4008,2025-09-07 12:00:00+00:00,4359.0,4361.0,4356.5,4357.0,5356.0,present
4009,2025-09-07 14:00:00+00:00,4356.5,4358.0,4353.5,4356.0,2641.0,present
4010,2025-09-07 16:00:00+00:00,4356.416666666667,4357.666666666667,4353.916666666667,4356.0,2218.5,interpolated
4011,2025-09-07 18:00:00+00:00,4356.333333333333,4357.333333333333,4354.333333333333,4356.0,1796.0,interpolated
4012,2025-09-07 20:00:00+00:00,4356.25,4357.0,4354.75,4356.0,1373.5,interpolated
4013,2025-09-07 22:00:00+00:00,4356.166666666667,4356.666666666667,4355.166666666667,4356.0,951.0,interpolated
4014,2025-09-08 00:00:00+00:00,4356.083333333333,4356.333333333333,4355.583333333333,4356.0,528.5,interpolated
4015,2025-09-08 02:00:00+00:00,4356.0,4356.0,4356.0,4356.0,106.0,present
4016,2025-09-08 04:00:00+00:00,4356.0,4374.5,4353.5,4362.0,22246.0,present
4017,2025-09-08 06:00:00+00:00,4362.0,4370.5,4350.5,4350.5,50691.0,present
4018,2025-09-08 08:00:00+00:00,4350.5,4367.0,4325.0,4366.0,169785.0,present
4019,2025-09-08 10:00:00+00:00,4366.0,4371.5,4355.5,4364.5,70121.0,present
4020,2025-09-08 12:00:00+00:00,4364.0,4382.0,4356.5,4380.0,112625.0,present
4021,2025-09-08 14:00:00+00:00,4379.0,4399.0,4375.0,4395.0,127960.0,present
4022,2025-09-08 16:00:00+00:00,4395.0,4413.0,4393.0,4401.5,51912.0,present
4023,2025-09-08 18:00:00+00:00,4400.5,4405.0,4400.0,4402.5,18931.0,present
4024,2025-09-08 20:00:00+00:00,4402.5,4407.5,4402.5,4405.0,6659.0,present
4025,2025-09-08 22:00:00+00:00,4403.333333333333,4406.666666666667,4403.333333333333,4405.0,4509.666666666666,interpolated
4026,2025-09-09 00:00:00+00:00,4404.166666666667,4405.833333333333,4404.166666666667,4405.0,2360.333333333333,interpolated
4027,2025-09-09 02:00:00+00:00,4405.0,4405.0,4405.0,4405.0,211.0,present
4028,2025-09-09 04:00:00+00:00,4407.0,4425.0,4396.0,4422.5,21390.0,present
4029,2025-09-09 06:00:00+00:00,4421.5,4423.0,4400.0,4401.0,68914.0,present
4030,2025-09-09 08:00:00+00:00,4401.5,4412.0,4376.0,4391.0,126833.0,present
4031,2025-09-09 10:00:00+00:00,4391.5,4400.0,4380.0,4393.0,61962.0,present
4032,2025-09-09 12:00:00+00:00,4393.0,4398.0,4373.0,4375.0,65366.0,present
4033,2025-09-09 14:00:00+00:00,4374.0,4377.5,4355.5,4363.0,61033.0,present
4034,2025-09-09 16:00:00+00:00,4365.0,4384.0,4359.5,4379.5,28322.0,present
4035,2025-09-09 18:00:00+00:00,4379.0,4384.5,4371.5,4374.0,14656.0,present
4036,2025-09-09 20:00:00+00:00,4373.5,4380.0,4372.5,4375.0,4755.0,present
4037,2025-09-09 22:00:00+00:00,4374.0,4378.333333333333,4373.333333333333,4375.0,3179.333333333333,interpolated
4038,2025-09-10 00:00:00+00:00,4374.5,4376.666666666667,4374.166666666667,4375.0,1603.6666666666665,interpolated
4039,2025-09-10 02:00:00+00:00,4375.0,4375.0,4375.0,4375.0,28.0,present
4040,2025-09-10 04:00:00+00:00,4374.5,4383.0,4347.5,4363.5,24207.0,present
4041,2025-09-10 06:00:00+00:00,4363.5,4369.5,4341.0,4360.0,49334.0,present
4042,2025-09-10 08:00:00+00:00,4360.0,4367.0,4345.0,4360.0,38387.0,present
4043,2025-09-10 10:00:00+00:00,4360.0,4363.5,4343.0,4345.0,49280.0,present
4044,2025-09-10 12:00:00+00:00,4345.0,4355.0,4341.0,4345.0,34906.0,present
4045,2025-09-10 14:00:00+00:00,4345.0,4355.0,4330.0,4330.0,47013.0,present
4046,2025-09-10 16:00:00+00:00,4330.0,4331.0,4312.0,4319.5,63248.0,present
4047,2025-09-10 18:00:00+00:00,4320.0,4323.5,4315.0,4323.5,32056.0,present
4048,2025-09-10 20:00:00+00:00,4323.5,4323.5,4320.5,4323.5,6496.0,present
4049,2025-09-10 22:00:00+00:00,4322.333333333333,4322.333333333333,4320.333333333333,4322.333333333333,4438.333333333334,interpolated
4050,2025-09-11 00:00:00+00:00,4321.166666666667,4321.166666666667,4320.166666666667,4321.166666666667,2380.666666666667,interpolated
4051,2025-09-11 02:00:00+00:00,4320.0,4320.0,4320.0,4320.0,323.0,present
4052,2025-09-11 04:00:00+00:00,4323.5,4324.0,4317.0,4324.0,12604.0,present
4053,2025-09-11 06:00:00+00:00,4323.5,4332.5,4286.5,4294.0,87185.0,present
4054,2025-09-11 08:00:00+00:00,4294.0,4311.0,4291.0,4304.5,113612.0,present
4055,2025-09-11 10:00:00+00:00,4304.5,4305.5,4287.0,4290.0,84390.0,present
4056,2025-09-11 12:00:00+00:00,4290.5,4305.0,4279.5,4301.0,100265.0,present
4057,2025-09-11 14:00:00+00:00,4301.0,4311.0,4285.0,4305.0,71788.0,present
4058,2025-09-11 16:00:00+00:00,4305.0,4309.5,4285.0,4298.5,15377.0,present
4059,2025-09-11 18:00:00+00:00,4299.0,4301.0,4291.5,4297.5,7230.0,present
4060,2025-09-11 20:00:00+00:00,4297.5,4299.0,4294.0,4297.0,3214.0,present
4061,2025-09-11 22:00:00+00:00,4302.333333333333,4303.333333333333,4300.0,4302.0,2198.666666666667,interpolated
4062,2025-09-12 00:00:00+00:00,4307.166666666667,4307.666666666667,4306.0,4307.0,1183.3333333333335,interpolated
4063,2025-09-12 02:00:00+00:00,4312.0,4312.0,4312.0,4312.0,168.0,present
4064,2025-09-12 04:00:00+00:00,4312.0,4312.0,4293.0,4295.0,9469.0,present
4065,2025-09-12 06:00:00+00:00,4295.0,4298.0,4265.0,4267.5,56888.0,present
4066,2025-09-12 08:00:00+00:00,4268.0,4282.5,4266.0,4273.0,51133.0,present
4067,2025-09-12 10:00:00+00:00,4273.5,4280.0,4222.0,4266.0,201076.0,present
4068,2025-09-12 12:00:00+00:00,4266.5,4268.0,4204.5,4209.5,185925.0,present
4069,2025-09-12 14:00:00+00:00,4208.0,4215.5,4188.0,4188.0,89914.0,present
4070,2025-09-12 16:00:00+00:00,4188.0,4204.0,4171.5,4198.5,55765.0,present
4071,2025-09-12 18:00:00+00:00,4198.5,4205.0,4194.0,4196.0,14618.0,present
4072,2025-09-12 20:00:00+00:00,4195.5,4200.0,4193.5,4200.0,8725.0,present
4073,2025-09-12 22:00:00+00:00,4200.5,4204.1,4198.9,4204.1,7000.6,interpolated
4074,2025-09-13 00:00:00+00:00,4205.5,4208.2,4204.3,4208.2,5276.2,interpolated
4075,2025-09-13 02:00:00+00:00,4210.5,4212.3,4209.7,4212.3,3551.8,interpolated
4076,2025-09-13 04:00:00+00:00,4215.5,4216.4,4215.1,4216.4,1827.3999999999996,interpolated
4077,2025-09-13 06:00:00+00:00,4220.5,4220.5,4220.5,4220.5,103.0,present
4078,2025-09-13 08:00:00+00:00,4218.0,4222.0,4201.0,4213.5,4488.0,present
4079,2025-09-13 10:00:00+00:00,4213.5,4220.5,4211.5,4218.0,4817.0,present
4080,2025-09-13 12:00:00+00:00,4218.0,4218.5,4210.0,4214.0,3549.0,present
4081,2025-09-13 14:00:00+00:00,4214.0,4214.5,4200.0,4202.0,5399.0,present
4082,2025-09-13 16:00:00+00:00,4212.5,4214.6875,4199.125,4201.1875,5396.625,interpolated
4083,2025-09-13 18:00:00+00:00,4211.0,4214.875,4198.25,4200.375,5394.25,interpolated
4084,2025-09-13 20:00:00+00:00,4209.5,4215.0625,4197.375,4199.5625,5391.875,interpolated
4085,2025-09-13 22:00:00+00:00,4208.0,4215.25,4196.5,4198.75,5389.5,interpolated
4086,2025-09-14 00:00:00+00:00,4206.5,4215.4375,4195.625,4197.9375,5387.125,interpolated
4087,2025-09-14 02:00:00+00:00,4205.0,4215.625,4194.75,4197.125,5384.75,interpolated
4088,2025-09-14 04:00:00+00:00,4203.5,4215.8125,4193.875,4196.3125,5382.375,interpolated
4089,2025-09-14 06:00:00+00:00,4202.0,4216.0,4193.0,4195.5,5380.0,present
4090,2025-09-14 08:00:00+00:00,4195.5,4205.0,4193.0,4200.5,5065.0,present
4091,2025-09-14 10:00:00+00:00,4200.5,4211.0,4199.0,4211.0,5957.0,present
4092,2025-09-14 12:00:00+00:00,4210.0,4211.0,4205.0,4208.0,3873.0,present
4093,2025-09-14 14:00:00+00:00,4209.0,4210.5,4205.5,4210.0,6758.0,present
4094,2025-09-14 16:00:00+00:00,4209.5,4210.75,4206.583333333333,4210.333333333333,5635.833333333333,interpolated
4095,2025-09-14 18:00:00+00:00,4210.0,4211.0,4207.666666666667,4210.666666666667,4513.666666666666,interpolated
4096,2025-09-14 20:00:00+00:00,4210.5,4211.25,4208.75,4211.0,3391.5,interpolated
4097,2025-09-14 22:00:00+00:00,4211.0,4211.5,4209.833333333333,4211.333333333333,2269.333333333333,interpolated
4098,2025-09-15 00:00:00+00:00,4211.5,4211.75,4210.916666666667,4211.666666666667,1147.166666666666,interpolated
4099,2025-09-15 02:00:00+00:00,4212.0,4212.0,4212.0,4212.0,25.0,present
4100,2025-09-15 04:00:00+00:00,4212.0,4221.0,4192.0,4205.0,16151.0,present
4101,2025-09-15 06:00:00+00:00,4204.5,4218.0,4186.5,4200.5,62899.0,present
4102,2025-09-15 08:00:00+00:00,4201.5,4204.0,4142.0,4144.0,139868.0,present
4103,2025-09-15 10:00:00+00:00,4143.0,4160.5,4140.0,4146.0,53192.0,present
4104,2025-09-15 12:00:00+00:00,4146.0,4155.0,4140.0,4144.0,53371.0,present
4105,2025-09-15 14:00:00+00:00,4144.0,4151.0,4120.0,4135.0,75181.0,present
4106,2025-09-15 16:00:00+00:00,4136.5,4154.0,4132.5,4151.0,14353.0,present
4107,2025-09-15 18:00:00+00:00,4151.0,4151.0,4141.5,4145.0,8237.0,present
4108,2025-09-15 20:00:00+00:00,4144.5,4152.5,4142.5,4150.0,4631.0,present
4109,2025-09-15 22:00:00+00:00,4148.833333333333,4154.166666666667,4147.5,4152.5,3095.333333333333,interpolated
4110,2025-09-16 00:00:00+00:00,4153.166666666667,4155.833333333333,4152.5,4155.0,1559.6666666666665,interpolated
4111,2025-09-16 02:00:00+00:00,4157.5,4157.5,4157.5,4157.5,24.0,present
4112,2025-09-16 04:00:00+00:00,4158.0,4183.0,4153.0,4173.5,20441.0,present
4113,2025-09-16 06:00:00+00:00,4173.5,4175.0,4137.5,4151.5,62698.0,present
4114,2025-09-16 08:00:00+00:00,4152.5,4156.0,4082.0,4090.5,127467.0,present
4115,2025-09-16 10:00:00+00:00,4090.5,4134.0,4058.5,4129.0,116462.0,present
4116,2025-09-16 12:00:00+00:00,4128.5,4149.0,4103.5,4140.0,71769.0,present
4117,2025-09-16 14:00:00+00:00,4140.0,4151.5,4119.0,4130.0,64406.0,present
4118,2025-09-16 16:00:00+00:00,4132.0,4136.0,4122.0,4131.0,14751.0,present
4119,2025-09-16 18:00:00+00:00,4131.0,4134.5,4123.0,4125.0,9906.0,present
4120,2025-09-16 20:00:00+00:00,4125.0,4131.0,4123.0,4127.5,5845.0,present
4121,2025-09-16 22:00:00+00:00,4126.0,4130.0,4124.666666666667,4127.666666666667,3912.333333333333,interpolated
4122,2025-09-17 00:00:00+00:00,4127.0,4129.0,4126.333333333333,4127.833333333333,1979.6666666666665,interpolated
4123,2025-09-17 02:00:00+00:00,4128.0,4128.0,4128.0,4128.0,47.0,present
4124,2025-09-17 04:00:00+00:00,4134.0,4149.0,4128.0,4145.5,9159.0,present
4125,2025-09-17 06:00:00+00:00,4145.0,4145.5,4108.0,4116.5,53322.0,present
4126,2025-09-17 08:00:00+00:00,4116.0,4127.5,4105.5,4122.0,37987.0,present
4127,2025-09-17 10:00:00+00:00,4122.0,4150.0,4111.0,4129.0,61345.0,present
4128,2025-09-17 12:00:00+00:00,4129.0,4136.0,4100.0,4102.5,87625.0,present
4129,2025-09-17 14:00:00+00:00,4103.0,4149.0,4100.5,4125.5,130389.0,present
4130,2025-09-17 16:00:00+00:00,4128.0,4154.5,4127.0,4145.0,40605.0,present
4131,2025-09-17 18:00:00+00:00,4145.0,4164.0,4142.5,4160.5,21890.0,present
4132,2025-09-17 20:00:00+00:00,4161.0,4161.5,4154.5,4161.0,5949.0,present
4133,2025-09-17 22:00:00+00:00,4161.166666666667,4161.5,4156.833333333333,4161.166666666667,3979.666666666667,interpolated
4134,2025-09-18 00:00:00+00:00,4161.333333333333,4161.5,4159.166666666667,4161.333333333333,2010.3333333333335,interpolated
4135,2025-09-18 02:00:00+00:00,4161.5,4161.5,4161.5,4161.5,41.0,present
4136,2025-09-18 04:00:00+00:00,4162.0,4174.5,4157.5,4165.0,21585.0,present
4137,2025-09-18 06:00:00+00:00,4165.0,4166.0,4132.0,4138.5,41371.0,present
4138,2025-09-18 08:00:00+00:00,4138.0,4170.0,4135.5,4146.5,48050.0,present
4139,2025-09-18 10:00:00+00:00,4146.5,4146.5,4123.0,4125.0,63556.0,present
4140,2025-09-18 12:00:00+00:00,4125.0,4125.5,4100.5,4114.0,229898.0,present
4141,2025-09-18 14:00:00+00:00,4114.0,4143.0,4110.0,4133.0,60587.0,present
4142,2025-09-18 16:00:00+00:00,4136.0,4141.5,4111.5,4114.0,40401.0,present
4143,2025-09-18 18:00:00+00:00,4114.0,4117.5,4105.5,4110.0,31954.0,present
4144,2025-09-18 20:00:00+00:00,4110.0,4116.0,4105.0,4108.5,7420.0,present
4145,2025-09-18 22:00:00+00:00,4114.166666666667,4118.166666666667,4110.833333333333,4113.166666666667,4955.333333333334,interpolated
4146,2025-09-19 00:00:00+00:00,4118.333333333333,4120.333333333333,4116.666666666667,4117.833333333333,2490.666666666667,interpolated
4147,2025-09-19 02:00:00+00:00,4122.5,4122.5,4122.5,4122.5,26.0,present
4148,2025-09-19 04:00:00+00:00,4110.5,4122.0,4090.0,4099.5,28358.0,present
4149,2025-09-19 06:00:00+00:00,4100.0,4131.5,4099.0,4122.5,53603.0,present
4150,2025-09-19 08:00:00+00:00,4121.5,4138.5,4104.0,4125.5,88723.0,present
4151,2025-09-19 10:00:00+00:00,4126.0,4149.0,4110.0,4147.0,118552.0,present
4152,2025-09-19 12:00:00+00:00,4147.0,4168.0,4130.5,4151.0,147756.0,present
4153,2025-09-19 14:00:00+00:00,4152.5,4153.0,4096.5,4102.0,117500.0,present
4154,2025-09-19 16:00:00+00:00,4104.5,4104.5,4073.5,4089.5,85676.0,present
4155,2025-09-19 18:00:00+00:00,4090.5,4098.0,4085.5,4097.0,24759.0,present
4156,2025-09-19 20:00:00+00:00,4097.0,4099.5,4078.0,4080.0,30271.0,present
4157,2025-09-19 22:00:00+00:00,4096.351851851852,4098.759259259259,4078.0555555555557,4079.9814814814813,29167.37037037037,interpolated
4158,2025-09-20 00:00:00+00:00,4095.703703703704,4098.018518518518,4078.1111111111113,4079.962962962963,28063.74074074074,interpolated
4159,2025-09-20 02:00:00+00:00,4095.0555555555557,4097.277777777777,4078.1666666666665,4079.9444444444443,26960.11111111111,interpolated
4160,2025-09-20 04:00:00+00:00,4094.4074074074074,4096.537037037037,4078.222222222222,4079.925925925926,25856.48148148148,interpolated
4161,2025-09-20 06:00:00+00:00,4093.759259259259,4095.796296296296,4078.277777777778,4079.9074074074074,24752.85185185185,interpolated
4162,2025-09-20 08:00:00+00:00,4093.1111111111113,4095.0555555555557,4078.3333333333335,4079.8888888888887,23649.222222222223,interpolated
4163,2025-09-20 10:00:00+00:00,4092.462962962963,4094.314814814815,4078.3888888888887,4079.8703703703704,22545.59259259259,interpolated
4164,2025-09-20 12:00:00+00:00,4091.814814814815,4093.574074074074,4078.4444444444443,4079.8518518518517,21441.962962962964,interpolated
4165,2025-09-20 14:00:00+00:00,4091.1666666666665,4092.8333333333335,4078.5,4079.8333333333335,20338.333333333332,interpolated
4166,2025-09-20 16:00:00+00:00,4090.5185185185187,4092.0925925925926,4078.5555555555557,4079.814814814815,19234.7037037037,interpolated
4167,2025-09-20 18:00:00+00:00,4089.8703703703704,4091.3518518518517,4078.6111111111113,4079.796296296296,18131.074074074073,interpolated
4168,2025-09-20 20:00:00+00:00,4089.222222222222,4090.6111111111113,4078.6666666666665,4079.777777777778,17027.444444444445,interpolated
4169,2025-09-20 22:00:00+00:00,4088.574074074074,4089.8703703703704,4078.722222222222,4079.759259259259,15923.814814814814,interpolated
4170,2025-09-21 00:00:00+00:00,4087.925925925926,4089.1296296296296,4078.777777777778,4079.740740740741,14820.185185185184,interpolated
4171,2025-09-21 02:00:00+00:00,4087.277777777778,4088.3888888888887,4078.8333333333335,4079.722222222222,13716.555555555555,interpolated
4172,2025-09-21 04:00:00+00:00,4086.6296296296296,4087.6481481481483,4078.8888888888887,4079.703703703704,12612.925925925923,interpolated
4173,2025-09-21 06:00:00+00:00,4085.9814814814813,4086.9074074074074,4078.9444444444443,4079.685185185185,11509.296296296296,interpolated
4174,2025-09-21 08:00:00+00:00,4085.3333333333335,4086.1666666666665,4079.0,4079.6666666666665,10405.666666666664,interpolated
4175,2025-09-21 10:00:00+00:00,4084.685185185185,4085.425925925926,4079.0555555555557,4079.6481481481483,9302.037037037036,interpolated
4176,2025-09-21 12:00:00+00:00,4084.037037037037,4084.685185185185,4079.1111111111113,4079.6296296296296,8198.407407407405,interpolated
4177,2025-09-21 14:00:00+00:00,4083.3888888888887,4083.9444444444443,4079.1666666666665,4079.6111111111113,7094.777777777777,interpolated
4178,2025-09-21 16:00:00+00:00,4082.740740740741,4083.203703703704,4079.222222222222,4079.5925925925926,5991.148148148146,interpolated
4179,2025-09-21 18:00:00+00:00,4082.0925925925926,4082.462962962963,4079.277777777778,4079.574074074074,4887.518518518518,interpolated
4180,2025-09-21 20:00:00+00:00,4081.4444444444443,4081.722222222222,4079.3333333333335,4079.5555555555557,3783.888888888887,interpolated
4181,2025-09-21 22:00:00+00:00,4080.796296296296,4080.9814814814813,4079.3888888888887,4079.537037037037,2680.259259259259,interpolated
4182,2025-09-22 00:00:00+00:00,4080.1481481481483,4080.240740740741,4079.4444444444443,4079.5185185185187,1576.6296296296277,interpolated
4183,2025-09-22 02:00:00+00:00,4079.5,4079.5,4079.5,4079.5,473.0,present
4184,2025-09-22 04:00:00+00:00,4080.0,4103.0,4064.5,4095.5,42234.0,present
4185,2025-09-22 06:00:00+00:00,4095.0,4102.0,4040.0,4061.0,95659.0,present
4186,2025-09-22 08:00:00+00:00,4061.0,4080.5,4026.5,4066.0,148738.0,present
4187,2025-09-22 10:00:00+00:00,4065.5,4108.0,4055.0,4088.0,141148.0,present
4188,2025-09-22 12:00:00+00:00,4089.5,4098.0,4064.0,4069.0,75992.0,present
4189,2025-09-22 14:00:00+00:00,4070.0,4130.0,4065.0,4111.0,80249.0,present
4190,2025-09-22 16:00:00+00:00,4110.0,4120.5,4093.0,4117.5,24107.0,present
4191,2025-09-22 18:00:00+00:00,4117.5,4130.0,4116.0,4120.5,28715.0,present
4192,2025-09-22 20:00:00+00:00,4120.5,4122.5,4114.0,4121.5,4824.0,present
4193,2025-09-22 22:00:00+00:00,4124.5,4125.833333333333,4120.166666666667,4125.166666666667,3347.0,interpolated
4194,2025-09-23 00:00:00+00:00,4128.5,4129.166666666667,4126.333333333333,4128.833333333333,1870.0,interpolated
4195,2025-09-23 02:00:00+00:00,4132.5,4132.5,4132.5,4132.5,393.0,present
4196,2025-09-23 04:00:00+00:00,4132.5,4147.0,4120.0,4125.0,23859.0,present
4197,2025-09-23 06:00:00+00:00,4124.0,4141.0,4110.0,4115.0,61315.0,present
4198,2025-09-23 08:00:00+00:00,4115.0,4138.0,4096.0,4131.5,72151.0,present
4199,2025-09-23 10:00:00+00:00,4131.0,4143.5,4115.0,4138.5,61242.0,present
4200,2025-09-23 12:00:00+00:00,4139.5,4165.0,4126.0,4150.0,60947.0,present
4201,2025-09-23 14:00:00+00:00,4150.0,4166.5,4145.0,4157.5,52374.0,present
4202,2025-09-23 16:00:00+00:00,4158.0,4160.0,4100.0,4104.0,87401.0,present
4203,2025-09-23 18:00:00+00:00,4104.0,4116.0,4030.0,4045.5,111058.0,present
4204,2025-09-23 20:00:00+00:00,4045.0,4057.5,4005.5,4052.0,94129.0,present
4205,2025-09-23 22:00:00+00:00,4050.3333333333335,4058.6666666666665,4024.0,4055.0,62799.66666666667,interpolated
4206,2025-09-24 00:00:00+00:00,4055.6666666666665,4059.8333333333335,4042.5,4058.0,31470.333333333336,interpolated
4207,2025-09-24 02:00:00+00:00,4061.0,4061.0,4061.0,4061.0,141.0,present
4208,2025-09-24 04:00:00+00:00,4061.5,4085.5,4047.5,4058.0,46858.0,present
4209,2025-09-24 06:00:00+00:00,4058.0,4092.0,4007.0,4088.5,180005.0,present
4210,2025-09-24 08:00:00+00:00,4089.0,4119.0,4071.5,4105.0,118287.0,present
4211,2025-09-24 10:00:00+00:00,4105.5,4135.5,4099.5,4128.5,70711.0,present
4212,2025-09-24 12:00:00+00:00,4129.0,4160.0,4127.0,4143.5,117295.0,present
4213,2025-09-24 14:00:00+00:00,4143.5,4149.5,4102.5,4104.0,86461.0,present
4214,2025-09-24 16:00:00+00:00,4104.0,4130.0,4103.5,4123.0,29079.0,present
4215,2025-09-24 18:00:00+00:00,4123.0,4138.5,4109.0,4137.0,28458.0,present
4216,2025-09-24 20:00:00+00:00,4139.0,4140.0,4127.0,4131.0,4797.0,present
4217,2025-09-24 22:00:00+00:00,4137.333333333333,4138.0,4129.333333333333,4132.0,3208.333333333333,interpolated
4218,2025-09-25 00:00:00+00:00,4135.666666666667,4136.0,4131.666666666667,4133.0,1619.6666666666665,interpolated
4219,2025-09-25 02:00:00+00:00,4134.0,4134.0,4134.0,4134.0,31.0,present
4220,2025-09-25 04:00:00+00:00,4135.0,4153.5,4129.0,4133.5,19677.0,present
4221,2025-09-25 06:00:00+00:00,4132.0,4167.0,4124.0,4134.0,80861.0,present
4222,2025-09-25 08:00:00+00:00,4133.0,4157.0,4110.0,4144.0,72554.0,present
4223,2025-09-25 10:00:00+00:00,4144.0,4149.0,4111.0,4120.0,79125.0,present
4224,2025-09-25 12:00:00+00:00,4119.0,4122.5,4083.0,4086.5,81855.0,present
4225,2025-09-25 14:00:00+00:00,4086.0,4099.0,4061.0,4083.5,89941.0,present
4226,2025-09-25 16:00:00+00:00,4083.5,4083.5,4067.5,4077.5,29429.0,present
4227,2025-09-25 18:00:00+00:00,4077.5,4082.0,4071.5,4082.0,18800.0,present
4228,2025-09-25 20:00:00+00:00,4081.5,4088.5,4078.5,4084.0,10325.0,present
4229,2025-09-25 22:00:00+00:00,4082.6666666666665,4087.3333333333335,4080.6666666666665,4084.3333333333335,6891.666666666666,interpolated
4230,2025-09-26 00:00:00+00:00,4083.8333333333335,4086.1666666666665,4082.8333333333335,4084.6666666666665,3458.333333333333,interpolated
4231,2025-09-26 02:00:00+00:00,4085.0,4085.0,4085.0,4085.0,25.0,present
4232,2025-09-26 04:00:00+00:00,4090.0,4100.5,4073.0,4078.0,35510.0,present
4233,2025-09-26 06:00:00+00:00,4080.5,4098.0,4067.5,4073.0,51053.0,present
4234,2025-09-26 08:00:00+00:00,4072.5,4109.5,4072.5,4108.5,61651.0,present
4235,2025-09-26 10:00:00+00:00,4108.0,4114.0,4084.0,4085.0,71294.0,present
4236,2025-09-26 12:00:00+00:00,4085.0,4105.0,4082.5,4091.0,69436.0,present
4237,2025-09-26 14:00:00+00:00,4090.5,4107.0,4082.0,4103.5,73112.0,present
4238,2025-09-26 16:00:00+00:00,4103.0,4109.0,4084.5,4097.0,45811.0,present
4239,2025-09-26 18:00:00+00:00,4096.5,4100.0,4081.5,4088.0,39702.0,present
4240,2025-09-26 20:00:00+00:00,4087.5,4099.0,4083.5,4097.0,30084.0,present
4241,2025-09-26 22:00:00+00:00,4085.293103448276,4097.1551724137935,4080.9655172413795,4095.189655172414,33480.03448275862,interpolated
4242,2025-09-27 00:00:00+00:00,4083.0862068965516,4095.310344827586,4078.4310344827586,4093.3793103448274,36876.06896551724,interpolated
4243,2025-09-27 02:00:00+00:00,4080.8793103448274,4093.4655172413795,4075.896551724138,4091.5689655172414,40272.10344827586,interpolated
4244,2025-09-27 04:00:00+00:00,4078.6724137931033,4091.6206896551726,4073.362068965517,4089.7586206896553,43668.137931034486,interpolated
4245,2025-09-27 06:00:00+00:00,4076.4655172413795,4089.7758620689656,4070.8275862068967,4087.948275862069,47064.1724137931,interpolated
4246,2025-09-27 08:00:00+00:00,4074.2586206896553,4087.9310344827586,4068.293103448276,4086.137931034483,50460.206896551725,interpolated
4247,2025-09-27 10:00:00+00:00,4072.051724137931,4086.0862068965516,4065.7586206896553,4084.3275862068967,53856.24137931035,interpolated
4248,2025-09-27 12:00:00+00:00,4069.844827586207,4084.2413793103447,4063.2241379310344,4082.5172413793102,57252.27586206897,interpolated
4249,2025-09-27 14:00:00+00:00,4067.637931034483,4082.396551724138,4060.689655172414,4080.706896551724,60648.31034482759,interpolated
4250,2025-09-27 16:00:00+00:00,4065.4310344827586,4080.551724137931,4058.155172413793,4078.896551724138,64044.34482758621,interpolated
4251,2025-09-27 18:00:00+00:00,4063.2241379310344,4078.706896551724,4055.6206896551726,4077.0862068965516,67440.37931034483,interpolated
4252,2025-09-27 20:00:00+00:00,4061.0172413793102,4076.862068965517,4053.0862068965516,4075.2758620689656,70836.41379310345,interpolated
4253,2025-09-27 22:00:00+00:00,4058.810344827586,4075.0172413793102,4050.551724137931,4073.4655172413795,74232.44827586207,interpolated
4254,2025-09-28 00:00:00+00:00,4056.603448275862,4073.1724137931033,4048.0172413793102,4071.655172413793,77628.4827586207,interpolated
4255,2025-09-28 02:00:00+00:00,4054.396551724138,4071.3275862068967,4045.4827586206898,4069.844827586207,81024.5172413793,interpolated
4256,2025-09-28 04:00:00+00:00,4052.189655172414,4069.4827586206898,4042.948275862069,4068.0344827586205,84420.55172413794,interpolated
4257,2025-09-28 06:00:00+00:00,4049.9827586206898,4067.637931034483,4040.4137931034484,4066.2241379310344,87816.58620689655,interpolated
4258,2025-09-28 08:00:00+00:00,4047.7758620689656,4065.793103448276,4037.8793103448274,4064.4137931034484,91212.62068965517,interpolated
4259,2025-09-28 10:00:00+00:00,4045.5689655172414,4063.948275862069,4035.344827586207,4062.603448275862,94608.6551724138,interpolated
4260,2025-09-28 12:00:00+00:00,4043.362068965517,4062.103448275862,4032.810344827586,4060.793103448276,98004.68965517242,interpolated
4261,2025-09-28 14:00:00+00:00,4041.155172413793,4060.2586206896553,4030.2758620689656,4058.9827586206898,101400.72413793104,interpolated
4262,2025-09-28 16:00:00+00:00,4038.948275862069,4058.4137931034484,4027.7413793103447,4057.1724137931033,104796.75862068965,interpolated
4263,2025-09-28 18:00:00+00:00,4036.7413793103447,4056.5689655172414,4025.206896551724,4055.362068965517,108192.79310344828,interpolated
4264,2025-09-28 20:00:00+00:00,4034.5344827586205,4054.7241379310344,4022.6724137931033,4053.551724137931,111588.8275862069,interpolated
4265,2025-09-28 22:00:00+00:00,4032.3275862068967,4052.8793103448274,4020.137931034483,4051.7413793103447,114984.86206896552,interpolated
4266,2025-09-29 00:00:00+00:00,4030.1206896551726,4051.0344827586205,4017.603448275862,4049.9310344827586,118380.89655172414,interpolated
4267,2025-09-29 02:00:00+00:00,4027.9137931034484,4049.189655172414,4015.0689655172414,4048.1206896551726,121776.93103448277,interpolated
4268,2025-09-29 04:00:00+00:00,4025.706896551724,4047.344827586207,4012.5344827586205,4046.310344827586,125172.96551724138,interpolated
4269,2025-09-29 06:00:00+00:00,4023.5,4045.5,4010.0,4044.5,128569.0,present
4270,2025-09-29 08:00:00+00:00,4043.5,4065.5,4030.0,4037.0,119259.0,present
4271,2025-09-29 10:00:00+00:00,4036.5,4057.5,4032.0,4045.5,61123.0,present
4272,2025-09-29 12:00:00+00:00,4046.0,4052.0,4024.0,4028.0,60554.0,present
4273,2025-09-29 14:00:00+00:00,4028.0,4029.5,3977.5,3989.5,166777.0,present
4274,2025-09-29 16:00:00+00:00,3989.5,4000.5,3970.5,3973.0,67328.0,present
4275,2025-09-29 18:00:00+00:00,3972.0,3973.0,3930.0,3952.0,112754.0,present
4276,2025-09-29 20:00:00+00:00,3952.0,3957.5,3940.0,3940.0,11059.0,present
4277,2025-09-29 22:00:00+00:00,3948.3333333333335,3952.0,3940.3333333333335,3940.3333333333335,7402.666666666667,interpolated
4278,2025-09-30 00:00:00+00:00,3944.6666666666665,3946.5,3940.6666666666665,3940.6666666666665,3746.333333333334,interpolated
4279,2025-09-30 02:00:00+00:00,3941.0,3941.0,3941.0,3941.0,90.0,present
4280,2025-09-30 04:00:00+00:00,3941.0,3970.0,3940.0,3962.0,27080.0,present
4281,2025-09-30 06:00:00+00:00,3961.0,3970.0,3916.0,3957.5,125796.0,present
4282,2025-09-30 08:00:00+00:00,3958.0,3960.0,3920.0,3929.5,129440.0,present
4283,2025-09-30 10:00:00+00:00,3929.5,3963.0,3911.5,3926.5,90845.0,present
4284,2025-09-30 12:00:00+00:00,3925.5,3962.0,3917.0,3958.5,77893.0,present
4285,2025-09-30 14:00:00+00:00,3960.0,3965.5,3919.0,3930.0,113566.0,present
4286,2025-09-30 16:00:00+00:00,3931.0,3939.5,3915.5,3924.0,23737.0,present
4287,2025-09-30 18:00:00+00:00,3925.5,3939.0,3923.5,3931.0,17439.0,present
4288,2025-09-30 20:00:00+00:00,3929.5,3934.0,3925.5,3926.5,6225.0,present
4289,2025-09-30 22:00:00+00:00,3926.6666666666665,3929.6666666666665,3924.0,3924.6666666666665,4183.333333333333,interpolated
4290,2025-10-01 00:00:00+00:00,3923.8333333333335,3925.3333333333335,3922.5,3922.8333333333335,2141.6666666666665,interpolated
4291,2025-10-01 02:00:00+00:00,3921.0,3921.0,3921.0,3921.0,100.0,present
4292,2025-10-01 04:00:00+00:00,3926.5,3954.0,3921.0,3952.0,17979.0,present
4293,2025-10-01 06:00:00+00:00,3951.0,3957.0,3924.0,3929.0,62942.0,present
4294,2025-10-01 08:00:00+00:00,3928.5,3948.0,3925.5,3938.0,66418.0,present
4295,2025-10-01 10:00:00+00:00,3938.5,3939.5,3901.0,3907.0,78379.0,present
4296,2025-10-01 12:00:00+00:00,3907.0,3907.0,3870.0,3892.0,126044.0,present
4297,2025-10-01 14:00:00+00:00,3891.5,3891.5,3848.0,3870.0,130929.0,present
4298,2025-10-01 16:00:00+00:00,3871.0,3875.0,3835.0,3847.0,58755.0,present
4299,2025-10-01 18:00:00+00:00,3846.5,3846.5,3827.0,3843.0,44644.0,present
4300,2025-10-01 20:00:00+00:00,3843.5,3850.0,3840.5,3845.0,8812.0,present
4301,2025-10-01 22:00:00+00:00,3844.3333333333335,3848.6666666666665,3842.3333333333335,3845.3333333333335,5892.333333333334,interpolated
4302,2025-10-02 00:00:00+00:00,3845.1666666666665,3847.3333333333335,3844.1666666666665,3845.6666666666665,2972.666666666667,interpolated
4303,2025-10-02 02:00:00+00:00,3846.0,3846.0,3846.0,3846.0,53.0,present
4304,2025-10-02 04:00:00+00:00,3847.5,3856.5,3775.0,3790.0,86011.0,present
4305,2025-10-02 06:00:00+00:00,3790.0,3807.5,3764.0,3786.5,154256.0,present
4306,2025-10-02 08:00:00+00:00,3787.0,3799.5,3767.0,3795.5,98527.0,present
4307,2025-10-02 10:00:00+00:00,3795.5,3868.0,3792.0,3834.5,154997.0,present
4308,2025-10-02 12:00:00+00:00,3834.5,3840.0,3806.0,3813.0,46222.0,present
4309,2025-10-02 14:00:00+00:00,3813.0,3843.5,3756.0,3780.0,132153.0,present
4310,2025-10-02 16:00:00+00:00,3782.0,3798.0,3769.0,3771.0,52334.0,present
4311,2025-10-02 18:00:00+00:00,3771.0,3772.0,3742.0,3754.5,63536.0,present
4312,2025-10-02 20:00:00+00:00,3754.5,3760.0,3753.0,3757.0,9469.0,present
4313,2025-10-02 22:00:00+00:00,3758.6666666666665,3762.3333333333335,3757.6666666666665,3760.3333333333335,6335.666666666666,interpolated
4314,2025-10-03 00:00:00+00:00,3762.8333333333335,3764.6666666666665,3762.3333333333335,3763.6666666666665,3202.333333333333,interpolated
4315,2025-10-03 02:00:00+00:00,3767.0,3767.0,3767.0,3767.0,69.0,present
4316,2025-10-03 04:00:00+00:00,3770.0,3803.5,3764.5,3791.5,37754.0,present
4317,2025-10-03 06:00:00+00:00,3789.5,3814.0,3769.5,3811.5,81063.0,present
4318,2025-10-03 08:00:00+00:00,3811.0,3828.0,3789.5,3789.5,135660.0,present
4319,2025-10-03 10:00:00+00:00,3789.5,3797.5,3767.5,3777.0,80987.0,present
4320,2025-10-03 12:00:00+00:00,3777.0,3804.5,3775.5,3796.0,56818.0,present
4321,2025-10-03 14:00:00+00:00,3796.5,3805.0,3782.0,3799.5,88763.0,present
4322,2025-10-03 16:00:00+00:00,3799.0,3799.5,3761.0,3764.5,60050.0,present
4323,2025-10-03 18:00:00+00:00,3765.0,3776.0,3763.0,3770.5,16706.0,present
4324,2025-10-03 20:00:00+00:00,3771.0,3771.5,3763.0,3764.0,5449.0,present
4325,2025-10-03 22:00:00+00:00,3770.0,3772.2,3756.1,3757.4,8856.2,interpolated
4326,2025-10-04 00:00:00+00:00,3769.0,3772.9,3749.2,3750.8,12263.4,interpolated
4327,2025-10-04 02:00:00+00:00,3768.0,3773.6,3742.3,3744.2,15670.599999999999,interpolated
4328,2025-10-04 04:00:00+00:00,3767.0,3774.3,3735.4,3737.6,19077.8,interpolated
4329,2025-10-04 06:00:00+00:00,3766.0,3775.0,3728.5,3731.0,22485.0,present
4330,2025-10-04 08:00:00+00:00,3731.0,3731.0,3711.0,3718.0,28791.0,present
4331,2025-10-04 10:00:00+00:00,3720.0,3722.0,3695.5,3716.0,38858.0,present
4332,2025-10-04 12:00:00+00:00,3716.0,3720.0,3707.0,3708.0,6472.0,present
4333,2025-10-04 14:00:00+00:00,3708.5,3724.0,3705.5,3716.0,10437.0,present
4334,2025-10-04 16:00:00+00:00,3709.0,3723.5,3704.9375,3715.375,10367.25,interpolated
4335,2025-10-04 18:00:00+00:00,3709.5,3723.0,3704.375,3714.75,10297.5,interpolated
4336,2025-10-04 20:00:00+00:00,3710.0,3722.5,3703.8125,3714.125,10227.75,interpolated
4337,2025-10-04 22:00:00+00:00,3710.5,3722.0,3703.25,3713.5,10158.0,interpolated
4338,2025-10-05 00:00:00+00:00,3711.0,3721.5,3702.6875,3712.875,10088.25,interpolated
4339,2025-10-05 02:00:00+00:00,3711.5,3721.0,3702.125,3712.25,10018.5,interpolated
4340,2025-10-05 04:00:00+00:00,3712.0,3720.5,3701.5625,3711.625,9948.75,interpolated
4341,2025-10-05 06:00:00+00:00,3712.5,3720.0,3701.0,3711.0,9879.0,present
4342,2025-10-05 08:00:00+00:00,3710.5,3726.5,3707.5,3720.5,7377.0,present
4343,2025-10-05 10:00:00+00:00,3720.0,3735.0,3714.5,3729.0,8719.0,present
4344,2025-10-05 12:00:00+00:00,3729.5,3745.5,3725.0,3738.0,7571.0,present
4345,2025-10-05 14:00:00+00:00,3736.5,3748.0,3735.5,3745.0,8013.0,present
4346,2025-10-05 16:00:00+00:00,3738.75,3748.3333333333335,3737.9166666666665,3745.8333333333335,6709.0,interpolated
4347,2025-10-05 18:00:00+00:00,3741.0,3748.6666666666665,3740.3333333333335,3746.6666666666665,5405.0,interpolated
4348,2025-10-05 20:00:00+00:00,3743.25,3749.0,3742.75,3747.5,4101.0,interpolated
4349,2025-10-05 22:00:00+00:00,3745.5,3749.3333333333335,3745.1666666666665,3748.3333333333335,2797.0,interpolated
4350,2025-10-06 00:00:00+00:00,3747.75,3749.6666666666665,3747.5833333333335,3749.1666666666665,1493.0,interpolated
4351,2025-10-06 02:00:00+00:00,3750.0,3750.0,3750.0,3750.0,189.0,present
4352,2025-10-06 04:00:00+00:00,3757.5,3795.0,3747.5,3788.0,32009.0,present
4353,2025-10-06 06:00:00+00:00,3788.0,3853.0,3761.0,3851.5,129959.0,present
4354,2025-10-06 08:00:00+00:00,3853.0,3898.0,3852.0,3892.0,198811.0,present
4355,2025-10-06 10:00:00+00:00,3892.0,3907.0,3845.0,3850.0,186798.0,present
4356,2025-10-06 12:00:00+00:00,3850.0,3886.0,3811.0,3882.5,183306.0,present
4357,2025-10-06 14:00:00+00:00,3882.5,3917.5,3869.5,3908.0,137628.0,present
4358,2025-10-06 16:00:00+00:00,3907.0,3914.5,3890.5,3893.0,57722.0,present
4359,2025-10-06 18:00:00+00:00,3893.0,3908.5,3893.0,3903.0,14870.0,present
4360,2025-10-06 20:00:00+00:00,3903.0,3909.0,3901.0,3902.5,9523.0,present
4361,2025-10-06 22:00:00+00:00,3902.0,3906.0,3900.6666666666665,3901.6666666666665,6603.0,interpolated
4362,2025-10-07 00:00:00+00:00,3901.0,3903.0,3900.3333333333335,3900.8333333333335,3683.0,interpolated
4363,2025-10-07 02:00:00+00:00,3900.0,3900.0,3900.0,3900.0,763.0,present
4364,2025-10-07 04:00:00+00:00,3902.5,3927.0,3880.0,3920.0,36166.0,present
4365,2025-10-07 06:00:00+00:00,3920.0,3930.0,3882.0,3916.0,101974.0,present
4366,2025-10-07 08:00:00+00:00,3915.5,3930.0,3910.0,3927.5,115412.0,present
4367,2025-10-07 10:00:00+00:00,3928.0,3944.5,3915.0,3926.0,115957.0,present
4368,2025-10-07 12:00:00+00:00,3926.5,3945.0,3915.0,3930.0,62492.0,present
4369,2025-10-07 14:00:00+00:00,3930.0,3931.0,3911.0,3931.0,38226.0,present
4370,2025-10-07 16:00:00+00:00,3927.0,3931.5,3904.5,3912.5,29776.0,present
4371,2025-10-07 18:00:00+00:00,3912.5,3919.5,3904.5,3918.5,12944.0,present
4372,2025-10-07 20:00:00+00:00,3918.0,3925.0,3911.5,3918.0,7616.0,present
4373,2025-10-07 22:00:00+00:00,3921.3333333333335,3926.0,3917.0,3921.3333333333335,5095.333333333334,interpolated
4374,2025-10-08 00:00:00+00:00,3924.6666666666665,3927.0,3922.5,3924.6666666666665,2574.666666666667,interpolated
4375,2025-10-08 02:00:00+00:00,3928.0,3928.0,3928.0,3928.0,54.0,present
4376,2025-10-08 04:00:00+00:00,3928.0,3943.0,3919.0,3927.0,19007.0,present
4377,2025-10-08 06:00:00+00:00,3925.5,3935.5,3881.5,3894.0,67284.0,present
4378,2025-10-08 08:00:00+00:00,3894.5,3902.5,3861.0,3870.5,219226.0,present
4379,2025-10-08 10:00:00+00:00,3870.0,3878.0,3831.5,3851.5,157479.0,present
4380,2025-10-08 12:00:00+00:00,3851.5,3860.5,3794.0,3794.5,117959.0,present
4381,2025-10-08 14:00:00+00:00,3794.5,3800.0,3726.0,3738.5,214145.0,present
4382,2025-10-08 16:00:00+00:00,3739.0,3792.5,3724.5,3788.0,162611.0,present
4383,2025-10-08 18:00:00+00:00,3789.0,3814.0,3789.0,3803.5,72895.0,present
4384,2025-10-08 20:00:00+00:00,3803.0,3805.0,3797.0,3798.0,9162.0,present
4385,2025-10-08 22:00:00+00:00,3806.3333333333335,3807.6666666666665,3802.3333333333335,3803.0,6135.666666666666,interpolated
4386,2025-10-09 00:00:00+00:00,3809.6666666666665,3810.3333333333335,3807.6666666666665,3808.0,3109.333333333333,interpolated
4387,2025-10-09 02:00:00+00:00,3813.0,3813.0,3813.0,3813.0,83.0,present
4388,2025-10-09 04:00:00+00:00,3812.0,3829.0,3780.5,3805.5,30764.0,present
4389,2025-10-09 06:00:00+00:00,3805.5,3810.5,3742.0,3742.0,155946.0,present
4390,2025-10-09 08:00:00+00:00,3742.0,3843.5,3693.25,3802.0,501426.0,present
4391,2025-10-09 10:00:00+00:00,3802.0,3837.5,3800.0,3825.0,135029.0,present
4392,2025-10-09 12:00:00+00:00,3824.5,3937.0,3820.0,3891.6455878525267,215304.0,present
