,datetime,open,high,low,close,volume
0,2024-10-21 12:00:00+00:00,104.96,105.94,104.94,105.86,184093
1,2024-10-21 14:00:00+00:00,105.86,106.78,105.56,106.7,793031
2,2024-10-21 16:00:00+00:00,106.72,107.58,106.6,106.64,225658
3,2024-10-21 18:00:00+00:00,106.68,106.68,106.0,106.5,109642
4,2024-10-21 20:00:00+00:00,106.5,106.5,106.1,106.14,17931
5,2024-10-22 06:00:00+00:00,106.4,107.9,106.0,107.4,370623
6,2024-10-22 08:00:00+00:00,107.38,107.7,106.24,106.76,761486
7,2024-10-22 10:00:00+00:00,106.72,106.9,105.8,106.24,582967
8,2024-10-22 12:00:00+00:00,106.28,106.62,105.52,106.02,408847
9,2024-10-22 14:00:00+00:00,106.02,106.1,105.52,106.1,300670
10,2024-10-22 16:00:00+00:00,106.0,106.4,105.66,106.08,51194
11,2024-10-22 18:00:00+00:00,106.08,106.18,105.52,105.86,45150
12,2024-10-22 20:00:00+00:00,105.82,105.88,105.56,105.82,11084
13,2024-10-23 06:00:00+00:00,105.5,106.64,105.44,106.18,308312
14,2024-10-23 08:00:00+00:00,106.2,106.66,105.54,106.52,456606
15,2024-10-23 10:00:00+00:00,106.54,107.44,106.44,106.46,351664
16,2024-10-23 12:00:00+00:00,106.44,106.88,105.78,106.0,443807
17,2024-10-23 14:00:00+00:00,106.04,106.2,104.6,105.0,454834
18,2024-10-23 16:00:00+00:00,105.0,105.12,103.84,103.96,185263
19,2024-10-23 18:00:00+00:00,103.92,104.2,103.68,104.16,61243
20,2024-10-23 20:00:00+00:00,104.14,104.28,104.0,104.16,18244
21,2024-10-24 06:00:00+00:00,104.08,105.18,103.6,104.06,300684
22,2024-10-24 08:00:00+00:00,104.06,104.94,103.26,103.6,302253
23,2024-10-24 10:00:00+00:00,103.6,105.5,103.3,105.06,389192
24,2024-10-24 12:00:00+00:00,105.06,105.7,104.76,105.48,318039
25,2024-10-24 14:00:00+00:00,105.48,105.7,105.14,105.14,229080
26,2024-10-24 16:00:00+00:00,105.16,105.42,105.14,105.18,42437
27,2024-10-24 18:00:00+00:00,105.18,105.32,105.0,105.06,38527
28,2024-10-24 20:00:00+00:00,105.06,105.24,105.02,105.12,15879
29,2024-10-25 06:00:00+00:00,105.2,105.92,105.12,105.46,142131
30,2024-10-25 08:00:00+00:00,105.4,105.58,105.12,105.28,129940
31,2024-10-25 10:00:00+00:00,105.28,106.28,104.2,104.74,552369
34,2024-10-25 16:00:00+00:00,101.36,101.8,100.5,101.72,244694
35,2024-10-25 18:00:00+00:00,101.72,102.2,101.48,101.62,123208
36,2024-10-25 20:00:00+00:00,101.62,101.68,101.3,101.34,38599
37,2024-10-28 06:00:00+00:00,100.5,101.6,99.32,100.68,618981
38,2024-10-28 08:00:00+00:00,100.66,101.58,99.74,100.3,561853
39,2024-10-28 10:00:00+00:00,100.3,100.44,98.32,98.86,598502
42,2024-10-28 16:00:00+00:00,95.14,96.3,94.7,96.06,488242
43,2024-10-28 18:00:00+00:00,96.06,96.2,95.6,95.9,100326
44,2024-10-28 20:00:00+00:00,95.9,96.5,95.8,96.1,77949
45,2024-10-29 06:00:00+00:00,96.1,97.42,95.78,97.08,441068
46,2024-10-29 08:00:00+00:00,97.08,97.5,95.08,96.68,684042
47,2024-10-29 10:00:00+00:00,96.72,99.1,96.1,98.62,533885
48,2024-10-29 12:00:00+00:00,98.6,99.56,97.88,98.68,478084
49,2024-10-29 14:00:00+00:00,98.68,99.84,98.2,99.38,349127
50,2024-10-29 16:00:00+00:00,99.42,100.2,99.12,99.94,160706
51,2024-10-29 18:00:00+00:00,99.96,100.7,99.68,99.9,192579
52,2024-10-29 20:00:00+00:00,99.94,99.98,99.38,99.74,43617
53,2024-10-30 06:00:00+00:00,100.0,100.3,98.64,99.98,322053
54,2024-10-30 08:00:00+00:00,99.98,100.42,99.2,99.36,334287
55,2024-10-30 10:00:00+00:00,99.36,99.7,98.32,98.72,422257
56,2024-10-30 12:00:00+00:00,98.72,99.38,98.32,98.42,314022
57,2024-10-30 14:00:00+00:00,98.44,99.68,98.4,99.3,216667
58,2024-10-30 16:00:00+00:00,99.1,99.1,98.0,98.02,152796
59,2024-10-30 18:00:00+00:00,98.04,98.26,97.04,97.48,156137
60,2024-10-30 20:00:00+00:00,97.46,97.86,97.3,97.54,42102
61,2024-10-31 06:00:00+00:00,97.06,98.22,97.04,98.02,211285
62,2024-10-31 08:00:00+00:00,98.02,98.4,96.76,97.72,273365
63,2024-10-31 10:00:00+00:00,97.72,99.46,97.3,99.2,475882
64,2024-10-31 12:00:00+00:00,99.2,99.26,98.1,98.46,351159
65,2024-10-31 14:00:00+00:00,98.44,99.3,98.24,98.88,377531
66,2024-10-31 16:00:00+00:00,98.88,98.88,98.02,98.3,164002
67,2024-10-31 18:00:00+00:00,98.28,98.78,98.0,98.66,145893
68,2024-10-31 20:00:00+00:00,98.66,99.0,98.54,99.0,64803
69,2024-11-01 06:00:00+00:00,99.4,100.0,98.82,98.98,379941
70,2024-11-01 08:00:00+00:00,98.98,99.2,97.52,97.74,507229
71,2024-11-01 10:00:00+00:00,97.74,98.38,97.68,97.82,244567
72,2024-11-01 12:00:00+00:00,97.82,98.4,97.22,98.18,297371
73,2024-11-01 14:00:00+00:00,98.18,99.18,98.04,98.62,279719
74,2024-11-01 16:00:00+00:00,98.62,99.38,98.5,98.64,107802
75,2024-11-01 18:00:00+00:00,98.64,99.1,98.5,98.9,32643
76,2024-11-01 20:00:00+00:00,98.84,99.18,98.82,99.16,21875
77,2024-11-02 06:00:00+00:00,99.0,99.34,98.32,98.8,78308
78,2024-11-02 08:00:00+00:00,98.8,99.26,98.62,99.2,88300
79,2024-11-02 10:00:00+00:00,99.2,99.9,99.14,99.66,103822
80,2024-11-02 12:00:00+00:00,99.7,100.5,99.7,100.46,181784
81,2024-11-02 14:00:00+00:00,100.44,100.62,100.02,100.4,124214
82,2024-11-02 16:00:00+00:00,100.26,100.54,100.24,100.44,30304
83,2024-11-02 18:00:00+00:00,100.44,100.88,100.42,100.7,54500
84,2024-11-02 20:00:00+00:00,100.7,100.8,100.28,100.8,44915
85,2024-11-05 06:00:00+00:00,100.8,101.38,100.28,101.06,263111
86,2024-11-05 08:00:00+00:00,101.08,103.44,100.28,103.2,624754
87,2024-11-05 10:00:00+00:00,103.22,103.36,102.2,102.72,267468
88,2024-11-05 12:00:00+00:00,102.7,103.16,102.26,103.04,144389
89,2024-11-05 14:00:00+00:00,103.04,104.16,102.34,103.7,461577
90,2024-11-05 16:00:00+00:00,103.78,104.4,103.64,103.88,152220
91,2024-11-05 18:00:00+00:00,103.84,105.0,103.8,104.44,169758
92,2024-11-05 20:00:00+00:00,104.4,104.56,104.12,104.2,29617
94,2024-11-06 08:00:00+00:00,107.86,108.48,107.1,108.08,527364
95,2024-11-06 10:00:00+00:00,108.12,108.28,107.3,107.64,537021
96,2024-11-06 12:00:00+00:00,107.64,107.72,105.82,105.96,766199
97,2024-11-06 14:00:00+00:00,105.96,106.46,105.66,105.8,466791
98,2024-11-06 16:00:00+00:00,105.8,105.9,105.1,105.9,137014
99,2024-11-06 18:00:00+00:00,105.88,105.9,105.26,105.56,60760
100,2024-11-06 20:00:00+00:00,105.58,105.9,105.58,105.9,23386
101,2024-11-07 08:00:00+00:00,105.78,108.64,104.66,107.4,746053
102,2024-11-07 10:00:00+00:00,107.4,107.4,105.46,105.8,747062
103,2024-11-07 12:00:00+00:00,105.86,107.48,105.8,106.4,683840
105,2024-11-07 16:00:00+00:00,107.9,109.0,107.28,108.56,441073
106,2024-11-07 18:00:00+00:00,108.54,109.36,108.4,109.18,186406
107,2024-11-07 20:00:00+00:00,109.18,110.48,109.12,109.42,209911
108,2024-11-08 06:00:00+00:00,109.02,110.24,108.08,109.92,797785
110,2024-11-08 10:00:00+00:00,109.42,109.82,108.36,109.18,563904
111,2024-11-08 12:00:00+00:00,109.22,110.1,109.0,109.22,354986
112,2024-11-08 14:00:00+00:00,109.22,110.78,108.76,109.6,763531
113,2024-11-08 16:00:00+00:00,109.88,112.4,109.72,111.54,507471
114,2024-11-08 18:00:00+00:00,111.58,111.58,110.7,111.2,199652
115,2024-11-08 20:00:00+00:00,111.18,111.64,111.06,111.58,84221
117,2024-11-11 08:00:00+00:00,111.16,112.56,110.64,112.1,618302
118,2024-11-11 10:00:00+00:00,112.1,112.88,111.78,112.62,556657
119,2024-11-11 12:00:00+00:00,112.62,113.2,112.0,112.9,331155
120,2024-11-11 14:00:00+00:00,112.9,113.1,112.42,112.7,275103
121,2024-11-11 16:00:00+00:00,112.8,112.94,112.64,112.68,92836
122,2024-11-11 18:00:00+00:00,112.68,112.9,112.38,112.38,64013
123,2024-11-11 20:00:00+00:00,112.42,112.78,112.42,112.64,30869
124,2024-11-12 06:00:00+00:00,112.38,112.96,111.12,111.52,357713
125,2024-11-12 08:00:00+00:00,111.54,112.58,111.42,112.12,672326
126,2024-11-12 10:00:00+00:00,112.12,112.24,111.66,112.14,388411
127,2024-11-12 12:00:00+00:00,112.16,112.22,111.66,111.66,191672
128,2024-11-12 14:00:00+00:00,111.7,114.84,111.64,113.9,720678
129,2024-11-12 16:00:00+00:00,113.98,114.3,113.36,113.68,212972
130,2024-11-12 18:00:00+00:00,113.68,113.74,113.0,113.44,143536
131,2024-11-12 20:00:00+00:00,113.42,113.58,113.36,113.5,42698
134,2024-11-13 10:00:00+00:00,114.44,114.98,114.34,114.48,494031
135,2024-11-13 12:00:00+00:00,114.44,115.34,113.64,114.66,585716
136,2024-11-13 14:00:00+00:00,114.66,115.2,114.5,114.92,178366
137,2024-11-13 16:00:00+00:00,114.76,114.9,113.04,113.58,471497
138,2024-11-13 18:00:00+00:00,113.58,113.6,112.7,113.0,176484
139,2024-11-13 20:00:00+00:00,112.98,113.38,112.7,112.98,66137
140,2024-11-14 06:00:00+00:00,112.98,114.0,112.8,113.22,265504
141,2024-11-14 08:00:00+00:00,113.26,113.66,113.14,113.38,339747
142,2024-11-14 10:00:00+00:00,113.38,114.6,113.0,113.26,452532
143,2024-11-14 12:00:00+00:00,113.28,113.3,112.14,112.52,527312
144,2024-11-14 14:00:00+00:00,112.52,112.64,111.5,111.86,358293
145,2024-11-14 16:00:00+00:00,111.86,112.26,110.56,111.28,205595
146,2024-11-14 18:00:00+00:00,111.28,112.26,111.22,112.1,66306
147,2024-11-14 20:00:00+00:00,112.06,112.06,111.5,111.68,43124
148,2024-11-15 06:00:00+00:00,111.52,112.14,111.28,111.86,122439
149,2024-11-15 08:00:00+00:00,111.86,112.56,111.56,111.92,209362
150,2024-11-15 10:00:00+00:00,111.92,113.82,111.56,112.4,379052
151,2024-11-15 12:00:00+00:00,112.42,113.8,111.84,113.2,360832
152,2024-11-15 14:00:00+00:00,113.22,114.92,113.02,114.8,428925
153,2024-11-15 16:00:00+00:00,114.8,115.44,114.22,114.24,268447
154,2024-11-15 18:00:00+00:00,114.24,115.5,114.18,115.12,161946
155,2024-11-15 20:00:00+00:00,115.14,115.46,115.06,115.16,59691
158,2024-11-18 10:00:00+00:00,113.58,115.5,113.52,115.2,672762
159,2024-11-18 12:00:00+00:00,115.22,115.48,114.5,115.32,268042
160,2024-11-18 14:00:00+00:00,115.32,115.8,114.52,114.52,493963
161,2024-11-18 16:00:00+00:00,114.66,114.8,114.14,114.74,153973
162,2024-11-18 18:00:00+00:00,114.74,115.04,114.3,114.74,117566
163,2024-11-18 20:00:00+00:00,114.76,114.84,114.42,114.46,35552
164,2024-11-19 06:00:00+00:00,114.64,116.1,114.56,114.96,731696
165,2024-11-19 08:00:00+00:00,114.96,115.08,113.0,114.78,763475
166,2024-11-19 10:00:00+00:00,114.74,115.0,113.6,113.7,391746
167,2024-11-19 12:00:00+00:00,113.7,114.3,111.58,111.82,732793
169,2024-11-19 16:00:00+00:00,110.1,111.26,109.52,111.04,248829
170,2024-11-19 18:00:00+00:00,111.02,111.04,110.32,110.74,48170
171,2024-11-19 20:00:00+00:00,110.7,111.1,110.62,111.0,33174
172,2024-11-20 06:00:00+00:00,111.2,111.94,110.5,110.66,358917
173,2024-11-20 08:00:00+00:00,110.66,111.56,110.38,110.98,487805
174,2024-11-20 10:00:00+00:00,110.96,112.0,110.42,111.1,446496
175,2024-11-20 12:00:00+00:00,111.1,111.3,109.86,109.98,298993
176,2024-11-20 14:00:00+00:00,109.98,110.0,108.06,108.12,639165
177,2024-11-20 16:00:00+00:00,107.84,108.4,106.0,108.0,575457
178,2024-11-20 18:00:00+00:00,108.02,108.6,107.5,107.82,83013
179,2024-11-20 20:00:00+00:00,107.82,108.44,107.54,108.28,27295
180,2024-11-21 06:00:00+00:00,108.3,108.78,106.86,107.24,280776
181,2024-11-21 08:00:00+00:00,107.26,108.58,107.04,108.12,618632
182,2024-11-21 10:00:00+00:00,108.1,109.4,107.8,108.14,412243
183,2024-11-21 12:00:00+00:00,108.14,108.36,106.6,108.04,630367
184,2024-11-21 14:00:00+00:00,108.06,109.78,107.0,107.46,479734
185,2024-11-21 16:00:00+00:00,107.4,108.34,107.0,107.98,239501
186,2024-11-21 18:00:00+00:00,107.98,109.36,107.32,108.94,257119
187,2024-11-21 20:00:00+00:00,108.94,109.48,108.94,109.32,78070
188,2024-11-22 06:00:00+00:00,109.48,109.78,108.76,109.2,215173
189,2024-11-22 08:00:00+00:00,109.18,109.22,108.0,109.14,332801
190,2024-11-22 10:00:00+00:00,109.14,109.62,108.6,108.82,214588
191,2024-11-22 12:00:00+00:00,108.82,109.96,107.64,108.66,534319
192,2024-11-22 14:00:00+00:00,108.64,109.6,106.76,106.76,763439
193,2024-11-22 16:00:00+00:00,106.94,109.0,106.82,108.62,295709
194,2024-11-22 18:00:00+00:00,108.6,108.9,108.22,108.56,55866
195,2024-11-22 20:00:00+00:00,108.6,108.68,108.2,108.52,50953
196,2024-11-25 06:00:00+00:00,108.5,108.8,106.76,106.86,314544
197,2024-11-25 08:00:00+00:00,106.8,107.5,106.14,106.82,348630
198,2024-11-25 10:00:00+00:00,106.82,106.98,105.44,106.32,352521
199,2024-11-25 12:00:00+00:00,106.32,106.54,105.32,105.74,240980
200,2024-11-25 14:00:00+00:00,105.78,105.9,103.64,104.3,644424
201,2024-11-25 16:00:00+00:00,104.28,104.28,103.1,103.48,153440
202,2024-11-25 18:00:00+00:00,103.48,104.46,103.4,104.32,135918
203,2024-11-25 20:00:00+00:00,104.36,104.48,103.7,103.94,45625
204,2024-11-26 06:00:00+00:00,103.6,105.36,103.02,104.74,354306
205,2024-11-26 08:00:00+00:00,104.76,106.5,104.62,105.18,439188
206,2024-11-26 10:00:00+00:00,105.18,106.12,103.72,103.98,346414
207,2024-11-26 12:00:00+00:00,103.96,105.0,102.6,104.24,585454
208,2024-11-26 14:00:00+00:00,104.28,105.68,102.16,102.72,516416
209,2024-11-26 16:00:00+00:00,102.72,103.3,102.06,102.24,241874
210,2024-11-26 18:00:00+00:00,102.24,102.9,101.86,102.84,120559
211,2024-11-26 20:00:00+00:00,102.9,104.32,102.86,104.08,85380
212,2024-11-27 06:00:00+00:00,104.4,105.42,102.74,103.4,439120
213,2024-11-27 08:00:00+00:00,103.38,105.8,103.1,105.46,689332
216,2024-11-27 14:00:00+00:00,108.22,109.3,107.1,109.08,646037
217,2024-11-27 16:00:00+00:00,109.24,110.72,109.12,110.46,503289
218,2024-11-27 18:00:00+00:00,110.46,110.9,109.8,110.84,199117
219,2024-11-27 20:00:00+00:00,110.86,111.4,110.72,110.96,116466
221,2024-11-28 08:00:00+00:00,110.02,111.3,109.52,110.24,680134
222,2024-11-28 10:00:00+00:00,110.2,110.7,109.28,109.62,417709
223,2024-11-28 12:00:00+00:00,109.56,110.74,109.4,110.0,297919
225,2024-11-28 16:00:00+00:00,110.12,111.18,109.82,110.24,154705
226,2024-11-28 18:00:00+00:00,110.22,110.52,110.08,110.2,50600
227,2024-11-28 20:00:00+00:00,110.2,110.26,109.96,110.08,28587
228,2024-11-29 06:00:00+00:00,110.62,110.9,109.68,110.66,177118
229,2024-11-29 08:00:00+00:00,110.66,114.0,110.64,113.58,763517
230,2024-11-29 10:00:00+00:00,113.58,113.66,112.62,113.14,330156
231,2024-11-29 12:00:00+00:00,113.14,113.82,112.28,112.78,307062
232,2024-11-29 14:00:00+00:00,112.78,113.6,111.8,112.7,583308
233,2024-11-29 16:00:00+00:00,112.6,112.96,112.08,112.78,96640
234,2024-11-29 18:00:00+00:00,112.76,113.08,112.52,112.96,32453
235,2024-11-29 20:00:00+00:00,112.96,112.98,112.74,112.96,28403
236,2024-12-02 06:00:00+00:00,113.16,113.96,113.16,113.7,259853
237,2024-12-02 08:00:00+00:00,113.72,114.0,112.72,113.32,329542
238,2024-12-02 10:00:00+00:00,113.3,113.7,113.0,113.56,212871
239,2024-12-02 12:00:00+00:00,113.58,113.9,113.3,113.44,203268
240,2024-12-02 14:00:00+00:00,113.5,114.9,113.16,114.34,571506
241,2024-12-02 16:00:00+00:00,114.28,114.8,114.02,114.06,90482
242,2024-12-02 18:00:00+00:00,114.06,114.54,114.04,114.46,37019
243,2024-12-02 20:00:00+00:00,114.48,114.5,114.1,114.1,14182
244,2024-12-03 06:00:00+00:00,113.96,114.34,112.32,112.7,253789
245,2024-12-03 08:00:00+00:00,112.72,112.72,111.26,111.26,402690
246,2024-12-03 10:00:00+00:00,111.26,113.16,111.2,112.62,373250
247,2024-12-03 12:00:00+00:00,112.6,112.64,110.04,110.36,683982
248,2024-12-03 14:00:00+00:00,110.36,110.82,109.82,110.52,335969
249,2024-12-03 16:00:00+00:00,110.5,110.64,109.84,109.92,106497
250,2024-12-03 18:00:00+00:00,109.96,110.0,109.3,109.7,100531
251,2024-12-03 20:00:00+00:00,109.72,110.5,109.72,110.4,35399
252,2024-12-04 06:00:00+00:00,110.88,110.88,109.16,109.8,319965
253,2024-12-04 08:00:00+00:00,109.76,110.46,109.06,109.2,563649
254,2024-12-04 10:00:00+00:00,109.2,109.5,109.06,109.1,151811
255,2024-12-04 12:00:00+00:00,109.14,109.74,107.16,107.86,747632
256,2024-12-04 14:00:00+00:00,107.84,107.86,106.46,106.64,431654
257,2024-12-04 16:00:00+00:00,106.74,106.76,104.56,104.82,599221
258,2024-12-04 18:00:00+00:00,104.84,105.0,104.28,104.7,207469
259,2024-12-04 20:00:00+00:00,104.7,104.82,104.1,104.2,49161
260,2024-12-05 06:00:00+00:00,104.6,106.16,104.24,105.32,493280
261,2024-12-05 08:00:00+00:00,105.32,106.66,104.18,105.14,722781
262,2024-12-05 10:00:00+00:00,105.12,105.96,103.4,103.58,390586
263,2024-12-05 12:00:00+00:00,103.58,106.9,102.8,106.06,753377
264,2024-12-05 14:00:00+00:00,106.08,108.2,105.98,107.96,626371
265,2024-12-05 16:00:00+00:00,107.74,108.66,107.66,107.88,243933
266,2024-12-05 18:00:00+00:00,107.88,108.7,107.84,108.4,87743
267,2024-12-05 20:00:00+00:00,108.4,108.5,108.0,108.16,33071
268,2024-12-06 06:00:00+00:00,108.16,109.84,107.8,109.44,434778
269,2024-12-06 08:00:00+00:00,109.44,109.58,107.32,107.72,758499
270,2024-12-06 10:00:00+00:00,107.66,108.7,107.34,108.7,282992
271,2024-12-06 12:00:00+00:00,108.7,108.94,106.92,107.52,383556
272,2024-12-06 14:00:00+00:00,107.52,107.78,106.72,106.72,332722
273,2024-12-06 16:00:00+00:00,106.88,107.84,106.74,107.68,155875
274,2024-12-06 18:00:00+00:00,107.7,108.0,107.46,107.82,68713
275,2024-12-06 20:00:00+00:00,107.82,107.88,107.68,107.8,31807
276,2024-12-09 06:00:00+00:00,108.5,109.0,107.84,108.28,271769
277,2024-12-09 08:00:00+00:00,108.3,108.4,107.14,107.44,234020
278,2024-12-09 10:00:00+00:00,107.44,107.7,107.06,107.2,168274
280,2024-12-09 14:00:00+00:00,107.54,107.8,106.9,107.12,343751
281,2024-12-09 16:00:00+00:00,107.24,107.3,106.9,107.06,76520
282,2024-12-09 18:00:00+00:00,107.06,107.28,106.96,107.16,36445
283,2024-12-09 20:00:00+00:00,107.14,107.14,106.86,106.86,18734
284,2024-12-10 06:00:00+00:00,106.9,106.9,105.78,105.8,332257
285,2024-12-10 08:00:00+00:00,105.8,106.5,105.04,105.74,670982
286,2024-12-10 10:00:00+00:00,105.74,105.74,103.7,104.2,548761
287,2024-12-10 12:00:00+00:00,104.2,105.26,103.8,103.96,424039
288,2024-12-10 14:00:00+00:00,103.96,104.38,103.56,104.1,199017
289,2024-12-10 16:00:00+00:00,104.14,104.22,103.5,103.76,89882
290,2024-12-10 18:00:00+00:00,103.76,103.94,103.54,103.56,39189
291,2024-12-10 20:00:00+00:00,103.56,103.78,103.5,103.6,43473
292,2024-12-11 06:00:00+00:00,103.6,104.0,102.9,102.96,208152
293,2024-12-11 08:00:00+00:00,102.96,103.7,102.34,103.2,459656
294,2024-12-11 10:00:00+00:00,103.2,103.24,102.1,102.6,245107
295,2024-12-11 12:00:00+00:00,102.66,103.9,101.5,103.66,657875
296,2024-12-11 14:00:00+00:00,103.68,104.36,103.0,103.48,453825
297,2024-12-11 16:00:00+00:00,103.12,104.84,102.54,104.14,233408
298,2024-12-11 18:00:00+00:00,104.1,104.26,103.8,103.9,53217
299,2024-12-11 20:00:00+00:00,103.9,104.22,103.78,104.1,49176
300,2024-12-12 06:00:00+00:00,104.36,104.54,102.6,103.9,509458
301,2024-12-12 08:00:00+00:00,103.9,104.3,102.0,102.34,481884
302,2024-12-12 10:00:00+00:00,102.34,102.52,101.56,101.82,350462
303,2024-12-12 12:00:00+00:00,101.9,102.4,101.12,101.26,275784
304,2024-12-12 14:00:00+00:00,101.26,101.42,100.2,100.5,461994
305,2024-12-12 16:00:00+00:00,100.36,101.0,100.28,100.78,193045
306,2024-12-12 18:00:00+00:00,100.82,100.88,100.16,100.3,68016
307,2024-12-12 20:00:00+00:00,100.3,100.54,100.1,100.3,40871
308,2024-12-13 06:00:00+00:00,100.28,100.96,99.68,100.54,416683
309,2024-12-13 08:00:00+00:00,100.58,101.28,100.22,101.1,332579
310,2024-12-13 10:00:00+00:00,101.1,101.68,101.08,101.38,221260
311,2024-12-13 12:00:00+00:00,101.38,102.2,100.74,100.94,373300
312,2024-12-13 14:00:00+00:00,100.98,101.72,100.04,100.5,368525
313,2024-12-13 16:00:00+00:00,100.5,100.9,100.3,100.46,145906
314,2024-12-13 18:00:00+00:00,100.46,100.66,99.72,100.02,118742
315,2024-12-13 20:00:00+00:00,100.0,100.08,99.7,99.9,29378
316,2024-12-16 06:00:00+00:00,98.2,99.1,97.92,98.54,696270
318,2024-12-16 10:00:00+00:00,96.86,97.14,95.5,96.3,476288
319,2024-12-16 12:00:00+00:00,96.3,97.16,95.72,96.5,446629
320,2024-12-16 14:00:00+00:00,96.5,96.56,95.6,95.9,225064
321,2024-12-16 16:00:00+00:00,95.76,96.82,95.3,96.26,279075
322,2024-12-16 18:00:00+00:00,96.26,96.58,95.78,96.04,85690
323,2024-12-16 20:00:00+00:00,96.04,96.06,95.72,95.9,31604
324,2024-12-17 06:00:00+00:00,96.04,96.7,95.96,96.56,273270
325,2024-12-17 08:00:00+00:00,96.56,96.6,95.38,95.96,571422
326,2024-12-17 10:00:00+00:00,95.9,96.2,95.48,95.72,454905
327,2024-12-17 12:00:00+00:00,95.74,96.48,94.8,95.14,492649
328,2024-12-17 14:00:00+00:00,95.2,95.5,94.84,95.16,269261
329,2024-12-17 16:00:00+00:00,95.26,95.5,94.96,95.18,107671
330,2024-12-17 18:00:00+00:00,95.18,95.24,95.0,95.1,55758
331,2024-12-17 20:00:00+00:00,95.08,95.12,94.84,94.98,50920
332,2024-12-18 06:00:00+00:00,95.38,95.48,94.52,94.7,258301
333,2024-12-18 08:00:00+00:00,94.72,94.84,93.62,93.88,571650
334,2024-12-18 10:00:00+00:00,93.88,94.1,93.24,93.74,369638
335,2024-12-18 12:00:00+00:00,93.74,93.98,93.04,93.2,250440
336,2024-12-18 14:00:00+00:00,93.2,94.9,93.12,94.8,559336
337,2024-12-18 16:00:00+00:00,95.06,95.86,94.72,95.04,384433
338,2024-12-18 18:00:00+00:00,95.06,95.82,95.04,95.4,156273
339,2024-12-18 20:00:00+00:00,95.38,95.8,95.36,95.66,33882
340,2024-12-19 06:00:00+00:00,95.9,95.98,95.4,95.58,268018
342,2024-12-19 10:00:00+00:00,97.34,97.76,97.0,97.34,553429
344,2024-12-19 14:00:00+00:00,96.4,96.96,95.0,95.0,507722
345,2024-12-19 16:00:00+00:00,95.18,96.18,95.04,96.06,224585
346,2024-12-19 18:00:00+00:00,96.06,96.16,95.34,95.56,77756
347,2024-12-19 20:00:00+00:00,95.52,95.92,95.46,95.7,29882
348,2024-12-20 06:00:00+00:00,95.7,96.96,95.7,96.36,479637
349,2024-12-20 08:00:00+00:00,96.34,98.0,96.34,97.6,732444
352,2024-12-20 14:00:00+00:00,104.1,105.96,103.78,105.68,684474
353,2024-12-20 16:00:00+00:00,105.5,105.68,104.3,104.8,211180
354,2024-12-20 18:00:00+00:00,104.82,105.18,104.7,105.06,119397
355,2024-12-20 20:00:00+00:00,105.04,105.36,104.96,105.08,45686
359,2024-12-23 12:00:00+00:00,105.92,106.26,104.46,105.02,786372
360,2024-12-23 14:00:00+00:00,105.02,105.76,104.0,104.78,528108
361,2024-12-23 16:00:00+00:00,104.74,105.0,104.44,104.7,88417
362,2024-12-23 18:00:00+00:00,104.66,105.24,104.6,105.14,65312
363,2024-12-23 20:00:00+00:00,105.12,105.22,104.92,105.0,19430
364,2024-12-24 06:00:00+00:00,105.0,105.26,103.78,104.2,368934
368,2024-12-24 14:00:00+00:00,104.88,105.68,104.84,105.0,509346
369,2024-12-24 16:00:00+00:00,105.0,105.24,104.84,104.98,83540
370,2024-12-24 18:00:00+00:00,104.98,105.0,104.8,104.82,28859
371,2024-12-24 20:00:00+00:00,104.82,105.2,104.82,104.96,19405
372,2024-12-25 06:00:00+00:00,104.7,105.26,103.62,103.68,333644
373,2024-12-25 08:00:00+00:00,103.68,106.14,103.54,104.98,814084
374,2024-12-25 10:00:00+00:00,105.0,105.8,104.42,105.48,752502
377,2024-12-25 16:00:00+00:00,107.8,108.72,107.2,107.34,355842
378,2024-12-25 18:00:00+00:00,107.34,108.14,107.28,108.12,156062
379,2024-12-25 20:00:00+00:00,108.12,108.14,107.64,108.0,62071
380,2024-12-26 06:00:00+00:00,108.48,108.96,107.52,108.36,686058
384,2024-12-26 14:00:00+00:00,110.82,111.1,110.12,110.74,368962
385,2024-12-26 16:00:00+00:00,110.62,110.84,109.68,109.72,215367
386,2024-12-26 18:00:00+00:00,109.72,110.0,109.14,109.24,231131
387,2024-12-26 20:00:00+00:00,109.26,109.66,109.06,109.66,55317
388,2024-12-27 06:00:00+00:00,109.92,110.48,109.26,109.54,403108
389,2024-12-27 08:00:00+00:00,109.54,110.72,109.48,110.32,372342
390,2024-12-27 10:00:00+00:00,110.34,110.6,109.74,110.2,258215
391,2024-12-27 12:00:00+00:00,110.18,110.9,109.82,110.66,380904
392,2024-12-27 14:00:00+00:00,110.66,111.2,110.22,110.6,381030
393,2024-12-27 16:00:00+00:00,110.56,111.66,110.54,111.22,152959
394,2024-12-27 18:00:00+00:00,111.22,111.58,111.12,111.32,109899
395,2024-12-27 20:00:00+00:00,111.3,111.44,110.9,111.04,62569
396,2024-12-28 06:00:00+00:00,111.48,111.9,111.1,111.8,273261
397,2024-12-28 08:00:00+00:00,111.8,113.46,111.8,113.3,487873
398,2024-12-28 10:00:00+00:00,113.3,114.4,113.0,113.2,711268
399,2024-12-28 12:00:00+00:00,113.2,113.84,113.0,113.26,415984
400,2024-12-28 14:00:00+00:00,113.3,113.9,113.04,113.62,229554
401,2024-12-28 16:00:00+00:00,113.62,114.04,113.46,113.96,104161
402,2024-12-28 18:00:00+00:00,113.96,114.0,113.06,113.74,169857
403,2024-12-28 20:00:00+00:00,113.76,114.02,113.62,113.8,59165
404,2024-12-30 06:00:00+00:00,114.54,115.8,114.36,115.54,366699
405,2024-12-30 08:00:00+00:00,115.54,115.8,115.22,115.56,287683
406,2024-12-30 10:00:00+00:00,115.58,115.6,114.5,115.02,309980
407,2024-12-30 12:00:00+00:00,115.02,115.54,114.88,115.12,120951
408,2024-12-30 14:00:00+00:00,115.12,115.7,115.0,115.56,184399
409,2024-12-30 16:00:00+00:00,115.38,115.4,114.74,114.94,137532
410,2024-12-30 18:00:00+00:00,114.98,115.4,114.92,115.4,116563
411,2024-12-30 20:00:00+00:00,115.4,115.7,115.22,115.5,121252
412,2025-01-03 06:00:00+00:00,115.7,115.8,114.1,114.28,285990
413,2025-01-03 08:00:00+00:00,114.28,114.36,111.82,112.04,330870
414,2025-01-03 10:00:00+00:00,112.04,112.8,111.88,112.54,147181
415,2025-01-03 12:00:00+00:00,112.54,112.94,112.36,112.46,63915
416,2025-01-03 14:00:00+00:00,112.4,113.26,112.32,113.24,138845
417,2025-01-03 16:00:00+00:00,113.02,113.2,112.8,112.88,33980
418,2025-01-03 18:00:00+00:00,112.88,113.08,112.86,112.96,14341
419,2025-01-03 20:00:00+00:00,112.96,113.02,112.64,112.68,15552
420,2025-01-06 06:00:00+00:00,112.38,112.42,110.66,111.74,248227
421,2025-01-06 08:00:00+00:00,111.8,113.18,111.72,112.56,341491
422,2025-01-06 10:00:00+00:00,112.56,113.08,112.32,112.9,106641
423,2025-01-06 12:00:00+00:00,112.88,113.46,112.56,112.88,77014
424,2025-01-06 14:00:00+00:00,112.88,113.3,112.56,112.8,77124
425,2025-01-06 16:00:00+00:00,112.68,112.96,112.62,112.9,41823
426,2025-01-06 18:00:00+00:00,112.94,113.16,112.82,113.12,23866
427,2025-01-06 20:00:00+00:00,113.12,113.82,113.0,113.42,41605
428,2025-01-08 06:00:00+00:00,113.6,114.34,112.82,113.18,187596
429,2025-01-08 08:00:00+00:00,113.18,113.74,112.86,112.86,106662
430,2025-01-08 10:00:00+00:00,112.88,113.6,112.84,113.44,114766
431,2025-01-08 12:00:00+00:00,113.42,114.24,113.42,114.2,143705
432,2025-01-08 14:00:00+00:00,114.2,114.32,113.76,113.98,54912
433,2025-01-08 16:00:00+00:00,114.0,114.1,113.82,113.86,21857
434,2025-01-08 18:00:00+00:00,113.84,114.0,113.64,113.88,31992
435,2025-01-08 20:00:00+00:00,113.86,114.06,113.74,114.0,21271
436,2025-01-09 06:00:00+00:00,114.0,114.82,112.52,112.8,262595
437,2025-01-09 08:00:00+00:00,112.78,113.16,111.5,112.5,582386
438,2025-01-09 10:00:00+00:00,112.5,113.18,112.5,112.72,372442
439,2025-01-09 12:00:00+00:00,112.7,112.9,111.74,112.76,316319
440,2025-01-09 14:00:00+00:00,112.76,112.78,111.86,111.94,98502
441,2025-01-09 16:00:00+00:00,112.0,112.26,111.12,111.28,145484
442,2025-01-09 18:00:00+00:00,111.3,111.86,111.02,111.76,70238
443,2025-01-09 20:00:00+00:00,111.76,112.0,111.76,111.8,22053
444,2025-01-10 06:00:00+00:00,111.92,112.7,111.58,111.78,153110
445,2025-01-10 08:00:00+00:00,111.74,112.14,111.02,111.08,314384
447,2025-01-10 12:00:00+00:00,114.6,115.8,113.64,114.36,418723
448,2025-01-10 14:00:00+00:00,114.36,115.5,114.3,115.36,517052
449,2025-01-10 16:00:00+00:00,115.24,116.3,114.7,115.88,476451
450,2025-01-10 18:00:00+00:00,115.92,116.5,115.44,116.3,205570
451,2025-01-10 20:00:00+00:00,116.3,116.48,116.12,116.26,68475
453,2025-01-13 08:00:00+00:00,118.1,119.0,117.12,118.5,767272
454,2025-01-13 10:00:00+00:00,118.5,118.68,117.02,117.52,635328
455,2025-01-13 12:00:00+00:00,117.5,118.68,117.2,117.72,617118
456,2025-01-13 14:00:00+00:00,117.72,120.22,117.18,119.64,594890
457,2025-01-13 16:00:00+00:00,119.64,119.76,118.64,118.86,183711
458,2025-01-13 18:00:00+00:00,118.86,118.86,117.2,117.9,191004
459,2025-01-13 20:00:00+00:00,117.9,119.1,117.88,118.38,84431
460,2025-01-14 06:00:00+00:00,118.42,118.48,117.44,117.64,262539
462,2025-01-14 10:00:00+00:00,120.26,120.82,119.18,120.28,697195
463,2025-01-14 12:00:00+00:00,120.26,120.28,118.8,119.3,286279
464,2025-01-14 14:00:00+00:00,119.32,119.66,119.28,119.28,151899
465,2025-01-14 16:00:00+00:00,119.42,119.48,118.68,119.18,93854
466,2025-01-14 18:00:00+00:00,119.22,120.28,119.04,120.2,97264
467,2025-01-14 20:00:00+00:00,120.18,120.44,119.96,119.98,35090
468,2025-01-15 06:00:00+00:00,119.98,121.22,119.36,119.56,453444
469,2025-01-15 08:00:00+00:00,119.58,120.1,118.18,118.48,431270
470,2025-01-15 10:00:00+00:00,118.5,119.52,118.22,118.34,305562
471,2025-01-15 12:00:00+00:00,118.32,118.72,117.62,118.36,334761
472,2025-01-15 14:00:00+00:00,118.36,118.4,117.16,117.24,155497
473,2025-01-15 16:00:00+00:00,117.56,119.98,117.3,118.9,698375
474,2025-01-15 18:00:00+00:00,118.92,119.78,118.88,119.26,150574
475,2025-01-15 20:00:00+00:00,119.26,119.76,119.24,119.46,99444
476,2025-01-16 06:00:00+00:00,119.8,119.86,118.5,119.12,283847
477,2025-01-16 08:00:00+00:00,119.14,120.54,118.72,120.4,547037
478,2025-01-16 10:00:00+00:00,120.4,120.4,119.62,119.94,273270
479,2025-01-16 12:00:00+00:00,119.94,120.22,118.4,118.88,372776
480,2025-01-16 14:00:00+00:00,118.94,120.76,118.92,119.9,401722
481,2025-01-16 16:00:00+00:00,119.94,120.2,119.5,119.68,61820
482,2025-01-16 18:00:00+00:00,119.68,119.88,119.2,119.8,55036
483,2025-01-16 20:00:00+00:00,119.84,119.9,118.94,119.12,52192
484,2025-01-17 06:00:00+00:00,119.4,119.9,118.7,119.86,185953
486,2025-01-17 10:00:00+00:00,122.86,124.98,122.28,124.76,804587
487,2025-01-17 12:00:00+00:00,124.78,125.0,124.18,124.42,644532
488,2025-01-17 14:00:00+00:00,124.42,124.92,123.64,124.3,419656
489,2025-01-17 16:00:00+00:00,124.32,124.72,124.02,124.5,185071
490,2025-01-17 18:00:00+00:00,124.52,124.8,124.32,124.68,99394
491,2025-01-17 20:00:00+00:00,124.68,124.94,124.48,124.88,87823
494,2025-01-20 10:00:00+00:00,125.78,127.2,125.5,127.0,428468
495,2025-01-20 12:00:00+00:00,127.04,127.14,125.5,126.24,378195
496,2025-01-20 14:00:00+00:00,126.24,126.5,123.36,124.2,449655
497,2025-01-20 16:00:00+00:00,124.1,125.38,123.98,124.46,158528
498,2025-01-20 18:00:00+00:00,124.44,124.5,123.2,123.58,199429
499,2025-01-20 20:00:00+00:00,123.58,123.72,123.22,123.4,35666
500,2025-01-21 06:00:00+00:00,124.4,124.5,123.0,123.68,309793
501,2025-01-21 08:00:00+00:00,123.7,124.24,123.1,123.3,380689
502,2025-01-21 10:00:00+00:00,123.28,124.18,121.38,121.42,430472
503,2025-01-21 12:00:00+00:00,121.38,122.98,121.34,122.76,355915
504,2025-01-21 14:00:00+00:00,122.78,124.66,122.76,124.3,343438
505,2025-01-21 16:00:00+00:00,124.3,124.62,123.84,124.16,108213
506,2025-01-21 18:00:00+00:00,124.16,124.26,123.74,124.12,43218
507,2025-01-21 20:00:00+00:00,124.14,124.58,124.14,124.56,37675
508,2025-01-22 06:00:00+00:00,125.0,125.64,124.6,124.8,356907
509,2025-01-22 08:00:00+00:00,124.8,126.72,124.74,126.62,315320
510,2025-01-22 10:00:00+00:00,126.64,127.28,126.06,126.84,298711
511,2025-01-22 12:00:00+00:00,126.84,126.88,125.58,126.24,220754
512,2025-01-22 14:00:00+00:00,126.2,126.9,124.88,125.0,482233
513,2025-01-22 16:00:00+00:00,125.0,125.48,121.94,123.1,680625
514,2025-01-22 18:00:00+00:00,123.08,123.9,122.94,123.62,86315
515,2025-01-22 20:00:00+00:00,123.62,123.82,123.42,123.74,17568
516,2025-01-23 06:00:00+00:00,123.68,123.68,122.38,123.42,260633
517,2025-01-23 08:00:00+00:00,123.46,124.5,121.8,122.0,383303
518,2025-01-23 10:00:00+00:00,122.0,123.08,121.58,122.94,259006
519,2025-01-23 12:00:00+00:00,122.94,123.0,122.04,122.78,115881
520,2025-01-23 14:00:00+00:00,122.78,123.0,122.12,123.0,147386
521,2025-01-23 16:00:00+00:00,123.0,123.7,122.0,123.4,172845
522,2025-01-23 18:00:00+00:00,123.34,123.86,123.34,123.54,74114
523,2025-01-23 20:00:00+00:00,123.56,125.0,123.54,124.96,69664
524,2025-01-24 06:00:00+00:00,125.2,127.7,124.6,127.48,794085
525,2025-01-24 08:00:00+00:00,127.46,127.98,126.04,126.26,617683
526,2025-01-24 10:00:00+00:00,126.28,127.18,125.64,126.62,235454
527,2025-01-24 12:00:00+00:00,126.66,126.8,124.04,124.08,412161
528,2025-01-24 14:00:00+00:00,124.04,124.52,123.38,123.4,560843
529,2025-01-24 16:00:00+00:00,123.7,124.7,123.62,124.26,184037
530,2025-01-24 18:00:00+00:00,124.28,124.4,123.0,123.66,129712
531,2025-01-24 20:00:00+00:00,123.68,124.2,123.26,124.14,40528
532,2025-01-27 02:00:00+00:00,124.7,124.7,124.7,124.7,573
533,2025-01-27 04:00:00+00:00,124.6,124.98,124.2,124.78,34362
534,2025-01-27 06:00:00+00:00,124.66,124.74,122.88,123.62,264283
535,2025-01-27 08:00:00+00:00,123.62,124.08,122.5,123.1,341599
536,2025-01-27 10:00:00+00:00,123.06,123.66,122.78,122.94,274419
537,2025-01-27 12:00:00+00:00,122.96,123.54,122.12,122.32,214227
539,2025-01-27 16:00:00+00:00,119.76,120.4,119.02,120.16,182268
540,2025-01-27 18:00:00+00:00,120.1,120.16,119.24,119.88,138339
541,2025-01-27 20:00:00+00:00,119.88,119.96,119.32,119.46,38575
542,2025-01-28 02:00:00+00:00,119.3,119.3,119.3,119.3,41
543,2025-01-28 04:00:00+00:00,119.3,119.8,117.46,119.38,160902
544,2025-01-28 06:00:00+00:00,119.44,120.66,118.8,118.96,437068
545,2025-01-28 08:00:00+00:00,118.96,119.54,117.12,117.72,575852
547,2025-01-28 12:00:00+00:00,119.92,121.94,119.82,121.34,487644
548,2025-01-28 14:00:00+00:00,121.32,121.9,120.48,121.66,316803
549,2025-01-28 16:00:00+00:00,121.64,121.66,120.7,120.84,86625
550,2025-01-28 18:00:00+00:00,120.84,121.7,120.74,121.26,80713
551,2025-01-28 20:00:00+00:00,121.26,121.36,120.88,121.2,29566
552,2025-01-29 02:00:00+00:00,121.22,121.22,121.22,121.22,144
553,2025-01-29 04:00:00+00:00,121.42,122.4,120.94,122.04,69201
554,2025-01-29 06:00:00+00:00,122.02,122.08,120.84,121.6,205606
555,2025-01-29 08:00:00+00:00,121.62,122.4,121.24,122.24,292305
556,2025-01-29 10:00:00+00:00,122.24,123.0,122.1,122.18,295968
557,2025-01-29 12:00:00+00:00,122.22,122.38,121.38,121.64,254158
558,2025-01-29 14:00:00+00:00,121.68,122.9,121.6,122.86,210109
559,2025-01-29 16:00:00+00:00,122.7,122.7,121.6,122.18,110609
560,2025-01-29 18:00:00+00:00,122.2,122.2,121.8,121.8,33054
561,2025-01-29 20:00:00+00:00,121.8,121.86,121.72,121.78,18168
562,2025-01-30 02:00:00+00:00,121.78,121.78,121.78,121.78,13
563,2025-01-30 04:00:00+00:00,121.82,122.28,121.78,122.06,24013
564,2025-01-30 06:00:00+00:00,122.08,122.68,121.86,122.36,139479
565,2025-01-30 08:00:00+00:00,122.4,123.24,121.6,121.8,431712
566,2025-01-30 10:00:00+00:00,121.78,122.68,121.62,122.3,195661
567,2025-01-30 12:00:00+00:00,122.3,122.56,121.72,121.78,143349
568,2025-01-30 14:00:00+00:00,121.8,122.94,121.76,122.82,274910
569,2025-01-30 16:00:00+00:00,122.72,122.78,122.28,122.28,64472
570,2025-01-30 18:00:00+00:00,122.28,122.6,122.26,122.58,38926
571,2025-01-30 20:00:00+00:00,122.6,122.8,122.5,122.76,22584
572,2025-01-31 02:00:00+00:00,122.7,122.7,122.7,122.7,63
573,2025-01-31 04:00:00+00:00,122.7,124.0,122.24,123.68,110782
574,2025-01-31 06:00:00+00:00,123.68,124.38,123.1,123.88,366939
575,2025-01-31 08:00:00+00:00,123.88,124.6,122.4,123.08,404636
576,2025-01-31 10:00:00+00:00,123.08,123.58,122.62,123.22,148040
577,2025-01-31 12:00:00+00:00,123.24,123.68,120.88,121.36,456212
578,2025-01-31 14:00:00+00:00,121.36,121.8,119.54,119.98,653850
579,2025-01-31 16:00:00+00:00,119.98,120.6,119.54,120.26,135384
580,2025-01-31 18:00:00+00:00,120.26,120.5,120.0,120.14,53392
581,2025-01-31 20:00:00+00:00,120.14,122.3,120.12,121.18,135414
582,2025-02-03 02:00:00+00:00,121.0,121.0,121.0,121.0,3279
583,2025-02-03 04:00:00+00:00,121.0,121.0,120.06,120.34,93691
584,2025-02-03 06:00:00+00:00,120.3,120.7,118.52,119.2,431270
585,2025-02-03 08:00:00+00:00,119.2,119.24,118.0,118.76,448336
586,2025-02-03 10:00:00+00:00,118.8,119.0,117.66,117.86,387991
587,2025-02-03 12:00:00+00:00,117.86,118.74,117.5,118.1,493618
588,2025-02-03 14:00:00+00:00,118.14,118.18,117.02,118.14,373357
589,2025-02-03 16:00:00+00:00,118.0,118.58,117.88,118.5,113125
590,2025-02-03 18:00:00+00:00,118.5,118.98,118.5,118.96,96356
591,2025-02-03 20:00:00+00:00,118.96,119.0,118.3,118.3,37373
592,2025-02-04 02:00:00+00:00,118.3,118.3,118.3,118.3,59
593,2025-02-04 04:00:00+00:00,118.26,118.88,118.26,118.58,44269
594,2025-02-04 06:00:00+00:00,118.5,119.88,118.3,119.8,351003
595,2025-02-04 08:00:00+00:00,119.8,120.0,118.52,118.86,242331
596,2025-02-04 10:00:00+00:00,118.86,119.24,118.32,118.58,144308
597,2025-02-04 12:00:00+00:00,118.64,119.94,118.36,118.96,274278
598,2025-02-04 14:00:00+00:00,119.0,119.0,118.12,118.3,241019
599,2025-02-04 16:00:00+00:00,118.28,118.68,117.76,118.1,117646
600,2025-02-04 18:00:00+00:00,118.14,118.16,116.5,116.96,320356
601,2025-02-04 20:00:00+00:00,116.96,117.2,116.72,117.16,36033
602,2025-02-05 02:00:00+00:00,117.12,117.12,117.12,117.12,58
603,2025-02-05 04:00:00+00:00,117.1,117.58,116.8,116.9,33044
604,2025-02-05 06:00:00+00:00,116.92,117.94,116.54,117.62,281490
605,2025-02-05 08:00:00+00:00,117.62,118.1,116.02,117.98,554906
606,2025-02-05 10:00:00+00:00,117.96,118.46,117.02,117.2,250899
607,2025-02-05 12:00:00+00:00,117.2,118.38,117.12,118.36,180078
608,2025-02-05 14:00:00+00:00,118.36,120.48,118.36,118.7,479005
609,2025-02-05 16:00:00+00:00,118.8,121.0,118.8,120.02,387138
610,2025-02-05 18:00:00+00:00,120.04,120.96,119.72,120.6,180269
611,2025-02-05 20:00:00+00:00,120.62,120.9,120.32,120.4,28198
612,2025-02-06 02:00:00+00:00,120.8,120.8,120.8,120.8,433
613,2025-02-06 04:00:00+00:00,120.8,121.56,120.64,121.26,104118
614,2025-02-06 06:00:00+00:00,121.28,121.92,120.08,121.22,421098
615,2025-02-06 08:00:00+00:00,121.22,123.0,120.82,122.08,601980
616,2025-02-06 10:00:00+00:00,122.04,122.48,120.6,120.94,317464
617,2025-02-06 12:00:00+00:00,120.92,121.6,120.26,121.08,305787
618,2025-02-06 14:00:00+00:00,121.1,122.0,121.08,121.4,313194
619,2025-02-06 16:00:00+00:00,121.4,121.78,121.3,121.68,54027
620,2025-02-06 18:00:00+00:00,121.68,121.8,121.42,121.5,25186
621,2025-02-06 20:00:00+00:00,121.5,121.76,121.4,121.5,14910
622,2025-02-07 02:00:00+00:00,121.86,121.86,121.86,121.86,200
623,2025-02-07 04:00:00+00:00,121.86,122.62,121.5,122.26,54082
624,2025-02-07 06:00:00+00:00,122.18,122.88,121.74,122.82,188738
625,2025-02-07 08:00:00+00:00,122.82,123.34,121.5,121.52,348731
626,2025-02-07 10:00:00+00:00,121.56,122.54,121.5,122.42,161422
627,2025-02-07 12:00:00+00:00,122.42,123.62,122.4,122.44,504501
628,2025-02-07 14:00:00+00:00,122.42,123.0,120.84,121.26,480560
629,2025-02-07 16:00:00+00:00,121.28,121.58,120.48,120.98,296380
630,2025-02-07 18:00:00+00:00,121.06,121.4,121.0,121.24,44068
631,2025-02-07 20:00:00+00:00,121.24,122.3,120.92,122.28,95555
632,2025-02-10 02:00:00+00:00,122.3,122.3,122.3,122.3,2093
633,2025-02-10 04:00:00+00:00,122.42,122.98,122.12,122.8,120685
639,2025-02-10 16:00:00+00:00,121.02,122.58,121.0,121.38,700212
640,2025-02-10 18:00:00+00:00,121.34,122.1,120.58,121.0,690109
641,2025-02-10 20:00:00+00:00,121.0,121.14,120.22,120.82,226070
642,2025-02-11 02:00:00+00:00,120.6,120.6,120.6,120.6,1282
643,2025-02-11 04:00:00+00:00,120.54,121.8,120.36,121.0,166906
644,2025-02-11 06:00:00+00:00,120.94,121.7,120.5,121.12,476467
646,2025-02-11 10:00:00+00:00,121.04,122.1,120.94,121.24,615933
647,2025-02-11 12:00:00+00:00,121.18,121.42,120.1,120.24,492476
648,2025-02-11 14:00:00+00:00,120.3,121.0,120.0,120.42,536910
649,2025-02-11 16:00:00+00:00,120.18,120.6,120.16,120.48,93206
650,2025-02-11 18:00:00+00:00,120.46,121.5,120.42,121.18,161167
651,2025-02-11 20:00:00+00:00,121.18,121.4,121.06,121.12,36816
652,2025-02-12 02:00:00+00:00,121.2,121.2,121.2,121.2,216
653,2025-02-12 04:00:00+00:00,121.4,121.74,121.2,121.62,66828
654,2025-02-12 06:00:00+00:00,121.56,121.76,120.66,121.14,392128
655,2025-02-12 08:00:00+00:00,121.14,121.76,120.82,121.22,521815
656,2025-02-12 10:00:00+00:00,121.22,122.46,121.0,121.36,485172
657,2025-02-12 12:00:00+00:00,121.36,121.38,120.5,120.88,446885
658,2025-02-12 14:00:00+00:00,120.88,121.08,119.44,119.88,675987
661,2025-02-12 20:00:00+00:00,127.18,128.0,126.44,127.26,341239
662,2025-02-13 02:00:00+00:00,127.34,127.34,127.34,127.34,3030
663,2025-02-13 04:00:00+00:00,127.34,129.94,127.32,128.1,458953
666,2025-02-13 10:00:00+00:00,127.04,127.6,125.0,126.18,508697
667,2025-02-13 12:00:00+00:00,126.16,127.38,126.16,127.06,724535
668,2025-02-13 14:00:00+00:00,127.06,128.54,126.5,128.38,768035
669,2025-02-13 16:00:00+00:00,128.26,128.3,127.56,128.1,118777
670,2025-02-14 04:00:00+00:00,129.0,130.1,125.0,128.7,205597
675,2025-02-14 14:00:00+00:00,128.0,129.76,127.8,128.68,578325
676,2025-02-14 16:00:00+00:00,128.9,130.0,128.02,128.26,218462
677,2025-02-14 18:00:00+00:00,128.28,130.0,128.14,129.94,136745
678,2025-02-14 20:00:00+00:00,129.94,131.84,129.9,131.5,114233
679,2025-02-17 02:00:00+00:00,134.0,134.0,134.0,134.0,30123
680,2025-02-17 04:00:00+00:00,133.5,134.0,132.78,133.54,263568
684,2025-02-17 12:00:00+00:00,136.44,138.0,136.4,137.94,567821
686,2025-02-17 16:00:00+00:00,138.04,138.5,136.6,137.98,307075
687,2025-02-17 18:00:00+00:00,137.96,138.9,137.48,137.48,233923
688,2025-02-17 20:00:00+00:00,137.48,138.24,137.44,138.2,85536
689,2025-02-18 02:00:00+00:00,138.6,138.6,138.6,138.6,3093
690,2025-02-18 04:00:00+00:00,138.6,138.8,136.12,137.26,264865
691,2025-02-18 06:00:00+00:00,137.26,137.56,135.32,137.1,513087
692,2025-02-18 08:00:00+00:00,137.08,137.1,134.76,135.98,647391
693,2025-02-18 10:00:00+00:00,136.0,138.5,135.38,138.06,636805
695,2025-02-18 14:00:00+00:00,134.66,135.74,134.6,135.0,292902
696,2025-02-18 16:00:00+00:00,134.8,135.62,134.5,134.5,116901
697,2025-02-18 18:00:00+00:00,134.5,134.68,133.2,133.98,237805
698,2025-02-18 20:00:00+00:00,133.94,134.7,133.9,134.6,20611
699,2025-02-19 02:00:00+00:00,134.8,134.8,134.8,134.8,1046
700,2025-02-19 04:00:00+00:00,134.8,135.32,134.3,134.9,70601
701,2025-02-19 06:00:00+00:00,134.86,135.86,134.18,134.24,210127
702,2025-02-19 08:00:00+00:00,134.24,135.0,132.68,134.54,739102
703,2025-02-19 10:00:00+00:00,134.58,137.1,134.06,136.26,513078
704,2025-02-19 12:00:00+00:00,136.26,137.62,135.92,137.12,434163
705,2025-02-19 14:00:00+00:00,137.12,138.0,136.9,137.22,299263
706,2025-02-19 16:00:00+00:00,137.4,139.0,137.32,138.96,272846
707,2025-02-19 18:00:00+00:00,138.96,139.0,137.62,137.68,287425
708,2025-02-19 20:00:00+00:00,137.64,138.7,137.58,138.52,42356
709,2025-02-20 02:00:00+00:00,139.06,139.06,139.06,139.06,1418
710,2025-02-20 04:00:00+00:00,139.02,139.68,137.62,138.6,268870
711,2025-02-20 06:00:00+00:00,138.58,138.96,137.3,138.02,219336
712,2025-02-20 08:00:00+00:00,138.02,138.2,136.0,136.78,453201
713,2025-02-20 10:00:00+00:00,136.86,137.94,136.52,137.7,487493
714,2025-02-20 12:00:00+00:00,137.7,139.5,137.5,139.36,521793
715,2025-02-20 14:00:00+00:00,139.36,139.38,137.32,138.38,375828
716,2025-02-20 16:00:00+00:00,138.14,138.32,137.14,137.68,180830
717,2025-02-20 18:00:00+00:00,137.72,137.8,137.48,137.76,37207
718,2025-02-20 20:00:00+00:00,137.78,137.8,137.4,137.74,18288
719,2025-02-21 02:00:00+00:00,138.0,138.0,138.0,138.0,337
720,2025-02-21 04:00:00+00:00,137.98,138.0,137.04,137.92,31713
721,2025-02-21 06:00:00+00:00,137.94,139.2,137.84,138.88,241305
722,2025-02-21 08:00:00+00:00,138.84,140.3,138.54,138.6,812749
723,2025-02-21 10:00:00+00:00,138.6,138.62,135.52,136.88,690655
724,2025-02-21 12:00:00+00:00,136.9,136.92,135.14,135.7,388463
725,2025-02-21 14:00:00+00:00,135.72,136.78,135.22,135.5,359198
726,2025-02-21 16:00:00+00:00,135.6,136.46,135.58,136.34,110205
727,2025-02-21 18:00:00+00:00,136.34,136.96,136.14,136.74,96859
728,2025-02-21 20:00:00+00:00,136.76,137.62,136.68,137.18,59132
729,2025-02-24 02:00:00+00:00,137.58,137.58,137.58,137.58,398
730,2025-02-24 04:00:00+00:00,137.5,137.86,136.88,137.42,41497
731,2025-02-24 06:00:00+00:00,137.4,137.94,135.72,136.46,335410
732,2025-02-24 08:00:00+00:00,136.44,137.38,136.0,136.6,309378
733,2025-02-24 10:00:00+00:00,136.6,137.58,136.48,137.4,310718
734,2025-02-24 12:00:00+00:00,137.38,137.58,136.34,137.24,280681
735,2025-02-24 14:00:00+00:00,137.2,137.88,136.72,137.86,204833
736,2025-02-24 16:00:00+00:00,137.82,138.3,137.56,138.2,122864
739,2025-02-25 02:00:00+00:00,147.2,147.2,147.2,147.2,24020
744,2025-02-25 12:00:00+00:00,146.26,147.0,145.16,145.16,477630
746,2025-02-25 16:00:00+00:00,141.9,143.2,141.38,142.4,514681
747,2025-02-25 18:00:00+00:00,142.38,143.6,142.16,143.2,177989
748,2025-02-25 20:00:00+00:00,143.2,143.56,142.8,143.04,102205
749,2025-02-26 02:00:00+00:00,145.02,145.02,145.02,145.02,11058
750,2025-02-26 04:00:00+00:00,145.02,145.14,143.62,144.0,243568
751,2025-02-26 06:00:00+00:00,144.02,144.44,141.42,142.4,488522
752,2025-02-26 08:00:00+00:00,142.38,142.72,140.82,141.14,514684
754,2025-02-26 12:00:00+00:00,140.26,140.3,137.54,138.7,773655
755,2025-02-26 14:00:00+00:00,138.64,140.0,138.48,138.98,519354
756,2025-02-26 16:00:00+00:00,138.5,138.8,136.6,137.5,495782
757,2025-02-26 18:00:00+00:00,137.54,138.2,136.54,137.36,214039
758,2025-02-26 20:00:00+00:00,137.36,138.2,137.32,138.02,53319
759,2025-02-27 02:00:00+00:00,138.34,138.34,138.34,138.34,573
760,2025-02-27 04:00:00+00:00,138.32,138.32,136.04,136.9,184814
761,2025-02-27 06:00:00+00:00,136.88,138.98,136.88,137.7,518198
762,2025-02-27 08:00:00+00:00,137.68,138.0,136.02,136.22,626225
764,2025-02-27 12:00:00+00:00,135.5,139.18,135.32,138.88,791672
765,2025-02-27 14:00:00+00:00,138.88,139.26,137.82,138.1,224283
766,2025-02-27 16:00:00+00:00,138.1,138.18,135.0,135.56,439758
767,2025-02-27 18:00:00+00:00,135.56,136.18,135.0,135.4,132358
768,2025-02-27 20:00:00+00:00,135.34,135.36,134.2,134.34,97891
769,2025-02-28 02:00:00+00:00,134.36,134.36,134.36,134.36,1086
770,2025-02-28 04:00:00+00:00,134.36,135.6,133.52,135.46,173440
771,2025-02-28 06:00:00+00:00,135.46,136.0,133.72,134.68,423990
772,2025-02-28 08:00:00+00:00,134.68,137.44,134.52,135.84,727974
773,2025-02-28 10:00:00+00:00,135.84,137.88,135.82,137.2,592087
774,2025-02-28 12:00:00+00:00,137.2,137.48,135.22,135.84,548365
775,2025-02-28 14:00:00+00:00,135.8,137.42,135.22,137.42,393864
776,2025-02-28 16:00:00+00:00,137.4,140.1,136.38,139.42,676668
778,2025-02-28 20:00:00+00:00,138.98,140.44,138.7,140.32,196893
779,2025-03-01 10:00:00+00:00,140.5,140.76,139.86,140.48,19388
780,2025-03-01 12:00:00+00:00,140.48,140.5,139.94,140.28,15380
781,2025-03-01 14:00:00+00:00,140.28,140.28,139.58,139.92,18065
782,2025-03-02 06:00:00+00:00,140.06,140.14,139.12,139.26,10696
783,2025-03-02 08:00:00+00:00,139.36,140.32,139.16,139.62,27130
784,2025-03-02 10:00:00+00:00,139.62,139.78,138.8,139.28,31726
785,2025-03-02 12:00:00+00:00,139.28,139.4,138.92,139.12,12002
786,2025-03-02 14:00:00+00:00,139.02,139.3,138.5,139.04,29579
787,2025-03-03 02:00:00+00:00,139.04,139.04,139.04,139.04,2281
788,2025-03-03 04:00:00+00:00,139.12,139.42,136.96,137.7,183983
791,2025-03-03 10:00:00+00:00,134.64,135.48,134.24,135.16,357297
792,2025-03-03 12:00:00+00:00,135.14,135.54,134.04,135.34,500930
793,2025-03-03 14:00:00+00:00,135.38,135.56,134.2,134.3,379712
794,2025-03-03 16:00:00+00:00,134.36,134.78,133.04,134.66,344942
795,2025-03-03 18:00:00+00:00,134.66,137.44,133.1,137.28,550725
796,2025-03-03 20:00:00+00:00,137.28,137.4,135.32,135.92,205469
797,2025-03-04 02:00:00+00:00,136.08,136.08,136.08,136.08,241
798,2025-03-04 04:00:00+00:00,136.08,138.8,136.08,138.54,287256
800,2025-03-04 08:00:00+00:00,139.3,140.7,138.3,138.32,775873
801,2025-03-04 10:00:00+00:00,138.32,139.8,137.8,139.28,548916
802,2025-03-04 12:00:00+00:00,139.3,140.4,139.0,140.24,398872
803,2025-03-04 14:00:00+00:00,140.3,140.96,138.74,140.96,670361
804,2025-03-04 16:00:00+00:00,140.98,142.18,140.4,140.84,619352
805,2025-03-04 18:00:00+00:00,140.86,142.26,140.52,141.0,323447
806,2025-03-04 20:00:00+00:00,141.0,141.3,140.6,140.92,115292
807,2025-03-05 02:00:00+00:00,141.16,141.16,141.16,141.16,8522
808,2025-03-05 04:00:00+00:00,141.2,141.5,138.66,139.42,461780
809,2025-03-05 06:00:00+00:00,139.46,140.68,139.2,140.34,395771
810,2025-03-05 08:00:00+00:00,140.32,142.0,140.22,141.5,610149
811,2025-03-05 10:00:00+00:00,141.5,141.68,140.08,140.9,331817
812,2025-03-05 12:00:00+00:00,140.94,141.5,140.3,141.46,288382
813,2025-03-05 14:00:00+00:00,141.42,142.0,140.9,140.9,348910
814,2025-03-05 16:00:00+00:00,141.28,141.48,139.52,139.7,336772
815,2025-03-05 18:00:00+00:00,139.7,139.84,136.72,137.82,463060
816,2025-03-05 20:00:00+00:00,137.8,138.26,136.62,136.98,208096
817,2025-03-06 02:00:00+00:00,137.0,137.0,137.0,137.0,2105
818,2025-03-06 04:00:00+00:00,137.08,138.26,137.04,138.26,132401
819,2025-03-06 06:00:00+00:00,138.22,138.64,137.64,138.44,251634
820,2025-03-06 08:00:00+00:00,138.42,138.5,136.12,136.28,359685
821,2025-03-06 10:00:00+00:00,136.28,136.3,134.14,135.24,498340
822,2025-03-06 12:00:00+00:00,135.22,137.7,135.0,137.46,378941
823,2025-03-06 14:00:00+00:00,137.46,137.78,135.6,136.02,337425
824,2025-03-06 16:00:00+00:00,136.04,137.14,135.72,136.86,133423
825,2025-03-06 18:00:00+00:00,136.86,136.94,136.06,136.48,76321
826,2025-03-06 20:00:00+00:00,136.46,136.78,136.12,136.46,30237
827,2025-03-07 02:00:00+00:00,136.46,136.46,136.46,136.46,78
828,2025-03-07 04:00:00+00:00,136.46,137.84,136.38,137.48,88501
829,2025-03-07 06:00:00+00:00,137.48,138.34,137.1,137.58,184542
830,2025-03-07 08:00:00+00:00,137.58,139.0,137.22,137.88,362529
831,2025-03-07 10:00:00+00:00,137.88,139.2,137.86,138.5,227180
832,2025-03-07 12:00:00+00:00,138.5,138.96,138.14,138.68,181533
834,2025-03-07 16:00:00+00:00,133.52,136.64,133.32,136.2,342872
835,2025-03-07 18:00:00+00:00,136.2,136.32,135.08,135.98,104253
836,2025-03-07 20:00:00+00:00,135.96,136.06,135.5,135.7,34079
837,2025-03-10 02:00:00+00:00,136.4,136.4,136.4,136.4,1717
838,2025-03-10 04:00:00+00:00,136.4,137.0,135.62,136.64,92371
839,2025-03-10 06:00:00+00:00,136.64,136.68,134.42,134.96,350468
840,2025-03-10 08:00:00+00:00,134.98,136.38,134.6,136.24,310601
841,2025-03-10 10:00:00+00:00,136.3,136.8,135.84,136.5,179728
843,2025-03-10 14:00:00+00:00,137.18,137.5,136.42,137.1,486672
844,2025-03-10 16:00:00+00:00,137.22,137.5,136.0,136.42,245353
845,2025-03-10 18:00:00+00:00,136.42,136.78,136.02,136.3,60816
846,2025-03-10 20:00:00+00:00,136.28,137.38,136.22,137.14,45731
847,2025-03-11 02:00:00+00:00,137.38,137.38,137.38,137.38,376
848,2025-03-11 04:00:00+00:00,137.38,137.38,136.52,136.56,41775
849,2025-03-11 06:00:00+00:00,136.62,138.14,136.56,137.86,189313
850,2025-03-11 08:00:00+00:00,137.88,138.88,136.12,136.58,550117
851,2025-03-11 10:00:00+00:00,136.52,136.78,135.5,135.5,456079
852,2025-03-11 12:00:00+00:00,135.5,136.78,135.16,136.32,290834
853,2025-03-11 14:00:00+00:00,136.36,137.0,135.58,136.34,309105
854,2025-03-11 16:00:00+00:00,136.22,137.16,135.74,136.42,266094
855,2025-03-11 18:00:00+00:00,136.42,136.78,135.06,135.84,290228
856,2025-03-11 20:00:00+00:00,135.8,136.2,135.7,135.72,29511
857,2025-03-12 02:00:00+00:00,135.82,135.82,135.82,135.82,263
858,2025-03-12 04:00:00+00:00,135.82,136.42,134.54,134.86,125045
859,2025-03-12 06:00:00+00:00,134.84,135.42,134.02,134.3,283811
860,2025-03-12 08:00:00+00:00,134.3,134.82,133.84,134.74,244655
861,2025-03-12 10:00:00+00:00,134.74,135.14,134.1,134.82,175140
862,2025-03-12 12:00:00+00:00,134.82,135.66,134.0,134.22,368228
863,2025-03-12 14:00:00+00:00,134.2,134.72,134.04,134.22,140549
864,2025-03-12 16:00:00+00:00,134.68,134.78,133.8,134.32,103816
865,2025-03-12 18:00:00+00:00,134.34,134.64,134.0,134.02,45661
866,2025-03-12 20:00:00+00:00,134.0,134.24,133.86,134.0,12133
867,2025-03-13 02:00:00+00:00,133.8,133.8,133.8,133.8,415
868,2025-03-13 04:00:00+00:00,133.8,133.8,132.2,132.54,220576
869,2025-03-13 06:00:00+00:00,132.54,132.56,130.42,130.82,747036
871,2025-03-13 10:00:00+00:00,130.74,131.4,128.9,128.94,617317
872,2025-03-13 12:00:00+00:00,128.94,130.28,128.16,129.96,724457
873,2025-03-13 14:00:00+00:00,129.94,130.48,129.38,130.48,254364
875,2025-03-13 18:00:00+00:00,133.42,134.02,133.02,133.5,139864
876,2025-03-13 20:00:00+00:00,133.5,133.52,131.36,131.9,140691
877,2025-03-14 02:00:00+00:00,132.0,132.0,132.0,132.0,5174
878,2025-03-14 04:00:00+00:00,132.0,132.08,130.52,130.9,196717
879,2025-03-14 06:00:00+00:00,130.9,132.3,130.7,131.08,294102
880,2025-03-14 08:00:00+00:00,131.04,131.54,129.62,130.28,427985
881,2025-03-14 10:00:00+00:00,130.24,131.44,130.24,130.96,355970
882,2025-03-14 12:00:00+00:00,130.96,132.46,130.56,132.3,538996
883,2025-03-14 14:00:00+00:00,132.3,132.34,129.0,131.2,634821
884,2025-03-14 16:00:00+00:00,131.2,132.0,130.62,131.42,202995
885,2025-03-14 18:00:00+00:00,131.42,131.42,130.5,130.82,96345
886,2025-03-14 20:00:00+00:00,130.82,130.88,130.0,130.54,64441
887,2025-03-15 06:00:00+00:00,130.92,131.8,130.86,131.3,34793
888,2025-03-15 08:00:00+00:00,131.3,131.38,131.0,131.38,18419
889,2025-03-15 10:00:00+00:00,131.38,131.38,131.1,131.2,5678
890,2025-03-15 12:00:00+00:00,131.2,131.3,131.06,131.28,5149
891,2025-03-15 14:00:00+00:00,131.22,131.32,131.1,131.2,5037
892,2025-03-16 06:00:00+00:00,131.2,131.5,130.8,131.26,16531
893,2025-03-16 08:00:00+00:00,131.34,131.36,130.86,130.9,16899
894,2025-03-16 10:00:00+00:00,130.92,131.2,130.68,131.1,12939
895,2025-03-16 12:00:00+00:00,131.08,132.04,130.96,131.94,60706
896,2025-03-16 14:00:00+00:00,131.94,132.28,131.7,131.96,110436
897,2025-03-17 02:00:00+00:00,132.0,132.0,132.0,132.0,503
898,2025-03-17 04:00:00+00:00,132.0,132.7,131.72,132.68,142585
899,2025-03-17 06:00:00+00:00,132.68,132.7,131.58,132.46,306511
900,2025-03-17 08:00:00+00:00,132.44,133.44,132.08,132.7,449556
902,2025-03-17 12:00:00+00:00,133.14,134.32,133.0,134.16,588632
903,2025-03-17 14:00:00+00:00,134.16,134.34,133.48,134.0,186002
904,2025-03-17 16:00:00+00:00,133.98,134.28,133.3,133.56,143564
905,2025-03-17 18:00:00+00:00,133.52,134.0,133.3,133.76,99431
906,2025-03-17 20:00:00+00:00,133.76,134.3,133.6,134.06,62102
907,2025-03-18 02:00:00+00:00,134.46,134.46,134.46,134.46,545
908,2025-03-18 04:00:00+00:00,134.4,135.26,133.92,135.24,182947
909,2025-03-18 06:00:00+00:00,135.2,136.4,135.14,135.5,510876
911,2025-03-18 10:00:00+00:00,133.92,135.12,133.92,134.9,311385
912,2025-03-18 12:00:00+00:00,134.9,135.56,133.92,135.4,381290
913,2025-03-18 14:00:00+00:00,135.4,136.12,134.04,135.54,606249
915,2025-03-18 18:00:00+00:00,132.8,133.78,132.62,132.92,154339
916,2025-03-18 20:00:00+00:00,132.92,133.0,131.5,132.08,126051
917,2025-03-19 02:00:00+00:00,132.1,132.1,132.1,132.1,817
918,2025-03-19 04:00:00+00:00,132.18,132.72,132.12,132.4,46492
919,2025-03-19 06:00:00+00:00,132.38,132.4,130.22,130.82,460939
920,2025-03-19 08:00:00+00:00,130.82,131.7,130.5,131.22,236109
921,2025-03-19 10:00:00+00:00,131.22,132.78,130.54,132.52,273629
922,2025-03-19 12:00:00+00:00,132.52,132.98,132.46,132.86,236421
923,2025-03-19 14:00:00+00:00,132.86,133.16,132.0,132.0,254276
924,2025-03-19 16:00:00+00:00,132.7,132.9,132.04,132.12,156063
925,2025-03-19 18:00:00+00:00,132.14,132.54,131.84,132.4,89737
926,2025-03-19 20:00:00+00:00,132.4,132.64,132.0,132.04,25193
927,2025-03-20 02:00:00+00:00,132.04,132.04,132.04,132.04,655
928,2025-03-20 04:00:00+00:00,132.02,132.7,132.02,132.28,47344
929,2025-03-20 06:00:00+00:00,132.26,133.04,131.44,132.36,281869
930,2025-03-20 08:00:00+00:00,132.34,132.46,131.5,132.0,276245
931,2025-03-20 10:00:00+00:00,132.02,132.04,130.66,130.9,317621
933,2025-03-20 14:00:00+00:00,131.36,132.08,131.08,131.14,211150
934,2025-03-20 16:00:00+00:00,131.5,131.5,130.94,131.04,39457
935,2025-03-20 18:00:00+00:00,131.02,131.52,131.02,131.4,37855
936,2025-03-20 20:00:00+00:00,131.4,131.4,131.02,131.16,16027
937,2025-03-21 02:00:00+00:00,131.0,131.0,131.0,131.0,308
938,2025-03-21 04:00:00+00:00,131.16,131.48,131.0,131.2,35592
939,2025-03-21 06:00:00+00:00,131.24,132.04,131.1,131.92,182684
940,2025-03-21 08:00:00+00:00,131.9,132.34,131.46,132.2,276687
941,2025-03-21 10:00:00+00:00,132.22,132.3,130.68,131.16,380505
942,2025-03-21 12:00:00+00:00,131.16,131.6,130.0,130.0,361490
943,2025-03-21 14:00:00+00:00,130.02,130.34,128.58,128.96,407130
944,2025-03-21 16:00:00+00:00,128.9,130.0,128.88,129.76,130774
945,2025-03-21 18:00:00+00:00,129.78,130.16,129.48,129.96,77613
946,2025-03-21 20:00:00+00:00,130.0,130.06,129.7,129.8,38892
947,2025-03-24 02:00:00+00:00,129.78,129.78,129.78,129.78,1400
948,2025-03-24 04:00:00+00:00,129.7,129.74,128.46,129.0,103009
949,2025-03-24 06:00:00+00:00,128.98,129.5,127.3,127.66,292103
950,2025-03-24 08:00:00+00:00,127.66,128.3,127.06,127.7,352159
951,2025-03-24 10:00:00+00:00,127.7,127.72,125.76,126.36,523948
952,2025-03-24 12:00:00+00:00,126.38,127.0,126.2,126.38,171927
953,2025-03-24 14:00:00+00:00,126.4,127.3,126.02,127.16,185245
954,2025-03-24 16:00:00+00:00,127.2,127.4,126.76,126.96,73908
955,2025-03-24 18:00:00+00:00,126.94,126.98,125.32,125.86,245271
956,2025-03-24 20:00:00+00:00,125.8,126.16,125.76,125.88,22046
957,2025-03-25 02:00:00+00:00,126.0,126.0,126.0,126.0,58
958,2025-03-25 04:00:00+00:00,125.9,126.82,125.9,126.6,72578
959,2025-03-25 06:00:00+00:00,126.64,127.06,125.84,126.04,136528
960,2025-03-25 08:00:00+00:00,126.08,127.02,125.1,125.22,326459
961,2025-03-25 10:00:00+00:00,125.26,126.0,125.06,125.98,187914
962,2025-03-25 12:00:00+00:00,125.98,126.7,125.0,125.0,445924
964,2025-03-25 16:00:00+00:00,126.4,128.5,125.92,128.14,362655
965,2025-03-25 18:00:00+00:00,128.14,130.0,128.06,129.14,340952
966,2025-03-25 20:00:00+00:00,129.14,130.0,128.86,129.58,126176
967,2025-03-26 02:00:00+00:00,129.7,129.7,129.7,129.7,336
968,2025-03-26 04:00:00+00:00,129.7,130.52,129.34,129.34,158983
969,2025-03-26 06:00:00+00:00,129.32,129.74,128.2,128.74,330165
970,2025-03-26 08:00:00+00:00,128.76,128.96,127.44,128.76,303615
971,2025-03-26 10:00:00+00:00,128.76,128.9,127.14,127.5,323954
972,2025-03-26 12:00:00+00:00,127.44,128.14,127.14,127.74,212288
973,2025-03-26 14:00:00+00:00,127.76,128.38,126.0,126.3,383243
974,2025-03-26 16:00:00+00:00,126.3,126.46,124.5,125.44,387976
975,2025-03-26 18:00:00+00:00,125.44,126.5,125.4,126.18,86532
976,2025-03-26 20:00:00+00:00,126.18,126.28,125.76,125.8,28459
977,2025-03-27 02:00:00+00:00,126.0,126.0,126.0,126.0,102
978,2025-03-27 04:00:00+00:00,126.02,126.3,124.56,125.26,109820
979,2025-03-27 06:00:00+00:00,125.34,125.56,123.08,124.48,545148
980,2025-03-27 08:00:00+00:00,124.5,125.4,124.16,125.1,312142
981,2025-03-27 10:00:00+00:00,125.08,125.8,125.08,125.16,202707
982,2025-03-27 12:00:00+00:00,125.16,125.44,123.48,123.76,417191
983,2025-03-27 14:00:00+00:00,123.72,124.32,122.5,123.1,577034
984,2025-03-27 16:00:00+00:00,123.1,123.88,122.92,123.66,79448
985,2025-03-27 18:00:00+00:00,123.66,123.66,122.8,123.3,110448
986,2025-03-27 20:00:00+00:00,123.3,123.3,122.66,122.98,40206
987,2025-03-28 02:00:00+00:00,123.0,123.0,123.0,123.0,489
988,2025-03-28 04:00:00+00:00,123.0,123.5,121.62,121.94,158801
989,2025-03-28 06:00:00+00:00,122.0,123.76,121.98,123.38,267166
990,2025-03-28 08:00:00+00:00,123.38,123.56,121.72,122.24,442851
991,2025-03-28 10:00:00+00:00,122.22,122.3,120.5,120.5,501091
992,2025-03-28 12:00:00+00:00,120.54,122.34,120.54,122.14,594897
993,2025-03-28 14:00:00+00:00,122.12,124.1,122.04,123.1,499484
994,2025-03-28 16:00:00+00:00,123.16,123.24,121.36,121.62,197108
995,2025-03-28 18:00:00+00:00,121.64,122.26,121.28,122.24,88453
996,2025-03-28 20:00:00+00:00,122.22,122.24,121.46,121.56,34205
997,2025-03-29 06:00:00+00:00,120.7,121.28,119.42,119.92,83715
998,2025-03-29 08:00:00+00:00,119.9,121.18,119.54,120.62,91057
999,2025-03-29 10:00:00+00:00,120.64,121.18,119.8,119.96,40562
1000,2025-03-29 12:00:00+00:00,119.94,120.0,119.44,119.6,47706
1001,2025-03-29 14:00:00+00:00,119.54,119.7,119.42,119.42,47457
1002,2025-03-30 06:00:00+00:00,119.42,119.62,119.42,119.6,33302
1003,2025-03-30 08:00:00+00:00,119.6,119.88,119.6,119.7,13907
1004,2025-03-30 10:00:00+00:00,119.7,119.82,119.52,119.8,13538
1005,2025-03-30 12:00:00+00:00,119.8,119.98,119.78,119.86,18414
1006,2025-03-30 14:00:00+00:00,119.82,119.86,119.42,119.42,38603
1007,2025-03-31 02:00:00+00:00,119.0,119.0,119.0,119.0,4491
1008,2025-03-31 04:00:00+00:00,118.98,122.9,118.42,122.34,375417
1009,2025-03-31 06:00:00+00:00,122.32,124.5,121.6,122.06,567366
1010,2025-03-31 08:00:00+00:00,122.02,123.08,121.22,122.7,359038
1011,2025-03-31 10:00:00+00:00,122.72,123.98,122.66,123.78,355185
1012,2025-03-31 12:00:00+00:00,123.84,123.94,122.4,123.18,333689
1013,2025-03-31 14:00:00+00:00,123.16,123.36,121.9,123.12,204595
1014,2025-03-31 16:00:00+00:00,123.12,123.34,122.56,123.0,64371
1015,2025-03-31 18:00:00+00:00,123.0,123.0,122.54,122.96,43128
1016,2025-03-31 20:00:00+00:00,122.96,123.56,122.88,123.3,16628
1017,2025-04-01 02:00:00+00:00,123.3,123.3,123.3,123.3,205
1018,2025-04-01 04:00:00+00:00,123.3,124.46,123.2,124.26,89803
1019,2025-04-01 06:00:00+00:00,124.2,125.3,123.64,124.96,226720
1020,2025-04-01 08:00:00+00:00,124.94,125.22,124.12,125.18,454821
1021,2025-04-01 10:00:00+00:00,125.18,125.18,122.1,122.42,409498
1022,2025-04-01 12:00:00+00:00,122.4,122.8,120.12,121.26,555551
1023,2025-04-01 14:00:00+00:00,121.26,123.06,120.54,122.0,382396
1024,2025-04-01 16:00:00+00:00,122.0,122.58,121.0,121.46,218844
1025,2025-04-01 18:00:00+00:00,121.44,122.4,120.5,121.02,285453
1026,2025-04-01 20:00:00+00:00,121.02,121.2,120.5,120.8,40540
1027,2025-04-02 02:00:00+00:00,120.54,120.54,120.54,120.54,6205
1028,2025-04-02 04:00:00+00:00,120.56,121.98,120.22,121.3,117990
1029,2025-04-02 06:00:00+00:00,121.22,121.68,120.12,121.3,267104
1030,2025-04-02 08:00:00+00:00,121.32,121.6,119.26,120.0,702330
1031,2025-04-02 10:00:00+00:00,119.98,120.0,118.5,119.1,455804
1032,2025-04-02 12:00:00+00:00,119.1,120.18,118.04,118.2,514497
1033,2025-04-02 14:00:00+00:00,118.18,119.6,118.02,118.3,472245
1034,2025-04-02 16:00:00+00:00,118.0,119.5,117.52,119.5,432435
1035,2025-04-02 18:00:00+00:00,119.5,120.7,119.32,120.4,184253
1036,2025-04-02 20:00:00+00:00,120.4,120.42,119.8,120.1,40850
1037,2025-04-03 02:00:00+00:00,120.2,120.2,120.2,120.2,1205
1038,2025-04-03 04:00:00+00:00,120.22,120.88,119.88,120.34,164150
1039,2025-04-03 06:00:00+00:00,120.24,120.24,118.7,119.08,196400
1040,2025-04-03 08:00:00+00:00,119.06,121.46,119.02,121.2,389995
1041,2025-04-03 10:00:00+00:00,121.26,121.8,119.4,120.36,464390
1042,2025-04-03 12:00:00+00:00,120.34,120.34,117.5,118.06,544992
1044,2025-04-03 16:00:00+00:00,115.4,115.8,114.02,115.4,509532
1045,2025-04-03 18:00:00+00:00,115.36,115.72,114.86,115.42,118909
1046,2025-04-03 20:00:00+00:00,115.42,116.46,115.2,116.42,172905
1047,2025-04-04 02:00:00+00:00,118.0,118.0,118.0,118.0,18131
1048,2025-04-04 04:00:00+00:00,118.0,118.0,116.6,116.92,225866
1049,2025-04-04 06:00:00+00:00,116.88,117.18,115.7,116.9,232236
1050,2025-04-04 08:00:00+00:00,116.88,117.24,115.66,116.48,499332
1052,2025-04-04 12:00:00+00:00,113.52,114.6,113.02,114.12,574088
1053,2025-04-04 14:00:00+00:00,114.12,114.4,111.62,112.04,715359
1054,2025-04-04 16:00:00+00:00,112.3,112.66,110.9,111.32,385549
1055,2025-04-04 18:00:00+00:00,111.4,111.76,110.8,111.06,235393
1056,2025-04-04 20:00:00+00:00,111.06,111.18,110.5,110.9,203605
1057,2025-04-05 06:00:00+00:00,108.8,109.56,108.68,108.68,194098
1058,2025-04-05 08:00:00+00:00,108.74,109.16,108.68,109.02,71546
1059,2025-04-05 10:00:00+00:00,109.02,110.3,108.94,110.3,100965
1060,2025-04-05 12:00:00+00:00,110.3,110.38,109.48,109.96,31690
1061,2025-04-05 14:00:00+00:00,110.02,111.0,109.56,110.7,56299
1062,2025-04-06 06:00:00+00:00,110.26,110.94,109.82,110.62,64391
1063,2025-04-06 08:00:00+00:00,110.66,111.2,110.3,110.56,95954
1064,2025-04-06 10:00:00+00:00,110.56,111.5,110.46,111.28,148172
1065,2025-04-06 12:00:00+00:00,111.28,112.6,111.1,112.08,94003
1066,2025-04-06 14:00:00+00:00,112.08,112.1,111.44,111.94,111431
1067,2025-04-07 02:00:00+00:00,109.7,109.7,109.7,109.7,3247
1070,2025-04-07 08:00:00+00:00,106.66,107.26,105.06,105.68,477631
1072,2025-04-07 12:00:00+00:00,110.26,111.98,108.86,111.76,725964
1074,2025-04-07 16:00:00+00:00,111.7,111.7,109.82,111.52,237903
1075,2025-04-07 18:00:00+00:00,111.54,111.82,110.32,110.88,102870
1076,2025-04-07 20:00:00+00:00,110.9,111.4,110.74,111.32,33734
1077,2025-04-08 02:00:00+00:00,112.0,112.0,112.0,112.0,1729
1078,2025-04-08 04:00:00+00:00,111.98,113.98,111.74,112.96,219350
1079,2025-04-08 06:00:00+00:00,112.96,113.1,111.48,111.82,313915
1080,2025-04-08 08:00:00+00:00,111.8,112.18,109.66,110.46,402266
1081,2025-04-08 10:00:00+00:00,110.42,111.36,109.1,110.92,488437
1082,2025-04-08 12:00:00+00:00,110.88,111.7,109.82,110.84,391722
1083,2025-04-08 14:00:00+00:00,110.84,111.22,109.62,110.12,286327
1084,2025-04-08 16:00:00+00:00,110.24,110.44,106.74,108.24,446788
1085,2025-04-08 18:00:00+00:00,108.24,108.24,105.8,106.68,301860
1086,2025-04-08 20:00:00+00:00,106.7,106.98,105.66,106.8,122244
1087,2025-04-09 02:00:00+00:00,106.6,106.6,106.6,106.6,1457
1088,2025-04-09 04:00:00+00:00,106.5,107.46,105.52,106.64,194130
1089,2025-04-09 06:00:00+00:00,106.56,110.82,106.52,108.56,673259
1090,2025-04-09 08:00:00+00:00,108.54,109.36,106.56,106.7,409867
1091,2025-04-09 10:00:00+00:00,106.72,108.4,105.62,105.96,802388
1096,2025-04-09 20:00:00+00:00,115.44,116.56,114.88,116.08,242384
1097,2025-04-10 02:00:00+00:00,115.98,115.98,115.98,115.98,10808
1098,2025-04-10 04:00:00+00:00,115.98,116.08,114.52,115.38,304596
1099,2025-04-10 06:00:00+00:00,115.32,116.84,114.96,115.48,535857
1100,2025-04-10 08:00:00+00:00,115.5,115.98,113.86,115.74,440247
1101,2025-04-10 10:00:00+00:00,115.74,116.0,114.2,114.92,305278
1103,2025-04-10 14:00:00+00:00,114.26,115.24,112.72,114.4,721557
1104,2025-04-10 16:00:00+00:00,114.06,114.4,112.0,114.32,507467
1105,2025-04-10 18:00:00+00:00,114.32,114.84,113.7,114.24,146943
1106,2025-04-10 20:00:00+00:00,114.2,114.38,113.88,114.04,29404
1107,2025-04-11 02:00:00+00:00,114.14,114.14,114.14,114.14,672
1108,2025-04-11 04:00:00+00:00,114.12,114.78,113.98,114.68,51196
1109,2025-04-11 06:00:00+00:00,114.64,117.18,114.5,116.6,569573
1110,2025-04-11 08:00:00+00:00,116.6,116.86,115.54,116.08,279021
1111,2025-04-11 10:00:00+00:00,116.06,117.38,115.7,116.3,426549
1112,2025-04-11 12:00:00+00:00,116.34,116.5,115.12,115.66,251455
1113,2025-04-11 14:00:00+00:00,115.62,116.5,115.14,116.0,218733
1114,2025-04-11 16:00:00+00:00,116.04,117.5,115.9,117.28,293098
1115,2025-04-11 18:00:00+00:00,117.28,117.38,116.34,116.98,120973
1116,2025-04-11 20:00:00+00:00,116.96,117.2,116.8,117.1,45589
1117,2025-04-12 06:00:00+00:00,117.22,118.32,117.22,118.26,64372
1118,2025-04-12 08:00:00+00:00,118.28,118.86,118.04,118.8,64361
1119,2025-04-12 10:00:00+00:00,118.8,118.98,118.22,118.3,48383
1120,2025-04-12 12:00:00+00:00,118.28,118.3,117.82,117.98,43314
1121,2025-04-12 14:00:00+00:00,117.96,118.48,117.96,118.38,41384
1122,2025-04-13 06:00:00+00:00,118.38,118.8,118.06,118.26,36781
1123,2025-04-13 08:00:00+00:00,118.3,118.56,118.2,118.34,20167
1124,2025-04-13 10:00:00+00:00,118.34,118.74,118.2,118.72,22054
1125,2025-04-13 12:00:00+00:00,118.7,118.96,118.5,118.82,27978
1126,2025-04-13 14:00:00+00:00,118.82,118.96,118.12,118.56,64223
1127,2025-04-14 02:00:00+00:00,118.7,118.7,118.7,118.7,2781
1128,2025-04-14 04:00:00+00:00,118.56,118.64,117.5,117.84,96900
1129,2025-04-14 06:00:00+00:00,117.78,117.78,116.66,117.0,242187
1130,2025-04-14 08:00:00+00:00,116.98,117.32,116.26,116.6,171713
1131,2025-04-14 10:00:00+00:00,116.54,117.0,115.26,115.32,209928
1132,2025-04-14 12:00:00+00:00,115.32,115.32,113.62,113.86,509248
1133,2025-04-14 14:00:00+00:00,113.84,115.1,113.64,113.86,267334
1134,2025-04-14 16:00:00+00:00,113.9,114.44,113.62,113.68,192666
1135,2025-04-14 18:00:00+00:00,113.68,114.54,113.18,114.26,99624
1136,2025-04-14 20:00:00+00:00,114.24,114.56,114.0,114.5,32857
1137,2025-04-15 02:00:00+00:00,114.6,114.6,114.6,114.6,1057
1138,2025-04-15 04:00:00+00:00,114.66,115.02,113.5,113.6,72506
1139,2025-04-15 06:00:00+00:00,113.62,115.7,113.62,114.3,299192
1140,2025-04-15 08:00:00+00:00,114.36,114.48,112.92,113.56,247605
1141,2025-04-15 10:00:00+00:00,113.56,113.68,111.48,112.66,316540
1142,2025-04-15 12:00:00+00:00,112.68,113.36,111.6,112.22,479391
1143,2025-04-15 14:00:00+00:00,112.24,113.08,111.56,111.8,368300
1144,2025-04-15 16:00:00+00:00,111.96,112.6,111.66,112.4,118886
1145,2025-04-15 18:00:00+00:00,112.4,112.78,112.2,112.44,116778
1146,2025-04-15 20:00:00+00:00,112.46,112.64,112.1,112.2,35758
1147,2025-04-16 02:00:00+00:00,112.0,112.0,112.0,112.0,9254
1148,2025-04-16 04:00:00+00:00,112.0,112.68,111.28,111.42,156223
1149,2025-04-16 06:00:00+00:00,111.42,111.42,110.3,110.76,278519
1150,2025-04-16 08:00:00+00:00,110.78,113.12,110.2,112.7,608333
1151,2025-04-16 10:00:00+00:00,112.72,114.0,112.2,113.7,445435
1152,2025-04-16 12:00:00+00:00,113.72,114.44,113.12,114.18,303150
1153,2025-04-16 14:00:00+00:00,114.16,114.56,113.54,114.3,305033
1154,2025-04-16 16:00:00+00:00,114.32,114.58,112.18,112.42,244216
1155,2025-04-16 18:00:00+00:00,112.44,113.58,112.42,113.18,111105
1156,2025-04-16 20:00:00+00:00,113.12,113.4,112.82,113.04,33651
1157,2025-04-17 02:00:00+00:00,113.5,113.5,113.5,113.5,440
1158,2025-04-17 04:00:00+00:00,113.42,114.24,113.12,113.9,71179
1159,2025-04-17 06:00:00+00:00,113.9,114.34,112.64,113.64,204741
1160,2025-04-17 08:00:00+00:00,113.62,114.26,113.06,113.8,273569
1161,2025-04-17 10:00:00+00:00,113.8,114.62,113.7,114.42,194014
1162,2025-04-17 12:00:00+00:00,114.46,115.14,113.8,114.16,260888
1163,2025-04-17 14:00:00+00:00,114.16,114.28,112.3,113.54,309713
1164,2025-04-17 16:00:00+00:00,113.3,114.76,112.38,114.48,288347
1165,2025-04-17 18:00:00+00:00,114.5,115.4,113.76,115.02,451399
1166,2025-04-17 20:00:00+00:00,115.06,116.02,115.02,115.56,131942
1167,2025-04-18 02:00:00+00:00,113.3,113.3,113.3,113.3,14746
1168,2025-04-18 04:00:00+00:00,113.28,114.3,113.0,113.8,189689
1169,2025-04-18 06:00:00+00:00,113.82,114.44,113.28,113.64,223629
1170,2025-04-18 08:00:00+00:00,113.72,113.98,111.04,111.04,624342
1171,2025-04-18 10:00:00+00:00,111.06,112.48,110.8,111.92,681051
1172,2025-04-18 12:00:00+00:00,111.88,113.34,111.44,112.82,506946
1173,2025-04-18 14:00:00+00:00,112.82,113.5,112.64,113.42,213709
1174,2025-04-18 16:00:00+00:00,113.42,113.5,112.5,112.58,178923
1175,2025-04-18 18:00:00+00:00,112.56,112.94,112.32,112.44,91075
1176,2025-04-18 20:00:00+00:00,112.44,112.56,111.5,111.62,79628
1177,2025-04-21 02:00:00+00:00,112.9,112.9,112.9,112.9,1883
1178,2025-04-21 04:00:00+00:00,112.88,113.7,112.24,113.34,109369
1179,2025-04-21 06:00:00+00:00,113.34,113.86,112.82,113.28,229834
1180,2025-04-21 08:00:00+00:00,113.28,114.3,113.26,113.6,265028
1181,2025-04-21 10:00:00+00:00,113.6,114.96,113.04,114.1,420708
1182,2025-04-21 12:00:00+00:00,114.12,114.3,113.24,113.5,131566
1183,2025-04-21 14:00:00+00:00,113.5,114.18,113.46,114.0,90188
1184,2025-04-21 16:00:00+00:00,114.1,114.78,113.96,114.0,184655
1185,2025-04-21 18:00:00+00:00,114.06,114.38,113.92,114.14,46712
1186,2025-04-21 20:00:00+00:00,114.14,114.26,113.92,113.92,29616
1187,2025-04-22 02:00:00+00:00,114.5,114.5,114.5,114.5,1818
1188,2025-04-22 04:00:00+00:00,114.48,114.7,114.2,114.56,74630
1189,2025-04-22 06:00:00+00:00,114.52,114.86,114.0,114.82,201888
1190,2025-04-22 08:00:00+00:00,114.82,114.84,114.12,114.34,225821
1191,2025-04-22 10:00:00+00:00,114.32,114.8,113.12,113.26,252335
1192,2025-04-22 12:00:00+00:00,113.24,114.3,112.64,114.3,320324
1193,2025-04-22 14:00:00+00:00,114.24,114.54,113.9,114.26,214922
1194,2025-04-22 16:00:00+00:00,114.28,117.46,114.02,116.62,801667
1196,2025-04-22 20:00:00+00:00,116.68,116.88,116.48,116.7,41810
1197,2025-04-23 02:00:00+00:00,117.36,117.36,117.36,117.36,975
1198,2025-04-23 04:00:00+00:00,117.34,117.48,115.4,115.68,295591
1199,2025-04-23 06:00:00+00:00,115.7,115.72,112.66,113.34,558518
1200,2025-04-23 08:00:00+00:00,113.36,114.66,113.3,114.06,440567
1201,2025-04-23 10:00:00+00:00,114.02,114.5,113.6,113.82,261364
1202,2025-04-23 12:00:00+00:00,113.8,114.38,113.5,114.04,164504
1203,2025-04-23 14:00:00+00:00,114.06,114.36,113.54,113.9,155514
1204,2025-04-23 16:00:00+00:00,114.08,115.18,113.32,114.9,370233
1205,2025-04-23 18:00:00+00:00,114.9,115.0,114.14,114.26,100611
1206,2025-04-23 20:00:00+00:00,114.26,114.56,114.14,114.44,37290
1207,2025-04-24 02:00:00+00:00,114.2,114.2,114.2,114.2,1530
1208,2025-04-24 04:00:00+00:00,114.4,114.7,114.0,114.6,56930
1209,2025-04-24 06:00:00+00:00,114.56,116.28,114.24,115.76,308272
1210,2025-04-24 08:00:00+00:00,115.78,115.98,114.54,115.1,331717
1211,2025-04-24 10:00:00+00:00,115.1,115.64,114.8,114.9,227316
1212,2025-04-24 12:00:00+00:00,114.9,115.28,114.3,114.4,148879
1213,2025-04-24 14:00:00+00:00,114.4,114.4,113.62,113.82,195401
1214,2025-04-24 16:00:00+00:00,113.88,114.32,113.54,113.66,133020
1215,2025-04-24 18:00:00+00:00,113.68,114.18,113.16,114.12,90777
1216,2025-04-24 20:00:00+00:00,114.12,114.12,113.54,113.84,37053
1217,2025-04-25 02:00:00+00:00,114.18,114.18,114.18,114.18,406
1218,2025-04-25 04:00:00+00:00,114.16,114.78,114.06,114.56,70919
1219,2025-04-25 06:00:00+00:00,114.54,115.26,114.28,115.06,176729
1220,2025-04-25 08:00:00+00:00,115.06,116.08,114.64,115.96,366989
1221,2025-04-25 10:00:00+00:00,115.96,116.7,115.3,116.34,536110
1222,2025-04-25 12:00:00+00:00,116.36,116.96,116.06,116.76,243275
1223,2025-04-25 14:00:00+00:00,116.74,117.0,115.8,116.32,318512
1224,2025-04-25 16:00:00+00:00,116.32,116.34,115.8,116.12,88652
1225,2025-04-25 18:00:00+00:00,116.18,116.74,116.14,116.64,52022
1226,2025-04-25 20:00:00+00:00,116.66,117.76,116.62,117.7,167420
1227,2025-04-26 06:00:00+00:00,118.0,119.2,117.84,118.86,83678
1228,2025-04-26 08:00:00+00:00,118.76,120.36,118.76,119.8,220241
1229,2025-04-26 10:00:00+00:00,119.8,119.96,119.34,119.66,52289
1230,2025-04-26 12:00:00+00:00,119.6,119.7,118.44,118.6,141995
1231,2025-04-26 14:00:00+00:00,118.48,119.0,118.24,118.42,73196
1232,2025-04-27 06:00:00+00:00,118.78,119.48,118.7,119.06,16393
1233,2025-04-27 08:00:00+00:00,119.1,119.12,118.72,118.94,27860
1234,2025-04-27 10:00:00+00:00,119.0,119.12,118.8,118.86,10590
1235,2025-04-27 12:00:00+00:00,118.84,119.24,118.84,119.24,21553
1236,2025-04-27 14:00:00+00:00,119.22,119.5,119.0,119.48,39083
1237,2025-04-28 02:00:00+00:00,119.48,119.48,119.48,119.48,320
1238,2025-04-28 04:00:00+00:00,119.48,119.76,118.34,118.46,126102
1239,2025-04-28 06:00:00+00:00,118.46,118.48,116.62,117.8,401651
1240,2025-04-28 08:00:00+00:00,117.84,118.08,117.08,117.68,170596
1241,2025-04-28 10:00:00+00:00,117.68,120.0,116.86,119.68,627126
1242,2025-04-28 12:00:00+00:00,119.72,119.9,118.38,118.5,249952
1243,2025-04-28 14:00:00+00:00,118.52,119.06,118.4,118.82,120582
1244,2025-04-28 16:00:00+00:00,118.94,118.94,117.14,117.64,136500
1245,2025-04-28 18:00:00+00:00,117.66,117.76,116.5,117.04,156474
1246,2025-04-28 20:00:00+00:00,117.04,117.48,117.02,117.3,30320
1247,2025-04-29 02:00:00+00:00,117.5,117.5,117.5,117.5,613
1248,2025-04-29 04:00:00+00:00,117.48,117.54,117.14,117.14,36284
1249,2025-04-29 06:00:00+00:00,117.12,117.14,116.0,116.34,164990
1250,2025-04-29 08:00:00+00:00,116.38,117.0,115.96,116.18,150079
1251,2025-04-29 10:00:00+00:00,116.16,116.7,115.86,115.98,117982
1252,2025-04-29 12:00:00+00:00,115.96,116.54,115.72,116.06,126489
1253,2025-04-29 14:00:00+00:00,116.04,116.48,114.36,114.54,344434
1254,2025-04-29 16:00:00+00:00,114.54,114.94,112.7,114.04,437443
1255,2025-04-29 18:00:00+00:00,114.02,114.02,112.88,113.36,124872
1256,2025-04-29 20:00:00+00:00,113.34,113.84,113.3,113.62,23191
1257,2025-04-30 02:00:00+00:00,113.04,113.04,113.04,113.04,1687
1258,2025-04-30 04:00:00+00:00,113.14,113.62,111.58,112.9,203534
1259,2025-04-30 06:00:00+00:00,112.88,113.6,112.5,112.7,248758
1260,2025-04-30 08:00:00+00:00,112.7,112.7,111.34,112.64,431092
1261,2025-04-30 10:00:00+00:00,112.6,113.2,112.24,113.0,242095
1263,2025-04-30 14:00:00+00:00,112.98,115.2,112.94,114.08,280743
1264,2025-04-30 16:00:00+00:00,114.08,114.26,113.04,114.08,142296
1265,2025-04-30 18:00:00+00:00,114.06,114.6,113.52,114.4,145081
1266,2025-04-30 20:00:00+00:00,114.4,114.48,114.22,114.38,49329
1267,2025-05-02 02:00:00+00:00,114.0,114.0,114.0,114.0,2404
1268,2025-05-02 04:00:00+00:00,114.1,114.1,112.46,112.74,83938
1269,2025-05-02 06:00:00+00:00,112.74,112.88,111.28,111.54,276421
1270,2025-05-02 08:00:00+00:00,111.54,111.54,110.4,110.74,305607
1271,2025-05-02 10:00:00+00:00,110.74,111.14,110.56,110.64,125316
1272,2025-05-02 12:00:00+00:00,110.64,110.98,110.18,110.42,115644
1273,2025-05-02 14:00:00+00:00,110.42,110.58,109.32,109.34,233149
1274,2025-05-02 16:00:00+00:00,109.56,109.86,108.8,109.38,140768
1275,2025-05-02 18:00:00+00:00,109.4,109.96,109.14,109.3,79409
1276,2025-05-02 20:00:00+00:00,109.28,109.28,108.56,109.0,94409
1277,2025-05-03 06:00:00+00:00,109.0,109.76,108.36,109.1,68947
1278,2025-05-03 08:00:00+00:00,109.06,109.34,108.84,109.22,22769
1279,2025-05-03 10:00:00+00:00,109.24,109.3,109.06,109.26,7272
1280,2025-05-03 12:00:00+00:00,109.26,109.34,108.6,108.6,14532
1281,2025-05-03 14:00:00+00:00,108.68,109.32,108.66,109.26,25628
1282,2025-05-04 06:00:00+00:00,109.26,109.38,109.0,109.26,9755
1283,2025-05-04 08:00:00+00:00,109.36,109.86,109.18,109.62,36057
1284,2025-05-04 10:00:00+00:00,109.6,110.04,109.6,109.8,36084
1285,2025-05-04 12:00:00+00:00,109.78,109.82,109.22,109.34,21406
1286,2025-05-04 14:00:00+00:00,109.34,109.56,109.22,109.4,14240
1287,2025-05-05 02:00:00+00:00,109.24,109.24,109.24,109.24,1101
1288,2025-05-05 04:00:00+00:00,109.4,109.82,108.72,108.92,105097
1289,2025-05-05 06:00:00+00:00,108.9,108.92,107.5,107.7,266527
1290,2025-05-05 08:00:00+00:00,107.72,108.34,107.6,108.2,292714
1291,2025-05-05 10:00:00+00:00,108.2,108.62,106.5,107.56,409052
1292,2025-05-05 12:00:00+00:00,107.58,107.86,107.08,107.54,125907
1293,2025-05-05 14:00:00+00:00,107.52,107.8,106.8,107.12,260789
1294,2025-05-05 16:00:00+00:00,107.12,107.82,107.02,107.82,84995
1295,2025-05-05 18:00:00+00:00,107.82,107.86,107.22,107.52,68248
1296,2025-05-05 20:00:00+00:00,107.52,107.56,107.22,107.26,15092
1297,2025-05-06 02:00:00+00:00,107.76,107.76,107.76,107.76,847
1298,2025-05-06 04:00:00+00:00,107.4,108.3,107.4,107.5,66932
1299,2025-05-06 06:00:00+00:00,107.48,108.4,106.56,107.96,246727
1300,2025-05-06 08:00:00+00:00,107.96,108.48,107.34,107.58,233377
1301,2025-05-06 10:00:00+00:00,107.6,107.72,107.0,107.6,128103
1302,2025-05-06 12:00:00+00:00,107.62,108.9,107.6,108.18,221661
1303,2025-05-06 14:00:00+00:00,108.2,108.82,108.02,108.72,155959
1304,2025-05-06 16:00:00+00:00,108.46,109.0,108.42,109.0,73830
1305,2025-05-06 18:00:00+00:00,109.0,109.58,108.7,109.0,116788
1306,2025-05-06 20:00:00+00:00,109.0,109.06,107.44,107.7,94479
1307,2025-05-07 02:00:00+00:00,107.9,107.9,107.9,107.9,6751
1308,2025-05-07 04:00:00+00:00,107.9,108.8,107.82,108.32,104140
1309,2025-05-07 06:00:00+00:00,108.36,108.48,107.26,108.3,226925
1310,2025-05-07 08:00:00+00:00,108.28,108.9,107.68,108.74,174677
1311,2025-05-07 10:00:00+00:00,108.74,109.4,108.1,108.74,229938
1312,2025-05-07 12:00:00+00:00,108.74,109.3,108.22,108.26,173598
1313,2025-05-07 14:00:00+00:00,108.3,109.6,108.26,109.3,159878
1314,2025-05-07 16:00:00+00:00,109.4,109.8,108.72,108.82,89804
1315,2025-05-07 18:00:00+00:00,108.82,108.86,108.32,108.58,35051
1316,2025-05-07 20:00:00+00:00,108.58,108.9,108.54,108.86,11719
1317,2025-05-08 02:00:00+00:00,108.98,108.98,108.98,108.98,240
1318,2025-05-08 04:00:00+00:00,108.94,109.8,108.86,109.5,39425
1319,2025-05-08 06:00:00+00:00,109.5,111.88,109.32,111.54,303676
1320,2025-05-08 08:00:00+00:00,111.54,111.88,111.14,111.28,293960
1321,2025-05-08 10:00:00+00:00,111.3,111.46,110.62,110.7,109064
1322,2025-05-08 12:00:00+00:00,110.66,111.48,110.4,110.76,170219
1323,2025-05-08 14:00:00+00:00,110.84,111.28,110.62,110.9,50149
1324,2025-05-08 16:00:00+00:00,111.08,111.66,110.6,111.42,64716
1325,2025-05-08 18:00:00+00:00,111.42,111.46,111.1,111.24,40844
1326,2025-05-08 20:00:00+00:00,111.26,111.8,111.2,111.6,31412
1327,2025-05-10 06:00:00+00:00,111.94,112.16,111.7,111.74,33211
1328,2025-05-10 08:00:00+00:00,111.76,111.84,111.22,111.48,21402
1329,2025-05-10 10:00:00+00:00,111.46,111.52,111.22,111.44,7277
1330,2025-05-10 12:00:00+00:00,111.36,111.96,111.2,111.94,22702
1331,2025-05-10 14:00:00+00:00,111.94,112.16,111.5,111.8,80658
1332,2025-05-11 06:00:00+00:00,113.0,114.5,112.8,114.1,133195
1333,2025-05-11 08:00:00+00:00,114.1,114.14,113.1,113.18,100535
1334,2025-05-11 10:00:00+00:00,113.22,113.44,112.9,113.24,20152
1335,2025-05-11 12:00:00+00:00,113.26,113.44,112.52,112.72,46952
1336,2025-05-11 14:00:00+00:00,112.72,112.98,112.5,112.88,27966
1337,2025-05-12 02:00:00+00:00,113.2,113.2,113.2,113.2,821
1338,2025-05-12 04:00:00+00:00,113.28,114.4,113.22,113.98,156581
1339,2025-05-12 06:00:00+00:00,113.94,114.64,113.68,114.18,295502
1340,2025-05-12 08:00:00+00:00,114.26,114.28,113.78,113.96,148202
1341,2025-05-12 10:00:00+00:00,113.96,114.34,113.62,113.82,153056
1342,2025-05-12 12:00:00+00:00,113.84,114.0,112.74,112.94,166229
1343,2025-05-12 14:00:00+00:00,112.94,114.32,112.86,114.2,270041
1344,2025-05-12 16:00:00+00:00,114.2,114.5,113.8,114.32,77998
1345,2025-05-12 18:00:00+00:00,114.32,114.34,113.8,114.04,52238
1346,2025-05-12 20:00:00+00:00,114.06,114.5,114.06,114.48,28242
1347,2025-05-13 02:00:00+00:00,114.56,114.56,114.56,114.56,1436
1348,2025-05-13 04:00:00+00:00,114.58,114.98,114.2,114.56,96458
1349,2025-05-13 06:00:00+00:00,114.58,114.84,113.8,114.08,192789
1350,2025-05-13 08:00:00+00:00,114.1,114.3,112.72,114.12,458510
1351,2025-05-13 10:00:00+00:00,114.12,114.14,113.3,113.34,53840
1352,2025-05-13 12:00:00+00:00,113.32,114.4,113.32,114.32,199492
1353,2025-05-13 14:00:00+00:00,114.32,114.4,113.76,114.28,92080
1354,2025-05-13 16:00:00+00:00,114.22,114.36,113.68,113.82,78216
1355,2025-05-13 18:00:00+00:00,113.8,113.9,113.0,113.22,107139
1356,2025-05-13 20:00:00+00:00,113.24,113.4,112.9,112.98,43054
1357,2025-05-14 02:00:00+00:00,112.82,112.82,112.82,112.82,1104
1358,2025-05-14 04:00:00+00:00,112.86,113.32,112.32,113.04,116724
1359,2025-05-14 06:00:00+00:00,113.04,113.04,112.44,112.92,136760
1360,2025-05-14 08:00:00+00:00,112.92,113.7,112.74,113.34,136547
1361,2025-05-14 10:00:00+00:00,113.3,113.84,113.1,113.8,74349
1362,2025-05-14 12:00:00+00:00,113.78,114.72,113.62,113.76,201570
1363,2025-05-14 14:00:00+00:00,113.78,113.9,112.94,112.94,197076
1364,2025-05-14 16:00:00+00:00,112.9,113.32,112.72,113.08,92586
1365,2025-05-14 18:00:00+00:00,113.06,113.12,112.22,112.3,110232
1366,2025-05-14 20:00:00+00:00,112.3,112.36,110.58,110.6,296707
1367,2025-05-15 02:00:00+00:00,111.12,111.12,111.12,111.12,233
1368,2025-05-15 04:00:00+00:00,111.12,111.8,111.0,111.54,66224
1369,2025-05-15 06:00:00+00:00,111.5,111.78,110.28,110.56,168500
1370,2025-05-15 08:00:00+00:00,110.52,110.94,108.98,109.84,405424
1371,2025-05-15 10:00:00+00:00,109.84,110.5,109.66,110.44,251784
1372,2025-05-15 12:00:00+00:00,110.42,111.24,109.8,110.9,238226
1373,2025-05-15 14:00:00+00:00,110.86,111.3,110.14,110.14,108899
1374,2025-05-15 16:00:00+00:00,110.16,110.72,109.72,110.42,73789
1375,2025-05-15 18:00:00+00:00,110.48,110.58,110.16,110.28,21844
1376,2025-05-15 20:00:00+00:00,110.36,110.52,110.16,110.52,12879
1377,2025-05-16 02:00:00+00:00,110.52,110.52,110.52,110.52,203
1378,2025-05-16 04:00:00+00:00,110.56,111.08,110.5,110.94,26303
1379,2025-05-16 06:00:00+00:00,110.96,111.06,110.2,110.68,92794
1380,2025-05-16 08:00:00+00:00,110.68,110.88,110.48,110.62,72578
1381,2025-05-16 10:00:00+00:00,110.6,110.74,109.22,110.26,109756
1382,2025-05-16 12:00:00+00:00,110.28,111.2,107.74,110.54,602645
1383,2025-05-16 14:00:00+00:00,110.52,111.2,110.4,110.42,179409
1384,2025-05-16 16:00:00+00:00,110.42,110.76,110.18,110.44,59322
1385,2025-05-16 18:00:00+00:00,110.38,110.62,110.04,110.56,51468
1386,2025-05-16 20:00:00+00:00,110.58,110.8,110.38,110.6,29932
1387,2025-05-17 06:00:00+00:00,110.6,111.38,110.22,111.32,18734
1388,2025-05-17 08:00:00+00:00,111.32,111.4,111.08,111.22,20537
1389,2025-05-17 10:00:00+00:00,111.22,111.3,110.92,111.06,21165
1390,2025-05-17 12:00:00+00:00,111.04,111.12,110.84,111.0,7898
1391,2025-05-17 14:00:00+00:00,110.96,112.6,110.96,112.3,105180
1392,2025-05-18 06:00:00+00:00,112.7,113.0,112.1,112.72,70340
1393,2025-05-18 08:00:00+00:00,112.64,112.86,112.38,112.74,38040
1394,2025-05-18 10:00:00+00:00,112.68,112.78,112.48,112.58,15023
1395,2025-05-18 12:00:00+00:00,112.58,112.9,112.44,112.9,28108
1396,2025-05-18 14:00:00+00:00,112.9,112.96,112.64,112.7,40709
1397,2025-05-19 02:00:00+00:00,112.5,112.5,112.5,112.5,932
1398,2025-05-19 04:00:00+00:00,112.48,112.84,111.96,112.06,58184
1399,2025-05-19 06:00:00+00:00,112.0,112.22,111.28,111.64,123173
1400,2025-05-19 08:00:00+00:00,111.62,112.14,111.4,111.66,87733
1401,2025-05-19 10:00:00+00:00,111.68,112.22,111.6,112.1,65157
1402,2025-05-19 12:00:00+00:00,112.1,112.34,111.26,111.3,116698
1403,2025-05-19 14:00:00+00:00,111.3,112.26,110.7,111.7,203913
1404,2025-05-19 16:00:00+00:00,111.9,112.78,110.36,110.6,367855
1405,2025-05-19 18:00:00+00:00,110.6,110.88,109.6,109.9,175335
1406,2025-05-19 20:00:00+00:00,109.92,110.1,109.78,109.92,28783
1407,2025-05-20 02:00:00+00:00,110.38,110.38,110.38,110.38,99
1408,2025-05-20 04:00:00+00:00,110.36,110.6,110.02,110.3,42693
1409,2025-05-20 06:00:00+00:00,110.3,110.48,109.26,109.42,170330
1410,2025-05-20 08:00:00+00:00,109.42,109.74,108.76,109.42,150116
1411,2025-05-20 10:00:00+00:00,109.42,109.48,108.7,109.12,92985
1412,2025-05-20 12:00:00+00:00,109.12,109.14,108.3,108.56,139065
1413,2025-05-20 14:00:00+00:00,108.6,108.76,107.3,107.36,325577
1414,2025-05-20 16:00:00+00:00,107.64,107.74,107.04,107.7,93694
1415,2025-05-20 18:00:00+00:00,107.68,107.84,107.42,107.72,42660
1416,2025-05-20 20:00:00+00:00,107.74,107.98,107.58,107.82,34517
1417,2025-05-21 02:00:00+00:00,107.98,107.98,107.98,107.98,72
1418,2025-05-21 04:00:00+00:00,107.96,108.1,107.48,107.72,39322
1419,2025-05-21 06:00:00+00:00,107.72,107.74,106.5,106.7,269801
1420,2025-05-21 08:00:00+00:00,106.7,106.8,106.02,106.14,272381
1421,2025-05-21 10:00:00+00:00,106.12,106.44,105.66,106.3,272451
1422,2025-05-21 12:00:00+00:00,106.3,106.98,106.26,106.78,149395
1423,2025-05-21 14:00:00+00:00,106.78,106.78,105.12,105.24,318103
1424,2025-05-21 16:00:00+00:00,105.5,105.78,105.22,105.5,117628
1425,2025-05-21 18:00:00+00:00,105.46,105.64,105.02,105.52,69054
1426,2025-05-21 20:00:00+00:00,105.5,105.86,105.48,105.56,35556
1427,2025-05-22 02:00:00+00:00,105.56,105.56,105.56,105.56,110
1428,2025-05-22 04:00:00+00:00,105.6,106.0,104.58,104.9,171734
1429,2025-05-22 06:00:00+00:00,104.9,104.9,103.82,104.08,325350
1430,2025-05-22 08:00:00+00:00,104.06,104.66,103.54,104.56,239805
1431,2025-05-22 10:00:00+00:00,104.54,105.24,104.22,104.5,195915
1432,2025-05-22 12:00:00+00:00,104.44,105.0,103.62,104.44,305898
1433,2025-05-22 14:00:00+00:00,104.46,106.3,104.22,105.76,478231
1434,2025-05-22 16:00:00+00:00,105.7,105.7,104.2,104.7,170543
1435,2025-05-22 18:00:00+00:00,104.68,105.08,104.32,104.92,60101
1436,2025-05-22 20:00:00+00:00,104.9,105.14,104.8,105.02,21571
1437,2025-05-23 02:00:00+00:00,105.02,105.02,105.02,105.02,73
1438,2025-05-23 04:00:00+00:00,105.1,105.34,104.0,104.12,43195
1439,2025-05-23 06:00:00+00:00,104.18,104.74,104.04,104.28,92932
1440,2025-05-23 08:00:00+00:00,104.28,104.88,104.18,104.64,103170
1441,2025-05-23 10:00:00+00:00,104.66,105.04,104.26,104.34,129630
1442,2025-05-23 12:00:00+00:00,104.32,104.38,103.1,103.6,297192
1443,2025-05-23 14:00:00+00:00,103.6,104.14,103.48,103.48,123364
1444,2025-05-23 16:00:00+00:00,103.5,103.78,103.5,103.66,38198
1445,2025-05-23 18:00:00+00:00,103.7,103.92,103.62,103.88,31860
1446,2025-05-23 20:00:00+00:00,103.9,103.9,103.66,103.68,30980
1447,2025-05-26 02:00:00+00:00,103.66,103.66,103.66,103.66,215
1448,2025-05-26 04:00:00+00:00,103.64,103.66,100.9,101.58,280048
1449,2025-05-26 06:00:00+00:00,101.58,101.78,100.68,101.4,276401
1450,2025-05-26 08:00:00+00:00,101.42,101.56,100.92,101.0,204884
1451,2025-05-26 10:00:00+00:00,101.02,101.16,100.5,100.68,165086
1452,2025-05-26 12:00:00+00:00,100.7,101.08,100.5,100.5,173020
1453,2025-05-26 14:00:00+00:00,100.5,100.72,99.8,99.8,294277
1454,2025-05-26 16:00:00+00:00,99.7,100.1,99.0,99.42,285071
1455,2025-05-26 18:00:00+00:00,99.42,99.98,99.36,99.68,80854
1456,2025-05-26 20:00:00+00:00,99.68,100.18,99.66,100.04,40135
1457,2025-05-27 02:00:00+00:00,100.04,100.04,100.04,100.04,743
1458,2025-05-27 04:00:00+00:00,100.02,100.04,98.5,99.28,205028
1459,2025-05-27 06:00:00+00:00,99.28,101.4,99.28,100.58,580580
1460,2025-05-27 08:00:00+00:00,100.6,101.24,100.38,100.98,162215
1461,2025-05-27 10:00:00+00:00,100.98,101.28,100.62,100.74,135241
1462,2025-05-27 12:00:00+00:00,100.74,101.0,99.82,100.5,144028
1463,2025-05-27 14:00:00+00:00,100.54,101.9,100.5,101.5,228234
1464,2025-05-27 16:00:00+00:00,101.48,101.68,101.14,101.3,67233
1465,2025-05-27 18:00:00+00:00,101.32,101.66,101.2,101.48,33191
1466,2025-05-27 20:00:00+00:00,101.48,101.5,101.12,101.34,28651
1467,2025-05-28 02:00:00+00:00,101.64,101.64,101.64,101.64,2
1468,2025-05-28 04:00:00+00:00,101.64,102.3,101.34,102.06,71498
1469,2025-05-28 06:00:00+00:00,102.02,103.9,101.58,103.56,320840
1470,2025-05-28 08:00:00+00:00,103.54,104.5,103.02,104.14,335881
1471,2025-05-28 10:00:00+00:00,104.22,104.48,103.3,103.5,486003
1472,2025-05-28 12:00:00+00:00,103.48,104.8,103.3,104.54,341604
1473,2025-05-28 14:00:00+00:00,104.58,104.76,103.62,103.84,183600
1474,2025-05-28 16:00:00+00:00,104.0,105.4,104.0,105.12,234698
1475,2025-05-28 18:00:00+00:00,105.12,106.0,105.06,105.92,178142
1476,2025-05-28 20:00:00+00:00,105.92,107.58,105.82,107.2,212847
1477,2025-05-29 02:00:00+00:00,107.26,107.26,107.26,107.26,1076
1478,2025-05-29 04:00:00+00:00,107.26,107.38,106.4,106.6,140518
1479,2025-05-29 06:00:00+00:00,106.6,106.8,105.32,105.54,252397
1480,2025-05-29 08:00:00+00:00,105.52,107.4,105.4,106.84,267866
1481,2025-05-29 10:00:00+00:00,106.84,107.34,106.64,107.0,160326
1482,2025-05-29 12:00:00+00:00,106.98,107.2,105.6,105.9,159696
1483,2025-05-29 14:00:00+00:00,105.84,106.68,105.66,105.84,107931
1484,2025-05-29 16:00:00+00:00,105.96,105.96,104.82,105.0,138980
1485,2025-05-29 18:00:00+00:00,104.94,105.02,104.5,104.68,65204
1486,2025-05-29 20:00:00+00:00,104.68,104.9,104.6,104.84,15277
1487,2025-05-30 02:00:00+00:00,104.5,104.5,104.5,104.5,338
1488,2025-05-30 04:00:00+00:00,104.68,105.34,104.1,104.9,89032
1489,2025-05-30 06:00:00+00:00,104.96,105.92,104.74,105.08,202986
1490,2025-05-30 08:00:00+00:00,105.1,106.5,104.8,106.2,248994
1491,2025-05-30 10:00:00+00:00,106.22,106.96,105.76,105.78,273784
1492,2025-05-30 12:00:00+00:00,105.82,105.86,105.06,105.32,145770
1493,2025-05-30 14:00:00+00:00,105.32,105.6,104.32,105.6,153502
1494,2025-05-30 16:00:00+00:00,105.58,105.68,104.82,105.28,48902
1495,2025-05-30 18:00:00+00:00,105.3,106.74,105.18,105.98,200102
1496,2025-05-30 20:00:00+00:00,105.98,106.56,105.84,106.42,50579
1497,2025-05-31 06:00:00+00:00,106.44,108.18,106.4,107.24,61997
1498,2025-05-31 08:00:00+00:00,107.32,107.4,107.14,107.28,27118
1499,2025-05-31 10:00:00+00:00,107.26,107.28,107.06,107.18,18503
1500,2025-05-31 12:00:00+00:00,107.18,107.4,107.1,107.22,14825
1501,2025-05-31 14:00:00+00:00,107.22,107.34,107.06,107.08,15888
1502,2025-06-01 06:00:00+00:00,106.78,106.78,105.74,106.0,40547
1503,2025-06-01 08:00:00+00:00,105.94,105.94,105.0,105.5,61424
1504,2025-06-01 10:00:00+00:00,105.5,105.6,103.24,103.64,141966
1505,2025-06-01 12:00:00+00:00,103.6,103.98,103.24,103.48,134479
1506,2025-06-01 14:00:00+00:00,103.48,103.54,103.24,103.24,45641
1507,2025-06-02 02:00:00+00:00,103.3,103.3,103.3,103.3,750
1508,2025-06-02 04:00:00+00:00,103.5,104.14,103.02,103.76,109459
1509,2025-06-02 06:00:00+00:00,103.8,104.9,103.7,104.48,146326
1510,2025-06-02 08:00:00+00:00,104.5,104.84,104.36,104.56,81628
1511,2025-06-02 10:00:00+00:00,104.56,104.64,103.8,104.22,121382
1512,2025-06-02 12:00:00+00:00,104.22,104.7,103.06,103.96,260598
1513,2025-06-02 14:00:00+00:00,103.96,106.42,103.56,106.38,396270
1514,2025-06-02 16:00:00+00:00,106.36,106.46,105.44,105.8,146516
1515,2025-06-02 18:00:00+00:00,105.82,106.1,105.68,105.78,26368
1516,2025-06-02 20:00:00+00:00,105.78,106.0,105.66,105.68,13833
1517,2025-06-03 02:00:00+00:00,105.68,105.68,105.68,105.68,447
1518,2025-06-03 04:00:00+00:00,105.68,106.64,105.68,106.06,80370
1519,2025-06-03 06:00:00+00:00,106.0,106.5,105.7,106.26,122383
1520,2025-06-03 08:00:00+00:00,106.26,106.7,105.94,106.4,178850
1521,2025-06-03 10:00:00+00:00,106.42,108.48,106.12,108.34,335626
1522,2025-06-03 12:00:00+00:00,108.4,108.44,107.44,108.24,317234
1523,2025-06-03 14:00:00+00:00,108.26,109.98,108.02,109.46,496696
1524,2025-06-03 16:00:00+00:00,109.44,109.68,108.9,109.2,97950
1525,2025-06-03 18:00:00+00:00,109.18,109.6,109.16,109.32,53389
1526,2025-06-03 20:00:00+00:00,109.3,110.42,109.3,110.4,98605
1527,2025-06-04 02:00:00+00:00,110.4,110.4,110.4,110.4,1219
1528,2025-06-04 04:00:00+00:00,110.44,111.04,109.58,111.04,192745
1529,2025-06-04 06:00:00+00:00,111.02,111.74,110.42,111.12,283809
1530,2025-06-04 08:00:00+00:00,111.1,111.36,110.3,110.98,165840
1531,2025-06-04 10:00:00+00:00,110.98,112.42,110.96,112.36,466130
1532,2025-06-04 12:00:00+00:00,112.3,113.12,111.48,112.92,626844
1534,2025-06-04 16:00:00+00:00,111.7,112.42,111.24,112.4,201813
1535,2025-06-04 18:00:00+00:00,112.38,112.5,111.02,111.14,106515
1536,2025-06-04 20:00:00+00:00,111.12,111.56,111.1,111.38,37213
1537,2025-06-05 02:00:00+00:00,111.38,111.38,111.38,111.38,548
1538,2025-06-05 04:00:00+00:00,111.36,112.22,111.36,111.76,59760
1539,2025-06-05 06:00:00+00:00,111.74,112.4,111.38,111.88,108815
1540,2025-06-05 08:00:00+00:00,111.88,111.98,110.24,110.32,370842
1541,2025-06-05 10:00:00+00:00,110.38,110.64,109.72,110.24,255282
1542,2025-06-05 12:00:00+00:00,110.24,110.38,109.52,110.04,184522
1543,2025-06-05 14:00:00+00:00,110.02,110.42,109.72,110.28,176263
1544,2025-06-05 16:00:00+00:00,110.2,110.2,109.1,109.22,168347
1545,2025-06-05 18:00:00+00:00,109.24,109.68,109.02,109.5,71603
1546,2025-06-05 20:00:00+00:00,109.48,109.9,109.48,109.82,37291
1547,2025-06-06 02:00:00+00:00,109.5,109.5,109.5,109.5,3000
1548,2025-06-06 04:00:00+00:00,109.6,110.28,109.54,109.7,73431
1549,2025-06-06 06:00:00+00:00,109.74,111.34,109.62,111.08,213937
1550,2025-06-06 08:00:00+00:00,111.08,111.4,110.22,110.46,193007
1551,2025-06-06 10:00:00+00:00,110.46,112.86,109.8,110.0,791864
1552,2025-06-06 12:00:00+00:00,110.0,110.08,108.42,109.44,532293
1553,2025-06-06 14:00:00+00:00,109.44,109.62,108.2,108.32,384285
1554,2025-06-06 16:00:00+00:00,108.38,108.68,108.2,108.36,152847
1555,2025-06-06 18:00:00+00:00,108.3,108.4,108.2,108.3,97872
1556,2025-06-06 20:00:00+00:00,108.22,108.32,108.2,108.2,71633
1557,2025-06-07 06:00:00+00:00,108.2,108.72,108.2,108.72,20422
1558,2025-06-07 08:00:00+00:00,108.66,108.72,108.46,108.54,8084
1559,2025-06-07 10:00:00+00:00,108.54,108.66,108.48,108.56,5519
1560,2025-06-07 12:00:00+00:00,108.56,108.6,108.44,108.44,8822
1561,2025-06-07 14:00:00+00:00,108.44,108.5,108.3,108.48,10398
1562,2025-06-08 06:00:00+00:00,108.48,108.68,108.06,108.2,16324
1563,2025-06-08 08:00:00+00:00,108.24,108.24,107.9,108.04,14953
1564,2025-06-08 10:00:00+00:00,108.06,108.06,107.78,107.8,21734
1565,2025-06-08 12:00:00+00:00,107.8,107.8,107.1,107.38,32549
1566,2025-06-08 14:00:00+00:00,107.38,107.88,107.24,107.68,18511
1567,2025-06-09 02:00:00+00:00,107.8,107.8,107.8,107.8,156
1568,2025-06-09 04:00:00+00:00,107.8,108.0,106.66,107.2,98162
1569,2025-06-09 06:00:00+00:00,107.22,109.12,106.6,108.56,614621
1570,2025-06-09 08:00:00+00:00,108.52,109.84,108.3,109.18,692241
1571,2025-06-09 10:00:00+00:00,109.2,109.44,108.38,108.62,328789
1572,2025-06-09 12:00:00+00:00,108.64,109.68,108.06,108.84,506042
1573,2025-06-09 14:00:00+00:00,108.84,109.48,108.3,108.88,389304
1574,2025-06-09 16:00:00+00:00,109.0,110.74,108.9,110.42,336727
1575,2025-06-09 18:00:00+00:00,110.4,111.2,109.84,110.78,220515
1576,2025-06-09 20:00:00+00:00,110.72,110.98,110.48,110.7,49374
1577,2025-06-10 02:00:00+00:00,111.0,111.0,111.0,111.0,1259
1578,2025-06-10 04:00:00+00:00,111.0,111.92,110.88,111.7,220161
1579,2025-06-10 06:00:00+00:00,111.7,111.82,109.24,109.46,594017
1580,2025-06-10 08:00:00+00:00,109.46,109.52,107.72,108.04,554045
1581,2025-06-10 10:00:00+00:00,108.08,108.3,107.16,108.0,579867
1583,2025-06-10 14:00:00+00:00,106.16,107.28,106.14,107.08,347152
1584,2025-06-10 16:00:00+00:00,107.18,107.26,105.7,106.1,267485
1585,2025-06-10 18:00:00+00:00,106.1,106.76,105.86,106.4,128772
1586,2025-06-10 20:00:00+00:00,106.38,106.6,106.14,106.24,36869
1587,2025-06-11 02:00:00+00:00,106.38,106.38,106.38,106.38,365
1588,2025-06-11 04:00:00+00:00,106.36,106.76,104.56,105.34,298072
1589,2025-06-11 06:00:00+00:00,105.34,107.64,105.12,106.92,727965
1590,2025-06-11 08:00:00+00:00,106.9,107.2,106.56,107.18,227276
1591,2025-06-11 10:00:00+00:00,107.18,107.84,107.12,107.84,294565
1592,2025-06-11 12:00:00+00:00,107.8,108.46,107.46,107.82,325048
1593,2025-06-11 14:00:00+00:00,107.82,107.82,107.02,107.6,240748
1594,2025-06-11 16:00:00+00:00,107.5,107.6,106.72,106.82,106294
1595,2025-06-11 18:00:00+00:00,106.82,107.14,106.76,106.92,45918
1596,2025-06-11 20:00:00+00:00,106.92,107.14,106.8,106.8,47353
1597,2025-06-13 02:00:00+00:00,107.04,107.04,107.04,107.04,6018
1598,2025-06-13 04:00:00+00:00,107.08,108.14,107.02,107.78,79171
1599,2025-06-13 06:00:00+00:00,107.78,107.8,106.24,106.82,123777
1600,2025-06-13 08:00:00+00:00,106.9,107.58,106.42,107.44,86818
1601,2025-06-13 10:00:00+00:00,107.44,107.48,106.56,107.0,69899
1602,2025-06-13 12:00:00+00:00,107.02,107.22,106.6,106.72,43839
1603,2025-06-13 14:00:00+00:00,106.78,106.88,105.6,105.9,82197
1604,2025-06-13 16:00:00+00:00,105.9,106.18,105.52,106.16,57298
1605,2025-06-13 18:00:00+00:00,106.16,106.16,104.86,104.96,174488
1606,2025-06-13 20:00:00+00:00,104.94,105.54,104.82,105.5,47837
1607,2025-06-14 06:00:00+00:00,105.52,105.88,105.5,105.76,24690
1608,2025-06-14 08:00:00+00:00,105.78,106.1,105.58,105.94,34330
1609,2025-06-14 10:00:00+00:00,106.0,106.06,105.8,105.88,20173
1610,2025-06-14 12:00:00+00:00,105.88,106.16,105.8,106.12,26215
1611,2025-06-14 14:00:00+00:00,106.1,106.3,106.0,106.16,18619
1612,2025-06-15 06:00:00+00:00,106.32,106.66,105.42,105.72,36615
1613,2025-06-15 08:00:00+00:00,105.72,105.88,105.7,105.86,12988
1614,2025-06-15 10:00:00+00:00,105.88,106.3,105.78,106.08,21773
1615,2025-06-15 12:00:00+00:00,106.08,106.18,105.9,106.14,8355
1616,2025-06-15 14:00:00+00:00,106.1,106.18,105.84,106.18,24040
1617,2025-06-16 02:00:00+00:00,106.18,106.18,106.18,106.18,718
1618,2025-06-16 04:00:00+00:00,106.0,106.22,105.58,106.06,49351
1619,2025-06-16 06:00:00+00:00,106.0,106.0,105.0,105.3,184688
1620,2025-06-16 08:00:00+00:00,105.3,105.88,105.06,105.84,191623
1621,2025-06-16 10:00:00+00:00,105.86,105.94,105.26,105.62,139998
1622,2025-06-16 12:00:00+00:00,105.62,105.78,104.74,104.86,262741
1623,2025-06-16 14:00:00+00:00,104.84,105.2,104.7,104.82,97506
1624,2025-06-16 16:00:00+00:00,104.82,104.96,104.12,104.5,141108
1625,2025-06-16 18:00:00+00:00,104.5,104.54,104.1,104.26,35314
1626,2025-06-16 20:00:00+00:00,104.26,104.46,104.2,104.42,9083
1627,2025-06-17 02:00:00+00:00,104.6,104.6,104.6,104.6,316
1628,2025-06-17 04:00:00+00:00,104.58,104.8,104.06,104.5,26416
1629,2025-06-17 06:00:00+00:00,104.48,105.44,103.66,105.2,217106
1630,2025-06-17 08:00:00+00:00,105.24,106.28,104.94,106.0,281932
1631,2025-06-17 10:00:00+00:00,106.0,106.28,105.72,105.86,160040
1632,2025-06-17 12:00:00+00:00,105.86,107.58,105.8,107.4,425403
1633,2025-06-17 14:00:00+00:00,107.4,107.98,107.3,107.5,288874
1634,2025-06-17 16:00:00+00:00,107.5,107.82,107.24,107.48,113839
1635,2025-06-17 18:00:00+00:00,107.46,107.68,106.8,107.12,99232
1636,2025-06-17 20:00:00+00:00,107.1,107.56,107.04,107.52,25819
1637,2025-06-18 02:00:00+00:00,107.52,107.52,107.52,107.52,49
1638,2025-06-18 04:00:00+00:00,107.56,107.88,107.08,107.38,52629
1639,2025-06-18 06:00:00+00:00,107.34,107.86,106.68,107.1,123912
1640,2025-06-18 08:00:00+00:00,107.08,108.6,106.26,108.46,396694
1641,2025-06-18 10:00:00+00:00,108.44,108.56,107.7,107.94,197771
1642,2025-06-18 12:00:00+00:00,107.94,108.54,107.58,108.12,201869
1643,2025-06-18 14:00:00+00:00,108.16,108.3,107.52,108.0,119845
1644,2025-06-18 16:00:00+00:00,108.0,108.04,107.04,107.22,90017
1645,2025-06-18 18:00:00+00:00,107.22,107.36,106.88,107.04,46401
1646,2025-06-18 20:00:00+00:00,107.0,107.4,107.0,107.28,13847
1647,2025-06-19 02:00:00+00:00,107.38,107.38,107.38,107.38,103
1648,2025-06-19 04:00:00+00:00,107.42,108.28,107.2,107.9,52729
1649,2025-06-19 06:00:00+00:00,107.9,108.36,107.32,107.98,104116
1650,2025-06-19 08:00:00+00:00,107.98,108.16,106.72,107.12,192407
1651,2025-06-19 10:00:00+00:00,107.12,107.24,105.0,106.12,403126
1652,2025-06-19 12:00:00+00:00,106.08,106.44,105.4,106.38,479468
1653,2025-06-19 14:00:00+00:00,106.38,107.26,106.18,107.26,269313
1654,2025-06-19 16:00:00+00:00,107.2,107.24,106.66,106.7,43649
1655,2025-06-19 18:00:00+00:00,106.7,106.96,106.6,106.76,28708
1656,2025-06-19 20:00:00+00:00,106.76,106.9,106.7,106.72,12666
1657,2025-06-20 02:00:00+00:00,106.98,106.98,106.98,106.98,254
1658,2025-06-20 04:00:00+00:00,106.9,107.2,106.38,106.78,29610
1659,2025-06-20 06:00:00+00:00,106.74,107.06,106.22,106.7,97322
1660,2025-06-20 08:00:00+00:00,106.68,107.2,106.34,106.74,111460
1661,2025-06-20 10:00:00+00:00,106.74,106.76,105.7,105.92,152434
1662,2025-06-20 12:00:00+00:00,105.92,106.26,105.16,105.26,155627
1663,2025-06-20 14:00:00+00:00,105.26,105.26,104.54,104.94,205422
1664,2025-06-20 16:00:00+00:00,104.94,105.0,104.56,104.64,57414
1665,2025-06-20 18:00:00+00:00,104.64,105.0,104.6,104.76,58602
1666,2025-06-20 20:00:00+00:00,104.76,104.88,104.48,104.5,38690
1667,2025-06-23 02:00:00+00:00,104.7,104.7,104.7,104.7,445
1668,2025-06-23 04:00:00+00:00,104.78,104.9,103.7,103.98,144191
1669,2025-06-23 06:00:00+00:00,104.0,104.14,102.7,103.44,314832
1670,2025-06-23 08:00:00+00:00,103.42,103.72,103.0,103.54,165665
1671,2025-06-23 10:00:00+00:00,103.54,103.72,103.06,103.36,107575
1672,2025-06-23 12:00:00+00:00,103.36,105.3,103.3,104.6,267739
1673,2025-06-23 14:00:00+00:00,104.6,105.22,104.4,104.9,156397
1674,2025-06-23 16:00:00+00:00,105.14,105.16,103.82,104.08,128487
1675,2025-06-23 18:00:00+00:00,104.1,104.1,103.3,103.9,106855
1676,2025-06-23 20:00:00+00:00,103.88,104.0,103.48,103.9,38686
1677,2025-06-24 02:00:00+00:00,103.96,103.96,103.96,103.96,300
1678,2025-06-24 04:00:00+00:00,103.92,104.94,103.58,104.3,142360
1679,2025-06-24 06:00:00+00:00,104.32,104.58,103.6,103.74,152259
1680,2025-06-24 08:00:00+00:00,103.74,104.38,103.22,104.24,258677
1681,2025-06-24 10:00:00+00:00,104.18,104.26,103.52,103.66,180661
1682,2025-06-24 12:00:00+00:00,103.7,104.9,103.58,104.68,189739
1683,2025-06-24 14:00:00+00:00,104.68,105.26,104.5,104.66,201046
1684,2025-06-24 16:00:00+00:00,104.68,104.8,104.26,104.52,46546
1685,2025-06-24 18:00:00+00:00,104.54,105.12,104.5,104.88,86763
1686,2025-06-24 20:00:00+00:00,104.88,105.16,104.72,104.98,30828
1687,2025-06-25 02:00:00+00:00,105.2,105.2,105.2,105.2,275
1688,2025-06-25 04:00:00+00:00,105.1,105.74,105.06,105.22,82882
1689,2025-06-25 06:00:00+00:00,105.22,106.58,105.02,106.28,206082
1690,2025-06-25 08:00:00+00:00,106.28,106.34,105.7,106.3,193438
1691,2025-06-25 10:00:00+00:00,106.28,107.08,106.16,106.72,285449
1692,2025-06-25 12:00:00+00:00,106.74,106.96,106.12,106.16,222292
1693,2025-06-25 14:00:00+00:00,106.2,107.26,105.9,107.18,355010
1694,2025-06-25 16:00:00+00:00,107.18,107.5,106.86,107.04,82274
1695,2025-06-25 18:00:00+00:00,106.98,107.22,106.86,107.16,46028
1696,2025-06-25 20:00:00+00:00,107.2,107.24,107.04,107.18,22558
1697,2025-06-26 02:00:00+00:00,107.62,107.62,107.62,107.62,5164
1698,2025-06-26 04:00:00+00:00,107.5,109.44,107.3,109.12,332621
1699,2025-06-26 06:00:00+00:00,109.12,109.46,108.04,108.46,483858
1700,2025-06-26 08:00:00+00:00,108.5,109.8,108.14,109.62,420845
1701,2025-06-26 10:00:00+00:00,109.64,109.86,108.7,109.36,379700
1702,2025-06-26 12:00:00+00:00,109.38,109.7,108.9,109.68,287196
1703,2025-06-26 14:00:00+00:00,109.68,110.5,109.62,110.32,570669
1704,2025-06-26 16:00:00+00:00,110.24,110.36,109.54,109.96,202505
1705,2025-06-26 18:00:00+00:00,109.84,110.68,109.78,110.52,250166
1706,2025-06-26 20:00:00+00:00,110.5,110.52,110.1,110.4,59059
1707,2025-06-27 02:00:00+00:00,110.5,110.5,110.5,110.5,512
1708,2025-06-27 04:00:00+00:00,110.56,110.7,109.64,110.04,149472
1709,2025-06-27 06:00:00+00:00,110.04,110.64,109.56,110.44,378734
1710,2025-06-27 08:00:00+00:00,110.42,111.14,110.26,110.84,583650
1711,2025-06-27 10:00:00+00:00,110.8,111.04,109.56,110.16,552911
1712,2025-06-27 12:00:00+00:00,110.14,111.46,109.8,111.4,494698
1713,2025-06-27 14:00:00+00:00,111.42,111.58,110.72,110.72,571158
1714,2025-06-27 16:00:00+00:00,110.72,111.5,110.58,111.18,155846
1715,2025-06-27 18:00:00+00:00,111.18,111.42,111.02,111.42,54513
1716,2025-06-27 20:00:00+00:00,111.4,111.58,111.24,111.58,50566
1717,2025-06-28 06:00:00+00:00,111.78,111.96,111.54,111.64,31063
1718,2025-06-28 08:00:00+00:00,111.64,111.68,111.4,111.68,23982
1719,2025-06-28 10:00:00+00:00,111.66,111.66,111.42,111.42,7617
1720,2025-06-28 12:00:00+00:00,111.42,111.5,111.28,111.28,10985
1721,2025-06-28 14:00:00+00:00,111.32,111.5,111.2,111.4,22465
1722,2025-06-29 06:00:00+00:00,111.28,111.6,111.2,111.38,6494
1723,2025-06-29 08:00:00+00:00,111.38,111.44,111.28,111.32,7811
1724,2025-06-29 10:00:00+00:00,111.32,111.32,111.16,111.2,16109
1725,2025-06-29 12:00:00+00:00,111.2,111.54,111.16,111.22,25740
1726,2025-06-29 14:00:00+00:00,111.22,111.4,111.06,111.06,48883
1727,2025-06-30 02:00:00+00:00,111.28,111.28,111.28,111.28,2848
1728,2025-06-30 04:00:00+00:00,111.26,111.28,110.62,110.8,99903
1729,2025-06-30 06:00:00+00:00,110.78,111.84,110.56,110.66,296746
1730,2025-06-30 08:00:00+00:00,110.68,111.12,109.78,110.02,353593
1731,2025-06-30 10:00:00+00:00,110.02,112.44,110.0,112.2,676357
1732,2025-06-30 12:00:00+00:00,112.2,112.62,111.8,112.0,519005
1733,2025-06-30 14:00:00+00:00,112.0,112.54,110.8,111.16,704503
1734,2025-06-30 16:00:00+00:00,111.16,111.9,110.94,111.6,124441
1735,2025-06-30 18:00:00+00:00,111.6,111.88,111.54,111.56,34646
1736,2025-06-30 20:00:00+00:00,111.56,111.76,111.22,111.22,50314
1737,2025-07-01 02:00:00+00:00,111.42,111.42,111.42,111.42,20
1738,2025-07-01 04:00:00+00:00,111.42,111.88,111.04,111.76,73519
1739,2025-07-01 06:00:00+00:00,111.76,112.28,110.9,112.28,350281
1740,2025-07-01 08:00:00+00:00,112.26,112.4,111.16,111.7,441866
1741,2025-07-01 10:00:00+00:00,111.7,112.82,111.5,112.46,681700
1742,2025-07-01 12:00:00+00:00,112.46,112.46,111.92,112.2,291329
1743,2025-07-01 14:00:00+00:00,112.2,112.4,110.5,110.7,585373
1744,2025-07-01 16:00:00+00:00,110.8,111.52,110.0,110.32,330836
1745,2025-07-01 18:00:00+00:00,110.36,110.54,110.1,110.44,84723
1746,2025-07-01 20:00:00+00:00,110.44,110.54,110.28,110.48,21502
1747,2025-07-02 02:00:00+00:00,110.7,110.7,110.7,110.7,1001
1748,2025-07-02 04:00:00+00:00,110.68,111.0,110.38,110.64,71013
1749,2025-07-02 06:00:00+00:00,110.66,111.5,110.2,111.02,262933
1750,2025-07-02 08:00:00+00:00,111.02,112.3,110.88,112.3,372047
1751,2025-07-02 10:00:00+00:00,112.3,112.3,111.5,111.58,418843
1752,2025-07-02 12:00:00+00:00,111.58,112.1,111.24,111.4,389009
1753,2025-07-02 14:00:00+00:00,111.38,111.64,110.6,110.76,349409
1754,2025-07-02 16:00:00+00:00,110.9,112.46,110.88,112.0,265439
1755,2025-07-02 18:00:00+00:00,112.04,112.26,111.58,112.18,61288
1756,2025-07-02 20:00:00+00:00,112.18,112.22,111.88,112.02,22966
1757,2025-07-03 02:00:00+00:00,112.0,112.0,112.0,112.0,347
1758,2025-07-03 04:00:00+00:00,112.0,112.18,111.64,111.98,78642
1759,2025-07-03 06:00:00+00:00,112.0,112.04,111.1,111.8,336702
1761,2025-07-03 10:00:00+00:00,111.5,111.86,111.12,111.42,254935
1762,2025-07-03 12:00:00+00:00,111.4,111.8,110.74,111.4,430527
1763,2025-07-03 14:00:00+00:00,111.38,111.4,110.0,110.0,569748
1764,2025-07-03 16:00:00+00:00,110.3,110.4,108.82,109.26,467838
1765,2025-07-03 18:00:00+00:00,109.26,109.5,109.02,109.04,78586
1766,2025-07-03 20:00:00+00:00,109.06,109.42,109.0,109.4,48214
1767,2025-07-04 02:00:00+00:00,109.38,109.38,109.38,109.38,639
1768,2025-07-04 04:00:00+00:00,109.36,109.36,108.08,108.4,143980
1769,2025-07-04 06:00:00+00:00,108.42,110.46,108.42,109.88,475970
1770,2025-07-04 08:00:00+00:00,109.86,110.08,109.28,110.04,276627
1771,2025-07-04 10:00:00+00:00,110.06,110.5,109.84,110.1,305849
1772,2025-07-04 12:00:00+00:00,110.14,110.2,109.6,109.94,168029
1773,2025-07-04 14:00:00+00:00,109.94,110.28,109.62,109.98,79630
1774,2025-07-04 16:00:00+00:00,109.98,109.98,108.82,108.9,194475
1775,2025-07-04 18:00:00+00:00,108.88,109.34,108.86,109.14,48252
1776,2025-07-04 20:00:00+00:00,109.12,109.48,109.12,109.48,33003
1777,2025-07-05 06:00:00+00:00,109.68,109.7,109.34,109.5,3107
1778,2025-07-05 08:00:00+00:00,109.5,109.64,109.36,109.4,8283
1779,2025-07-05 10:00:00+00:00,109.38,109.42,109.22,109.26,3591
1780,2025-07-05 12:00:00+00:00,109.26,109.42,109.26,109.38,3434
1781,2025-07-05 14:00:00+00:00,109.38,109.42,109.28,109.38,2427
1782,2025-07-06 06:00:00+00:00,109.38,109.38,109.02,109.1,8015
1783,2025-07-06 08:00:00+00:00,109.06,109.24,109.0,109.1,4849
1784,2025-07-06 10:00:00+00:00,109.12,109.2,108.74,109.06,12255
1785,2025-07-06 12:00:00+00:00,109.06,109.12,108.92,109.02,4768
1786,2025-07-06 14:00:00+00:00,109.1,109.2,109.0,109.02,3101
1787,2025-07-07 02:00:00+00:00,109.02,109.02,109.02,109.02,313
1788,2025-07-07 04:00:00+00:00,109.04,109.1,107.24,108.08,260498
1789,2025-07-07 06:00:00+00:00,108.1,108.48,107.62,108.1,265166
1790,2025-07-07 08:00:00+00:00,108.12,108.28,106.82,107.82,344956
1791,2025-07-07 10:00:00+00:00,107.84,107.9,107.2,107.74,120295
1792,2025-07-07 12:00:00+00:00,107.74,107.94,107.02,107.02,114724
1793,2025-07-07 14:00:00+00:00,107.02,107.26,106.66,106.98,122114
1794,2025-07-07 16:00:00+00:00,106.98,107.0,106.72,106.8,73595
1795,2025-07-07 18:00:00+00:00,106.82,106.84,106.52,106.72,38860
1796,2025-07-07 20:00:00+00:00,106.72,106.74,106.36,106.4,21498
1797,2025-07-08 02:00:00+00:00,106.38,106.38,106.38,106.38,87
1798,2025-07-08 04:00:00+00:00,106.38,106.8,106.18,106.78,82965
1799,2025-07-08 06:00:00+00:00,106.76,106.96,106.44,106.62,176643
1800,2025-07-08 08:00:00+00:00,106.62,107.7,106.04,106.96,458919
1801,2025-07-08 10:00:00+00:00,107.02,107.16,105.3,105.5,369723
1802,2025-07-08 12:00:00+00:00,105.46,106.0,105.06,105.12,317107
1803,2025-07-08 14:00:00+00:00,105.1,105.58,104.84,105.06,369096
1804,2025-07-08 16:00:00+00:00,105.08,105.12,103.3,103.76,525177
1805,2025-07-08 18:00:00+00:00,103.76,103.96,103.1,103.6,267946
1806,2025-07-08 20:00:00+00:00,103.58,103.86,103.48,103.72,79384
1807,2025-07-09 02:00:00+00:00,103.72,103.72,103.72,103.72,312
1808,2025-07-09 04:00:00+00:00,103.8,104.54,103.0,103.22,168735
1809,2025-07-09 06:00:00+00:00,103.2,104.44,102.74,103.18,440834
1810,2025-07-09 08:00:00+00:00,103.18,104.18,102.58,103.14,488990
1811,2025-07-09 10:00:00+00:00,103.14,103.88,102.92,103.5,266953
1812,2025-07-09 12:00:00+00:00,103.5,104.2,103.16,103.48,390038
1813,2025-07-09 14:00:00+00:00,103.5,103.64,102.2,103.08,460510
1814,2025-07-09 16:00:00+00:00,103.1,104.2,102.9,103.46,267964
1815,2025-07-09 18:00:00+00:00,103.44,104.7,103.32,104.38,168046
1816,2025-07-09 20:00:00+00:00,104.38,104.6,103.36,104.16,73166
1817,2025-07-10 02:00:00+00:00,104.22,104.22,104.22,104.22,360
1818,2025-07-10 04:00:00+00:00,104.22,105.0,104.2,104.94,151618
1819,2025-07-10 06:00:00+00:00,104.88,105.42,104.24,105.04,219503
1820,2025-07-10 08:00:00+00:00,105.04,105.2,103.86,104.28,183689
1821,2025-07-10 10:00:00+00:00,104.26,104.4,103.46,103.5,154102
1822,2025-07-10 12:00:00+00:00,103.54,104.74,103.12,104.24,275312
1823,2025-07-10 14:00:00+00:00,104.32,105.02,103.82,104.88,185255
1824,2025-07-10 16:00:00+00:00,104.86,104.88,104.18,104.36,50695
1825,2025-07-10 18:00:00+00:00,104.36,104.8,104.32,104.62,58799
1826,2025-07-10 20:00:00+00:00,104.62,104.62,104.26,104.42,29963
1827,2025-07-11 02:00:00+00:00,104.6,104.6,104.6,104.6,1189
1828,2025-07-11 04:00:00+00:00,104.88,104.88,103.72,103.88,86854
1829,2025-07-11 06:00:00+00:00,103.9,104.4,103.24,104.14,181517
1830,2025-07-11 08:00:00+00:00,104.18,104.22,103.0,103.24,305754
1831,2025-07-11 10:00:00+00:00,103.24,103.5,102.44,102.9,220086
1832,2025-07-11 12:00:00+00:00,102.9,103.4,102.7,103.22,203543
1833,2025-07-11 14:00:00+00:00,103.22,103.36,101.08,101.28,477543
1834,2025-07-11 16:00:00+00:00,101.5,101.92,101.3,101.68,106619
1835,2025-07-11 18:00:00+00:00,101.66,101.9,101.36,101.8,86356
1836,2025-07-11 20:00:00+00:00,101.82,101.86,101.38,101.5,37097
1837,2025-07-12 06:00:00+00:00,101.96,102.22,101.64,102.2,15128
1838,2025-07-12 08:00:00+00:00,102.22,102.44,101.98,102.3,22078
1839,2025-07-12 10:00:00+00:00,102.3,102.38,101.96,102.0,10676
1840,2025-07-12 12:00:00+00:00,102.06,102.18,101.5,101.82,27574
1841,2025-07-12 14:00:00+00:00,101.78,102.02,101.54,102.0,13280
1842,2025-07-13 06:00:00+00:00,101.98,102.18,101.86,102.0,2274
1843,2025-07-13 08:00:00+00:00,102.0,102.0,101.24,101.56,43801
1844,2025-07-13 10:00:00+00:00,101.6,101.6,100.86,101.5,52439
1845,2025-07-13 12:00:00+00:00,101.5,101.76,101.24,101.46,15426
1846,2025-07-13 14:00:00+00:00,101.46,101.94,101.34,101.74,25569
1847,2025-07-14 02:00:00+00:00,101.58,101.58,101.58,101.58,1048
1848,2025-07-14 04:00:00+00:00,101.52,101.82,100.62,101.3,199295
1849,2025-07-14 06:00:00+00:00,101.26,102.9,101.12,102.84,530452
1850,2025-07-14 08:00:00+00:00,102.84,104.42,102.56,103.88,679360
1851,2025-07-14 10:00:00+00:00,103.88,104.84,103.8,104.48,442840
1852,2025-07-14 12:00:00+00:00,104.5,106.08,104.5,104.92,810153
1855,2025-07-14 18:00:00+00:00,108.46,109.28,108.36,109.06,182508
1856,2025-07-14 20:00:00+00:00,109.16,109.26,109.02,109.26,58554
1857,2025-07-15 02:00:00+00:00,109.52,109.52,109.52,109.52,4229
1858,2025-07-15 04:00:00+00:00,109.52,110.9,108.76,110.3,591092
1859,2025-07-15 06:00:00+00:00,110.28,110.76,109.52,109.68,650773
1860,2025-07-15 08:00:00+00:00,109.66,110.36,109.46,109.74,472728
1861,2025-07-15 10:00:00+00:00,109.74,110.48,109.5,110.02,415073
1862,2025-07-15 12:00:00+00:00,110.04,110.12,109.32,109.8,317665
1863,2025-07-15 14:00:00+00:00,109.84,110.38,109.7,109.98,275568
1864,2025-07-15 16:00:00+00:00,109.98,110.38,109.76,110.26,124318
1865,2025-07-15 18:00:00+00:00,110.32,110.48,109.98,110.18,67411
1866,2025-07-15 20:00:00+00:00,110.14,110.2,109.8,110.1,42837
1867,2025-07-16 02:00:00+00:00,110.1,110.1,110.1,110.1,506
1868,2025-07-16 04:00:00+00:00,110.1,110.46,109.94,110.12,65691
1869,2025-07-16 06:00:00+00:00,110.06,110.1,109.04,109.36,329483
1871,2025-07-16 10:00:00+00:00,111.98,112.3,111.06,111.2,625110
1872,2025-07-16 12:00:00+00:00,111.18,111.22,110.3,110.72,433339
1873,2025-07-16 14:00:00+00:00,110.7,111.08,110.34,110.9,275435
1874,2025-07-16 16:00:00+00:00,110.9,111.7,110.58,111.32,241335
1875,2025-07-16 18:00:00+00:00,111.36,111.56,109.66,110.26,298466
1876,2025-07-16 20:00:00+00:00,110.24,110.34,110.04,110.04,31641
1877,2025-07-17 02:00:00+00:00,110.36,110.36,110.36,110.36,345
1878,2025-07-17 04:00:00+00:00,110.32,110.36,109.68,110.18,86372
1879,2025-07-17 06:00:00+00:00,110.16,111.18,110.06,110.6,208397
1880,2025-07-17 08:00:00+00:00,110.64,110.76,109.86,110.08,396480
1881,2025-07-17 10:00:00+00:00,110.08,110.5,109.28,109.68,262626
1882,2025-07-17 12:00:00+00:00,109.6,109.88,108.46,108.56,395929
1883,2025-07-17 14:00:00+00:00,108.54,109.64,108.5,109.24,209602
1884,2025-07-17 16:00:00+00:00,109.26,109.4,108.6,109.38,128897
1885,2025-07-17 18:00:00+00:00,109.28,109.4,108.64,108.66,85233
1886,2025-07-17 20:00:00+00:00,108.68,108.88,108.62,108.68,23428
1887,2025-07-18 02:00:00+00:00,108.68,108.68,108.68,108.68,554
1888,2025-07-18 04:00:00+00:00,108.68,109.84,108.1,109.52,132872
1889,2025-07-18 06:00:00+00:00,109.52,111.0,109.48,110.74,444546
1890,2025-07-18 08:00:00+00:00,110.76,112.08,110.22,111.82,746844
1894,2025-07-18 16:00:00+00:00,114.64,115.2,114.28,114.72,306932
1895,2025-07-18 18:00:00+00:00,114.7,114.9,114.42,114.9,198622
1896,2025-07-18 20:00:00+00:00,114.9,115.44,114.88,115.36,116783
1897,2025-07-19 06:00:00+00:00,115.36,118.84,114.8,117.02,481499
1898,2025-07-19 08:00:00+00:00,117.02,117.4,116.56,116.82,162221
1899,2025-07-19 10:00:00+00:00,116.8,117.6,116.8,117.46,101496
1900,2025-07-19 12:00:00+00:00,117.4,117.46,116.96,117.0,55148
1901,2025-07-19 14:00:00+00:00,117.0,117.4,117.0,117.3,76200
1902,2025-07-20 06:00:00+00:00,118.18,118.46,117.38,117.56,111007
1903,2025-07-20 08:00:00+00:00,117.56,117.88,117.02,117.2,96038
1904,2025-07-20 10:00:00+00:00,117.2,117.4,117.12,117.28,20758
1905,2025-07-20 12:00:00+00:00,117.28,117.36,117.14,117.34,12320
1906,2025-07-20 14:00:00+00:00,117.34,117.4,117.16,117.4,18836
1907,2025-07-21 02:00:00+00:00,117.0,117.0,117.0,117.0,745
1908,2025-07-21 04:00:00+00:00,117.04,118.14,116.66,117.84,301162
1909,2025-07-21 06:00:00+00:00,117.8,117.92,114.74,116.0,810694
1910,2025-07-21 08:00:00+00:00,116.0,116.42,115.42,116.1,371756
1911,2025-07-21 10:00:00+00:00,116.06,116.34,115.02,115.46,298992
1912,2025-07-21 12:00:00+00:00,115.48,116.0,115.02,115.12,343046
1913,2025-07-21 14:00:00+00:00,115.14,117.3,115.1,116.56,621495
1914,2025-07-21 16:00:00+00:00,116.56,116.7,115.92,116.34,250592
1915,2025-07-21 18:00:00+00:00,116.34,117.0,116.28,116.46,109603
1916,2025-07-21 20:00:00+00:00,116.46,116.74,116.42,116.54,19623
1917,2025-07-22 02:00:00+00:00,116.46,116.46,116.46,116.46,556
1918,2025-07-22 04:00:00+00:00,116.46,116.96,115.46,115.9,131344
1919,2025-07-22 06:00:00+00:00,115.92,116.8,115.56,116.4,212054
1920,2025-07-22 08:00:00+00:00,116.4,117.08,115.66,117.02,391632
1921,2025-07-22 10:00:00+00:00,117.0,118.88,116.82,117.9,804278
1922,2025-07-22 12:00:00+00:00,117.92,120.1,117.86,119.56,765433
1923,2025-07-22 14:00:00+00:00,119.58,119.6,118.74,119.06,317777
1924,2025-07-22 16:00:00+00:00,119.04,119.5,118.72,119.34,121380
1925,2025-07-22 18:00:00+00:00,119.36,119.36,118.98,119.26,79015
1926,2025-07-22 20:00:00+00:00,119.26,119.5,119.0,119.5,65041
1927,2025-07-23 02:00:00+00:00,119.52,119.52,119.52,119.52,2286
1928,2025-07-23 04:00:00+00:00,119.56,120.76,119.52,119.82,203161
1929,2025-07-23 06:00:00+00:00,119.82,120.5,119.42,120.0,370901
1930,2025-07-23 08:00:00+00:00,120.0,120.0,118.52,119.08,403731
1931,2025-07-23 10:00:00+00:00,119.08,119.6,118.6,119.26,205977
1932,2025-07-23 12:00:00+00:00,119.26,119.36,117.5,117.72,432353
1933,2025-07-23 14:00:00+00:00,117.74,119.18,117.42,118.98,409119
1934,2025-07-23 16:00:00+00:00,119.0,119.48,118.26,118.78,156010
1935,2025-07-23 18:00:00+00:00,118.78,118.8,117.66,118.48,148527
1936,2025-07-23 20:00:00+00:00,118.48,118.64,118.22,118.24,56084
1937,2025-07-24 02:00:00+00:00,118.18,118.18,118.18,118.18,105
1938,2025-07-24 04:00:00+00:00,118.24,118.5,117.84,118.26,35928
1939,2025-07-24 06:00:00+00:00,118.26,118.96,117.96,118.12,171088
1940,2025-07-24 08:00:00+00:00,118.14,119.38,117.54,119.04,483376
1941,2025-07-24 10:00:00+00:00,119.04,119.3,118.74,118.98,312232
1942,2025-07-24 12:00:00+00:00,118.98,119.2,118.26,118.64,324077
1943,2025-07-24 14:00:00+00:00,118.64,118.86,117.9,117.92,192753
1944,2025-07-24 16:00:00+00:00,118.1,118.2,117.48,118.0,115171
1945,2025-07-24 18:00:00+00:00,118.04,118.7,118.0,118.1,64531
1946,2025-07-24 20:00:00+00:00,118.08,118.54,118.08,118.26,22475
1947,2025-07-25 02:00:00+00:00,118.46,118.46,118.46,118.46,179
1948,2025-07-25 04:00:00+00:00,118.5,118.9,118.08,118.16,87868
1949,2025-07-25 06:00:00+00:00,118.14,118.28,117.8,117.92,117215
1950,2025-07-25 08:00:00+00:00,117.96,118.06,116.16,117.28,406804
1951,2025-07-25 10:00:00+00:00,117.28,118.28,116.2,117.12,690187
1952,2025-07-25 12:00:00+00:00,117.12,117.8,114.84,115.36,569548
1954,2025-07-25 16:00:00+00:00,114.22,114.78,113.84,114.6,223146
1955,2025-07-25 18:00:00+00:00,114.6,114.64,114.18,114.46,58106
1956,2025-07-25 20:00:00+00:00,114.48,114.74,114.28,114.68,26237
1957,2025-07-26 06:00:00+00:00,114.68,114.9,114.28,114.6,23670
1958,2025-07-26 08:00:00+00:00,114.6,114.6,114.36,114.5,8308
1959,2025-07-26 10:00:00+00:00,114.5,114.56,114.34,114.36,9826
1960,2025-07-26 12:00:00+00:00,114.34,114.48,114.06,114.32,14782
1961,2025-07-26 14:00:00+00:00,114.32,114.52,114.08,114.46,11961
1962,2025-07-27 06:00:00+00:00,114.44,114.6,114.02,114.24,13245
1963,2025-07-27 08:00:00+00:00,114.32,114.32,114.0,114.22,9409
1964,2025-07-27 10:00:00+00:00,114.26,114.32,114.06,114.3,7014
1965,2025-07-27 12:00:00+00:00,114.32,114.4,114.16,114.28,6567
1966,2025-07-27 14:00:00+00:00,114.24,114.38,114.14,114.3,9503
1967,2025-07-28 02:00:00+00:00,114.08,114.08,114.08,114.08,811
1968,2025-07-28 04:00:00+00:00,114.14,114.54,113.68,113.82,101639
1969,2025-07-28 06:00:00+00:00,113.82,114.48,113.42,114.46,295804
1971,2025-07-28 10:00:00+00:00,116.8,117.24,116.12,116.18,660209
1973,2025-07-28 14:00:00+00:00,117.0,117.28,115.84,116.2,631972
1974,2025-07-28 16:00:00+00:00,116.06,116.48,115.7,116.06,161864
1975,2025-07-28 18:00:00+00:00,116.04,116.48,115.56,116.32,115610
1976,2025-07-28 20:00:00+00:00,116.3,117.0,116.22,117.0,52280
1977,2025-07-29 02:00:00+00:00,117.06,117.06,117.06,117.06,594
1978,2025-07-29 04:00:00+00:00,117.06,117.4,116.5,116.56,97773
1979,2025-07-29 06:00:00+00:00,116.56,118.76,116.14,118.64,735330
1981,2025-07-29 10:00:00+00:00,120.34,120.98,119.8,120.34,612230
1985,2025-07-29 18:00:00+00:00,121.58,122.56,121.5,122.52,470095
1986,2025-07-29 20:00:00+00:00,122.52,123.0,122.32,122.9,111752
1987,2025-07-30 02:00:00+00:00,122.9,122.9,122.9,122.9,2708
1988,2025-07-30 04:00:00+00:00,122.98,123.2,121.74,121.92,249809
1989,2025-07-30 06:00:00+00:00,121.96,122.72,121.5,121.58,611037
1990,2025-07-30 08:00:00+00:00,121.58,121.86,120.62,120.88,646581
1991,2025-07-30 10:00:00+00:00,120.9,121.44,120.66,120.96,363434
1992,2025-07-30 12:00:00+00:00,120.96,121.34,119.86,120.34,599539
1993,2025-07-30 14:00:00+00:00,120.36,121.34,120.22,120.86,275125
1994,2025-07-30 16:00:00+00:00,120.88,120.94,120.24,120.38,176838
1995,2025-07-30 18:00:00+00:00,120.4,120.6,119.16,119.44,421251
1996,2025-07-30 20:00:00+00:00,119.42,119.56,119.2,119.46,54889
1997,2025-07-31 02:00:00+00:00,119.76,119.76,119.76,119.76,535
1998,2025-07-31 04:00:00+00:00,119.76,120.1,118.92,119.9,138922
2000,2025-07-31 08:00:00+00:00,119.1,119.5,117.82,119.2,715486
2001,2025-07-31 10:00:00+00:00,119.2,119.8,118.68,119.2,322602
2002,2025-07-31 12:00:00+00:00,119.18,119.9,118.98,119.6,299807
2003,2025-07-31 14:00:00+00:00,119.56,119.9,119.16,119.84,120056
2004,2025-07-31 16:00:00+00:00,119.84,120.92,119.74,120.46,256241
2005,2025-07-31 18:00:00+00:00,120.44,120.46,119.94,120.42,85244
2006,2025-07-31 20:00:00+00:00,120.44,120.86,120.34,120.86,35007
2007,2025-08-01 02:00:00+00:00,121.38,121.38,121.38,121.38,747
2008,2025-08-01 04:00:00+00:00,121.26,121.9,120.72,121.24,170645
2009,2025-08-01 06:00:00+00:00,121.24,121.6,120.52,120.78,250813
2010,2025-08-01 08:00:00+00:00,120.76,120.8,120.04,120.26,171953
2011,2025-08-01 10:00:00+00:00,120.28,120.56,118.86,119.1,297106
2012,2025-08-01 12:00:00+00:00,119.1,119.72,119.02,119.32,166617
2013,2025-08-01 14:00:00+00:00,119.3,119.8,119.1,119.42,95805
2014,2025-08-01 16:00:00+00:00,119.52,119.6,118.7,119.5,195791
2015,2025-08-01 18:00:00+00:00,119.48,120.2,119.34,119.8,74976
2016,2025-08-01 20:00:00+00:00,119.82,120.18,119.8,120.12,28044
2017,2025-08-04 02:00:00+00:00,119.54,119.54,119.54,119.54,6401
2018,2025-08-04 04:00:00+00:00,119.56,120.5,119.54,119.86,85703
2019,2025-08-04 06:00:00+00:00,119.86,119.86,118.42,119.1,249630
2020,2025-08-04 08:00:00+00:00,119.1,120.76,118.98,120.72,243519
2021,2025-08-04 10:00:00+00:00,120.72,120.78,120.0,120.08,129374
2022,2025-08-04 12:00:00+00:00,120.08,120.62,119.66,120.5,187723
2023,2025-08-04 14:00:00+00:00,120.5,121.7,120.14,121.46,262919
2024,2025-08-04 16:00:00+00:00,121.96,121.96,120.84,121.18,126688
2025,2025-08-04 18:00:00+00:00,121.16,121.28,120.5,120.58,100580
2026,2025-08-04 20:00:00+00:00,120.58,120.94,120.5,120.68,32345
2027,2025-08-05 02:00:00+00:00,121.04,121.04,121.04,121.04,127
2028,2025-08-05 04:00:00+00:00,121.0,121.44,120.5,121.22,107376
2029,2025-08-05 06:00:00+00:00,121.18,121.7,121.02,121.3,153881
2030,2025-08-05 08:00:00+00:00,121.28,121.28,120.12,120.38,202168
2031,2025-08-05 10:00:00+00:00,120.38,120.88,120.34,120.78,95313
2032,2025-08-05 12:00:00+00:00,120.76,122.14,120.3,121.86,283633
2033,2025-08-05 14:00:00+00:00,121.86,122.12,121.24,121.7,137735
2034,2025-08-05 16:00:00+00:00,121.7,122.36,121.58,121.82,160832
2035,2025-08-05 18:00:00+00:00,121.82,122.0,121.76,121.92,27531
2036,2025-08-05 20:00:00+00:00,121.92,122.26,121.9,122.16,15025
2037,2025-08-06 02:00:00+00:00,122.4,122.4,122.4,122.4,1490
2038,2025-08-06 04:00:00+00:00,122.38,122.48,121.9,121.98,58943
2039,2025-08-06 06:00:00+00:00,121.98,122.3,120.94,121.38,300981
2040,2025-08-06 08:00:00+00:00,121.38,121.66,120.98,121.16,187052
2041,2025-08-06 10:00:00+00:00,121.18,121.5,120.86,121.5,182382
2042,2025-08-06 12:00:00+00:00,121.5,121.5,120.86,120.94,288798
2043,2025-08-06 14:00:00+00:00,120.9,121.5,119.82,120.44,471779
2044,2025-08-06 16:00:00+00:00,120.6,122.26,119.7,121.88,550906
2046,2025-08-06 20:00:00+00:00,124.5,124.7,123.02,123.7,299908
2047,2025-08-07 02:00:00+00:00,123.7,123.7,123.7,123.7,759
2048,2025-08-07 04:00:00+00:00,123.66,124.04,123.2,124.02,111594
2049,2025-08-07 06:00:00+00:00,124.04,124.16,122.92,123.4,289576
2051,2025-08-07 10:00:00+00:00,126.66,127.44,125.8,126.6,631790
2052,2025-08-07 12:00:00+00:00,126.6,127.0,125.5,126.18,438528
2053,2025-08-07 14:00:00+00:00,126.14,126.4,124.56,124.84,501710
2054,2025-08-07 16:00:00+00:00,124.68,125.54,124.0,124.52,228372
2055,2025-08-07 18:00:00+00:00,124.5,125.74,124.44,125.14,154313
2056,2025-08-07 20:00:00+00:00,125.2,125.86,124.7,125.5,103565
2057,2025-08-08 02:00:00+00:00,126.0,126.0,126.0,126.0,371
2058,2025-08-08 04:00:00+00:00,126.0,126.68,125.34,125.96,116290
2059,2025-08-08 06:00:00+00:00,125.92,125.96,125.02,125.2,114332
2060,2025-08-08 08:00:00+00:00,125.1,125.1,124.1,124.22,224704
2061,2025-08-08 10:00:00+00:00,124.24,126.28,124.14,126.1,329637
2062,2025-08-08 12:00:00+00:00,126.1,126.46,125.82,126.3,216571
2063,2025-08-08 14:00:00+00:00,126.32,127.7,126.18,127.22,450416
2064,2025-08-08 16:00:00+00:00,127.1,127.36,126.64,127.24,112312
2065,2025-08-08 18:00:00+00:00,127.28,127.62,126.88,127.14,118765
2066,2025-08-08 20:00:00+00:00,127.12,128.8,127.04,128.3,363073
2067,2025-08-11 02:00:00+00:00,130.0,130.0,130.0,130.0,16292
2068,2025-08-11 04:00:00+00:00,129.98,130.96,129.42,129.96,664425
2069,2025-08-11 06:00:00+00:00,129.94,129.96,128.82,128.96,563324
2070,2025-08-11 08:00:00+00:00,128.96,129.48,128.82,128.82,344539
2071,2025-08-11 10:00:00+00:00,128.86,129.86,128.3,128.98,430004
2072,2025-08-11 12:00:00+00:00,129.0,129.74,128.3,129.48,282852
2073,2025-08-11 14:00:00+00:00,129.5,129.8,128.06,128.38,400623
2074,2025-08-11 16:00:00+00:00,128.38,128.58,126.9,127.16,270391
2075,2025-08-11 18:00:00+00:00,127.18,128.08,127.16,128.06,78694
2076,2025-08-11 20:00:00+00:00,128.04,128.32,127.96,128.1,19438
2077,2025-08-12 02:00:00+00:00,128.2,128.2,128.2,128.2,111
2078,2025-08-12 04:00:00+00:00,128.14,128.52,127.04,127.4,76402
2079,2025-08-12 06:00:00+00:00,127.4,127.8,126.54,126.82,211794
2080,2025-08-12 08:00:00+00:00,126.82,127.66,126.62,127.4,269972
2081,2025-08-12 10:00:00+00:00,127.4,128.0,126.9,127.32,158760
2082,2025-08-12 12:00:00+00:00,127.32,128.02,126.92,127.84,160058
2083,2025-08-12 14:00:00+00:00,127.84,128.68,127.62,128.5,193227
2084,2025-08-12 16:00:00+00:00,128.5,128.62,127.82,127.96,72125
2085,2025-08-12 18:00:00+00:00,127.96,128.5,127.96,128.38,51133
2086,2025-08-12 20:00:00+00:00,128.38,128.46,128.2,128.2,16104
2087,2025-08-13 02:00:00+00:00,128.32,128.32,128.32,128.32,161
2088,2025-08-13 04:00:00+00:00,128.32,129.0,128.2,128.8,62049
2089,2025-08-13 06:00:00+00:00,128.76,129.26,127.86,127.86,162733
2090,2025-08-13 08:00:00+00:00,127.86,128.76,127.72,128.26,183504
2091,2025-08-13 10:00:00+00:00,128.26,128.46,127.58,127.7,215587
2092,2025-08-13 12:00:00+00:00,127.68,129.14,127.66,128.62,288536
2093,2025-08-13 14:00:00+00:00,128.62,129.3,128.5,128.98,147918
2094,2025-08-13 16:00:00+00:00,128.98,129.5,128.14,128.3,147348
2095,2025-08-13 18:00:00+00:00,128.3,128.52,128.02,128.4,65184
2096,2025-08-13 20:00:00+00:00,128.4,128.44,127.88,128.2,58566
2097,2025-08-14 02:00:00+00:00,127.72,127.72,127.72,127.72,1868
2098,2025-08-14 04:00:00+00:00,127.72,128.16,127.14,127.9,81154
2099,2025-08-14 06:00:00+00:00,127.9,128.38,127.08,128.18,182269
2100,2025-08-14 08:00:00+00:00,128.18,128.42,127.42,128.08,230244
2101,2025-08-14 10:00:00+00:00,128.02,129.0,127.78,129.0,233160
2102,2025-08-14 12:00:00+00:00,129.0,131.5,128.86,131.2,779581
2103,2025-08-14 14:00:00+00:00,131.22,131.5,130.38,131.1,571997
2104,2025-08-14 16:00:00+00:00,131.08,131.28,130.56,131.24,131137
2105,2025-08-14 18:00:00+00:00,131.24,131.64,131.12,131.5,274458
2106,2025-08-14 20:00:00+00:00,131.52,131.6,131.22,131.46,61264
2107,2025-08-15 02:00:00+00:00,131.64,131.64,131.64,131.64,149
2108,2025-08-15 04:00:00+00:00,131.62,131.8,131.18,131.54,104444
2109,2025-08-15 06:00:00+00:00,131.54,131.76,131.2,131.48,136661
2111,2025-08-15 10:00:00+00:00,131.74,132.28,131.34,131.7,349877
2112,2025-08-15 12:00:00+00:00,131.66,131.78,130.6,131.4,324053
2113,2025-08-15 14:00:00+00:00,131.4,132.0,131.36,131.86,281565
2114,2025-08-15 16:00:00+00:00,131.76,131.88,130.76,131.0,307787
2115,2025-08-15 18:00:00+00:00,131.0,131.36,130.52,130.84,188051
2116,2025-08-15 20:00:00+00:00,130.88,130.88,130.1,130.58,107565
2117,2025-08-16 06:00:00+00:00,128.84,128.84,126.72,127.68,294600
2118,2025-08-16 08:00:00+00:00,127.7,127.7,126.6,126.74,213175
2119,2025-08-16 10:00:00+00:00,126.76,126.88,126.64,126.86,58331
2120,2025-08-16 12:00:00+00:00,126.86,127.22,126.76,127.06,34270
2121,2025-08-16 14:00:00+00:00,127.1,127.1,126.86,126.98,21723
2122,2025-08-17 06:00:00+00:00,127.02,127.18,126.6,126.6,81831
2123,2025-08-17 08:00:00+00:00,126.6,126.6,126.6,126.6,35379
2124,2025-08-17 10:00:00+00:00,126.6,126.7,126.6,126.6,13563
2125,2025-08-17 12:00:00+00:00,126.6,126.66,126.6,126.6,17078
2126,2025-08-17 14:00:00+00:00,126.6,126.6,126.6,126.6,10116
2127,2025-08-18 02:00:00+00:00,126.38,126.38,126.38,126.38,1369
2128,2025-08-18 04:00:00+00:00,126.36,127.86,125.44,127.64,326092
2129,2025-08-18 06:00:00+00:00,127.64,127.64,127.04,127.04,186440
2130,2025-08-18 08:00:00+00:00,127.04,128.8,127.02,128.5,281655
2131,2025-08-18 10:00:00+00:00,128.52,129.08,128.26,129.06,99781
2132,2025-08-18 12:00:00+00:00,129.06,129.76,128.46,129.38,232746
2133,2025-08-18 14:00:00+00:00,129.38,129.38,127.72,127.76,212837
2134,2025-08-18 16:00:00+00:00,127.74,129.18,127.72,128.76,123433
2135,2025-08-18 18:00:00+00:00,128.76,131.4,128.48,129.76,569526
2136,2025-08-18 20:00:00+00:00,129.82,130.08,129.4,129.88,79152
2137,2025-08-19 02:00:00+00:00,130.02,130.02,130.02,130.02,4078
2138,2025-08-19 04:00:00+00:00,130.02,130.6,129.4,129.9,177668
2139,2025-08-19 06:00:00+00:00,129.82,130.44,129.46,129.74,220882
2140,2025-08-19 08:00:00+00:00,129.7,131.0,129.52,130.0,396413
2141,2025-08-19 10:00:00+00:00,130.0,130.72,129.92,130.42,125920
2142,2025-08-19 12:00:00+00:00,130.42,130.58,129.44,130.2,191150
2143,2025-08-19 14:00:00+00:00,130.2,130.2,127.8,128.0,368107
2144,2025-08-19 16:00:00+00:00,128.0,129.22,127.9,128.66,208012
2145,2025-08-19 18:00:00+00:00,128.66,128.78,128.5,128.54,17548
2146,2025-08-19 20:00:00+00:00,128.56,128.74,127.84,128.34,48655
2147,2025-08-20 02:00:00+00:00,128.34,128.34,128.34,128.34,121
2148,2025-08-20 04:00:00+00:00,128.34,129.08,128.34,128.74,38992
2149,2025-08-20 06:00:00+00:00,128.68,129.06,128.0,128.28,108623
2150,2025-08-20 08:00:00+00:00,128.22,128.56,127.84,127.94,175695
2151,2025-08-20 10:00:00+00:00,127.9,127.9,126.46,126.96,269619
2152,2025-08-20 12:00:00+00:00,126.96,127.06,125.74,125.88,265066
2153,2025-08-20 14:00:00+00:00,125.9,126.3,125.5,126.16,171611
2154,2025-08-20 16:00:00+00:00,126.2,126.22,125.3,125.98,166566
2155,2025-08-20 18:00:00+00:00,126.02,126.02,125.52,125.82,57875
2156,2025-08-20 20:00:00+00:00,125.8,125.84,125.52,125.72,30704
2157,2025-08-21 02:00:00+00:00,125.72,125.72,125.72,125.72,122
2158,2025-08-21 04:00:00+00:00,125.7,126.12,125.36,125.48,52736
2159,2025-08-21 06:00:00+00:00,125.46,125.74,123.68,124.22,295790
2160,2025-08-21 08:00:00+00:00,124.22,124.48,122.32,123.26,742741
2161,2025-08-21 10:00:00+00:00,123.26,124.28,122.24,123.6,357408
2162,2025-08-21 12:00:00+00:00,123.56,123.86,121.82,121.94,236716
2163,2025-08-21 14:00:00+00:00,121.96,122.6,121.76,121.9,252787
2164,2025-08-21 16:00:00+00:00,121.9,122.26,121.5,122.0,168594
2165,2025-08-21 18:00:00+00:00,122.0,122.14,121.66,121.66,61575
2166,2025-08-21 20:00:00+00:00,121.68,121.92,121.66,121.8,36152
2167,2025-08-22 02:00:00+00:00,121.96,121.96,121.96,121.96,156
2168,2025-08-22 04:00:00+00:00,121.96,122.14,120.98,122.02,123785
2169,2025-08-22 06:00:00+00:00,122.02,122.92,121.6,122.14,268154
2170,2025-08-22 08:00:00+00:00,122.14,123.48,122.06,123.34,233144
2171,2025-08-22 10:00:00+00:00,123.32,124.52,123.28,123.92,279100
2172,2025-08-22 12:00:00+00:00,123.96,124.16,122.42,122.5,292477
2173,2025-08-22 14:00:00+00:00,122.52,123.06,121.82,123.02,207046
2174,2025-08-22 16:00:00+00:00,123.04,123.34,122.46,122.62,86055
2175,2025-08-22 18:00:00+00:00,122.6,122.88,122.46,122.74,39276
2176,2025-08-22 20:00:00+00:00,122.78,123.0,122.7,122.94,17112
2177,2025-08-23 06:00:00+00:00,123.02,123.3,122.96,123.04,9989
2178,2025-08-23 08:00:00+00:00,123.04,123.28,123.04,123.22,7577
2179,2025-08-23 10:00:00+00:00,123.22,123.22,123.02,123.04,2669
2180,2025-08-23 12:00:00+00:00,123.04,123.16,123.0,123.1,3532
2181,2025-08-23 14:00:00+00:00,123.16,123.18,122.92,123.1,6782
2182,2025-08-24 06:00:00+00:00,123.1,123.38,122.18,122.44,18123
2183,2025-08-24 08:00:00+00:00,122.48,122.5,122.18,122.3,9936
2184,2025-08-24 10:00:00+00:00,122.3,122.44,122.02,122.06,15369
2185,2025-08-24 12:00:00+00:00,122.06,122.2,122.02,122.16,6621
2186,2025-08-24 14:00:00+00:00,122.18,122.28,121.94,122.12,12978
2187,2025-08-25 02:00:00+00:00,121.88,121.88,121.88,121.88,1086
2188,2025-08-25 04:00:00+00:00,122.0,122.58,121.82,122.52,61828
2189,2025-08-25 06:00:00+00:00,122.5,122.5,121.5,122.12,112646
2190,2025-08-25 08:00:00+00:00,122.12,122.2,120.32,120.54,296024
2191,2025-08-25 10:00:00+00:00,120.54,121.18,120.1,120.82,212845
2192,2025-08-25 12:00:00+00:00,120.86,122.7,120.0,122.44,267293
2193,2025-08-25 14:00:00+00:00,122.48,123.1,122.14,122.88,173774
2194,2025-08-25 16:00:00+00:00,122.88,123.66,122.78,123.44,94194
2195,2025-08-25 18:00:00+00:00,123.44,123.46,123.18,123.36,18729
2196,2025-08-25 20:00:00+00:00,123.36,123.42,123.22,123.42,7129
2197,2025-08-26 02:00:00+00:00,123.5,123.5,123.5,123.5,1002
2198,2025-08-26 04:00:00+00:00,123.48,124.26,123.42,124.0,67018
2199,2025-08-26 06:00:00+00:00,124.0,125.16,123.8,124.14,224438
2200,2025-08-26 08:00:00+00:00,124.18,124.26,123.22,123.42,149612
2201,2025-08-26 10:00:00+00:00,123.42,124.02,123.26,123.44,99123
2202,2025-08-26 12:00:00+00:00,123.4,123.52,122.18,122.32,227055
2203,2025-08-26 14:00:00+00:00,122.28,122.56,121.86,122.24,137630
2204,2025-08-26 16:00:00+00:00,122.24,122.74,122.12,122.54,56991
2205,2025-08-26 18:00:00+00:00,122.56,123.0,122.52,122.94,47813
2206,2025-08-26 20:00:00+00:00,122.96,123.0,122.72,122.96,13014
2207,2025-08-27 02:00:00+00:00,123.0,123.0,123.0,123.0,104
2208,2025-08-27 04:00:00+00:00,123.02,123.32,122.32,122.34,37049
2209,2025-08-27 06:00:00+00:00,122.34,123.5,122.16,123.22,146743
2210,2025-08-27 08:00:00+00:00,123.22,124.28,123.22,124.04,209174
2211,2025-08-27 10:00:00+00:00,124.06,125.64,123.74,125.18,235553
2212,2025-08-27 12:00:00+00:00,125.18,126.9,125.1,126.6,536617
2213,2025-08-27 14:00:00+00:00,126.66,127.0,126.26,126.58,333454
2214,2025-08-27 16:00:00+00:00,126.58,127.0,126.42,126.88,87179
2215,2025-08-27 18:00:00+00:00,126.88,127.54,126.86,127.06,93578
2216,2025-08-27 20:00:00+00:00,127.08,127.24,126.8,127.1,34684
2217,2025-08-28 02:00:00+00:00,127.16,127.16,127.16,127.16,846
2218,2025-08-28 04:00:00+00:00,127.1,127.14,126.52,126.92,48827
2219,2025-08-28 06:00:00+00:00,126.94,127.0,125.94,126.18,176731
2220,2025-08-28 08:00:00+00:00,126.16,126.9,125.62,125.88,272326
2221,2025-08-28 10:00:00+00:00,125.86,126.22,125.5,125.5,207089
2222,2025-08-28 12:00:00+00:00,125.5,126.92,125.5,126.18,201900
2223,2025-08-28 14:00:00+00:00,126.22,126.8,125.92,126.5,90460
2224,2025-08-28 16:00:00+00:00,126.58,126.58,124.1,124.66,346519
2225,2025-08-28 18:00:00+00:00,124.64,125.52,124.14,124.2,147424
2226,2025-08-28 20:00:00+00:00,124.22,124.44,123.84,124.32,78514
2227,2025-08-29 02:00:00+00:00,124.52,124.52,124.52,124.52,157
2228,2025-08-29 04:00:00+00:00,124.54,125.4,124.36,125.08,91619
2229,2025-08-29 06:00:00+00:00,125.04,125.78,124.52,125.52,120131
2230,2025-08-29 08:00:00+00:00,125.54,125.7,124.76,125.08,112014
2231,2025-08-29 10:00:00+00:00,125.08,125.22,124.06,124.3,154937
2232,2025-08-29 12:00:00+00:00,124.3,124.54,124.06,124.46,69686
2233,2025-08-29 14:00:00+00:00,124.52,125.18,124.0,124.64,188511
2234,2025-08-29 16:00:00+00:00,124.6,124.86,124.38,124.5,23027
2235,2025-08-29 18:00:00+00:00,124.5,125.24,124.46,125.1,86964
2236,2025-08-29 20:00:00+00:00,125.1,125.46,125.08,125.44,27936
2237,2025-08-30 06:00:00+00:00,125.44,125.62,125.04,125.48,8840
2238,2025-08-30 08:00:00+00:00,125.58,125.68,125.14,125.5,16686
2239,2025-08-30 10:00:00+00:00,125.42,125.62,125.16,125.16,6175
2240,2025-08-30 12:00:00+00:00,125.2,125.42,125.16,125.24,4050
2241,2025-08-30 14:00:00+00:00,125.24,125.4,125.16,125.18,4595
2242,2025-08-31 06:00:00+00:00,125.2,125.6,125.18,125.5,5789
2243,2025-08-31 08:00:00+00:00,125.5,125.78,125.42,125.76,14247
2244,2025-08-31 10:00:00+00:00,125.74,125.9,125.52,125.76,9255
2245,2025-08-31 12:00:00+00:00,125.74,125.74,125.6,125.66,2944
2246,2025-08-31 14:00:00+00:00,125.72,125.8,125.46,125.48,24484
2247,2025-09-01 02:00:00+00:00,125.54,125.54,125.54,125.54,63
2248,2025-09-01 04:00:00+00:00,125.7,126.26,125.48,126.0,39104
2249,2025-09-01 06:00:00+00:00,126.0,126.58,125.6,125.82,122717
2250,2025-09-01 08:00:00+00:00,125.82,126.02,125.18,125.36,80086
2251,2025-09-01 10:00:00+00:00,125.38,125.7,125.1,125.12,82644
2252,2025-09-01 12:00:00+00:00,125.12,125.68,125.02,125.24,53583
2253,2025-09-01 14:00:00+00:00,125.22,125.3,123.68,123.94,173584
2254,2025-09-01 16:00:00+00:00,124.0,124.26,122.7,123.34,144418
2255,2025-09-01 18:00:00+00:00,123.34,123.56,123.02,123.46,29303
2256,2025-09-01 20:00:00+00:00,123.46,123.52,123.02,123.2,18655
2257,2025-09-02 02:00:00+00:00,123.18,123.18,123.18,123.18,77
2258,2025-09-02 04:00:00+00:00,123.18,123.56,122.4,122.78,74357
2259,2025-09-02 06:00:00+00:00,122.78,123.0,122.0,122.52,158700
2260,2025-09-02 08:00:00+00:00,122.54,123.82,122.08,123.3,177118
2261,2025-09-02 10:00:00+00:00,123.28,123.64,122.8,123.62,97809
2262,2025-09-02 12:00:00+00:00,123.58,123.86,121.68,122.3,286939
2263,2025-09-02 14:00:00+00:00,122.28,122.46,121.22,121.32,149475
2264,2025-09-02 16:00:00+00:00,121.3,122.06,121.3,121.58,52738
2265,2025-09-02 18:00:00+00:00,121.56,123.26,121.3,123.0,123360
2266,2025-09-02 20:00:00+00:00,123.0,123.4,123.0,123.36,17138
2267,2025-09-03 02:00:00+00:00,123.3,123.3,123.3,123.3,617
2268,2025-09-03 04:00:00+00:00,123.3,123.3,122.42,122.88,43944
2269,2025-09-03 06:00:00+00:00,122.88,123.68,122.4,122.64,112443
2270,2025-09-03 08:00:00+00:00,122.64,123.06,122.08,122.6,126856
2271,2025-09-03 10:00:00+00:00,122.6,122.98,122.3,122.66,57101
2272,2025-09-03 12:00:00+00:00,122.66,123.54,122.3,123.24,196010
2273,2025-09-03 14:00:00+00:00,123.22,124.4,123.08,123.88,207999
2274,2025-09-03 16:00:00+00:00,123.88,125.3,123.88,124.5,194935
2275,2025-09-03 18:00:00+00:00,124.5,124.78,124.28,124.6,30293
2276,2025-09-03 20:00:00+00:00,124.58,124.9,124.56,124.88,11998
2277,2025-09-04 02:00:00+00:00,124.96,124.96,124.96,124.96,50
2278,2025-09-04 04:00:00+00:00,124.96,125.14,124.4,124.82,54369
2279,2025-09-04 06:00:00+00:00,124.8,125.7,124.48,125.4,172279
2280,2025-09-04 08:00:00+00:00,125.4,125.44,124.12,124.8,413370
2281,2025-09-04 10:00:00+00:00,124.78,125.3,124.7,124.86,123543
2282,2025-09-04 12:00:00+00:00,124.88,125.0,124.16,124.92,99182
2283,2025-09-04 14:00:00+00:00,124.92,125.0,123.56,123.82,148704
2284,2025-09-04 16:00:00+00:00,123.84,124.04,123.34,123.88,52032
2285,2025-09-04 18:00:00+00:00,123.9,124.58,123.86,124.5,30050
2286,2025-09-04 20:00:00+00:00,124.5,125.02,124.48,124.7,29579
2287,2025-09-05 02:00:00+00:00,124.8,124.8,124.8,124.8,109
2288,2025-09-05 04:00:00+00:00,124.7,125.24,124.22,124.52,32844
2289,2025-09-05 06:00:00+00:00,124.54,124.8,123.64,123.72,92639
2290,2025-09-05 08:00:00+00:00,123.7,124.88,123.5,124.42,347963
2291,2025-09-05 10:00:00+00:00,124.46,124.66,124.12,124.36,85462
2292,2025-09-05 12:00:00+00:00,124.38,125.24,124.3,125.2,166140
2293,2025-09-05 14:00:00+00:00,125.22,125.96,125.2,125.3,210214
2294,2025-09-05 16:00:00+00:00,125.36,125.78,125.2,125.64,53469
2295,2025-09-05 18:00:00+00:00,125.7,126.24,125.64,126.14,54337
2296,2025-09-05 20:00:00+00:00,126.18,126.18,125.98,126.0,12252
2297,2025-09-06 06:00:00+00:00,126.0,126.32,125.74,125.84,9786
2298,2025-09-06 08:00:00+00:00,125.86,126.12,125.7,125.96,10019
2299,2025-09-06 10:00:00+00:00,125.98,126.0,125.96,125.96,1951
2300,2025-09-06 12:00:00+00:00,125.96,126.08,125.96,125.98,2178
2301,2025-09-06 14:00:00+00:00,126.0,126.16,125.96,126.14,8228
2302,2025-09-07 06:00:00+00:00,126.0,126.34,126.0,126.2,7209
2303,2025-09-07 08:00:00+00:00,126.2,126.2,126.08,126.16,3546
2304,2025-09-07 10:00:00+00:00,126.16,127.0,126.16,126.8,47179
2305,2025-09-07 12:00:00+00:00,126.8,126.92,126.5,126.54,14027
2306,2025-09-07 14:00:00+00:00,126.52,126.9,126.5,126.6,13965
2307,2025-09-08 02:00:00+00:00,126.5,126.5,126.5,126.5,86
2308,2025-09-08 04:00:00+00:00,126.5,126.76,125.86,126.18,71022
2309,2025-09-08 06:00:00+00:00,126.2,126.68,126.0,126.08,135952
2310,2025-09-08 08:00:00+00:00,126.08,126.46,126.0,126.26,104398
2311,2025-09-08 10:00:00+00:00,126.28,126.4,125.66,126.3,137736
2312,2025-09-08 12:00:00+00:00,126.3,126.82,125.88,126.82,153819
2313,2025-09-08 14:00:00+00:00,126.8,129.12,126.44,129.08,539934
2314,2025-09-08 16:00:00+00:00,128.94,129.2,128.5,128.92,121732
2315,2025-09-08 18:00:00+00:00,128.94,129.28,128.8,129.12,70305
2316,2025-09-08 20:00:00+00:00,129.16,129.22,128.86,129.18,24529
2317,2025-09-09 02:00:00+00:00,129.28,129.28,129.28,129.28,165
2318,2025-09-09 04:00:00+00:00,129.2,129.78,128.8,129.2,111563
2319,2025-09-09 06:00:00+00:00,129.2,129.62,128.64,129.48,177925
2320,2025-09-09 08:00:00+00:00,129.46,130.5,129.44,129.64,612321
2321,2025-09-09 10:00:00+00:00,129.64,129.74,128.98,129.02,300891
2322,2025-09-09 12:00:00+00:00,129.04,129.9,128.76,129.46,345066
2323,2025-09-09 14:00:00+00:00,129.44,130.12,129.34,130.04,186211
2324,2025-09-09 16:00:00+00:00,130.04,130.06,129.52,129.7,52599
2325,2025-09-09 18:00:00+00:00,129.7,130.32,129.66,130.2,54692
2326,2025-09-09 20:00:00+00:00,130.22,130.42,130.1,130.2,33830
2327,2025-09-10 02:00:00+00:00,130.1,130.1,130.1,130.1,500
2328,2025-09-10 04:00:00+00:00,130.18,130.24,128.94,129.04,98053
2329,2025-09-10 06:00:00+00:00,129.06,130.24,128.9,129.92,220765
2330,2025-09-10 08:00:00+00:00,129.92,130.74,129.4,129.8,435166
2331,2025-09-10 10:00:00+00:00,129.84,129.88,129.2,129.4,152644
2332,2025-09-10 12:00:00+00:00,129.4,129.88,128.5,129.08,319755
2333,2025-09-10 14:00:00+00:00,129.12,131.76,129.12,130.6,620388
2334,2025-09-10 16:00:00+00:00,130.6,130.7,129.74,130.06,198248
2335,2025-09-10 18:00:00+00:00,130.06,130.1,129.3,129.36,87364
2336,2025-09-10 20:00:00+00:00,129.3,129.66,129.26,129.66,19499
2337,2025-09-11 02:00:00+00:00,129.66,129.66,129.66,129.66,230
2338,2025-09-11 04:00:00+00:00,129.64,130.28,129.34,129.98,53590
2339,2025-09-11 06:00:00+00:00,129.96,130.22,129.0,129.0,144771
2340,2025-09-11 08:00:00+00:00,128.98,129.5,128.62,128.84,241287
2341,2025-09-11 10:00:00+00:00,128.84,129.5,127.5,129.36,729462
2342,2025-09-11 12:00:00+00:00,129.34,130.32,129.06,129.94,336683
2343,2025-09-11 14:00:00+00:00,129.96,130.3,129.68,129.88,287767
2344,2025-09-11 16:00:00+00:00,129.9,130.0,129.6,129.88,61148
2345,2025-09-11 18:00:00+00:00,129.9,130.14,129.84,129.9,43637
2346,2025-09-11 20:00:00+00:00,129.88,129.9,129.42,129.44,29624
2347,2025-09-12 02:00:00+00:00,129.7,129.7,129.7,129.7,50
2348,2025-09-12 04:00:00+00:00,129.7,130.02,129.48,129.84,23771
2349,2025-09-12 06:00:00+00:00,129.84,129.88,128.62,128.78,199591
2350,2025-09-12 08:00:00+00:00,128.78,129.2,128.66,128.98,103835
2352,2025-09-12 12:00:00+00:00,128.64,128.72,126.5,126.84,740894
2353,2025-09-12 14:00:00+00:00,126.82,127.58,126.7,127.04,249111
2354,2025-09-12 16:00:00+00:00,127.06,127.22,125.12,125.32,562470
2355,2025-09-12 18:00:00+00:00,125.32,125.38,124.2,124.4,258263
2356,2025-09-12 20:00:00+00:00,124.4,124.5,124.0,124.04,68758
2357,2025-09-13 06:00:00+00:00,124.2,124.2,124.2,124.2,383
2358,2025-09-13 08:00:00+00:00,124.44,124.5,124.14,124.28,36993
2359,2025-09-13 10:00:00+00:00,124.24,124.48,124.1,124.16,29792
2360,2025-09-13 12:00:00+00:00,124.2,124.26,123.72,123.76,25143
2361,2025-09-13 14:00:00+00:00,123.72,123.76,123.32,123.42,25702
2362,2025-09-14 06:00:00+00:00,123.44,123.96,123.04,123.18,21114
2363,2025-09-14 08:00:00+00:00,123.18,123.28,123.0,123.02,13059
2364,2025-09-14 10:00:00+00:00,123.02,124.1,123.02,124.06,35103
2365,2025-09-14 12:00:00+00:00,124.1,124.18,123.96,124.04,12209
2366,2025-09-14 14:00:00+00:00,124.0,124.62,123.94,124.6,22111
2367,2025-09-15 02:00:00+00:00,124.4,124.4,124.4,124.4,218
2368,2025-09-15 04:00:00+00:00,124.4,125.04,123.22,123.48,105151
2369,2025-09-15 06:00:00+00:00,123.5,124.0,123.04,123.66,242128
2370,2025-09-15 08:00:00+00:00,123.66,123.74,122.5,122.84,410651
2371,2025-09-15 10:00:00+00:00,122.84,123.78,122.44,123.54,328929
2372,2025-09-15 12:00:00+00:00,123.56,124.18,123.26,123.7,191561
2373,2025-09-15 14:00:00+00:00,123.72,124.4,123.26,123.36,154296
2374,2025-09-15 16:00:00+00:00,123.36,123.88,123.36,123.54,31297
2375,2025-09-15 18:00:00+00:00,123.54,123.54,123.34,123.38,23315
2376,2025-09-15 20:00:00+00:00,123.34,123.6,123.28,123.56,16217
2377,2025-09-16 02:00:00+00:00,123.7,123.7,123.7,123.7,250
2378,2025-09-16 04:00:00+00:00,123.7,125.12,123.58,124.72,105013
2379,2025-09-16 06:00:00+00:00,124.7,125.04,124.24,124.52,205258
2380,2025-09-16 08:00:00+00:00,124.54,124.92,122.0,122.02,393542
2381,2025-09-16 10:00:00+00:00,122.08,123.84,121.38,123.74,468748
2382,2025-09-16 12:00:00+00:00,123.76,123.98,122.6,123.56,305923
2383,2025-09-16 14:00:00+00:00,123.54,124.68,123.54,124.0,171363
2384,2025-09-16 16:00:00+00:00,124.0,124.4,124.0,124.16,59517
2385,2025-09-16 18:00:00+00:00,124.14,124.24,124.0,124.08,20987
2386,2025-09-16 20:00:00+00:00,124.08,124.2,124.06,124.12,12806
2387,2025-09-17 02:00:00+00:00,124.46,124.46,124.46,124.46,664
2388,2025-09-17 04:00:00+00:00,124.2,124.6,124.04,124.54,31812
2389,2025-09-17 06:00:00+00:00,124.46,124.48,123.26,123.78,131679
2390,2025-09-17 08:00:00+00:00,123.86,123.96,122.64,122.68,115812
2391,2025-09-17 10:00:00+00:00,122.68,123.88,122.56,123.28,131891
2392,2025-09-17 12:00:00+00:00,123.26,123.44,122.5,122.86,121748
2393,2025-09-17 14:00:00+00:00,122.84,125.9,122.82,125.22,426460
2394,2025-09-17 16:00:00+00:00,124.98,126.2,124.98,125.64,129425
2395,2025-09-17 18:00:00+00:00,125.66,125.98,125.44,125.98,46697
2396,2025-09-17 20:00:00+00:00,125.98,126.36,125.86,126.3,35865
2397,2025-09-18 02:00:00+00:00,126.4,126.4,126.4,126.4,1036
2398,2025-09-18 04:00:00+00:00,126.46,126.7,125.38,125.54,58349
2399,2025-09-18 06:00:00+00:00,125.58,125.82,125.18,125.34,152368
2400,2025-09-18 08:00:00+00:00,125.34,126.46,125.06,125.14,273824
2401,2025-09-18 10:00:00+00:00,125.12,125.42,124.3,124.56,260374
2402,2025-09-18 12:00:00+00:00,124.54,124.64,123.04,123.12,783463
2403,2025-09-18 14:00:00+00:00,123.1,124.5,123.1,123.98,206956
2404,2025-09-18 16:00:00+00:00,124.14,124.5,122.84,123.1,116595
2405,2025-09-18 18:00:00+00:00,123.08,123.46,122.7,122.96,149000
2406,2025-09-18 20:00:00+00:00,122.96,123.2,122.86,122.88,64814
2407,2025-09-19 02:00:00+00:00,122.88,122.88,122.88,122.88,18
2408,2025-09-19 04:00:00+00:00,122.88,123.36,122.68,123.14,33859
2409,2025-09-19 06:00:00+00:00,123.12,124.48,123.12,123.6,200832
2410,2025-09-19 08:00:00+00:00,123.6,124.32,123.0,124.06,344105
2411,2025-09-19 10:00:00+00:00,124.0,124.24,122.14,123.72,411472
2412,2025-09-19 12:00:00+00:00,123.7,123.7,122.72,122.88,134087
2413,2025-09-19 14:00:00+00:00,122.84,122.9,119.82,120.36,662694
2414,2025-09-19 16:00:00+00:00,120.36,120.4,119.22,119.84,272670
2415,2025-09-19 18:00:00+00:00,119.86,120.7,119.06,119.58,174219
2416,2025-09-19 20:00:00+00:00,119.54,119.84,119.28,119.28,67468
2417,2025-09-22 02:00:00+00:00,119.4,119.4,119.4,119.4,1089
2418,2025-09-22 04:00:00+00:00,119.38,119.44,118.12,119.12,148266
2419,2025-09-22 06:00:00+00:00,119.08,119.78,118.5,119.28,307882
2420,2025-09-22 08:00:00+00:00,119.28,119.36,117.42,118.26,383430
2421,2025-09-22 10:00:00+00:00,118.22,120.46,118.02,119.7,413161
2422,2025-09-22 12:00:00+00:00,119.76,120.72,119.5,119.64,376403
2423,2025-09-22 14:00:00+00:00,119.64,121.8,119.52,121.34,376565
2424,2025-09-22 16:00:00+00:00,121.22,122.0,120.94,121.76,141073
2425,2025-09-22 18:00:00+00:00,121.76,122.32,121.74,121.92,83671
2426,2025-09-22 20:00:00+00:00,121.92,121.92,121.5,121.8,22583
2427,2025-09-23 02:00:00+00:00,121.7,121.7,121.7,121.7,2
2428,2025-09-23 04:00:00+00:00,121.74,121.92,120.82,121.16,63258
2429,2025-09-23 06:00:00+00:00,121.22,122.26,120.92,121.26,164195
2430,2025-09-23 08:00:00+00:00,121.28,122.9,120.7,122.46,371873
2431,2025-09-23 10:00:00+00:00,122.48,123.08,122.22,122.9,140281
2432,2025-09-23 12:00:00+00:00,122.92,123.16,122.24,122.62,252964
2433,2025-09-23 14:00:00+00:00,122.66,123.9,122.14,123.2,369552
2434,2025-09-23 16:00:00+00:00,123.2,123.26,121.3,121.38,183112
2435,2025-09-23 18:00:00+00:00,121.32,121.66,118.08,118.38,569794
2436,2025-09-23 20:00:00+00:00,118.36,119.46,118.3,119.34,168350
2437,2025-09-24 02:00:00+00:00,119.4,119.4,119.4,119.4,2264
2438,2025-09-24 04:00:00+00:00,119.44,119.9,118.5,118.96,144846
2439,2025-09-24 06:00:00+00:00,118.96,119.36,117.66,119.32,388229
2440,2025-09-24 08:00:00+00:00,119.34,121.5,119.08,120.64,458036
2441,2025-09-24 10:00:00+00:00,120.64,122.0,120.34,121.84,216114
2442,2025-09-24 12:00:00+00:00,121.86,122.8,121.72,122.46,283932
2443,2025-09-24 14:00:00+00:00,122.5,122.5,121.8,122.26,174852
2444,2025-09-24 16:00:00+00:00,122.26,123.12,122.0,122.76,217000
2445,2025-09-24 18:00:00+00:00,122.74,123.5,122.68,123.1,110929
2446,2025-09-24 20:00:00+00:00,123.1,123.7,123.08,123.7,38625
2447,2025-09-25 02:00:00+00:00,123.82,123.82,123.82,123.82,1051
2448,2025-09-25 04:00:00+00:00,123.74,123.86,122.88,123.04,69585
2449,2025-09-25 06:00:00+00:00,123.04,123.58,122.2,122.74,167116
2450,2025-09-25 08:00:00+00:00,122.72,123.82,122.0,123.16,377093
2451,2025-09-25 10:00:00+00:00,123.16,123.16,122.06,122.62,182030
2452,2025-09-25 12:00:00+00:00,122.6,122.66,121.62,121.78,120371
2453,2025-09-25 14:00:00+00:00,121.8,122.42,120.88,121.72,242308
2454,2025-09-25 16:00:00+00:00,121.66,121.7,120.5,120.68,209811
2455,2025-09-25 18:00:00+00:00,120.68,120.68,120.14,120.5,91017
2456,2025-09-25 20:00:00+00:00,120.5,120.6,120.1,120.56,33602
2457,2025-09-26 02:00:00+00:00,120.6,120.6,120.6,120.6,126
2458,2025-09-26 04:00:00+00:00,120.66,120.68,119.84,120.26,63513
2459,2025-09-26 06:00:00+00:00,120.3,121.26,120.28,120.68,237567
2460,2025-09-26 08:00:00+00:00,120.7,122.42,120.44,121.82,375347
2461,2025-09-26 10:00:00+00:00,121.84,122.28,121.28,121.76,242527
2462,2025-09-26 12:00:00+00:00,121.74,121.86,120.6,121.22,189939
2463,2025-09-26 14:00:00+00:00,121.18,123.2,120.68,123.12,316847
2464,2025-09-26 16:00:00+00:00,123.0,123.46,122.7,123.1,141737
2465,2025-09-26 18:00:00+00:00,123.06,123.68,122.66,122.8,106280
2466,2025-09-26 20:00:00+00:00,122.82,123.0,122.7,122.78,23780
2467,2025-09-27 06:00:00+00:00,122.78,122.96,122.6,122.84,9416
2468,2025-09-27 08:00:00+00:00,122.78,123.04,122.78,123.02,9265
2469,2025-09-27 10:00:00+00:00,123.02,123.8,122.94,123.5,42453
2470,2025-09-27 12:00:00+00:00,123.48,123.58,123.34,123.54,11617
2471,2025-09-27 14:00:00+00:00,123.5,123.6,123.44,123.56,16448
2472,2025-09-28 06:00:00+00:00,123.54,123.72,123.34,123.48,7933
2473,2025-09-28 08:00:00+00:00,123.44,123.46,123.1,123.36,7887
2474,2025-09-28 10:00:00+00:00,123.36,123.44,123.04,123.28,8548
2475,2025-09-28 12:00:00+00:00,123.22,123.3,123.04,123.2,5102
2476,2025-09-28 14:00:00+00:00,123.2,123.3,122.88,122.9,19743
2477,2025-09-29 02:00:00+00:00,123.0,123.0,123.0,123.0,801
2478,2025-09-29 04:00:00+00:00,123.06,124.22,122.66,123.58,157450
2479,2025-09-29 06:00:00+00:00,123.56,125.24,123.14,124.98,550955
2480,2025-09-29 08:00:00+00:00,125.0,125.9,124.98,125.28,415322
2481,2025-09-29 10:00:00+00:00,125.28,126.8,125.28,126.14,706900
2484,2025-09-29 16:00:00+00:00,124.5,125.0,123.54,124.88,587984
2485,2025-09-29 18:00:00+00:00,124.9,125.54,124.08,125.24,297126
2486,2025-09-29 20:00:00+00:00,125.24,126.0,125.22,125.96,118671
2487,2025-09-30 02:00:00+00:00,125.96,125.96,125.96,125.96,320
2488,2025-09-30 04:00:00+00:00,125.9,125.98,125.32,125.84,59844
2489,2025-09-30 06:00:00+00:00,125.74,125.74,123.72,125.3,442185
2490,2025-09-30 08:00:00+00:00,125.3,125.72,122.42,123.76,741329
2491,2025-09-30 10:00:00+00:00,123.74,124.6,123.28,123.66,356463
2492,2025-09-30 12:00:00+00:00,123.66,124.32,122.98,124.16,331772
2493,2025-09-30 14:00:00+00:00,124.16,124.5,123.36,124.0,200012
2494,2025-09-30 16:00:00+00:00,123.94,124.4,123.26,123.72,101530
2495,2025-09-30 18:00:00+00:00,123.72,124.04,123.58,123.84,36794
2496,2025-09-30 20:00:00+00:00,123.82,124.1,123.74,123.88,13099
2497,2025-10-01 02:00:00+00:00,123.98,123.98,123.98,123.98,101
2498,2025-10-01 04:00:00+00:00,123.88,124.58,123.88,124.3,31897
2499,2025-10-01 06:00:00+00:00,124.3,124.38,122.8,123.1,189283
2500,2025-10-01 08:00:00+00:00,123.1,123.88,123.02,123.54,134564
2501,2025-10-01 10:00:00+00:00,123.6,123.7,121.82,121.98,326497
2502,2025-10-01 12:00:00+00:00,121.9,122.26,121.04,121.84,384792
2503,2025-10-01 14:00:00+00:00,121.86,121.86,120.76,121.3,251789
2504,2025-10-01 16:00:00+00:00,121.32,121.48,120.72,120.88,71790
2505,2025-10-01 18:00:00+00:00,120.9,121.1,120.46,121.04,121967
2506,2025-10-01 20:00:00+00:00,121.04,121.22,121.0,121.1,16906
2507,2025-10-02 02:00:00+00:00,121.22,121.22,121.22,121.22,306
2508,2025-10-02 04:00:00+00:00,121.24,121.52,120.2,120.7,123523
2509,2025-10-02 06:00:00+00:00,120.74,121.44,120.62,120.78,346527
2510,2025-10-02 08:00:00+00:00,120.78,121.88,120.2,121.74,359982
2511,2025-10-02 10:00:00+00:00,121.76,121.96,120.92,121.92,229710
2512,2025-10-02 12:00:00+00:00,121.9,121.96,121.0,121.06,135001
2513,2025-10-02 14:00:00+00:00,121.1,122.12,121.02,121.38,146884
2514,2025-10-02 16:00:00+00:00,121.4,121.64,120.76,121.12,70935
2515,2025-10-02 18:00:00+00:00,121.1,121.46,120.38,121.36,93594
2516,2025-10-02 20:00:00+00:00,121.4,121.56,121.2,121.4,15727
2517,2025-10-03 02:00:00+00:00,121.5,121.5,121.5,121.5,45
2518,2025-10-03 04:00:00+00:00,121.6,121.68,121.2,121.54,40035
2519,2025-10-03 06:00:00+00:00,121.5,122.46,121.16,122.4,160010
2520,2025-10-03 08:00:00+00:00,122.4,122.7,121.16,121.32,192782
2521,2025-10-03 10:00:00+00:00,121.3,121.8,120.36,120.38,218025
2522,2025-10-03 12:00:00+00:00,120.36,120.56,119.5,120.54,307178
2523,2025-10-03 14:00:00+00:00,120.54,120.64,119.7,120.5,127727
2524,2025-10-03 16:00:00+00:00,120.44,120.52,119.82,120.34,107911
2525,2025-10-03 18:00:00+00:00,120.34,120.64,120.2,120.5,47654
2526,2025-10-03 20:00:00+00:00,120.52,120.52,120.08,120.08,23611
2527,2025-10-04 06:00:00+00:00,120.0,120.64,118.38,118.8,73719
2528,2025-10-04 08:00:00+00:00,118.8,119.32,118.7,118.76,65451
2529,2025-10-04 10:00:00+00:00,118.76,118.96,118.02,118.64,84531
2530,2025-10-04 12:00:00+00:00,118.64,118.88,118.32,118.58,21440
2531,2025-10-04 14:00:00+00:00,118.5,118.94,118.42,118.66,21973
2532,2025-10-05 06:00:00+00:00,118.68,119.04,118.3,118.72,15139
2533,2025-10-05 08:00:00+00:00,118.78,118.98,118.46,118.96,12212
2534,2025-10-05 10:00:00+00:00,118.96,119.6,118.84,119.54,25450
2535,2025-10-05 12:00:00+00:00,119.58,119.6,119.12,119.6,26835
2536,2025-10-05 14:00:00+00:00,119.6,120.2,119.56,120.14,39233
2537,2025-10-06 02:00:00+00:00,120.4,120.4,120.4,120.4,284
2538,2025-10-06 04:00:00+00:00,120.5,120.5,119.92,120.16,49362
2539,2025-10-06 06:00:00+00:00,120.12,122.52,119.32,121.92,380598
2540,2025-10-06 08:00:00+00:00,121.92,122.88,121.46,122.64,237264
2541,2025-10-06 10:00:00+00:00,122.64,122.7,121.02,121.06,267285
2542,2025-10-06 12:00:00+00:00,121.04,122.9,120.24,122.88,392131
2543,2025-10-06 14:00:00+00:00,122.88,124.2,122.34,124.2,373713
2544,2025-10-06 16:00:00+00:00,124.2,124.66,124.0,124.2,146701
2545,2025-10-06 18:00:00+00:00,124.2,124.6,124.04,124.42,53507
2546,2025-10-06 20:00:00+00:00,124.44,124.48,124.0,124.02,24441
2547,2025-10-07 02:00:00+00:00,124.0,124.0,124.0,124.0,2278
2548,2025-10-07 04:00:00+00:00,124.02,124.5,123.48,124.38,105843
2549,2025-10-07 06:00:00+00:00,124.34,124.34,123.04,123.86,381328
2550,2025-10-07 08:00:00+00:00,123.84,125.08,123.84,124.44,599695
2551,2025-10-07 10:00:00+00:00,124.4,125.98,124.16,124.86,561568
2552,2025-10-07 12:00:00+00:00,124.86,125.88,124.26,125.56,392079
2553,2025-10-07 14:00:00+00:00,125.52,125.56,124.76,125.38,383100
2554,2025-10-07 16:00:00+00:00,125.3,125.58,124.76,125.56,130326
2555,2025-10-07 18:00:00+00:00,125.58,125.58,125.1,125.38,40147
2556,2025-10-07 20:00:00+00:00,125.4,126.0,125.34,125.96,79112
2557,2025-10-08 02:00:00+00:00,125.94,125.94,125.94,125.94,856
2558,2025-10-08 04:00:00+00:00,125.94,126.4,125.7,125.94,91375
2559,2025-10-08 06:00:00+00:00,125.92,126.76,124.42,125.3,491712
2560,2025-10-08 08:00:00+00:00,125.26,125.76,123.28,123.76,529618
2561,2025-10-08 10:00:00+00:00,123.72,124.6,122.64,123.4,602482
2562,2025-10-08 12:00:00+00:00,123.34,123.76,122.58,122.84,595653
2564,2025-10-08 16:00:00+00:00,122.12,122.22,121.14,121.72,276964
2565,2025-10-08 18:00:00+00:00,121.68,122.16,121.54,121.62,182546
2566,2025-10-08 20:00:00+00:00,121.64,122.0,121.62,121.86,42351
2567,2025-10-09 02:00:00+00:00,122.46,122.46,122.46,122.46,767
2568,2025-10-09 04:00:00+00:00,122.28,123.38,121.64,122.48,179984
2569,2025-10-09 06:00:00+00:00,122.44,123.9,121.34,123.62,678795
2571,2025-10-09 10:00:00+00:00,125.5,126.58,124.96,126.22,657123
2574,2025-10-09 16:00:00+00:00,129.88,129.98,128.1,128.9,641183
2575,2025-10-09 18:00:00+00:00,128.9,129.26,128.34,128.94,233315
2576,2025-10-09 20:00:00+00:00,128.94,128.96,128.24,128.68,107010
2577,2025-10-10 02:00:00+00:00,129.0,129.0,129.0,129.0,8424
2578,2025-10-10 04:00:00+00:00,129.1,129.46,127.68,128.38,184004
2579,2025-10-10 06:00:00+00:00,128.38,129.78,128.12,128.26,649029
2581,2025-10-10 10:00:00+00:00,128.32,128.52,127.2,127.38,461439
2582,2025-10-10 12:00:00+00:00,127.38,128.72,126.8,127.46,752568
2584,2025-10-10 16:00:00+00:00,126.26,126.64,125.7,126.02,204335
2585,2025-10-10 18:00:00+00:00,125.98,126.08,125.5,125.66,134804
2586,2025-10-10 20:00:00+00:00,125.64,125.9,125.52,125.64,51389
2587,2025-10-11 06:00:00+00:00,125.48,125.5,124.96,125.02,44318
2588,2025-10-11 08:00:00+00:00,125.08,125.16,125.0,125.12,14516
2589,2025-10-11 10:00:00+00:00,125.16,125.76,125.1,125.74,21133
2590,2025-10-11 12:00:00+00:00,125.7,125.9,125.64,125.8,20286
2591,2025-10-11 14:00:00+00:00,125.8,126.24,125.76,126.24,25777
2592,2025-10-12 06:00:00+00:00,126.2,126.8,125.52,126.36,38268
2593,2025-10-12 08:00:00+00:00,126.36,126.9,126.12,126.8,42063
2594,2025-10-12 10:00:00+00:00,126.82,126.9,126.4,126.5,17296
2595,2025-10-12 12:00:00+00:00,126.48,126.56,126.26,126.3,6119
2596,2025-10-12 14:00:00+00:00,126.3,126.66,126.22,126.6,12071
2597,2025-10-13 02:00:00+00:00,126.84,126.84,126.84,126.84,1087
2598,2025-10-13 04:00:00+00:00,126.86,127.44,126.84,127.1,87493
2602,2025-10-13 12:00:00+00:00,128.78,129.8,128.44,129.44,741822
2603,2025-10-13 14:00:00+00:00,129.42,129.52,128.64,129.1,392255
2604,2025-10-13 16:00:00+00:00,129.2,129.26,128.72,129.04,198779
2605,2025-10-13 18:00:00+00:00,129.04,129.38,128.76,128.9,110491
2606,2025-10-13 20:00:00+00:00,128.94,129.06,128.82,129.04,34867
2607,2025-10-14 02:00:00+00:00,129.04,129.04,129.04,129.04,455
2608,2025-10-14 04:00:00+00:00,129.08,129.34,128.74,128.9,45171
2609,2025-10-14 06:00:00+00:00,128.82,128.9,127.22,127.72,397422
2610,2025-10-14 08:00:00+00:00,127.74,128.06,126.4,126.82,739054
2611,2025-10-14 10:00:00+00:00,126.8,127.5,126.16,127.18,529771
2612,2025-10-14 12:00:00+00:00,127.16,127.8,126.16,126.68,589080
2613,2025-10-14 14:00:00+00:00,126.64,126.96,125.78,126.96,587911
2614,2025-10-14 16:00:00+00:00,126.88,126.88,126.04,126.4,104800
2615,2025-10-14 18:00:00+00:00,126.4,126.44,126.1,126.3,42465
2616,2025-10-14 20:00:00+00:00,126.24,126.68,126.16,126.56,24737
2617,2025-10-15 02:00:00+00:00,126.7,126.7,126.7,126.7,31
2618,2025-10-15 04:00:00+00:00,126.7,127.4,126.7,127.3,87765
2619,2025-10-15 06:00:00+00:00,127.24,127.24,125.9,126.12,263599
2620,2025-10-15 08:00:00+00:00,126.06,126.46,125.56,125.98,375309
2621,2025-10-15 10:00:00+00:00,125.96,127.64,125.92,127.28,533991
2622,2025-10-15 12:00:00+00:00,127.3,127.9,125.6,125.82,463616
2623,2025-10-15 14:00:00+00:00,125.8,126.24,125.52,126.24,203624
2624,2025-10-15 16:00:00+00:00,126.18,126.18,125.0,125.0,174668
2625,2025-10-15 18:00:00+00:00,125.0,125.64,125.0,125.58,36847
2626,2025-10-15 20:00:00+00:00,125.58,125.6,125.2,125.22,17326
2627,2025-10-16 02:00:00+00:00,126.08,126.08,126.08,126.08,592
2628,2025-10-16 04:00:00+00:00,126.06,126.06,125.12,125.62,33667
2629,2025-10-16 06:00:00+00:00,125.56,125.98,124.62,125.58,286737
2630,2025-10-16 08:00:00+00:00,125.54,126.66,124.58,126.38,404470
2631,2025-10-16 10:00:00+00:00,126.36,126.9,125.8,126.3,198484
2632,2025-10-16 12:00:00+00:00,126.3,128.32,126.28,128.1,639498
2635,2025-10-16 18:00:00+00:00,133.18,133.3,131.82,132.52,619513
2636,2025-10-16 20:00:00+00:00,132.58,134.42,132.56,134.34,269652
2637,2025-10-17 02:00:00+00:00,134.3,134.3,134.3,134.3,1660
2638,2025-10-17 04:00:00+00:00,134.3,134.32,132.0,132.94,375026
2639,2025-10-17 06:00:00+00:00,132.98,133.16,131.22,131.7,724392
2640,2025-10-17 08:00:00+00:00,131.68,132.28,130.8,131.8,536691
2641,2025-10-17 10:00:00+00:00,131.86,134.0,131.86,133.16,443471
2642,2025-10-17 12:00:00+00:00,133.16,134.1,132.02,132.36,383042
2643,2025-10-17 14:00:00+00:00,132.36,132.82,131.7,132.52,218735
2644,2025-10-17 16:00:00+00:00,132.64,133.1,131.54,131.86,407629
2645,2025-10-17 18:00:00+00:00,131.88,132.2,131.34,131.48,143014
2646,2025-10-17 20:00:00+00:00,131.42,131.72,131.18,131.52,47427
2647,2025-10-18 06:00:00+00:00,132.34,133.38,131.94,133.24,79394
2648,2025-10-18 08:00:00+00:00,133.24,133.68,133.2,133.22,96134
2649,2025-10-18 10:00:00+00:00,133.24,133.4,133.2,133.28,31721
2650,2025-10-18 12:00:00+00:00,133.28,133.38,133.1,133.16,31186
2651,2025-10-18 14:00:00+00:00,133.16,133.38,133.08,133.24,22804
2652,2025-10-19 06:00:00+00:00,133.28,133.62,132.56,132.64,50351
2653,2025-10-19 08:00:00+00:00,132.64,133.02,132.64,133.0,16212
2654,2025-10-19 10:00:00+00:00,133.0,133.16,132.86,132.96,23558
2655,2025-10-19 12:00:00+00:00,132.94,132.96,132.3,132.54,32773
2656,2025-10-19 14:00:00+00:00,132.54,132.92,132.48,132.88,20883
2657,2025-10-20 02:00:00+00:00,133.2,133.2,133.2,133.2,1102
2658,2025-10-20 04:00:00+00:00,133.2,133.32,132.42,132.68,80332
2659,2025-10-20 06:00:00+00:00,132.68,133.9,131.8,133.62,386951
2660,2025-10-20 08:00:00+00:00,133.6,133.7,132.26,132.3,337784
2661,2025-10-20 10:00:00+00:00,132.28,133.48,132.26,133.26,144424
2662,2025-10-20 12:00:00+00:00,133.28,133.78,132.84,132.9,197142
2663,2025-10-20 14:00:00+00:00,132.92,133.48,132.9,133.36,75443
2664,2025-10-20 16:00:00+00:00,133.34,133.4,132.86,133.32,65923
2665,2025-10-20 18:00:00+00:00,133.34,133.58,133.12,133.5,50938
2666,2025-10-20 20:00:00+00:00,133.48,133.66,133.48,133.54,26023
2667,2025-10-21 02:00:00+00:00,133.68,133.68,133.68,133.68,160
2668,2025-10-21 04:00:00+00:00,133.68,133.68,130.94,131.98,288472
2669,2025-10-21 06:00:00+00:00,131.98,132.44,130.04,130.04,397567
2670,2025-10-21 08:00:00+00:00,130.04,130.9,129.18,130.64,647660
2671,2025-10-21 10:00:00+00:00,130.62,131.12,130.04,130.2,222769
2672,2025-10-21 12:00:00+00:00,130.2,130.76,130.12,130.36,304077
