,datetime,open,high,low,close,volume
0,2024-10-21 12:00:00+00:00,84.75,85.1,84.73,84.99,1128902
1,2024-10-21 14:00:00+00:00,84.98,85.0,84.51,84.74,1791456
2,2024-10-21 16:00:00+00:00,84.74,84.76,84.58,84.67,337512
3,2024-10-21 18:00:00+00:00,84.69,84.79,84.6,84.73,312412
4,2024-10-21 20:00:00+00:00,84.74,84.76,84.68,84.71,133599
5,2024-10-22 06:00:00+00:00,84.65,84.72,84.24,84.48,1418143
6,2024-10-22 08:00:00+00:00,84.48,85.1,84.3,84.98,2637128
7,2024-10-22 10:00:00+00:00,84.98,85.04,84.43,84.56,2054585
8,2024-10-22 12:00:00+00:00,84.56,84.66,84.06,84.16,2719663
9,2024-10-22 14:00:00+00:00,84.17,84.3,83.65,83.94,5125595
10,2024-10-22 16:00:00+00:00,83.94,83.95,83.63,83.76,1387044
11,2024-10-22 18:00:00+00:00,83.76,83.8,83.61,83.68,684637
12,2024-10-22 20:00:00+00:00,83.66,83.67,83.45,83.58,790323
13,2024-10-23 06:00:00+00:00,83.41,83.48,82.61,82.73,8524285
14,2024-10-23 08:00:00+00:00,82.72,83.4,82.57,82.95,4853186
15,2024-10-23 10:00:00+00:00,82.96,83.44,82.83,82.84,2209265
16,2024-10-23 12:00:00+00:00,82.84,84.98,82.83,83.7,10697511
17,2024-10-23 14:00:00+00:00,83.68,84.21,83.46,84.21,3309916
18,2024-10-23 16:00:00+00:00,84.0,84.1,82.74,82.77,3571511
19,2024-10-23 18:00:00+00:00,82.76,82.82,82.1,82.33,4401599
20,2024-10-23 20:00:00+00:00,82.33,82.33,81.84,82.22,1832829
21,2024-10-24 06:00:00+00:00,82.4,82.9,81.91,82.06,5646287
22,2024-10-24 08:00:00+00:00,82.05,82.47,81.2,81.61,6083521
23,2024-10-24 10:00:00+00:00,81.61,82.29,81.32,82.23,2773130
24,2024-10-24 12:00:00+00:00,82.23,82.35,81.67,82.34,2024547
25,2024-10-24 14:00:00+00:00,82.34,82.73,82.21,82.26,2261900
26,2024-10-24 16:00:00+00:00,82.26,82.6,82.26,82.39,999887
27,2024-10-24 18:00:00+00:00,82.38,82.44,82.26,82.39,473925
28,2024-10-24 20:00:00+00:00,82.39,82.75,82.37,82.64,781555
29,2024-10-25 06:00:00+00:00,82.66,82.77,82.27,82.44,1708454
30,2024-10-25 08:00:00+00:00,82.44,83.22,82.4,82.65,4274963
31,2024-10-25 10:00:00+00:00,82.64,83.3,81.5,81.79,10751887
32,2024-10-25 12:00:00+00:00,81.78,82.45,80.06,80.2,14969962
33,2024-10-25 14:00:00+00:00,80.2,80.58,79.67,79.96,8427731
34,2024-10-25 16:00:00+00:00,79.97,80.2,79.78,80.07,2697315
35,2024-10-25 18:00:00+00:00,80.06,80.24,79.88,80.02,1596000
36,2024-10-25 20:00:00+00:00,80.02,80.02,79.8,79.89,893163
37,2024-10-28 06:00:00+00:00,79.15,79.77,78.8,79.43,7870676
38,2024-10-28 08:00:00+00:00,79.41,80.19,79.3,79.45,5917666
39,2024-10-28 10:00:00+00:00,79.45,79.78,78.86,78.94,5251361
40,2024-10-28 12:00:00+00:00,78.93,79.21,78.29,78.36,7485782
41,2024-10-28 14:00:00+00:00,78.37,78.46,76.32,76.68,12283040
42,2024-10-28 16:00:00+00:00,76.73,76.93,75.16,76.13,10023546
43,2024-10-28 18:00:00+00:00,76.11,76.16,75.63,76.0,1760141
44,2024-10-28 20:00:00+00:00,76.0,76.27,75.99,76.2,618767
45,2024-10-29 06:00:00+00:00,76.33,77.01,76.02,76.7,4890820
46,2024-10-29 08:00:00+00:00,76.69,76.76,74.9,75.91,10547290
47,2024-10-29 10:00:00+00:00,75.92,76.92,75.5,76.82,4178235
48,2024-10-29 12:00:00+00:00,76.82,77.33,76.54,77.04,4683017
49,2024-10-29 14:00:00+00:00,77.04,77.54,76.78,76.95,3643207
50,2024-10-29 16:00:00+00:00,76.97,78.0,76.93,77.77,3009737
51,2024-10-29 18:00:00+00:00,77.78,78.08,77.4,77.5,1881348
52,2024-10-29 20:00:00+00:00,77.49,77.5,77.14,77.45,564599
53,2024-10-30 06:00:00+00:00,77.56,78.29,77.17,78.17,3984689
54,2024-10-30 08:00:00+00:00,78.17,78.42,77.61,77.84,4519570
55,2024-10-30 10:00:00+00:00,77.84,77.88,76.83,76.93,3279799
56,2024-10-30 12:00:00+00:00,76.93,77.31,76.63,77.19,2689543
57,2024-10-30 14:00:00+00:00,77.18,78.24,77.12,77.87,5431914
58,2024-10-30 16:00:00+00:00,77.69,77.75,76.83,76.9,3826861
59,2024-10-30 18:00:00+00:00,76.9,77.06,76.0,76.25,2932052
60,2024-10-30 20:00:00+00:00,76.25,76.45,76.02,76.19,994350
61,2024-10-31 06:00:00+00:00,75.91,76.47,75.81,76.14,3895687
62,2024-10-31 08:00:00+00:00,76.14,76.34,74.73,75.48,6910938
63,2024-10-31 10:00:00+00:00,75.48,76.33,75.23,76.22,5052063
64,2024-10-31 12:00:00+00:00,76.23,76.33,75.22,75.34,2659095
65,2024-10-31 14:00:00+00:00,75.34,75.76,74.9,75.14,3570814
66,2024-10-31 16:00:00+00:00,75.06,75.22,74.74,74.89,2557410
67,2024-10-31 18:00:00+00:00,74.87,75.42,74.86,75.28,1363084
68,2024-10-31 20:00:00+00:00,75.28,75.38,75.03,75.25,544329
69,2024-11-01 06:00:00+00:00,75.25,75.6,74.8,75.11,2744177
70,2024-11-01 08:00:00+00:00,75.1,75.5,74.53,74.88,4963217
71,2024-11-01 10:00:00+00:00,74.87,75.59,74.84,75.31,2552073
72,2024-11-01 12:00:00+00:00,75.31,76.08,75.02,75.73,2881932
73,2024-11-01 14:00:00+00:00,75.72,76.7,75.66,76.24,4453704
74,2024-11-01 16:00:00+00:00,76.24,76.7,76.24,76.49,1865253
75,2024-11-01 18:00:00+00:00,76.48,76.64,76.27,76.63,1094457
76,2024-11-01 20:00:00+00:00,76.62,76.85,76.46,76.62,736222
77,2024-11-02 06:00:00+00:00,76.62,76.85,76.42,76.77,1493630
78,2024-11-02 08:00:00+00:00,76.78,76.79,76.49,76.54,1002240
79,2024-11-02 10:00:00+00:00,76.52,77.2,76.5,76.99,1936851
80,2024-11-02 12:00:00+00:00,76.97,77.44,76.85,77.21,2380189
81,2024-11-02 14:00:00+00:00,77.22,77.28,76.48,76.82,1504818
82,2024-11-02 16:00:00+00:00,76.82,76.82,76.68,76.81,386528
83,2024-11-02 18:00:00+00:00,76.81,77.09,76.79,77.08,615712
84,2024-11-02 20:00:00+00:00,77.08,77.27,77.07,77.12,552743
85,2024-11-05 06:00:00+00:00,77.69,77.83,77.16,77.28,2944612
86,2024-11-05 08:00:00+00:00,77.29,77.71,77.13,77.67,1952222
87,2024-11-05 10:00:00+00:00,77.67,78.2,77.26,77.45,4675220
88,2024-11-05 12:00:00+00:00,77.46,77.58,77.0,77.11,2163038
89,2024-11-05 14:00:00+00:00,77.11,77.35,76.86,77.24,1798380
90,2024-11-05 16:00:00+00:00,77.3,77.66,77.13,77.36,1319414
91,2024-11-05 18:00:00+00:00,77.37,77.41,77.09,77.3,641479
92,2024-11-05 20:00:00+00:00,77.3,77.4,77.29,77.38,222328
93,2024-11-06 06:00:00+00:00,78.66,79.9,78.3,79.2,12280621
94,2024-11-06 08:00:00+00:00,79.24,79.9,79.03,79.12,8439863
95,2024-11-06 10:00:00+00:00,79.12,79.14,78.5,78.73,4650172
96,2024-11-06 12:00:00+00:00,78.74,78.77,77.66,78.04,7482561
97,2024-11-06 14:00:00+00:00,78.05,78.34,77.75,78.1,3801158
98,2024-11-06 16:00:00+00:00,78.1,78.46,77.91,78.4,1251887
99,2024-11-06 18:00:00+00:00,78.43,78.53,78.24,78.33,1051119
100,2024-11-06 20:00:00+00:00,78.3,78.4,78.24,78.32,355680
101,2024-11-07 08:00:00+00:00,78.29,78.29,77.5,77.7,2461791
102,2024-11-07 10:00:00+00:00,77.7,77.73,76.73,77.38,5850577
103,2024-11-07 12:00:00+00:00,77.39,77.65,76.53,76.95,6751647
104,2024-11-07 14:00:00+00:00,76.96,77.75,76.94,77.56,9904080
105,2024-11-07 16:00:00+00:00,77.5,78.29,77.2,77.58,7148195
106,2024-11-07 18:00:00+00:00,77.6,78.55,77.58,78.44,5205100
107,2024-11-07 20:00:00+00:00,78.44,79.31,78.41,79.1,5016816
108,2024-11-08 06:00:00+00:00,79.5,79.84,78.7,79.62,7664253
109,2024-11-08 08:00:00+00:00,79.62,79.8,78.56,79.0,7535233
110,2024-11-08 10:00:00+00:00,79.0,79.11,77.85,78.29,7927692
111,2024-11-08 12:00:00+00:00,78.28,78.84,78.21,78.61,2828249
112,2024-11-08 14:00:00+00:00,78.6,79.06,78.48,78.98,3211045
113,2024-11-08 16:00:00+00:00,78.88,80.37,78.88,80.17,11279446
114,2024-11-08 18:00:00+00:00,80.17,80.43,79.91,80.4,2890483
115,2024-11-08 20:00:00+00:00,80.4,80.4,80.1,80.2,1317621
116,2024-11-11 06:00:00+00:00,81.1,81.59,80.68,81.08,11367447
117,2024-11-11 08:00:00+00:00,81.09,82.16,80.84,81.75,9707836
118,2024-11-11 10:00:00+00:00,81.75,81.88,80.72,81.0,5411319
119,2024-11-11 12:00:00+00:00,80.99,82.0,80.5,81.35,13701608
120,2024-11-11 14:00:00+00:00,81.32,81.9,81.21,81.84,3827303
121,2024-11-11 16:00:00+00:00,81.77,81.88,81.31,81.47,1929719
122,2024-11-11 18:00:00+00:00,81.47,81.63,81.35,81.54,1043122
123,2024-11-11 20:00:00+00:00,81.54,81.7,81.52,81.58,597148
124,2024-11-12 06:00:00+00:00,81.5,81.68,80.62,80.91,5221834
125,2024-11-12 08:00:00+00:00,80.9,81.36,80.7,81.15,4229655
126,2024-11-12 10:00:00+00:00,81.16,81.35,80.78,80.91,1893828
127,2024-11-12 12:00:00+00:00,80.89,80.93,80.2,80.44,3735411
128,2024-11-12 14:00:00+00:00,80.44,81.78,80.43,81.43,3563630
129,2024-11-12 16:00:00+00:00,81.34,81.34,80.95,80.98,1118070
130,2024-11-12 18:00:00+00:00,80.98,81.0,80.5,80.53,1362998
131,2024-11-12 20:00:00+00:00,80.52,80.7,80.4,80.68,537074
132,2024-11-13 06:00:00+00:00,80.64,80.89,80.41,80.65,2559201
133,2024-11-13 08:00:00+00:00,80.63,81.4,80.57,80.99,4212534
134,2024-11-13 10:00:00+00:00,80.99,81.18,79.96,80.33,4298730
135,2024-11-13 12:00:00+00:00,80.33,80.99,80.02,80.66,3978457
136,2024-11-13 14:00:00+00:00,80.66,80.9,80.49,80.73,2105442
137,2024-11-13 16:00:00+00:00,80.49,80.49,79.64,80.07,4060345
138,2024-11-13 18:00:00+00:00,80.07,80.17,79.82,79.87,829944
139,2024-11-13 20:00:00+00:00,79.87,80.02,79.33,79.41,1097727
140,2024-11-14 06:00:00+00:00,79.5,79.82,79.38,79.6,3337605
141,2024-11-14 08:00:00+00:00,79.6,79.98,79.22,79.8,3488793
142,2024-11-14 10:00:00+00:00,79.8,79.93,79.22,79.45,2225171
143,2024-11-14 12:00:00+00:00,79.45,80.16,79.1,79.6,3485003
144,2024-11-14 14:00:00+00:00,79.61,79.72,78.83,79.07,4731560
145,2024-11-14 16:00:00+00:00,79.07,79.55,78.92,79.08,2169186
146,2024-11-14 18:00:00+00:00,79.08,79.32,79.03,79.23,1002335
147,2024-11-14 20:00:00+00:00,79.23,79.27,79.1,79.19,232664
148,2024-11-15 06:00:00+00:00,79.1,79.49,78.88,79.32,1970952
149,2024-11-15 08:00:00+00:00,79.32,79.92,79.13,79.78,3377103
150,2024-11-15 10:00:00+00:00,79.78,79.87,79.46,79.73,1238419
151,2024-11-15 12:00:00+00:00,79.73,80.24,79.53,79.75,2839225
152,2024-11-15 14:00:00+00:00,79.75,80.2,79.7,80.01,2129625
153,2024-11-15 16:00:00+00:00,80.13,80.39,79.81,79.85,2069251
154,2024-11-15 18:00:00+00:00,79.84,80.58,79.82,80.44,2035811
155,2024-11-15 20:00:00+00:00,80.44,80.61,80.4,80.59,877040
156,2024-11-18 06:00:00+00:00,79.0,79.54,78.2,79.36,6552418
157,2024-11-18 08:00:00+00:00,79.36,79.84,78.8,78.81,4030458
158,2024-11-18 10:00:00+00:00,78.82,79.28,78.62,79.26,1902371
159,2024-11-18 12:00:00+00:00,79.25,79.39,78.97,79.38,1329014
160,2024-11-18 14:00:00+00:00,79.39,79.71,79.26,79.48,1885961
161,2024-11-18 16:00:00+00:00,79.4,79.7,79.15,79.47,1145560
162,2024-11-18 18:00:00+00:00,79.47,79.66,78.98,79.05,1541797
163,2024-11-18 20:00:00+00:00,79.06,79.06,78.82,78.95,518778
164,2024-11-19 06:00:00+00:00,78.96,79.47,78.82,78.88,2216225
165,2024-11-19 08:00:00+00:00,78.86,78.93,77.87,78.48,7668896
166,2024-11-19 10:00:00+00:00,78.48,78.55,77.59,78.06,3557434
167,2024-11-19 12:00:00+00:00,78.06,78.25,77.28,77.45,4026626
168,2024-11-19 14:00:00+00:00,77.45,77.84,76.57,77.05,5039650
169,2024-11-19 16:00:00+00:00,77.04,77.69,77.04,77.67,1871916
170,2024-11-19 18:00:00+00:00,77.67,77.77,77.2,77.25,1202657
171,2024-11-19 20:00:00+00:00,77.24,77.29,77.0,77.06,364685
172,2024-11-20 06:00:00+00:00,77.1,77.57,76.9,76.93,2667288
173,2024-11-20 08:00:00+00:00,76.93,77.56,76.81,77.17,1992762
174,2024-11-20 10:00:00+00:00,77.17,77.85,76.96,77.78,2892821
175,2024-11-20 12:00:00+00:00,77.78,77.88,76.55,76.87,3069397
176,2024-11-20 14:00:00+00:00,76.87,76.98,75.57,75.57,5746943
177,2024-11-20 16:00:00+00:00,75.48,75.69,75.03,75.36,5501377
178,2024-11-20 18:00:00+00:00,75.35,75.65,75.35,75.54,919297
179,2024-11-20 20:00:00+00:00,75.54,75.77,75.53,75.64,475093
180,2024-11-21 06:00:00+00:00,75.77,76.16,75.34,75.52,3691277
181,2024-11-21 08:00:00+00:00,75.52,75.95,74.83,75.12,5765988
182,2024-11-21 10:00:00+00:00,75.12,75.93,75.01,75.1,3033405
183,2024-11-21 12:00:00+00:00,75.1,75.15,74.22,74.96,6584027
184,2024-11-21 14:00:00+00:00,74.96,75.25,74.07,74.24,5353799
185,2024-11-21 16:00:00+00:00,74.34,74.93,74.03,74.92,4055823
186,2024-11-21 18:00:00+00:00,74.91,76.24,74.75,76.05,4004349
187,2024-11-21 20:00:00+00:00,76.05,76.3,75.99,76.3,1282474
188,2024-11-22 06:00:00+00:00,76.49,76.58,75.63,75.99,2984470
189,2024-11-22 08:00:00+00:00,75.97,76.09,74.88,75.56,4184372
190,2024-11-22 10:00:00+00:00,75.55,75.64,74.4,74.61,3123068
191,2024-11-22 12:00:00+00:00,74.61,74.69,73.78,74.2,5099632
192,2024-11-22 14:00:00+00:00,74.19,74.74,73.93,74.32,3610906
193,2024-11-22 16:00:00+00:00,74.34,74.94,74.34,74.62,2060782
194,2024-11-22 18:00:00+00:00,74.63,74.63,74.37,74.45,853071
195,2024-11-22 20:00:00+00:00,74.45,74.48,73.93,74.05,775422
196,2024-11-25 06:00:00+00:00,74.15,74.36,72.22,72.82,10355835
197,2024-11-25 08:00:00+00:00,72.82,73.05,72.53,72.98,5807394
198,2024-11-25 10:00:00+00:00,72.98,73.19,71.5,72.06,8934351
199,2024-11-25 12:00:00+00:00,72.09,72.19,70.94,71.47,9451227
200,2024-11-25 14:00:00+00:00,71.47,71.68,70.8,71.49,7928828
201,2024-11-25 16:00:00+00:00,71.46,71.57,70.34,70.66,6405759
202,2024-11-25 18:00:00+00:00,70.67,70.92,69.83,70.27,9263897
203,2024-11-25 20:00:00+00:00,70.27,70.41,69.96,70.11,1514494
204,2024-11-26 06:00:00+00:00,70.31,72.08,69.82,71.66,14265858
205,2024-11-26 08:00:00+00:00,71.66,72.48,71.12,71.25,17840763
206,2024-11-26 10:00:00+00:00,71.22,71.8,69.86,70.25,15529413
208,2024-11-26 14:00:00+00:00,68.71,69.04,67.75,68.29,9131443
209,2024-11-26 16:00:00+00:00,68.32,68.78,67.89,68.01,6781361
210,2024-11-26 18:00:00+00:00,68.01,68.51,67.84,68.26,2510294
211,2024-11-26 20:00:00+00:00,68.26,68.31,68.0,68.23,969855
212,2024-11-27 06:00:00+00:00,68.49,68.6,65.67,66.25,14561332
213,2024-11-27 08:00:00+00:00,66.25,68.66,66.08,68.15,17862014
214,2024-11-27 10:00:00+00:00,68.16,68.7,67.29,68.4,9613624
215,2024-11-27 12:00:00+00:00,68.37,69.03,67.01,67.89,8786097
216,2024-11-27 14:00:00+00:00,67.89,68.76,67.38,68.76,5055138
217,2024-11-27 16:00:00+00:00,68.7,70.05,68.23,69.71,8634442
218,2024-11-27 18:00:00+00:00,69.71,69.82,69.25,69.77,2123106
219,2024-11-27 20:00:00+00:00,69.77,70.07,69.67,70.02,1442745
220,2024-11-28 06:00:00+00:00,70.21,70.35,69.16,70.08,8057583
221,2024-11-28 08:00:00+00:00,70.08,70.69,69.08,69.45,12317503
222,2024-11-28 10:00:00+00:00,69.44,69.46,68.39,68.53,5237756
223,2024-11-28 12:00:00+00:00,68.51,68.76,67.69,68.4,5926406
224,2024-11-28 14:00:00+00:00,68.41,69.92,68.17,69.6,5060522
225,2024-11-28 16:00:00+00:00,69.61,69.9,69.1,69.58,3568321
226,2024-11-28 18:00:00+00:00,69.6,69.88,69.49,69.63,1269307
227,2024-11-28 20:00:00+00:00,69.62,69.63,69.05,69.28,927547
228,2024-11-29 06:00:00+00:00,69.53,69.56,68.8,69.48,3768417
229,2024-11-29 08:00:00+00:00,69.5,70.18,69.33,69.96,7172643
230,2024-11-29 10:00:00+00:00,69.95,70.26,69.35,69.68,6420173
231,2024-11-29 12:00:00+00:00,69.71,70.48,68.88,69.33,7962878
232,2024-11-29 14:00:00+00:00,69.34,69.83,69.18,69.8,3066647
233,2024-11-29 16:00:00+00:00,69.78,69.8,69.47,69.68,1404910
234,2024-11-29 18:00:00+00:00,69.68,69.84,69.6,69.64,1125838
235,2024-11-29 20:00:00+00:00,69.64,69.79,69.5,69.5,808660
236,2024-12-02 06:00:00+00:00,69.0,70.17,68.97,69.55,10372731
237,2024-12-02 08:00:00+00:00,69.55,69.74,68.94,69.21,5965097
238,2024-12-02 10:00:00+00:00,69.21,69.55,68.85,69.41,3516119
239,2024-12-02 12:00:00+00:00,69.41,69.73,68.99,69.24,4080531
240,2024-12-02 14:00:00+00:00,69.23,69.6,69.01,69.55,2629035
241,2024-12-02 16:00:00+00:00,69.55,69.59,69.11,69.35,1145111
242,2024-12-02 18:00:00+00:00,69.35,69.49,69.27,69.33,707646
243,2024-12-02 20:00:00+00:00,69.34,69.4,69.21,69.27,325588
244,2024-12-03 06:00:00+00:00,69.27,69.34,68.52,68.79,4745908
245,2024-12-03 08:00:00+00:00,68.79,68.79,68.29,68.56,2953722
246,2024-12-03 10:00:00+00:00,68.55,68.95,68.44,68.56,2203700
247,2024-12-03 12:00:00+00:00,68.57,68.69,67.0,67.49,7193313
248,2024-12-03 14:00:00+00:00,67.49,67.7,67.01,67.51,4004881
249,2024-12-03 16:00:00+00:00,67.58,67.8,67.27,67.57,1781054
250,2024-12-03 18:00:00+00:00,67.54,67.58,67.13,67.19,1198673
251,2024-12-03 20:00:00+00:00,67.18,67.45,67.17,67.28,724707
252,2024-12-04 06:00:00+00:00,67.32,68.15,67.13,67.94,6181270
253,2024-12-04 08:00:00+00:00,67.89,69.07,67.86,68.8,11382074
254,2024-12-04 10:00:00+00:00,68.81,68.88,68.33,68.51,3166937
255,2024-12-04 12:00:00+00:00,68.51,68.9,67.95,67.99,7645048
256,2024-12-04 14:00:00+00:00,68.0,68.11,67.1,67.15,7548729
258,2024-12-04 18:00:00+00:00,65.67,65.8,65.02,65.39,6089401
259,2024-12-04 20:00:00+00:00,65.39,66.1,65.07,65.38,3158838
260,2024-12-05 06:00:00+00:00,65.35,65.95,64.69,65.47,10508079
261,2024-12-05 08:00:00+00:00,65.48,66.18,64.99,65.2,9029610
262,2024-12-05 10:00:00+00:00,65.19,65.4,64.34,64.46,10053299
263,2024-12-05 12:00:00+00:00,64.46,65.83,64.3,65.46,10387823
264,2024-12-05 14:00:00+00:00,65.46,66.88,65.46,66.49,9750381
265,2024-12-05 16:00:00+00:00,66.49,67.21,66.49,66.68,3515215
266,2024-12-05 18:00:00+00:00,66.69,67.07,66.68,66.93,1490160
267,2024-12-05 20:00:00+00:00,66.93,67.01,66.77,66.95,573514
268,2024-12-06 06:00:00+00:00,67.0,67.45,66.56,67.23,6602202
269,2024-12-06 08:00:00+00:00,67.23,67.26,66.05,66.34,6761573
270,2024-12-06 10:00:00+00:00,66.35,67.73,66.01,67.7,6352641
271,2024-12-06 12:00:00+00:00,67.7,68.17,67.35,67.58,7546753
272,2024-12-06 14:00:00+00:00,67.56,67.71,67.21,67.5,1666360
273,2024-12-06 16:00:00+00:00,67.4,67.79,67.38,67.75,1307361
274,2024-12-06 18:00:00+00:00,67.75,67.77,67.46,67.54,595721
275,2024-12-06 20:00:00+00:00,67.54,67.75,67.37,67.52,652214
276,2024-12-09 06:00:00+00:00,67.94,68.3,67.62,68.09,4486623
277,2024-12-09 08:00:00+00:00,68.08,68.1,67.54,67.92,2613837
278,2024-12-09 10:00:00+00:00,67.92,68.28,67.75,68.21,2104279
279,2024-12-09 12:00:00+00:00,68.21,68.8,68.06,68.73,5849063
280,2024-12-09 14:00:00+00:00,68.73,68.76,68.27,68.42,1970075
281,2024-12-09 16:00:00+00:00,68.42,68.55,68.31,68.39,851287
282,2024-12-09 18:00:00+00:00,68.39,68.49,68.35,68.36,422665
283,2024-12-09 20:00:00+00:00,68.37,68.37,68.05,68.1,537528
284,2024-12-10 06:00:00+00:00,68.19,68.22,67.57,67.61,3074156
285,2024-12-10 08:00:00+00:00,67.62,67.97,66.86,67.04,5697153
286,2024-12-10 10:00:00+00:00,67.05,67.59,66.7,66.84,4821422
287,2024-12-10 12:00:00+00:00,66.83,67.48,66.68,67.05,2928239
288,2024-12-10 14:00:00+00:00,67.05,67.36,66.7,67.0,3055511
289,2024-12-10 16:00:00+00:00,66.95,67.14,66.85,67.11,801943
290,2024-12-10 18:00:00+00:00,67.11,67.28,66.9,67.08,798288
291,2024-12-10 20:00:00+00:00,67.09,67.16,66.81,66.94,511190
292,2024-12-11 06:00:00+00:00,66.94,67.13,66.49,66.76,2078100
293,2024-12-11 08:00:00+00:00,66.77,67.7,66.74,67.44,4564439
294,2024-12-11 10:00:00+00:00,67.44,67.44,66.91,67.14,2324276
295,2024-12-11 12:00:00+00:00,67.14,67.52,67.0,67.34,2588278
296,2024-12-11 14:00:00+00:00,67.34,67.64,66.79,66.96,2726190
297,2024-12-11 16:00:00+00:00,66.9,67.59,66.76,67.35,2231895
298,2024-12-11 18:00:00+00:00,67.38,67.59,67.25,67.59,886202
299,2024-12-11 20:00:00+00:00,67.58,67.85,67.58,67.81,779692
300,2024-12-12 06:00:00+00:00,68.0,68.65,67.44,68.62,5453812
301,2024-12-12 08:00:00+00:00,68.63,68.66,67.42,67.58,7116801
302,2024-12-12 10:00:00+00:00,67.56,67.72,67.04,67.36,2528654
303,2024-12-12 12:00:00+00:00,67.37,67.73,67.16,67.19,2103966
304,2024-12-12 14:00:00+00:00,67.21,67.25,66.6,66.72,3818613
305,2024-12-12 16:00:00+00:00,66.7,67.32,66.6,66.8,2250852
306,2024-12-12 18:00:00+00:00,66.81,66.96,66.61,66.67,810222
307,2024-12-12 20:00:00+00:00,66.66,66.67,66.5,66.57,535119
308,2024-12-13 06:00:00+00:00,66.45,66.56,65.73,66.37,5849648
309,2024-12-13 08:00:00+00:00,66.37,66.58,66.0,66.18,4261315
310,2024-12-13 10:00:00+00:00,66.18,67.0,66.18,66.66,3174134
311,2024-12-13 12:00:00+00:00,66.61,66.9,66.22,66.47,2972015
312,2024-12-13 14:00:00+00:00,66.48,66.84,66.47,66.75,1070975
313,2024-12-13 16:00:00+00:00,66.85,66.85,66.51,66.52,631440
314,2024-12-13 18:00:00+00:00,66.52,66.59,66.45,66.46,466072
315,2024-12-13 20:00:00+00:00,66.46,66.46,66.29,66.38,443182
316,2024-12-16 06:00:00+00:00,66.12,66.31,65.66,65.96,2642463
317,2024-12-16 08:00:00+00:00,65.96,65.98,64.75,64.88,6185734
318,2024-12-16 10:00:00+00:00,64.87,65.35,64.36,64.83,5086923
319,2024-12-16 12:00:00+00:00,64.83,64.91,64.37,64.79,3166423
320,2024-12-16 14:00:00+00:00,64.79,64.92,64.02,64.27,3581437
321,2024-12-16 16:00:00+00:00,64.48,64.92,63.8,64.56,3934124
322,2024-12-16 18:00:00+00:00,64.56,64.71,64.19,64.28,1119617
323,2024-12-16 20:00:00+00:00,64.28,64.29,64.0,64.25,610954
324,2024-12-17 06:00:00+00:00,64.22,64.64,64.06,64.6,3562230
325,2024-12-17 08:00:00+00:00,64.6,64.79,64.3,64.59,2242617
326,2024-12-17 10:00:00+00:00,64.59,64.67,63.84,64.0,2609485
327,2024-12-17 12:00:00+00:00,63.99,64.29,63.7,63.9,3277128
328,2024-12-17 14:00:00+00:00,63.9,64.17,63.67,63.82,2036608
329,2024-12-17 16:00:00+00:00,63.85,64.28,63.82,64.17,1415623
330,2024-12-17 18:00:00+00:00,64.17,64.34,63.95,64.14,891328
331,2024-12-17 20:00:00+00:00,64.14,64.25,64.1,64.21,212657
332,2024-12-18 06:00:00+00:00,64.27,64.57,64.13,64.15,2857407
333,2024-12-18 08:00:00+00:00,64.15,64.27,63.87,63.98,2399211
334,2024-12-18 10:00:00+00:00,63.99,64.0,63.77,63.89,2047053
335,2024-12-18 12:00:00+00:00,63.89,64.14,63.62,63.79,2349526
336,2024-12-18 14:00:00+00:00,63.79,64.49,63.75,64.49,3383509
337,2024-12-18 16:00:00+00:00,64.5,65.39,64.48,64.97,5139680
338,2024-12-18 18:00:00+00:00,64.97,65.24,64.96,65.06,854713
339,2024-12-18 20:00:00+00:00,65.08,65.41,65.02,65.23,777092
340,2024-12-19 06:00:00+00:00,65.45,65.5,64.9,64.96,2462416
341,2024-12-19 08:00:00+00:00,64.96,66.27,64.85,65.79,7665685
342,2024-12-19 10:00:00+00:00,65.81,65.89,65.24,65.4,4577304
343,2024-12-19 12:00:00+00:00,65.41,65.98,65.14,65.18,5529865
344,2024-12-19 14:00:00+00:00,65.2,66.04,65.15,66.04,6090116
345,2024-12-19 16:00:00+00:00,65.95,66.19,65.75,66.04,2152614
346,2024-12-19 18:00:00+00:00,66.03,66.04,65.87,65.97,392593
347,2024-12-19 20:00:00+00:00,65.97,66.06,65.9,65.95,431173
348,2024-12-20 06:00:00+00:00,65.82,66.34,65.8,65.94,2232859
349,2024-12-20 08:00:00+00:00,65.93,66.46,65.87,66.22,3471231
351,2024-12-20 12:00:00+00:00,71.15,72.38,70.58,72.2,14151433
352,2024-12-20 14:00:00+00:00,72.21,73.27,72.03,73.04,8988322
353,2024-12-20 16:00:00+00:00,73.0,73.05,72.17,72.6,3197956
354,2024-12-20 18:00:00+00:00,72.6,73.15,72.59,72.7,1802038
355,2024-12-20 20:00:00+00:00,72.69,72.94,72.67,72.88,793929
356,2024-12-23 06:00:00+00:00,73.68,74.35,72.98,74.34,11160599
357,2024-12-23 08:00:00+00:00,74.34,74.8,73.51,73.52,10756693
358,2024-12-23 10:00:00+00:00,73.51,74.27,73.1,73.75,6029903
359,2024-12-23 12:00:00+00:00,73.75,74.36,73.58,73.96,3523814
360,2024-12-23 14:00:00+00:00,73.98,74.26,73.52,73.6,1766746
361,2024-12-23 16:00:00+00:00,73.6,73.91,73.57,73.77,1241400
362,2024-12-23 18:00:00+00:00,73.76,74.29,73.73,74.27,1800388
363,2024-12-23 20:00:00+00:00,74.26,74.3,74.17,74.19,535994
364,2024-12-24 06:00:00+00:00,74.25,74.26,72.6,73.26,7768484
365,2024-12-24 08:00:00+00:00,73.27,73.93,72.81,73.52,7522692
366,2024-12-24 10:00:00+00:00,73.5,74.75,73.22,74.29,7922165
367,2024-12-24 12:00:00+00:00,74.29,74.61,73.62,73.93,5228250
368,2024-12-24 14:00:00+00:00,73.93,74.38,73.8,74.07,3095494
369,2024-12-24 16:00:00+00:00,74.02,74.09,73.71,73.82,1075690
370,2024-12-24 18:00:00+00:00,73.82,74.03,73.81,73.82,434154
371,2024-12-24 20:00:00+00:00,73.84,73.97,73.83,73.89,268243
372,2024-12-25 06:00:00+00:00,73.73,73.97,73.14,73.27,3547004
373,2024-12-25 08:00:00+00:00,73.27,75.0,73.03,74.52,10558763
374,2024-12-25 10:00:00+00:00,74.52,75.09,74.28,74.83,8357823
375,2024-12-25 12:00:00+00:00,74.83,76.53,74.83,76.3,18389790
376,2024-12-25 14:00:00+00:00,76.33,76.38,75.63,75.81,5585661
377,2024-12-25 16:00:00+00:00,76.09,76.45,75.71,76.15,3902906
378,2024-12-25 18:00:00+00:00,76.18,76.85,76.09,76.67,2858522
379,2024-12-25 20:00:00+00:00,76.68,76.68,76.3,76.53,575930
380,2024-12-26 06:00:00+00:00,76.61,77.27,76.03,76.99,7569990
381,2024-12-26 08:00:00+00:00,76.99,77.25,75.73,76.67,11431445
382,2024-12-26 10:00:00+00:00,76.64,77.13,76.32,77.06,5053800
383,2024-12-26 12:00:00+00:00,77.06,77.67,76.85,77.18,8215227
384,2024-12-26 14:00:00+00:00,77.2,77.2,76.83,76.99,1598579
385,2024-12-26 16:00:00+00:00,76.99,77.24,76.22,76.25,3731974
386,2024-12-26 18:00:00+00:00,76.25,76.7,75.65,75.9,3212604
387,2024-12-26 20:00:00+00:00,75.89,75.9,75.66,75.74,667100
388,2024-12-27 06:00:00+00:00,75.97,76.69,75.52,76.63,4220917
389,2024-12-27 08:00:00+00:00,76.61,76.99,76.27,76.84,4985288
390,2024-12-27 10:00:00+00:00,76.86,76.94,75.97,76.39,4839428
391,2024-12-27 12:00:00+00:00,76.38,76.84,76.13,76.31,3768323
392,2024-12-27 14:00:00+00:00,76.28,76.4,75.83,76.19,2924128
393,2024-12-27 16:00:00+00:00,76.2,76.66,76.09,76.42,1036511
394,2024-12-27 18:00:00+00:00,76.42,76.7,76.37,76.58,799053
395,2024-12-27 20:00:00+00:00,76.57,76.63,76.47,76.49,311641
396,2024-12-28 06:00:00+00:00,76.7,78.15,76.59,77.85,5402616
397,2024-12-28 08:00:00+00:00,77.85,78.48,77.83,78.23,6990623
398,2024-12-28 10:00:00+00:00,78.21,78.37,77.67,77.81,4159107
399,2024-12-28 12:00:00+00:00,77.82,77.82,77.08,77.21,3384637
400,2024-12-28 14:00:00+00:00,77.21,77.73,77.17,77.55,1718504
401,2024-12-28 16:00:00+00:00,77.55,78.19,77.46,77.91,2203387
402,2024-12-28 18:00:00+00:00,77.92,78.09,77.82,78.03,958966
403,2024-12-28 20:00:00+00:00,78.03,78.15,78.0,78.09,439637
404,2024-12-30 06:00:00+00:00,78.99,79.61,78.05,79.41,6026141
405,2024-12-30 08:00:00+00:00,79.39,79.89,79.3,79.46,3913341
406,2024-12-30 10:00:00+00:00,79.46,79.88,79.21,79.63,2278602
407,2024-12-30 12:00:00+00:00,79.63,79.84,79.07,79.22,2293258
408,2024-12-30 14:00:00+00:00,79.22,79.74,79.21,79.71,1902045
409,2024-12-30 16:00:00+00:00,79.71,79.77,79.4,79.74,1502684
410,2024-12-30 18:00:00+00:00,79.71,80.41,79.7,80.08,3211547
411,2024-12-30 20:00:00+00:00,80.09,80.19,79.95,80.03,878850
412,2025-01-03 06:00:00+00:00,80.51,80.63,78.01,78.2,7024275
413,2025-01-03 08:00:00+00:00,78.19,78.63,78.01,78.21,4289400
414,2025-01-03 10:00:00+00:00,78.21,78.29,77.5,78.11,4524222
415,2025-01-03 12:00:00+00:00,78.09,78.41,77.84,78.03,1739136
416,2025-01-03 14:00:00+00:00,78.02,78.27,77.93,78.19,925212
417,2025-01-03 16:00:00+00:00,78.13,78.17,77.74,77.98,756092
418,2025-01-03 18:00:00+00:00,77.99,78.11,77.95,77.99,504948
419,2025-01-03 20:00:00+00:00,78.0,78.04,77.78,77.78,409590
420,2025-01-06 06:00:00+00:00,77.35,77.35,76.48,77.09,3224360
421,2025-01-06 08:00:00+00:00,77.09,77.68,76.99,77.17,3023050
422,2025-01-06 10:00:00+00:00,77.18,77.7,77.15,77.55,1229720
423,2025-01-06 12:00:00+00:00,77.54,77.63,77.27,77.6,862127
424,2025-01-06 14:00:00+00:00,77.59,77.91,77.57,77.73,1222701
425,2025-01-06 16:00:00+00:00,77.7,77.8,77.5,77.51,491950
426,2025-01-06 18:00:00+00:00,77.52,77.82,77.49,77.82,307611
427,2025-01-06 20:00:00+00:00,77.81,78.0,77.8,77.97,518525
428,2025-01-08 06:00:00+00:00,78.04,78.88,77.9,78.43,3251352
429,2025-01-08 08:00:00+00:00,78.43,78.75,78.26,78.44,1399253
430,2025-01-08 10:00:00+00:00,78.45,78.83,78.42,78.7,1192778
431,2025-01-08 12:00:00+00:00,78.7,79.2,78.52,78.88,2018378
432,2025-01-08 14:00:00+00:00,78.88,79.03,78.7,78.9,1051747
433,2025-01-08 16:00:00+00:00,78.92,78.93,78.75,78.8,432801
434,2025-01-08 18:00:00+00:00,78.8,78.83,78.64,78.77,454547
435,2025-01-08 20:00:00+00:00,78.76,78.84,78.64,78.64,351872
436,2025-01-09 06:00:00+00:00,78.64,79.15,77.39,77.71,4405806
437,2025-01-09 08:00:00+00:00,77.71,77.89,76.74,77.11,4820737
438,2025-01-09 10:00:00+00:00,77.12,77.3,76.53,76.75,2550216
439,2025-01-09 12:00:00+00:00,76.77,76.98,76.02,76.86,4734800
440,2025-01-09 14:00:00+00:00,76.85,76.93,76.19,76.2,1608659
441,2025-01-09 16:00:00+00:00,76.2,76.45,76.01,76.12,1240374
442,2025-01-09 18:00:00+00:00,76.12,76.28,76.02,76.07,978753
443,2025-01-09 20:00:00+00:00,76.07,76.2,76.0,76.04,648819
444,2025-01-10 06:00:00+00:00,76.39,76.6,76.05,76.16,3120261
445,2025-01-10 08:00:00+00:00,76.16,76.58,75.54,75.56,5781076
446,2025-01-10 10:00:00+00:00,75.56,77.48,75.54,76.9,7001289
447,2025-01-10 12:00:00+00:00,76.9,77.67,76.85,77.38,3729788
448,2025-01-10 14:00:00+00:00,77.38,79.5,77.34,79.01,12800570
449,2025-01-10 16:00:00+00:00,78.98,79.44,78.88,79.03,1986861
450,2025-01-10 18:00:00+00:00,79.0,79.45,78.9,79.4,2226858
451,2025-01-10 20:00:00+00:00,79.4,79.45,79.14,79.28,833941
452,2025-01-13 06:00:00+00:00,79.86,80.96,79.72,80.04,8632382
453,2025-01-13 08:00:00+00:00,80.05,80.89,79.76,80.77,5433021
454,2025-01-13 10:00:00+00:00,80.76,80.77,79.4,79.41,4644363
455,2025-01-13 12:00:00+00:00,79.4,80.34,79.28,80.07,5073009
456,2025-01-13 14:00:00+00:00,80.06,80.68,79.98,80.45,3188660
457,2025-01-13 16:00:00+00:00,80.55,80.55,79.85,79.86,1747621
458,2025-01-13 18:00:00+00:00,79.86,79.86,78.96,79.67,3419802
459,2025-01-13 20:00:00+00:00,79.67,79.75,79.34,79.36,652335
460,2025-01-14 06:00:00+00:00,79.5,79.5,78.67,78.84,3150107
461,2025-01-14 08:00:00+00:00,78.82,80.3,78.51,79.99,5543798
462,2025-01-14 10:00:00+00:00,80.0,82.45,79.99,81.18,14516120
463,2025-01-14 12:00:00+00:00,81.18,81.64,80.85,81.15,4841404
464,2025-01-14 14:00:00+00:00,81.15,81.27,80.7,80.81,2354586
465,2025-01-14 16:00:00+00:00,80.81,81.01,80.17,80.56,3059663
466,2025-01-14 18:00:00+00:00,80.57,81.3,80.32,81.2,2108340
467,2025-01-14 20:00:00+00:00,81.2,81.41,81.17,81.27,592231
468,2025-01-15 06:00:00+00:00,81.28,81.8,80.5,80.81,5839630
469,2025-01-15 08:00:00+00:00,80.81,81.16,80.21,80.24,3803245
470,2025-01-15 10:00:00+00:00,80.24,80.79,80.05,80.37,2456501
471,2025-01-15 12:00:00+00:00,80.36,81.33,80.11,81.11,3179783
472,2025-01-15 14:00:00+00:00,81.11,81.29,80.81,81.1,1787077
473,2025-01-15 16:00:00+00:00,81.37,83.25,81.37,82.1,14059313
474,2025-01-15 18:00:00+00:00,82.1,82.81,82.0,82.4,2976481
475,2025-01-15 20:00:00+00:00,82.39,82.62,82.3,82.5,1582611
476,2025-01-16 06:00:00+00:00,82.8,82.89,81.5,82.46,8785272
477,2025-01-16 08:00:00+00:00,82.46,83.47,82.31,83.16,9675874
478,2025-01-16 10:00:00+00:00,83.14,84.29,82.86,84.14,8480197
479,2025-01-16 12:00:00+00:00,84.14,84.86,83.85,84.63,16409490
480,2025-01-16 14:00:00+00:00,84.64,84.95,84.5,84.72,5767540
481,2025-01-16 16:00:00+00:00,84.8,85.21,84.5,84.51,4431804
482,2025-01-16 18:00:00+00:00,84.52,84.9,84.5,84.74,1400610
483,2025-01-16 20:00:00+00:00,84.73,84.83,84.51,84.56,428940
484,2025-01-17 06:00:00+00:00,84.5,86.78,84.3,86.61,17673483
485,2025-01-17 08:00:00+00:00,86.63,87.07,85.8,86.1,14315830
486,2025-01-17 10:00:00+00:00,86.11,86.75,85.9,86.42,5174733
487,2025-01-17 12:00:00+00:00,86.41,87.26,86.08,86.86,6907017
488,2025-01-17 14:00:00+00:00,86.86,86.99,86.34,86.74,2651454
489,2025-01-17 16:00:00+00:00,86.66,87.2,86.6,86.63,4121017
490,2025-01-17 18:00:00+00:00,86.63,87.22,86.59,87.1,1923908
491,2025-01-17 20:00:00+00:00,87.1,87.1,86.85,87.0,885173
492,2025-01-20 06:00:00+00:00,88.5,88.75,87.58,87.98,11608513
493,2025-01-20 08:00:00+00:00,87.97,87.98,86.24,86.35,7988155
494,2025-01-20 10:00:00+00:00,86.35,87.79,85.97,87.16,6560451
495,2025-01-20 12:00:00+00:00,87.16,87.73,86.59,87.58,3938741
496,2025-01-20 14:00:00+00:00,87.6,87.7,86.55,87.09,2890388
497,2025-01-20 16:00:00+00:00,87.18,87.39,86.59,86.87,2319841
498,2025-01-20 18:00:00+00:00,86.87,86.87,85.36,85.92,5170861
499,2025-01-20 20:00:00+00:00,85.95,86.19,85.7,86.17,878768
500,2025-01-21 06:00:00+00:00,86.16,86.8,85.62,86.64,3702714
501,2025-01-21 08:00:00+00:00,86.63,86.97,85.84,85.96,4388078
502,2025-01-21 10:00:00+00:00,85.98,86.48,85.46,85.6,3627165
503,2025-01-21 12:00:00+00:00,85.59,86.27,85.45,85.93,3250498
504,2025-01-21 14:00:00+00:00,85.93,87.34,85.83,87.18,4260716
505,2025-01-21 16:00:00+00:00,87.2,87.55,86.83,87.43,3343454
506,2025-01-21 18:00:00+00:00,87.43,87.48,87.17,87.33,1007611
507,2025-01-21 20:00:00+00:00,87.34,87.69,87.34,87.69,547246
508,2025-01-22 06:00:00+00:00,87.82,87.88,87.0,87.13,3210976
509,2025-01-22 08:00:00+00:00,87.13,88.15,87.09,88.0,4568117
510,2025-01-22 10:00:00+00:00,88.0,88.25,87.52,87.83,3548552
511,2025-01-22 12:00:00+00:00,87.82,88.0,87.2,87.44,2291429
512,2025-01-22 14:00:00+00:00,87.42,88.0,87.38,87.87,2804965
513,2025-01-22 16:00:00+00:00,87.99,88.12,85.65,86.31,10888981
514,2025-01-22 18:00:00+00:00,86.3,86.62,86.06,86.4,1374550
515,2025-01-22 20:00:00+00:00,86.41,86.41,85.94,86.01,953025
516,2025-01-23 06:00:00+00:00,86.0,86.72,85.59,86.65,4089831
517,2025-01-23 08:00:00+00:00,86.65,86.77,85.65,85.95,2892822
518,2025-01-23 10:00:00+00:00,85.96,86.79,85.82,86.72,3410232
519,2025-01-23 12:00:00+00:00,86.73,86.94,86.36,86.79,2311298
520,2025-01-23 14:00:00+00:00,86.8,86.98,86.09,86.89,3107866
521,2025-01-23 16:00:00+00:00,86.8,86.94,85.98,86.71,2972989
522,2025-01-23 18:00:00+00:00,86.71,87.09,86.61,87.07,1458451
523,2025-01-23 20:00:00+00:00,87.07,87.94,87.0,87.8,2673658
524,2025-01-24 06:00:00+00:00,88.25,88.66,87.62,87.75,7193539
525,2025-01-24 08:00:00+00:00,87.74,88.43,87.72,88.32,4514061
526,2025-01-24 10:00:00+00:00,88.31,88.45,87.84,88.39,4039830
527,2025-01-24 12:00:00+00:00,88.39,88.44,86.49,86.66,5403441
528,2025-01-24 14:00:00+00:00,86.59,87.47,86.5,87.15,3777142
529,2025-01-24 16:00:00+00:00,87.14,87.4,86.85,86.98,1217884
530,2025-01-24 18:00:00+00:00,86.97,87.35,86.84,87.28,992861
531,2025-01-24 20:00:00+00:00,87.28,87.84,87.27,87.54,1284408
532,2025-01-27 02:00:00+00:00,87.28,87.28,87.28,87.28,4367
533,2025-01-27 04:00:00+00:00,87.26,87.48,87.0,87.2,857033
534,2025-01-27 06:00:00+00:00,87.2,87.25,86.06,86.45,5674713
535,2025-01-27 08:00:00+00:00,86.47,86.58,85.3,85.64,8518061
536,2025-01-27 10:00:00+00:00,85.64,85.99,85.43,85.63,3521656
537,2025-01-27 12:00:00+00:00,85.64,86.02,84.3,84.44,6809032
538,2025-01-27 14:00:00+00:00,84.45,84.86,83.63,84.44,8163904
539,2025-01-27 16:00:00+00:00,84.5,84.68,84.21,84.3,1586487
540,2025-01-27 18:00:00+00:00,84.31,84.4,83.68,84.15,3089286
541,2025-01-27 20:00:00+00:00,84.15,84.16,83.4,83.72,1246260
542,2025-01-28 02:00:00+00:00,83.48,83.48,83.48,83.48,1032
543,2025-01-28 04:00:00+00:00,83.5,83.83,82.32,83.33,2252191
544,2025-01-28 06:00:00+00:00,83.34,84.05,82.67,83.51,6546105
545,2025-01-28 08:00:00+00:00,83.51,83.8,82.53,83.29,5100255
546,2025-01-28 10:00:00+00:00,83.29,84.53,83.17,84.1,5363329
547,2025-01-28 12:00:00+00:00,84.1,84.54,83.41,84.1,6903335
548,2025-01-28 14:00:00+00:00,84.09,84.65,83.9,84.2,3778948
549,2025-01-28 16:00:00+00:00,84.27,84.57,84.21,84.27,1552886
550,2025-01-28 18:00:00+00:00,84.27,84.88,84.24,84.74,2261379
551,2025-01-28 20:00:00+00:00,84.74,84.85,84.61,84.66,550995
552,2025-01-29 02:00:00+00:00,84.55,84.55,84.55,84.55,4209
553,2025-01-29 04:00:00+00:00,84.56,85.2,84.55,84.95,1169067
554,2025-01-29 06:00:00+00:00,84.92,84.92,83.53,83.89,6109715
555,2025-01-29 08:00:00+00:00,83.89,84.48,83.82,84.37,5913363
556,2025-01-29 10:00:00+00:00,84.37,84.71,83.75,83.83,4360079
557,2025-01-29 12:00:00+00:00,83.83,84.14,83.6,83.65,2516056
558,2025-01-29 14:00:00+00:00,83.65,84.36,83.6,84.11,1896124
559,2025-01-29 16:00:00+00:00,84.26,84.36,83.63,84.12,2654725
560,2025-01-29 18:00:00+00:00,84.12,84.18,83.9,84.07,785450
561,2025-01-29 20:00:00+00:00,84.07,84.12,83.92,83.95,299426
562,2025-01-30 02:00:00+00:00,84.0,84.0,84.0,84.0,910
563,2025-01-30 04:00:00+00:00,84.0,84.17,83.69,84.04,346142
564,2025-01-30 06:00:00+00:00,84.04,84.27,83.9,84.16,2153549
565,2025-01-30 08:00:00+00:00,84.16,84.4,83.54,83.91,4542274
566,2025-01-30 10:00:00+00:00,83.91,84.08,82.77,83.22,7461637
567,2025-01-30 12:00:00+00:00,83.22,83.81,82.98,83.67,6767130
568,2025-01-30 14:00:00+00:00,83.69,84.1,83.55,83.76,2846894
569,2025-01-30 16:00:00+00:00,83.76,83.93,83.64,83.82,1117238
570,2025-01-30 18:00:00+00:00,83.84,83.91,83.6,83.67,1008644
571,2025-01-30 20:00:00+00:00,83.67,84.0,83.52,83.85,618991
572,2025-01-31 02:00:00+00:00,84.0,84.0,84.0,84.0,1904
573,2025-01-31 04:00:00+00:00,83.95,84.0,83.56,83.85,983536
574,2025-01-31 06:00:00+00:00,83.89,84.4,83.8,83.93,4525302
576,2025-01-31 10:00:00+00:00,85.8,86.49,85.2,86.16,18036841
577,2025-01-31 12:00:00+00:00,86.16,86.39,84.47,84.57,16953774
578,2025-01-31 14:00:00+00:00,84.57,84.81,84.08,84.2,6287011
579,2025-01-31 16:00:00+00:00,84.27,84.91,83.82,84.09,4167610
580,2025-01-31 18:00:00+00:00,84.1,84.58,84.09,84.21,1319605
581,2025-01-31 20:00:00+00:00,84.2,84.21,83.7,83.89,1792386
582,2025-02-03 02:00:00+00:00,84.0,84.0,84.0,84.0,73077
583,2025-02-03 04:00:00+00:00,83.99,84.45,83.74,83.94,2876537
584,2025-02-03 06:00:00+00:00,83.94,84.24,82.0,82.71,12863992
585,2025-02-03 08:00:00+00:00,82.71,82.87,81.51,82.22,7884974
586,2025-02-03 10:00:00+00:00,82.24,82.29,81.64,82.04,3042390
587,2025-02-03 12:00:00+00:00,82.05,82.15,81.61,82.05,2864123
588,2025-02-03 14:00:00+00:00,82.06,82.13,81.3,81.5,4100272
589,2025-02-03 16:00:00+00:00,81.52,81.97,81.5,81.95,2316009
590,2025-02-03 18:00:00+00:00,81.95,82.43,81.94,82.25,3143689
591,2025-02-03 20:00:00+00:00,82.26,82.34,81.92,81.96,896525
592,2025-02-04 02:00:00+00:00,82.0,82.0,82.0,82.0,1699
593,2025-02-04 04:00:00+00:00,82.11,82.42,81.97,82.04,645479
594,2025-02-04 06:00:00+00:00,82.03,82.33,81.5,81.86,5192239
595,2025-02-04 08:00:00+00:00,81.87,81.88,80.79,80.93,9531518
596,2025-02-04 10:00:00+00:00,80.94,81.29,80.15,80.47,6241329
597,2025-02-04 12:00:00+00:00,80.47,81.1,80.25,80.92,3279389
598,2025-02-04 14:00:00+00:00,80.9,80.99,80.31,80.77,2603211
599,2025-02-04 16:00:00+00:00,80.91,80.93,80.57,80.68,869843
600,2025-02-04 18:00:00+00:00,80.68,80.68,79.96,80.25,2901310
601,2025-02-04 20:00:00+00:00,80.25,80.55,80.2,80.35,1007034
602,2025-02-05 02:00:00+00:00,80.35,80.35,80.35,80.35,4022
603,2025-02-05 04:00:00+00:00,80.35,80.76,80.19,80.39,876843
604,2025-02-05 06:00:00+00:00,80.39,80.56,80.11,80.17,2820131
605,2025-02-05 08:00:00+00:00,80.2,80.33,79.05,80.26,9433185
606,2025-02-05 10:00:00+00:00,80.26,80.43,79.72,80.02,3056376
607,2025-02-05 12:00:00+00:00,80.04,81.3,80.02,80.87,4544183
608,2025-02-05 14:00:00+00:00,80.87,81.52,80.76,81.2,3572284
609,2025-02-05 16:00:00+00:00,81.46,82.88,81.4,82.54,9326149
610,2025-02-05 18:00:00+00:00,82.54,82.55,81.91,82.24,2913318
611,2025-02-05 20:00:00+00:00,82.24,82.27,82.09,82.09,348321
612,2025-02-06 02:00:00+00:00,82.79,82.79,82.79,82.79,262633
613,2025-02-06 04:00:00+00:00,82.44,82.79,82.41,82.56,1603886
614,2025-02-06 06:00:00+00:00,82.56,83.41,82.02,83.03,8689973
615,2025-02-06 08:00:00+00:00,83.02,83.3,82.2,82.3,5618147
616,2025-02-06 10:00:00+00:00,82.3,82.37,81.45,81.69,4509911
617,2025-02-06 12:00:00+00:00,81.69,82.45,81.66,82.45,3125878
618,2025-02-06 14:00:00+00:00,82.44,82.75,82.07,82.31,3001715
619,2025-02-06 16:00:00+00:00,82.25,82.49,82.05,82.3,1135743
620,2025-02-06 18:00:00+00:00,82.32,82.44,82.11,82.28,683759
621,2025-02-06 20:00:00+00:00,82.28,82.57,82.16,82.4,667986
622,2025-02-07 02:00:00+00:00,82.3,82.3,82.3,82.3,322
623,2025-02-07 04:00:00+00:00,82.35,82.75,82.16,82.73,648724
624,2025-02-07 06:00:00+00:00,82.73,82.97,82.27,82.8,4224289
625,2025-02-07 08:00:00+00:00,82.8,82.88,80.74,81.27,13528789
626,2025-02-07 10:00:00+00:00,81.27,81.88,80.92,81.34,5372770
627,2025-02-07 12:00:00+00:00,81.34,81.64,81.12,81.45,2195001
628,2025-02-07 14:00:00+00:00,81.45,81.73,81.16,81.66,2454392
629,2025-02-07 16:00:00+00:00,81.5,81.65,81.25,81.35,1099895
630,2025-02-07 18:00:00+00:00,81.35,81.48,81.22,81.28,852345
631,2025-02-07 20:00:00+00:00,81.28,81.34,81.0,81.19,720589
632,2025-02-10 02:00:00+00:00,81.8,81.8,81.8,81.8,146819
633,2025-02-10 04:00:00+00:00,81.84,82.72,81.65,82.05,3306505
634,2025-02-10 06:00:00+00:00,82.05,82.14,81.51,81.77,6956373
635,2025-02-10 08:00:00+00:00,81.77,81.78,81.09,81.43,4725514
636,2025-02-10 10:00:00+00:00,81.43,82.12,81.2,82.11,4217374
637,2025-02-10 12:00:00+00:00,82.1,82.2,81.59,81.87,4944261
638,2025-02-10 14:00:00+00:00,81.87,82.0,81.36,81.5,4663884
639,2025-02-10 16:00:00+00:00,81.5,81.7,81.48,81.67,2215644
640,2025-02-10 18:00:00+00:00,81.67,81.84,79.91,80.23,6553170
641,2025-02-10 20:00:00+00:00,80.21,80.49,79.7,80.0,4524555
642,2025-02-11 02:00:00+00:00,80.24,80.24,80.24,80.24,22192
643,2025-02-11 04:00:00+00:00,80.21,80.78,80.17,80.43,2493424
644,2025-02-11 06:00:00+00:00,80.43,80.95,80.07,80.89,4464382
645,2025-02-11 08:00:00+00:00,80.85,80.95,80.3,80.81,4356516
646,2025-02-11 10:00:00+00:00,80.81,81.38,80.8,81.27,5383256
647,2025-02-11 12:00:00+00:00,81.27,81.72,81.14,81.18,4689346
648,2025-02-11 14:00:00+00:00,81.19,81.58,81.18,81.39,1485015
649,2025-02-11 16:00:00+00:00,81.4,81.63,81.25,81.48,1545529
650,2025-02-11 18:00:00+00:00,81.47,81.74,81.3,81.73,1866173
651,2025-02-11 20:00:00+00:00,81.72,82.11,81.71,82.11,1330820
652,2025-02-12 02:00:00+00:00,82.11,82.11,82.11,82.11,1200
653,2025-02-12 04:00:00+00:00,82.12,82.87,82.11,82.78,3180401
654,2025-02-12 06:00:00+00:00,82.78,83.53,82.59,82.93,11238165
655,2025-02-12 08:00:00+00:00,82.92,84.1,82.56,83.52,13052126
656,2025-02-12 10:00:00+00:00,83.52,83.98,82.6,82.84,8631168
657,2025-02-12 12:00:00+00:00,82.84,82.94,81.32,82.23,14289321
658,2025-02-12 14:00:00+00:00,82.19,82.34,81.06,81.9,7525903
661,2025-02-12 20:00:00+00:00,87.09,88.21,86.67,88.14,12746466
662,2025-02-13 02:00:00+00:00,88.59,88.59,88.59,88.59,491281
663,2025-02-13 04:00:00+00:00,88.59,88.59,88.21,88.59,3156796
666,2025-02-13 10:00:00+00:00,87.32,88.07,86.12,86.37,14552910
668,2025-02-13 14:00:00+00:00,87.68,88.73,87.17,88.1,12377335
676,2025-02-14 16:00:00+00:00,87.66,89.1,87.27,87.38,11619240
677,2025-02-14 18:00:00+00:00,87.4,88.17,87.35,87.68,4333657
678,2025-02-14 20:00:00+00:00,87.7,87.99,87.62,87.79,1877007
679,2025-02-17 02:00:00+00:00,90.44,90.44,90.44,90.44,423771
689,2025-02-18 02:00:00+00:00,99.73,99.73,99.73,99.73,519977
698,2025-02-18 20:00:00+00:00,91.93,92.21,91.6,91.73,4905575
699,2025-02-19 02:00:00+00:00,92.9,92.9,92.9,92.9,241317
703,2025-02-19 10:00:00+00:00,91.82,92.89,91.51,92.45,17800147
704,2025-02-19 12:00:00+00:00,92.45,93.09,92.0,93.09,14775879
707,2025-02-19 18:00:00+00:00,93.97,94.97,93.83,94.18,18867734
708,2025-02-19 20:00:00+00:00,94.19,94.5,94.04,94.5,2818932
709,2025-02-20 02:00:00+00:00,94.53,94.53,94.53,94.53,99582
710,2025-02-20 04:00:00+00:00,94.54,94.61,93.37,93.6,8706760
711,2025-02-20 06:00:00+00:00,93.62,94.28,93.08,93.59,17627111
712,2025-02-20 08:00:00+00:00,93.57,93.82,92.7,93.71,16726278
713,2025-02-20 10:00:00+00:00,93.7,94.25,93.37,94.04,12362946
715,2025-02-20 14:00:00+00:00,94.7,94.89,93.05,93.47,17744587
716,2025-02-20 16:00:00+00:00,93.45,93.65,92.52,92.91,14159858
717,2025-02-20 18:00:00+00:00,92.9,93.46,92.42,93.12,8807317
718,2025-02-20 20:00:00+00:00,93.11,93.19,92.87,92.92,1503078
719,2025-02-21 02:00:00+00:00,92.61,92.61,92.61,92.61,62779
720,2025-02-21 04:00:00+00:00,92.68,93.22,92.38,92.93,5248241
721,2025-02-21 06:00:00+00:00,92.93,93.41,92.7,93.2,9962993
722,2025-02-21 08:00:00+00:00,93.21,93.58,92.7,92.92,13041686
724,2025-02-21 12:00:00+00:00,91.77,92.4,91.0,91.84,12682364
725,2025-02-21 14:00:00+00:00,91.84,92.61,91.7,92.1,7126343
726,2025-02-21 16:00:00+00:00,92.19,92.49,91.5,92.28,5881800
727,2025-02-21 18:00:00+00:00,92.28,92.57,92.0,92.34,4683725
728,2025-02-21 20:00:00+00:00,92.33,92.47,92.13,92.36,2081944
729,2025-02-24 02:00:00+00:00,92.84,92.84,92.84,92.84,86350
730,2025-02-24 04:00:00+00:00,92.85,93.41,92.82,92.99,7411226
731,2025-02-24 06:00:00+00:00,93.0,93.57,92.58,92.96,17529650
732,2025-02-24 08:00:00+00:00,92.95,93.31,92.6,93.14,10392351
733,2025-02-24 10:00:00+00:00,93.14,93.33,92.85,93.29,6298607
736,2025-02-24 16:00:00+00:00,95.41,95.59,94.67,95.35,18909464
737,2025-02-24 18:00:00+00:00,95.35,95.87,95.05,95.48,15153368
738,2025-02-24 20:00:00+00:00,95.49,96.23,95.15,96.22,11188191
739,2025-02-25 02:00:00+00:00,96.45,96.45,96.45,96.45,75204
740,2025-02-25 04:00:00+00:00,96.46,97.1,95.51,96.98,17610982
744,2025-02-25 12:00:00+00:00,94.1,94.93,93.84,94.59,14620661
745,2025-02-25 14:00:00+00:00,94.6,94.85,93.64,93.84,15530993
746,2025-02-25 16:00:00+00:00,93.85,94.3,93.51,93.83,9130315
747,2025-02-25 18:00:00+00:00,93.83,94.11,93.51,93.98,6813098
748,2025-02-25 20:00:00+00:00,93.99,94.03,93.62,93.68,1489263
749,2025-02-26 02:00:00+00:00,93.89,93.89,93.89,93.89,13688
750,2025-02-26 04:00:00+00:00,93.9,94.32,93.6,94.06,5124715
752,2025-02-26 08:00:00+00:00,92.91,93.15,92.29,92.41,12744256
755,2025-02-26 14:00:00+00:00,91.32,91.85,90.96,91.4,9485439
756,2025-02-26 16:00:00+00:00,90.97,91.29,90.03,90.38,17316942
757,2025-02-26 18:00:00+00:00,90.39,90.72,90.11,90.26,8561545
758,2025-02-26 20:00:00+00:00,90.24,90.84,90.22,90.48,1652991
759,2025-02-27 02:00:00+00:00,90.47,90.47,90.47,90.47,14745
760,2025-02-27 04:00:00+00:00,90.47,90.78,89.05,89.43,11273919
761,2025-02-27 06:00:00+00:00,89.43,91.1,89.43,90.23,14311559
762,2025-02-27 08:00:00+00:00,90.25,90.7,89.33,89.6,18802860
763,2025-02-27 10:00:00+00:00,89.6,90.85,89.33,90.32,11674527
764,2025-02-27 12:00:00+00:00,90.32,91.7,90.16,91.42,18683967
765,2025-02-27 14:00:00+00:00,91.39,91.82,91.16,91.53,6119019
766,2025-02-27 16:00:00+00:00,91.52,91.53,89.61,89.9,12163750
767,2025-02-27 18:00:00+00:00,89.89,90.54,89.62,89.71,6538028
768,2025-02-27 20:00:00+00:00,89.71,89.72,89.06,89.3,4609378
769,2025-02-28 02:00:00+00:00,88.99,88.99,88.99,88.99,44261
770,2025-02-28 04:00:00+00:00,88.98,89.97,88.56,89.56,7964481
771,2025-02-28 06:00:00+00:00,89.56,90.38,88.71,89.11,16997745
772,2025-02-28 08:00:00+00:00,89.13,89.65,88.44,88.81,17295255
773,2025-02-28 10:00:00+00:00,88.81,90.48,88.72,90.0,15404396
774,2025-02-28 12:00:00+00:00,90.0,90.34,89.35,89.98,11266856
775,2025-02-28 14:00:00+00:00,89.98,90.8,89.71,90.47,9633386
778,2025-02-28 20:00:00+00:00,91.74,92.29,91.27,91.7,5976141
779,2025-03-01 10:00:00+00:00,92.0,92.19,91.65,92.0,597098
780,2025-03-01 12:00:00+00:00,91.99,92.07,91.7,91.74,387335
781,2025-03-01 14:00:00+00:00,91.74,91.85,91.02,91.73,1106918
782,2025-03-02 06:00:00+00:00,91.24,91.49,90.72,90.86,1025456
783,2025-03-02 08:00:00+00:00,90.86,91.25,90.72,91.22,1380582
784,2025-03-02 10:00:00+00:00,91.16,91.22,90.76,90.81,471348
785,2025-03-02 12:00:00+00:00,90.85,90.94,90.73,90.84,547565
786,2025-03-02 14:00:00+00:00,90.84,90.86,90.41,90.49,1518275
787,2025-03-03 02:00:00+00:00,90.49,90.49,90.49,90.49,41430
788,2025-03-03 04:00:00+00:00,90.6,90.7,89.31,89.54,10214875
790,2025-03-03 08:00:00+00:00,88.84,89.17,88.12,88.64,14575900
791,2025-03-03 10:00:00+00:00,88.64,89.38,88.24,89.19,8068576
792,2025-03-03 12:00:00+00:00,89.19,89.7,88.84,89.62,6813150
793,2025-03-03 14:00:00+00:00,89.63,89.69,88.75,88.75,5019765
794,2025-03-03 16:00:00+00:00,88.85,89.49,88.53,89.2,5890206
796,2025-03-03 20:00:00+00:00,91.4,91.41,90.1,90.77,8043731
797,2025-03-04 02:00:00+00:00,91.0,91.0,91.0,91.0,50268
798,2025-03-04 04:00:00+00:00,91.0,92.18,90.86,91.6,8101415
799,2025-03-04 06:00:00+00:00,91.59,92.6,91.04,92.13,16922360
801,2025-03-04 10:00:00+00:00,92.47,92.65,91.86,92.46,8447722
802,2025-03-04 12:00:00+00:00,92.45,92.76,91.86,92.65,7658023
803,2025-03-04 14:00:00+00:00,92.66,92.94,92.05,92.94,7943083
805,2025-03-04 18:00:00+00:00,93.54,93.8,93.14,93.59,5625286
806,2025-03-04 20:00:00+00:00,93.62,93.63,93.03,93.18,2322807
807,2025-03-05 02:00:00+00:00,93.3,93.3,93.3,93.3,56857
808,2025-03-05 04:00:00+00:00,93.3,93.39,90.8,92.2,16181930
809,2025-03-05 06:00:00+00:00,92.2,92.5,91.76,92.16,9685484
810,2025-03-05 08:00:00+00:00,92.17,93.49,92.1,92.94,17703820
811,2025-03-05 10:00:00+00:00,92.95,93.0,92.25,92.51,7896183
812,2025-03-05 12:00:00+00:00,92.5,92.87,92.25,92.76,7695739
813,2025-03-05 14:00:00+00:00,92.77,93.13,92.47,92.72,6932408
814,2025-03-05 16:00:00+00:00,93.04,93.22,91.5,91.95,15425976
815,2025-03-05 18:00:00+00:00,91.95,92.13,90.6,91.0,13767491
816,2025-03-05 20:00:00+00:00,90.99,91.17,90.38,90.52,5110698
817,2025-03-06 02:00:00+00:00,90.53,90.53,90.53,90.53,35524
818,2025-03-06 04:00:00+00:00,90.53,91.31,90.5,91.29,5659399
819,2025-03-06 06:00:00+00:00,91.26,91.65,90.71,91.14,9554295
820,2025-03-06 08:00:00+00:00,91.12,91.24,90.55,90.82,6640975
821,2025-03-06 10:00:00+00:00,90.81,90.81,89.6,89.81,11311643
822,2025-03-06 12:00:00+00:00,89.81,91.44,89.4,91.06,9322806
823,2025-03-06 14:00:00+00:00,91.07,91.55,90.53,90.53,6267997
824,2025-03-06 16:00:00+00:00,90.68,91.7,90.31,91.24,7361168
825,2025-03-06 18:00:00+00:00,91.25,91.4,90.71,90.91,2580858
826,2025-03-06 20:00:00+00:00,90.91,91.15,90.72,91.15,893614
827,2025-03-07 02:00:00+00:00,91.18,91.18,91.18,91.18,7495
828,2025-03-07 04:00:00+00:00,91.18,92.38,91.0,92.08,9449510
829,2025-03-07 06:00:00+00:00,92.06,92.89,91.83,92.35,16819053
830,2025-03-07 08:00:00+00:00,92.35,92.95,92.0,92.07,12407146
832,2025-03-07 12:00:00+00:00,92.98,93.15,92.41,92.77,10034008
835,2025-03-07 18:00:00+00:00,91.19,91.6,90.61,91.1,6093885
836,2025-03-07 20:00:00+00:00,91.1,91.37,90.65,91.07,2674376
837,2025-03-10 02:00:00+00:00,91.19,91.19,91.19,91.19,29649
838,2025-03-10 04:00:00+00:00,91.2,91.76,91.2,91.47,4178077
839,2025-03-10 06:00:00+00:00,91.45,91.59,90.66,90.98,7504842
840,2025-03-10 08:00:00+00:00,90.97,91.2,90.15,90.88,8288336
841,2025-03-10 10:00:00+00:00,90.9,92.0,90.66,91.62,10880490
842,2025-03-10 12:00:00+00:00,91.62,91.98,91.35,91.49,4865198
843,2025-03-10 14:00:00+00:00,91.49,91.77,91.0,91.01,4859565
844,2025-03-10 16:00:00+00:00,91.09,91.37,90.81,91.02,3646727
845,2025-03-10 18:00:00+00:00,91.02,91.2,90.86,90.99,1101636
846,2025-03-10 20:00:00+00:00,90.99,91.12,90.75,90.99,1807559
847,2025-03-11 02:00:00+00:00,91.29,91.29,91.29,91.29,35790
848,2025-03-11 04:00:00+00:00,91.2,91.24,90.71,90.73,1577052
849,2025-03-11 06:00:00+00:00,90.76,91.19,90.32,91.1,6697883
850,2025-03-11 08:00:00+00:00,91.12,91.44,90.87,91.1,6767227
851,2025-03-11 10:00:00+00:00,91.1,91.36,90.71,90.74,7814044
852,2025-03-11 12:00:00+00:00,90.76,91.36,90.67,91.05,6701783
853,2025-03-11 14:00:00+00:00,91.05,91.66,91.05,91.15,4207459
854,2025-03-11 16:00:00+00:00,91.11,91.86,91.06,91.3,6155424
856,2025-03-11 20:00:00+00:00,90.66,90.85,90.59,90.7,2286796
857,2025-03-12 02:00:00+00:00,90.6,90.6,90.6,90.6,57830
858,2025-03-12 04:00:00+00:00,90.65,91.0,90.12,90.18,3386059
859,2025-03-12 06:00:00+00:00,90.19,90.64,90.0,90.06,5259060
860,2025-03-12 08:00:00+00:00,90.07,90.58,89.75,90.36,7825268
861,2025-03-12 10:00:00+00:00,90.36,90.76,90.12,90.6,4100363
862,2025-03-12 12:00:00+00:00,90.6,91.18,90.31,90.4,7385322
863,2025-03-12 14:00:00+00:00,90.43,90.69,90.2,90.6,2775728
864,2025-03-12 16:00:00+00:00,90.81,90.89,90.21,90.53,3226728
865,2025-03-12 18:00:00+00:00,90.52,90.72,90.27,90.3,2549136
866,2025-03-12 20:00:00+00:00,90.3,90.35,90.16,90.31,798724
867,2025-03-13 02:00:00+00:00,90.01,90.01,90.01,90.01,100564
868,2025-03-13 04:00:00+00:00,90.1,90.48,89.6,89.89,4495579
869,2025-03-13 06:00:00+00:00,89.89,89.9,88.36,88.93,15559196
870,2025-03-13 08:00:00+00:00,88.93,89.37,88.3,89.32,13574410
871,2025-03-13 10:00:00+00:00,89.32,89.66,88.22,88.34,12519728
872,2025-03-13 12:00:00+00:00,88.33,88.88,87.6,88.17,15048667
873,2025-03-13 14:00:00+00:00,88.17,88.56,87.94,88.56,4698907
875,2025-03-13 18:00:00+00:00,90.49,91.05,90.41,90.5,4566999
876,2025-03-13 20:00:00+00:00,90.5,90.68,89.62,89.86,5019198
877,2025-03-14 02:00:00+00:00,89.5,89.5,89.5,89.5,69598
878,2025-03-14 04:00:00+00:00,89.49,89.88,89.18,89.66,5694359
879,2025-03-14 06:00:00+00:00,89.66,90.19,89.4,89.51,7229741
880,2025-03-14 08:00:00+00:00,89.5,89.94,89.22,89.64,6240691
881,2025-03-14 10:00:00+00:00,89.68,90.1,89.53,89.86,3366951
882,2025-03-14 12:00:00+00:00,89.86,91.5,89.78,91.34,13322299
883,2025-03-14 14:00:00+00:00,91.35,91.48,90.2,91.35,8333149
884,2025-03-14 16:00:00+00:00,91.35,91.4,90.88,91.11,4969490
885,2025-03-14 18:00:00+00:00,91.12,91.12,90.56,90.82,2591241
886,2025-03-14 20:00:00+00:00,90.82,91.0,90.7,90.99,1246552
887,2025-03-15 06:00:00+00:00,91.13,91.22,91.0,91.14,488424
888,2025-03-15 08:00:00+00:00,91.14,91.16,90.95,91.04,489690
889,2025-03-15 10:00:00+00:00,91.04,91.1,90.97,91.07,118952
890,2025-03-15 12:00:00+00:00,91.06,91.08,91.0,91.03,160772
891,2025-03-15 14:00:00+00:00,91.02,91.1,90.98,91.02,254427
892,2025-03-16 06:00:00+00:00,91.03,91.19,91.0,91.11,225159
893,2025-03-16 08:00:00+00:00,91.11,91.31,91.06,91.22,430712
894,2025-03-16 10:00:00+00:00,91.22,91.3,91.16,91.28,235262
895,2025-03-16 12:00:00+00:00,91.28,92.36,91.18,92.15,3173431
896,2025-03-16 14:00:00+00:00,92.15,92.36,92.01,92.29,3983041
897,2025-03-17 02:00:00+00:00,92.5,92.5,92.5,92.5,38344
898,2025-03-17 04:00:00+00:00,92.51,93.16,92.2,92.94,8933698
899,2025-03-17 06:00:00+00:00,92.93,93.29,92.25,93.07,12286634
900,2025-03-17 08:00:00+00:00,93.06,93.75,92.85,93.05,14822472
902,2025-03-17 12:00:00+00:00,91.84,93.0,91.8,92.83,11503716
903,2025-03-17 14:00:00+00:00,92.83,92.9,92.42,92.67,4514702
904,2025-03-17 16:00:00+00:00,92.62,92.83,92.0,92.35,6321979
905,2025-03-17 18:00:00+00:00,92.36,92.8,92.2,92.6,3070729
906,2025-03-17 20:00:00+00:00,92.61,92.77,92.47,92.6,975360
907,2025-03-18 02:00:00+00:00,93.0,93.0,93.0,93.0,46174
908,2025-03-18 04:00:00+00:00,92.96,93.18,92.65,92.94,4099153
909,2025-03-18 06:00:00+00:00,92.93,93.12,92.36,92.49,7198765
910,2025-03-18 08:00:00+00:00,92.5,92.6,92.11,92.46,9369446
911,2025-03-18 10:00:00+00:00,92.46,92.89,92.44,92.77,4445496
912,2025-03-18 12:00:00+00:00,92.77,92.79,91.63,92.4,16339562
915,2025-03-18 18:00:00+00:00,90.33,91.32,90.27,90.62,9210985
916,2025-03-18 20:00:00+00:00,90.6,90.65,90.05,90.13,3521757
917,2025-03-19 02:00:00+00:00,90.38,90.38,90.38,90.38,28823
918,2025-03-19 04:00:00+00:00,90.38,90.69,90.22,90.57,2031302
919,2025-03-19 06:00:00+00:00,90.55,90.57,89.63,89.75,12405565
920,2025-03-19 08:00:00+00:00,89.75,90.0,89.3,89.95,8616099
921,2025-03-19 10:00:00+00:00,89.95,90.31,89.47,90.08,7604981
922,2025-03-19 12:00:00+00:00,90.09,91.25,89.97,90.85,11883145
923,2025-03-19 14:00:00+00:00,90.85,90.98,90.42,90.8,4480836
924,2025-03-19 16:00:00+00:00,90.96,91.11,90.67,90.8,7340271
925,2025-03-19 18:00:00+00:00,90.82,91.08,90.67,90.94,2620404
926,2025-03-19 20:00:00+00:00,90.94,90.96,90.5,90.65,1208872
927,2025-03-20 02:00:00+00:00,90.66,90.66,90.66,90.66,7592
928,2025-03-20 04:00:00+00:00,90.67,91.04,90.63,90.8,2339899
929,2025-03-20 06:00:00+00:00,90.8,91.31,90.74,91.0,7613484
930,2025-03-20 08:00:00+00:00,91.0,91.35,90.57,91.2,7452945
931,2025-03-20 10:00:00+00:00,91.2,91.25,90.75,90.86,4717121
932,2025-03-20 12:00:00+00:00,90.85,91.3,90.3,91.05,10695424
933,2025-03-20 14:00:00+00:00,91.05,91.15,90.76,90.91,2815294
934,2025-03-20 16:00:00+00:00,90.78,90.91,90.65,90.66,1400723
935,2025-03-20 18:00:00+00:00,90.68,90.8,90.6,90.71,819692
936,2025-03-20 20:00:00+00:00,90.73,90.8,90.69,90.72,457284
937,2025-03-21 02:00:00+00:00,90.62,90.62,90.62,90.62,19033
938,2025-03-21 04:00:00+00:00,90.63,90.91,90.61,90.77,1019884
939,2025-03-21 06:00:00+00:00,90.77,91.24,90.73,91.23,4269741
940,2025-03-21 08:00:00+00:00,91.23,91.33,91.0,91.2,5586476
941,2025-03-21 10:00:00+00:00,91.2,91.32,89.64,90.49,13555497
942,2025-03-21 12:00:00+00:00,90.48,90.74,89.8,89.81,8264326
943,2025-03-21 14:00:00+00:00,89.81,90.08,89.58,89.66,4462491
944,2025-03-21 16:00:00+00:00,89.74,90.16,89.67,90.1,3037851
945,2025-03-21 18:00:00+00:00,90.09,90.15,89.78,89.91,1614367
946,2025-03-21 20:00:00+00:00,89.91,90.0,89.79,89.82,1285704
947,2025-03-24 02:00:00+00:00,89.82,89.82,89.82,89.82,22371
948,2025-03-24 04:00:00+00:00,89.82,89.82,89.01,89.37,3367591
949,2025-03-24 06:00:00+00:00,89.37,89.87,89.02,89.23,4469929
950,2025-03-24 08:00:00+00:00,89.23,89.42,88.83,89.31,4094647
951,2025-03-24 10:00:00+00:00,89.31,89.39,88.85,89.21,2615173
952,2025-03-24 12:00:00+00:00,89.23,89.55,89.0,89.0,2604840
953,2025-03-24 14:00:00+00:00,89.0,89.4,88.91,89.29,2407017
954,2025-03-24 16:00:00+00:00,89.29,89.43,89.07,89.38,1196775
955,2025-03-24 18:00:00+00:00,89.37,89.47,88.5,89.05,8151739
956,2025-03-24 20:00:00+00:00,89.04,89.25,88.76,89.05,1144503
957,2025-03-25 02:00:00+00:00,88.82,88.82,88.82,88.82,20227
958,2025-03-25 04:00:00+00:00,88.83,89.71,88.83,89.67,1349965
959,2025-03-25 06:00:00+00:00,89.66,89.85,89.44,89.61,2849528
960,2025-03-25 08:00:00+00:00,89.63,90.19,88.66,88.7,9397177
961,2025-03-25 10:00:00+00:00,88.7,89.09,88.68,88.85,2450343
962,2025-03-25 12:00:00+00:00,88.85,88.96,88.18,88.55,5518578
963,2025-03-25 14:00:00+00:00,88.56,89.8,87.74,89.53,14483657
965,2025-03-25 18:00:00+00:00,91.07,91.45,90.86,90.91,8523292
966,2025-03-25 20:00:00+00:00,90.91,91.0,90.62,90.99,1728682
967,2025-03-26 02:00:00+00:00,91.22,91.22,91.22,91.22,44727
968,2025-03-26 04:00:00+00:00,91.23,91.46,90.85,90.97,4471315
969,2025-03-26 06:00:00+00:00,90.95,91.33,90.68,91.06,5596576
970,2025-03-26 08:00:00+00:00,91.05,91.37,90.82,91.34,6196784
971,2025-03-26 10:00:00+00:00,91.34,91.36,90.16,90.42,7789729
972,2025-03-26 12:00:00+00:00,90.42,90.68,90.12,90.29,6907677
973,2025-03-26 14:00:00+00:00,90.3,90.45,89.4,89.46,6621373
974,2025-03-26 16:00:00+00:00,89.39,89.5,88.87,89.27,6333143
975,2025-03-26 18:00:00+00:00,89.27,89.83,89.17,89.52,6230033
976,2025-03-26 20:00:00+00:00,89.52,89.72,89.11,89.11,1751419
977,2025-03-27 02:00:00+00:00,89.02,89.02,89.02,89.02,19858
978,2025-03-27 04:00:00+00:00,89.11,89.4,88.55,88.88,2986313
979,2025-03-27 06:00:00+00:00,88.88,89.9,88.63,89.43,13393409
980,2025-03-27 08:00:00+00:00,89.44,89.59,88.71,89.27,8686325
981,2025-03-27 10:00:00+00:00,89.3,89.83,89.13,89.48,4990910
982,2025-03-27 12:00:00+00:00,89.48,89.55,88.21,88.65,11444650
983,2025-03-27 14:00:00+00:00,88.64,89.03,88.01,88.15,5846766
984,2025-03-27 16:00:00+00:00,88.16,88.71,88.02,88.53,3515480
985,2025-03-27 18:00:00+00:00,88.52,88.53,87.55,87.79,5889155
986,2025-03-27 20:00:00+00:00,87.78,87.79,87.0,87.07,4028260
987,2025-03-28 02:00:00+00:00,87.0,87.0,87.0,87.0,66477
988,2025-03-28 04:00:00+00:00,86.99,87.76,85.6,85.87,10469211
989,2025-03-28 06:00:00+00:00,85.88,87.37,85.87,87.11,8991141
990,2025-03-28 08:00:00+00:00,87.11,87.33,84.5,84.75,17056726
993,2025-03-28 14:00:00+00:00,83.44,84.4,83.36,84.11,6372603
994,2025-03-28 16:00:00+00:00,84.11,84.31,82.8,82.99,8004065
995,2025-03-28 18:00:00+00:00,82.99,83.32,82.56,83.04,5613535
996,2025-03-28 20:00:00+00:00,83.02,83.02,82.27,82.35,3944424
997,2025-03-29 06:00:00+00:00,82.56,82.6,81.59,81.59,2034088
998,2025-03-29 08:00:00+00:00,81.59,81.76,81.59,81.59,2264758
999,2025-03-29 10:00:00+00:00,81.59,81.59,81.59,81.59,696961
1000,2025-03-29 12:00:00+00:00,81.59,81.59,81.59,81.59,209602
1001,2025-03-29 14:00:00+00:00,81.59,81.59,81.59,81.59,175195
1002,2025-03-30 06:00:00+00:00,81.59,81.59,81.59,81.59,80743
1003,2025-03-30 08:00:00+00:00,81.59,81.59,81.59,81.59,62720
1004,2025-03-30 10:00:00+00:00,81.59,81.59,81.59,81.59,148969
1005,2025-03-30 12:00:00+00:00,81.59,81.59,81.59,81.59,156400
1006,2025-03-30 14:00:00+00:00,81.59,81.59,81.59,81.59,49472
1007,2025-03-31 02:00:00+00:00,80.0,80.0,80.0,80.0,403714
1009,2025-03-31 06:00:00+00:00,81.79,83.54,81.45,81.6,19035820
1010,2025-03-31 08:00:00+00:00,81.58,82.35,81.11,82.16,8290024
1011,2025-03-31 10:00:00+00:00,82.17,82.58,81.92,82.38,5147695
1012,2025-03-31 12:00:00+00:00,82.38,82.72,81.73,82.42,5863990
1013,2025-03-31 14:00:00+00:00,82.41,82.7,81.82,82.39,6295265
1014,2025-03-31 16:00:00+00:00,82.49,82.49,81.76,82.01,2800905
1015,2025-03-31 18:00:00+00:00,82.02,82.13,81.78,82.0,1521082
1016,2025-03-31 20:00:00+00:00,82.01,82.03,81.86,81.96,516694
1017,2025-04-01 02:00:00+00:00,82.04,82.04,82.04,82.04,4539
1018,2025-04-01 04:00:00+00:00,82.06,83.14,82.04,82.9,4261282
1019,2025-04-01 06:00:00+00:00,82.89,82.96,82.5,82.58,4703353
1020,2025-04-01 08:00:00+00:00,82.58,83.46,82.31,83.17,5194756
1021,2025-04-01 10:00:00+00:00,83.16,83.31,80.7,81.16,10827637
1022,2025-04-01 12:00:00+00:00,81.15,81.66,80.15,81.19,8919226
1023,2025-04-01 14:00:00+00:00,81.19,82.68,81.02,81.61,8604230
1024,2025-04-01 16:00:00+00:00,81.56,81.81,80.63,80.83,4933032
1025,2025-04-01 18:00:00+00:00,80.85,80.91,78.55,78.77,15454676
1026,2025-04-01 20:00:00+00:00,78.77,79.1,78.55,78.78,4289914
1027,2025-04-02 02:00:00+00:00,78.78,78.78,78.78,78.78,80722
1028,2025-04-02 04:00:00+00:00,78.77,79.8,78.31,79.36,7638202
1029,2025-04-02 06:00:00+00:00,79.33,79.8,78.84,79.39,8902828
1030,2025-04-02 08:00:00+00:00,79.38,80.25,79.0,79.97,8210557
1031,2025-04-02 10:00:00+00:00,79.97,80.37,79.1,80.11,7107954
1032,2025-04-02 12:00:00+00:00,80.11,80.62,78.71,78.85,7190211
1033,2025-04-02 14:00:00+00:00,78.86,79.82,78.86,79.1,7166794
1034,2025-04-02 16:00:00+00:00,78.98,79.65,78.52,79.49,6484550
1035,2025-04-02 18:00:00+00:00,79.49,80.31,79.41,80.09,4098084
1036,2025-04-02 20:00:00+00:00,80.09,80.35,79.68,79.88,2131563
1037,2025-04-03 02:00:00+00:00,80.02,80.02,80.02,80.02,14308
1038,2025-04-03 04:00:00+00:00,80.09,80.89,80.0,80.44,4713718
1039,2025-04-03 06:00:00+00:00,80.42,80.42,79.53,79.85,5316805
1040,2025-04-03 08:00:00+00:00,79.84,80.28,79.72,80.14,4275493
1041,2025-04-03 10:00:00+00:00,80.14,80.33,79.26,79.57,5663846
1043,2025-04-03 14:00:00+00:00,76.85,77.44,75.87,76.24,19977005
1044,2025-04-03 16:00:00+00:00,76.34,76.84,75.7,76.67,8486122
1045,2025-04-03 18:00:00+00:00,76.66,76.98,76.37,76.81,3449822
1046,2025-04-03 20:00:00+00:00,76.8,77.86,76.5,77.86,3228840
1047,2025-04-04 02:00:00+00:00,78.5,78.5,78.5,78.5,333881
1048,2025-04-04 04:00:00+00:00,78.53,78.66,77.73,77.93,9818192
1049,2025-04-04 06:00:00+00:00,77.93,78.08,77.32,77.68,6663151
1050,2025-04-04 08:00:00+00:00,77.68,77.74,76.11,76.43,9788549
1052,2025-04-04 12:00:00+00:00,74.64,75.2,73.83,74.23,13359599
1053,2025-04-04 14:00:00+00:00,74.23,74.76,73.51,74.25,12017097
1054,2025-04-04 16:00:00+00:00,74.32,74.56,72.8,73.23,12466389
1055,2025-04-04 18:00:00+00:00,73.19,73.54,72.86,73.36,5565154
1056,2025-04-04 20:00:00+00:00,73.36,73.37,72.08,72.25,5472261
1057,2025-04-05 06:00:00+00:00,72.02,72.02,72.02,72.02,712993
1058,2025-04-05 08:00:00+00:00,72.02,72.02,72.02,72.02,729484
1059,2025-04-05 10:00:00+00:00,72.02,72.89,72.02,72.79,4600421
1060,2025-04-05 12:00:00+00:00,72.89,72.9,72.11,72.36,1486960
1061,2025-04-05 14:00:00+00:00,72.36,72.68,72.14,72.32,969815
1062,2025-04-06 06:00:00+00:00,72.6,72.97,72.19,72.92,1357930
1063,2025-04-06 08:00:00+00:00,72.94,73.37,72.86,73.09,2187566
1064,2025-04-06 10:00:00+00:00,73.09,73.2,72.71,73.1,1446862
1065,2025-04-06 12:00:00+00:00,73.13,73.85,72.9,73.63,2508850
1066,2025-04-06 14:00:00+00:00,73.64,73.77,73.27,73.73,2345870
1067,2025-04-07 02:00:00+00:00,72.07,72.07,72.07,72.07,134849
1070,2025-04-07 08:00:00+00:00,69.54,70.26,68.16,68.25,19880364
1071,2025-04-07 10:00:00+00:00,68.25,70.1,68.17,69.47,13057404
1072,2025-04-07 12:00:00+00:00,69.47,71.3,68.79,71.13,18240832
1074,2025-04-07 16:00:00+00:00,70.58,71.18,69.75,71.1,5910581
1075,2025-04-07 18:00:00+00:00,71.11,71.32,70.3,70.91,5545528
1076,2025-04-07 20:00:00+00:00,70.93,71.1,70.83,70.89,1532053
1077,2025-04-08 02:00:00+00:00,71.66,71.66,71.66,71.66,42918
1078,2025-04-08 04:00:00+00:00,71.61,72.49,71.31,71.97,8058659
1079,2025-04-08 06:00:00+00:00,71.97,72.44,71.12,71.5,11329550
1080,2025-04-08 08:00:00+00:00,71.5,72.11,70.63,71.06,11134813
1081,2025-04-08 10:00:00+00:00,71.06,72.05,70.64,71.92,7886467
1082,2025-04-08 12:00:00+00:00,71.93,72.64,71.49,72.06,10738973
1083,2025-04-08 14:00:00+00:00,72.06,72.24,70.33,70.6,12862238
1085,2025-04-08 18:00:00+00:00,69.98,70.04,67.85,68.49,14661654
1086,2025-04-08 20:00:00+00:00,68.49,68.5,67.51,67.76,6933012
1087,2025-04-09 02:00:00+00:00,67.34,67.34,67.34,67.34,90348
1088,2025-04-09 04:00:00+00:00,67.34,68.34,66.6,67.93,9727413
1089,2025-04-09 06:00:00+00:00,67.9,69.05,67.83,68.6,17773907
1090,2025-04-09 08:00:00+00:00,68.61,69.05,67.67,67.7,11965141
1092,2025-04-09 12:00:00+00:00,66.73,68.8,66.57,68.58,18378032
1093,2025-04-09 14:00:00+00:00,68.56,68.99,67.9,68.66,14216962
1096,2025-04-09 20:00:00+00:00,71.8,73.49,71.7,73.28,7443826
1097,2025-04-10 02:00:00+00:00,73.67,73.67,73.67,73.67,145411
1098,2025-04-10 04:00:00+00:00,73.67,74.0,72.61,73.39,12572003
1100,2025-04-10 08:00:00+00:00,72.71,73.3,71.74,73.17,9180056
1101,2025-04-10 10:00:00+00:00,73.17,73.49,72.13,72.7,8502877
1102,2025-04-10 12:00:00+00:00,72.73,74.19,72.22,72.35,19593413
1103,2025-04-10 14:00:00+00:00,72.35,73.09,71.94,72.2,8995400
1105,2025-04-10 18:00:00+00:00,72.98,73.65,72.42,73.43,8260296
1106,2025-04-10 20:00:00+00:00,73.42,73.43,73.0,73.16,2362486
1107,2025-04-11 02:00:00+00:00,73.25,73.25,73.25,73.25,5731
1108,2025-04-11 04:00:00+00:00,73.25,73.54,72.96,73.36,2535018
1109,2025-04-11 06:00:00+00:00,73.36,75.13,73.36,74.8,17463406
1110,2025-04-11 08:00:00+00:00,74.79,75.25,74.27,75.11,10710306
1111,2025-04-11 10:00:00+00:00,75.11,75.24,74.58,74.84,7487394
1112,2025-04-11 12:00:00+00:00,74.84,75.0,73.86,74.29,11995568
1113,2025-04-11 14:00:00+00:00,74.28,76.22,74.18,76.0,9936247
1114,2025-04-11 16:00:00+00:00,76.0,76.84,75.85,76.61,14494103
1115,2025-04-11 18:00:00+00:00,76.61,76.69,75.9,76.51,8922070
1116,2025-04-11 20:00:00+00:00,76.52,76.8,76.26,76.76,2728919
1117,2025-04-12 06:00:00+00:00,77.0,77.7,76.91,77.6,3026933
1118,2025-04-12 08:00:00+00:00,77.58,78.05,77.43,77.99,4801270
1119,2025-04-12 10:00:00+00:00,77.99,78.15,77.75,77.94,2166166
1120,2025-04-12 12:00:00+00:00,77.94,77.94,77.56,77.87,1308348
1121,2025-04-12 14:00:00+00:00,77.87,78.28,77.74,78.17,2566863
1122,2025-04-13 06:00:00+00:00,78.1,78.16,77.72,77.91,1591970
1123,2025-04-13 08:00:00+00:00,77.91,78.0,77.7,77.79,1294988
1124,2025-04-13 10:00:00+00:00,77.78,78.13,77.71,78.03,1630982
1125,2025-04-13 12:00:00+00:00,78.03,78.23,77.93,78.18,1330951
1126,2025-04-13 14:00:00+00:00,78.18,78.24,78.0,78.19,1517988
1127,2025-04-14 02:00:00+00:00,78.2,78.2,78.2,78.2,53149
1128,2025-04-14 04:00:00+00:00,78.21,78.29,77.02,77.47,6205916
1129,2025-04-14 06:00:00+00:00,77.44,77.44,76.13,76.53,9122234
1130,2025-04-14 08:00:00+00:00,76.52,76.7,75.5,76.34,11128050
1131,2025-04-14 10:00:00+00:00,76.34,77.14,76.26,76.34,6311550
1132,2025-04-14 12:00:00+00:00,76.36,76.62,75.71,76.11,8962155
1133,2025-04-14 14:00:00+00:00,76.1,76.72,76.1,76.14,7220170
1134,2025-04-14 16:00:00+00:00,76.2,76.47,75.21,75.3,7029317
1135,2025-04-14 18:00:00+00:00,75.3,75.65,75.09,75.36,5493976
1136,2025-04-14 20:00:00+00:00,75.34,75.63,75.11,75.5,1275544
1137,2025-04-15 02:00:00+00:00,75.88,75.88,75.88,75.88,15046
1138,2025-04-15 04:00:00+00:00,75.8,75.92,75.24,75.34,3303911
1139,2025-04-15 06:00:00+00:00,75.35,77.11,75.3,76.43,17103176
1140,2025-04-15 08:00:00+00:00,76.42,76.96,76.11,76.42,7996232
1141,2025-04-15 10:00:00+00:00,76.41,76.65,75.23,75.5,10386173
1142,2025-04-15 12:00:00+00:00,75.51,76.6,75.44,76.25,10311460
1143,2025-04-15 14:00:00+00:00,76.26,77.07,76.01,76.25,10974721
1144,2025-04-15 16:00:00+00:00,76.28,76.94,76.14,76.76,4394377
1145,2025-04-15 18:00:00+00:00,76.76,77.19,76.58,77.14,3946688
1146,2025-04-15 20:00:00+00:00,77.15,77.47,76.95,77.1,2754921
1147,2025-04-16 02:00:00+00:00,76.85,76.85,76.85,76.85,48348
1148,2025-04-16 04:00:00+00:00,76.91,77.16,76.5,76.73,4233022
1149,2025-04-16 06:00:00+00:00,76.72,77.05,76.34,76.92,6563081
1150,2025-04-16 08:00:00+00:00,76.91,78.25,76.5,78.09,12658560
1151,2025-04-16 10:00:00+00:00,78.1,79.0,77.95,78.83,13083840
1153,2025-04-16 14:00:00+00:00,80.11,80.15,79.41,79.8,15809991
1154,2025-04-16 16:00:00+00:00,79.87,80.15,78.9,78.96,13392358
1155,2025-04-16 18:00:00+00:00,78.96,79.83,78.95,79.67,5915191
1156,2025-04-16 20:00:00+00:00,79.67,79.87,79.5,79.73,2053643
1157,2025-04-17 02:00:00+00:00,79.74,79.74,79.74,79.74,44686
1158,2025-04-17 04:00:00+00:00,79.73,80.8,79.73,80.48,6506713
1159,2025-04-17 06:00:00+00:00,80.49,80.62,79.9,80.38,9106332
1160,2025-04-17 08:00:00+00:00,80.38,80.92,80.13,80.35,7871504
1161,2025-04-17 10:00:00+00:00,80.36,81.07,80.25,80.95,7116588
1162,2025-04-17 12:00:00+00:00,80.93,81.92,80.93,81.71,14586070
1163,2025-04-17 14:00:00+00:00,81.71,81.75,80.14,81.02,18768888
1164,2025-04-17 16:00:00+00:00,81.18,82.68,80.53,82.41,12200948
1165,2025-04-17 18:00:00+00:00,82.42,82.99,81.82,82.92,17438195
1166,2025-04-17 20:00:00+00:00,82.95,83.37,82.73,83.28,5404227
1167,2025-04-18 02:00:00+00:00,82.0,82.0,82.0,82.0,427196
1168,2025-04-18 04:00:00+00:00,82.09,82.45,81.15,81.86,12328344
1169,2025-04-18 06:00:00+00:00,81.87,82.41,81.27,81.89,15147552
1170,2025-04-18 08:00:00+00:00,81.9,82.07,80.92,80.94,12432234
1171,2025-04-18 10:00:00+00:00,80.94,81.8,80.61,81.57,14943171
1173,2025-04-18 14:00:00+00:00,83.09,83.83,83.08,83.35,11637719
1174,2025-04-18 16:00:00+00:00,83.36,83.84,82.95,83.11,11447205
1175,2025-04-18 18:00:00+00:00,83.15,83.5,83.05,83.19,3539810
1176,2025-04-18 20:00:00+00:00,83.2,83.49,83.07,83.3,2350873
1177,2025-04-21 02:00:00+00:00,84.0,84.0,84.0,84.0,132121
1178,2025-04-21 04:00:00+00:00,83.92,84.8,83.65,84.62,9851896
1179,2025-04-21 06:00:00+00:00,84.61,84.96,84.17,84.52,13670973
1180,2025-04-21 08:00:00+00:00,84.53,85.23,84.4,84.78,12422332
1181,2025-04-21 10:00:00+00:00,84.77,85.22,84.61,85.1,7500625
1182,2025-04-21 12:00:00+00:00,85.09,85.2,84.19,84.25,7488383
1183,2025-04-21 14:00:00+00:00,84.25,85.3,84.23,84.95,7436621
1184,2025-04-21 16:00:00+00:00,85.3,85.87,85.0,85.25,8879521
1185,2025-04-21 18:00:00+00:00,85.26,85.65,85.09,85.34,2852644
1186,2025-04-21 20:00:00+00:00,85.34,85.5,85.09,85.39,1862844
1187,2025-04-22 02:00:00+00:00,85.52,85.52,85.52,85.52,42745
1188,2025-04-22 04:00:00+00:00,85.53,85.8,85.3,85.4,4669753
1189,2025-04-22 06:00:00+00:00,85.39,86.0,85.1,85.63,11082153
1190,2025-04-22 08:00:00+00:00,85.63,85.63,84.41,84.83,10074295
1191,2025-04-22 10:00:00+00:00,84.84,85.21,84.45,84.55,6686197
1192,2025-04-22 12:00:00+00:00,84.55,85.5,84.55,85.26,5830956
1193,2025-04-22 14:00:00+00:00,85.26,85.98,85.15,85.9,9177141
1196,2025-04-22 20:00:00+00:00,86.31,86.44,86.04,86.32,2479256
1197,2025-04-23 02:00:00+00:00,86.35,86.35,86.35,86.35,22733
1198,2025-04-23 04:00:00+00:00,86.36,86.57,85.22,85.38,10412379
1200,2025-04-23 08:00:00+00:00,83.97,84.5,83.54,84.06,13545093
1201,2025-04-23 10:00:00+00:00,84.06,85.24,83.84,84.9,9799070
1202,2025-04-23 12:00:00+00:00,84.9,85.68,84.54,85.32,6579886
1203,2025-04-23 14:00:00+00:00,85.34,85.95,84.91,85.58,6136123
1204,2025-04-23 16:00:00+00:00,85.8,86.59,85.03,85.8,9437576
1205,2025-04-23 18:00:00+00:00,85.8,86.12,85.47,85.54,3702928
1206,2025-04-23 20:00:00+00:00,85.54,85.6,85.24,85.4,1594815
1207,2025-04-24 02:00:00+00:00,85.4,85.4,85.4,85.4,18088
1208,2025-04-24 04:00:00+00:00,85.41,86.0,85.18,85.81,2317335
1209,2025-04-24 06:00:00+00:00,85.8,86.97,85.71,86.42,12994415
1210,2025-04-24 08:00:00+00:00,86.42,86.85,85.9,86.72,10282341
1211,2025-04-24 10:00:00+00:00,86.72,86.8,85.9,85.95,5919913
1212,2025-04-24 12:00:00+00:00,85.96,86.34,85.31,85.4,10366298
1213,2025-04-24 14:00:00+00:00,85.41,85.88,84.93,85.63,8273496
1214,2025-04-24 16:00:00+00:00,85.62,85.71,85.12,85.42,3056778
1215,2025-04-24 18:00:00+00:00,85.41,85.72,85.18,85.61,3571509
1216,2025-04-24 20:00:00+00:00,85.62,85.7,85.5,85.52,676932
1217,2025-04-25 02:00:00+00:00,86.4,86.4,86.4,86.4,174309
1218,2025-04-25 04:00:00+00:00,86.24,86.7,85.92,86.54,6271947
1219,2025-04-25 06:00:00+00:00,86.51,87.61,86.45,86.82,18627470
1220,2025-04-25 08:00:00+00:00,86.83,87.3,86.41,86.93,13187602
1221,2025-04-25 10:00:00+00:00,86.92,87.16,86.14,87.0,12519536
1222,2025-04-25 12:00:00+00:00,86.99,87.2,86.52,86.98,6399277
1223,2025-04-25 14:00:00+00:00,86.98,87.78,86.67,87.0,11881380
1224,2025-04-25 16:00:00+00:00,86.95,87.26,86.7,86.92,4903523
1225,2025-04-25 18:00:00+00:00,86.92,87.49,86.91,87.32,2373680
1226,2025-04-25 20:00:00+00:00,87.33,87.44,86.98,87.24,2232064
1227,2025-04-26 06:00:00+00:00,87.62,88.6,87.6,88.36,4070778
1228,2025-04-26 08:00:00+00:00,88.36,89.15,88.3,88.79,8974832
1229,2025-04-26 10:00:00+00:00,88.79,88.9,88.5,88.58,2328403
1230,2025-04-26 12:00:00+00:00,88.61,88.78,87.5,87.89,6564426
1231,2025-04-26 14:00:00+00:00,87.87,88.18,87.45,87.84,4002025
1232,2025-04-27 06:00:00+00:00,88.0,88.26,87.8,87.92,1244461
1233,2025-04-27 08:00:00+00:00,87.92,88.15,87.89,88.07,742686
1234,2025-04-27 10:00:00+00:00,88.07,88.1,87.8,87.89,1020108
1235,2025-04-27 12:00:00+00:00,87.89,88.03,87.65,87.97,1288804
1236,2025-04-27 14:00:00+00:00,87.97,88.05,87.84,87.93,838496
1237,2025-04-28 02:00:00+00:00,87.93,87.93,87.93,87.93,50263
1238,2025-04-28 04:00:00+00:00,87.91,87.93,86.32,86.55,8077614
1239,2025-04-28 06:00:00+00:00,86.55,87.47,86.25,86.78,11077824
1240,2025-04-28 08:00:00+00:00,86.78,87.14,86.61,86.65,3993171
1246,2025-04-28 20:00:00+00:00,98.27,98.85,98.22,98.55,6701558
1247,2025-04-29 02:00:00+00:00,98.75,98.75,98.75,98.75,58314
1251,2025-04-29 10:00:00+00:00,99.26,99.7,98.88,99.47,14222701
1255,2025-04-29 18:00:00+00:00,96.59,96.6,95.84,96.4,11812784
1256,2025-04-29 20:00:00+00:00,96.4,97.44,96.3,97.3,9035649
1257,2025-04-30 02:00:00+00:00,97.4,97.4,97.4,97.4,53395
1258,2025-04-30 04:00:00+00:00,97.4,97.47,95.6,96.55,13916905
1259,2025-04-30 06:00:00+00:00,96.59,97.16,96.02,96.81,14179024
1263,2025-04-30 14:00:00+00:00,97.05,97.66,96.95,97.4,8535781
1264,2025-04-30 16:00:00+00:00,97.4,97.48,96.74,97.33,7356637
1265,2025-04-30 18:00:00+00:00,97.33,98.28,97.11,98.08,9013332
1266,2025-04-30 20:00:00+00:00,98.08,98.41,97.8,98.1,5808645
1267,2025-05-02 02:00:00+00:00,98.44,98.44,98.44,98.44,95616
1268,2025-05-02 04:00:00+00:00,98.31,98.45,97.27,97.53,6235849
1269,2025-05-02 06:00:00+00:00,97.52,97.57,96.22,96.45,14973961
1270,2025-05-02 08:00:00+00:00,96.45,97.25,96.07,96.95,7044343
1271,2025-05-02 10:00:00+00:00,96.96,97.7,96.88,97.46,5186999
1272,2025-05-02 12:00:00+00:00,97.45,97.5,97.02,97.08,3257933
1273,2025-05-02 14:00:00+00:00,97.08,97.17,96.5,96.77,4870842
1274,2025-05-02 16:00:00+00:00,96.78,97.68,96.63,96.99,6690693
1275,2025-05-02 18:00:00+00:00,96.99,97.36,96.52,96.86,3788148
1276,2025-05-02 20:00:00+00:00,96.86,96.86,96.33,96.6,3461660
1277,2025-05-03 06:00:00+00:00,96.4,97.19,96.29,96.76,2766166
1278,2025-05-03 08:00:00+00:00,96.76,96.99,96.61,96.83,1013143
1279,2025-05-03 10:00:00+00:00,96.85,96.91,96.65,96.74,605340
1280,2025-05-03 12:00:00+00:00,96.74,96.77,96.36,96.52,1567247
1281,2025-05-03 14:00:00+00:00,96.52,96.7,96.51,96.59,575670
1282,2025-05-04 06:00:00+00:00,96.59,97.15,96.56,96.96,1493511
1283,2025-05-04 08:00:00+00:00,96.96,97.29,96.71,97.02,2273032
1284,2025-05-04 10:00:00+00:00,97.05,97.39,97.0,97.19,1708562
1285,2025-05-04 12:00:00+00:00,97.16,97.29,96.78,96.87,1449925
1286,2025-05-04 14:00:00+00:00,96.87,97.2,96.84,97.13,913160
1287,2025-05-05 02:00:00+00:00,97.5,97.5,97.5,97.5,120678
1288,2025-05-05 04:00:00+00:00,97.46,97.63,96.81,97.29,5309203
1289,2025-05-05 06:00:00+00:00,97.29,97.7,96.89,97.1,9936985
1290,2025-05-05 08:00:00+00:00,97.09,97.55,96.66,97.26,9144598
1291,2025-05-05 10:00:00+00:00,97.25,97.49,96.8,97.05,7017456
1292,2025-05-05 12:00:00+00:00,97.04,97.3,96.33,96.47,8401123
1293,2025-05-05 14:00:00+00:00,96.46,96.77,95.56,95.96,13697845
1294,2025-05-05 16:00:00+00:00,95.95,96.7,95.7,96.69,6134027
1295,2025-05-05 18:00:00+00:00,96.7,96.78,96.31,96.4,2490408
1296,2025-05-05 20:00:00+00:00,96.4,96.41,96.05,96.19,1076023
1297,2025-05-06 02:00:00+00:00,96.35,96.35,96.35,96.35,8275
1298,2025-05-06 04:00:00+00:00,96.36,96.96,96.3,96.52,3141838
1299,2025-05-06 06:00:00+00:00,96.52,97.29,95.92,96.91,10230118
1300,2025-05-06 08:00:00+00:00,96.91,97.37,96.81,97.01,5565440
1301,2025-05-06 10:00:00+00:00,97.0,97.15,96.3,96.8,4660238
1302,2025-05-06 12:00:00+00:00,96.81,97.55,96.77,97.16,11803286
1303,2025-05-06 14:00:00+00:00,97.17,97.65,97.05,97.49,5908175
1304,2025-05-06 16:00:00+00:00,97.32,97.84,97.16,97.68,6838733
1305,2025-05-06 18:00:00+00:00,97.68,98.28,97.57,97.62,9868634
1306,2025-05-06 20:00:00+00:00,97.63,97.79,97.29,97.42,3094781
1307,2025-05-07 02:00:00+00:00,97.6,97.6,97.6,97.6,14636
1308,2025-05-07 04:00:00+00:00,97.6,98.11,97.45,97.88,3758306
1309,2025-05-07 06:00:00+00:00,97.87,97.98,96.8,97.2,8948587
1310,2025-05-07 08:00:00+00:00,97.2,97.84,97.08,97.75,5298403
1311,2025-05-07 10:00:00+00:00,97.74,97.98,97.31,97.96,5458265
1312,2025-05-07 12:00:00+00:00,97.96,98.12,97.22,97.56,12334694
1313,2025-05-07 14:00:00+00:00,97.58,98.02,97.37,97.93,4979760
1314,2025-05-07 16:00:00+00:00,98.01,98.35,97.7,97.71,5216878
1315,2025-05-07 18:00:00+00:00,97.71,97.77,97.44,97.56,1657745
1316,2025-05-07 20:00:00+00:00,97.55,97.68,97.54,97.64,615727
1317,2025-05-08 02:00:00+00:00,97.8,97.8,97.8,97.8,15302
1318,2025-05-08 04:00:00+00:00,97.8,98.1,97.7,97.87,2662007
1319,2025-05-08 06:00:00+00:00,97.87,98.82,97.77,98.45,9782080
1320,2025-05-08 08:00:00+00:00,98.45,98.64,98.21,98.38,3630210
1321,2025-05-08 10:00:00+00:00,98.36,98.47,97.78,97.79,3550492
1322,2025-05-08 12:00:00+00:00,97.79,98.08,97.35,97.67,5173993
1323,2025-05-08 14:00:00+00:00,97.68,97.87,97.6,97.7,845786
1324,2025-05-08 16:00:00+00:00,97.8,97.97,97.52,97.92,1700576
1325,2025-05-08 18:00:00+00:00,97.92,97.94,97.71,97.78,1407681
1326,2025-05-08 20:00:00+00:00,97.79,97.82,97.71,97.75,595513
1327,2025-05-10 06:00:00+00:00,98.11,98.33,97.95,98.18,1003780
1328,2025-05-10 08:00:00+00:00,98.15,98.17,97.85,97.95,835950
1329,2025-05-10 10:00:00+00:00,97.95,98.06,97.81,98.04,558684
1330,2025-05-10 12:00:00+00:00,98.05,98.19,97.9,98.01,714398
1331,2025-05-10 14:00:00+00:00,98.0,98.17,97.8,98.08,1553426
1332,2025-05-11 06:00:00+00:00,98.8,99.48,98.76,99.48,7136709
1333,2025-05-11 08:00:00+00:00,99.48,99.86,98.96,99.04,5449577
1334,2025-05-11 10:00:00+00:00,99.04,99.45,98.94,99.0,2705450
1335,2025-05-11 12:00:00+00:00,99.0,99.07,98.5,98.76,3924526
1336,2025-05-11 14:00:00+00:00,98.76,99.1,98.66,99.07,1614464
1337,2025-05-12 02:00:00+00:00,99.6,99.6,99.6,99.6,110555
1338,2025-05-12 04:00:00+00:00,99.6,100.33,99.5,99.82,10098624
1339,2025-05-12 06:00:00+00:00,99.81,100.05,99.3,99.68,13851084
1340,2025-05-12 08:00:00+00:00,99.68,100.0,99.2,99.41,8090101
1341,2025-05-12 10:00:00+00:00,99.42,99.79,99.33,99.55,5716274
1342,2025-05-12 12:00:00+00:00,99.56,99.8,98.74,99.1,7039034
1343,2025-05-12 14:00:00+00:00,99.1,99.68,98.96,99.64,6348474
1344,2025-05-12 16:00:00+00:00,99.64,99.84,99.45,99.76,3043788
1345,2025-05-12 18:00:00+00:00,99.75,99.76,99.45,99.7,1554060
1346,2025-05-12 20:00:00+00:00,99.7,99.78,99.58,99.72,1131622
1347,2025-05-13 02:00:00+00:00,99.81,99.81,99.81,99.81,29403
1348,2025-05-13 04:00:00+00:00,99.82,100.09,99.56,99.85,3740771
1349,2025-05-13 06:00:00+00:00,99.85,99.96,99.4,99.6,5289364
1350,2025-05-13 08:00:00+00:00,99.6,99.6,98.91,99.38,8215700
1351,2025-05-13 10:00:00+00:00,99.38,99.48,99.15,99.2,1964651
1352,2025-05-13 12:00:00+00:00,99.2,99.6,99.05,99.51,5814505
1353,2025-05-13 14:00:00+00:00,99.52,99.56,99.12,99.43,2966767
1354,2025-05-13 16:00:00+00:00,99.43,99.44,99.15,99.18,1277857
1355,2025-05-13 18:00:00+00:00,99.18,99.37,99.0,99.22,3219312
1356,2025-05-13 20:00:00+00:00,99.22,99.25,99.13,99.17,376930
1357,2025-05-14 02:00:00+00:00,99.18,99.18,99.18,99.18,3096
1358,2025-05-14 04:00:00+00:00,99.2,99.33,98.92,99.05,1314173
1359,2025-05-14 06:00:00+00:00,99.05,99.1,98.32,98.67,6290674
1360,2025-05-14 08:00:00+00:00,98.66,99.08,98.58,99.03,3633034
1361,2025-05-14 10:00:00+00:00,99.03,99.17,98.82,99.16,2728962
1362,2025-05-14 12:00:00+00:00,99.16,99.66,99.09,99.41,6555404
1363,2025-05-14 14:00:00+00:00,99.41,99.42,99.0,99.03,2770496
1364,2025-05-14 16:00:00+00:00,99.05,99.1,98.88,99.01,2177890
1365,2025-05-14 18:00:00+00:00,99.01,99.04,96.5,96.88,7150549
1366,2025-05-14 20:00:00+00:00,96.83,98.03,96.74,97.0,8506387
1367,2025-05-15 02:00:00+00:00,97.0,97.0,97.0,97.0,151410
1368,2025-05-15 04:00:00+00:00,96.99,98.0,96.75,97.79,5279717
1369,2025-05-15 06:00:00+00:00,97.79,97.98,97.12,97.37,6639980
1370,2025-05-15 08:00:00+00:00,97.41,97.43,96.05,96.78,12082617
1371,2025-05-15 10:00:00+00:00,96.77,97.35,96.4,97.3,6244435
1372,2025-05-15 12:00:00+00:00,97.3,97.73,96.69,97.45,8623099
1373,2025-05-15 14:00:00+00:00,97.45,97.72,97.01,97.01,3979059
1374,2025-05-15 16:00:00+00:00,97.03,97.38,96.99,97.19,1635165
1375,2025-05-15 18:00:00+00:00,97.19,97.25,96.94,97.15,1158337
1376,2025-05-15 20:00:00+00:00,97.15,97.27,97.12,97.25,551872
1377,2025-05-16 02:00:00+00:00,97.26,97.26,97.26,97.26,11330
1378,2025-05-16 04:00:00+00:00,97.27,97.46,97.13,97.27,1039715
1379,2025-05-16 06:00:00+00:00,97.27,97.5,96.89,97.36,3698160
1380,2025-05-16 08:00:00+00:00,97.36,97.57,97.12,97.34,3398748
1381,2025-05-16 10:00:00+00:00,97.34,97.4,96.62,97.09,5804312
1383,2025-05-16 14:00:00+00:00,97.1,98.12,96.91,97.05,9895263
1384,2025-05-16 16:00:00+00:00,97.01,97.23,97.01,97.11,1339465
1385,2025-05-16 18:00:00+00:00,97.11,97.27,96.85,97.15,1959446
1386,2025-05-16 20:00:00+00:00,97.15,97.22,97.08,97.19,621420
1387,2025-05-17 06:00:00+00:00,97.3,97.47,97.14,97.39,1296995
1388,2025-05-17 08:00:00+00:00,97.39,97.5,97.3,97.35,841612
1389,2025-05-17 10:00:00+00:00,97.37,97.45,97.31,97.34,436530
1390,2025-05-17 12:00:00+00:00,97.36,97.66,97.31,97.49,982543
1391,2025-05-17 14:00:00+00:00,97.49,98.48,97.37,98.32,4787917
1392,2025-05-18 06:00:00+00:00,98.71,99.02,98.45,98.94,3128882
1393,2025-05-18 08:00:00+00:00,98.92,99.05,98.74,98.9,1462504
1394,2025-05-18 10:00:00+00:00,98.9,98.91,98.56,98.8,1360865
1395,2025-05-18 12:00:00+00:00,98.8,98.82,98.4,98.81,1783458
1396,2025-05-18 14:00:00+00:00,98.82,98.91,98.7,98.89,1029599
1397,2025-05-19 02:00:00+00:00,98.96,98.96,98.96,98.96,32258
1398,2025-05-19 04:00:00+00:00,98.95,98.95,98.18,98.26,2585151
1399,2025-05-19 06:00:00+00:00,98.26,98.65,97.93,98.04,4374713
1400,2025-05-19 08:00:00+00:00,98.05,98.35,98.0,98.09,2537174
1401,2025-05-19 10:00:00+00:00,98.1,98.53,97.92,98.36,2813815
1402,2025-05-19 12:00:00+00:00,98.36,98.45,97.6,97.6,3977103
1403,2025-05-19 14:00:00+00:00,97.61,98.19,97.59,97.9,5816995
1404,2025-05-19 16:00:00+00:00,97.94,98.46,97.07,97.82,7618477
1405,2025-05-19 18:00:00+00:00,97.81,97.9,96.55,97.08,6714819
1406,2025-05-19 20:00:00+00:00,97.08,97.11,96.67,96.97,1246165
1407,2025-05-20 02:00:00+00:00,97.21,97.21,97.21,97.21,24071
1408,2025-05-20 04:00:00+00:00,97.21,97.32,96.99,97.18,1803023
1409,2025-05-20 06:00:00+00:00,97.15,97.28,96.27,96.4,5642359
1410,2025-05-20 08:00:00+00:00,96.4,96.85,96.25,96.7,4349012
1411,2025-05-20 10:00:00+00:00,96.7,97.04,96.47,96.76,2476828
1412,2025-05-20 12:00:00+00:00,96.77,96.94,96.61,96.88,1469550
1413,2025-05-20 14:00:00+00:00,96.88,97.15,96.5,96.5,2518900
1414,2025-05-20 16:00:00+00:00,96.4,96.65,96.1,96.4,3978004
1415,2025-05-20 18:00:00+00:00,96.4,96.43,96.25,96.34,781406
1416,2025-05-20 20:00:00+00:00,96.34,96.38,96.29,96.3,395191
1417,2025-05-21 02:00:00+00:00,96.33,96.33,96.33,96.33,1892
1418,2025-05-21 04:00:00+00:00,96.36,97.03,96.36,96.7,2004675
1419,2025-05-21 06:00:00+00:00,96.7,96.7,96.34,96.59,2371895
1420,2025-05-21 08:00:00+00:00,96.59,96.9,96.48,96.49,3425253
1421,2025-05-21 10:00:00+00:00,96.49,96.65,96.3,96.62,2283761
1422,2025-05-21 12:00:00+00:00,96.62,96.77,96.51,96.55,1634500
1423,2025-05-21 14:00:00+00:00,96.56,96.56,95.31,95.4,5933780
1424,2025-05-21 16:00:00+00:00,95.6,96.07,95.54,95.67,2355370
1425,2025-05-21 18:00:00+00:00,95.67,95.92,95.61,95.82,1424997
1426,2025-05-21 20:00:00+00:00,95.82,95.88,95.61,95.65,477219
1427,2025-05-22 02:00:00+00:00,95.87,95.87,95.87,95.87,3792
1428,2025-05-22 04:00:00+00:00,95.86,95.95,94.73,95.18,6706966
1429,2025-05-22 06:00:00+00:00,95.18,95.29,94.57,94.82,8717464
1430,2025-05-22 08:00:00+00:00,94.82,94.9,94.24,94.8,7599204
1431,2025-05-22 10:00:00+00:00,94.8,95.27,94.65,95.25,4768259
1432,2025-05-22 12:00:00+00:00,95.23,96.21,94.61,95.83,13370447
1433,2025-05-22 14:00:00+00:00,95.83,96.68,95.71,96.05,8375688
1434,2025-05-22 16:00:00+00:00,96.17,96.17,95.08,95.42,4866311
1435,2025-05-22 18:00:00+00:00,95.42,95.5,94.91,95.23,1756176
1436,2025-05-22 20:00:00+00:00,95.22,95.33,95.1,95.18,428967
1437,2025-05-23 02:00:00+00:00,95.23,95.23,95.23,95.23,9066
1438,2025-05-23 04:00:00+00:00,95.24,95.69,95.01,95.16,2137736
1439,2025-05-23 06:00:00+00:00,95.16,96.2,95.13,96.03,4167410
1440,2025-05-23 08:00:00+00:00,96.03,96.2,95.71,95.97,3207733
1441,2025-05-23 10:00:00+00:00,95.96,96.27,95.55,95.59,2657061
1442,2025-05-23 12:00:00+00:00,95.58,95.66,95.06,95.35,4544310
1443,2025-05-23 14:00:00+00:00,95.35,95.61,95.21,95.29,1952375
1444,2025-05-23 16:00:00+00:00,95.31,95.54,95.3,95.38,1078107
1445,2025-05-23 18:00:00+00:00,95.39,95.65,95.35,95.46,856159
1446,2025-05-23 20:00:00+00:00,95.47,95.55,95.33,95.5,569147
1447,2025-05-26 02:00:00+00:00,95.5,95.5,95.5,95.5,16255
1448,2025-05-26 04:00:00+00:00,95.49,95.5,93.18,93.91,13629733
1449,2025-05-26 06:00:00+00:00,93.91,94.07,93.08,93.3,11029173
1450,2025-05-26 08:00:00+00:00,93.3,93.58,92.71,92.93,10683172
1451,2025-05-26 10:00:00+00:00,92.93,93.15,92.4,92.63,9685667
1452,2025-05-26 12:00:00+00:00,92.66,92.91,92.47,92.8,6121338
1453,2025-05-26 14:00:00+00:00,92.8,92.94,92.05,92.18,6512808
1454,2025-05-26 16:00:00+00:00,92.19,92.23,91.34,92.05,9966839
1455,2025-05-26 18:00:00+00:00,92.05,92.18,91.91,92.02,2047390
1456,2025-05-26 20:00:00+00:00,92.02,92.38,92.02,92.25,1527848
1457,2025-05-27 02:00:00+00:00,92.25,92.25,92.25,92.25,9831
1458,2025-05-27 04:00:00+00:00,92.26,92.32,90.22,91.18,11007750
1459,2025-05-27 06:00:00+00:00,91.19,92.96,91.15,92.9,11780936
1460,2025-05-27 08:00:00+00:00,92.9,93.28,92.74,93.24,7447232
1461,2025-05-27 10:00:00+00:00,93.23,93.33,92.86,93.11,3064063
1462,2025-05-27 12:00:00+00:00,93.1,93.23,92.25,92.9,5106990
1463,2025-05-27 14:00:00+00:00,92.9,94.28,92.8,94.0,7842217
1464,2025-05-27 16:00:00+00:00,93.99,93.99,93.21,93.87,4700946
1465,2025-05-27 18:00:00+00:00,93.87,94.04,93.58,93.65,1866238
1466,2025-05-27 20:00:00+00:00,93.65,93.72,93.4,93.59,926546
1467,2025-05-28 02:00:00+00:00,93.77,93.77,93.77,93.77,9546
1468,2025-05-28 04:00:00+00:00,93.75,94.64,93.73,94.6,4439206
1469,2025-05-28 06:00:00+00:00,94.59,95.79,94.22,95.55,11770044
1470,2025-05-28 08:00:00+00:00,95.57,95.77,94.74,95.34,8581985
1471,2025-05-28 10:00:00+00:00,95.34,95.36,94.35,94.4,7201700
1472,2025-05-28 12:00:00+00:00,94.4,95.37,94.36,95.01,8054458
1473,2025-05-28 14:00:00+00:00,95.0,95.26,94.63,94.85,3669990
1474,2025-05-28 16:00:00+00:00,95.16,95.64,95.0,95.51,5251020
1475,2025-05-28 18:00:00+00:00,95.52,95.85,95.24,95.66,3838983
1476,2025-05-28 20:00:00+00:00,95.65,95.84,95.64,95.78,1113080
1477,2025-05-29 02:00:00+00:00,95.87,95.87,95.87,95.87,17731
1478,2025-05-29 04:00:00+00:00,95.88,95.98,95.11,95.29,3481665
1479,2025-05-29 06:00:00+00:00,95.29,95.72,94.86,94.91,4640171
1480,2025-05-29 08:00:00+00:00,94.9,95.5,94.67,95.22,4666109
1481,2025-05-29 10:00:00+00:00,95.21,95.83,95.15,95.64,4425278
1482,2025-05-29 12:00:00+00:00,95.63,95.73,95.0,95.38,4029341
1483,2025-05-29 14:00:00+00:00,95.39,95.49,94.8,95.0,2550993
1484,2025-05-29 16:00:00+00:00,95.05,95.12,94.12,94.43,3928024
1485,2025-05-29 18:00:00+00:00,94.43,94.44,93.87,94.18,2864954
1486,2025-05-29 20:00:00+00:00,94.18,94.18,94.11,94.17,376155
1487,2025-05-30 02:00:00+00:00,94.17,94.17,94.17,94.17,10323
1488,2025-05-30 04:00:00+00:00,94.17,94.75,93.66,94.65,2480740
1490,2025-05-30 08:00:00+00:00,94.77,95.07,93.87,94.32,14272946
1491,2025-05-30 10:00:00+00:00,94.31,94.95,93.9,93.99,11266142
1492,2025-05-30 12:00:00+00:00,93.99,94.43,93.42,93.86,9084200
1493,2025-05-30 14:00:00+00:00,93.86,94.0,93.41,93.55,4488631
1494,2025-05-30 16:00:00+00:00,93.59,94.14,93.11,93.4,7136910
1495,2025-05-30 18:00:00+00:00,93.38,93.99,93.38,93.48,4103005
1496,2025-05-30 20:00:00+00:00,93.48,93.99,93.44,93.9,1987750
1497,2025-05-31 06:00:00+00:00,94.0,94.36,94.0,94.06,936785
1498,2025-05-31 08:00:00+00:00,94.11,94.23,93.95,94.04,761478
1499,2025-05-31 10:00:00+00:00,94.04,94.12,93.77,93.86,825558
1500,2025-05-31 12:00:00+00:00,93.86,93.99,93.8,93.85,345628
1501,2025-05-31 14:00:00+00:00,93.88,93.92,93.8,93.87,297336
1502,2025-06-01 06:00:00+00:00,93.79,93.82,93.19,93.27,776781
1503,2025-06-01 08:00:00+00:00,93.27,93.59,93.03,93.21,1696569
1504,2025-06-01 10:00:00+00:00,93.21,93.24,91.71,91.9,5994784
1505,2025-06-01 12:00:00+00:00,91.88,92.27,91.1,91.76,7161038
1506,2025-06-01 14:00:00+00:00,91.78,92.17,91.52,91.89,3314469
1507,2025-06-02 02:00:00+00:00,91.89,91.89,91.89,91.89,43546
1508,2025-06-02 04:00:00+00:00,91.9,92.95,91.51,92.73,5123947
1509,2025-06-02 06:00:00+00:00,92.71,93.2,92.58,92.84,5610921
1510,2025-06-02 08:00:00+00:00,92.84,93.4,92.64,93.03,5138027
1511,2025-06-02 10:00:00+00:00,93.03,93.19,92.74,93.1,3042240
1512,2025-06-02 12:00:00+00:00,93.11,93.28,92.06,92.64,7575080
1513,2025-06-02 14:00:00+00:00,92.64,94.1,92.51,94.0,9227016
1514,2025-06-02 16:00:00+00:00,94.01,94.15,93.42,93.46,4266621
1515,2025-06-02 18:00:00+00:00,93.46,93.73,93.32,93.59,2137753
1516,2025-06-02 20:00:00+00:00,93.6,93.62,93.32,93.47,791474
1517,2025-06-03 02:00:00+00:00,93.49,93.49,93.49,93.49,8453
1518,2025-06-03 04:00:00+00:00,93.49,94.0,93.48,93.86,2550962
1519,2025-06-03 06:00:00+00:00,93.85,94.98,93.81,94.97,11638109
1520,2025-06-03 08:00:00+00:00,94.97,95.28,94.39,94.6,7685926
1521,2025-06-03 10:00:00+00:00,94.63,95.0,94.28,94.49,4482077
1522,2025-06-03 12:00:00+00:00,94.49,94.81,94.11,94.78,3027476
1523,2025-06-03 14:00:00+00:00,94.78,95.4,94.62,95.05,5998805
1524,2025-06-03 16:00:00+00:00,95.1,95.32,94.81,95.19,2668181
1525,2025-06-03 18:00:00+00:00,95.21,95.5,95.05,95.21,3676914
1526,2025-06-03 20:00:00+00:00,95.21,95.47,95.2,95.41,979441
1527,2025-06-04 02:00:00+00:00,95.4,95.4,95.4,95.4,21000
1528,2025-06-04 04:00:00+00:00,95.41,95.87,95.15,95.56,3374181
1529,2025-06-04 06:00:00+00:00,95.56,96.15,95.46,96.07,8834931
1530,2025-06-04 08:00:00+00:00,96.07,96.86,95.94,96.64,11125397
1531,2025-06-04 10:00:00+00:00,96.64,96.69,96.21,96.63,5441277
1532,2025-06-04 12:00:00+00:00,96.63,96.8,95.73,96.33,11683668
1533,2025-06-04 14:00:00+00:00,96.33,96.36,94.55,95.44,14753785
1534,2025-06-04 16:00:00+00:00,95.5,96.06,95.25,95.85,4778767
1535,2025-06-04 18:00:00+00:00,95.85,95.87,94.95,95.24,3233382
1536,2025-06-04 20:00:00+00:00,95.24,95.24,94.83,95.1,695254
1537,2025-06-05 02:00:00+00:00,95.12,95.12,95.12,95.12,5457
1538,2025-06-05 04:00:00+00:00,95.14,95.84,95.13,95.55,1825111
1539,2025-06-05 06:00:00+00:00,95.54,96.0,95.39,95.4,3487869
1540,2025-06-05 08:00:00+00:00,95.42,95.9,95.2,95.75,3475866
1541,2025-06-05 10:00:00+00:00,95.74,95.95,95.54,95.91,2582128
1542,2025-06-05 12:00:00+00:00,95.91,96.1,95.74,95.83,4715802
1543,2025-06-05 14:00:00+00:00,95.84,95.9,95.42,95.5,3923545
1544,2025-06-05 16:00:00+00:00,95.56,95.63,95.23,95.31,2560775
1545,2025-06-05 18:00:00+00:00,95.3,95.5,95.23,95.47,879619
1546,2025-06-05 20:00:00+00:00,95.47,95.47,95.44,95.44,757830
1547,2025-06-06 02:00:00+00:00,95.5,95.5,95.5,95.5,26075
1548,2025-06-06 04:00:00+00:00,95.51,96.18,95.5,95.89,2908881
1549,2025-06-06 06:00:00+00:00,95.9,96.4,95.8,96.4,6461963
1550,2025-06-06 08:00:00+00:00,96.4,96.44,95.3,95.88,8771787
1552,2025-06-06 12:00:00+00:00,95.68,95.7,94.03,94.68,16068014
1553,2025-06-06 14:00:00+00:00,94.67,94.81,93.23,93.4,9957476
1554,2025-06-06 16:00:00+00:00,93.46,94.08,93.46,93.71,3886981
1555,2025-06-06 18:00:00+00:00,93.71,93.89,92.82,93.15,4234661
1556,2025-06-06 20:00:00+00:00,93.14,93.36,93.03,93.27,1044914
1557,2025-06-07 06:00:00+00:00,93.68,94.48,93.55,93.9,888711
1558,2025-06-07 08:00:00+00:00,93.93,93.93,93.64,93.66,327377
1559,2025-06-07 10:00:00+00:00,93.67,93.7,93.21,93.5,1293394
1560,2025-06-07 12:00:00+00:00,93.51,93.72,93.38,93.7,636660
1561,2025-06-07 14:00:00+00:00,93.7,94.0,93.62,93.77,565746
1562,2025-06-08 06:00:00+00:00,93.83,93.96,93.7,93.82,333812
1563,2025-06-08 08:00:00+00:00,93.82,93.85,93.68,93.77,322690
1564,2025-06-08 10:00:00+00:00,93.77,93.8,93.62,93.63,353056
1565,2025-06-08 12:00:00+00:00,93.63,93.77,93.42,93.72,543847
1566,2025-06-08 14:00:00+00:00,93.69,93.83,93.38,93.64,612467
1567,2025-06-09 02:00:00+00:00,93.8,93.8,93.8,93.8,8320
1568,2025-06-09 04:00:00+00:00,93.8,94.57,93.32,94.15,4952662
1569,2025-06-09 06:00:00+00:00,94.15,94.27,93.15,93.23,8606051
1570,2025-06-09 08:00:00+00:00,93.23,93.6,93.04,93.59,7110863
1571,2025-06-09 10:00:00+00:00,93.6,93.87,93.15,93.47,3887704
1572,2025-06-09 12:00:00+00:00,93.47,93.8,93.25,93.4,3906105
1573,2025-06-09 14:00:00+00:00,93.4,93.55,93.03,93.1,3811169
1574,2025-06-09 16:00:00+00:00,93.1,93.68,93.1,93.5,2028155
1575,2025-06-09 18:00:00+00:00,93.49,94.2,93.4,94.06,2875138
1576,2025-06-09 20:00:00+00:00,94.05,94.34,94.05,94.27,1334440
1577,2025-06-10 02:00:00+00:00,94.4,94.4,94.4,94.4,17355
1578,2025-06-10 04:00:00+00:00,94.37,95.04,94.3,94.58,4577759
1579,2025-06-10 06:00:00+00:00,94.58,94.68,93.41,93.6,6651280
1580,2025-06-10 08:00:00+00:00,93.6,93.98,93.47,93.72,3858455
1581,2025-06-10 10:00:00+00:00,93.72,94.13,93.66,94.07,3175964
1582,2025-06-10 12:00:00+00:00,94.08,94.5,93.51,93.92,4580971
1583,2025-06-10 14:00:00+00:00,93.92,94.14,93.67,94.0,2694253
1584,2025-06-10 16:00:00+00:00,94.05,94.1,93.25,93.44,2831323
1585,2025-06-10 18:00:00+00:00,93.47,93.76,93.39,93.67,926795
1586,2025-06-10 20:00:00+00:00,93.67,93.68,93.43,93.5,465941
1587,2025-06-11 02:00:00+00:00,93.5,93.5,93.5,93.5,5093
1588,2025-06-11 04:00:00+00:00,93.7,93.74,93.13,93.43,2243659
1589,2025-06-11 06:00:00+00:00,93.43,93.94,93.15,93.76,5503350
1590,2025-06-11 08:00:00+00:00,93.76,93.95,93.58,93.84,2754024
1591,2025-06-11 10:00:00+00:00,93.84,94.37,93.79,94.1,8061568
1592,2025-06-11 12:00:00+00:00,94.1,94.32,93.9,93.97,2857156
1593,2025-06-11 14:00:00+00:00,93.97,94.13,93.7,94.0,3227386
1594,2025-06-11 16:00:00+00:00,93.99,93.99,93.62,93.62,2594893
1595,2025-06-11 18:00:00+00:00,93.62,93.75,93.5,93.67,1119923
1596,2025-06-11 20:00:00+00:00,93.66,93.67,93.42,93.44,1159914
1597,2025-06-13 02:00:00+00:00,96.4,96.4,96.4,96.4,692021
1598,2025-06-13 04:00:00+00:00,96.36,96.8,95.31,96.1,13592839
1599,2025-06-13 06:00:00+00:00,96.09,96.2,95.42,95.93,9889468
1600,2025-06-13 08:00:00+00:00,95.93,98.0,95.92,97.55,18090985
1601,2025-06-13 10:00:00+00:00,97.55,98.38,97.42,97.86,15498498
1602,2025-06-13 12:00:00+00:00,97.86,98.19,97.7,98.06,5322739
1603,2025-06-13 14:00:00+00:00,98.07,98.11,97.72,97.83,4512733
1604,2025-06-13 16:00:00+00:00,97.83,98.15,97.57,97.93,3949534
1605,2025-06-13 18:00:00+00:00,97.92,98.2,97.81,97.97,3092197
1606,2025-06-13 20:00:00+00:00,97.96,98.18,97.9,98.12,1244438
1607,2025-06-14 06:00:00+00:00,98.15,98.87,98.15,98.49,2632547
1608,2025-06-14 08:00:00+00:00,98.49,98.59,98.26,98.54,1269674
1609,2025-06-14 10:00:00+00:00,98.54,98.58,98.42,98.49,613922
1610,2025-06-14 12:00:00+00:00,98.49,98.59,98.45,98.54,649040
1611,2025-06-14 14:00:00+00:00,98.54,98.58,98.42,98.55,666171
1612,2025-06-15 06:00:00+00:00,98.76,99.27,98.36,98.63,5499817
1613,2025-06-15 08:00:00+00:00,98.63,98.83,98.5,98.67,1368910
1614,2025-06-15 10:00:00+00:00,98.71,98.83,98.58,98.81,891343
1615,2025-06-15 12:00:00+00:00,98.8,99.29,98.78,99.1,3192429
1616,2025-06-15 14:00:00+00:00,99.11,99.42,99.02,99.18,1976341
1617,2025-06-16 02:00:00+00:00,99.2,99.2,99.2,99.2,78833
1618,2025-06-16 04:00:00+00:00,99.2,99.33,98.55,98.85,4944276
1620,2025-06-16 08:00:00+00:00,97.24,97.25,96.6,97.0,13936744
1621,2025-06-16 10:00:00+00:00,97.0,97.4,96.85,97.08,6935932
1622,2025-06-16 12:00:00+00:00,97.08,97.26,96.05,96.19,13571077
1623,2025-06-16 14:00:00+00:00,96.19,96.99,96.14,96.7,6166115
1624,2025-06-16 16:00:00+00:00,96.7,96.92,96.02,96.57,5896917
1625,2025-06-16 18:00:00+00:00,96.56,96.73,96.51,96.6,995370
1626,2025-06-16 20:00:00+00:00,96.6,96.77,96.4,96.69,1009462
1627,2025-06-17 02:00:00+00:00,96.69,96.69,96.69,96.69,13660
1628,2025-06-17 04:00:00+00:00,96.7,97.0,96.3,96.77,2241158
1629,2025-06-17 06:00:00+00:00,96.77,97.2,96.6,97.07,7498481
1630,2025-06-17 08:00:00+00:00,97.11,97.69,96.99,97.55,11082164
1631,2025-06-17 10:00:00+00:00,97.55,97.69,97.14,97.28,4980955
1632,2025-06-17 12:00:00+00:00,97.27,97.79,97.23,97.78,3851955
1633,2025-06-17 14:00:00+00:00,97.78,98.48,97.6,98.45,10466336
1634,2025-06-17 16:00:00+00:00,98.43,98.65,97.83,98.17,5203595
1635,2025-06-17 18:00:00+00:00,98.17,98.38,97.6,97.88,3734684
1636,2025-06-17 20:00:00+00:00,97.85,97.92,97.61,97.85,960011
1637,2025-06-18 02:00:00+00:00,98.1,98.1,98.1,98.1,10933
1638,2025-06-18 04:00:00+00:00,98.1,98.16,97.6,98.0,1438502
1639,2025-06-18 06:00:00+00:00,98.0,98.56,96.9,97.39,12346671
1640,2025-06-18 08:00:00+00:00,97.39,97.8,97.26,97.72,5238200
1641,2025-06-18 10:00:00+00:00,97.72,98.07,97.51,98.06,4356772
1642,2025-06-18 12:00:00+00:00,98.07,98.09,97.21,97.66,6692464
1643,2025-06-18 14:00:00+00:00,97.66,97.69,97.11,97.39,4791787
1644,2025-06-18 16:00:00+00:00,97.39,97.65,97.1,97.41,2892106
1645,2025-06-18 18:00:00+00:00,97.4,97.6,97.31,97.39,939554
1646,2025-06-18 20:00:00+00:00,97.39,97.46,97.29,97.37,432940
1647,2025-06-19 02:00:00+00:00,97.61,97.61,97.61,97.61,3886
1648,2025-06-19 04:00:00+00:00,97.61,97.77,97.39,97.67,1297710
1649,2025-06-19 06:00:00+00:00,97.67,97.98,97.62,97.92,4778144
1650,2025-06-19 08:00:00+00:00,97.92,98.05,97.41,97.5,5771932
1651,2025-06-19 10:00:00+00:00,97.49,97.64,97.0,97.5,6992466
1653,2025-06-19 14:00:00+00:00,98.18,98.6,97.83,98.01,12285258
1654,2025-06-19 16:00:00+00:00,98.0,98.24,97.77,97.85,4288379
1655,2025-06-19 18:00:00+00:00,97.82,98.12,97.72,97.91,2144473
1656,2025-06-19 20:00:00+00:00,97.91,98.09,97.85,97.97,1059165
1657,2025-06-20 02:00:00+00:00,98.0,98.0,98.0,98.0,11401
1658,2025-06-20 04:00:00+00:00,98.04,98.39,98.0,98.12,1484433
1659,2025-06-20 06:00:00+00:00,98.12,98.45,97.86,98.23,6876762
1660,2025-06-20 08:00:00+00:00,98.24,99.25,98.18,99.25,18707657
1663,2025-06-20 14:00:00+00:00,101.6,101.91,101.03,101.1,17722649
1664,2025-06-20 16:00:00+00:00,101.12,101.49,100.81,101.21,8285911
1665,2025-06-20 18:00:00+00:00,101.21,101.75,101.15,101.61,5078658
1666,2025-06-20 20:00:00+00:00,101.61,101.79,101.4,101.75,2784512
1667,2025-06-23 02:00:00+00:00,102.42,102.42,102.42,102.42,148740
1668,2025-06-23 04:00:00+00:00,102.42,103.62,101.84,102.87,14360770
1669,2025-06-23 06:00:00+00:00,102.85,103.3,101.8,102.25,19079997
1670,2025-06-23 08:00:00+00:00,102.25,102.72,101.89,102.64,14477487
1671,2025-06-23 10:00:00+00:00,102.64,103.0,102.1,103.0,10619967
1673,2025-06-23 14:00:00+00:00,104.25,104.62,103.94,104.54,18860480
1674,2025-06-23 16:00:00+00:00,104.55,104.95,103.71,103.91,14662355
1675,2025-06-23 18:00:00+00:00,103.91,104.65,103.73,104.37,5859818
1676,2025-06-23 20:00:00+00:00,104.39,104.47,104.0,104.23,2238262
1677,2025-06-24 02:00:00+00:00,104.5,104.5,104.5,104.5,39626
1678,2025-06-24 04:00:00+00:00,104.49,105.95,104.4,105.35,13016450
1680,2025-06-24 08:00:00+00:00,104.84,105.85,104.71,105.82,13410950
1682,2025-06-24 12:00:00+00:00,105.73,106.4,105.17,106.16,12928319
1683,2025-06-24 14:00:00+00:00,106.16,106.35,105.7,105.9,8418037
1684,2025-06-24 16:00:00+00:00,105.8,106.3,105.8,106.17,4938141
1685,2025-06-24 18:00:00+00:00,106.17,106.3,105.81,106.19,4153052
1686,2025-06-24 20:00:00+00:00,106.2,106.46,106.15,106.45,2092140
1687,2025-06-25 02:00:00+00:00,106.66,106.66,106.66,106.66,55151
1688,2025-06-25 04:00:00+00:00,106.65,106.69,105.52,105.87,7203872
1689,2025-06-25 06:00:00+00:00,105.9,106.34,105.18,105.79,12280614
1690,2025-06-25 08:00:00+00:00,105.8,105.8,105.06,105.7,8478238
1691,2025-06-25 10:00:00+00:00,105.7,106.09,105.56,105.88,6604547
1692,2025-06-25 12:00:00+00:00,105.88,106.0,105.2,105.38,4023153
1693,2025-06-25 14:00:00+00:00,105.37,105.99,105.1,105.45,8282173
1694,2025-06-25 16:00:00+00:00,105.45,105.73,105.04,105.55,3102006
1696,2025-06-25 20:00:00+00:00,107.3,107.58,107.08,107.48,5151030
1697,2025-06-26 02:00:00+00:00,107.48,107.48,107.48,107.48,190372
1698,2025-06-26 04:00:00+00:00,107.49,107.76,106.61,107.31,8632236
1699,2025-06-26 06:00:00+00:00,107.31,107.45,106.18,106.49,13927556
1700,2025-06-26 08:00:00+00:00,106.5,106.92,106.04,106.7,12337901
1701,2025-06-26 10:00:00+00:00,106.7,107.2,106.69,107.16,8391365
1702,2025-06-26 12:00:00+00:00,107.17,107.2,106.2,106.63,10535166
1703,2025-06-26 14:00:00+00:00,106.63,106.97,106.4,106.45,3763596
1704,2025-06-26 16:00:00+00:00,106.46,106.84,106.37,106.73,2710267
1705,2025-06-26 18:00:00+00:00,106.7,106.73,106.29,106.6,2636952
1706,2025-06-26 20:00:00+00:00,106.6,106.62,106.42,106.46,1252956
1707,2025-06-27 02:00:00+00:00,106.77,106.77,106.77,106.77,70601
1708,2025-06-27 04:00:00+00:00,106.74,106.75,106.23,106.36,2034147
1709,2025-06-27 06:00:00+00:00,106.36,106.7,106.28,106.5,5079973
1710,2025-06-27 08:00:00+00:00,106.48,106.85,106.16,106.75,8703869
1711,2025-06-27 10:00:00+00:00,106.74,106.9,106.36,106.49,6182908
1712,2025-06-27 12:00:00+00:00,106.5,106.73,106.19,106.73,8266375
1713,2025-06-27 14:00:00+00:00,106.73,107.13,106.49,106.85,9979502
1714,2025-06-27 16:00:00+00:00,106.87,107.11,106.8,106.93,2618248
1715,2025-06-27 18:00:00+00:00,106.93,106.94,106.71,106.86,2192498
1716,2025-06-27 20:00:00+00:00,106.86,106.95,106.74,106.75,1375400
1717,2025-06-28 06:00:00+00:00,106.96,107.27,106.88,107.09,1627448
1718,2025-06-28 08:00:00+00:00,107.08,107.23,107.07,107.19,847836
1719,2025-06-28 10:00:00+00:00,107.19,107.23,107.15,107.17,606342
1720,2025-06-28 12:00:00+00:00,107.17,107.21,107.11,107.15,547594
1721,2025-06-28 14:00:00+00:00,107.15,107.21,107.04,107.13,576569
1722,2025-06-29 06:00:00+00:00,107.14,107.45,107.14,107.39,1018483
1723,2025-06-29 08:00:00+00:00,107.39,107.44,107.27,107.33,743501
1724,2025-06-29 10:00:00+00:00,107.35,107.4,107.26,107.34,879136
1725,2025-06-29 12:00:00+00:00,107.34,107.77,107.25,107.41,3748667
1726,2025-06-29 14:00:00+00:00,107.41,107.5,107.2,107.28,2230269
1727,2025-06-30 02:00:00+00:00,107.3,107.3,107.3,107.3,17173
1728,2025-06-30 04:00:00+00:00,107.35,107.6,106.83,107.1,5708422
1731,2025-06-30 10:00:00+00:00,105.96,106.85,105.64,105.99,15858078
1732,2025-06-30 12:00:00+00:00,105.99,106.63,105.68,106.41,8120674
1733,2025-06-30 14:00:00+00:00,106.41,106.63,106.1,106.47,5298649
1734,2025-06-30 16:00:00+00:00,106.47,106.58,105.97,106.16,4182478
1735,2025-06-30 18:00:00+00:00,106.16,106.33,106.0,106.21,1859075
1736,2025-06-30 20:00:00+00:00,106.21,106.24,106.1,106.22,833393
1737,2025-07-01 02:00:00+00:00,106.22,106.22,106.22,106.22,23346
1738,2025-07-01 04:00:00+00:00,106.21,106.8,105.8,106.49,4064823
1739,2025-07-01 06:00:00+00:00,106.48,106.97,105.75,106.17,14541274
1740,2025-07-01 08:00:00+00:00,106.18,106.2,105.5,105.9,16135363
1741,2025-07-01 10:00:00+00:00,105.89,105.9,105.56,105.8,5209973
1742,2025-07-01 12:00:00+00:00,105.8,106.15,105.42,105.79,8160963
1744,2025-07-01 16:00:00+00:00,104.9,105.75,104.65,105.54,15505415
1745,2025-07-01 18:00:00+00:00,105.54,105.6,104.49,104.75,10280514
1746,2025-07-01 20:00:00+00:00,104.74,104.9,104.46,104.69,3380499
1747,2025-07-02 02:00:00+00:00,105.0,105.0,105.0,105.0,73223
1748,2025-07-02 04:00:00+00:00,105.0,105.16,103.61,103.88,14526424
1751,2025-07-02 10:00:00+00:00,102.3,103.16,102.04,102.95,19346047
1752,2025-07-02 12:00:00+00:00,102.97,103.26,102.71,102.91,10501892
1753,2025-07-02 14:00:00+00:00,102.92,103.1,102.31,102.6,8252679
1754,2025-07-02 16:00:00+00:00,103.1,103.68,102.56,102.58,19123238
1755,2025-07-02 18:00:00+00:00,102.58,102.68,101.8,102.49,11849030
1756,2025-07-02 20:00:00+00:00,102.45,102.6,102.2,102.57,1662101
1757,2025-07-03 02:00:00+00:00,102.61,102.61,102.61,102.61,22252
1758,2025-07-03 04:00:00+00:00,102.61,103.13,102.6,102.9,3789313
1759,2025-07-03 06:00:00+00:00,102.89,102.89,102.12,102.43,7612313
1760,2025-07-03 08:00:00+00:00,102.43,102.56,101.9,102.03,12906493
1761,2025-07-03 10:00:00+00:00,102.02,102.19,101.38,101.83,16260739
1762,2025-07-03 12:00:00+00:00,101.84,102.14,101.33,102.0,13845664
1763,2025-07-03 14:00:00+00:00,102.0,102.11,101.5,101.63,5923253
1765,2025-07-03 18:00:00+00:00,100.09,100.69,99.86,100.15,11969597
1766,2025-07-03 20:00:00+00:00,100.16,100.38,99.63,99.94,5669716
1767,2025-07-04 02:00:00+00:00,99.86,99.86,99.86,99.86,52111
1769,2025-07-04 06:00:00+00:00,98.68,99.92,98.65,99.4,16931294
1770,2025-07-04 08:00:00+00:00,99.36,99.86,98.62,99.25,11579250
1771,2025-07-04 10:00:00+00:00,99.25,100.19,98.94,100.02,12205045
1772,2025-07-04 12:00:00+00:00,100.04,100.79,99.48,100.32,15314737
1773,2025-07-04 14:00:00+00:00,100.32,100.96,99.86,100.32,8797605
1774,2025-07-04 16:00:00+00:00,100.35,100.47,98.91,99.1,12990248
1775,2025-07-04 18:00:00+00:00,99.1,99.55,99.04,99.48,4044991
1776,2025-07-04 20:00:00+00:00,99.49,99.62,99.29,99.38,2500933
1777,2025-07-05 06:00:00+00:00,99.55,99.67,99.3,99.58,874334
1778,2025-07-05 08:00:00+00:00,99.58,99.59,99.31,99.52,770889
1779,2025-07-05 10:00:00+00:00,99.52,99.54,99.36,99.49,637002
1780,2025-07-05 12:00:00+00:00,99.49,99.53,99.35,99.44,477094
1781,2025-07-05 14:00:00+00:00,99.44,99.52,99.34,99.39,641476
1782,2025-07-06 06:00:00+00:00,99.41,99.6,99.09,99.33,1170770
1783,2025-07-06 08:00:00+00:00,99.33,99.35,99.23,99.32,613784
1784,2025-07-06 10:00:00+00:00,99.32,99.53,99.25,99.5,1128749
1785,2025-07-06 12:00:00+00:00,99.5,99.7,99.4,99.69,1087189
1786,2025-07-06 14:00:00+00:00,99.7,100.79,99.66,100.15,6343034
1787,2025-07-07 02:00:00+00:00,100.47,100.47,100.47,100.47,45212
1788,2025-07-07 04:00:00+00:00,100.44,100.47,98.7,99.18,9196743
1789,2025-07-07 06:00:00+00:00,99.17,99.66,98.9,99.48,8841118
1790,2025-07-07 08:00:00+00:00,99.47,99.47,98.31,98.6,17330489
1791,2025-07-07 10:00:00+00:00,98.59,98.6,97.62,98.39,18577405
1792,2025-07-07 12:00:00+00:00,98.38,98.48,97.74,97.84,6298005
1793,2025-07-07 14:00:00+00:00,97.84,97.99,96.7,97.15,20046890
1794,2025-07-07 16:00:00+00:00,97.09,97.14,96.55,96.84,15526847
1795,2025-07-07 18:00:00+00:00,96.84,96.9,96.27,96.9,9643228
1796,2025-07-07 20:00:00+00:00,96.9,96.9,96.51,96.6,1877219
1797,2025-07-08 02:00:00+00:00,96.2,96.2,96.2,96.2,95322
1800,2025-07-08 08:00:00+00:00,96.26,96.56,95.7,96.13,16215899
1801,2025-07-08 10:00:00+00:00,96.13,96.17,95.55,95.63,9706196
1802,2025-07-08 12:00:00+00:00,95.64,96.25,95.57,96.19,12266280
1803,2025-07-08 14:00:00+00:00,96.18,97.48,96.08,96.94,19015705
1805,2025-07-08 18:00:00+00:00,94.82,95.15,94.51,94.79,9263847
1806,2025-07-08 20:00:00+00:00,94.79,94.79,94.03,94.38,8149851
1807,2025-07-09 02:00:00+00:00,94.5,94.5,94.5,94.5,91134
1808,2025-07-09 04:00:00+00:00,94.51,95.37,94.22,94.49,8551895
1810,2025-07-09 08:00:00+00:00,95.45,95.76,94.81,94.91,12175172
1811,2025-07-09 10:00:00+00:00,94.91,95.48,94.76,95.28,8572355
1812,2025-07-09 12:00:00+00:00,95.25,95.6,94.55,94.81,12532503
1814,2025-07-09 16:00:00+00:00,93.4,94.06,93.1,93.31,14604240
1815,2025-07-09 18:00:00+00:00,93.31,94.58,93.24,94.36,8768512
1816,2025-07-09 20:00:00+00:00,94.35,94.54,94.16,94.45,3249701
1817,2025-07-10 02:00:00+00:00,93.05,93.05,93.05,93.05,3308282
1818,2025-07-10 04:00:00+00:00,93.09,94.29,93.06,93.61,15142146
1819,2025-07-10 06:00:00+00:00,93.61,94.36,93.6,94.0,15709255
1820,2025-07-10 08:00:00+00:00,93.99,94.14,93.4,93.79,18378448
1821,2025-07-10 10:00:00+00:00,93.78,93.89,93.6,93.75,16501657
1824,2025-07-10 16:00:00+00:00,93.98,94.29,93.6,93.74,10682697
1825,2025-07-10 18:00:00+00:00,93.73,93.85,93.39,93.68,12963395
1826,2025-07-10 20:00:00+00:00,93.68,93.71,93.23,93.46,14854569
1832,2025-07-12 06:00:00+00:00,72.79,74.02,72.6,73.69,5293643
1833,2025-07-12 08:00:00+00:00,73.66,74.0,73.58,73.79,4243443
1834,2025-07-12 10:00:00+00:00,73.79,73.83,73.44,73.57,2273486
1835,2025-07-12 12:00:00+00:00,73.57,73.61,73.3,73.43,1853247
1836,2025-07-12 14:00:00+00:00,73.43,73.55,73.15,73.29,2294985
1837,2025-07-13 06:00:00+00:00,73.55,73.59,73.2,73.28,1357282
1838,2025-07-13 08:00:00+00:00,73.28,73.35,72.41,72.59,5417687
1839,2025-07-13 10:00:00+00:00,72.59,72.75,72.22,72.52,2115889
1840,2025-07-13 12:00:00+00:00,72.52,72.65,72.33,72.5,1093427
1841,2025-07-13 14:00:00+00:00,72.5,72.84,72.47,72.8,1683724
1842,2025-07-14 02:00:00+00:00,72.68,72.68,72.68,72.68,101414
1843,2025-07-14 04:00:00+00:00,72.67,72.77,71.79,72.4,9641368
1846,2025-07-14 10:00:00+00:00,72.15,72.49,71.84,72.42,13430888
1847,2025-07-14 12:00:00+00:00,72.42,72.9,72.36,72.6,10610502
1850,2025-07-14 18:00:00+00:00,74.66,75.2,74.51,75.12,7050308
1851,2025-07-14 20:00:00+00:00,75.12,75.16,74.8,74.91,2336483
1852,2025-07-15 02:00:00+00:00,75.07,75.07,75.07,75.07,8777
1853,2025-07-15 04:00:00+00:00,75.07,76.95,74.81,76.42,18229973
1855,2025-07-15 08:00:00+00:00,76.06,76.58,75.91,76.45,15162280
1856,2025-07-15 10:00:00+00:00,76.45,76.84,76.2,76.5,17029271
1859,2025-07-15 16:00:00+00:00,78.26,78.81,78.15,78.68,11661975
1860,2025-07-15 18:00:00+00:00,78.67,78.78,78.46,78.58,4984712
1861,2025-07-15 20:00:00+00:00,78.58,78.92,78.55,78.85,3371750
1862,2025-07-16 02:00:00+00:00,79.0,79.0,79.0,79.0,241569
1866,2025-07-16 10:00:00+00:00,79.95,80.09,79.41,79.54,14511757
1867,2025-07-16 12:00:00+00:00,79.54,79.67,79.08,79.6,11859707
1868,2025-07-16 14:00:00+00:00,79.6,79.74,79.42,79.5,7012797
1869,2025-07-16 16:00:00+00:00,79.67,80.29,79.61,79.93,12035502
1870,2025-07-16 18:00:00+00:00,79.94,79.96,79.52,79.65,3760392
1871,2025-07-16 20:00:00+00:00,79.64,79.68,79.34,79.38,2118456
1872,2025-07-17 02:00:00+00:00,79.6,79.6,79.6,79.6,35712
1873,2025-07-17 04:00:00+00:00,79.62,80.3,79.5,79.78,7720937
1874,2025-07-17 06:00:00+00:00,79.8,80.24,79.75,80.1,11761457
1875,2025-07-17 08:00:00+00:00,80.11,80.15,79.82,79.93,6945190
1877,2025-07-17 12:00:00+00:00,78.78,78.87,78.26,78.63,11005119
1878,2025-07-17 14:00:00+00:00,78.63,78.9,77.85,78.33,11669580
1879,2025-07-17 16:00:00+00:00,78.34,78.35,77.18,78.13,15390925
1880,2025-07-17 18:00:00+00:00,78.12,78.24,77.67,77.98,5943612
1881,2025-07-17 20:00:00+00:00,77.97,78.11,77.83,78.02,1742747
1882,2025-07-18 02:00:00+00:00,78.02,78.02,78.02,78.02,76578
1883,2025-07-18 04:00:00+00:00,78.02,78.96,78.0,78.47,6642955
1884,2025-07-18 06:00:00+00:00,78.46,79.31,78.03,79.0,14005239
1885,2025-07-18 08:00:00+00:00,79.0,79.78,78.95,79.33,14876738
1886,2025-07-18 10:00:00+00:00,79.33,79.7,79.12,79.32,6822760
1887,2025-07-18 12:00:00+00:00,79.32,80.08,79.1,79.95,10080176
1888,2025-07-18 14:00:00+00:00,79.94,80.19,79.79,80.0,8313041
1889,2025-07-18 16:00:00+00:00,80.04,80.6,79.95,80.46,10385953
1890,2025-07-18 18:00:00+00:00,80.45,80.73,80.2,80.73,3795419
1891,2025-07-18 20:00:00+00:00,80.72,81.25,80.55,81.0,5457334
1892,2025-07-19 06:00:00+00:00,81.35,82.96,81.3,82.6,13009403
1893,2025-07-19 08:00:00+00:00,82.61,82.88,82.17,82.4,8484793
1894,2025-07-19 10:00:00+00:00,82.4,82.59,82.25,82.47,2751444
1895,2025-07-19 12:00:00+00:00,82.45,82.59,82.35,82.53,1485392
1896,2025-07-19 14:00:00+00:00,82.55,82.8,82.48,82.76,3292202
1897,2025-07-20 06:00:00+00:00,83.35,83.45,82.83,82.88,5634190
1898,2025-07-20 08:00:00+00:00,82.86,83.08,82.32,82.73,5524845
1899,2025-07-20 10:00:00+00:00,82.73,82.88,82.51,82.83,1909846
1900,2025-07-20 12:00:00+00:00,82.82,83.0,82.64,82.97,2709983
1901,2025-07-20 14:00:00+00:00,82.97,83.04,82.66,82.9,2947804
1902,2025-07-21 02:00:00+00:00,82.9,82.9,82.9,82.9,112252
1903,2025-07-21 04:00:00+00:00,82.9,83.48,82.51,83.3,10505900
1905,2025-07-21 08:00:00+00:00,81.61,82.32,81.5,82.32,12730884
1906,2025-07-21 10:00:00+00:00,82.32,82.52,81.71,82.11,9172511
1907,2025-07-21 12:00:00+00:00,82.12,82.15,81.75,81.92,5028560
1908,2025-07-21 14:00:00+00:00,81.91,82.31,81.8,82.11,5785518
1909,2025-07-21 16:00:00+00:00,82.11,82.17,81.73,81.99,3533192
1910,2025-07-21 18:00:00+00:00,82.0,82.14,81.92,81.95,1279561
1911,2025-07-21 20:00:00+00:00,81.95,82.06,81.93,82.05,698136
1912,2025-07-22 02:00:00+00:00,82.24,82.24,82.24,82.24,19962
1913,2025-07-22 04:00:00+00:00,82.1,82.32,81.53,81.67,3775154
1914,2025-07-22 06:00:00+00:00,81.67,82.09,81.56,81.65,5469570
1915,2025-07-22 08:00:00+00:00,81.65,81.79,81.22,81.76,8770304
1916,2025-07-22 10:00:00+00:00,81.77,82.28,81.72,81.93,8928776
1917,2025-07-22 12:00:00+00:00,81.91,82.72,81.91,82.57,7532552
1918,2025-07-22 14:00:00+00:00,82.57,82.67,82.0,82.36,5638364
1919,2025-07-22 16:00:00+00:00,82.49,82.64,82.26,82.52,2900289
1920,2025-07-22 18:00:00+00:00,82.52,82.52,82.38,82.43,868665
1921,2025-07-22 20:00:00+00:00,82.43,82.57,82.43,82.51,774295
1922,2025-07-23 02:00:00+00:00,82.51,82.51,82.51,82.51,23977
1923,2025-07-23 04:00:00+00:00,82.51,82.97,82.26,82.26,4652204
1924,2025-07-23 06:00:00+00:00,82.29,82.9,82.27,82.84,7093059
1925,2025-07-23 08:00:00+00:00,82.84,82.97,82.7,82.84,9613642
1926,2025-07-23 10:00:00+00:00,82.84,82.94,82.71,82.86,5910106
1927,2025-07-23 12:00:00+00:00,82.86,82.88,82.21,82.34,8620795
1928,2025-07-23 14:00:00+00:00,82.34,82.84,82.12,82.77,6617806
1929,2025-07-23 16:00:00+00:00,82.9,83.0,82.53,82.75,9776659
1930,2025-07-23 18:00:00+00:00,82.76,82.85,82.35,82.63,4512836
1931,2025-07-23 20:00:00+00:00,82.64,82.65,82.53,82.6,1013571
1932,2025-07-24 02:00:00+00:00,82.73,82.73,82.73,82.73,14372
1933,2025-07-24 04:00:00+00:00,82.74,82.84,82.53,82.67,2098852
1934,2025-07-24 06:00:00+00:00,82.67,83.15,82.21,82.34,13247751
1935,2025-07-24 08:00:00+00:00,82.34,82.55,81.77,82.41,16397323
1936,2025-07-24 10:00:00+00:00,82.41,82.6,82.31,82.48,5741097
1937,2025-07-24 12:00:00+00:00,82.48,82.58,82.03,82.16,5674361
1938,2025-07-24 14:00:00+00:00,82.16,82.31,82.05,82.15,2576545
1939,2025-07-24 16:00:00+00:00,82.08,82.39,82.05,82.12,2862703
1940,2025-07-24 18:00:00+00:00,82.13,82.36,82.12,82.16,1933405
1941,2025-07-24 20:00:00+00:00,82.18,82.35,82.15,82.28,792304
1942,2025-07-25 02:00:00+00:00,82.4,82.4,82.4,82.4,10883
1943,2025-07-25 04:00:00+00:00,82.41,82.59,82.26,82.38,2261294
1944,2025-07-25 06:00:00+00:00,82.37,82.5,82.11,82.41,4806602
1945,2025-07-25 08:00:00+00:00,82.41,82.66,82.3,82.5,8447940
1948,2025-07-25 14:00:00+00:00,83.33,83.41,82.62,83.01,14846391
1949,2025-07-25 16:00:00+00:00,83.0,83.65,82.95,83.42,9629971
1950,2025-07-25 18:00:00+00:00,83.4,83.65,83.28,83.57,4323299
1951,2025-07-25 20:00:00+00:00,83.56,83.65,83.47,83.6,2010828
1952,2025-07-26 06:00:00+00:00,83.7,83.95,83.58,83.72,2342464
1953,2025-07-26 08:00:00+00:00,83.72,83.81,83.56,83.6,925287
1954,2025-07-26 10:00:00+00:00,83.6,83.61,83.28,83.41,1400415
1955,2025-07-26 12:00:00+00:00,83.41,83.57,83.35,83.54,674225
1956,2025-07-26 14:00:00+00:00,83.54,83.54,83.34,83.46,869238
1957,2025-07-27 06:00:00+00:00,83.5,83.63,83.23,83.31,1533159
1958,2025-07-27 08:00:00+00:00,83.3,83.37,82.97,83.33,1569530
1959,2025-07-27 10:00:00+00:00,83.33,83.41,83.25,83.38,577216
1960,2025-07-27 12:00:00+00:00,83.39,83.42,83.13,83.3,700106
1961,2025-07-27 14:00:00+00:00,83.3,83.33,83.2,83.3,865830
1962,2025-07-28 02:00:00+00:00,83.41,83.41,83.41,83.41,35390
1963,2025-07-28 04:00:00+00:00,83.4,83.59,82.8,83.59,4541547
1964,2025-07-28 06:00:00+00:00,83.59,83.6,81.86,82.06,19473144
1965,2025-07-28 08:00:00+00:00,82.08,82.69,81.89,82.29,15800572
1969,2025-07-28 16:00:00+00:00,79.48,79.99,79.48,79.78,11274264
1970,2025-07-28 18:00:00+00:00,79.78,79.88,79.16,79.39,6859770
1971,2025-07-28 20:00:00+00:00,79.39,79.8,79.33,79.59,3313729
1972,2025-07-29 02:00:00+00:00,79.6,79.6,79.6,79.6,23404
1973,2025-07-29 04:00:00+00:00,79.7,79.94,78.83,79.35,7767082
1976,2025-07-29 10:00:00+00:00,79.14,79.8,78.91,79.57,13607043
1977,2025-07-29 12:00:00+00:00,79.58,80.23,79.12,79.5,19516728
1978,2025-07-29 14:00:00+00:00,79.5,79.86,79.33,79.4,7086493
1979,2025-07-29 16:00:00+00:00,79.35,79.57,78.34,78.41,13780259
1980,2025-07-29 18:00:00+00:00,78.38,79.0,78.23,78.77,14069524
1981,2025-07-29 20:00:00+00:00,78.77,79.08,78.6,78.72,2467250
1982,2025-07-30 02:00:00+00:00,78.71,78.71,78.71,78.71,11332
1983,2025-07-30 04:00:00+00:00,78.7,79.09,78.07,78.75,6304900
1984,2025-07-30 06:00:00+00:00,78.77,79.49,78.42,79.04,14524835
1985,2025-07-30 08:00:00+00:00,79.04,79.15,78.5,78.74,6526674
1986,2025-07-30 10:00:00+00:00,78.74,78.82,78.31,78.55,4102784
1987,2025-07-30 12:00:00+00:00,78.56,78.65,77.77,78.25,11383706
1988,2025-07-30 14:00:00+00:00,78.24,78.64,78.2,78.44,4315529
1989,2025-07-30 16:00:00+00:00,78.46,78.51,78.13,78.3,2658704
1990,2025-07-30 18:00:00+00:00,78.29,78.36,78.08,78.26,2019223
1991,2025-07-30 20:00:00+00:00,78.26,78.3,78.17,78.19,941638
1992,2025-07-31 02:00:00+00:00,77.96,77.96,77.96,77.96,103297
1993,2025-07-31 04:00:00+00:00,77.97,78.76,77.7,78.75,3983785
1998,2025-07-31 14:00:00+00:00,78.0,78.0,77.48,77.8,10522389
1999,2025-07-31 16:00:00+00:00,77.8,77.98,77.67,77.73,6799180
2000,2025-07-31 18:00:00+00:00,77.71,77.88,77.63,77.87,3995819
2001,2025-07-31 20:00:00+00:00,77.87,77.89,77.71,77.77,1160929
2002,2025-08-01 02:00:00+00:00,78.0,78.0,78.0,78.0,66846
2003,2025-08-01 04:00:00+00:00,78.01,78.5,77.81,78.28,9564239
2004,2025-08-01 06:00:00+00:00,78.27,78.5,77.9,78.15,9237044
2005,2025-08-01 08:00:00+00:00,78.16,78.26,77.41,77.65,9857896
2007,2025-08-01 12:00:00+00:00,76.55,77.13,76.49,76.92,9092379
2008,2025-08-01 14:00:00+00:00,76.91,77.12,76.7,76.88,5555851
2009,2025-08-01 16:00:00+00:00,76.88,76.96,76.26,76.68,7894395
2010,2025-08-01 18:00:00+00:00,76.68,76.77,76.53,76.68,2179743
2011,2025-08-01 20:00:00+00:00,76.68,76.73,76.6,76.68,1777959
2012,2025-08-04 02:00:00+00:00,76.68,76.68,76.68,76.68,53946
2013,2025-08-04 04:00:00+00:00,76.68,76.94,76.25,76.49,5134135
2014,2025-08-04 06:00:00+00:00,76.49,76.5,75.86,76.13,10265575
2015,2025-08-04 08:00:00+00:00,76.12,76.59,75.95,76.57,9632457
2016,2025-08-04 10:00:00+00:00,76.57,76.78,76.27,76.3,9117032
2017,2025-08-04 12:00:00+00:00,76.29,76.68,76.25,76.51,5404087
2018,2025-08-04 14:00:00+00:00,76.51,76.93,76.27,76.7,7296507
2019,2025-08-04 16:00:00+00:00,76.7,76.83,76.45,76.68,3500097
2020,2025-08-04 18:00:00+00:00,76.68,76.74,76.48,76.64,3184549
2021,2025-08-04 20:00:00+00:00,76.65,76.66,76.55,76.62,843961
2022,2025-08-05 02:00:00+00:00,76.91,76.91,76.91,76.91,60447
2023,2025-08-05 04:00:00+00:00,76.9,76.9,76.29,76.54,3590008
2024,2025-08-05 06:00:00+00:00,76.57,76.79,76.49,76.57,4123731
2025,2025-08-05 08:00:00+00:00,76.57,76.58,75.96,76.02,8084616
2026,2025-08-05 10:00:00+00:00,76.02,76.35,76.0,76.2,4984664
2029,2025-08-05 16:00:00+00:00,78.05,78.44,77.9,78.21,7291510
2030,2025-08-05 18:00:00+00:00,78.2,78.93,78.17,78.79,10936415
2031,2025-08-05 20:00:00+00:00,78.79,78.88,78.66,78.85,3170943
2032,2025-08-06 02:00:00+00:00,78.97,78.97,78.97,78.97,72697
2033,2025-08-06 04:00:00+00:00,78.97,79.46,78.68,78.98,12122735
2034,2025-08-06 06:00:00+00:00,78.98,79.21,78.36,78.64,11303536
2035,2025-08-06 08:00:00+00:00,78.65,78.8,78.23,78.6,8784100
2036,2025-08-06 10:00:00+00:00,78.6,78.82,78.27,78.55,4853949
2037,2025-08-06 12:00:00+00:00,78.55,78.75,77.8,77.91,9389185
2038,2025-08-06 14:00:00+00:00,77.91,78.63,77.21,78.04,14863911
2039,2025-08-06 16:00:00+00:00,78.01,79.17,77.72,78.87,17623425
2041,2025-08-06 20:00:00+00:00,79.73,79.85,79.19,79.6,9720633
2042,2025-08-07 02:00:00+00:00,79.96,79.96,79.96,79.96,189983
2043,2025-08-07 04:00:00+00:00,79.95,79.95,79.02,79.67,5709014
2044,2025-08-07 06:00:00+00:00,79.68,79.68,78.82,79.34,9450495
2046,2025-08-07 10:00:00+00:00,80.16,80.25,79.92,80.12,14178376
2047,2025-08-07 12:00:00+00:00,80.12,80.24,79.7,80.1,12904031
2048,2025-08-07 14:00:00+00:00,80.09,80.18,78.96,79.12,16254064
2049,2025-08-07 16:00:00+00:00,79.12,79.48,78.87,78.88,9381127
2050,2025-08-07 18:00:00+00:00,78.89,79.39,78.87,79.27,5427246
2051,2025-08-07 20:00:00+00:00,79.26,79.76,79.07,79.6,5493384
2052,2025-08-08 02:00:00+00:00,79.62,79.62,79.62,79.62,52163
2053,2025-08-08 04:00:00+00:00,79.65,79.84,79.23,79.62,4392588
2054,2025-08-08 06:00:00+00:00,79.59,79.99,79.18,79.23,10770353
2055,2025-08-08 08:00:00+00:00,79.21,79.64,79.2,79.5,8812044
2056,2025-08-08 10:00:00+00:00,79.5,79.87,79.3,79.79,7481092
2057,2025-08-08 12:00:00+00:00,79.79,80.14,79.63,80.06,9595317
2058,2025-08-08 14:00:00+00:00,80.06,80.51,79.74,80.0,18561248
2059,2025-08-08 16:00:00+00:00,80.01,80.16,79.72,79.91,4992334
2060,2025-08-08 18:00:00+00:00,79.91,80.08,79.81,79.84,3172980
2061,2025-08-08 20:00:00+00:00,79.84,80.77,79.8,80.53,16780274
2062,2025-08-11 02:00:00+00:00,81.2,81.2,81.2,81.2,328393
2063,2025-08-11 04:00:00+00:00,81.16,81.45,80.75,81.13,17939633
2065,2025-08-11 08:00:00+00:00,80.86,81.16,80.28,80.56,13861387
2066,2025-08-11 10:00:00+00:00,80.57,80.69,79.84,80.04,12532473
2067,2025-08-11 12:00:00+00:00,80.03,80.58,79.96,80.39,8558328
2068,2025-08-11 14:00:00+00:00,80.4,80.56,79.6,79.61,10450255
2069,2025-08-11 16:00:00+00:00,79.68,79.91,79.0,79.2,11937605
2070,2025-08-11 18:00:00+00:00,79.2,79.64,79.12,79.58,3236146
2071,2025-08-11 20:00:00+00:00,79.58,79.62,79.52,79.52,721764
2072,2025-08-12 02:00:00+00:00,79.52,79.52,79.52,79.52,20150
2073,2025-08-12 04:00:00+00:00,79.53,79.86,78.83,79.35,5984881
2074,2025-08-12 06:00:00+00:00,79.36,80.08,79.36,79.61,7525651
2075,2025-08-12 08:00:00+00:00,79.6,79.74,79.31,79.45,3585531
2076,2025-08-12 10:00:00+00:00,79.44,79.5,79.17,79.18,3326671
2077,2025-08-12 12:00:00+00:00,79.17,79.5,79.07,79.37,5232815
2078,2025-08-12 14:00:00+00:00,79.37,79.69,79.2,79.56,6385744
2079,2025-08-12 16:00:00+00:00,79.55,79.57,79.25,79.51,3258142
2080,2025-08-12 18:00:00+00:00,79.5,79.59,79.31,79.37,1728439
2081,2025-08-12 20:00:00+00:00,79.36,79.5,79.34,79.38,461640
2082,2025-08-13 02:00:00+00:00,79.38,79.38,79.38,79.38,40242
2083,2025-08-13 04:00:00+00:00,79.37,79.64,79.31,79.57,1513122
2084,2025-08-13 06:00:00+00:00,79.54,80.07,79.51,79.54,7311526
2085,2025-08-13 08:00:00+00:00,79.54,79.61,79.2,79.42,5455149
2086,2025-08-13 10:00:00+00:00,79.42,79.46,78.94,79.02,6410611
2087,2025-08-13 12:00:00+00:00,79.02,79.3,78.95,79.23,4120371
2088,2025-08-13 14:00:00+00:00,79.23,79.46,79.11,79.31,2314476
2089,2025-08-13 16:00:00+00:00,79.38,79.44,78.93,79.06,4299728
2090,2025-08-13 18:00:00+00:00,79.06,79.22,78.96,79.05,1336962
2091,2025-08-13 20:00:00+00:00,79.06,79.06,78.9,78.98,1061242
2092,2025-08-14 02:00:00+00:00,78.9,78.9,78.9,78.9,45271
2093,2025-08-14 04:00:00+00:00,78.89,79.38,78.4,79.1,6161898
2094,2025-08-14 06:00:00+00:00,79.07,79.2,78.6,78.84,5226189
2095,2025-08-14 08:00:00+00:00,78.84,79.28,78.67,78.94,6751861
2096,2025-08-14 10:00:00+00:00,78.93,79.5,78.92,79.49,8596054
2097,2025-08-14 12:00:00+00:00,79.5,79.98,79.46,79.91,9425509
2098,2025-08-14 14:00:00+00:00,79.91,79.98,79.47,79.87,5312807
2099,2025-08-14 16:00:00+00:00,79.87,80.33,79.72,80.16,4344503
2100,2025-08-14 18:00:00+00:00,80.16,80.5,80.14,80.25,4719429
2101,2025-08-14 20:00:00+00:00,80.26,80.4,80.15,80.28,927758
2102,2025-08-15 02:00:00+00:00,80.4,80.4,80.4,80.4,21675
2103,2025-08-15 04:00:00+00:00,80.41,80.59,80.11,80.25,2275868
2104,2025-08-15 06:00:00+00:00,80.26,80.29,79.65,80.0,7303403
2105,2025-08-15 08:00:00+00:00,80.0,80.18,79.86,80.05,4257657
2106,2025-08-15 10:00:00+00:00,80.05,80.4,79.91,80.23,5116063
2107,2025-08-15 12:00:00+00:00,80.23,80.24,79.91,80.16,6252257
2108,2025-08-15 14:00:00+00:00,80.16,80.58,80.16,80.45,5232053
2109,2025-08-15 16:00:00+00:00,80.44,80.68,80.35,80.4,4133643
2110,2025-08-15 18:00:00+00:00,80.4,80.52,80.25,80.34,3817259
2111,2025-08-15 20:00:00+00:00,80.34,80.44,80.25,80.28,1687237
2112,2025-08-16 06:00:00+00:00,79.1,79.27,78.0,79.27,7785740
2113,2025-08-16 08:00:00+00:00,79.27,79.31,79.0,79.13,2962280
2114,2025-08-16 10:00:00+00:00,79.13,79.19,78.78,78.87,2126908
2115,2025-08-16 12:00:00+00:00,78.87,79.37,78.8,79.2,2210843
2116,2025-08-16 14:00:00+00:00,79.24,79.24,78.96,79.0,1462574
2117,2025-08-17 06:00:00+00:00,79.19,79.19,79.01,79.13,463062
2118,2025-08-17 08:00:00+00:00,79.14,79.34,79.02,79.14,1030678
2119,2025-08-17 10:00:00+00:00,79.16,79.21,79.01,79.1,728906
2120,2025-08-17 12:00:00+00:00,79.09,79.21,79.07,79.15,526923
2121,2025-08-17 14:00:00+00:00,79.12,79.16,78.8,78.88,1843285
2122,2025-08-18 02:00:00+00:00,79.09,79.09,79.09,79.09,4930
2123,2025-08-18 04:00:00+00:00,79.09,79.92,78.71,79.49,5314527
2124,2025-08-18 06:00:00+00:00,79.47,79.48,79.03,79.19,4511943
2125,2025-08-18 08:00:00+00:00,79.19,79.59,79.06,79.48,4677396
2126,2025-08-18 10:00:00+00:00,79.49,79.71,79.29,79.39,4124739
2127,2025-08-18 12:00:00+00:00,79.39,79.8,79.23,79.51,5722249
2128,2025-08-18 14:00:00+00:00,79.52,79.63,79.2,79.2,3197398
2129,2025-08-18 16:00:00+00:00,79.2,79.51,79.1,79.46,3356832
2130,2025-08-18 18:00:00+00:00,79.45,80.8,79.4,80.06,14785459
2131,2025-08-18 20:00:00+00:00,80.05,80.36,79.9,80.1,2716423
2132,2025-08-19 02:00:00+00:00,80.72,80.72,80.72,80.72,287906
2133,2025-08-19 04:00:00+00:00,80.61,81.08,80.1,80.39,5299144
2134,2025-08-19 06:00:00+00:00,80.39,80.56,79.92,80.16,5768406
2135,2025-08-19 08:00:00+00:00,80.16,80.25,79.89,79.99,5199189
2136,2025-08-19 10:00:00+00:00,79.99,80.23,79.97,80.09,3651267
2137,2025-08-19 12:00:00+00:00,80.09,80.21,79.6,80.07,7082115
2138,2025-08-19 14:00:00+00:00,80.07,80.17,79.47,79.53,4990965
2139,2025-08-19 16:00:00+00:00,79.5,79.64,79.17,79.58,4287071
2140,2025-08-19 18:00:00+00:00,79.58,79.67,79.53,79.53,852690
2141,2025-08-19 20:00:00+00:00,79.52,79.57,79.5,79.51,637647
2142,2025-08-20 02:00:00+00:00,79.63,79.63,79.63,79.63,1542
2143,2025-08-20 04:00:00+00:00,79.62,79.7,79.52,79.68,754251
2144,2025-08-20 06:00:00+00:00,79.67,79.78,79.26,79.26,3106259
2145,2025-08-20 08:00:00+00:00,79.27,79.27,78.74,78.91,9138712
2146,2025-08-20 10:00:00+00:00,78.91,79.14,78.19,78.45,8775845
2147,2025-08-20 12:00:00+00:00,78.44,78.57,77.8,77.88,8374204
2148,2025-08-20 14:00:00+00:00,77.88,78.3,77.8,78.3,3751298
2149,2025-08-20 16:00:00+00:00,78.3,78.35,77.61,77.89,4580456
2150,2025-08-20 18:00:00+00:00,77.89,78.07,77.87,77.99,1648432
2151,2025-08-20 20:00:00+00:00,77.99,78.1,77.93,77.99,690289
2152,2025-08-21 02:00:00+00:00,78.0,78.0,78.0,78.0,13410
2153,2025-08-21 04:00:00+00:00,78.0,78.4,77.89,78.08,1979988
2154,2025-08-21 06:00:00+00:00,78.07,78.3,77.24,77.36,7249375
2155,2025-08-21 08:00:00+00:00,77.35,77.85,77.18,77.81,7343357
2156,2025-08-21 10:00:00+00:00,77.8,77.86,77.3,77.67,5947736
2157,2025-08-21 12:00:00+00:00,77.67,77.78,76.9,76.93,7947022
2158,2025-08-21 14:00:00+00:00,76.94,77.17,76.59,76.6,7582119
2159,2025-08-21 16:00:00+00:00,76.57,76.95,76.57,76.89,3321930
2160,2025-08-21 18:00:00+00:00,76.89,76.89,76.41,76.44,3265496
2161,2025-08-21 20:00:00+00:00,76.43,76.7,76.4,76.63,1127082
2162,2025-08-22 02:00:00+00:00,76.8,76.8,76.8,76.8,7010
2163,2025-08-22 04:00:00+00:00,76.77,76.82,76.1,76.74,3005230
2164,2025-08-22 06:00:00+00:00,76.75,77.39,76.57,76.71,6426682
2165,2025-08-22 08:00:00+00:00,76.71,77.4,76.66,77.13,4699372
2166,2025-08-22 10:00:00+00:00,77.13,77.52,77.08,77.38,4357381
2167,2025-08-22 12:00:00+00:00,77.38,77.43,76.55,76.81,5178629
2168,2025-08-22 14:00:00+00:00,76.81,77.05,76.75,77.0,1854182
2169,2025-08-22 16:00:00+00:00,77.0,77.19,76.86,77.01,1403884
2170,2025-08-22 18:00:00+00:00,77.0,77.14,76.92,77.0,1113490
2171,2025-08-22 20:00:00+00:00,76.99,77.0,76.91,76.98,361918
2172,2025-08-23 06:00:00+00:00,77.05,77.2,77.03,77.2,329417
2173,2025-08-23 08:00:00+00:00,77.2,77.3,77.12,77.19,287125
2174,2025-08-23 10:00:00+00:00,77.18,77.2,77.1,77.15,174416
2175,2025-08-23 12:00:00+00:00,77.16,77.16,77.06,77.1,209671
2176,2025-08-23 14:00:00+00:00,77.11,77.12,77.01,77.03,285161
2177,2025-08-24 06:00:00+00:00,77.1,77.21,77.0,77.06,270117
2178,2025-08-24 08:00:00+00:00,77.09,77.15,76.95,77.03,331874
2179,2025-08-24 10:00:00+00:00,77.03,77.06,76.91,77.03,251726
2180,2025-08-24 12:00:00+00:00,77.03,77.06,77.0,77.05,208356
2181,2025-08-24 14:00:00+00:00,77.03,77.05,76.8,76.93,452052
2182,2025-08-25 02:00:00+00:00,76.93,76.93,76.93,76.93,4148
2183,2025-08-25 04:00:00+00:00,76.93,77.08,76.74,76.95,1429190
2184,2025-08-25 06:00:00+00:00,76.96,76.98,76.25,76.3,5325161
2185,2025-08-25 08:00:00+00:00,76.3,76.31,75.4,75.94,13560722
2186,2025-08-25 10:00:00+00:00,75.94,76.15,75.72,75.97,6045067
2187,2025-08-25 12:00:00+00:00,75.97,76.08,75.61,76.0,4759077
2188,2025-08-25 14:00:00+00:00,75.99,76.2,75.95,76.15,2920588
2189,2025-08-25 16:00:00+00:00,76.2,76.54,76.18,76.42,2940156
2190,2025-08-25 18:00:00+00:00,76.42,76.48,76.11,76.33,1260969
2191,2025-08-25 20:00:00+00:00,76.33,76.36,76.22,76.32,638079
2192,2025-08-26 02:00:00+00:00,76.5,76.5,76.5,76.5,1340
2193,2025-08-26 04:00:00+00:00,76.5,76.7,76.38,76.64,1676298
2194,2025-08-26 06:00:00+00:00,76.63,77.08,76.56,76.61,5622497
2195,2025-08-26 08:00:00+00:00,76.61,76.82,76.52,76.57,2649263
2196,2025-08-26 10:00:00+00:00,76.57,76.63,76.45,76.52,2607220
2197,2025-08-26 12:00:00+00:00,76.54,76.61,76.4,76.48,2418995
2198,2025-08-26 14:00:00+00:00,76.48,76.5,75.89,76.19,4993761
2199,2025-08-26 16:00:00+00:00,76.19,76.4,76.05,76.35,2005417
2200,2025-08-26 18:00:00+00:00,76.34,76.45,76.1,76.34,1845840
2201,2025-08-26 20:00:00+00:00,76.34,76.44,76.22,76.4,642725
2202,2025-08-27 02:00:00+00:00,76.4,76.4,76.4,76.4,8147
2203,2025-08-27 04:00:00+00:00,76.4,76.97,76.38,76.63,1883292
2204,2025-08-27 06:00:00+00:00,76.62,76.67,76.32,76.41,3720890
2205,2025-08-27 08:00:00+00:00,76.41,76.5,76.07,76.31,4408498
2206,2025-08-27 10:00:00+00:00,76.31,76.51,76.13,76.36,3804195
2207,2025-08-27 12:00:00+00:00,76.38,76.58,76.35,76.45,3734780
2208,2025-08-27 14:00:00+00:00,76.45,76.7,76.4,76.57,3040698
2209,2025-08-27 16:00:00+00:00,76.55,76.76,76.4,76.53,2347594
2210,2025-08-27 18:00:00+00:00,76.53,76.74,76.52,76.64,1410728
2211,2025-08-27 20:00:00+00:00,76.64,76.65,76.48,76.55,705648
2212,2025-08-28 02:00:00+00:00,76.65,76.65,76.65,76.65,2915
2213,2025-08-28 04:00:00+00:00,76.65,76.87,76.13,76.65,2231609
2214,2025-08-28 06:00:00+00:00,76.66,76.8,76.41,76.41,3075872
2215,2025-08-28 08:00:00+00:00,76.42,76.49,76.19,76.26,3587365
2216,2025-08-28 10:00:00+00:00,76.26,76.43,76.11,76.19,2775108
2217,2025-08-28 12:00:00+00:00,76.19,76.35,76.04,76.15,2199376
2218,2025-08-28 14:00:00+00:00,76.16,76.27,75.9,76.08,5456780
2219,2025-08-28 16:00:00+00:00,76.1,76.15,75.46,75.88,7821171
2220,2025-08-28 18:00:00+00:00,75.88,76.04,75.62,75.8,3353495
2221,2025-08-28 20:00:00+00:00,75.84,75.96,75.77,75.9,594323
2222,2025-08-29 02:00:00+00:00,76.04,76.04,76.04,76.04,7289
2223,2025-08-29 04:00:00+00:00,76.03,76.04,75.86,76.02,1044786
2224,2025-08-29 06:00:00+00:00,76.02,76.15,75.52,75.53,4971749
2225,2025-08-29 08:00:00+00:00,75.53,75.73,75.1,75.21,10885245
2226,2025-08-29 10:00:00+00:00,75.21,75.29,74.6,75.05,16666384
2227,2025-08-29 12:00:00+00:00,75.05,75.31,74.9,75.12,3369161
2228,2025-08-29 14:00:00+00:00,75.11,75.25,74.95,75.18,3525685
2229,2025-08-29 16:00:00+00:00,75.12,75.28,75.06,75.22,1552871
2230,2025-08-29 18:00:00+00:00,75.22,75.24,75.11,75.21,901806
2231,2025-08-29 20:00:00+00:00,75.2,75.21,75.1,75.15,602286
2232,2025-08-30 06:00:00+00:00,75.2,75.27,75.1,75.25,379362
2233,2025-08-30 08:00:00+00:00,75.24,75.25,74.97,75.16,1054922
2234,2025-08-30 10:00:00+00:00,75.17,75.19,75.02,75.15,362045
2235,2025-08-30 12:00:00+00:00,75.15,75.16,75.05,75.14,273121
2236,2025-08-30 14:00:00+00:00,75.14,75.14,75.0,75.04,696520
2237,2025-08-31 06:00:00+00:00,75.04,75.28,75.02,75.19,957825
2238,2025-08-31 08:00:00+00:00,75.22,75.22,75.12,75.16,325985
2239,2025-08-31 10:00:00+00:00,75.15,75.26,75.0,75.02,2288258
2240,2025-08-31 12:00:00+00:00,75.01,75.2,75.01,75.15,478083
2241,2025-08-31 14:00:00+00:00,75.14,75.16,75.1,75.14,283409
2242,2025-09-01 02:00:00+00:00,75.2,75.2,75.2,75.2,1123
2243,2025-09-01 04:00:00+00:00,75.19,76.09,75.14,75.83,5639038
2244,2025-09-01 06:00:00+00:00,75.83,75.92,74.95,75.09,8988415
2245,2025-09-01 08:00:00+00:00,75.09,75.1,74.74,75.0,7252059
2246,2025-09-01 10:00:00+00:00,75.0,75.02,74.44,74.81,7508303
2247,2025-09-01 12:00:00+00:00,74.81,74.84,74.47,74.57,4570498
2248,2025-09-01 14:00:00+00:00,74.57,74.65,74.4,74.55,4083974
2249,2025-09-01 16:00:00+00:00,74.56,74.7,74.45,74.69,1318387
2250,2025-09-01 18:00:00+00:00,74.69,74.75,74.65,74.72,739251
2251,2025-09-01 20:00:00+00:00,74.73,74.82,74.71,74.79,612647
2252,2025-09-02 02:00:00+00:00,74.94,74.94,74.94,74.94,40358
2253,2025-09-02 04:00:00+00:00,74.92,74.97,74.68,74.7,1760183
2254,2025-09-02 06:00:00+00:00,74.7,74.84,74.11,74.35,8165344
2255,2025-09-02 08:00:00+00:00,74.36,74.36,73.81,74.0,9776737
2256,2025-09-02 10:00:00+00:00,74.0,74.3,73.85,74.02,8048690
2257,2025-09-02 12:00:00+00:00,74.02,74.09,73.56,73.71,7667027
2258,2025-09-02 14:00:00+00:00,73.7,74.14,73.7,73.74,4118771
2259,2025-09-02 16:00:00+00:00,73.75,73.94,73.63,73.7,2406246
2260,2025-09-02 18:00:00+00:00,73.71,74.09,73.62,74.01,2231800
2261,2025-09-02 20:00:00+00:00,74.01,74.06,74.0,74.02,360199
2262,2025-09-03 02:00:00+00:00,74.02,74.02,74.02,74.02,5502
2263,2025-09-03 04:00:00+00:00,74.03,74.15,73.68,73.82,1027306
2264,2025-09-03 06:00:00+00:00,73.85,74.02,73.44,73.58,4394642
2265,2025-09-03 08:00:00+00:00,73.58,73.66,73.17,73.39,7186025
2266,2025-09-03 10:00:00+00:00,73.4,73.59,73.35,73.55,4533794
2267,2025-09-03 12:00:00+00:00,73.56,73.65,73.18,73.35,7937234
2268,2025-09-03 14:00:00+00:00,73.34,74.0,73.34,73.73,4092161
2269,2025-09-03 16:00:00+00:00,73.9,74.67,73.76,74.54,7882448
2270,2025-09-03 18:00:00+00:00,74.54,75.34,74.51,75.1,6963710
2271,2025-09-03 20:00:00+00:00,75.1,75.26,75.08,75.13,1122713
2272,2025-09-04 02:00:00+00:00,75.1,75.1,75.1,75.1,10101
2273,2025-09-04 04:00:00+00:00,75.08,75.65,74.92,75.34,3135703
2274,2025-09-04 06:00:00+00:00,75.34,75.96,75.06,75.72,13514196
2275,2025-09-04 08:00:00+00:00,75.71,75.78,75.03,75.16,8013408
2276,2025-09-04 10:00:00+00:00,75.16,75.35,75.1,75.3,3053311
2277,2025-09-04 12:00:00+00:00,75.3,75.48,74.61,75.4,8447008
2278,2025-09-04 14:00:00+00:00,75.4,75.49,74.84,75.46,4930872
2279,2025-09-04 16:00:00+00:00,75.45,75.75,75.27,75.75,3990209
2280,2025-09-04 18:00:00+00:00,75.73,75.87,75.57,75.58,3582858
2281,2025-09-04 20:00:00+00:00,75.59,75.79,75.57,75.74,874940
2282,2025-09-05 02:00:00+00:00,75.85,75.85,75.85,75.85,8557
2283,2025-09-05 04:00:00+00:00,75.85,76.13,75.78,75.94,3294389
2284,2025-09-05 06:00:00+00:00,75.94,76.06,75.5,75.51,6233225
2285,2025-09-05 08:00:00+00:00,75.51,75.8,75.4,75.66,5236331
2286,2025-09-05 10:00:00+00:00,75.66,75.68,74.94,75.62,10787874
2287,2025-09-05 12:00:00+00:00,75.62,75.87,75.49,75.84,3565685
2288,2025-09-05 14:00:00+00:00,75.84,75.93,75.6,75.77,4232330
2289,2025-09-05 16:00:00+00:00,75.8,75.87,75.32,75.52,2507435
2290,2025-09-05 18:00:00+00:00,75.52,75.62,75.11,75.47,4238262
2291,2025-09-05 20:00:00+00:00,75.47,75.55,75.35,75.5,597005
2292,2025-09-06 06:00:00+00:00,75.59,75.64,75.35,75.56,405813
2293,2025-09-06 08:00:00+00:00,75.56,75.71,75.47,75.63,566841
2294,2025-09-06 10:00:00+00:00,75.63,75.71,75.52,75.68,460765
2295,2025-09-06 12:00:00+00:00,75.68,75.69,75.57,75.6,94034
2296,2025-09-06 14:00:00+00:00,75.6,75.65,75.59,75.64,153972
2297,2025-09-07 06:00:00+00:00,75.69,75.85,75.64,75.65,269311
2298,2025-09-07 08:00:00+00:00,75.65,75.77,75.5,75.75,739564
2299,2025-09-07 10:00:00+00:00,75.77,75.79,75.72,75.78,368341
2300,2025-09-07 12:00:00+00:00,75.79,75.79,75.62,75.7,495190
2301,2025-09-07 14:00:00+00:00,75.69,75.7,75.58,75.68,314114
2302,2025-09-08 02:00:00+00:00,75.68,75.68,75.68,75.68,3563
2303,2025-09-08 04:00:00+00:00,75.69,76.05,75.6,75.76,2427068
2304,2025-09-08 06:00:00+00:00,75.75,75.84,75.63,75.67,3486604
2305,2025-09-08 08:00:00+00:00,75.68,75.68,75.27,75.41,5417207
2306,2025-09-08 10:00:00+00:00,75.42,75.42,75.02,75.1,5858572
2307,2025-09-08 12:00:00+00:00,75.1,75.19,74.9,75.09,5848216
2308,2025-09-08 14:00:00+00:00,75.09,75.22,74.85,75.08,4787634
2309,2025-09-08 16:00:00+00:00,75.17,75.29,75.09,75.19,1636036
2310,2025-09-08 18:00:00+00:00,75.19,75.3,75.11,75.27,1766063
2311,2025-09-08 20:00:00+00:00,75.27,75.27,75.2,75.23,535013
2312,2025-09-09 02:00:00+00:00,75.23,75.23,75.23,75.23,1173
2313,2025-09-09 04:00:00+00:00,75.24,75.36,75.02,75.22,1718625
2314,2025-09-09 06:00:00+00:00,75.22,75.24,74.93,75.08,3650197
2315,2025-09-09 08:00:00+00:00,75.1,75.14,74.65,74.81,7850270
2316,2025-09-09 10:00:00+00:00,74.81,74.87,74.46,74.7,7453496
2317,2025-09-09 12:00:00+00:00,74.7,75.0,74.5,74.86,7870282
2318,2025-09-09 14:00:00+00:00,74.87,75.08,74.8,75.01,4465059
2319,2025-09-09 16:00:00+00:00,75.02,75.14,74.86,75.03,1889915
2320,2025-09-09 18:00:00+00:00,75.02,75.05,74.91,74.92,941820
2321,2025-09-09 20:00:00+00:00,74.94,74.97,74.9,74.97,456882
2322,2025-09-10 02:00:00+00:00,74.83,74.83,74.83,74.83,53556
2323,2025-09-10 04:00:00+00:00,74.85,74.97,74.5,74.71,2756797
2324,2025-09-10 06:00:00+00:00,74.71,74.93,74.51,74.8,3229836
2325,2025-09-10 08:00:00+00:00,74.8,75.0,74.3,74.49,6451804
2326,2025-09-10 10:00:00+00:00,74.5,74.56,74.21,74.31,4684726
2327,2025-09-10 12:00:00+00:00,74.31,74.39,74.06,74.22,3924032
2328,2025-09-10 14:00:00+00:00,74.22,74.3,74.0,74.08,4224521
2329,2025-09-10 16:00:00+00:00,74.08,74.14,73.9,74.11,3126192
2330,2025-09-10 18:00:00+00:00,74.12,74.16,73.99,74.14,1363432
2331,2025-09-10 20:00:00+00:00,74.14,74.15,74.01,74.1,529231
2332,2025-09-11 02:00:00+00:00,74.1,74.1,74.1,74.1,43540
2333,2025-09-11 04:00:00+00:00,74.15,74.28,74.02,74.22,1313064
2334,2025-09-11 06:00:00+00:00,74.2,74.3,73.91,73.93,3806039
2340,2025-09-11 18:00:00+00:00,78.27,78.59,77.62,77.74,16676337
2341,2025-09-11 20:00:00+00:00,77.72,77.99,77.68,77.86,2994453
2342,2025-09-12 02:00:00+00:00,77.86,77.86,77.86,77.86,23460
2343,2025-09-12 04:00:00+00:00,77.85,78.15,77.25,77.59,8640609
2344,2025-09-12 06:00:00+00:00,77.6,77.69,76.75,77.3,17196535
2345,2025-09-12 08:00:00+00:00,77.29,78.08,76.83,76.99,18262281
2349,2025-09-12 16:00:00+00:00,76.0,76.16,75.63,76.06,8131860
2350,2025-09-12 18:00:00+00:00,76.06,76.1,75.51,75.77,6010193
2351,2025-09-12 20:00:00+00:00,75.76,75.89,75.64,75.86,1763275
2352,2025-09-13 06:00:00+00:00,75.94,75.94,75.94,75.94,9335
2353,2025-09-13 08:00:00+00:00,75.94,76.1,75.64,76.0,1709372
2354,2025-09-13 10:00:00+00:00,75.99,76.17,75.94,76.01,1230560
2355,2025-09-13 12:00:00+00:00,76.04,76.12,75.91,75.98,821108
2356,2025-09-13 14:00:00+00:00,75.98,76.1,75.9,76.0,948312
2357,2025-09-14 06:00:00+00:00,76.02,76.25,75.92,75.95,1528781
2358,2025-09-14 08:00:00+00:00,75.96,76.08,75.92,75.99,455833
2359,2025-09-14 10:00:00+00:00,75.98,76.15,75.95,76.08,1324291
2360,2025-09-14 12:00:00+00:00,76.11,76.45,76.07,76.32,2291941
2361,2025-09-14 14:00:00+00:00,76.31,76.51,76.26,76.38,1340179
2362,2025-09-15 02:00:00+00:00,76.53,76.53,76.53,76.53,4843
2363,2025-09-15 04:00:00+00:00,76.53,76.65,75.8,75.85,5853125
2364,2025-09-15 06:00:00+00:00,75.85,76.32,75.7,76.13,9086966
2365,2025-09-15 08:00:00+00:00,76.12,76.13,74.87,75.02,18143395
2366,2025-09-15 10:00:00+00:00,75.03,75.39,74.42,74.97,16617227
2368,2025-09-15 14:00:00+00:00,73.97,74.35,73.6,73.9,18316867
2369,2025-09-15 16:00:00+00:00,74.0,74.17,73.83,74.05,4552866
2370,2025-09-15 18:00:00+00:00,74.05,74.22,73.95,74.17,3352395
2371,2025-09-15 20:00:00+00:00,74.16,74.17,73.85,74.11,1993979
2372,2025-09-16 02:00:00+00:00,74.0,74.0,74.0,74.0,38098
2373,2025-09-16 04:00:00+00:00,74.0,75.23,73.6,75.01,8988345
2376,2025-09-16 10:00:00+00:00,72.88,73.4,72.5,72.88,18995501
2379,2025-09-16 16:00:00+00:00,73.22,73.55,73.14,73.41,3278832
2380,2025-09-16 18:00:00+00:00,73.41,73.44,72.82,72.88,6919347
2381,2025-09-16 20:00:00+00:00,72.87,73.01,72.86,72.97,1318165
2382,2025-09-17 02:00:00+00:00,73.1,73.1,73.1,73.1,26507
2383,2025-09-17 04:00:00+00:00,73.11,73.23,72.9,73.21,2090783
2384,2025-09-17 06:00:00+00:00,73.19,73.69,72.61,72.8,18038106
2386,2025-09-17 10:00:00+00:00,72.31,72.6,72.16,72.25,16630738
2389,2025-09-17 16:00:00+00:00,72.08,72.41,72.08,72.18,7326884
2390,2025-09-17 18:00:00+00:00,72.19,72.41,72.1,72.16,4859316
2391,2025-09-17 20:00:00+00:00,72.16,72.2,72.05,72.09,1539674
2392,2025-09-18 02:00:00+00:00,72.2,72.2,72.2,72.2,1846
2393,2025-09-18 04:00:00+00:00,72.13,72.4,71.92,72.06,3804151
2394,2025-09-18 06:00:00+00:00,72.06,72.23,71.55,71.57,13334853
2398,2025-09-18 14:00:00+00:00,72.24,72.88,72.23,72.78,17494548
2399,2025-09-18 16:00:00+00:00,72.6,72.8,72.0,72.04,9025598
2400,2025-09-18 18:00:00+00:00,72.04,72.3,71.7,71.99,5553854
2401,2025-09-18 20:00:00+00:00,71.99,72.07,71.82,71.83,1147695
2402,2025-09-19 02:00:00+00:00,71.79,71.79,71.79,71.79,45479
2409,2025-09-19 16:00:00+00:00,70.4,71.45,70.34,71.09,18858005
2410,2025-09-19 18:00:00+00:00,71.09,71.69,71.06,71.49,9453791
2411,2025-09-19 20:00:00+00:00,71.49,71.58,71.1,71.54,4457333
2412,2025-09-22 02:00:00+00:00,71.82,71.82,71.82,71.82,143184
2413,2025-09-22 04:00:00+00:00,71.83,71.85,70.93,71.2,8613511
2417,2025-09-22 12:00:00+00:00,70.98,71.21,70.69,70.71,8964430
2418,2025-09-22 14:00:00+00:00,70.7,71.45,70.67,71.2,11775797
2419,2025-09-22 16:00:00+00:00,71.18,71.41,70.83,71.17,7112150
2420,2025-09-22 18:00:00+00:00,71.17,71.28,70.9,70.99,3217268
2421,2025-09-22 20:00:00+00:00,70.98,71.0,70.74,70.94,1952481
2422,2025-09-23 02:00:00+00:00,70.94,70.94,70.94,70.94,7765
2423,2025-09-23 04:00:00+00:00,70.93,71.18,70.68,70.92,4249916
2424,2025-09-23 06:00:00+00:00,70.91,71.42,70.81,71.15,7016164
2425,2025-09-23 08:00:00+00:00,71.16,71.93,70.9,71.85,19145506
2426,2025-09-23 10:00:00+00:00,71.85,71.88,71.25,71.54,8915882
2427,2025-09-23 12:00:00+00:00,71.52,71.95,71.26,71.92,15212716
2428,2025-09-23 14:00:00+00:00,71.92,72.15,71.59,71.72,12744575
2429,2025-09-23 16:00:00+00:00,71.72,71.8,71.26,71.28,7108885
2431,2025-09-23 20:00:00+00:00,70.04,70.39,69.68,70.25,10751205
2432,2025-09-24 02:00:00+00:00,70.25,70.25,70.25,70.25,225419
2433,2025-09-24 04:00:00+00:00,70.25,70.77,70.21,70.62,5407543
2434,2025-09-24 06:00:00+00:00,70.62,70.62,69.88,70.47,15443655
2436,2025-09-24 10:00:00+00:00,70.92,71.18,70.8,71.14,13025350
2437,2025-09-24 12:00:00+00:00,71.14,71.28,70.78,70.99,11619013
2438,2025-09-24 14:00:00+00:00,70.99,71.01,70.28,70.32,8438284
2439,2025-09-24 16:00:00+00:00,70.34,70.72,70.33,70.4,3711901
2440,2025-09-24 18:00:00+00:00,70.4,70.8,70.38,70.72,3748314
2441,2025-09-24 20:00:00+00:00,70.72,70.78,70.7,70.78,1344903
2442,2025-09-25 02:00:00+00:00,70.84,70.84,70.84,70.84,2313
2443,2025-09-25 04:00:00+00:00,70.84,71.05,70.76,70.89,2103092
2444,2025-09-25 06:00:00+00:00,70.89,71.0,70.58,70.81,4170867
2445,2025-09-25 08:00:00+00:00,70.81,71.0,70.52,70.88,5436800
2446,2025-09-25 10:00:00+00:00,70.89,70.92,70.52,70.77,6754027
2447,2025-09-25 12:00:00+00:00,70.76,70.78,70.17,70.18,7597335
2448,2025-09-25 14:00:00+00:00,70.18,70.43,70.08,70.1,7519054
2449,2025-09-25 16:00:00+00:00,70.09,70.1,69.73,69.92,11547701
2450,2025-09-25 18:00:00+00:00,69.92,70.05,69.85,70.03,2580077
2451,2025-09-25 20:00:00+00:00,70.03,70.04,69.91,69.97,1261768
2452,2025-09-26 02:00:00+00:00,70.0,70.0,70.0,70.0,1796
2453,2025-09-26 04:00:00+00:00,70.0,70.19,69.73,69.88,2817877
2456,2025-09-26 10:00:00+00:00,69.35,69.45,68.7,69.0,17057789
2459,2025-09-26 16:00:00+00:00,69.39,69.57,69.1,69.44,8149208
2460,2025-09-26 18:00:00+00:00,69.44,69.85,69.37,69.49,8297554
2461,2025-09-26 20:00:00+00:00,69.48,69.5,69.07,69.19,2854667
2462,2025-09-27 06:00:00+00:00,69.2,69.47,69.16,69.19,749849
2463,2025-09-27 08:00:00+00:00,69.19,69.34,69.15,69.34,514032
2464,2025-09-27 10:00:00+00:00,69.33,69.34,69.06,69.1,1162449
2465,2025-09-27 12:00:00+00:00,69.07,69.2,69.03,69.18,490416
2466,2025-09-27 14:00:00+00:00,69.18,69.18,68.9,69.01,1080922
2467,2025-09-28 06:00:00+00:00,69.17,69.18,68.78,68.89,1472594
2468,2025-09-28 08:00:00+00:00,68.89,69.03,68.85,68.91,857188
2469,2025-09-28 10:00:00+00:00,68.92,68.99,68.88,68.99,542572
2470,2025-09-28 12:00:00+00:00,68.99,69.09,68.95,69.04,482798
2471,2025-09-28 14:00:00+00:00,69.04,69.1,68.81,69.0,1519979
2472,2025-09-29 02:00:00+00:00,69.15,69.15,69.15,69.15,3938
2473,2025-09-29 04:00:00+00:00,69.1,69.14,68.68,68.72,3287459
2474,2025-09-29 06:00:00+00:00,68.75,69.88,68.55,69.77,17842856
2476,2025-09-29 10:00:00+00:00,69.58,69.9,69.46,69.67,8996606
2477,2025-09-29 12:00:00+00:00,69.67,69.84,69.0,69.14,9576677
2479,2025-09-29 16:00:00+00:00,68.25,68.45,68.15,68.38,6805835
2480,2025-09-29 18:00:00+00:00,68.38,68.44,67.9,68.21,9054327
2481,2025-09-29 20:00:00+00:00,68.2,68.35,68.19,68.2,1664264
2482,2025-09-30 02:00:00+00:00,68.22,68.22,68.22,68.22,17192
2483,2025-09-30 04:00:00+00:00,68.22,68.85,68.2,68.56,6082756
2484,2025-09-30 06:00:00+00:00,68.56,68.8,68.0,68.42,18622820
2486,2025-09-30 10:00:00+00:00,67.75,68.41,67.5,67.92,14333119
2487,2025-09-30 12:00:00+00:00,67.93,68.45,67.81,68.43,8108318
2488,2025-09-30 14:00:00+00:00,68.44,68.99,68.16,68.67,19094154
2489,2025-09-30 16:00:00+00:00,68.66,68.67,68.0,68.43,7662905
2490,2025-09-30 18:00:00+00:00,68.42,68.45,67.95,68.16,5038845
2491,2025-09-30 20:00:00+00:00,68.18,68.24,68.09,68.16,948493
2492,2025-10-01 02:00:00+00:00,68.35,68.35,68.35,68.35,2879
2493,2025-10-01 04:00:00+00:00,68.33,68.69,68.21,68.46,5132354
2494,2025-10-01 06:00:00+00:00,68.45,68.67,68.13,68.26,7264410
2495,2025-10-01 08:00:00+00:00,68.25,68.65,68.16,68.51,8938763
2496,2025-10-01 10:00:00+00:00,68.51,68.52,68.04,68.08,6494831
2497,2025-10-01 12:00:00+00:00,68.08,68.29,67.8,68.03,11694774
2498,2025-10-01 14:00:00+00:00,68.03,68.08,67.65,67.86,12867787
2499,2025-10-01 16:00:00+00:00,67.85,68.02,67.76,68.01,3574081
2500,2025-10-01 18:00:00+00:00,68.0,68.01,67.71,67.93,4537165
2501,2025-10-01 20:00:00+00:00,67.93,68.03,67.82,67.96,1172546
2502,2025-10-02 02:00:00+00:00,67.96,67.96,67.96,67.96,6461
2503,2025-10-02 04:00:00+00:00,67.99,68.07,67.36,67.6,9244045
2504,2025-10-02 06:00:00+00:00,67.6,67.78,67.35,67.66,12131360
2505,2025-10-02 08:00:00+00:00,67.66,67.83,67.38,67.75,10737405
2506,2025-10-02 10:00:00+00:00,67.75,67.81,67.46,67.79,6523318
2507,2025-10-02 12:00:00+00:00,67.79,67.84,67.51,67.6,4563986
2508,2025-10-02 14:00:00+00:00,67.61,67.99,67.52,67.62,8172010
2509,2025-10-02 16:00:00+00:00,67.62,67.73,67.5,67.59,3661866
2510,2025-10-02 18:00:00+00:00,67.59,67.59,67.34,67.5,5006924
2511,2025-10-02 20:00:00+00:00,67.5,67.53,67.38,67.49,1245457
2512,2025-10-03 02:00:00+00:00,67.49,67.49,67.49,67.49,5746
2513,2025-10-03 04:00:00+00:00,67.49,67.73,67.42,67.66,1947917
2514,2025-10-03 06:00:00+00:00,67.65,67.87,67.52,67.77,4639555
2515,2025-10-03 08:00:00+00:00,67.77,67.78,67.1,67.11,12831652
2516,2025-10-03 10:00:00+00:00,67.1,67.31,67.05,67.19,10218418
2518,2025-10-03 14:00:00+00:00,67.01,67.09,66.7,66.89,12461653
2519,2025-10-03 16:00:00+00:00,66.9,66.96,66.55,66.72,12110993
2520,2025-10-03 18:00:00+00:00,66.73,66.76,66.61,66.65,3306654
2521,2025-10-03 20:00:00+00:00,66.65,66.69,66.57,66.6,2825312
2522,2025-10-04 06:00:00+00:00,66.71,66.75,65.92,66.14,6682136
2523,2025-10-04 08:00:00+00:00,66.14,66.52,65.99,66.02,4244886
2524,2025-10-04 10:00:00+00:00,66.02,66.09,65.71,65.87,5779794
2525,2025-10-04 12:00:00+00:00,65.87,66.2,65.8,65.93,4461758
2526,2025-10-04 14:00:00+00:00,65.93,66.0,65.83,65.99,2060056
2527,2025-10-05 06:00:00+00:00,65.89,65.99,65.72,65.91,1508370
2528,2025-10-05 08:00:00+00:00,65.91,66.2,65.83,66.01,3554934
2529,2025-10-05 10:00:00+00:00,66.03,66.17,66.0,66.14,2224841
2530,2025-10-05 12:00:00+00:00,66.11,66.4,66.1,66.26,1819848
2531,2025-10-05 14:00:00+00:00,66.26,66.48,66.21,66.48,2145811
2532,2025-10-06 02:00:00+00:00,66.59,66.59,66.59,66.59,22080
2533,2025-10-06 04:00:00+00:00,66.59,66.74,66.2,66.55,4159580
2534,2025-10-06 06:00:00+00:00,66.55,67.2,66.11,66.96,16941992
2535,2025-10-06 08:00:00+00:00,66.96,67.48,66.85,67.37,15429098
2536,2025-10-06 10:00:00+00:00,67.38,67.49,66.62,66.78,13915147
2537,2025-10-06 12:00:00+00:00,66.78,67.67,66.53,67.65,18357920
2538,2025-10-06 14:00:00+00:00,67.66,67.95,67.29,67.8,18225534
2539,2025-10-06 16:00:00+00:00,67.81,67.94,67.52,67.71,9674809
2540,2025-10-06 18:00:00+00:00,67.71,67.83,67.57,67.76,3507975
2541,2025-10-06 20:00:00+00:00,67.75,67.78,67.45,67.52,2083484
2542,2025-10-07 02:00:00+00:00,67.36,67.36,67.36,67.36,26534
2543,2025-10-07 04:00:00+00:00,67.36,67.81,67.18,67.81,3896094
2544,2025-10-07 06:00:00+00:00,67.8,68.09,67.22,67.87,11538630
2546,2025-10-07 10:00:00+00:00,68.89,69.19,68.46,68.57,18004779
2547,2025-10-07 12:00:00+00:00,68.56,68.88,68.32,68.69,10185830
2548,2025-10-07 14:00:00+00:00,68.69,68.79,68.21,68.61,5681076
2549,2025-10-07 16:00:00+00:00,68.65,68.69,68.33,68.58,3596894
2550,2025-10-07 18:00:00+00:00,68.58,68.64,68.39,68.64,1451650
2551,2025-10-07 20:00:00+00:00,68.64,68.77,68.64,68.7,992644
2552,2025-10-08 02:00:00+00:00,68.7,68.7,68.7,68.7,6425
2553,2025-10-08 04:00:00+00:00,68.7,69.15,68.63,68.89,3511006
2554,2025-10-08 06:00:00+00:00,68.87,69.06,68.32,68.45,7815097
2560,2025-10-08 18:00:00+00:00,66.22,66.56,65.9,66.0,9249294
2561,2025-10-08 20:00:00+00:00,65.98,66.13,65.92,66.04,2049504
2562,2025-10-09 02:00:00+00:00,66.26,66.26,66.26,66.26,112935
2563,2025-10-09 04:00:00+00:00,66.25,66.59,65.97,66.18,5856534
2564,2025-10-09 06:00:00+00:00,66.14,66.54,65.5,65.96,15881363
2566,2025-10-09 10:00:00+00:00,66.85,67.2,66.26,66.75,10771557
2567,2025-10-09 12:00:00+00:00,66.75,67.62,66.58,67.38,15642947
2568,2025-10-09 14:00:00+00:00,67.37,67.78,67.32,67.67,12388110
2569,2025-10-09 16:00:00+00:00,67.65,67.74,67.5,67.66,6749890
2570,2025-10-09 18:00:00+00:00,67.65,68.05,67.53,68.02,7324943
2571,2025-10-09 20:00:00+00:00,68.02,68.16,67.71,67.8,2197920
2572,2025-10-10 02:00:00+00:00,67.8,67.8,67.8,67.8,41961
2573,2025-10-10 04:00:00+00:00,67.78,67.81,67.12,67.51,4531968
2574,2025-10-10 06:00:00+00:00,67.51,67.65,66.83,67.14,16004752
2575,2025-10-10 08:00:00+00:00,67.15,67.8,66.94,67.65,10352922
2576,2025-10-10 10:00:00+00:00,67.66,67.73,67.27,67.34,9797537
2577,2025-10-10 12:00:00+00:00,67.34,67.69,66.83,67.11,10289995
2578,2025-10-10 14:00:00+00:00,67.11,67.75,66.83,67.27,8269201
2579,2025-10-10 16:00:00+00:00,67.22,67.55,67.05,67.39,4082909
2580,2025-10-10 18:00:00+00:00,67.38,67.39,67.06,67.07,2146382
2581,2025-10-10 20:00:00+00:00,67.07,67.08,66.95,67.0,1438294
2582,2025-10-11 06:00:00+00:00,66.92,66.99,66.1,66.83,3587640
2583,2025-10-11 08:00:00+00:00,66.83,66.89,66.7,66.89,690789
2584,2025-10-11 10:00:00+00:00,66.89,67.01,66.86,66.92,869812
2585,2025-10-11 12:00:00+00:00,66.94,66.97,66.69,66.84,1130436
2586,2025-10-11 14:00:00+00:00,66.84,66.86,66.63,66.78,1071846
2587,2025-10-12 06:00:00+00:00,66.86,67.2,66.78,67.0,1375811
2588,2025-10-12 08:00:00+00:00,66.98,67.15,66.84,67.06,813769
2589,2025-10-12 10:00:00+00:00,67.06,67.2,66.94,67.06,1179587
2590,2025-10-12 12:00:00+00:00,67.09,67.11,66.99,67.03,686103
2591,2025-10-12 14:00:00+00:00,67.03,67.06,66.91,67.03,664104
2592,2025-10-13 02:00:00+00:00,67.33,67.33,67.33,67.33,65613
2593,2025-10-13 04:00:00+00:00,67.33,67.36,67.08,67.13,2371675
2594,2025-10-13 06:00:00+00:00,67.12,67.7,67.01,67.03,10039666
2595,2025-10-13 08:00:00+00:00,67.03,67.56,66.85,67.43,9192863
2596,2025-10-13 10:00:00+00:00,67.42,67.58,66.81,67.56,10486735
2598,2025-10-13 14:00:00+00:00,68.4,68.5,67.73,67.88,8609946
2599,2025-10-13 16:00:00+00:00,67.88,68.31,67.82,68.01,2680254
2600,2025-10-13 18:00:00+00:00,68.01,68.26,67.91,67.99,1496202
2601,2025-10-13 20:00:00+00:00,67.99,68.06,67.9,67.98,929784
2602,2025-10-14 02:00:00+00:00,68.05,68.05,68.05,68.05,6974
2603,2025-10-14 04:00:00+00:00,68.06,68.3,67.98,68.2,1432084
2604,2025-10-14 06:00:00+00:00,68.2,68.3,67.53,67.68,7268359
2605,2025-10-14 08:00:00+00:00,67.68,68.0,67.56,67.75,5180245
2606,2025-10-14 10:00:00+00:00,67.75,68.08,67.69,67.91,3913037
2607,2025-10-14 12:00:00+00:00,67.9,67.97,67.1,67.25,11520420
2608,2025-10-14 14:00:00+00:00,67.25,67.59,67.16,67.42,5704554
2609,2025-10-14 16:00:00+00:00,67.43,67.49,67.0,67.12,5221648
2610,2025-10-14 18:00:00+00:00,67.12,67.24,66.91,67.01,3309289
2611,2025-10-14 20:00:00+00:00,67.01,67.25,66.96,67.25,814578
2612,2025-10-15 02:00:00+00:00,67.11,67.11,67.11,67.11,16450
2613,2025-10-15 04:00:00+00:00,67.24,67.35,67.04,67.25,1245349
2614,2025-10-15 06:00:00+00:00,67.25,67.5,66.8,67.08,7263366
2615,2025-10-15 08:00:00+00:00,67.07,67.4,66.94,67.34,6550380
2616,2025-10-15 10:00:00+00:00,67.34,68.0,67.25,67.56,12394105
2617,2025-10-15 12:00:00+00:00,67.57,68.06,67.52,67.65,9644476
2618,2025-10-15 14:00:00+00:00,67.66,67.68,67.4,67.47,3556452
2619,2025-10-15 16:00:00+00:00,67.48,67.63,67.24,67.44,3520399
2620,2025-10-15 18:00:00+00:00,67.44,67.84,67.36,67.62,1750829
2621,2025-10-15 20:00:00+00:00,67.61,67.64,67.4,67.53,733541
2622,2025-10-16 02:00:00+00:00,67.53,67.53,67.53,67.53,3934
2623,2025-10-16 04:00:00+00:00,67.5,67.68,67.41,67.51,810895
2624,2025-10-16 06:00:00+00:00,67.54,67.65,67.22,67.52,2924161
2625,2025-10-16 08:00:00+00:00,67.53,67.88,67.5,67.73,5917574
2626,2025-10-16 10:00:00+00:00,67.73,67.81,67.5,67.71,4369159
2627,2025-10-16 12:00:00+00:00,67.71,68.04,67.63,67.83,8023556
2631,2025-10-16 20:00:00+00:00,70.34,71.38,70.34,71.24,12834731
2632,2025-10-17 02:00:00+00:00,71.44,71.44,71.44,71.44,172179
2633,2025-10-17 04:00:00+00:00,71.43,72.0,70.23,70.57,19109403
2634,2025-10-17 06:00:00+00:00,70.59,70.98,70.03,70.19,18695562
2635,2025-10-17 08:00:00+00:00,70.21,70.43,69.8,70.0,16465866
2636,2025-10-17 10:00:00+00:00,69.99,70.63,69.8,70.27,17683936
2637,2025-10-17 12:00:00+00:00,70.27,70.74,70.01,70.28,10583417
2638,2025-10-17 14:00:00+00:00,70.29,70.32,69.81,70.11,7907079
2639,2025-10-17 16:00:00+00:00,70.18,71.11,69.97,70.43,17369594
2640,2025-10-17 18:00:00+00:00,70.43,70.55,70.1,70.33,6941935
2641,2025-10-17 20:00:00+00:00,70.34,70.59,70.27,70.38,2634265
2642,2025-10-18 06:00:00+00:00,70.98,71.35,70.47,71.27,6575540
2643,2025-10-18 08:00:00+00:00,71.27,71.6,71.22,71.32,7382899
2644,2025-10-18 10:00:00+00:00,71.32,71.4,71.04,71.37,2881919
2645,2025-10-18 12:00:00+00:00,71.37,71.5,71.27,71.4,1946944
2646,2025-10-18 14:00:00+00:00,71.41,71.45,71.26,71.42,1629302
2647,2025-10-19 06:00:00+00:00,71.45,71.6,71.01,71.15,4630574
2648,2025-10-19 08:00:00+00:00,71.15,71.44,71.1,71.41,1599127
2649,2025-10-19 10:00:00+00:00,71.43,71.43,71.2,71.25,1115099
2650,2025-10-19 12:00:00+00:00,71.22,71.22,70.43,70.88,6879230
2651,2025-10-19 14:00:00+00:00,70.91,71.06,70.25,70.81,6231948
2652,2025-10-20 02:00:00+00:00,71.08,71.08,71.08,71.08,89445
2653,2025-10-20 04:00:00+00:00,71.09,71.14,70.4,70.69,4161079
2654,2025-10-20 06:00:00+00:00,70.7,71.26,70.57,71.0,15271397
2655,2025-10-20 08:00:00+00:00,71.0,71.1,70.57,70.64,16431801
2656,2025-10-20 10:00:00+00:00,70.64,71.0,70.58,70.88,8036136
2657,2025-10-20 12:00:00+00:00,70.89,71.07,70.79,70.81,5805989
2658,2025-10-20 14:00:00+00:00,70.81,70.98,70.61,70.69,5224131
2659,2025-10-20 16:00:00+00:00,70.7,70.79,70.51,70.74,3762238
2660,2025-10-20 18:00:00+00:00,70.74,70.8,70.65,70.68,1022496
2661,2025-10-20 20:00:00+00:00,70.67,70.74,70.65,70.69,453633
2662,2025-10-21 02:00:00+00:00,70.69,70.69,70.69,70.69,2724
2664,2025-10-21 06:00:00+00:00,69.66,69.78,69.17,69.5,13278802
2665,2025-10-21 08:00:00+00:00,69.51,69.9,69.28,69.73,11598665
2666,2025-10-21 10:00:00+00:00,69.72,70.15,69.52,69.75,10294286
2667,2025-10-21 12:00:00+00:00,69.76,69.78,69.16,69.18,8898821
