,datetime,open,high,low,close,volume,data_status
0,2024-10-08 12:00:00+00:00,105.98,106.16,105.78,106.02,111382.0,present
1,2024-10-08 14:00:00+00:00,106.0,106.24,105.9,106.24,111071.0,present
2,2024-10-08 16:00:00+00:00,106.22,107.0,106.06,106.98,120036.0,present
3,2024-10-08 18:00:00+00:00,106.98,106.98,106.22,106.22,58694.0,present
4,2024-10-08 20:00:00+00:00,106.26,106.54,106.04,106.4,36907.0,present
5,2024-10-08 22:00:00+00:00,106.28,106.596,106.004,106.388,51245.4,interpolated
6,2024-10-09 00:00:00+00:00,106.3,106.652,105.968,106.376,65583.8,interpolated
7,2024-10-09 02:00:00+00:00,106.32000000000001,106.708,105.932,106.364,79922.20000000001,interpolated
8,2024-10-09 04:00:00+00:00,106.34,106.764,105.896,106.352,94260.6,interpolated
9,2024-10-09 06:00:00+00:00,106.36,106.82,105.86,106.34,108599.0,present
10,2024-10-09 08:00:00+00:00,106.32,106.8,106.12,106.54,117479.0,present
11,2024-10-09 10:00:00+00:00,106.54,106.62,104.92,105.0,446213.0,present
12,2024-10-09 12:00:00+00:00,104.98,105.0,103.66,104.02,569600.0,present
13,2024-10-09 14:00:00+00:00,104.04,104.12,103.36,103.4,383573.0,present
14,2024-10-09 16:00:00+00:00,103.66,104.06,103.5,103.74,175058.0,present
15,2024-10-09 18:00:00+00:00,103.74,103.96,103.36,103.78,96516.0,present
16,2024-10-09 20:00:00+00:00,103.78,103.88,103.52,103.82,41730.0,present
17,2024-10-09 22:00:00+00:00,103.792,103.964,103.488,103.832,87092.0,interpolated
18,2024-10-10 00:00:00+00:00,103.804,104.048,103.456,103.844,132454.0,interpolated
19,2024-10-10 02:00:00+00:00,103.816,104.13199999999999,103.42399999999999,103.856,177816.0,interpolated
20,2024-10-10 04:00:00+00:00,103.828,104.216,103.392,103.868,223178.0,interpolated
21,2024-10-10 06:00:00+00:00,103.84,104.3,103.36,103.88,268540.0,present
22,2024-10-10 08:00:00+00:00,103.86,104.46,103.32,103.64,454508.0,present
23,2024-10-10 10:00:00+00:00,103.64,103.76,103.16,103.52,210805.0,present
24,2024-10-10 12:00:00+00:00,103.5,104.04,103.32,104.0,281591.0,present
25,2024-10-10 14:00:00+00:00,103.98,104.02,103.54,103.54,114407.0,present
26,2024-10-10 16:00:00+00:00,103.62,103.8,103.34,103.52,87302.0,present
27,2024-10-10 18:00:00+00:00,103.52,103.74,103.52,103.68,33307.0,present
28,2024-10-10 20:00:00+00:00,103.68,103.68,103.22,103.48,25983.0,present
29,2024-10-10 22:00:00+00:00,103.644,103.71600000000001,103.12,103.404,72531.20000000001,interpolated
30,2024-10-11 00:00:00+00:00,103.608,103.75200000000001,103.02,103.328,119079.40000000001,interpolated
31,2024-10-11 02:00:00+00:00,103.572,103.788,102.92,103.252,165627.6,interpolated
32,2024-10-11 04:00:00+00:00,103.536,103.824,102.82,103.176,212175.80000000002,interpolated
33,2024-10-11 06:00:00+00:00,103.5,103.86,102.72,103.1,258724.0,present
34,2024-10-11 08:00:00+00:00,103.04,103.22,102.5,102.84,231773.0,present
35,2024-10-11 10:00:00+00:00,102.84,102.86,101.82,102.0,307768.0,present
36,2024-10-11 12:00:00+00:00,102.0,102.4,101.88,102.18,228688.0,present
37,2024-10-11 14:00:00+00:00,102.16,102.42,101.74,102.42,361500.0,present
38,2024-10-11 16:00:00+00:00,102.42,102.82,102.14,102.4,117862.0,present
39,2024-10-11 18:00:00+00:00,102.4,102.4,102.04,102.12,41541.0,present
40,2024-10-11 20:00:00+00:00,102.12,102.12,101.5,101.56,70689.0,present
41,2024-10-11 22:00:00+00:00,102.10068965517242,102.10827586206896,101.45862068965518,101.53172413793104,81558.06896551725,interpolated
42,2024-10-12 00:00:00+00:00,102.08137931034483,102.09655172413794,101.41724137931034,101.50344827586207,92427.13793103448,interpolated
43,2024-10-12 02:00:00+00:00,102.06206896551724,102.0848275862069,101.37586206896552,101.4751724137931,103296.20689655172,interpolated
44,2024-10-12 04:00:00+00:00,102.04275862068965,102.07310344827587,101.3344827586207,101.44689655172414,114165.27586206896,interpolated
45,2024-10-12 06:00:00+00:00,102.02344827586208,102.06137931034483,101.29310344827586,101.41862068965517,125034.3448275862,interpolated
46,2024-10-12 08:00:00+00:00,102.00413793103449,102.0496551724138,101.25172413793103,101.3903448275862,135903.41379310345,interpolated
47,2024-10-12 10:00:00+00:00,101.9848275862069,102.03793103448277,101.21034482758621,101.36206896551724,146772.4827586207,interpolated
48,2024-10-12 12:00:00+00:00,101.96551724137932,102.02620689655173,101.16896551724138,101.33379310344827,157641.5517241379,interpolated
49,2024-10-12 14:00:00+00:00,101.94620689655173,102.01448275862069,101.12758620689655,101.3055172413793,168510.6206896552,interpolated
50,2024-10-12 16:00:00+00:00,101.92689655172414,102.00275862068966,101.08620689655173,101.27724137931034,179379.6896551724,interpolated
51,2024-10-12 18:00:00+00:00,101.90758620689655,101.99103448275862,101.04482758620689,101.24896551724137,190248.75862068965,interpolated
52,2024-10-12 20:00:00+00:00,101.88827586206897,101.9793103448276,101.00344827586207,101.22068965517241,201117.8275862069,interpolated
53,2024-10-12 22:00:00+00:00,101.86896551724138,101.96758620689656,100.96206896551725,101.19241379310344,211986.89655172414,interpolated
54,2024-10-13 00:00:00+00:00,101.84965517241379,101.95586206896552,100.92068965517241,101.16413793103447,222855.9655172414,interpolated
55,2024-10-13 02:00:00+00:00,101.83034482758622,101.94413793103449,100.87931034482759,101.13586206896552,233725.0344827586,interpolated
56,2024-10-13 04:00:00+00:00,101.81103448275863,101.93241379310345,100.83793103448275,101.10758620689656,244594.10344827586,interpolated
57,2024-10-13 06:00:00+00:00,101.79172413793104,101.92068965517241,100.79655172413793,101.07931034482759,255463.1724137931,interpolated
58,2024-10-13 08:00:00+00:00,101.77241379310345,101.90896551724138,100.7551724137931,101.05103448275862,266332.2413793104,interpolated
59,2024-10-13 10:00:00+00:00,101.75310344827587,101.89724137931034,100.71379310344827,101.02275862068966,277201.3103448276,interpolated
60,2024-10-13 12:00:00+00:00,101.73379310344828,101.88551724137932,100.67241379310344,100.99448275862069,288070.3793103448,interpolated
61,2024-10-13 14:00:00+00:00,101.71448275862069,101.87379310344828,100.63103448275862,100.96620689655172,298939.448275862,interpolated
62,2024-10-13 16:00:00+00:00,101.6951724137931,101.86206896551724,100.58965517241379,100.93793103448276,309808.5172413793,interpolated
63,2024-10-13 18:00:00+00:00,101.67586206896551,101.85034482758621,100.54827586206896,100.90965517241379,320677.5862068966,interpolated
64,2024-10-13 20:00:00+00:00,101.65655172413793,101.83862068965517,100.50689655172414,100.88137931034483,331546.6551724138,interpolated
65,2024-10-13 22:00:00+00:00,101.63724137931035,101.82689655172413,100.4655172413793,100.85310344827586,342415.724137931,interpolated
66,2024-10-14 00:00:00+00:00,101.61793103448277,101.8151724137931,100.42413793103448,100.8248275862069,353284.7931034483,interpolated
67,2024-10-14 02:00:00+00:00,101.59862068965518,101.80344827586207,100.38275862068966,100.79655172413793,364153.8620689655,interpolated
68,2024-10-14 04:00:00+00:00,101.57931034482759,101.79172413793104,100.34137931034482,100.76827586206896,375022.9310344828,interpolated
69,2024-10-14 06:00:00+00:00,101.56,101.78,100.3,100.74,385892.0,present
70,2024-10-14 08:00:00+00:00,100.76,101.7,100.46,101.34,230896.0,present
71,2024-10-14 10:00:00+00:00,101.34,103.6,101.34,102.84,747025.0,present
72,2024-10-14 12:00:00+00:00,102.86,103.56,102.24,103.5,874977.0,present
73,2024-10-14 14:00:00+00:00,103.5,105.2,103.5,104.92,865363.0,present
74,2024-10-14 16:00:00+00:00,104.88,105.74,104.62,105.4,203113.0,present
75,2024-10-14 18:00:00+00:00,105.36,105.36,104.86,105.28,65832.0,present
76,2024-10-14 20:00:00+00:00,105.26,105.5,105.04,105.5,35084.0,present
77,2024-10-14 22:00:00+00:00,105.308,105.696,104.932,105.64,108024.8,interpolated
78,2024-10-15 00:00:00+00:00,105.35600000000001,105.892,104.824,105.78,180965.6,interpolated
79,2024-10-15 02:00:00+00:00,105.404,106.08800000000001,104.71600000000001,105.92,253906.40000000002,interpolated
80,2024-10-15 04:00:00+00:00,105.452,106.284,104.608,106.06,326847.2,interpolated
81,2024-10-15 06:00:00+00:00,105.5,106.48,104.5,106.2,399788.0,present
82,2024-10-15 08:00:00+00:00,106.18,108.26,106.0,107.9,933211.0,present
83,2024-10-15 10:00:00+00:00,107.92,108.54,106.9,108.3,625428.0,present
84,2024-10-15 12:00:00+00:00,108.32,108.78,106.8,108.0,874590.0,present
85,2024-10-15 12:00:00+00:00,108.32,108.78,106.8,108.0,874590.0,present
86,2024-10-15 14:00:00+00:00,108.0,108.74,107.8,108.74,297704.0,present
87,2024-10-15 16:00:00+00:00,108.6,108.76,108.42,108.6,78130.0,present
88,2024-10-15 18:00:00+00:00,108.58,108.6,108.12,108.24,78447.0,present
89,2024-10-15 20:00:00+00:00,108.26,108.58,108.12,108.5,62635.0,present
90,2024-10-15 22:00:00+00:00,108.296,108.86,108.116,108.52,187448.8,interpolated
91,2024-10-16 00:00:00+00:00,108.33200000000001,109.14,108.112,108.53999999999999,312262.6,interpolated
92,2024-10-16 02:00:00+00:00,108.368,109.42,108.108,108.56,437076.39999999997,interpolated
93,2024-10-16 04:00:00+00:00,108.404,109.7,108.104,108.58,561890.2,interpolated
94,2024-10-16 06:00:00+00:00,108.44,109.98,108.1,108.6,686704.0,present
95,2024-10-16 08:00:00+00:00,108.58,108.7,106.34,106.6,1789432.0,present
96,2024-10-16 10:00:00+00:00,106.6,107.6,106.5,106.92,655288.0,present
97,2024-10-16 12:00:00+00:00,106.92,107.3,106.1,106.12,395939.0,present
98,2024-10-16 14:00:00+00:00,106.12,106.54,105.82,106.0,352047.0,present
99,2024-10-16 16:00:00+00:00,106.0,107.08,106.0,106.92,141354.0,present
100,2024-10-16 18:00:00+00:00,106.92,106.96,106.56,106.84,35203.0,present
101,2024-10-16 20:00:00+00:00,106.84,106.94,106.74,106.82,17222.0,present
102,2024-10-16 22:00:00+00:00,106.812,107.0,106.628,106.812,70859.6,interpolated
103,2024-10-17 00:00:00+00:00,106.784,107.06,106.516,106.804,124497.2,interpolated
104,2024-10-17 02:00:00+00:00,106.756,107.11999999999999,106.404,106.79599999999999,178134.8,interpolated
105,2024-10-17 04:00:00+00:00,106.72800000000001,107.17999999999999,106.292,106.788,231772.4,interpolated
106,2024-10-17 06:00:00+00:00,106.7,107.24,106.18,106.78,285410.0,present
107,2024-10-17 08:00:00+00:00,106.78,106.84,105.1,105.26,663897.0,present
108,2024-10-17 10:00:00+00:00,105.26,105.42,104.7,105.1,541832.0,present
109,2024-10-17 12:00:00+00:00,105.1,105.78,104.24,104.5,565288.0,present
110,2024-10-17 14:00:00+00:00,104.5,104.84,104.08,104.5,409171.0,present
111,2024-10-17 16:00:00+00:00,104.5,104.52,103.54,104.12,151602.0,present
112,2024-10-17 18:00:00+00:00,104.14,104.18,103.84,104.1,25879.0,present
113,2024-10-17 20:00:00+00:00,104.08,104.22,104.06,104.2,14860.0,present
114,2024-10-17 22:00:00+00:00,104.084,104.248,103.796,104.132,144608.59999999998,interpolated
115,2024-10-18 00:00:00+00:00,104.088,104.276,103.532,104.06400000000001,274357.19999999995,interpolated
116,2024-10-18 02:00:00+00:00,104.092,104.304,103.268,103.996,404105.8,interpolated
117,2024-10-18 04:00:00+00:00,104.09599999999999,104.332,103.00399999999999,103.928,533854.3999999999,interpolated
118,2024-10-18 06:00:00+00:00,104.1,104.36,102.74,103.86,663603.0,present
119,2024-10-18 08:00:00+00:00,103.84,105.68,103.78,105.56,573361.0,present
120,2024-10-18 10:00:00+00:00,105.54,105.58,104.78,105.1,293343.0,present
121,2024-10-18 12:00:00+00:00,105.18,105.62,105.02,105.12,281464.0,present
122,2024-10-18 14:00:00+00:00,105.14,105.8,103.0,103.82,927320.0,present
123,2024-10-18 16:00:00+00:00,104.0,104.16,103.82,103.94,161806.0,present
124,2024-10-18 18:00:00+00:00,103.94,104.36,103.84,104.2,57402.0,present
125,2024-10-18 20:00:00+00:00,104.2,104.44,103.98,104.26,39710.0,present
126,2024-10-18 22:00:00+00:00,104.20689655172414,104.47448275862068,103.98413793103448,104.29586206896552,50159.31034482759,interpolated
127,2024-10-19 00:00:00+00:00,104.21379310344828,104.50896551724138,103.98827586206897,104.33172413793103,60608.620689655174,interpolated
128,2024-10-19 02:00:00+00:00,104.22068965517242,104.54344827586206,103.99241379310345,104.36758620689656,71057.93103448275,interpolated
129,2024-10-19 04:00:00+00:00,104.22758620689656,104.57793103448276,103.99655172413793,104.40344827586208,81507.24137931035,interpolated
130,2024-10-19 06:00:00+00:00,104.23448275862069,104.61241379310344,104.00068965517242,104.43931034482759,91956.55172413794,interpolated
131,2024-10-19 08:00:00+00:00,104.24137931034483,104.64689655172414,104.0048275862069,104.4751724137931,102405.86206896552,interpolated
132,2024-10-19 10:00:00+00:00,104.24827586206897,104.68137931034482,104.00896551724138,104.51103448275862,112855.1724137931,interpolated
133,2024-10-19 12:00:00+00:00,104.2551724137931,104.71586206896552,104.01310344827586,104.54689655172415,123304.4827586207,interpolated
134,2024-10-19 14:00:00+00:00,104.26206896551724,104.7503448275862,104.01724137931035,104.58275862068966,133753.7931034483,interpolated
135,2024-10-19 16:00:00+00:00,104.26896551724138,104.78482758620689,104.02137931034483,104.61862068965517,144203.10344827588,interpolated
136,2024-10-19 18:00:00+00:00,104.27586206896552,104.81931034482758,104.0255172413793,104.65448275862069,154652.41379310345,interpolated
137,2024-10-19 20:00:00+00:00,104.28275862068966,104.85379310344827,104.0296551724138,104.6903448275862,165101.72413793104,interpolated
138,2024-10-19 22:00:00+00:00,104.2896551724138,104.88827586206897,104.03379310344828,104.72620689655173,175551.03448275864,interpolated
139,2024-10-20 00:00:00+00:00,104.29655172413794,104.92275862068965,104.03793103448275,104.76206896551724,186000.3448275862,interpolated
140,2024-10-20 02:00:00+00:00,104.30344827586207,104.95724137931035,104.04206896551725,104.79793103448276,196449.6551724138,interpolated
141,2024-10-20 04:00:00+00:00,104.3103448275862,104.99172413793103,104.04620689655172,104.83379310344827,206898.9655172414,interpolated
142,2024-10-20 06:00:00+00:00,104.31724137931035,105.02620689655173,104.0503448275862,104.8696551724138,217348.27586206896,interpolated
143,2024-10-20 08:00:00+00:00,104.32413793103449,105.06068965517241,104.0544827586207,104.90551724137931,227797.58620689655,interpolated
144,2024-10-20 10:00:00+00:00,104.33103448275862,105.09517241379311,104.05862068965517,104.94137931034483,238246.89655172414,interpolated
145,2024-10-20 12:00:00+00:00,104.33793103448276,105.12965517241379,104.06275862068965,104.97724137931034,248696.20689655174,interpolated
146,2024-10-20 14:00:00+00:00,104.3448275862069,105.16413793103447,104.06689655172414,105.01310344827586,259145.5172413793,interpolated
147,2024-10-20 16:00:00+00:00,104.35172413793104,105.19862068965517,104.07103448275862,105.04896551724138,269594.8275862069,interpolated
148,2024-10-20 18:00:00+00:00,104.35862068965518,105.23310344827586,104.0751724137931,105.0848275862069,280044.1379310345,interpolated
149,2024-10-20 20:00:00+00:00,104.36551724137932,105.26758620689655,104.07931034482758,105.12068965517241,290493.4482758621,interpolated
150,2024-10-20 22:00:00+00:00,104.37241379310345,105.30206896551724,104.08344827586207,105.15655172413793,300942.7586206896,interpolated
151,2024-10-21 00:00:00+00:00,104.37931034482759,105.33655172413793,104.08758620689655,105.19241379310344,311392.0689655173,interpolated
152,2024-10-21 02:00:00+00:00,104.38620689655173,105.37103448275862,104.09172413793102,105.22827586206897,321841.3793103448,interpolated
153,2024-10-21 04:00:00+00:00,104.39310344827587,105.40551724137931,104.09586206896552,105.26413793103448,332290.6896551724,interpolated
154,2024-10-21 06:00:00+00:00,104.4,105.44,104.1,105.3,342740.0,present
155,2024-10-21 08:00:00+00:00,105.28,105.42,104.58,104.98,224983.0,present
156,2024-10-21 10:00:00+00:00,104.96,106.0,104.8,104.94,318056.0,present
157,2024-10-21 12:00:00+00:00,104.96,105.94,104.94,105.86,184093.0,present
158,2024-10-21 14:00:00+00:00,105.86,106.78,105.56,106.7,793031.0,present
159,2024-10-21 16:00:00+00:00,106.72,107.58,106.6,106.64,225658.0,present
160,2024-10-21 18:00:00+00:00,106.68,106.68,106.0,106.5,109642.0,present
161,2024-10-21 20:00:00+00:00,106.5,106.5,106.1,106.14,17931.0,present
162,2024-10-21 22:00:00+00:00,106.48,106.78,106.08,106.392,88469.4,interpolated
163,2024-10-22 00:00:00+00:00,106.46000000000001,107.06,106.06,106.644,159007.8,interpolated
164,2024-10-22 02:00:00+00:00,106.44,107.34,106.03999999999999,106.896,229546.2,interpolated
165,2024-10-22 04:00:00+00:00,106.42,107.62,106.02,107.14800000000001,300084.6,interpolated
166,2024-10-22 06:00:00+00:00,106.4,107.9,106.0,107.4,370623.0,present
167,2024-10-22 08:00:00+00:00,107.38,107.7,106.24,106.76,761486.0,present
168,2024-10-22 10:00:00+00:00,106.72,106.9,105.8,106.24,582967.0,present
169,2024-10-22 12:00:00+00:00,106.28,106.62,105.52,106.02,408847.0,present
170,2024-10-22 12:00:00+00:00,106.28,106.62,105.52,106.02,408847.0,present
171,2024-10-22 14:00:00+00:00,106.02,106.1,105.52,106.1,300670.0,present
172,2024-10-22 16:00:00+00:00,106.0,106.4,105.66,106.08,51194.0,present
173,2024-10-22 18:00:00+00:00,106.08,106.18,105.52,105.86,45150.0,present
174,2024-10-22 20:00:00+00:00,105.82,105.88,105.56,105.82,11084.0,present
175,2024-10-22 22:00:00+00:00,105.756,106.032,105.536,105.892,70529.6,interpolated
176,2024-10-23 00:00:00+00:00,105.692,106.184,105.512,105.964,129975.20000000001,interpolated
177,2024-10-23 02:00:00+00:00,105.628,106.336,105.488,106.036,189420.80000000002,interpolated
178,2024-10-23 04:00:00+00:00,105.564,106.488,105.464,106.108,248866.40000000002,interpolated
179,2024-10-23 06:00:00+00:00,105.5,106.64,105.44,106.18,308312.0,present
180,2024-10-23 08:00:00+00:00,106.2,106.66,105.54,106.52,456606.0,present
181,2024-10-23 10:00:00+00:00,106.54,107.44,106.44,106.46,351664.0,present
182,2024-10-23 12:00:00+00:00,106.44,106.88,105.78,106.0,443807.0,present
183,2024-10-23 14:00:00+00:00,106.04,106.2,104.6,105.0,454834.0,present
184,2024-10-23 16:00:00+00:00,105.0,105.12,103.84,103.96,185263.0,present
185,2024-10-23 18:00:00+00:00,103.92,104.2,103.68,104.16,61243.0,present
186,2024-10-23 20:00:00+00:00,104.14,104.28,104.0,104.16,18244.0,present
187,2024-10-23 22:00:00+00:00,104.128,104.46000000000001,103.92,104.14,74732.0,interpolated
188,2024-10-24 00:00:00+00:00,104.116,104.64,103.84,104.12,131220.0,interpolated
189,2024-10-24 02:00:00+00:00,104.104,104.82000000000001,103.75999999999999,104.1,187708.0,interpolated
190,2024-10-24 04:00:00+00:00,104.092,105.0,103.67999999999999,104.08,244196.00000000003,interpolated
191,2024-10-24 06:00:00+00:00,104.08,105.18,103.6,104.06,300684.0,present
192,2024-10-24 08:00:00+00:00,104.06,104.94,103.26,103.6,302253.0,present
193,2024-10-24 10:00:00+00:00,103.6,105.5,103.3,105.06,389192.0,present
194,2024-10-24 12:00:00+00:00,105.06,105.7,104.76,105.48,318039.0,present
195,2024-10-24 14:00:00+00:00,105.48,105.7,105.14,105.14,229080.0,present
196,2024-10-24 16:00:00+00:00,105.16,105.42,105.14,105.18,42437.0,present
197,2024-10-24 18:00:00+00:00,105.18,105.32,105.0,105.06,38527.0,present
198,2024-10-24 20:00:00+00:00,105.06,105.24,105.02,105.12,15879.0,present
199,2024-10-24 22:00:00+00:00,105.08800000000001,105.37599999999999,105.03999999999999,105.188,41129.4,interpolated
200,2024-10-25 00:00:00+00:00,105.116,105.512,105.06,105.256,66379.8,interpolated
201,2024-10-25 02:00:00+00:00,105.144,105.648,105.08,105.324,91630.2,interpolated
202,2024-10-25 04:00:00+00:00,105.172,105.784,105.10000000000001,105.392,116880.6,interpolated
203,2024-10-25 06:00:00+00:00,105.2,105.92,105.12,105.46,142131.0,present
204,2024-10-25 08:00:00+00:00,105.4,105.58,105.12,105.28,129940.0,present
205,2024-10-25 10:00:00+00:00,105.28,106.28,104.2,104.74,552369.0,present
206,2024-10-25 12:00:00+00:00,104.74,105.8,102.24,102.6,817414.0,present
207,2024-10-25 14:00:00+00:00,102.6,102.7,101.06,101.24,840213.0,present
208,2024-10-25 16:00:00+00:00,101.36,101.8,100.5,101.72,244694.0,present
209,2024-10-25 18:00:00+00:00,101.72,102.2,101.48,101.62,123208.0,present
210,2024-10-25 20:00:00+00:00,101.62,101.68,101.3,101.34,38599.0,present
211,2024-10-25 22:00:00+00:00,101.58137931034483,101.67724137931035,101.23172413793102,101.31724137931035,58612.1724137931,interpolated
212,2024-10-26 00:00:00+00:00,101.54275862068965,101.6744827586207,101.16344827586207,101.29448275862069,78625.3448275862,interpolated
213,2024-10-26 02:00:00+00:00,101.50413793103449,101.67172413793104,101.0951724137931,101.27172413793105,98638.5172413793,interpolated
214,2024-10-26 04:00:00+00:00,101.46551724137932,101.66896551724139,101.02689655172414,101.24896551724139,118651.6896551724,interpolated
215,2024-10-26 06:00:00+00:00,101.42689655172414,101.66620689655173,100.95862068965516,101.22620689655173,138664.8620689655,interpolated
216,2024-10-26 08:00:00+00:00,101.38827586206897,101.66344827586207,100.8903448275862,101.20344827586207,158678.0344827586,interpolated
217,2024-10-26 10:00:00+00:00,101.34965517241379,101.66068965517242,100.82206896551723,101.18068965517242,178691.2068965517,interpolated
218,2024-10-26 12:00:00+00:00,101.31103448275863,101.65793103448276,100.75379310344827,101.15793103448276,198704.3793103448,interpolated
219,2024-10-26 14:00:00+00:00,101.27241379310345,101.65517241379311,100.6855172413793,101.13517241379311,218717.5517241379,interpolated
220,2024-10-26 16:00:00+00:00,101.23379310344828,101.65241379310345,100.61724137931034,101.11241379310346,238730.72413793104,interpolated
221,2024-10-26 18:00:00+00:00,101.1951724137931,101.6496551724138,100.54896551724137,101.0896551724138,258743.89655172414,interpolated
222,2024-10-26 20:00:00+00:00,101.15655172413793,101.64689655172414,100.48068965517241,101.06689655172414,278757.0689655172,interpolated
223,2024-10-26 22:00:00+00:00,101.11793103448277,101.64413793103448,100.41241379310344,101.04413793103448,298770.2413793104,interpolated
224,2024-10-27 00:00:00+00:00,101.07931034482759,101.64137931034483,100.34413793103448,101.02137931034483,318783.4137931034,interpolated
225,2024-10-27 02:00:00+00:00,101.04068965517241,101.63862068965517,100.27586206896551,100.99862068965518,338796.5862068965,interpolated
226,2024-10-27 04:00:00+00:00,101.00206896551724,101.63586206896552,100.20758620689655,100.97586206896553,358809.7586206896,interpolated
227,2024-10-27 06:00:00+00:00,100.96344827586208,101.63310344827586,100.13931034482758,100.95310344827587,378822.9310344827,interpolated
228,2024-10-27 08:00:00+00:00,100.9248275862069,101.6303448275862,100.07103448275862,100.93034482758621,398836.1034482758,interpolated
229,2024-10-27 10:00:00+00:00,100.88620689655173,101.62758620689655,100.00275862068965,100.90758620689655,418849.275862069,interpolated
230,2024-10-27 12:00:00+00:00,100.84758620689655,101.62482758620689,99.93448275862069,100.8848275862069,438862.4482758621,interpolated
231,2024-10-27 14:00:00+00:00,100.80896551724138,101.62206896551724,99.86620689655172,100.86206896551725,458875.6206896552,interpolated
232,2024-10-27 16:00:00+00:00,100.77034482758621,101.61931034482758,99.79793103448276,100.8393103448276,478888.7931034483,interpolated
233,2024-10-27 18:00:00+00:00,100.73172413793104,101.61655172413793,99.72965517241379,100.81655172413794,498901.9655172414,interpolated
234,2024-10-27 20:00:00+00:00,100.69310344827586,101.61379310344827,99.66137931034483,100.79379310344828,518915.1379310345,interpolated
235,2024-10-27 22:00:00+00:00,100.65448275862069,101.61103448275861,99.59310344827585,100.77103448275862,538928.3103448276,interpolated
236,2024-10-28 00:00:00+00:00,100.61586206896551,101.60827586206896,99.5248275862069,100.74827586206897,558941.4827586208,interpolated
237,2024-10-28 02:00:00+00:00,100.57724137931035,101.6055172413793,99.45655172413792,100.72551724137932,578954.6551724138,interpolated
238,2024-10-28 04:00:00+00:00,100.53862068965518,101.60275862068966,99.38827586206897,100.70275862068966,598967.8275862068,interpolated
239,2024-10-28 06:00:00+00:00,100.5,101.6,99.32,100.68,618981.0,present
240,2024-10-28 08:00:00+00:00,100.66,101.58,99.74,100.3,561853.0,present
241,2024-10-28 10:00:00+00:00,100.3,100.44,98.32,98.86,598502.0,present
242,2024-10-28 12:00:00+00:00,98.86,100.0,96.34,96.9,986628.0,present
243,2024-10-28 14:00:00+00:00,96.92,97.6,94.22,95.02,1174826.0,present
244,2024-10-28 16:00:00+00:00,95.14,96.3,94.7,96.06,488242.0,present
245,2024-10-28 18:00:00+00:00,96.06,96.2,95.6,95.9,100326.0,present
246,2024-10-28 20:00:00+00:00,95.9,96.5,95.8,96.1,77949.0,present
247,2024-10-28 22:00:00+00:00,95.94,96.684,95.79599999999999,96.29599999999999,150572.8,interpolated
248,2024-10-29 00:00:00+00:00,95.98,96.868,95.792,96.49199999999999,223196.6,interpolated
249,2024-10-29 02:00:00+00:00,96.02,97.052,95.788,96.688,295820.4,interpolated
250,2024-10-29 04:00:00+00:00,96.06,97.236,95.784,96.884,368444.2,interpolated
251,2024-10-29 06:00:00+00:00,96.1,97.42,95.78,97.08,441068.0,present
252,2024-10-29 08:00:00+00:00,97.08,97.5,95.08,96.68,684042.0,present
253,2024-10-29 10:00:00+00:00,96.72,99.1,96.1,98.62,533885.0,present
254,2024-10-29 12:00:00+00:00,98.6,99.56,97.88,98.68,478084.0,present
255,2024-10-29 12:00:00+00:00,98.6,99.56,97.88,98.68,478084.0,present
256,2024-10-29 14:00:00+00:00,98.68,99.84,98.2,99.38,349127.0,present
257,2024-10-29 16:00:00+00:00,99.42,100.2,99.12,99.94,160706.0,present
258,2024-10-29 18:00:00+00:00,99.96,100.7,99.68,99.9,192579.0,present
259,2024-10-29 20:00:00+00:00,99.94,99.98,99.38,99.74,43617.0,present
260,2024-10-29 22:00:00+00:00,99.952,100.044,99.232,99.788,99304.2,interpolated
261,2024-10-30 00:00:00+00:00,99.964,100.108,99.084,99.836,154991.4,interpolated
262,2024-10-30 02:00:00+00:00,99.976,100.172,98.93599999999999,99.884,210678.59999999998,interpolated
263,2024-10-30 04:00:00+00:00,99.988,100.236,98.788,99.932,266365.8,interpolated
264,2024-10-30 06:00:00+00:00,100.0,100.3,98.64,99.98,322053.0,present
265,2024-10-30 08:00:00+00:00,99.98,100.42,99.2,99.36,334287.0,present
266,2024-10-30 10:00:00+00:00,99.36,99.7,98.32,98.72,422257.0,present
267,2024-10-30 12:00:00+00:00,98.72,99.38,98.32,98.42,314022.0,present
268,2024-10-30 14:00:00+00:00,98.44,99.68,98.4,99.3,216667.0,present
269,2024-10-30 16:00:00+00:00,99.1,99.1,98.0,98.02,152796.0,present
270,2024-10-30 18:00:00+00:00,98.04,98.26,97.04,97.48,156137.0,present
271,2024-10-30 20:00:00+00:00,97.46,97.86,97.3,97.54,42102.0,present
272,2024-10-30 22:00:00+00:00,97.38,97.932,97.248,97.63600000000001,75938.6,interpolated
273,2024-10-31 00:00:00+00:00,97.3,98.004,97.196,97.732,109775.2,interpolated
274,2024-10-31 02:00:00+00:00,97.22,98.076,97.144,97.828,143611.8,interpolated
275,2024-10-31 04:00:00+00:00,97.14,98.148,97.092,97.92399999999999,177448.4,interpolated
276,2024-10-31 06:00:00+00:00,97.06,98.22,97.04,98.02,211285.0,present
277,2024-10-31 08:00:00+00:00,98.02,98.4,96.76,97.72,273365.0,present
278,2024-10-31 10:00:00+00:00,97.72,99.46,97.3,99.2,475882.0,present
279,2024-10-31 12:00:00+00:00,99.2,99.26,98.1,98.46,351159.0,present
280,2024-10-31 14:00:00+00:00,98.44,99.3,98.24,98.88,377531.0,present
281,2024-10-31 16:00:00+00:00,98.88,98.88,98.02,98.3,164002.0,present
282,2024-10-31 18:00:00+00:00,98.28,98.78,98.0,98.66,145893.0,present
283,2024-10-31 20:00:00+00:00,98.66,99.0,98.54,99.0,64803.0,present
284,2024-10-31 22:00:00+00:00,98.80799999999999,99.2,98.596,98.996,127830.6,interpolated
285,2024-11-01 00:00:00+00:00,98.956,99.4,98.652,98.992,190858.2,interpolated
286,2024-11-01 02:00:00+00:00,99.104,99.6,98.708,98.988,253885.80000000002,interpolated
287,2024-11-01 04:00:00+00:00,99.25200000000001,99.8,98.764,98.98400000000001,316913.4,interpolated
288,2024-11-01 06:00:00+00:00,99.4,100.0,98.82,98.98,379941.0,present
289,2024-11-01 08:00:00+00:00,98.98,99.2,97.52,97.74,507229.0,present
290,2024-11-01 10:00:00+00:00,97.74,98.38,97.68,97.82,244567.0,present
291,2024-11-01 12:00:00+00:00,97.82,98.4,97.22,98.18,297371.0,present
292,2024-11-01 14:00:00+00:00,98.18,99.18,98.04,98.62,279719.0,present
293,2024-11-01 16:00:00+00:00,98.62,99.38,98.5,98.64,107802.0,present
294,2024-11-01 18:00:00+00:00,98.64,99.1,98.5,98.9,32643.0,present
295,2024-11-01 20:00:00+00:00,98.84,99.18,98.82,99.16,21875.0,present
296,2024-11-01 22:00:00+00:00,98.872,99.212,98.72,99.088,33161.6,interpolated
297,2024-11-02 00:00:00+00:00,98.904,99.244,98.61999999999999,99.01599999999999,44448.2,interpolated
298,2024-11-02 02:00:00+00:00,98.936,99.27600000000001,98.52,98.944,55734.8,interpolated
299,2024-11-02 04:00:00+00:00,98.968,99.308,98.41999999999999,98.872,67021.4,interpolated
300,2024-11-02 06:00:00+00:00,99.0,99.34,98.32,98.8,78308.0,present
301,2024-11-02 08:00:00+00:00,98.8,99.26,98.62,99.2,88300.0,present
302,2024-11-02 10:00:00+00:00,99.2,99.9,99.14,99.66,103822.0,present
303,2024-11-02 12:00:00+00:00,99.7,100.5,99.7,100.46,181784.0,present
304,2024-11-02 14:00:00+00:00,100.44,100.62,100.02,100.4,124214.0,present
305,2024-11-02 16:00:00+00:00,100.26,100.54,100.24,100.44,30304.0,present
306,2024-11-02 18:00:00+00:00,100.44,100.88,100.42,100.7,54500.0,present
307,2024-11-02 20:00:00+00:00,100.7,100.8,100.28,100.8,44915.0,present
308,2024-11-02 22:00:00+00:00,100.70344827586207,100.82,100.28,100.80896551724138,52439.0,interpolated
309,2024-11-03 00:00:00+00:00,100.70689655172414,100.84,100.28,100.81793103448275,59963.0,interpolated
310,2024-11-03 02:00:00+00:00,100.71034482758621,100.86,100.28,100.82689655172413,67487.0,interpolated
311,2024-11-03 04:00:00+00:00,100.71379310344828,100.88,100.28,100.83586206896551,75011.0,interpolated
312,2024-11-03 06:00:00+00:00,100.71724137931035,100.89999999999999,100.28,100.84482758620689,82535.0,interpolated
313,2024-11-03 08:00:00+00:00,100.72068965517242,100.92,100.28,100.85379310344827,90059.0,interpolated
314,2024-11-03 10:00:00+00:00,100.72413793103449,100.94,100.28,100.86275862068965,97583.0,interpolated
315,2024-11-03 12:00:00+00:00,100.72758620689655,100.96,100.28,100.87172413793104,105107.0,interpolated
316,2024-11-03 14:00:00+00:00,100.73103448275862,100.97999999999999,100.28,100.88068965517242,112631.0,interpolated
317,2024-11-03 16:00:00+00:00,100.73448275862069,101.0,100.28,100.8896551724138,120155.0,interpolated
318,2024-11-03 18:00:00+00:00,100.73793103448276,101.02,100.28,100.89862068965517,127679.0,interpolated
319,2024-11-03 20:00:00+00:00,100.74137931034483,101.03999999999999,100.28,100.90758620689655,135203.0,interpolated
320,2024-11-03 22:00:00+00:00,100.7448275862069,101.06,100.28,100.91655172413793,142727.0,interpolated
321,2024-11-04 00:00:00+00:00,100.74827586206897,101.08,100.28,100.92551724137931,150251.0,interpolated
322,2024-11-04 02:00:00+00:00,100.75172413793103,101.1,100.28,100.93448275862069,157775.0,interpolated
323,2024-11-04 04:00:00+00:00,100.7551724137931,101.11999999999999,100.28,100.94344827586207,165299.0,interpolated
324,2024-11-04 06:00:00+00:00,100.75862068965517,101.14,100.28,100.95241379310345,172823.0,interpolated
325,2024-11-04 08:00:00+00:00,100.76206896551724,101.16,100.28,100.96137931034482,180347.0,interpolated
326,2024-11-04 10:00:00+00:00,100.76551724137931,101.17999999999999,100.28,100.9703448275862,187871.0,interpolated
327,2024-11-04 12:00:00+00:00,100.76896551724138,101.2,100.28,100.97931034482758,195395.0,interpolated
328,2024-11-04 14:00:00+00:00,100.77241379310345,101.22,100.28,100.98827586206896,202919.0,interpolated
329,2024-11-04 16:00:00+00:00,100.77586206896551,101.24,100.28,100.99724137931035,210443.0,interpolated
330,2024-11-04 18:00:00+00:00,100.77931034482758,101.25999999999999,100.28,101.00620689655173,217967.0,interpolated
331,2024-11-04 20:00:00+00:00,100.78275862068965,101.28,100.28,101.01517241379311,225491.0,interpolated
332,2024-11-04 22:00:00+00:00,100.78620689655172,101.3,100.28,101.02413793103449,233015.0,interpolated
333,2024-11-05 00:00:00+00:00,100.78965517241379,101.32,100.28,101.03310344827587,240539.0,interpolated
334,2024-11-05 02:00:00+00:00,100.79310344827586,101.33999999999999,100.28,101.04206896551725,248063.0,interpolated
335,2024-11-05 04:00:00+00:00,100.79655172413793,101.36,100.28,101.05103448275862,255587.0,interpolated
336,2024-11-05 06:00:00+00:00,100.8,101.38,100.28,101.06,263111.0,present
337,2024-11-05 08:00:00+00:00,101.08,103.44,100.28,103.2,624754.0,present
338,2024-11-05 10:00:00+00:00,103.22,103.36,102.2,102.72,267468.0,present
339,2024-11-05 12:00:00+00:00,102.7,103.16,102.26,103.04,144389.0,present
340,2024-11-05 12:00:00+00:00,102.7,103.16,102.26,103.04,144389.0,present
341,2024-11-05 14:00:00+00:00,103.04,104.16,102.34,103.7,461577.0,present
342,2024-11-05 16:00:00+00:00,103.78,104.4,103.64,103.88,152220.0,present
343,2024-11-05 18:00:00+00:00,103.84,105.0,103.8,104.44,169758.0,present
344,2024-11-05 20:00:00+00:00,104.4,104.56,104.12,104.2,29617.0,present
345,2024-11-05 22:00:00+00:00,104.62,105.328,104.396,104.932,251621.8,interpolated
346,2024-11-06 00:00:00+00:00,104.84,106.096,104.672,105.664,473626.6,interpolated
347,2024-11-06 02:00:00+00:00,105.06,106.864,104.94800000000001,106.396,695631.3999999999,interpolated
348,2024-11-06 04:00:00+00:00,105.28,107.632,105.224,107.128,917636.2,interpolated
349,2024-11-06 06:00:00+00:00,105.5,108.4,105.5,107.86,1139641.0,present
350,2024-11-06 08:00:00+00:00,107.86,108.48,107.1,108.08,527364.0,present
351,2024-11-06 10:00:00+00:00,108.12,108.28,107.3,107.64,537021.0,present
352,2024-11-06 12:00:00+00:00,107.64,107.72,105.82,105.96,766199.0,present
353,2024-11-06 14:00:00+00:00,105.96,106.46,105.66,105.8,466791.0,present
354,2024-11-06 16:00:00+00:00,105.8,105.9,105.1,105.9,137014.0,present
355,2024-11-06 18:00:00+00:00,105.88,105.9,105.26,105.56,60760.0,present
356,2024-11-06 20:00:00+00:00,105.58,105.9,105.58,105.9,23386.0,present
357,2024-11-06 22:00:00+00:00,105.61333333333333,106.35666666666667,105.42666666666666,106.15,143830.5,interpolated
358,2024-11-07 00:00:00+00:00,105.64666666666666,106.81333333333333,105.27333333333333,106.4,264275.0,interpolated
359,2024-11-07 02:00:00+00:00,105.68,107.27000000000001,105.12,106.65,384719.5,interpolated
360,2024-11-07 04:00:00+00:00,105.71333333333334,107.72666666666667,104.96666666666667,106.9,505164.0,interpolated
361,2024-11-07 06:00:00+00:00,105.74666666666667,108.18333333333334,104.81333333333333,107.15,625608.5,interpolated
362,2024-11-07 08:00:00+00:00,105.78,108.64,104.66,107.4,746053.0,present
363,2024-11-07 10:00:00+00:00,107.4,107.4,105.46,105.8,747062.0,present
364,2024-11-07 12:00:00+00:00,105.86,107.48,105.8,106.4,683840.0,present
365,2024-11-07 14:00:00+00:00,106.4,108.08,106.32,107.72,842433.0,present
366,2024-11-07 16:00:00+00:00,107.9,109.0,107.28,108.56,441073.0,present
367,2024-11-07 18:00:00+00:00,108.54,109.36,108.4,109.18,186406.0,present
368,2024-11-07 20:00:00+00:00,109.18,110.48,109.12,109.42,209911.0,present
369,2024-11-07 22:00:00+00:00,109.14800000000001,110.432,108.912,109.52,327485.8,interpolated
370,2024-11-08 00:00:00+00:00,109.116,110.384,108.70400000000001,109.62,445060.6,interpolated
371,2024-11-08 02:00:00+00:00,109.084,110.336,108.496,109.72,562635.4,interpolated
372,2024-11-08 04:00:00+00:00,109.05199999999999,110.288,108.288,109.82000000000001,680210.2,interpolated
373,2024-11-08 06:00:00+00:00,109.02,110.24,108.08,109.92,797785.0,present
374,2024-11-08 08:00:00+00:00,109.88,111.0,108.7,109.42,889020.0,present
375,2024-11-08 10:00:00+00:00,109.42,109.82,108.36,109.18,563904.0,present
376,2024-11-08 12:00:00+00:00,109.22,110.1,109.0,109.22,354986.0,present
377,2024-11-08 14:00:00+00:00,109.22,110.78,108.76,109.6,763531.0,present
378,2024-11-08 16:00:00+00:00,109.88,112.4,109.72,111.54,507471.0,present
379,2024-11-08 18:00:00+00:00,111.58,111.58,110.7,111.2,199652.0,present
380,2024-11-08 20:00:00+00:00,111.18,111.64,111.06,111.58,84221.0,present
381,2024-11-08 22:00:00+00:00,111.22137931034483,111.69586206896552,111.06137931034483,111.56551724137931,112051.1724137931,interpolated
382,2024-11-09 00:00:00+00:00,111.26275862068967,111.75172413793103,111.06275862068966,111.55103448275862,139881.3448275862,interpolated
383,2024-11-09 02:00:00+00:00,111.30413793103449,111.80758620689656,111.06413793103448,111.53655172413792,167711.5172413793,interpolated
384,2024-11-09 04:00:00+00:00,111.34551724137931,111.86344827586207,111.06551724137931,111.52206896551724,195541.6896551724,interpolated
385,2024-11-09 06:00:00+00:00,111.38689655172415,111.9193103448276,111.06689655172414,111.50758620689655,223371.86206896554,interpolated
386,2024-11-09 08:00:00+00:00,111.42827586206897,111.9751724137931,111.06827586206897,111.49310344827586,251202.03448275864,interpolated
387,2024-11-09 10:00:00+00:00,111.4696551724138,112.03103448275863,111.06965517241379,111.47862068965517,279032.20689655177,interpolated
388,2024-11-09 12:00:00+00:00,111.51103448275862,112.08689655172414,111.07103448275862,111.46413793103449,306862.3793103448,interpolated
389,2024-11-09 14:00:00+00:00,111.55241379310345,112.14275862068966,111.07241379310345,111.44965517241378,334692.551724138,interpolated
390,2024-11-09 16:00:00+00:00,111.59379310344828,112.19862068965517,111.07379310344828,111.4351724137931,362522.7241379311,interpolated
391,2024-11-09 18:00:00+00:00,111.6351724137931,112.2544827586207,111.0751724137931,111.42068965517241,390352.8965517242,interpolated
392,2024-11-09 20:00:00+00:00,111.67655172413794,112.3103448275862,111.07655172413793,111.40620689655172,418183.0689655173,interpolated
393,2024-11-09 22:00:00+00:00,111.71793103448276,112.36620689655173,111.07793103448276,111.39172413793104,446013.2413793104,interpolated
394,2024-11-10 00:00:00+00:00,111.75931034482758,112.42206896551724,111.07931034482759,111.37724137931035,473843.4137931035,interpolated
395,2024-11-10 02:00:00+00:00,111.80068965517242,112.47793103448276,111.0806896551724,111.36275862068965,501673.5862068966,interpolated
396,2024-11-10 04:00:00+00:00,111.84206896551724,112.53379310344828,111.08206896551724,111.34827586206896,529503.7586206896,interpolated
397,2024-11-10 06:00:00+00:00,111.88344827586207,112.5896551724138,111.08344827586207,111.33379310344827,557333.9310344828,interpolated
398,2024-11-10 08:00:00+00:00,111.9248275862069,112.64551724137931,111.0848275862069,111.31931034482758,585164.103448276,interpolated
399,2024-11-10 10:00:00+00:00,111.96620689655172,112.70137931034483,111.08620689655172,111.3048275862069,612994.275862069,interpolated
400,2024-11-10 12:00:00+00:00,112.00758620689655,112.75724137931034,111.08758620689655,111.29034482758621,640824.4482758621,interpolated
401,2024-11-10 14:00:00+00:00,112.04896551724138,112.81310344827587,111.08896551724138,111.27586206896551,668654.6206896552,interpolated
402,2024-11-10 16:00:00+00:00,112.09034482758621,112.86896551724138,111.09034482758621,111.26137931034482,696484.7931034483,interpolated
403,2024-11-10 18:00:00+00:00,112.13172413793103,112.9248275862069,111.09172413793102,111.24689655172413,724314.9655172414,interpolated
404,2024-11-10 20:00:00+00:00,112.17310344827585,112.98068965517241,111.09310344827585,111.23241379310345,752145.1379310346,interpolated
405,2024-11-10 22:00:00+00:00,112.21448275862069,113.03655172413794,111.09448275862069,111.21793103448276,779975.3103448277,interpolated
406,2024-11-11 00:00:00+00:00,112.25586206896551,113.09241379310345,111.09586206896552,111.20344827586207,807805.4827586208,interpolated
407,2024-11-11 02:00:00+00:00,112.29724137931034,113.14827586206897,111.09724137931033,111.18896551724137,835635.6551724139,interpolated
408,2024-11-11 04:00:00+00:00,112.33862068965517,113.20413793103448,111.09862068965516,111.17448275862068,863465.827586207,interpolated
409,2024-11-11 06:00:00+00:00,112.38,113.26,111.1,111.16,891296.0,present
410,2024-11-11 08:00:00+00:00,111.16,112.56,110.64,112.1,618302.0,present
411,2024-11-11 10:00:00+00:00,112.1,112.88,111.78,112.62,556657.0,present
412,2024-11-11 12:00:00+00:00,112.62,113.2,112.0,112.9,331155.0,present
413,2024-11-11 14:00:00+00:00,112.9,113.1,112.42,112.7,275103.0,present
414,2024-11-11 16:00:00+00:00,112.8,112.94,112.64,112.68,92836.0,present
415,2024-11-11 18:00:00+00:00,112.68,112.9,112.38,112.38,64013.0,present
416,2024-11-11 20:00:00+00:00,112.42,112.78,112.42,112.64,30869.0,present
417,2024-11-11 22:00:00+00:00,112.412,112.816,112.16,112.416,96237.79999999999,interpolated
418,2024-11-12 00:00:00+00:00,112.404,112.852,111.9,112.192,161606.59999999998,interpolated
419,2024-11-12 02:00:00+00:00,112.396,112.88799999999999,111.64,111.968,226975.4,interpolated
420,2024-11-12 04:00:00+00:00,112.38799999999999,112.92399999999999,111.38000000000001,111.744,292344.19999999995,interpolated
421,2024-11-12 06:00:00+00:00,112.38,112.96,111.12,111.52,357713.0,present
422,2024-11-12 08:00:00+00:00,111.54,112.58,111.42,112.12,672326.0,present
423,2024-11-12 10:00:00+00:00,112.12,112.24,111.66,112.14,388411.0,present
424,2024-11-12 12:00:00+00:00,112.16,112.22,111.66,111.66,191672.0,present
425,2024-11-12 12:00:00+00:00,112.16,112.22,111.66,111.66,191672.0,present
426,2024-11-12 14:00:00+00:00,111.7,114.84,111.64,113.9,720678.0,present
427,2024-11-12 16:00:00+00:00,113.98,114.3,113.36,113.68,212972.0,present
428,2024-11-12 18:00:00+00:00,113.68,113.74,113.0,113.44,143536.0,present
429,2024-11-12 20:00:00+00:00,113.42,113.58,113.36,113.5,42698.0,present
430,2024-11-12 22:00:00+00:00,113.38,114.024,113.32,113.956,214166.0,interpolated
431,2024-11-13 00:00:00+00:00,113.34,114.468,113.28,114.412,385634.0,interpolated
432,2024-11-13 02:00:00+00:00,113.3,114.91199999999999,113.24,114.868,557102.0,interpolated
433,2024-11-13 04:00:00+00:00,113.26,115.356,113.2,115.324,728570.0,interpolated
434,2024-11-13 06:00:00+00:00,113.22,115.8,113.16,115.78,900038.0,present
435,2024-11-13 08:00:00+00:00,115.74,115.8,114.26,114.44,988700.0,present
436,2024-11-13 10:00:00+00:00,114.44,114.98,114.34,114.48,494031.0,present
437,2024-11-13 12:00:00+00:00,114.44,115.34,113.64,114.66,585716.0,present
438,2024-11-13 14:00:00+00:00,114.66,115.2,114.5,114.92,178366.0,present
439,2024-11-13 16:00:00+00:00,114.76,114.9,113.04,113.58,471497.0,present
440,2024-11-13 18:00:00+00:00,113.58,113.6,112.7,113.0,176484.0,present
441,2024-11-13 20:00:00+00:00,112.98,113.38,112.7,112.98,66137.0,present
442,2024-11-13 22:00:00+00:00,112.98,113.50399999999999,112.72,113.028,106010.4,interpolated
443,2024-11-14 00:00:00+00:00,112.98,113.628,112.74,113.07600000000001,145883.8,interpolated
444,2024-11-14 02:00:00+00:00,112.98,113.752,112.76,113.124,185757.2,interpolated
445,2024-11-14 04:00:00+00:00,112.98,113.876,112.78,113.172,225630.6,interpolated
446,2024-11-14 06:00:00+00:00,112.98,114.0,112.8,113.22,265504.0,present
447,2024-11-14 08:00:00+00:00,113.26,113.66,113.14,113.38,339747.0,present
448,2024-11-14 10:00:00+00:00,113.38,114.6,113.0,113.26,452532.0,present
449,2024-11-14 12:00:00+00:00,113.28,113.3,112.14,112.52,527312.0,present
450,2024-11-14 14:00:00+00:00,112.52,112.64,111.5,111.86,358293.0,present
451,2024-11-14 16:00:00+00:00,111.86,112.26,110.56,111.28,205595.0,present
452,2024-11-14 18:00:00+00:00,111.28,112.26,111.22,112.1,66306.0,present
453,2024-11-14 20:00:00+00:00,112.06,112.06,111.5,111.68,43124.0,present
454,2024-11-14 22:00:00+00:00,111.952,112.07600000000001,111.456,111.71600000000001,58987.0,interpolated
455,2024-11-15 00:00:00+00:00,111.844,112.092,111.412,111.75200000000001,74850.0,interpolated
456,2024-11-15 02:00:00+00:00,111.736,112.108,111.368,111.788,90713.0,interpolated
457,2024-11-15 04:00:00+00:00,111.628,112.124,111.324,111.824,106576.0,interpolated
458,2024-11-15 06:00:00+00:00,111.52,112.14,111.28,111.86,122439.0,present
459,2024-11-15 08:00:00+00:00,111.86,112.56,111.56,111.92,209362.0,present
460,2024-11-15 10:00:00+00:00,111.92,113.82,111.56,112.4,379052.0,present
461,2024-11-15 12:00:00+00:00,112.42,113.8,111.84,113.2,360832.0,present
462,2024-11-15 14:00:00+00:00,113.22,114.92,113.02,114.8,428925.0,present
463,2024-11-15 16:00:00+00:00,114.8,115.44,114.22,114.24,268447.0,present
464,2024-11-15 18:00:00+00:00,114.24,115.5,114.18,115.12,161946.0,present
465,2024-11-15 20:00:00+00:00,115.14,115.46,115.06,115.16,59691.0,present
466,2024-11-15 22:00:00+00:00,115.03862068965518,115.40620689655172,114.94413793103449,115.10689655172413,87013.13793103448,interpolated
467,2024-11-16 00:00:00+00:00,114.93724137931035,115.35241379310344,114.82827586206896,115.05379310344827,114335.27586206896,interpolated
468,2024-11-16 02:00:00+00:00,114.83586206896551,115.29862068965517,114.71241379310345,115.00068965517241,141657.41379310345,interpolated
469,2024-11-16 04:00:00+00:00,114.73448275862069,115.2448275862069,114.59655172413794,114.94758620689655,168979.5517241379,interpolated
470,2024-11-16 06:00:00+00:00,114.63310344827586,115.19103448275861,114.48068965517241,114.89448275862068,196301.6896551724,interpolated
471,2024-11-16 08:00:00+00:00,114.53172413793104,115.13724137931034,114.3648275862069,114.84137931034482,223623.8275862069,interpolated
472,2024-11-16 10:00:00+00:00,114.43034482758621,115.08344827586207,114.24896551724139,114.78827586206896,250945.9655172414,interpolated
473,2024-11-16 12:00:00+00:00,114.32896551724139,115.0296551724138,114.13310344827586,114.73517241379311,278268.1034482758,interpolated
474,2024-11-16 14:00:00+00:00,114.22758620689655,114.97586206896551,114.01724137931035,114.68206896551725,305590.2413793104,interpolated
475,2024-11-16 16:00:00+00:00,114.12620689655172,114.92206896551724,113.90137931034484,114.62896551724138,332912.3793103448,interpolated
476,2024-11-16 18:00:00+00:00,114.0248275862069,114.86827586206897,113.78551724137931,114.57586206896552,360234.5172413793,interpolated
477,2024-11-16 20:00:00+00:00,113.92344827586207,114.81448275862068,113.6696551724138,114.52275862068966,387556.6551724138,interpolated
478,2024-11-16 22:00:00+00:00,113.82206896551725,114.76068965517241,113.55379310344829,114.4696551724138,414878.7931034483,interpolated
479,2024-11-17 00:00:00+00:00,113.72068965517242,114.70689655172414,113.43793103448276,114.41655172413793,442200.9310344828,interpolated
480,2024-11-17 02:00:00+00:00,113.61931034482758,114.65310344827586,113.32206896551725,114.36344827586207,469523.0689655172,interpolated
481,2024-11-17 04:00:00+00:00,113.51793103448276,114.59931034482759,113.20620689655172,114.3103448275862,496845.2068965517,interpolated
482,2024-11-17 06:00:00+00:00,113.41655172413793,114.54551724137932,113.09034482758621,114.25724137931034,524167.3448275862,interpolated
483,2024-11-17 08:00:00+00:00,113.3151724137931,114.49172413793103,112.9744827586207,114.20413793103448,551489.4827586208,interpolated
484,2024-11-17 10:00:00+00:00,113.21379310344828,114.43793103448276,112.85862068965517,114.15103448275862,578811.6206896552,interpolated
485,2024-11-17 12:00:00+00:00,113.11241379310346,114.38413793103449,112.74275862068966,114.09793103448276,606133.7586206896,interpolated
486,2024-11-17 14:00:00+00:00,113.01103448275862,114.3303448275862,112.62689655172414,114.04482758620689,633455.8965517242,interpolated
487,2024-11-17 16:00:00+00:00,112.90965517241379,114.27655172413793,112.51103448275862,113.99172413793104,660778.0344827586,interpolated
488,2024-11-17 18:00:00+00:00,112.80827586206897,114.22275862068966,112.3951724137931,113.93862068965518,688100.172413793,interpolated
489,2024-11-17 20:00:00+00:00,112.70689655172414,114.16896551724139,112.27931034482759,113.88551724137932,715422.3103448276,interpolated
490,2024-11-17 22:00:00+00:00,112.60551724137932,114.1151724137931,112.16344827586207,113.83241379310346,742744.448275862,interpolated
491,2024-11-18 00:00:00+00:00,112.50413793103449,114.06137931034483,112.04758620689655,113.77931034482759,770066.5862068966,interpolated
492,2024-11-18 02:00:00+00:00,112.40275862068965,114.00758620689656,111.93172413793104,113.72620689655173,797388.724137931,interpolated
493,2024-11-18 04:00:00+00:00,112.30137931034483,113.95379310344828,111.81586206896552,113.67310344827587,824710.8620689656,interpolated
494,2024-11-18 06:00:00+00:00,112.2,113.9,111.7,113.62,852033.0,present
495,2024-11-18 08:00:00+00:00,113.62,115.0,113.38,113.6,908770.0,present
496,2024-11-18 10:00:00+00:00,113.58,115.5,113.52,115.2,672762.0,present
497,2024-11-18 12:00:00+00:00,115.22,115.48,114.5,115.32,268042.0,present
498,2024-11-18 14:00:00+00:00,115.32,115.8,114.52,114.52,493963.0,present
499,2024-11-18 16:00:00+00:00,114.66,114.8,114.14,114.74,153973.0,present
500,2024-11-18 18:00:00+00:00,114.74,115.04,114.3,114.74,117566.0,present
501,2024-11-18 20:00:00+00:00,114.76,114.84,114.42,114.46,35552.0,present
502,2024-11-18 22:00:00+00:00,114.736,115.092,114.44800000000001,114.55999999999999,174780.8,interpolated
503,2024-11-19 00:00:00+00:00,114.712,115.344,114.476,114.66,314009.6,interpolated
504,2024-11-19 02:00:00+00:00,114.688,115.596,114.504,114.75999999999999,453238.39999999997,interpolated
505,2024-11-19 04:00:00+00:00,114.664,115.848,114.532,114.86,592467.2,interpolated
506,2024-11-19 06:00:00+00:00,114.64,116.1,114.56,114.96,731696.0,present
507,2024-11-19 08:00:00+00:00,114.96,115.08,113.0,114.78,763475.0,present
508,2024-11-19 10:00:00+00:00,114.74,115.0,113.6,113.7,391746.0,present
509,2024-11-19 12:00:00+00:00,113.7,114.3,111.58,111.82,732793.0,present
510,2024-11-19 12:00:00+00:00,113.7,114.3,111.58,111.82,732793.0,present
511,2024-11-19 14:00:00+00:00,111.76,112.38,110.02,110.02,1049576.0,present
512,2024-11-19 16:00:00+00:00,110.1,111.26,109.52,111.04,248829.0,present
513,2024-11-19 18:00:00+00:00,111.02,111.04,110.32,110.74,48170.0,present
514,2024-11-19 20:00:00+00:00,110.7,111.1,110.62,111.0,33174.0,present
515,2024-11-19 22:00:00+00:00,110.8,111.268,110.596,110.932,98322.59999999999,interpolated
516,2024-11-20 00:00:00+00:00,110.9,111.43599999999999,110.572,110.864,163471.19999999998,interpolated
517,2024-11-20 02:00:00+00:00,111.0,111.604,110.548,110.79599999999999,228619.8,interpolated
518,2024-11-20 04:00:00+00:00,111.10000000000001,111.77199999999999,110.524,110.728,293768.39999999997,interpolated
519,2024-11-20 06:00:00+00:00,111.2,111.94,110.5,110.66,358917.0,present
520,2024-11-20 08:00:00+00:00,110.66,111.56,110.38,110.98,487805.0,present
521,2024-11-20 10:00:00+00:00,110.96,112.0,110.42,111.1,446496.0,present
522,2024-11-20 12:00:00+00:00,111.1,111.3,109.86,109.98,298993.0,present
523,2024-11-20 14:00:00+00:00,109.98,110.0,108.06,108.12,639165.0,present
524,2024-11-20 16:00:00+00:00,107.84,108.4,106.0,108.0,575457.0,present
525,2024-11-20 18:00:00+00:00,108.02,108.6,107.5,107.82,83013.0,present
526,2024-11-20 20:00:00+00:00,107.82,108.44,107.54,108.28,27295.0,present
527,2024-11-20 22:00:00+00:00,107.916,108.508,107.40400000000001,108.072,77991.2,interpolated
528,2024-11-21 00:00:00+00:00,108.012,108.576,107.268,107.864,128687.4,interpolated
529,2024-11-21 02:00:00+00:00,108.10799999999999,108.644,107.132,107.65599999999999,179383.6,interpolated
530,2024-11-21 04:00:00+00:00,108.204,108.712,106.996,107.448,230079.8,interpolated
531,2024-11-21 06:00:00+00:00,108.3,108.78,106.86,107.24,280776.0,present
532,2024-11-21 08:00:00+00:00,107.26,108.58,107.04,108.12,618632.0,present
533,2024-11-21 10:00:00+00:00,108.1,109.4,107.8,108.14,412243.0,present
534,2024-11-21 12:00:00+00:00,108.14,108.36,106.6,108.04,630367.0,present
535,2024-11-21 14:00:00+00:00,108.06,109.78,107.0,107.46,479734.0,present
536,2024-11-21 16:00:00+00:00,107.4,108.34,107.0,107.98,239501.0,present
537,2024-11-21 18:00:00+00:00,107.98,109.36,107.32,108.94,257119.0,present
538,2024-11-21 20:00:00+00:00,108.94,109.48,108.94,109.32,78070.0,present
539,2024-11-21 22:00:00+00:00,109.048,109.54,108.904,109.29599999999999,105490.6,interpolated
540,2024-11-22 00:00:00+00:00,109.156,109.60000000000001,108.868,109.27199999999999,132911.2,interpolated
541,2024-11-22 02:00:00+00:00,109.264,109.66,108.83200000000001,109.248,160331.8,interpolated
542,2024-11-22 04:00:00+00:00,109.372,109.72,108.796,109.224,187752.4,interpolated
543,2024-11-22 06:00:00+00:00,109.48,109.78,108.76,109.2,215173.0,present
544,2024-11-22 08:00:00+00:00,109.18,109.22,108.0,109.14,332801.0,present
545,2024-11-22 10:00:00+00:00,109.14,109.62,108.6,108.82,214588.0,present
546,2024-11-22 12:00:00+00:00,108.82,109.96,107.64,108.66,534319.0,present
547,2024-11-22 14:00:00+00:00,108.64,109.6,106.76,106.76,763439.0,present
548,2024-11-22 16:00:00+00:00,106.94,109.0,106.82,108.62,295709.0,present
549,2024-11-22 18:00:00+00:00,108.6,108.9,108.22,108.56,55866.0,present
550,2024-11-22 20:00:00+00:00,108.6,108.68,108.2,108.52,50953.0,present
551,2024-11-22 22:00:00+00:00,108.59655172413792,108.68413793103448,108.15034482758621,108.46275862068966,60042.3448275862,interpolated
552,2024-11-23 00:00:00+00:00,108.59310344827585,108.68827586206898,108.10068965517242,108.4055172413793,69131.6896551724,interpolated
553,2024-11-23 02:00:00+00:00,108.58965517241379,108.69241379310346,108.05103448275862,108.34827586206896,78221.03448275862,interpolated
554,2024-11-23 04:00:00+00:00,108.58620689655172,108.69655172413793,108.00137931034483,108.29103448275862,87310.37931034483,interpolated
555,2024-11-23 06:00:00+00:00,108.58275862068965,108.70068965517243,107.95172413793104,108.23379310344828,96399.72413793103,interpolated
556,2024-11-23 08:00:00+00:00,108.57931034482758,108.7048275862069,107.90206896551724,108.17655172413792,105489.06896551725,interpolated
557,2024-11-23 10:00:00+00:00,108.5758620689655,108.70896551724138,107.85241379310345,108.11931034482758,114578.41379310345,interpolated
558,2024-11-23 12:00:00+00:00,108.57241379310345,108.71310344827586,107.80275862068966,108.06206896551724,123667.75862068965,interpolated
559,2024-11-23 14:00:00+00:00,108.56896551724138,108.71724137931035,107.75310344827587,108.0048275862069,132757.10344827586,interpolated
560,2024-11-23 16:00:00+00:00,108.56551724137931,108.72137931034483,107.70344827586207,107.94758620689655,141846.44827586206,interpolated
561,2024-11-23 18:00:00+00:00,108.56206896551724,108.72551724137931,107.65379310344828,107.8903448275862,150935.7931034483,interpolated
562,2024-11-23 20:00:00+00:00,108.55862068965517,108.7296551724138,107.60413793103449,107.83310344827586,160025.1379310345,interpolated
563,2024-11-23 22:00:00+00:00,108.5551724137931,108.73379310344828,107.5544827586207,107.77586206896551,169114.4827586207,interpolated
564,2024-11-24 00:00:00+00:00,108.55172413793103,108.73793103448276,107.5048275862069,107.71862068965517,178203.8275862069,interpolated
565,2024-11-24 02:00:00+00:00,108.54827586206896,108.74206896551725,107.45517241379311,107.66137931034483,187293.1724137931,interpolated
566,2024-11-24 04:00:00+00:00,108.54482758620689,108.74620689655173,107.40551724137931,107.60413793103449,196382.5172413793,interpolated
567,2024-11-24 06:00:00+00:00,108.54137931034482,108.7503448275862,107.35586206896552,107.54689655172413,205471.8620689655,interpolated
568,2024-11-24 08:00:00+00:00,108.53793103448275,108.7544827586207,107.30620689655173,107.48965517241379,214561.2068965517,interpolated
569,2024-11-24 10:00:00+00:00,108.53448275862068,108.75862068965517,107.25655172413794,107.43241379310345,223650.5517241379,interpolated
570,2024-11-24 12:00:00+00:00,108.53103448275861,108.76275862068965,107.20689655172414,107.3751724137931,232739.89655172412,interpolated
571,2024-11-24 14:00:00+00:00,108.52758620689654,108.76689655172414,107.15724137931035,107.31793103448275,241829.24137931032,interpolated
572,2024-11-24 16:00:00+00:00,108.52413793103449,108.77103448275862,107.10758620689656,107.26068965517241,250918.58620689655,interpolated
573,2024-11-24 18:00:00+00:00,108.52068965517242,108.7751724137931,107.05793103448276,107.20344827586207,260007.93103448275,interpolated
574,2024-11-24 20:00:00+00:00,108.51724137931035,108.77931034482758,107.00827586206897,107.14620689655172,269097.275862069,interpolated
575,2024-11-24 22:00:00+00:00,108.51379310344828,108.78344827586207,106.95862068965518,107.08896551724138,278186.6206896552,interpolated
576,2024-11-25 00:00:00+00:00,108.51034482758621,108.78758620689655,106.90896551724138,107.03172413793104,287275.9655172414,interpolated
577,2024-11-25 02:00:00+00:00,108.50689655172414,108.79172413793103,106.85931034482759,106.9744827586207,296365.3103448276,interpolated
578,2024-11-25 04:00:00+00:00,108.50344827586207,108.79586206896552,106.8096551724138,106.91724137931034,305454.6551724138,interpolated
579,2024-11-25 06:00:00+00:00,108.5,108.8,106.76,106.86,314544.0,present
580,2024-11-25 08:00:00+00:00,106.8,107.5,106.14,106.82,348630.0,present
581,2024-11-25 10:00:00+00:00,106.82,106.98,105.44,106.32,352521.0,present
582,2024-11-25 12:00:00+00:00,106.32,106.54,105.32,105.74,240980.0,present
583,2024-11-25 14:00:00+00:00,105.78,105.9,103.64,104.3,644424.0,present
584,2024-11-25 16:00:00+00:00,104.28,104.28,103.1,103.48,153440.0,present
585,2024-11-25 18:00:00+00:00,103.48,104.46,103.4,104.32,135918.0,present
586,2024-11-25 20:00:00+00:00,104.36,104.48,103.7,103.94,45625.0,present
587,2024-11-25 22:00:00+00:00,104.208,104.656,103.56400000000001,104.1,107361.2,interpolated
588,2024-11-26 00:00:00+00:00,104.056,104.83200000000001,103.428,104.25999999999999,169097.4,interpolated
589,2024-11-26 02:00:00+00:00,103.904,105.008,103.292,104.42,230833.59999999998,interpolated
590,2024-11-26 04:00:00+00:00,103.752,105.184,103.15599999999999,104.58,292569.8,interpolated
591,2024-11-26 06:00:00+00:00,103.6,105.36,103.02,104.74,354306.0,present
592,2024-11-26 08:00:00+00:00,104.76,106.5,104.62,105.18,439188.0,present
593,2024-11-26 10:00:00+00:00,105.18,106.12,103.72,103.98,346414.0,present
594,2024-11-26 12:00:00+00:00,103.96,105.0,102.6,104.24,585454.0,present
595,2024-11-26 12:00:00+00:00,103.96,105.0,102.6,104.24,585454.0,present
596,2024-11-26 14:00:00+00:00,104.28,105.68,102.16,102.72,516416.0,present
597,2024-11-26 16:00:00+00:00,102.72,103.3,102.06,102.24,241874.0,present
598,2024-11-26 18:00:00+00:00,102.24,102.9,101.86,102.84,120559.0,present
599,2024-11-26 20:00:00+00:00,102.9,104.32,102.86,104.08,85380.0,present
600,2024-11-26 22:00:00+00:00,103.2,104.53999999999999,102.836,103.944,156128.0,interpolated
601,2024-11-27 00:00:00+00:00,103.5,104.75999999999999,102.812,103.808,226876.0,interpolated
602,2024-11-27 02:00:00+00:00,103.80000000000001,104.98,102.788,103.672,297624.0,interpolated
603,2024-11-27 04:00:00+00:00,104.10000000000001,105.2,102.764,103.536,368372.0,interpolated
604,2024-11-27 06:00:00+00:00,104.4,105.42,102.74,103.4,439120.0,present
605,2024-11-27 08:00:00+00:00,103.38,105.8,103.1,105.46,689332.0,present
606,2024-11-27 10:00:00+00:00,105.5,109.0,105.5,108.5,1021353.0,present
607,2024-11-27 12:00:00+00:00,108.48,109.36,107.04,108.18,967053.0,present
608,2024-11-27 14:00:00+00:00,108.22,109.3,107.1,109.08,646037.0,present
609,2024-11-27 16:00:00+00:00,109.24,110.72,109.12,110.46,503289.0,present
610,2024-11-27 18:00:00+00:00,110.46,110.9,109.8,110.84,199117.0,present
611,2024-11-27 20:00:00+00:00,110.86,111.4,110.72,110.96,116466.0,present
612,2024-11-27 22:00:00+00:00,110.972,111.568,110.524,110.768,256200.4,interpolated
613,2024-11-28 00:00:00+00:00,111.084,111.736,110.328,110.576,395934.8,interpolated
614,2024-11-28 02:00:00+00:00,111.196,111.904,110.13199999999999,110.384,535669.2,interpolated
615,2024-11-28 04:00:00+00:00,111.308,112.072,109.93599999999999,110.192,675403.6,interpolated
616,2024-11-28 06:00:00+00:00,111.42,112.24,109.74,110.0,815138.0,present
617,2024-11-28 08:00:00+00:00,110.02,111.3,109.52,110.24,680134.0,present
618,2024-11-28 10:00:00+00:00,110.2,110.7,109.28,109.62,417709.0,present
619,2024-11-28 12:00:00+00:00,109.56,110.74,109.4,110.0,297919.0,present
620,2024-11-28 14:00:00+00:00,110.0,110.32,108.08,110.12,878532.0,present
621,2024-11-28 16:00:00+00:00,110.12,111.18,109.82,110.24,154705.0,present
622,2024-11-28 18:00:00+00:00,110.22,110.52,110.08,110.2,50600.0,present
623,2024-11-28 20:00:00+00:00,110.2,110.26,109.96,110.08,28587.0,present
624,2024-11-28 22:00:00+00:00,110.284,110.388,109.904,110.196,58293.2,interpolated
625,2024-11-29 00:00:00+00:00,110.36800000000001,110.516,109.848,110.312,87999.4,interpolated
626,2024-11-29 02:00:00+00:00,110.452,110.644,109.792,110.428,117705.6,interpolated
627,2024-11-29 04:00:00+00:00,110.536,110.772,109.736,110.544,147411.8,interpolated
628,2024-11-29 06:00:00+00:00,110.62,110.9,109.68,110.66,177118.0,present
629,2024-11-29 08:00:00+00:00,110.66,114.0,110.64,113.58,763517.0,present
630,2024-11-29 10:00:00+00:00,113.58,113.66,112.62,113.14,330156.0,present
631,2024-11-29 12:00:00+00:00,113.14,113.82,112.28,112.78,307062.0,present
632,2024-11-29 14:00:00+00:00,112.78,113.6,111.8,112.7,583308.0,present
633,2024-11-29 16:00:00+00:00,112.6,112.96,112.08,112.78,96640.0,present
634,2024-11-29 18:00:00+00:00,112.76,113.08,112.52,112.96,32453.0,present
635,2024-11-29 20:00:00+00:00,112.96,112.98,112.74,112.96,28403.0,present
636,2024-11-29 22:00:00+00:00,112.96689655172413,113.01379310344828,112.75448275862068,112.9855172413793,36384.03448275862,interpolated
637,2024-11-30 00:00:00+00:00,112.97379310344827,113.04758620689655,112.76896551724137,113.01103448275862,44365.06896551725,interpolated
638,2024-11-30 02:00:00+00:00,112.98068965517241,113.08137931034483,112.78344827586207,113.03655172413792,52346.10344827587,interpolated
639,2024-11-30 04:00:00+00:00,112.98758620689655,113.1151724137931,112.79793103448276,113.06206896551724,60327.137931034486,interpolated
640,2024-11-30 06:00:00+00:00,112.99448275862068,113.14896551724138,112.81241379310345,113.08758620689655,68308.1724137931,interpolated
641,2024-11-30 08:00:00+00:00,113.00137931034482,113.18275862068965,112.82689655172413,113.11310344827585,76289.20689655174,interpolated
642,2024-11-30 10:00:00+00:00,113.00827586206896,113.21655172413793,112.84137931034482,113.13862068965517,84270.24137931035,interpolated
643,2024-11-30 12:00:00+00:00,113.0151724137931,113.2503448275862,112.85586206896551,113.16413793103447,92251.27586206897,interpolated
644,2024-11-30 14:00:00+00:00,113.02206896551724,113.28413793103448,112.87034482758621,113.1896551724138,100232.3103448276,interpolated
645,2024-11-30 16:00:00+00:00,113.02896551724137,113.31793103448275,112.8848275862069,113.2151724137931,108213.34482758622,interpolated
646,2024-11-30 18:00:00+00:00,113.03586206896551,113.35172413793103,112.89931034482758,113.24068965517242,116194.37931034484,interpolated
647,2024-11-30 20:00:00+00:00,113.04275862068965,113.3855172413793,112.91379310344827,113.26620689655172,124175.41379310346,interpolated
648,2024-11-30 22:00:00+00:00,113.0496551724138,113.41931034482758,112.92827586206896,113.29172413793103,132156.4482758621,interpolated
649,2024-12-01 00:00:00+00:00,113.05655172413793,113.45310344827585,112.94275862068964,113.31724137931035,140137.4827586207,interpolated
650,2024-12-01 02:00:00+00:00,113.06344827586206,113.48689655172414,112.95724137931035,113.34275862068965,148118.5172413793,interpolated
651,2024-12-01 04:00:00+00:00,113.0703448275862,113.52068965517242,112.97172413793103,113.36827586206897,156099.55172413794,interpolated
652,2024-12-01 06:00:00+00:00,113.07724137931034,113.5544827586207,112.98620689655172,113.39379310344827,164080.58620689655,interpolated
653,2024-12-01 08:00:00+00:00,113.08413793103448,113.58827586206897,113.00068965517241,113.41931034482758,172061.6206896552,interpolated
654,2024-12-01 10:00:00+00:00,113.09103448275862,113.62206896551724,113.0151724137931,113.4448275862069,180042.6551724138,interpolated
655,2024-12-01 12:00:00+00:00,113.09793103448276,113.65586206896552,113.02965517241378,113.4703448275862,188023.68965517243,interpolated
656,2024-12-01 14:00:00+00:00,113.1048275862069,113.6896551724138,113.04413793103448,113.49586206896552,196004.72413793104,interpolated
657,2024-12-01 16:00:00+00:00,113.11172413793103,113.72344827586207,113.05862068965517,113.52137931034483,203985.75862068968,interpolated
658,2024-12-01 18:00:00+00:00,113.11862068965517,113.75724137931034,113.07310344827586,113.54689655172415,211966.7931034483,interpolated
659,2024-12-01 20:00:00+00:00,113.12551724137931,113.79103448275862,113.08758620689655,113.57241379310345,219947.82758620693,interpolated
660,2024-12-01 22:00:00+00:00,113.13241379310344,113.8248275862069,113.10206896551723,113.59793103448276,227928.86206896554,interpolated
661,2024-12-02 00:00:00+00:00,113.13931034482758,113.85862068965517,113.11655172413792,113.62344827586207,235909.89655172414,interpolated
662,2024-12-02 02:00:00+00:00,113.14620689655172,113.89241379310344,113.13103448275862,113.64896551724138,243890.93103448278,interpolated
663,2024-12-02 04:00:00+00:00,113.15310344827586,113.92620689655172,113.14551724137931,113.6744827586207,251871.9655172414,interpolated
664,2024-12-02 06:00:00+00:00,113.16,113.96,113.16,113.7,259853.0,present
665,2024-12-02 08:00:00+00:00,113.72,114.0,112.72,113.32,329542.0,present
666,2024-12-02 10:00:00+00:00,113.3,113.7,113.0,113.56,212871.0,present
667,2024-12-02 12:00:00+00:00,113.58,113.9,113.3,113.44,203268.0,present
668,2024-12-02 14:00:00+00:00,113.5,114.9,113.16,114.34,571506.0,present
669,2024-12-02 16:00:00+00:00,114.28,114.8,114.02,114.06,90482.0,present
670,2024-12-02 18:00:00+00:00,114.06,114.54,114.04,114.46,37019.0,present
671,2024-12-02 20:00:00+00:00,114.48,114.5,114.1,114.1,14182.0,present
672,2024-12-02 22:00:00+00:00,114.376,114.468,113.744,113.82,62103.4,interpolated
673,2024-12-03 00:00:00+00:00,114.272,114.436,113.38799999999999,113.53999999999999,110024.8,interpolated
674,2024-12-03 02:00:00+00:00,114.16799999999999,114.404,113.032,113.26,157946.2,interpolated
675,2024-12-03 04:00:00+00:00,114.064,114.372,112.67599999999999,112.98,205867.6,interpolated
676,2024-12-03 06:00:00+00:00,113.96,114.34,112.32,112.7,253789.0,present
677,2024-12-03 08:00:00+00:00,112.72,112.72,111.26,111.26,402690.0,present
678,2024-12-03 10:00:00+00:00,111.26,113.16,111.2,112.62,373250.0,present
679,2024-12-03 12:00:00+00:00,112.6,112.64,110.04,110.36,683982.0,present
680,2024-12-03 12:00:00+00:00,112.6,112.64,110.04,110.36,683982.0,present
681,2024-12-03 14:00:00+00:00,110.36,110.82,109.82,110.52,335969.0,present
682,2024-12-03 16:00:00+00:00,110.5,110.64,109.84,109.92,106497.0,present
683,2024-12-03 18:00:00+00:00,109.96,110.0,109.3,109.7,100531.0,present
684,2024-12-03 20:00:00+00:00,109.72,110.5,109.72,110.4,35399.0,present
685,2024-12-03 22:00:00+00:00,109.952,110.576,109.608,110.28,92312.2,interpolated
686,2024-12-04 00:00:00+00:00,110.184,110.652,109.496,110.16,149225.4,interpolated
687,2024-12-04 02:00:00+00:00,110.416,110.728,109.384,110.04,206138.59999999998,interpolated
688,2024-12-04 04:00:00+00:00,110.648,110.804,109.27199999999999,109.92,263051.8,interpolated
689,2024-12-04 06:00:00+00:00,110.88,110.88,109.16,109.8,319965.0,present
690,2024-12-04 08:00:00+00:00,109.76,110.46,109.06,109.2,563649.0,present
691,2024-12-04 10:00:00+00:00,109.2,109.5,109.06,109.1,151811.0,present
692,2024-12-04 12:00:00+00:00,109.14,109.74,107.16,107.86,747632.0,present
693,2024-12-04 14:00:00+00:00,107.84,107.86,106.46,106.64,431654.0,present
694,2024-12-04 16:00:00+00:00,106.74,106.76,104.56,104.82,599221.0,present
695,2024-12-04 18:00:00+00:00,104.84,105.0,104.28,104.7,207469.0,present
696,2024-12-04 20:00:00+00:00,104.7,104.82,104.1,104.2,49161.0,present
697,2024-12-04 22:00:00+00:00,104.68,105.088,104.128,104.424,137984.8,interpolated
698,2024-12-05 00:00:00+00:00,104.66,105.356,104.15599999999999,104.648,226808.6,interpolated
699,2024-12-05 02:00:00+00:00,104.64,105.624,104.184,104.872,315632.4,interpolated
700,2024-12-05 04:00:00+00:00,104.61999999999999,105.892,104.21199999999999,105.09599999999999,404456.2,interpolated
701,2024-12-05 06:00:00+00:00,104.6,106.16,104.24,105.32,493280.0,present
702,2024-12-05 08:00:00+00:00,105.32,106.66,104.18,105.14,722781.0,present
703,2024-12-05 10:00:00+00:00,105.12,105.96,103.4,103.58,390586.0,present
704,2024-12-05 12:00:00+00:00,103.58,106.9,102.8,106.06,753377.0,present
705,2024-12-05 14:00:00+00:00,106.08,108.2,105.98,107.96,626371.0,present
706,2024-12-05 16:00:00+00:00,107.74,108.66,107.66,107.88,243933.0,present
707,2024-12-05 18:00:00+00:00,107.88,108.7,107.84,108.4,87743.0,present
708,2024-12-05 20:00:00+00:00,108.4,108.5,108.0,108.16,33071.0,present
709,2024-12-05 22:00:00+00:00,108.352,108.768,107.96,108.416,113412.4,interpolated
710,2024-12-06 00:00:00+00:00,108.304,109.036,107.92,108.672,193753.8,interpolated
711,2024-12-06 02:00:00+00:00,108.256,109.304,107.88,108.928,274095.19999999995,interpolated
712,2024-12-06 04:00:00+00:00,108.208,109.572,107.84,109.184,354436.6,interpolated
713,2024-12-06 06:00:00+00:00,108.16,109.84,107.8,109.44,434778.0,present
714,2024-12-06 08:00:00+00:00,109.44,109.58,107.32,107.72,758499.0,present
715,2024-12-06 10:00:00+00:00,107.66,108.7,107.34,108.7,282992.0,present
716,2024-12-06 12:00:00+00:00,108.7,108.94,106.92,107.52,383556.0,present
717,2024-12-06 14:00:00+00:00,107.52,107.78,106.72,106.72,332722.0,present
718,2024-12-06 16:00:00+00:00,106.88,107.84,106.74,107.68,155875.0,present
719,2024-12-06 18:00:00+00:00,107.7,108.0,107.46,107.82,68713.0,present
720,2024-12-06 20:00:00+00:00,107.82,107.88,107.68,107.8,31807.0,present
721,2024-12-06 22:00:00+00:00,107.84344827586206,107.91862068965517,107.68551724137932,107.81655172413792,40081.55172413793,interpolated
722,2024-12-07 00:00:00+00:00,107.86689655172412,107.95724137931035,107.69103448275862,107.83310344827586,48356.10344827586,interpolated
723,2024-12-07 02:00:00+00:00,107.8903448275862,107.99586206896551,107.69655172413793,107.84965517241379,56630.6551724138,interpolated
724,2024-12-07 04:00:00+00:00,107.91379310344827,108.03448275862068,107.70206896551724,107.86620689655172,64905.206896551725,interpolated
725,2024-12-07 06:00:00+00:00,107.93724137931034,108.07310344827586,107.70758620689656,107.88275862068966,73179.75862068965,interpolated
726,2024-12-07 08:00:00+00:00,107.9606896551724,108.11172413793103,107.71310344827587,107.89931034482758,81454.3103448276,interpolated
727,2024-12-07 10:00:00+00:00,107.98413793103448,108.15034482758621,107.71862068965518,107.91586206896551,89728.8620689655,interpolated
728,2024-12-07 12:00:00+00:00,108.00758620689655,108.18896551724137,107.72413793103449,107.93241379310345,98003.41379310345,interpolated
729,2024-12-07 14:00:00+00:00,108.03103448275861,108.22758620689655,107.7296551724138,107.94896551724138,106277.96551724138,interpolated
730,2024-12-07 16:00:00+00:00,108.05448275862068,108.26620689655172,107.73517241379311,107.9655172413793,114552.5172413793,interpolated
731,2024-12-07 18:00:00+00:00,108.07793103448276,108.3048275862069,107.74068965517242,107.98206896551724,122827.06896551723,interpolated
732,2024-12-07 20:00:00+00:00,108.10137931034483,108.34344827586207,107.74620689655173,107.99862068965517,131101.6206896552,interpolated
733,2024-12-07 22:00:00+00:00,108.12482758620689,108.38206896551723,107.75172413793103,108.0151724137931,139376.1724137931,interpolated
734,2024-12-08 00:00:00+00:00,108.14827586206896,108.42068965517241,107.75724137931034,108.03172413793104,147650.724137931,interpolated
735,2024-12-08 02:00:00+00:00,108.17172413793104,108.45931034482759,107.76275862068967,108.04827586206896,155925.27586206896,interpolated
736,2024-12-08 04:00:00+00:00,108.1951724137931,108.49793103448276,107.76827586206898,108.0648275862069,164199.8275862069,interpolated
737,2024-12-08 06:00:00+00:00,108.21862068965517,108.53655172413792,107.77379310344828,108.08137931034483,172474.3793103448,interpolated
738,2024-12-08 08:00:00+00:00,108.24206896551723,108.5751724137931,107.77931034482759,108.09793103448276,180748.93103448275,interpolated
739,2024-12-08 10:00:00+00:00,108.26551724137931,108.61379310344827,107.7848275862069,108.1144827586207,189023.4827586207,interpolated
740,2024-12-08 12:00:00+00:00,108.28896551724138,108.65241379310345,107.79034482758621,108.13103448275862,197298.0344827586,interpolated
741,2024-12-08 14:00:00+00:00,108.31241379310345,108.69103448275862,107.79586206896552,108.14758620689655,205572.58620689655,interpolated
742,2024-12-08 16:00:00+00:00,108.33586206896551,108.72965517241379,107.80137931034483,108.16413793103449,213847.13793103446,interpolated
743,2024-12-08 18:00:00+00:00,108.35931034482759,108.76827586206896,107.80689655172414,108.18068965517242,222121.6896551724,interpolated
744,2024-12-08 20:00:00+00:00,108.38275862068966,108.80689655172414,107.81241379310345,108.19724137931034,230396.24137931035,interpolated
745,2024-12-08 22:00:00+00:00,108.40620689655172,108.84551724137931,107.81793103448277,108.21379310344828,238670.79310344826,interpolated
746,2024-12-09 00:00:00+00:00,108.42965517241379,108.88413793103449,107.82344827586208,108.23034482758621,246945.3448275862,interpolated
747,2024-12-09 02:00:00+00:00,108.45310344827587,108.92275862068965,107.82896551724139,108.24689655172413,255219.89655172412,interpolated
748,2024-12-09 04:00:00+00:00,108.47655172413793,108.96137931034482,107.8344827586207,108.26344827586207,263494.448275862,interpolated
749,2024-12-09 06:00:00+00:00,108.5,109.0,107.84,108.28,271769.0,present
750,2024-12-09 08:00:00+00:00,108.3,108.4,107.14,107.44,234020.0,present
751,2024-12-09 10:00:00+00:00,107.44,107.7,107.06,107.2,168274.0,present
752,2024-12-09 12:00:00+00:00,107.2,107.56,106.38,107.54,966550.0,present
753,2024-12-09 14:00:00+00:00,107.54,107.8,106.9,107.12,343751.0,present
754,2024-12-09 16:00:00+00:00,107.24,107.3,106.9,107.06,76520.0,present
755,2024-12-09 18:00:00+00:00,107.06,107.28,106.96,107.16,36445.0,present
756,2024-12-09 20:00:00+00:00,107.14,107.14,106.86,106.86,18734.0,present
757,2024-12-09 22:00:00+00:00,107.092,107.092,106.644,106.648,81438.6,interpolated
758,2024-12-10 00:00:00+00:00,107.044,107.044,106.428,106.43599999999999,144143.2,interpolated
759,2024-12-10 02:00:00+00:00,106.99600000000001,106.99600000000001,106.212,106.224,206847.8,interpolated
760,2024-12-10 04:00:00+00:00,106.94800000000001,106.94800000000001,105.996,106.012,269552.4,interpolated
761,2024-12-10 06:00:00+00:00,106.9,106.9,105.78,105.8,332257.0,present
762,2024-12-10 08:00:00+00:00,105.8,106.5,105.04,105.74,670982.0,present
763,2024-12-10 10:00:00+00:00,105.74,105.74,103.7,104.2,548761.0,present
764,2024-12-10 12:00:00+00:00,104.2,105.26,103.8,103.96,424039.0,present
765,2024-12-10 12:00:00+00:00,104.2,105.26,103.8,103.96,424039.0,present
766,2024-12-10 14:00:00+00:00,103.96,104.38,103.56,104.1,199017.0,present
767,2024-12-10 16:00:00+00:00,104.14,104.22,103.5,103.76,89882.0,present
768,2024-12-10 18:00:00+00:00,103.76,103.94,103.54,103.56,39189.0,present
769,2024-12-10 20:00:00+00:00,103.56,103.78,103.5,103.6,43473.0,present
770,2024-12-10 22:00:00+00:00,103.568,103.824,103.38,103.472,76408.8,interpolated
771,2024-12-11 00:00:00+00:00,103.576,103.868,103.26,103.344,109344.6,interpolated
772,2024-12-11 02:00:00+00:00,103.584,103.912,103.14,103.216,142280.4,interpolated
773,2024-12-11 04:00:00+00:00,103.592,103.956,103.02000000000001,103.088,175216.2,interpolated
774,2024-12-11 06:00:00+00:00,103.6,104.0,102.9,102.96,208152.0,present
775,2024-12-11 08:00:00+00:00,102.96,103.7,102.34,103.2,459656.0,present
776,2024-12-11 10:00:00+00:00,103.2,103.24,102.1,102.6,245107.0,present
777,2024-12-11 12:00:00+00:00,102.66,103.9,101.5,103.66,657875.0,present
778,2024-12-11 14:00:00+00:00,103.68,104.36,103.0,103.48,453825.0,present
779,2024-12-11 16:00:00+00:00,103.12,104.84,102.54,104.14,233408.0,present
780,2024-12-11 18:00:00+00:00,104.1,104.26,103.8,103.9,53217.0,present
781,2024-12-11 20:00:00+00:00,103.9,104.22,103.78,104.1,49176.0,present
782,2024-12-11 22:00:00+00:00,103.992,104.284,103.544,104.06,141232.40000000002,interpolated
783,2024-12-12 00:00:00+00:00,104.084,104.348,103.30799999999999,104.02,233288.80000000002,interpolated
784,2024-12-12 02:00:00+00:00,104.176,104.412,103.072,103.98,325345.2,interpolated
785,2024-12-12 04:00:00+00:00,104.268,104.476,102.836,103.94,417401.60000000003,interpolated
786,2024-12-12 06:00:00+00:00,104.36,104.54,102.6,103.9,509458.0,present
787,2024-12-12 08:00:00+00:00,103.9,104.3,102.0,102.34,481884.0,present
788,2024-12-12 10:00:00+00:00,102.34,102.52,101.56,101.82,350462.0,present
789,2024-12-12 12:00:00+00:00,101.9,102.4,101.12,101.26,275784.0,present
790,2024-12-12 14:00:00+00:00,101.26,101.42,100.2,100.5,461994.0,present
791,2024-12-12 16:00:00+00:00,100.36,101.0,100.28,100.78,193045.0,present
792,2024-12-12 18:00:00+00:00,100.82,100.88,100.16,100.3,68016.0,present
793,2024-12-12 20:00:00+00:00,100.3,100.54,100.1,100.3,40871.0,present
794,2024-12-12 22:00:00+00:00,100.29599999999999,100.62400000000001,100.01599999999999,100.348,116033.4,interpolated
795,2024-12-13 00:00:00+00:00,100.292,100.708,99.932,100.396,191195.8,interpolated
796,2024-12-13 02:00:00+00:00,100.288,100.792,99.848,100.444,266358.19999999995,interpolated
797,2024-12-13 04:00:00+00:00,100.284,100.87599999999999,99.76400000000001,100.492,341520.6,interpolated
798,2024-12-13 06:00:00+00:00,100.28,100.96,99.68,100.54,416683.0,present
799,2024-12-13 08:00:00+00:00,100.58,101.28,100.22,101.1,332579.0,present
800,2024-12-13 10:00:00+00:00,101.1,101.68,101.08,101.38,221260.0,present
801,2024-12-13 12:00:00+00:00,101.38,102.2,100.74,100.94,373300.0,present
802,2024-12-13 14:00:00+00:00,100.98,101.72,100.04,100.5,368525.0,present
803,2024-12-13 16:00:00+00:00,100.5,100.9,100.3,100.46,145906.0,present
804,2024-12-13 18:00:00+00:00,100.46,100.66,99.72,100.02,118742.0,present
805,2024-12-13 20:00:00+00:00,100.0,100.08,99.7,99.9,29378.0,present
806,2024-12-13 22:00:00+00:00,99.93793103448276,100.04620689655172,99.63862068965517,99.85310344827587,52374.27586206897,interpolated
807,2024-12-14 00:00:00+00:00,99.87586206896552,100.01241379310345,99.57724137931035,99.80620689655173,75370.55172413794,interpolated
808,2024-12-14 02:00:00+00:00,99.81379310344828,99.97862068965517,99.51586206896552,99.7593103448276,98366.8275862069,interpolated
809,2024-12-14 04:00:00+00:00,99.75172413793103,99.9448275862069,99.4544827586207,99.71241379310345,121363.10344827587,interpolated
810,2024-12-14 06:00:00+00:00,99.6896551724138,99.91103448275862,99.39310344827587,99.66551724137932,144359.3793103448,interpolated
811,2024-12-14 08:00:00+00:00,99.62758620689655,99.87724137931035,99.33172413793103,99.61862068965517,167355.6551724138,interpolated
812,2024-12-14 10:00:00+00:00,99.56551724137931,99.84344827586207,99.27034482758621,99.57172413793104,190351.93103448275,interpolated
813,2024-12-14 12:00:00+00:00,99.50344827586207,99.80965517241378,99.20896551724138,99.5248275862069,213348.20689655174,interpolated
814,2024-12-14 14:00:00+00:00,99.44137931034483,99.77586206896551,99.14758620689655,99.47793103448276,236344.4827586207,interpolated
815,2024-12-14 16:00:00+00:00,99.37931034482759,99.74206896551723,99.08620689655173,99.43103448275863,259340.75862068965,interpolated
816,2024-12-14 18:00:00+00:00,99.31724137931035,99.70827586206896,99.0248275862069,99.38413793103449,282337.0344827586,interpolated
817,2024-12-14 20:00:00+00:00,99.2551724137931,99.67448275862068,98.96344827586208,99.33724137931036,305333.3103448276,interpolated
818,2024-12-14 22:00:00+00:00,99.19310344827586,99.64068965517241,98.90206896551724,99.29034482758621,328329.5862068966,interpolated
819,2024-12-15 00:00:00+00:00,99.13103448275862,99.60689655172413,98.84068965517241,99.24344827586208,351325.8620689655,interpolated
820,2024-12-15 02:00:00+00:00,99.06896551724138,99.57310344827586,98.77931034482759,99.19655172413793,374322.1379310345,interpolated
821,2024-12-15 04:00:00+00:00,99.00689655172414,99.53931034482758,98.71793103448276,99.1496551724138,397318.4137931035,interpolated
822,2024-12-15 06:00:00+00:00,98.9448275862069,99.50551724137931,98.65655172413793,99.10275862068966,420314.6896551724,interpolated
823,2024-12-15 08:00:00+00:00,98.88275862068966,99.47172413793103,98.59517241379311,99.05586206896552,443310.9655172414,interpolated
824,2024-12-15 10:00:00+00:00,98.82068965517242,99.43793103448276,98.53379310344828,99.00896551724138,466307.2413793104,interpolated
825,2024-12-15 12:00:00+00:00,98.75862068965517,99.40413793103448,98.47241379310346,98.96206896551725,489303.5172413793,interpolated
826,2024-12-15 14:00:00+00:00,98.69655172413793,99.37034482758621,98.41103448275862,98.91517241379312,512299.7931034483,interpolated
827,2024-12-15 16:00:00+00:00,98.63448275862069,99.33655172413792,98.34965517241379,98.86827586206897,535296.0689655172,interpolated
828,2024-12-15 18:00:00+00:00,98.57241379310345,99.30275862068964,98.28827586206897,98.82137931034484,558292.3448275862,interpolated
829,2024-12-15 20:00:00+00:00,98.51034482758621,99.26896551724137,98.22689655172414,98.77448275862069,581288.6206896552,interpolated
830,2024-12-15 22:00:00+00:00,98.44827586206897,99.2351724137931,98.1655172413793,98.72758620689656,604284.8965517242,interpolated
831,2024-12-16 00:00:00+00:00,98.38620689655173,99.20137931034482,98.10413793103449,98.68068965517242,627281.1724137932,interpolated
832,2024-12-16 02:00:00+00:00,98.32413793103449,99.16758620689654,98.04275862068965,98.63379310344828,650277.448275862,interpolated
833,2024-12-16 04:00:00+00:00,98.26206896551724,99.13379310344827,97.98137931034483,98.58689655172414,673273.724137931,interpolated
834,2024-12-16 06:00:00+00:00,98.2,99.1,97.92,98.54,696270.0,present
835,2024-12-16 08:00:00+00:00,98.56,98.56,96.1,96.9,968743.0,present
836,2024-12-16 10:00:00+00:00,96.86,97.14,95.5,96.3,476288.0,present
837,2024-12-16 12:00:00+00:00,96.3,97.16,95.72,96.5,446629.0,present
838,2024-12-16 14:00:00+00:00,96.5,96.56,95.6,95.9,225064.0,present
839,2024-12-16 16:00:00+00:00,95.76,96.82,95.3,96.26,279075.0,present
840,2024-12-16 18:00:00+00:00,96.26,96.58,95.78,96.04,85690.0,present
841,2024-12-16 20:00:00+00:00,96.04,96.06,95.72,95.9,31604.0,present
842,2024-12-16 22:00:00+00:00,96.04,96.188,95.768,96.03200000000001,79937.20000000001,interpolated
843,2024-12-17 00:00:00+00:00,96.04,96.316,95.816,96.164,128270.40000000001,interpolated
844,2024-12-17 02:00:00+00:00,96.04,96.444,95.86399999999999,96.296,176603.6,interpolated
845,2024-12-17 04:00:00+00:00,96.04,96.572,95.91199999999999,96.428,224936.80000000002,interpolated
846,2024-12-17 06:00:00+00:00,96.04,96.7,95.96,96.56,273270.0,present
847,2024-12-17 08:00:00+00:00,96.56,96.6,95.38,95.96,571422.0,present
848,2024-12-17 10:00:00+00:00,95.9,96.2,95.48,95.72,454905.0,present
849,2024-12-17 12:00:00+00:00,95.74,96.48,94.8,95.14,492649.0,present
850,2024-12-17 12:00:00+00:00,95.74,96.48,94.8,95.14,492649.0,present
851,2024-12-17 14:00:00+00:00,95.2,95.5,94.84,95.16,269261.0,present
852,2024-12-17 16:00:00+00:00,95.26,95.5,94.96,95.18,107671.0,present
853,2024-12-17 18:00:00+00:00,95.18,95.24,95.0,95.1,55758.0,present
854,2024-12-17 20:00:00+00:00,95.08,95.12,94.84,94.98,50920.0,present
855,2024-12-17 22:00:00+00:00,95.14,95.19200000000001,94.776,94.924,92396.20000000001,interpolated
856,2024-12-18 00:00:00+00:00,95.2,95.26400000000001,94.712,94.86800000000001,133872.40000000002,interpolated
857,2024-12-18 02:00:00+00:00,95.25999999999999,95.336,94.648,94.812,175348.6,interpolated
858,2024-12-18 04:00:00+00:00,95.32,95.408,94.584,94.756,216824.80000000002,interpolated
859,2024-12-18 06:00:00+00:00,95.38,95.48,94.52,94.7,258301.0,present
860,2024-12-18 08:00:00+00:00,94.72,94.84,93.62,93.88,571650.0,present
861,2024-12-18 10:00:00+00:00,93.88,94.1,93.24,93.74,369638.0,present
862,2024-12-18 12:00:00+00:00,93.74,93.98,93.04,93.2,250440.0,present
863,2024-12-18 14:00:00+00:00,93.2,94.9,93.12,94.8,559336.0,present
864,2024-12-18 16:00:00+00:00,95.06,95.86,94.72,95.04,384433.0,present
865,2024-12-18 18:00:00+00:00,95.06,95.82,95.04,95.4,156273.0,present
866,2024-12-18 20:00:00+00:00,95.38,95.8,95.36,95.66,33882.0,present
867,2024-12-18 22:00:00+00:00,95.484,95.836,95.368,95.64399999999999,80709.20000000001,interpolated
868,2024-12-19 00:00:00+00:00,95.588,95.872,95.376,95.628,127536.40000000001,interpolated
869,2024-12-19 02:00:00+00:00,95.69200000000001,95.908,95.384,95.612,174363.6,interpolated
870,2024-12-19 04:00:00+00:00,95.796,95.944,95.39200000000001,95.596,221190.80000000002,interpolated
871,2024-12-19 06:00:00+00:00,95.9,95.98,95.4,95.58,268018.0,present
872,2024-12-19 08:00:00+00:00,95.6,97.58,95.58,97.38,909822.0,present
873,2024-12-19 10:00:00+00:00,97.34,97.76,97.0,97.34,553429.0,present
874,2024-12-19 12:00:00+00:00,97.34,99.16,95.78,96.42,1984056.0,present
875,2024-12-19 14:00:00+00:00,96.4,96.96,95.0,95.0,507722.0,present
876,2024-12-19 16:00:00+00:00,95.18,96.18,95.04,96.06,224585.0,present
877,2024-12-19 18:00:00+00:00,96.06,96.16,95.34,95.56,77756.0,present
878,2024-12-19 20:00:00+00:00,95.52,95.92,95.46,95.7,29882.0,present
879,2024-12-19 22:00:00+00:00,95.556,96.128,95.508,95.83200000000001,119833.0,interpolated
880,2024-12-20 00:00:00+00:00,95.592,96.336,95.556,95.964,209784.0,interpolated
881,2024-12-20 02:00:00+00:00,95.628,96.544,95.604,96.096,299735.0,interpolated
882,2024-12-20 04:00:00+00:00,95.664,96.752,95.652,96.228,389686.0,interpolated
883,2024-12-20 06:00:00+00:00,95.7,96.96,95.7,96.36,479637.0,present
884,2024-12-20 08:00:00+00:00,96.34,98.0,96.34,97.6,732444.0,present
885,2024-12-20 10:00:00+00:00,97.6,103.3,97.32,102.02,1940996.0,present
886,2024-12-20 12:00:00+00:00,102.02,105.0,101.66,104.1,1113653.0,present
887,2024-12-20 14:00:00+00:00,104.1,105.96,103.78,105.68,684474.0,present
888,2024-12-20 16:00:00+00:00,105.5,105.68,104.3,104.8,211180.0,present
889,2024-12-20 18:00:00+00:00,104.82,105.18,104.7,105.06,119397.0,present
890,2024-12-20 20:00:00+00:00,105.04,105.36,104.96,105.08,45686.0,present
891,2024-12-20 22:00:00+00:00,105.10758620689656,105.4648275862069,104.9648275862069,105.12275862068965,77032.24137931035,interpolated
892,2024-12-21 00:00:00+00:00,105.1751724137931,105.56965517241379,104.96965517241378,105.1655172413793,108378.48275862068,interpolated
893,2024-12-21 02:00:00+00:00,105.24275862068966,105.67448275862068,104.97448275862068,105.20827586206896,139724.724137931,interpolated
894,2024-12-21 04:00:00+00:00,105.3103448275862,105.77931034482759,104.97931034482758,105.25103448275861,171070.96551724136,interpolated
895,2024-12-21 06:00:00+00:00,105.37793103448277,105.88413793103449,104.98413793103448,105.29379310344828,202417.2068965517,interpolated
896,2024-12-21 08:00:00+00:00,105.44551724137932,105.98896551724138,104.98896551724137,105.33655172413793,233763.44827586206,interpolated
897,2024-12-21 10:00:00+00:00,105.51310344827587,106.09379310344828,104.99379310344827,105.37931034482759,265109.6896551724,interpolated
898,2024-12-21 12:00:00+00:00,105.58068965517242,106.19862068965517,104.99862068965517,105.42206896551724,296455.9310344827,interpolated
899,2024-12-21 14:00:00+00:00,105.64827586206897,106.30344827586207,105.00344827586207,105.4648275862069,327802.1724137931,interpolated
900,2024-12-21 16:00:00+00:00,105.71586206896552,106.40827586206896,105.00827586206896,105.50758620689655,359148.4137931034,interpolated
901,2024-12-21 18:00:00+00:00,105.78344827586207,106.51310344827587,105.01310344827586,105.5503448275862,390494.65517241374,interpolated
902,2024-12-21 20:00:00+00:00,105.85103448275862,106.61793103448277,105.01793103448276,105.59310344827585,421840.8965517241,interpolated
903,2024-12-21 22:00:00+00:00,105.91862068965517,106.72275862068966,105.02275862068964,105.63586206896551,453187.13793103443,interpolated
904,2024-12-22 00:00:00+00:00,105.98620689655172,106.82758620689656,105.02758620689654,105.67862068965516,484533.3793103448,interpolated
905,2024-12-22 02:00:00+00:00,106.05379310344829,106.93241379310345,105.03241379310344,105.72137931034483,515879.62068965513,interpolated
906,2024-12-22 04:00:00+00:00,106.12137931034484,107.03724137931034,105.03724137931034,105.76413793103448,547225.8620689654,interpolated
907,2024-12-22 06:00:00+00:00,106.18896551724139,107.14206896551724,105.04206896551723,105.80689655172414,578572.1034482758,interpolated
908,2024-12-22 08:00:00+00:00,106.25655172413794,107.24689655172415,105.04689655172413,105.84965517241379,609918.3448275862,interpolated
909,2024-12-22 10:00:00+00:00,106.32413793103449,107.35172413793104,105.05172413793103,105.89241379310344,641264.5862068965,interpolated
910,2024-12-22 12:00:00+00:00,106.39172413793104,107.45655172413794,105.05655172413792,105.9351724137931,672610.8275862068,interpolated
911,2024-12-22 14:00:00+00:00,106.45931034482759,107.56137931034483,105.06137931034482,105.97793103448275,703957.0689655172,interpolated
912,2024-12-22 16:00:00+00:00,106.52689655172414,107.66620689655173,105.06620689655172,106.0206896551724,735303.3103448275,interpolated
913,2024-12-22 18:00:00+00:00,106.59448275862069,107.77103448275862,105.07103448275862,106.06344827586206,766649.5517241379,interpolated
914,2024-12-22 20:00:00+00:00,106.66206896551724,107.87586206896552,105.0758620689655,106.10620689655171,797995.7931034482,interpolated
915,2024-12-22 22:00:00+00:00,106.7296551724138,107.98068965517241,105.0806896551724,106.14896551724138,829342.0344827585,interpolated
916,2024-12-23 00:00:00+00:00,106.79724137931035,108.08551724137932,105.0855172413793,106.19172413793103,860688.2758620689,interpolated
917,2024-12-23 02:00:00+00:00,106.8648275862069,108.19034482758622,105.09034482758621,106.23448275862069,892034.5172413792,interpolated
918,2024-12-23 04:00:00+00:00,106.93241379310345,108.29517241379311,105.0951724137931,106.27724137931034,923380.7586206896,interpolated
919,2024-12-23 06:00:00+00:00,107.0,108.4,105.1,106.32,954727.0,present
920,2024-12-23 08:00:00+00:00,106.34,107.3,105.86,106.1,1681633.0,present
921,2024-12-23 10:00:00+00:00,106.12,106.94,105.02,105.92,1180788.0,present
922,2024-12-23 12:00:00+00:00,105.92,106.26,104.46,105.02,786372.0,present
923,2024-12-23 14:00:00+00:00,105.02,105.76,104.0,104.78,528108.0,present
924,2024-12-23 16:00:00+00:00,104.74,105.0,104.44,104.7,88417.0,present
925,2024-12-23 18:00:00+00:00,104.66,105.24,104.6,105.14,65312.0,present
926,2024-12-23 20:00:00+00:00,105.12,105.22,104.92,105.0,19430.0,present
927,2024-12-23 22:00:00+00:00,105.096,105.228,104.69200000000001,104.84,89330.8,interpolated
928,2024-12-24 00:00:00+00:00,105.072,105.236,104.464,104.68,159231.6,interpolated
929,2024-12-24 02:00:00+00:00,105.048,105.244,104.236,104.52,229132.40000000002,interpolated
930,2024-12-24 04:00:00+00:00,105.024,105.25200000000001,104.008,104.36,299033.2,interpolated
931,2024-12-24 06:00:00+00:00,105.0,105.26,103.78,104.2,368934.0,present
932,2024-12-24 08:00:00+00:00,104.18,106.9,104.1,105.16,870291.0,present
933,2024-12-24 10:00:00+00:00,105.2,105.56,104.1,105.28,925143.0,present
934,2024-12-24 12:00:00+00:00,105.28,105.88,104.28,104.88,923015.0,present
935,2024-12-24 12:00:00+00:00,105.28,105.88,104.28,104.88,923015.0,present
936,2024-12-24 14:00:00+00:00,104.88,105.68,104.84,105.0,509346.0,present
937,2024-12-24 16:00:00+00:00,105.0,105.24,104.84,104.98,83540.0,present
938,2024-12-24 18:00:00+00:00,104.98,105.0,104.8,104.82,28859.0,present
939,2024-12-24 20:00:00+00:00,104.82,105.2,104.82,104.96,19405.0,present
940,2024-12-24 22:00:00+00:00,104.79599999999999,105.212,104.58,104.704,82252.79999999999,interpolated
941,2024-12-25 00:00:00+00:00,104.77199999999999,105.224,104.34,104.448,145100.59999999998,interpolated
942,2024-12-25 02:00:00+00:00,104.748,105.236,104.1,104.19200000000001,207948.4,interpolated
943,2024-12-25 04:00:00+00:00,104.724,105.248,103.86,103.936,270796.19999999995,interpolated
944,2024-12-25 06:00:00+00:00,104.7,105.26,103.62,103.68,333644.0,present
945,2024-12-25 08:00:00+00:00,103.68,106.14,103.54,104.98,814084.0,present
946,2024-12-25 10:00:00+00:00,105.0,105.8,104.42,105.48,752502.0,present
947,2024-12-25 12:00:00+00:00,105.48,106.8,105.26,106.18,874008.0,present
948,2024-12-25 14:00:00+00:00,106.22,108.0,105.4,107.5,918341.0,present
949,2024-12-25 16:00:00+00:00,107.8,108.72,107.2,107.34,355842.0,present
950,2024-12-25 18:00:00+00:00,107.34,108.14,107.28,108.12,156062.0,present
951,2024-12-25 20:00:00+00:00,108.12,108.14,107.64,108.0,62071.0,present
952,2024-12-25 22:00:00+00:00,108.19200000000001,108.304,107.616,108.072,186868.4,interpolated
953,2024-12-26 00:00:00+00:00,108.26400000000001,108.468,107.592,108.144,311665.8,interpolated
954,2024-12-26 02:00:00+00:00,108.336,108.63199999999999,107.568,108.216,436463.2,interpolated
955,2024-12-26 04:00:00+00:00,108.408,108.79599999999999,107.544,108.288,561260.6,interpolated
956,2024-12-26 06:00:00+00:00,108.48,108.96,107.52,108.36,686058.0,present
957,2024-12-26 08:00:00+00:00,108.4,109.9,106.54,108.9,1392613.0,present
958,2024-12-26 10:00:00+00:00,108.9,109.8,108.38,109.76,915088.0,present
959,2024-12-26 12:00:00+00:00,109.72,110.88,109.5,110.82,956536.0,present
960,2024-12-26 14:00:00+00:00,110.82,111.1,110.12,110.74,368962.0,present
961,2024-12-26 16:00:00+00:00,110.62,110.84,109.68,109.72,215367.0,present
962,2024-12-26 18:00:00+00:00,109.72,110.0,109.14,109.24,231131.0,present
963,2024-12-26 20:00:00+00:00,109.26,109.66,109.06,109.66,55317.0,present
964,2024-12-26 22:00:00+00:00,109.39200000000001,109.824,109.10000000000001,109.636,124875.20000000001,interpolated
965,2024-12-27 00:00:00+00:00,109.524,109.988,109.14,109.612,194433.40000000002,interpolated
966,2024-12-27 02:00:00+00:00,109.656,110.152,109.18,109.58800000000001,263991.6,interpolated
967,2024-12-27 04:00:00+00:00,109.788,110.316,109.22,109.56400000000001,333549.80000000005,interpolated
968,2024-12-27 06:00:00+00:00,109.92,110.48,109.26,109.54,403108.0,present
969,2024-12-27 08:00:00+00:00,109.54,110.72,109.48,110.32,372342.0,present
970,2024-12-27 10:00:00+00:00,110.34,110.6,109.74,110.2,258215.0,present
971,2024-12-27 12:00:00+00:00,110.18,110.9,109.82,110.66,380904.0,present
972,2024-12-27 14:00:00+00:00,110.66,111.2,110.22,110.6,381030.0,present
973,2024-12-27 16:00:00+00:00,110.56,111.66,110.54,111.22,152959.0,present
974,2024-12-27 18:00:00+00:00,111.22,111.58,111.12,111.32,109899.0,present
975,2024-12-27 20:00:00+00:00,111.3,111.44,110.9,111.04,62569.0,present
976,2024-12-27 22:00:00+00:00,111.336,111.532,110.94,111.19200000000001,104707.4,interpolated
977,2024-12-28 00:00:00+00:00,111.372,111.624,110.98,111.34400000000001,146845.8,interpolated
978,2024-12-28 02:00:00+00:00,111.408,111.71600000000001,111.02,111.496,188984.2,interpolated
979,2024-12-28 04:00:00+00:00,111.444,111.808,111.06,111.648,231122.59999999998,interpolated
980,2024-12-28 06:00:00+00:00,111.48,111.9,111.1,111.8,273261.0,present
981,2024-12-28 08:00:00+00:00,111.8,113.46,111.8,113.3,487873.0,present
982,2024-12-28 10:00:00+00:00,113.3,114.4,113.0,113.2,711268.0,present
983,2024-12-28 12:00:00+00:00,113.2,113.84,113.0,113.26,415984.0,present
984,2024-12-28 14:00:00+00:00,113.3,113.9,113.04,113.62,229554.0,present
985,2024-12-28 16:00:00+00:00,113.62,114.04,113.46,113.96,104161.0,present
986,2024-12-28 18:00:00+00:00,113.96,114.0,113.06,113.74,169857.0,present
987,2024-12-28 20:00:00+00:00,113.76,114.02,113.62,113.8,59165.0,present
988,2024-12-28 22:00:00+00:00,113.80588235294118,114.12470588235294,113.66352941176471,113.90235294117647,77255.23529411765,interpolated
989,2024-12-29 00:00:00+00:00,113.85176470588236,114.22941176470587,113.70705882352942,114.00470588235294,95345.4705882353,interpolated
990,2024-12-29 02:00:00+00:00,113.89764705882354,114.33411764705882,113.75058823529412,114.10705882352941,113435.70588235295,interpolated
991,2024-12-29 04:00:00+00:00,113.94352941176471,114.43882352941176,113.79411764705883,114.20941176470588,131525.9411764706,interpolated
992,2024-12-29 06:00:00+00:00,113.98941176470589,114.54352941176471,113.83764705882353,114.31176470588235,149616.17647058825,interpolated
993,2024-12-29 08:00:00+00:00,114.03529411764707,114.64823529411764,113.88117647058824,114.41411764705883,167706.4117647059,interpolated
994,2024-12-29 10:00:00+00:00,114.08117647058825,114.75294117647059,113.92470588235294,114.5164705882353,185796.64705882355,interpolated
995,2024-12-29 12:00:00+00:00,114.12705882352942,114.85764705882353,113.96823529411765,114.61882352941177,203886.88235294117,interpolated
996,2024-12-29 14:00:00+00:00,114.17294117647059,114.96235294117646,114.01176470588236,114.72117647058823,221977.11764705883,interpolated
997,2024-12-29 16:00:00+00:00,114.21882352941176,115.06705882352941,114.05529411764707,114.82352941176471,240067.35294117648,interpolated
998,2024-12-29 18:00:00+00:00,114.26470588235294,115.17176470588235,114.09882352941176,114.92588235294117,258157.58823529413,interpolated
999,2024-12-29 20:00:00+00:00,114.31058823529412,115.27647058823528,114.14235294117647,115.02823529411765,276247.8235294118,interpolated
1000,2024-12-29 22:00:00+00:00,114.3564705882353,115.38117647058823,114.18588235294118,115.13058823529413,294338.0588235294,interpolated
1001,2024-12-30 00:00:00+00:00,114.40235294117647,115.48588235294118,114.22941176470589,115.23294117647059,312428.2941176471,interpolated
1002,2024-12-30 02:00:00+00:00,114.44823529411765,115.59058823529412,114.27294117647058,115.33529411764707,330518.5294117647,interpolated
1003,2024-12-30 04:00:00+00:00,114.49411764705883,115.69529411764705,114.31647058823529,115.43764705882353,348608.76470588235,interpolated
1004,2024-12-30 06:00:00+00:00,114.54,115.8,114.36,115.54,366699.0,present
1005,2024-12-30 08:00:00+00:00,115.54,115.8,115.22,115.56,287683.0,present
1006,2024-12-30 10:00:00+00:00,115.58,115.6,114.5,115.02,309980.0,present
1007,2024-12-30 12:00:00+00:00,115.02,115.54,114.88,115.12,120951.0,present
1008,2024-12-30 14:00:00+00:00,115.12,115.7,115.0,115.56,184399.0,present
1009,2024-12-30 16:00:00+00:00,115.38,115.4,114.74,114.94,137532.0,present
1010,2024-12-30 18:00:00+00:00,114.98,115.4,114.92,115.4,116563.0,present
1011,2024-12-30 20:00:00+00:00,115.4,115.7,115.22,115.5,121252.0,present
1012,2024-12-30 22:00:00+00:00,115.40731707317073,115.70243902439024,115.19268292682926,115.47024390243902,125270.0,interpolated
1013,2024-12-31 00:00:00+00:00,115.41463414634147,115.70487804878049,115.16536585365853,115.44048780487805,129288.0,interpolated
1014,2024-12-31 02:00:00+00:00,115.4219512195122,115.70731707317073,115.13804878048781,115.41073170731707,133306.0,interpolated
1015,2024-12-31 04:00:00+00:00,115.42926829268293,115.70975609756098,115.11073170731707,115.38097560975609,137324.0,interpolated
1016,2024-12-31 06:00:00+00:00,115.43658536585366,115.71219512195123,115.08341463414634,115.35121951219512,141342.0,interpolated
1017,2024-12-31 08:00:00+00:00,115.4439024390244,115.71463414634147,115.0560975609756,115.32146341463415,145360.0,interpolated
1018,2024-12-31 10:00:00+00:00,115.45121951219512,115.71707317073171,115.02878048780488,115.29170731707318,149378.0,interpolated
1019,2024-12-31 12:00:00+00:00,115.45853658536586,115.71951219512195,115.00146341463415,115.2619512195122,153396.0,interpolated
1020,2024-12-31 14:00:00+00:00,115.46585365853659,115.72195121951219,114.97414634146341,115.23219512195122,157414.0,interpolated
1021,2024-12-31 16:00:00+00:00,115.47317073170733,115.72439024390243,114.94682926829267,115.20243902439024,161432.0,interpolated
1022,2024-12-31 18:00:00+00:00,115.48048780487805,115.72682926829269,114.91951219512195,115.17268292682927,165450.0,interpolated
1023,2024-12-31 20:00:00+00:00,115.48780487804879,115.72926829268293,114.89219512195122,115.14292682926829,169468.0,interpolated
1024,2024-12-31 22:00:00+00:00,115.49512195121952,115.73170731707317,114.86487804878048,115.11317073170731,173486.0,interpolated
1025,2025-01-01 00:00:00+00:00,115.50243902439024,115.73414634146341,114.83756097560975,115.08341463414634,177504.0,interpolated
1026,2025-01-01 02:00:00+00:00,115.50975609756098,115.73658536585366,114.81024390243903,115.05365853658536,181522.0,interpolated
1027,2025-01-01 04:00:00+00:00,115.5170731707317,115.7390243902439,114.78292682926829,115.0239024390244,185540.0,interpolated
1028,2025-01-01 06:00:00+00:00,115.52439024390245,115.74146341463414,114.75560975609756,114.99414634146342,189558.0,interpolated
1029,2025-01-01 08:00:00+00:00,115.53170731707317,115.7439024390244,114.72829268292682,114.96439024390244,193576.0,interpolated
1030,2025-01-01 10:00:00+00:00,115.53902439024391,115.74634146341464,114.7009756097561,114.93463414634147,197594.0,interpolated
1031,2025-01-01 12:00:00+00:00,115.54634146341463,115.74878048780488,114.67365853658536,114.90487804878049,201612.0,interpolated
1032,2025-01-01 14:00:00+00:00,115.55365853658537,115.75121951219512,114.64634146341463,114.87512195121951,205630.0,interpolated
1033,2025-01-01 16:00:00+00:00,115.5609756097561,115.75365853658536,114.6190243902439,114.84536585365854,209648.0,interpolated
1034,2025-01-01 18:00:00+00:00,115.56829268292684,115.7560975609756,114.59170731707317,114.81560975609756,213666.0,interpolated
1035,2025-01-01 20:00:00+00:00,115.57560975609756,115.75853658536586,114.56439024390244,114.78585365853658,217684.0,interpolated
1036,2025-01-01 22:00:00+00:00,115.5829268292683,115.7609756097561,114.5370731707317,114.7560975609756,221702.0,interpolated
1037,2025-01-02 00:00:00+00:00,115.59024390243903,115.76341463414634,114.50975609756097,114.72634146341464,225720.0,interpolated
1038,2025-01-02 02:00:00+00:00,115.59756097560977,115.76585365853659,114.48243902439025,114.69658536585366,229738.0,interpolated
1039,2025-01-02 04:00:00+00:00,115.60487804878049,115.76829268292683,114.45512195121951,114.66682926829269,233756.0,interpolated
1040,2025-01-02 06:00:00+00:00,115.61219512195122,115.77073170731707,114.42780487804878,114.63707317073171,237774.0,interpolated
1041,2025-01-02 08:00:00+00:00,115.61951219512196,115.77317073170731,114.40048780487804,114.60731707317073,241792.0,interpolated
1042,2025-01-02 10:00:00+00:00,115.62682926829268,115.77560975609757,114.37317073170732,114.57756097560976,245810.0,interpolated
1043,2025-01-02 12:00:00+00:00,115.63414634146342,115.77804878048781,114.34585365853658,114.54780487804878,249828.0,interpolated
1044,2025-01-02 14:00:00+00:00,115.64146341463415,115.78048780487805,114.31853658536585,114.5180487804878,253846.0,interpolated
1045,2025-01-02 16:00:00+00:00,115.64878048780488,115.78292682926829,114.29121951219511,114.48829268292683,257864.0,interpolated
1046,2025-01-02 18:00:00+00:00,115.65609756097561,115.78536585365853,114.26390243902439,114.45853658536585,261882.0,interpolated
1047,2025-01-02 20:00:00+00:00,115.66341463414635,115.78780487804877,114.23658536585366,114.42878048780489,265900.0,interpolated
1048,2025-01-02 22:00:00+00:00,115.67073170731707,115.79024390243902,114.20926829268292,114.39902439024391,269918.0,interpolated
1049,2025-01-03 00:00:00+00:00,115.67804878048781,115.79268292682927,114.18195121951219,114.36926829268293,273936.0,interpolated
1050,2025-01-03 02:00:00+00:00,115.68536585365854,115.79512195121951,114.15463414634146,114.33951219512196,277954.0,interpolated
1051,2025-01-03 04:00:00+00:00,115.69268292682928,115.79756097560976,114.12731707317073,114.30975609756098,281972.0,interpolated
1052,2025-01-03 06:00:00+00:00,115.7,115.8,114.1,114.28,285990.0,present
1053,2025-01-03 08:00:00+00:00,114.28,114.36,111.82,112.04,330870.0,present
1054,2025-01-03 10:00:00+00:00,112.04,112.8,111.88,112.54,147181.0,present
1055,2025-01-03 12:00:00+00:00,112.54,112.94,112.36,112.46,63915.0,present
1056,2025-01-03 14:00:00+00:00,112.4,113.26,112.32,113.24,138845.0,present
1057,2025-01-03 16:00:00+00:00,113.02,113.2,112.8,112.88,33980.0,present
1058,2025-01-03 18:00:00+00:00,112.88,113.08,112.86,112.96,14341.0,present
1059,2025-01-03 20:00:00+00:00,112.96,113.02,112.64,112.68,15552.0,present
1060,2025-01-03 22:00:00+00:00,112.94,112.99931034482758,112.57172413793103,112.64758620689656,23575.275862068964,interpolated
1061,2025-01-04 00:00:00+00:00,112.91999999999999,112.97862068965517,112.50344827586207,112.6151724137931,31598.55172413793,interpolated
1062,2025-01-04 02:00:00+00:00,112.89999999999999,112.95793103448275,112.4351724137931,112.58275862068966,39621.8275862069,interpolated
1063,2025-01-04 04:00:00+00:00,112.88,112.93724137931034,112.36689655172414,112.55034482758622,47645.10344827586,interpolated
1064,2025-01-04 06:00:00+00:00,112.86,112.91655172413793,112.29862068965517,112.51793103448276,55668.379310344826,interpolated
1065,2025-01-04 08:00:00+00:00,112.83999999999999,112.89586206896551,112.23034482758621,112.48551724137931,63691.65517241379,interpolated
1066,2025-01-04 10:00:00+00:00,112.82,112.8751724137931,112.16206896551724,112.45310344827587,71714.93103448275,interpolated
1067,2025-01-04 12:00:00+00:00,112.8,112.85448275862069,112.09379310344828,112.42068965517242,79738.20689655172,interpolated
1068,2025-01-04 14:00:00+00:00,112.78,112.83379310344827,112.0255172413793,112.38827586206897,87761.48275862068,interpolated
1069,2025-01-04 16:00:00+00:00,112.75999999999999,112.81310344827585,111.95724137931035,112.35586206896552,95784.75862068965,interpolated
1070,2025-01-04 18:00:00+00:00,112.74,112.79241379310345,111.88896551724137,112.32344827586208,103808.03448275862,interpolated
1071,2025-01-04 20:00:00+00:00,112.72,112.77172413793103,111.82068965517242,112.29103448275862,111831.31034482758,interpolated
1072,2025-01-04 22:00:00+00:00,112.69999999999999,112.75103448275861,111.75241379310344,112.25862068965517,119854.58620689655,interpolated
1073,2025-01-05 00:00:00+00:00,112.67999999999999,112.73034482758621,111.68413793103448,112.22620689655173,127877.8620689655,interpolated
1074,2025-01-05 02:00:00+00:00,112.66,112.70965517241379,111.61586206896551,112.19379310344827,135901.1379310345,interpolated
1075,2025-01-05 04:00:00+00:00,112.64,112.68896551724139,111.54758620689655,112.16137931034483,143924.41379310345,interpolated
1076,2025-01-05 06:00:00+00:00,112.61999999999999,112.66827586206897,111.47931034482758,112.12896551724138,151947.6896551724,interpolated
1077,2025-01-05 08:00:00+00:00,112.6,112.64758620689655,111.41103448275862,112.09655172413792,159970.96551724136,interpolated
1078,2025-01-05 10:00:00+00:00,112.58,112.62689655172414,111.34275862068965,112.06413793103448,167994.24137931035,interpolated
1079,2025-01-05 12:00:00+00:00,112.55999999999999,112.60620689655173,111.27448275862069,112.03172413793104,176017.5172413793,interpolated
1080,2025-01-05 14:00:00+00:00,112.53999999999999,112.5855172413793,111.20620689655172,111.99931034482758,184040.79310344826,interpolated
1081,2025-01-05 16:00:00+00:00,112.52,112.5648275862069,111.13793103448276,111.96689655172413,192064.06896551725,interpolated
1082,2025-01-05 18:00:00+00:00,112.5,112.54413793103448,111.06965517241379,111.93448275862069,200087.3448275862,interpolated
1083,2025-01-05 20:00:00+00:00,112.47999999999999,112.52344827586207,111.00137931034483,111.90206896551724,208110.62068965516,interpolated
1084,2025-01-05 22:00:00+00:00,112.46,112.50275862068966,110.93310344827586,111.86965517241379,216133.89655172412,interpolated
1085,2025-01-06 00:00:00+00:00,112.44,112.48206896551724,110.8648275862069,111.83724137931034,224157.1724137931,interpolated
1086,2025-01-06 02:00:00+00:00,112.42,112.46137931034482,110.79655172413793,111.8048275862069,232180.44827586206,interpolated
1087,2025-01-06 04:00:00+00:00,112.39999999999999,112.44068965517242,110.72827586206897,111.77241379310344,240203.724137931,interpolated
1088,2025-01-06 06:00:00+00:00,112.38,112.42,110.66,111.74,248227.0,present
1089,2025-01-06 08:00:00+00:00,111.8,113.18,111.72,112.56,341491.0,present
1090,2025-01-06 10:00:00+00:00,112.56,113.08,112.32,112.9,106641.0,present
1091,2025-01-06 12:00:00+00:00,112.88,113.46,112.56,112.88,77014.0,present
1092,2025-01-06 14:00:00+00:00,112.88,113.3,112.56,112.8,77124.0,present
1093,2025-01-06 16:00:00+00:00,112.68,112.96,112.62,112.9,41823.0,present
1094,2025-01-06 18:00:00+00:00,112.94,113.16,112.82,113.12,23866.0,present
1095,2025-01-06 20:00:00+00:00,113.12,113.82,113.0,113.42,41605.0,present
1096,2025-01-06 22:00:00+00:00,113.14823529411765,113.85058823529411,112.98941176470588,113.40588235294118,50192.70588235294,interpolated
1097,2025-01-07 00:00:00+00:00,113.1764705882353,113.88117647058823,112.97882352941177,113.39176470588235,58780.41176470588,interpolated
1098,2025-01-07 02:00:00+00:00,113.20470588235294,113.91176470588235,112.96823529411765,113.37764705882353,67368.11764705883,interpolated
1099,2025-01-07 04:00:00+00:00,113.23294117647059,113.94235294117647,112.95764705882353,113.3635294117647,75955.82352941176,interpolated
1100,2025-01-07 06:00:00+00:00,113.26117647058824,113.97294117647058,112.9470588235294,113.34941176470589,84543.5294117647,interpolated
1101,2025-01-07 08:00:00+00:00,113.28941176470589,114.0035294117647,112.9364705882353,113.33529411764707,93131.23529411765,interpolated
1102,2025-01-07 10:00:00+00:00,113.31764705882352,114.03411764705882,112.92588235294117,113.32117647058824,101718.94117647059,interpolated
1103,2025-01-07 12:00:00+00:00,113.34588235294117,114.06470588235294,112.91529411764705,113.30705882352942,110306.64705882352,interpolated
1104,2025-01-07 14:00:00+00:00,113.37411764705882,114.09529411764706,112.90470588235294,113.29294117647059,118894.35294117646,interpolated
1105,2025-01-07 16:00:00+00:00,113.40235294117647,114.12588235294118,112.89411764705882,113.27882352941177,127482.05882352941,interpolated
1106,2025-01-07 18:00:00+00:00,113.43058823529411,114.1564705882353,112.8835294117647,113.26470588235294,136069.76470588235,interpolated
1107,2025-01-07 20:00:00+00:00,113.45882352941176,114.18705882352941,112.87294117647059,113.25058823529412,144657.4705882353,interpolated
1108,2025-01-07 22:00:00+00:00,113.48705882352941,114.21764705882353,112.86235294117647,113.2364705882353,153245.17647058822,interpolated
1109,2025-01-08 00:00:00+00:00,113.51529411764706,114.24823529411765,112.85176470588235,113.22235294117648,161832.88235294117,interpolated
1110,2025-01-08 02:00:00+00:00,113.5435294117647,114.27882352941177,112.84117647058822,113.20823529411766,170420.5882352941,interpolated
1111,2025-01-08 04:00:00+00:00,113.57176470588234,114.30941176470589,112.83058823529412,113.19411764705883,179008.29411764705,interpolated
1112,2025-01-08 06:00:00+00:00,113.6,114.34,112.82,113.18,187596.0,present
1113,2025-01-08 08:00:00+00:00,113.18,113.74,112.86,112.86,106662.0,present
1114,2025-01-08 10:00:00+00:00,112.88,113.6,112.84,113.44,114766.0,present
1115,2025-01-08 12:00:00+00:00,113.42,114.24,113.42,114.2,143705.0,present
1116,2025-01-08 14:00:00+00:00,114.2,114.32,113.76,113.98,54912.0,present
1117,2025-01-08 16:00:00+00:00,114.0,114.1,113.82,113.86,21857.0,present
1118,2025-01-08 18:00:00+00:00,113.84,114.0,113.64,113.88,31992.0,present
1119,2025-01-08 20:00:00+00:00,113.86,114.06,113.74,114.0,21271.0,present
1120,2025-01-08 22:00:00+00:00,113.888,114.212,113.496,113.76,69535.8,interpolated
1121,2025-01-09 00:00:00+00:00,113.916,114.364,113.252,113.52,117800.6,interpolated
1122,2025-01-09 02:00:00+00:00,113.944,114.51599999999999,113.008,113.28,166065.4,interpolated
1123,2025-01-09 04:00:00+00:00,113.972,114.66799999999999,112.764,113.03999999999999,214330.2,interpolated
1124,2025-01-09 06:00:00+00:00,114.0,114.82,112.52,112.8,262595.0,present
1125,2025-01-09 08:00:00+00:00,112.78,113.16,111.5,112.5,582386.0,present
1126,2025-01-09 10:00:00+00:00,112.5,113.18,112.5,112.72,372442.0,present
1127,2025-01-09 12:00:00+00:00,112.7,112.9,111.74,112.76,316319.0,present
1128,2025-01-09 14:00:00+00:00,112.76,112.78,111.86,111.94,98502.0,present
1129,2025-01-09 16:00:00+00:00,112.0,112.26,111.12,111.28,145484.0,present
1130,2025-01-09 18:00:00+00:00,111.3,111.86,111.02,111.76,70238.0,present
1131,2025-01-09 20:00:00+00:00,111.76,112.0,111.76,111.8,22053.0,present
1132,2025-01-09 22:00:00+00:00,111.792,112.14,111.724,111.79599999999999,48264.4,interpolated
1133,2025-01-10 00:00:00+00:00,111.824,112.28,111.688,111.792,74475.8,interpolated
1134,2025-01-10 02:00:00+00:00,111.85600000000001,112.42,111.652,111.788,100687.2,interpolated
1135,2025-01-10 04:00:00+00:00,111.888,112.56,111.616,111.784,126898.6,interpolated
1136,2025-01-10 06:00:00+00:00,111.92,112.7,111.58,111.78,153110.0,present
1137,2025-01-10 08:00:00+00:00,111.74,112.14,111.02,111.08,314384.0,present
1138,2025-01-10 10:00:00+00:00,111.1,115.72,111.06,114.6,848215.0,present
1139,2025-01-10 12:00:00+00:00,114.6,115.8,113.64,114.36,418723.0,present
1140,2025-01-10 14:00:00+00:00,114.36,115.5,114.3,115.36,517052.0,present
1141,2025-01-10 16:00:00+00:00,115.24,116.3,114.7,115.88,476451.0,present
1142,2025-01-10 18:00:00+00:00,115.92,116.5,115.44,116.3,205570.0,present
1143,2025-01-10 20:00:00+00:00,116.3,116.48,116.12,116.26,68475.0,present
1144,2025-01-10 22:00:00+00:00,116.32068965517242,116.56206896551724,116.14344827586207,116.32344827586208,94895.1724137931,interpolated
1145,2025-01-11 00:00:00+00:00,116.34137931034482,116.64413793103449,116.16689655172414,116.38689655172415,121315.3448275862,interpolated
1146,2025-01-11 02:00:00+00:00,116.36206896551724,116.72620689655173,116.19034482758622,116.4503448275862,147735.5172413793,interpolated
1147,2025-01-11 04:00:00+00:00,116.38275862068966,116.80827586206897,116.21379310344828,116.51379310344828,174155.6896551724,interpolated
1148,2025-01-11 06:00:00+00:00,116.40344827586206,116.8903448275862,116.23724137931035,116.57724137931035,200575.8620689655,interpolated
1149,2025-01-11 08:00:00+00:00,116.42413793103448,116.97241379310346,116.26068965517241,116.64068965517242,226996.0344827586,interpolated
1150,2025-01-11 10:00:00+00:00,116.4448275862069,117.0544827586207,116.28413793103448,116.70413793103448,253416.2068965517,interpolated
1151,2025-01-11 12:00:00+00:00,116.46551724137932,117.13655172413793,116.30758620689656,116.76758620689655,279836.3793103448,interpolated
1152,2025-01-11 14:00:00+00:00,116.48620689655172,117.21862068965517,116.33103448275862,116.83103448275862,306256.5517241379,interpolated
1153,2025-01-11 16:00:00+00:00,116.50689655172414,117.30068965517242,116.35448275862069,116.8944827586207,332676.724137931,interpolated
1154,2025-01-11 18:00:00+00:00,116.52758620689656,117.38275862068966,116.37793103448276,116.95793103448275,359096.8965517241,interpolated
1155,2025-01-11 20:00:00+00:00,116.54827586206896,117.4648275862069,116.40137931034482,117.02137931034483,385517.0689655172,interpolated
1156,2025-01-11 22:00:00+00:00,116.56896551724138,117.54689655172415,116.4248275862069,117.0848275862069,411937.2413793103,interpolated
1157,2025-01-12 00:00:00+00:00,116.5896551724138,117.62896551724138,116.44827586206897,117.14827586206897,438357.4137931034,interpolated
1158,2025-01-12 02:00:00+00:00,116.6103448275862,117.71103448275862,116.47172413793103,117.21172413793103,464777.5862068965,interpolated
1159,2025-01-12 04:00:00+00:00,116.63103448275862,117.79310344827586,116.4951724137931,117.2751724137931,491197.7586206896,interpolated
1160,2025-01-12 06:00:00+00:00,116.65172413793104,117.87517241379311,116.51862068965518,117.33862068965517,517617.9310344827,interpolated
1161,2025-01-12 08:00:00+00:00,116.67241379310344,117.95724137931035,116.54206896551725,117.40206896551724,544038.1034482758,interpolated
1162,2025-01-12 10:00:00+00:00,116.69310344827586,118.03931034482758,116.56551724137931,117.4655172413793,570458.2758620689,interpolated
1163,2025-01-12 12:00:00+00:00,116.71379310344828,118.12137931034484,116.58896551724138,117.52896551724137,596878.448275862,interpolated
1164,2025-01-12 14:00:00+00:00,116.73448275862069,118.20344827586207,116.61241379310344,117.59241379310345,623298.6206896552,interpolated
1165,2025-01-12 16:00:00+00:00,116.7551724137931,118.28551724137931,116.63586206896552,117.65586206896552,649718.7931034482,interpolated
1166,2025-01-12 18:00:00+00:00,116.77586206896552,118.36758620689655,116.65931034482759,117.71931034482758,676138.9655172414,interpolated
1167,2025-01-12 20:00:00+00:00,116.79655172413794,118.4496551724138,116.68275862068965,117.78275862068965,702559.1379310344,interpolated
1168,2025-01-12 22:00:00+00:00,116.81724137931035,118.53172413793104,116.70620689655172,117.84620689655172,728979.3103448276,interpolated
1169,2025-01-13 00:00:00+00:00,116.83793103448276,118.61379310344827,116.72965517241379,117.90965517241379,755399.4827586206,interpolated
1170,2025-01-13 02:00:00+00:00,116.85862068965518,118.69586206896551,116.75310344827587,117.97310344827585,781819.6551724138,interpolated
1171,2025-01-13 04:00:00+00:00,116.87931034482759,118.77793103448276,116.77655172413793,118.03655172413792,808239.8275862068,interpolated
1172,2025-01-13 06:00:00+00:00,116.9,118.86,116.8,118.1,834660.0,present
1173,2025-01-13 08:00:00+00:00,118.1,119.0,117.12,118.5,767272.0,present
1174,2025-01-13 10:00:00+00:00,118.5,118.68,117.02,117.52,635328.0,present
1175,2025-01-13 12:00:00+00:00,117.5,118.68,117.2,117.72,617118.0,present
1176,2025-01-13 14:00:00+00:00,117.72,120.22,117.18,119.64,594890.0,present
1177,2025-01-13 16:00:00+00:00,119.64,119.76,118.64,118.86,183711.0,present
1178,2025-01-13 18:00:00+00:00,118.86,118.86,117.2,117.9,191004.0,present
1179,2025-01-13 20:00:00+00:00,117.9,119.1,117.88,118.38,84431.0,present
1180,2025-01-13 22:00:00+00:00,118.004,118.976,117.792,118.232,120052.6,interpolated
1181,2025-01-14 00:00:00+00:00,118.108,118.852,117.704,118.084,155674.2,interpolated
1182,2025-01-14 02:00:00+00:00,118.212,118.728,117.616,117.93599999999999,191295.8,interpolated
1183,2025-01-14 04:00:00+00:00,118.316,118.604,117.52799999999999,117.788,226917.4,interpolated
1184,2025-01-14 06:00:00+00:00,118.42,118.48,117.44,117.64,262539.0,present
1185,2025-01-14 08:00:00+00:00,117.64,120.64,117.64,120.26,840769.0,present
1186,2025-01-14 10:00:00+00:00,120.26,120.82,119.18,120.28,697195.0,present
1187,2025-01-14 12:00:00+00:00,120.26,120.28,118.8,119.3,286279.0,present
1188,2025-01-14 12:00:00+00:00,120.26,120.28,118.8,119.3,286279.0,present
1189,2025-01-14 14:00:00+00:00,119.32,119.66,119.28,119.28,151899.0,present
1190,2025-01-14 16:00:00+00:00,119.42,119.48,118.68,119.18,93854.0,present
1191,2025-01-14 18:00:00+00:00,119.22,120.28,119.04,120.2,97264.0,present
1192,2025-01-14 20:00:00+00:00,120.18,120.44,119.96,119.98,35090.0,present
1193,2025-01-14 22:00:00+00:00,120.14,120.596,119.83999999999999,119.896,118760.8,interpolated
1194,2025-01-15 00:00:00+00:00,120.10000000000001,120.752,119.72,119.812,202431.6,interpolated
1195,2025-01-15 02:00:00+00:00,120.06,120.908,119.6,119.72800000000001,286102.4,interpolated
1196,2025-01-15 04:00:00+00:00,120.02000000000001,121.064,119.48,119.644,369773.2,interpolated
1197,2025-01-15 06:00:00+00:00,119.98,121.22,119.36,119.56,453444.0,present
1198,2025-01-15 08:00:00+00:00,119.58,120.1,118.18,118.48,431270.0,present
1199,2025-01-15 10:00:00+00:00,118.5,119.52,118.22,118.34,305562.0,present
1200,2025-01-15 12:00:00+00:00,118.32,118.72,117.62,118.36,334761.0,present
1201,2025-01-15 14:00:00+00:00,118.36,118.4,117.16,117.24,155497.0,present
1202,2025-01-15 16:00:00+00:00,117.56,119.98,117.3,118.9,698375.0,present
1203,2025-01-15 18:00:00+00:00,118.92,119.78,118.88,119.26,150574.0,present
1204,2025-01-15 20:00:00+00:00,119.26,119.76,119.24,119.46,99444.0,present
1205,2025-01-15 22:00:00+00:00,119.36800000000001,119.78,119.092,119.392,136324.6,interpolated
1206,2025-01-16 00:00:00+00:00,119.476,119.8,118.944,119.324,173205.2,interpolated
1207,2025-01-16 02:00:00+00:00,119.584,119.82000000000001,118.79599999999999,119.256,210085.8,interpolated
1208,2025-01-16 04:00:00+00:00,119.692,119.84,118.648,119.188,246966.4,interpolated
1209,2025-01-16 06:00:00+00:00,119.8,119.86,118.5,119.12,283847.0,present
1210,2025-01-16 08:00:00+00:00,119.14,120.54,118.72,120.4,547037.0,present
1211,2025-01-16 10:00:00+00:00,120.4,120.4,119.62,119.94,273270.0,present
1212,2025-01-16 12:00:00+00:00,119.94,120.22,118.4,118.88,372776.0,present
1213,2025-01-16 14:00:00+00:00,118.94,120.76,118.92,119.9,401722.0,present
1214,2025-01-16 16:00:00+00:00,119.94,120.2,119.5,119.68,61820.0,present
1215,2025-01-16 18:00:00+00:00,119.68,119.88,119.2,119.8,55036.0,present
1216,2025-01-16 20:00:00+00:00,119.84,119.9,118.94,119.12,52192.0,present
1217,2025-01-16 22:00:00+00:00,119.75200000000001,119.9,118.892,119.268,78944.2,interpolated
1218,2025-01-17 00:00:00+00:00,119.664,119.9,118.844,119.416,105696.4,interpolated
1219,2025-01-17 02:00:00+00:00,119.57600000000001,119.9,118.796,119.56400000000001,132448.6,interpolated
1220,2025-01-17 04:00:00+00:00,119.488,119.9,118.748,119.712,159200.8,interpolated
1221,2025-01-17 06:00:00+00:00,119.4,119.9,118.7,119.86,185953.0,present
1222,2025-01-17 08:00:00+00:00,119.8,123.24,119.78,122.86,1186699.0,present
1223,2025-01-17 10:00:00+00:00,122.86,124.98,122.28,124.76,804587.0,present
1224,2025-01-17 12:00:00+00:00,124.78,125.0,124.18,124.42,644532.0,present
1225,2025-01-17 14:00:00+00:00,124.42,124.92,123.64,124.3,419656.0,present
1226,2025-01-17 16:00:00+00:00,124.32,124.72,124.02,124.5,185071.0,present
1227,2025-01-17 18:00:00+00:00,124.52,124.8,124.32,124.68,99394.0,present
1228,2025-01-17 20:00:00+00:00,124.68,124.94,124.48,124.88,87823.0,present
1229,2025-01-17 22:00:00+00:00,124.73931034482759,125.0751724137931,124.52206896551725,125.00482758620689,131350.2068965517,interpolated
1230,2025-01-18 00:00:00+00:00,124.79862068965518,125.21034482758621,124.56413793103448,125.12965517241379,174877.41379310345,interpolated
1231,2025-01-18 02:00:00+00:00,124.85793103448276,125.34551724137931,124.60620689655173,125.25448275862068,218404.6206896552,interpolated
1232,2025-01-18 04:00:00+00:00,124.91724137931035,125.48068965517241,124.64827586206897,125.37931034482759,261931.8275862069,interpolated
1233,2025-01-18 06:00:00+00:00,124.97655172413793,125.61586206896551,124.69034482758622,125.50413793103448,305459.0344827586,interpolated
1234,2025-01-18 08:00:00+00:00,125.03586206896553,125.75103448275863,124.73241379310345,125.62896551724137,348986.2413793104,interpolated
1235,2025-01-18 10:00:00+00:00,125.09517241379311,125.88620689655173,124.77448275862069,125.75379310344827,392513.4482758621,interpolated
1236,2025-01-18 12:00:00+00:00,125.1544827586207,126.02137931034483,124.81655172413794,125.87862068965516,436040.6551724138,interpolated
1237,2025-01-18 14:00:00+00:00,125.21379310344828,126.15655172413793,124.85862068965518,126.00344827586207,479567.86206896557,interpolated
1238,2025-01-18 16:00:00+00:00,125.27310344827586,126.29172413793104,124.90068965517241,126.12827586206896,523095.0689655173,interpolated
1239,2025-01-18 18:00:00+00:00,125.33241379310346,126.42689655172414,124.94275862068966,126.25310344827587,566622.275862069,interpolated
1240,2025-01-18 20:00:00+00:00,125.39172413793104,126.56206896551724,124.9848275862069,126.37793103448276,610149.4827586208,interpolated
1241,2025-01-18 22:00:00+00:00,125.45103448275863,126.69724137931036,125.02689655172414,126.50275862068965,653676.6896551724,interpolated
1242,2025-01-19 00:00:00+00:00,125.51034482758621,126.83241379310346,125.06896551724138,126.62758620689655,697203.8965517242,interpolated
1243,2025-01-19 02:00:00+00:00,125.5696551724138,126.96758620689656,125.11103448275863,126.75241379310344,740731.103448276,interpolated
1244,2025-01-19 04:00:00+00:00,125.62896551724138,127.10275862068966,125.15310344827587,126.87724137931035,784258.3103448276,interpolated
1245,2025-01-19 06:00:00+00:00,125.68827586206898,127.23793103448277,125.1951724137931,127.00206896551724,827785.5172413794,interpolated
1246,2025-01-19 08:00:00+00:00,125.74758620689656,127.37310344827587,125.23724137931035,127.12689655172413,871312.7241379311,interpolated
1247,2025-01-19 10:00:00+00:00,125.80689655172415,127.50827586206897,125.27931034482759,127.25172413793103,914839.9310344828,interpolated
1248,2025-01-19 12:00:00+00:00,125.86620689655173,127.64344827586208,125.32137931034482,127.37655172413793,958367.1379310346,interpolated
1249,2025-01-19 14:00:00+00:00,125.92551724137931,127.77862068965518,125.36344827586207,127.50137931034483,1001894.3448275863,interpolated
1250,2025-01-19 16:00:00+00:00,125.9848275862069,127.91379310344828,125.40551724137931,127.62620689655172,1045421.551724138,interpolated
1251,2025-01-19 18:00:00+00:00,126.04413793103448,128.04896551724138,125.44758620689656,127.75103448275863,1088948.7586206896,interpolated
1252,2025-01-19 20:00:00+00:00,126.10344827586208,128.18413793103448,125.48965517241379,127.87586206896552,1132475.9655172415,interpolated
1253,2025-01-19 22:00:00+00:00,126.16275862068966,128.31931034482758,125.53172413793104,128.0006896551724,1176003.1724137932,interpolated
1254,2025-01-20 00:00:00+00:00,126.22206896551725,128.4544827586207,125.57379310344828,128.1255172413793,1219530.3793103448,interpolated
1255,2025-01-20 02:00:00+00:00,126.28137931034483,128.5896551724138,125.61586206896553,128.25034482758622,1263057.5862068967,interpolated
1256,2025-01-20 04:00:00+00:00,126.34068965517243,128.7248275862069,125.65793103448276,128.3751724137931,1306584.7931034483,interpolated
1257,2025-01-20 06:00:00+00:00,126.4,128.86,125.7,128.5,1350112.0,present
1258,2025-01-20 08:00:00+00:00,128.52,128.52,125.5,125.78,1031232.0,present
1259,2025-01-20 10:00:00+00:00,125.78,127.2,125.5,127.0,428468.0,present
1260,2025-01-20 12:00:00+00:00,127.04,127.14,125.5,126.24,378195.0,present
1261,2025-01-20 14:00:00+00:00,126.24,126.5,123.36,124.2,449655.0,present
1262,2025-01-20 16:00:00+00:00,124.1,125.38,123.98,124.46,158528.0,present
1263,2025-01-20 18:00:00+00:00,124.44,124.5,123.2,123.58,199429.0,present
1264,2025-01-20 20:00:00+00:00,123.58,123.72,123.22,123.4,35666.0,present
1265,2025-01-20 22:00:00+00:00,123.744,123.876,123.176,123.456,90491.4,interpolated
1266,2025-01-21 00:00:00+00:00,123.908,124.032,123.132,123.512,145316.8,interpolated
1267,2025-01-21 02:00:00+00:00,124.072,124.188,123.088,123.56800000000001,200142.2,interpolated
1268,2025-01-21 04:00:00+00:00,124.236,124.344,123.044,123.62400000000001,254967.6,interpolated
1269,2025-01-21 06:00:00+00:00,124.4,124.5,123.0,123.68,309793.0,present
1270,2025-01-21 08:00:00+00:00,123.7,124.24,123.1,123.3,380689.0,present
1271,2025-01-21 10:00:00+00:00,123.28,124.18,121.38,121.42,430472.0,present
1272,2025-01-21 12:00:00+00:00,121.38,122.98,121.34,122.76,355915.0,present
1273,2025-01-21 12:00:00+00:00,121.38,122.98,121.34,122.76,355915.0,present
1274,2025-01-21 14:00:00+00:00,122.78,124.66,122.76,124.3,343438.0,present
1275,2025-01-21 16:00:00+00:00,124.3,124.62,123.84,124.16,108213.0,present
1276,2025-01-21 18:00:00+00:00,124.16,124.26,123.74,124.12,43218.0,present
1277,2025-01-21 20:00:00+00:00,124.14,124.58,124.14,124.56,37675.0,present
1278,2025-01-21 22:00:00+00:00,124.312,124.792,124.232,124.608,101521.4,interpolated
1279,2025-01-22 00:00:00+00:00,124.484,125.004,124.324,124.656,165367.8,interpolated
1280,2025-01-22 02:00:00+00:00,124.656,125.216,124.416,124.704,229214.19999999998,interpolated
1281,2025-01-22 04:00:00+00:00,124.828,125.428,124.508,124.752,293060.6,interpolated
1282,2025-01-22 06:00:00+00:00,125.0,125.64,124.6,124.8,356907.0,present
1283,2025-01-22 08:00:00+00:00,124.8,126.72,124.74,126.62,315320.0,present
1284,2025-01-22 10:00:00+00:00,126.64,127.28,126.06,126.84,298711.0,present
1285,2025-01-22 12:00:00+00:00,126.84,126.88,125.58,126.24,220754.0,present
1286,2025-01-22 14:00:00+00:00,126.2,126.9,124.88,125.0,482233.0,present
1287,2025-01-22 16:00:00+00:00,125.0,125.48,121.94,123.1,680625.0,present
1288,2025-01-22 18:00:00+00:00,123.08,123.9,122.94,123.62,86315.0,present
1289,2025-01-22 20:00:00+00:00,123.62,123.82,123.42,123.74,17568.0,present
1290,2025-01-22 22:00:00+00:00,123.632,123.792,123.212,123.676,66181.0,interpolated
1291,2025-01-23 00:00:00+00:00,123.644,123.764,123.004,123.612,114794.0,interpolated
1292,2025-01-23 02:00:00+00:00,123.656,123.736,122.79599999999999,123.548,163407.0,interpolated
1293,2025-01-23 04:00:00+00:00,123.668,123.708,122.588,123.484,212020.0,interpolated
1294,2025-01-23 06:00:00+00:00,123.68,123.68,122.38,123.42,260633.0,present
1295,2025-01-23 08:00:00+00:00,123.46,124.5,121.8,122.0,383303.0,present
1296,2025-01-23 10:00:00+00:00,122.0,123.08,121.58,122.94,259006.0,present
1297,2025-01-23 12:00:00+00:00,122.94,123.0,122.04,122.78,115881.0,present
1298,2025-01-23 14:00:00+00:00,122.78,123.0,122.12,123.0,147386.0,present
1299,2025-01-23 16:00:00+00:00,123.0,123.7,122.0,123.4,172845.0,present
1300,2025-01-23 18:00:00+00:00,123.34,123.86,123.34,123.54,74114.0,present
1301,2025-01-23 20:00:00+00:00,123.56,125.0,123.54,124.96,69664.0,present
1302,2025-01-23 22:00:00+00:00,123.888,125.54,123.75200000000001,125.464,214548.19999999998,interpolated
1303,2025-01-24 00:00:00+00:00,124.21600000000001,126.08,123.964,125.968,359432.39999999997,interpolated
1304,2025-01-24 02:00:00+00:00,124.544,126.62,124.176,126.472,504316.6,interpolated
1305,2025-01-24 04:00:00+00:00,124.872,127.16,124.38799999999999,126.976,649200.7999999999,interpolated
1306,2025-01-24 06:00:00+00:00,125.2,127.7,124.6,127.48,794085.0,present
1307,2025-01-24 08:00:00+00:00,127.46,127.98,126.04,126.26,617683.0,present
1308,2025-01-24 10:00:00+00:00,126.28,127.18,125.64,126.62,235454.0,present
1309,2025-01-24 12:00:00+00:00,126.66,126.8,124.04,124.08,412161.0,present
1310,2025-01-24 14:00:00+00:00,124.04,124.52,123.38,123.4,560843.0,present
1311,2025-01-24 16:00:00+00:00,123.7,124.7,123.62,124.26,184037.0,present
1312,2025-01-24 18:00:00+00:00,124.28,124.4,123.0,123.66,129712.0,present
1313,2025-01-24 20:00:00+00:00,123.68,124.2,123.26,124.14,40528.0,present
1314,2025-01-24 22:00:00+00:00,123.71777777777778,124.21851851851852,123.31333333333333,124.16074074074074,39048.18518518518,interpolated
1315,2025-01-25 00:00:00+00:00,123.75555555555556,124.23703703703704,123.36666666666667,124.18148148148148,37568.37037037037,interpolated
1316,2025-01-25 02:00:00+00:00,123.79333333333334,124.25555555555556,123.42,124.20222222222222,36088.555555555555,interpolated
1317,2025-01-25 04:00:00+00:00,123.83111111111111,124.27407407407408,123.47333333333334,124.22296296296297,34608.740740740745,interpolated
1318,2025-01-25 06:00:00+00:00,123.86888888888889,124.2925925925926,123.52666666666667,124.2437037037037,33128.92592592593,interpolated
1319,2025-01-25 08:00:00+00:00,123.90666666666667,124.31111111111112,123.58,124.26444444444445,31649.11111111111,interpolated
1320,2025-01-25 10:00:00+00:00,123.94444444444446,124.32962962962964,123.63333333333334,124.28518518518518,30169.2962962963,interpolated
1321,2025-01-25 12:00:00+00:00,123.98222222222223,124.34814814814816,123.68666666666667,124.30592592592593,28689.48148148148,interpolated
1322,2025-01-25 14:00:00+00:00,124.02000000000001,124.36666666666667,123.74000000000001,124.32666666666667,27209.666666666668,interpolated
1323,2025-01-25 16:00:00+00:00,124.05777777777779,124.3851851851852,123.79333333333334,124.3474074074074,25729.851851851854,interpolated
1324,2025-01-25 18:00:00+00:00,124.09555555555556,124.40370370370371,123.84666666666666,124.36814814814815,24250.037037037036,interpolated
1325,2025-01-25 20:00:00+00:00,124.13333333333334,124.42222222222223,123.9,124.38888888888889,22770.222222222223,interpolated
1326,2025-01-25 22:00:00+00:00,124.17111111111112,124.44074074074075,123.95333333333333,124.40962962962963,21290.40740740741,interpolated
1327,2025-01-26 00:00:00+00:00,124.2088888888889,124.45925925925926,124.00666666666667,124.43037037037037,19810.592592592595,interpolated
1328,2025-01-26 02:00:00+00:00,124.24666666666667,124.47777777777777,124.06,124.45111111111112,18330.777777777777,interpolated
1329,2025-01-26 04:00:00+00:00,124.28444444444445,124.4962962962963,124.11333333333334,124.47185185185185,16850.962962962964,interpolated
1330,2025-01-26 06:00:00+00:00,124.32222222222222,124.51481481481481,124.16666666666667,124.4925925925926,15371.14814814815,interpolated
1331,2025-01-26 08:00:00+00:00,124.36,124.53333333333333,124.22,124.51333333333334,13891.333333333336,interpolated
1332,2025-01-26 10:00:00+00:00,124.39777777777778,124.55185185185185,124.27333333333334,124.53407407407407,12411.518518518518,interpolated
1333,2025-01-26 12:00:00+00:00,124.43555555555555,124.57037037037037,124.32666666666667,124.55481481481482,10931.703703703704,interpolated
1334,2025-01-26 14:00:00+00:00,124.47333333333334,124.58888888888889,124.38000000000001,124.57555555555555,9451.88888888889,interpolated
1335,2025-01-26 16:00:00+00:00,124.51111111111112,124.60740740740741,124.43333333333334,124.5962962962963,7972.074074074077,interpolated
1336,2025-01-26 18:00:00+00:00,124.5488888888889,124.62592592592593,124.48666666666666,124.61703703703704,6492.259259259263,interpolated
1337,2025-01-26 20:00:00+00:00,124.58666666666667,124.64444444444445,124.54,124.63777777777779,5012.444444444445,interpolated
1338,2025-01-26 22:00:00+00:00,124.62444444444445,124.66296296296296,124.59333333333333,124.65851851851852,3532.6296296296277,interpolated
1339,2025-01-27 00:00:00+00:00,124.66222222222223,124.68148148148148,124.64666666666668,124.67925925925927,2052.8148148148175,interpolated
1340,2025-01-27 02:00:00+00:00,124.7,124.7,124.7,124.7,573.0,present
1341,2025-01-27 04:00:00+00:00,124.6,124.98,124.2,124.78,34362.0,present
1342,2025-01-27 06:00:00+00:00,124.66,124.74,122.88,123.62,264283.0,present
1343,2025-01-27 08:00:00+00:00,123.62,124.08,122.5,123.1,341599.0,present
1344,2025-01-27 10:00:00+00:00,123.06,123.66,122.78,122.94,274419.0,present
1345,2025-01-27 12:00:00+00:00,122.96,123.54,122.12,122.32,214227.0,present
1346,2025-01-27 14:00:00+00:00,122.32,122.32,118.74,119.76,844800.0,present
1347,2025-01-27 16:00:00+00:00,119.76,120.4,119.02,120.16,182268.0,present
1348,2025-01-27 18:00:00+00:00,120.1,120.16,119.24,119.88,138339.0,present
1349,2025-01-27 20:00:00+00:00,119.88,119.96,119.32,119.46,38575.0,present
1350,2025-01-27 22:00:00+00:00,119.68666666666667,119.74,119.31333333333333,119.40666666666667,25730.333333333332,interpolated
1351,2025-01-28 00:00:00+00:00,119.49333333333333,119.52,119.30666666666666,119.35333333333332,12885.666666666664,interpolated
1352,2025-01-28 02:00:00+00:00,119.3,119.3,119.3,119.3,41.0,present
1353,2025-01-28 04:00:00+00:00,119.3,119.8,117.46,119.38,160902.0,present
1354,2025-01-28 06:00:00+00:00,119.44,120.66,118.8,118.96,437068.0,present
1355,2025-01-28 08:00:00+00:00,118.96,119.54,117.12,117.72,575852.0,present
1356,2025-01-28 10:00:00+00:00,117.72,120.86,117.58,119.88,842477.0,present
1357,2025-01-28 12:00:00+00:00,119.92,121.94,119.82,121.34,487644.0,present
1358,2025-01-28 12:00:00+00:00,119.92,121.94,119.82,121.34,487644.0,present
1359,2025-01-28 14:00:00+00:00,121.32,121.9,120.48,121.66,316803.0,present
1360,2025-01-28 16:00:00+00:00,121.64,121.66,120.7,120.84,86625.0,present
1361,2025-01-28 18:00:00+00:00,120.84,121.7,120.74,121.26,80713.0,present
1362,2025-01-28 20:00:00+00:00,121.26,121.36,120.88,121.2,29566.0,present
1363,2025-01-28 22:00:00+00:00,121.24666666666667,121.31333333333333,120.99333333333333,121.20666666666666,19758.666666666664,interpolated
1364,2025-01-29 00:00:00+00:00,121.23333333333333,121.26666666666667,121.10666666666667,121.21333333333334,9951.333333333332,interpolated
1365,2025-01-29 02:00:00+00:00,121.22,121.22,121.22,121.22,144.0,present
1366,2025-01-29 04:00:00+00:00,121.42,122.4,120.94,122.04,69201.0,present
1367,2025-01-29 06:00:00+00:00,122.02,122.08,120.84,121.6,205606.0,present
1368,2025-01-29 08:00:00+00:00,121.62,122.4,121.24,122.24,292305.0,present
1369,2025-01-29 10:00:00+00:00,122.24,123.0,122.1,122.18,295968.0,present
1370,2025-01-29 12:00:00+00:00,122.22,122.38,121.38,121.64,254158.0,present
1371,2025-01-29 14:00:00+00:00,121.68,122.9,121.6,122.86,210109.0,present
1372,2025-01-29 16:00:00+00:00,122.7,122.7,121.6,122.18,110609.0,present
1373,2025-01-29 18:00:00+00:00,122.2,122.2,121.8,121.8,33054.0,present
1374,2025-01-29 20:00:00+00:00,121.8,121.86,121.72,121.78,18168.0,present
1375,2025-01-29 22:00:00+00:00,121.79333333333334,121.83333333333333,121.74,121.78,12116.333333333332,interpolated
1376,2025-01-30 00:00:00+00:00,121.78666666666666,121.80666666666667,121.76,121.78,6064.666666666666,interpolated
1377,2025-01-30 02:00:00+00:00,121.78,121.78,121.78,121.78,13.0,present
1378,2025-01-30 04:00:00+00:00,121.82,122.28,121.78,122.06,24013.0,present
1379,2025-01-30 06:00:00+00:00,122.08,122.68,121.86,122.36,139479.0,present
1380,2025-01-30 08:00:00+00:00,122.4,123.24,121.6,121.8,431712.0,present
1381,2025-01-30 10:00:00+00:00,121.78,122.68,121.62,122.3,195661.0,present
1382,2025-01-30 12:00:00+00:00,122.3,122.56,121.72,121.78,143349.0,present
1383,2025-01-30 14:00:00+00:00,121.8,122.94,121.76,122.82,274910.0,present
1384,2025-01-30 16:00:00+00:00,122.72,122.78,122.28,122.28,64472.0,present
1385,2025-01-30 18:00:00+00:00,122.28,122.6,122.26,122.58,38926.0,present
1386,2025-01-30 20:00:00+00:00,122.6,122.8,122.5,122.76,22584.0,present
1387,2025-01-30 22:00:00+00:00,122.63333333333333,122.76666666666667,122.56666666666666,122.74000000000001,15077.0,interpolated
1388,2025-01-31 00:00:00+00:00,122.66666666666667,122.73333333333333,122.63333333333334,122.72,7570.0,interpolated
1389,2025-01-31 02:00:00+00:00,122.7,122.7,122.7,122.7,63.0,present
1390,2025-01-31 04:00:00+00:00,122.7,124.0,122.24,123.68,110782.0,present
1391,2025-01-31 06:00:00+00:00,123.68,124.38,123.1,123.88,366939.0,present
1392,2025-01-31 08:00:00+00:00,123.88,124.6,122.4,123.08,404636.0,present
1393,2025-01-31 10:00:00+00:00,123.08,123.58,122.62,123.22,148040.0,present
1394,2025-01-31 12:00:00+00:00,123.24,123.68,120.88,121.36,456212.0,present
1395,2025-01-31 14:00:00+00:00,121.36,121.8,119.54,119.98,653850.0,present
1396,2025-01-31 16:00:00+00:00,119.98,120.6,119.54,120.26,135384.0,present
1397,2025-01-31 18:00:00+00:00,120.26,120.5,120.0,120.14,53392.0,present
1398,2025-01-31 20:00:00+00:00,120.14,122.3,120.12,121.18,135414.0,present
1399,2025-01-31 22:00:00+00:00,120.17185185185186,122.25185185185185,120.1525925925926,121.17333333333335,130520.11111111111,interpolated
1400,2025-02-01 00:00:00+00:00,120.20370370370371,122.2037037037037,120.18518518518519,121.16666666666667,125626.22222222222,interpolated
1401,2025-02-01 02:00:00+00:00,120.23555555555555,122.15555555555555,120.21777777777778,121.16000000000001,120732.33333333333,interpolated
1402,2025-02-01 04:00:00+00:00,120.2674074074074,122.10740740740741,120.25037037037038,121.15333333333334,115838.44444444444,interpolated
1403,2025-02-01 06:00:00+00:00,120.29925925925926,122.05925925925926,120.28296296296297,121.14666666666668,110944.55555555556,interpolated
1404,2025-02-01 08:00:00+00:00,120.33111111111111,122.0111111111111,120.31555555555556,121.14,106050.66666666667,interpolated
1405,2025-02-01 10:00:00+00:00,120.36296296296297,121.96296296296296,120.34814814814816,121.13333333333334,101156.77777777778,interpolated
1406,2025-02-01 12:00:00+00:00,120.39481481481482,121.91481481481482,120.38074074074075,121.12666666666667,96262.88888888889,interpolated
1407,2025-02-01 14:00:00+00:00,120.42666666666666,121.86666666666666,120.41333333333334,121.12,91369.0,interpolated
1408,2025-02-01 16:00:00+00:00,120.45851851851852,121.81851851851852,120.44592592592593,121.11333333333334,86475.11111111111,interpolated
1409,2025-02-01 18:00:00+00:00,120.49037037037037,121.77037037037037,120.47851851851853,121.10666666666667,81581.22222222222,interpolated
1410,2025-02-01 20:00:00+00:00,120.52222222222223,121.72222222222221,120.51111111111112,121.10000000000001,76687.33333333334,interpolated
1411,2025-02-01 22:00:00+00:00,120.55407407407408,121.67407407407407,120.54370370370371,121.09333333333333,71793.44444444444,interpolated
1412,2025-02-02 00:00:00+00:00,120.58592592592592,121.62592592592593,120.57629629629629,121.08666666666667,66899.55555555555,interpolated
1413,2025-02-02 02:00:00+00:00,120.61777777777777,121.57777777777778,120.60888888888888,121.08,62005.66666666667,interpolated
1414,2025-02-02 04:00:00+00:00,120.64962962962963,121.52962962962962,120.64148148148148,121.07333333333334,57111.77777777778,interpolated
1415,2025-02-02 06:00:00+00:00,120.68148148148148,121.48148148148148,120.67407407407407,121.06666666666666,52217.88888888889,interpolated
1416,2025-02-02 08:00:00+00:00,120.71333333333334,121.43333333333334,120.70666666666666,121.06,47324.0,interpolated
1417,2025-02-02 10:00:00+00:00,120.74518518518518,121.38518518518518,120.73925925925926,121.05333333333334,42430.11111111111,interpolated
1418,2025-02-02 12:00:00+00:00,120.77703703703703,121.33703703703704,120.77185185185185,121.04666666666667,37536.22222222222,interpolated
1419,2025-02-02 14:00:00+00:00,120.80888888888889,121.28888888888889,120.80444444444444,121.04,32642.33333333333,interpolated
1420,2025-02-02 16:00:00+00:00,120.84074074074074,121.24074074074073,120.83703703703704,121.03333333333333,27748.444444444438,interpolated
1421,2025-02-02 18:00:00+00:00,120.8725925925926,121.19259259259259,120.86962962962963,121.02666666666667,22854.555555555547,interpolated
1422,2025-02-02 20:00:00+00:00,120.90444444444445,121.14444444444445,120.90222222222222,121.02,17960.66666666667,interpolated
1423,2025-02-02 22:00:00+00:00,120.93629629629629,121.0962962962963,120.93481481481481,121.01333333333334,13066.777777777781,interpolated
1424,2025-02-03 00:00:00+00:00,120.96814814814815,121.04814814814814,120.9674074074074,121.00666666666666,8172.8888888888905,interpolated
1425,2025-02-03 02:00:00+00:00,121.0,121.0,121.0,121.0,3279.0,present
1426,2025-02-03 04:00:00+00:00,121.0,121.0,120.06,120.34,93691.0,present
1427,2025-02-03 06:00:00+00:00,120.3,120.7,118.52,119.2,431270.0,present
1428,2025-02-03 08:00:00+00:00,119.2,119.24,118.0,118.76,448336.0,present
1429,2025-02-03 10:00:00+00:00,118.8,119.0,117.66,117.86,387991.0,present
1430,2025-02-03 12:00:00+00:00,117.86,118.74,117.5,118.1,493618.0,present
1431,2025-02-03 14:00:00+00:00,118.14,118.18,117.02,118.14,373357.0,present
1432,2025-02-03 16:00:00+00:00,118.0,118.58,117.88,118.5,113125.0,present
1433,2025-02-03 18:00:00+00:00,118.5,118.98,118.5,118.96,96356.0,present
1434,2025-02-03 20:00:00+00:00,118.96,119.0,118.3,118.3,37373.0,present
1435,2025-02-03 22:00:00+00:00,118.74,118.76666666666667,118.3,118.3,24935.0,interpolated
1436,2025-02-04 00:00:00+00:00,118.52,118.53333333333333,118.3,118.3,12497.0,interpolated
1437,2025-02-04 02:00:00+00:00,118.3,118.3,118.3,118.3,59.0,present
1438,2025-02-04 04:00:00+00:00,118.26,118.88,118.26,118.58,44269.0,present
1439,2025-02-04 06:00:00+00:00,118.5,119.88,118.3,119.8,351003.0,present
1440,2025-02-04 08:00:00+00:00,119.8,120.0,118.52,118.86,242331.0,present
1441,2025-02-04 10:00:00+00:00,118.86,119.24,118.32,118.58,144308.0,present
1442,2025-02-04 12:00:00+00:00,118.64,119.94,118.36,118.96,274278.0,present
1443,2025-02-04 12:00:00+00:00,118.64,119.94,118.36,118.96,274278.0,present
1444,2025-02-04 14:00:00+00:00,119.0,119.0,118.12,118.3,241019.0,present
1445,2025-02-04 16:00:00+00:00,118.28,118.68,117.76,118.1,117646.0,present
1446,2025-02-04 18:00:00+00:00,118.14,118.16,116.5,116.96,320356.0,present
1447,2025-02-04 20:00:00+00:00,116.96,117.2,116.72,117.16,36033.0,present
1448,2025-02-04 22:00:00+00:00,117.01333333333334,117.17333333333333,116.85333333333334,117.14666666666666,24041.333333333332,interpolated
1449,2025-02-05 00:00:00+00:00,117.06666666666666,117.14666666666668,116.98666666666666,117.13333333333334,12049.666666666664,interpolated
1450,2025-02-05 02:00:00+00:00,117.12,117.12,117.12,117.12,58.0,present
1451,2025-02-05 04:00:00+00:00,117.1,117.58,116.8,116.9,33044.0,present
1452,2025-02-05 06:00:00+00:00,116.92,117.94,116.54,117.62,281490.0,present
1453,2025-02-05 08:00:00+00:00,117.62,118.1,116.02,117.98,554906.0,present
1454,2025-02-05 10:00:00+00:00,117.96,118.46,117.02,117.2,250899.0,present
1455,2025-02-05 12:00:00+00:00,117.2,118.38,117.12,118.36,180078.0,present
1456,2025-02-05 14:00:00+00:00,118.36,120.48,118.36,118.7,479005.0,present
1457,2025-02-05 16:00:00+00:00,118.8,121.0,118.8,120.02,387138.0,present
1458,2025-02-05 18:00:00+00:00,120.04,120.96,119.72,120.6,180269.0,present
1459,2025-02-05 20:00:00+00:00,120.62,120.9,120.32,120.4,28198.0,present
1460,2025-02-05 22:00:00+00:00,120.68,120.86666666666667,120.47999999999999,120.53333333333333,18943.0,interpolated
1461,2025-02-06 00:00:00+00:00,120.74,120.83333333333333,120.64,120.66666666666667,9688.0,interpolated
1462,2025-02-06 02:00:00+00:00,120.8,120.8,120.8,120.8,433.0,present
1463,2025-02-06 04:00:00+00:00,120.8,121.56,120.64,121.26,104118.0,present
1464,2025-02-06 06:00:00+00:00,121.28,121.92,120.08,121.22,421098.0,present
1465,2025-02-06 08:00:00+00:00,121.22,123.0,120.82,122.08,601980.0,present
1466,2025-02-06 10:00:00+00:00,122.04,122.48,120.6,120.94,317464.0,present
1467,2025-02-06 12:00:00+00:00,120.92,121.6,120.26,121.08,305787.0,present
1468,2025-02-06 14:00:00+00:00,121.1,122.0,121.08,121.4,313194.0,present
1469,2025-02-06 16:00:00+00:00,121.4,121.78,121.3,121.68,54027.0,present
1470,2025-02-06 18:00:00+00:00,121.68,121.8,121.42,121.5,25186.0,present
1471,2025-02-06 20:00:00+00:00,121.5,121.76,121.4,121.5,14910.0,present
1472,2025-02-06 22:00:00+00:00,121.62,121.79333333333334,121.55333333333334,121.62,10006.666666666668,interpolated
1473,2025-02-07 00:00:00+00:00,121.74,121.82666666666667,121.70666666666666,121.74,5103.333333333334,interpolated
1474,2025-02-07 02:00:00+00:00,121.86,121.86,121.86,121.86,200.0,present
1475,2025-02-07 04:00:00+00:00,121.86,122.62,121.5,122.26,54082.0,present
1476,2025-02-07 06:00:00+00:00,122.18,122.88,121.74,122.82,188738.0,present
1477,2025-02-07 08:00:00+00:00,122.82,123.34,121.5,121.52,348731.0,present
1478,2025-02-07 10:00:00+00:00,121.56,122.54,121.5,122.42,161422.0,present
1479,2025-02-07 12:00:00+00:00,122.42,123.62,122.4,122.44,504501.0,present
1480,2025-02-07 14:00:00+00:00,122.42,123.0,120.84,121.26,480560.0,present
1481,2025-02-07 16:00:00+00:00,121.28,121.58,120.48,120.98,296380.0,present
1482,2025-02-07 18:00:00+00:00,121.06,121.4,121.0,121.24,44068.0,present
1483,2025-02-07 20:00:00+00:00,121.24,122.3,120.92,122.28,95555.0,present
1484,2025-02-07 22:00:00+00:00,121.27925925925925,122.3,120.97111111111111,122.28074074074074,92093.44444444444,interpolated
1485,2025-02-08 00:00:00+00:00,121.31851851851852,122.3,121.02222222222223,122.28148148148148,88631.88888888889,interpolated
1486,2025-02-08 02:00:00+00:00,121.35777777777777,122.3,121.07333333333334,122.28222222222222,85170.33333333333,interpolated
1487,2025-02-08 04:00:00+00:00,121.39703703703704,122.3,121.12444444444445,122.28296296296297,81708.77777777778,interpolated
1488,2025-02-08 06:00:00+00:00,121.43629629629629,122.3,121.17555555555556,122.28370370370371,78247.22222222222,interpolated
1489,2025-02-08 08:00:00+00:00,121.47555555555554,122.3,121.22666666666667,122.28444444444445,74785.66666666666,interpolated
1490,2025-02-08 10:00:00+00:00,121.51481481481481,122.3,121.27777777777777,122.28518518518518,71324.11111111111,interpolated
1491,2025-02-08 12:00:00+00:00,121.55407407407407,122.3,121.32888888888888,122.28592592592592,67862.55555555556,interpolated
1492,2025-02-08 14:00:00+00:00,121.59333333333333,122.3,121.38,122.28666666666666,64401.0,interpolated
1493,2025-02-08 16:00:00+00:00,121.63259259259259,122.3,121.43111111111111,122.2874074074074,60939.44444444444,interpolated
1494,2025-02-08 18:00:00+00:00,121.67185185185184,122.3,121.48222222222222,122.28814814814815,57477.88888888888,interpolated
1495,2025-02-08 20:00:00+00:00,121.71111111111111,122.3,121.53333333333333,122.28888888888889,54016.33333333333,interpolated
1496,2025-02-08 22:00:00+00:00,121.75037037037036,122.3,121.58444444444444,122.28962962962963,50554.777777777774,interpolated
1497,2025-02-09 00:00:00+00:00,121.78962962962963,122.3,121.63555555555556,122.29037037037037,47093.22222222222,interpolated
1498,2025-02-09 02:00:00+00:00,121.82888888888888,122.3,121.68666666666667,122.2911111111111,43631.666666666664,interpolated
1499,2025-02-09 04:00:00+00:00,121.86814814814815,122.3,121.73777777777778,122.29185185185185,40170.11111111111,interpolated
1500,2025-02-09 06:00:00+00:00,121.9074074074074,122.3,121.78888888888889,122.2925925925926,36708.55555555555,interpolated
1501,2025-02-09 08:00:00+00:00,121.94666666666666,122.3,121.84,122.29333333333334,33246.99999999999,interpolated
1502,2025-02-09 10:00:00+00:00,121.98592592592593,122.3,121.89111111111112,122.29407407407408,29785.444444444438,interpolated
1503,2025-02-09 12:00:00+00:00,122.02518518518518,122.3,121.94222222222223,122.29481481481481,26323.888888888876,interpolated
1504,2025-02-09 14:00:00+00:00,122.06444444444445,122.3,121.99333333333333,122.29555555555555,22862.33333333333,interpolated
1505,2025-02-09 16:00:00+00:00,122.1037037037037,122.3,122.04444444444444,122.29629629629629,19400.777777777766,interpolated
1506,2025-02-09 18:00:00+00:00,122.14296296296295,122.3,122.09555555555555,122.29703703703703,15939.222222222219,interpolated
1507,2025-02-09 20:00:00+00:00,122.18222222222222,122.3,122.14666666666666,122.29777777777778,12477.666666666657,interpolated
1508,2025-02-09 22:00:00+00:00,122.22148148148148,122.3,122.19777777777777,122.29851851851852,9016.11111111111,interpolated
1509,2025-02-10 00:00:00+00:00,122.26074074074074,122.3,122.24888888888889,122.29925925925926,5554.5555555555475,interpolated
1510,2025-02-10 02:00:00+00:00,122.3,122.3,122.3,122.3,2093.0,present
1511,2025-02-10 04:00:00+00:00,122.42,122.98,122.12,122.8,120685.0,present
1512,2025-02-10 06:00:00+00:00,122.7,122.72,119.6,120.06,819459.0,present
1513,2025-02-10 08:00:00+00:00,120.06,120.66,119.0,120.5,860225.0,present
1514,2025-02-10 10:00:00+00:00,120.5,122.0,120.5,121.7,951517.0,present
1515,2025-02-10 12:00:00+00:00,121.7,122.88,120.28,122.54,1240790.0,present
1516,2025-02-10 14:00:00+00:00,122.58,127.0,119.82,121.1,4384224.0,present
1517,2025-02-10 16:00:00+00:00,121.02,122.58,121.0,121.38,700212.0,present
1518,2025-02-10 18:00:00+00:00,121.34,122.1,120.58,121.0,690109.0,present
1519,2025-02-10 20:00:00+00:00,121.0,121.14,120.22,120.82,226070.0,present
1520,2025-02-10 22:00:00+00:00,120.86666666666666,120.96,120.34666666666666,120.74666666666666,151140.66666666666,interpolated
1521,2025-02-11 00:00:00+00:00,120.73333333333333,120.78,120.47333333333333,120.67333333333333,76211.33333333331,interpolated
1522,2025-02-11 02:00:00+00:00,120.6,120.6,120.6,120.6,1282.0,present
1523,2025-02-11 04:00:00+00:00,120.54,121.8,120.36,121.0,166906.0,present
1524,2025-02-11 06:00:00+00:00,120.94,121.7,120.5,121.12,476467.0,present
1525,2025-02-11 08:00:00+00:00,121.12,121.5,119.62,120.98,1049674.0,present
1526,2025-02-11 10:00:00+00:00,121.04,122.1,120.94,121.24,615933.0,present
1527,2025-02-11 12:00:00+00:00,121.18,121.42,120.1,120.24,492476.0,present
1528,2025-02-11 12:00:00+00:00,121.18,121.42,120.1,120.24,492476.0,present
1529,2025-02-11 14:00:00+00:00,120.3,121.0,120.0,120.42,536910.0,present
1530,2025-02-11 16:00:00+00:00,120.18,120.6,120.16,120.48,93206.0,present
1531,2025-02-11 18:00:00+00:00,120.46,121.5,120.42,121.18,161167.0,present
1532,2025-02-11 20:00:00+00:00,121.18,121.4,121.06,121.12,36816.0,present
1533,2025-02-11 22:00:00+00:00,121.18666666666667,121.33333333333334,121.10666666666667,121.14666666666668,24616.0,interpolated
1534,2025-02-12 00:00:00+00:00,121.19333333333334,121.26666666666667,121.15333333333334,121.17333333333333,12416.0,interpolated
1535,2025-02-12 02:00:00+00:00,121.2,121.2,121.2,121.2,216.0,present
1536,2025-02-12 04:00:00+00:00,121.4,121.74,121.2,121.62,66828.0,present
1537,2025-02-12 06:00:00+00:00,121.56,121.76,120.66,121.14,392128.0,present
1538,2025-02-12 08:00:00+00:00,121.14,121.76,120.82,121.22,521815.0,present
1539,2025-02-12 10:00:00+00:00,121.22,122.46,121.0,121.36,485172.0,present
1540,2025-02-12 12:00:00+00:00,121.36,121.38,120.5,120.88,446885.0,present
1541,2025-02-12 14:00:00+00:00,120.88,121.08,119.44,119.88,675987.0,present
1542,2025-02-12 16:00:00+00:00,119.76,125.82,119.24,124.5,1446454.0,present
1543,2025-02-12 18:00:00+00:00,124.48,127.46,124.0,127.18,1762998.0,present
1544,2025-02-12 20:00:00+00:00,127.18,128.0,126.44,127.26,341239.0,present
1545,2025-02-12 22:00:00+00:00,127.23333333333333,127.78,126.74,127.28666666666668,228502.6666666667,interpolated
1546,2025-02-13 00:00:00+00:00,127.28666666666668,127.56,127.04,127.31333333333333,115766.33333333334,interpolated
1547,2025-02-13 02:00:00+00:00,127.34,127.34,127.34,127.34,3030.0,present
1548,2025-02-13 04:00:00+00:00,127.34,129.94,127.32,128.1,458953.0,present
1549,2025-02-13 06:00:00+00:00,128.1,129.7,123.5,125.96,1468475.0,present
1550,2025-02-13 08:00:00+00:00,125.94,127.5,125.14,127.02,862849.0,present
1551,2025-02-13 10:00:00+00:00,127.04,127.6,125.0,126.18,508697.0,present
1552,2025-02-13 12:00:00+00:00,126.16,127.38,126.16,127.06,724535.0,present
1553,2025-02-13 14:00:00+00:00,127.06,128.54,126.5,128.38,768035.0,present
1554,2025-02-13 16:00:00+00:00,128.26,128.3,127.56,128.1,118777.0,present
1555,2025-02-13 18:00:00+00:00,128.38333333333333,128.60000000000002,127.13333333333334,128.2,133247.0,interpolated
1556,2025-02-13 20:00:00+00:00,128.50666666666666,128.9,126.70666666666666,128.29999999999998,147717.0,interpolated
1557,2025-02-13 22:00:00+00:00,128.63,129.2,126.28,128.39999999999998,162187.0,interpolated
1558,2025-02-14 00:00:00+00:00,128.75333333333333,129.5,125.85333333333334,128.5,176657.0,interpolated
1559,2025-02-14 02:00:00+00:00,128.87666666666667,129.8,125.42666666666666,128.6,191127.0,interpolated
1560,2025-02-14 04:00:00+00:00,129.0,130.1,125.0,128.7,205597.0,present
1561,2025-02-14 06:00:00+00:00,128.7,131.92,128.7,131.3,993240.0,present
1562,2025-02-14 08:00:00+00:00,131.28,132.6,131.0,132.1,1265585.0,present
1563,2025-02-14 10:00:00+00:00,132.16,132.6,128.9,131.46,1834342.0,present
1564,2025-02-14 12:00:00+00:00,131.46,133.98,127.28,128.0,1781263.0,present
1565,2025-02-14 14:00:00+00:00,128.0,129.76,127.8,128.68,578325.0,present
1566,2025-02-14 16:00:00+00:00,128.9,130.0,128.02,128.26,218462.0,present
1567,2025-02-14 18:00:00+00:00,128.28,130.0,128.14,129.94,136745.0,present
1568,2025-02-14 20:00:00+00:00,129.94,131.84,129.9,131.5,114233.0,present
1569,2025-02-14 22:00:00+00:00,130.09037037037038,131.92000000000002,130.05185185185186,131.59259259259258,111117.81481481482,interpolated
1570,2025-02-15 00:00:00+00:00,130.24074074074073,132.0,130.2037037037037,131.6851851851852,108002.62962962964,interpolated
1571,2025-02-15 02:00:00+00:00,130.39111111111112,132.08,130.35555555555555,131.77777777777777,104887.44444444444,interpolated
1572,2025-02-15 04:00:00+00:00,130.54148148148147,132.16,130.5074074074074,131.87037037037038,101772.25925925926,interpolated
1573,2025-02-15 06:00:00+00:00,130.69185185185185,132.24,130.65925925925927,131.96296296296296,98657.07407407407,interpolated
1574,2025-02-15 08:00:00+00:00,130.84222222222223,132.32,130.8111111111111,132.05555555555554,95541.88888888889,interpolated
1575,2025-02-15 10:00:00+00:00,130.9925925925926,132.4,130.96296296296296,132.14814814814815,92426.70370370371,interpolated
1576,2025-02-15 12:00:00+00:00,131.14296296296297,132.48,131.11481481481482,132.24074074074073,89311.51851851851,interpolated
1577,2025-02-15 14:00:00+00:00,131.29333333333332,132.56,131.26666666666668,132.33333333333334,86196.33333333333,interpolated
1578,2025-02-15 16:00:00+00:00,131.4437037037037,132.64000000000001,131.4185185185185,132.42592592592592,83081.14814814815,interpolated
1579,2025-02-15 18:00:00+00:00,131.5940740740741,132.72,131.57037037037037,132.5185185185185,79965.96296296296,interpolated
1580,2025-02-15 20:00:00+00:00,131.74444444444444,132.8,131.72222222222223,132.61111111111111,76850.77777777778,interpolated
1581,2025-02-15 22:00:00+00:00,131.89481481481482,132.88,131.8740740740741,132.7037037037037,73735.59259259258,interpolated
1582,2025-02-16 00:00:00+00:00,132.04518518518518,132.96,132.02592592592592,132.7962962962963,70620.40740740742,interpolated
1583,2025-02-16 02:00:00+00:00,132.19555555555556,133.04,132.17777777777778,132.88888888888889,67505.22222222222,interpolated
1584,2025-02-16 04:00:00+00:00,132.3459259259259,133.12,132.32962962962964,132.9814814814815,64390.03703703704,interpolated
1585,2025-02-16 06:00:00+00:00,132.4962962962963,133.2,132.4814814814815,133.07407407407408,61274.85185185185,interpolated
1586,2025-02-16 08:00:00+00:00,132.64666666666668,133.28,132.63333333333333,133.16666666666666,58159.666666666664,interpolated
1587,2025-02-16 10:00:00+00:00,132.79703703703703,133.36,132.78518518518518,133.25925925925927,55044.48148148148,interpolated
1588,2025-02-16 12:00:00+00:00,132.9474074074074,133.44,132.93703703703704,133.35185185185185,51929.29629629629,interpolated
1589,2025-02-16 14:00:00+00:00,133.09777777777776,133.52,133.0888888888889,133.44444444444446,48814.11111111111,interpolated
1590,2025-02-16 16:00:00+00:00,133.24814814814815,133.6,133.24074074074073,133.53703703703704,45698.92592592593,interpolated
1591,2025-02-16 18:00:00+00:00,133.39851851851853,133.68,133.3925925925926,133.62962962962962,42583.740740740745,interpolated
1592,2025-02-16 20:00:00+00:00,133.54888888888888,133.76,133.54444444444445,133.72222222222223,39468.55555555555,interpolated
1593,2025-02-16 22:00:00+00:00,133.69925925925926,133.84,133.6962962962963,133.8148148148148,36353.370370370365,interpolated
1594,2025-02-17 00:00:00+00:00,133.84962962962962,133.92,133.84814814814814,133.90740740740742,33238.18518518518,interpolated
1595,2025-02-17 02:00:00+00:00,134.0,134.0,134.0,134.0,30123.0,present
1596,2025-02-17 04:00:00+00:00,133.5,134.0,132.78,133.54,263568.0,present
1597,2025-02-17 06:00:00+00:00,133.44,135.54,132.64,135.14,861663.0,present
1598,2025-02-17 08:00:00+00:00,135.1,137.66,134.0,137.0,1246945.0,present
1599,2025-02-17 10:00:00+00:00,137.0,138.0,136.36,136.4,844149.0,present
1600,2025-02-17 12:00:00+00:00,136.44,138.0,136.4,137.94,567821.0,present
1601,2025-02-17 14:00:00+00:00,137.88,139.0,137.6,138.2,1280975.0,present
1602,2025-02-17 16:00:00+00:00,138.04,138.5,136.6,137.98,307075.0,present
1603,2025-02-17 18:00:00+00:00,137.96,138.9,137.48,137.48,233923.0,present
1604,2025-02-17 20:00:00+00:00,137.48,138.24,137.44,138.2,85536.0,present
1605,2025-02-17 22:00:00+00:00,137.85333333333332,138.36,137.82666666666665,138.33333333333331,58055.0,interpolated
1606,2025-02-18 00:00:00+00:00,138.22666666666666,138.48,138.21333333333334,138.46666666666667,30574.0,interpolated
1607,2025-02-18 02:00:00+00:00,138.6,138.6,138.6,138.6,3093.0,present
1608,2025-02-18 04:00:00+00:00,138.6,138.8,136.12,137.26,264865.0,present
1609,2025-02-18 06:00:00+00:00,137.26,137.56,135.32,137.1,513087.0,present
1610,2025-02-18 08:00:00+00:00,137.08,137.1,134.76,135.98,647391.0,present
1611,2025-02-18 10:00:00+00:00,136.0,138.5,135.38,138.06,636805.0,present
1612,2025-02-18 12:00:00+00:00,138.08,138.3,134.0,134.58,911230.0,present
1613,2025-02-18 12:00:00+00:00,138.08,138.3,134.0,134.58,911230.0,present
1614,2025-02-18 14:00:00+00:00,134.66,135.74,134.6,135.0,292902.0,present
1615,2025-02-18 16:00:00+00:00,134.8,135.62,134.5,134.5,116901.0,present
1616,2025-02-18 18:00:00+00:00,134.5,134.68,133.2,133.98,237805.0,present
1617,2025-02-18 20:00:00+00:00,133.94,134.7,133.9,134.6,20611.0,present
1618,2025-02-18 22:00:00+00:00,134.22666666666666,134.73333333333332,134.20000000000002,134.66666666666666,14089.333333333332,interpolated
1619,2025-02-19 00:00:00+00:00,134.51333333333335,134.76666666666668,134.5,134.73333333333335,7567.666666666666,interpolated
1620,2025-02-19 02:00:00+00:00,134.8,134.8,134.8,134.8,1046.0,present
1621,2025-02-19 04:00:00+00:00,134.8,135.32,134.3,134.9,70601.0,present
1622,2025-02-19 06:00:00+00:00,134.86,135.86,134.18,134.24,210127.0,present
1623,2025-02-19 08:00:00+00:00,134.24,135.0,132.68,134.54,739102.0,present
1624,2025-02-19 10:00:00+00:00,134.58,137.1,134.06,136.26,513078.0,present
1625,2025-02-19 12:00:00+00:00,136.26,137.62,135.92,137.12,434163.0,present
1626,2025-02-19 14:00:00+00:00,137.12,138.0,136.9,137.22,299263.0,present
1627,2025-02-19 16:00:00+00:00,137.4,139.0,137.32,138.96,272846.0,present
1628,2025-02-19 18:00:00+00:00,138.96,139.0,137.62,137.68,287425.0,present
1629,2025-02-19 20:00:00+00:00,137.64,138.7,137.58,138.52,42356.0,present
1630,2025-02-19 22:00:00+00:00,138.11333333333332,138.82,138.07333333333335,138.70000000000002,28710.0,interpolated
1631,2025-02-20 00:00:00+00:00,138.58666666666667,138.94,138.56666666666666,138.88,15064.0,interpolated
1632,2025-02-20 02:00:00+00:00,139.06,139.06,139.06,139.06,1418.0,present
1633,2025-02-20 04:00:00+00:00,139.02,139.68,137.62,138.6,268870.0,present
1634,2025-02-20 06:00:00+00:00,138.58,138.96,137.3,138.02,219336.0,present
1635,2025-02-20 08:00:00+00:00,138.02,138.2,136.0,136.78,453201.0,present
1636,2025-02-20 10:00:00+00:00,136.86,137.94,136.52,137.7,487493.0,present
1637,2025-02-20 12:00:00+00:00,137.7,139.5,137.5,139.36,521793.0,present
1638,2025-02-20 14:00:00+00:00,139.36,139.38,137.32,138.38,375828.0,present
1639,2025-02-20 16:00:00+00:00,138.14,138.32,137.14,137.68,180830.0,present
1640,2025-02-20 18:00:00+00:00,137.72,137.8,137.48,137.76,37207.0,present
1641,2025-02-20 20:00:00+00:00,137.78,137.8,137.4,137.74,18288.0,present
1642,2025-02-20 22:00:00+00:00,137.85333333333332,137.86666666666667,137.6,137.82666666666668,12304.333333333332,interpolated
1643,2025-02-21 00:00:00+00:00,137.92666666666668,137.93333333333334,137.8,137.91333333333333,6320.666666666666,interpolated
1644,2025-02-21 02:00:00+00:00,138.0,138.0,138.0,138.0,337.0,present
1645,2025-02-21 04:00:00+00:00,137.98,138.0,137.04,137.92,31713.0,present
1646,2025-02-21 06:00:00+00:00,137.94,139.2,137.84,138.88,241305.0,present
1647,2025-02-21 08:00:00+00:00,138.84,140.3,138.54,138.6,812749.0,present
1648,2025-02-21 10:00:00+00:00,138.6,138.62,135.52,136.88,690655.0,present
1649,2025-02-21 12:00:00+00:00,136.9,136.92,135.14,135.7,388463.0,present
1650,2025-02-21 14:00:00+00:00,135.72,136.78,135.22,135.5,359198.0,present
1651,2025-02-21 16:00:00+00:00,135.6,136.46,135.58,136.34,110205.0,present
1652,2025-02-21 18:00:00+00:00,136.34,136.96,136.14,136.74,96859.0,present
1653,2025-02-21 20:00:00+00:00,136.76,137.62,136.68,137.18,59132.0,present
1654,2025-02-21 22:00:00+00:00,136.79037037037037,137.61851851851853,136.71333333333334,137.19481481481483,56956.666666666664,interpolated
1655,2025-02-22 00:00:00+00:00,136.82074074074075,137.61703703703705,136.74666666666667,137.20962962962963,54781.333333333336,interpolated
1656,2025-02-22 02:00:00+00:00,136.8511111111111,137.61555555555557,136.78,137.22444444444446,52606.0,interpolated
1657,2025-02-22 04:00:00+00:00,136.88148148148147,137.61407407407407,136.81333333333333,137.23925925925926,50430.666666666664,interpolated
1658,2025-02-22 06:00:00+00:00,136.91185185185185,137.6125925925926,136.84666666666666,137.25407407407408,48255.33333333333,interpolated
1659,2025-02-22 08:00:00+00:00,136.94222222222223,137.61111111111111,136.88,137.2688888888889,46080.0,interpolated
1660,2025-02-22 10:00:00+00:00,136.97259259259258,137.60962962962964,136.91333333333336,137.2837037037037,43904.666666666664,interpolated
1661,2025-02-22 12:00:00+00:00,137.00296296296295,137.60814814814816,136.9466666666667,137.29851851851853,41729.33333333333,interpolated
1662,2025-02-22 14:00:00+00:00,137.03333333333333,137.60666666666668,136.98000000000002,137.31333333333333,39554.0,interpolated
1663,2025-02-22 16:00:00+00:00,137.0637037037037,137.6051851851852,137.01333333333335,137.32814814814816,37378.666666666664,interpolated
1664,2025-02-22 18:00:00+00:00,137.0940740740741,137.6037037037037,137.04666666666668,137.34296296296299,35203.33333333333,interpolated
1665,2025-02-22 20:00:00+00:00,137.12444444444444,137.60222222222222,137.08,137.35777777777778,33028.0,interpolated
1666,2025-02-22 22:00:00+00:00,137.1548148148148,137.60074074074075,137.11333333333334,137.3725925925926,30852.666666666664,interpolated
1667,2025-02-23 00:00:00+00:00,137.1851851851852,137.59925925925927,137.14666666666668,137.3874074074074,28677.333333333332,interpolated
1668,2025-02-23 02:00:00+00:00,137.21555555555557,137.5977777777778,137.18,137.40222222222224,26501.999999999996,interpolated
1669,2025-02-23 04:00:00+00:00,137.24592592592592,137.59629629629632,137.21333333333334,137.41703703703703,24326.666666666664,interpolated
1670,2025-02-23 06:00:00+00:00,137.2762962962963,137.5948148148148,137.24666666666667,137.43185185185186,22151.33333333333,interpolated
1671,2025-02-23 08:00:00+00:00,137.30666666666667,137.59333333333333,137.28,137.4466666666667,19976.0,interpolated
1672,2025-02-23 10:00:00+00:00,137.33703703703705,137.59185185185186,137.31333333333333,137.46148148148148,17800.666666666664,interpolated
1673,2025-02-23 12:00:00+00:00,137.36740740740743,137.59037037037038,137.34666666666666,137.4762962962963,15625.333333333328,interpolated
1674,2025-02-23 14:00:00+00:00,137.39777777777778,137.5888888888889,137.38000000000002,137.4911111111111,13450.0,interpolated
1675,2025-02-23 16:00:00+00:00,137.42814814814815,137.58740740740743,137.41333333333336,137.50592592592594,11274.666666666664,interpolated
1676,2025-02-23 18:00:00+00:00,137.45851851851853,137.58592592592595,137.4466666666667,137.52074074074076,9099.333333333328,interpolated
1677,2025-02-23 20:00:00+00:00,137.4888888888889,137.58444444444444,137.48000000000002,137.53555555555556,6924.0,interpolated
1678,2025-02-23 22:00:00+00:00,137.51925925925926,137.58296296296297,137.51333333333335,137.5503703703704,4748.666666666664,interpolated
1679,2025-02-24 00:00:00+00:00,137.54962962962964,137.5814814814815,137.54666666666668,137.5651851851852,2573.3333333333285,interpolated
1680,2025-02-24 02:00:00+00:00,137.58,137.58,137.58,137.58,398.0,present
1681,2025-02-24 04:00:00+00:00,137.5,137.86,136.88,137.42,41497.0,present
1682,2025-02-24 06:00:00+00:00,137.4,137.94,135.72,136.46,335410.0,present
1683,2025-02-24 08:00:00+00:00,136.44,137.38,136.0,136.6,309378.0,present
1684,2025-02-24 10:00:00+00:00,136.6,137.58,136.48,137.4,310718.0,present
1685,2025-02-24 12:00:00+00:00,137.38,137.58,136.34,137.24,280681.0,present
1686,2025-02-24 14:00:00+00:00,137.2,137.88,136.72,137.86,204833.0,present
1687,2025-02-24 16:00:00+00:00,137.82,138.3,137.56,138.2,122864.0,present
1688,2025-02-24 18:00:00+00:00,138.18,147.26,138.16,146.26,1670848.0,present
1689,2025-02-24 20:00:00+00:00,146.26,147.24,144.1,146.94,2391353.0,present
1690,2025-02-24 22:00:00+00:00,146.57333333333332,147.22666666666666,145.13333333333333,147.02666666666667,1602242.0,interpolated
1691,2025-02-25 00:00:00+00:00,146.88666666666666,147.21333333333334,146.16666666666666,147.11333333333332,813131.0,interpolated
1692,2025-02-25 02:00:00+00:00,147.2,147.2,147.2,147.2,24020.0,present
1693,2025-02-25 04:00:00+00:00,147.22,147.9,144.24,147.16,1135068.0,present
1694,2025-02-25 06:00:00+00:00,147.14,150.14,145.12,146.68,4591209.0,present
1695,2025-02-25 08:00:00+00:00,146.68,147.62,144.5,146.2,2009328.0,present
1696,2025-02-25 10:00:00+00:00,146.24,146.52,144.62,146.26,848384.0,present
1697,2025-02-25 12:00:00+00:00,146.26,147.0,145.16,145.16,477630.0,present
1698,2025-02-25 12:00:00+00:00,146.26,147.0,145.16,145.16,477630.0,present
1699,2025-02-25 14:00:00+00:00,145.18,145.46,141.3,141.88,1249338.0,present
1700,2025-02-25 16:00:00+00:00,141.9,143.2,141.38,142.4,514681.0,present
1701,2025-02-25 18:00:00+00:00,142.38,143.6,142.16,143.2,177989.0,present
1702,2025-02-25 20:00:00+00:00,143.2,143.56,142.8,143.04,102205.0,present
1703,2025-02-25 22:00:00+00:00,143.80666666666667,144.04666666666668,143.54000000000002,143.7,71822.66666666666,interpolated
1704,2025-02-26 00:00:00+00:00,144.41333333333333,144.53333333333333,144.28,144.36,41440.33333333333,interpolated
1705,2025-02-26 02:00:00+00:00,145.02,145.02,145.02,145.02,11058.0,present
1706,2025-02-26 04:00:00+00:00,145.02,145.14,143.62,144.0,243568.0,present
1707,2025-02-26 06:00:00+00:00,144.02,144.44,141.42,142.4,488522.0,present
1708,2025-02-26 08:00:00+00:00,142.38,142.72,140.82,141.14,514684.0,present
1709,2025-02-26 10:00:00+00:00,141.18,141.72,138.06,140.3,1006034.0,present
1710,2025-02-26 12:00:00+00:00,140.26,140.3,137.54,138.7,773655.0,present
1711,2025-02-26 14:00:00+00:00,138.64,140.0,138.48,138.98,519354.0,present
1712,2025-02-26 16:00:00+00:00,138.5,138.8,136.6,137.5,495782.0,present
1713,2025-02-26 18:00:00+00:00,137.54,138.2,136.54,137.36,214039.0,present
1714,2025-02-26 20:00:00+00:00,137.36,138.2,137.32,138.02,53319.0,present
1715,2025-02-26 22:00:00+00:00,137.68666666666667,138.24666666666667,137.66,138.12666666666667,35737.0,interpolated
1716,2025-02-27 00:00:00+00:00,138.01333333333335,138.29333333333332,138.0,138.23333333333335,18155.0,interpolated
1717,2025-02-27 02:00:00+00:00,138.34,138.34,138.34,138.34,573.0,present
1718,2025-02-27 04:00:00+00:00,138.32,138.32,136.04,136.9,184814.0,present
1719,2025-02-27 06:00:00+00:00,136.88,138.98,136.88,137.7,518198.0,present
1720,2025-02-27 08:00:00+00:00,137.68,138.0,136.02,136.22,626225.0,present
1721,2025-02-27 10:00:00+00:00,136.22,136.26,134.72,135.46,834466.0,present
1722,2025-02-27 12:00:00+00:00,135.5,139.18,135.32,138.88,791672.0,present
1723,2025-02-27 14:00:00+00:00,138.88,139.26,137.82,138.1,224283.0,present
1724,2025-02-27 16:00:00+00:00,138.1,138.18,135.0,135.56,439758.0,present
1725,2025-02-27 18:00:00+00:00,135.56,136.18,135.0,135.4,132358.0,present
1726,2025-02-27 20:00:00+00:00,135.34,135.36,134.2,134.34,97891.0,present
1727,2025-02-27 22:00:00+00:00,135.01333333333335,135.02666666666667,134.25333333333333,134.34666666666666,65622.66666666667,interpolated
1728,2025-02-28 00:00:00+00:00,134.68666666666667,134.69333333333336,134.30666666666667,134.35333333333335,33354.333333333336,interpolated
1729,2025-02-28 02:00:00+00:00,134.36,134.36,134.36,134.36,1086.0,present
1730,2025-02-28 04:00:00+00:00,134.36,135.6,133.52,135.46,173440.0,present
1731,2025-02-28 06:00:00+00:00,135.46,136.0,133.72,134.68,423990.0,present
1732,2025-02-28 08:00:00+00:00,134.68,137.44,134.52,135.84,727974.0,present
1733,2025-02-28 10:00:00+00:00,135.84,137.88,135.82,137.2,592087.0,present
1734,2025-02-28 12:00:00+00:00,137.2,137.48,135.22,135.84,548365.0,present
1735,2025-02-28 14:00:00+00:00,135.8,137.42,135.22,137.42,393864.0,present
1736,2025-02-28 16:00:00+00:00,137.4,140.1,136.38,139.42,676668.0,present
1737,2025-02-28 18:00:00+00:00,139.46,141.0,136.5,139.04,983901.0,present
1738,2025-02-28 20:00:00+00:00,138.98,140.44,138.7,140.32,196893.0,present
1739,2025-02-28 22:00:00+00:00,139.19714285714284,140.4857142857143,138.8657142857143,140.34285714285713,171535.14285714284,interpolated
1740,2025-03-01 00:00:00+00:00,139.4142857142857,140.53142857142856,139.03142857142856,140.3657142857143,146177.2857142857,interpolated
1741,2025-03-01 02:00:00+00:00,139.63142857142856,140.57714285714286,139.19714285714286,140.38857142857142,120819.42857142857,interpolated
1742,2025-03-01 04:00:00+00:00,139.84857142857143,140.62285714285713,139.36285714285714,140.41142857142856,95461.57142857142,interpolated
1743,2025-03-01 06:00:00+00:00,140.06571428571428,140.66857142857143,139.52857142857144,140.4342857142857,70103.71428571428,interpolated
1744,2025-03-01 08:00:00+00:00,140.28285714285715,140.7142857142857,139.6942857142857,140.45714285714286,44745.85714285713,interpolated
1745,2025-03-01 10:00:00+00:00,140.5,140.76,139.86,140.48,19388.0,present
1746,2025-03-01 12:00:00+00:00,140.48,140.5,139.94,140.28,15380.0,present
1747,2025-03-01 14:00:00+00:00,140.28,140.28,139.58,139.92,18065.0,present
1748,2025-03-01 16:00:00+00:00,140.2525,140.2625,139.5225,139.83749999999998,17143.875,interpolated
1749,2025-03-01 18:00:00+00:00,140.225,140.245,139.465,139.755,16222.75,interpolated
1750,2025-03-01 20:00:00+00:00,140.1975,140.2275,139.4075,139.67249999999999,15301.625,interpolated
1751,2025-03-01 22:00:00+00:00,140.17000000000002,140.20999999999998,139.35,139.58999999999997,14380.5,interpolated
1752,2025-03-02 00:00:00+00:00,140.1425,140.1925,139.29250000000002,139.5075,13459.375,interpolated
1753,2025-03-02 02:00:00+00:00,140.115,140.17499999999998,139.235,139.42499999999998,12538.25,interpolated
1754,2025-03-02 04:00:00+00:00,140.0875,140.1575,139.1775,139.3425,11617.125,interpolated
1755,2025-03-02 06:00:00+00:00,140.06,140.14,139.12,139.26,10696.0,present
1756,2025-03-02 08:00:00+00:00,139.36,140.32,139.16,139.62,27130.0,present
1757,2025-03-02 10:00:00+00:00,139.62,139.78,138.8,139.28,31726.0,present
1758,2025-03-02 12:00:00+00:00,139.28,139.4,138.92,139.12,12002.0,present
1759,2025-03-02 14:00:00+00:00,139.02,139.3,138.5,139.04,29579.0,present
1760,2025-03-02 16:00:00+00:00,139.02333333333334,139.25666666666666,138.59,139.04,25029.333333333332,interpolated
1761,2025-03-02 18:00:00+00:00,139.02666666666667,139.21333333333334,138.68,139.04,20479.666666666664,interpolated
1762,2025-03-02 20:00:00+00:00,139.03,139.17000000000002,138.76999999999998,139.04,15930.0,interpolated
1763,2025-03-02 22:00:00+00:00,139.03333333333333,139.12666666666667,138.85999999999999,139.04,11380.333333333332,interpolated
1764,2025-03-03 00:00:00+00:00,139.03666666666666,139.08333333333331,138.95,139.04,6830.666666666668,interpolated
1765,2025-03-03 02:00:00+00:00,139.04,139.04,139.04,139.04,2281.0,present
1766,2025-03-03 04:00:00+00:00,139.12,139.42,136.96,137.7,183983.0,present
1767,2025-03-03 06:00:00+00:00,137.74,138.0,134.22,135.08,1131241.0,present
1768,2025-03-03 08:00:00+00:00,135.04,135.9,133.54,134.58,918324.0,present
1769,2025-03-03 10:00:00+00:00,134.64,135.48,134.24,135.16,357297.0,present
1770,2025-03-03 12:00:00+00:00,135.14,135.54,134.04,135.34,500930.0,present
1771,2025-03-03 14:00:00+00:00,135.38,135.56,134.2,134.3,379712.0,present
1772,2025-03-03 16:00:00+00:00,134.36,134.78,133.04,134.66,344942.0,present
1773,2025-03-03 18:00:00+00:00,134.66,137.44,133.1,137.28,550725.0,present
1774,2025-03-03 20:00:00+00:00,137.28,137.4,135.32,135.92,205469.0,present
1775,2025-03-03 22:00:00+00:00,136.88,136.96,135.57333333333332,135.97333333333333,137059.6666666667,interpolated
1776,2025-03-04 00:00:00+00:00,136.48000000000002,136.52,135.82666666666668,136.02666666666667,68650.33333333334,interpolated
1777,2025-03-04 02:00:00+00:00,136.08,136.08,136.08,136.08,241.0,present
1778,2025-03-04 04:00:00+00:00,136.08,138.8,136.08,138.54,287256.0,present
1779,2025-03-04 06:00:00+00:00,138.52,140.28,137.3,139.34,1038778.0,present
1780,2025-03-04 08:00:00+00:00,139.3,140.7,138.3,138.32,775873.0,present
1781,2025-03-04 10:00:00+00:00,138.32,139.8,137.8,139.28,548916.0,present
1782,2025-03-04 12:00:00+00:00,139.3,140.4,139.0,140.24,398872.0,present
1783,2025-03-04 12:00:00+00:00,139.3,140.4,139.0,140.24,398872.0,present
1784,2025-03-04 14:00:00+00:00,140.3,140.96,138.74,140.96,670361.0,present
1785,2025-03-04 16:00:00+00:00,140.98,142.18,140.4,140.84,619352.0,present
1786,2025-03-04 18:00:00+00:00,140.86,142.26,140.52,141.0,323447.0,present
1787,2025-03-04 20:00:00+00:00,141.0,141.3,140.6,140.92,115292.0,present
1788,2025-03-04 22:00:00+00:00,141.05333333333334,141.25333333333333,140.78666666666666,141.0,79702.0,interpolated
1789,2025-03-05 00:00:00+00:00,141.10666666666665,141.20666666666668,140.97333333333333,141.07999999999998,44112.0,interpolated
1790,2025-03-05 02:00:00+00:00,141.16,141.16,141.16,141.16,8522.0,present
1791,2025-03-05 04:00:00+00:00,141.2,141.5,138.66,139.42,461780.0,present
1792,2025-03-05 06:00:00+00:00,139.46,140.68,139.2,140.34,395771.0,present
1793,2025-03-05 08:00:00+00:00,140.32,142.0,140.22,141.5,610149.0,present
1794,2025-03-05 10:00:00+00:00,141.5,141.68,140.08,140.9,331817.0,present
1795,2025-03-05 12:00:00+00:00,140.94,141.5,140.3,141.46,288382.0,present
1796,2025-03-05 14:00:00+00:00,141.42,142.0,140.9,140.9,348910.0,present
1797,2025-03-05 16:00:00+00:00,141.28,141.48,139.52,139.7,336772.0,present
1798,2025-03-05 18:00:00+00:00,139.7,139.84,136.72,137.82,463060.0,present
1799,2025-03-05 20:00:00+00:00,137.8,138.26,136.62,136.98,208096.0,present
1800,2025-03-05 22:00:00+00:00,137.53333333333333,137.84,136.74666666666667,136.98666666666665,139432.33333333334,interpolated
1801,2025-03-06 00:00:00+00:00,137.26666666666668,137.42,136.87333333333333,136.99333333333334,70768.66666666669,interpolated
1802,2025-03-06 02:00:00+00:00,137.0,137.0,137.0,137.0,2105.0,present
1803,2025-03-06 04:00:00+00:00,137.08,138.26,137.04,138.26,132401.0,present
1804,2025-03-06 06:00:00+00:00,138.22,138.64,137.64,138.44,251634.0,present
1805,2025-03-06 08:00:00+00:00,138.42,138.5,136.12,136.28,359685.0,present
1806,2025-03-06 10:00:00+00:00,136.28,136.3,134.14,135.24,498340.0,present
1807,2025-03-06 12:00:00+00:00,135.22,137.7,135.0,137.46,378941.0,present
1808,2025-03-06 14:00:00+00:00,137.46,137.78,135.6,136.02,337425.0,present
1809,2025-03-06 16:00:00+00:00,136.04,137.14,135.72,136.86,133423.0,present
1810,2025-03-06 18:00:00+00:00,136.86,136.94,136.06,136.48,76321.0,present
1811,2025-03-06 20:00:00+00:00,136.46,136.78,136.12,136.46,30237.0,present
1812,2025-03-06 22:00:00+00:00,136.46,136.67333333333335,136.23333333333335,136.46,20184.0,interpolated
1813,2025-03-07 00:00:00+00:00,136.46,136.56666666666666,136.34666666666666,136.46,10131.0,interpolated
1814,2025-03-07 02:00:00+00:00,136.46,136.46,136.46,136.46,78.0,present
1815,2025-03-07 04:00:00+00:00,136.46,137.84,136.38,137.48,88501.0,present
1816,2025-03-07 06:00:00+00:00,137.48,138.34,137.1,137.58,184542.0,present
1817,2025-03-07 08:00:00+00:00,137.58,139.0,137.22,137.88,362529.0,present
1818,2025-03-07 10:00:00+00:00,137.88,139.2,137.86,138.5,227180.0,present
1819,2025-03-07 12:00:00+00:00,138.5,138.96,138.14,138.68,181533.0,present
1820,2025-03-07 14:00:00+00:00,138.68,138.84,133.02,133.2,1266272.0,present
1821,2025-03-07 16:00:00+00:00,133.52,136.64,133.32,136.2,342872.0,present
1822,2025-03-07 18:00:00+00:00,136.2,136.32,135.08,135.98,104253.0,present
1823,2025-03-07 20:00:00+00:00,135.96,136.06,135.5,135.7,34079.0,present
1824,2025-03-07 22:00:00+00:00,135.9762962962963,136.0725925925926,135.53333333333333,135.7259259259259,32880.40740740741,interpolated
1825,2025-03-08 00:00:00+00:00,135.9925925925926,136.0851851851852,135.56666666666666,135.75185185185185,31681.814814814814,interpolated
1826,2025-03-08 02:00:00+00:00,136.0088888888889,136.0977777777778,135.6,135.77777777777777,30483.222222222223,interpolated
1827,2025-03-08 04:00:00+00:00,136.0251851851852,136.11037037037036,135.63333333333333,135.8037037037037,29284.629629629628,interpolated
1828,2025-03-08 06:00:00+00:00,136.0414814814815,136.12296296296296,135.66666666666666,135.8296296296296,28086.037037037036,interpolated
1829,2025-03-08 08:00:00+00:00,136.05777777777777,136.13555555555556,135.7,135.85555555555555,26887.444444444445,interpolated
1830,2025-03-08 10:00:00+00:00,136.07407407407408,136.14814814814815,135.73333333333335,135.88148148148147,25688.851851851854,interpolated
1831,2025-03-08 12:00:00+00:00,136.09037037037038,136.16074074074075,135.76666666666668,135.9074074074074,24490.25925925926,interpolated
1832,2025-03-08 14:00:00+00:00,136.10666666666668,136.17333333333335,135.8,135.93333333333334,23291.666666666664,interpolated
1833,2025-03-08 16:00:00+00:00,136.12296296296296,136.18592592592594,135.83333333333334,135.95925925925926,22093.074074074073,interpolated
1834,2025-03-08 18:00:00+00:00,136.13925925925926,136.1985185185185,135.86666666666667,135.98518518518517,20894.48148148148,interpolated
1835,2025-03-08 20:00:00+00:00,136.15555555555557,136.2111111111111,135.9,136.01111111111112,19695.88888888889,interpolated
1836,2025-03-08 22:00:00+00:00,136.17185185185187,136.2237037037037,135.93333333333334,136.03703703703704,18497.296296296296,interpolated
1837,2025-03-09 00:00:00+00:00,136.18814814814814,136.2362962962963,135.96666666666667,136.06296296296296,17298.703703703704,interpolated
1838,2025-03-09 02:00:00+00:00,136.20444444444445,136.2488888888889,136.0,136.08888888888887,16100.11111111111,interpolated
1839,2025-03-09 04:00:00+00:00,136.22074074074075,136.2614814814815,136.03333333333333,136.11481481481482,14901.518518518518,interpolated
1840,2025-03-09 06:00:00+00:00,136.23703703703706,136.27407407407406,136.06666666666666,136.14074074074074,13702.925925925923,interpolated
1841,2025-03-09 08:00:00+00:00,136.25333333333333,136.28666666666666,136.1,136.16666666666666,12504.333333333332,interpolated
1842,2025-03-09 10:00:00+00:00,136.26962962962963,136.29925925925926,136.13333333333333,136.1925925925926,11305.74074074074,interpolated
1843,2025-03-09 12:00:00+00:00,136.28592592592594,136.31185185185186,136.16666666666666,136.21851851851852,10107.148148148146,interpolated
1844,2025-03-09 14:00:00+00:00,136.30222222222224,136.32444444444445,136.20000000000002,136.24444444444444,8908.555555555555,interpolated
1845,2025-03-09 16:00:00+00:00,136.31851851851852,136.33703703703705,136.23333333333335,136.2703703703704,7709.9629629629635,interpolated
1846,2025-03-09 18:00:00+00:00,136.33481481481482,136.34962962962965,136.26666666666668,136.2962962962963,6511.370370370369,interpolated
1847,2025-03-09 20:00:00+00:00,136.35111111111112,136.36222222222221,136.3,136.32222222222222,5312.777777777777,interpolated
1848,2025-03-09 22:00:00+00:00,136.36740740740743,136.3748148148148,136.33333333333334,136.34814814814814,4114.1851851851825,interpolated
1849,2025-03-10 00:00:00+00:00,136.3837037037037,136.3874074074074,136.36666666666667,136.3740740740741,2915.5925925925912,interpolated
1850,2025-03-10 02:00:00+00:00,136.4,136.4,136.4,136.4,1717.0,present
1851,2025-03-10 04:00:00+00:00,136.4,137.0,135.62,136.64,92371.0,present
1852,2025-03-10 06:00:00+00:00,136.64,136.68,134.42,134.96,350468.0,present
1853,2025-03-10 08:00:00+00:00,134.98,136.38,134.6,136.24,310601.0,present
1854,2025-03-10 10:00:00+00:00,136.3,136.8,135.84,136.5,179728.0,present
1855,2025-03-10 12:00:00+00:00,136.5,137.4,135.68,137.12,944069.0,present
1856,2025-03-10 14:00:00+00:00,137.18,137.5,136.42,137.1,486672.0,present
1857,2025-03-10 16:00:00+00:00,137.22,137.5,136.0,136.42,245353.0,present
1858,2025-03-10 18:00:00+00:00,136.42,136.78,136.02,136.3,60816.0,present
1859,2025-03-10 20:00:00+00:00,136.28,137.38,136.22,137.14,45731.0,present
1860,2025-03-10 22:00:00+00:00,136.64666666666668,137.38,136.60666666666665,137.22,30612.666666666668,interpolated
1861,2025-03-11 00:00:00+00:00,137.01333333333332,137.38,136.99333333333334,137.29999999999998,15494.333333333336,interpolated
1862,2025-03-11 02:00:00+00:00,137.38,137.38,137.38,137.38,376.0,present
1863,2025-03-11 04:00:00+00:00,137.38,137.38,136.52,136.56,41775.0,present
1864,2025-03-11 06:00:00+00:00,136.62,138.14,136.56,137.86,189313.0,present
1865,2025-03-11 08:00:00+00:00,137.88,138.88,136.12,136.58,550117.0,present
1866,2025-03-11 10:00:00+00:00,136.52,136.78,135.5,135.5,456079.0,present
1867,2025-03-11 12:00:00+00:00,135.5,136.78,135.16,136.32,290834.0,present
1868,2025-03-11 12:00:00+00:00,135.5,136.78,135.16,136.32,290834.0,present
1869,2025-03-11 14:00:00+00:00,136.36,137.0,135.58,136.34,309105.0,present
1870,2025-03-11 16:00:00+00:00,136.22,137.16,135.74,136.42,266094.0,present
1871,2025-03-11 18:00:00+00:00,136.42,136.78,135.06,135.84,290228.0,present
1872,2025-03-11 20:00:00+00:00,135.8,136.2,135.7,135.72,29511.0,present
1873,2025-03-11 22:00:00+00:00,135.80666666666667,136.07333333333332,135.73999999999998,135.75333333333333,19761.666666666668,interpolated
1874,2025-03-12 00:00:00+00:00,135.81333333333333,135.94666666666666,135.78,135.78666666666666,10012.333333333336,interpolated
1875,2025-03-12 02:00:00+00:00,135.82,135.82,135.82,135.82,263.0,present
1876,2025-03-12 04:00:00+00:00,135.82,136.42,134.54,134.86,125045.0,present
1877,2025-03-12 06:00:00+00:00,134.84,135.42,134.02,134.3,283811.0,present
1878,2025-03-12 08:00:00+00:00,134.3,134.82,133.84,134.74,244655.0,present
1879,2025-03-12 10:00:00+00:00,134.74,135.14,134.1,134.82,175140.0,present
1880,2025-03-12 12:00:00+00:00,134.82,135.66,134.0,134.22,368228.0,present
1881,2025-03-12 14:00:00+00:00,134.2,134.72,134.04,134.22,140549.0,present
1882,2025-03-12 16:00:00+00:00,134.68,134.78,133.8,134.32,103816.0,present
1883,2025-03-12 18:00:00+00:00,134.34,134.64,134.0,134.02,45661.0,present
1884,2025-03-12 20:00:00+00:00,134.0,134.24,133.86,134.0,12133.0,present
1885,2025-03-12 22:00:00+00:00,133.93333333333334,134.09333333333333,133.84,133.93333333333334,8227.0,interpolated
1886,2025-03-13 00:00:00+00:00,133.86666666666667,133.9466666666667,133.82000000000002,133.86666666666667,4320.999999999999,interpolated
1887,2025-03-13 02:00:00+00:00,133.8,133.8,133.8,133.8,415.0,present
1888,2025-03-13 04:00:00+00:00,133.8,133.8,132.2,132.54,220576.0,present
1889,2025-03-13 06:00:00+00:00,132.54,132.56,130.42,130.82,747036.0,present
1890,2025-03-13 08:00:00+00:00,130.8,131.16,129.3,130.74,1067815.0,present
1891,2025-03-13 10:00:00+00:00,130.74,131.4,128.9,128.94,617317.0,present
1892,2025-03-13 12:00:00+00:00,128.94,130.28,128.16,129.96,724457.0,present
1893,2025-03-13 14:00:00+00:00,129.94,130.48,129.38,130.48,254364.0,present
1894,2025-03-13 16:00:00+00:00,132.0,135.5,132.0,133.4,1252768.0,present
1895,2025-03-13 18:00:00+00:00,133.42,134.02,133.02,133.5,139864.0,present
1896,2025-03-13 20:00:00+00:00,133.5,133.52,131.36,131.9,140691.0,present
1897,2025-03-13 22:00:00+00:00,133.0,133.01333333333335,131.57333333333335,131.93333333333334,95518.66666666667,interpolated
1898,2025-03-14 00:00:00+00:00,132.5,132.50666666666666,131.78666666666666,131.96666666666667,50346.33333333334,interpolated
1899,2025-03-14 02:00:00+00:00,132.0,132.0,132.0,132.0,5174.0,present
1900,2025-03-14 04:00:00+00:00,132.0,132.08,130.52,130.9,196717.0,present
1901,2025-03-14 06:00:00+00:00,130.9,132.3,130.7,131.08,294102.0,present
1902,2025-03-14 08:00:00+00:00,131.04,131.54,129.62,130.28,427985.0,present
1903,2025-03-14 10:00:00+00:00,130.24,131.44,130.24,130.96,355970.0,present
1904,2025-03-14 12:00:00+00:00,130.96,132.46,130.56,132.3,538996.0,present
1905,2025-03-14 14:00:00+00:00,132.3,132.34,129.0,131.2,634821.0,present
1906,2025-03-14 16:00:00+00:00,131.2,132.0,130.62,131.42,202995.0,present
1907,2025-03-14 18:00:00+00:00,131.42,131.42,130.5,130.82,96345.0,present
1908,2025-03-14 20:00:00+00:00,130.82,130.88,130.0,130.54,64441.0,present
1909,2025-03-14 22:00:00+00:00,130.84,131.064,130.172,130.692,58511.4,interpolated
1910,2025-03-15 00:00:00+00:00,130.85999999999999,131.248,130.344,130.844,52581.8,interpolated
1911,2025-03-15 02:00:00+00:00,130.88,131.43200000000002,130.51600000000002,130.996,46652.2,interpolated
1912,2025-03-15 04:00:00+00:00,130.89999999999998,131.616,130.68800000000002,131.148,40722.600000000006,interpolated
1913,2025-03-15 06:00:00+00:00,130.92,131.8,130.86,131.3,34793.0,present
1914,2025-03-15 08:00:00+00:00,131.3,131.38,131.0,131.38,18419.0,present
1915,2025-03-15 10:00:00+00:00,131.38,131.38,131.1,131.2,5678.0,present
1916,2025-03-15 12:00:00+00:00,131.2,131.3,131.06,131.28,5149.0,present
1917,2025-03-15 14:00:00+00:00,131.22,131.32,131.1,131.2,5037.0,present
1918,2025-03-15 16:00:00+00:00,131.2175,131.3425,131.0625,131.20749999999998,6473.75,interpolated
1919,2025-03-15 18:00:00+00:00,131.215,131.365,131.025,131.21499999999997,7910.5,interpolated
1920,2025-03-15 20:00:00+00:00,131.2125,131.3875,130.9875,131.2225,9347.25,interpolated
1921,2025-03-15 22:00:00+00:00,131.20999999999998,131.41,130.95,131.23,10784.0,interpolated
1922,2025-03-16 00:00:00+00:00,131.20749999999998,131.4325,130.9125,131.23749999999998,12220.75,interpolated
1923,2025-03-16 02:00:00+00:00,131.20499999999998,131.45499999999998,130.875,131.245,13657.5,interpolated
1924,2025-03-16 04:00:00+00:00,131.2025,131.4775,130.8375,131.2525,15094.25,interpolated
1925,2025-03-16 06:00:00+00:00,131.2,131.5,130.8,131.26,16531.0,present
1926,2025-03-16 08:00:00+00:00,131.34,131.36,130.86,130.9,16899.0,present
1927,2025-03-16 10:00:00+00:00,130.92,131.2,130.68,131.1,12939.0,present
1928,2025-03-16 12:00:00+00:00,131.08,132.04,130.96,131.94,60706.0,present
1929,2025-03-16 14:00:00+00:00,131.94,132.28,131.7,131.96,110436.0,present
1930,2025-03-16 16:00:00+00:00,131.95,132.23333333333335,131.75,131.96666666666667,92113.83333333333,interpolated
1931,2025-03-16 18:00:00+00:00,131.96,132.18666666666667,131.79999999999998,131.97333333333333,73791.66666666666,interpolated
1932,2025-03-16 20:00:00+00:00,131.97,132.14,131.85,131.98000000000002,55469.5,interpolated
1933,2025-03-16 22:00:00+00:00,131.98,132.09333333333333,131.9,131.98666666666668,37147.33333333333,interpolated
1934,2025-03-17 00:00:00+00:00,131.99,132.04666666666668,131.95,131.99333333333334,18825.16666666667,interpolated
1935,2025-03-17 02:00:00+00:00,132.0,132.0,132.0,132.0,503.0,present
1936,2025-03-17 04:00:00+00:00,132.0,132.7,131.72,132.68,142585.0,present
1937,2025-03-17 06:00:00+00:00,132.68,132.7,131.58,132.46,306511.0,present
1938,2025-03-17 08:00:00+00:00,132.44,133.44,132.08,132.7,449556.0,present
1939,2025-03-17 10:00:00+00:00,132.7,134.68,132.0,133.14,962730.0,present
1940,2025-03-17 12:00:00+00:00,133.14,134.32,133.0,134.16,588632.0,present
1941,2025-03-17 14:00:00+00:00,134.16,134.34,133.48,134.0,186002.0,present
1942,2025-03-17 16:00:00+00:00,133.98,134.28,133.3,133.56,143564.0,present
1943,2025-03-17 18:00:00+00:00,133.52,134.0,133.3,133.76,99431.0,present
1944,2025-03-17 20:00:00+00:00,133.76,134.3,133.6,134.06,62102.0,present
1945,2025-03-17 22:00:00+00:00,133.99333333333334,134.35333333333335,133.88666666666666,134.19333333333333,41583.0,interpolated
1946,2025-03-18 00:00:00+00:00,134.22666666666666,134.40666666666667,134.17333333333335,134.32666666666668,21064.0,interpolated
1947,2025-03-18 02:00:00+00:00,134.46,134.46,134.46,134.46,545.0,present
1948,2025-03-18 04:00:00+00:00,134.4,135.26,133.92,135.24,182947.0,present
1949,2025-03-18 06:00:00+00:00,135.2,136.4,135.14,135.5,510876.0,present
1950,2025-03-18 08:00:00+00:00,135.52,135.54,133.56,133.94,1083197.0,present
1951,2025-03-18 10:00:00+00:00,133.92,135.12,133.92,134.9,311385.0,present
1952,2025-03-18 12:00:00+00:00,134.9,135.56,133.92,135.4,381290.0,present
1953,2025-03-18 12:00:00+00:00,134.9,135.56,133.92,135.4,381290.0,present
1954,2025-03-18 14:00:00+00:00,135.4,136.12,134.04,135.54,606249.0,present
1955,2025-03-18 16:00:00+00:00,135.52,136.3,132.42,132.78,868760.0,present
1956,2025-03-18 18:00:00+00:00,132.8,133.78,132.62,132.92,154339.0,present
1957,2025-03-18 20:00:00+00:00,132.92,133.0,131.5,132.08,126051.0,present
1958,2025-03-18 22:00:00+00:00,132.64666666666665,132.7,131.7,132.08666666666667,84306.33333333333,interpolated
1959,2025-03-19 00:00:00+00:00,132.37333333333333,132.4,131.9,132.09333333333333,42561.66666666666,interpolated
1960,2025-03-19 02:00:00+00:00,132.1,132.1,132.1,132.1,817.0,present
1961,2025-03-19 04:00:00+00:00,132.18,132.72,132.12,132.4,46492.0,present
1962,2025-03-19 06:00:00+00:00,132.38,132.4,130.22,130.82,460939.0,present
1963,2025-03-19 08:00:00+00:00,130.82,131.7,130.5,131.22,236109.0,present
1964,2025-03-19 10:00:00+00:00,131.22,132.78,130.54,132.52,273629.0,present
1965,2025-03-19 12:00:00+00:00,132.52,132.98,132.46,132.86,236421.0,present
1966,2025-03-19 14:00:00+00:00,132.86,133.16,132.0,132.0,254276.0,present
1967,2025-03-19 16:00:00+00:00,132.7,132.9,132.04,132.12,156063.0,present
1968,2025-03-19 18:00:00+00:00,132.14,132.54,131.84,132.4,89737.0,present
1969,2025-03-19 20:00:00+00:00,132.4,132.64,132.0,132.04,25193.0,present
1970,2025-03-19 22:00:00+00:00,132.28,132.44,132.01333333333332,132.04,17013.666666666668,interpolated
1971,2025-03-20 00:00:00+00:00,132.16,132.23999999999998,132.02666666666667,132.04,8834.333333333334,interpolated
1972,2025-03-20 02:00:00+00:00,132.04,132.04,132.04,132.04,655.0,present
1973,2025-03-20 04:00:00+00:00,132.02,132.7,132.02,132.28,47344.0,present
1974,2025-03-20 06:00:00+00:00,132.26,133.04,131.44,132.36,281869.0,present
1975,2025-03-20 08:00:00+00:00,132.34,132.46,131.5,132.0,276245.0,present
1976,2025-03-20 10:00:00+00:00,132.02,132.04,130.66,130.9,317621.0,present
1977,2025-03-20 12:00:00+00:00,130.9,131.66,129.46,131.36,1183793.0,present
1978,2025-03-20 14:00:00+00:00,131.36,132.08,131.08,131.14,211150.0,present
1979,2025-03-20 16:00:00+00:00,131.5,131.5,130.94,131.04,39457.0,present
1980,2025-03-20 18:00:00+00:00,131.02,131.52,131.02,131.4,37855.0,present
1981,2025-03-20 20:00:00+00:00,131.4,131.4,131.02,131.16,16027.0,present
1982,2025-03-20 22:00:00+00:00,131.26666666666668,131.26666666666668,131.01333333333335,131.10666666666665,10787.333333333332,interpolated
1983,2025-03-21 00:00:00+00:00,131.13333333333333,131.13333333333333,131.00666666666666,131.05333333333334,5547.666666666666,interpolated
1984,2025-03-21 02:00:00+00:00,131.0,131.0,131.0,131.0,308.0,present
1985,2025-03-21 04:00:00+00:00,131.16,131.48,131.0,131.2,35592.0,present
1986,2025-03-21 06:00:00+00:00,131.24,132.04,131.1,131.92,182684.0,present
1987,2025-03-21 08:00:00+00:00,131.9,132.34,131.46,132.2,276687.0,present
1988,2025-03-21 10:00:00+00:00,132.22,132.3,130.68,131.16,380505.0,present
1989,2025-03-21 12:00:00+00:00,131.16,131.6,130.0,130.0,361490.0,present
1990,2025-03-21 14:00:00+00:00,130.02,130.34,128.58,128.96,407130.0,present
1991,2025-03-21 16:00:00+00:00,128.9,130.0,128.88,129.76,130774.0,present
1992,2025-03-21 18:00:00+00:00,129.78,130.16,129.48,129.96,77613.0,present
1993,2025-03-21 20:00:00+00:00,130.0,130.06,129.7,129.8,38892.0,present
1994,2025-03-21 22:00:00+00:00,129.99185185185186,130.04962962962964,129.70296296296294,129.79925925925926,37503.40740740741,interpolated
1995,2025-03-22 00:00:00+00:00,129.9837037037037,130.03925925925927,129.70592592592592,129.79851851851853,36114.81481481482,interpolated
1996,2025-03-22 02:00:00+00:00,129.97555555555556,130.0288888888889,129.70888888888888,129.79777777777778,34726.22222222222,interpolated
1997,2025-03-22 04:00:00+00:00,129.96740740740742,130.01851851851853,129.71185185185183,129.79703703703706,33337.62962962963,interpolated
1998,2025-03-22 06:00:00+00:00,129.95925925925926,130.00814814814814,129.71481481481482,129.7962962962963,31949.037037037036,interpolated
1999,2025-03-22 08:00:00+00:00,129.95111111111112,129.99777777777777,129.71777777777777,129.79555555555555,30560.444444444445,interpolated
2000,2025-03-22 10:00:00+00:00,129.94296296296295,129.9874074074074,129.72074074074072,129.79481481481483,29171.851851851854,interpolated
2001,2025-03-22 12:00:00+00:00,129.9348148148148,129.97703703703704,129.7237037037037,129.79407407407408,27783.25925925926,interpolated
2002,2025-03-22 14:00:00+00:00,129.92666666666668,129.96666666666667,129.72666666666666,129.79333333333335,26394.666666666664,interpolated
2003,2025-03-22 16:00:00+00:00,129.9185185185185,129.9562962962963,129.7296296296296,129.7925925925926,25006.074074074073,interpolated
2004,2025-03-22 18:00:00+00:00,129.91037037037037,129.94592592592593,129.7325925925926,129.79185185185185,23617.48148148148,interpolated
2005,2025-03-22 20:00:00+00:00,129.90222222222224,129.93555555555557,129.73555555555555,129.79111111111112,22228.888888888887,interpolated
2006,2025-03-22 22:00:00+00:00,129.89407407407407,129.9251851851852,129.7385185185185,129.79037037037037,20840.296296296296,interpolated
2007,2025-03-23 00:00:00+00:00,129.88592592592593,129.9148148148148,129.7414814814815,129.78962962962964,19451.703703703704,interpolated
2008,2025-03-23 02:00:00+00:00,129.87777777777777,129.90444444444444,129.74444444444444,129.7888888888889,18063.11111111111,interpolated
2009,2025-03-23 04:00:00+00:00,129.86962962962963,129.89407407407407,129.7474074074074,129.78814814814817,16674.51851851852,interpolated
2010,2025-03-23 06:00:00+00:00,129.8614814814815,129.8837037037037,129.75037037037038,129.78740740740741,15285.925925925927,interpolated
2011,2025-03-23 08:00:00+00:00,129.85333333333332,129.87333333333333,129.75333333333333,129.78666666666666,13897.333333333332,interpolated
2012,2025-03-23 10:00:00+00:00,129.8451851851852,129.86296296296297,129.75629629629628,129.78592592592594,12508.74074074074,interpolated
2013,2025-03-23 12:00:00+00:00,129.83703703703705,129.8525925925926,129.75925925925927,129.78518518518518,11120.148148148146,interpolated
2014,2025-03-23 14:00:00+00:00,129.82888888888888,129.84222222222223,129.76222222222222,129.78444444444446,9731.555555555555,interpolated
2015,2025-03-23 16:00:00+00:00,129.82074074074075,129.83185185185187,129.76518518518517,129.7837037037037,8342.962962962964,interpolated
2016,2025-03-23 18:00:00+00:00,129.81259259259258,129.82148148148147,129.76814814814816,129.78296296296296,6954.370370370369,interpolated
2017,2025-03-23 20:00:00+00:00,129.80444444444444,129.8111111111111,129.7711111111111,129.78222222222223,5565.777777777774,interpolated
2018,2025-03-23 22:00:00+00:00,129.7962962962963,129.80074074074074,129.77407407407406,129.78148148148148,4177.1851851851825,interpolated
2019,2025-03-24 00:00:00+00:00,129.78814814814814,129.79037037037037,129.77703703703705,129.78074074074075,2788.5925925925912,interpolated
2020,2025-03-24 02:00:00+00:00,129.78,129.78,129.78,129.78,1400.0,present
2021,2025-03-24 04:00:00+00:00,129.7,129.74,128.46,129.0,103009.0,present
2022,2025-03-24 06:00:00+00:00,128.98,129.5,127.3,127.66,292103.0,present
2023,2025-03-24 08:00:00+00:00,127.66,128.3,127.06,127.7,352159.0,present
2024,2025-03-24 10:00:00+00:00,127.7,127.72,125.76,126.36,523948.0,present
2025,2025-03-24 12:00:00+00:00,126.38,127.0,126.2,126.38,171927.0,present
2026,2025-03-24 14:00:00+00:00,126.4,127.3,126.02,127.16,185245.0,present
2027,2025-03-24 16:00:00+00:00,127.2,127.4,126.76,126.96,73908.0,present
2028,2025-03-24 18:00:00+00:00,126.94,126.98,125.32,125.86,245271.0,present
2029,2025-03-24 20:00:00+00:00,125.8,126.16,125.76,125.88,22046.0,present
2030,2025-03-24 22:00:00+00:00,125.86666666666666,126.10666666666667,125.84,125.92,14716.666666666666,interpolated
2031,2025-03-25 00:00:00+00:00,125.93333333333334,126.05333333333333,125.92,125.96,7387.333333333332,interpolated
2032,2025-03-25 02:00:00+00:00,126.0,126.0,126.0,126.0,58.0,present
2033,2025-03-25 04:00:00+00:00,125.9,126.82,125.9,126.6,72578.0,present
2034,2025-03-25 06:00:00+00:00,126.64,127.06,125.84,126.04,136528.0,present
2035,2025-03-25 08:00:00+00:00,126.08,127.02,125.1,125.22,326459.0,present
2036,2025-03-25 10:00:00+00:00,125.26,126.0,125.06,125.98,187914.0,present
2037,2025-03-25 12:00:00+00:00,125.98,126.7,125.0,125.0,445924.0,present
2038,2025-03-25 12:00:00+00:00,125.98,126.7,125.0,125.0,445924.0,present
2039,2025-03-25 14:00:00+00:00,125.0,126.46,123.22,126.3,899930.0,present
2040,2025-03-25 16:00:00+00:00,126.4,128.5,125.92,128.14,362655.0,present
2041,2025-03-25 18:00:00+00:00,128.14,130.0,128.06,129.14,340952.0,present
2042,2025-03-25 20:00:00+00:00,129.14,130.0,128.86,129.58,126176.0,present
2043,2025-03-25 22:00:00+00:00,129.32666666666665,129.9,129.14000000000001,129.62,84229.33333333334,interpolated
2044,2025-03-26 00:00:00+00:00,129.51333333333332,129.79999999999998,129.42,129.66,42282.66666666667,interpolated
2045,2025-03-26 02:00:00+00:00,129.7,129.7,129.7,129.7,336.0,present
2046,2025-03-26 04:00:00+00:00,129.7,130.52,129.34,129.34,158983.0,present
2047,2025-03-26 06:00:00+00:00,129.32,129.74,128.2,128.74,330165.0,present
2048,2025-03-26 08:00:00+00:00,128.76,128.96,127.44,128.76,303615.0,present
2049,2025-03-26 10:00:00+00:00,128.76,128.9,127.14,127.5,323954.0,present
2050,2025-03-26 12:00:00+00:00,127.44,128.14,127.14,127.74,212288.0,present
2051,2025-03-26 14:00:00+00:00,127.76,128.38,126.0,126.3,383243.0,present
2052,2025-03-26 16:00:00+00:00,126.3,126.46,124.5,125.44,387976.0,present
2053,2025-03-26 18:00:00+00:00,125.44,126.5,125.4,126.18,86532.0,present
2054,2025-03-26 20:00:00+00:00,126.18,126.28,125.76,125.8,28459.0,present
2055,2025-03-26 22:00:00+00:00,126.12,126.18666666666667,125.84,125.86666666666666,19006.666666666664,interpolated
2056,2025-03-27 00:00:00+00:00,126.06,126.09333333333333,125.92,125.93333333333334,9554.333333333332,interpolated
2057,2025-03-27 02:00:00+00:00,126.0,126.0,126.0,126.0,102.0,present
2058,2025-03-27 04:00:00+00:00,126.02,126.3,124.56,125.26,109820.0,present
2059,2025-03-27 06:00:00+00:00,125.34,125.56,123.08,124.48,545148.0,present
2060,2025-03-27 08:00:00+00:00,124.5,125.4,124.16,125.1,312142.0,present
2061,2025-03-27 10:00:00+00:00,125.08,125.8,125.08,125.16,202707.0,present
2062,2025-03-27 12:00:00+00:00,125.16,125.44,123.48,123.76,417191.0,present
2063,2025-03-27 14:00:00+00:00,123.72,124.32,122.5,123.1,577034.0,present
2064,2025-03-27 16:00:00+00:00,123.1,123.88,122.92,123.66,79448.0,present
2065,2025-03-27 18:00:00+00:00,123.66,123.66,122.8,123.3,110448.0,present
2066,2025-03-27 20:00:00+00:00,123.3,123.3,122.66,122.98,40206.0,present
2067,2025-03-27 22:00:00+00:00,123.2,123.2,122.77333333333333,122.98666666666666,26967.0,interpolated
2068,2025-03-28 00:00:00+00:00,123.1,123.1,122.88666666666667,122.99333333333334,13728.0,interpolated
2069,2025-03-28 02:00:00+00:00,123.0,123.0,123.0,123.0,489.0,present
2070,2025-03-28 04:00:00+00:00,123.0,123.5,121.62,121.94,158801.0,present
2071,2025-03-28 06:00:00+00:00,122.0,123.76,121.98,123.38,267166.0,present
2072,2025-03-28 08:00:00+00:00,123.38,123.56,121.72,122.24,442851.0,present
2073,2025-03-28 10:00:00+00:00,122.22,122.3,120.5,120.5,501091.0,present
2074,2025-03-28 12:00:00+00:00,120.54,122.34,120.54,122.14,594897.0,present
2075,2025-03-28 14:00:00+00:00,122.12,124.1,122.04,123.1,499484.0,present
2076,2025-03-28 16:00:00+00:00,123.16,123.24,121.36,121.62,197108.0,present
2077,2025-03-28 18:00:00+00:00,121.64,122.26,121.28,122.24,88453.0,present
2078,2025-03-28 20:00:00+00:00,122.22,122.24,121.46,121.56,34205.0,present
2079,2025-03-28 22:00:00+00:00,121.916,122.048,121.05199999999999,121.232,44107.0,interpolated
2080,2025-03-29 00:00:00+00:00,121.612,121.856,120.64399999999999,120.904,54009.0,interpolated
2081,2025-03-29 02:00:00+00:00,121.308,121.664,120.236,120.57600000000001,63911.0,interpolated
2082,2025-03-29 04:00:00+00:00,121.004,121.472,119.828,120.248,73813.0,interpolated
2083,2025-03-29 06:00:00+00:00,120.7,121.28,119.42,119.92,83715.0,present
2084,2025-03-29 08:00:00+00:00,119.9,121.18,119.54,120.62,91057.0,present
2085,2025-03-29 10:00:00+00:00,120.64,121.18,119.8,119.96,40562.0,present
2086,2025-03-29 12:00:00+00:00,119.94,120.0,119.44,119.6,47706.0,present
2087,2025-03-29 14:00:00+00:00,119.54,119.7,119.42,119.42,47457.0,present
2088,2025-03-29 16:00:00+00:00,119.525,119.69,119.42,119.4425,45687.625,interpolated
2089,2025-03-29 18:00:00+00:00,119.51,119.68,119.42,119.465,43918.25,interpolated
2090,2025-03-29 20:00:00+00:00,119.495,119.67,119.42,119.4875,42148.875,interpolated
2091,2025-03-29 22:00:00+00:00,119.48,119.66,119.42,119.50999999999999,40379.5,interpolated
2092,2025-03-30 00:00:00+00:00,119.465,119.65,119.42,119.5325,38610.125,interpolated
2093,2025-03-30 02:00:00+00:00,119.45,119.64,119.42,119.55499999999999,36840.75,interpolated
2094,2025-03-30 04:00:00+00:00,119.435,119.63000000000001,119.42,119.5775,35071.375,interpolated
2095,2025-03-30 06:00:00+00:00,119.42,119.62,119.42,119.6,33302.0,present
2096,2025-03-30 08:00:00+00:00,119.6,119.88,119.6,119.7,13907.0,present
2097,2025-03-30 10:00:00+00:00,119.7,119.82,119.52,119.8,13538.0,present
2098,2025-03-30 12:00:00+00:00,119.8,119.98,119.78,119.86,18414.0,present
2099,2025-03-30 14:00:00+00:00,119.82,119.86,119.42,119.42,38603.0,present
2100,2025-03-30 16:00:00+00:00,119.68333333333332,119.71666666666667,119.35,119.35,32917.666666666664,interpolated
2101,2025-03-30 18:00:00+00:00,119.54666666666667,119.57333333333334,119.28,119.28,27232.333333333332,interpolated
2102,2025-03-30 20:00:00+00:00,119.41,119.43,119.21000000000001,119.21000000000001,21547.0,interpolated
2103,2025-03-30 22:00:00+00:00,119.27333333333333,119.28666666666666,119.14,119.14,15861.666666666664,interpolated
2104,2025-03-31 00:00:00+00:00,119.13666666666667,119.14333333333333,119.07,119.07,10176.333333333332,interpolated
2105,2025-03-31 02:00:00+00:00,119.0,119.0,119.0,119.0,4491.0,present
2106,2025-03-31 04:00:00+00:00,118.98,122.9,118.42,122.34,375417.0,present
2107,2025-03-31 06:00:00+00:00,122.32,124.5,121.6,122.06,567366.0,present
2108,2025-03-31 08:00:00+00:00,122.02,123.08,121.22,122.7,359038.0,present
2109,2025-03-31 10:00:00+00:00,122.72,123.98,122.66,123.78,355185.0,present
2110,2025-03-31 12:00:00+00:00,123.84,123.94,122.4,123.18,333689.0,present
2111,2025-03-31 14:00:00+00:00,123.16,123.36,121.9,123.12,204595.0,present
2112,2025-03-31 16:00:00+00:00,123.12,123.34,122.56,123.0,64371.0,present
2113,2025-03-31 18:00:00+00:00,123.0,123.0,122.54,122.96,43128.0,present
2114,2025-03-31 20:00:00+00:00,122.96,123.56,122.88,123.3,16628.0,present
2115,2025-03-31 22:00:00+00:00,123.07333333333332,123.47333333333333,123.02,123.3,11153.666666666668,interpolated
2116,2025-04-01 00:00:00+00:00,123.18666666666667,123.38666666666667,123.16,123.3,5679.333333333334,interpolated
2117,2025-04-01 02:00:00+00:00,123.3,123.3,123.3,123.3,205.0,present
2118,2025-04-01 04:00:00+00:00,123.3,124.46,123.2,124.26,89803.0,present
2119,2025-04-01 06:00:00+00:00,124.2,125.3,123.64,124.96,226720.0,present
2120,2025-04-01 08:00:00+00:00,124.94,125.22,124.12,125.18,454821.0,present
2121,2025-04-01 10:00:00+00:00,125.18,125.18,122.1,122.42,409498.0,present
2122,2025-04-01 12:00:00+00:00,122.4,122.8,120.12,121.26,555551.0,present
2123,2025-04-01 12:00:00+00:00,122.4,122.8,120.12,121.26,555551.0,present
2124,2025-04-01 14:00:00+00:00,121.26,123.06,120.54,122.0,382396.0,present
2125,2025-04-01 16:00:00+00:00,122.0,122.58,121.0,121.46,218844.0,present
2126,2025-04-01 18:00:00+00:00,121.44,122.4,120.5,121.02,285453.0,present
2127,2025-04-01 20:00:00+00:00,121.02,121.2,120.5,120.8,40540.0,present
2128,2025-04-01 22:00:00+00:00,120.86,120.98,120.51333333333334,120.71333333333334,29095.0,interpolated
2129,2025-04-02 00:00:00+00:00,120.7,120.76,120.52666666666667,120.62666666666667,17650.0,interpolated
2130,2025-04-02 02:00:00+00:00,120.54,120.54,120.54,120.54,6205.0,present
2131,2025-04-02 04:00:00+00:00,120.56,121.98,120.22,121.3,117990.0,present
2132,2025-04-02 06:00:00+00:00,121.22,121.68,120.12,121.3,267104.0,present
2133,2025-04-02 08:00:00+00:00,121.32,121.6,119.26,120.0,702330.0,present
2134,2025-04-02 10:00:00+00:00,119.98,120.0,118.5,119.1,455804.0,present
2135,2025-04-02 12:00:00+00:00,119.1,120.18,118.04,118.2,514497.0,present
2136,2025-04-02 14:00:00+00:00,118.18,119.6,118.02,118.3,472245.0,present
2137,2025-04-02 16:00:00+00:00,118.0,119.5,117.52,119.5,432435.0,present
2138,2025-04-02 18:00:00+00:00,119.5,120.7,119.32,120.4,184253.0,present
2139,2025-04-02 20:00:00+00:00,120.4,120.42,119.8,120.1,40850.0,present
2140,2025-04-02 22:00:00+00:00,120.33333333333334,120.34666666666666,119.93333333333334,120.13333333333333,27635.0,interpolated
2141,2025-04-03 00:00:00+00:00,120.26666666666667,120.27333333333334,120.06666666666666,120.16666666666667,14420.0,interpolated
2142,2025-04-03 02:00:00+00:00,120.2,120.2,120.2,120.2,1205.0,present
2143,2025-04-03 04:00:00+00:00,120.22,120.88,119.88,120.34,164150.0,present
2144,2025-04-03 06:00:00+00:00,120.24,120.24,118.7,119.08,196400.0,present
2145,2025-04-03 08:00:00+00:00,119.06,121.46,119.02,121.2,389995.0,present
2146,2025-04-03 10:00:00+00:00,121.26,121.8,119.4,120.36,464390.0,present
2147,2025-04-03 12:00:00+00:00,120.34,120.34,117.5,118.06,544992.0,present
2148,2025-04-03 14:00:00+00:00,118.04,119.0,114.48,115.06,908043.0,present
2149,2025-04-03 16:00:00+00:00,115.4,115.8,114.02,115.4,509532.0,present
2150,2025-04-03 18:00:00+00:00,115.36,115.72,114.86,115.42,118909.0,present
2151,2025-04-03 20:00:00+00:00,115.42,116.46,115.2,116.42,172905.0,present
2152,2025-04-03 22:00:00+00:00,116.28,116.97333333333333,116.13333333333334,116.94666666666667,121313.66666666667,interpolated
2153,2025-04-04 00:00:00+00:00,117.14,117.48666666666666,117.06666666666666,117.47333333333333,69722.33333333334,interpolated
2154,2025-04-04 02:00:00+00:00,118.0,118.0,118.0,118.0,18131.0,present
2155,2025-04-04 04:00:00+00:00,118.0,118.0,116.6,116.92,225866.0,present
2156,2025-04-04 06:00:00+00:00,116.88,117.18,115.7,116.9,232236.0,present
2157,2025-04-04 08:00:00+00:00,116.88,117.24,115.66,116.48,499332.0,present
2158,2025-04-04 10:00:00+00:00,116.48,116.8,112.16,113.54,1186185.0,present
2159,2025-04-04 12:00:00+00:00,113.52,114.6,113.02,114.12,574088.0,present
2160,2025-04-04 14:00:00+00:00,114.12,114.4,111.62,112.04,715359.0,present
2161,2025-04-04 16:00:00+00:00,112.3,112.66,110.9,111.32,385549.0,present
2162,2025-04-04 18:00:00+00:00,111.4,111.76,110.8,111.06,235393.0,present
2163,2025-04-04 20:00:00+00:00,111.06,111.18,110.5,110.9,203605.0,present
2164,2025-04-04 22:00:00+00:00,110.608,110.85600000000001,110.136,110.456,201703.6,interpolated
2165,2025-04-05 00:00:00+00:00,110.156,110.53200000000001,109.772,110.012,199802.2,interpolated
2166,2025-04-05 02:00:00+00:00,109.704,110.208,109.408,109.56800000000001,197900.8,interpolated
2167,2025-04-05 04:00:00+00:00,109.252,109.884,109.04400000000001,109.12400000000001,195999.4,interpolated
2168,2025-04-05 06:00:00+00:00,108.8,109.56,108.68,108.68,194098.0,present
2169,2025-04-05 08:00:00+00:00,108.74,109.16,108.68,109.02,71546.0,present
2170,2025-04-05 10:00:00+00:00,109.02,110.3,108.94,110.3,100965.0,present
2171,2025-04-05 12:00:00+00:00,110.3,110.38,109.48,109.96,31690.0,present
2172,2025-04-05 14:00:00+00:00,110.02,111.0,109.56,110.7,56299.0,present
2173,2025-04-05 16:00:00+00:00,110.05,110.9925,109.5925,110.69,57310.5,interpolated
2174,2025-04-05 18:00:00+00:00,110.08,110.985,109.625,110.68,58322.0,interpolated
2175,2025-04-05 20:00:00+00:00,110.11,110.97749999999999,109.6575,110.67,59333.5,interpolated
2176,2025-04-05 22:00:00+00:00,110.14,110.97,109.69,110.66,60345.0,interpolated
2177,2025-04-06 00:00:00+00:00,110.17,110.9625,109.7225,110.65,61356.5,interpolated
2178,2025-04-06 02:00:00+00:00,110.2,110.955,109.755,110.64,62368.0,interpolated
2179,2025-04-06 04:00:00+00:00,110.23,110.94749999999999,109.7875,110.63000000000001,63379.5,interpolated
2180,2025-04-06 06:00:00+00:00,110.26,110.94,109.82,110.62,64391.0,present
2181,2025-04-06 08:00:00+00:00,110.66,111.2,110.3,110.56,95954.0,present
2182,2025-04-06 10:00:00+00:00,110.56,111.5,110.46,111.28,148172.0,present
2183,2025-04-06 12:00:00+00:00,111.28,112.6,111.1,112.08,94003.0,present
2184,2025-04-06 14:00:00+00:00,112.08,112.1,111.44,111.94,111431.0,present
2185,2025-04-06 16:00:00+00:00,111.68333333333334,111.69999999999999,111.15,111.56666666666666,93400.33333333334,interpolated
2186,2025-04-06 18:00:00+00:00,111.28666666666666,111.3,110.86,111.19333333333333,75369.66666666667,interpolated
2187,2025-04-06 20:00:00+00:00,110.89,110.9,110.57,110.82,57339.0,interpolated
2188,2025-04-06 22:00:00+00:00,110.49333333333334,110.5,110.28,110.44666666666667,39308.33333333334,interpolated
2189,2025-04-07 00:00:00+00:00,110.09666666666666,110.1,109.99000000000001,110.07333333333334,21277.66666666667,interpolated
2190,2025-04-07 02:00:00+00:00,109.7,109.7,109.7,109.7,3247.0,present
2191,2025-04-07 04:00:00+00:00,109.94,109.98,104.16,105.9,896324.0,present
2192,2025-04-07 06:00:00+00:00,105.9,106.94,102.68,106.66,1307112.0,present
2193,2025-04-07 08:00:00+00:00,106.66,107.26,105.06,105.68,477631.0,present
2194,2025-04-07 10:00:00+00:00,105.62,111.0,105.46,110.3,936763.0,present
2195,2025-04-07 12:00:00+00:00,110.26,111.98,108.86,111.76,725964.0,present
2196,2025-04-07 14:00:00+00:00,111.7,113.66,111.0,111.58,1287169.0,present
2197,2025-04-07 16:00:00+00:00,111.7,111.7,109.82,111.52,237903.0,present
2198,2025-04-07 18:00:00+00:00,111.54,111.82,110.32,110.88,102870.0,present
2199,2025-04-07 20:00:00+00:00,110.9,111.4,110.74,111.32,33734.0,present
2200,2025-04-07 22:00:00+00:00,111.26666666666667,111.60000000000001,111.16,111.54666666666667,23065.666666666664,interpolated
2201,2025-04-08 00:00:00+00:00,111.63333333333334,111.8,111.58,111.77333333333333,12397.333333333332,interpolated
2202,2025-04-08 02:00:00+00:00,112.0,112.0,112.0,112.0,1729.0,present
2203,2025-04-08 04:00:00+00:00,111.98,113.98,111.74,112.96,219350.0,present
2204,2025-04-08 06:00:00+00:00,112.96,113.1,111.48,111.82,313915.0,present
2205,2025-04-08 08:00:00+00:00,111.8,112.18,109.66,110.46,402266.0,present
2206,2025-04-08 10:00:00+00:00,110.42,111.36,109.1,110.92,488437.0,present
2207,2025-04-08 12:00:00+00:00,110.88,111.7,109.82,110.84,391722.0,present
2208,2025-04-08 12:00:00+00:00,110.88,111.7,109.82,110.84,391722.0,present
2209,2025-04-08 14:00:00+00:00,110.84,111.22,109.62,110.12,286327.0,present
2210,2025-04-08 16:00:00+00:00,110.24,110.44,106.74,108.24,446788.0,present
2211,2025-04-08 18:00:00+00:00,108.24,108.24,105.8,106.68,301860.0,present
2212,2025-04-08 20:00:00+00:00,106.7,106.98,105.66,106.8,122244.0,present
2213,2025-04-08 22:00:00+00:00,106.66666666666667,106.85333333333334,105.97333333333333,106.73333333333333,81981.66666666667,interpolated
2214,2025-04-09 00:00:00+00:00,106.63333333333333,106.72666666666666,106.28666666666666,106.66666666666666,41719.33333333334,interpolated
2215,2025-04-09 02:00:00+00:00,106.6,106.6,106.6,106.6,1457.0,present
2216,2025-04-09 04:00:00+00:00,106.5,107.46,105.52,106.64,194130.0,present
2217,2025-04-09 06:00:00+00:00,106.56,110.82,106.52,108.56,673259.0,present
2218,2025-04-09 08:00:00+00:00,108.54,109.36,106.56,106.7,409867.0,present
2219,2025-04-09 10:00:00+00:00,106.72,108.4,105.62,105.96,802388.0,present
2220,2025-04-09 12:00:00+00:00,105.96,110.36,105.92,109.86,889596.0,present
2221,2025-04-09 14:00:00+00:00,109.9,110.66,108.1,110.2,824149.0,present
2222,2025-04-09 16:00:00+00:00,110.02,117.02,109.82,116.76,1603293.0,present
2223,2025-04-09 18:00:00+00:00,116.76,117.3,113.72,115.46,1145435.0,present
2224,2025-04-09 20:00:00+00:00,115.44,116.56,114.88,116.08,242384.0,present
2225,2025-04-09 22:00:00+00:00,115.62,116.36666666666667,115.24666666666667,116.04666666666667,165192.0,interpolated
2226,2025-04-10 00:00:00+00:00,115.8,116.17333333333333,115.61333333333333,116.01333333333334,88000.0,interpolated
2227,2025-04-10 02:00:00+00:00,115.98,115.98,115.98,115.98,10808.0,present
2228,2025-04-10 04:00:00+00:00,115.98,116.08,114.52,115.38,304596.0,present
2229,2025-04-10 06:00:00+00:00,115.32,116.84,114.96,115.48,535857.0,present
2230,2025-04-10 08:00:00+00:00,115.5,115.98,113.86,115.74,440247.0,present
2231,2025-04-10 10:00:00+00:00,115.74,116.0,114.2,114.92,305278.0,present
2232,2025-04-10 12:00:00+00:00,114.92,116.74,114.24,114.26,985005.0,present
2233,2025-04-10 14:00:00+00:00,114.26,115.24,112.72,114.4,721557.0,present
2234,2025-04-10 16:00:00+00:00,114.06,114.4,112.0,114.32,507467.0,present
2235,2025-04-10 18:00:00+00:00,114.32,114.84,113.7,114.24,146943.0,present
2236,2025-04-10 20:00:00+00:00,114.2,114.38,113.88,114.04,29404.0,present
2237,2025-04-10 22:00:00+00:00,114.18,114.3,113.96666666666667,114.07333333333334,19826.666666666664,interpolated
2238,2025-04-11 00:00:00+00:00,114.16,114.22,114.05333333333333,114.10666666666667,10249.333333333332,interpolated
2239,2025-04-11 02:00:00+00:00,114.14,114.14,114.14,114.14,672.0,present
2240,2025-04-11 04:00:00+00:00,114.12,114.78,113.98,114.68,51196.0,present
2241,2025-04-11 06:00:00+00:00,114.64,117.18,114.5,116.6,569573.0,present
2242,2025-04-11 08:00:00+00:00,116.6,116.86,115.54,116.08,279021.0,present
2243,2025-04-11 10:00:00+00:00,116.06,117.38,115.7,116.3,426549.0,present
2244,2025-04-11 12:00:00+00:00,116.34,116.5,115.12,115.66,251455.0,present
2245,2025-04-11 14:00:00+00:00,115.62,116.5,115.14,116.0,218733.0,present
2246,2025-04-11 16:00:00+00:00,116.04,117.5,115.9,117.28,293098.0,present
2247,2025-04-11 18:00:00+00:00,117.28,117.38,116.34,116.98,120973.0,present
2248,2025-04-11 20:00:00+00:00,116.96,117.2,116.8,117.1,45589.0,present
2249,2025-04-11 22:00:00+00:00,117.012,117.424,116.884,117.332,49345.6,interpolated
2250,2025-04-12 00:00:00+00:00,117.064,117.648,116.968,117.564,53102.2,interpolated
2251,2025-04-12 02:00:00+00:00,117.116,117.872,117.05199999999999,117.796,56858.8,interpolated
2252,2025-04-12 04:00:00+00:00,117.16799999999999,118.09599999999999,117.136,118.028,60615.4,interpolated
2253,2025-04-12 06:00:00+00:00,117.22,118.32,117.22,118.26,64372.0,present
2254,2025-04-12 08:00:00+00:00,118.28,118.86,118.04,118.8,64361.0,present
2255,2025-04-12 10:00:00+00:00,118.8,118.98,118.22,118.3,48383.0,present
2256,2025-04-12 12:00:00+00:00,118.28,118.3,117.82,117.98,43314.0,present
2257,2025-04-12 14:00:00+00:00,117.96,118.48,117.96,118.38,41384.0,present
2258,2025-04-12 16:00:00+00:00,118.01249999999999,118.52000000000001,117.9725,118.365,40808.625,interpolated
2259,2025-04-12 18:00:00+00:00,118.065,118.56,117.985,118.35,40233.25,interpolated
2260,2025-04-12 20:00:00+00:00,118.11749999999999,118.6,117.9975,118.335,39657.875,interpolated
2261,2025-04-12 22:00:00+00:00,118.16999999999999,118.64,118.00999999999999,118.32000000000001,39082.5,interpolated
2262,2025-04-13 00:00:00+00:00,118.2225,118.68,118.0225,118.305,38507.125,interpolated
2263,2025-04-13 02:00:00+00:00,118.27499999999999,118.72,118.035,118.29,37931.75,interpolated
2264,2025-04-13 04:00:00+00:00,118.3275,118.75999999999999,118.0475,118.275,37356.375,interpolated
2265,2025-04-13 06:00:00+00:00,118.38,118.8,118.06,118.26,36781.0,present
2266,2025-04-13 08:00:00+00:00,118.3,118.56,118.2,118.34,20167.0,present
2267,2025-04-13 10:00:00+00:00,118.34,118.74,118.2,118.72,22054.0,present
2268,2025-04-13 12:00:00+00:00,118.7,118.96,118.5,118.82,27978.0,present
2269,2025-04-13 14:00:00+00:00,118.82,118.96,118.12,118.56,64223.0,present
2270,2025-04-13 16:00:00+00:00,118.8,118.91666666666666,118.21666666666667,118.58333333333334,53982.666666666664,interpolated
2271,2025-04-13 18:00:00+00:00,118.78,118.87333333333333,118.31333333333333,118.60666666666667,43742.33333333333,interpolated
2272,2025-04-13 20:00:00+00:00,118.75999999999999,118.83,118.41,118.63,33502.0,interpolated
2273,2025-04-13 22:00:00+00:00,118.74,118.78666666666666,118.50666666666667,118.65333333333334,23261.666666666664,interpolated
2274,2025-04-14 00:00:00+00:00,118.72,118.74333333333334,118.60333333333334,118.67666666666668,13021.333333333328,interpolated
2275,2025-04-14 02:00:00+00:00,118.7,118.7,118.7,118.7,2781.0,present
2276,2025-04-14 04:00:00+00:00,118.56,118.64,117.5,117.84,96900.0,present
2277,2025-04-14 06:00:00+00:00,117.78,117.78,116.66,117.0,242187.0,present
2278,2025-04-14 08:00:00+00:00,116.98,117.32,116.26,116.6,171713.0,present
2279,2025-04-14 10:00:00+00:00,116.54,117.0,115.26,115.32,209928.0,present
2280,2025-04-14 12:00:00+00:00,115.32,115.32,113.62,113.86,509248.0,present
2281,2025-04-14 14:00:00+00:00,113.84,115.1,113.64,113.86,267334.0,present
2282,2025-04-14 16:00:00+00:00,113.9,114.44,113.62,113.68,192666.0,present
2283,2025-04-14 18:00:00+00:00,113.68,114.54,113.18,114.26,99624.0,present
2284,2025-04-14 20:00:00+00:00,114.24,114.56,114.0,114.5,32857.0,present
2285,2025-04-14 22:00:00+00:00,114.36,114.57333333333334,114.2,114.53333333333333,22257.0,interpolated
2286,2025-04-15 00:00:00+00:00,114.47999999999999,114.58666666666666,114.39999999999999,114.56666666666666,11657.0,interpolated
2287,2025-04-15 02:00:00+00:00,114.6,114.6,114.6,114.6,1057.0,present
2288,2025-04-15 04:00:00+00:00,114.66,115.02,113.5,113.6,72506.0,present
2289,2025-04-15 06:00:00+00:00,113.62,115.7,113.62,114.3,299192.0,present
2290,2025-04-15 08:00:00+00:00,114.36,114.48,112.92,113.56,247605.0,present
2291,2025-04-15 10:00:00+00:00,113.56,113.68,111.48,112.66,316540.0,present
2292,2025-04-15 12:00:00+00:00,112.68,113.36,111.6,112.22,479391.0,present
2293,2025-04-15 12:00:00+00:00,112.68,113.36,111.6,112.22,479391.0,present
2294,2025-04-15 14:00:00+00:00,112.24,113.08,111.56,111.8,368300.0,present
2295,2025-04-15 16:00:00+00:00,111.96,112.6,111.66,112.4,118886.0,present
2296,2025-04-15 18:00:00+00:00,112.4,112.78,112.2,112.44,116778.0,present
2297,2025-04-15 20:00:00+00:00,112.46,112.64,112.1,112.2,35758.0,present
2298,2025-04-15 22:00:00+00:00,112.30666666666666,112.42666666666666,112.06666666666666,112.13333333333334,26923.333333333336,interpolated
2299,2025-04-16 00:00:00+00:00,112.15333333333334,112.21333333333334,112.03333333333333,112.06666666666666,18088.666666666668,interpolated
2300,2025-04-16 02:00:00+00:00,112.0,112.0,112.0,112.0,9254.0,present
2301,2025-04-16 04:00:00+00:00,112.0,112.68,111.28,111.42,156223.0,present
2302,2025-04-16 06:00:00+00:00,111.42,111.42,110.3,110.76,278519.0,present
2303,2025-04-16 08:00:00+00:00,110.78,113.12,110.2,112.7,608333.0,present
2304,2025-04-16 10:00:00+00:00,112.72,114.0,112.2,113.7,445435.0,present
2305,2025-04-16 12:00:00+00:00,113.72,114.44,113.12,114.18,303150.0,present
2306,2025-04-16 14:00:00+00:00,114.16,114.56,113.54,114.3,305033.0,present
2307,2025-04-16 16:00:00+00:00,114.32,114.58,112.18,112.42,244216.0,present
2308,2025-04-16 18:00:00+00:00,112.44,113.58,112.42,113.18,111105.0,present
2309,2025-04-16 20:00:00+00:00,113.12,113.4,112.82,113.04,33651.0,present
2310,2025-04-16 22:00:00+00:00,113.24666666666667,113.43333333333334,113.04666666666667,113.19333333333334,22580.666666666664,interpolated
2311,2025-04-17 00:00:00+00:00,113.37333333333333,113.46666666666667,113.27333333333333,113.34666666666666,11510.333333333332,interpolated
2312,2025-04-17 02:00:00+00:00,113.5,113.5,113.5,113.5,440.0,present
2313,2025-04-17 04:00:00+00:00,113.42,114.24,113.12,113.9,71179.0,present
2314,2025-04-17 06:00:00+00:00,113.9,114.34,112.64,113.64,204741.0,present
2315,2025-04-17 08:00:00+00:00,113.62,114.26,113.06,113.8,273569.0,present
2316,2025-04-17 10:00:00+00:00,113.8,114.62,113.7,114.42,194014.0,present
2317,2025-04-17 12:00:00+00:00,114.46,115.14,113.8,114.16,260888.0,present
2318,2025-04-17 14:00:00+00:00,114.16,114.28,112.3,113.54,309713.0,present
2319,2025-04-17 16:00:00+00:00,113.3,114.76,112.38,114.48,288347.0,present
2320,2025-04-17 18:00:00+00:00,114.5,115.4,113.76,115.02,451399.0,present
2321,2025-04-17 20:00:00+00:00,115.06,116.02,115.02,115.56,131942.0,present
2322,2025-04-17 22:00:00+00:00,114.47333333333333,115.11333333333333,114.44666666666666,114.80666666666667,92876.66666666667,interpolated
2323,2025-04-18 00:00:00+00:00,113.88666666666667,114.20666666666666,113.87333333333333,114.05333333333333,53811.33333333334,interpolated
2324,2025-04-18 02:00:00+00:00,113.3,113.3,113.3,113.3,14746.0,present
2325,2025-04-18 04:00:00+00:00,113.28,114.3,113.0,113.8,189689.0,present
2326,2025-04-18 06:00:00+00:00,113.82,114.44,113.28,113.64,223629.0,present
2327,2025-04-18 08:00:00+00:00,113.72,113.98,111.04,111.04,624342.0,present
2328,2025-04-18 10:00:00+00:00,111.06,112.48,110.8,111.92,681051.0,present
2329,2025-04-18 12:00:00+00:00,111.88,113.34,111.44,112.82,506946.0,present
2330,2025-04-18 14:00:00+00:00,112.82,113.5,112.64,113.42,213709.0,present
2331,2025-04-18 16:00:00+00:00,113.42,113.5,112.5,112.58,178923.0,present
2332,2025-04-18 18:00:00+00:00,112.56,112.94,112.32,112.44,91075.0,present
2333,2025-04-18 20:00:00+00:00,112.44,112.56,111.5,111.62,79628.0,present
2334,2025-04-18 22:00:00+00:00,112.45703703703704,112.5725925925926,111.55185185185185,111.66740740740741,76748.55555555556,interpolated
2335,2025-04-19 00:00:00+00:00,112.47407407407407,112.58518518518518,111.6037037037037,111.71481481481482,73869.11111111111,interpolated
2336,2025-04-19 02:00:00+00:00,112.49111111111111,112.59777777777778,111.65555555555555,111.76222222222222,70989.66666666667,interpolated
2337,2025-04-19 04:00:00+00:00,112.50814814814815,112.61037037037038,111.7074074074074,111.80962962962964,68110.22222222222,interpolated
2338,2025-04-19 06:00:00+00:00,112.52518518518518,112.62296296296297,111.75925925925927,111.85703703703705,65230.77777777778,interpolated
2339,2025-04-19 08:00:00+00:00,112.54222222222222,112.63555555555556,111.81111111111112,111.90444444444445,62351.33333333333,interpolated
2340,2025-04-19 10:00:00+00:00,112.55925925925926,112.64814814814815,111.86296296296297,111.95185185185186,59471.88888888889,interpolated
2341,2025-04-19 12:00:00+00:00,112.57629629629629,112.66074074074075,111.91481481481482,111.99925925925926,56592.444444444445,interpolated
2342,2025-04-19 14:00:00+00:00,112.59333333333333,112.67333333333333,111.96666666666667,112.04666666666667,53713.0,interpolated
2343,2025-04-19 16:00:00+00:00,112.61037037037038,112.68592592592593,112.01851851851852,112.09407407407407,50833.555555555555,interpolated
2344,2025-04-19 18:00:00+00:00,112.6274074074074,112.69851851851853,112.07037037037037,112.14148148148149,47954.11111111111,interpolated
2345,2025-04-19 20:00:00+00:00,112.64444444444445,112.71111111111111,112.12222222222222,112.1888888888889,45074.666666666664,interpolated
2346,2025-04-19 22:00:00+00:00,112.66148148148149,112.7237037037037,112.17407407407407,112.2362962962963,42195.22222222222,interpolated
2347,2025-04-20 00:00:00+00:00,112.67851851851852,112.7362962962963,112.22592592592594,112.28370370370371,39315.777777777774,interpolated
2348,2025-04-20 02:00:00+00:00,112.69555555555556,112.7488888888889,112.27777777777779,112.33111111111111,36436.333333333336,interpolated
2349,2025-04-20 04:00:00+00:00,112.7125925925926,112.76148148148148,112.32962962962964,112.37851851851852,33556.88888888889,interpolated
2350,2025-04-20 06:00:00+00:00,112.72962962962963,112.77407407407408,112.38148148148149,112.42592592592594,30677.444444444445,interpolated
2351,2025-04-20 08:00:00+00:00,112.74666666666667,112.78666666666668,112.43333333333334,112.47333333333334,27798.0,interpolated
2352,2025-04-20 10:00:00+00:00,112.76370370370371,112.79925925925926,112.48518518518519,112.52074074074075,24918.555555555555,interpolated
2353,2025-04-20 12:00:00+00:00,112.78074074074074,112.81185185185186,112.53703703703704,112.56814814814815,22039.11111111111,interpolated
2354,2025-04-20 14:00:00+00:00,112.79777777777778,112.82444444444445,112.58888888888889,112.61555555555556,19159.666666666664,interpolated
2355,2025-04-20 16:00:00+00:00,112.81481481481482,112.83703703703704,112.64074074074074,112.66296296296296,16280.222222222219,interpolated
2356,2025-04-20 18:00:00+00:00,112.83185185185185,112.84962962962963,112.6925925925926,112.71037037037037,13400.777777777781,interpolated
2357,2025-04-20 20:00:00+00:00,112.8488888888889,112.86222222222223,112.74444444444445,112.75777777777779,10521.333333333328,interpolated
2358,2025-04-20 22:00:00+00:00,112.86592592592594,112.87481481481483,112.7962962962963,112.8051851851852,7641.8888888888905,interpolated
2359,2025-04-21 00:00:00+00:00,112.88296296296296,112.88740740740741,112.84814814814816,112.8525925925926,4762.444444444438,interpolated
2360,2025-04-21 02:00:00+00:00,112.9,112.9,112.9,112.9,1883.0,present
2361,2025-04-21 04:00:00+00:00,112.88,113.7,112.24,113.34,109369.0,present
2362,2025-04-21 06:00:00+00:00,113.34,113.86,112.82,113.28,229834.0,present
2363,2025-04-21 08:00:00+00:00,113.28,114.3,113.26,113.6,265028.0,present
2364,2025-04-21 10:00:00+00:00,113.6,114.96,113.04,114.1,420708.0,present
2365,2025-04-21 12:00:00+00:00,114.12,114.3,113.24,113.5,131566.0,present
2366,2025-04-21 14:00:00+00:00,113.5,114.18,113.46,114.0,90188.0,present
2367,2025-04-21 16:00:00+00:00,114.1,114.78,113.96,114.0,184655.0,present
2368,2025-04-21 18:00:00+00:00,114.06,114.38,113.92,114.14,46712.0,present
2369,2025-04-21 20:00:00+00:00,114.14,114.26,113.92,113.92,29616.0,present
2370,2025-04-21 22:00:00+00:00,114.26,114.34,114.11333333333333,114.11333333333333,20350.0,interpolated
2371,2025-04-22 00:00:00+00:00,114.38,114.42,114.30666666666667,114.30666666666667,11084.0,interpolated
2372,2025-04-22 02:00:00+00:00,114.5,114.5,114.5,114.5,1818.0,present
2373,2025-04-22 04:00:00+00:00,114.48,114.7,114.2,114.56,74630.0,present
2374,2025-04-22 06:00:00+00:00,114.52,114.86,114.0,114.82,201888.0,present
2375,2025-04-22 08:00:00+00:00,114.82,114.84,114.12,114.34,225821.0,present
2376,2025-04-22 10:00:00+00:00,114.32,114.8,113.12,113.26,252335.0,present
2377,2025-04-22 12:00:00+00:00,113.24,114.3,112.64,114.3,320324.0,present
2378,2025-04-22 12:00:00+00:00,113.24,114.3,112.64,114.3,320324.0,present
2379,2025-04-22 14:00:00+00:00,114.24,114.54,113.9,114.26,214922.0,present
2380,2025-04-22 16:00:00+00:00,114.28,117.46,114.02,116.62,801667.0,present
2381,2025-04-22 18:00:00+00:00,116.66,118.3,116.32,116.7,814916.0,present
2382,2025-04-22 20:00:00+00:00,116.68,116.88,116.48,116.7,41810.0,present
2383,2025-04-22 22:00:00+00:00,116.90666666666667,117.03999999999999,116.77333333333334,116.92,28198.333333333336,interpolated
2384,2025-04-23 00:00:00+00:00,117.13333333333334,117.2,117.06666666666666,117.14,14586.666666666668,interpolated
2385,2025-04-23 02:00:00+00:00,117.36,117.36,117.36,117.36,975.0,present
2386,2025-04-23 04:00:00+00:00,117.34,117.48,115.4,115.68,295591.0,present
2387,2025-04-23 06:00:00+00:00,115.7,115.72,112.66,113.34,558518.0,present
2388,2025-04-23 08:00:00+00:00,113.36,114.66,113.3,114.06,440567.0,present
2389,2025-04-23 10:00:00+00:00,114.02,114.5,113.6,113.82,261364.0,present
2390,2025-04-23 12:00:00+00:00,113.8,114.38,113.5,114.04,164504.0,present
2391,2025-04-23 14:00:00+00:00,114.06,114.36,113.54,113.9,155514.0,present
2392,2025-04-23 16:00:00+00:00,114.08,115.18,113.32,114.9,370233.0,present
2393,2025-04-23 18:00:00+00:00,114.9,115.0,114.14,114.26,100611.0,present
2394,2025-04-23 20:00:00+00:00,114.26,114.56,114.14,114.44,37290.0,present
2395,2025-04-23 22:00:00+00:00,114.24000000000001,114.44,114.16,114.36,25370.0,interpolated
2396,2025-04-24 00:00:00+00:00,114.22,114.32000000000001,114.18,114.28,13450.0,interpolated
2397,2025-04-24 02:00:00+00:00,114.2,114.2,114.2,114.2,1530.0,present
2398,2025-04-24 04:00:00+00:00,114.4,114.7,114.0,114.6,56930.0,present
2399,2025-04-24 06:00:00+00:00,114.56,116.28,114.24,115.76,308272.0,present
2400,2025-04-24 08:00:00+00:00,115.78,115.98,114.54,115.1,331717.0,present
2401,2025-04-24 10:00:00+00:00,115.1,115.64,114.8,114.9,227316.0,present
2402,2025-04-24 12:00:00+00:00,114.9,115.28,114.3,114.4,148879.0,present
2403,2025-04-24 14:00:00+00:00,114.4,114.4,113.62,113.82,195401.0,present
2404,2025-04-24 16:00:00+00:00,113.88,114.32,113.54,113.66,133020.0,present
2405,2025-04-24 18:00:00+00:00,113.68,114.18,113.16,114.12,90777.0,present
2406,2025-04-24 20:00:00+00:00,114.12,114.12,113.54,113.84,37053.0,present
2407,2025-04-24 22:00:00+00:00,114.14,114.14,113.75333333333334,113.95333333333333,24837.333333333336,interpolated
2408,2025-04-25 00:00:00+00:00,114.16000000000001,114.16000000000001,113.96666666666667,114.06666666666668,12621.666666666668,interpolated
2409,2025-04-25 02:00:00+00:00,114.18,114.18,114.18,114.18,406.0,present
2410,2025-04-25 04:00:00+00:00,114.16,114.78,114.06,114.56,70919.0,present
2411,2025-04-25 06:00:00+00:00,114.54,115.26,114.28,115.06,176729.0,present
2412,2025-04-25 08:00:00+00:00,115.06,116.08,114.64,115.96,366989.0,present
2413,2025-04-25 10:00:00+00:00,115.96,116.7,115.3,116.34,536110.0,present
2414,2025-04-25 12:00:00+00:00,116.36,116.96,116.06,116.76,243275.0,present
2415,2025-04-25 14:00:00+00:00,116.74,117.0,115.8,116.32,318512.0,present
2416,2025-04-25 16:00:00+00:00,116.32,116.34,115.8,116.12,88652.0,present
2417,2025-04-25 18:00:00+00:00,116.18,116.74,116.14,116.64,52022.0,present
2418,2025-04-25 20:00:00+00:00,116.66,117.76,116.62,117.7,167420.0,present
2419,2025-04-25 22:00:00+00:00,116.928,118.048,116.864,117.932,150671.6,interpolated
2420,2025-04-26 00:00:00+00:00,117.196,118.336,117.108,118.164,133923.2,interpolated
2421,2025-04-26 02:00:00+00:00,117.464,118.62400000000001,117.352,118.396,117174.79999999999,interpolated
2422,2025-04-26 04:00:00+00:00,117.732,118.912,117.596,118.628,100426.4,interpolated
2423,2025-04-26 06:00:00+00:00,118.0,119.2,117.84,118.86,83678.0,present
2424,2025-04-26 08:00:00+00:00,118.76,120.36,118.76,119.8,220241.0,present
2425,2025-04-26 10:00:00+00:00,119.8,119.96,119.34,119.66,52289.0,present
2426,2025-04-26 12:00:00+00:00,119.6,119.7,118.44,118.6,141995.0,present
2427,2025-04-26 14:00:00+00:00,118.48,119.0,118.24,118.42,73196.0,present
2428,2025-04-26 16:00:00+00:00,118.5175,119.06,118.2975,118.5,66095.625,interpolated
2429,2025-04-26 18:00:00+00:00,118.555,119.12,118.355,118.58,58995.25,interpolated
2430,2025-04-26 20:00:00+00:00,118.5925,119.18,118.4125,118.66,51894.875,interpolated
2431,2025-04-26 22:00:00+00:00,118.63,119.24000000000001,118.47,118.74000000000001,44794.5,interpolated
2432,2025-04-27 00:00:00+00:00,118.6675,119.3,118.5275,118.82000000000001,37694.125,interpolated
2433,2025-04-27 02:00:00+00:00,118.705,119.36,118.58500000000001,118.9,30593.75,interpolated
2434,2025-04-27 04:00:00+00:00,118.7425,119.42,118.6425,118.98,23493.375,interpolated
2435,2025-04-27 06:00:00+00:00,118.78,119.48,118.7,119.06,16393.0,present
2436,2025-04-27 08:00:00+00:00,119.1,119.12,118.72,118.94,27860.0,present
2437,2025-04-27 10:00:00+00:00,119.0,119.12,118.8,118.86,10590.0,present
2438,2025-04-27 12:00:00+00:00,118.84,119.24,118.84,119.24,21553.0,present
2439,2025-04-27 14:00:00+00:00,119.22,119.5,119.0,119.48,39083.0,present
2440,2025-04-27 16:00:00+00:00,119.26333333333334,119.49666666666667,119.08,119.48,32622.5,interpolated
2441,2025-04-27 18:00:00+00:00,119.30666666666667,119.49333333333334,119.16,119.48,26162.0,interpolated
2442,2025-04-27 20:00:00+00:00,119.35,119.49000000000001,119.24000000000001,119.48,19701.5,interpolated
2443,2025-04-27 22:00:00+00:00,119.39333333333333,119.48666666666666,119.32000000000001,119.48,13241.0,interpolated
2444,2025-04-28 00:00:00+00:00,119.43666666666667,119.48333333333333,119.4,119.48,6780.5,interpolated
2445,2025-04-28 02:00:00+00:00,119.48,119.48,119.48,119.48,320.0,present
2446,2025-04-28 04:00:00+00:00,119.48,119.76,118.34,118.46,126102.0,present
2447,2025-04-28 06:00:00+00:00,118.46,118.48,116.62,117.8,401651.0,present
2448,2025-04-28 08:00:00+00:00,117.84,118.08,117.08,117.68,170596.0,present
2449,2025-04-28 10:00:00+00:00,117.68,120.0,116.86,119.68,627126.0,present
2450,2025-04-28 12:00:00+00:00,119.72,119.9,118.38,118.5,249952.0,present
2451,2025-04-28 14:00:00+00:00,118.52,119.06,118.4,118.82,120582.0,present
2452,2025-04-28 16:00:00+00:00,118.94,118.94,117.14,117.64,136500.0,present
2453,2025-04-28 18:00:00+00:00,117.66,117.76,116.5,117.04,156474.0,present
2454,2025-04-28 20:00:00+00:00,117.04,117.48,117.02,117.3,30320.0,present
2455,2025-04-28 22:00:00+00:00,117.19333333333334,117.48666666666666,117.17999999999999,117.36666666666666,20417.666666666664,interpolated
2456,2025-04-29 00:00:00+00:00,117.34666666666666,117.49333333333334,117.34,117.43333333333334,10515.333333333332,interpolated
2457,2025-04-29 02:00:00+00:00,117.5,117.5,117.5,117.5,613.0,present
2458,2025-04-29 04:00:00+00:00,117.48,117.54,117.14,117.14,36284.0,present
2459,2025-04-29 06:00:00+00:00,117.12,117.14,116.0,116.34,164990.0,present
2460,2025-04-29 08:00:00+00:00,116.38,117.0,115.96,116.18,150079.0,present
2461,2025-04-29 10:00:00+00:00,116.16,116.7,115.86,115.98,117982.0,present
2462,2025-04-29 12:00:00+00:00,115.96,116.54,115.72,116.06,126489.0,present
2463,2025-04-29 12:00:00+00:00,115.96,116.54,115.72,116.06,126489.0,present
2464,2025-04-29 14:00:00+00:00,116.04,116.48,114.36,114.54,344434.0,present
2465,2025-04-29 16:00:00+00:00,114.54,114.94,112.7,114.04,437443.0,present
2466,2025-04-29 18:00:00+00:00,114.02,114.02,112.88,113.36,124872.0,present
2467,2025-04-29 20:00:00+00:00,113.34,113.84,113.3,113.62,23191.0,present
2468,2025-04-29 22:00:00+00:00,113.24000000000001,113.57333333333334,113.21333333333334,113.42666666666668,16023.0,interpolated
2469,2025-04-30 00:00:00+00:00,113.14,113.30666666666667,113.12666666666667,113.23333333333333,8855.0,interpolated
2470,2025-04-30 02:00:00+00:00,113.04,113.04,113.04,113.04,1687.0,present
2471,2025-04-30 04:00:00+00:00,113.14,113.62,111.58,112.9,203534.0,present
2472,2025-04-30 06:00:00+00:00,112.88,113.6,112.5,112.7,248758.0,present
2473,2025-04-30 08:00:00+00:00,112.7,112.7,111.34,112.64,431092.0,present
2474,2025-04-30 10:00:00+00:00,112.6,113.2,112.24,113.0,242095.0,present
2475,2025-04-30 12:00:00+00:00,113.0,114.24,112.24,113.0,841035.0,present
2476,2025-04-30 14:00:00+00:00,112.98,115.2,112.94,114.08,280743.0,present
2477,2025-04-30 16:00:00+00:00,114.08,114.26,113.04,114.08,142296.0,present
2478,2025-04-30 18:00:00+00:00,114.06,114.6,113.52,114.4,145081.0,present
2479,2025-04-30 20:00:00+00:00,114.4,114.48,114.22,114.38,49329.0,present
2480,2025-04-30 22:00:00+00:00,114.37333333333333,114.44800000000001,114.20533333333333,114.35466666666666,46200.666666666664,interpolated
2481,2025-05-01 00:00:00+00:00,114.34666666666668,114.416,114.19066666666667,114.32933333333332,43072.333333333336,interpolated
2482,2025-05-01 02:00:00+00:00,114.32000000000001,114.384,114.176,114.304,39944.0,interpolated
2483,2025-05-01 04:00:00+00:00,114.29333333333334,114.352,114.16133333333333,114.27866666666667,36815.666666666664,interpolated
2484,2025-05-01 06:00:00+00:00,114.26666666666667,114.32000000000001,114.14666666666666,114.25333333333333,33687.33333333333,interpolated
2485,2025-05-01 08:00:00+00:00,114.24000000000001,114.288,114.132,114.228,30559.0,interpolated
2486,2025-05-01 10:00:00+00:00,114.21333333333334,114.256,114.11733333333333,114.20266666666666,27430.666666666664,interpolated
2487,2025-05-01 12:00:00+00:00,114.18666666666667,114.224,114.10266666666666,114.17733333333334,24302.333333333332,interpolated
2488,2025-05-01 14:00:00+00:00,114.16,114.19200000000001,114.088,114.152,21174.0,interpolated
2489,2025-05-01 16:00:00+00:00,114.13333333333334,114.16,114.07333333333334,114.12666666666667,18045.666666666664,interpolated
2490,2025-05-01 18:00:00+00:00,114.10666666666667,114.128,114.05866666666667,114.10133333333333,14917.333333333328,interpolated
2491,2025-05-01 20:00:00+00:00,114.08,114.096,114.044,114.076,11789.0,interpolated
2492,2025-05-01 22:00:00+00:00,114.05333333333333,114.06400000000001,114.02933333333333,114.05066666666667,8660.666666666664,interpolated
2493,2025-05-02 00:00:00+00:00,114.02666666666667,114.032,114.01466666666667,114.02533333333334,5532.3333333333285,interpolated
2494,2025-05-02 02:00:00+00:00,114.0,114.0,114.0,114.0,2404.0,present
2495,2025-05-02 04:00:00+00:00,114.1,114.1,112.46,112.74,83938.0,present
2496,2025-05-02 06:00:00+00:00,112.74,112.88,111.28,111.54,276421.0,present
2497,2025-05-02 08:00:00+00:00,111.54,111.54,110.4,110.74,305607.0,present
2498,2025-05-02 10:00:00+00:00,110.74,111.14,110.56,110.64,125316.0,present
2499,2025-05-02 12:00:00+00:00,110.64,110.98,110.18,110.42,115644.0,present
2500,2025-05-02 14:00:00+00:00,110.42,110.58,109.32,109.34,233149.0,present
2501,2025-05-02 16:00:00+00:00,109.56,109.86,108.8,109.38,140768.0,present
2502,2025-05-02 18:00:00+00:00,109.4,109.96,109.14,109.3,79409.0,present
2503,2025-05-02 20:00:00+00:00,109.28,109.28,108.56,109.0,94409.0,present
2504,2025-05-02 22:00:00+00:00,109.224,109.376,108.52,109.02,89316.6,interpolated
2505,2025-05-03 00:00:00+00:00,109.168,109.47200000000001,108.48,109.03999999999999,84224.2,interpolated
2506,2025-05-03 02:00:00+00:00,109.112,109.568,108.44,109.06,79131.8,interpolated
2507,2025-05-03 04:00:00+00:00,109.056,109.664,108.4,109.08,74039.4,interpolated
2508,2025-05-03 06:00:00+00:00,109.0,109.76,108.36,109.1,68947.0,present
2509,2025-05-03 08:00:00+00:00,109.06,109.34,108.84,109.22,22769.0,present
2510,2025-05-03 10:00:00+00:00,109.24,109.3,109.06,109.26,7272.0,present
2511,2025-05-03 12:00:00+00:00,109.26,109.34,108.6,108.6,14532.0,present
2512,2025-05-03 14:00:00+00:00,108.68,109.32,108.66,109.26,25628.0,present
2513,2025-05-03 16:00:00+00:00,108.75250000000001,109.32749999999999,108.7025,109.26,23643.875,interpolated
2514,2025-05-03 18:00:00+00:00,108.825,109.335,108.745,109.26,21659.75,interpolated
2515,2025-05-03 20:00:00+00:00,108.89750000000001,109.3425,108.7875,109.26,19675.625,interpolated
2516,2025-05-03 22:00:00+00:00,108.97,109.35,108.83,109.26,17691.5,interpolated
2517,2025-05-04 00:00:00+00:00,109.0425,109.35749999999999,108.8725,109.26,15707.375,interpolated
2518,2025-05-04 02:00:00+00:00,109.11500000000001,109.365,108.91499999999999,109.26,13723.250000000002,interpolated
2519,2025-05-04 04:00:00+00:00,109.1875,109.3725,108.9575,109.26,11739.125000000002,interpolated
2520,2025-05-04 06:00:00+00:00,109.26,109.38,109.0,109.26,9755.0,present
2521,2025-05-04 08:00:00+00:00,109.36,109.86,109.18,109.62,36057.0,present
2522,2025-05-04 10:00:00+00:00,109.6,110.04,109.6,109.8,36084.0,present
2523,2025-05-04 12:00:00+00:00,109.78,109.82,109.22,109.34,21406.0,present
2524,2025-05-04 14:00:00+00:00,109.34,109.56,109.22,109.4,14240.0,present
2525,2025-05-04 16:00:00+00:00,109.32333333333334,109.50666666666666,109.22333333333333,109.37333333333333,12050.166666666668,interpolated
2526,2025-05-04 18:00:00+00:00,109.30666666666667,109.45333333333333,109.22666666666666,109.34666666666666,9860.333333333334,interpolated
2527,2025-05-04 20:00:00+00:00,109.28999999999999,109.4,109.22999999999999,109.32,7670.5,interpolated
2528,2025-05-04 22:00:00+00:00,109.27333333333333,109.34666666666666,109.23333333333333,109.29333333333334,5480.666666666668,interpolated
2529,2025-05-05 00:00:00+00:00,109.25666666666666,109.29333333333332,109.23666666666666,109.26666666666667,3290.833333333334,interpolated
2530,2025-05-05 02:00:00+00:00,109.24,109.24,109.24,109.24,1101.0,present
2531,2025-05-05 04:00:00+00:00,109.4,109.82,108.72,108.92,105097.0,present
2532,2025-05-05 06:00:00+00:00,108.9,108.92,107.5,107.7,266527.0,present
2533,2025-05-05 08:00:00+00:00,107.72,108.34,107.6,108.2,292714.0,present
2534,2025-05-05 10:00:00+00:00,108.2,108.62,106.5,107.56,409052.0,present
2535,2025-05-05 12:00:00+00:00,107.58,107.86,107.08,107.54,125907.0,present
2536,2025-05-05 14:00:00+00:00,107.52,107.8,106.8,107.12,260789.0,present
2537,2025-05-05 16:00:00+00:00,107.12,107.82,107.02,107.82,84995.0,present
2538,2025-05-05 18:00:00+00:00,107.82,107.86,107.22,107.52,68248.0,present
2539,2025-05-05 20:00:00+00:00,107.52,107.56,107.22,107.26,15092.0,present
2540,2025-05-05 22:00:00+00:00,107.6,107.62666666666667,107.4,107.42666666666668,10343.666666666668,interpolated
2541,2025-05-06 00:00:00+00:00,107.68,107.69333333333334,107.58,107.59333333333333,5595.333333333334,interpolated
2542,2025-05-06 02:00:00+00:00,107.76,107.76,107.76,107.76,847.0,present
2543,2025-05-06 04:00:00+00:00,107.4,108.3,107.4,107.5,66932.0,present
2544,2025-05-06 06:00:00+00:00,107.48,108.4,106.56,107.96,246727.0,present
2545,2025-05-06 08:00:00+00:00,107.96,108.48,107.34,107.58,233377.0,present
2546,2025-05-06 10:00:00+00:00,107.6,107.72,107.0,107.6,128103.0,present
2547,2025-05-06 12:00:00+00:00,107.62,108.9,107.6,108.18,221661.0,present
2548,2025-05-06 12:00:00+00:00,107.62,108.9,107.6,108.18,221661.0,present
2549,2025-05-06 14:00:00+00:00,108.2,108.82,108.02,108.72,155959.0,present
2550,2025-05-06 16:00:00+00:00,108.46,109.0,108.42,109.0,73830.0,present
2551,2025-05-06 18:00:00+00:00,109.0,109.58,108.7,109.0,116788.0,present
2552,2025-05-06 20:00:00+00:00,109.0,109.06,107.44,107.7,94479.0,present
2553,2025-05-06 22:00:00+00:00,108.63333333333334,108.67333333333333,107.59333333333333,107.76666666666667,65236.333333333336,interpolated
2554,2025-05-07 00:00:00+00:00,108.26666666666667,108.28666666666668,107.74666666666667,107.83333333333334,35993.66666666667,interpolated
2555,2025-05-07 02:00:00+00:00,107.9,107.9,107.9,107.9,6751.0,present
2556,2025-05-07 04:00:00+00:00,107.9,108.8,107.82,108.32,104140.0,present
2557,2025-05-07 06:00:00+00:00,108.36,108.48,107.26,108.3,226925.0,present
2558,2025-05-07 08:00:00+00:00,108.28,108.9,107.68,108.74,174677.0,present
2559,2025-05-07 10:00:00+00:00,108.74,109.4,108.1,108.74,229938.0,present
2560,2025-05-07 12:00:00+00:00,108.74,109.3,108.22,108.26,173598.0,present
2561,2025-05-07 14:00:00+00:00,108.3,109.6,108.26,109.3,159878.0,present
2562,2025-05-07 16:00:00+00:00,109.4,109.8,108.72,108.82,89804.0,present
2563,2025-05-07 18:00:00+00:00,108.82,108.86,108.32,108.58,35051.0,present
2564,2025-05-07 20:00:00+00:00,108.58,108.9,108.54,108.86,11719.0,present
2565,2025-05-07 22:00:00+00:00,108.71333333333334,108.92666666666668,108.68666666666667,108.9,7892.666666666666,interpolated
2566,2025-05-08 00:00:00+00:00,108.84666666666666,108.95333333333333,108.83333333333334,108.94,4066.333333333333,interpolated
2567,2025-05-08 02:00:00+00:00,108.98,108.98,108.98,108.98,240.0,present
2568,2025-05-08 04:00:00+00:00,108.94,109.8,108.86,109.5,39425.0,present
2569,2025-05-08 06:00:00+00:00,109.5,111.88,109.32,111.54,303676.0,present
2570,2025-05-08 08:00:00+00:00,111.54,111.88,111.14,111.28,293960.0,present
2571,2025-05-08 10:00:00+00:00,111.3,111.46,110.62,110.7,109064.0,present
2572,2025-05-08 12:00:00+00:00,110.66,111.48,110.4,110.76,170219.0,present
2573,2025-05-08 14:00:00+00:00,110.84,111.28,110.62,110.9,50149.0,present
2574,2025-05-08 16:00:00+00:00,111.08,111.66,110.6,111.42,64716.0,present
2575,2025-05-08 18:00:00+00:00,111.42,111.46,111.1,111.24,40844.0,present
2576,2025-05-08 20:00:00+00:00,111.26,111.8,111.2,111.6,31412.0,present
2577,2025-05-08 22:00:00+00:00,111.30000000000001,111.82117647058823,111.22941176470589,111.60823529411765,31517.823529411766,interpolated
2578,2025-05-09 00:00:00+00:00,111.34,111.84235294117647,111.25882352941177,111.61647058823529,31623.647058823528,interpolated
2579,2025-05-09 02:00:00+00:00,111.38000000000001,111.8635294117647,111.28823529411765,111.62470588235294,31729.470588235294,interpolated
2580,2025-05-09 04:00:00+00:00,111.42,111.88470588235293,111.31764705882354,111.63294117647058,31835.29411764706,interpolated
2581,2025-05-09 06:00:00+00:00,111.46000000000001,111.90588235294118,111.34705882352941,111.64117647058823,31941.117647058825,interpolated
2582,2025-05-09 08:00:00+00:00,111.5,111.9270588235294,111.37647058823529,111.64941176470587,32046.941176470587,interpolated
2583,2025-05-09 10:00:00+00:00,111.54,111.94823529411764,111.40588235294118,111.65764705882353,32152.764705882353,interpolated
2584,2025-05-09 12:00:00+00:00,111.58,111.96941176470588,111.43529411764706,111.66588235294117,32258.58823529412,interpolated
2585,2025-05-09 14:00:00+00:00,111.62,111.99058823529411,111.46470588235294,111.67411764705882,32364.41176470588,interpolated
2586,2025-05-09 16:00:00+00:00,111.66,112.01176470588236,111.49411764705883,111.68235294117646,32470.235294117647,interpolated
2587,2025-05-09 18:00:00+00:00,111.7,112.03294117647059,111.52352941176471,111.69058823529411,32576.058823529413,interpolated
2588,2025-05-09 20:00:00+00:00,111.74,112.05411764705882,111.5529411764706,111.69882352941175,32681.882352941175,interpolated
2589,2025-05-09 22:00:00+00:00,111.78,112.07529411764706,111.58235294117647,111.70705882352941,32787.705882352944,interpolated
2590,2025-05-10 00:00:00+00:00,111.82,112.09647058823529,111.61176470588235,111.71529411764705,32893.529411764706,interpolated
2591,2025-05-10 02:00:00+00:00,111.86,112.11764705882352,111.64117647058823,111.7235294117647,32999.35294117647,interpolated
2592,2025-05-10 04:00:00+00:00,111.89999999999999,112.13882352941177,111.67058823529412,111.73176470588234,33105.17647058824,interpolated
2593,2025-05-10 06:00:00+00:00,111.94,112.16,111.7,111.74,33211.0,present
2594,2025-05-10 08:00:00+00:00,111.76,111.84,111.22,111.48,21402.0,present
2595,2025-05-10 10:00:00+00:00,111.46,111.52,111.22,111.44,7277.0,present
2596,2025-05-10 12:00:00+00:00,111.36,111.96,111.2,111.94,22702.0,present
2597,2025-05-10 14:00:00+00:00,111.94,112.16,111.5,111.8,80658.0,present
2598,2025-05-10 16:00:00+00:00,112.07249999999999,112.4525,111.6625,112.08749999999999,87225.125,interpolated
2599,2025-05-10 18:00:00+00:00,112.205,112.745,111.825,112.375,93792.25,interpolated
2600,2025-05-10 20:00:00+00:00,112.3375,113.0375,111.9875,112.6625,100359.375,interpolated
2601,2025-05-10 22:00:00+00:00,112.47,113.33,112.15,112.94999999999999,106926.5,interpolated
2602,2025-05-11 00:00:00+00:00,112.60249999999999,113.6225,112.3125,113.2375,113493.625,interpolated
2603,2025-05-11 02:00:00+00:00,112.735,113.91499999999999,112.475,113.52499999999999,120060.75,interpolated
2604,2025-05-11 04:00:00+00:00,112.8675,114.2075,112.6375,113.8125,126627.875,interpolated
2605,2025-05-11 06:00:00+00:00,113.0,114.5,112.8,114.1,133195.0,present
2606,2025-05-11 08:00:00+00:00,114.1,114.14,113.1,113.18,100535.0,present
2607,2025-05-11 10:00:00+00:00,113.22,113.44,112.9,113.24,20152.0,present
2608,2025-05-11 12:00:00+00:00,113.26,113.44,112.52,112.72,46952.0,present
2609,2025-05-11 14:00:00+00:00,112.72,112.98,112.5,112.88,27966.0,present
2610,2025-05-11 16:00:00+00:00,112.8,113.01666666666667,112.61666666666667,112.93333333333334,23441.833333333336,interpolated
2611,2025-05-11 18:00:00+00:00,112.88,113.05333333333334,112.73333333333333,112.98666666666666,18917.666666666668,interpolated
2612,2025-05-11 20:00:00+00:00,112.96000000000001,113.09,112.85,113.03999999999999,14393.500000000002,interpolated
2613,2025-05-11 22:00:00+00:00,113.04,113.12666666666667,112.96666666666667,113.09333333333333,9869.333333333336,interpolated
2614,2025-05-12 00:00:00+00:00,113.12,113.16333333333334,113.08333333333334,113.14666666666668,5345.166666666668,interpolated
2615,2025-05-12 02:00:00+00:00,113.2,113.2,113.2,113.2,821.0,present
2616,2025-05-12 04:00:00+00:00,113.28,114.4,113.22,113.98,156581.0,present
2617,2025-05-12 06:00:00+00:00,113.94,114.64,113.68,114.18,295502.0,present
2618,2025-05-12 08:00:00+00:00,114.26,114.28,113.78,113.96,148202.0,present
2619,2025-05-12 10:00:00+00:00,113.96,114.34,113.62,113.82,153056.0,present
2620,2025-05-12 12:00:00+00:00,113.84,114.0,112.74,112.94,166229.0,present
2621,2025-05-12 14:00:00+00:00,112.94,114.32,112.86,114.2,270041.0,present
2622,2025-05-12 16:00:00+00:00,114.2,114.5,113.8,114.32,77998.0,present
2623,2025-05-12 18:00:00+00:00,114.32,114.34,113.8,114.04,52238.0,present
2624,2025-05-12 20:00:00+00:00,114.06,114.5,114.06,114.48,28242.0,present
2625,2025-05-12 22:00:00+00:00,114.22666666666667,114.52,114.22666666666667,114.50666666666667,19306.666666666668,interpolated
2626,2025-05-13 00:00:00+00:00,114.39333333333333,114.54,114.39333333333333,114.53333333333333,10371.333333333336,interpolated
2627,2025-05-13 02:00:00+00:00,114.56,114.56,114.56,114.56,1436.0,present
2628,2025-05-13 04:00:00+00:00,114.58,114.98,114.2,114.56,96458.0,present
2629,2025-05-13 06:00:00+00:00,114.58,114.84,113.8,114.08,192789.0,present
2630,2025-05-13 08:00:00+00:00,114.1,114.3,112.72,114.12,458510.0,present
2631,2025-05-13 10:00:00+00:00,114.12,114.14,113.3,113.34,53840.0,present
2632,2025-05-13 12:00:00+00:00,113.32,114.4,113.32,114.32,199492.0,present
2633,2025-05-13 12:00:00+00:00,113.32,114.4,113.32,114.32,199492.0,present
2634,2025-05-13 14:00:00+00:00,114.32,114.4,113.76,114.28,92080.0,present
2635,2025-05-13 16:00:00+00:00,114.22,114.36,113.68,113.82,78216.0,present
2636,2025-05-13 18:00:00+00:00,113.8,113.9,113.0,113.22,107139.0,present
2637,2025-05-13 20:00:00+00:00,113.24,113.4,112.9,112.98,43054.0,present
2638,2025-05-13 22:00:00+00:00,113.1,113.20666666666666,112.87333333333333,112.92666666666666,29070.666666666668,interpolated
2639,2025-05-14 00:00:00+00:00,112.96,113.01333333333334,112.84666666666666,112.87333333333333,15087.333333333336,interpolated
2640,2025-05-14 02:00:00+00:00,112.82,112.82,112.82,112.82,1104.0,present
2641,2025-05-14 04:00:00+00:00,112.86,113.32,112.32,113.04,116724.0,present
2642,2025-05-14 06:00:00+00:00,113.04,113.04,112.44,112.92,136760.0,present
2643,2025-05-14 08:00:00+00:00,112.92,113.7,112.74,113.34,136547.0,present
2644,2025-05-14 10:00:00+00:00,113.3,113.84,113.1,113.8,74349.0,present
2645,2025-05-14 12:00:00+00:00,113.78,114.72,113.62,113.76,201570.0,present
2646,2025-05-14 14:00:00+00:00,113.78,113.9,112.94,112.94,197076.0,present
2647,2025-05-14 16:00:00+00:00,112.9,113.32,112.72,113.08,92586.0,present
2648,2025-05-14 18:00:00+00:00,113.06,113.12,112.22,112.3,110232.0,present
2649,2025-05-14 20:00:00+00:00,112.3,112.36,110.58,110.6,296707.0,present
2650,2025-05-14 22:00:00+00:00,111.90666666666667,111.94666666666667,110.76,110.77333333333333,197882.3333333333,interpolated
2651,2025-05-15 00:00:00+00:00,111.51333333333334,111.53333333333333,110.94,110.94666666666667,99057.66666666666,interpolated
2652,2025-05-15 02:00:00+00:00,111.12,111.12,111.12,111.12,233.0,present
2653,2025-05-15 04:00:00+00:00,111.12,111.8,111.0,111.54,66224.0,present
2654,2025-05-15 06:00:00+00:00,111.5,111.78,110.28,110.56,168500.0,present
2655,2025-05-15 08:00:00+00:00,110.52,110.94,108.98,109.84,405424.0,present
2656,2025-05-15 10:00:00+00:00,109.84,110.5,109.66,110.44,251784.0,present
2657,2025-05-15 12:00:00+00:00,110.42,111.24,109.8,110.9,238226.0,present
2658,2025-05-15 14:00:00+00:00,110.86,111.3,110.14,110.14,108899.0,present
2659,2025-05-15 16:00:00+00:00,110.16,110.72,109.72,110.42,73789.0,present
2660,2025-05-15 18:00:00+00:00,110.48,110.58,110.16,110.28,21844.0,present
2661,2025-05-15 20:00:00+00:00,110.36,110.52,110.16,110.52,12879.0,present
2662,2025-05-15 22:00:00+00:00,110.41333333333333,110.52,110.28,110.52,8653.666666666668,interpolated
2663,2025-05-16 00:00:00+00:00,110.46666666666667,110.52,110.39999999999999,110.52,4428.333333333334,interpolated
2664,2025-05-16 02:00:00+00:00,110.52,110.52,110.52,110.52,203.0,present
2665,2025-05-16 04:00:00+00:00,110.56,111.08,110.5,110.94,26303.0,present
2666,2025-05-16 06:00:00+00:00,110.96,111.06,110.2,110.68,92794.0,present
2667,2025-05-16 08:00:00+00:00,110.68,110.88,110.48,110.62,72578.0,present
2668,2025-05-16 10:00:00+00:00,110.6,110.74,109.22,110.26,109756.0,present
2669,2025-05-16 12:00:00+00:00,110.28,111.2,107.74,110.54,602645.0,present
2670,2025-05-16 14:00:00+00:00,110.52,111.2,110.4,110.42,179409.0,present
2671,2025-05-16 16:00:00+00:00,110.42,110.76,110.18,110.44,59322.0,present
2672,2025-05-16 18:00:00+00:00,110.38,110.62,110.04,110.56,51468.0,present
2673,2025-05-16 20:00:00+00:00,110.58,110.8,110.38,110.6,29932.0,present
2674,2025-05-16 22:00:00+00:00,110.584,110.916,110.348,110.744,27692.4,interpolated
2675,2025-05-17 00:00:00+00:00,110.588,111.032,110.316,110.88799999999999,25452.8,interpolated
2676,2025-05-17 02:00:00+00:00,110.592,111.148,110.28399999999999,111.032,23213.2,interpolated
2677,2025-05-17 04:00:00+00:00,110.59599999999999,111.264,110.252,111.17599999999999,20973.6,interpolated
2678,2025-05-17 06:00:00+00:00,110.6,111.38,110.22,111.32,18734.0,present
2679,2025-05-17 08:00:00+00:00,111.32,111.4,111.08,111.22,20537.0,present
2680,2025-05-17 10:00:00+00:00,111.22,111.3,110.92,111.06,21165.0,present
2681,2025-05-17 12:00:00+00:00,111.04,111.12,110.84,111.0,7898.0,present
2682,2025-05-17 14:00:00+00:00,110.96,112.6,110.96,112.3,105180.0,present
2683,2025-05-17 16:00:00+00:00,111.1775,112.64999999999999,111.10249999999999,112.35249999999999,100825.0,interpolated
2684,2025-05-17 18:00:00+00:00,111.395,112.69999999999999,111.24499999999999,112.405,96470.0,interpolated
2685,2025-05-17 20:00:00+00:00,111.6125,112.75,111.38749999999999,112.4575,92115.0,interpolated
2686,2025-05-17 22:00:00+00:00,111.83,112.8,111.53,112.50999999999999,87760.0,interpolated
2687,2025-05-18 00:00:00+00:00,112.0475,112.85,111.6725,112.5625,83405.0,interpolated
2688,2025-05-18 02:00:00+00:00,112.265,112.9,111.815,112.615,79050.0,interpolated
2689,2025-05-18 04:00:00+00:00,112.4825,112.95,111.9575,112.6675,74695.0,interpolated
2690,2025-05-18 06:00:00+00:00,112.7,113.0,112.1,112.72,70340.0,present
2691,2025-05-18 08:00:00+00:00,112.64,112.86,112.38,112.74,38040.0,present
2692,2025-05-18 10:00:00+00:00,112.68,112.78,112.48,112.58,15023.0,present
2693,2025-05-18 12:00:00+00:00,112.58,112.9,112.44,112.9,28108.0,present
2694,2025-05-18 14:00:00+00:00,112.9,112.96,112.64,112.7,40709.0,present
2695,2025-05-18 16:00:00+00:00,112.83333333333334,112.88333333333333,112.61666666666667,112.66666666666667,34079.5,interpolated
2696,2025-05-18 18:00:00+00:00,112.76666666666667,112.80666666666666,112.59333333333333,112.63333333333334,27450.0,interpolated
2697,2025-05-18 20:00:00+00:00,112.7,112.72999999999999,112.57,112.6,20820.5,interpolated
2698,2025-05-18 22:00:00+00:00,112.63333333333334,112.65333333333334,112.54666666666667,112.56666666666666,14191.0,interpolated
2699,2025-05-19 00:00:00+00:00,112.56666666666666,112.57666666666667,112.52333333333334,112.53333333333333,7561.5,interpolated
2700,2025-05-19 02:00:00+00:00,112.5,112.5,112.5,112.5,932.0,present
2701,2025-05-19 04:00:00+00:00,112.48,112.84,111.96,112.06,58184.0,present
2702,2025-05-19 06:00:00+00:00,112.0,112.22,111.28,111.64,123173.0,present
2703,2025-05-19 08:00:00+00:00,111.62,112.14,111.4,111.66,87733.0,present
2704,2025-05-19 10:00:00+00:00,111.68,112.22,111.6,112.1,65157.0,present
2705,2025-05-19 12:00:00+00:00,112.1,112.34,111.26,111.3,116698.0,present
2706,2025-05-19 14:00:00+00:00,111.3,112.26,110.7,111.7,203913.0,present
2707,2025-05-19 16:00:00+00:00,111.9,112.78,110.36,110.6,367855.0,present
2708,2025-05-19 18:00:00+00:00,110.6,110.88,109.6,109.9,175335.0,present
2709,2025-05-19 20:00:00+00:00,109.92,110.1,109.78,109.92,28783.0,present
2710,2025-05-19 22:00:00+00:00,110.07333333333334,110.19333333333333,109.98,110.07333333333334,19221.666666666664,interpolated
2711,2025-05-20 00:00:00+00:00,110.22666666666666,110.28666666666666,110.17999999999999,110.22666666666666,9660.333333333332,interpolated
2712,2025-05-20 02:00:00+00:00,110.38,110.38,110.38,110.38,99.0,present
2713,2025-05-20 04:00:00+00:00,110.36,110.6,110.02,110.3,42693.0,present
2714,2025-05-20 06:00:00+00:00,110.3,110.48,109.26,109.42,170330.0,present
2715,2025-05-20 08:00:00+00:00,109.42,109.74,108.76,109.42,150116.0,present
2716,2025-05-20 10:00:00+00:00,109.42,109.48,108.7,109.12,92985.0,present
2717,2025-05-20 12:00:00+00:00,109.12,109.14,108.3,108.56,139065.0,present
2718,2025-05-20 12:00:00+00:00,109.12,109.14,108.3,108.56,139065.0,present
2719,2025-05-20 14:00:00+00:00,108.6,108.76,107.3,107.36,325577.0,present
2720,2025-05-20 16:00:00+00:00,107.64,107.74,107.04,107.7,93694.0,present
2721,2025-05-20 18:00:00+00:00,107.68,107.84,107.42,107.72,42660.0,present
2722,2025-05-20 20:00:00+00:00,107.74,107.98,107.58,107.82,34517.0,present
2723,2025-05-20 22:00:00+00:00,107.82,107.98,107.71333333333334,107.87333333333333,23035.333333333332,interpolated
2724,2025-05-21 00:00:00+00:00,107.9,107.98,107.84666666666666,107.92666666666666,11553.666666666664,interpolated
2725,2025-05-21 02:00:00+00:00,107.98,107.98,107.98,107.98,72.0,present
2726,2025-05-21 04:00:00+00:00,107.96,108.1,107.48,107.72,39322.0,present
2727,2025-05-21 06:00:00+00:00,107.72,107.74,106.5,106.7,269801.0,present
2728,2025-05-21 08:00:00+00:00,106.7,106.8,106.02,106.14,272381.0,present
2729,2025-05-21 10:00:00+00:00,106.12,106.44,105.66,106.3,272451.0,present
2730,2025-05-21 12:00:00+00:00,106.3,106.98,106.26,106.78,149395.0,present
2731,2025-05-21 14:00:00+00:00,106.78,106.78,105.12,105.24,318103.0,present
2732,2025-05-21 16:00:00+00:00,105.5,105.78,105.22,105.5,117628.0,present
2733,2025-05-21 18:00:00+00:00,105.46,105.64,105.02,105.52,69054.0,present
2734,2025-05-21 20:00:00+00:00,105.5,105.86,105.48,105.56,35556.0,present
2735,2025-05-21 22:00:00+00:00,105.52,105.76,105.50666666666667,105.56,23740.666666666664,interpolated
2736,2025-05-22 00:00:00+00:00,105.54,105.66,105.53333333333333,105.56,11925.333333333332,interpolated
2737,2025-05-22 02:00:00+00:00,105.56,105.56,105.56,105.56,110.0,present
2738,2025-05-22 04:00:00+00:00,105.6,106.0,104.58,104.9,171734.0,present
2739,2025-05-22 06:00:00+00:00,104.9,104.9,103.82,104.08,325350.0,present
2740,2025-05-22 08:00:00+00:00,104.06,104.66,103.54,104.56,239805.0,present
2741,2025-05-22 10:00:00+00:00,104.54,105.24,104.22,104.5,195915.0,present
2742,2025-05-22 12:00:00+00:00,104.44,105.0,103.62,104.44,305898.0,present
2743,2025-05-22 14:00:00+00:00,104.46,106.3,104.22,105.76,478231.0,present
2744,2025-05-22 16:00:00+00:00,105.7,105.7,104.2,104.7,170543.0,present
2745,2025-05-22 18:00:00+00:00,104.68,105.08,104.32,104.92,60101.0,present
2746,2025-05-22 20:00:00+00:00,104.9,105.14,104.8,105.02,21571.0,present
2747,2025-05-22 22:00:00+00:00,104.94,105.1,104.87333333333333,105.02,14405.0,interpolated
2748,2025-05-23 00:00:00+00:00,104.98,105.06,104.94666666666666,105.02,7239.0,interpolated
2749,2025-05-23 02:00:00+00:00,105.02,105.02,105.02,105.02,73.0,present
2750,2025-05-23 04:00:00+00:00,105.1,105.34,104.0,104.12,43195.0,present
2751,2025-05-23 06:00:00+00:00,104.18,104.74,104.04,104.28,92932.0,present
2752,2025-05-23 08:00:00+00:00,104.28,104.88,104.18,104.64,103170.0,present
2753,2025-05-23 10:00:00+00:00,104.66,105.04,104.26,104.34,129630.0,present
2754,2025-05-23 12:00:00+00:00,104.32,104.38,103.1,103.6,297192.0,present
2755,2025-05-23 14:00:00+00:00,103.6,104.14,103.48,103.48,123364.0,present
2756,2025-05-23 16:00:00+00:00,103.5,103.78,103.5,103.66,38198.0,present
2757,2025-05-23 18:00:00+00:00,103.7,103.92,103.62,103.88,31860.0,present
2758,2025-05-23 20:00:00+00:00,103.9,103.9,103.66,103.68,30980.0,present
2759,2025-05-23 22:00:00+00:00,103.89111111111112,103.89111111111112,103.66,103.67925925925927,29840.555555555555,interpolated
2760,2025-05-24 00:00:00+00:00,103.88222222222223,103.88222222222223,103.66,103.67851851851853,28701.11111111111,interpolated
2761,2025-05-24 02:00:00+00:00,103.87333333333333,103.87333333333333,103.66,103.67777777777778,27561.666666666668,interpolated
2762,2025-05-24 04:00:00+00:00,103.86444444444444,103.86444444444444,103.66,103.67703703703704,26422.222222222223,interpolated
2763,2025-05-24 06:00:00+00:00,103.85555555555555,103.85555555555555,103.66,103.6762962962963,25282.777777777777,interpolated
2764,2025-05-24 08:00:00+00:00,103.84666666666666,103.84666666666666,103.66,103.67555555555556,24143.333333333336,interpolated
2765,2025-05-24 10:00:00+00:00,103.83777777777779,103.83777777777779,103.66,103.67481481481482,23003.88888888889,interpolated
2766,2025-05-24 12:00:00+00:00,103.8288888888889,103.8288888888889,103.66,103.67407407407408,21864.444444444445,interpolated
2767,2025-05-24 14:00:00+00:00,103.82000000000001,103.82000000000001,103.66,103.67333333333333,20725.0,interpolated
2768,2025-05-24 16:00:00+00:00,103.81111111111112,103.81111111111112,103.66,103.6725925925926,19585.555555555555,interpolated
2769,2025-05-24 18:00:00+00:00,103.80222222222223,103.80222222222223,103.66,103.67185185185186,18446.11111111111,interpolated
2770,2025-05-24 20:00:00+00:00,103.79333333333334,103.79333333333334,103.66,103.67111111111112,17306.666666666668,interpolated
2771,2025-05-24 22:00:00+00:00,103.78444444444445,103.78444444444445,103.66,103.67037037037038,16167.222222222223,interpolated
2772,2025-05-25 00:00:00+00:00,103.77555555555556,103.77555555555556,103.66,103.66962962962963,15027.77777777778,interpolated
2773,2025-05-25 02:00:00+00:00,103.76666666666667,103.76666666666667,103.66,103.66888888888889,13888.333333333336,interpolated
2774,2025-05-25 04:00:00+00:00,103.75777777777778,103.75777777777778,103.66,103.66814814814815,12748.88888888889,interpolated
2775,2025-05-25 06:00:00+00:00,103.74888888888889,103.74888888888889,103.66,103.66740740740741,11609.444444444445,interpolated
2776,2025-05-25 08:00:00+00:00,103.74,103.74,103.66,103.66666666666667,10470.0,interpolated
2777,2025-05-25 10:00:00+00:00,103.7311111111111,103.7311111111111,103.66,103.66592592592592,9330.555555555558,interpolated
2778,2025-05-25 12:00:00+00:00,103.72222222222221,103.72222222222221,103.66,103.66518518518518,8191.111111111113,interpolated
2779,2025-05-25 14:00:00+00:00,103.71333333333334,103.71333333333334,103.66,103.66444444444444,7051.666666666668,interpolated
2780,2025-05-25 16:00:00+00:00,103.70444444444445,103.70444444444445,103.66,103.6637037037037,5912.222222222223,interpolated
2781,2025-05-25 18:00:00+00:00,103.69555555555556,103.69555555555556,103.66,103.66296296296296,4772.777777777777,interpolated
2782,2025-05-25 20:00:00+00:00,103.68666666666667,103.68666666666667,103.66,103.66222222222223,3633.3333333333358,interpolated
2783,2025-05-25 22:00:00+00:00,103.67777777777778,103.67777777777778,103.66,103.66148148148147,2493.8888888888905,interpolated
2784,2025-05-26 00:00:00+00:00,103.66888888888889,103.66888888888889,103.66,103.66074074074074,1354.4444444444453,interpolated
2785,2025-05-26 02:00:00+00:00,103.66,103.66,103.66,103.66,215.0,present
2786,2025-05-26 04:00:00+00:00,103.64,103.66,100.9,101.58,280048.0,present
2787,2025-05-26 06:00:00+00:00,101.58,101.78,100.68,101.4,276401.0,present
2788,2025-05-26 08:00:00+00:00,101.42,101.56,100.92,101.0,204884.0,present
2789,2025-05-26 10:00:00+00:00,101.02,101.16,100.5,100.68,165086.0,present
2790,2025-05-26 12:00:00+00:00,100.7,101.08,100.5,100.5,173020.0,present
2791,2025-05-26 14:00:00+00:00,100.5,100.72,99.8,99.8,294277.0,present
2792,2025-05-26 16:00:00+00:00,99.7,100.1,99.0,99.42,285071.0,present
2793,2025-05-26 18:00:00+00:00,99.42,99.98,99.36,99.68,80854.0,present
2794,2025-05-26 20:00:00+00:00,99.68,100.18,99.66,100.04,40135.0,present
2795,2025-05-26 22:00:00+00:00,99.80000000000001,100.13333333333334,99.78666666666666,100.04,27004.333333333336,interpolated
2796,2025-05-27 00:00:00+00:00,99.92,100.08666666666667,99.91333333333334,100.04,13873.666666666668,interpolated
2797,2025-05-27 02:00:00+00:00,100.04,100.04,100.04,100.04,743.0,present
2798,2025-05-27 04:00:00+00:00,100.02,100.04,98.5,99.28,205028.0,present
2799,2025-05-27 06:00:00+00:00,99.28,101.4,99.28,100.58,580580.0,present
2800,2025-05-27 08:00:00+00:00,100.6,101.24,100.38,100.98,162215.0,present
2801,2025-05-27 10:00:00+00:00,100.98,101.28,100.62,100.74,135241.0,present
2802,2025-05-27 12:00:00+00:00,100.74,101.0,99.82,100.5,144028.0,present
2803,2025-05-27 12:00:00+00:00,100.74,101.0,99.82,100.5,144028.0,present
2804,2025-05-27 14:00:00+00:00,100.54,101.9,100.5,101.5,228234.0,present
2805,2025-05-27 16:00:00+00:00,101.48,101.68,101.14,101.3,67233.0,present
2806,2025-05-27 18:00:00+00:00,101.32,101.66,101.2,101.48,33191.0,present
2807,2025-05-27 20:00:00+00:00,101.48,101.5,101.12,101.34,28651.0,present
2808,2025-05-27 22:00:00+00:00,101.53333333333333,101.54666666666667,101.29333333333334,101.44,19101.333333333332,interpolated
2809,2025-05-28 00:00:00+00:00,101.58666666666667,101.59333333333333,101.46666666666667,101.54,9551.666666666664,interpolated
2810,2025-05-28 02:00:00+00:00,101.64,101.64,101.64,101.64,2.0,present
2811,2025-05-28 04:00:00+00:00,101.64,102.3,101.34,102.06,71498.0,present
2812,2025-05-28 06:00:00+00:00,102.02,103.9,101.58,103.56,320840.0,present
2813,2025-05-28 08:00:00+00:00,103.54,104.5,103.02,104.14,335881.0,present
2814,2025-05-28 10:00:00+00:00,104.22,104.48,103.3,103.5,486003.0,present
2815,2025-05-28 12:00:00+00:00,103.48,104.8,103.3,104.54,341604.0,present
2816,2025-05-28 14:00:00+00:00,104.58,104.76,103.62,103.84,183600.0,present
2817,2025-05-28 16:00:00+00:00,104.0,105.4,104.0,105.12,234698.0,present
2818,2025-05-28 18:00:00+00:00,105.12,106.0,105.06,105.92,178142.0,present
2819,2025-05-28 20:00:00+00:00,105.92,107.58,105.82,107.2,212847.0,present
2820,2025-05-28 22:00:00+00:00,106.36666666666667,107.47333333333333,106.3,107.22,142256.6666666667,interpolated
2821,2025-05-29 00:00:00+00:00,106.81333333333333,107.36666666666667,106.78,107.24000000000001,71666.33333333334,interpolated
2822,2025-05-29 02:00:00+00:00,107.26,107.26,107.26,107.26,1076.0,present
2823,2025-05-29 04:00:00+00:00,107.26,107.38,106.4,106.6,140518.0,present
2824,2025-05-29 06:00:00+00:00,106.6,106.8,105.32,105.54,252397.0,present
2825,2025-05-29 08:00:00+00:00,105.52,107.4,105.4,106.84,267866.0,present
2826,2025-05-29 10:00:00+00:00,106.84,107.34,106.64,107.0,160326.0,present
2827,2025-05-29 12:00:00+00:00,106.98,107.2,105.6,105.9,159696.0,present
2828,2025-05-29 14:00:00+00:00,105.84,106.68,105.66,105.84,107931.0,present
2829,2025-05-29 16:00:00+00:00,105.96,105.96,104.82,105.0,138980.0,present
2830,2025-05-29 18:00:00+00:00,104.94,105.02,104.5,104.68,65204.0,present
2831,2025-05-29 20:00:00+00:00,104.68,104.9,104.6,104.84,15277.0,present
2832,2025-05-29 22:00:00+00:00,104.62,104.76666666666667,104.56666666666666,104.72666666666667,10297.333333333332,interpolated
2833,2025-05-30 00:00:00+00:00,104.56,104.63333333333334,104.53333333333333,104.61333333333333,5317.666666666666,interpolated
2834,2025-05-30 02:00:00+00:00,104.5,104.5,104.5,104.5,338.0,present
2835,2025-05-30 04:00:00+00:00,104.68,105.34,104.1,104.9,89032.0,present
2836,2025-05-30 06:00:00+00:00,104.96,105.92,104.74,105.08,202986.0,present
2837,2025-05-30 08:00:00+00:00,105.1,106.5,104.8,106.2,248994.0,present
2838,2025-05-30 10:00:00+00:00,106.22,106.96,105.76,105.78,273784.0,present
2839,2025-05-30 12:00:00+00:00,105.82,105.86,105.06,105.32,145770.0,present
2840,2025-05-30 14:00:00+00:00,105.32,105.6,104.32,105.6,153502.0,present
2841,2025-05-30 16:00:00+00:00,105.58,105.68,104.82,105.28,48902.0,present
2842,2025-05-30 18:00:00+00:00,105.3,106.74,105.18,105.98,200102.0,present
2843,2025-05-30 20:00:00+00:00,105.98,106.56,105.84,106.42,50579.0,present
2844,2025-05-30 22:00:00+00:00,106.072,106.884,105.952,106.584,52862.6,interpolated
2845,2025-05-31 00:00:00+00:00,106.164,107.208,106.06400000000001,106.748,55146.2,interpolated
2846,2025-05-31 02:00:00+00:00,106.256,107.53200000000001,106.176,106.91199999999999,57429.8,interpolated
2847,2025-05-31 04:00:00+00:00,106.348,107.85600000000001,106.28800000000001,107.076,59713.4,interpolated
2848,2025-05-31 06:00:00+00:00,106.44,108.18,106.4,107.24,61997.0,present
2849,2025-05-31 08:00:00+00:00,107.32,107.4,107.14,107.28,27118.0,present
2850,2025-05-31 10:00:00+00:00,107.26,107.28,107.06,107.18,18503.0,present
2851,2025-05-31 12:00:00+00:00,107.18,107.4,107.1,107.22,14825.0,present
2852,2025-05-31 14:00:00+00:00,107.22,107.34,107.06,107.08,15888.0,present
2853,2025-05-31 16:00:00+00:00,107.16499999999999,107.27000000000001,106.895,106.945,18970.375,interpolated
2854,2025-05-31 18:00:00+00:00,107.11,107.2,106.73,106.81,22052.75,interpolated
2855,2025-05-31 20:00:00+00:00,107.055,107.13,106.565,106.675,25135.125,interpolated
2856,2025-05-31 22:00:00+00:00,107.0,107.06,106.4,106.53999999999999,28217.5,interpolated
2857,2025-06-01 00:00:00+00:00,106.945,106.99000000000001,106.235,106.405,31299.875,interpolated
2858,2025-06-01 02:00:00+00:00,106.89,106.92,106.07,106.27,34382.25,interpolated
2859,2025-06-01 04:00:00+00:00,106.83500000000001,106.85,105.905,106.135,37464.625,interpolated
2860,2025-06-01 06:00:00+00:00,106.78,106.78,105.74,106.0,40547.0,present
2861,2025-06-01 08:00:00+00:00,105.94,105.94,105.0,105.5,61424.0,present
2862,2025-06-01 10:00:00+00:00,105.5,105.6,103.24,103.64,141966.0,present
2863,2025-06-01 12:00:00+00:00,103.6,103.98,103.24,103.48,134479.0,present
2864,2025-06-01 14:00:00+00:00,103.48,103.54,103.24,103.24,45641.0,present
2865,2025-06-01 16:00:00+00:00,103.45,103.5,103.25,103.25,38159.166666666664,interpolated
2866,2025-06-01 18:00:00+00:00,103.42,103.46000000000001,103.25999999999999,103.25999999999999,30677.333333333336,interpolated
2867,2025-06-01 20:00:00+00:00,103.39,103.42,103.27,103.27,23195.5,interpolated
2868,2025-06-01 22:00:00+00:00,103.36,103.38,103.28,103.28,15713.666666666668,interpolated
2869,2025-06-02 00:00:00+00:00,103.33,103.34,103.28999999999999,103.28999999999999,8231.833333333336,interpolated
2870,2025-06-02 02:00:00+00:00,103.3,103.3,103.3,103.3,750.0,present
2871,2025-06-02 04:00:00+00:00,103.5,104.14,103.02,103.76,109459.0,present
2872,2025-06-02 06:00:00+00:00,103.8,104.9,103.7,104.48,146326.0,present
2873,2025-06-02 08:00:00+00:00,104.5,104.84,104.36,104.56,81628.0,present
2874,2025-06-02 10:00:00+00:00,104.56,104.64,103.8,104.22,121382.0,present
2875,2025-06-02 12:00:00+00:00,104.22,104.7,103.06,103.96,260598.0,present
2876,2025-06-02 14:00:00+00:00,103.96,106.42,103.56,106.38,396270.0,present
2877,2025-06-02 16:00:00+00:00,106.36,106.46,105.44,105.8,146516.0,present
2878,2025-06-02 18:00:00+00:00,105.82,106.1,105.68,105.78,26368.0,present
2879,2025-06-02 20:00:00+00:00,105.78,106.0,105.66,105.68,13833.0,present
2880,2025-06-02 22:00:00+00:00,105.74666666666667,105.89333333333333,105.66666666666667,105.68,9371.0,interpolated
2881,2025-06-03 00:00:00+00:00,105.71333333333334,105.78666666666668,105.67333333333333,105.68,4909.0,interpolated
2882,2025-06-03 02:00:00+00:00,105.68,105.68,105.68,105.68,447.0,present
2883,2025-06-03 04:00:00+00:00,105.68,106.64,105.68,106.06,80370.0,present
2884,2025-06-03 06:00:00+00:00,106.0,106.5,105.7,106.26,122383.0,present
2885,2025-06-03 08:00:00+00:00,106.26,106.7,105.94,106.4,178850.0,present
2886,2025-06-03 10:00:00+00:00,106.42,108.48,106.12,108.34,335626.0,present
2887,2025-06-03 12:00:00+00:00,108.4,108.44,107.44,108.24,317234.0,present
2888,2025-06-03 12:00:00+00:00,108.4,108.44,107.44,108.24,317234.0,present
2889,2025-06-03 14:00:00+00:00,108.26,109.98,108.02,109.46,496696.0,present
2890,2025-06-03 16:00:00+00:00,109.44,109.68,108.9,109.2,97950.0,present
2891,2025-06-03 18:00:00+00:00,109.18,109.6,109.16,109.32,53389.0,present
2892,2025-06-03 20:00:00+00:00,109.3,110.42,109.3,110.4,98605.0,present
2893,2025-06-03 22:00:00+00:00,109.66666666666667,110.41333333333334,109.66666666666667,110.4,66143.0,interpolated
2894,2025-06-04 00:00:00+00:00,110.03333333333333,110.40666666666667,110.03333333333333,110.4,33681.0,interpolated
2895,2025-06-04 02:00:00+00:00,110.4,110.4,110.4,110.4,1219.0,present
2896,2025-06-04 04:00:00+00:00,110.44,111.04,109.58,111.04,192745.0,present
2897,2025-06-04 06:00:00+00:00,111.02,111.74,110.42,111.12,283809.0,present
2898,2025-06-04 08:00:00+00:00,111.1,111.36,110.3,110.98,165840.0,present
2899,2025-06-04 10:00:00+00:00,110.98,112.42,110.96,112.36,466130.0,present
2900,2025-06-04 12:00:00+00:00,112.3,113.12,111.48,112.92,626844.0,present
2901,2025-06-04 14:00:00+00:00,112.94,113.36,111.0,111.44,834703.0,present
2902,2025-06-04 16:00:00+00:00,111.7,112.42,111.24,112.4,201813.0,present
2903,2025-06-04 18:00:00+00:00,112.38,112.5,111.02,111.14,106515.0,present
2904,2025-06-04 20:00:00+00:00,111.12,111.56,111.1,111.38,37213.0,present
2905,2025-06-04 22:00:00+00:00,111.20666666666666,111.5,111.19333333333333,111.38,24991.333333333332,interpolated
2906,2025-06-05 00:00:00+00:00,111.29333333333334,111.44,111.28666666666666,111.38,12769.666666666664,interpolated
2907,2025-06-05 02:00:00+00:00,111.38,111.38,111.38,111.38,548.0,present
2908,2025-06-05 04:00:00+00:00,111.36,112.22,111.36,111.76,59760.0,present
2909,2025-06-05 06:00:00+00:00,111.74,112.4,111.38,111.88,108815.0,present
2910,2025-06-05 08:00:00+00:00,111.88,111.98,110.24,110.32,370842.0,present
2911,2025-06-05 10:00:00+00:00,110.38,110.64,109.72,110.24,255282.0,present
2912,2025-06-05 12:00:00+00:00,110.24,110.38,109.52,110.04,184522.0,present
2913,2025-06-05 14:00:00+00:00,110.02,110.42,109.72,110.28,176263.0,present
2914,2025-06-05 16:00:00+00:00,110.2,110.2,109.1,109.22,168347.0,present
2915,2025-06-05 18:00:00+00:00,109.24,109.68,109.02,109.5,71603.0,present
2916,2025-06-05 20:00:00+00:00,109.48,109.9,109.48,109.82,37291.0,present
2917,2025-06-05 22:00:00+00:00,109.48666666666666,109.76666666666667,109.48666666666666,109.71333333333332,25860.666666666664,interpolated
2918,2025-06-06 00:00:00+00:00,109.49333333333334,109.63333333333334,109.49333333333334,109.60666666666667,14430.333333333332,interpolated
2919,2025-06-06 02:00:00+00:00,109.5,109.5,109.5,109.5,3000.0,present
2920,2025-06-06 04:00:00+00:00,109.6,110.28,109.54,109.7,73431.0,present
2921,2025-06-06 06:00:00+00:00,109.74,111.34,109.62,111.08,213937.0,present
2922,2025-06-06 08:00:00+00:00,111.08,111.4,110.22,110.46,193007.0,present
2923,2025-06-06 10:00:00+00:00,110.46,112.86,109.8,110.0,791864.0,present
2924,2025-06-06 12:00:00+00:00,110.0,110.08,108.42,109.44,532293.0,present
2925,2025-06-06 14:00:00+00:00,109.44,109.62,108.2,108.32,384285.0,present
2926,2025-06-06 16:00:00+00:00,108.38,108.68,108.2,108.36,152847.0,present
2927,2025-06-06 18:00:00+00:00,108.3,108.4,108.2,108.3,97872.0,present
2928,2025-06-06 20:00:00+00:00,108.22,108.32,108.2,108.2,71633.0,present
2929,2025-06-06 22:00:00+00:00,108.216,108.39999999999999,108.2,108.304,61390.8,interpolated
2930,2025-06-07 00:00:00+00:00,108.212,108.47999999999999,108.2,108.408,51148.600000000006,interpolated
2931,2025-06-07 02:00:00+00:00,108.208,108.56,108.2,108.512,40906.4,interpolated
2932,2025-06-07 04:00:00+00:00,108.20400000000001,108.64,108.2,108.616,30664.200000000004,interpolated
2933,2025-06-07 06:00:00+00:00,108.2,108.72,108.2,108.72,20422.0,present
2934,2025-06-07 08:00:00+00:00,108.66,108.72,108.46,108.54,8084.0,present
2935,2025-06-07 10:00:00+00:00,108.54,108.66,108.48,108.56,5519.0,present
2936,2025-06-07 12:00:00+00:00,108.56,108.6,108.44,108.44,8822.0,present
2937,2025-06-07 14:00:00+00:00,108.44,108.5,108.3,108.48,10398.0,present
2938,2025-06-07 16:00:00+00:00,108.445,108.52250000000001,108.27,108.44500000000001,11138.75,interpolated
2939,2025-06-07 18:00:00+00:00,108.45,108.545,108.24,108.41,11879.5,interpolated
2940,2025-06-07 20:00:00+00:00,108.455,108.5675,108.21,108.375,12620.25,interpolated
2941,2025-06-07 22:00:00+00:00,108.46000000000001,108.59,108.18,108.34,13361.0,interpolated
2942,2025-06-08 00:00:00+00:00,108.465,108.61250000000001,108.15,108.305,14101.75,interpolated
2943,2025-06-08 02:00:00+00:00,108.47,108.635,108.12,108.27000000000001,14842.5,interpolated
2944,2025-06-08 04:00:00+00:00,108.47500000000001,108.6575,108.09,108.235,15583.25,interpolated
2945,2025-06-08 06:00:00+00:00,108.48,108.68,108.06,108.2,16324.0,present
2946,2025-06-08 08:00:00+00:00,108.24,108.24,107.9,108.04,14953.0,present
2947,2025-06-08 10:00:00+00:00,108.06,108.06,107.78,107.8,21734.0,present
2948,2025-06-08 12:00:00+00:00,107.8,107.8,107.1,107.38,32549.0,present
2949,2025-06-08 14:00:00+00:00,107.38,107.88,107.24,107.68,18511.0,present
2950,2025-06-08 16:00:00+00:00,107.44999999999999,107.86666666666666,107.33333333333333,107.7,15451.833333333332,interpolated
2951,2025-06-08 18:00:00+00:00,107.52,107.85333333333332,107.42666666666666,107.72,12392.666666666666,interpolated
2952,2025-06-08 20:00:00+00:00,107.59,107.84,107.52,107.74000000000001,9333.5,interpolated
2953,2025-06-08 22:00:00+00:00,107.66,107.82666666666667,107.61333333333333,107.76,6274.333333333332,interpolated
2954,2025-06-09 00:00:00+00:00,107.72999999999999,107.81333333333333,107.70666666666666,107.78,3215.166666666666,interpolated
2955,2025-06-09 02:00:00+00:00,107.8,107.8,107.8,107.8,156.0,present
2956,2025-06-09 04:00:00+00:00,107.8,108.0,106.66,107.2,98162.0,present
2957,2025-06-09 06:00:00+00:00,107.22,109.12,106.6,108.56,614621.0,present
2958,2025-06-09 08:00:00+00:00,108.52,109.84,108.3,109.18,692241.0,present
2959,2025-06-09 10:00:00+00:00,109.2,109.44,108.38,108.62,328789.0,present
2960,2025-06-09 12:00:00+00:00,108.64,109.68,108.06,108.84,506042.0,present
2961,2025-06-09 14:00:00+00:00,108.84,109.48,108.3,108.88,389304.0,present
2962,2025-06-09 16:00:00+00:00,109.0,110.74,108.9,110.42,336727.0,present
2963,2025-06-09 18:00:00+00:00,110.4,111.2,109.84,110.78,220515.0,present
2964,2025-06-09 20:00:00+00:00,110.72,110.98,110.48,110.7,49374.0,present
2965,2025-06-09 22:00:00+00:00,110.81333333333333,110.98666666666666,110.65333333333334,110.8,33335.66666666667,interpolated
2966,2025-06-10 00:00:00+00:00,110.90666666666667,110.99333333333334,110.82666666666667,110.9,17297.333333333336,interpolated
2967,2025-06-10 02:00:00+00:00,111.0,111.0,111.0,111.0,1259.0,present
2968,2025-06-10 04:00:00+00:00,111.0,111.92,110.88,111.7,220161.0,present
2969,2025-06-10 06:00:00+00:00,111.7,111.82,109.24,109.46,594017.0,present
2970,2025-06-10 08:00:00+00:00,109.46,109.52,107.72,108.04,554045.0,present
2971,2025-06-10 10:00:00+00:00,108.08,108.3,107.16,108.0,579867.0,present
2972,2025-06-10 12:00:00+00:00,107.94,108.2,105.62,106.14,1007389.0,present
2973,2025-06-10 12:00:00+00:00,107.94,108.2,105.62,106.14,1007389.0,present
2974,2025-06-10 14:00:00+00:00,106.16,107.28,106.14,107.08,347152.0,present
2975,2025-06-10 16:00:00+00:00,107.18,107.26,105.7,106.1,267485.0,present
2976,2025-06-10 18:00:00+00:00,106.1,106.76,105.86,106.4,128772.0,present
2977,2025-06-10 20:00:00+00:00,106.38,106.6,106.14,106.24,36869.0,present
2978,2025-06-10 22:00:00+00:00,106.38,106.52666666666666,106.22,106.28666666666666,24701.0,interpolated
2979,2025-06-11 00:00:00+00:00,106.38,106.45333333333333,106.3,106.33333333333333,12533.0,interpolated
2980,2025-06-11 02:00:00+00:00,106.38,106.38,106.38,106.38,365.0,present
2981,2025-06-11 04:00:00+00:00,106.36,106.76,104.56,105.34,298072.0,present
2982,2025-06-11 06:00:00+00:00,105.34,107.64,105.12,106.92,727965.0,present
2983,2025-06-11 08:00:00+00:00,106.9,107.2,106.56,107.18,227276.0,present
2984,2025-06-11 10:00:00+00:00,107.18,107.84,107.12,107.84,294565.0,present
2985,2025-06-11 12:00:00+00:00,107.8,108.46,107.46,107.82,325048.0,present
2986,2025-06-11 14:00:00+00:00,107.82,107.82,107.02,107.6,240748.0,present
2987,2025-06-11 16:00:00+00:00,107.5,107.6,106.72,106.82,106294.0,present
2988,2025-06-11 18:00:00+00:00,106.82,107.14,106.76,106.92,45918.0,present
2989,2025-06-11 20:00:00+00:00,106.92,107.14,106.8,106.8,47353.0,present
2990,2025-06-11 22:00:00+00:00,106.928,107.13333333333334,106.816,106.816,44597.333333333336,interpolated
2991,2025-06-12 00:00:00+00:00,106.936,107.12666666666667,106.832,106.832,41841.666666666664,interpolated
2992,2025-06-12 02:00:00+00:00,106.944,107.12,106.848,106.848,39086.0,interpolated
2993,2025-06-12 04:00:00+00:00,106.952,107.11333333333333,106.864,106.864,36330.333333333336,interpolated
2994,2025-06-12 06:00:00+00:00,106.96000000000001,107.10666666666667,106.88,106.88,33574.66666666667,interpolated
2995,2025-06-12 08:00:00+00:00,106.968,107.10000000000001,106.896,106.896,30819.0,interpolated
2996,2025-06-12 10:00:00+00:00,106.976,107.09333333333333,106.912,106.912,28063.333333333336,interpolated
2997,2025-06-12 12:00:00+00:00,106.98400000000001,107.08666666666667,106.928,106.928,25307.666666666668,interpolated
2998,2025-06-12 14:00:00+00:00,106.992,107.08,106.944,106.944,22552.0,interpolated
2999,2025-06-12 16:00:00+00:00,107.0,107.07333333333334,106.96000000000001,106.96000000000001,19796.333333333336,interpolated
3000,2025-06-12 18:00:00+00:00,107.00800000000001,107.06666666666668,106.976,106.976,17040.666666666668,interpolated
3001,2025-06-12 20:00:00+00:00,107.016,107.06,106.992,106.992,14285.0,interpolated
3002,2025-06-12 22:00:00+00:00,107.024,107.05333333333334,107.00800000000001,107.00800000000001,11529.333333333336,interpolated
3003,2025-06-13 00:00:00+00:00,107.03200000000001,107.04666666666667,107.024,107.024,8773.666666666672,interpolated
3004,2025-06-13 02:00:00+00:00,107.04,107.04,107.04,107.04,6018.0,present
3005,2025-06-13 04:00:00+00:00,107.08,108.14,107.02,107.78,79171.0,present
3006,2025-06-13 06:00:00+00:00,107.78,107.8,106.24,106.82,123777.0,present
3007,2025-06-13 08:00:00+00:00,106.9,107.58,106.42,107.44,86818.0,present
3008,2025-06-13 10:00:00+00:00,107.44,107.48,106.56,107.0,69899.0,present
3009,2025-06-13 12:00:00+00:00,107.02,107.22,106.6,106.72,43839.0,present
3010,2025-06-13 14:00:00+00:00,106.78,106.88,105.6,105.9,82197.0,present
3011,2025-06-13 16:00:00+00:00,105.9,106.18,105.52,106.16,57298.0,present
3012,2025-06-13 18:00:00+00:00,106.16,106.16,104.86,104.96,174488.0,present
3013,2025-06-13 20:00:00+00:00,104.94,105.54,104.82,105.5,47837.0,present
3014,2025-06-13 22:00:00+00:00,105.056,105.608,104.95599999999999,105.552,43207.6,interpolated
3015,2025-06-14 00:00:00+00:00,105.172,105.676,105.092,105.604,38578.2,interpolated
3016,2025-06-14 02:00:00+00:00,105.288,105.744,105.228,105.656,33948.8,interpolated
3017,2025-06-14 04:00:00+00:00,105.404,105.812,105.364,105.708,29319.4,interpolated
3018,2025-06-14 06:00:00+00:00,105.52,105.88,105.5,105.76,24690.0,present
3019,2025-06-14 08:00:00+00:00,105.78,106.1,105.58,105.94,34330.0,present
3020,2025-06-14 10:00:00+00:00,106.0,106.06,105.8,105.88,20173.0,present
3021,2025-06-14 12:00:00+00:00,105.88,106.16,105.8,106.12,26215.0,present
3022,2025-06-14 14:00:00+00:00,106.1,106.3,106.0,106.16,18619.0,present
3023,2025-06-14 16:00:00+00:00,106.1275,106.345,105.9275,106.10499999999999,20868.5,interpolated
3024,2025-06-14 18:00:00+00:00,106.155,106.39,105.855,106.05,23118.0,interpolated
3025,2025-06-14 20:00:00+00:00,106.18249999999999,106.435,105.7825,105.995,25367.5,interpolated
3026,2025-06-14 22:00:00+00:00,106.21,106.47999999999999,105.71000000000001,105.94,27617.0,interpolated
3027,2025-06-15 00:00:00+00:00,106.2375,106.52499999999999,105.6375,105.88499999999999,29866.5,interpolated
3028,2025-06-15 02:00:00+00:00,106.26499999999999,106.57,105.565,105.83,32116.0,interpolated
3029,2025-06-15 04:00:00+00:00,106.29249999999999,106.615,105.4925,105.775,34365.5,interpolated
3030,2025-06-15 06:00:00+00:00,106.32,106.66,105.42,105.72,36615.0,present
3031,2025-06-15 08:00:00+00:00,105.72,105.88,105.7,105.86,12988.0,present
3032,2025-06-15 10:00:00+00:00,105.88,106.3,105.78,106.08,21773.0,present
3033,2025-06-15 12:00:00+00:00,106.08,106.18,105.9,106.14,8355.0,present
3034,2025-06-15 14:00:00+00:00,106.1,106.18,105.84,106.18,24040.0,present
3035,2025-06-15 16:00:00+00:00,106.11333333333333,106.18,105.89666666666668,106.18,20153.0,interpolated
3036,2025-06-15 18:00:00+00:00,106.12666666666667,106.18,105.95333333333333,106.18,16266.0,interpolated
3037,2025-06-15 20:00:00+00:00,106.14,106.18,106.01,106.18,12379.0,interpolated
3038,2025-06-15 22:00:00+00:00,106.15333333333334,106.18,106.06666666666668,106.18,8492.0,interpolated
3039,2025-06-16 00:00:00+00:00,106.16666666666667,106.18,106.12333333333333,106.18,4605.0,interpolated
3040,2025-06-16 02:00:00+00:00,106.18,106.18,106.18,106.18,718.0,present
3041,2025-06-16 04:00:00+00:00,106.0,106.22,105.58,106.06,49351.0,present
3042,2025-06-16 06:00:00+00:00,106.0,106.0,105.0,105.3,184688.0,present
3043,2025-06-16 08:00:00+00:00,105.3,105.88,105.06,105.84,191623.0,present
3044,2025-06-16 10:00:00+00:00,105.86,105.94,105.26,105.62,139998.0,present
3045,2025-06-16 12:00:00+00:00,105.62,105.78,104.74,104.86,262741.0,present
3046,2025-06-16 14:00:00+00:00,104.84,105.2,104.7,104.82,97506.0,present
3047,2025-06-16 16:00:00+00:00,104.82,104.96,104.12,104.5,141108.0,present
3048,2025-06-16 18:00:00+00:00,104.5,104.54,104.1,104.26,35314.0,present
3049,2025-06-16 20:00:00+00:00,104.26,104.46,104.2,104.42,9083.0,present
3050,2025-06-16 22:00:00+00:00,104.37333333333333,104.50666666666666,104.33333333333333,104.48,6160.666666666666,interpolated
3051,2025-06-17 00:00:00+00:00,104.48666666666666,104.55333333333333,104.46666666666667,104.53999999999999,3238.333333333333,interpolated
3052,2025-06-17 02:00:00+00:00,104.6,104.6,104.6,104.6,316.0,present
3053,2025-06-17 04:00:00+00:00,104.58,104.8,104.06,104.5,26416.0,present
3054,2025-06-17 06:00:00+00:00,104.48,105.44,103.66,105.2,217106.0,present
3055,2025-06-17 08:00:00+00:00,105.24,106.28,104.94,106.0,281932.0,present
3056,2025-06-17 10:00:00+00:00,106.0,106.28,105.72,105.86,160040.0,present
3057,2025-06-17 12:00:00+00:00,105.86,107.58,105.8,107.4,425403.0,present
3058,2025-06-17 12:00:00+00:00,105.86,107.58,105.8,107.4,425403.0,present
3059,2025-06-17 14:00:00+00:00,107.4,107.98,107.3,107.5,288874.0,present
3060,2025-06-17 16:00:00+00:00,107.5,107.82,107.24,107.48,113839.0,present
3061,2025-06-17 18:00:00+00:00,107.46,107.68,106.8,107.12,99232.0,present
3062,2025-06-17 20:00:00+00:00,107.1,107.56,107.04,107.52,25819.0,present
3063,2025-06-17 22:00:00+00:00,107.24,107.54666666666667,107.2,107.52,17229.0,interpolated
3064,2025-06-18 00:00:00+00:00,107.38,107.53333333333333,107.36,107.52,8639.0,interpolated
3065,2025-06-18 02:00:00+00:00,107.52,107.52,107.52,107.52,49.0,present
3066,2025-06-18 04:00:00+00:00,107.56,107.88,107.08,107.38,52629.0,present
3067,2025-06-18 06:00:00+00:00,107.34,107.86,106.68,107.1,123912.0,present
3068,2025-06-18 08:00:00+00:00,107.08,108.6,106.26,108.46,396694.0,present
3069,2025-06-18 10:00:00+00:00,108.44,108.56,107.7,107.94,197771.0,present
3070,2025-06-18 12:00:00+00:00,107.94,108.54,107.58,108.12,201869.0,present
3071,2025-06-18 14:00:00+00:00,108.16,108.3,107.52,108.0,119845.0,present
3072,2025-06-18 16:00:00+00:00,108.0,108.04,107.04,107.22,90017.0,present
3073,2025-06-18 18:00:00+00:00,107.22,107.36,106.88,107.04,46401.0,present
3074,2025-06-18 20:00:00+00:00,107.0,107.4,107.0,107.28,13847.0,present
3075,2025-06-18 22:00:00+00:00,107.12666666666667,107.39333333333333,107.12666666666667,107.31333333333333,9265.666666666668,interpolated
3076,2025-06-19 00:00:00+00:00,107.25333333333333,107.38666666666667,107.25333333333333,107.34666666666666,4684.333333333334,interpolated
3077,2025-06-19 02:00:00+00:00,107.38,107.38,107.38,107.38,103.0,present
3078,2025-06-19 04:00:00+00:00,107.42,108.28,107.2,107.9,52729.0,present
3079,2025-06-19 06:00:00+00:00,107.9,108.36,107.32,107.98,104116.0,present
3080,2025-06-19 08:00:00+00:00,107.98,108.16,106.72,107.12,192407.0,present
3081,2025-06-19 10:00:00+00:00,107.12,107.24,105.0,106.12,403126.0,present
3082,2025-06-19 12:00:00+00:00,106.08,106.44,105.4,106.38,479468.0,present
3083,2025-06-19 14:00:00+00:00,106.38,107.26,106.18,107.26,269313.0,present
3084,2025-06-19 16:00:00+00:00,107.2,107.24,106.66,106.7,43649.0,present
3085,2025-06-19 18:00:00+00:00,106.7,106.96,106.6,106.76,28708.0,present
3086,2025-06-19 20:00:00+00:00,106.76,106.9,106.7,106.72,12666.0,present
3087,2025-06-19 22:00:00+00:00,106.83333333333334,106.92666666666668,106.79333333333334,106.80666666666667,8528.666666666668,interpolated
3088,2025-06-20 00:00:00+00:00,106.90666666666667,106.95333333333333,106.88666666666667,106.89333333333333,4391.333333333334,interpolated
3089,2025-06-20 02:00:00+00:00,106.98,106.98,106.98,106.98,254.0,present
3090,2025-06-20 04:00:00+00:00,106.9,107.2,106.38,106.78,29610.0,present
3091,2025-06-20 06:00:00+00:00,106.74,107.06,106.22,106.7,97322.0,present
3092,2025-06-20 08:00:00+00:00,106.68,107.2,106.34,106.74,111460.0,present
3093,2025-06-20 10:00:00+00:00,106.74,106.76,105.7,105.92,152434.0,present
3094,2025-06-20 12:00:00+00:00,105.92,106.26,105.16,105.26,155627.0,present
3095,2025-06-20 14:00:00+00:00,105.26,105.26,104.54,104.94,205422.0,present
3096,2025-06-20 16:00:00+00:00,104.94,105.0,104.56,104.64,57414.0,present
3097,2025-06-20 18:00:00+00:00,104.64,105.0,104.6,104.76,58602.0,present
3098,2025-06-20 20:00:00+00:00,104.76,104.88,104.48,104.5,38690.0,present
3099,2025-06-20 22:00:00+00:00,104.75777777777779,104.87333333333333,104.48814814814816,104.50740740740741,37273.51851851852,interpolated
3100,2025-06-21 00:00:00+00:00,104.75555555555556,104.86666666666666,104.4962962962963,104.51481481481481,35857.03703703704,interpolated
3101,2025-06-21 02:00:00+00:00,104.75333333333334,104.86,104.50444444444445,104.52222222222223,34440.555555555555,interpolated
3102,2025-06-21 04:00:00+00:00,104.75111111111111,104.85333333333332,104.5125925925926,104.52962962962962,33024.07407407407,interpolated
3103,2025-06-21 06:00:00+00:00,104.7488888888889,104.84666666666666,104.52074074074075,104.53703703703704,31607.59259259259,interpolated
3104,2025-06-21 08:00:00+00:00,104.74666666666667,104.84,104.52888888888889,104.54444444444445,30191.11111111111,interpolated
3105,2025-06-21 10:00:00+00:00,104.74444444444445,104.83333333333333,104.53703703703704,104.55185185185185,28774.629629629628,interpolated
3106,2025-06-21 12:00:00+00:00,104.74222222222222,104.82666666666667,104.54518518518519,104.55925925925926,27358.148148148146,interpolated
3107,2025-06-21 14:00:00+00:00,104.74000000000001,104.82,104.55333333333334,104.56666666666666,25941.666666666664,interpolated
3108,2025-06-21 16:00:00+00:00,104.73777777777778,104.81333333333333,104.56148148148148,104.57407407407408,24525.185185185186,interpolated
3109,2025-06-21 18:00:00+00:00,104.73555555555556,104.80666666666667,104.56962962962963,104.58148148148149,23108.703703703704,interpolated
3110,2025-06-21 20:00:00+00:00,104.73333333333333,104.8,104.57777777777778,104.58888888888889,21692.222222222223,interpolated
3111,2025-06-21 22:00:00+00:00,104.73111111111112,104.79333333333334,104.58592592592593,104.5962962962963,20275.74074074074,interpolated
3112,2025-06-22 00:00:00+00:00,104.72888888888889,104.78666666666666,104.59407407407407,104.6037037037037,18859.25925925926,interpolated
3113,2025-06-22 02:00:00+00:00,104.72666666666667,104.78,104.60222222222222,104.61111111111111,17442.777777777777,interpolated
3114,2025-06-22 04:00:00+00:00,104.72444444444444,104.77333333333333,104.61037037037038,104.61851851851851,16026.296296296296,interpolated
3115,2025-06-22 06:00:00+00:00,104.72222222222223,104.76666666666667,104.61851851851853,104.62592592592593,14609.814814814814,interpolated
3116,2025-06-22 08:00:00+00:00,104.72,104.76,104.62666666666667,104.63333333333334,13193.333333333332,interpolated
3117,2025-06-22 10:00:00+00:00,104.71777777777778,104.75333333333333,104.63481481481482,104.64074074074074,11776.851851851854,interpolated
3118,2025-06-22 12:00:00+00:00,104.71555555555555,104.74666666666667,104.64296296296297,104.64814814814815,10360.370370370372,interpolated
3119,2025-06-22 14:00:00+00:00,104.71333333333334,104.74,104.65111111111112,104.65555555555555,8943.88888888889,interpolated
3120,2025-06-22 16:00:00+00:00,104.71111111111111,104.73333333333333,104.65925925925926,104.66296296296296,7527.407407407409,interpolated
3121,2025-06-22 18:00:00+00:00,104.7088888888889,104.72666666666667,104.66740740740741,104.67037037037038,6110.925925925927,interpolated
3122,2025-06-22 20:00:00+00:00,104.70666666666666,104.72,104.67555555555556,104.67777777777778,4694.444444444445,interpolated
3123,2025-06-22 22:00:00+00:00,104.70444444444445,104.71333333333334,104.68370370370371,104.68518518518519,3277.9629629629635,interpolated
3124,2025-06-23 00:00:00+00:00,104.70222222222222,104.70666666666666,104.69185185185185,104.69259259259259,1861.4814814814818,interpolated
3125,2025-06-23 02:00:00+00:00,104.7,104.7,104.7,104.7,445.0,present
3126,2025-06-23 04:00:00+00:00,104.78,104.9,103.7,103.98,144191.0,present
3127,2025-06-23 06:00:00+00:00,104.0,104.14,102.7,103.44,314832.0,present
3128,2025-06-23 08:00:00+00:00,103.42,103.72,103.0,103.54,165665.0,present
3129,2025-06-23 10:00:00+00:00,103.54,103.72,103.06,103.36,107575.0,present
3130,2025-06-23 12:00:00+00:00,103.36,105.3,103.3,104.6,267739.0,present
3131,2025-06-23 14:00:00+00:00,104.6,105.22,104.4,104.9,156397.0,present
3132,2025-06-23 16:00:00+00:00,105.14,105.16,103.82,104.08,128487.0,present
3133,2025-06-23 18:00:00+00:00,104.1,104.1,103.3,103.9,106855.0,present
3134,2025-06-23 20:00:00+00:00,103.88,104.0,103.48,103.9,38686.0,present
3135,2025-06-23 22:00:00+00:00,103.90666666666667,103.98666666666666,103.64,103.92,25890.666666666664,interpolated
3136,2025-06-24 00:00:00+00:00,103.93333333333332,103.97333333333333,103.8,103.94,13095.333333333332,interpolated
3137,2025-06-24 02:00:00+00:00,103.96,103.96,103.96,103.96,300.0,present
3138,2025-06-24 04:00:00+00:00,103.92,104.94,103.58,104.3,142360.0,present
3139,2025-06-24 06:00:00+00:00,104.32,104.58,103.6,103.74,152259.0,present
3140,2025-06-24 08:00:00+00:00,103.74,104.38,103.22,104.24,258677.0,present
3141,2025-06-24 10:00:00+00:00,104.18,104.26,103.52,103.66,180661.0,present
3142,2025-06-24 12:00:00+00:00,103.7,104.9,103.58,104.68,189739.0,present
3143,2025-06-24 12:00:00+00:00,103.7,104.9,103.58,104.68,189739.0,present
3144,2025-06-24 14:00:00+00:00,104.68,105.26,104.5,104.66,201046.0,present
3145,2025-06-24 16:00:00+00:00,104.68,104.8,104.26,104.52,46546.0,present
3146,2025-06-24 18:00:00+00:00,104.54,105.12,104.5,104.88,86763.0,present
3147,2025-06-24 20:00:00+00:00,104.88,105.16,104.72,104.98,30828.0,present
3148,2025-06-24 22:00:00+00:00,104.98666666666666,105.17333333333333,104.88,105.05333333333334,20643.666666666664,interpolated
3149,2025-06-25 00:00:00+00:00,105.09333333333333,105.18666666666667,105.04,105.12666666666667,10459.333333333332,interpolated
3150,2025-06-25 02:00:00+00:00,105.2,105.2,105.2,105.2,275.0,present
3151,2025-06-25 04:00:00+00:00,105.1,105.74,105.06,105.22,82882.0,present
3152,2025-06-25 06:00:00+00:00,105.22,106.58,105.02,106.28,206082.0,present
3153,2025-06-25 08:00:00+00:00,106.28,106.34,105.7,106.3,193438.0,present
3154,2025-06-25 10:00:00+00:00,106.28,107.08,106.16,106.72,285449.0,present
3155,2025-06-25 12:00:00+00:00,106.74,106.96,106.12,106.16,222292.0,present
3156,2025-06-25 14:00:00+00:00,106.2,107.26,105.9,107.18,355010.0,present
3157,2025-06-25 16:00:00+00:00,107.18,107.5,106.86,107.04,82274.0,present
3158,2025-06-25 18:00:00+00:00,106.98,107.22,106.86,107.16,46028.0,present
3159,2025-06-25 20:00:00+00:00,107.2,107.24,107.04,107.18,22558.0,present
3160,2025-06-25 22:00:00+00:00,107.34,107.36666666666666,107.23333333333333,107.32666666666667,16760.0,interpolated
3161,2025-06-26 00:00:00+00:00,107.48,107.49333333333334,107.42666666666668,107.47333333333334,10962.0,interpolated
3162,2025-06-26 02:00:00+00:00,107.62,107.62,107.62,107.62,5164.0,present
3163,2025-06-26 04:00:00+00:00,107.5,109.44,107.3,109.12,332621.0,present
3164,2025-06-26 06:00:00+00:00,109.12,109.46,108.04,108.46,483858.0,present
3165,2025-06-26 08:00:00+00:00,108.5,109.8,108.14,109.62,420845.0,present
3166,2025-06-26 10:00:00+00:00,109.64,109.86,108.7,109.36,379700.0,present
3167,2025-06-26 12:00:00+00:00,109.38,109.7,108.9,109.68,287196.0,present
3168,2025-06-26 14:00:00+00:00,109.68,110.5,109.62,110.32,570669.0,present
3169,2025-06-26 16:00:00+00:00,110.24,110.36,109.54,109.96,202505.0,present
3170,2025-06-26 18:00:00+00:00,109.84,110.68,109.78,110.52,250166.0,present
3171,2025-06-26 20:00:00+00:00,110.5,110.52,110.1,110.4,59059.0,present
3172,2025-06-26 22:00:00+00:00,110.5,110.51333333333334,110.23333333333333,110.43333333333334,39543.33333333333,interpolated
3173,2025-06-27 00:00:00+00:00,110.5,110.50666666666666,110.36666666666666,110.46666666666667,20027.666666666664,interpolated
3174,2025-06-27 02:00:00+00:00,110.5,110.5,110.5,110.5,512.0,present
3175,2025-06-27 04:00:00+00:00,110.56,110.7,109.64,110.04,149472.0,present
3176,2025-06-27 06:00:00+00:00,110.04,110.64,109.56,110.44,378734.0,present
3177,2025-06-27 08:00:00+00:00,110.42,111.14,110.26,110.84,583650.0,present
3178,2025-06-27 10:00:00+00:00,110.8,111.04,109.56,110.16,552911.0,present
3179,2025-06-27 12:00:00+00:00,110.14,111.46,109.8,111.4,494698.0,present
3180,2025-06-27 14:00:00+00:00,111.42,111.58,110.72,110.72,571158.0,present
3181,2025-06-27 16:00:00+00:00,110.72,111.5,110.58,111.18,155846.0,present
3182,2025-06-27 18:00:00+00:00,111.18,111.42,111.02,111.42,54513.0,present
3183,2025-06-27 20:00:00+00:00,111.4,111.58,111.24,111.58,50566.0,present
3184,2025-06-27 22:00:00+00:00,111.476,111.65599999999999,111.3,111.592,46665.4,interpolated
3185,2025-06-28 00:00:00+00:00,111.552,111.732,111.36,111.604,42764.8,interpolated
3186,2025-06-28 02:00:00+00:00,111.628,111.80799999999999,111.42,111.616,38864.2,interpolated
3187,2025-06-28 04:00:00+00:00,111.70400000000001,111.884,111.48,111.628,34963.6,interpolated
3188,2025-06-28 06:00:00+00:00,111.78,111.96,111.54,111.64,31063.0,present
3189,2025-06-28 08:00:00+00:00,111.64,111.68,111.4,111.68,23982.0,present
3190,2025-06-28 10:00:00+00:00,111.66,111.66,111.42,111.42,7617.0,present
3191,2025-06-28 12:00:00+00:00,111.42,111.5,111.28,111.28,10985.0,present
3192,2025-06-28 14:00:00+00:00,111.32,111.5,111.2,111.4,22465.0,present
3193,2025-06-28 16:00:00+00:00,111.315,111.5125,111.2,111.39750000000001,20468.625,interpolated
3194,2025-06-28 18:00:00+00:00,111.31,111.525,111.2,111.39500000000001,18472.25,interpolated
3195,2025-06-28 20:00:00+00:00,111.30499999999999,111.5375,111.2,111.3925,16475.875,interpolated
3196,2025-06-28 22:00:00+00:00,111.3,111.55,111.2,111.39,14479.5,interpolated
3197,2025-06-29 00:00:00+00:00,111.295,111.5625,111.2,111.3875,12483.125,interpolated
3198,2025-06-29 02:00:00+00:00,111.28999999999999,111.57499999999999,111.2,111.38499999999999,10486.75,interpolated
3199,2025-06-29 04:00:00+00:00,111.285,111.58749999999999,111.2,111.3825,8490.375,interpolated
3200,2025-06-29 06:00:00+00:00,111.28,111.6,111.2,111.38,6494.0,present
3201,2025-06-29 08:00:00+00:00,111.38,111.44,111.28,111.32,7811.0,present
3202,2025-06-29 10:00:00+00:00,111.32,111.32,111.16,111.2,16109.0,present
3203,2025-06-29 12:00:00+00:00,111.2,111.54,111.16,111.22,25740.0,present
3204,2025-06-29 14:00:00+00:00,111.22,111.4,111.06,111.06,48883.0,present
3205,2025-06-29 16:00:00+00:00,111.23,111.38000000000001,111.09666666666666,111.09666666666666,41210.5,interpolated
3206,2025-06-29 18:00:00+00:00,111.24,111.36,111.13333333333334,111.13333333333334,33538.0,interpolated
3207,2025-06-29 20:00:00+00:00,111.25,111.34,111.17,111.17,25865.5,interpolated
3208,2025-06-29 22:00:00+00:00,111.26,111.32000000000001,111.20666666666666,111.20666666666666,18193.0,interpolated
3209,2025-06-30 00:00:00+00:00,111.27,111.3,111.24333333333334,111.24333333333334,10520.5,interpolated
3210,2025-06-30 02:00:00+00:00,111.28,111.28,111.28,111.28,2848.0,present
3211,2025-06-30 04:00:00+00:00,111.26,111.28,110.62,110.8,99903.0,present
3212,2025-06-30 06:00:00+00:00,110.78,111.84,110.56,110.66,296746.0,present
3213,2025-06-30 08:00:00+00:00,110.68,111.12,109.78,110.02,353593.0,present
3214,2025-06-30 10:00:00+00:00,110.02,112.44,110.0,112.2,676357.0,present
3215,2025-06-30 12:00:00+00:00,112.2,112.62,111.8,112.0,519005.0,present
3216,2025-06-30 14:00:00+00:00,112.0,112.54,110.8,111.16,704503.0,present
3217,2025-06-30 16:00:00+00:00,111.16,111.9,110.94,111.6,124441.0,present
3218,2025-06-30 18:00:00+00:00,111.6,111.88,111.54,111.56,34646.0,present
3219,2025-06-30 20:00:00+00:00,111.56,111.76,111.22,111.22,50314.0,present
3220,2025-06-30 22:00:00+00:00,111.51333333333334,111.64666666666668,111.28666666666666,111.28666666666666,33549.33333333333,interpolated
3221,2025-07-01 00:00:00+00:00,111.46666666666667,111.53333333333333,111.35333333333334,111.35333333333334,16784.666666666664,interpolated
3222,2025-07-01 02:00:00+00:00,111.42,111.42,111.42,111.42,20.0,present
3223,2025-07-01 04:00:00+00:00,111.42,111.88,111.04,111.76,73519.0,present
3224,2025-07-01 06:00:00+00:00,111.76,112.28,110.9,112.28,350281.0,present
3225,2025-07-01 08:00:00+00:00,112.26,112.4,111.16,111.7,441866.0,present
3226,2025-07-01 10:00:00+00:00,111.7,112.82,111.5,112.46,681700.0,present
3227,2025-07-01 12:00:00+00:00,112.46,112.46,111.92,112.2,291329.0,present
3228,2025-07-01 12:00:00+00:00,112.46,112.46,111.92,112.2,291329.0,present
3229,2025-07-01 14:00:00+00:00,112.2,112.4,110.5,110.7,585373.0,present
3230,2025-07-01 16:00:00+00:00,110.8,111.52,110.0,110.32,330836.0,present
3231,2025-07-01 18:00:00+00:00,110.36,110.54,110.1,110.44,84723.0,present
3232,2025-07-01 20:00:00+00:00,110.44,110.54,110.28,110.48,21502.0,present
3233,2025-07-01 22:00:00+00:00,110.52666666666667,110.59333333333333,110.42,110.55333333333334,14668.333333333332,interpolated
3234,2025-07-02 00:00:00+00:00,110.61333333333333,110.64666666666668,110.56,110.62666666666667,7834.666666666666,interpolated
3235,2025-07-02 02:00:00+00:00,110.7,110.7,110.7,110.7,1001.0,present
3236,2025-07-02 04:00:00+00:00,110.68,111.0,110.38,110.64,71013.0,present
3237,2025-07-02 06:00:00+00:00,110.66,111.5,110.2,111.02,262933.0,present
3238,2025-07-02 08:00:00+00:00,111.02,112.3,110.88,112.3,372047.0,present
3239,2025-07-02 10:00:00+00:00,112.3,112.3,111.5,111.58,418843.0,present
3240,2025-07-02 12:00:00+00:00,111.58,112.1,111.24,111.4,389009.0,present
3241,2025-07-02 14:00:00+00:00,111.38,111.64,110.6,110.76,349409.0,present
3242,2025-07-02 16:00:00+00:00,110.9,112.46,110.88,112.0,265439.0,present
3243,2025-07-02 18:00:00+00:00,112.04,112.26,111.58,112.18,61288.0,present
3244,2025-07-02 20:00:00+00:00,112.18,112.22,111.88,112.02,22966.0,present
3245,2025-07-02 22:00:00+00:00,112.12,112.14666666666666,111.92,112.01333333333334,15426.333333333332,interpolated
3246,2025-07-03 00:00:00+00:00,112.06,112.07333333333334,111.96,112.00666666666666,7886.666666666666,interpolated
3247,2025-07-03 02:00:00+00:00,112.0,112.0,112.0,112.0,347.0,present
3248,2025-07-03 04:00:00+00:00,112.0,112.18,111.64,111.98,78642.0,present
3249,2025-07-03 06:00:00+00:00,112.0,112.04,111.1,111.8,336702.0,present
3250,2025-07-03 08:00:00+00:00,111.8,112.7,111.28,111.5,850976.0,present
3251,2025-07-03 10:00:00+00:00,111.5,111.86,111.12,111.42,254935.0,present
3252,2025-07-03 12:00:00+00:00,111.4,111.8,110.74,111.4,430527.0,present
3253,2025-07-03 14:00:00+00:00,111.38,111.4,110.0,110.0,569748.0,present
3254,2025-07-03 16:00:00+00:00,110.3,110.4,108.82,109.26,467838.0,present
3255,2025-07-03 18:00:00+00:00,109.26,109.5,109.02,109.04,78586.0,present
3256,2025-07-03 20:00:00+00:00,109.06,109.42,109.0,109.4,48214.0,present
3257,2025-07-03 22:00:00+00:00,109.16666666666667,109.40666666666667,109.12666666666667,109.39333333333333,32355.666666666664,interpolated
3258,2025-07-04 00:00:00+00:00,109.27333333333333,109.39333333333333,109.25333333333333,109.38666666666667,16497.333333333332,interpolated
3259,2025-07-04 02:00:00+00:00,109.38,109.38,109.38,109.38,639.0,present
3260,2025-07-04 04:00:00+00:00,109.36,109.36,108.08,108.4,143980.0,present
3261,2025-07-04 06:00:00+00:00,108.42,110.46,108.42,109.88,475970.0,present
3262,2025-07-04 08:00:00+00:00,109.86,110.08,109.28,110.04,276627.0,present
3263,2025-07-04 10:00:00+00:00,110.06,110.5,109.84,110.1,305849.0,present
3264,2025-07-04 12:00:00+00:00,110.14,110.2,109.6,109.94,168029.0,present
3265,2025-07-04 14:00:00+00:00,109.94,110.28,109.62,109.98,79630.0,present
3266,2025-07-04 16:00:00+00:00,109.98,109.98,108.82,108.9,194475.0,present
3267,2025-07-04 18:00:00+00:00,108.88,109.34,108.86,109.14,48252.0,present
3268,2025-07-04 20:00:00+00:00,109.12,109.48,109.12,109.48,33003.0,present
3269,2025-07-04 22:00:00+00:00,109.232,109.524,109.164,109.48400000000001,27023.8,interpolated
3270,2025-07-05 00:00:00+00:00,109.34400000000001,109.568,109.208,109.488,21044.6,interpolated
3271,2025-07-05 02:00:00+00:00,109.456,109.61200000000001,109.25200000000001,109.492,15065.400000000001,interpolated
3272,2025-07-05 04:00:00+00:00,109.56800000000001,109.656,109.296,109.496,9086.2,interpolated
3273,2025-07-05 06:00:00+00:00,109.68,109.7,109.34,109.5,3107.0,present
3274,2025-07-05 08:00:00+00:00,109.5,109.64,109.36,109.4,8283.0,present
3275,2025-07-05 10:00:00+00:00,109.38,109.42,109.22,109.26,3591.0,present
3276,2025-07-05 12:00:00+00:00,109.26,109.42,109.26,109.38,3434.0,present
3277,2025-07-05 14:00:00+00:00,109.38,109.42,109.28,109.38,2427.0,present
3278,2025-07-05 16:00:00+00:00,109.38,109.415,109.2475,109.345,3125.5,interpolated
3279,2025-07-05 18:00:00+00:00,109.38,109.41,109.215,109.31,3824.0,interpolated
3280,2025-07-05 20:00:00+00:00,109.38,109.405,109.1825,109.27499999999999,4522.5,interpolated
3281,2025-07-05 22:00:00+00:00,109.38,109.4,109.15,109.24,5221.0,interpolated
3282,2025-07-06 00:00:00+00:00,109.38,109.395,109.11749999999999,109.205,5919.5,interpolated
3283,2025-07-06 02:00:00+00:00,109.38,109.39,109.085,109.16999999999999,6618.0,interpolated
3284,2025-07-06 04:00:00+00:00,109.38,109.38499999999999,109.0525,109.13499999999999,7316.5,interpolated
3285,2025-07-06 06:00:00+00:00,109.38,109.38,109.02,109.1,8015.0,present
3286,2025-07-06 08:00:00+00:00,109.06,109.24,109.0,109.1,4849.0,present
3287,2025-07-06 10:00:00+00:00,109.12,109.2,108.74,109.06,12255.0,present
3288,2025-07-06 12:00:00+00:00,109.06,109.12,108.92,109.02,4768.0,present
3289,2025-07-06 14:00:00+00:00,109.1,109.2,109.0,109.02,3101.0,present
3290,2025-07-06 16:00:00+00:00,109.08666666666666,109.17,109.00333333333333,109.02,2636.3333333333335,interpolated
3291,2025-07-06 18:00:00+00:00,109.07333333333332,109.14,109.00666666666666,109.02,2171.666666666667,interpolated
3292,2025-07-06 20:00:00+00:00,109.06,109.11,109.00999999999999,109.02,1707.0000000000002,interpolated
3293,2025-07-06 22:00:00+00:00,109.04666666666667,109.08,109.01333333333334,109.02,1242.3333333333335,interpolated
3294,2025-07-07 00:00:00+00:00,109.03333333333333,109.05,109.01666666666667,109.02,777.666666666667,interpolated
3295,2025-07-07 02:00:00+00:00,109.02,109.02,109.02,109.02,313.0,present
3296,2025-07-07 04:00:00+00:00,109.04,109.1,107.24,108.08,260498.0,present
3297,2025-07-07 06:00:00+00:00,108.1,108.48,107.62,108.1,265166.0,present
3298,2025-07-07 08:00:00+00:00,108.12,108.28,106.82,107.82,344956.0,present
3299,2025-07-07 10:00:00+00:00,107.84,107.9,107.2,107.74,120295.0,present
3300,2025-07-07 12:00:00+00:00,107.74,107.94,107.02,107.02,114724.0,present
3301,2025-07-07 14:00:00+00:00,107.02,107.26,106.66,106.98,122114.0,present
3302,2025-07-07 16:00:00+00:00,106.98,107.0,106.72,106.8,73595.0,present
3303,2025-07-07 18:00:00+00:00,106.82,106.84,106.52,106.72,38860.0,present
3304,2025-07-07 20:00:00+00:00,106.72,106.74,106.36,106.4,21498.0,present
3305,2025-07-07 22:00:00+00:00,106.60666666666667,106.61999999999999,106.36666666666666,106.39333333333333,14361.0,interpolated
3306,2025-07-08 00:00:00+00:00,106.49333333333333,106.5,106.37333333333333,106.38666666666667,7223.999999999998,interpolated
3307,2025-07-08 02:00:00+00:00,106.38,106.38,106.38,106.38,87.0,present
3308,2025-07-08 04:00:00+00:00,106.38,106.8,106.18,106.78,82965.0,present
3309,2025-07-08 06:00:00+00:00,106.76,106.96,106.44,106.62,176643.0,present
3310,2025-07-08 08:00:00+00:00,106.62,107.7,106.04,106.96,458919.0,present
3311,2025-07-08 10:00:00+00:00,107.02,107.16,105.3,105.5,369723.0,present
3312,2025-07-08 12:00:00+00:00,105.46,106.0,105.06,105.12,317107.0,present
3313,2025-07-08 12:00:00+00:00,105.46,106.0,105.06,105.12,317107.0,present
3314,2025-07-08 14:00:00+00:00,105.1,105.58,104.84,105.06,369096.0,present
3315,2025-07-08 16:00:00+00:00,105.08,105.12,103.3,103.76,525177.0,present
3316,2025-07-08 18:00:00+00:00,103.76,103.96,103.1,103.6,267946.0,present
3317,2025-07-08 20:00:00+00:00,103.58,103.86,103.48,103.72,79384.0,present
3318,2025-07-08 22:00:00+00:00,103.62666666666667,103.81333333333333,103.56,103.72,53026.66666666667,interpolated
3319,2025-07-09 00:00:00+00:00,103.67333333333333,103.76666666666667,103.64,103.72,26669.333333333336,interpolated
3320,2025-07-09 02:00:00+00:00,103.72,103.72,103.72,103.72,312.0,present
3321,2025-07-09 04:00:00+00:00,103.8,104.54,103.0,103.22,168735.0,present
3322,2025-07-09 06:00:00+00:00,103.2,104.44,102.74,103.18,440834.0,present
3323,2025-07-09 08:00:00+00:00,103.18,104.18,102.58,103.14,488990.0,present
3324,2025-07-09 10:00:00+00:00,103.14,103.88,102.92,103.5,266953.0,present
3325,2025-07-09 12:00:00+00:00,103.5,104.2,103.16,103.48,390038.0,present
3326,2025-07-09 14:00:00+00:00,103.5,103.64,102.2,103.08,460510.0,present
3327,2025-07-09 16:00:00+00:00,103.1,104.2,102.9,103.46,267964.0,present
3328,2025-07-09 18:00:00+00:00,103.44,104.7,103.32,104.38,168046.0,present
3329,2025-07-09 20:00:00+00:00,104.38,104.6,103.36,104.16,73166.0,present
3330,2025-07-09 22:00:00+00:00,104.32666666666667,104.47333333333333,103.64666666666666,104.17999999999999,48897.33333333333,interpolated
3331,2025-07-10 00:00:00+00:00,104.27333333333333,104.34666666666666,103.93333333333334,104.2,24628.666666666664,interpolated
3332,2025-07-10 02:00:00+00:00,104.22,104.22,104.22,104.22,360.0,present
3333,2025-07-10 04:00:00+00:00,104.22,105.0,104.2,104.94,151618.0,present
3334,2025-07-10 06:00:00+00:00,104.88,105.42,104.24,105.04,219503.0,present
3335,2025-07-10 08:00:00+00:00,105.04,105.2,103.86,104.28,183689.0,present
3336,2025-07-10 10:00:00+00:00,104.26,104.4,103.46,103.5,154102.0,present
3337,2025-07-10 12:00:00+00:00,103.54,104.74,103.12,104.24,275312.0,present
3338,2025-07-10 14:00:00+00:00,104.32,105.02,103.82,104.88,185255.0,present
3339,2025-07-10 16:00:00+00:00,104.86,104.88,104.18,104.36,50695.0,present
3340,2025-07-10 18:00:00+00:00,104.36,104.8,104.32,104.62,58799.0,present
3341,2025-07-10 20:00:00+00:00,104.62,104.62,104.26,104.42,29963.0,present
3342,2025-07-10 22:00:00+00:00,104.61333333333333,104.61333333333333,104.37333333333333,104.48,20371.666666666664,interpolated
3343,2025-07-11 00:00:00+00:00,104.60666666666667,104.60666666666667,104.48666666666666,104.53999999999999,10780.333333333332,interpolated
3344,2025-07-11 02:00:00+00:00,104.6,104.6,104.6,104.6,1189.0,present
3345,2025-07-11 04:00:00+00:00,104.88,104.88,103.72,103.88,86854.0,present
3346,2025-07-11 06:00:00+00:00,103.9,104.4,103.24,104.14,181517.0,present
3347,2025-07-11 08:00:00+00:00,104.18,104.22,103.0,103.24,305754.0,present
3348,2025-07-11 10:00:00+00:00,103.24,103.5,102.44,102.9,220086.0,present
3349,2025-07-11 12:00:00+00:00,102.9,103.4,102.7,103.22,203543.0,present
3350,2025-07-11 14:00:00+00:00,103.22,103.36,101.08,101.28,477543.0,present
3351,2025-07-11 16:00:00+00:00,101.5,101.92,101.3,101.68,106619.0,present
3352,2025-07-11 18:00:00+00:00,101.66,101.9,101.36,101.8,86356.0,present
3353,2025-07-11 20:00:00+00:00,101.82,101.86,101.38,101.5,37097.0,present
3354,2025-07-11 22:00:00+00:00,101.848,101.932,101.432,101.64,32703.2,interpolated
3355,2025-07-12 00:00:00+00:00,101.87599999999999,102.004,101.484,101.78,28309.4,interpolated
3356,2025-07-12 02:00:00+00:00,101.904,102.076,101.536,101.92,23915.6,interpolated
3357,2025-07-12 04:00:00+00:00,101.93199999999999,102.148,101.588,102.06,19521.8,interpolated
3358,2025-07-12 06:00:00+00:00,101.96,102.22,101.64,102.2,15128.0,present
3359,2025-07-12 08:00:00+00:00,102.22,102.44,101.98,102.3,22078.0,present
3360,2025-07-12 10:00:00+00:00,102.3,102.38,101.96,102.0,10676.0,present
3361,2025-07-12 12:00:00+00:00,102.06,102.18,101.5,101.82,27574.0,present
3362,2025-07-12 14:00:00+00:00,101.78,102.02,101.54,102.0,13280.0,present
3363,2025-07-12 16:00:00+00:00,101.805,102.03999999999999,101.58000000000001,102.0,11904.25,interpolated
3364,2025-07-12 18:00:00+00:00,101.83,102.06,101.62,102.0,10528.5,interpolated
3365,2025-07-12 20:00:00+00:00,101.855,102.08,101.66,102.0,9152.75,interpolated
3366,2025-07-12 22:00:00+00:00,101.88,102.1,101.7,102.0,7777.0,interpolated
3367,2025-07-13 00:00:00+00:00,101.905,102.12,101.74000000000001,102.0,6401.25,interpolated
3368,2025-07-13 02:00:00+00:00,101.93,102.14,101.78,102.0,5025.5,interpolated
3369,2025-07-13 04:00:00+00:00,101.955,102.16000000000001,101.82,102.0,3649.75,interpolated
3370,2025-07-13 06:00:00+00:00,101.98,102.18,101.86,102.0,2274.0,present
3371,2025-07-13 08:00:00+00:00,102.0,102.0,101.24,101.56,43801.0,present
3372,2025-07-13 10:00:00+00:00,101.6,101.6,100.86,101.5,52439.0,present
3373,2025-07-13 12:00:00+00:00,101.5,101.76,101.24,101.46,15426.0,present
3374,2025-07-13 14:00:00+00:00,101.46,101.94,101.34,101.74,25569.0,present
3375,2025-07-13 16:00:00+00:00,101.47999999999999,101.88,101.38,101.71333333333332,21482.166666666668,interpolated
3376,2025-07-13 18:00:00+00:00,101.5,101.82,101.42,101.68666666666667,17395.333333333332,interpolated
3377,2025-07-13 20:00:00+00:00,101.52,101.76,101.46000000000001,101.66,13308.5,interpolated
3378,2025-07-13 22:00:00+00:00,101.53999999999999,101.7,101.5,101.63333333333333,9221.666666666666,interpolated
3379,2025-07-14 00:00:00+00:00,101.56,101.64,101.53999999999999,101.60666666666667,5134.833333333332,interpolated
3380,2025-07-14 02:00:00+00:00,101.58,101.58,101.58,101.58,1048.0,present
3381,2025-07-14 04:00:00+00:00,101.52,101.82,100.62,101.3,199295.0,present
3382,2025-07-14 06:00:00+00:00,101.26,102.9,101.12,102.84,530452.0,present
3383,2025-07-14 08:00:00+00:00,102.84,104.42,102.56,103.88,679360.0,present
3384,2025-07-14 10:00:00+00:00,103.88,104.84,103.8,104.48,442840.0,present
3385,2025-07-14 12:00:00+00:00,104.5,106.08,104.5,104.92,810153.0,present
3386,2025-07-14 14:00:00+00:00,104.9,108.24,104.32,108.14,1254031.0,present
3387,2025-07-14 16:00:00+00:00,108.0,109.52,107.9,108.48,995516.0,present
3388,2025-07-14 18:00:00+00:00,108.46,109.28,108.36,109.06,182508.0,present
3389,2025-07-14 20:00:00+00:00,109.16,109.26,109.02,109.26,58554.0,present
3390,2025-07-14 22:00:00+00:00,109.28,109.34666666666666,109.18666666666667,109.34666666666666,40445.66666666667,interpolated
3391,2025-07-15 00:00:00+00:00,109.39999999999999,109.43333333333334,109.35333333333332,109.43333333333334,22337.333333333336,interpolated
3392,2025-07-15 02:00:00+00:00,109.52,109.52,109.52,109.52,4229.0,present
3393,2025-07-15 04:00:00+00:00,109.52,110.9,108.76,110.3,591092.0,present
3394,2025-07-15 06:00:00+00:00,110.28,110.76,109.52,109.68,650773.0,present
3395,2025-07-15 08:00:00+00:00,109.66,110.36,109.46,109.74,472728.0,present
3396,2025-07-15 10:00:00+00:00,109.74,110.48,109.5,110.02,415073.0,present
3397,2025-07-15 12:00:00+00:00,110.04,110.12,109.32,109.8,317665.0,present
3398,2025-07-15 12:00:00+00:00,110.04,110.12,109.32,109.8,317665.0,present
3399,2025-07-15 14:00:00+00:00,109.84,110.38,109.7,109.98,275568.0,present
3400,2025-07-15 16:00:00+00:00,109.98,110.38,109.76,110.26,124318.0,present
3401,2025-07-15 18:00:00+00:00,110.32,110.48,109.98,110.18,67411.0,present
3402,2025-07-15 20:00:00+00:00,110.14,110.2,109.8,110.1,42837.0,present
3403,2025-07-15 22:00:00+00:00,110.12666666666667,110.16666666666667,109.89999999999999,110.1,28726.666666666668,interpolated
3404,2025-07-16 00:00:00+00:00,110.11333333333333,110.13333333333333,110.0,110.1,14616.333333333336,interpolated
3405,2025-07-16 02:00:00+00:00,110.1,110.1,110.1,110.1,506.0,present
3406,2025-07-16 04:00:00+00:00,110.1,110.46,109.94,110.12,65691.0,present
3407,2025-07-16 06:00:00+00:00,110.06,110.1,109.04,109.36,329483.0,present
3408,2025-07-16 08:00:00+00:00,109.36,112.12,109.32,111.96,903479.0,present
3409,2025-07-16 10:00:00+00:00,111.98,112.3,111.06,111.2,625110.0,present
3410,2025-07-16 12:00:00+00:00,111.18,111.22,110.3,110.72,433339.0,present
3411,2025-07-16 14:00:00+00:00,110.7,111.08,110.34,110.9,275435.0,present
3412,2025-07-16 16:00:00+00:00,110.9,111.7,110.58,111.32,241335.0,present
3413,2025-07-16 18:00:00+00:00,111.36,111.56,109.66,110.26,298466.0,present
3414,2025-07-16 20:00:00+00:00,110.24,110.34,110.04,110.04,31641.0,present
3415,2025-07-16 22:00:00+00:00,110.28,110.34666666666666,110.14666666666668,110.14666666666668,21209.0,interpolated
3416,2025-07-17 00:00:00+00:00,110.32,110.35333333333334,110.25333333333333,110.25333333333333,10777.0,interpolated
3417,2025-07-17 02:00:00+00:00,110.36,110.36,110.36,110.36,345.0,present
3418,2025-07-17 04:00:00+00:00,110.32,110.36,109.68,110.18,86372.0,present
3419,2025-07-17 06:00:00+00:00,110.16,111.18,110.06,110.6,208397.0,present
3420,2025-07-17 08:00:00+00:00,110.64,110.76,109.86,110.08,396480.0,present
3421,2025-07-17 10:00:00+00:00,110.08,110.5,109.28,109.68,262626.0,present
3422,2025-07-17 12:00:00+00:00,109.6,109.88,108.46,108.56,395929.0,present
3423,2025-07-17 14:00:00+00:00,108.54,109.64,108.5,109.24,209602.0,present
3424,2025-07-17 16:00:00+00:00,109.26,109.4,108.6,109.38,128897.0,present
3425,2025-07-17 18:00:00+00:00,109.28,109.4,108.64,108.66,85233.0,present
3426,2025-07-17 20:00:00+00:00,108.68,108.88,108.62,108.68,23428.0,present
3427,2025-07-17 22:00:00+00:00,108.68,108.81333333333333,108.64,108.68,15803.333333333332,interpolated
3428,2025-07-18 00:00:00+00:00,108.68,108.74666666666667,108.66000000000001,108.68,8178.666666666666,interpolated
3429,2025-07-18 02:00:00+00:00,108.68,108.68,108.68,108.68,554.0,present
3430,2025-07-18 04:00:00+00:00,108.68,109.84,108.1,109.52,132872.0,present
3431,2025-07-18 06:00:00+00:00,109.52,111.0,109.48,110.74,444546.0,present
3432,2025-07-18 08:00:00+00:00,110.76,112.08,110.22,111.82,746844.0,present
3433,2025-07-18 10:00:00+00:00,111.76,114.22,111.76,113.36,1202686.0,present
3434,2025-07-18 12:00:00+00:00,113.36,114.64,113.1,114.0,819681.0,present
3435,2025-07-18 14:00:00+00:00,114.0,115.4,113.98,114.62,1046076.0,present
3436,2025-07-18 16:00:00+00:00,114.64,115.2,114.28,114.72,306932.0,present
3437,2025-07-18 18:00:00+00:00,114.7,114.9,114.42,114.9,198622.0,present
3438,2025-07-18 20:00:00+00:00,114.9,115.44,114.88,115.36,116783.0,present
3439,2025-07-18 22:00:00+00:00,114.992,116.12,114.86399999999999,115.692,189726.2,interpolated
3440,2025-07-19 00:00:00+00:00,115.084,116.8,114.848,116.024,262669.4,interpolated
3441,2025-07-19 02:00:00+00:00,115.176,117.48,114.832,116.356,335612.6,interpolated
3442,2025-07-19 04:00:00+00:00,115.268,118.16,114.816,116.688,408555.8,interpolated
3443,2025-07-19 06:00:00+00:00,115.36,118.84,114.8,117.02,481499.0,present
3444,2025-07-19 08:00:00+00:00,117.02,117.4,116.56,116.82,162221.0,present
3445,2025-07-19 10:00:00+00:00,116.8,117.6,116.8,117.46,101496.0,present
3446,2025-07-19 12:00:00+00:00,117.4,117.46,116.96,117.0,55148.0,present
3447,2025-07-19 14:00:00+00:00,117.0,117.4,117.0,117.3,76200.0,present
3448,2025-07-19 16:00:00+00:00,117.14750000000001,117.5325,117.0475,117.3325,80550.875,interpolated
3449,2025-07-19 18:00:00+00:00,117.295,117.665,117.095,117.365,84901.75,interpolated
3450,2025-07-19 20:00:00+00:00,117.4425,117.7975,117.1425,117.3975,89252.625,interpolated
3451,2025-07-19 22:00:00+00:00,117.59,117.93,117.19,117.43,93603.5,interpolated
3452,2025-07-20 00:00:00+00:00,117.73750000000001,118.0625,117.2375,117.4625,97954.375,interpolated
3453,2025-07-20 02:00:00+00:00,117.885,118.195,117.285,117.495,102305.25,interpolated
3454,2025-07-20 04:00:00+00:00,118.0325,118.3275,117.3325,117.5275,106656.125,interpolated
3455,2025-07-20 06:00:00+00:00,118.18,118.46,117.38,117.56,111007.0,present
3456,2025-07-20 08:00:00+00:00,117.56,117.88,117.02,117.2,96038.0,present
3457,2025-07-20 10:00:00+00:00,117.2,117.4,117.12,117.28,20758.0,present
3458,2025-07-20 12:00:00+00:00,117.28,117.36,117.14,117.34,12320.0,present
3459,2025-07-20 14:00:00+00:00,117.34,117.4,117.16,117.4,18836.0,present
3460,2025-07-20 16:00:00+00:00,117.28333333333333,117.33333333333334,117.13333333333333,117.33333333333334,15820.833333333334,interpolated
3461,2025-07-20 18:00:00+00:00,117.22666666666667,117.26666666666667,117.10666666666667,117.26666666666667,12805.666666666668,interpolated
3462,2025-07-20 20:00:00+00:00,117.17,117.2,117.08,117.2,9790.5,interpolated
3463,2025-07-20 22:00:00+00:00,117.11333333333333,117.13333333333334,117.05333333333333,117.13333333333334,6775.333333333334,interpolated
3464,2025-07-21 00:00:00+00:00,117.05666666666667,117.06666666666666,117.02666666666667,117.06666666666666,3760.166666666668,interpolated
3465,2025-07-21 02:00:00+00:00,117.0,117.0,117.0,117.0,745.0,present
3466,2025-07-21 04:00:00+00:00,117.04,118.14,116.66,117.84,301162.0,present
3467,2025-07-21 06:00:00+00:00,117.8,117.92,114.74,116.0,810694.0,present
3468,2025-07-21 08:00:00+00:00,116.0,116.42,115.42,116.1,371756.0,present
3469,2025-07-21 10:00:00+00:00,116.06,116.34,115.02,115.46,298992.0,present
3470,2025-07-21 12:00:00+00:00,115.48,116.0,115.02,115.12,343046.0,present
3471,2025-07-21 14:00:00+00:00,115.14,117.3,115.1,116.56,621495.0,present
3472,2025-07-21 16:00:00+00:00,116.56,116.7,115.92,116.34,250592.0,present
3473,2025-07-21 18:00:00+00:00,116.34,117.0,116.28,116.46,109603.0,present
3474,2025-07-21 20:00:00+00:00,116.46,116.74,116.42,116.54,19623.0,present
3475,2025-07-21 22:00:00+00:00,116.46,116.64666666666666,116.43333333333334,116.51333333333334,13267.333333333332,interpolated
3476,2025-07-22 00:00:00+00:00,116.46,116.55333333333333,116.44666666666666,116.48666666666666,6911.666666666666,interpolated
3477,2025-07-22 02:00:00+00:00,116.46,116.46,116.46,116.46,556.0,present
3478,2025-07-22 04:00:00+00:00,116.46,116.96,115.46,115.9,131344.0,present
3479,2025-07-22 06:00:00+00:00,115.92,116.8,115.56,116.4,212054.0,present
3480,2025-07-22 08:00:00+00:00,116.4,117.08,115.66,117.02,391632.0,present
3481,2025-07-22 10:00:00+00:00,117.0,118.88,116.82,117.9,804278.0,present
3482,2025-07-22 12:00:00+00:00,117.92,120.1,117.86,119.56,765433.0,present
3483,2025-07-22 12:00:00+00:00,117.92,120.1,117.86,119.56,765433.0,present
3484,2025-07-22 14:00:00+00:00,119.58,119.6,118.74,119.06,317777.0,present
3485,2025-07-22 16:00:00+00:00,119.04,119.5,118.72,119.34,121380.0,present
3486,2025-07-22 18:00:00+00:00,119.36,119.36,118.98,119.26,79015.0,present
3487,2025-07-22 20:00:00+00:00,119.26,119.5,119.0,119.5,65041.0,present
3488,2025-07-22 22:00:00+00:00,119.34666666666666,119.50666666666666,119.17333333333333,119.50666666666666,44122.66666666667,interpolated
3489,2025-07-23 00:00:00+00:00,119.43333333333334,119.51333333333334,119.34666666666666,119.51333333333334,23204.333333333336,interpolated
3490,2025-07-23 02:00:00+00:00,119.52,119.52,119.52,119.52,2286.0,present
3491,2025-07-23 04:00:00+00:00,119.56,120.76,119.52,119.82,203161.0,present
3492,2025-07-23 06:00:00+00:00,119.82,120.5,119.42,120.0,370901.0,present
3493,2025-07-23 08:00:00+00:00,120.0,120.0,118.52,119.08,403731.0,present
3494,2025-07-23 10:00:00+00:00,119.08,119.6,118.6,119.26,205977.0,present
3495,2025-07-23 12:00:00+00:00,119.26,119.36,117.5,117.72,432353.0,present
3496,2025-07-23 14:00:00+00:00,117.74,119.18,117.42,118.98,409119.0,present
3497,2025-07-23 16:00:00+00:00,119.0,119.48,118.26,118.78,156010.0,present
3498,2025-07-23 18:00:00+00:00,118.78,118.8,117.66,118.48,148527.0,present
3499,2025-07-23 20:00:00+00:00,118.48,118.64,118.22,118.24,56084.0,present
3500,2025-07-23 22:00:00+00:00,118.38000000000001,118.48666666666666,118.20666666666666,118.22,37424.33333333333,interpolated
3501,2025-07-24 00:00:00+00:00,118.28,118.33333333333334,118.19333333333334,118.2,18764.666666666664,interpolated
3502,2025-07-24 02:00:00+00:00,118.18,118.18,118.18,118.18,105.0,present
3503,2025-07-24 04:00:00+00:00,118.24,118.5,117.84,118.26,35928.0,present
3504,2025-07-24 06:00:00+00:00,118.26,118.96,117.96,118.12,171088.0,present
3505,2025-07-24 08:00:00+00:00,118.14,119.38,117.54,119.04,483376.0,present
3506,2025-07-24 10:00:00+00:00,119.04,119.3,118.74,118.98,312232.0,present
3507,2025-07-24 12:00:00+00:00,118.98,119.2,118.26,118.64,324077.0,present
3508,2025-07-24 14:00:00+00:00,118.64,118.86,117.9,117.92,192753.0,present
3509,2025-07-24 16:00:00+00:00,118.1,118.2,117.48,118.0,115171.0,present
3510,2025-07-24 18:00:00+00:00,118.04,118.7,118.0,118.1,64531.0,present
3511,2025-07-24 20:00:00+00:00,118.08,118.54,118.08,118.26,22475.0,present
3512,2025-07-24 22:00:00+00:00,118.20666666666666,118.51333333333334,118.20666666666666,118.32666666666667,15043.0,interpolated
3513,2025-07-25 00:00:00+00:00,118.33333333333333,118.48666666666666,118.33333333333333,118.39333333333333,7610.999999999998,interpolated
3514,2025-07-25 02:00:00+00:00,118.46,118.46,118.46,118.46,179.0,present
3515,2025-07-25 04:00:00+00:00,118.5,118.9,118.08,118.16,87868.0,present
3516,2025-07-25 06:00:00+00:00,118.14,118.28,117.8,117.92,117215.0,present
3517,2025-07-25 08:00:00+00:00,117.96,118.06,116.16,117.28,406804.0,present
3518,2025-07-25 10:00:00+00:00,117.28,118.28,116.2,117.12,690187.0,present
3519,2025-07-25 12:00:00+00:00,117.12,117.8,114.84,115.36,569548.0,present
3520,2025-07-25 14:00:00+00:00,115.34,115.46,113.2,114.2,864616.0,present
3521,2025-07-25 16:00:00+00:00,114.22,114.78,113.84,114.6,223146.0,present
3522,2025-07-25 18:00:00+00:00,114.6,114.64,114.18,114.46,58106.0,present
3523,2025-07-25 20:00:00+00:00,114.48,114.74,114.28,114.68,26237.0,present
3524,2025-07-25 22:00:00+00:00,114.52000000000001,114.77199999999999,114.28,114.664,25723.6,interpolated
3525,2025-07-26 00:00:00+00:00,114.56,114.804,114.28,114.648,25210.2,interpolated
3526,2025-07-26 02:00:00+00:00,114.60000000000001,114.836,114.28,114.632,24696.8,interpolated
3527,2025-07-26 04:00:00+00:00,114.64,114.86800000000001,114.28,114.616,24183.4,interpolated
3528,2025-07-26 06:00:00+00:00,114.68,114.9,114.28,114.6,23670.0,present
3529,2025-07-26 08:00:00+00:00,114.6,114.6,114.36,114.5,8308.0,present
3530,2025-07-26 10:00:00+00:00,114.5,114.56,114.34,114.36,9826.0,present
3531,2025-07-26 12:00:00+00:00,114.34,114.48,114.06,114.32,14782.0,present
3532,2025-07-26 14:00:00+00:00,114.32,114.52,114.08,114.46,11961.0,present
3533,2025-07-26 16:00:00+00:00,114.335,114.53,114.07249999999999,114.43249999999999,12121.5,interpolated
3534,2025-07-26 18:00:00+00:00,114.35,114.53999999999999,114.065,114.405,12282.0,interpolated
3535,2025-07-26 20:00:00+00:00,114.365,114.55,114.0575,114.3775,12442.5,interpolated
3536,2025-07-26 22:00:00+00:00,114.38,114.56,114.05,114.35,12603.0,interpolated
3537,2025-07-27 00:00:00+00:00,114.395,114.57,114.04249999999999,114.32249999999999,12763.5,interpolated
3538,2025-07-27 02:00:00+00:00,114.41,114.58,114.035,114.29499999999999,12924.0,interpolated
3539,2025-07-27 04:00:00+00:00,114.425,114.58999999999999,114.0275,114.2675,13084.5,interpolated
3540,2025-07-27 06:00:00+00:00,114.44,114.6,114.02,114.24,13245.0,present
3541,2025-07-27 08:00:00+00:00,114.32,114.32,114.0,114.22,9409.0,present
3542,2025-07-27 10:00:00+00:00,114.26,114.32,114.06,114.3,7014.0,present
3543,2025-07-27 12:00:00+00:00,114.32,114.4,114.16,114.28,6567.0,present
3544,2025-07-27 14:00:00+00:00,114.24,114.38,114.14,114.3,9503.0,present
3545,2025-07-27 16:00:00+00:00,114.21333333333332,114.33,114.13,114.26333333333334,8054.333333333333,interpolated
3546,2025-07-27 18:00:00+00:00,114.18666666666667,114.28,114.12,114.22666666666666,6605.666666666666,interpolated
3547,2025-07-27 20:00:00+00:00,114.16,114.22999999999999,114.11,114.19,5157.0,interpolated
3548,2025-07-27 22:00:00+00:00,114.13333333333333,114.17999999999999,114.1,114.15333333333334,3708.333333333333,interpolated
3549,2025-07-28 00:00:00+00:00,114.10666666666667,114.13,114.09,114.11666666666666,2259.666666666667,interpolated
3550,2025-07-28 02:00:00+00:00,114.08,114.08,114.08,114.08,811.0,present
3551,2025-07-28 04:00:00+00:00,114.14,114.54,113.68,113.82,101639.0,present
3552,2025-07-28 06:00:00+00:00,113.82,114.48,113.42,114.46,295804.0,present
3553,2025-07-28 08:00:00+00:00,114.48,117.34,114.38,116.8,922269.0,present
3554,2025-07-28 10:00:00+00:00,116.8,117.24,116.12,116.18,660209.0,present
3555,2025-07-28 12:00:00+00:00,116.16,117.68,114.76,117.06,1570634.0,present
3556,2025-07-28 14:00:00+00:00,117.0,117.28,115.84,116.2,631972.0,present
3557,2025-07-28 16:00:00+00:00,116.06,116.48,115.7,116.06,161864.0,present
3558,2025-07-28 18:00:00+00:00,116.04,116.48,115.56,116.32,115610.0,present
3559,2025-07-28 20:00:00+00:00,116.3,117.0,116.22,117.0,52280.0,present
3560,2025-07-28 22:00:00+00:00,116.55333333333333,117.02,116.5,117.02,35051.33333333333,interpolated
3561,2025-07-29 00:00:00+00:00,116.80666666666667,117.04,116.78,117.04,17822.666666666664,interpolated
3562,2025-07-29 02:00:00+00:00,117.06,117.06,117.06,117.06,594.0,present
3563,2025-07-29 04:00:00+00:00,117.06,117.4,116.5,116.56,97773.0,present
3564,2025-07-29 06:00:00+00:00,116.56,118.76,116.14,118.64,735330.0,present
3565,2025-07-29 08:00:00+00:00,118.66,122.12,118.42,120.32,2010224.0,present
3566,2025-07-29 10:00:00+00:00,120.34,120.98,119.8,120.34,612230.0,present
3567,2025-07-29 12:00:00+00:00,120.34,122.0,120.22,121.88,1384850.0,present
3568,2025-07-29 12:00:00+00:00,120.34,122.0,120.22,121.88,1384850.0,present
3569,2025-07-29 14:00:00+00:00,121.86,123.32,121.5,122.88,1198199.0,present
3570,2025-07-29 16:00:00+00:00,122.86,122.9,121.5,121.6,928595.0,present
3571,2025-07-29 18:00:00+00:00,121.58,122.56,121.5,122.52,470095.0,present
3572,2025-07-29 20:00:00+00:00,122.52,123.0,122.32,122.9,111752.0,present
3573,2025-07-29 22:00:00+00:00,122.64666666666666,122.96666666666667,122.51333333333334,122.9,75404.0,interpolated
3574,2025-07-30 00:00:00+00:00,122.77333333333334,122.93333333333334,122.70666666666666,122.9,39056.0,interpolated
3575,2025-07-30 02:00:00+00:00,122.9,122.9,122.9,122.9,2708.0,present
3576,2025-07-30 04:00:00+00:00,122.98,123.2,121.74,121.92,249809.0,present
3577,2025-07-30 06:00:00+00:00,121.96,122.72,121.5,121.58,611037.0,present
3578,2025-07-30 08:00:00+00:00,121.58,121.86,120.62,120.88,646581.0,present
3579,2025-07-30 10:00:00+00:00,120.9,121.44,120.66,120.96,363434.0,present
3580,2025-07-30 12:00:00+00:00,120.96,121.34,119.86,120.34,599539.0,present
3581,2025-07-30 14:00:00+00:00,120.36,121.34,120.22,120.86,275125.0,present
3582,2025-07-30 16:00:00+00:00,120.88,120.94,120.24,120.38,176838.0,present
3583,2025-07-30 18:00:00+00:00,120.4,120.6,119.16,119.44,421251.0,present
3584,2025-07-30 20:00:00+00:00,119.42,119.56,119.2,119.46,54889.0,present
3585,2025-07-30 22:00:00+00:00,119.53333333333333,119.62666666666667,119.38666666666667,119.56,36771.0,interpolated
3586,2025-07-31 00:00:00+00:00,119.64666666666668,119.69333333333334,119.57333333333334,119.66,18653.0,interpolated
3587,2025-07-31 02:00:00+00:00,119.76,119.76,119.76,119.76,535.0,present
3588,2025-07-31 04:00:00+00:00,119.76,120.1,118.92,119.9,138922.0,present
3589,2025-07-31 06:00:00+00:00,119.9,121.6,119.0,119.08,931453.0,present
3590,2025-07-31 08:00:00+00:00,119.1,119.5,117.82,119.2,715486.0,present
3591,2025-07-31 10:00:00+00:00,119.2,119.8,118.68,119.2,322602.0,present
3592,2025-07-31 12:00:00+00:00,119.18,119.9,118.98,119.6,299807.0,present
3593,2025-07-31 14:00:00+00:00,119.56,119.9,119.16,119.84,120056.0,present
3594,2025-07-31 16:00:00+00:00,119.84,120.92,119.74,120.46,256241.0,present
3595,2025-07-31 18:00:00+00:00,120.44,120.46,119.94,120.42,85244.0,present
3596,2025-07-31 20:00:00+00:00,120.44,120.86,120.34,120.86,35007.0,present
3597,2025-07-31 22:00:00+00:00,120.75333333333333,121.03333333333333,120.68666666666667,121.03333333333333,23587.0,interpolated
3598,2025-08-01 00:00:00+00:00,121.06666666666666,121.20666666666666,121.03333333333333,121.20666666666666,12167.0,interpolated
3599,2025-08-01 02:00:00+00:00,121.38,121.38,121.38,121.38,747.0,present
3600,2025-08-01 04:00:00+00:00,121.26,121.9,120.72,121.24,170645.0,present
3601,2025-08-01 06:00:00+00:00,121.24,121.6,120.52,120.78,250813.0,present
3602,2025-08-01 08:00:00+00:00,120.76,120.8,120.04,120.26,171953.0,present
3603,2025-08-01 10:00:00+00:00,120.28,120.56,118.86,119.1,297106.0,present
3604,2025-08-01 12:00:00+00:00,119.1,119.72,119.02,119.32,166617.0,present
3605,2025-08-01 14:00:00+00:00,119.3,119.8,119.1,119.42,95805.0,present
3606,2025-08-01 16:00:00+00:00,119.52,119.6,118.7,119.5,195791.0,present
3607,2025-08-01 18:00:00+00:00,119.48,120.2,119.34,119.8,74976.0,present
3608,2025-08-01 20:00:00+00:00,119.82,120.18,119.8,120.12,28044.0,present
3609,2025-08-01 22:00:00+00:00,119.80962962962963,120.1562962962963,119.79037037037037,120.09851851851852,27242.40740740741,interpolated
3610,2025-08-02 00:00:00+00:00,119.79925925925926,120.1325925925926,119.78074074074074,120.07703703703704,26440.814814814814,interpolated
3611,2025-08-02 02:00:00+00:00,119.78888888888888,120.1088888888889,119.77111111111111,120.05555555555556,25639.222222222223,interpolated
3612,2025-08-02 04:00:00+00:00,119.77851851851851,120.0851851851852,119.76148148148148,120.03407407407408,24837.629629629628,interpolated
3613,2025-08-02 06:00:00+00:00,119.76814814814814,120.0614814814815,119.75185185185185,120.0125925925926,24036.037037037036,interpolated
3614,2025-08-02 08:00:00+00:00,119.75777777777778,120.03777777777779,119.74222222222222,119.99111111111111,23234.444444444445,interpolated
3615,2025-08-02 10:00:00+00:00,119.74740740740741,120.01407407407407,119.7325925925926,119.96962962962964,22432.851851851854,interpolated
3616,2025-08-02 12:00:00+00:00,119.73703703703704,119.99037037037037,119.72296296296297,119.94814814814815,21631.25925925926,interpolated
3617,2025-08-02 14:00:00+00:00,119.72666666666666,119.96666666666667,119.71333333333334,119.92666666666668,20829.666666666668,interpolated
3618,2025-08-02 16:00:00+00:00,119.71629629629629,119.94296296296297,119.70370370370371,119.90518518518519,20028.074074074073,interpolated
3619,2025-08-02 18:00:00+00:00,119.70592592592592,119.91925925925926,119.69407407407408,119.8837037037037,19226.48148148148,interpolated
3620,2025-08-02 20:00:00+00:00,119.69555555555556,119.89555555555556,119.68444444444445,119.86222222222223,18424.88888888889,interpolated
3621,2025-08-02 22:00:00+00:00,119.68518518518519,119.87185185185186,119.67481481481482,119.84074074074074,17623.2962962963,interpolated
3622,2025-08-03 00:00:00+00:00,119.67481481481481,119.84814814814816,119.66518518518518,119.81925925925927,16821.703703703704,interpolated
3623,2025-08-03 02:00:00+00:00,119.66444444444444,119.82444444444445,119.65555555555555,119.79777777777778,16020.111111111111,interpolated
3624,2025-08-03 04:00:00+00:00,119.65407407407407,119.80074074074075,119.64592592592592,119.77629629629631,15218.518518518518,interpolated
3625,2025-08-03 06:00:00+00:00,119.64370370370371,119.77703703703705,119.6362962962963,119.75481481481482,14416.925925925927,interpolated
3626,2025-08-03 08:00:00+00:00,119.63333333333334,119.75333333333334,119.62666666666667,119.73333333333333,13615.333333333334,interpolated
3627,2025-08-03 10:00:00+00:00,119.62296296296296,119.72962962962964,119.61703703703704,119.71185185185186,12813.74074074074,interpolated
3628,2025-08-03 12:00:00+00:00,119.61259259259259,119.70592592592594,119.60740740740741,119.69037037037037,12012.14814814815,interpolated
3629,2025-08-03 14:00:00+00:00,119.60222222222222,119.68222222222222,119.59777777777778,119.6688888888889,11210.555555555555,interpolated
3630,2025-08-03 16:00:00+00:00,119.59185185185186,119.65851851851852,119.58814814814815,119.64740740740741,10408.962962962964,interpolated
3631,2025-08-03 18:00:00+00:00,119.58148148148149,119.63481481481482,119.57851851851852,119.62592592592593,9607.370370370372,interpolated
3632,2025-08-03 20:00:00+00:00,119.57111111111112,119.61111111111111,119.56888888888889,119.60444444444445,8805.777777777777,interpolated
3633,2025-08-03 22:00:00+00:00,119.56074074074074,119.58740740740741,119.55925925925926,119.58296296296297,8004.185185185186,interpolated
3634,2025-08-04 00:00:00+00:00,119.55037037037037,119.56370370370371,119.54962962962964,119.5614814814815,7202.592592592595,interpolated
3635,2025-08-04 02:00:00+00:00,119.54,119.54,119.54,119.54,6401.0,present
3636,2025-08-04 04:00:00+00:00,119.56,120.5,119.54,119.86,85703.0,present
3637,2025-08-04 06:00:00+00:00,119.86,119.86,118.42,119.1,249630.0,present
3638,2025-08-04 08:00:00+00:00,119.1,120.76,118.98,120.72,243519.0,present
3639,2025-08-04 10:00:00+00:00,120.72,120.78,120.0,120.08,129374.0,present
3640,2025-08-04 12:00:00+00:00,120.08,120.62,119.66,120.5,187723.0,present
3641,2025-08-04 14:00:00+00:00,120.5,121.7,120.14,121.46,262919.0,present
3642,2025-08-04 16:00:00+00:00,121.96,121.96,120.84,121.18,126688.0,present
3643,2025-08-04 18:00:00+00:00,121.16,121.28,120.5,120.58,100580.0,present
3644,2025-08-04 20:00:00+00:00,120.58,120.94,120.5,120.68,32345.0,present
3645,2025-08-04 22:00:00+00:00,120.73333333333333,120.97333333333333,120.68,120.80000000000001,21605.666666666668,interpolated
3646,2025-08-05 00:00:00+00:00,120.88666666666667,121.00666666666667,120.86,120.92,10866.333333333336,interpolated
3647,2025-08-05 02:00:00+00:00,121.04,121.04,121.04,121.04,127.0,present
3648,2025-08-05 04:00:00+00:00,121.0,121.44,120.5,121.22,107376.0,present
3649,2025-08-05 06:00:00+00:00,121.18,121.7,121.02,121.3,153881.0,present
3650,2025-08-05 08:00:00+00:00,121.28,121.28,120.12,120.38,202168.0,present
3651,2025-08-05 10:00:00+00:00,120.38,120.88,120.34,120.78,95313.0,present
3652,2025-08-05 12:00:00+00:00,120.76,122.14,120.3,121.86,283633.0,present
3653,2025-08-05 12:00:00+00:00,120.76,122.14,120.3,121.86,283633.0,present
3654,2025-08-05 14:00:00+00:00,121.86,122.12,121.24,121.7,137735.0,present
3655,2025-08-05 16:00:00+00:00,121.7,122.36,121.58,121.82,160832.0,present
3656,2025-08-05 18:00:00+00:00,121.82,122.0,121.76,121.92,27531.0,present
3657,2025-08-05 20:00:00+00:00,121.92,122.26,121.9,122.16,15025.0,present
3658,2025-08-05 22:00:00+00:00,122.08,122.30666666666667,122.06666666666668,122.24,10513.333333333332,interpolated
3659,2025-08-06 00:00:00+00:00,122.24000000000001,122.35333333333334,122.23333333333333,122.32000000000001,6001.666666666666,interpolated
3660,2025-08-06 02:00:00+00:00,122.4,122.4,122.4,122.4,1490.0,present
3661,2025-08-06 04:00:00+00:00,122.38,122.48,121.9,121.98,58943.0,present
3662,2025-08-06 06:00:00+00:00,121.98,122.3,120.94,121.38,300981.0,present
3663,2025-08-06 08:00:00+00:00,121.38,121.66,120.98,121.16,187052.0,present
3664,2025-08-06 10:00:00+00:00,121.18,121.5,120.86,121.5,182382.0,present
3665,2025-08-06 12:00:00+00:00,121.5,121.5,120.86,120.94,288798.0,present
3666,2025-08-06 14:00:00+00:00,120.9,121.5,119.82,120.44,471779.0,present
3667,2025-08-06 16:00:00+00:00,120.6,122.26,119.7,121.88,550906.0,present
3668,2025-08-06 18:00:00+00:00,121.88,126.48,121.86,124.44,1438716.0,present
3669,2025-08-06 20:00:00+00:00,124.5,124.7,123.02,123.7,299908.0,present
3670,2025-08-06 22:00:00+00:00,124.23333333333333,124.36666666666667,123.24666666666667,123.7,200191.6666666667,interpolated
3671,2025-08-07 00:00:00+00:00,123.96666666666667,124.03333333333333,123.47333333333333,123.7,100475.33333333334,interpolated
3672,2025-08-07 02:00:00+00:00,123.7,123.7,123.7,123.7,759.0,present
3673,2025-08-07 04:00:00+00:00,123.66,124.04,123.2,124.02,111594.0,present
3674,2025-08-07 06:00:00+00:00,124.04,124.16,122.92,123.4,289576.0,present
3675,2025-08-07 08:00:00+00:00,123.4,127.8,123.4,126.64,1266429.0,present
3676,2025-08-07 10:00:00+00:00,126.66,127.44,125.8,126.6,631790.0,present
3677,2025-08-07 12:00:00+00:00,126.6,127.0,125.5,126.18,438528.0,present
3678,2025-08-07 14:00:00+00:00,126.14,126.4,124.56,124.84,501710.0,present
3679,2025-08-07 16:00:00+00:00,124.68,125.54,124.0,124.52,228372.0,present
3680,2025-08-07 18:00:00+00:00,124.5,125.74,124.44,125.14,154313.0,present
3681,2025-08-07 20:00:00+00:00,125.2,125.86,124.7,125.5,103565.0,present
3682,2025-08-07 22:00:00+00:00,125.46666666666667,125.90666666666667,125.13333333333334,125.66666666666667,69167.0,interpolated
3683,2025-08-08 00:00:00+00:00,125.73333333333333,125.95333333333333,125.56666666666666,125.83333333333333,34769.0,interpolated
3684,2025-08-08 02:00:00+00:00,126.0,126.0,126.0,126.0,371.0,present
3685,2025-08-08 04:00:00+00:00,126.0,126.68,125.34,125.96,116290.0,present
3686,2025-08-08 06:00:00+00:00,125.92,125.96,125.02,125.2,114332.0,present
3687,2025-08-08 08:00:00+00:00,125.1,125.1,124.1,124.22,224704.0,present
3688,2025-08-08 10:00:00+00:00,124.24,126.28,124.14,126.1,329637.0,present
3689,2025-08-08 12:00:00+00:00,126.1,126.46,125.82,126.3,216571.0,present
3690,2025-08-08 14:00:00+00:00,126.32,127.7,126.18,127.22,450416.0,present
3691,2025-08-08 16:00:00+00:00,127.1,127.36,126.64,127.24,112312.0,present
3692,2025-08-08 18:00:00+00:00,127.28,127.62,126.88,127.14,118765.0,present
3693,2025-08-08 20:00:00+00:00,127.12,128.8,127.04,128.3,363073.0,present
3694,2025-08-08 22:00:00+00:00,127.22666666666667,128.84444444444446,127.14962962962963,128.36296296296297,350229.25925925927,interpolated
3695,2025-08-09 00:00:00+00:00,127.33333333333334,128.88888888888889,127.25925925925927,128.42592592592592,337385.51851851854,interpolated
3696,2025-08-09 02:00:00+00:00,127.44,128.93333333333334,127.36888888888889,128.4888888888889,324541.77777777775,interpolated
3697,2025-08-09 04:00:00+00:00,127.54666666666667,128.9777777777778,127.47851851851853,128.55185185185186,311698.037037037,interpolated
3698,2025-08-09 06:00:00+00:00,127.65333333333334,129.02222222222224,127.58814814814815,128.61481481481482,298854.2962962963,interpolated
3699,2025-08-09 08:00:00+00:00,127.76,129.06666666666666,127.69777777777779,128.67777777777778,286010.55555555556,interpolated
3700,2025-08-09 10:00:00+00:00,127.86666666666667,129.11111111111111,127.80740740740741,128.74074074074076,273166.81481481483,interpolated
3701,2025-08-09 12:00:00+00:00,127.97333333333334,129.15555555555557,127.91703703703705,128.80370370370372,260323.07407407407,interpolated
3702,2025-08-09 14:00:00+00:00,128.08,129.20000000000002,128.02666666666667,128.86666666666667,247479.3333333333,interpolated
3703,2025-08-09 16:00:00+00:00,128.18666666666667,129.24444444444444,128.1362962962963,128.92962962962963,234635.59259259258,interpolated
3704,2025-08-09 18:00:00+00:00,128.29333333333332,129.2888888888889,128.24592592592592,128.9925925925926,221791.85185185185,interpolated
3705,2025-08-09 20:00:00+00:00,128.4,129.33333333333334,128.35555555555555,129.05555555555557,208948.11111111112,interpolated
3706,2025-08-09 22:00:00+00:00,128.50666666666666,129.3777777777778,128.4651851851852,129.11851851851853,196104.37037037036,interpolated
3707,2025-08-10 00:00:00+00:00,128.61333333333334,129.42222222222222,128.57481481481483,129.18148148148148,183260.62962962964,interpolated
3708,2025-08-10 02:00:00+00:00,128.72,129.46666666666667,128.68444444444444,129.24444444444444,170416.8888888889,interpolated
3709,2025-08-10 04:00:00+00:00,128.82666666666668,129.51111111111112,128.79407407407408,129.30740740740742,157573.14814814815,interpolated
3710,2025-08-10 06:00:00+00:00,128.93333333333334,129.55555555555557,128.9037037037037,129.37037037037038,144729.40740740742,interpolated
3711,2025-08-10 08:00:00+00:00,129.04,129.6,129.01333333333332,129.43333333333334,131885.66666666666,interpolated
3712,2025-08-10 10:00:00+00:00,129.14666666666668,129.64444444444445,129.12296296296296,129.4962962962963,119041.92592592593,interpolated
3713,2025-08-10 12:00:00+00:00,129.25333333333333,129.6888888888889,129.2325925925926,129.55925925925925,106198.1851851852,interpolated
3714,2025-08-10 14:00:00+00:00,129.36,129.73333333333335,129.34222222222223,129.62222222222223,93354.44444444444,interpolated
3715,2025-08-10 16:00:00+00:00,129.46666666666667,129.77777777777777,129.45185185185184,129.6851851851852,80510.70370370371,interpolated
3716,2025-08-10 18:00:00+00:00,129.57333333333332,129.82222222222222,129.56148148148148,129.74814814814815,67666.96296296298,interpolated
3717,2025-08-10 20:00:00+00:00,129.68,129.86666666666667,129.67111111111112,129.8111111111111,54823.22222222225,interpolated
3718,2025-08-10 22:00:00+00:00,129.78666666666666,129.91111111111113,129.78074074074075,129.8740740740741,41979.48148148146,interpolated
3719,2025-08-11 00:00:00+00:00,129.89333333333335,129.95555555555555,129.89037037037036,129.93703703703704,29135.74074074073,interpolated
3720,2025-08-11 02:00:00+00:00,130.0,130.0,130.0,130.0,16292.0,present
3721,2025-08-11 04:00:00+00:00,129.98,130.96,129.42,129.96,664425.0,present
3722,2025-08-11 06:00:00+00:00,129.94,129.96,128.82,128.96,563324.0,present
3723,2025-08-11 08:00:00+00:00,128.96,129.48,128.82,128.82,344539.0,present
3724,2025-08-11 10:00:00+00:00,128.86,129.86,128.3,128.98,430004.0,present
3725,2025-08-11 12:00:00+00:00,129.0,129.74,128.3,129.48,282852.0,present
3726,2025-08-11 14:00:00+00:00,129.5,129.8,128.06,128.38,400623.0,present
3727,2025-08-11 16:00:00+00:00,128.38,128.58,126.9,127.16,270391.0,present
3728,2025-08-11 18:00:00+00:00,127.18,128.08,127.16,128.06,78694.0,present
3729,2025-08-11 20:00:00+00:00,128.04,128.32,127.96,128.1,19438.0,present
3730,2025-08-11 22:00:00+00:00,128.09333333333333,128.28,128.04,128.13333333333333,12995.666666666668,interpolated
3731,2025-08-12 00:00:00+00:00,128.14666666666665,128.23999999999998,128.12,128.16666666666666,6553.333333333334,interpolated
3732,2025-08-12 02:00:00+00:00,128.2,128.2,128.2,128.2,111.0,present
3733,2025-08-12 04:00:00+00:00,128.14,128.52,127.04,127.4,76402.0,present
3734,2025-08-12 06:00:00+00:00,127.4,127.8,126.54,126.82,211794.0,present
3735,2025-08-12 08:00:00+00:00,126.82,127.66,126.62,127.4,269972.0,present
3736,2025-08-12 10:00:00+00:00,127.4,128.0,126.9,127.32,158760.0,present
3737,2025-08-12 12:00:00+00:00,127.32,128.02,126.92,127.84,160058.0,present
3738,2025-08-12 12:00:00+00:00,127.32,128.02,126.92,127.84,160058.0,present
3739,2025-08-12 14:00:00+00:00,127.84,128.68,127.62,128.5,193227.0,present
3740,2025-08-12 16:00:00+00:00,128.5,128.62,127.82,127.96,72125.0,present
3741,2025-08-12 18:00:00+00:00,127.96,128.5,127.96,128.38,51133.0,present
3742,2025-08-12 20:00:00+00:00,128.38,128.46,128.2,128.2,16104.0,present
3743,2025-08-12 22:00:00+00:00,128.35999999999999,128.41333333333333,128.23999999999998,128.23999999999998,10789.666666666666,interpolated
3744,2025-08-13 00:00:00+00:00,128.34,128.36666666666667,128.28,128.28,5475.333333333332,interpolated
3745,2025-08-13 02:00:00+00:00,128.32,128.32,128.32,128.32,161.0,present
3746,2025-08-13 04:00:00+00:00,128.32,129.0,128.2,128.8,62049.0,present
3747,2025-08-13 06:00:00+00:00,128.76,129.26,127.86,127.86,162733.0,present
3748,2025-08-13 08:00:00+00:00,127.86,128.76,127.72,128.26,183504.0,present
3749,2025-08-13 10:00:00+00:00,128.26,128.46,127.58,127.7,215587.0,present
3750,2025-08-13 12:00:00+00:00,127.68,129.14,127.66,128.62,288536.0,present
3751,2025-08-13 14:00:00+00:00,128.62,129.3,128.5,128.98,147918.0,present
3752,2025-08-13 16:00:00+00:00,128.98,129.5,128.14,128.3,147348.0,present
3753,2025-08-13 18:00:00+00:00,128.3,128.52,128.02,128.4,65184.0,present
3754,2025-08-13 20:00:00+00:00,128.4,128.44,127.88,128.2,58566.0,present
3755,2025-08-13 22:00:00+00:00,128.17333333333335,128.2,127.82666666666667,128.04,39666.666666666664,interpolated
3756,2025-08-14 00:00:00+00:00,127.94666666666667,127.96,127.77333333333333,127.88,20767.33333333333,interpolated
3757,2025-08-14 02:00:00+00:00,127.72,127.72,127.72,127.72,1868.0,present
3758,2025-08-14 04:00:00+00:00,127.72,128.16,127.14,127.9,81154.0,present
3759,2025-08-14 06:00:00+00:00,127.9,128.38,127.08,128.18,182269.0,present
3760,2025-08-14 08:00:00+00:00,128.18,128.42,127.42,128.08,230244.0,present
3761,2025-08-14 10:00:00+00:00,128.02,129.0,127.78,129.0,233160.0,present
3762,2025-08-14 12:00:00+00:00,129.0,131.5,128.86,131.2,779581.0,present
3763,2025-08-14 14:00:00+00:00,131.22,131.5,130.38,131.1,571997.0,present
3764,2025-08-14 16:00:00+00:00,131.08,131.28,130.56,131.24,131137.0,present
3765,2025-08-14 18:00:00+00:00,131.24,131.64,131.12,131.5,274458.0,present
3766,2025-08-14 20:00:00+00:00,131.52,131.6,131.22,131.46,61264.0,present
3767,2025-08-14 22:00:00+00:00,131.56,131.61333333333332,131.35999999999999,131.52,40892.33333333333,interpolated
3768,2025-08-15 00:00:00+00:00,131.6,131.62666666666667,131.5,131.57999999999998,20520.666666666664,interpolated
3769,2025-08-15 02:00:00+00:00,131.64,131.64,131.64,131.64,149.0,present
3770,2025-08-15 04:00:00+00:00,131.62,131.8,131.18,131.54,104444.0,present
3771,2025-08-15 06:00:00+00:00,131.54,131.76,131.2,131.48,136661.0,present
3772,2025-08-15 08:00:00+00:00,131.5,132.64,131.32,131.76,848369.0,present
3773,2025-08-15 10:00:00+00:00,131.74,132.28,131.34,131.7,349877.0,present
3774,2025-08-15 12:00:00+00:00,131.66,131.78,130.6,131.4,324053.0,present
3775,2025-08-15 14:00:00+00:00,131.4,132.0,131.36,131.86,281565.0,present
3776,2025-08-15 16:00:00+00:00,131.76,131.88,130.76,131.0,307787.0,present
3777,2025-08-15 18:00:00+00:00,131.0,131.36,130.52,130.84,188051.0,present
3778,2025-08-15 20:00:00+00:00,130.88,130.88,130.1,130.58,107565.0,present
3779,2025-08-15 22:00:00+00:00,130.472,130.472,129.424,130.0,144972.0,interpolated
3780,2025-08-16 00:00:00+00:00,130.064,130.064,128.748,129.42000000000002,182379.0,interpolated
3781,2025-08-16 02:00:00+00:00,129.656,129.656,128.072,128.84,219786.0,interpolated
3782,2025-08-16 04:00:00+00:00,129.248,129.248,127.396,128.26000000000002,257193.0,interpolated
3783,2025-08-16 06:00:00+00:00,128.84,128.84,126.72,127.68,294600.0,present
3784,2025-08-16 08:00:00+00:00,127.7,127.7,126.6,126.74,213175.0,present
3785,2025-08-16 10:00:00+00:00,126.76,126.88,126.64,126.86,58331.0,present
3786,2025-08-16 12:00:00+00:00,126.86,127.22,126.76,127.06,34270.0,present
3787,2025-08-16 14:00:00+00:00,127.1,127.1,126.86,126.98,21723.0,present
3788,2025-08-16 16:00:00+00:00,127.08999999999999,127.11,126.8275,126.9325,29236.5,interpolated
3789,2025-08-16 18:00:00+00:00,127.08,127.12,126.795,126.885,36750.0,interpolated
3790,2025-08-16 20:00:00+00:00,127.07,127.13,126.7625,126.8375,44263.5,interpolated
3791,2025-08-16 22:00:00+00:00,127.06,127.14,126.72999999999999,126.78999999999999,51777.0,interpolated
3792,2025-08-17 00:00:00+00:00,127.05,127.15,126.69749999999999,126.74249999999999,59290.5,interpolated
3793,2025-08-17 02:00:00+00:00,127.03999999999999,127.16,126.66499999999999,126.695,66804.0,interpolated
3794,2025-08-17 04:00:00+00:00,127.03,127.17,126.6325,126.6475,74317.5,interpolated
3795,2025-08-17 06:00:00+00:00,127.02,127.18,126.6,126.6,81831.0,present
3796,2025-08-17 08:00:00+00:00,126.6,126.6,126.6,126.6,35379.0,present
3797,2025-08-17 10:00:00+00:00,126.6,126.7,126.6,126.6,13563.0,present
3798,2025-08-17 12:00:00+00:00,126.6,126.66,126.6,126.6,17078.0,present
3799,2025-08-17 14:00:00+00:00,126.6,126.6,126.6,126.6,10116.0,present
3800,2025-08-17 16:00:00+00:00,126.56333333333333,126.56333333333333,126.56333333333333,126.56333333333333,8658.166666666666,interpolated
3801,2025-08-17 18:00:00+00:00,126.52666666666666,126.52666666666666,126.52666666666666,126.52666666666666,7200.333333333334,interpolated
3802,2025-08-17 20:00:00+00:00,126.49,126.49,126.49,126.49,5742.5,interpolated
3803,2025-08-17 22:00:00+00:00,126.45333333333333,126.45333333333333,126.45333333333333,126.45333333333333,4284.666666666667,interpolated
3804,2025-08-18 00:00:00+00:00,126.41666666666666,126.41666666666666,126.41666666666666,126.41666666666666,2826.833333333333,interpolated
3805,2025-08-18 02:00:00+00:00,126.38,126.38,126.38,126.38,1369.0,present
3806,2025-08-18 04:00:00+00:00,126.36,127.86,125.44,127.64,326092.0,present
3807,2025-08-18 06:00:00+00:00,127.64,127.64,127.04,127.04,186440.0,present
3808,2025-08-18 08:00:00+00:00,127.04,128.8,127.02,128.5,281655.0,present
3809,2025-08-18 10:00:00+00:00,128.52,129.08,128.26,129.06,99781.0,present
3810,2025-08-18 12:00:00+00:00,129.06,129.76,128.46,129.38,232746.0,present
3811,2025-08-18 14:00:00+00:00,129.38,129.38,127.72,127.76,212837.0,present
3812,2025-08-18 16:00:00+00:00,127.74,129.18,127.72,128.76,123433.0,present
3813,2025-08-18 18:00:00+00:00,128.76,131.4,128.48,129.76,569526.0,present
3814,2025-08-18 20:00:00+00:00,129.82,130.08,129.4,129.88,79152.0,present
3815,2025-08-18 22:00:00+00:00,129.88666666666666,130.06,129.60666666666668,129.92666666666668,54127.33333333333,interpolated
3816,2025-08-19 00:00:00+00:00,129.95333333333335,130.04000000000002,129.81333333333333,129.97333333333333,29102.666666666664,interpolated
3817,2025-08-19 02:00:00+00:00,130.02,130.02,130.02,130.02,4078.0,present
3818,2025-08-19 04:00:00+00:00,130.02,130.6,129.4,129.9,177668.0,present
3819,2025-08-19 06:00:00+00:00,129.82,130.44,129.46,129.74,220882.0,present
3820,2025-08-19 08:00:00+00:00,129.7,131.0,129.52,130.0,396413.0,present
3821,2025-08-19 10:00:00+00:00,130.0,130.72,129.92,130.42,125920.0,present
3822,2025-08-19 12:00:00+00:00,130.42,130.58,129.44,130.2,191150.0,present
3823,2025-08-19 12:00:00+00:00,130.42,130.58,129.44,130.2,191150.0,present
3824,2025-08-19 14:00:00+00:00,130.2,130.2,127.8,128.0,368107.0,present
3825,2025-08-19 16:00:00+00:00,128.0,129.22,127.9,128.66,208012.0,present
3826,2025-08-19 18:00:00+00:00,128.66,128.78,128.5,128.54,17548.0,present
3827,2025-08-19 20:00:00+00:00,128.56,128.74,127.84,128.34,48655.0,present
3828,2025-08-19 22:00:00+00:00,128.48666666666668,128.60666666666668,128.00666666666666,128.34,32477.0,interpolated
3829,2025-08-20 00:00:00+00:00,128.41333333333333,128.47333333333333,128.17333333333335,128.34,16299.0,interpolated
3830,2025-08-20 02:00:00+00:00,128.34,128.34,128.34,128.34,121.0,present
3831,2025-08-20 04:00:00+00:00,128.34,129.08,128.34,128.74,38992.0,present
3832,2025-08-20 06:00:00+00:00,128.68,129.06,128.0,128.28,108623.0,present
3833,2025-08-20 08:00:00+00:00,128.22,128.56,127.84,127.94,175695.0,present
3834,2025-08-20 10:00:00+00:00,127.9,127.9,126.46,126.96,269619.0,present
3835,2025-08-20 12:00:00+00:00,126.96,127.06,125.74,125.88,265066.0,present
3836,2025-08-20 14:00:00+00:00,125.9,126.3,125.5,126.16,171611.0,present
3837,2025-08-20 16:00:00+00:00,126.2,126.22,125.3,125.98,166566.0,present
3838,2025-08-20 18:00:00+00:00,126.02,126.02,125.52,125.82,57875.0,present
3839,2025-08-20 20:00:00+00:00,125.8,125.84,125.52,125.72,30704.0,present
3840,2025-08-20 22:00:00+00:00,125.77333333333333,125.8,125.58666666666666,125.72,20510.0,interpolated
3841,2025-08-21 00:00:00+00:00,125.74666666666667,125.76,125.65333333333334,125.72,10316.0,interpolated
3842,2025-08-21 02:00:00+00:00,125.72,125.72,125.72,125.72,122.0,present
3843,2025-08-21 04:00:00+00:00,125.7,126.12,125.36,125.48,52736.0,present
3844,2025-08-21 06:00:00+00:00,125.46,125.74,123.68,124.22,295790.0,present
3845,2025-08-21 08:00:00+00:00,124.22,124.48,122.32,123.26,742741.0,present
3846,2025-08-21 10:00:00+00:00,123.26,124.28,122.24,123.6,357408.0,present
3847,2025-08-21 12:00:00+00:00,123.56,123.86,121.82,121.94,236716.0,present
3848,2025-08-21 14:00:00+00:00,121.96,122.6,121.76,121.9,252787.0,present
3849,2025-08-21 16:00:00+00:00,121.9,122.26,121.5,122.0,168594.0,present
3850,2025-08-21 18:00:00+00:00,122.0,122.14,121.66,121.66,61575.0,present
3851,2025-08-21 20:00:00+00:00,121.68,121.92,121.66,121.8,36152.0,present
3852,2025-08-21 22:00:00+00:00,121.77333333333334,121.93333333333334,121.75999999999999,121.85333333333332,24153.333333333336,interpolated
3853,2025-08-22 00:00:00+00:00,121.86666666666666,121.94666666666666,121.86,121.90666666666667,12154.666666666668,interpolated
3854,2025-08-22 02:00:00+00:00,121.96,121.96,121.96,121.96,156.0,present
3855,2025-08-22 04:00:00+00:00,121.96,122.14,120.98,122.02,123785.0,present
3856,2025-08-22 06:00:00+00:00,122.02,122.92,121.6,122.14,268154.0,present
3857,2025-08-22 08:00:00+00:00,122.14,123.48,122.06,123.34,233144.0,present
3858,2025-08-22 10:00:00+00:00,123.32,124.52,123.28,123.92,279100.0,present
3859,2025-08-22 12:00:00+00:00,123.96,124.16,122.42,122.5,292477.0,present
3860,2025-08-22 14:00:00+00:00,122.52,123.06,121.82,123.02,207046.0,present
3861,2025-08-22 16:00:00+00:00,123.04,123.34,122.46,122.62,86055.0,present
3862,2025-08-22 18:00:00+00:00,122.6,122.88,122.46,122.74,39276.0,present
3863,2025-08-22 20:00:00+00:00,122.78,123.0,122.7,122.94,17112.0,present
3864,2025-08-22 22:00:00+00:00,122.828,123.06,122.752,122.96,15687.4,interpolated
3865,2025-08-23 00:00:00+00:00,122.876,123.12,122.804,122.98,14262.8,interpolated
3866,2025-08-23 02:00:00+00:00,122.92399999999999,123.17999999999999,122.856,123.0,12838.2,interpolated
3867,2025-08-23 04:00:00+00:00,122.972,123.24,122.908,123.02000000000001,11413.599999999999,interpolated
3868,2025-08-23 06:00:00+00:00,123.02,123.3,122.96,123.04,9989.0,present
3869,2025-08-23 08:00:00+00:00,123.04,123.28,123.04,123.22,7577.0,present
3870,2025-08-23 10:00:00+00:00,123.22,123.22,123.02,123.04,2669.0,present
3871,2025-08-23 12:00:00+00:00,123.04,123.16,123.0,123.1,3532.0,present
3872,2025-08-23 14:00:00+00:00,123.16,123.18,122.92,123.1,6782.0,present
3873,2025-08-23 16:00:00+00:00,123.1525,123.20500000000001,122.8275,123.0175,8199.625,interpolated
3874,2025-08-23 18:00:00+00:00,123.145,123.23,122.735,122.935,9617.25,interpolated
3875,2025-08-23 20:00:00+00:00,123.13749999999999,123.255,122.6425,122.85249999999999,11034.875,interpolated
3876,2025-08-23 22:00:00+00:00,123.13,123.28,122.55000000000001,122.77,12452.5,interpolated
3877,2025-08-24 00:00:00+00:00,123.1225,123.305,122.45750000000001,122.6875,13870.125,interpolated
3878,2025-08-24 02:00:00+00:00,123.115,123.33,122.36500000000001,122.60499999999999,15287.75,interpolated
3879,2025-08-24 04:00:00+00:00,123.10749999999999,123.35499999999999,122.27250000000001,122.5225,16705.375,interpolated
3880,2025-08-24 06:00:00+00:00,123.1,123.38,122.18,122.44,18123.0,present
3881,2025-08-24 08:00:00+00:00,122.48,122.5,122.18,122.3,9936.0,present
3882,2025-08-24 10:00:00+00:00,122.3,122.44,122.02,122.06,15369.0,present
3883,2025-08-24 12:00:00+00:00,122.06,122.2,122.02,122.16,6621.0,present
3884,2025-08-24 14:00:00+00:00,122.18,122.28,121.94,122.12,12978.0,present
3885,2025-08-24 16:00:00+00:00,122.13000000000001,122.21333333333334,121.92999999999999,122.08,10996.0,interpolated
3886,2025-08-24 18:00:00+00:00,122.08,122.14666666666666,121.92,122.04,9014.0,interpolated
3887,2025-08-24 20:00:00+00:00,122.03,122.08,121.91,122.0,7032.0,interpolated
3888,2025-08-24 22:00:00+00:00,121.98,122.01333333333334,121.89999999999999,121.96,5050.0,interpolated
3889,2025-08-25 00:00:00+00:00,121.92999999999999,121.94666666666666,121.89,121.92,3068.0,interpolated
3890,2025-08-25 02:00:00+00:00,121.88,121.88,121.88,121.88,1086.0,present
3891,2025-08-25 04:00:00+00:00,122.0,122.58,121.82,122.52,61828.0,present
3892,2025-08-25 06:00:00+00:00,122.5,122.5,121.5,122.12,112646.0,present
3893,2025-08-25 08:00:00+00:00,122.12,122.2,120.32,120.54,296024.0,present
3894,2025-08-25 10:00:00+00:00,120.54,121.18,120.1,120.82,212845.0,present
3895,2025-08-25 12:00:00+00:00,120.86,122.7,120.0,122.44,267293.0,present
3896,2025-08-25 14:00:00+00:00,122.48,123.1,122.14,122.88,173774.0,present
3897,2025-08-25 16:00:00+00:00,122.88,123.66,122.78,123.44,94194.0,present
3898,2025-08-25 18:00:00+00:00,123.44,123.46,123.18,123.36,18729.0,present
3899,2025-08-25 20:00:00+00:00,123.36,123.42,123.22,123.42,7129.0,present
3900,2025-08-25 22:00:00+00:00,123.40666666666667,123.44666666666667,123.31333333333333,123.44666666666667,5086.666666666666,interpolated
3901,2025-08-26 00:00:00+00:00,123.45333333333333,123.47333333333333,123.40666666666667,123.47333333333333,3044.333333333333,interpolated
3902,2025-08-26 02:00:00+00:00,123.5,123.5,123.5,123.5,1002.0,present
3903,2025-08-26 04:00:00+00:00,123.48,124.26,123.42,124.0,67018.0,present
3904,2025-08-26 06:00:00+00:00,124.0,125.16,123.8,124.14,224438.0,present
3905,2025-08-26 08:00:00+00:00,124.18,124.26,123.22,123.42,149612.0,present
3906,2025-08-26 10:00:00+00:00,123.42,124.02,123.26,123.44,99123.0,present
3907,2025-08-26 12:00:00+00:00,123.4,123.52,122.18,122.32,227055.0,present
3908,2025-08-26 12:00:00+00:00,123.4,123.52,122.18,122.32,227055.0,present
3909,2025-08-26 14:00:00+00:00,122.28,122.56,121.86,122.24,137630.0,present
3910,2025-08-26 16:00:00+00:00,122.24,122.74,122.12,122.54,56991.0,present
3911,2025-08-26 18:00:00+00:00,122.56,123.0,122.52,122.94,47813.0,present
3912,2025-08-26 20:00:00+00:00,122.96,123.0,122.72,122.96,13014.0,present
3913,2025-08-26 22:00:00+00:00,122.97333333333333,123.0,122.81333333333333,122.97333333333333,8710.666666666668,interpolated
3914,2025-08-27 00:00:00+00:00,122.98666666666666,123.0,122.90666666666667,122.98666666666666,4407.333333333334,interpolated
3915,2025-08-27 02:00:00+00:00,123.0,123.0,123.0,123.0,104.0,present
3916,2025-08-27 04:00:00+00:00,123.02,123.32,122.32,122.34,37049.0,present
3917,2025-08-27 06:00:00+00:00,122.34,123.5,122.16,123.22,146743.0,present
3918,2025-08-27 08:00:00+00:00,123.22,124.28,123.22,124.04,209174.0,present
3919,2025-08-27 10:00:00+00:00,124.06,125.64,123.74,125.18,235553.0,present
3920,2025-08-27 12:00:00+00:00,125.18,126.9,125.1,126.6,536617.0,present
3921,2025-08-27 14:00:00+00:00,126.66,127.0,126.26,126.58,333454.0,present
3922,2025-08-27 16:00:00+00:00,126.58,127.0,126.42,126.88,87179.0,present
3923,2025-08-27 18:00:00+00:00,126.88,127.54,126.86,127.06,93578.0,present
3924,2025-08-27 20:00:00+00:00,127.08,127.24,126.8,127.1,34684.0,present
3925,2025-08-27 22:00:00+00:00,127.10666666666667,127.21333333333332,126.92,127.11999999999999,23404.666666666664,interpolated
3926,2025-08-28 00:00:00+00:00,127.13333333333333,127.18666666666667,127.03999999999999,127.14,12125.333333333332,interpolated
3927,2025-08-28 02:00:00+00:00,127.16,127.16,127.16,127.16,846.0,present
3928,2025-08-28 04:00:00+00:00,127.1,127.14,126.52,126.92,48827.0,present
3929,2025-08-28 06:00:00+00:00,126.94,127.0,125.94,126.18,176731.0,present
3930,2025-08-28 08:00:00+00:00,126.16,126.9,125.62,125.88,272326.0,present
3931,2025-08-28 10:00:00+00:00,125.86,126.22,125.5,125.5,207089.0,present
3932,2025-08-28 12:00:00+00:00,125.5,126.92,125.5,126.18,201900.0,present
3933,2025-08-28 14:00:00+00:00,126.22,126.8,125.92,126.5,90460.0,present
3934,2025-08-28 16:00:00+00:00,126.58,126.58,124.1,124.66,346519.0,present
3935,2025-08-28 18:00:00+00:00,124.64,125.52,124.14,124.2,147424.0,present
3936,2025-08-28 20:00:00+00:00,124.22,124.44,123.84,124.32,78514.0,present
3937,2025-08-28 22:00:00+00:00,124.32,124.46666666666667,124.06666666666666,124.38666666666666,52395.0,interpolated
3938,2025-08-29 00:00:00+00:00,124.42,124.49333333333333,124.29333333333334,124.45333333333333,26276.0,interpolated
3939,2025-08-29 02:00:00+00:00,124.52,124.52,124.52,124.52,157.0,present
3940,2025-08-29 04:00:00+00:00,124.54,125.4,124.36,125.08,91619.0,present
3941,2025-08-29 06:00:00+00:00,125.04,125.78,124.52,125.52,120131.0,present
3942,2025-08-29 08:00:00+00:00,125.54,125.7,124.76,125.08,112014.0,present
3943,2025-08-29 10:00:00+00:00,125.08,125.22,124.06,124.3,154937.0,present
3944,2025-08-29 12:00:00+00:00,124.3,124.54,124.06,124.46,69686.0,present
3945,2025-08-29 14:00:00+00:00,124.52,125.18,124.0,124.64,188511.0,present
3946,2025-08-29 16:00:00+00:00,124.6,124.86,124.38,124.5,23027.0,present
3947,2025-08-29 18:00:00+00:00,124.5,125.24,124.46,125.1,86964.0,present
3948,2025-08-29 20:00:00+00:00,125.1,125.46,125.08,125.44,27936.0,present
3949,2025-08-29 22:00:00+00:00,125.16799999999999,125.49199999999999,125.072,125.448,24116.8,interpolated
3950,2025-08-30 00:00:00+00:00,125.23599999999999,125.524,125.06400000000001,125.456,20297.6,interpolated
3951,2025-08-30 02:00:00+00:00,125.304,125.556,125.056,125.464,16478.4,interpolated
3952,2025-08-30 04:00:00+00:00,125.372,125.58800000000001,125.048,125.47200000000001,12659.2,interpolated
3953,2025-08-30 06:00:00+00:00,125.44,125.62,125.04,125.48,8840.0,present
3954,2025-08-30 08:00:00+00:00,125.58,125.68,125.14,125.5,16686.0,present
3955,2025-08-30 10:00:00+00:00,125.42,125.62,125.16,125.16,6175.0,present
3956,2025-08-30 12:00:00+00:00,125.2,125.42,125.16,125.24,4050.0,present
3957,2025-08-30 14:00:00+00:00,125.24,125.4,125.16,125.18,4595.0,present
3958,2025-08-30 16:00:00+00:00,125.235,125.42500000000001,125.1625,125.22,4744.25,interpolated
3959,2025-08-30 18:00:00+00:00,125.22999999999999,125.45,125.16499999999999,125.26,4893.5,interpolated
3960,2025-08-30 20:00:00+00:00,125.225,125.475,125.1675,125.30000000000001,5042.75,interpolated
3961,2025-08-30 22:00:00+00:00,125.22,125.5,125.17,125.34,5192.0,interpolated
3962,2025-08-31 00:00:00+00:00,125.215,125.525,125.1725,125.38,5341.25,interpolated
3963,2025-08-31 02:00:00+00:00,125.21000000000001,125.55,125.17500000000001,125.42,5490.5,interpolated
3964,2025-08-31 04:00:00+00:00,125.205,125.57499999999999,125.17750000000001,125.46000000000001,5639.75,interpolated
3965,2025-08-31 06:00:00+00:00,125.2,125.6,125.18,125.5,5789.0,present
3966,2025-08-31 08:00:00+00:00,125.5,125.78,125.42,125.76,14247.0,present
3967,2025-08-31 10:00:00+00:00,125.74,125.9,125.52,125.76,9255.0,present
3968,2025-08-31 12:00:00+00:00,125.74,125.74,125.6,125.66,2944.0,present
3969,2025-08-31 14:00:00+00:00,125.72,125.8,125.46,125.48,24484.0,present
3970,2025-08-31 16:00:00+00:00,125.69,125.75666666666666,125.47333333333333,125.49000000000001,20413.833333333332,interpolated
3971,2025-08-31 18:00:00+00:00,125.66,125.71333333333334,125.48666666666666,125.5,16343.666666666668,interpolated
3972,2025-08-31 20:00:00+00:00,125.63,125.67,125.5,125.51,12273.5,interpolated
3973,2025-08-31 22:00:00+00:00,125.60000000000001,125.62666666666667,125.51333333333334,125.52000000000001,8203.333333333334,interpolated
3974,2025-09-01 00:00:00+00:00,125.57000000000001,125.58333333333334,125.52666666666667,125.53,4133.166666666668,interpolated
3975,2025-09-01 02:00:00+00:00,125.54,125.54,125.54,125.54,63.0,present
3976,2025-09-01 04:00:00+00:00,125.7,126.26,125.48,126.0,39104.0,present
3977,2025-09-01 06:00:00+00:00,126.0,126.58,125.6,125.82,122717.0,present
3978,2025-09-01 08:00:00+00:00,125.82,126.02,125.18,125.36,80086.0,present
3979,2025-09-01 10:00:00+00:00,125.38,125.7,125.1,125.12,82644.0,present
3980,2025-09-01 12:00:00+00:00,125.12,125.68,125.02,125.24,53583.0,present
3981,2025-09-01 14:00:00+00:00,125.22,125.3,123.68,123.94,173584.0,present
3982,2025-09-01 16:00:00+00:00,124.0,124.26,122.7,123.34,144418.0,present
3983,2025-09-01 18:00:00+00:00,123.34,123.56,123.02,123.46,29303.0,present
3984,2025-09-01 20:00:00+00:00,123.46,123.52,123.02,123.2,18655.0,present
3985,2025-09-01 22:00:00+00:00,123.36666666666666,123.40666666666667,123.07333333333334,123.19333333333334,12462.333333333332,interpolated
3986,2025-09-02 00:00:00+00:00,123.27333333333334,123.29333333333334,123.12666666666667,123.18666666666667,6269.666666666666,interpolated
3987,2025-09-02 02:00:00+00:00,123.18,123.18,123.18,123.18,77.0,present
3988,2025-09-02 04:00:00+00:00,123.18,123.56,122.4,122.78,74357.0,present
3989,2025-09-02 06:00:00+00:00,122.78,123.0,122.0,122.52,158700.0,present
3990,2025-09-02 08:00:00+00:00,122.54,123.82,122.08,123.3,177118.0,present
3991,2025-09-02 10:00:00+00:00,123.28,123.64,122.8,123.62,97809.0,present
3992,2025-09-02 12:00:00+00:00,123.58,123.86,121.68,122.3,286939.0,present
3993,2025-09-02 12:00:00+00:00,123.58,123.86,121.68,122.3,286939.0,present
3994,2025-09-02 14:00:00+00:00,122.28,122.46,121.22,121.32,149475.0,present
3995,2025-09-02 16:00:00+00:00,121.3,122.06,121.3,121.58,52738.0,present
3996,2025-09-02 18:00:00+00:00,121.56,123.26,121.3,123.0,123360.0,present
3997,2025-09-02 20:00:00+00:00,123.0,123.4,123.0,123.36,17138.0,present
3998,2025-09-02 22:00:00+00:00,123.1,123.36666666666667,123.1,123.34,11631.0,interpolated
3999,2025-09-03 00:00:00+00:00,123.2,123.33333333333333,123.2,123.32,6124.0,interpolated
4000,2025-09-03 02:00:00+00:00,123.3,123.3,123.3,123.3,617.0,present
4001,2025-09-03 04:00:00+00:00,123.3,123.3,122.42,122.88,43944.0,present
4002,2025-09-03 06:00:00+00:00,122.88,123.68,122.4,122.64,112443.0,present
4003,2025-09-03 08:00:00+00:00,122.64,123.06,122.08,122.6,126856.0,present
4004,2025-09-03 10:00:00+00:00,122.6,122.98,122.3,122.66,57101.0,present
4005,2025-09-03 12:00:00+00:00,122.66,123.54,122.3,123.24,196010.0,present
4006,2025-09-03 14:00:00+00:00,123.22,124.4,123.08,123.88,207999.0,present
4007,2025-09-03 16:00:00+00:00,123.88,125.3,123.88,124.5,194935.0,present
4008,2025-09-03 18:00:00+00:00,124.5,124.78,124.28,124.6,30293.0,present
4009,2025-09-03 20:00:00+00:00,124.58,124.9,124.56,124.88,11998.0,present
4010,2025-09-03 22:00:00+00:00,124.70666666666666,124.92,124.69333333333333,124.90666666666667,8015.333333333333,interpolated
4011,2025-09-04 00:00:00+00:00,124.83333333333333,124.94,124.82666666666667,124.93333333333332,4032.666666666666,interpolated
4012,2025-09-04 02:00:00+00:00,124.96,124.96,124.96,124.96,50.0,present
4013,2025-09-04 04:00:00+00:00,124.96,125.14,124.4,124.82,54369.0,present
4014,2025-09-04 06:00:00+00:00,124.8,125.7,124.48,125.4,172279.0,present
4015,2025-09-04 08:00:00+00:00,125.4,125.44,124.12,124.8,413370.0,present
4016,2025-09-04 10:00:00+00:00,124.78,125.3,124.7,124.86,123543.0,present
4017,2025-09-04 12:00:00+00:00,124.88,125.0,124.16,124.92,99182.0,present
4018,2025-09-04 14:00:00+00:00,124.92,125.0,123.56,123.82,148704.0,present
4019,2025-09-04 16:00:00+00:00,123.84,124.04,123.34,123.88,52032.0,present
4020,2025-09-04 18:00:00+00:00,123.9,124.58,123.86,124.5,30050.0,present
4021,2025-09-04 20:00:00+00:00,124.5,125.02,124.48,124.7,29579.0,present
4022,2025-09-04 22:00:00+00:00,124.6,124.94666666666666,124.58666666666667,124.73333333333333,19755.666666666668,interpolated
4023,2025-09-05 00:00:00+00:00,124.7,124.87333333333333,124.69333333333333,124.76666666666667,9932.333333333336,interpolated
4024,2025-09-05 02:00:00+00:00,124.8,124.8,124.8,124.8,109.0,present
4025,2025-09-05 04:00:00+00:00,124.7,125.24,124.22,124.52,32844.0,present
4026,2025-09-05 06:00:00+00:00,124.54,124.8,123.64,123.72,92639.0,present
4027,2025-09-05 08:00:00+00:00,123.7,124.88,123.5,124.42,347963.0,present
4028,2025-09-05 10:00:00+00:00,124.46,124.66,124.12,124.36,85462.0,present
4029,2025-09-05 12:00:00+00:00,124.38,125.24,124.3,125.2,166140.0,present
4030,2025-09-05 14:00:00+00:00,125.22,125.96,125.2,125.3,210214.0,present
4031,2025-09-05 16:00:00+00:00,125.36,125.78,125.2,125.64,53469.0,present
4032,2025-09-05 18:00:00+00:00,125.7,126.24,125.64,126.14,54337.0,present
4033,2025-09-05 20:00:00+00:00,126.18,126.18,125.98,126.0,12252.0,present
4034,2025-09-05 22:00:00+00:00,126.144,126.208,125.932,125.968,11758.8,interpolated
4035,2025-09-06 00:00:00+00:00,126.108,126.236,125.884,125.936,11265.6,interpolated
4036,2025-09-06 02:00:00+00:00,126.072,126.264,125.836,125.904,10772.4,interpolated
4037,2025-09-06 04:00:00+00:00,126.036,126.292,125.788,125.872,10279.2,interpolated
4038,2025-09-06 06:00:00+00:00,126.0,126.32,125.74,125.84,9786.0,present
4039,2025-09-06 08:00:00+00:00,125.86,126.12,125.7,125.96,10019.0,present
4040,2025-09-06 10:00:00+00:00,125.98,126.0,125.96,125.96,1951.0,present
4041,2025-09-06 12:00:00+00:00,125.96,126.08,125.96,125.98,2178.0,present
4042,2025-09-06 14:00:00+00:00,126.0,126.16,125.96,126.14,8228.0,present
4043,2025-09-06 16:00:00+00:00,126.0,126.1825,125.96499999999999,126.14750000000001,8100.625,interpolated
4044,2025-09-06 18:00:00+00:00,126.0,126.205,125.97,126.155,7973.25,interpolated
4045,2025-09-06 20:00:00+00:00,126.0,126.22749999999999,125.975,126.1625,7845.875,interpolated
4046,2025-09-06 22:00:00+00:00,126.0,126.25,125.97999999999999,126.17,7718.5,interpolated
4047,2025-09-07 00:00:00+00:00,126.0,126.27250000000001,125.985,126.17750000000001,7591.125,interpolated
4048,2025-09-07 02:00:00+00:00,126.0,126.295,125.99,126.185,7463.75,interpolated
4049,2025-09-07 04:00:00+00:00,126.0,126.3175,125.995,126.1925,7336.375,interpolated
4050,2025-09-07 06:00:00+00:00,126.0,126.34,126.0,126.2,7209.0,present
4051,2025-09-07 08:00:00+00:00,126.2,126.2,126.08,126.16,3546.0,present
4052,2025-09-07 10:00:00+00:00,126.16,127.0,126.16,126.8,47179.0,present
4053,2025-09-07 12:00:00+00:00,126.8,126.92,126.5,126.54,14027.0,present
4054,2025-09-07 14:00:00+00:00,126.52,126.9,126.5,126.6,13965.0,present
4055,2025-09-07 16:00:00+00:00,126.51666666666667,126.83333333333334,126.5,126.58333333333333,11651.833333333334,interpolated
4056,2025-09-07 18:00:00+00:00,126.51333333333334,126.76666666666667,126.5,126.56666666666666,9338.666666666668,interpolated
4057,2025-09-07 20:00:00+00:00,126.50999999999999,126.7,126.5,126.55,7025.5,interpolated
4058,2025-09-07 22:00:00+00:00,126.50666666666666,126.63333333333334,126.5,126.53333333333333,4712.333333333334,interpolated
4059,2025-09-08 00:00:00+00:00,126.50333333333333,126.56666666666666,126.5,126.51666666666667,2399.166666666666,interpolated
4060,2025-09-08 02:00:00+00:00,126.5,126.5,126.5,126.5,86.0,present
4061,2025-09-08 04:00:00+00:00,126.5,126.76,125.86,126.18,71022.0,present
4062,2025-09-08 06:00:00+00:00,126.2,126.68,126.0,126.08,135952.0,present
4063,2025-09-08 08:00:00+00:00,126.08,126.46,126.0,126.26,104398.0,present
4064,2025-09-08 10:00:00+00:00,126.28,126.4,125.66,126.3,137736.0,present
4065,2025-09-08 12:00:00+00:00,126.3,126.82,125.88,126.82,153819.0,present
4066,2025-09-08 14:00:00+00:00,126.8,129.12,126.44,129.08,539934.0,present
4067,2025-09-08 16:00:00+00:00,128.94,129.2,128.5,128.92,121732.0,present
4068,2025-09-08 18:00:00+00:00,128.94,129.28,128.8,129.12,70305.0,present
4069,2025-09-08 20:00:00+00:00,129.16,129.22,128.86,129.18,24529.0,present
4070,2025-09-08 22:00:00+00:00,129.2,129.24,129.0,129.21333333333334,16407.666666666668,interpolated
4071,2025-09-09 00:00:00+00:00,129.24,129.26,129.14000000000001,129.24666666666667,8286.333333333334,interpolated
4072,2025-09-09 02:00:00+00:00,129.28,129.28,129.28,129.28,165.0,present
4073,2025-09-09 04:00:00+00:00,129.2,129.78,128.8,129.2,111563.0,present
4074,2025-09-09 06:00:00+00:00,129.2,129.62,128.64,129.48,177925.0,present
4075,2025-09-09 08:00:00+00:00,129.46,130.5,129.44,129.64,612321.0,present
4076,2025-09-09 10:00:00+00:00,129.64,129.74,128.98,129.02,300891.0,present
4077,2025-09-09 12:00:00+00:00,129.04,129.9,128.76,129.46,345066.0,present
4078,2025-09-09 12:00:00+00:00,129.04,129.9,128.76,129.46,345066.0,present
4079,2025-09-09 14:00:00+00:00,129.44,130.12,129.34,130.04,186211.0,present
4080,2025-09-09 16:00:00+00:00,130.04,130.06,129.52,129.7,52599.0,present
4081,2025-09-09 18:00:00+00:00,129.7,130.32,129.66,130.2,54692.0,present
4082,2025-09-09 20:00:00+00:00,130.22,130.42,130.1,130.2,33830.0,present
4083,2025-09-09 22:00:00+00:00,130.18,130.31333333333333,130.1,130.16666666666666,22720.0,interpolated
4084,2025-09-10 00:00:00+00:00,130.14,130.20666666666665,130.1,130.13333333333333,11610.0,interpolated
4085,2025-09-10 02:00:00+00:00,130.1,130.1,130.1,130.1,500.0,present
4086,2025-09-10 04:00:00+00:00,130.18,130.24,128.94,129.04,98053.0,present
4087,2025-09-10 06:00:00+00:00,129.06,130.24,128.9,129.92,220765.0,present
4088,2025-09-10 08:00:00+00:00,129.92,130.74,129.4,129.8,435166.0,present
4089,2025-09-10 10:00:00+00:00,129.84,129.88,129.2,129.4,152644.0,present
4090,2025-09-10 12:00:00+00:00,129.4,129.88,128.5,129.08,319755.0,present
4091,2025-09-10 14:00:00+00:00,129.12,131.76,129.12,130.6,620388.0,present
4092,2025-09-10 16:00:00+00:00,130.6,130.7,129.74,130.06,198248.0,present
4093,2025-09-10 18:00:00+00:00,130.06,130.1,129.3,129.36,87364.0,present
4094,2025-09-10 20:00:00+00:00,129.3,129.66,129.26,129.66,19499.0,present
4095,2025-09-10 22:00:00+00:00,129.42000000000002,129.66,129.39333333333332,129.66,13076.0,interpolated
4096,2025-09-11 00:00:00+00:00,129.54,129.66,129.52666666666667,129.66,6653.0,interpolated
4097,2025-09-11 02:00:00+00:00,129.66,129.66,129.66,129.66,230.0,present
4098,2025-09-11 04:00:00+00:00,129.64,130.28,129.34,129.98,53590.0,present
4099,2025-09-11 06:00:00+00:00,129.96,130.22,129.0,129.0,144771.0,present
4100,2025-09-11 08:00:00+00:00,128.98,129.5,128.62,128.84,241287.0,present
4101,2025-09-11 10:00:00+00:00,128.84,129.5,127.5,129.36,729462.0,present
4102,2025-09-11 12:00:00+00:00,129.34,130.32,129.06,129.94,336683.0,present
4103,2025-09-11 14:00:00+00:00,129.96,130.3,129.68,129.88,287767.0,present
4104,2025-09-11 16:00:00+00:00,129.9,130.0,129.6,129.88,61148.0,present
4105,2025-09-11 18:00:00+00:00,129.9,130.14,129.84,129.9,43637.0,present
4106,2025-09-11 20:00:00+00:00,129.88,129.9,129.42,129.44,29624.0,present
4107,2025-09-11 22:00:00+00:00,129.82,129.83333333333334,129.51333333333332,129.52666666666667,19766.0,interpolated
4108,2025-09-12 00:00:00+00:00,129.76,129.76666666666665,129.60666666666665,129.61333333333332,9908.0,interpolated
4109,2025-09-12 02:00:00+00:00,129.7,129.7,129.7,129.7,50.0,present
4110,2025-09-12 04:00:00+00:00,129.7,130.02,129.48,129.84,23771.0,present
4111,2025-09-12 06:00:00+00:00,129.84,129.88,128.62,128.78,199591.0,present
4112,2025-09-12 08:00:00+00:00,128.78,129.2,128.66,128.98,103835.0,present
4113,2025-09-12 10:00:00+00:00,129.0,129.74,127.76,128.66,1348075.0,present
4114,2025-09-12 12:00:00+00:00,128.64,128.72,126.5,126.84,740894.0,present
4115,2025-09-12 14:00:00+00:00,126.82,127.58,126.7,127.04,249111.0,present
4116,2025-09-12 16:00:00+00:00,127.06,127.22,125.12,125.32,562470.0,present
4117,2025-09-12 18:00:00+00:00,125.32,125.38,124.2,124.4,258263.0,present
4118,2025-09-12 20:00:00+00:00,124.4,124.5,124.0,124.04,68758.0,present
4119,2025-09-12 22:00:00+00:00,124.36,124.44,124.04,124.072,55083.0,interpolated
4120,2025-09-13 00:00:00+00:00,124.32000000000001,124.38,124.08,124.104,41408.0,interpolated
4121,2025-09-13 02:00:00+00:00,124.28,124.32000000000001,124.12,124.13600000000001,27733.0,interpolated
4122,2025-09-13 04:00:00+00:00,124.24000000000001,124.26,124.16,124.168,14058.0,interpolated
4123,2025-09-13 06:00:00+00:00,124.2,124.2,124.2,124.2,383.0,present
4124,2025-09-13 08:00:00+00:00,124.44,124.5,124.14,124.28,36993.0,present
4125,2025-09-13 10:00:00+00:00,124.24,124.48,124.1,124.16,29792.0,present
4126,2025-09-13 12:00:00+00:00,124.2,124.26,123.72,123.76,25143.0,present
4127,2025-09-13 14:00:00+00:00,123.72,123.76,123.32,123.42,25702.0,present
4128,2025-09-13 16:00:00+00:00,123.685,123.785,123.285,123.39,25128.5,interpolated
4129,2025-09-13 18:00:00+00:00,123.65,123.81,123.25,123.36,24555.0,interpolated
4130,2025-09-13 20:00:00+00:00,123.615,123.83500000000001,123.215,123.33,23981.5,interpolated
4131,2025-09-13 22:00:00+00:00,123.58,123.86,123.18,123.30000000000001,23408.0,interpolated
4132,2025-09-14 00:00:00+00:00,123.545,123.88499999999999,123.145,123.27000000000001,22834.5,interpolated
4133,2025-09-14 02:00:00+00:00,123.50999999999999,123.91,123.11,123.24000000000001,22261.0,interpolated
4134,2025-09-14 04:00:00+00:00,123.475,123.935,123.075,123.21000000000001,21687.5,interpolated
4135,2025-09-14 06:00:00+00:00,123.44,123.96,123.04,123.18,21114.0,present
4136,2025-09-14 08:00:00+00:00,123.18,123.28,123.0,123.02,13059.0,present
4137,2025-09-14 10:00:00+00:00,123.02,124.1,123.02,124.06,35103.0,present
4138,2025-09-14 12:00:00+00:00,124.1,124.18,123.96,124.04,12209.0,present
4139,2025-09-14 14:00:00+00:00,124.0,124.62,123.94,124.6,22111.0,present
4140,2025-09-14 16:00:00+00:00,124.06666666666666,124.58333333333334,124.01666666666667,124.56666666666666,18462.166666666668,interpolated
4141,2025-09-14 18:00:00+00:00,124.13333333333334,124.54666666666667,124.09333333333333,124.53333333333333,14813.333333333334,interpolated
4142,2025-09-14 20:00:00+00:00,124.2,124.51,124.17,124.5,11164.5,interpolated
4143,2025-09-14 22:00:00+00:00,124.26666666666667,124.47333333333334,124.24666666666667,124.46666666666667,7515.666666666668,interpolated
4144,2025-09-15 00:00:00+00:00,124.33333333333334,124.43666666666667,124.32333333333334,124.43333333333334,3866.8333333333358,interpolated
4145,2025-09-15 02:00:00+00:00,124.4,124.4,124.4,124.4,218.0,present
4146,2025-09-15 04:00:00+00:00,124.4,125.04,123.22,123.48,105151.0,present
4147,2025-09-15 06:00:00+00:00,123.5,124.0,123.04,123.66,242128.0,present
4148,2025-09-15 08:00:00+00:00,123.66,123.74,122.5,122.84,410651.0,present
4149,2025-09-15 10:00:00+00:00,122.84,123.78,122.44,123.54,328929.0,present
4150,2025-09-15 12:00:00+00:00,123.56,124.18,123.26,123.7,191561.0,present
4151,2025-09-15 14:00:00+00:00,123.72,124.4,123.26,123.36,154296.0,present
4152,2025-09-15 16:00:00+00:00,123.36,123.88,123.36,123.54,31297.0,present
4153,2025-09-15 18:00:00+00:00,123.54,123.54,123.34,123.38,23315.0,present
4154,2025-09-15 20:00:00+00:00,123.34,123.6,123.28,123.56,16217.0,present
4155,2025-09-15 22:00:00+00:00,123.46000000000001,123.63333333333333,123.42,123.60666666666667,10894.666666666668,interpolated
4156,2025-09-16 00:00:00+00:00,123.58,123.66666666666667,123.56,123.65333333333334,5572.333333333334,interpolated
4157,2025-09-16 02:00:00+00:00,123.7,123.7,123.7,123.7,250.0,present
4158,2025-09-16 04:00:00+00:00,123.7,125.12,123.58,124.72,105013.0,present
4159,2025-09-16 06:00:00+00:00,124.7,125.04,124.24,124.52,205258.0,present
4160,2025-09-16 08:00:00+00:00,124.54,124.92,122.0,122.02,393542.0,present
4161,2025-09-16 10:00:00+00:00,122.08,123.84,121.38,123.74,468748.0,present
4162,2025-09-16 12:00:00+00:00,123.76,123.98,122.6,123.56,305923.0,present
4163,2025-09-16 12:00:00+00:00,123.76,123.98,122.6,123.56,305923.0,present
4164,2025-09-16 14:00:00+00:00,123.54,124.68,123.54,124.0,171363.0,present
4165,2025-09-16 16:00:00+00:00,124.0,124.4,124.0,124.16,59517.0,present
4166,2025-09-16 18:00:00+00:00,124.14,124.24,124.0,124.08,20987.0,present
4167,2025-09-16 20:00:00+00:00,124.08,124.2,124.06,124.12,12806.0,present
4168,2025-09-16 22:00:00+00:00,124.20666666666666,124.28666666666666,124.19333333333333,124.23333333333333,8758.666666666668,interpolated
4169,2025-09-17 00:00:00+00:00,124.33333333333333,124.37333333333333,124.32666666666667,124.34666666666666,4711.333333333334,interpolated
4170,2025-09-17 02:00:00+00:00,124.46,124.46,124.46,124.46,664.0,present
4171,2025-09-17 04:00:00+00:00,124.2,124.6,124.04,124.54,31812.0,present
4172,2025-09-17 06:00:00+00:00,124.46,124.48,123.26,123.78,131679.0,present
4173,2025-09-17 08:00:00+00:00,123.86,123.96,122.64,122.68,115812.0,present
4174,2025-09-17 10:00:00+00:00,122.68,123.88,122.56,123.28,131891.0,present
4175,2025-09-17 12:00:00+00:00,123.26,123.44,122.5,122.86,121748.0,present
4176,2025-09-17 14:00:00+00:00,122.84,125.9,122.82,125.22,426460.0,present
4177,2025-09-17 16:00:00+00:00,124.98,126.2,124.98,125.64,129425.0,present
4178,2025-09-17 18:00:00+00:00,125.66,125.98,125.44,125.98,46697.0,present
4179,2025-09-17 20:00:00+00:00,125.98,126.36,125.86,126.3,35865.0,present
4180,2025-09-17 22:00:00+00:00,126.12,126.37333333333333,126.04,126.33333333333333,24255.333333333332,interpolated
4181,2025-09-18 00:00:00+00:00,126.26,126.38666666666667,126.22,126.36666666666667,12645.666666666664,interpolated
4182,2025-09-18 02:00:00+00:00,126.4,126.4,126.4,126.4,1036.0,present
4183,2025-09-18 04:00:00+00:00,126.46,126.7,125.38,125.54,58349.0,present
4184,2025-09-18 06:00:00+00:00,125.58,125.82,125.18,125.34,152368.0,present
4185,2025-09-18 08:00:00+00:00,125.34,126.46,125.06,125.14,273824.0,present
4186,2025-09-18 10:00:00+00:00,125.12,125.42,124.3,124.56,260374.0,present
4187,2025-09-18 12:00:00+00:00,124.54,124.64,123.04,123.12,783463.0,present
4188,2025-09-18 14:00:00+00:00,123.1,124.5,123.1,123.98,206956.0,present
4189,2025-09-18 16:00:00+00:00,124.14,124.5,122.84,123.1,116595.0,present
4190,2025-09-18 18:00:00+00:00,123.08,123.46,122.7,122.96,149000.0,present
4191,2025-09-18 20:00:00+00:00,122.96,123.2,122.86,122.88,64814.0,present
4192,2025-09-18 22:00:00+00:00,122.93333333333332,123.09333333333333,122.86666666666666,122.88,43215.33333333333,interpolated
4193,2025-09-19 00:00:00+00:00,122.90666666666667,122.98666666666666,122.87333333333333,122.88,21616.666666666664,interpolated
4194,2025-09-19 02:00:00+00:00,122.88,122.88,122.88,122.88,18.0,present
4195,2025-09-19 04:00:00+00:00,122.88,123.36,122.68,123.14,33859.0,present
4196,2025-09-19 06:00:00+00:00,123.12,124.48,123.12,123.6,200832.0,present
4197,2025-09-19 08:00:00+00:00,123.6,124.32,123.0,124.06,344105.0,present
4198,2025-09-19 10:00:00+00:00,124.0,124.24,122.14,123.72,411472.0,present
4199,2025-09-19 12:00:00+00:00,123.7,123.7,122.72,122.88,134087.0,present
4200,2025-09-19 14:00:00+00:00,122.84,122.9,119.82,120.36,662694.0,present
4201,2025-09-19 16:00:00+00:00,120.36,120.4,119.22,119.84,272670.0,present
4202,2025-09-19 18:00:00+00:00,119.86,120.7,119.06,119.58,174219.0,present
4203,2025-09-19 20:00:00+00:00,119.54,119.84,119.28,119.28,67468.0,present
4204,2025-09-19 22:00:00+00:00,119.53481481481482,119.82370370370371,119.28444444444445,119.28444444444445,65009.51851851852,interpolated
4205,2025-09-20 00:00:00+00:00,119.52962962962964,119.80740740740741,119.28888888888889,119.28888888888889,62551.03703703704,interpolated
4206,2025-09-20 02:00:00+00:00,119.52444444444446,119.79111111111112,119.29333333333334,119.29333333333334,60092.555555555555,interpolated
4207,2025-09-20 04:00:00+00:00,119.51925925925927,119.77481481481482,119.29777777777778,119.29777777777778,57634.07407407407,interpolated
4208,2025-09-20 06:00:00+00:00,119.51407407407407,119.75851851851853,119.30222222222223,119.30222222222223,55175.59259259259,interpolated
4209,2025-09-20 08:00:00+00:00,119.50888888888889,119.74222222222222,119.30666666666667,119.30666666666667,52717.11111111111,interpolated
4210,2025-09-20 10:00:00+00:00,119.5037037037037,119.72592592592594,119.31111111111112,119.31111111111112,50258.629629629635,interpolated
4211,2025-09-20 12:00:00+00:00,119.49851851851852,119.70962962962963,119.31555555555556,119.31555555555556,47800.148148148146,interpolated
4212,2025-09-20 14:00:00+00:00,119.49333333333334,119.69333333333334,119.32000000000001,119.32000000000001,45341.66666666667,interpolated
4213,2025-09-20 16:00:00+00:00,119.48814814814816,119.67703703703704,119.32444444444445,119.32444444444445,42883.18518518518,interpolated
4214,2025-09-20 18:00:00+00:00,119.48296296296297,119.66074074074075,119.3288888888889,119.3288888888889,40424.70370370371,interpolated
4215,2025-09-20 20:00:00+00:00,119.47777777777779,119.64444444444445,119.33333333333334,119.33333333333334,37966.22222222222,interpolated
4216,2025-09-20 22:00:00+00:00,119.4725925925926,119.62814814814816,119.33777777777779,119.33777777777779,35507.740740740745,interpolated
4217,2025-09-21 00:00:00+00:00,119.4674074074074,119.61185185185185,119.34222222222222,119.34222222222222,33049.25925925926,interpolated
4218,2025-09-21 02:00:00+00:00,119.46222222222222,119.59555555555556,119.34666666666666,119.34666666666666,30590.77777777778,interpolated
4219,2025-09-21 04:00:00+00:00,119.45703703703704,119.57925925925926,119.35111111111111,119.35111111111111,28132.2962962963,interpolated
4220,2025-09-21 06:00:00+00:00,119.45185185185186,119.56296296296297,119.35555555555555,119.35555555555555,25673.814814814818,interpolated
4221,2025-09-21 08:00:00+00:00,119.44666666666667,119.54666666666667,119.36,119.36,23215.333333333336,interpolated
4222,2025-09-21 10:00:00+00:00,119.44148148148149,119.53037037037038,119.36444444444444,119.36444444444444,20756.851851851854,interpolated
4223,2025-09-21 12:00:00+00:00,119.4362962962963,119.51407407407407,119.36888888888889,119.36888888888889,18298.370370370372,interpolated
4224,2025-09-21 14:00:00+00:00,119.43111111111112,119.49777777777778,119.37333333333333,119.37333333333333,15839.88888888889,interpolated
4225,2025-09-21 16:00:00+00:00,119.42592592592594,119.48148148148148,119.37777777777778,119.37777777777778,13381.407407407409,interpolated
4226,2025-09-21 18:00:00+00:00,119.42074074074074,119.46518518518519,119.38222222222223,119.38222222222223,10922.925925925927,interpolated
4227,2025-09-21 20:00:00+00:00,119.41555555555556,119.44888888888889,119.38666666666667,119.38666666666667,8464.444444444445,interpolated
4228,2025-09-21 22:00:00+00:00,119.41037037037037,119.4325925925926,119.39111111111112,119.39111111111112,6005.9629629629635,interpolated
4229,2025-09-22 00:00:00+00:00,119.40518518518519,119.4162962962963,119.39555555555556,119.39555555555556,3547.4814814814818,interpolated
4230,2025-09-22 02:00:00+00:00,119.4,119.4,119.4,119.4,1089.0,present
4231,2025-09-22 04:00:00+00:00,119.38,119.44,118.12,119.12,148266.0,present
4232,2025-09-22 06:00:00+00:00,119.08,119.78,118.5,119.28,307882.0,present
4233,2025-09-22 08:00:00+00:00,119.28,119.36,117.42,118.26,383430.0,present
4234,2025-09-22 10:00:00+00:00,118.22,120.46,118.02,119.7,413161.0,present
4235,2025-09-22 12:00:00+00:00,119.76,120.72,119.5,119.64,376403.0,present
4236,2025-09-22 14:00:00+00:00,119.64,121.8,119.52,121.34,376565.0,present
4237,2025-09-22 16:00:00+00:00,121.22,122.0,120.94,121.76,141073.0,present
4238,2025-09-22 18:00:00+00:00,121.76,122.32,121.74,121.92,83671.0,present
4239,2025-09-22 20:00:00+00:00,121.92,121.92,121.5,121.8,22583.0,present
4240,2025-09-22 22:00:00+00:00,121.84666666666666,121.84666666666666,121.56666666666666,121.76666666666667,15056.0,interpolated
4241,2025-09-23 00:00:00+00:00,121.77333333333334,121.77333333333334,121.63333333333334,121.73333333333333,7529.000000000002,interpolated
4242,2025-09-23 02:00:00+00:00,121.7,121.7,121.7,121.7,2.0,present
4243,2025-09-23 04:00:00+00:00,121.74,121.92,120.82,121.16,63258.0,present
4244,2025-09-23 06:00:00+00:00,121.22,122.26,120.92,121.26,164195.0,present
4245,2025-09-23 08:00:00+00:00,121.28,122.9,120.7,122.46,371873.0,present
4246,2025-09-23 10:00:00+00:00,122.48,123.08,122.22,122.9,140281.0,present
4247,2025-09-23 12:00:00+00:00,122.92,123.16,122.24,122.62,252964.0,present
4248,2025-09-23 12:00:00+00:00,122.92,123.16,122.24,122.62,252964.0,present
4249,2025-09-23 14:00:00+00:00,122.66,123.9,122.14,123.2,369552.0,present
4250,2025-09-23 16:00:00+00:00,123.2,123.26,121.3,121.38,183112.0,present
4251,2025-09-23 18:00:00+00:00,121.32,121.66,118.08,118.38,569794.0,present
4252,2025-09-23 20:00:00+00:00,118.36,119.46,118.3,119.34,168350.0,present
4253,2025-09-23 22:00:00+00:00,118.70666666666666,119.44,118.66666666666667,119.36,112988.0,interpolated
4254,2025-09-24 00:00:00+00:00,119.05333333333334,119.42,119.03333333333333,119.38000000000001,57626.0,interpolated
4255,2025-09-24 02:00:00+00:00,119.4,119.4,119.4,119.4,2264.0,present
4256,2025-09-24 04:00:00+00:00,119.44,119.9,118.5,118.96,144846.0,present
4257,2025-09-24 06:00:00+00:00,118.96,119.36,117.66,119.32,388229.0,present
4258,2025-09-24 08:00:00+00:00,119.34,121.5,119.08,120.64,458036.0,present
4259,2025-09-24 10:00:00+00:00,120.64,122.0,120.34,121.84,216114.0,present
4260,2025-09-24 12:00:00+00:00,121.86,122.8,121.72,122.46,283932.0,present
4261,2025-09-24 14:00:00+00:00,122.5,122.5,121.8,122.26,174852.0,present
4262,2025-09-24 16:00:00+00:00,122.26,123.12,122.0,122.76,217000.0,present
4263,2025-09-24 18:00:00+00:00,122.74,123.5,122.68,123.1,110929.0,present
4264,2025-09-24 20:00:00+00:00,123.1,123.7,123.08,123.7,38625.0,present
4265,2025-09-24 22:00:00+00:00,123.33999999999999,123.74,123.32666666666667,123.74,26100.333333333336,interpolated
4266,2025-09-25 00:00:00+00:00,123.58,123.78,123.57333333333332,123.78,13575.666666666668,interpolated
4267,2025-09-25 02:00:00+00:00,123.82,123.82,123.82,123.82,1051.0,present
4268,2025-09-25 04:00:00+00:00,123.74,123.86,122.88,123.04,69585.0,present
4269,2025-09-25 06:00:00+00:00,123.04,123.58,122.2,122.74,167116.0,present
4270,2025-09-25 08:00:00+00:00,122.72,123.82,122.0,123.16,377093.0,present
4271,2025-09-25 10:00:00+00:00,123.16,123.16,122.06,122.62,182030.0,present
4272,2025-09-25 12:00:00+00:00,122.6,122.66,121.62,121.78,120371.0,present
4273,2025-09-25 14:00:00+00:00,121.8,122.42,120.88,121.72,242308.0,present
4274,2025-09-25 16:00:00+00:00,121.66,121.7,120.5,120.68,209811.0,present
4275,2025-09-25 18:00:00+00:00,120.68,120.68,120.14,120.5,91017.0,present
4276,2025-09-25 20:00:00+00:00,120.5,120.6,120.1,120.56,33602.0,present
4277,2025-09-25 22:00:00+00:00,120.53333333333333,120.6,120.26666666666667,120.57333333333334,22443.333333333336,interpolated
4278,2025-09-26 00:00:00+00:00,120.56666666666666,120.6,120.43333333333332,120.58666666666666,11284.666666666668,interpolated
4279,2025-09-26 02:00:00+00:00,120.6,120.6,120.6,120.6,126.0,present
4280,2025-09-26 04:00:00+00:00,120.66,120.68,119.84,120.26,63513.0,present
4281,2025-09-26 06:00:00+00:00,120.3,121.26,120.28,120.68,237567.0,present
4282,2025-09-26 08:00:00+00:00,120.7,122.42,120.44,121.82,375347.0,present
4283,2025-09-26 10:00:00+00:00,121.84,122.28,121.28,121.76,242527.0,present
4284,2025-09-26 12:00:00+00:00,121.74,121.86,120.6,121.22,189939.0,present
4285,2025-09-26 14:00:00+00:00,121.18,123.2,120.68,123.12,316847.0,present
4286,2025-09-26 16:00:00+00:00,123.0,123.46,122.7,123.1,141737.0,present
4287,2025-09-26 18:00:00+00:00,123.06,123.68,122.66,122.8,106280.0,present
4288,2025-09-26 20:00:00+00:00,122.82,123.0,122.7,122.78,23780.0,present
4289,2025-09-26 22:00:00+00:00,122.812,122.992,122.68,122.792,20907.2,interpolated
4290,2025-09-27 00:00:00+00:00,122.804,122.984,122.66,122.804,18034.4,interpolated
4291,2025-09-27 02:00:00+00:00,122.79599999999999,122.976,122.64,122.816,15161.6,interpolated
4292,2025-09-27 04:00:00+00:00,122.788,122.96799999999999,122.61999999999999,122.828,12288.8,interpolated
4293,2025-09-27 06:00:00+00:00,122.78,122.96,122.6,122.84,9416.0,present
4294,2025-09-27 08:00:00+00:00,122.78,123.04,122.78,123.02,9265.0,present
4295,2025-09-27 10:00:00+00:00,123.02,123.8,122.94,123.5,42453.0,present
4296,2025-09-27 12:00:00+00:00,123.48,123.58,123.34,123.54,11617.0,present
4297,2025-09-27 14:00:00+00:00,123.5,123.6,123.44,123.56,16448.0,present
4298,2025-09-27 16:00:00+00:00,123.505,123.615,123.4275,123.55,15383.625,interpolated
4299,2025-09-27 18:00:00+00:00,123.51,123.63,123.41499999999999,123.54,14319.25,interpolated
4300,2025-09-27 20:00:00+00:00,123.515,123.645,123.4025,123.53,13254.875,interpolated
4301,2025-09-27 22:00:00+00:00,123.52000000000001,123.66,123.39,123.52000000000001,12190.5,interpolated
4302,2025-09-28 00:00:00+00:00,123.525,123.675,123.3775,123.51,11126.125,interpolated
4303,2025-09-28 02:00:00+00:00,123.53,123.69,123.36500000000001,123.5,10061.75,interpolated
4304,2025-09-28 04:00:00+00:00,123.53500000000001,123.705,123.3525,123.49000000000001,8997.375,interpolated
4305,2025-09-28 06:00:00+00:00,123.54,123.72,123.34,123.48,7933.0,present
4306,2025-09-28 08:00:00+00:00,123.44,123.46,123.1,123.36,7887.0,present
4307,2025-09-28 10:00:00+00:00,123.36,123.44,123.04,123.28,8548.0,present
4308,2025-09-28 12:00:00+00:00,123.22,123.3,123.04,123.2,5102.0,present
4309,2025-09-28 14:00:00+00:00,123.2,123.3,122.88,122.9,19743.0,present
4310,2025-09-28 16:00:00+00:00,123.16666666666667,123.25,122.89999999999999,122.91666666666667,16586.0,interpolated
4311,2025-09-28 18:00:00+00:00,123.13333333333334,123.2,122.92,122.93333333333334,13429.0,interpolated
4312,2025-09-28 20:00:00+00:00,123.1,123.15,122.94,122.95,10272.0,interpolated
4313,2025-09-28 22:00:00+00:00,123.06666666666666,123.1,122.96,122.96666666666667,7115.0,interpolated
4314,2025-09-29 00:00:00+00:00,123.03333333333333,123.05,122.98,122.98333333333333,3958.0,interpolated
4315,2025-09-29 02:00:00+00:00,123.0,123.0,123.0,123.0,801.0,present
4316,2025-09-29 04:00:00+00:00,123.06,124.22,122.66,123.58,157450.0,present
4317,2025-09-29 06:00:00+00:00,123.56,125.24,123.14,124.98,550955.0,present
4318,2025-09-29 08:00:00+00:00,125.0,125.9,124.98,125.28,415322.0,present
4319,2025-09-29 10:00:00+00:00,125.28,126.8,125.28,126.14,706900.0,present
4320,2025-09-29 12:00:00+00:00,126.14,127.2,125.74,126.5,855840.0,present
4321,2025-09-29 14:00:00+00:00,126.52,126.66,124.24,124.58,924452.0,present
4322,2025-09-29 16:00:00+00:00,124.5,125.0,123.54,124.88,587984.0,present
4323,2025-09-29 18:00:00+00:00,124.9,125.54,124.08,125.24,297126.0,present
4324,2025-09-29 20:00:00+00:00,125.24,126.0,125.22,125.96,118671.0,present
4325,2025-09-29 22:00:00+00:00,125.47999999999999,125.98666666666666,125.46666666666667,125.96,79220.66666666666,interpolated
4326,2025-09-30 00:00:00+00:00,125.72,125.97333333333333,125.71333333333332,125.96,39770.33333333333,interpolated
4327,2025-09-30 02:00:00+00:00,125.96,125.96,125.96,125.96,320.0,present
4328,2025-09-30 04:00:00+00:00,125.9,125.98,125.32,125.84,59844.0,present
4329,2025-09-30 06:00:00+00:00,125.74,125.74,123.72,125.3,442185.0,present
4330,2025-09-30 08:00:00+00:00,125.3,125.72,122.42,123.76,741329.0,present
4331,2025-09-30 10:00:00+00:00,123.74,124.6,123.28,123.66,356463.0,present
4332,2025-09-30 12:00:00+00:00,123.66,124.32,122.98,124.16,331772.0,present
4333,2025-09-30 12:00:00+00:00,123.66,124.32,122.98,124.16,331772.0,present
4334,2025-09-30 14:00:00+00:00,124.16,124.5,123.36,124.0,200012.0,present
4335,2025-09-30 16:00:00+00:00,123.94,124.4,123.26,123.72,101530.0,present
4336,2025-09-30 18:00:00+00:00,123.72,124.04,123.58,123.84,36794.0,present
4337,2025-09-30 20:00:00+00:00,123.82,124.1,123.74,123.88,13099.0,present
4338,2025-09-30 22:00:00+00:00,123.87333333333333,124.06,123.82,123.91333333333333,8766.333333333332,interpolated
4339,2025-10-01 00:00:00+00:00,123.92666666666666,124.02,123.9,123.94666666666667,4433.666666666666,interpolated
4340,2025-10-01 02:00:00+00:00,123.98,123.98,123.98,123.98,101.0,present
4341,2025-10-01 04:00:00+00:00,123.88,124.58,123.88,124.3,31897.0,present
4342,2025-10-01 06:00:00+00:00,124.3,124.38,122.8,123.1,189283.0,present
4343,2025-10-01 08:00:00+00:00,123.1,123.88,123.02,123.54,134564.0,present
4344,2025-10-01 10:00:00+00:00,123.6,123.7,121.82,121.98,326497.0,present
4345,2025-10-01 12:00:00+00:00,121.9,122.26,121.04,121.84,384792.0,present
4346,2025-10-01 14:00:00+00:00,121.86,121.86,120.76,121.3,251789.0,present
4347,2025-10-01 16:00:00+00:00,121.32,121.48,120.72,120.88,71790.0,present
4348,2025-10-01 18:00:00+00:00,120.9,121.1,120.46,121.04,121967.0,present
4349,2025-10-01 20:00:00+00:00,121.04,121.22,121.0,121.1,16906.0,present
4350,2025-10-01 22:00:00+00:00,121.10000000000001,121.22,121.07333333333334,121.14,11372.666666666666,interpolated
4351,2025-10-02 00:00:00+00:00,121.16,121.22,121.14666666666666,121.17999999999999,5839.333333333332,interpolated
4352,2025-10-02 02:00:00+00:00,121.22,121.22,121.22,121.22,306.0,present
4353,2025-10-02 04:00:00+00:00,121.24,121.52,120.2,120.7,123523.0,present
4354,2025-10-02 06:00:00+00:00,120.74,121.44,120.62,120.78,346527.0,present
4355,2025-10-02 08:00:00+00:00,120.78,121.88,120.2,121.74,359982.0,present
4356,2025-10-02 10:00:00+00:00,121.76,121.96,120.92,121.92,229710.0,present
4357,2025-10-02 12:00:00+00:00,121.9,121.96,121.0,121.06,135001.0,present
4358,2025-10-02 14:00:00+00:00,121.1,122.12,121.02,121.38,146884.0,present
4359,2025-10-02 16:00:00+00:00,121.4,121.64,120.76,121.12,70935.0,present
4360,2025-10-02 18:00:00+00:00,121.1,121.46,120.38,121.36,93594.0,present
4361,2025-10-02 20:00:00+00:00,121.4,121.56,121.2,121.4,15727.0,present
4362,2025-10-02 22:00:00+00:00,121.43333333333334,121.54,121.3,121.43333333333334,10499.666666666666,interpolated
4363,2025-10-03 00:00:00+00:00,121.46666666666667,121.52,121.4,121.46666666666667,5272.333333333332,interpolated
4364,2025-10-03 02:00:00+00:00,121.5,121.5,121.5,121.5,45.0,present
4365,2025-10-03 04:00:00+00:00,121.6,121.68,121.2,121.54,40035.0,present
4366,2025-10-03 06:00:00+00:00,121.5,122.46,121.16,122.4,160010.0,present
4367,2025-10-03 08:00:00+00:00,122.4,122.7,121.16,121.32,192782.0,present
4368,2025-10-03 10:00:00+00:00,121.3,121.8,120.36,120.38,218025.0,present
4369,2025-10-03 12:00:00+00:00,120.36,120.56,119.5,120.54,307178.0,present
4370,2025-10-03 14:00:00+00:00,120.54,120.64,119.7,120.5,127727.0,present
4371,2025-10-03 16:00:00+00:00,120.44,120.52,119.82,120.34,107911.0,present
4372,2025-10-03 18:00:00+00:00,120.34,120.64,120.2,120.5,47654.0,present
4373,2025-10-03 20:00:00+00:00,120.52,120.52,120.08,120.08,23611.0,present
4374,2025-10-03 22:00:00+00:00,120.416,120.544,119.74,119.824,33632.6,interpolated
4375,2025-10-04 00:00:00+00:00,120.312,120.568,119.39999999999999,119.568,43654.2,interpolated
4376,2025-10-04 02:00:00+00:00,120.208,120.592,119.06,119.312,53675.8,interpolated
4377,2025-10-04 04:00:00+00:00,120.104,120.616,118.72,119.056,63697.4,interpolated
4378,2025-10-04 06:00:00+00:00,120.0,120.64,118.38,118.8,73719.0,present
4379,2025-10-04 08:00:00+00:00,118.8,119.32,118.7,118.76,65451.0,present
4380,2025-10-04 10:00:00+00:00,118.76,118.96,118.02,118.64,84531.0,present
4381,2025-10-04 12:00:00+00:00,118.64,118.88,118.32,118.58,21440.0,present
4382,2025-10-04 14:00:00+00:00,118.5,118.94,118.42,118.66,21973.0,present
4383,2025-10-04 16:00:00+00:00,118.52250000000001,118.9525,118.405,118.66749999999999,21118.75,interpolated
4384,2025-10-04 18:00:00+00:00,118.545,118.965,118.39,118.675,20264.5,interpolated
4385,2025-10-04 20:00:00+00:00,118.5675,118.9775,118.375,118.6825,19410.25,interpolated
4386,2025-10-04 22:00:00+00:00,118.59,118.99000000000001,118.36,118.69,18556.0,interpolated
4387,2025-10-05 00:00:00+00:00,118.61250000000001,119.0025,118.345,118.69749999999999,17701.75,interpolated
4388,2025-10-05 02:00:00+00:00,118.635,119.015,118.33,118.705,16847.5,interpolated
4389,2025-10-05 04:00:00+00:00,118.6575,119.0275,118.315,118.7125,15993.25,interpolated
4390,2025-10-05 06:00:00+00:00,118.68,119.04,118.3,118.72,15139.0,present
4391,2025-10-05 08:00:00+00:00,118.78,118.98,118.46,118.96,12212.0,present
4392,2025-10-05 10:00:00+00:00,118.96,119.6,118.84,119.54,25450.0,present
4393,2025-10-05 12:00:00+00:00,119.58,119.6,119.12,119.6,26835.0,present
4394,2025-10-05 14:00:00+00:00,119.6,120.2,119.56,120.14,39233.0,present
4395,2025-10-05 16:00:00+00:00,119.73333333333333,120.23333333333333,119.7,120.18333333333334,32741.5,interpolated
4396,2025-10-05 18:00:00+00:00,119.86666666666666,120.26666666666667,119.84,120.22666666666667,26250.0,interpolated
4397,2025-10-05 20:00:00+00:00,120.0,120.30000000000001,119.98,120.27000000000001,19758.5,interpolated
4398,2025-10-05 22:00:00+00:00,120.13333333333334,120.33333333333334,120.12,120.31333333333333,13267.0,interpolated
4399,2025-10-06 00:00:00+00:00,120.26666666666667,120.36666666666667,120.26,120.35666666666667,6775.5,interpolated
4400,2025-10-06 02:00:00+00:00,120.4,120.4,120.4,120.4,284.0,present
4401,2025-10-06 04:00:00+00:00,120.5,120.5,119.92,120.16,49362.0,present
4402,2025-10-06 06:00:00+00:00,120.12,122.52,119.32,121.92,380598.0,present
4403,2025-10-06 08:00:00+00:00,121.92,122.88,121.46,122.64,237264.0,present
4404,2025-10-06 10:00:00+00:00,122.64,122.7,121.02,121.06,267285.0,present
4405,2025-10-06 12:00:00+00:00,121.04,122.9,120.24,122.88,392131.0,present
4406,2025-10-06 14:00:00+00:00,122.88,124.2,122.34,124.2,373713.0,present
4407,2025-10-06 16:00:00+00:00,124.2,124.66,124.0,124.2,146701.0,present
4408,2025-10-06 18:00:00+00:00,124.2,124.6,124.04,124.42,53507.0,present
4409,2025-10-06 20:00:00+00:00,124.44,124.48,124.0,124.02,24441.0,present
4410,2025-10-06 22:00:00+00:00,124.29333333333334,124.32000000000001,124.0,124.01333333333334,17053.333333333332,interpolated
4411,2025-10-07 00:00:00+00:00,124.14666666666666,124.16,124.0,124.00666666666666,9665.666666666666,interpolated
4412,2025-10-07 02:00:00+00:00,124.0,124.0,124.0,124.0,2278.0,present
4413,2025-10-07 04:00:00+00:00,124.02,124.5,123.48,124.38,105843.0,present
4414,2025-10-07 06:00:00+00:00,124.34,124.34,123.04,123.86,381328.0,present
4415,2025-10-07 08:00:00+00:00,123.84,125.08,123.84,124.44,599695.0,present
4416,2025-10-07 10:00:00+00:00,124.4,125.98,124.16,124.86,561568.0,present
4417,2025-10-07 12:00:00+00:00,124.86,125.88,124.26,125.56,392079.0,present
4418,2025-10-07 12:00:00+00:00,124.86,125.88,124.26,125.56,392079.0,present
4419,2025-10-07 14:00:00+00:00,125.52,125.56,124.76,125.38,383100.0,present
4420,2025-10-07 16:00:00+00:00,125.3,125.58,124.76,125.56,130326.0,present
4421,2025-10-07 18:00:00+00:00,125.58,125.58,125.1,125.38,40147.0,present
4422,2025-10-07 20:00:00+00:00,125.4,126.0,125.34,125.96,79112.0,present
4423,2025-10-07 22:00:00+00:00,125.58,125.98,125.54,125.95333333333333,53026.66666666667,interpolated
4424,2025-10-08 00:00:00+00:00,125.76,125.96,125.74,125.94666666666666,26941.333333333336,interpolated
4425,2025-10-08 02:00:00+00:00,125.94,125.94,125.94,125.94,856.0,present
4426,2025-10-08 04:00:00+00:00,125.94,126.4,125.7,125.94,91375.0,present
4427,2025-10-08 06:00:00+00:00,125.92,126.76,124.42,125.3,491712.0,present
4428,2025-10-08 08:00:00+00:00,125.26,125.76,123.28,123.76,529618.0,present
4429,2025-10-08 10:00:00+00:00,123.72,124.6,122.64,123.4,602482.0,present
4430,2025-10-08 12:00:00+00:00,123.34,123.76,122.58,122.84,595653.0,present
4431,2025-10-08 14:00:00+00:00,122.82,123.08,121.0,122.18,838181.0,present
4432,2025-10-08 16:00:00+00:00,122.12,122.22,121.14,121.72,276964.0,present
4433,2025-10-08 18:00:00+00:00,121.68,122.16,121.54,121.62,182546.0,present
4434,2025-10-08 20:00:00+00:00,121.64,122.0,121.62,121.86,42351.0,present
4435,2025-10-08 22:00:00+00:00,121.91333333333333,122.15333333333334,121.9,122.06,28489.666666666668,interpolated
4436,2025-10-09 00:00:00+00:00,122.18666666666667,122.30666666666666,122.17999999999999,122.25999999999999,14628.333333333336,interpolated
4437,2025-10-09 02:00:00+00:00,122.46,122.46,122.46,122.46,767.0,present
4438,2025-10-09 04:00:00+00:00,122.28,123.38,121.64,122.48,179984.0,present
4439,2025-10-09 06:00:00+00:00,122.44,123.9,121.34,123.62,678795.0,present
4440,2025-10-09 08:00:00+00:00,123.62,126.0,120.0,125.52,1557442.0,present
4441,2025-10-09 10:00:00+00:00,125.5,126.58,124.96,126.22,657123.0,present
4442,2025-10-09 12:00:00+00:00,126.2,130.28,125.78,129.84,2276829.0,present
