,datetime,open,high,low,close,volume,data_status
0,2024-10-08 12:00:00+00:00,2529.6,2534.6,2521.6,2528.6,289074.0,present
1,2024-10-08 14:00:00+00:00,2528.6,2534.0,2523.6,2527.6,130253.0,present
2,2024-10-08 16:00:00+00:00,2528.0,2528.6,2523.6,2527.6,64130.0,present
3,2024-10-08 18:00:00+00:00,2528.0,2531.6,2524.6,2530.6,65563.0,present
4,2024-10-08 20:00:00+00:00,2530.0,2531.0,2525.6,2531.0,42254.0,present
5,2024-10-08 22:00:00+00:00,2531.0,2533.2,2525.88,2531.52,104317.0,interpolated
6,2024-10-09 00:00:00+00:00,2532.0,2535.4,2526.16,2532.04,166380.0,interpolated
7,2024-10-09 02:00:00+00:00,2533.0,2537.6,2526.44,2532.56,228443.0,interpolated
8,2024-10-09 04:00:00+00:00,2534.0,2539.8,2526.72,2533.08,290506.0,interpolated
9,2024-10-09 06:00:00+00:00,2535.0,2542.0,2527.0,2533.6,352569.0,present
10,2024-10-09 08:00:00+00:00,2533.6,2549.0,2532.6,2542.0,506819.0,present
11,2024-10-09 10:00:00+00:00,2542.0,2597.0,2524.0,2578.6,1886232.0,present
12,2024-10-09 12:00:00+00:00,2578.6,2578.6,2552.6,2553.6,766635.0,present
13,2024-10-09 14:00:00+00:00,2553.6,2566.0,2551.6,2558.6,368743.0,present
14,2024-10-09 16:00:00+00:00,2560.6,2572.6,2559.0,2564.0,230706.0,present
15,2024-10-09 18:00:00+00:00,2563.6,2567.0,2562.0,2564.0,82127.0,present
16,2024-10-09 20:00:00+00:00,2564.0,2568.0,2561.0,2568.0,57051.0,present
17,2024-10-09 22:00:00+00:00,2566.2,2572.92,2561.52,2568.6,161631.6,interpolated
18,2024-10-10 00:00:00+00:00,2568.4,2577.84,2562.04,2569.2,266212.2,interpolated
19,2024-10-10 02:00:00+00:00,2570.6,2582.7599999999998,2562.56,2569.8,370792.8,interpolated
20,2024-10-10 04:00:00+00:00,2572.8,2587.68,2563.08,2570.4,475373.4,interpolated
21,2024-10-10 06:00:00+00:00,2575.0,2592.6,2563.6,2571.0,579954.0,present
22,2024-10-10 08:00:00+00:00,2570.6,2581.6,2568.6,2577.6,366292.0,present
23,2024-10-10 10:00:00+00:00,2577.0,2579.6,2553.6,2558.0,377946.0,present
24,2024-10-10 12:00:00+00:00,2557.6,2568.6,2556.6,2564.0,243251.0,present
25,2024-10-10 14:00:00+00:00,2564.6,2570.0,2562.6,2570.0,153801.0,present
26,2024-10-10 16:00:00+00:00,2566.0,2568.6,2563.6,2567.6,71015.0,present
27,2024-10-10 18:00:00+00:00,2567.0,2568.6,2564.6,2564.6,45714.0,present
28,2024-10-10 20:00:00+00:00,2565.0,2567.0,2563.6,2566.6,24073.0,present
29,2024-10-10 22:00:00+00:00,2565.92,2567.92,2563.08,2566.2,70463.6,interpolated
30,2024-10-11 00:00:00+00:00,2566.84,2568.84,2562.56,2565.7999999999997,116854.2,interpolated
31,2024-10-11 02:00:00+00:00,2567.7599999999998,2569.7599999999998,2562.04,2565.4,163244.8,interpolated
32,2024-10-11 04:00:00+00:00,2568.68,2570.68,2561.52,2565.0,209635.4,interpolated
33,2024-10-11 06:00:00+00:00,2569.6,2571.6,2561.0,2564.6,256026.0,present
34,2024-10-11 08:00:00+00:00,2565.0,2568.6,2561.0,2562.0,225244.0,present
35,2024-10-11 10:00:00+00:00,2562.6,2563.0,2544.0,2552.6,361450.0,present
36,2024-10-11 12:00:00+00:00,2553.0,2556.0,2548.6,2551.0,128756.0,present
37,2024-10-11 14:00:00+00:00,2551.0,2559.6,2548.6,2559.0,163154.0,present
38,2024-10-11 16:00:00+00:00,2558.6,2569.0,2554.6,2559.6,197860.0,present
39,2024-10-11 18:00:00+00:00,2559.6,2561.0,2552.6,2553.0,59250.0,present
40,2024-10-11 20:00:00+00:00,2552.6,2553.6,2545.0,2546.0,48531.0,present
41,2024-10-11 22:00:00+00:00,2552.703448275862,2553.6689655172413,2544.689655172414,2546.055172413793,58064.8275862069,interpolated
42,2024-10-12 00:00:00+00:00,2552.806896551724,2553.7379310344827,2544.3793103448274,2546.1103448275862,67598.6551724138,interpolated
43,2024-10-12 02:00:00+00:00,2552.910344827586,2553.806896551724,2544.0689655172414,2546.1655172413793,77132.4827586207,interpolated
44,2024-10-12 04:00:00+00:00,2553.0137931034483,2553.8758620689655,2543.7586206896553,2546.2206896551725,86666.3103448276,interpolated
45,2024-10-12 06:00:00+00:00,2553.11724137931,2553.944827586207,2543.448275862069,2546.2758620689656,96200.1379310345,interpolated
46,2024-10-12 08:00:00+00:00,2553.2206896551725,2554.0137931034483,2543.137931034483,2546.3310344827587,105733.96551724139,interpolated
47,2024-10-12 10:00:00+00:00,2553.3241379310343,2554.0827586206897,2542.8275862068967,2546.386206896552,115267.79310344828,interpolated
48,2024-10-12 12:00:00+00:00,2553.4275862068966,2554.151724137931,2542.5172413793102,2546.441379310345,124801.62068965517,interpolated
49,2024-10-12 14:00:00+00:00,2553.5310344827585,2554.2206896551725,2542.206896551724,2546.496551724138,134335.4482758621,interpolated
50,2024-10-12 16:00:00+00:00,2553.6344827586204,2554.289655172414,2541.896551724138,2546.551724137931,143869.275862069,interpolated
51,2024-10-12 18:00:00+00:00,2553.7379310344827,2554.3586206896553,2541.5862068965516,2546.6068965517243,153403.10344827588,interpolated
52,2024-10-12 20:00:00+00:00,2553.8413793103446,2554.4275862068966,2541.2758620689656,2546.6620689655174,162936.93103448278,interpolated
53,2024-10-12 22:00:00+00:00,2553.944827586207,2554.496551724138,2540.9655172413795,2546.7172413793105,172470.75862068968,interpolated
54,2024-10-13 00:00:00+00:00,2554.0482758620687,2554.5655172413794,2540.655172413793,2546.7724137931036,182004.58620689655,interpolated
55,2024-10-13 02:00:00+00:00,2554.151724137931,2554.6344827586204,2540.344827586207,2546.8275862068963,191538.41379310345,interpolated
56,2024-10-13 04:00:00+00:00,2554.255172413793,2554.703448275862,2540.0344827586205,2546.8827586206894,201072.24137931035,interpolated
57,2024-10-13 06:00:00+00:00,2554.3586206896553,2554.772413793103,2539.7241379310344,2546.9379310344825,210606.06896551725,interpolated
58,2024-10-13 08:00:00+00:00,2554.462068965517,2554.8413793103446,2539.4137931034484,2546.9931034482756,220139.89655172414,interpolated
59,2024-10-13 10:00:00+00:00,2554.5655172413794,2554.910344827586,2539.103448275862,2547.0482758620687,229673.72413793104,interpolated
60,2024-10-13 12:00:00+00:00,2554.6689655172413,2554.9793103448274,2538.793103448276,2547.103448275862,239207.55172413794,interpolated
61,2024-10-13 14:00:00+00:00,2554.772413793103,2555.0482758620687,2538.4827586206898,2547.158620689655,248741.37931034484,interpolated
62,2024-10-13 16:00:00+00:00,2554.8758620689655,2555.11724137931,2538.1724137931033,2547.213793103448,258275.20689655174,interpolated
63,2024-10-13 18:00:00+00:00,2554.9793103448274,2555.1862068965515,2537.862068965517,2547.268965517241,267809.0344827586,interpolated
64,2024-10-13 20:00:00+00:00,2555.0827586206897,2555.255172413793,2537.551724137931,2547.3241379310343,277342.86206896557,interpolated
65,2024-10-13 22:00:00+00:00,2555.1862068965515,2555.3241379310343,2537.2413793103447,2547.3793103448274,286876.6896551724,interpolated
66,2024-10-14 00:00:00+00:00,2555.289655172414,2555.3931034482757,2536.9310344827586,2547.4344827586206,296410.51724137936,interpolated
67,2024-10-14 02:00:00+00:00,2555.3931034482757,2555.462068965517,2536.6206896551726,2547.4896551724137,305944.3448275862,interpolated
68,2024-10-14 04:00:00+00:00,2555.496551724138,2555.5310344827585,2536.310344827586,2547.544827586207,315478.1724137931,interpolated
69,2024-10-14 06:00:00+00:00,2555.6,2555.6,2536.0,2547.6,325012.0,present
70,2024-10-14 08:00:00+00:00,2547.6,2556.6,2537.6,2553.0,393527.0,present
71,2024-10-14 10:00:00+00:00,2552.6,2584.0,2552.0,2581.0,686561.0,present
72,2024-10-14 12:00:00+00:00,2581.0,2594.0,2569.0,2590.6,617228.0,present
73,2024-10-14 14:00:00+00:00,2591.0,2619.0,2586.6,2619.0,609330.0,present
74,2024-10-14 16:00:00+00:00,2610.0,2619.0,2602.0,2617.0,221251.0,present
75,2024-10-14 18:00:00+00:00,2616.6,2617.0,2591.0,2594.6,243523.0,present
76,2024-10-14 20:00:00+00:00,2594.0,2599.6,2593.6,2598.6,40731.0,present
77,2024-10-14 22:00:00+00:00,2594.8,2604.48,2593.0,2602.0,184420.2,interpolated
78,2024-10-15 00:00:00+00:00,2595.6,2609.36,2592.4,2605.4,328109.4,interpolated
79,2024-10-15 02:00:00+00:00,2596.4,2614.24,2591.7999999999997,2608.7999999999997,471798.6,interpolated
80,2024-10-15 04:00:00+00:00,2597.2,2619.12,2591.2,2612.2,615487.8,interpolated
81,2024-10-15 06:00:00+00:00,2598.0,2624.0,2590.6,2615.6,759177.0,present
82,2024-10-15 08:00:00+00:00,2615.6,2638.0,2609.6,2631.0,792679.0,present
83,2024-10-15 10:00:00+00:00,2631.0,2638.6,2624.0,2637.0,400411.0,present
84,2024-10-15 12:00:00+00:00,2637.6,2638.6,2612.0,2617.6,384974.0,present
85,2024-10-15 12:00:00+00:00,2637.6,2638.6,2612.0,2617.6,384974.0,present
86,2024-10-15 14:00:00+00:00,2617.6,2626.0,2615.0,2619.0,256319.0,present
87,2024-10-15 16:00:00+00:00,2619.6,2620.6,2611.0,2617.6,151130.0,present
88,2024-10-15 18:00:00+00:00,2617.6,2618.0,2613.0,2615.6,50860.0,present
89,2024-10-15 20:00:00+00:00,2615.6,2620.0,2615.0,2619.6,47414.0,present
90,2024-10-15 22:00:00+00:00,2618.4,2623.4,2616.72,2622.6,120744.8,interpolated
91,2024-10-16 00:00:00+00:00,2621.2,2626.8,2618.44,2625.6,194075.6,interpolated
92,2024-10-16 02:00:00+00:00,2624.0,2630.2,2620.16,2628.6,267406.4,interpolated
93,2024-10-16 04:00:00+00:00,2626.7999999999997,2633.6,2621.88,2631.6,340737.2,interpolated
94,2024-10-16 06:00:00+00:00,2629.6,2637.0,2623.6,2634.6,414068.0,present
95,2024-10-16 08:00:00+00:00,2634.0,2635.0,2608.6,2610.0,529304.0,present
96,2024-10-16 10:00:00+00:00,2610.6,2617.0,2602.6,2608.6,494061.0,present
97,2024-10-16 12:00:00+00:00,2608.6,2619.0,2600.6,2604.0,313369.0,present
98,2024-10-16 14:00:00+00:00,2604.0,2607.0,2594.0,2597.0,252634.0,present
99,2024-10-16 16:00:00+00:00,2596.0,2606.0,2596.0,2602.0,146486.0,present
100,2024-10-16 18:00:00+00:00,2601.6,2602.0,2597.6,2601.0,76882.0,present
101,2024-10-16 20:00:00+00:00,2601.0,2601.6,2597.6,2601.6,50096.0,present
102,2024-10-16 22:00:00+00:00,2602.32,2603.7999999999997,2598.48,2602.88,116436.6,interpolated
103,2024-10-17 00:00:00+00:00,2603.64,2606.0,2599.36,2604.16,182777.2,interpolated
104,2024-10-17 02:00:00+00:00,2604.96,2608.2,2600.24,2605.44,249117.8,interpolated
105,2024-10-17 04:00:00+00:00,2606.2799999999997,2610.4,2601.12,2606.72,315458.4,interpolated
106,2024-10-17 06:00:00+00:00,2607.6,2612.6,2602.0,2608.0,381799.0,present
107,2024-10-17 08:00:00+00:00,2608.0,2610.6,2590.0,2597.0,408911.0,present
108,2024-10-17 10:00:00+00:00,2597.0,2602.0,2590.0,2600.0,300995.0,present
109,2024-10-17 12:00:00+00:00,2599.6,2606.0,2593.6,2599.0,272601.0,present
110,2024-10-17 14:00:00+00:00,2599.0,2601.0,2592.0,2593.6,186518.0,present
111,2024-10-17 16:00:00+00:00,2594.6,2595.0,2581.6,2583.6,149757.0,present
112,2024-10-17 18:00:00+00:00,2583.0,2583.6,2573.0,2576.6,136599.0,present
113,2024-10-17 20:00:00+00:00,2577.0,2579.0,2576.0,2577.6,44854.0,present
114,2024-10-17 22:00:00+00:00,2576.92,2579.6,2574.6,2577.6,107916.0,interpolated
115,2024-10-18 00:00:00+00:00,2576.84,2580.2,2573.2,2577.6,170978.0,interpolated
116,2024-10-18 02:00:00+00:00,2576.7599999999998,2580.8,2571.8,2577.6,234040.0,interpolated
117,2024-10-18 04:00:00+00:00,2576.68,2581.4,2570.4,2577.6,297102.0,interpolated
118,2024-10-18 06:00:00+00:00,2576.6,2582.0,2569.0,2577.6,360164.0,present
119,2024-10-18 08:00:00+00:00,2577.6,2586.0,2576.6,2579.6,387709.0,present
120,2024-10-18 10:00:00+00:00,2579.6,2580.6,2557.6,2565.0,547008.0,present
121,2024-10-18 12:00:00+00:00,2565.6,2572.0,2560.0,2561.6,254204.0,present
122,2024-10-18 14:00:00+00:00,2561.0,2576.0,2559.0,2572.6,299033.0,present
123,2024-10-18 16:00:00+00:00,2570.6,2576.6,2568.6,2572.6,114259.0,present
124,2024-10-18 18:00:00+00:00,2572.0,2572.6,2568.0,2568.6,72915.0,present
125,2024-10-18 20:00:00+00:00,2568.6,2569.0,2566.0,2568.6,35098.0,present
126,2024-10-18 22:00:00+00:00,2568.806896551724,2569.689655172414,2566.2758620689656,2569.1862068965515,47603.65517241379,interpolated
127,2024-10-19 00:00:00+00:00,2569.0137931034483,2570.3793103448274,2566.551724137931,2569.772413793103,60109.31034482758,interpolated
128,2024-10-19 02:00:00+00:00,2569.2206896551725,2571.0689655172414,2566.8275862068967,2570.3586206896553,72614.96551724138,interpolated
129,2024-10-19 04:00:00+00:00,2569.4275862068966,2571.7586206896553,2567.103448275862,2570.944827586207,85120.62068965516,interpolated
130,2024-10-19 06:00:00+00:00,2569.6344827586204,2572.448275862069,2567.3793103448274,2571.5310344827585,97626.27586206896,interpolated
131,2024-10-19 08:00:00+00:00,2569.8413793103446,2573.137931034483,2567.655172413793,2572.11724137931,110131.93103448275,interpolated
132,2024-10-19 10:00:00+00:00,2570.0482758620687,2573.8275862068967,2567.9310344827586,2572.703448275862,122637.58620689655,interpolated
133,2024-10-19 12:00:00+00:00,2570.255172413793,2574.5172413793102,2568.206896551724,2573.289655172414,135143.24137931032,interpolated
134,2024-10-19 14:00:00+00:00,2570.462068965517,2575.206896551724,2568.4827586206898,2573.8758620689655,147648.89655172412,interpolated
135,2024-10-19 16:00:00+00:00,2570.6689655172413,2575.896551724138,2568.7586206896553,2574.462068965517,160154.5517241379,interpolated
136,2024-10-19 18:00:00+00:00,2570.8758620689655,2576.5862068965516,2569.0344827586205,2575.0482758620687,172660.2068965517,interpolated
137,2024-10-19 20:00:00+00:00,2571.0827586206897,2577.2758620689656,2569.310344827586,2575.6344827586204,185165.8620689655,interpolated
138,2024-10-19 22:00:00+00:00,2571.289655172414,2577.9655172413795,2569.5862068965516,2576.2206896551725,197671.5172413793,interpolated
139,2024-10-20 00:00:00+00:00,2571.496551724138,2578.655172413793,2569.862068965517,2576.806896551724,210177.1724137931,interpolated
140,2024-10-20 02:00:00+00:00,2571.703448275862,2579.344827586207,2570.137931034483,2577.3931034482757,222682.8275862069,interpolated
141,2024-10-20 04:00:00+00:00,2571.910344827586,2580.0344827586205,2570.4137931034484,2577.9793103448274,235188.48275862067,interpolated
142,2024-10-20 06:00:00+00:00,2572.11724137931,2580.7241379310344,2570.689655172414,2578.5655172413794,247694.13793103446,interpolated
143,2024-10-20 08:00:00+00:00,2572.3241379310343,2581.4137931034484,2570.9655172413795,2579.151724137931,260199.79310344826,interpolated
144,2024-10-20 10:00:00+00:00,2572.5310344827585,2582.103448275862,2571.2413793103447,2579.7379310344827,272705.448275862,interpolated
145,2024-10-20 12:00:00+00:00,2572.7379310344827,2582.793103448276,2571.5172413793102,2580.3241379310343,285211.1034482758,interpolated
146,2024-10-20 14:00:00+00:00,2572.944827586207,2583.4827586206898,2571.793103448276,2580.910344827586,297716.7586206896,interpolated
147,2024-10-20 16:00:00+00:00,2573.151724137931,2584.1724137931033,2572.0689655172414,2581.496551724138,310222.4137931034,interpolated
148,2024-10-20 18:00:00+00:00,2573.3586206896553,2584.862068965517,2572.344827586207,2582.0827586206897,322728.0689655172,interpolated
149,2024-10-20 20:00:00+00:00,2573.5655172413794,2585.551724137931,2572.6206896551726,2582.6689655172413,335233.724137931,interpolated
150,2024-10-20 22:00:00+00:00,2573.772413793103,2586.2413793103447,2572.896551724138,2583.255172413793,347739.3793103448,interpolated
151,2024-10-21 00:00:00+00:00,2573.9793103448274,2586.9310344827586,2573.1724137931033,2583.8413793103446,360245.0344827586,interpolated
152,2024-10-21 02:00:00+00:00,2574.1862068965515,2587.6206896551726,2573.448275862069,2584.4275862068966,372750.6896551724,interpolated
153,2024-10-21 04:00:00+00:00,2574.3931034482757,2588.310344827586,2573.7241379310344,2585.0137931034483,385256.3448275862,interpolated
154,2024-10-21 06:00:00+00:00,2574.6,2589.0,2574.0,2585.6,397762.0,present
155,2024-10-21 08:00:00+00:00,2585.0,2597.0,2582.6,2593.6,501824.0,present
156,2024-10-21 10:00:00+00:00,2593.6,2609.0,2588.6,2591.0,518462.0,present
157,2024-10-21 12:00:00+00:00,2591.0,2596.0,2589.0,2592.0,159857.0,present
158,2024-10-21 14:00:00+00:00,2592.0,2592.0,2577.6,2581.6,265157.0,present
159,2024-10-21 16:00:00+00:00,2582.0,2582.6,2578.0,2580.0,67540.0,present
160,2024-10-21 18:00:00+00:00,2580.0,2581.6,2578.6,2581.6,35762.0,present
161,2024-10-21 20:00:00+00:00,2581.6,2584.6,2581.0,2584.0,26263.0,present
162,2024-10-21 22:00:00+00:00,2584.0,2586.4,2579.0,2582.2,96135.79999999999,interpolated
163,2024-10-22 00:00:00+00:00,2586.4,2588.2,2577.0,2580.4,166008.59999999998,interpolated
164,2024-10-22 02:00:00+00:00,2588.7999999999997,2590.0,2575.0,2578.6,235881.4,interpolated
165,2024-10-22 04:00:00+00:00,2591.2,2591.7999999999997,2573.0,2576.8,305754.19999999995,interpolated
166,2024-10-22 06:00:00+00:00,2593.6,2593.6,2571.0,2575.0,375627.0,present
167,2024-10-22 08:00:00+00:00,2575.6,2588.0,2572.0,2579.6,594355.0,present
168,2024-10-22 10:00:00+00:00,2580.0,2583.6,2570.0,2574.0,311908.0,present
169,2024-10-22 12:00:00+00:00,2574.0,2577.6,2570.6,2573.0,191229.0,present
170,2024-10-22 12:00:00+00:00,2574.0,2577.6,2570.6,2573.0,191229.0,present
171,2024-10-22 14:00:00+00:00,2573.0,2575.6,2561.0,2564.0,227008.0,present
172,2024-10-22 16:00:00+00:00,2564.0,2564.6,2556.6,2559.0,133107.0,present
173,2024-10-22 18:00:00+00:00,2559.6,2562.0,2555.0,2555.0,75038.0,present
174,2024-10-22 20:00:00+00:00,2555.6,2557.6,2552.6,2555.0,48292.0,present
175,2024-10-22 22:00:00+00:00,2555.2799999999997,2557.0,2547.48,2550.92,160376.40000000002,interpolated
176,2024-10-23 00:00:00+00:00,2554.96,2556.4,2542.36,2546.84,272460.80000000005,interpolated
177,2024-10-23 02:00:00+00:00,2554.64,2555.7999999999997,2537.24,2542.7599999999998,384545.2,interpolated
178,2024-10-23 04:00:00+00:00,2554.32,2555.2,2532.12,2538.68,496629.60000000003,interpolated
179,2024-10-23 06:00:00+00:00,2554.0,2554.6,2527.0,2534.6,608714.0,present
180,2024-10-23 08:00:00+00:00,2534.0,2542.6,2523.0,2525.6,601598.0,present
181,2024-10-23 10:00:00+00:00,2525.6,2541.0,2523.0,2529.0,492802.0,present
182,2024-10-23 12:00:00+00:00,2529.0,2543.6,2527.0,2537.0,289672.0,present
183,2024-10-23 14:00:00+00:00,2537.6,2538.0,2524.6,2524.6,194779.0,present
184,2024-10-23 16:00:00+00:00,2524.0,2524.0,2501.6,2505.6,433467.0,present
185,2024-10-23 18:00:00+00:00,2505.0,2508.0,2462.0,2483.0,575156.0,present
186,2024-10-23 20:00:00+00:00,2483.0,2485.0,2479.0,2483.6,75283.0,present
187,2024-10-23 22:00:00+00:00,2481.6,2488.6,2478.4,2485.08,191654.59999999998,interpolated
188,2024-10-24 00:00:00+00:00,2480.2,2492.2,2477.8,2486.56,308026.19999999995,interpolated
189,2024-10-24 02:00:00+00:00,2478.8,2495.8,2477.2,2488.04,424397.8,interpolated
190,2024-10-24 04:00:00+00:00,2477.4,2499.4,2476.6,2489.52,540769.3999999999,interpolated
191,2024-10-24 06:00:00+00:00,2476.0,2503.0,2476.0,2491.0,657141.0,present
192,2024-10-24 08:00:00+00:00,2491.0,2508.0,2485.0,2493.6,918992.0,present
193,2024-10-24 10:00:00+00:00,2493.6,2525.0,2491.0,2521.6,800628.0,present
194,2024-10-24 12:00:00+00:00,2521.6,2526.6,2502.0,2524.0,553743.0,present
195,2024-10-24 14:00:00+00:00,2524.0,2539.6,2524.0,2530.0,658238.0,present
196,2024-10-24 16:00:00+00:00,2531.0,2534.0,2525.6,2527.0,154455.0,present
197,2024-10-24 18:00:00+00:00,2527.0,2531.0,2525.0,2529.6,83325.0,present
198,2024-10-24 20:00:00+00:00,2529.6,2532.0,2528.6,2532.0,40235.0,present
199,2024-10-24 22:00:00+00:00,2530.4,2533.52,2528.2,2531.4,102867.0,interpolated
200,2024-10-25 00:00:00+00:00,2531.2,2535.04,2527.7999999999997,2530.8,165499.0,interpolated
201,2024-10-25 02:00:00+00:00,2532.0,2536.56,2527.4,2530.2,228130.99999999997,interpolated
202,2024-10-25 04:00:00+00:00,2532.7999999999997,2538.08,2527.0,2529.6,290763.0,interpolated
203,2024-10-25 06:00:00+00:00,2533.6,2539.6,2526.6,2529.0,353395.0,present
204,2024-10-25 08:00:00+00:00,2529.0,2535.6,2517.6,2520.0,312150.0,present
205,2024-10-25 10:00:00+00:00,2520.6,2548.0,2491.6,2515.0,1718408.0,present
206,2024-10-25 12:00:00+00:00,2516.0,2523.6,2446.0,2458.6,1452034.0,present
207,2024-10-25 14:00:00+00:00,2457.6,2468.0,2426.6,2440.0,1378812.0,present
208,2024-10-25 16:00:00+00:00,2441.0,2449.0,2395.6,2415.6,1388704.0,present
209,2024-10-25 18:00:00+00:00,2415.6,2417.0,2408.6,2409.6,185711.0,present
210,2024-10-25 20:00:00+00:00,2409.6,2411.0,2403.6,2409.0,105945.0,present
211,2024-10-25 22:00:00+00:00,2408.406896551724,2410.206896551724,2401.9793103448274,2407.551724137931,142521.44827586206,interpolated
212,2024-10-26 00:00:00+00:00,2407.213793103448,2409.4137931034484,2400.3586206896553,2406.103448275862,179097.89655172412,interpolated
213,2024-10-26 02:00:00+00:00,2406.020689655172,2408.6206896551726,2398.7379310344827,2404.655172413793,215674.3448275862,interpolated
214,2024-10-26 04:00:00+00:00,2404.8275862068963,2407.8275862068967,2397.11724137931,2403.206896551724,252250.79310344826,interpolated
215,2024-10-26 06:00:00+00:00,2403.634482758621,2407.0344827586205,2395.496551724138,2401.7586206896553,288827.2413793104,interpolated
216,2024-10-26 08:00:00+00:00,2402.441379310345,2406.2413793103447,2393.8758620689655,2400.310344827586,325403.6896551724,interpolated
217,2024-10-26 10:00:00+00:00,2401.248275862069,2405.448275862069,2392.255172413793,2398.862068965517,361980.13793103443,interpolated
218,2024-10-26 12:00:00+00:00,2400.055172413793,2404.655172413793,2390.6344827586204,2397.4137931034484,398556.5862068965,interpolated
219,2024-10-26 14:00:00+00:00,2398.862068965517,2403.862068965517,2389.0137931034483,2395.9655172413795,435133.0344827586,interpolated
220,2024-10-26 16:00:00+00:00,2397.6689655172413,2403.0689655172414,2387.3931034482757,2394.5172413793102,471709.4827586207,interpolated
221,2024-10-26 18:00:00+00:00,2396.4758620689654,2402.2758620689656,2385.772413793103,2393.0689655172414,508285.9310344827,interpolated
222,2024-10-26 20:00:00+00:00,2395.2827586206895,2401.4827586206898,2384.151724137931,2391.6206896551726,544862.3793103448,interpolated
223,2024-10-26 22:00:00+00:00,2394.0896551724136,2400.689655172414,2382.5310344827585,2390.1724137931033,581438.8275862068,interpolated
224,2024-10-27 00:00:00+00:00,2392.8965517241377,2399.896551724138,2380.910344827586,2388.7241379310344,618015.2758620689,interpolated
225,2024-10-27 02:00:00+00:00,2391.7034482758622,2399.103448275862,2379.289655172414,2387.2758620689656,654591.724137931,interpolated
226,2024-10-27 04:00:00+00:00,2390.5103448275863,2398.310344827586,2377.6689655172413,2385.8275862068967,691168.172413793,interpolated
227,2024-10-27 06:00:00+00:00,2389.3172413793104,2397.5172413793102,2376.0482758620687,2384.3793103448274,727744.6206896552,interpolated
228,2024-10-27 08:00:00+00:00,2388.1241379310345,2396.7241379310344,2374.4275862068966,2382.9310344827586,764321.0689655172,interpolated
229,2024-10-27 10:00:00+00:00,2386.9310344827586,2395.9310344827586,2372.806896551724,2381.4827586206898,800897.5172413792,interpolated
230,2024-10-27 12:00:00+00:00,2385.7379310344827,2395.137931034483,2371.1862068965515,2380.0344827586205,837473.9655172414,interpolated
231,2024-10-27 14:00:00+00:00,2384.544827586207,2394.344827586207,2369.5655172413794,2378.5862068965516,874050.4137931034,interpolated
232,2024-10-27 16:00:00+00:00,2383.351724137931,2393.551724137931,2367.944827586207,2377.137931034483,910626.8620689654,interpolated
233,2024-10-27 18:00:00+00:00,2382.158620689655,2392.7586206896553,2366.3241379310343,2375.689655172414,947203.3103448275,interpolated
234,2024-10-27 20:00:00+00:00,2380.965517241379,2391.9655172413795,2364.703448275862,2374.2413793103447,983779.7586206896,interpolated
235,2024-10-27 22:00:00+00:00,2379.7724137931036,2391.1724137931033,2363.0827586206897,2372.793103448276,1020356.2068965517,interpolated
236,2024-10-28 00:00:00+00:00,2378.5793103448277,2390.3793103448274,2361.462068965517,2371.344827586207,1056932.6551724137,interpolated
237,2024-10-28 02:00:00+00:00,2377.386206896552,2389.5862068965516,2359.8413793103446,2369.896551724138,1093509.103448276,interpolated
238,2024-10-28 04:00:00+00:00,2376.193103448276,2388.793103448276,2358.2206896551725,2368.448275862069,1130085.5517241377,interpolated
239,2024-10-28 06:00:00+00:00,2375.0,2388.0,2356.6,2367.0,1166662.0,present
240,2024-10-28 08:00:00+00:00,2367.0,2396.0,2364.0,2372.6,1191446.0,present
241,2024-10-28 10:00:00+00:00,2373.0,2377.0,2334.0,2338.6,1258809.0,present
242,2024-10-28 12:00:00+00:00,2339.0,2355.6,2333.6,2338.0,982942.0,present
243,2024-10-28 14:00:00+00:00,2338.6,2351.0,2315.0,2323.6,963323.0,present
244,2024-10-28 16:00:00+00:00,2323.6,2328.0,2304.6,2325.0,627071.0,present
245,2024-10-28 18:00:00+00:00,2324.6,2327.6,2311.6,2321.0,181055.0,present
246,2024-10-28 20:00:00+00:00,2321.0,2322.6,2317.6,2322.6,58625.0,present
247,2024-10-28 22:00:00+00:00,2322.92,2327.4,2319.48,2325.7999999999997,230306.80000000002,interpolated
248,2024-10-29 00:00:00+00:00,2324.84,2332.2,2321.36,2329.0,401988.60000000003,interpolated
249,2024-10-29 02:00:00+00:00,2326.7599999999998,2337.0,2323.24,2332.2,573670.4,interpolated
250,2024-10-29 04:00:00+00:00,2328.68,2341.7999999999997,2325.12,2335.4,745352.2000000001,interpolated
251,2024-10-29 06:00:00+00:00,2330.6,2346.6,2327.0,2338.6,917034.0,present
252,2024-10-29 08:00:00+00:00,2339.0,2339.0,2311.6,2323.6,1116036.0,present
253,2024-10-29 10:00:00+00:00,2324.0,2344.0,2316.6,2340.6,942217.0,present
254,2024-10-29 12:00:00+00:00,2340.6,2359.0,2333.6,2354.0,1425387.0,present
255,2024-10-29 12:00:00+00:00,2340.6,2359.0,2333.6,2354.0,1425387.0,present
256,2024-10-29 14:00:00+00:00,2354.6,2380.0,2350.6,2364.0,864193.0,present
257,2024-10-29 16:00:00+00:00,2365.6,2374.6,2364.0,2372.0,253539.0,present
258,2024-10-29 18:00:00+00:00,2372.0,2406.6,2370.0,2387.6,552353.0,present
259,2024-10-29 20:00:00+00:00,2387.6,2391.0,2381.0,2390.0,113050.0,present
260,2024-10-29 22:00:00+00:00,2389.7999999999997,2394.92,2379.8,2390.32,327808.2,interpolated
261,2024-10-30 00:00:00+00:00,2392.0,2398.84,2378.6,2390.64,542566.4,interpolated
262,2024-10-30 02:00:00+00:00,2394.2,2402.7599999999998,2377.4,2390.96,757324.6,interpolated
263,2024-10-30 04:00:00+00:00,2396.4,2406.68,2376.2,2391.2799999999997,972082.8,interpolated
264,2024-10-30 06:00:00+00:00,2398.6,2410.6,2375.0,2391.6,1186841.0,present
265,2024-10-30 08:00:00+00:00,2392.0,2406.6,2383.6,2392.0,1071260.0,present
266,2024-10-30 10:00:00+00:00,2392.0,2394.6,2367.6,2371.6,692330.0,present
267,2024-10-30 12:00:00+00:00,2371.6,2383.0,2367.0,2376.0,561290.0,present
268,2024-10-30 14:00:00+00:00,2376.0,2391.0,2371.0,2378.0,595643.0,present
269,2024-10-30 16:00:00+00:00,2372.0,2374.0,2356.0,2360.0,462799.0,present
270,2024-10-30 18:00:00+00:00,2360.0,2362.6,2334.6,2336.0,549188.0,present
271,2024-10-30 20:00:00+00:00,2335.6,2346.6,2335.0,2341.0,116856.0,present
272,2024-10-30 22:00:00+00:00,2334.2799999999997,2346.08,2333.72,2340.72,237728.4,interpolated
273,2024-10-31 00:00:00+00:00,2332.96,2345.56,2332.44,2340.44,358600.8,interpolated
274,2024-10-31 02:00:00+00:00,2331.64,2345.04,2331.16,2340.16,479473.2,interpolated
275,2024-10-31 04:00:00+00:00,2330.32,2344.52,2329.88,2339.88,600345.6,interpolated
276,2024-10-31 06:00:00+00:00,2329.0,2344.0,2328.6,2339.6,721218.0,present
277,2024-10-31 08:00:00+00:00,2339.6,2355.0,2319.6,2333.0,1186991.0,present
278,2024-10-31 10:00:00+00:00,2332.6,2352.0,2327.0,2348.0,839968.0,present
279,2024-10-31 12:00:00+00:00,2348.0,2351.6,2333.6,2337.0,532158.0,present
280,2024-10-31 14:00:00+00:00,2337.0,2340.6,2321.0,2325.6,490316.0,present
281,2024-10-31 16:00:00+00:00,2325.6,2326.6,2310.0,2310.0,385159.0,present
282,2024-10-31 18:00:00+00:00,2310.0,2324.0,2307.0,2320.0,272174.0,present
283,2024-10-31 20:00:00+00:00,2320.0,2327.6,2319.6,2327.6,60929.0,present
284,2024-10-31 22:00:00+00:00,2321.6,2330.48,2320.84,2328.56,194096.8,interpolated
285,2024-11-01 00:00:00+00:00,2323.2,2333.36,2322.08,2329.52,327264.6,interpolated
286,2024-11-01 02:00:00+00:00,2324.8,2336.24,2323.32,2330.48,460432.39999999997,interpolated
287,2024-11-01 04:00:00+00:00,2326.4,2339.12,2324.56,2331.44,593600.2,interpolated
288,2024-11-01 06:00:00+00:00,2328.0,2342.0,2325.8,2332.4,726768.0,present
289,2024-11-01 08:00:00+00:00,2332.6,2337.0,2317.6,2324.0,933107.0,present
290,2024-11-01 10:00:00+00:00,2324.4,2335.8,2320.6,2330.0,631600.0,present
291,2024-11-01 12:00:00+00:00,2330.2,2340.6,2322.4,2336.8,591653.0,present
292,2024-11-01 14:00:00+00:00,2336.8,2349.0,2333.0,2344.4,708496.0,present
293,2024-11-01 16:00:00+00:00,2344.4,2349.0,2339.8,2341.0,210512.0,present
294,2024-11-01 18:00:00+00:00,2341.0,2346.0,2339.6,2341.8,117184.0,present
295,2024-11-01 20:00:00+00:00,2341.6,2345.0,2341.0,2344.0,57407.0,present
296,2024-11-01 22:00:00+00:00,2342.6,2346.8,2342.04,2345.44,123307.4,interpolated
297,2024-11-02 00:00:00+00:00,2343.6,2348.6,2343.08,2346.88,189207.8,interpolated
298,2024-11-02 02:00:00+00:00,2344.6,2350.4,2344.12,2348.3199999999997,255108.19999999998,interpolated
299,2024-11-02 04:00:00+00:00,2345.6,2352.2,2345.16,2349.7599999999998,321008.6,interpolated
300,2024-11-02 06:00:00+00:00,2346.6,2354.0,2346.2,2351.2,386909.0,present
301,2024-11-02 08:00:00+00:00,2351.4,2351.8,2335.4,2338.0,425119.0,present
302,2024-11-02 10:00:00+00:00,2338.0,2341.8,2332.6,2336.2,427651.0,present
303,2024-11-02 12:00:00+00:00,2336.2,2339.2,2326.4,2331.6,424935.0,present
304,2024-11-02 14:00:00+00:00,2331.8,2332.6,2293.8,2293.8,1268218.0,present
305,2024-11-02 16:00:00+00:00,2295.8,2313.8,2295.8,2311.6,564527.0,present
306,2024-11-02 18:00:00+00:00,2312.2,2315.0,2306.6,2314.0,255669.0,present
307,2024-11-02 20:00:00+00:00,2314.0,2319.0,2311.0,2312.6,134317.0,present
308,2024-11-02 22:00:00+00:00,2314.4137931034484,2319.5172413793102,2310.979310344828,2312.675862068965,162617.58620689655,interpolated
309,2024-11-03 00:00:00+00:00,2314.8275862068967,2320.0344827586205,2310.958620689655,2312.751724137931,190918.1724137931,interpolated
310,2024-11-03 02:00:00+00:00,2315.2413793103447,2320.551724137931,2310.937931034483,2312.8275862068963,219218.75862068965,interpolated
311,2024-11-03 04:00:00+00:00,2315.655172413793,2321.0689655172414,2310.9172413793103,2312.903448275862,247519.3448275862,interpolated
312,2024-11-03 06:00:00+00:00,2316.0689655172414,2321.5862068965516,2310.896551724138,2312.9793103448274,275819.9310344828,interpolated
313,2024-11-03 08:00:00+00:00,2316.4827586206898,2322.103448275862,2310.8758620689655,2313.055172413793,304120.5172413793,interpolated
314,2024-11-03 10:00:00+00:00,2316.896551724138,2322.6206896551726,2310.8551724137933,2313.1310344827584,332421.1034482758,interpolated
315,2024-11-03 12:00:00+00:00,2317.310344827586,2323.137931034483,2310.8344827586207,2313.206896551724,360721.6896551724,interpolated
316,2024-11-03 14:00:00+00:00,2317.7241379310344,2323.655172413793,2310.8137931034485,2313.2827586206895,389022.275862069,interpolated
317,2024-11-03 16:00:00+00:00,2318.137931034483,2324.1724137931033,2310.793103448276,2313.3586206896553,417322.8620689655,interpolated
318,2024-11-03 18:00:00+00:00,2318.551724137931,2324.689655172414,2310.7724137931036,2313.4344827586206,445623.448275862,interpolated
319,2024-11-03 20:00:00+00:00,2318.9655172413795,2325.206896551724,2310.751724137931,2313.5103448275863,473924.0344827586,interpolated
320,2024-11-03 22:00:00+00:00,2319.3793103448274,2325.7241379310344,2310.731034482759,2313.5862068965516,502224.62068965513,interpolated
321,2024-11-04 00:00:00+00:00,2319.793103448276,2326.2413793103447,2310.710344827586,2313.6620689655174,530525.2068965517,interpolated
322,2024-11-04 02:00:00+00:00,2320.206896551724,2326.7586206896553,2310.689655172414,2313.7379310344827,558825.7931034482,interpolated
323,2024-11-04 04:00:00+00:00,2320.6206896551726,2327.2758620689656,2310.6689655172413,2313.8137931034485,587126.3793103448,interpolated
324,2024-11-04 06:00:00+00:00,2321.0344827586205,2327.793103448276,2310.648275862069,2313.8896551724138,615426.9655172413,interpolated
325,2024-11-04 08:00:00+00:00,2321.448275862069,2328.310344827586,2310.6275862068965,2313.9655172413795,643727.551724138,interpolated
326,2024-11-04 10:00:00+00:00,2321.862068965517,2328.8275862068967,2310.6068965517243,2314.041379310345,672028.1379310344,interpolated
327,2024-11-04 12:00:00+00:00,2322.2758620689656,2329.344827586207,2310.5862068965516,2314.1172413793106,700328.724137931,interpolated
328,2024-11-04 14:00:00+00:00,2322.689655172414,2329.862068965517,2310.5655172413794,2314.193103448276,728629.3103448276,interpolated
329,2024-11-04 16:00:00+00:00,2323.103448275862,2330.3793103448274,2310.544827586207,2314.2689655172417,756929.896551724,interpolated
330,2024-11-04 18:00:00+00:00,2323.5172413793102,2330.896551724138,2310.5241379310346,2314.344827586207,785230.4827586206,interpolated
331,2024-11-04 20:00:00+00:00,2323.9310344827586,2331.4137931034484,2310.503448275862,2314.4206896551727,813531.0689655172,interpolated
332,2024-11-04 22:00:00+00:00,2324.344827586207,2331.9310344827586,2310.4827586206898,2314.496551724138,841831.6551724138,interpolated
333,2024-11-05 00:00:00+00:00,2324.7586206896553,2332.448275862069,2310.462068965517,2314.572413793104,870132.2413793103,interpolated
334,2024-11-05 02:00:00+00:00,2325.1724137931033,2332.9655172413795,2310.441379310345,2314.648275862069,898432.8275862068,interpolated
335,2024-11-05 04:00:00+00:00,2325.5862068965516,2333.4827586206898,2310.4206896551723,2314.724137931035,926733.4137931034,interpolated
336,2024-11-05 06:00:00+00:00,2326.0,2334.0,2310.4,2314.8,955034.0,present
337,2024-11-05 08:00:00+00:00,2314.8,2326.6,2310.6,2323.2,806196.0,present
338,2024-11-05 10:00:00+00:00,2323.2,2324.6,2316.8,2320.8,371160.0,present
339,2024-11-05 12:00:00+00:00,2320.8,2322.4,2315.2,2316.6,229125.0,present
340,2024-11-05 12:00:00+00:00,2320.8,2322.4,2315.2,2316.6,229125.0,present
341,2024-11-05 14:00:00+00:00,2316.8,2323.4,2311.0,2323.4,424397.0,present
342,2024-11-05 16:00:00+00:00,2322.0,2329.0,2319.4,2323.6,235107.0,present
343,2024-11-05 18:00:00+00:00,2323.4,2325.6,2322.4,2324.6,85004.0,present
344,2024-11-05 20:00:00+00:00,2324.6,2326.0,2323.4,2324.2,57317.0,present
345,2024-11-05 22:00:00+00:00,2340.08,2347.72,2335.8,2343.44,549604.0,interpolated
346,2024-11-06 00:00:00+00:00,2355.56,2369.44,2348.2000000000003,2362.68,1041891.0000000001,interpolated
347,2024-11-06 02:00:00+00:00,2371.04,2391.16,2360.6,2381.92,1534178.0,interpolated
348,2024-11-06 04:00:00+00:00,2386.52,2412.88,2373.0,2401.16,2026465.0000000002,interpolated
349,2024-11-06 06:00:00+00:00,2402.0,2434.6,2385.4,2420.4,2518752.0,present
350,2024-11-06 08:00:00+00:00,2420.4,2427.6,2405.0,2412.4,1431235.0,present
351,2024-11-06 10:00:00+00:00,2412.4,2416.4,2391.0,2396.0,917182.0,present
352,2024-11-06 12:00:00+00:00,2396.0,2396.0,2358.6,2363.6,1672994.0,present
353,2024-11-06 14:00:00+00:00,2363.6,2367.4,2348.4,2365.0,817931.0,present
354,2024-11-06 16:00:00+00:00,2365.2,2378.0,2357.0,2376.6,337797.0,present
355,2024-11-06 18:00:00+00:00,2377.2,2377.6,2368.4,2371.2,186326.0,present
356,2024-11-06 20:00:00+00:00,2371.4,2374.2,2371.2,2373.6,61721.0,present
357,2024-11-06 22:00:00+00:00,2371.8333333333335,2374.6666666666665,2368.833333333333,2371.4,139004.0,interpolated
358,2024-11-07 00:00:00+00:00,2372.266666666667,2375.133333333333,2366.4666666666667,2369.2,216287.0,interpolated
359,2024-11-07 02:00:00+00:00,2372.7,2375.6,2364.1,2367.0,293570.0,interpolated
360,2024-11-07 04:00:00+00:00,2373.133333333333,2376.0666666666666,2361.733333333333,2364.8,370853.0,interpolated
361,2024-11-07 06:00:00+00:00,2373.5666666666666,2376.5333333333333,2359.366666666667,2362.6,448136.0,interpolated
362,2024-11-07 08:00:00+00:00,2374.0,2377.0,2357.0,2360.4,525419.0,present
363,2024-11-07 10:00:00+00:00,2360.6,2374.8,2350.6,2371.6,909776.0,present
364,2024-11-07 12:00:00+00:00,2371.6,2394.8,2369.4,2387.4,1207242.0,present
365,2024-11-07 14:00:00+00:00,2387.6,2434.4,2387.2,2427.8,2003423.0,present
366,2024-11-07 16:00:00+00:00,2428.4,2452.8,2425.6,2438.6,1070523.0,present
367,2024-11-07 18:00:00+00:00,2438.6,2467.2,2434.0,2460.0,819446.0,present
368,2024-11-07 20:00:00+00:00,2460.0,2482.0,2458.2,2482.0,404520.0,present
369,2024-11-07 22:00:00+00:00,2471.4,2494.16,2464.72,2492.36,703671.3999999999,interpolated
370,2024-11-08 00:00:00+00:00,2482.8,2506.32,2471.24,2502.7200000000003,1002822.7999999999,interpolated
371,2024-11-08 02:00:00+00:00,2494.2,2518.48,2477.76,2513.08,1301974.2,interpolated
372,2024-11-08 04:00:00+00:00,2505.6,2530.6400000000003,2484.28,2523.44,1601125.5999999999,interpolated
373,2024-11-08 06:00:00+00:00,2517.0,2542.8,2490.8,2533.8,1900277.0,present
374,2024-11-08 08:00:00+00:00,2533.6,2544.6,2502.6,2510.0,2061328.0,present
375,2024-11-08 10:00:00+00:00,2510.4,2512.2,2486.0,2501.2,1366336.0,present
376,2024-11-08 12:00:00+00:00,2501.2,2524.0,2498.0,2507.0,1099086.0,present
377,2024-11-08 14:00:00+00:00,2507.0,2533.0,2497.0,2518.0,1084176.0,present
378,2024-11-08 16:00:00+00:00,2529.6,2566.0,2528.0,2560.0,1506063.0,present
379,2024-11-08 18:00:00+00:00,2560.0,2573.4,2552.6,2571.0,571705.0,present
380,2024-11-08 20:00:00+00:00,2570.8,2577.2,2561.8,2573.0,319311.0,present
381,2024-11-08 22:00:00+00:00,2572.806896551724,2579.1310344827584,2562.993103448276,2574.455172413793,372919.4827586207,interpolated
382,2024-11-09 00:00:00+00:00,2574.8137931034485,2581.062068965517,2564.186206896552,2575.9103448275864,426527.9655172414,interpolated
383,2024-11-09 02:00:00+00:00,2576.8206896551724,2582.9931034482756,2565.379310344828,2577.365517241379,480136.448275862,interpolated
384,2024-11-09 04:00:00+00:00,2578.8275862068967,2584.9241379310342,2566.572413793104,2578.8206896551724,533744.9310344828,interpolated
385,2024-11-09 06:00:00+00:00,2580.8344827586207,2586.855172413793,2567.7655172413793,2580.2758620689656,587353.4137931035,interpolated
386,2024-11-09 08:00:00+00:00,2582.841379310345,2588.7862068965514,2568.958620689655,2581.731034482759,640961.896551724,interpolated
387,2024-11-09 10:00:00+00:00,2584.848275862069,2590.71724137931,2570.151724137931,2583.1862068965515,694570.3793103448,interpolated
388,2024-11-09 12:00:00+00:00,2586.8551724137933,2592.6482758620687,2571.344827586207,2584.6413793103447,748178.8620689656,interpolated
389,2024-11-09 14:00:00+00:00,2588.862068965517,2594.5793103448273,2572.537931034483,2586.096551724138,801787.3448275862,interpolated
390,2024-11-09 16:00:00+00:00,2590.8689655172416,2596.510344827586,2573.731034482759,2587.551724137931,855395.827586207,interpolated
391,2024-11-09 18:00:00+00:00,2592.8758620689655,2598.4413793103445,2574.9241379310347,2589.006896551724,909004.3103448276,interpolated
392,2024-11-09 20:00:00+00:00,2594.88275862069,2600.372413793103,2576.1172413793106,2590.462068965517,962612.7931034482,interpolated
393,2024-11-09 22:00:00+00:00,2596.8896551724138,2602.3034482758617,2577.3103448275865,2591.9172413793103,1016221.275862069,interpolated
394,2024-11-10 00:00:00+00:00,2598.896551724138,2604.2344827586203,2578.5034482758624,2593.3724137931035,1069829.7586206896,interpolated
395,2024-11-10 02:00:00+00:00,2600.903448275862,2606.1655172413793,2579.696551724138,2594.8275862068963,1123438.2413793104,interpolated
396,2024-11-10 04:00:00+00:00,2602.9103448275864,2608.096551724138,2580.8896551724138,2596.2827586206895,1177046.7241379311,interpolated
397,2024-11-10 06:00:00+00:00,2604.9172413793103,2610.0275862068966,2582.0827586206897,2597.7379310344827,1230655.206896552,interpolated
398,2024-11-10 08:00:00+00:00,2606.9241379310347,2611.958620689655,2583.2758620689656,2599.193103448276,1284263.6896551724,interpolated
399,2024-11-10 10:00:00+00:00,2608.9310344827586,2613.8896551724138,2584.4689655172415,2600.6482758620687,1337872.1724137932,interpolated
400,2024-11-10 12:00:00+00:00,2610.937931034483,2615.8206896551724,2585.6620689655174,2602.103448275862,1391480.655172414,interpolated
401,2024-11-10 14:00:00+00:00,2612.944827586207,2617.751724137931,2586.8551724137933,2603.558620689655,1445089.1379310344,interpolated
402,2024-11-10 16:00:00+00:00,2614.9517241379313,2619.6827586206896,2588.048275862069,2605.0137931034483,1498697.6206896552,interpolated
403,2024-11-10 18:00:00+00:00,2616.958620689655,2621.613793103448,2589.241379310345,2606.468965517241,1552306.103448276,interpolated
404,2024-11-10 20:00:00+00:00,2618.9655172413795,2623.544827586207,2590.434482758621,2607.9241379310342,1605914.5862068965,interpolated
405,2024-11-10 22:00:00+00:00,2620.9724137931034,2625.4758620689654,2591.6275862068965,2609.3793103448274,1659523.0689655172,interpolated
406,2024-11-11 00:00:00+00:00,2622.979310344828,2627.406896551724,2592.8206896551724,2610.8344827586207,1713131.551724138,interpolated
407,2024-11-11 02:00:00+00:00,2624.9862068965517,2629.3379310344826,2594.0137931034483,2612.2896551724134,1766740.0344827587,interpolated
408,2024-11-11 04:00:00+00:00,2626.993103448276,2631.268965517241,2595.206896551724,2613.7448275862066,1820348.5172413792,interpolated
409,2024-11-11 06:00:00+00:00,2629.0,2633.2,2596.4,2615.2,1873957.0,present
410,2024-11-11 08:00:00+00:00,2615.6,2642.6,2614.2,2623.2,2491779.0,present
411,2024-11-11 10:00:00+00:00,2623.4,2631.0,2602.0,2608.6,1373359.0,present
412,2024-11-11 12:00:00+00:00,2608.6,2625.0,2597.2,2615.4,1279592.0,present
413,2024-11-11 14:00:00+00:00,2615.4,2625.8,2611.6,2623.0,848563.0,present
414,2024-11-11 16:00:00+00:00,2623.0,2624.0,2614.0,2618.8,310118.0,present
415,2024-11-11 18:00:00+00:00,2618.8,2619.0,2614.0,2616.8,158026.0,present
416,2024-11-11 20:00:00+00:00,2616.8,2617.0,2610.4,2614.2,84725.0,present
417,2024-11-11 22:00:00+00:00,2615.08,2615.24,2604.08,2608.12,367489.8,interpolated
418,2024-11-12 00:00:00+00:00,2613.36,2613.48,2597.76,2602.04,650254.6,interpolated
419,2024-11-12 02:00:00+00:00,2611.64,2611.72,2591.44,2595.96,933019.4,interpolated
420,2024-11-12 04:00:00+00:00,2609.92,2609.96,2585.1200000000003,2589.88,1215784.2,interpolated
421,2024-11-12 06:00:00+00:00,2608.2,2608.2,2578.8,2583.8,1498549.0,present
422,2024-11-12 08:00:00+00:00,2583.8,2607.0,2581.6,2595.8,1594051.0,present
423,2024-11-12 10:00:00+00:00,2595.8,2609.0,2595.0,2598.2,795574.0,present
424,2024-11-12 12:00:00+00:00,2598.2,2599.0,2581.0,2581.4,710974.0,present
425,2024-11-12 12:00:00+00:00,2598.2,2599.0,2581.0,2581.4,710974.0,present
426,2024-11-12 14:00:00+00:00,2581.4,2590.8,2580.0,2584.2,650527.0,present
427,2024-11-12 16:00:00+00:00,2583.6,2583.8,2561.4,2561.4,531437.0,present
428,2024-11-12 18:00:00+00:00,2561.4,2561.6,2543.6,2548.0,719097.0,present
429,2024-11-12 20:00:00+00:00,2548.0,2555.4,2547.8,2549.8,216813.0,present
430,2024-11-12 22:00:00+00:00,2547.16,2554.92,2545.04,2549.04,358379.6,interpolated
431,2024-11-13 00:00:00+00:00,2546.32,2554.44,2542.28,2548.28,499946.19999999995,interpolated
432,2024-11-13 02:00:00+00:00,2545.48,2553.96,2539.52,2547.52,641512.8,interpolated
433,2024-11-13 04:00:00+00:00,2544.6400000000003,2553.48,2536.76,2546.76,783079.3999999999,interpolated
434,2024-11-13 06:00:00+00:00,2543.8,2553.0,2534.0,2546.0,924646.0,present
435,2024-11-13 08:00:00+00:00,2545.8,2580.8,2544.8,2568.4,1870273.0,present
436,2024-11-13 10:00:00+00:00,2568.4,2584.8,2562.8,2571.2,1069371.0,present
437,2024-11-13 12:00:00+00:00,2571.2,2584.0,2564.4,2578.0,853280.0,present
438,2024-11-13 14:00:00+00:00,2578.0,2581.6,2563.8,2570.0,675996.0,present
439,2024-11-13 16:00:00+00:00,2555.0,2557.8,2513.2,2534.2,1817587.0,present
440,2024-11-13 18:00:00+00:00,2534.4,2538.0,2525.8,2526.8,340983.0,present
441,2024-11-13 20:00:00+00:00,2526.8,2529.4,2521.0,2524.0,95687.0,present
442,2024-11-13 22:00:00+00:00,2526.6400000000003,2533.56,2522.0,2528.36,268213.6,interpolated
443,2024-11-14 00:00:00+00:00,2526.48,2537.72,2523.0,2532.7200000000003,440740.2,interpolated
444,2024-11-14 02:00:00+00:00,2526.32,2541.88,2524.0,2537.08,613266.8,interpolated
445,2024-11-14 04:00:00+00:00,2526.16,2546.04,2525.0,2541.44,785793.4,interpolated
446,2024-11-14 06:00:00+00:00,2526.0,2550.2,2526.0,2545.8,958320.0,present
447,2024-11-14 08:00:00+00:00,2546.0,2572.0,2545.2,2569.2,1557765.0,present
448,2024-11-14 10:00:00+00:00,2569.0,2575.0,2553.2,2566.6,1086416.0,present
449,2024-11-14 12:00:00+00:00,2566.8,2570.4,2552.8,2558.8,1142110.0,present
450,2024-11-14 14:00:00+00:00,2558.8,2559.6,2533.4,2534.6,1123625.0,present
451,2024-11-14 16:00:00+00:00,2537.0,2552.4,2534.0,2541.8,592525.0,present
452,2024-11-14 18:00:00+00:00,2541.8,2555.4,2539.6,2553.2,276354.0,present
453,2024-11-14 20:00:00+00:00,2553.2,2554.0,2546.0,2554.0,93051.0,present
454,2024-11-14 22:00:00+00:00,2555.72,2557.4,2548.56,2555.44,240884.4,interpolated
455,2024-11-15 00:00:00+00:00,2558.24,2560.8,2551.12,2556.88,388717.8,interpolated
456,2024-11-15 02:00:00+00:00,2560.76,2564.2,2553.6800000000003,2558.3199999999997,536551.2,interpolated
457,2024-11-15 04:00:00+00:00,2563.28,2567.6,2556.2400000000002,2559.7599999999998,684384.6,interpolated
458,2024-11-15 06:00:00+00:00,2565.8,2571.0,2558.8,2561.2,832218.0,present
459,2024-11-15 08:00:00+00:00,2561.4,2573.8,2554.0,2561.8,1367884.0,present
460,2024-11-15 10:00:00+00:00,2561.8,2564.8,2556.4,2559.0,585965.0,present
461,2024-11-15 12:00:00+00:00,2558.8,2570.0,2550.0,2563.6,997319.0,present
462,2024-11-15 14:00:00+00:00,2563.6,2578.0,2562.2,2576.0,777056.0,present
463,2024-11-15 16:00:00+00:00,2577.0,2597.6,2574.2,2585.4,1177059.0,present
464,2024-11-15 18:00:00+00:00,2585.2,2603.8,2584.4,2602.8,464776.0,present
465,2024-11-15 20:00:00+00:00,2602.8,2606.4,2597.6,2603.6,271489.0,present
466,2024-11-15 22:00:00+00:00,2600.641379310345,2606.048275862069,2595.268965517241,2602.965517241379,329001.275862069,interpolated
467,2024-11-16 00:00:00+00:00,2598.4827586206898,2605.696551724138,2592.9379310344825,2602.3310344827587,386513.551724138,interpolated
468,2024-11-16 02:00:00+00:00,2596.324137931035,2605.344827586207,2590.6068965517243,2601.696551724138,444025.8275862069,interpolated
469,2024-11-16 04:00:00+00:00,2594.1655172413793,2604.993103448276,2588.2758620689656,2601.062068965517,501538.1034482759,interpolated
470,2024-11-16 06:00:00+00:00,2592.0068965517244,2604.6413793103447,2585.944827586207,2600.4275862068966,559050.3793103448,interpolated
471,2024-11-16 08:00:00+00:00,2589.848275862069,2604.289655172414,2583.613793103448,2599.793103448276,616562.6551724138,interpolated
472,2024-11-16 10:00:00+00:00,2587.689655172414,2603.937931034483,2581.2827586206895,2599.158620689655,674074.9310344828,interpolated
473,2024-11-16 12:00:00+00:00,2585.5310344827585,2603.5862068965516,2578.951724137931,2598.524137931034,731587.2068965518,interpolated
474,2024-11-16 14:00:00+00:00,2583.3724137931035,2603.2344827586207,2576.6206896551726,2597.8896551724138,789099.4827586208,interpolated
475,2024-11-16 16:00:00+00:00,2581.2137931034486,2602.88275862069,2574.289655172414,2597.255172413793,846611.7586206897,interpolated
476,2024-11-16 18:00:00+00:00,2579.055172413793,2602.5310344827585,2571.958620689655,2596.620689655172,904124.0344827586,interpolated
477,2024-11-16 20:00:00+00:00,2576.896551724138,2602.1793103448276,2569.6275862068965,2595.9862068965517,961636.3103448276,interpolated
478,2024-11-16 22:00:00+00:00,2574.7379310344827,2601.8275862068967,2567.2965517241378,2595.351724137931,1019148.5862068966,interpolated
479,2024-11-17 00:00:00+00:00,2572.5793103448277,2601.4758620689654,2564.965517241379,2594.71724137931,1076660.8620689656,interpolated
480,2024-11-17 02:00:00+00:00,2570.4206896551723,2601.1241379310345,2562.634482758621,2594.0827586206897,1134173.1379310344,interpolated
481,2024-11-17 04:00:00+00:00,2568.2620689655173,2600.772413793103,2560.303448275862,2593.448275862069,1191685.4137931035,interpolated
482,2024-11-17 06:00:00+00:00,2566.103448275862,2600.4206896551723,2557.9724137931034,2592.813793103448,1249197.6896551726,interpolated
483,2024-11-17 08:00:00+00:00,2563.944827586207,2600.0689655172414,2555.6413793103447,2592.1793103448276,1306709.9655172415,interpolated
484,2024-11-17 10:00:00+00:00,2561.7862068965514,2599.71724137931,2553.310344827586,2591.544827586207,1364222.2413793104,interpolated
485,2024-11-17 12:00:00+00:00,2559.6275862068965,2599.365517241379,2550.9793103448274,2590.910344827586,1421734.5172413795,interpolated
486,2024-11-17 14:00:00+00:00,2557.4689655172415,2599.0137931034483,2548.648275862069,2590.2758620689656,1479246.7931034483,interpolated
487,2024-11-17 16:00:00+00:00,2555.310344827586,2598.662068965517,2546.3172413793104,2589.6413793103447,1536759.0689655172,interpolated
488,2024-11-17 18:00:00+00:00,2553.151724137931,2598.310344827586,2543.9862068965517,2589.006896551724,1594271.3448275863,interpolated
489,2024-11-17 20:00:00+00:00,2550.9931034482756,2597.958620689655,2541.655172413793,2588.372413793103,1651783.6206896552,interpolated
490,2024-11-17 22:00:00+00:00,2548.8344827586207,2597.606896551724,2539.3241379310343,2587.7379310344827,1709295.8965517243,interpolated
491,2024-11-18 00:00:00+00:00,2546.675862068965,2597.255172413793,2536.9931034482756,2587.103448275862,1766808.1724137932,interpolated
492,2024-11-18 02:00:00+00:00,2544.5172413793102,2596.903448275862,2534.6620689655174,2586.468965517241,1824320.4482758623,interpolated
493,2024-11-18 04:00:00+00:00,2542.358620689655,2596.5517241379307,2532.3310344827587,2585.8344827586207,1881832.7241379311,interpolated
494,2024-11-18 06:00:00+00:00,2540.2,2596.2,2530.0,2585.2,1939345.0,present
495,2024-11-18 08:00:00+00:00,2585.2,2606.6,2575.0,2579.4,1759859.0,present
496,2024-11-18 10:00:00+00:00,2579.4,2591.8,2575.6,2591.8,894087.0,present
497,2024-11-18 12:00:00+00:00,2591.4,2602.4,2583.4,2600.2,827809.0,present
498,2024-11-18 14:00:00+00:00,2600.2,2661.0,2595.2,2650.0,2852388.0,present
499,2024-11-18 16:00:00+00:00,2650.0,2667.2,2635.2,2657.0,1391635.0,present
500,2024-11-18 18:00:00+00:00,2656.8,2657.2,2617.2,2638.8,1616710.0,present
501,2024-11-18 20:00:00+00:00,2639.0,2645.4,2635.2,2640.4,221075.0,present
502,2024-11-18 22:00:00+00:00,2642.28,2651.4,2638.24,2644.28,476634.0,interpolated
503,2024-11-19 00:00:00+00:00,2645.56,2657.4,2641.2799999999997,2648.1600000000003,732193.0,interpolated
504,2024-11-19 02:00:00+00:00,2648.84,2663.4,2644.32,2652.04,987752.0,interpolated
505,2024-11-19 04:00:00+00:00,2652.12,2669.4,2647.36,2655.92,1243311.0,interpolated
506,2024-11-19 06:00:00+00:00,2655.4,2675.4,2650.4,2659.8,1498870.0,present
507,2024-11-19 08:00:00+00:00,2659.6,2661.0,2625.2,2657.2,2586820.0,present
508,2024-11-19 10:00:00+00:00,2657.2,2667.4,2635.6,2643.2,2008336.0,present
509,2024-11-19 12:00:00+00:00,2643.4,2648.8,2592.4,2602.4,2175211.0,present
510,2024-11-19 12:00:00+00:00,2643.4,2648.8,2592.4,2602.4,2175211.0,present
511,2024-11-19 14:00:00+00:00,2601.6,2613.0,2566.0,2588.0,2831144.0,present
512,2024-11-19 16:00:00+00:00,2588.8,2612.0,2583.2,2608.4,907823.0,present
513,2024-11-19 18:00:00+00:00,2608.4,2611.0,2593.2,2596.8,392233.0,present
514,2024-11-19 20:00:00+00:00,2597.0,2598.4,2590.6,2591.0,102526.0,present
515,2024-11-19 22:00:00+00:00,2598.72,2603.4,2592.0,2592.88,440762.0,interpolated
516,2024-11-20 00:00:00+00:00,2600.44,2608.4,2593.4,2594.76,778998.0,interpolated
517,2024-11-20 02:00:00+00:00,2602.16,2613.4,2594.7999999999997,2596.64,1117234.0,interpolated
518,2024-11-20 04:00:00+00:00,2603.88,2618.4,2596.2,2598.52,1455470.0,interpolated
519,2024-11-20 06:00:00+00:00,2605.6,2623.4,2597.6,2600.4,1793706.0,present
520,2024-11-20 08:00:00+00:00,2600.4,2612.8,2586.8,2604.4,1781018.0,present
521,2024-11-20 10:00:00+00:00,2604.6,2622.2,2598.0,2609.0,1691669.0,present
522,2024-11-20 12:00:00+00:00,2609.0,2611.6,2581.8,2587.6,1097379.0,present
523,2024-11-20 14:00:00+00:00,2587.4,2587.6,2558.4,2567.6,1493133.0,present
524,2024-11-20 16:00:00+00:00,2542.0,2558.0,2530.0,2541.2,1613670.0,present
525,2024-11-20 18:00:00+00:00,2541.2,2548.0,2535.0,2539.0,398229.0,present
526,2024-11-20 20:00:00+00:00,2538.6,2541.6,2538.0,2540.2,92548.0,present
527,2024-11-20 22:00:00+00:00,2540.96,2545.16,2535.96,2538.52,383390.4,interpolated
528,2024-11-21 00:00:00+00:00,2543.32,2548.72,2533.92,2536.84,674232.8,interpolated
529,2024-11-21 02:00:00+00:00,2545.68,2552.28,2531.88,2535.16,965075.2,interpolated
530,2024-11-21 04:00:00+00:00,2548.04,2555.84,2529.84,2533.48,1255917.6,interpolated
531,2024-11-21 06:00:00+00:00,2550.4,2559.4,2527.8,2531.8,1546760.0,present
532,2024-11-21 08:00:00+00:00,2531.8,2542.2,2505.0,2520.2,2498078.0,present
533,2024-11-21 10:00:00+00:00,2520.2,2544.2,2520.0,2527.8,1455704.0,present
534,2024-11-21 12:00:00+00:00,2527.8,2539.8,2518.4,2535.4,1001228.0,present
535,2024-11-21 14:00:00+00:00,2536.2,2546.0,2519.0,2526.0,1231158.0,present
536,2024-11-21 16:00:00+00:00,2527.0,2535.0,2473.2,2533.4,1262434.0,present
537,2024-11-21 18:00:00+00:00,2533.6,2573.8,2528.2,2567.0,1223224.0,present
538,2024-11-21 20:00:00+00:00,2566.8,2579.0,2565.6,2576.4,400126.0,present
539,2024-11-21 22:00:00+00:00,2569.84,2580.88,2564.04,2576.84,630269.4,interpolated
540,2024-11-22 00:00:00+00:00,2572.88,2582.76,2562.48,2577.28,860412.8,interpolated
541,2024-11-22 02:00:00+00:00,2575.92,2584.64,2560.92,2577.72,1090556.2,interpolated
542,2024-11-22 04:00:00+00:00,2578.96,2586.52,2559.36,2578.16,1320699.6,interpolated
543,2024-11-22 06:00:00+00:00,2582.0,2588.4,2557.8,2578.6,1550843.0,present
544,2024-11-22 08:00:00+00:00,2578.8,2582.0,2553.0,2569.6,1365952.0,present
545,2024-11-22 10:00:00+00:00,2569.6,2572.8,2548.4,2554.2,973690.0,present
546,2024-11-22 12:00:00+00:00,2554.4,2557.8,2524.0,2530.0,1118138.0,present
547,2024-11-22 14:00:00+00:00,2530.4,2533.4,2412.2,2460.0,4539139.0,present
548,2024-11-22 16:00:00+00:00,2459.6,2485.8,2441.0,2458.6,1637452.0,present
549,2024-11-22 18:00:00+00:00,2458.6,2473.6,2450.2,2455.6,575837.0,present
550,2024-11-22 20:00:00+00:00,2456.6,2458.6,2439.0,2444.8,520863.0,present
551,2024-11-22 22:00:00+00:00,2454.1793103448276,2456.4,2436.5862068965516,2442.2344827586207,560839.2068965518,interpolated
552,2024-11-23 00:00:00+00:00,2451.758620689655,2454.2,2434.1724137931033,2439.6689655172418,600815.4137931034,interpolated
553,2024-11-23 02:00:00+00:00,2449.3379310344826,2452.0,2431.7586206896553,2437.1034482758623,640791.6206896552,interpolated
554,2024-11-23 04:00:00+00:00,2446.9172413793103,2449.7999999999997,2429.344827586207,2434.537931034483,680767.8275862068,interpolated
555,2024-11-23 06:00:00+00:00,2444.496551724138,2447.6,2426.9310344827586,2431.9724137931034,720744.0344827586,interpolated
556,2024-11-23 08:00:00+00:00,2442.0758620689653,2445.4,2424.5172413793102,2429.4068965517245,760720.2413793104,interpolated
557,2024-11-23 10:00:00+00:00,2439.655172413793,2443.2,2422.103448275862,2426.841379310345,800696.448275862,interpolated
558,2024-11-23 12:00:00+00:00,2437.2344827586207,2441.0,2419.689655172414,2424.2758620689656,840672.6551724138,interpolated
559,2024-11-23 14:00:00+00:00,2434.8137931034485,2438.8,2417.2758620689656,2421.710344827586,880648.8620689656,interpolated
560,2024-11-23 16:00:00+00:00,2432.3931034482757,2436.6,2414.862068965517,2419.144827586207,920625.0689655172,interpolated
561,2024-11-23 18:00:00+00:00,2429.9724137931034,2434.4,2412.448275862069,2416.5793103448277,960601.275862069,interpolated
562,2024-11-23 20:00:00+00:00,2427.551724137931,2432.2,2410.0344827586205,2414.0137931034483,1000577.4827586208,interpolated
563,2024-11-23 22:00:00+00:00,2425.1310344827584,2430.0,2407.6206896551726,2411.4482758620693,1040553.6896551724,interpolated
564,2024-11-24 00:00:00+00:00,2422.710344827586,2427.8,2405.206896551724,2408.88275862069,1080529.896551724,interpolated
565,2024-11-24 02:00:00+00:00,2420.289655172414,2425.6,2402.793103448276,2406.3172413793104,1120506.103448276,interpolated
566,2024-11-24 04:00:00+00:00,2417.8689655172416,2423.4,2400.3793103448274,2403.751724137931,1160482.3103448276,interpolated
567,2024-11-24 06:00:00+00:00,2415.448275862069,2421.2000000000003,2397.9655172413795,2401.186206896552,1200458.5172413792,interpolated
568,2024-11-24 08:00:00+00:00,2413.0275862068966,2419.0,2395.551724137931,2398.6206896551726,1240434.7241379311,interpolated
569,2024-11-24 10:00:00+00:00,2410.6068965517243,2416.8,2393.137931034483,2396.055172413793,1280410.9310344828,interpolated
570,2024-11-24 12:00:00+00:00,2408.1862068965515,2414.6,2390.7241379310344,2393.489655172414,1320387.1379310344,interpolated
571,2024-11-24 14:00:00+00:00,2405.7655172413793,2412.4,2388.310344827586,2390.9241379310347,1360363.3448275863,interpolated
572,2024-11-24 16:00:00+00:00,2403.344827586207,2410.2000000000003,2385.896551724138,2388.3586206896553,1400339.551724138,interpolated
573,2024-11-24 18:00:00+00:00,2400.9241379310347,2408.0,2383.4827586206898,2385.793103448276,1440315.7586206896,interpolated
574,2024-11-24 20:00:00+00:00,2398.503448275862,2405.8,2381.0689655172414,2383.227586206897,1480291.9655172415,interpolated
575,2024-11-24 22:00:00+00:00,2396.0827586206897,2403.6000000000004,2378.655172413793,2380.6620689655174,1520268.1724137932,interpolated
576,2024-11-25 00:00:00+00:00,2393.6620689655174,2401.4,2376.2413793103447,2378.096551724138,1560244.3793103448,interpolated
577,2024-11-25 02:00:00+00:00,2391.241379310345,2399.2000000000003,2373.8275862068967,2375.5310344827585,1600220.5862068965,interpolated
578,2024-11-25 04:00:00+00:00,2388.8206896551724,2397.0,2371.4137931034484,2372.9655172413795,1640196.7931034483,interpolated
579,2024-11-25 06:00:00+00:00,2386.4,2394.8,2369.0,2370.4,1680173.0,present
580,2024-11-25 08:00:00+00:00,2370.8,2380.0,2358.2,2377.4,1483922.0,present
581,2024-11-25 10:00:00+00:00,2377.4,2383.0,2361.0,2371.0,1106583.0,present
582,2024-11-25 12:00:00+00:00,2371.0,2371.6,2344.2,2353.0,1014212.0,present
583,2024-11-25 14:00:00+00:00,2353.0,2357.0,2330.4,2349.8,1388724.0,present
584,2024-11-25 16:00:00+00:00,2352.4,2353.6,2333.6,2336.4,617601.0,present
585,2024-11-25 18:00:00+00:00,2336.4,2337.8,2326.0,2331.6,416949.0,present
586,2024-11-25 20:00:00+00:00,2332.0,2339.6,2330.6,2339.6,95421.0,present
587,2024-11-25 22:00:00+00:00,2333.64,2343.3199999999997,2330.36,2342.92,352132.6,interpolated
588,2024-11-26 00:00:00+00:00,2335.2799999999997,2347.04,2330.12,2346.24,608844.2,interpolated
589,2024-11-26 02:00:00+00:00,2336.92,2350.7599999999998,2329.88,2349.56,865555.8,interpolated
590,2024-11-26 04:00:00+00:00,2338.56,2354.48,2329.64,2352.8799999999997,1122267.4,interpolated
591,2024-11-26 06:00:00+00:00,2340.2,2358.2,2329.4,2356.2,1378979.0,present
592,2024-11-26 08:00:00+00:00,2356.2,2375.4,2353.0,2354.6,1732334.0,present
593,2024-11-26 10:00:00+00:00,2355.0,2366.4,2320.6,2328.0,1500862.0,present
594,2024-11-26 12:00:00+00:00,2328.0,2334.2,2281.2,2285.8,2785947.0,present
595,2024-11-26 12:00:00+00:00,2328.0,2334.2,2281.2,2285.8,2785947.0,present
596,2024-11-26 14:00:00+00:00,2286.2,2298.0,2257.0,2272.8,1612695.0,present
597,2024-11-26 16:00:00+00:00,2274.2,2284.8,2261.0,2266.2,752566.0,present
598,2024-11-26 18:00:00+00:00,2266.6,2270.0,2251.2,2263.8,536658.0,present
599,2024-11-26 20:00:00+00:00,2263.8,2277.8,2261.0,2274.0,153665.0,present
600,2024-11-26 22:00:00+00:00,2267.04,2279.96,2251.04,2262.4,502066.8,interpolated
601,2024-11-27 00:00:00+00:00,2270.28,2282.12,2241.08,2250.8,850468.6,interpolated
602,2024-11-27 02:00:00+00:00,2273.52,2284.28,2231.12,2239.2,1198870.4,interpolated
603,2024-11-27 04:00:00+00:00,2276.76,2286.44,2221.16,2227.6,1547272.2,interpolated
604,2024-11-27 06:00:00+00:00,2280.0,2288.6,2211.2,2216.0,1895674.0,present
605,2024-11-27 08:00:00+00:00,2216.0,2321.6,2207.4,2291.8,4066758.0,present
606,2024-11-27 10:00:00+00:00,2292.0,2314.0,2261.0,2312.2,2857061.0,present
607,2024-11-27 12:00:00+00:00,2312.0,2323.0,2266.0,2295.2,2387984.0,present
608,2024-11-27 14:00:00+00:00,2295.6,2304.0,2274.0,2292.0,1119916.0,present
609,2024-11-27 16:00:00+00:00,2290.0,2365.4,2285.4,2359.0,2629508.0,present
610,2024-11-27 18:00:00+00:00,2358.6,2379.0,2346.6,2376.0,823967.0,present
611,2024-11-27 20:00:00+00:00,2376.0,2389.8,2372.0,2384.8,388400.0,present
612,2024-11-27 22:00:00+00:00,2378.8,2392.8,2370.2,2386.56,696632.3999999999,interpolated
613,2024-11-28 00:00:00+00:00,2381.6,2395.8,2368.4,2388.32,1004864.7999999999,interpolated
614,2024-11-28 02:00:00+00:00,2384.4,2398.8,2366.6,2390.08,1313097.2,interpolated
615,2024-11-28 04:00:00+00:00,2387.2,2401.8,2364.8,2391.84,1621329.5999999999,interpolated
616,2024-11-28 06:00:00+00:00,2390.0,2404.8,2363.0,2393.6,1929562.0,present
617,2024-11-28 08:00:00+00:00,2393.8,2416.6,2381.4,2391.6,1992588.0,present
618,2024-11-28 10:00:00+00:00,2391.6,2391.6,2335.8,2339.4,1947019.0,present
619,2024-11-28 12:00:00+00:00,2338.6,2375.0,2330.4,2369.6,1804752.0,present
620,2024-11-28 14:00:00+00:00,2370.0,2384.4,2351.0,2380.0,1224402.0,present
621,2024-11-28 16:00:00+00:00,2381.4,2389.4,2366.2,2371.8,695875.0,present
622,2024-11-28 18:00:00+00:00,2371.2,2375.0,2370.0,2371.6,178526.0,present
623,2024-11-28 20:00:00+00:00,2371.6,2371.8,2360.0,2367.0,89767.0,present
624,2024-11-28 22:00:00+00:00,2369.68,2374.36,2358.24,2369.36,286637.6,interpolated
625,2024-11-29 00:00:00+00:00,2367.7599999999998,2376.92,2356.48,2371.7200000000003,483508.2,interpolated
626,2024-11-29 02:00:00+00:00,2365.84,2379.48,2354.72,2374.08,680378.7999999999,interpolated
627,2024-11-29 04:00:00+00:00,2363.92,2382.04,2352.96,2376.44,877249.4,interpolated
628,2024-11-29 06:00:00+00:00,2362.0,2384.6,2351.2,2378.8,1074120.0,present
629,2024-11-29 08:00:00+00:00,2379.0,2402.0,2372.0,2398.4,2300353.0,present
630,2024-11-29 10:00:00+00:00,2398.4,2399.2,2383.0,2395.4,1046511.0,present
631,2024-11-29 12:00:00+00:00,2395.4,2424.0,2377.0,2386.4,1943313.0,present
632,2024-11-29 14:00:00+00:00,2386.6,2404.8,2383.0,2404.8,777976.0,present
633,2024-11-29 16:00:00+00:00,2402.0,2403.0,2388.2,2390.6,358182.0,present
634,2024-11-29 18:00:00+00:00,2390.6,2397.0,2389.2,2392.4,168794.0,present
635,2024-11-29 20:00:00+00:00,2392.4,2392.6,2382.0,2387.8,105362.0,present
636,2024-11-29 22:00:00+00:00,2392.8,2393.910344827586,2382.731034482759,2388.7655172413797,147190.1724137931,interpolated
637,2024-11-30 00:00:00+00:00,2393.2000000000003,2395.2206896551725,2383.462068965517,2389.731034482759,189018.3448275862,interpolated
638,2024-11-30 02:00:00+00:00,2393.6,2396.5310344827585,2384.193103448276,2390.6965517241383,230846.5172413793,interpolated
639,2024-11-30 04:00:00+00:00,2394.0,2397.8413793103446,2384.9241379310342,2391.6620689655174,272674.6896551724,interpolated
640,2024-11-30 06:00:00+00:00,2394.4,2399.151724137931,2385.655172413793,2392.627586206897,314502.8620689655,interpolated
641,2024-11-30 08:00:00+00:00,2394.8,2400.462068965517,2386.386206896552,2393.593103448276,356331.0344827586,interpolated
642,2024-11-30 10:00:00+00:00,2395.2000000000003,2401.772413793103,2387.11724137931,2394.5586206896555,398159.2068965517,interpolated
643,2024-11-30 12:00:00+00:00,2395.6,2403.0827586206897,2387.848275862069,2395.5241379310346,439987.3793103448,interpolated
644,2024-11-30 14:00:00+00:00,2396.0,2404.3931034482757,2388.5793103448277,2396.489655172414,481815.5517241379,interpolated
645,2024-11-30 16:00:00+00:00,2396.4,2405.703448275862,2389.310344827586,2397.455172413793,523643.724137931,interpolated
646,2024-11-30 18:00:00+00:00,2396.8,2407.0137931034483,2390.041379310345,2398.4206896551727,565471.896551724,interpolated
647,2024-11-30 20:00:00+00:00,2397.2000000000003,2408.3241379310343,2390.772413793103,2399.386206896552,607300.0689655172,interpolated
648,2024-11-30 22:00:00+00:00,2397.6,2409.6344827586204,2391.503448275862,2400.3517241379313,649128.2413793104,interpolated
649,2024-12-01 00:00:00+00:00,2398.0,2410.944827586207,2392.2344827586207,2401.3172413793104,690956.4137931034,interpolated
650,2024-12-01 02:00:00+00:00,2398.4,2412.255172413793,2392.965517241379,2402.28275862069,732784.5862068966,interpolated
651,2024-12-01 04:00:00+00:00,2398.8,2413.5655172413794,2393.696551724138,2403.248275862069,774612.7586206896,interpolated
652,2024-12-01 06:00:00+00:00,2399.2,2414.8758620689655,2394.4275862068966,2404.2137931034486,816440.9310344828,interpolated
653,2024-12-01 08:00:00+00:00,2399.6,2416.1862068965515,2395.158620689655,2405.1793103448276,858269.1034482758,interpolated
654,2024-12-01 10:00:00+00:00,2400.0,2417.496551724138,2395.8896551724138,2406.144827586207,900097.275862069,interpolated
655,2024-12-01 12:00:00+00:00,2400.4,2418.806896551724,2396.620689655172,2407.1103448275862,941925.448275862,interpolated
656,2024-12-01 14:00:00+00:00,2400.8,2420.11724137931,2397.351724137931,2408.0758620689658,983753.6206896552,interpolated
657,2024-12-01 16:00:00+00:00,2401.2,2421.4275862068966,2398.0827586206897,2409.041379310345,1025581.7931034482,interpolated
658,2024-12-01 18:00:00+00:00,2401.6,2422.7379310344827,2398.813793103448,2410.0068965517244,1067409.9655172415,interpolated
659,2024-12-01 20:00:00+00:00,2402.0,2424.0482758620687,2399.544827586207,2410.9724137931034,1109238.1379310344,interpolated
660,2024-12-01 22:00:00+00:00,2402.4,2425.3586206896553,2400.2758620689656,2411.937931034483,1151066.3103448276,interpolated
661,2024-12-02 00:00:00+00:00,2402.8,2426.6689655172413,2401.006896551724,2412.903448275862,1192894.4827586208,interpolated
662,2024-12-02 02:00:00+00:00,2403.2,2427.9793103448274,2401.7379310344827,2413.8689655172416,1234722.6551724137,interpolated
663,2024-12-02 04:00:00+00:00,2403.6,2429.289655172414,2402.468965517241,2414.8344827586207,1276550.8275862068,interpolated
664,2024-12-02 06:00:00+00:00,2404.0,2430.6,2403.2,2415.8,1318379.0,present
665,2024-12-02 08:00:00+00:00,2416.0,2418.6,2390.6,2397.0,1693239.0,present
666,2024-12-02 10:00:00+00:00,2397.0,2410.2,2390.2,2398.8,1119306.0,present
667,2024-12-02 12:00:00+00:00,2399.2,2405.0,2388.4,2399.0,1049831.0,present
668,2024-12-02 14:00:00+00:00,2399.0,2402.8,2392.0,2399.0,579682.0,present
669,2024-12-02 16:00:00+00:00,2399.6,2399.6,2391.8,2393.8,226603.0,present
670,2024-12-02 18:00:00+00:00,2393.8,2396.8,2391.6,2393.4,150293.0,present
671,2024-12-02 20:00:00+00:00,2393.6,2396.2,2391.8,2392.2,77620.0,present
672,2024-12-02 22:00:00+00:00,2394.44,2397.48,2388.84,2390.2,252851.2,interpolated
673,2024-12-03 00:00:00+00:00,2395.28,2398.7599999999998,2385.88,2388.2,428082.4,interpolated
674,2024-12-03 02:00:00+00:00,2396.12,2400.04,2382.92,2386.2,603313.6,interpolated
675,2024-12-03 04:00:00+00:00,2396.96,2401.3199999999997,2379.96,2384.2,778544.8,interpolated
676,2024-12-03 06:00:00+00:00,2397.8,2402.6,2377.0,2382.2,953776.0,present
677,2024-12-03 08:00:00+00:00,2382.0,2382.6,2359.2,2371.8,1617903.0,present
678,2024-12-03 10:00:00+00:00,2371.0,2376.0,2363.0,2363.4,626971.0,present
679,2024-12-03 12:00:00+00:00,2363.6,2369.4,2340.0,2348.4,1453407.0,present
680,2024-12-03 12:00:00+00:00,2363.6,2369.4,2340.0,2348.4,1453407.0,present
681,2024-12-03 14:00:00+00:00,2347.8,2366.2,2340.4,2365.8,944463.0,present
682,2024-12-03 16:00:00+00:00,2364.0,2365.0,2348.4,2355.0,387312.0,present
683,2024-12-03 18:00:00+00:00,2355.0,2355.6,2349.0,2350.2,145714.0,present
684,2024-12-03 20:00:00+00:00,2350.2,2355.0,2350.2,2352.0,67141.0,present
685,2024-12-03 22:00:00+00:00,2350.96,2357.0,2348.7599999999998,2353.84,272848.4,interpolated
686,2024-12-04 00:00:00+00:00,2351.72,2359.0,2347.3199999999997,2355.68,478555.8,interpolated
687,2024-12-04 02:00:00+00:00,2352.48,2361.0,2345.88,2357.52,684263.2,interpolated
688,2024-12-04 04:00:00+00:00,2353.24,2363.0,2344.44,2359.3599999999997,889970.6,interpolated
689,2024-12-04 06:00:00+00:00,2354.0,2365.0,2343.0,2361.2,1095678.0,present
690,2024-12-04 08:00:00+00:00,2361.2,2386.0,2358.6,2377.8,1818072.0,present
691,2024-12-04 10:00:00+00:00,2377.8,2380.0,2368.0,2377.4,585032.0,present
692,2024-12-04 12:00:00+00:00,2377.8,2379.4,2347.0,2348.2,1318112.0,present
693,2024-12-04 14:00:00+00:00,2348.2,2353.4,2315.2,2330.0,1440821.0,present
694,2024-12-04 16:00:00+00:00,2310.0,2317.6,2272.0,2296.0,1554434.0,present
695,2024-12-04 18:00:00+00:00,2296.0,2302.8,2292.0,2293.6,380316.0,present
696,2024-12-04 20:00:00+00:00,2293.2,2293.6,2285.6,2288.6,116903.0,present
697,2024-12-04 22:00:00+00:00,2293.56,2298.68,2286.88,2293.2,382155.4,interpolated
698,2024-12-05 00:00:00+00:00,2293.92,2303.7599999999998,2288.16,2297.7999999999997,647407.8,interpolated
699,2024-12-05 02:00:00+00:00,2294.2799999999997,2308.84,2289.44,2302.4,912660.2000000001,interpolated
700,2024-12-05 04:00:00+00:00,2294.64,2313.92,2290.72,2307.0,1177912.6,interpolated
701,2024-12-05 06:00:00+00:00,2295.0,2319.0,2292.0,2311.6,1443165.0,present
702,2024-12-05 08:00:00+00:00,2311.6,2327.8,2292.2,2307.4,1777571.0,present
703,2024-12-05 10:00:00+00:00,2307.4,2317.0,2283.0,2287.0,1128284.0,present
704,2024-12-05 12:00:00+00:00,2287.0,2324.8,2283.2,2310.0,1582557.0,present
705,2024-12-05 14:00:00+00:00,2310.2,2354.6,2309.4,2344.4,1998259.0,present
706,2024-12-05 16:00:00+00:00,2344.4,2374.6,2344.4,2370.8,1324346.0,present
707,2024-12-05 18:00:00+00:00,2371.0,2374.2,2361.4,2368.2,393020.0,present
708,2024-12-05 20:00:00+00:00,2368.0,2371.0,2365.0,2371.0,88821.0,present
709,2024-12-05 22:00:00+00:00,2369.6,2372.56,2362.64,2371.96,342739.19999999995,interpolated
710,2024-12-06 00:00:00+00:00,2371.2,2374.12,2360.2799999999997,2372.92,596657.3999999999,interpolated
711,2024-12-06 02:00:00+00:00,2372.8,2375.6800000000003,2357.92,2373.88,850575.6,interpolated
712,2024-12-06 04:00:00+00:00,2374.4,2377.2400000000002,2355.56,2374.84,1104493.7999999998,interpolated
713,2024-12-06 06:00:00+00:00,2376.0,2378.8,2353.2,2375.8,1358412.0,present
714,2024-12-06 08:00:00+00:00,2376.0,2376.4,2345.8,2349.8,1572279.0,present
715,2024-12-06 10:00:00+00:00,2349.8,2368.0,2336.0,2367.2,1559949.0,present
716,2024-12-06 12:00:00+00:00,2367.0,2390.0,2361.4,2374.2,2222536.0,present
717,2024-12-06 14:00:00+00:00,2374.6,2378.2,2362.0,2370.8,686354.0,present
718,2024-12-06 16:00:00+00:00,2371.0,2372.4,2359.0,2364.4,370249.0,present
719,2024-12-06 18:00:00+00:00,2364.4,2369.4,2347.0,2354.6,484251.0,present
720,2024-12-06 20:00:00+00:00,2354.8,2355.8,2347.0,2350.0,121791.0,present
721,2024-12-06 22:00:00+00:00,2355.7655172413797,2356.737931034483,2347.6689655172413,2350.958620689655,151957.89655172414,interpolated
722,2024-12-07 00:00:00+00:00,2356.731034482759,2357.6758620689657,2348.3379310344826,2351.9172413793103,182124.7931034483,interpolated
723,2024-12-07 02:00:00+00:00,2357.6965517241383,2358.6137931034486,2349.0068965517244,2352.8758620689655,212291.6896551724,interpolated
724,2024-12-07 04:00:00+00:00,2358.6620689655174,2359.551724137931,2349.6758620689657,2353.8344827586207,242458.58620689655,interpolated
725,2024-12-07 06:00:00+00:00,2359.627586206897,2360.489655172414,2350.344827586207,2354.793103448276,272625.4827586207,interpolated
726,2024-12-07 08:00:00+00:00,2360.593103448276,2361.4275862068966,2351.0137931034483,2355.751724137931,302792.3793103448,interpolated
727,2024-12-07 10:00:00+00:00,2361.5586206896555,2362.3655172413796,2351.6827586206896,2356.710344827586,332959.275862069,interpolated
728,2024-12-07 12:00:00+00:00,2362.5241379310346,2363.303448275862,2352.351724137931,2357.6689655172413,363126.1724137931,interpolated
729,2024-12-07 14:00:00+00:00,2363.489655172414,2364.241379310345,2353.0206896551726,2358.6275862068965,393293.0689655173,interpolated
730,2024-12-07 16:00:00+00:00,2364.455172413793,2365.1793103448276,2353.689655172414,2359.5862068965516,423459.9655172414,interpolated
731,2024-12-07 18:00:00+00:00,2365.4206896551727,2366.1172413793106,2354.3586206896553,2360.544827586207,453626.8620689655,interpolated
732,2024-12-07 20:00:00+00:00,2366.386206896552,2367.055172413793,2355.0275862068966,2361.503448275862,483793.7586206897,interpolated
733,2024-12-07 22:00:00+00:00,2367.3517241379313,2367.993103448276,2355.696551724138,2362.462068965517,513960.6551724138,interpolated
734,2024-12-08 00:00:00+00:00,2368.3172413793104,2368.9310344827586,2356.365517241379,2363.4206896551723,544127.551724138,interpolated
735,2024-12-08 02:00:00+00:00,2369.28275862069,2369.8689655172416,2357.034482758621,2364.379310344828,574294.448275862,interpolated
736,2024-12-08 04:00:00+00:00,2370.248275862069,2370.806896551724,2357.7034482758622,2365.337931034483,604461.3448275862,interpolated
737,2024-12-08 06:00:00+00:00,2371.2137931034486,2371.744827586207,2358.3724137931035,2366.296551724138,634628.2413793104,interpolated
738,2024-12-08 08:00:00+00:00,2372.1793103448276,2372.6827586206896,2359.041379310345,2367.2551724137934,664795.1379310346,interpolated
739,2024-12-08 10:00:00+00:00,2373.144827586207,2373.6206896551726,2359.710344827586,2368.2137931034486,694962.0344827586,interpolated
740,2024-12-08 12:00:00+00:00,2374.1103448275862,2374.558620689655,2360.3793103448274,2369.1724137931037,725128.9310344828,interpolated
741,2024-12-08 14:00:00+00:00,2375.0758620689658,2375.496551724138,2361.048275862069,2370.131034482759,755295.827586207,interpolated
742,2024-12-08 16:00:00+00:00,2376.041379310345,2376.4344827586206,2361.7172413793105,2371.089655172414,785462.724137931,interpolated
743,2024-12-08 18:00:00+00:00,2377.0068965517244,2377.3724137931035,2362.386206896552,2372.048275862069,815629.6206896552,interpolated
744,2024-12-08 20:00:00+00:00,2377.9724137931034,2378.310344827586,2363.055172413793,2373.0068965517244,845796.5172413794,interpolated
745,2024-12-08 22:00:00+00:00,2378.937931034483,2379.248275862069,2363.7241379310344,2373.9655172413795,875963.4137931034,interpolated
746,2024-12-09 00:00:00+00:00,2379.903448275862,2380.1862068965515,2364.3931034482757,2374.9241379310347,906130.3103448276,interpolated
747,2024-12-09 02:00:00+00:00,2380.8689655172416,2381.1241379310345,2365.0620689655175,2375.88275862069,936297.2068965518,interpolated
748,2024-12-09 04:00:00+00:00,2381.8344827586207,2382.062068965517,2365.731034482759,2376.841379310345,966464.103448276,interpolated
749,2024-12-09 06:00:00+00:00,2382.8,2383.0,2366.4,2377.8,996631.0,present
750,2024-12-09 08:00:00+00:00,2377.6,2378.4,2365.0,2374.0,1138686.0,present
751,2024-12-09 10:00:00+00:00,2374.0,2378.6,2371.8,2377.0,635952.0,present
752,2024-12-09 12:00:00+00:00,2377.0,2409.0,2375.4,2406.6,1601114.0,present
753,2024-12-09 14:00:00+00:00,2406.6,2410.0,2394.4,2397.2,1326295.0,present
754,2024-12-09 16:00:00+00:00,2396.8,2400.8,2392.6,2394.4,319402.0,present
755,2024-12-09 18:00:00+00:00,2394.4,2399.8,2393.8,2397.4,174761.0,present
756,2024-12-09 20:00:00+00:00,2397.4,2398.2,2394.8,2395.0,99539.0,present
757,2024-12-09 22:00:00+00:00,2397.4,2398.16,2390.2000000000003,2390.8,315410.0,interpolated
758,2024-12-10 00:00:00+00:00,2397.4,2398.12,2385.6000000000004,2386.6,531281.0,interpolated
759,2024-12-10 02:00:00+00:00,2397.4,2398.08,2381.0,2382.4,747152.0,interpolated
760,2024-12-10 04:00:00+00:00,2397.4,2398.04,2376.4,2378.2,963023.0,interpolated
761,2024-12-10 06:00:00+00:00,2397.4,2398.0,2371.8,2374.0,1178894.0,present
762,2024-12-10 08:00:00+00:00,2374.0,2380.6,2348.8,2360.8,1579509.0,present
763,2024-12-10 10:00:00+00:00,2360.4,2365.0,2343.4,2354.0,1114231.0,present
764,2024-12-10 12:00:00+00:00,2354.0,2365.6,2342.0,2349.4,1371259.0,present
765,2024-12-10 12:00:00+00:00,2354.0,2365.6,2342.0,2349.4,1371259.0,present
766,2024-12-10 14:00:00+00:00,2349.4,2360.0,2345.6,2349.0,905323.0,present
767,2024-12-10 16:00:00+00:00,2349.6,2353.0,2345.0,2348.4,261192.0,present
768,2024-12-10 18:00:00+00:00,2348.4,2350.4,2347.0,2347.6,118118.0,present
769,2024-12-10 20:00:00+00:00,2347.6,2349.0,2342.2,2345.2,65302.0,present
770,2024-12-10 22:00:00+00:00,2347.2799999999997,2348.4,2340.16,2342.56,223450.4,interpolated
771,2024-12-11 00:00:00+00:00,2346.96,2347.8,2338.12,2339.92,381598.8,interpolated
772,2024-12-11 02:00:00+00:00,2346.64,2347.2,2336.08,2337.2799999999997,539747.2,interpolated
773,2024-12-11 04:00:00+00:00,2346.32,2346.6,2334.04,2334.64,697895.6,interpolated
774,2024-12-11 06:00:00+00:00,2346.0,2346.0,2332.0,2332.0,856044.0,present
775,2024-12-11 08:00:00+00:00,2332.8,2348.4,2328.4,2344.0,1086339.0,present
776,2024-12-11 10:00:00+00:00,2344.0,2344.4,2334.2,2343.0,702813.0,present
777,2024-12-11 12:00:00+00:00,2343.0,2347.0,2336.0,2344.4,742510.0,present
778,2024-12-11 14:00:00+00:00,2344.4,2351.2,2334.4,2339.0,665164.0,present
779,2024-12-11 16:00:00+00:00,2335.0,2351.0,2329.0,2342.0,894060.0,present
780,2024-12-11 18:00:00+00:00,2342.0,2345.4,2339.0,2344.8,164852.0,present
781,2024-12-11 20:00:00+00:00,2344.8,2346.6,2341.0,2346.4,97431.0,present
782,2024-12-11 22:00:00+00:00,2346.04,2349.0,2340.84,2348.44,270874.0,interpolated
783,2024-12-12 00:00:00+00:00,2347.28,2351.4,2340.68,2350.48,444317.0,interpolated
784,2024-12-12 02:00:00+00:00,2348.52,2353.7999999999997,2340.52,2352.52,617760.0,interpolated
785,2024-12-12 04:00:00+00:00,2349.76,2356.2,2340.3599999999997,2354.56,791203.0,interpolated
786,2024-12-12 06:00:00+00:00,2351.0,2358.6,2340.2,2356.6,964646.0,present
787,2024-12-12 08:00:00+00:00,2356.6,2358.4,2348.0,2349.6,957781.0,present
788,2024-12-12 10:00:00+00:00,2349.4,2353.0,2338.2,2340.6,697273.0,present
789,2024-12-12 12:00:00+00:00,2340.4,2350.0,2338.6,2339.2,642817.0,present
790,2024-12-12 14:00:00+00:00,2339.4,2340.8,2321.4,2324.4,940872.0,present
791,2024-12-12 16:00:00+00:00,2324.2,2325.0,2312.2,2315.6,445757.0,present
792,2024-12-12 18:00:00+00:00,2315.6,2315.8,2302.2,2306.6,217439.0,present
793,2024-12-12 20:00:00+00:00,2306.8,2308.2,2305.2,2305.4,46947.0,present
794,2024-12-12 22:00:00+00:00,2306.48,2309.12,2304.44,2305.8,180941.2,interpolated
795,2024-12-13 00:00:00+00:00,2306.16,2310.04,2303.68,2306.2000000000003,314935.4,interpolated
796,2024-12-13 02:00:00+00:00,2305.84,2310.96,2302.92,2306.6,448929.60000000003,interpolated
797,2024-12-13 04:00:00+00:00,2305.52,2311.88,2302.16,2307.0,582923.8,interpolated
798,2024-12-13 06:00:00+00:00,2305.2,2312.8,2301.4,2307.4,716918.0,present
799,2024-12-13 08:00:00+00:00,2307.2,2310.0,2285.8,2289.8,1261108.0,present
800,2024-12-13 10:00:00+00:00,2290.0,2303.8,2289.2,2294.4,965755.0,present
801,2024-12-13 12:00:00+00:00,2294.2,2301.2,2291.8,2294.4,569721.0,present
802,2024-12-13 14:00:00+00:00,2294.6,2300.6,2294.4,2299.2,380783.0,present
803,2024-12-13 16:00:00+00:00,2298.2,2299.0,2293.6,2295.0,118835.0,present
804,2024-12-13 18:00:00+00:00,2295.0,2295.6,2287.8,2291.0,200051.0,present
805,2024-12-13 20:00:00+00:00,2291.0,2291.2,2288.0,2289.0,62474.0,present
806,2024-12-13 22:00:00+00:00,2290.7793103448275,2291.062068965517,2287.455172413793,2288.5793103448277,87370.41379310345,interpolated
807,2024-12-14 00:00:00+00:00,2290.558620689655,2290.9241379310342,2286.9103448275864,2288.158620689655,112266.8275862069,interpolated
808,2024-12-14 02:00:00+00:00,2290.3379310344826,2290.7862068965514,2286.365517241379,2287.7379310344827,137163.24137931035,interpolated
809,2024-12-14 04:00:00+00:00,2290.11724137931,2290.6482758620687,2285.8206896551724,2287.3172413793104,162059.6551724138,interpolated
810,2024-12-14 06:00:00+00:00,2289.896551724138,2290.510344827586,2285.2758620689656,2286.896551724138,186956.06896551725,interpolated
811,2024-12-14 08:00:00+00:00,2289.6758620689657,2290.372413793103,2284.731034482759,2286.4758620689654,211852.4827586207,interpolated
812,2024-12-14 10:00:00+00:00,2289.455172413793,2290.2344827586203,2284.1862068965515,2286.055172413793,236748.89655172414,interpolated
813,2024-12-14 12:00:00+00:00,2289.2344827586207,2290.096551724138,2283.6413793103447,2285.634482758621,261645.3103448276,interpolated
814,2024-12-14 14:00:00+00:00,2289.0137931034483,2289.958620689655,2283.096551724138,2285.2137931034486,286541.724137931,interpolated
815,2024-12-14 16:00:00+00:00,2288.793103448276,2289.8206896551724,2282.551724137931,2284.793103448276,311438.1379310345,interpolated
816,2024-12-14 18:00:00+00:00,2288.5724137931034,2289.6827586206896,2282.006896551724,2284.3724137931035,336334.551724138,interpolated
817,2024-12-14 20:00:00+00:00,2288.351724137931,2289.544827586207,2281.462068965517,2283.9517241379313,361230.9655172414,interpolated
818,2024-12-14 22:00:00+00:00,2288.1310344827584,2289.406896551724,2280.9172413793103,2283.5310344827585,386127.37931034487,interpolated
819,2024-12-15 00:00:00+00:00,2287.910344827586,2289.268965517241,2280.3724137931035,2283.1103448275862,411023.7931034483,interpolated
820,2024-12-15 02:00:00+00:00,2287.689655172414,2289.1310344827584,2279.8275862068963,2282.689655172414,435920.20689655177,interpolated
821,2024-12-15 04:00:00+00:00,2287.4689655172415,2288.9931034482756,2279.2827586206895,2282.2689655172417,460816.6206896552,interpolated
822,2024-12-15 06:00:00+00:00,2287.248275862069,2288.855172413793,2278.7379310344827,2281.848275862069,485713.03448275867,interpolated
823,2024-12-15 08:00:00+00:00,2287.0275862068966,2288.71724137931,2278.193103448276,2281.4275862068966,510609.4482758621,interpolated
824,2024-12-15 10:00:00+00:00,2286.806896551724,2288.5793103448273,2277.6482758620687,2281.0068965517244,535505.8620689656,interpolated
825,2024-12-15 12:00:00+00:00,2286.5862068965516,2288.4413793103445,2277.103448275862,2280.5862068965516,560402.275862069,interpolated
826,2024-12-15 14:00:00+00:00,2286.365517241379,2288.3034482758617,2276.558620689655,2280.1655172413793,585298.6896551724,interpolated
827,2024-12-15 16:00:00+00:00,2286.1448275862067,2288.1655172413793,2276.0137931034483,2279.744827586207,610195.103448276,interpolated
828,2024-12-15 18:00:00+00:00,2285.9241379310342,2288.0275862068966,2275.468965517241,2279.324137931035,635091.5172413794,interpolated
829,2024-12-15 20:00:00+00:00,2285.703448275862,2287.8896551724138,2274.9241379310342,2278.903448275862,659987.9310344828,interpolated
830,2024-12-15 22:00:00+00:00,2285.4827586206898,2287.751724137931,2274.3793103448274,2278.4827586206898,684884.3448275862,interpolated
831,2024-12-16 00:00:00+00:00,2285.2620689655173,2287.613793103448,2273.8344827586207,2278.0620689655175,709780.7586206897,interpolated
832,2024-12-16 02:00:00+00:00,2285.041379310345,2287.4758620689654,2273.2896551724134,2277.641379310345,734677.1724137932,interpolated
833,2024-12-16 04:00:00+00:00,2284.8206896551724,2287.3379310344826,2272.7448275862066,2277.2206896551725,759573.5862068966,interpolated
834,2024-12-16 06:00:00+00:00,2284.6,2287.2,2272.2,2276.8,784470.0,present
835,2024-12-16 08:00:00+00:00,2276.8,2277.0,2254.6,2257.0,1354959.0,present
836,2024-12-16 10:00:00+00:00,2257.0,2259.2,2225.2,2232.8,1599801.0,present
837,2024-12-16 12:00:00+00:00,2232.8,2241.4,2222.2,2233.6,1288736.0,present
838,2024-12-16 14:00:00+00:00,2233.6,2235.0,2218.2,2221.0,827984.0,present
839,2024-12-16 16:00:00+00:00,2221.0,2232.6,2214.0,2223.4,1213053.0,present
840,2024-12-16 18:00:00+00:00,2223.4,2226.0,2208.0,2209.8,573596.0,present
841,2024-12-16 20:00:00+00:00,2209.6,2210.0,2180.2,2182.0,576988.0,present
842,2024-12-16 22:00:00+00:00,2206.6,2212.32,2182.96,2189.0,793633.2,interpolated
843,2024-12-17 00:00:00+00:00,2203.6,2214.64,2185.72,2196.0,1010278.4,interpolated
844,2024-12-17 02:00:00+00:00,2200.6,2216.96,2188.48,2203.0,1226923.6,interpolated
845,2024-12-17 04:00:00+00:00,2197.6,2219.2799999999997,2191.24,2210.0,1443568.8,interpolated
846,2024-12-17 06:00:00+00:00,2194.6,2221.6,2194.0,2217.0,1660214.0,present
847,2024-12-17 08:00:00+00:00,2216.8,2218.2,2195.2,2212.2,1350794.0,present
848,2024-12-17 10:00:00+00:00,2212.2,2215.6,2192.0,2199.8,1124792.0,present
849,2024-12-17 12:00:00+00:00,2199.8,2204.0,2192.4,2202.6,890860.0,present
850,2024-12-17 12:00:00+00:00,2199.8,2204.0,2192.4,2202.6,890860.0,present
851,2024-12-17 14:00:00+00:00,2202.6,2216.6,2199.4,2203.0,987936.0,present
852,2024-12-17 16:00:00+00:00,2203.0,2212.2,2200.8,2211.2,292319.0,present
853,2024-12-17 18:00:00+00:00,2211.2,2214.6,2208.4,2212.0,244121.0,present
854,2024-12-17 20:00:00+00:00,2212.2,2221.4,2211.8,2221.4,212435.0,present
855,2024-12-17 22:00:00+00:00,2214.3999999999996,2223.28,2213.84,2221.92,371607.2,interpolated
856,2024-12-18 00:00:00+00:00,2216.6,2225.1600000000003,2215.88,2222.44,530779.4,interpolated
857,2024-12-18 02:00:00+00:00,2218.7999999999997,2227.04,2217.92,2222.96,689951.6000000001,interpolated
858,2024-12-18 04:00:00+00:00,2221.0,2228.92,2219.96,2223.48,849123.8,interpolated
859,2024-12-18 06:00:00+00:00,2223.2,2230.8,2222.0,2224.0,1008296.0,present
860,2024-12-18 08:00:00+00:00,2224.2,2226.0,2210.6,2216.6,1168058.0,present
861,2024-12-18 10:00:00+00:00,2217.0,2218.2,2207.0,2215.0,798120.0,present
862,2024-12-18 12:00:00+00:00,2215.0,2221.6,2210.2,2211.4,811604.0,present
863,2024-12-18 14:00:00+00:00,2211.0,2231.8,2210.4,2229.0,1009326.0,present
864,2024-12-18 16:00:00+00:00,2244.6,2259.6,2237.6,2249.6,1752823.0,present
865,2024-12-18 18:00:00+00:00,2249.4,2268.0,2249.0,2258.4,759692.0,present
866,2024-12-18 20:00:00+00:00,2258.4,2262.0,2256.0,2260.2,189084.0,present
867,2024-12-18 22:00:00+00:00,2258.7200000000003,2261.96,2253.88,2257.52,312192.0,interpolated
868,2024-12-19 00:00:00+00:00,2259.04,2261.92,2251.76,2254.84,435300.0,interpolated
869,2024-12-19 02:00:00+00:00,2259.36,2261.88,2249.64,2252.16,558408.0,interpolated
870,2024-12-19 04:00:00+00:00,2259.68,2261.84,2247.52,2249.48,681516.0,interpolated
871,2024-12-19 06:00:00+00:00,2260.0,2261.8,2245.4,2246.8,804624.0,present
872,2024-12-19 08:00:00+00:00,2246.8,2287.0,2244.4,2277.2,2938104.0,present
873,2024-12-19 10:00:00+00:00,2277.4,2293.4,2272.0,2280.6,1826629.0,present
874,2024-12-19 12:00:00+00:00,2281.2,2299.8,2266.6,2272.6,2526861.0,present
875,2024-12-19 14:00:00+00:00,2272.6,2281.0,2257.2,2260.0,1179654.0,present
876,2024-12-19 16:00:00+00:00,2260.0,2277.8,2259.6,2273.2,425079.0,present
877,2024-12-19 18:00:00+00:00,2273.0,2278.0,2270.4,2272.0,198575.0,present
878,2024-12-19 20:00:00+00:00,2272.0,2273.6,2270.4,2272.0,58407.0,present
879,2024-12-19 22:00:00+00:00,2272.0,2274.2799999999997,2269.0,2271.28,197886.0,interpolated
880,2024-12-20 00:00:00+00:00,2272.0,2274.96,2267.6,2270.56,337365.0,interpolated
881,2024-12-20 02:00:00+00:00,2272.0,2275.64,2266.2000000000003,2269.84,476844.0,interpolated
882,2024-12-20 04:00:00+00:00,2272.0,2276.32,2264.8,2269.12,616323.0,interpolated
883,2024-12-20 06:00:00+00:00,2272.0,2277.0,2263.4,2268.4,755802.0,present
884,2024-12-20 08:00:00+00:00,2268.2,2286.4,2267.2,2282.6,1070437.0,present
885,2024-12-20 10:00:00+00:00,2282.4,2600.0,2280.4,2471.4,5057308.0,present
886,2024-12-20 12:00:00+00:00,2471.4,2572.6,2460.6,2545.6,5646902.0,present
887,2024-12-20 14:00:00+00:00,2546.0,2559.6,2543.8,2548.2,1955174.0,present
888,2024-12-20 16:00:00+00:00,2548.0,2548.0,2515.0,2530.2,1382494.0,present
889,2024-12-20 18:00:00+00:00,2530.2,2552.8,2529.8,2550.8,642265.0,present
890,2024-12-20 20:00:00+00:00,2550.6,2551.0,2535.2,2543.0,263447.0,present
891,2024-12-20 22:00:00+00:00,2552.3586206896553,2553.3241379310343,2536.4758620689654,2545.3586206896553,323109.8965517241,interpolated
892,2024-12-21 00:00:00+00:00,2554.11724137931,2555.648275862069,2537.751724137931,2547.7172413793105,382772.79310344823,interpolated
893,2024-12-21 02:00:00+00:00,2555.8758620689655,2557.9724137931034,2539.0275862068966,2550.0758620689653,442435.6896551724,interpolated
894,2024-12-21 04:00:00+00:00,2557.6344827586204,2560.2965517241378,2540.3034482758617,2552.4344827586206,502098.5862068965,interpolated
895,2024-12-21 06:00:00+00:00,2559.3931034482757,2562.6206896551726,2541.5793103448273,2554.793103448276,561761.4827586208,interpolated
896,2024-12-21 08:00:00+00:00,2561.151724137931,2564.944827586207,2542.855172413793,2557.151724137931,621424.3793103448,interpolated
897,2024-12-21 10:00:00+00:00,2562.910344827586,2567.268965517241,2544.1310344827584,2559.5103448275863,681087.2758620689,interpolated
898,2024-12-21 12:00:00+00:00,2564.6689655172413,2569.593103448276,2545.406896551724,2561.8689655172416,740750.172413793,interpolated
899,2024-12-21 14:00:00+00:00,2566.4275862068966,2571.9172413793103,2546.6827586206896,2564.2275862068964,800413.0689655172,interpolated
900,2024-12-21 16:00:00+00:00,2568.1862068965515,2574.2413793103447,2547.958620689655,2566.5862068965516,860075.9655172414,interpolated
901,2024-12-21 18:00:00+00:00,2569.944827586207,2576.5655172413794,2549.2344827586203,2568.944827586207,919738.8620689654,interpolated
902,2024-12-21 20:00:00+00:00,2571.703448275862,2578.8896551724138,2550.510344827586,2571.303448275862,979401.7586206896,interpolated
903,2024-12-21 22:00:00+00:00,2573.462068965517,2581.213793103448,2551.7862068965514,2573.6620689655174,1039064.6551724138,interpolated
904,2024-12-22 00:00:00+00:00,2575.2206896551725,2583.537931034483,2553.062068965517,2576.0206896551726,1098727.5517241377,interpolated
905,2024-12-22 02:00:00+00:00,2576.9793103448274,2585.862068965517,2554.3379310344826,2578.3793103448274,1158390.448275862,interpolated
906,2024-12-22 04:00:00+00:00,2578.7379310344827,2588.186206896552,2555.613793103448,2580.7379310344827,1218053.344827586,interpolated
907,2024-12-22 06:00:00+00:00,2580.496551724138,2590.5103448275863,2556.8896551724138,2583.096551724138,1277716.2413793104,interpolated
908,2024-12-22 08:00:00+00:00,2582.255172413793,2592.8344827586207,2558.1655172413793,2585.455172413793,1337379.1379310344,interpolated
909,2024-12-22 10:00:00+00:00,2584.0137931034483,2595.1586206896554,2559.4413793103445,2587.8137931034485,1397042.0344827585,interpolated
910,2024-12-22 12:00:00+00:00,2585.772413793103,2597.4827586206898,2560.71724137931,2590.1724137931037,1456704.9310344828,interpolated
911,2024-12-22 14:00:00+00:00,2587.5310344827585,2599.806896551724,2561.9931034482756,2592.5310344827585,1516367.8275862068,interpolated
912,2024-12-22 16:00:00+00:00,2589.289655172414,2602.131034482759,2563.268965517241,2594.8896551724138,1576030.724137931,interpolated
913,2024-12-22 18:00:00+00:00,2591.0482758620687,2604.455172413793,2564.544827586207,2597.248275862069,1635693.6206896552,interpolated
914,2024-12-22 20:00:00+00:00,2592.806896551724,2606.7793103448275,2565.8206896551724,2599.6068965517243,1695356.5172413792,interpolated
915,2024-12-22 22:00:00+00:00,2594.5655172413794,2609.1034482758623,2567.096551724138,2601.9655172413795,1755019.4137931033,interpolated
916,2024-12-23 00:00:00+00:00,2596.3241379310343,2611.4275862068966,2568.372413793103,2604.324137931035,1814682.3103448276,interpolated
917,2024-12-23 02:00:00+00:00,2598.0827586206897,2613.751724137931,2569.6482758620687,2606.6827586206896,1874345.2068965517,interpolated
918,2024-12-23 04:00:00+00:00,2599.8413793103446,2616.0758620689658,2570.9241379310342,2609.041379310345,1934008.1034482757,interpolated
919,2024-12-23 06:00:00+00:00,2601.6,2618.4,2572.2,2611.4,1993671.0,present
920,2024-12-23 08:00:00+00:00,2611.2,2640.0,2605.0,2611.6,3485363.0,present
921,2024-12-23 10:00:00+00:00,2611.2,2626.2,2597.0,2618.0,2432243.0,present
922,2024-12-23 12:00:00+00:00,2617.6,2637.8,2610.0,2634.6,2150077.0,present
923,2024-12-23 14:00:00+00:00,2634.6,2640.0,2617.4,2622.0,1396736.0,present
924,2024-12-23 16:00:00+00:00,2621.8,2628.6,2612.4,2619.2,564159.0,present
925,2024-12-23 18:00:00+00:00,2619.2,2624.0,2618.0,2621.0,262078.0,present
926,2024-12-23 20:00:00+00:00,2621.0,2626.8,2619.8,2624.4,157843.0,present
927,2024-12-23 22:00:00+00:00,2621.0,2626.04,2614.2400000000002,2619.48,473071.60000000003,interpolated
928,2024-12-24 00:00:00+00:00,2621.0,2625.28,2608.6800000000003,2614.56,788300.2000000001,interpolated
929,2024-12-24 02:00:00+00:00,2621.0,2624.52,2603.12,2609.6400000000003,1103528.8,interpolated
930,2024-12-24 04:00:00+00:00,2621.0,2623.76,2597.56,2604.7200000000003,1418757.4000000001,interpolated
931,2024-12-24 06:00:00+00:00,2621.0,2623.0,2592.0,2599.8,1733986.0,present
932,2024-12-24 08:00:00+00:00,2599.4,2628.2,2585.0,2615.8,3099753.0,present
933,2024-12-24 10:00:00+00:00,2615.6,2619.2,2602.6,2609.6,1358322.0,present
934,2024-12-24 12:00:00+00:00,2609.4,2613.0,2587.0,2591.0,1325540.0,present
935,2024-12-24 12:00:00+00:00,2609.4,2613.0,2587.0,2591.0,1325540.0,present
936,2024-12-24 14:00:00+00:00,2591.0,2601.6,2571.0,2575.8,1341482.0,present
937,2024-12-24 16:00:00+00:00,2575.8,2577.4,2565.2,2575.2,622758.0,present
938,2024-12-24 18:00:00+00:00,2575.2,2575.2,2568.2,2572.2,150330.0,present
939,2024-12-24 20:00:00+00:00,2572.4,2572.4,2566.8,2569.6,71376.0,present
940,2024-12-24 22:00:00+00:00,2570.36,2574.92,2564.6400000000003,2569.2799999999997,346172.0,interpolated
941,2024-12-25 00:00:00+00:00,2568.32,2577.44,2562.48,2568.96,620968.0,interpolated
942,2024-12-25 02:00:00+00:00,2566.2799999999997,2579.96,2560.32,2568.64,895764.0,interpolated
943,2024-12-25 04:00:00+00:00,2564.24,2582.48,2558.16,2568.32,1170560.0,interpolated
944,2024-12-25 06:00:00+00:00,2562.2,2585.0,2556.0,2568.0,1445356.0,present
945,2024-12-25 08:00:00+00:00,2568.2,2603.6,2565.0,2596.6,2414780.0,present
946,2024-12-25 10:00:00+00:00,2596.6,2617.4,2588.2,2612.6,1991715.0,present
947,2024-12-25 12:00:00+00:00,2612.6,2637.6,2608.0,2632.6,2117642.0,present
948,2024-12-25 14:00:00+00:00,2632.8,2635.2,2611.2,2617.8,1413369.0,present
949,2024-12-25 16:00:00+00:00,2632.0,2639.8,2620.2,2627.4,1095115.0,present
950,2024-12-25 18:00:00+00:00,2627.4,2637.0,2625.0,2635.4,408337.0,present
951,2024-12-25 20:00:00+00:00,2635.4,2641.8,2631.6,2634.4,225401.0,present
952,2024-12-25 22:00:00+00:00,2636.7200000000003,2645.2400000000002,2632.72,2638.08,488281.8,interpolated
953,2024-12-26 00:00:00+00:00,2638.04,2648.6800000000003,2633.8399999999997,2641.76,751162.6,interpolated
954,2024-12-26 02:00:00+00:00,2639.36,2652.12,2634.96,2645.44,1014043.4,interpolated
955,2024-12-26 04:00:00+00:00,2640.68,2655.56,2636.08,2649.1200000000003,1276924.2,interpolated
956,2024-12-26 06:00:00+00:00,2642.0,2659.0,2637.2,2652.8,1539805.0,present
957,2024-12-26 08:00:00+00:00,2653.0,2658.6,2627.0,2644.6,1980872.0,present
958,2024-12-26 10:00:00+00:00,2644.6,2648.0,2632.6,2641.0,1101012.0,present
959,2024-12-26 12:00:00+00:00,2641.0,2648.0,2637.0,2640.8,919393.0,present
960,2024-12-26 14:00:00+00:00,2640.8,2646.0,2640.0,2645.0,411082.0,present
961,2024-12-26 16:00:00+00:00,2645.0,2652.0,2637.4,2638.2,587167.0,present
962,2024-12-26 18:00:00+00:00,2638.2,2644.0,2627.4,2629.8,535292.0,present
963,2024-12-26 20:00:00+00:00,2629.8,2630.0,2622.2,2625.8,174260.0,present
964,2024-12-26 22:00:00+00:00,2629.88,2633.0,2623.08,2628.92,307646.0,interpolated
965,2024-12-27 00:00:00+00:00,2629.96,2636.0,2623.96,2632.04,441032.0,interpolated
966,2024-12-27 02:00:00+00:00,2630.04,2639.0,2624.8399999999997,2635.1600000000003,574418.0,interpolated
967,2024-12-27 04:00:00+00:00,2630.12,2642.0,2625.72,2638.28,707804.0,interpolated
968,2024-12-27 06:00:00+00:00,2630.2,2645.0,2626.6,2641.4,841190.0,present
969,2024-12-27 08:00:00+00:00,2641.4,2643.0,2635.0,2641.0,632120.0,present
970,2024-12-27 10:00:00+00:00,2641.0,2641.2,2631.2,2637.0,675987.0,present
971,2024-12-27 12:00:00+00:00,2637.0,2638.8,2617.0,2621.2,874404.0,present
972,2024-12-27 14:00:00+00:00,2621.2,2632.6,2621.0,2630.4,619266.0,present
973,2024-12-27 16:00:00+00:00,2630.2,2641.0,2627.0,2633.2,482765.0,present
974,2024-12-27 18:00:00+00:00,2633.4,2641.2,2633.2,2637.8,290314.0,present
975,2024-12-27 20:00:00+00:00,2638.0,2638.8,2635.2,2637.0,102246.0,present
976,2024-12-27 22:00:00+00:00,2638.4,2641.92,2635.8399999999997,2639.84,247344.4,interpolated
977,2024-12-28 00:00:00+00:00,2638.8,2645.04,2636.48,2642.68,392442.8,interpolated
978,2024-12-28 02:00:00+00:00,2639.2,2648.1600000000003,2637.12,2645.52,537541.2,interpolated
979,2024-12-28 04:00:00+00:00,2639.6,2651.28,2637.76,2648.3599999999997,682639.6,interpolated
980,2024-12-28 06:00:00+00:00,2640.0,2654.4,2638.4,2651.2,827738.0,present
981,2024-12-28 08:00:00+00:00,2651.0,2664.4,2650.8,2658.2,1255535.0,present
982,2024-12-28 10:00:00+00:00,2658.2,2660.8,2651.4,2652.6,479373.0,present
983,2024-12-28 12:00:00+00:00,2652.8,2657.0,2646.6,2651.8,444289.0,present
984,2024-12-28 14:00:00+00:00,2651.8,2658.6,2647.2,2657.0,284966.0,present
985,2024-12-28 16:00:00+00:00,2657.0,2661.8,2653.2,2656.2,360617.0,present
986,2024-12-28 18:00:00+00:00,2656.2,2662.8,2655.0,2661.8,248618.0,present
987,2024-12-28 20:00:00+00:00,2661.8,2665.2,2660.4,2662.8,156477.0,present
988,2024-12-28 22:00:00+00:00,2663.3058823529414,2668.7176470588233,2661.4117647058824,2665.9176470588236,224761.70588235295,interpolated
989,2024-12-29 00:00:00+00:00,2664.8117647058825,2672.235294117647,2662.423529411765,2669.035294117647,293046.4117647059,interpolated
990,2024-12-29 02:00:00+00:00,2666.3176470588237,2675.7529411764704,2663.435294117647,2672.152941176471,361331.1176470588,interpolated
991,2024-12-29 04:00:00+00:00,2667.823529411765,2679.270588235294,2664.4470588235295,2675.2705882352943,429615.82352941175,interpolated
992,2024-12-29 06:00:00+00:00,2669.329411764706,2682.7882352941174,2665.458823529412,2678.3882352941177,497900.5294117647,interpolated
993,2024-12-29 08:00:00+00:00,2670.835294117647,2686.305882352941,2666.470588235294,2681.505882352941,566185.2352941176,interpolated
994,2024-12-29 10:00:00+00:00,2672.3411764705884,2689.8235294117644,2667.4823529411765,2684.623529411765,634469.9411764706,interpolated
995,2024-12-29 12:00:00+00:00,2673.8470588235296,2693.341176470588,2668.494117647059,2687.7411764705885,702754.6470588235,interpolated
996,2024-12-29 14:00:00+00:00,2675.3529411764707,2696.858823529412,2669.505882352941,2690.858823529412,771039.3529411764,interpolated
997,2024-12-29 16:00:00+00:00,2676.858823529412,2700.3764705882354,2670.5176470588235,2693.9764705882353,839324.0588235294,interpolated
998,2024-12-29 18:00:00+00:00,2678.364705882353,2703.894117647059,2671.529411764706,2697.094117647059,907608.7647058823,interpolated
999,2024-12-29 20:00:00+00:00,2679.8705882352942,2707.4117647058824,2672.541176470588,2700.2117647058826,975893.4705882353,interpolated
1000,2024-12-29 22:00:00+00:00,2681.3764705882354,2710.929411764706,2673.5529411764705,2703.329411764706,1044178.1764705882,interpolated
1001,2024-12-30 00:00:00+00:00,2682.8823529411766,2714.4470588235295,2674.564705882353,2706.4470588235295,1112462.8823529412,interpolated
1002,2024-12-30 02:00:00+00:00,2684.3882352941177,2717.964705882353,2675.576470588235,2709.5647058823533,1180747.588235294,interpolated
1003,2024-12-30 04:00:00+00:00,2685.894117647059,2721.4823529411765,2676.5882352941176,2712.6823529411768,1249032.294117647,interpolated
1004,2024-12-30 06:00:00+00:00,2687.4,2725.0,2677.6,2715.8,1317317.0,present
1005,2024-12-30 08:00:00+00:00,2715.8,2733.6,2715.0,2724.0,1105539.0,present
1006,2024-12-30 10:00:00+00:00,2724.0,2734.6,2716.0,2727.8,861630.0,present
1007,2024-12-30 12:00:00+00:00,2727.8,2732.2,2720.4,2722.6,547657.0,present
1008,2024-12-30 14:00:00+00:00,2722.8,2732.0,2720.2,2732.0,434859.0,present
1009,2024-12-30 16:00:00+00:00,2730.8,2735.0,2727.0,2731.2,396062.0,present
1010,2024-12-30 18:00:00+00:00,2731.0,2742.6,2729.0,2742.4,359393.0,present
1011,2024-12-30 20:00:00+00:00,2742.4,2752.2,2738.0,2752.2,311468.0,present
1012,2024-12-30 22:00:00+00:00,2742.707317073171,2752.512195121951,2738.0,2751.8975609756094,328515.0243902439,interpolated
1013,2024-12-31 00:00:00+00:00,2743.0146341463415,2752.824390243902,2738.0,2751.5951219512194,345562.0487804878,interpolated
1014,2024-12-31 02:00:00+00:00,2743.3219512195124,2753.1365853658535,2738.0,2751.292682926829,362609.0731707317,interpolated
1015,2024-12-31 04:00:00+00:00,2743.629268292683,2753.448780487805,2738.0,2750.990243902439,379656.0975609756,interpolated
1016,2024-12-31 06:00:00+00:00,2743.9365853658537,2753.760975609756,2738.0,2750.6878048780486,396703.1219512195,interpolated
1017,2024-12-31 08:00:00+00:00,2744.2439024390246,2754.0731707317073,2738.0,2750.385365853658,413750.14634146343,interpolated
1018,2024-12-31 10:00:00+00:00,2744.551219512195,2754.385365853658,2738.0,2750.082926829268,430797.1707317073,interpolated
1019,2024-12-31 12:00:00+00:00,2744.858536585366,2754.6975609756096,2738.0,2749.780487804878,447844.1951219512,interpolated
1020,2024-12-31 14:00:00+00:00,2745.1658536585364,2755.009756097561,2738.0,2749.478048780488,464891.2195121951,interpolated
1021,2024-12-31 16:00:00+00:00,2745.4731707317073,2755.321951219512,2738.0,2749.1756097560974,481938.243902439,interpolated
1022,2024-12-31 18:00:00+00:00,2745.7804878048782,2755.6341463414633,2738.0,2748.8731707317074,498985.26829268294,interpolated
1023,2024-12-31 20:00:00+00:00,2746.0878048780487,2755.9463414634147,2738.0,2748.570731707317,516032.2926829268,interpolated
1024,2024-12-31 22:00:00+00:00,2746.3951219512196,2756.2585365853656,2738.0,2748.2682926829266,533079.3170731707,interpolated
1025,2025-01-01 00:00:00+00:00,2746.7024390243905,2756.570731707317,2738.0,2747.9658536585366,550126.3414634146,interpolated
1026,2025-01-01 02:00:00+00:00,2747.009756097561,2756.8829268292684,2738.0,2747.663414634146,567173.3658536585,interpolated
1027,2025-01-01 04:00:00+00:00,2747.317073170732,2757.1951219512193,2738.0,2747.360975609756,584220.3902439025,interpolated
1028,2025-01-01 06:00:00+00:00,2747.6243902439023,2757.5073170731707,2738.0,2747.058536585366,601267.4146341463,interpolated
1029,2025-01-01 08:00:00+00:00,2747.9317073170732,2757.8195121951217,2738.0,2746.7560975609754,618314.4390243902,interpolated
1030,2025-01-01 10:00:00+00:00,2748.239024390244,2758.131707317073,2738.0,2746.4536585365854,635361.4634146341,interpolated
1031,2025-01-01 12:00:00+00:00,2748.5463414634146,2758.4439024390244,2738.0,2746.151219512195,652408.487804878,interpolated
1032,2025-01-01 14:00:00+00:00,2748.8536585365855,2758.7560975609754,2738.0,2745.848780487805,669455.512195122,interpolated
1033,2025-01-01 16:00:00+00:00,2749.160975609756,2759.0682926829268,2738.0,2745.5463414634146,686502.5365853659,interpolated
1034,2025-01-01 18:00:00+00:00,2749.468292682927,2759.380487804878,2738.0,2745.2439024390246,703549.5609756098,interpolated
1035,2025-01-01 20:00:00+00:00,2749.7756097560978,2759.692682926829,2738.0,2744.941463414634,720596.5853658536,interpolated
1036,2025-01-01 22:00:00+00:00,2750.082926829268,2760.0048780487805,2738.0,2744.639024390244,737643.6097560975,interpolated
1037,2025-01-02 00:00:00+00:00,2750.390243902439,2760.3170731707314,2738.0,2744.336585365854,754690.6341463414,interpolated
1038,2025-01-02 02:00:00+00:00,2750.6975609756096,2760.629268292683,2738.0,2744.0341463414634,771737.6585365853,interpolated
1039,2025-01-02 04:00:00+00:00,2751.0048780487805,2760.941463414634,2738.0,2743.7317073170734,788784.6829268292,interpolated
1040,2025-01-02 06:00:00+00:00,2751.3121951219514,2761.253658536585,2738.0,2743.429268292683,805831.7073170731,interpolated
1041,2025-01-02 08:00:00+00:00,2751.619512195122,2761.5658536585365,2738.0,2743.1268292682926,822878.731707317,interpolated
1042,2025-01-02 10:00:00+00:00,2751.9268292682927,2761.878048780488,2738.0,2742.8243902439026,839925.756097561,interpolated
1043,2025-01-02 12:00:00+00:00,2752.2341463414637,2762.190243902439,2738.0,2742.521951219512,856972.7804878049,interpolated
1044,2025-01-02 14:00:00+00:00,2752.541463414634,2762.5024390243902,2738.0,2742.219512195122,874019.8048780487,interpolated
1045,2025-01-02 16:00:00+00:00,2752.848780487805,2762.8146341463416,2738.0,2741.917073170732,891066.8292682926,interpolated
1046,2025-01-02 18:00:00+00:00,2753.1560975609755,2763.1268292682926,2738.0,2741.614634146342,908113.8536585366,interpolated
1047,2025-01-02 20:00:00+00:00,2753.4634146341464,2763.439024390244,2738.0,2741.3121951219514,925160.8780487805,interpolated
1048,2025-01-02 22:00:00+00:00,2753.7707317073173,2763.751219512195,2738.0,2741.009756097561,942207.9024390243,interpolated
1049,2025-01-03 00:00:00+00:00,2754.0780487804877,2764.0634146341463,2738.0,2740.707317073171,959254.9268292682,interpolated
1050,2025-01-03 02:00:00+00:00,2754.3853658536586,2764.3756097560977,2738.0,2740.4048780487806,976301.9512195121,interpolated
1051,2025-01-03 04:00:00+00:00,2754.692682926829,2764.6878048780486,2738.0,2740.1024390243906,993348.9756097561,interpolated
1052,2025-01-03 06:00:00+00:00,2755.0,2765.0,2738.0,2739.8,1010396.0,present
1053,2025-01-03 08:00:00+00:00,2739.8,2741.8,2720.2,2720.8,853804.0,present
1054,2025-01-03 10:00:00+00:00,2721.0,2722.8,2678.0,2690.2,1224476.0,present
1055,2025-01-03 12:00:00+00:00,2690.0,2696.8,2683.8,2690.0,423231.0,present
1056,2025-01-03 14:00:00+00:00,2690.0,2699.8,2687.2,2689.4,647859.0,present
1057,2025-01-03 16:00:00+00:00,2689.8,2697.2,2686.2,2692.8,262248.0,present
1058,2025-01-03 18:00:00+00:00,2693.0,2695.0,2689.2,2690.8,134344.0,present
1059,2025-01-03 20:00:00+00:00,2690.6,2690.8,2685.0,2687.6,85940.0,present
1060,2025-01-03 22:00:00+00:00,2689.544827586207,2690.241379310345,2683.6206896551726,2686.9862068965517,114124.06896551725,interpolated
1061,2025-01-04 00:00:00+00:00,2688.4896551724137,2689.68275862069,2682.2413793103447,2686.3724137931035,142308.1379310345,interpolated
1062,2025-01-04 02:00:00+00:00,2687.4344827586206,2689.1241379310345,2680.862068965517,2685.758620689655,170492.2068965517,interpolated
1063,2025-01-04 04:00:00+00:00,2686.3793103448274,2688.5655172413794,2679.4827586206898,2685.1448275862067,198676.275862069,interpolated
1064,2025-01-04 06:00:00+00:00,2685.3241379310343,2688.0068965517244,2678.103448275862,2684.5310344827585,226860.3448275862,interpolated
1065,2025-01-04 08:00:00+00:00,2684.268965517241,2687.4482758620693,2676.7241379310344,2683.9172413793103,255044.41379310345,interpolated
1066,2025-01-04 10:00:00+00:00,2683.213793103448,2686.8896551724138,2675.344827586207,2683.303448275862,283228.4827586207,interpolated
1067,2025-01-04 12:00:00+00:00,2682.158620689655,2686.3310344827587,2673.9655172413795,2682.689655172414,311412.551724138,interpolated
1068,2025-01-04 14:00:00+00:00,2681.103448275862,2685.7724137931036,2672.5862068965516,2682.0758620689653,339596.6206896552,interpolated
1069,2025-01-04 16:00:00+00:00,2680.0482758620687,2685.2137931034486,2671.206896551724,2681.462068965517,367780.6896551724,interpolated
1070,2025-01-04 18:00:00+00:00,2678.9931034482756,2684.655172413793,2669.8275862068967,2680.848275862069,395964.7586206897,interpolated
1071,2025-01-04 20:00:00+00:00,2677.9379310344825,2684.096551724138,2668.448275862069,2680.2344827586207,424148.8275862069,interpolated
1072,2025-01-04 22:00:00+00:00,2676.8827586206894,2683.537931034483,2667.0689655172414,2679.6206896551726,452332.8965517242,interpolated
1073,2025-01-05 00:00:00+00:00,2675.8275862068963,2682.979310344828,2665.689655172414,2679.0068965517244,480516.9655172414,interpolated
1074,2025-01-05 02:00:00+00:00,2674.7724137931036,2682.4206896551723,2664.310344827586,2678.3931034482757,508701.03448275867,interpolated
1075,2025-01-05 04:00:00+00:00,2673.7172413793105,2681.862068965517,2662.9310344827586,2677.7793103448275,536885.103448276,interpolated
1076,2025-01-05 06:00:00+00:00,2672.6620689655174,2681.303448275862,2661.551724137931,2677.1655172413793,565069.1724137932,interpolated
1077,2025-01-05 08:00:00+00:00,2671.6068965517243,2680.744827586207,2660.1724137931033,2676.551724137931,593253.2413793104,interpolated
1078,2025-01-05 10:00:00+00:00,2670.551724137931,2680.1862068965515,2658.793103448276,2675.937931034483,621437.3103448276,interpolated
1079,2025-01-05 12:00:00+00:00,2669.496551724138,2679.6275862068965,2657.4137931034484,2675.324137931035,649621.3793103448,interpolated
1080,2025-01-05 14:00:00+00:00,2668.441379310345,2679.0689655172414,2656.0344827586205,2674.710344827586,677805.4482758621,interpolated
1081,2025-01-05 16:00:00+00:00,2667.386206896552,2678.5103448275863,2654.655172413793,2674.096551724138,705989.5172413794,interpolated
1082,2025-01-05 18:00:00+00:00,2666.3310344827587,2677.951724137931,2653.2758620689656,2673.4827586206898,734173.5862068966,interpolated
1083,2025-01-05 20:00:00+00:00,2665.2758620689656,2677.3931034482757,2651.896551724138,2672.8689655172416,762357.6551724138,interpolated
1084,2025-01-05 22:00:00+00:00,2664.2206896551725,2676.8344827586207,2650.5172413793102,2672.2551724137934,790541.724137931,interpolated
1085,2025-01-06 00:00:00+00:00,2663.1655172413793,2676.2758620689656,2649.137931034483,2671.641379310345,818725.7931034483,interpolated
1086,2025-01-06 02:00:00+00:00,2662.1103448275862,2675.71724137931,2647.7586206896553,2671.0275862068966,846909.8620689656,interpolated
1087,2025-01-06 04:00:00+00:00,2661.055172413793,2675.158620689655,2646.3793103448274,2670.4137931034484,875093.9310344828,interpolated
1088,2025-01-06 06:00:00+00:00,2660.0,2674.6,2645.0,2669.8,903278.0,present
1089,2025-01-06 08:00:00+00:00,2669.8,2698.2,2665.8,2679.0,1318218.0,present
1090,2025-01-06 10:00:00+00:00,2679.4,2694.8,2678.6,2691.4,674788.0,present
1091,2025-01-06 12:00:00+00:00,2691.4,2701.6,2683.4,2698.4,737716.0,present
1092,2025-01-06 14:00:00+00:00,2698.6,2717.2,2698.0,2709.0,1134857.0,present
1093,2025-01-06 16:00:00+00:00,2707.0,2713.6,2699.2,2705.4,469277.0,present
1094,2025-01-06 18:00:00+00:00,2705.2,2712.0,2703.4,2711.6,152731.0,present
1095,2025-01-06 20:00:00+00:00,2711.6,2714.6,2710.0,2714.0,130151.0,present
1096,2025-01-06 22:00:00+00:00,2711.364705882353,2715.247058823529,2709.705882352941,2714.6588235294116,179444.88235294117,interpolated
1097,2025-01-07 00:00:00+00:00,2711.1294117647058,2715.894117647059,2709.4117647058824,2715.3176470588237,228738.76470588235,interpolated
1098,2025-01-07 02:00:00+00:00,2710.894117647059,2716.541176470588,2709.1176470588234,2715.9764705882353,278032.6470588235,interpolated
1099,2025-01-07 04:00:00+00:00,2710.6588235294116,2717.1882352941175,2708.823529411765,2716.635294117647,327326.5294117647,interpolated
1100,2025-01-07 06:00:00+00:00,2710.423529411765,2717.8352941176468,2708.529411764706,2717.2941176470586,376620.4117647059,interpolated
1101,2025-01-07 08:00:00+00:00,2710.1882352941175,2718.4823529411765,2708.235294117647,2717.9529411764706,425914.29411764705,interpolated
1102,2025-01-07 10:00:00+00:00,2709.9529411764706,2719.1294117647058,2707.9411764705883,2718.6117647058823,475208.1764705882,interpolated
1103,2025-01-07 12:00:00+00:00,2709.7176470588233,2719.776470588235,2707.6470588235293,2719.270588235294,524502.0588235294,interpolated
1104,2025-01-07 14:00:00+00:00,2709.4823529411765,2720.423529411765,2707.3529411764707,2719.929411764706,573795.9411764706,interpolated
1105,2025-01-07 16:00:00+00:00,2709.247058823529,2721.070588235294,2707.0588235294117,2720.5882352941176,623089.8235294118,interpolated
1106,2025-01-07 18:00:00+00:00,2709.0117647058823,2721.7176470588233,2706.764705882353,2721.247058823529,672383.7058823529,interpolated
1107,2025-01-07 20:00:00+00:00,2708.776470588235,2722.364705882353,2706.470588235294,2721.9058823529413,721677.5882352941,interpolated
1108,2025-01-07 22:00:00+00:00,2708.541176470588,2723.0117647058823,2706.176470588235,2722.564705882353,770971.4705882353,interpolated
1109,2025-01-08 00:00:00+00:00,2708.305882352941,2723.6588235294116,2705.8823529411766,2723.2235294117645,820265.3529411764,interpolated
1110,2025-01-08 02:00:00+00:00,2708.070588235294,2724.305882352941,2705.5882352941176,2723.882352941176,869559.2352941176,interpolated
1111,2025-01-08 04:00:00+00:00,2707.8352941176468,2724.9529411764706,2705.294117647059,2724.541176470588,918853.1176470588,interpolated
1112,2025-01-08 06:00:00+00:00,2707.6,2725.6,2705.0,2725.2,968147.0,present
1113,2025-01-08 08:00:00+00:00,2725.2,2736.0,2723.6,2732.6,1036528.0,present
1114,2025-01-08 10:00:00+00:00,2732.6,2743.0,2732.6,2742.4,622813.0,present
1115,2025-01-08 12:00:00+00:00,2742.4,2759.0,2742.0,2755.8,1131982.0,present
1116,2025-01-08 14:00:00+00:00,2756.0,2757.0,2743.8,2751.6,682746.0,present
1117,2025-01-08 16:00:00+00:00,2750.8,2752.2,2748.6,2749.0,178489.0,present
1118,2025-01-08 18:00:00+00:00,2749.0,2756.2,2748.0,2753.2,206634.0,present
1119,2025-01-08 20:00:00+00:00,2753.0,2755.0,2749.2,2750.6,83590.0,present
1120,2025-01-08 22:00:00+00:00,2752.96,2762.52,2748.44,2754.04,465959.8,interpolated
1121,2025-01-09 00:00:00+00:00,2752.92,2770.04,2747.68,2757.48,848329.6,interpolated
1122,2025-01-09 02:00:00+00:00,2752.88,2777.56,2746.92,2760.92,1230699.4,interpolated
1123,2025-01-09 04:00:00+00:00,2752.84,2785.08,2746.16,2764.36,1613069.2,interpolated
1124,2025-01-09 06:00:00+00:00,2752.8,2792.6,2745.4,2767.8,1995439.0,present
1125,2025-01-09 08:00:00+00:00,2767.8,2778.0,2712.8,2727.8,2742380.0,present
1126,2025-01-09 10:00:00+00:00,2727.6,2739.6,2721.2,2723.8,1571553.0,present
1127,2025-01-09 12:00:00+00:00,2723.8,2761.6,2717.4,2755.8,1995542.0,present
1128,2025-01-09 14:00:00+00:00,2755.4,2774.0,2734.8,2737.4,1916886.0,present
1129,2025-01-09 16:00:00+00:00,2738.2,2743.4,2726.0,2729.0,494960.0,present
1130,2025-01-09 18:00:00+00:00,2729.2,2739.0,2727.2,2735.0,269345.0,present
1131,2025-01-09 20:00:00+00:00,2735.0,2739.6,2732.0,2734.0,116356.0,present
1132,2025-01-09 22:00:00+00:00,2739.0,2746.24,2735.2,2737.8,357620.4,interpolated
1133,2025-01-10 00:00:00+00:00,2743.0,2752.88,2738.4,2741.6,598884.8,interpolated
1134,2025-01-10 02:00:00+00:00,2747.0,2759.52,2741.6,2745.4,840149.2,interpolated
1135,2025-01-10 04:00:00+00:00,2751.0,2766.1600000000003,2744.8,2749.2,1081413.6,interpolated
1136,2025-01-10 06:00:00+00:00,2755.0,2772.8,2748.0,2753.0,1322678.0,present
1137,2025-01-10 08:00:00+00:00,2753.0,2757.0,2738.2,2741.2,1465738.0,present
1138,2025-01-10 10:00:00+00:00,2741.0,2805.0,2740.2,2789.4,3523753.0,present
1139,2025-01-10 12:00:00+00:00,2789.2,2872.2,2789.0,2863.0,3987262.0,present
1140,2025-01-10 14:00:00+00:00,2863.4,2898.4,2855.8,2874.8,4064440.0,present
1141,2025-01-10 16:00:00+00:00,2873.8,2896.0,2867.0,2874.6,1321957.0,present
1142,2025-01-10 18:00:00+00:00,2874.6,2898.0,2874.0,2893.4,962900.0,present
1143,2025-01-10 20:00:00+00:00,2893.8,2900.0,2892.6,2900.0,347571.0,present
1144,2025-01-10 22:00:00+00:00,2896.344827586207,2903.4137931034484,2894.3379310344826,2902.0758620689653,456707.1034482758,interpolated
1145,2025-01-11 00:00:00+00:00,2898.8896551724138,2906.8275862068967,2896.0758620689653,2904.151724137931,565843.2068965517,interpolated
1146,2025-01-11 02:00:00+00:00,2901.434482758621,2910.2413793103447,2897.813793103448,2906.2275862068964,674979.3103448276,interpolated
1147,2025-01-11 04:00:00+00:00,2903.979310344828,2913.655172413793,2899.551724137931,2908.303448275862,784115.4137931034,interpolated
1148,2025-01-11 06:00:00+00:00,2906.5241379310346,2917.0689655172414,2901.289655172414,2910.3793103448274,893251.5172413792,interpolated
1149,2025-01-11 08:00:00+00:00,2909.0689655172414,2920.4827586206898,2903.0275862068966,2912.455172413793,1002387.6206896551,interpolated
1150,2025-01-11 10:00:00+00:00,2911.613793103448,2923.896551724138,2904.7655172413793,2914.5310344827585,1111523.7241379311,interpolated
1151,2025-01-11 12:00:00+00:00,2914.1586206896554,2927.310344827586,2906.503448275862,2916.6068965517243,1220659.8275862068,interpolated
1152,2025-01-11 14:00:00+00:00,2916.7034482758622,2930.7241379310344,2908.2413793103447,2918.6827586206896,1329795.9310344825,interpolated
1153,2025-01-11 16:00:00+00:00,2919.248275862069,2934.137931034483,2909.9793103448274,2920.758620689655,1438932.0344827585,interpolated
1154,2025-01-11 18:00:00+00:00,2921.793103448276,2937.551724137931,2911.7172413793105,2922.8344827586207,1548068.1379310344,interpolated
1155,2025-01-11 20:00:00+00:00,2924.3379310344826,2940.9655172413795,2913.455172413793,2924.910344827586,1657204.2413793101,interpolated
1156,2025-01-11 22:00:00+00:00,2926.88275862069,2944.3793103448274,2915.193103448276,2926.9862068965517,1766340.344827586,interpolated
1157,2025-01-12 00:00:00+00:00,2929.4275862068966,2947.793103448276,2916.9310344827586,2929.062068965517,1875476.448275862,interpolated
1158,2025-01-12 02:00:00+00:00,2931.9724137931034,2951.206896551724,2918.6689655172413,2931.137931034483,1984612.5517241377,interpolated
1159,2025-01-12 04:00:00+00:00,2934.5172413793102,2954.6206896551726,2920.406896551724,2933.213793103448,2093748.6551724137,interpolated
1160,2025-01-12 06:00:00+00:00,2937.0620689655175,2958.0344827586205,2922.1448275862067,2935.289655172414,2202884.7586206896,interpolated
1161,2025-01-12 08:00:00+00:00,2939.6068965517243,2961.448275862069,2923.8827586206894,2937.365517241379,2312020.862068965,interpolated
1162,2025-01-12 10:00:00+00:00,2942.151724137931,2964.862068965517,2925.6206896551726,2939.441379310345,2421156.9655172415,interpolated
1163,2025-01-12 12:00:00+00:00,2944.696551724138,2968.2758620689656,2927.3586206896553,2941.5172413793102,2530293.068965517,interpolated
1164,2025-01-12 14:00:00+00:00,2947.2413793103447,2971.689655172414,2929.096551724138,2943.5931034482755,2639429.172413793,interpolated
1165,2025-01-12 16:00:00+00:00,2949.786206896552,2975.103448275862,2930.8344827586207,2945.6689655172413,2748565.275862069,interpolated
1166,2025-01-12 18:00:00+00:00,2952.3310344827587,2978.5172413793102,2932.5724137931034,2947.7448275862066,2857701.379310345,interpolated
1167,2025-01-12 20:00:00+00:00,2954.8758620689655,2981.9310344827586,2934.310344827586,2949.8206896551724,2966837.4827586203,interpolated
1168,2025-01-12 22:00:00+00:00,2957.4206896551723,2985.344827586207,2936.0482758620687,2951.8965517241377,3075973.586206896,interpolated
1169,2025-01-13 00:00:00+00:00,2959.965517241379,2988.7586206896553,2937.786206896552,2953.9724137931034,3185109.689655172,interpolated
1170,2025-01-13 02:00:00+00:00,2962.5103448275863,2992.1724137931033,2939.5241379310346,2956.0482758620687,3294245.793103448,interpolated
1171,2025-01-13 04:00:00+00:00,2965.055172413793,2995.5862068965516,2941.2620689655173,2958.1241379310345,3403381.896551724,interpolated
1172,2025-01-13 06:00:00+00:00,2967.6,2999.0,2943.0,2960.2,3512518.0,present
1173,2025-01-13 08:00:00+00:00,2960.2,2983.6,2948.6,2973.4,2838087.0,present
1174,2025-01-13 10:00:00+00:00,2973.4,2978.4,2930.4,2934.6,2631931.0,present
1175,2025-01-13 12:00:00+00:00,2935.0,2962.2,2918.0,2946.0,3272498.0,present
1176,2025-01-13 14:00:00+00:00,2946.0,2953.6,2930.0,2942.0,1612831.0,present
1177,2025-01-13 16:00:00+00:00,2942.8,2944.2,2895.2,2900.6,904090.0,present
1178,2025-01-13 18:00:00+00:00,2900.6,2903.4,2874.0,2895.8,1515305.0,present
1179,2025-01-13 20:00:00+00:00,2895.8,2905.6,2884.4,2891.6,457153.0,present
1180,2025-01-13 22:00:00+00:00,2891.2400000000002,2906.6,2880.44,2890.72,698239.8,interpolated
1181,2025-01-14 00:00:00+00:00,2886.6800000000003,2907.6,2876.48,2889.8399999999997,939326.6,interpolated
1182,2025-01-14 02:00:00+00:00,2882.12,2908.6,2872.52,2888.96,1180413.4,interpolated
1183,2025-01-14 04:00:00+00:00,2877.56,2909.6,2868.56,2888.08,1421500.2,interpolated
1184,2025-01-14 06:00:00+00:00,2873.0,2910.6,2864.6,2887.2,1662587.0,present
1185,2025-01-14 08:00:00+00:00,2887.4,2945.0,2876.8,2940.0,3272066.0,present
1186,2025-01-14 10:00:00+00:00,2939.8,2959.4,2932.8,2938.0,2054971.0,present
1187,2025-01-14 12:00:00+00:00,2938.4,2951.6,2926.0,2945.0,1476753.0,present
1188,2025-01-14 12:00:00+00:00,2938.4,2951.6,2926.0,2945.0,1476753.0,present
1189,2025-01-14 14:00:00+00:00,2945.0,2948.6,2922.8,2924.2,954106.0,present
1190,2025-01-14 16:00:00+00:00,2923.6,2932.0,2907.2,2925.0,1126923.0,present
1191,2025-01-14 18:00:00+00:00,2925.4,2937.8,2920.0,2932.2,490231.0,present
1192,2025-01-14 20:00:00+00:00,2932.2,2938.0,2932.0,2938.0,127832.0,present
1193,2025-01-14 22:00:00+00:00,2933.24,2941.2,2930.68,2936.92,307813.4,interpolated
1194,2025-01-15 00:00:00+00:00,2934.2799999999997,2944.4,2929.36,2935.84,487794.8,interpolated
1195,2025-01-15 02:00:00+00:00,2935.32,2947.6,2928.04,2934.7599999999998,667776.2,interpolated
1196,2025-01-15 04:00:00+00:00,2936.36,2950.8,2926.7200000000003,2933.68,847757.6,interpolated
1197,2025-01-15 06:00:00+00:00,2937.4,2954.0,2925.4,2932.6,1027739.0,present
1198,2025-01-15 08:00:00+00:00,2932.4,2940.0,2921.2,2924.6,789375.0,present
1199,2025-01-15 10:00:00+00:00,2924.4,2929.6,2906.6,2916.0,864867.0,present
1200,2025-01-15 12:00:00+00:00,2915.8,2934.0,2908.4,2921.2,620203.0,present
1201,2025-01-15 14:00:00+00:00,2921.8,2926.0,2914.4,2923.0,303937.0,present
1202,2025-01-15 16:00:00+00:00,2933.6,2995.4,2933.6,2972.4,2825074.0,present
1203,2025-01-15 18:00:00+00:00,2972.6,2987.8,2970.2,2985.0,529980.0,present
1204,2025-01-15 20:00:00+00:00,2984.8,2987.0,2983.8,2985.6,220897.0,present
1205,2025-01-15 22:00:00+00:00,2986.84,2988.76,2980.1200000000003,2984.68,393335.6,interpolated
1206,2025-01-16 00:00:00+00:00,2988.88,2990.52,2976.44,2983.7599999999998,565774.2,interpolated
1207,2025-01-16 02:00:00+00:00,2990.92,2992.28,2972.76,2982.84,738212.8,interpolated
1208,2025-01-16 04:00:00+00:00,2992.96,2994.04,2969.08,2981.92,910651.4,interpolated
1209,2025-01-16 06:00:00+00:00,2995.0,2995.8,2965.4,2981.0,1083090.0,present
1210,2025-01-16 08:00:00+00:00,2981.0,3006.8,2972.4,2994.2,1131696.0,present
1211,2025-01-16 10:00:00+00:00,2994.4,3012.2,2987.0,3008.4,706033.0,present
1212,2025-01-16 12:00:00+00:00,3008.2,3009.0,2975.6,2988.6,934772.0,present
1213,2025-01-16 14:00:00+00:00,2988.6,3003.8,2986.0,2987.8,438170.0,present
1214,2025-01-16 16:00:00+00:00,2988.4,2994.4,2976.4,2983.6,296413.0,present
1215,2025-01-16 18:00:00+00:00,2983.8,2990.0,2979.0,2984.6,170986.0,present
1216,2025-01-16 20:00:00+00:00,2984.6,2988.6,2977.4,2980.8,96621.0,present
1217,2025-01-16 22:00:00+00:00,2984.68,2988.7599999999998,2974.32,2980.8,244615.6,interpolated
1218,2025-01-17 00:00:00+00:00,2984.7599999999998,2988.92,2971.2400000000002,2980.8,392610.2,interpolated
1219,2025-01-17 02:00:00+00:00,2984.84,2989.08,2968.16,2980.8,540604.8,interpolated
1220,2025-01-17 04:00:00+00:00,2984.92,2989.2400000000002,2965.08,2980.8,688599.4,interpolated
1221,2025-01-17 06:00:00+00:00,2985.0,2989.4,2962.0,2980.8,836594.0,present
1222,2025-01-17 08:00:00+00:00,2980.8,3008.0,2978.8,2997.8,1089658.0,present
1223,2025-01-17 10:00:00+00:00,2998.2,3005.8,2989.8,2997.2,515337.0,present
1224,2025-01-17 12:00:00+00:00,2997.6,3018.8,2991.0,3013.0,698304.0,present
1225,2025-01-17 14:00:00+00:00,3013.4,3029.4,3011.0,3028.0,801920.0,present
1226,2025-01-17 16:00:00+00:00,3028.2,3049.8,3026.0,3030.8,720428.0,present
1227,2025-01-17 18:00:00+00:00,3030.8,3050.0,3029.0,3046.6,338302.0,present
1228,2025-01-17 20:00:00+00:00,3046.2,3053.0,3041.8,3052.8,196933.0,present
1229,2025-01-17 22:00:00+00:00,3047.710344827586,3054.896551724138,3042.6689655172418,3053.88275862069,234463.6206896552,interpolated
1230,2025-01-18 00:00:00+00:00,3049.2206896551725,3056.793103448276,3043.537931034483,3054.9655172413795,271994.2413793104,interpolated
1231,2025-01-18 02:00:00+00:00,3050.7310344827583,3058.689655172414,3044.4068965517245,3056.048275862069,309524.8620689655,interpolated
1232,2025-01-18 04:00:00+00:00,3052.2413793103447,3060.5862068965516,3045.2758620689656,3057.131034482759,347055.4827586207,interpolated
1233,2025-01-18 06:00:00+00:00,3053.751724137931,3062.4827586206898,3046.144827586207,3058.2137931034486,384586.1034482758,interpolated
1234,2025-01-18 08:00:00+00:00,3055.2620689655173,3064.3793103448274,3047.0137931034483,3059.296551724138,422116.724137931,interpolated
1235,2025-01-18 10:00:00+00:00,3056.772413793103,3066.2758620689656,3047.88275862069,3060.379310344828,459647.3448275862,interpolated
1236,2025-01-18 12:00:00+00:00,3058.2827586206895,3068.1724137931033,3048.751724137931,3061.462068965517,497177.9655172414,interpolated
1237,2025-01-18 14:00:00+00:00,3059.793103448276,3070.0689655172414,3049.6206896551726,3062.544827586207,534708.5862068966,interpolated
1238,2025-01-18 16:00:00+00:00,3061.303448275862,3071.9655172413795,3050.489655172414,3063.6275862068965,572239.2068965517,interpolated
1239,2025-01-18 18:00:00+00:00,3062.813793103448,3073.862068965517,3051.3586206896553,3064.710344827586,609769.8275862068,interpolated
1240,2025-01-18 20:00:00+00:00,3064.3241379310343,3075.7586206896553,3052.227586206897,3065.793103448276,647300.448275862,interpolated
1241,2025-01-18 22:00:00+00:00,3065.8344827586207,3077.655172413793,3053.096551724138,3066.8758620689655,684831.0689655172,interpolated
1242,2025-01-19 00:00:00+00:00,3067.344827586207,3079.551724137931,3053.9655172413795,3067.958620689655,722361.6896551724,interpolated
1243,2025-01-19 02:00:00+00:00,3068.855172413793,3081.448275862069,3054.8344827586207,3069.041379310345,759892.3103448276,interpolated
1244,2025-01-19 04:00:00+00:00,3070.365517241379,3083.344827586207,3055.7034482758622,3070.1241379310345,797422.9310344828,interpolated
1245,2025-01-19 06:00:00+00:00,3071.8758620689655,3085.2413793103447,3056.5724137931034,3071.206896551724,834953.551724138,interpolated
1246,2025-01-19 08:00:00+00:00,3073.386206896552,3087.137931034483,3057.441379310345,3072.289655172414,872484.1724137932,interpolated
1247,2025-01-19 10:00:00+00:00,3074.8965517241377,3089.0344827586205,3058.310344827586,3073.3724137931035,910014.7931034483,interpolated
1248,2025-01-19 12:00:00+00:00,3076.406896551724,3090.9310344827586,3059.1793103448276,3074.455172413793,947545.4137931034,interpolated
1249,2025-01-19 14:00:00+00:00,3077.9172413793103,3092.8275862068967,3060.048275862069,3075.537931034483,985076.0344827586,interpolated
1250,2025-01-19 16:00:00+00:00,3079.4275862068966,3094.7241379310344,3060.9172413793103,3076.620689655172,1022606.6551724138,interpolated
1251,2025-01-19 18:00:00+00:00,3080.9379310344825,3096.6206896551726,3061.786206896552,3077.703448275862,1060137.2758620689,interpolated
1252,2025-01-19 20:00:00+00:00,3082.448275862069,3098.5172413793102,3062.655172413793,3078.7862068965514,1097667.896551724,interpolated
1253,2025-01-19 22:00:00+00:00,3083.958620689655,3100.4137931034484,3063.5241379310346,3079.868965517241,1135198.5172413792,interpolated
1254,2025-01-20 00:00:00+00:00,3085.4689655172415,3102.310344827586,3064.3931034482757,3080.951724137931,1172729.1379310344,interpolated
1255,2025-01-20 02:00:00+00:00,3086.9793103448274,3104.206896551724,3065.2620689655173,3082.0344827586205,1210259.7586206896,interpolated
1256,2025-01-20 04:00:00+00:00,3088.4896551724137,3106.103448275862,3066.1310344827584,3083.11724137931,1247790.3793103448,interpolated
1257,2025-01-20 06:00:00+00:00,3090.0,3108.0,3067.0,3084.2,1285321.0,present
1258,2025-01-20 08:00:00+00:00,3084.0,3084.8,3004.4,3009.8,1477527.0,present
1259,2025-01-20 10:00:00+00:00,3009.8,3050.0,3002.4,3042.0,1118172.0,present
1260,2025-01-20 12:00:00+00:00,3042.0,3045.4,3015.6,3032.0,767693.0,present
1261,2025-01-20 14:00:00+00:00,3032.0,3036.0,2974.2,3002.4,826286.0,present
1262,2025-01-20 16:00:00+00:00,3000.0,3025.0,2986.2,2991.0,590823.0,present
1263,2025-01-20 18:00:00+00:00,2990.6,2996.4,2936.8,2971.6,698130.0,present
1264,2025-01-20 20:00:00+00:00,2971.4,2972.0,2960.8,2969.8,84936.0,present
1265,2025-01-20 22:00:00+00:00,2974.7200000000003,2979.52,2962.6400000000003,2977.4,193380.2,interpolated
1266,2025-01-21 00:00:00+00:00,2978.04,2987.04,2964.48,2985.0,301824.4,interpolated
1267,2025-01-21 02:00:00+00:00,2981.36,2994.56,2966.32,2992.6000000000004,410268.60000000003,interpolated
1268,2025-01-21 04:00:00+00:00,2984.68,3002.08,2968.16,3000.2000000000003,518712.80000000005,interpolated
1269,2025-01-21 06:00:00+00:00,2988.0,3009.6,2970.0,3007.8,627157.0,present
1270,2025-01-21 08:00:00+00:00,3007.6,3018.2,2983.6,2987.0,905301.0,present
1271,2025-01-21 10:00:00+00:00,2986.8,3003.0,2975.0,2984.2,501980.0,present
1272,2025-01-21 12:00:00+00:00,2984.4,3008.8,2981.8,3000.6,375621.0,present
1273,2025-01-21 12:00:00+00:00,2984.4,3008.8,2981.8,3000.6,375621.0,present
1274,2025-01-21 14:00:00+00:00,3000.6,3057.6,2994.8,3043.8,944305.0,present
1275,2025-01-21 16:00:00+00:00,3043.8,3050.0,3020.0,3028.0,428617.0,present
1276,2025-01-21 18:00:00+00:00,3027.6,3044.0,3027.6,3039.0,93337.0,present
1277,2025-01-21 20:00:00+00:00,3039.2,3046.6,3036.2,3041.8,93252.0,present
1278,2025-01-21 22:00:00+00:00,3040.2799999999997,3047.2799999999997,3033.04,3038.6000000000004,187450.8,interpolated
1279,2025-01-22 00:00:00+00:00,3041.3599999999997,3047.96,3029.88,3035.4,281649.6,interpolated
1280,2025-01-22 02:00:00+00:00,3042.44,3048.64,3026.72,3032.2000000000003,375848.4,interpolated
1281,2025-01-22 04:00:00+00:00,3043.52,3049.32,3023.56,3029.0,470047.2,interpolated
1282,2025-01-22 06:00:00+00:00,3044.6,3050.0,3020.4,3025.8,564246.0,present
1283,2025-01-22 08:00:00+00:00,3025.8,3042.8,3024.6,3040.0,489494.0,present
1284,2025-01-22 10:00:00+00:00,3039.4,3055.8,3032.4,3045.4,595773.0,present
1285,2025-01-22 12:00:00+00:00,3045.4,3050.2,3030.2,3035.6,354227.0,present
1286,2025-01-22 14:00:00+00:00,3035.4,3058.0,3034.4,3058.0,396997.0,present
1287,2025-01-22 16:00:00+00:00,3068.0,3075.4,2990.0,3013.0,1567368.0,present
1288,2025-01-22 18:00:00+00:00,3013.0,3014.6,3001.0,3005.0,147313.0,present
1289,2025-01-22 20:00:00+00:00,3004.4,3006.6,3002.0,3005.8,53860.0,present
1290,2025-01-22 22:00:00+00:00,3004.92,3009.04,3000.16,3007.8,155667.2,interpolated
1291,2025-01-23 00:00:00+00:00,3005.44,3011.48,2998.32,3009.8,257474.4,interpolated
1292,2025-01-23 02:00:00+00:00,3005.96,3013.92,2996.48,3011.8,359281.6,interpolated
1293,2025-01-23 04:00:00+00:00,3006.48,3016.36,2994.6400000000003,3013.8,461088.8,interpolated
1294,2025-01-23 06:00:00+00:00,3007.0,3018.8,2992.8,3015.8,562896.0,present
1295,2025-01-23 08:00:00+00:00,3016.0,3018.8,2990.2,2999.2,550241.0,present
1296,2025-01-23 10:00:00+00:00,2999.2,3013.0,2993.4,3011.4,424458.0,present
1297,2025-01-23 12:00:00+00:00,3011.4,3012.8,2995.2,3004.2,244272.0,present
1298,2025-01-23 14:00:00+00:00,3004.4,3007.2,2984.0,2990.0,335957.0,present
1299,2025-01-23 16:00:00+00:00,2991.0,3011.0,2976.4,3002.8,471875.0,present
1300,2025-01-23 18:00:00+00:00,3002.8,3009.0,3001.4,3005.8,126067.0,present
1301,2025-01-23 20:00:00+00:00,3005.6,3025.0,3003.8,3022.2,176683.0,present
1302,2025-01-23 22:00:00+00:00,3009.04,3026.28,3005.2400000000002,3023.0,246379.4,interpolated
1303,2025-01-24 00:00:00+00:00,3012.48,3027.56,3006.6800000000003,3023.7999999999997,316075.8,interpolated
1304,2025-01-24 02:00:00+00:00,3015.92,3028.84,3008.12,3024.6,385772.19999999995,interpolated
1305,2025-01-24 04:00:00+00:00,3019.36,3030.12,3009.56,3025.3999999999996,455468.6,interpolated
1306,2025-01-24 06:00:00+00:00,3022.8,3031.4,3011.0,3026.2,525165.0,present
1307,2025-01-24 08:00:00+00:00,3025.8,3039.0,3023.2,3036.0,605236.0,present
1308,2025-01-24 10:00:00+00:00,3036.4,3038.6,3026.4,3032.4,281869.0,present
1309,2025-01-24 12:00:00+00:00,3033.2,3035.6,3001.0,3007.0,420961.0,present
1310,2025-01-24 14:00:00+00:00,3006.6,3022.8,2996.0,3017.8,428161.0,present
1311,2025-01-24 16:00:00+00:00,3017.0,3020.0,3005.6,3013.2,127320.0,present
1312,2025-01-24 18:00:00+00:00,3013.0,3017.8,3010.2,3016.0,85557.0,present
1313,2025-01-24 20:00:00+00:00,3015.8,3015.8,3007.0,3009.6,79977.0,present
1314,2025-01-24 22:00:00+00:00,3015.62962962963,3015.62962962963,3007.1555555555556,3009.659259259259,77028.44444444444,interpolated
1315,2025-01-25 00:00:00+00:00,3015.4592592592594,3015.4592592592594,3007.311111111111,3009.7185185185185,74079.88888888889,interpolated
1316,2025-01-25 02:00:00+00:00,3015.2888888888892,3015.2888888888892,3007.4666666666667,3009.777777777778,71131.33333333333,interpolated
1317,2025-01-25 04:00:00+00:00,3015.1185185185186,3015.1185185185186,3007.6222222222223,3009.837037037037,68182.77777777778,interpolated
1318,2025-01-25 06:00:00+00:00,3014.9481481481484,3014.9481481481484,3007.777777777778,3009.896296296296,65234.22222222222,interpolated
1319,2025-01-25 08:00:00+00:00,3014.777777777778,3014.777777777778,3007.9333333333334,3009.9555555555553,62285.66666666667,interpolated
1320,2025-01-25 10:00:00+00:00,3014.6074074074077,3014.6074074074077,3008.088888888889,3010.0148148148146,59337.11111111111,interpolated
1321,2025-01-25 12:00:00+00:00,3014.437037037037,3014.437037037037,3008.2444444444445,3010.074074074074,56388.555555555555,interpolated
1322,2025-01-25 14:00:00+00:00,3014.266666666667,3014.266666666667,3008.4,3010.133333333333,53440.0,interpolated
1323,2025-01-25 16:00:00+00:00,3014.0962962962963,3014.0962962962963,3008.5555555555557,3010.1925925925925,50491.444444444445,interpolated
1324,2025-01-25 18:00:00+00:00,3013.925925925926,3013.925925925926,3008.711111111111,3010.251851851852,47542.88888888889,interpolated
1325,2025-01-25 20:00:00+00:00,3013.7555555555555,3013.7555555555555,3008.866666666667,3010.311111111111,44594.333333333336,interpolated
1326,2025-01-25 22:00:00+00:00,3013.5851851851853,3013.5851851851853,3009.0222222222224,3010.3703703703704,41645.77777777778,interpolated
1327,2025-01-26 00:00:00+00:00,3013.4148148148147,3013.4148148148147,3009.1777777777775,3010.4296296296293,38697.22222222222,interpolated
1328,2025-01-26 02:00:00+00:00,3013.2444444444445,3013.2444444444445,3009.333333333333,3010.4888888888886,35748.666666666664,interpolated
1329,2025-01-26 04:00:00+00:00,3013.074074074074,3013.074074074074,3009.4888888888886,3010.548148148148,32800.11111111111,interpolated
1330,2025-01-26 06:00:00+00:00,3012.9037037037037,3012.9037037037037,3009.644444444444,3010.607407407407,29851.555555555555,interpolated
1331,2025-01-26 08:00:00+00:00,3012.733333333333,3012.733333333333,3009.7999999999997,3010.6666666666665,26903.0,interpolated
1332,2025-01-26 10:00:00+00:00,3012.562962962963,3012.562962962963,3009.9555555555553,3010.725925925926,23954.444444444445,interpolated
1333,2025-01-26 12:00:00+00:00,3012.3925925925923,3012.3925925925923,3010.111111111111,3010.785185185185,21005.88888888889,interpolated
1334,2025-01-26 14:00:00+00:00,3012.222222222222,3012.222222222222,3010.2666666666664,3010.8444444444444,18057.333333333336,interpolated
1335,2025-01-26 16:00:00+00:00,3012.0518518518516,3012.0518518518516,3010.422222222222,3010.9037037037037,15108.777777777774,interpolated
1336,2025-01-26 18:00:00+00:00,3011.8814814814814,3011.8814814814814,3010.5777777777776,3010.9629629629626,12160.222222222219,interpolated
1337,2025-01-26 20:00:00+00:00,3011.7111111111108,3011.7111111111108,3010.733333333333,3011.022222222222,9211.666666666672,interpolated
1338,2025-01-26 22:00:00+00:00,3011.5407407407406,3011.5407407407406,3010.8888888888887,3011.081481481481,6263.1111111111095,interpolated
1339,2025-01-27 00:00:00+00:00,3011.37037037037,3011.37037037037,3011.0444444444443,3011.1407407407405,3314.555555555562,interpolated
1340,2025-01-27 02:00:00+00:00,3011.2,3011.2,3011.2,3011.2,366.0,present
1341,2025-01-27 04:00:00+00:00,3011.2,3016.4,3010.0,3013.0,40787.0,present
1342,2025-01-27 06:00:00+00:00,3013.0,3013.0,2992.2,3003.0,467950.0,present
1343,2025-01-27 08:00:00+00:00,3003.0,3003.0,2980.4,2990.6,539187.0,present
1344,2025-01-27 10:00:00+00:00,2990.4,2996.8,2986.6,2992.0,257901.0,present
1345,2025-01-27 12:00:00+00:00,2992.0,2998.2,2976.0,2978.6,325052.0,present
1346,2025-01-27 14:00:00+00:00,2978.6,2979.8,2961.8,2974.0,464181.0,present
1347,2025-01-27 16:00:00+00:00,2972.6,2973.0,2956.4,2959.0,228071.0,present
1348,2025-01-27 18:00:00+00:00,2959.0,2959.4,2924.0,2925.4,391475.0,present
1349,2025-01-27 20:00:00+00:00,2925.4,2926.2,2903.2,2912.8,224527.0,present
1350,2025-01-27 22:00:00+00:00,2921.2000000000003,2921.733333333333,2906.4,2912.8,149873.6666666667,interpolated
1351,2025-01-28 00:00:00+00:00,2917.0,2917.266666666667,2909.6,2912.8,75220.33333333334,interpolated
1352,2025-01-28 02:00:00+00:00,2912.8,2912.8,2912.8,2912.8,567.0,present
1353,2025-01-28 04:00:00+00:00,2912.8,2936.8,2881.0,2930.4,396086.0,present
1354,2025-01-28 06:00:00+00:00,2930.4,2952.0,2911.6,2925.4,827509.0,present
1355,2025-01-28 08:00:00+00:00,2925.6,2936.0,2905.2,2918.8,509326.0,present
1356,2025-01-28 10:00:00+00:00,2918.2,2969.0,2917.6,2963.2,754342.0,present
1357,2025-01-28 12:00:00+00:00,2963.0,2992.0,2952.0,2983.8,988330.0,present
1358,2025-01-28 12:00:00+00:00,2963.0,2992.0,2952.0,2983.8,988330.0,present
1359,2025-01-28 14:00:00+00:00,2984.0,3006.0,2978.0,3000.0,612353.0,present
1360,2025-01-28 16:00:00+00:00,3000.0,3000.0,2987.0,2994.8,217071.0,present
1361,2025-01-28 18:00:00+00:00,2994.8,3013.0,2992.6,3007.4,366504.0,present
1362,2025-01-28 20:00:00+00:00,3007.6,3008.4,3000.0,3004.6,110250.0,present
1363,2025-01-28 22:00:00+00:00,3006.0666666666666,3006.6,3001.0,3004.0666666666666,73527.0,interpolated
1364,2025-01-29 00:00:00+00:00,3004.5333333333333,3004.8,3002.0,3003.5333333333333,36804.0,interpolated
1365,2025-01-29 02:00:00+00:00,3003.0,3003.0,3003.0,3003.0,81.0,present
1366,2025-01-29 04:00:00+00:00,3003.8,3012.6,2992.4,3002.8,152594.0,present
1367,2025-01-29 06:00:00+00:00,3001.8,3008.8,2990.8,3002.4,407125.0,present
1368,2025-01-29 08:00:00+00:00,3002.8,3045.0,3002.6,3037.6,1025744.0,present
1369,2025-01-29 10:00:00+00:00,3037.2,3043.0,3016.6,3022.4,666665.0,present
1370,2025-01-29 12:00:00+00:00,3022.6,3032.0,3009.0,3011.4,410707.0,present
1371,2025-01-29 14:00:00+00:00,3011.2,3033.0,3005.2,3025.0,494331.0,present
1372,2025-01-29 16:00:00+00:00,3033.0,3042.0,3013.0,3029.4,618167.0,present
1373,2025-01-29 18:00:00+00:00,3029.4,3029.4,3022.0,3024.4,85280.0,present
1374,2025-01-29 20:00:00+00:00,3024.4,3025.0,3018.2,3020.2,53824.0,present
1375,2025-01-29 22:00:00+00:00,3023.266666666667,3023.6666666666665,3019.133333333333,3020.4666666666667,35993.0,interpolated
1376,2025-01-30 00:00:00+00:00,3022.133333333333,3022.3333333333335,3020.0666666666666,3020.733333333333,18162.0,interpolated
1377,2025-01-30 02:00:00+00:00,3021.0,3021.0,3021.0,3021.0,331.0,present
1378,2025-01-30 04:00:00+00:00,3021.0,3031.0,3021.0,3030.0,59677.0,present
1379,2025-01-30 06:00:00+00:00,3029.8,3043.0,3028.0,3037.6,506736.0,present
1380,2025-01-30 08:00:00+00:00,3037.6,3047.0,3025.0,3033.2,673160.0,present
1381,2025-01-30 10:00:00+00:00,3033.2,3040.0,3026.2,3033.2,389787.0,present
1382,2025-01-30 12:00:00+00:00,3033.2,3060.0,3032.8,3056.0,879191.0,present
1383,2025-01-30 14:00:00+00:00,3056.2,3067.8,3047.0,3059.0,645697.0,present
1384,2025-01-30 16:00:00+00:00,3057.8,3065.6,3056.2,3058.2,222968.0,present
1385,2025-01-30 18:00:00+00:00,3058.2,3064.4,3055.6,3058.0,129116.0,present
1386,2025-01-30 20:00:00+00:00,3057.8,3060.0,3056.0,3057.0,41980.0,present
1387,2025-01-30 22:00:00+00:00,3058.4,3059.866666666667,3057.2,3057.866666666667,28271.0,interpolated
1388,2025-01-31 00:00:00+00:00,3059.0,3059.733333333333,3058.4,3058.733333333333,14562.0,interpolated
1389,2025-01-31 02:00:00+00:00,3059.6,3059.6,3059.6,3059.6,853.0,present
1390,2025-01-31 04:00:00+00:00,3060.8,3066.8,3057.8,3063.8,83311.0,present
1391,2025-01-31 06:00:00+00:00,3063.8,3090.0,3063.8,3086.0,670392.0,present
1392,2025-01-31 08:00:00+00:00,3086.0,3098.8,3070.0,3077.2,872990.0,present
1393,2025-01-31 10:00:00+00:00,3077.2,3093.0,3071.4,3088.8,314959.0,present
1394,2025-01-31 12:00:00+00:00,3088.2,3094.8,3050.0,3052.8,946078.0,present
1395,2025-01-31 14:00:00+00:00,3053.6,3063.0,3037.4,3049.4,582829.0,present
1396,2025-01-31 16:00:00+00:00,3047.4,3059.6,3041.0,3047.0,168136.0,present
1397,2025-01-31 18:00:00+00:00,3046.8,3051.8,3037.4,3042.2,157757.0,present
1398,2025-01-31 20:00:00+00:00,3041.8,3043.4,3039.4,3041.8,61277.0,present
1399,2025-01-31 22:00:00+00:00,3041.5555555555557,3043.0962962962963,3039.2444444444445,3041.5555555555557,59135.666666666664,interpolated
1400,2025-02-01 00:00:00+00:00,3041.311111111111,3042.792592592593,3039.088888888889,3041.311111111111,56994.333333333336,interpolated
1401,2025-02-01 02:00:00+00:00,3041.0666666666666,3042.488888888889,3038.9333333333334,3041.0666666666666,54853.0,interpolated
1402,2025-02-01 04:00:00+00:00,3040.8222222222225,3042.185185185185,3038.777777777778,3040.8222222222225,52711.666666666664,interpolated
1403,2025-02-01 06:00:00+00:00,3040.577777777778,3041.8814814814814,3038.6222222222223,3040.577777777778,50570.333333333336,interpolated
1404,2025-02-01 08:00:00+00:00,3040.3333333333335,3041.577777777778,3038.4666666666667,3040.3333333333335,48429.0,interpolated
1405,2025-02-01 10:00:00+00:00,3040.088888888889,3041.274074074074,3038.311111111111,3040.088888888889,46287.666666666664,interpolated
1406,2025-02-01 12:00:00+00:00,3039.8444444444444,3040.9703703703703,3038.1555555555556,3039.8444444444444,44146.33333333333,interpolated
1407,2025-02-01 14:00:00+00:00,3039.6,3040.6666666666665,3038.0,3039.6,42005.0,interpolated
1408,2025-02-01 16:00:00+00:00,3039.3555555555554,3040.362962962963,3037.8444444444444,3039.3555555555554,39863.66666666667,interpolated
1409,2025-02-01 18:00:00+00:00,3039.1111111111113,3040.0592592592593,3037.688888888889,3039.1111111111113,37722.33333333333,interpolated
1410,2025-02-01 20:00:00+00:00,3038.866666666667,3039.7555555555555,3037.5333333333333,3038.866666666667,35581.0,interpolated
1411,2025-02-01 22:00:00+00:00,3038.6222222222223,3039.4518518518516,3037.3777777777777,3038.6222222222223,33439.66666666667,interpolated
1412,2025-02-02 00:00:00+00:00,3038.3777777777777,3039.1481481481483,3037.222222222222,3038.3777777777777,31298.333333333332,interpolated
1413,2025-02-02 02:00:00+00:00,3038.133333333333,3038.8444444444444,3037.0666666666666,3038.133333333333,29157.0,interpolated
1414,2025-02-02 04:00:00+00:00,3037.8888888888887,3038.5407407407406,3036.911111111111,3037.8888888888887,27015.666666666664,interpolated
1415,2025-02-02 06:00:00+00:00,3037.6444444444446,3038.2370370370368,3036.7555555555555,3037.6444444444446,24874.333333333336,interpolated
1416,2025-02-02 08:00:00+00:00,3037.4,3037.9333333333334,3036.6,3037.4,22733.0,interpolated
1417,2025-02-02 10:00:00+00:00,3037.1555555555556,3037.6296296296296,3036.4444444444443,3037.1555555555556,20591.666666666664,interpolated
1418,2025-02-02 12:00:00+00:00,3036.911111111111,3037.3259259259257,3036.288888888889,3036.911111111111,18450.333333333336,interpolated
1419,2025-02-02 14:00:00+00:00,3036.6666666666665,3037.022222222222,3036.133333333333,3036.6666666666665,16309.0,interpolated
1420,2025-02-02 16:00:00+00:00,3036.422222222222,3036.7185185185185,3035.9777777777776,3036.422222222222,14167.666666666664,interpolated
1421,2025-02-02 18:00:00+00:00,3036.1777777777775,3036.4148148148147,3035.822222222222,3036.1777777777775,12026.333333333336,interpolated
1422,2025-02-02 20:00:00+00:00,3035.9333333333334,3036.111111111111,3035.6666666666665,3035.9333333333334,9885.0,interpolated
1423,2025-02-02 22:00:00+00:00,3035.688888888889,3035.807407407407,3035.511111111111,3035.688888888889,7743.666666666664,interpolated
1424,2025-02-03 00:00:00+00:00,3035.4444444444443,3035.5037037037036,3035.3555555555554,3035.4444444444443,5602.333333333336,interpolated
1425,2025-02-03 02:00:00+00:00,3035.2,3035.2,3035.2,3035.2,3461.0,present
1426,2025-02-03 04:00:00+00:00,3038.0,3038.8,3010.0,3024.6,238982.0,present
1427,2025-02-03 06:00:00+00:00,3025.0,3033.4,3003.2,3016.6,726499.0,present
1428,2025-02-03 08:00:00+00:00,3016.6,3020.0,2990.8,3003.8,562961.0,present
1429,2025-02-03 10:00:00+00:00,3003.6,3018.8,2998.4,3011.0,357190.0,present
1430,2025-02-03 12:00:00+00:00,3011.2,3013.8,2998.6,3010.6,300571.0,present
1431,2025-02-03 14:00:00+00:00,3010.6,3013.0,2998.6,3004.6,212968.0,present
1432,2025-02-03 16:00:00+00:00,3005.0,3028.8,3003.0,3025.6,235636.0,present
1433,2025-02-03 18:00:00+00:00,3025.8,3048.6,3025.6,3048.0,337960.0,present
1434,2025-02-03 20:00:00+00:00,3048.2,3049.0,3034.4,3036.2,91949.0,present
1435,2025-02-03 22:00:00+00:00,3044.5333333333333,3045.0666666666666,3035.3333333333335,3036.5333333333333,61487.66666666667,interpolated
1436,2025-02-04 00:00:00+00:00,3040.8666666666663,3041.133333333333,3036.2666666666664,3036.8666666666663,31026.333333333336,interpolated
1437,2025-02-04 02:00:00+00:00,3037.2,3037.2,3037.2,3037.2,565.0,present
1438,2025-02-04 04:00:00+00:00,3037.4,3046.0,3037.2,3041.2,78627.0,present
1439,2025-02-04 06:00:00+00:00,3040.4,3056.8,3038.0,3054.2,422897.0,present
1440,2025-02-04 08:00:00+00:00,3054.0,3055.4,3042.4,3045.2,315997.0,present
1441,2025-02-04 10:00:00+00:00,3045.0,3054.4,3030.0,3037.4,477521.0,present
1442,2025-02-04 12:00:00+00:00,3037.8,3038.8,3024.2,3027.4,285828.0,present
1443,2025-02-04 12:00:00+00:00,3037.8,3038.8,3024.2,3027.4,285828.0,present
1444,2025-02-04 14:00:00+00:00,3027.4,3032.4,3013.0,3032.4,340487.0,present
1445,2025-02-04 16:00:00+00:00,3028.0,3029.0,3020.4,3022.0,95869.0,present
1446,2025-02-04 18:00:00+00:00,3022.2,3022.2,2992.8,2997.0,477927.0,present
1447,2025-02-04 20:00:00+00:00,2996.8,3002.8,2996.8,3000.6,81861.0,present
1448,2025-02-04 22:00:00+00:00,2998.866666666667,3002.866666666667,2998.866666666667,3001.4,55256.66666666667,interpolated
1449,2025-02-05 00:00:00+00:00,3000.9333333333334,3002.9333333333334,3000.9333333333334,3002.2,28652.333333333336,interpolated
1450,2025-02-05 02:00:00+00:00,3003.0,3003.0,3003.0,3003.0,2048.0,present
1451,2025-02-05 04:00:00+00:00,3003.0,3021.8,3003.0,3009.6,157876.0,present
1452,2025-02-05 06:00:00+00:00,3010.0,3021.2,3001.6,3017.4,394639.0,present
1453,2025-02-05 08:00:00+00:00,3017.6,3039.0,2995.0,3037.0,837145.0,present
1454,2025-02-05 10:00:00+00:00,3037.0,3038.2,3023.4,3030.4,447715.0,present
1455,2025-02-05 12:00:00+00:00,3030.2,3031.8,2982.6,3004.8,929533.0,present
1456,2025-02-05 14:00:00+00:00,3004.6,3039.6,3004.6,3039.6,777587.0,present
1457,2025-02-05 16:00:00+00:00,3050.2,3082.0,3050.2,3068.8,1069406.0,present
1458,2025-02-05 18:00:00+00:00,3068.8,3086.0,3064.0,3078.0,339652.0,present
1459,2025-02-05 20:00:00+00:00,3077.6,3083.0,3073.0,3079.8,89380.0,present
1460,2025-02-05 22:00:00+00:00,3078.3333333333335,3081.9333333333334,3075.266666666667,3079.8,59774.33333333333,interpolated
1461,2025-02-06 00:00:00+00:00,3079.0666666666666,3080.866666666667,3077.5333333333333,3079.8,30168.666666666664,interpolated
1462,2025-02-06 02:00:00+00:00,3079.8,3079.8,3079.8,3079.8,563.0,present
1463,2025-02-06 04:00:00+00:00,3080.0,3092.4,3080.0,3092.0,138713.0,present
1464,2025-02-06 06:00:00+00:00,3091.8,3135.0,3083.0,3128.4,1257506.0,present
1465,2025-02-06 08:00:00+00:00,3127.8,3131.8,3091.2,3106.4,915472.0,present
1466,2025-02-06 10:00:00+00:00,3106.0,3113.2,3084.0,3090.8,584779.0,present
1467,2025-02-06 12:00:00+00:00,3090.8,3114.4,3089.0,3102.4,446273.0,present
1468,2025-02-06 14:00:00+00:00,3102.2,3113.2,3095.0,3102.4,600455.0,present
1469,2025-02-06 16:00:00+00:00,3102.4,3110.8,3099.6,3101.2,187380.0,present
1470,2025-02-06 18:00:00+00:00,3101.0,3107.4,3100.0,3100.4,83148.0,present
1471,2025-02-06 20:00:00+00:00,3100.4,3103.0,3096.0,3103.0,73167.0,present
1472,2025-02-06 22:00:00+00:00,3102.7333333333336,3104.4666666666667,3099.8,3104.4666666666667,48881.0,interpolated
1473,2025-02-07 00:00:00+00:00,3105.0666666666666,3105.9333333333334,3103.6,3105.9333333333334,24595.0,interpolated
1474,2025-02-07 02:00:00+00:00,3107.4,3107.4,3107.4,3107.4,309.0,present
1475,2025-02-07 04:00:00+00:00,3107.2,3116.6,3103.0,3115.2,129748.0,present
1476,2025-02-07 06:00:00+00:00,3114.4,3123.0,3106.4,3115.2,509823.0,present
1477,2025-02-07 08:00:00+00:00,3115.8,3122.8,3098.0,3102.0,706168.0,present
1478,2025-02-07 10:00:00+00:00,3102.2,3110.8,3099.4,3105.8,204294.0,present
1479,2025-02-07 12:00:00+00:00,3106.2,3112.6,3101.0,3107.8,265854.0,present
1480,2025-02-07 14:00:00+00:00,3108.0,3109.6,3100.6,3105.4,153100.0,present
1481,2025-02-07 16:00:00+00:00,3105.4,3109.0,3103.2,3107.4,142888.0,present
1482,2025-02-07 18:00:00+00:00,3107.6,3110.6,3104.4,3106.6,91477.0,present
1483,2025-02-07 20:00:00+00:00,3106.2,3107.0,3104.0,3105.0,76038.0,present
1484,2025-02-07 22:00:00+00:00,3106.785185185185,3107.5555555555557,3104.6666666666665,3105.6296296296296,73656.55555555556,interpolated
1485,2025-02-08 00:00:00+00:00,3107.37037037037,3108.1111111111113,3105.3333333333335,3106.259259259259,71275.11111111111,interpolated
1486,2025-02-08 02:00:00+00:00,3107.9555555555553,3108.6666666666665,3106.0,3106.8888888888887,68893.66666666667,interpolated
1487,2025-02-08 04:00:00+00:00,3108.5407407407406,3109.222222222222,3106.6666666666665,3107.5185185185187,66512.22222222222,interpolated
1488,2025-02-08 06:00:00+00:00,3109.125925925926,3109.777777777778,3107.3333333333335,3108.1481481481483,64130.77777777778,interpolated
1489,2025-02-08 08:00:00+00:00,3109.7111111111108,3110.3333333333335,3108.0,3108.777777777778,61749.333333333336,interpolated
1490,2025-02-08 10:00:00+00:00,3110.296296296296,3110.8888888888887,3108.6666666666665,3109.4074074074074,59367.88888888889,interpolated
1491,2025-02-08 12:00:00+00:00,3110.8814814814814,3111.4444444444443,3109.3333333333335,3110.037037037037,56986.444444444445,interpolated
1492,2025-02-08 14:00:00+00:00,3111.4666666666667,3112.0,3110.0,3110.6666666666665,54605.0,interpolated
1493,2025-02-08 16:00:00+00:00,3112.0518518518516,3112.5555555555557,3110.6666666666665,3111.296296296296,52223.555555555555,interpolated
1494,2025-02-08 18:00:00+00:00,3112.637037037037,3113.1111111111113,3111.3333333333335,3111.925925925926,49842.11111111111,interpolated
1495,2025-02-08 20:00:00+00:00,3113.222222222222,3113.6666666666665,3112.0,3112.5555555555557,47460.66666666667,interpolated
1496,2025-02-08 22:00:00+00:00,3113.8074074074075,3114.222222222222,3112.6666666666665,3113.185185185185,45079.22222222222,interpolated
1497,2025-02-09 00:00:00+00:00,3114.3925925925923,3114.777777777778,3113.3333333333335,3113.814814814815,42697.77777777778,interpolated
1498,2025-02-09 02:00:00+00:00,3114.9777777777776,3115.3333333333335,3114.0,3114.4444444444443,40316.333333333336,interpolated
1499,2025-02-09 04:00:00+00:00,3115.562962962963,3115.8888888888887,3114.6666666666665,3115.074074074074,37934.88888888889,interpolated
1500,2025-02-09 06:00:00+00:00,3116.1481481481483,3116.4444444444443,3115.3333333333335,3115.703703703704,35553.444444444445,interpolated
1501,2025-02-09 08:00:00+00:00,3116.733333333333,3117.0,3116.0,3116.3333333333335,33172.0,interpolated
1502,2025-02-09 10:00:00+00:00,3117.3185185185184,3117.5555555555557,3116.6666666666665,3116.962962962963,30790.555555555555,interpolated
1503,2025-02-09 12:00:00+00:00,3117.9037037037037,3118.1111111111113,3117.3333333333335,3117.5925925925926,28409.11111111111,interpolated
1504,2025-02-09 14:00:00+00:00,3118.488888888889,3118.6666666666665,3118.0,3118.222222222222,26027.66666666667,interpolated
1505,2025-02-09 16:00:00+00:00,3119.074074074074,3119.222222222222,3118.6666666666665,3118.8518518518517,23646.222222222226,interpolated
1506,2025-02-09 18:00:00+00:00,3119.659259259259,3119.777777777778,3119.3333333333335,3119.4814814814813,21264.77777777778,interpolated
1507,2025-02-09 20:00:00+00:00,3120.2444444444445,3120.3333333333335,3120.0,3120.1111111111113,18883.333333333336,interpolated
1508,2025-02-09 22:00:00+00:00,3120.82962962963,3120.8888888888887,3120.6666666666665,3120.740740740741,16501.88888888889,interpolated
1509,2025-02-10 00:00:00+00:00,3121.4148148148147,3121.4444444444443,3121.3333333333335,3121.3703703703704,14120.444444444445,interpolated
1510,2025-02-10 02:00:00+00:00,3122.0,3122.0,3122.0,3122.0,11739.0,present
1511,2025-02-10 04:00:00+00:00,3122.0,3150.0,3122.0,3147.2,418878.0,present
1512,2025-02-10 06:00:00+00:00,3146.6,3168.8,3141.0,3162.0,856117.0,present
1513,2025-02-10 08:00:00+00:00,3162.2,3162.4,3146.6,3159.6,453885.0,present
1514,2025-02-10 10:00:00+00:00,3159.6,3178.8,3156.2,3176.8,592659.0,present
1515,2025-02-10 12:00:00+00:00,3177.0,3188.4,3172.2,3174.8,867979.0,present
1516,2025-02-10 14:00:00+00:00,3174.8,3179.0,3167.2,3174.0,359139.0,present
1517,2025-02-10 16:00:00+00:00,3174.0,3179.8,3174.0,3179.0,210011.0,present
1518,2025-02-10 18:00:00+00:00,3179.0,3179.8,3120.2,3132.4,1025612.0,present
1519,2025-02-10 20:00:00+00:00,3132.4,3147.8,3116.8,3143.8,577357.0,present
1520,2025-02-10 22:00:00+00:00,3139.9333333333334,3150.2000000000003,3129.5333333333333,3147.5333333333333,386688.0,interpolated
1521,2025-02-11 00:00:00+00:00,3147.4666666666667,3152.6,3142.266666666667,3151.266666666667,196019.0,interpolated
1522,2025-02-11 02:00:00+00:00,3155.0,3155.0,3155.0,3155.0,5350.0,present
1523,2025-02-11 04:00:00+00:00,3155.2,3178.0,3150.0,3163.6,377026.0,present
1524,2025-02-11 06:00:00+00:00,3163.8,3168.0,3146.0,3160.2,649909.0,present
1525,2025-02-11 08:00:00+00:00,3160.2,3169.2,3145.0,3164.8,589561.0,present
1526,2025-02-11 10:00:00+00:00,3165.0,3177.8,3162.4,3172.4,483214.0,present
1527,2025-02-11 12:00:00+00:00,3172.4,3178.4,3168.2,3174.0,274133.0,present
1528,2025-02-11 12:00:00+00:00,3172.4,3178.4,3168.2,3174.0,274133.0,present
1529,2025-02-11 14:00:00+00:00,3174.0,3179.4,3170.4,3178.8,270698.0,present
1530,2025-02-11 16:00:00+00:00,3178.8,3178.8,3167.2,3172.6,178078.0,present
1531,2025-02-11 18:00:00+00:00,3172.4,3178.0,3170.0,3176.2,118110.0,present
1532,2025-02-11 20:00:00+00:00,3176.4,3177.0,3174.4,3176.0,81777.0,present
1533,2025-02-11 22:00:00+00:00,3177.6,3178.0,3176.266666666667,3177.3333333333335,56466.33333333333,interpolated
1534,2025-02-12 00:00:00+00:00,3178.8,3179.0,3178.133333333333,3178.6666666666665,31155.666666666664,interpolated
1535,2025-02-12 02:00:00+00:00,3180.0,3180.0,3180.0,3180.0,5845.0,present
1536,2025-02-12 04:00:00+00:00,3179.6,3195.0,3177.2,3190.8,318313.0,present
1537,2025-02-12 06:00:00+00:00,3190.6,3203.0,3189.8,3202.0,642175.0,present
1538,2025-02-12 08:00:00+00:00,3201.6,3202.0,3192.0,3192.6,482326.0,present
1539,2025-02-12 10:00:00+00:00,3192.4,3198.6,3184.0,3187.6,398502.0,present
1540,2025-02-12 12:00:00+00:00,3188.0,3189.2,3171.0,3187.6,550657.0,present
1541,2025-02-12 14:00:00+00:00,3187.4,3189.0,3133.2,3140.6,972621.0,present
1542,2025-02-12 16:00:00+00:00,3130.2,3400.0,3121.2,3324.4,5120980.0,present
1543,2025-02-12 18:00:00+00:00,3323.6,3374.0,3307.0,3361.8,2416853.0,present
1544,2025-02-12 20:00:00+00:00,3360.8,3377.0,3355.0,3373.2,532221.0,present
1545,2025-02-12 22:00:00+00:00,3373.5333333333333,3384.3333333333335,3369.6666666666665,3381.7999999999997,362202.0,interpolated
1546,2025-02-13 00:00:00+00:00,3386.266666666667,3391.6666666666665,3384.3333333333335,3390.4,192183.0,interpolated
1547,2025-02-13 02:00:00+00:00,3399.0,3399.0,3399.0,3399.0,22164.0,present
1548,2025-02-13 04:00:00+00:00,3398.6,3454.6,3387.0,3412.0,1577571.0,present
1549,2025-02-13 06:00:00+00:00,3412.6,3450.2,3302.2,3323.8,2959583.0,present
1550,2025-02-13 08:00:00+00:00,3324.0,3359.2,3311.0,3351.6,1476472.0,present
1551,2025-02-13 10:00:00+00:00,3351.6,3375.0,3281.0,3316.2,1355370.0,present
1552,2025-02-13 12:00:00+00:00,3316.4,3334.2,3305.4,3319.8,561274.0,present
1553,2025-02-13 14:00:00+00:00,3319.0,3339.0,3315.0,3334.0,404240.0,present
1554,2025-02-13 16:00:00+00:00,3333.0,3333.8,3320.0,3328.0,110650.0,present
1555,2025-02-13 18:00:00+00:00,3369.1666666666665,3369.8333333333335,3316.7,3335.5,175946.3333333333,interpolated
1556,2025-02-13 20:00:00+00:00,3405.3333333333335,3405.866666666667,3313.4,3343.0,241242.66666666666,interpolated
1557,2025-02-13 22:00:00+00:00,3441.5,3441.9,3310.1,3350.5,306539.0,interpolated
1558,2025-02-14 00:00:00+00:00,3477.6666666666665,3477.9333333333334,3306.7999999999997,3358.0,371835.3333333333,interpolated
1559,2025-02-14 02:00:00+00:00,3513.8333333333335,3513.9666666666667,3303.5,3365.5,437131.6666666666,interpolated
1560,2025-02-14 04:00:00+00:00,3550.0,3550.0,3300.2,3373.0,502428.0,present
1561,2025-02-14 06:00:00+00:00,3373.6,3443.8,3372.8,3442.8,1250375.0,present
1562,2025-02-14 08:00:00+00:00,3442.6,3454.8,3405.0,3434.4,1526542.0,present
1563,2025-02-14 10:00:00+00:00,3435.6,3462.4,3337.0,3371.2,2872270.0,present
1564,2025-02-14 12:00:00+00:00,3372.4,3409.0,3311.0,3329.2,1521921.0,present
1565,2025-02-14 14:00:00+00:00,3329.0,3374.0,3327.0,3370.0,885955.0,present
1566,2025-02-14 16:00:00+00:00,3370.0,3374.8,3352.0,3352.8,232854.0,present
1567,2025-02-14 18:00:00+00:00,3352.6,3365.0,3352.2,3362.0,128574.0,present
1568,2025-02-14 20:00:00+00:00,3361.4,3369.8,3360.8,3364.4,88097.0,present
1569,2025-02-14 22:00:00+00:00,3363.274074074074,3371.362962962963,3362.6962962962966,3366.162962962963,85011.55555555556,interpolated
1570,2025-02-15 00:00:00+00:00,3365.1481481481483,3372.925925925926,3364.5925925925926,3367.925925925926,81926.11111111111,interpolated
1571,2025-02-15 02:00:00+00:00,3367.0222222222224,3374.488888888889,3366.488888888889,3369.688888888889,78840.66666666667,interpolated
1572,2025-02-15 04:00:00+00:00,3368.8962962962964,3376.051851851852,3368.3851851851855,3371.451851851852,75755.22222222222,interpolated
1573,2025-02-15 06:00:00+00:00,3370.7703703703705,3377.614814814815,3370.2814814814815,3373.214814814815,72669.77777777778,interpolated
1574,2025-02-15 08:00:00+00:00,3372.6444444444446,3379.177777777778,3372.177777777778,3374.9777777777776,69584.33333333334,interpolated
1575,2025-02-15 10:00:00+00:00,3374.5185185185187,3380.740740740741,3374.0740740740744,3376.740740740741,66498.88888888889,interpolated
1576,2025-02-15 12:00:00+00:00,3376.392592592593,3382.303703703704,3375.9703703703703,3378.5037037037036,63413.444444444445,interpolated
1577,2025-02-15 14:00:00+00:00,3378.266666666667,3383.866666666667,3377.866666666667,3380.266666666667,60328.0,interpolated
1578,2025-02-15 16:00:00+00:00,3380.140740740741,3385.4296296296297,3379.7629629629632,3382.0296296296297,57242.55555555556,interpolated
1579,2025-02-15 18:00:00+00:00,3382.014814814815,3386.9925925925927,3381.659259259259,3383.7925925925924,54157.11111111111,interpolated
1580,2025-02-15 20:00:00+00:00,3383.888888888889,3388.5555555555557,3383.5555555555557,3385.5555555555557,51071.66666666667,interpolated
1581,2025-02-15 22:00:00+00:00,3385.7629629629632,3390.1185185185186,3385.451851851852,3387.3185185185184,47986.222222222226,interpolated
1582,2025-02-16 00:00:00+00:00,3387.637037037037,3391.6814814814816,3387.348148148148,3389.0814814814817,44900.77777777778,interpolated
1583,2025-02-16 02:00:00+00:00,3389.511111111111,3393.2444444444445,3389.2444444444445,3390.8444444444444,41815.333333333336,interpolated
1584,2025-02-16 04:00:00+00:00,3391.385185185185,3394.8074074074075,3391.140740740741,3392.6074074074077,38729.88888888889,interpolated
1585,2025-02-16 06:00:00+00:00,3393.259259259259,3396.3703703703704,3393.037037037037,3394.3703703703704,35644.444444444445,interpolated
1586,2025-02-16 08:00:00+00:00,3395.133333333333,3397.9333333333334,3394.9333333333334,3396.133333333333,32559.0,interpolated
1587,2025-02-16 10:00:00+00:00,3397.0074074074073,3399.4962962962964,3396.82962962963,3397.8962962962964,29473.555555555555,interpolated
1588,2025-02-16 12:00:00+00:00,3398.8814814814814,3401.0592592592593,3398.725925925926,3399.659259259259,26388.111111111117,interpolated
1589,2025-02-16 14:00:00+00:00,3400.7555555555555,3402.6222222222223,3400.6222222222223,3401.4222222222224,23302.66666666667,interpolated
1590,2025-02-16 16:00:00+00:00,3402.6296296296296,3404.185185185185,3402.5185185185187,3403.185185185185,20217.22222222222,interpolated
1591,2025-02-16 18:00:00+00:00,3404.5037037037036,3405.748148148148,3404.4148148148147,3404.948148148148,17131.77777777778,interpolated
1592,2025-02-16 20:00:00+00:00,3406.3777777777777,3407.311111111111,3406.311111111111,3406.711111111111,14046.333333333343,interpolated
1593,2025-02-16 22:00:00+00:00,3408.251851851852,3408.874074074074,3408.2074074074076,3408.474074074074,10960.88888888889,interpolated
1594,2025-02-17 00:00:00+00:00,3410.125925925926,3410.437037037037,3410.1037037037036,3410.237037037037,7875.4444444444525,interpolated
1595,2025-02-17 02:00:00+00:00,3412.0,3412.0,3412.0,3412.0,4790.0,present
1596,2025-02-17 04:00:00+00:00,3412.0,3444.2,3407.0,3441.4,534180.0,present
1597,2025-02-17 06:00:00+00:00,3441.2,3463.6,3431.8,3451.0,852964.0,present
1598,2025-02-17 08:00:00+00:00,3451.0,3480.0,3437.0,3472.4,894008.0,present
1599,2025-02-17 10:00:00+00:00,3472.2,3488.6,3465.2,3472.2,893493.0,present
1600,2025-02-17 12:00:00+00:00,3472.0,3492.4,3463.0,3482.0,861108.0,present
1601,2025-02-17 14:00:00+00:00,3482.0,3524.2,3475.0,3497.0,1399470.0,present
1602,2025-02-17 16:00:00+00:00,3510.0,3528.6,3482.6,3493.2,1107148.0,present
1603,2025-02-17 18:00:00+00:00,3493.2,3505.0,3486.4,3493.6,521703.0,present
1604,2025-02-17 20:00:00+00:00,3493.8,3498.0,3490.6,3492.0,230531.0,present
1605,2025-02-17 22:00:00+00:00,3496.7333333333336,3499.5333333333333,3494.6,3495.5333333333333,154949.33333333334,interpolated
1606,2025-02-18 00:00:00+00:00,3499.6666666666665,3501.0666666666666,3498.6,3499.0666666666666,79367.66666666669,interpolated
1607,2025-02-18 02:00:00+00:00,3502.6,3502.6,3502.6,3502.6,3786.0,present
1608,2025-02-18 04:00:00+00:00,3503.0,3513.4,3466.0,3479.0,664903.0,present
1609,2025-02-18 06:00:00+00:00,3479.2,3497.0,3440.0,3471.0,1056807.0,present
1610,2025-02-18 08:00:00+00:00,3471.0,3471.0,3435.0,3451.4,835965.0,present
1611,2025-02-18 10:00:00+00:00,3451.2,3489.0,3447.0,3481.6,697775.0,present
1612,2025-02-18 12:00:00+00:00,3481.0,3485.8,3378.4,3407.0,2213762.0,present
1613,2025-02-18 12:00:00+00:00,3481.0,3485.8,3378.4,3407.0,2213762.0,present
1614,2025-02-18 14:00:00+00:00,3406.8,3427.0,3406.4,3410.6,325076.0,present
1615,2025-02-18 16:00:00+00:00,3416.6,3426.4,3403.0,3403.0,135800.0,present
1616,2025-02-18 18:00:00+00:00,3403.2,3405.2,3370.0,3389.0,448487.0,present
1617,2025-02-18 20:00:00+00:00,3388.8,3399.8,3388.8,3390.6,47754.0,present
1618,2025-02-18 22:00:00+00:00,3397.5333333333333,3404.866666666667,3397.5333333333333,3398.733333333333,34988.666666666664,interpolated
1619,2025-02-19 00:00:00+00:00,3406.266666666667,3409.9333333333334,3406.266666666667,3406.866666666667,22223.333333333332,interpolated
1620,2025-02-19 02:00:00+00:00,3415.0,3415.0,3415.0,3415.0,9458.0,present
1621,2025-02-19 04:00:00+00:00,3415.0,3425.0,3404.6,3411.8,238568.0,present
1622,2025-02-19 06:00:00+00:00,3411.8,3439.8,3401.0,3406.2,563295.0,present
1623,2025-02-19 08:00:00+00:00,3407.0,3415.8,3382.0,3406.0,585773.0,present
1624,2025-02-19 10:00:00+00:00,3405.6,3420.0,3397.6,3415.0,303679.0,present
1625,2025-02-19 12:00:00+00:00,3415.0,3419.6,3398.0,3415.4,269080.0,present
1626,2025-02-19 14:00:00+00:00,3415.6,3458.0,3415.6,3433.8,763505.0,present
1627,2025-02-19 16:00:00+00:00,3453.8,3469.0,3440.0,3464.0,540904.0,present
1628,2025-02-19 18:00:00+00:00,3464.0,3469.8,3455.6,3459.8,150292.0,present
1629,2025-02-19 20:00:00+00:00,3459.0,3462.6,3449.0,3455.0,89051.0,present
1630,2025-02-19 22:00:00+00:00,3459.866666666667,3462.2666666666664,3453.2,3457.2,59738.0,interpolated
1631,2025-02-20 00:00:00+00:00,3460.733333333333,3461.9333333333334,3457.4,3459.4,30425.0,interpolated
1632,2025-02-20 02:00:00+00:00,3461.6,3461.6,3461.6,3461.6,1112.0,present
1633,2025-02-20 04:00:00+00:00,3462.0,3470.0,3450.4,3458.0,74002.0,present
1634,2025-02-20 06:00:00+00:00,3457.4,3478.4,3452.0,3457.0,479764.0,present
1635,2025-02-20 08:00:00+00:00,3457.0,3463.4,3445.0,3462.4,338772.0,present
1636,2025-02-20 10:00:00+00:00,3462.4,3471.8,3457.2,3461.8,291857.0,present
1637,2025-02-20 12:00:00+00:00,3461.8,3475.4,3444.6,3463.8,652364.0,present
1638,2025-02-20 14:00:00+00:00,3464.0,3470.0,3434.0,3439.8,347259.0,present
1639,2025-02-20 16:00:00+00:00,3439.0,3446.6,3420.0,3432.6,219352.0,present
1640,2025-02-20 18:00:00+00:00,3433.0,3442.8,3427.2,3438.8,83680.0,present
1641,2025-02-20 20:00:00+00:00,3437.8,3438.2,3430.0,3436.6,47216.0,present
1642,2025-02-20 22:00:00+00:00,3438.4,3438.6666666666665,3433.2,3437.6,32020.333333333332,interpolated
1643,2025-02-21 00:00:00+00:00,3439.0,3439.133333333333,3436.4,3438.6,16824.666666666664,interpolated
1644,2025-02-21 02:00:00+00:00,3439.6,3439.6,3439.6,3439.6,1629.0,present
1645,2025-02-21 04:00:00+00:00,3439.4,3444.4,3429.4,3437.8,77444.0,present
1646,2025-02-21 06:00:00+00:00,3437.6,3457.0,3435.2,3457.0,251107.0,present
1647,2025-02-21 08:00:00+00:00,3456.8,3459.4,3443.6,3446.0,255191.0,present
1648,2025-02-21 10:00:00+00:00,3445.8,3453.0,3392.8,3412.0,929637.0,present
1649,2025-02-21 12:00:00+00:00,3412.4,3427.8,3400.2,3420.2,291382.0,present
1650,2025-02-21 14:00:00+00:00,3420.2,3430.0,3417.2,3423.8,159385.0,present
1651,2025-02-21 16:00:00+00:00,3423.4,3430.0,3423.4,3429.0,146002.0,present
1652,2025-02-21 18:00:00+00:00,3428.8,3438.2,3407.4,3420.4,189898.0,present
1653,2025-02-21 20:00:00+00:00,3420.4,3430.0,3415.0,3425.0,70942.0,present
1654,2025-02-21 22:00:00+00:00,3421.0222222222224,3430.266666666667,3415.822222222222,3425.4518518518516,68340.14814814815,interpolated
1655,2025-02-22 00:00:00+00:00,3421.6444444444446,3430.5333333333333,3416.6444444444446,3425.9037037037037,65738.29629629629,interpolated
1656,2025-02-22 02:00:00+00:00,3422.266666666667,3430.8,3417.4666666666667,3426.3555555555554,63136.444444444445,interpolated
1657,2025-02-22 04:00:00+00:00,3422.888888888889,3431.0666666666666,3418.288888888889,3426.8074074074075,60534.59259259259,interpolated
1658,2025-02-22 06:00:00+00:00,3423.511111111111,3431.3333333333335,3419.111111111111,3427.259259259259,57932.740740740745,interpolated
1659,2025-02-22 08:00:00+00:00,3424.133333333333,3431.6,3419.9333333333334,3427.711111111111,55330.88888888889,interpolated
1660,2025-02-22 10:00:00+00:00,3424.7555555555555,3431.866666666667,3420.7555555555555,3428.162962962963,52729.03703703704,interpolated
1661,2025-02-22 12:00:00+00:00,3425.3777777777777,3432.133333333333,3421.5777777777776,3428.614814814815,50127.18518518518,interpolated
1662,2025-02-22 14:00:00+00:00,3426.0,3432.4,3422.4,3429.0666666666666,47525.333333333336,interpolated
1663,2025-02-22 16:00:00+00:00,3426.6222222222223,3432.6666666666665,3423.222222222222,3429.5185185185182,44923.48148148148,interpolated
1664,2025-02-22 18:00:00+00:00,3427.2444444444445,3432.9333333333334,3424.0444444444443,3429.9703703703703,42321.629629629635,interpolated
1665,2025-02-22 20:00:00+00:00,3427.866666666667,3433.2,3424.866666666667,3430.422222222222,39719.77777777778,interpolated
1666,2025-02-22 22:00:00+00:00,3428.488888888889,3433.4666666666667,3425.688888888889,3430.874074074074,37117.92592592593,interpolated
1667,2025-02-23 00:00:00+00:00,3429.111111111111,3433.733333333333,3426.511111111111,3431.3259259259257,34516.07407407408,interpolated
1668,2025-02-23 02:00:00+00:00,3429.733333333333,3434.0,3427.333333333333,3431.777777777778,31914.222222222226,interpolated
1669,2025-02-23 04:00:00+00:00,3430.3555555555554,3434.2666666666664,3428.1555555555556,3432.2296296296295,29312.370370370372,interpolated
1670,2025-02-23 06:00:00+00:00,3430.9777777777776,3434.5333333333333,3428.9777777777776,3432.6814814814816,26710.51851851852,interpolated
1671,2025-02-23 08:00:00+00:00,3431.6,3434.7999999999997,3429.7999999999997,3433.133333333333,24108.66666666667,interpolated
1672,2025-02-23 10:00:00+00:00,3432.222222222222,3435.0666666666666,3430.6222222222223,3433.585185185185,21506.814814814818,interpolated
1673,2025-02-23 12:00:00+00:00,3432.8444444444444,3435.333333333333,3431.4444444444443,3434.037037037037,18904.962962962964,interpolated
1674,2025-02-23 14:00:00+00:00,3433.4666666666667,3435.6,3432.2666666666664,3434.4888888888886,16303.111111111117,interpolated
1675,2025-02-23 16:00:00+00:00,3434.088888888889,3435.8666666666663,3433.088888888889,3434.9407407407407,13701.259259259263,interpolated
1676,2025-02-23 18:00:00+00:00,3434.7111111111108,3436.133333333333,3433.911111111111,3435.3925925925923,11099.407407407409,interpolated
1677,2025-02-23 20:00:00+00:00,3435.333333333333,3436.3999999999996,3434.733333333333,3435.8444444444444,8497.555555555562,interpolated
1678,2025-02-23 22:00:00+00:00,3435.9555555555553,3436.6666666666665,3435.555555555555,3436.296296296296,5895.703703703708,interpolated
1679,2025-02-24 00:00:00+00:00,3436.5777777777776,3436.933333333333,3436.3777777777777,3436.748148148148,3293.851851851854,interpolated
1680,2025-02-24 02:00:00+00:00,3437.2,3437.2,3437.2,3437.2,692.0,present
1681,2025-02-24 04:00:00+00:00,3437.2,3441.2,3430.2,3435.0,64819.0,present
1682,2025-02-24 06:00:00+00:00,3434.8,3446.4,3431.0,3431.0,311449.0,present
1683,2025-02-24 08:00:00+00:00,3431.4,3439.2,3430.8,3435.0,155368.0,present
1684,2025-02-24 10:00:00+00:00,3435.0,3436.8,3417.0,3423.6,285487.0,present
1685,2025-02-24 12:00:00+00:00,3423.6,3428.8,3403.8,3409.4,338616.0,present
1686,2025-02-24 14:00:00+00:00,3409.6,3426.8,3406.0,3426.8,258335.0,present
1687,2025-02-24 16:00:00+00:00,3426.8,3435.0,3418.8,3434.0,184347.0,present
1688,2025-02-24 18:00:00+00:00,3433.8,3439.2,3429.4,3434.0,160941.0,present
1689,2025-02-24 20:00:00+00:00,3434.2,3455.0,3434.0,3452.0,186964.0,present
1690,2025-02-24 22:00:00+00:00,3441.5333333333333,3455.4,3441.4,3453.4,125310.66666666666,interpolated
1691,2025-02-25 00:00:00+00:00,3448.8666666666663,3455.7999999999997,3448.7999999999997,3454.7999999999997,63657.33333333333,interpolated
1692,2025-02-25 02:00:00+00:00,3456.2,3456.2,3456.2,3456.2,2004.0,present
1693,2025-02-25 04:00:00+00:00,3457.0,3472.8,3451.0,3466.0,274828.0,present
1694,2025-02-25 06:00:00+00:00,3465.6,3487.6,3461.4,3473.0,736214.0,present
1695,2025-02-25 08:00:00+00:00,3473.2,3482.4,3448.0,3461.2,458067.0,present
1696,2025-02-25 10:00:00+00:00,3461.6,3466.8,3445.0,3463.8,307984.0,present
1697,2025-02-25 12:00:00+00:00,3463.8,3469.8,3451.4,3457.2,228373.0,present
1698,2025-02-25 12:00:00+00:00,3463.8,3469.8,3451.4,3457.2,228373.0,present
1699,2025-02-25 14:00:00+00:00,3457.0,3458.8,3428.0,3436.8,390528.0,present
1700,2025-02-25 16:00:00+00:00,3433.8,3446.8,3433.8,3441.8,75194.0,present
1701,2025-02-25 18:00:00+00:00,3441.4,3445.0,3440.4,3444.0,68835.0,present
1702,2025-02-25 20:00:00+00:00,3443.8,3445.0,3433.0,3434.6,42396.0,present
1703,2025-02-25 22:00:00+00:00,3443.3333333333335,3444.133333333333,3436.133333333333,3437.2,28393.333333333332,interpolated
1704,2025-02-26 00:00:00+00:00,3442.866666666667,3443.266666666667,3439.266666666667,3439.8,14390.666666666664,interpolated
1705,2025-02-26 02:00:00+00:00,3442.4,3442.4,3442.4,3442.4,388.0,present
1706,2025-02-26 04:00:00+00:00,3440.0,3455.0,3433.2,3451.0,86004.0,present
1707,2025-02-26 06:00:00+00:00,3451.0,3454.8,3425.0,3440.4,314149.0,present
1708,2025-02-26 08:00:00+00:00,3439.4,3441.6,3412.2,3416.6,318680.0,present
1709,2025-02-26 10:00:00+00:00,3416.6,3421.0,3357.8,3388.0,900309.0,present
1710,2025-02-26 12:00:00+00:00,3388.0,3396.4,3334.0,3372.6,835405.0,present
1711,2025-02-26 14:00:00+00:00,3372.2,3394.4,3351.0,3375.0,462699.0,present
1712,2025-02-26 16:00:00+00:00,3339.8,3358.0,3305.0,3313.0,691803.0,present
1713,2025-02-26 18:00:00+00:00,3313.0,3328.4,3292.0,3317.6,325073.0,present
1714,2025-02-26 20:00:00+00:00,3317.6,3329.6,3317.0,3324.8,75452.0,present
1715,2025-02-26 22:00:00+00:00,3320.0,3328.0,3319.6,3324.8,50677.66666666667,interpolated
1716,2025-02-27 00:00:00+00:00,3322.4,3326.4,3322.2000000000003,3324.8,25903.333333333336,interpolated
1717,2025-02-27 02:00:00+00:00,3324.8,3324.8,3324.8,3324.8,1129.0,present
1718,2025-02-27 04:00:00+00:00,3324.6,3326.8,3262.4,3271.4,423814.0,present
1719,2025-02-27 06:00:00+00:00,3271.8,3331.8,3271.8,3302.2,709734.0,present
1720,2025-02-27 08:00:00+00:00,3302.2,3314.6,3268.4,3278.0,742437.0,present
1721,2025-02-27 10:00:00+00:00,3277.8,3298.8,3277.6,3292.4,266089.0,present
1722,2025-02-27 12:00:00+00:00,3292.6,3358.6,3291.4,3332.4,781856.0,present
1723,2025-02-27 14:00:00+00:00,3332.4,3340.4,3312.4,3340.4,203790.0,present
1724,2025-02-27 16:00:00+00:00,3339.0,3340.0,3280.2,3297.4,506868.0,present
1725,2025-02-27 18:00:00+00:00,3298.0,3303.6,3271.0,3274.4,252040.0,present
1726,2025-02-27 20:00:00+00:00,3273.8,3276.6,3235.0,3241.6,371168.0,present
1727,2025-02-27 22:00:00+00:00,3261.866666666667,3263.733333333333,3236.0,3240.4,247812.66666666666,interpolated
1728,2025-02-28 00:00:00+00:00,3249.9333333333334,3250.866666666667,3237.0,3239.2,124457.33333333331,interpolated
1729,2025-02-28 02:00:00+00:00,3238.0,3238.0,3238.0,3238.0,1102.0,present
1730,2025-02-28 04:00:00+00:00,3237.2,3274.4,3222.0,3263.6,322622.0,present
1731,2025-02-28 06:00:00+00:00,3263.8,3285.0,3210.4,3224.0,923920.0,present
1732,2025-02-28 08:00:00+00:00,3224.0,3226.8,3180.8,3210.6,1237396.0,present
1733,2025-02-28 10:00:00+00:00,3210.6,3248.2,3209.2,3234.6,595661.0,present
1734,2025-02-28 12:00:00+00:00,3234.8,3243.6,3203.6,3229.8,510029.0,present
1735,2025-02-28 14:00:00+00:00,3229.8,3278.6,3220.0,3274.0,625794.0,present
1736,2025-02-28 16:00:00+00:00,3274.0,3338.8,3252.0,3319.8,1007877.0,present
1737,2025-02-28 18:00:00+00:00,3318.8,3330.0,3229.2,3293.2,1210302.0,present
1738,2025-02-28 20:00:00+00:00,3293.8,3302.4,3282.0,3287.6,156000.0,present
1739,2025-02-28 22:00:00+00:00,3295.9428571428575,3303.9142857142856,3284.5714285714284,3290.0285714285715,137726.85714285716,interpolated
1740,2025-03-01 00:00:00+00:00,3298.0857142857144,3305.4285714285716,3287.1428571428573,3292.4571428571426,119453.71428571429,interpolated
1741,2025-03-01 02:00:00+00:00,3300.2285714285717,3306.942857142857,3289.714285714286,3294.885714285714,101180.57142857143,interpolated
1742,2025-03-01 04:00:00+00:00,3302.3714285714286,3308.457142857143,3292.285714285714,3297.3142857142857,82907.42857142858,interpolated
1743,2025-03-01 06:00:00+00:00,3304.514285714286,3309.9714285714285,3294.8571428571427,3299.7428571428572,64634.285714285725,interpolated
1744,2025-03-01 08:00:00+00:00,3306.657142857143,3311.4857142857145,3297.4285714285716,3302.1714285714284,46361.14285714287,interpolated
1745,2025-03-01 10:00:00+00:00,3308.8,3313.0,3300.0,3304.6,28088.0,present
1746,2025-03-01 12:00:00+00:00,3304.8,3305.8,3300.0,3301.8,22509.0,present
1747,2025-03-01 14:00:00+00:00,3301.8,3305.2,3296.8,3303.0,37676.0,present
1748,2025-03-01 16:00:00+00:00,3300.3250000000003,3303.6499999999996,3293.5750000000003,3299.75,38134.625,interpolated
1749,2025-03-01 18:00:00+00:00,3298.8500000000004,3302.1,3290.3500000000004,3296.5,38593.25,interpolated
1750,2025-03-01 20:00:00+00:00,3297.375,3300.55,3287.125,3293.25,39051.875,interpolated
1751,2025-03-01 22:00:00+00:00,3295.9,3299.0,3283.9,3290.0,39510.5,interpolated
1752,2025-03-02 00:00:00+00:00,3294.425,3297.45,3280.675,3286.75,39969.125,interpolated
1753,2025-03-02 02:00:00+00:00,3292.95,3295.9,3277.45,3283.5,40427.75,interpolated
1754,2025-03-02 04:00:00+00:00,3291.475,3294.3500000000004,3274.225,3280.25,40886.375,interpolated
1755,2025-03-02 06:00:00+00:00,3290.0,3292.8,3271.0,3277.0,41345.0,present
1756,2025-03-02 08:00:00+00:00,3277.0,3283.4,3269.0,3282.0,67106.0,present
1757,2025-03-02 10:00:00+00:00,3282.0,3288.6,3275.4,3283.2,52108.0,present
1758,2025-03-02 12:00:00+00:00,3283.6,3286.0,3276.0,3282.0,26386.0,present
1759,2025-03-02 14:00:00+00:00,3281.4,3283.6,3270.4,3277.0,30257.0,present
1760,2025-03-02 16:00:00+00:00,3279.766666666667,3281.6,3270.6,3276.1,25381.5,interpolated
1761,2025-03-02 18:00:00+00:00,3278.133333333333,3279.6,3270.8,3275.2,20506.0,interpolated
1762,2025-03-02 20:00:00+00:00,3276.5,3277.6,3271.0,3274.3,15630.5,interpolated
1763,2025-03-02 22:00:00+00:00,3274.866666666667,3275.6,3271.2,3273.4,10755.0,interpolated
1764,2025-03-03 00:00:00+00:00,3273.233333333333,3273.6,3271.4,3272.5,5879.5,interpolated
1765,2025-03-03 02:00:00+00:00,3271.6,3271.6,3271.6,3271.6,1004.0,present
1766,2025-03-03 04:00:00+00:00,3270.2,3271.6,3229.0,3240.8,327587.0,present
1767,2025-03-03 06:00:00+00:00,3240.8,3243.4,3214.0,3225.0,602388.0,present
1768,2025-03-03 08:00:00+00:00,3225.2,3232.0,3206.0,3214.4,560388.0,present
1769,2025-03-03 10:00:00+00:00,3214.2,3214.8,3186.8,3209.6,578243.0,present
1770,2025-03-03 12:00:00+00:00,3210.0,3227.8,3196.0,3219.0,324715.0,present
1771,2025-03-03 14:00:00+00:00,3220.0,3225.6,3203.4,3210.6,179714.0,present
1772,2025-03-03 16:00:00+00:00,3210.6,3214.0,3185.2,3212.0,293487.0,present
1773,2025-03-03 18:00:00+00:00,3212.0,3241.0,3190.0,3235.6,472605.0,present
1774,2025-03-03 20:00:00+00:00,3235.6,3236.0,3212.0,3215.2,114406.0,present
1775,2025-03-03 22:00:00+00:00,3233.6666666666665,3233.9333333333334,3217.9333333333334,3220.0666666666666,76526.33333333334,interpolated
1776,2025-03-04 00:00:00+00:00,3231.7333333333336,3231.866666666667,3223.866666666667,3224.9333333333334,38646.66666666667,interpolated
1777,2025-03-04 02:00:00+00:00,3229.8,3229.8,3229.8,3229.8,767.0,present
1778,2025-03-04 04:00:00+00:00,3229.8,3268.4,3223.0,3260.2,384943.0,present
1779,2025-03-04 06:00:00+00:00,3260.0,3322.0,3253.0,3315.8,937769.0,present
1780,2025-03-04 08:00:00+00:00,3315.2,3346.8,3315.0,3325.4,786474.0,present
1781,2025-03-04 10:00:00+00:00,3325.6,3335.0,3299.0,3317.8,490516.0,present
1782,2025-03-04 12:00:00+00:00,3317.8,3341.0,3311.6,3332.6,313731.0,present
1783,2025-03-04 12:00:00+00:00,3317.8,3341.0,3311.6,3332.6,313731.0,present
1784,2025-03-04 14:00:00+00:00,3332.6,3354.0,3323.0,3354.0,277348.0,present
1785,2025-03-04 16:00:00+00:00,3370.0,3416.0,3363.0,3394.2,1063670.0,present
1786,2025-03-04 18:00:00+00:00,3393.0,3394.8,3381.0,3386.6,255177.0,present
1787,2025-03-04 20:00:00+00:00,3386.4,3389.0,3381.4,3383.2,75541.0,present
1788,2025-03-04 22:00:00+00:00,3383.8,3385.5333333333333,3380.4666666666667,3381.6666666666665,52697.333333333336,interpolated
1789,2025-03-05 00:00:00+00:00,3381.2,3382.0666666666666,3379.5333333333333,3380.133333333333,29853.66666666667,interpolated
1790,2025-03-05 02:00:00+00:00,3378.6,3378.6,3378.6,3378.6,7010.0,present
1791,2025-03-05 04:00:00+00:00,3378.6,3378.6,3320.0,3348.0,419512.0,present
1792,2025-03-05 06:00:00+00:00,3348.4,3373.0,3346.4,3364.0,443052.0,present
1793,2025-03-05 08:00:00+00:00,3364.0,3417.8,3363.6,3397.4,705621.0,present
1794,2025-03-05 10:00:00+00:00,3398.0,3402.6,3376.0,3396.4,273342.0,present
1795,2025-03-05 12:00:00+00:00,3396.4,3405.0,3379.0,3402.6,375102.0,present
1796,2025-03-05 14:00:00+00:00,3402.6,3430.0,3396.0,3425.4,556107.0,present
1797,2025-03-05 16:00:00+00:00,3433.0,3442.8,3406.0,3409.0,639688.0,present
1798,2025-03-05 18:00:00+00:00,3409.2,3409.6,3326.4,3333.4,753056.0,present
1799,2025-03-05 20:00:00+00:00,3333.2,3341.8,3321.0,3327.6,160496.0,present
1800,2025-03-05 22:00:00+00:00,3333.4,3339.1333333333337,3325.266666666667,3329.6666666666665,107369.0,interpolated
1801,2025-03-06 00:00:00+00:00,3333.6,3336.4666666666667,3329.5333333333333,3331.7333333333336,54242.0,interpolated
1802,2025-03-06 02:00:00+00:00,3333.8,3333.8,3333.8,3333.8,1115.0,present
1803,2025-03-06 04:00:00+00:00,3334.0,3376.2,3333.8,3375.0,360563.0,present
1804,2025-03-06 06:00:00+00:00,3374.4,3379.6,3358.0,3373.2,549274.0,present
1805,2025-03-06 08:00:00+00:00,3373.2,3382.0,3350.4,3376.0,457923.0,present
1806,2025-03-06 10:00:00+00:00,3375.2,3375.6,3354.0,3357.2,343193.0,present
1807,2025-03-06 12:00:00+00:00,3357.2,3384.8,3340.2,3374.0,479210.0,present
1808,2025-03-06 14:00:00+00:00,3374.0,3390.2,3365.2,3371.2,254930.0,present
1809,2025-03-06 16:00:00+00:00,3369.0,3390.0,3366.4,3384.0,229122.0,present
1810,2025-03-06 18:00:00+00:00,3384.0,3385.8,3356.0,3361.8,185760.0,present
1811,2025-03-06 20:00:00+00:00,3361.8,3371.4,3355.2,3368.2,53218.0,present
1812,2025-03-06 22:00:00+00:00,3364.866666666667,3371.266666666667,3360.4666666666667,3369.133333333333,35653.33333333333,interpolated
1813,2025-03-07 00:00:00+00:00,3367.9333333333334,3371.133333333333,3365.733333333333,3370.0666666666666,18088.666666666664,interpolated
1814,2025-03-07 02:00:00+00:00,3371.0,3371.0,3371.0,3371.0,524.0,present
1815,2025-03-07 04:00:00+00:00,3371.8,3404.2,3370.0,3396.0,156540.0,present
1816,2025-03-07 06:00:00+00:00,3396.2,3466.6,3396.0,3452.4,1052885.0,present
1817,2025-03-07 08:00:00+00:00,3452.2,3463.0,3432.2,3437.2,693411.0,present
1818,2025-03-07 10:00:00+00:00,3437.0,3459.0,3436.0,3447.2,380027.0,present
1819,2025-03-07 12:00:00+00:00,3448.0,3469.2,3447.4,3468.8,387802.0,present
1820,2025-03-07 14:00:00+00:00,3469.0,3472.6,3331.2,3355.0,2565000.0,present
1821,2025-03-07 16:00:00+00:00,3368.0,3428.4,3353.8,3418.6,1325060.0,present
1822,2025-03-07 18:00:00+00:00,3418.6,3420.0,3400.2,3418.8,282657.0,present
1823,2025-03-07 20:00:00+00:00,3418.8,3418.8,3408.2,3414.8,101199.0,present
1824,2025-03-07 22:00:00+00:00,3418.9925925925927,3418.9925925925927,3408.785185185185,3415.140740740741,97492.18518518518,interpolated
1825,2025-03-08 00:00:00+00:00,3419.185185185185,3419.185185185185,3409.37037037037,3415.4814814814818,93785.37037037036,interpolated
1826,2025-03-08 02:00:00+00:00,3419.3777777777777,3419.3777777777777,3409.9555555555553,3415.8222222222225,90078.55555555556,interpolated
1827,2025-03-08 04:00:00+00:00,3419.5703703703707,3419.5703703703707,3410.5407407407406,3416.1629629629633,86371.74074074074,interpolated
1828,2025-03-08 06:00:00+00:00,3419.7629629629632,3419.7629629629632,3411.125925925926,3416.5037037037036,82664.92592592593,interpolated
1829,2025-03-08 08:00:00+00:00,3419.9555555555557,3419.9555555555557,3411.7111111111108,3416.8444444444444,78958.11111111111,interpolated
1830,2025-03-08 10:00:00+00:00,3420.1481481481483,3420.1481481481483,3412.296296296296,3417.185185185185,75251.29629629629,interpolated
1831,2025-03-08 12:00:00+00:00,3420.340740740741,3420.340740740741,3412.8814814814814,3417.525925925926,71544.48148148149,interpolated
1832,2025-03-08 14:00:00+00:00,3420.5333333333333,3420.5333333333333,3413.4666666666667,3417.866666666667,67837.66666666667,interpolated
1833,2025-03-08 16:00:00+00:00,3420.725925925926,3420.725925925926,3414.0518518518516,3418.2074074074076,64130.851851851854,interpolated
1834,2025-03-08 18:00:00+00:00,3420.918518518519,3420.918518518519,3414.637037037037,3418.5481481481484,60424.03703703704,interpolated
1835,2025-03-08 20:00:00+00:00,3421.1111111111113,3421.1111111111113,3415.222222222222,3418.888888888889,56717.222222222226,interpolated
1836,2025-03-08 22:00:00+00:00,3421.303703703704,3421.303703703704,3415.8074074074075,3419.22962962963,53010.40740740741,interpolated
1837,2025-03-09 00:00:00+00:00,3421.4962962962964,3421.4962962962964,3416.3925925925923,3419.5703703703703,49303.5925925926,interpolated
1838,2025-03-09 02:00:00+00:00,3421.688888888889,3421.688888888889,3416.9777777777776,3419.911111111111,45596.77777777778,interpolated
1839,2025-03-09 04:00:00+00:00,3421.8814814814814,3421.8814814814814,3417.562962962963,3420.251851851852,41889.96296296296,interpolated
1840,2025-03-09 06:00:00+00:00,3422.0740740740744,3422.0740740740744,3418.1481481481483,3420.5925925925926,38183.14814814815,interpolated
1841,2025-03-09 08:00:00+00:00,3422.266666666667,3422.266666666667,3418.733333333333,3420.9333333333334,34476.33333333334,interpolated
1842,2025-03-09 10:00:00+00:00,3422.4592592592594,3422.4592592592594,3419.3185185185184,3421.274074074074,30769.518518518526,interpolated
1843,2025-03-09 12:00:00+00:00,3422.651851851852,3422.651851851852,3419.9037037037037,3421.614814814815,27062.703703703708,interpolated
1844,2025-03-09 14:00:00+00:00,3422.8444444444444,3422.8444444444444,3420.488888888889,3421.9555555555557,23355.88888888889,interpolated
1845,2025-03-09 16:00:00+00:00,3423.037037037037,3423.037037037037,3421.074074074074,3422.2962962962965,19649.074074074073,interpolated
1846,2025-03-09 18:00:00+00:00,3423.2296296296295,3423.2296296296295,3421.659259259259,3422.637037037037,15942.25925925927,interpolated
1847,2025-03-09 20:00:00+00:00,3423.4222222222224,3423.4222222222224,3422.2444444444445,3422.9777777777776,12235.444444444453,interpolated
1848,2025-03-09 22:00:00+00:00,3423.614814814815,3423.614814814815,3422.82962962963,3423.3185185185184,8528.629629629635,interpolated
1849,2025-03-10 00:00:00+00:00,3423.8074074074075,3423.8074074074075,3423.4148148148147,3423.659259259259,4821.8148148148175,interpolated
1850,2025-03-10 02:00:00+00:00,3424.0,3424.0,3424.0,3424.0,1115.0,present
1851,2025-03-10 04:00:00+00:00,3424.8,3454.2,3424.0,3448.0,244400.0,present
1852,2025-03-10 06:00:00+00:00,3447.8,3451.0,3404.8,3424.8,557115.0,present
1853,2025-03-10 08:00:00+00:00,3424.8,3429.8,3393.8,3420.0,489090.0,present
1854,2025-03-10 10:00:00+00:00,3420.0,3455.0,3410.8,3444.8,584282.0,present
1855,2025-03-10 12:00:00+00:00,3444.8,3454.6,3431.2,3438.8,253109.0,present
1856,2025-03-10 14:00:00+00:00,3438.6,3443.6,3421.2,3421.2,226973.0,present
1857,2025-03-10 16:00:00+00:00,3425.6,3436.0,3408.8,3421.4,204232.0,present
1858,2025-03-10 18:00:00+00:00,3421.4,3435.8,3414.8,3416.2,119530.0,present
1859,2025-03-10 20:00:00+00:00,3416.4,3422.6,3416.2,3422.6,38342.0,present
1860,2025-03-10 22:00:00+00:00,3420.5333333333333,3424.6666666666665,3420.4,3424.6666666666665,26117.333333333336,interpolated
1861,2025-03-11 00:00:00+00:00,3424.666666666667,3426.7333333333336,3424.6,3426.7333333333336,13892.666666666668,interpolated
1862,2025-03-11 02:00:00+00:00,3428.8,3428.8,3428.8,3428.8,1668.0,present
1863,2025-03-11 04:00:00+00:00,3428.8,3437.8,3416.8,3416.8,90746.0,present
1864,2025-03-11 06:00:00+00:00,3418.2,3439.8,3405.0,3436.8,375936.0,present
1865,2025-03-11 08:00:00+00:00,3436.0,3444.4,3422.8,3433.0,330533.0,present
1866,2025-03-11 10:00:00+00:00,3433.8,3439.0,3417.4,3422.0,276331.0,present
1867,2025-03-11 12:00:00+00:00,3422.4,3440.6,3417.8,3431.2,340162.0,present
1868,2025-03-11 12:00:00+00:00,3422.4,3440.6,3417.8,3431.2,340162.0,present
1869,2025-03-11 14:00:00+00:00,3432.2,3449.8,3430.2,3438.0,271579.0,present
1870,2025-03-11 16:00:00+00:00,3438.2,3451.0,3434.2,3435.0,315393.0,present
1871,2025-03-11 18:00:00+00:00,3435.0,3451.0,3386.0,3416.0,1103293.0,present
1872,2025-03-11 20:00:00+00:00,3416.8,3431.2,3413.0,3419.8,162318.0,present
1873,2025-03-11 22:00:00+00:00,3420.5333333333333,3430.133333333333,3418.0,3422.5333333333333,108763.33333333334,interpolated
1874,2025-03-12 00:00:00+00:00,3424.266666666667,3429.0666666666666,3423.0,3425.266666666667,55208.66666666667,interpolated
1875,2025-03-12 02:00:00+00:00,3428.0,3428.0,3428.0,3428.0,1654.0,present
1876,2025-03-12 04:00:00+00:00,3428.2,3438.0,3405.6,3407.2,138487.0,present
1877,2025-03-12 06:00:00+00:00,3408.2,3424.0,3390.0,3396.0,447238.0,present
1878,2025-03-12 08:00:00+00:00,3396.0,3407.6,3391.4,3403.8,396909.0,present
1879,2025-03-12 10:00:00+00:00,3403.8,3415.0,3396.4,3412.8,269167.0,present
1880,2025-03-12 12:00:00+00:00,3412.4,3429.0,3408.0,3418.0,472756.0,present
1881,2025-03-12 14:00:00+00:00,3418.4,3434.6,3410.0,3434.6,293335.0,present
1882,2025-03-12 16:00:00+00:00,3436.0,3438.8,3410.6,3424.2,310114.0,present
1883,2025-03-12 18:00:00+00:00,3424.0,3426.8,3414.2,3414.4,70515.0,present
1884,2025-03-12 20:00:00+00:00,3414.2,3419.2,3413.8,3417.2,38981.0,present
1885,2025-03-12 22:00:00+00:00,3416.8666666666663,3420.2,3416.6,3418.8666666666663,26179.0,interpolated
1886,2025-03-13 00:00:00+00:00,3419.5333333333333,3421.2,3419.4,3420.5333333333333,13377.0,interpolated
1887,2025-03-13 02:00:00+00:00,3422.2,3422.2,3422.2,3422.2,575.0,present
1888,2025-03-13 04:00:00+00:00,3422.4,3424.6,3398.0,3403.0,169171.0,present
1889,2025-03-13 06:00:00+00:00,3403.2,3403.6,3371.0,3377.4,583851.0,present
1890,2025-03-13 08:00:00+00:00,3377.0,3383.4,3346.0,3380.6,818751.0,present
1891,2025-03-13 10:00:00+00:00,3381.0,3392.8,3336.0,3336.0,637444.0,present
1892,2025-03-13 12:00:00+00:00,3336.0,3354.2,3319.6,3343.2,940231.0,present
1893,2025-03-13 14:00:00+00:00,3343.0,3357.4,3336.6,3349.0,237845.0,present
1894,2025-03-13 16:00:00+00:00,3395.0,3433.8,3386.8,3414.2,1842572.0,present
1895,2025-03-13 18:00:00+00:00,3416.6,3418.0,3400.8,3403.8,180612.0,present
1896,2025-03-13 20:00:00+00:00,3403.2,3404.0,3350.0,3374.2,275338.0,present
1897,2025-03-13 22:00:00+00:00,3393.733333333333,3394.266666666667,3358.266666666667,3374.4,184836.33333333334,interpolated
1898,2025-03-14 00:00:00+00:00,3384.266666666667,3384.5333333333333,3366.5333333333333,3374.6,94334.66666666669,interpolated
1899,2025-03-14 02:00:00+00:00,3374.8,3374.8,3374.8,3374.8,3833.0,present
1900,2025-03-14 04:00:00+00:00,3375.0,3383.6,3345.6,3377.2,262512.0,present
1901,2025-03-14 06:00:00+00:00,3377.4,3397.4,3375.0,3386.0,378075.0,present
1902,2025-03-14 08:00:00+00:00,3386.0,3393.0,3366.6,3373.8,399980.0,present
1903,2025-03-14 10:00:00+00:00,3375.2,3396.2,3372.0,3388.8,263963.0,present
1904,2025-03-14 12:00:00+00:00,3389.4,3448.6,3387.0,3443.4,934812.0,present
1905,2025-03-14 14:00:00+00:00,3443.6,3445.0,3421.0,3442.0,378227.0,present
1906,2025-03-14 16:00:00+00:00,3442.0,3448.0,3434.2,3437.6,344474.0,present
1907,2025-03-14 18:00:00+00:00,3438.4,3440.8,3429.0,3432.0,102782.0,present
1908,2025-03-14 20:00:00+00:00,3431.8,3442.8,3431.4,3440.4,76456.0,present
1909,2025-03-14 22:00:00+00:00,3433.08,3443.2400000000002,3432.7200000000003,3440.96,66320.8,interpolated
1910,2025-03-15 00:00:00+00:00,3434.36,3443.6800000000003,3434.04,3441.52,56185.6,interpolated
1911,2025-03-15 02:00:00+00:00,3435.64,3444.12,3435.36,3442.08,46050.4,interpolated
1912,2025-03-15 04:00:00+00:00,3436.92,3444.56,3436.68,3442.64,35915.2,interpolated
1913,2025-03-15 06:00:00+00:00,3438.2,3445.0,3438.0,3443.2,25780.0,present
1914,2025-03-15 08:00:00+00:00,3443.2,3445.0,3442.2,3444.8,20492.0,present
1915,2025-03-15 10:00:00+00:00,3444.6,3448.0,3443.2,3446.6,25283.0,present
1916,2025-03-15 12:00:00+00:00,3447.0,3447.4,3442.4,3444.2,23043.0,present
1917,2025-03-15 14:00:00+00:00,3444.2,3446.8,3444.0,3445.2,19980.0,present
1918,2025-03-15 16:00:00+00:00,3444.5,3447.1000000000004,3444.3,3445.575,18932.125,interpolated
1919,2025-03-15 18:00:00+00:00,3444.7999999999997,3447.4,3444.6,3445.95,17884.25,interpolated
1920,2025-03-15 20:00:00+00:00,3445.1,3447.7,3444.9,3446.325,16836.375,interpolated
1921,2025-03-15 22:00:00+00:00,3445.3999999999996,3448.0,3445.2,3446.7,15788.5,interpolated
1922,2025-03-16 00:00:00+00:00,3445.7,3448.3,3445.5,3447.075,14740.625,interpolated
1923,2025-03-16 02:00:00+00:00,3446.0,3448.6,3445.8,3447.45,13692.75,interpolated
1924,2025-03-16 04:00:00+00:00,3446.2999999999997,3448.8999999999996,3446.1,3447.825,12644.875,interpolated
1925,2025-03-16 06:00:00+00:00,3446.6,3449.2,3446.4,3448.2,11597.0,present
1926,2025-03-16 08:00:00+00:00,3447.4,3449.0,3447.2,3447.4,11825.0,present
1927,2025-03-16 10:00:00+00:00,3447.4,3447.8,3447.0,3447.4,10765.0,present
1928,2025-03-16 12:00:00+00:00,3447.4,3490.0,3447.4,3485.2,198948.0,present
1929,2025-03-16 14:00:00+00:00,3485.4,3496.0,3482.8,3492.0,253286.0,present
1930,2025-03-16 16:00:00+00:00,3487.166666666667,3496.0,3485.0,3492.6666666666665,211571.1666666667,interpolated
1931,2025-03-16 18:00:00+00:00,3488.9333333333334,3496.0,3487.2000000000003,3493.3333333333335,169856.33333333334,interpolated
1932,2025-03-16 20:00:00+00:00,3490.7,3496.0,3489.4,3494.0,128141.5,interpolated
1933,2025-03-16 22:00:00+00:00,3492.4666666666667,3496.0,3491.6,3494.6666666666665,86426.66666666669,interpolated
1934,2025-03-17 00:00:00+00:00,3494.2333333333336,3496.0,3493.8,3495.3333333333335,44711.83333333334,interpolated
1935,2025-03-17 02:00:00+00:00,3496.0,3496.0,3496.0,3496.0,2997.0,present
1936,2025-03-17 04:00:00+00:00,3495.0,3540.0,3488.2,3528.2,488972.0,present
1937,2025-03-17 06:00:00+00:00,3528.0,3531.4,3516.2,3528.0,423062.0,present
1938,2025-03-17 08:00:00+00:00,3527.6,3537.0,3523.0,3529.4,375907.0,present
1939,2025-03-17 10:00:00+00:00,3529.8,3538.8,3488.4,3523.0,761523.0,present
1940,2025-03-17 12:00:00+00:00,3523.2,3534.6,3522.2,3531.8,372257.0,present
1941,2025-03-17 14:00:00+00:00,3532.0,3533.2,3526.8,3531.6,148366.0,present
1942,2025-03-17 16:00:00+00:00,3530.0,3532.0,3520.2,3528.2,122208.0,present
1943,2025-03-17 18:00:00+00:00,3528.2,3531.6,3526.0,3530.6,59484.0,present
1944,2025-03-17 20:00:00+00:00,3530.6,3534.8,3530.0,3533.8,59977.0,present
1945,2025-03-17 22:00:00+00:00,3533.0666666666666,3535.866666666667,3532.6666666666665,3535.2000000000003,40746.0,interpolated
1946,2025-03-18 00:00:00+00:00,3535.5333333333333,3536.9333333333334,3535.3333333333335,3536.6,21515.0,interpolated
1947,2025-03-18 02:00:00+00:00,3538.0,3538.0,3538.0,3538.0,2284.0,present
1948,2025-03-18 04:00:00+00:00,3538.0,3574.6,3535.8,3569.0,374268.0,present
1949,2025-03-18 06:00:00+00:00,3569.0,3574.8,3556.2,3563.8,399950.0,present
1950,2025-03-18 08:00:00+00:00,3563.8,3566.8,3557.8,3561.0,309920.0,present
1951,2025-03-18 10:00:00+00:00,3561.6,3565.8,3560.0,3563.8,162639.0,present
1952,2025-03-18 12:00:00+00:00,3564.0,3618.0,3552.4,3601.2,1121177.0,present
1953,2025-03-18 12:00:00+00:00,3564.0,3618.0,3552.4,3601.2,1121177.0,present
1954,2025-03-18 14:00:00+00:00,3601.6,3649.2,3581.2,3615.0,1451680.0,present
1955,2025-03-18 16:00:00+00:00,3610.0,3646.0,3576.0,3580.8,2427575.0,present
1956,2025-03-18 18:00:00+00:00,3580.6,3601.0,3564.8,3564.8,624468.0,present
1957,2025-03-18 20:00:00+00:00,3564.8,3566.8,3540.2,3564.8,354259.0,present
1958,2025-03-18 22:00:00+00:00,3571.0,3572.3333333333335,3554.6,3571.0,237753.33333333334,interpolated
1959,2025-03-19 00:00:00+00:00,3577.2000000000003,3577.866666666667,3569.0,3577.2000000000003,121247.66666666669,interpolated
1960,2025-03-19 02:00:00+00:00,3583.4,3583.4,3583.4,3583.4,4742.0,present
1961,2025-03-19 04:00:00+00:00,3570.0,3595.0,3568.0,3586.0,222841.0,present
1962,2025-03-19 06:00:00+00:00,3586.2,3586.6,3555.0,3575.0,603695.0,present
1963,2025-03-19 08:00:00+00:00,3575.2,3597.8,3568.4,3579.6,568264.0,present
1964,2025-03-19 10:00:00+00:00,3579.8,3596.8,3578.2,3595.0,359493.0,present
1965,2025-03-19 12:00:00+00:00,3594.8,3614.8,3592.2,3613.2,532135.0,present
1966,2025-03-19 14:00:00+00:00,3613.8,3627.0,3597.2,3625.0,440707.0,present
1967,2025-03-19 16:00:00+00:00,3628.2,3632.0,3616.0,3622.2,328106.0,present
1968,2025-03-19 18:00:00+00:00,3622.0,3631.8,3621.8,3631.6,143625.0,present
1969,2025-03-19 20:00:00+00:00,3631.6,3641.8,3629.0,3640.0,103144.0,present
1970,2025-03-19 22:00:00+00:00,3636.133333333333,3642.9333333333334,3634.4,3641.733333333333,70088.0,interpolated
1971,2025-03-20 00:00:00+00:00,3640.6666666666665,3644.0666666666666,3639.7999999999997,3643.4666666666667,37032.0,interpolated
1972,2025-03-20 02:00:00+00:00,3645.2,3645.2,3645.2,3645.2,3976.0,present
1973,2025-03-20 04:00:00+00:00,3645.2,3685.0,3645.2,3667.4,527502.0,present
1974,2025-03-20 06:00:00+00:00,3666.8,3679.8,3622.0,3632.4,1145094.0,present
1975,2025-03-20 08:00:00+00:00,3632.2,3648.0,3624.2,3632.4,456630.0,present
1976,2025-03-20 10:00:00+00:00,3632.2,3639.6,3622.6,3630.2,230292.0,present
1977,2025-03-20 12:00:00+00:00,3630.0,3638.4,3596.0,3636.8,896420.0,present
1978,2025-03-20 14:00:00+00:00,3636.8,3649.6,3632.8,3645.2,496977.0,present
1979,2025-03-20 16:00:00+00:00,3645.0,3645.0,3630.8,3632.0,97737.0,present
1980,2025-03-20 18:00:00+00:00,3632.2,3635.0,3623.0,3631.4,87234.0,present
1981,2025-03-20 20:00:00+00:00,3631.6,3634.4,3630.0,3632.4,21730.0,present
1982,2025-03-20 22:00:00+00:00,3634.4,3636.266666666667,3633.3333333333335,3634.9333333333334,14862.666666666666,interpolated
1983,2025-03-21 00:00:00+00:00,3637.2,3638.133333333333,3636.6666666666665,3637.4666666666667,7995.333333333332,interpolated
1984,2025-03-21 02:00:00+00:00,3640.0,3640.0,3640.0,3640.0,1128.0,present
1985,2025-03-21 04:00:00+00:00,3640.0,3657.0,3632.4,3646.6,204233.0,present
1986,2025-03-21 06:00:00+00:00,3645.6,3652.0,3640.4,3649.6,243169.0,present
1987,2025-03-21 08:00:00+00:00,3649.4,3654.0,3647.0,3649.6,276611.0,present
1988,2025-03-21 10:00:00+00:00,3649.6,3651.0,3607.6,3613.6,861302.0,present
1989,2025-03-21 12:00:00+00:00,3613.6,3626.0,3601.4,3610.2,528269.0,present
1990,2025-03-21 14:00:00+00:00,3611.0,3619.6,3606.6,3612.2,253692.0,present
1991,2025-03-21 16:00:00+00:00,3608.2,3619.6,3607.0,3611.2,137473.0,present
1992,2025-03-21 18:00:00+00:00,3611.2,3614.0,3602.0,3604.8,120022.0,present
1993,2025-03-21 20:00:00+00:00,3605.0,3609.8,3603.8,3605.0,54713.0,present
1994,2025-03-21 22:00:00+00:00,3605.5555555555557,3610.177777777778,3604.4,3605.5555555555557,52797.96296296296,interpolated
1995,2025-03-22 00:00:00+00:00,3606.1111111111113,3610.5555555555557,3605.0,3606.1111111111113,50882.92592592593,interpolated
1996,2025-03-22 02:00:00+00:00,3606.6666666666665,3610.9333333333334,3605.6000000000004,3606.6666666666665,48967.88888888889,interpolated
1997,2025-03-22 04:00:00+00:00,3607.222222222222,3611.311111111111,3606.2000000000003,3607.222222222222,47052.851851851854,interpolated
1998,2025-03-22 06:00:00+00:00,3607.777777777778,3611.688888888889,3606.8,3607.777777777778,45137.81481481482,interpolated
1999,2025-03-22 08:00:00+00:00,3608.3333333333335,3612.0666666666666,3607.4,3608.3333333333335,43222.77777777778,interpolated
2000,2025-03-22 10:00:00+00:00,3608.8888888888887,3612.444444444445,3608.0,3608.8888888888887,41307.74074074074,interpolated
2001,2025-03-22 12:00:00+00:00,3609.4444444444443,3612.8222222222225,3608.6,3609.4444444444443,39392.7037037037,interpolated
2002,2025-03-22 14:00:00+00:00,3610.0,3613.2000000000003,3609.2000000000003,3610.0,37477.666666666664,interpolated
2003,2025-03-22 16:00:00+00:00,3610.5555555555557,3613.577777777778,3609.8,3610.5555555555557,35562.62962962963,interpolated
2004,2025-03-22 18:00:00+00:00,3611.1111111111113,3613.9555555555557,3610.4,3611.1111111111113,33647.59259259259,interpolated
2005,2025-03-22 20:00:00+00:00,3611.6666666666665,3614.3333333333335,3611.0,3611.6666666666665,31732.555555555555,interpolated
2006,2025-03-22 22:00:00+00:00,3612.222222222222,3614.711111111111,3611.6,3612.222222222222,29817.51851851852,interpolated
2007,2025-03-23 00:00:00+00:00,3612.777777777778,3615.088888888889,3612.2000000000003,3612.777777777778,27902.481481481478,interpolated
2008,2025-03-23 02:00:00+00:00,3613.3333333333335,3615.4666666666667,3612.8,3613.3333333333335,25987.44444444444,interpolated
2009,2025-03-23 04:00:00+00:00,3613.8888888888887,3615.8444444444444,3613.4,3613.8888888888887,24072.407407407405,interpolated
2010,2025-03-23 06:00:00+00:00,3614.4444444444443,3616.222222222222,3614.0,3614.4444444444443,22157.37037037037,interpolated
2011,2025-03-23 08:00:00+00:00,3615.0,3616.6,3614.6,3615.0,20242.33333333333,interpolated
2012,2025-03-23 10:00:00+00:00,3615.5555555555557,3616.9777777777776,3615.2000000000003,3615.5555555555557,18327.296296296292,interpolated
2013,2025-03-23 12:00:00+00:00,3616.1111111111113,3617.3555555555554,3615.8,3616.1111111111113,16412.259259259255,interpolated
2014,2025-03-23 14:00:00+00:00,3616.6666666666665,3617.7333333333336,3616.4,3616.6666666666665,14497.222222222219,interpolated
2015,2025-03-23 16:00:00+00:00,3617.222222222222,3618.1111111111113,3617.0,3617.222222222222,12582.185185185182,interpolated
2016,2025-03-23 18:00:00+00:00,3617.777777777778,3618.488888888889,3617.6,3617.777777777778,10667.148148148146,interpolated
2017,2025-03-23 20:00:00+00:00,3618.3333333333335,3618.866666666667,3618.2,3618.3333333333335,8752.11111111111,interpolated
2018,2025-03-23 22:00:00+00:00,3618.8888888888887,3619.2444444444445,3618.8,3618.8888888888887,6837.074074074073,interpolated
2019,2025-03-24 00:00:00+00:00,3619.4444444444443,3619.6222222222223,3619.4,3619.4444444444443,4922.0370370370365,interpolated
2020,2025-03-24 02:00:00+00:00,3620.0,3620.0,3620.0,3620.0,3007.0,present
2021,2025-03-24 04:00:00+00:00,3620.0,3624.0,3600.2,3603.4,157320.0,present
2022,2025-03-24 06:00:00+00:00,3603.4,3612.0,3586.8,3594.2,323246.0,present
2023,2025-03-24 08:00:00+00:00,3593.4,3620.0,3591.4,3615.4,415568.0,present
2024,2025-03-24 10:00:00+00:00,3615.4,3617.8,3598.4,3607.8,394609.0,present
2025,2025-03-24 12:00:00+00:00,3607.6,3618.6,3604.0,3607.2,294262.0,present
2026,2025-03-24 14:00:00+00:00,3607.6,3615.4,3604.8,3608.0,263136.0,present
2027,2025-03-24 16:00:00+00:00,3609.0,3615.0,3601.8,3612.2,139697.0,present
2028,2025-03-24 18:00:00+00:00,3612.0,3612.2,3571.8,3587.6,535181.0,present
2029,2025-03-24 20:00:00+00:00,3587.6,3598.6,3585.2,3597.6,48783.0,present
2030,2025-03-24 22:00:00+00:00,3592.0666666666666,3599.4,3590.4666666666667,3598.733333333333,34231.0,interpolated
2031,2025-03-25 00:00:00+00:00,3596.5333333333333,3600.2,3595.733333333333,3599.866666666667,19679.0,interpolated
2032,2025-03-25 02:00:00+00:00,3601.0,3601.0,3601.0,3601.0,5127.0,present
2033,2025-03-25 04:00:00+00:00,3601.0,3615.0,3597.6,3614.4,109079.0,present
2034,2025-03-25 06:00:00+00:00,3614.2,3617.8,3608.2,3611.0,186222.0,present
2035,2025-03-25 08:00:00+00:00,3611.0,3624.8,3581.4,3585.8,576015.0,present
2036,2025-03-25 10:00:00+00:00,3585.4,3597.6,3575.4,3591.4,375419.0,present
2037,2025-03-25 12:00:00+00:00,3591.4,3593.6,3575.2,3579.0,313543.0,present
2038,2025-03-25 12:00:00+00:00,3591.4,3593.6,3575.2,3579.0,313543.0,present
2039,2025-03-25 14:00:00+00:00,3579.0,3597.0,3547.6,3593.6,933264.0,present
2040,2025-03-25 16:00:00+00:00,3594.0,3617.6,3591.8,3616.6,396212.0,present
2041,2025-03-25 18:00:00+00:00,3616.8,3625.0,3612.8,3616.0,299131.0,present
2042,2025-03-25 20:00:00+00:00,3616.0,3620.0,3615.4,3619.8,57142.0,present
2043,2025-03-25 22:00:00+00:00,3618.733333333333,3621.4,3618.3333333333335,3621.266666666667,39372.33333333333,interpolated
2044,2025-03-26 00:00:00+00:00,3621.4666666666667,3622.7999999999997,3621.2666666666664,3622.733333333333,21602.666666666664,interpolated
2045,2025-03-26 02:00:00+00:00,3624.2,3624.2,3624.2,3624.2,3833.0,present
2046,2025-03-26 04:00:00+00:00,3624.2,3632.4,3618.0,3620.0,177046.0,present
2047,2025-03-26 06:00:00+00:00,3620.2,3621.8,3604.6,3608.2,302825.0,present
2048,2025-03-26 08:00:00+00:00,3608.0,3620.0,3604.6,3617.4,310253.0,present
2049,2025-03-26 10:00:00+00:00,3617.2,3618.8,3591.6,3596.8,274398.0,present
2050,2025-03-26 12:00:00+00:00,3596.8,3605.4,3572.8,3584.6,458791.0,present
2051,2025-03-26 14:00:00+00:00,3584.6,3589.6,3565.2,3565.2,216670.0,present
2052,2025-03-26 16:00:00+00:00,3564.0,3577.0,3557.0,3560.0,227250.0,present
2053,2025-03-26 18:00:00+00:00,3559.8,3564.8,3541.4,3558.0,180805.0,present
2054,2025-03-26 20:00:00+00:00,3558.0,3563.8,3555.4,3557.6,53786.0,present
2055,2025-03-26 22:00:00+00:00,3558.6666666666665,3562.5333333333333,3556.9333333333334,3558.4,36213.666666666664,interpolated
2056,2025-03-27 00:00:00+00:00,3559.3333333333335,3561.266666666667,3558.4666666666667,3559.2,18641.33333333333,interpolated
2057,2025-03-27 02:00:00+00:00,3560.0,3560.0,3560.0,3560.0,1069.0,present
2058,2025-03-27 04:00:00+00:00,3561.2,3563.0,3522.8,3534.8,227238.0,present
2059,2025-03-27 06:00:00+00:00,3534.8,3543.8,3502.2,3517.6,632864.0,present
2060,2025-03-27 08:00:00+00:00,3517.6,3521.0,3490.0,3501.4,572512.0,present
2061,2025-03-27 10:00:00+00:00,3502.0,3525.8,3496.6,3498.8,420382.0,present
2062,2025-03-27 12:00:00+00:00,3499.8,3505.2,3426.0,3450.2,1288366.0,present
2063,2025-03-27 14:00:00+00:00,3450.2,3464.4,3408.0,3432.0,704480.0,present
2064,2025-03-27 16:00:00+00:00,3431.8,3439.0,3417.2,3425.2,257525.0,present
2065,2025-03-27 18:00:00+00:00,3425.8,3426.8,3385.8,3401.0,414124.0,present
2066,2025-03-27 20:00:00+00:00,3400.8,3401.6,3385.0,3398.8,115882.0,present
2067,2025-03-27 22:00:00+00:00,3400.5333333333333,3401.0666666666666,3390.0,3399.2000000000003,78125.33333333334,interpolated
2068,2025-03-28 00:00:00+00:00,3400.266666666667,3400.5333333333333,3395.0,3399.6,40368.66666666667,interpolated
2069,2025-03-28 02:00:00+00:00,3400.0,3400.0,3400.0,3400.0,2612.0,present
2070,2025-03-28 04:00:00+00:00,3399.8,3414.6,3371.6,3376.0,436224.0,present
2071,2025-03-28 06:00:00+00:00,3375.8,3454.6,3374.4,3451.6,941027.0,present
2072,2025-03-28 08:00:00+00:00,3451.6,3460.0,3392.0,3406.8,1011375.0,present
2073,2025-03-28 10:00:00+00:00,3406.6,3424.0,3326.2,3328.8,1048068.0,present
2074,2025-03-28 12:00:00+00:00,3328.4,3343.8,3285.2,3334.2,1454336.0,present
2075,2025-03-28 14:00:00+00:00,3333.4,3364.0,3330.2,3356.0,612701.0,present
2076,2025-03-28 16:00:00+00:00,3355.0,3359.8,3303.4,3316.8,336124.0,present
2077,2025-03-28 18:00:00+00:00,3315.8,3327.2,3305.0,3315.0,221716.0,present
2078,2025-03-28 20:00:00+00:00,3314.8,3315.4,3302.0,3304.0,81500.0,present
2079,2025-03-28 22:00:00+00:00,3311.8,3312.28,3292.68,3295.12,97969.4,interpolated
2080,2025-03-29 00:00:00+00:00,3308.8,3309.1600000000003,3283.36,3286.24,114438.8,interpolated
2081,2025-03-29 02:00:00+00:00,3305.8,3306.04,3274.04,3277.36,130908.2,interpolated
2082,2025-03-29 04:00:00+00:00,3302.8,3302.92,3264.7200000000003,3268.48,147377.6,interpolated
2083,2025-03-29 06:00:00+00:00,3299.8,3299.8,3255.4,3259.6,163847.0,present
2084,2025-03-29 08:00:00+00:00,3259.6,3267.8,3255.4,3255.4,115570.0,present
2085,2025-03-29 10:00:00+00:00,3255.4,3258.0,3255.4,3255.4,35458.0,present
2086,2025-03-29 12:00:00+00:00,3255.4,3255.4,3255.4,3255.4,9350.0,present
2087,2025-03-29 14:00:00+00:00,3255.4,3255.4,3255.4,3255.4,5379.0,present
2088,2025-03-29 16:00:00+00:00,3255.4,3255.4,3255.4,3255.4,5131.625,interpolated
2089,2025-03-29 18:00:00+00:00,3255.4,3255.4,3255.4,3255.4,4884.25,interpolated
2090,2025-03-29 20:00:00+00:00,3255.4,3255.4,3255.4,3255.4,4636.875,interpolated
2091,2025-03-29 22:00:00+00:00,3255.4,3255.4,3255.4,3255.4,4389.5,interpolated
2092,2025-03-30 00:00:00+00:00,3255.4,3255.4,3255.4,3255.4,4142.125,interpolated
2093,2025-03-30 02:00:00+00:00,3255.4,3255.4,3255.4,3255.4,3894.75,interpolated
2094,2025-03-30 04:00:00+00:00,3255.4,3255.4,3255.4,3255.4,3647.375,interpolated
2095,2025-03-30 06:00:00+00:00,3255.4,3255.4,3255.4,3255.4,3400.0,present
2096,2025-03-30 08:00:00+00:00,3255.4,3255.4,3255.4,3255.4,2779.0,present
2097,2025-03-30 10:00:00+00:00,3255.4,3255.4,3255.4,3255.4,2565.0,present
2098,2025-03-30 12:00:00+00:00,3255.4,3255.4,3255.4,3255.4,3043.0,present
2099,2025-03-30 14:00:00+00:00,3255.4,3255.4,3255.4,3255.4,3980.0,present
2100,2025-03-30 16:00:00+00:00,3248.166666666667,3248.166666666667,3248.166666666667,3248.166666666667,5779.833333333334,interpolated
2101,2025-03-30 18:00:00+00:00,3240.9333333333334,3240.9333333333334,3240.9333333333334,3240.9333333333334,7579.666666666667,interpolated
2102,2025-03-30 20:00:00+00:00,3233.7,3233.7,3233.7,3233.7,9379.5,interpolated
2103,2025-03-30 22:00:00+00:00,3226.4666666666667,3226.4666666666667,3226.4666666666667,3226.4666666666667,11179.333333333334,interpolated
2104,2025-03-31 00:00:00+00:00,3219.2333333333336,3219.2333333333336,3219.2333333333336,3219.2333333333336,12979.166666666668,interpolated
2105,2025-03-31 02:00:00+00:00,3212.0,3212.0,3212.0,3212.0,14779.0,present
2106,2025-03-31 04:00:00+00:00,3212.0,3337.0,3200.0,3325.0,1015763.0,present
2107,2025-03-31 06:00:00+00:00,3325.6,3358.4,3283.0,3283.2,1200308.0,present
2108,2025-03-31 08:00:00+00:00,3283.0,3334.2,3282.8,3321.4,676517.0,present
2109,2025-03-31 10:00:00+00:00,3322.0,3348.0,3320.8,3343.4,482533.0,present
2110,2025-03-31 12:00:00+00:00,3343.2,3377.2,3332.2,3365.0,655656.0,present
2111,2025-03-31 14:00:00+00:00,3365.0,3375.8,3352.0,3374.8,418571.0,present
2112,2025-03-31 16:00:00+00:00,3374.2,3374.2,3355.0,3360.2,175741.0,present
2113,2025-03-31 18:00:00+00:00,3359.8,3367.8,3356.0,3361.8,88796.0,present
2114,2025-03-31 20:00:00+00:00,3361.0,3365.4,3359.2,3365.4,37398.0,present
2115,2025-03-31 22:00:00+00:00,3363.3333333333335,3366.266666666667,3362.133333333333,3366.266666666667,25350.0,interpolated
2116,2025-04-01 00:00:00+00:00,3365.6666666666665,3367.133333333333,3365.0666666666666,3367.133333333333,13302.0,interpolated
2117,2025-04-01 02:00:00+00:00,3368.0,3368.0,3368.0,3368.0,1254.0,present
2118,2025-04-01 04:00:00+00:00,3368.6,3404.4,3368.6,3392.2,384968.0,present
2119,2025-04-01 06:00:00+00:00,3392.4,3410.0,3389.4,3402.0,352237.0,present
2120,2025-04-01 08:00:00+00:00,3402.6,3424.0,3396.2,3416.6,391737.0,present
2121,2025-04-01 10:00:00+00:00,3416.4,3416.6,3345.6,3350.6,777044.0,present
2122,2025-04-01 12:00:00+00:00,3350.6,3367.0,3316.4,3332.4,698022.0,present
2123,2025-04-01 12:00:00+00:00,3350.6,3367.0,3316.4,3332.4,698022.0,present
2124,2025-04-01 14:00:00+00:00,3332.4,3394.6,3328.0,3344.8,728791.0,present
2125,2025-04-01 16:00:00+00:00,3344.8,3362.6,3292.6,3301.8,489651.0,present
2126,2025-04-01 18:00:00+00:00,3301.4,3308.4,3237.2,3249.8,654136.0,present
2127,2025-04-01 20:00:00+00:00,3248.6,3262.0,3231.0,3252.2,157305.0,present
2128,2025-04-01 22:00:00+00:00,3251.733333333333,3260.6666666666665,3240.0,3254.133333333333,105509.33333333334,interpolated
2129,2025-04-02 00:00:00+00:00,3254.866666666667,3259.3333333333335,3249.0,3256.0666666666666,53713.66666666667,interpolated
2130,2025-04-02 02:00:00+00:00,3258.0,3258.0,3258.0,3258.0,1918.0,present
2131,2025-04-02 04:00:00+00:00,3257.8,3298.8,3255.0,3279.8,465757.0,present
2132,2025-04-02 06:00:00+00:00,3279.4,3303.6,3265.0,3288.0,537055.0,present
2133,2025-04-02 08:00:00+00:00,3288.2,3301.8,3256.0,3292.8,447717.0,present
2134,2025-04-02 10:00:00+00:00,3292.8,3315.6,3275.0,3303.8,379023.0,present
2135,2025-04-02 12:00:00+00:00,3303.8,3313.6,3264.8,3271.6,364655.0,present
2136,2025-04-02 14:00:00+00:00,3270.8,3298.2,3265.4,3266.8,265619.0,present
2137,2025-04-02 16:00:00+00:00,3254.2,3265.0,3225.0,3264.6,624653.0,present
2138,2025-04-02 18:00:00+00:00,3264.6,3307.0,3264.4,3300.8,362615.0,present
2139,2025-04-02 20:00:00+00:00,3301.6,3304.0,3282.0,3302.2,114237.0,present
2140,2025-04-02 22:00:00+00:00,3306.0666666666666,3307.6666666666665,3293.0,3306.4666666666667,78232.0,interpolated
2141,2025-04-03 00:00:00+00:00,3310.5333333333333,3311.3333333333335,3304.0,3310.733333333333,42227.0,interpolated
2142,2025-04-03 02:00:00+00:00,3315.0,3315.0,3315.0,3315.0,6222.0,present
2143,2025-04-03 04:00:00+00:00,3314.8,3343.6,3310.0,3320.4,452098.0,present
2144,2025-04-03 06:00:00+00:00,3320.4,3320.8,3277.0,3278.2,578718.0,present
2145,2025-04-03 08:00:00+00:00,3278.2,3317.8,3278.2,3311.8,448315.0,present
2146,2025-04-03 10:00:00+00:00,3312.0,3312.0,3253.2,3267.2,496487.0,present
2147,2025-04-03 12:00:00+00:00,3266.6,3273.6,3226.0,3238.4,666479.0,present
2148,2025-04-03 14:00:00+00:00,3238.0,3242.2,3202.0,3213.0,823955.0,present
2149,2025-04-03 16:00:00+00:00,3214.6,3234.8,3188.2,3223.0,632714.0,present
2150,2025-04-03 18:00:00+00:00,3222.4,3234.6,3206.6,3231.6,179323.0,present
2151,2025-04-03 20:00:00+00:00,3231.0,3277.0,3223.2,3272.4,180973.0,present
2152,2025-04-03 22:00:00+00:00,3255.6666666666665,3286.3333333333335,3250.4666666666667,3283.266666666667,128051.66666666666,interpolated
2153,2025-04-04 00:00:00+00:00,3280.3333333333335,3295.6666666666665,3277.733333333333,3294.133333333333,75130.33333333333,interpolated
2154,2025-04-04 02:00:00+00:00,3305.0,3305.0,3305.0,3305.0,22209.0,present
2155,2025-04-04 04:00:00+00:00,3306.0,3313.0,3257.0,3266.0,613847.0,present
2156,2025-04-04 06:00:00+00:00,3267.6,3278.2,3241.0,3273.8,517469.0,present
2157,2025-04-04 08:00:00+00:00,3273.2,3274.4,3203.0,3212.4,690886.0,present
2158,2025-04-04 10:00:00+00:00,3212.2,3225.8,3126.4,3140.4,1711865.0,present
2159,2025-04-04 12:00:00+00:00,3140.2,3144.4,3107.0,3117.2,958012.0,present
2160,2025-04-04 14:00:00+00:00,3117.4,3125.8,3080.0,3085.2,1047710.0,present
2161,2025-04-04 16:00:00+00:00,3088.4,3102.8,3045.0,3065.0,1017317.0,present
2162,2025-04-04 18:00:00+00:00,3064.8,3088.8,3051.6,3056.2,370898.0,present
2163,2025-04-04 20:00:00+00:00,3056.4,3057.8,3024.0,3040.0,335454.0,present
2164,2025-04-04 22:00:00+00:00,3052.12,3053.56,3017.72,3030.52,319010.4,interpolated
2165,2025-04-05 00:00:00+00:00,3047.84,3049.32,3011.44,3021.04,302566.8,interpolated
2166,2025-04-05 02:00:00+00:00,3043.56,3045.08,3005.16,3011.56,286123.2,interpolated
2167,2025-04-05 04:00:00+00:00,3039.28,3040.84,2998.88,3002.08,269679.6,interpolated
2168,2025-04-05 06:00:00+00:00,3035.0,3036.6,2992.6,2992.6,253236.0,present
2169,2025-04-05 08:00:00+00:00,2992.6,3012.4,2992.6,3006.8,100967.0,present
2170,2025-04-05 10:00:00+00:00,3006.0,3066.2,3006.0,3064.0,222651.0,present
2171,2025-04-05 12:00:00+00:00,3064.0,3064.4,3023.0,3032.6,207509.0,present
2172,2025-04-05 14:00:00+00:00,3032.0,3049.6,3026.6,3047.0,67972.0,present
2173,2025-04-05 16:00:00+00:00,3034.325,3051.625,3028.4,3048.925,67472.375,interpolated
2174,2025-04-05 18:00:00+00:00,3036.65,3053.65,3030.2,3050.85,66972.75,interpolated
2175,2025-04-05 20:00:00+00:00,3038.975,3055.675,3032.0,3052.775,66473.125,interpolated
2176,2025-04-05 22:00:00+00:00,3041.3,3057.7,3033.7999999999997,3054.7,65973.5,interpolated
2177,2025-04-06 00:00:00+00:00,3043.625,3059.725,3035.6,3056.625,65473.875,interpolated
2178,2025-04-06 02:00:00+00:00,3045.95,3061.75,3037.4,3058.55,64974.25,interpolated
2179,2025-04-06 04:00:00+00:00,3048.275,3063.775,3039.2,3060.475,64474.625,interpolated
2180,2025-04-06 06:00:00+00:00,3050.6,3065.8,3041.0,3062.4,63975.0,present
2181,2025-04-06 08:00:00+00:00,3062.2,3084.8,3060.2,3075.6,188057.0,present
2182,2025-04-06 10:00:00+00:00,3076.6,3088.8,3060.6,3087.4,151761.0,present
2183,2025-04-06 12:00:00+00:00,3087.2,3109.8,3080.2,3106.0,251141.0,present
2184,2025-04-06 14:00:00+00:00,3105.4,3114.6,3093.2,3113.4,203035.0,present
2185,2025-04-06 16:00:00+00:00,3092.3333333333335,3100.0,3082.1666666666665,3099.0,170848.0,interpolated
2186,2025-04-06 18:00:00+00:00,3079.266666666667,3085.4,3071.133333333333,3084.6,138661.0,interpolated
2187,2025-04-06 20:00:00+00:00,3066.2,3070.8,3060.1,3070.2,106473.99999999999,interpolated
2188,2025-04-06 22:00:00+00:00,3053.133333333333,3056.2,3049.0666666666666,3055.8,74286.99999999999,interpolated
2189,2025-04-07 00:00:00+00:00,3040.0666666666666,3041.6,3038.0333333333333,3041.4,42099.99999999997,interpolated
2190,2025-04-07 02:00:00+00:00,3027.0,3027.0,3027.0,3027.0,9913.0,present
2191,2025-04-07 04:00:00+00:00,3026.8,3039.4,2919.2,2961.6,1720522.0,present
2192,2025-04-07 06:00:00+00:00,2961.4,3003.0,2868.0,3000.2,1952435.0,present
2193,2025-04-07 08:00:00+00:00,3001.0,3019.8,2933.8,2939.4,998177.0,present
2194,2025-04-07 10:00:00+00:00,2939.2,2995.0,2911.4,2968.6,935727.0,present
2195,2025-04-07 12:00:00+00:00,2968.6,3050.0,2942.4,3042.8,780578.0,present
2196,2025-04-07 14:00:00+00:00,3042.8,3199.0,3020.0,3059.0,3294095.0,present
2197,2025-04-07 16:00:00+00:00,3051.8,3084.4,3010.0,3082.2,539710.0,present
2198,2025-04-07 18:00:00+00:00,3081.4,3091.2,3040.0,3071.8,417542.0,present
2199,2025-04-07 20:00:00+00:00,3071.4,3096.8,3059.8,3096.6,146852.0,present
2200,2025-04-07 22:00:00+00:00,3086.0,3102.9333333333334,3078.266666666667,3102.7999999999997,98927.66666666666,interpolated
2201,2025-04-08 00:00:00+00:00,3100.6,3109.0666666666666,3096.733333333333,3109.0,51003.33333333333,interpolated
2202,2025-04-08 02:00:00+00:00,3115.2,3115.2,3115.2,3115.2,3079.0,present
2203,2025-04-08 04:00:00+00:00,3115.6,3154.8,3111.2,3124.0,722798.0,present
2204,2025-04-08 06:00:00+00:00,3123.8,3144.4,3090.6,3110.0,741633.0,present
2205,2025-04-08 08:00:00+00:00,3110.0,3114.0,3073.0,3089.6,596212.0,present
2206,2025-04-08 10:00:00+00:00,3089.2,3134.8,3074.6,3129.6,491579.0,present
2207,2025-04-08 12:00:00+00:00,3130.8,3150.0,3117.4,3134.6,435671.0,present
2208,2025-04-08 12:00:00+00:00,3130.8,3150.0,3117.4,3134.6,435671.0,present
2209,2025-04-08 14:00:00+00:00,3134.6,3143.4,3078.4,3094.0,677322.0,present
2210,2025-04-08 16:00:00+00:00,3094.2,3107.0,3009.6,3051.0,1122066.0,present
2211,2025-04-08 18:00:00+00:00,3050.4,3051.0,2972.4,3008.2,687156.0,present
2212,2025-04-08 20:00:00+00:00,3008.2,3008.8,2988.8,2999.6,169207.0,present
2213,2025-04-08 22:00:00+00:00,2997.7999999999997,2998.2000000000003,2984.866666666667,2992.0666666666666,113826.0,interpolated
2214,2025-04-09 00:00:00+00:00,2987.4,2987.6,2980.9333333333334,2984.5333333333333,58445.0,interpolated
2215,2025-04-09 02:00:00+00:00,2977.0,2977.0,2977.0,2977.0,3064.0,present
2216,2025-04-09 04:00:00+00:00,2977.0,3009.4,2950.2,2993.0,539441.0,present
2217,2025-04-09 06:00:00+00:00,2993.0,3063.0,2990.2,3027.2,978811.0,present
2218,2025-04-09 08:00:00+00:00,3026.6,3047.2,2994.6,2998.0,478435.0,present
2219,2025-04-09 10:00:00+00:00,2998.0,2998.2,2875.0,2911.8,1697224.0,present
2220,2025-04-09 12:00:00+00:00,2911.8,2983.8,2902.2,2974.4,983940.0,present
2221,2025-04-09 14:00:00+00:00,2974.4,2989.8,2932.2,2957.0,691960.0,present
2222,2025-04-09 16:00:00+00:00,2965.0,3139.2,2957.6,3139.0,2211817.0,present
2223,2025-04-09 18:00:00+00:00,3139.0,3141.0,3073.2,3119.2,1253678.0,present
2224,2025-04-09 20:00:00+00:00,3118.6,3153.8,3117.2,3148.8,340252.0,present
2225,2025-04-09 22:00:00+00:00,3132.4,3155.866666666667,3131.4666666666667,3152.5333333333333,233743.0,interpolated
2226,2025-04-10 00:00:00+00:00,3146.2,3157.9333333333334,3145.733333333333,3156.266666666667,127234.0,interpolated
2227,2025-04-10 02:00:00+00:00,3160.0,3160.0,3160.0,3160.0,20725.0,present
2228,2025-04-10 04:00:00+00:00,3160.0,3162.0,3094.4,3114.0,679852.0,present
2229,2025-04-10 06:00:00+00:00,3113.0,3146.2,3081.6,3090.4,767654.0,present
2230,2025-04-10 08:00:00+00:00,3091.0,3124.6,3083.0,3109.0,452301.0,present
2231,2025-04-10 10:00:00+00:00,3109.6,3128.4,3103.0,3111.6,325374.0,present
2232,2025-04-10 12:00:00+00:00,3111.4,3146.4,3095.0,3098.4,752224.0,present
2233,2025-04-10 14:00:00+00:00,3098.0,3124.2,3084.0,3110.6,325035.0,present
2234,2025-04-10 16:00:00+00:00,3103.0,3110.0,3055.2,3110.0,746380.0,present
2235,2025-04-10 18:00:00+00:00,3110.0,3115.0,3090.4,3106.2,285842.0,present
2236,2025-04-10 20:00:00+00:00,3106.6,3109.0,3097.0,3101.2,54159.0,present
2237,2025-04-10 22:00:00+00:00,3110.0,3111.6,3103.6,3106.4,44153.0,interpolated
2238,2025-04-11 00:00:00+00:00,3113.4,3114.2000000000003,3110.2000000000003,3111.6,34147.0,interpolated
2239,2025-04-11 02:00:00+00:00,3116.8,3116.8,3116.8,3116.8,24141.0,present
2240,2025-04-11 04:00:00+00:00,3110.0,3119.0,3101.2,3115.8,161856.0,present
2241,2025-04-11 06:00:00+00:00,3115.6,3166.6,3115.4,3160.8,1176343.0,present
2242,2025-04-11 08:00:00+00:00,3160.8,3163.0,3135.2,3156.4,645482.0,present
2243,2025-04-11 10:00:00+00:00,3156.2,3162.0,3137.2,3144.0,374142.0,present
2244,2025-04-11 12:00:00+00:00,3144.4,3152.0,3124.4,3131.2,435240.0,present
2245,2025-04-11 14:00:00+00:00,3131.4,3158.4,3119.0,3158.4,295384.0,present
2246,2025-04-11 16:00:00+00:00,3157.8,3170.0,3144.0,3165.2,342168.0,present
2247,2025-04-11 18:00:00+00:00,3165.4,3169.6,3153.0,3168.0,246477.0,present
2248,2025-04-11 20:00:00+00:00,3167.4,3170.0,3163.4,3169.4,101453.0,present
2249,2025-04-11 22:00:00+00:00,3169.16,3173.68,3165.48,3170.92,108316.2,interpolated
2250,2025-04-12 00:00:00+00:00,3170.92,3177.36,3167.56,3172.44,115179.4,interpolated
2251,2025-04-12 02:00:00+00:00,3172.68,3181.04,3169.6400000000003,3173.96,122042.6,interpolated
2252,2025-04-12 04:00:00+00:00,3174.44,3184.7200000000003,3171.7200000000003,3175.48,128905.8,interpolated
2253,2025-04-12 06:00:00+00:00,3176.2,3188.4,3173.8,3177.0,135769.0,present
2254,2025-04-12 08:00:00+00:00,3177.0,3180.6,3173.0,3180.0,156416.0,present
2255,2025-04-12 10:00:00+00:00,3180.0,3181.0,3175.0,3177.4,60244.0,present
2256,2025-04-12 12:00:00+00:00,3177.2,3178.4,3173.0,3176.6,30788.0,present
2257,2025-04-12 14:00:00+00:00,3176.4,3182.0,3175.0,3180.0,80024.0,present
2258,2025-04-12 16:00:00+00:00,3176.8250000000003,3182.0,3172.275,3179.75,83698.125,interpolated
2259,2025-04-12 18:00:00+00:00,3177.25,3182.0,3169.55,3179.5,87372.25,interpolated
2260,2025-04-12 20:00:00+00:00,3177.675,3182.0,3166.825,3179.25,91046.375,interpolated
2261,2025-04-12 22:00:00+00:00,3178.1000000000004,3182.0,3164.1,3179.0,94720.5,interpolated
2262,2025-04-13 00:00:00+00:00,3178.525,3182.0,3161.375,3178.75,98394.625,interpolated
2263,2025-04-13 02:00:00+00:00,3178.9500000000003,3182.0,3158.6499999999996,3178.5,102068.75,interpolated
2264,2025-04-13 04:00:00+00:00,3179.375,3182.0,3155.9249999999997,3178.25,105742.875,interpolated
2265,2025-04-13 06:00:00+00:00,3179.8,3182.0,3153.2,3178.0,109417.0,present
2266,2025-04-13 08:00:00+00:00,3178.0,3184.0,3176.2,3182.2,86237.0,present
2267,2025-04-13 10:00:00+00:00,3182.4,3187.6,3180.2,3185.0,61368.0,present
2268,2025-04-13 12:00:00+00:00,3185.4,3192.0,3183.0,3189.0,87259.0,present
2269,2025-04-13 14:00:00+00:00,3189.8,3193.0,3187.2,3190.0,86185.0,present
2270,2025-04-13 16:00:00+00:00,3189.4,3192.0666666666666,3187.233333333333,3189.5666666666666,73817.33333333333,interpolated
2271,2025-04-13 18:00:00+00:00,3189.0,3191.133333333333,3187.2666666666664,3189.133333333333,61449.66666666667,interpolated
2272,2025-04-13 20:00:00+00:00,3188.6000000000004,3190.2,3187.3,3188.7000000000003,49082.0,interpolated
2273,2025-04-13 22:00:00+00:00,3188.2000000000003,3189.266666666667,3187.3333333333335,3188.266666666667,36714.333333333336,interpolated
2274,2025-04-14 00:00:00+00:00,3187.8,3188.3333333333335,3187.366666666667,3187.8333333333335,24346.666666666664,interpolated
2275,2025-04-14 02:00:00+00:00,3187.4,3187.4,3187.4,3187.4,11979.0,present
2276,2025-04-14 04:00:00+00:00,3187.2,3191.0,3160.0,3166.2,294696.0,present
2277,2025-04-14 06:00:00+00:00,3167.0,3168.6,3143.0,3150.6,444520.0,present
2278,2025-04-14 08:00:00+00:00,3151.8,3179.4,3150.0,3173.2,379076.0,present
2279,2025-04-14 10:00:00+00:00,3173.0,3181.0,3156.0,3158.0,254265.0,present
2280,2025-04-14 12:00:00+00:00,3158.2,3165.0,3122.0,3126.6,349142.0,present
2281,2025-04-14 14:00:00+00:00,3126.4,3148.6,3126.4,3128.8,243082.0,present
2282,2025-04-14 16:00:00+00:00,3128.8,3139.0,3091.6,3096.4,401748.0,present
2283,2025-04-14 18:00:00+00:00,3097.0,3112.0,3079.0,3086.8,217178.0,present
2284,2025-04-14 20:00:00+00:00,3086.8,3104.0,3079.0,3104.0,82993.0,present
2285,2025-04-14 22:00:00+00:00,3093.866666666667,3105.3333333333335,3088.6666666666665,3105.3333333333335,56131.666666666664,interpolated
2286,2025-04-15 00:00:00+00:00,3100.9333333333334,3106.6666666666665,3098.3333333333335,3106.6666666666665,29270.33333333333,interpolated
2287,2025-04-15 02:00:00+00:00,3108.0,3108.0,3108.0,3108.0,2409.0,present
2288,2025-04-15 04:00:00+00:00,3107.8,3116.0,3084.4,3088.2,176722.0,present
2289,2025-04-15 06:00:00+00:00,3088.8,3139.6,3087.0,3118.4,666071.0,present
2290,2025-04-15 08:00:00+00:00,3118.4,3132.0,3103.0,3115.2,417655.0,present
2291,2025-04-15 10:00:00+00:00,3116.0,3122.0,3093.0,3107.6,321678.0,present
2292,2025-04-15 12:00:00+00:00,3106.4,3136.4,3100.0,3131.6,318533.0,present
2293,2025-04-15 12:00:00+00:00,3106.4,3136.4,3100.0,3131.6,318533.0,present
2294,2025-04-15 14:00:00+00:00,3131.8,3153.8,3123.2,3127.6,350166.0,present
2295,2025-04-15 16:00:00+00:00,3126.2,3142.0,3121.2,3136.6,113362.0,present
2296,2025-04-15 18:00:00+00:00,3137.6,3144.2,3129.6,3139.4,120625.0,present
2297,2025-04-15 20:00:00+00:00,3139.4,3148.0,3137.6,3147.8,59416.0,present
2298,2025-04-15 22:00:00+00:00,3138.0,3143.733333333333,3136.7999999999997,3143.6,40482.666666666664,interpolated
2299,2025-04-16 00:00:00+00:00,3136.6,3139.4666666666667,3136.0,3139.4,21549.33333333333,interpolated
2300,2025-04-16 02:00:00+00:00,3135.2,3135.2,3135.2,3135.2,2616.0,present
2301,2025-04-16 04:00:00+00:00,3138.0,3139.0,3121.0,3124.6,144949.0,present
2302,2025-04-16 06:00:00+00:00,3124.8,3129.6,3115.0,3125.0,247717.0,present
2303,2025-04-16 08:00:00+00:00,3124.2,3143.0,3112.0,3127.4,500665.0,present
2304,2025-04-16 10:00:00+00:00,3127.8,3161.0,3127.0,3158.8,367899.0,present
2305,2025-04-16 12:00:00+00:00,3157.8,3190.0,3147.0,3190.0,473222.0,present
2306,2025-04-16 14:00:00+00:00,3190.0,3203.4,3173.4,3199.0,511485.0,present
2307,2025-04-16 16:00:00+00:00,3200.0,3202.0,3165.0,3167.6,470516.0,present
2308,2025-04-16 18:00:00+00:00,3167.8,3184.6,3165.4,3176.0,165366.0,present
2309,2025-04-16 20:00:00+00:00,3176.0,3178.0,3170.0,3172.0,50077.0,present
2310,2025-04-16 22:00:00+00:00,3175.6666666666665,3177.0,3171.6666666666665,3173.0,35621.333333333336,interpolated
2311,2025-04-17 00:00:00+00:00,3175.3333333333335,3176.0,3173.3333333333335,3174.0,21165.666666666668,interpolated
2312,2025-04-17 02:00:00+00:00,3175.0,3175.0,3175.0,3175.0,6710.0,present
2313,2025-04-17 04:00:00+00:00,3175.0,3194.0,3175.0,3185.0,174850.0,present
2314,2025-04-17 06:00:00+00:00,3185.0,3190.0,3175.2,3186.2,195287.0,present
2315,2025-04-17 08:00:00+00:00,3186.2,3214.8,3182.6,3199.0,457115.0,present
2316,2025-04-17 10:00:00+00:00,3198.6,3208.0,3188.0,3205.0,284783.0,present
2317,2025-04-17 12:00:00+00:00,3205.0,3212.0,3190.0,3199.6,304320.0,present
2318,2025-04-17 14:00:00+00:00,3199.6,3203.0,3156.0,3181.0,759553.0,present
2319,2025-04-17 16:00:00+00:00,3181.0,3215.0,3162.0,3199.8,543512.0,present
2320,2025-04-17 18:00:00+00:00,3199.8,3223.4,3192.2,3217.6,691729.0,present
2321,2025-04-17 20:00:00+00:00,3217.0,3225.0,3215.4,3225.0,125909.0,present
2322,2025-04-17 22:00:00+00:00,3206.4,3211.733333333333,3205.3333333333335,3211.733333333333,89392.66666666667,interpolated
2323,2025-04-18 00:00:00+00:00,3195.7999999999997,3198.4666666666667,3195.2666666666664,3198.4666666666667,52876.33333333334,interpolated
2324,2025-04-18 02:00:00+00:00,3185.2,3185.2,3185.2,3185.2,16360.0,present
2325,2025-04-18 04:00:00+00:00,3185.2,3194.8,3165.0,3184.0,421397.0,present
2326,2025-04-18 06:00:00+00:00,3184.8,3193.0,3175.2,3175.6,422905.0,present
2327,2025-04-18 08:00:00+00:00,3176.0,3179.6,3145.2,3147.6,598651.0,present
2328,2025-04-18 10:00:00+00:00,3147.6,3167.0,3131.4,3147.4,589065.0,present
2329,2025-04-18 12:00:00+00:00,3147.6,3172.4,3127.0,3158.0,861729.0,present
2330,2025-04-18 14:00:00+00:00,3157.4,3170.0,3150.0,3164.0,245358.0,present
2331,2025-04-18 16:00:00+00:00,3164.0,3175.0,3151.6,3155.8,301764.0,present
2332,2025-04-18 18:00:00+00:00,3156.0,3159.6,3135.6,3140.6,102556.0,present
2333,2025-04-18 20:00:00+00:00,3140.8,3150.0,3136.4,3145.8,53048.0,present
2334,2025-04-18 22:00:00+00:00,3141.8444444444444,3150.703703703704,3137.6074074074077,3146.659259259259,51244.7037037037,interpolated
2335,2025-04-19 00:00:00+00:00,3142.888888888889,3151.4074074074074,3138.814814814815,3147.5185185185187,49441.40740740741,interpolated
2336,2025-04-19 02:00:00+00:00,3143.9333333333334,3152.1111111111113,3140.0222222222224,3148.3777777777777,47638.11111111111,interpolated
2337,2025-04-19 04:00:00+00:00,3144.977777777778,3152.814814814815,3141.22962962963,3149.237037037037,45834.81481481482,interpolated
2338,2025-04-19 06:00:00+00:00,3146.0222222222224,3153.5185185185187,3142.437037037037,3150.0962962962963,44031.51851851852,interpolated
2339,2025-04-19 08:00:00+00:00,3147.0666666666666,3154.222222222222,3143.6444444444446,3150.9555555555557,42228.22222222222,interpolated
2340,2025-04-19 10:00:00+00:00,3148.1111111111113,3154.925925925926,3144.8518518518517,3151.814814814815,40424.92592592593,interpolated
2341,2025-04-19 12:00:00+00:00,3149.1555555555556,3155.6296296296296,3146.0592592592593,3152.6740740740743,38621.62962962963,interpolated
2342,2025-04-19 14:00:00+00:00,3150.2000000000003,3156.3333333333335,3147.266666666667,3153.5333333333333,36818.333333333336,interpolated
2343,2025-04-19 16:00:00+00:00,3151.2444444444445,3157.037037037037,3148.474074074074,3154.392592592593,35015.03703703704,interpolated
2344,2025-04-19 18:00:00+00:00,3152.288888888889,3157.740740740741,3149.6814814814816,3155.251851851852,33211.740740740745,interpolated
2345,2025-04-19 20:00:00+00:00,3153.3333333333335,3158.4444444444443,3150.888888888889,3156.1111111111113,31408.444444444445,interpolated
2346,2025-04-19 22:00:00+00:00,3154.3777777777777,3159.1481481481483,3152.0962962962963,3156.9703703703703,29605.14814814815,interpolated
2347,2025-04-20 00:00:00+00:00,3155.4222222222224,3159.8518518518517,3153.303703703704,3157.82962962963,27801.851851851854,interpolated
2348,2025-04-20 02:00:00+00:00,3156.4666666666667,3160.5555555555557,3154.511111111111,3158.688888888889,25998.555555555555,interpolated
2349,2025-04-20 04:00:00+00:00,3157.5111111111114,3161.259259259259,3155.7185185185185,3159.5481481481484,24195.25925925926,interpolated
2350,2025-04-20 06:00:00+00:00,3158.5555555555557,3161.962962962963,3156.925925925926,3160.4074074074074,22391.962962962964,interpolated
2351,2025-04-20 08:00:00+00:00,3159.6,3162.6666666666665,3158.133333333333,3161.266666666667,20588.666666666668,interpolated
2352,2025-04-20 10:00:00+00:00,3160.6444444444446,3163.3703703703704,3159.340740740741,3162.125925925926,18785.370370370372,interpolated
2353,2025-04-20 12:00:00+00:00,3161.688888888889,3164.074074074074,3160.5481481481484,3162.9851851851854,16982.074074074073,interpolated
2354,2025-04-20 14:00:00+00:00,3162.7333333333336,3164.777777777778,3161.7555555555555,3163.8444444444444,15178.777777777781,interpolated
2355,2025-04-20 16:00:00+00:00,3163.777777777778,3165.4814814814813,3162.962962962963,3164.703703703704,13375.481481481482,interpolated
2356,2025-04-20 18:00:00+00:00,3164.822222222222,3166.185185185185,3164.17037037037,3165.562962962963,11572.18518518519,interpolated
2357,2025-04-20 20:00:00+00:00,3165.866666666667,3166.8888888888887,3165.3777777777777,3166.4222222222224,9768.88888888889,interpolated
2358,2025-04-20 22:00:00+00:00,3166.911111111111,3167.5925925925926,3166.5851851851853,3167.2814814814815,7965.592592592591,interpolated
2359,2025-04-21 00:00:00+00:00,3167.9555555555557,3168.296296296296,3167.7925925925924,3168.140740740741,6162.296296296299,interpolated
2360,2025-04-21 02:00:00+00:00,3169.0,3169.0,3169.0,3169.0,4359.0,present
2361,2025-04-21 04:00:00+00:00,3169.2,3177.0,3160.0,3174.2,169973.0,present
2362,2025-04-21 06:00:00+00:00,3174.2,3202.4,3166.4,3189.4,543182.0,present
2363,2025-04-21 08:00:00+00:00,3189.6,3204.8,3189.4,3198.0,509349.0,present
2364,2025-04-21 10:00:00+00:00,3198.0,3222.0,3196.0,3215.4,619390.0,present
2365,2025-04-21 12:00:00+00:00,3215.4,3221.8,3198.6,3200.6,490661.0,present
2366,2025-04-21 14:00:00+00:00,3200.8,3219.0,3200.4,3219.0,244996.0,present
2367,2025-04-21 16:00:00+00:00,3219.0,3239.0,3215.0,3221.0,381593.0,present
2368,2025-04-21 18:00:00+00:00,3221.0,3232.0,3220.0,3224.2,101335.0,present
2369,2025-04-21 20:00:00+00:00,3224.0,3226.8,3220.2,3225.0,65050.0,present
2370,2025-04-21 22:00:00+00:00,3225.3333333333335,3227.2000000000003,3222.7999999999997,3226.0,44889.0,interpolated
2371,2025-04-22 00:00:00+00:00,3226.6666666666665,3227.6,3225.4,3227.0,24728.0,interpolated
2372,2025-04-22 02:00:00+00:00,3228.0,3228.0,3228.0,3228.0,4567.0,present
2373,2025-04-22 04:00:00+00:00,3227.8,3245.0,3226.2,3242.6,159126.0,present
2374,2025-04-22 06:00:00+00:00,3242.6,3253.8,3237.2,3243.0,367689.0,present
2375,2025-04-22 08:00:00+00:00,3243.0,3243.0,3212.4,3221.2,421519.0,present
2376,2025-04-22 10:00:00+00:00,3220.2,3227.6,3210.0,3212.0,261309.0,present
2377,2025-04-22 12:00:00+00:00,3212.0,3239.2,3212.0,3238.8,313487.0,present
2378,2025-04-22 12:00:00+00:00,3212.0,3239.2,3212.0,3238.8,313487.0,present
2379,2025-04-22 14:00:00+00:00,3238.8,3251.2,3236.0,3248.0,363509.0,present
2380,2025-04-22 16:00:00+00:00,3246.6,3272.0,3231.2,3268.2,779300.0,present
2381,2025-04-22 18:00:00+00:00,3268.6,3303.4,3261.4,3272.2,1052508.0,present
2382,2025-04-22 20:00:00+00:00,3271.2,3278.0,3270.2,3276.2,91360.0,present
2383,2025-04-22 22:00:00+00:00,3275.2,3279.733333333333,3274.5333333333333,3278.5333333333333,61374.666666666664,interpolated
2384,2025-04-23 00:00:00+00:00,3279.2,3281.4666666666667,3278.8666666666663,3280.8666666666663,31389.33333333333,interpolated
2385,2025-04-23 02:00:00+00:00,3283.2,3283.2,3283.2,3283.2,1404.0,present
2386,2025-04-23 04:00:00+00:00,3283.2,3286.0,3252.0,3252.6,297890.0,present
2387,2025-04-23 06:00:00+00:00,3253.2,3254.2,3177.4,3190.2,1200817.0,present
2388,2025-04-23 08:00:00+00:00,3190.2,3216.8,3180.0,3201.4,734588.0,present
2389,2025-04-23 10:00:00+00:00,3201.0,3228.0,3194.0,3211.0,403346.0,present
2390,2025-04-23 12:00:00+00:00,3211.0,3219.6,3195.0,3213.0,283351.0,present
2391,2025-04-23 14:00:00+00:00,3213.0,3231.0,3201.8,3231.0,301194.0,present
2392,2025-04-23 16:00:00+00:00,3226.2,3258.0,3212.0,3240.0,675937.0,present
2393,2025-04-23 18:00:00+00:00,3238.8,3243.6,3210.2,3218.0,255388.0,present
2394,2025-04-23 20:00:00+00:00,3217.8,3221.0,3205.0,3214.6,81052.0,present
2395,2025-04-23 22:00:00+00:00,3218.5333333333333,3220.6666666666665,3210.0,3216.4,54426.66666666667,interpolated
2396,2025-04-24 00:00:00+00:00,3219.266666666667,3220.3333333333335,3215.0,3218.2,27801.333333333336,interpolated
2397,2025-04-24 02:00:00+00:00,3220.0,3220.0,3220.0,3220.0,1176.0,present
2398,2025-04-24 04:00:00+00:00,3218.0,3223.4,3203.2,3221.6,130131.0,present
2399,2025-04-24 06:00:00+00:00,3221.4,3234.8,3218.2,3231.8,277975.0,present
2400,2025-04-24 08:00:00+00:00,3231.8,3240.0,3219.0,3239.8,353500.0,present
2401,2025-04-24 10:00:00+00:00,3239.8,3241.0,3221.4,3224.0,241787.0,present
2402,2025-04-24 12:00:00+00:00,3224.0,3231.8,3215.0,3221.6,422203.0,present
2403,2025-04-24 14:00:00+00:00,3221.4,3225.0,3211.0,3221.6,256990.0,present
2404,2025-04-24 16:00:00+00:00,3220.0,3224.0,3207.0,3215.2,154030.0,present
2405,2025-04-24 18:00:00+00:00,3215.0,3216.8,3205.2,3214.6,83639.0,present
2406,2025-04-24 20:00:00+00:00,3214.2,3215.2,3211.8,3212.0,27733.0,present
2407,2025-04-24 22:00:00+00:00,3216.133333333333,3216.7999999999997,3214.5333333333333,3214.6666666666665,19867.0,interpolated
2408,2025-04-25 00:00:00+00:00,3218.0666666666666,3218.4,3217.266666666667,3217.3333333333335,12001.000000000002,interpolated
2409,2025-04-25 02:00:00+00:00,3220.0,3220.0,3220.0,3220.0,4135.0,present
2410,2025-04-25 04:00:00+00:00,3220.2,3238.6,3220.0,3238.2,151521.0,present
2411,2025-04-25 06:00:00+00:00,3238.4,3251.4,3236.2,3243.6,474115.0,present
2412,2025-04-25 08:00:00+00:00,3243.4,3271.0,3239.0,3264.6,522411.0,present
2413,2025-04-25 10:00:00+00:00,3264.6,3289.0,3242.0,3280.2,970412.0,present
2414,2025-04-25 12:00:00+00:00,3280.2,3282.8,3265.0,3274.0,431675.0,present
2415,2025-04-25 14:00:00+00:00,3274.0,3289.0,3267.8,3281.2,518625.0,present
2416,2025-04-25 16:00:00+00:00,3281.2,3283.6,3272.0,3274.4,161790.0,present
2417,2025-04-25 18:00:00+00:00,3274.4,3285.0,3274.2,3283.0,164702.0,present
2418,2025-04-25 20:00:00+00:00,3283.6,3287.6,3280.2,3284.4,88852.0,present
2419,2025-04-25 22:00:00+00:00,3287.2,3295.4,3284.3999999999996,3291.92,103304.6,interpolated
2420,2025-04-26 00:00:00+00:00,3290.7999999999997,3303.2,3288.6,3299.44,117757.2,interpolated
2421,2025-04-26 02:00:00+00:00,3294.4,3311.0,3292.7999999999997,3306.96,132209.8,interpolated
2422,2025-04-26 04:00:00+00:00,3298.0,3318.7999999999997,3297.0,3314.48,146662.4,interpolated
2423,2025-04-26 06:00:00+00:00,3301.6,3326.6,3301.2,3322.0,161115.0,present
2424,2025-04-26 08:00:00+00:00,3322.0,3347.8,3321.2,3340.6,297719.0,present
2425,2025-04-26 10:00:00+00:00,3340.6,3343.0,3335.0,3337.2,98731.0,present
2426,2025-04-26 12:00:00+00:00,3338.0,3340.0,3305.2,3312.0,341324.0,present
2427,2025-04-26 14:00:00+00:00,3312.0,3317.8,3300.4,3314.8,230296.0,present
2428,2025-04-26 16:00:00+00:00,3313.5,3319.3250000000003,3302.725,3316.2250000000004,207340.25,interpolated
2429,2025-04-26 18:00:00+00:00,3315.0,3320.8500000000004,3305.05,3317.65,184384.5,interpolated
2430,2025-04-26 20:00:00+00:00,3316.5,3322.375,3307.375,3319.075,161428.75,interpolated
2431,2025-04-26 22:00:00+00:00,3318.0,3323.9,3309.7,3320.5,138473.0,interpolated
2432,2025-04-27 00:00:00+00:00,3319.5,3325.425,3312.025,3321.925,115517.25,interpolated
2433,2025-04-27 02:00:00+00:00,3321.0,3326.95,3314.35,3323.35,92561.5,interpolated
2434,2025-04-27 04:00:00+00:00,3322.5,3328.475,3316.675,3324.7749999999996,69605.75,interpolated
2435,2025-04-27 06:00:00+00:00,3324.0,3330.0,3319.0,3326.2,46650.0,present
2436,2025-04-27 08:00:00+00:00,3326.2,3328.8,3324.6,3326.8,26142.0,present
2437,2025-04-27 10:00:00+00:00,3327.0,3328.0,3317.2,3321.6,60473.0,present
2438,2025-04-27 12:00:00+00:00,3321.0,3328.0,3318.2,3324.8,52004.0,present
2439,2025-04-27 14:00:00+00:00,3324.0,3328.2,3322.0,3324.4,40510.0,present
2440,2025-04-27 16:00:00+00:00,3323.2666666666664,3326.7666666666664,3321.6,3323.6,34052.5,interpolated
2441,2025-04-27 18:00:00+00:00,3322.5333333333333,3325.333333333333,3321.2,3322.8,27595.0,interpolated
2442,2025-04-27 20:00:00+00:00,3321.8,3323.8999999999996,3320.8,3322.0,21137.5,interpolated
2443,2025-04-27 22:00:00+00:00,3321.0666666666666,3322.4666666666667,3320.4,3321.2,14680.0,interpolated
2444,2025-04-28 00:00:00+00:00,3320.333333333333,3321.0333333333333,3320.0,3320.4,8222.5,interpolated
2445,2025-04-28 02:00:00+00:00,3319.6,3319.6,3319.6,3319.6,1765.0,present
2446,2025-04-28 04:00:00+00:00,3319.8,3328.8,3307.4,3311.4,229780.0,present
2447,2025-04-28 06:00:00+00:00,3311.2,3320.0,3293.4,3301.8,424990.0,present
2448,2025-04-28 08:00:00+00:00,3301.8,3312.0,3292.2,3293.0,265999.0,present
2449,2025-04-28 10:00:00+00:00,3292.8,3331.8,3268.0,3314.8,1246546.0,present
2450,2025-04-28 12:00:00+00:00,3314.8,3318.0,3291.0,3295.2,342416.0,present
2451,2025-04-28 14:00:00+00:00,3295.2,3311.2,3292.0,3311.2,185999.0,present
2452,2025-04-28 16:00:00+00:00,3310.6,3315.0,3290.0,3294.2,283481.0,present
2453,2025-04-28 18:00:00+00:00,3294.0,3295.2,3273.0,3280.0,214546.0,present
2454,2025-04-28 20:00:00+00:00,3280.0,3282.4,3278.4,3279.8,35943.0,present
2455,2025-04-28 22:00:00+00:00,3282.9333333333334,3284.5333333333333,3281.866666666667,3282.8,24157.0,interpolated
2456,2025-04-29 00:00:00+00:00,3285.866666666667,3286.666666666667,3285.3333333333335,3285.8,12371.0,interpolated
2457,2025-04-29 02:00:00+00:00,3288.8,3288.8,3288.8,3288.8,585.0,present
2458,2025-04-29 04:00:00+00:00,3288.8,3292.0,3280.2,3283.8,82345.0,present
2459,2025-04-29 06:00:00+00:00,3283.4,3283.4,3271.0,3280.0,241117.0,present
2460,2025-04-29 08:00:00+00:00,3280.0,3289.6,3262.8,3272.6,381583.0,present
2461,2025-04-29 10:00:00+00:00,3272.6,3274.0,3264.0,3269.0,179842.0,present
2462,2025-04-29 12:00:00+00:00,3269.2,3294.0,3267.0,3283.2,300402.0,present
2463,2025-04-29 12:00:00+00:00,3269.2,3294.0,3267.0,3283.2,300402.0,present
2464,2025-04-29 14:00:00+00:00,3283.2,3286.6,3250.2,3260.0,413897.0,present
2465,2025-04-29 16:00:00+00:00,3260.0,3264.8,3209.8,3225.8,546526.0,present
2466,2025-04-29 18:00:00+00:00,3224.2,3231.6,3216.4,3226.2,127155.0,present
2467,2025-04-29 20:00:00+00:00,3225.0,3230.4,3223.2,3224.6,45148.0,present
2468,2025-04-29 22:00:00+00:00,3225.0,3228.6,3223.7999999999997,3224.733333333333,30678.333333333332,interpolated
2469,2025-04-30 00:00:00+00:00,3225.0,3226.8,3224.4,3224.866666666667,16208.666666666664,interpolated
2470,2025-04-30 02:00:00+00:00,3225.0,3225.0,3225.0,3225.0,1739.0,present
2471,2025-04-30 04:00:00+00:00,3226.0,3228.6,3161.4,3191.2,322353.0,present
2472,2025-04-30 06:00:00+00:00,3192.0,3207.8,3174.6,3195.8,440418.0,present
2473,2025-04-30 08:00:00+00:00,3196.0,3197.4,3166.2,3185.0,388291.0,present
2474,2025-04-30 10:00:00+00:00,3185.0,3206.2,3176.6,3206.0,381506.0,present
2475,2025-04-30 12:00:00+00:00,3206.6,3223.0,3185.0,3186.2,503545.0,present
2476,2025-04-30 14:00:00+00:00,3186.0,3200.8,3181.8,3181.8,187864.0,present
2477,2025-04-30 16:00:00+00:00,3179.0,3180.4,3154.0,3165.2,356684.0,present
2478,2025-04-30 18:00:00+00:00,3165.0,3185.0,3157.2,3181.2,177708.0,present
2479,2025-04-30 20:00:00+00:00,3180.0,3182.6,3168.0,3169.8,73855.0,present
2480,2025-04-30 22:00:00+00:00,3180.0,3182.4266666666667,3168.8,3170.48,69042.33333333333,interpolated
2481,2025-05-01 00:00:00+00:00,3180.0,3182.253333333333,3169.6,3171.1600000000003,64229.66666666667,interpolated
2482,2025-05-01 02:00:00+00:00,3180.0,3182.08,3170.4,3171.84,59417.0,interpolated
2483,2025-05-01 04:00:00+00:00,3180.0,3181.9066666666668,3171.2,3172.52,54604.333333333336,interpolated
2484,2025-05-01 06:00:00+00:00,3180.0,3181.733333333333,3172.0,3173.2000000000003,49791.66666666667,interpolated
2485,2025-05-01 08:00:00+00:00,3180.0,3181.56,3172.8,3173.88,44979.0,interpolated
2486,2025-05-01 10:00:00+00:00,3180.0,3181.3866666666668,3173.6,3174.56,40166.333333333336,interpolated
2487,2025-05-01 12:00:00+00:00,3180.0,3181.213333333333,3174.4,3175.2400000000002,35353.66666666667,interpolated
2488,2025-05-01 14:00:00+00:00,3180.0,3181.04,3175.2,3175.92,30541.0,interpolated
2489,2025-05-01 16:00:00+00:00,3180.0,3180.866666666667,3176.0,3176.6,25728.333333333336,interpolated
2490,2025-05-01 18:00:00+00:00,3180.0,3180.693333333333,3176.8,3177.28,20915.66666666667,interpolated
2491,2025-05-01 20:00:00+00:00,3180.0,3180.52,3177.6,3177.96,16103.0,interpolated
2492,2025-05-01 22:00:00+00:00,3180.0,3180.346666666667,3178.4,3178.64,11290.333333333336,interpolated
2493,2025-05-02 00:00:00+00:00,3180.0,3180.173333333333,3179.2,3179.32,6477.6666666666715,interpolated
2494,2025-05-02 02:00:00+00:00,3180.0,3180.0,3180.0,3180.0,1665.0,present
2495,2025-05-02 04:00:00+00:00,3179.8,3179.8,3116.6,3134.4,400048.0,present
2496,2025-05-02 06:00:00+00:00,3134.4,3134.4,3094.4,3096.2,657045.0,present
2497,2025-05-02 08:00:00+00:00,3096.4,3100.0,3086.6,3097.0,244471.0,present
2498,2025-05-02 10:00:00+00:00,3097.0,3105.6,3090.8,3093.0,195270.0,present
2499,2025-05-02 12:00:00+00:00,3093.0,3099.0,3081.8,3086.0,208949.0,present
2500,2025-05-02 14:00:00+00:00,3086.0,3086.8,3049.0,3051.0,289023.0,present
2501,2025-05-02 16:00:00+00:00,3051.0,3063.0,3034.0,3040.2,344929.0,present
2502,2025-05-02 18:00:00+00:00,3040.2,3056.0,3033.0,3035.4,156861.0,present
2503,2025-05-02 20:00:00+00:00,3035.6,3047.6,3002.0,3006.8,147034.0,present
2504,2025-05-02 22:00:00+00:00,3030.44,3044.08,3001.88,3010.2400000000002,142395.4,interpolated
2505,2025-05-03 00:00:00+00:00,3025.28,3040.56,3001.76,3013.6800000000003,137756.8,interpolated
2506,2025-05-03 02:00:00+00:00,3020.12,3037.04,3001.64,3017.12,133118.2,interpolated
2507,2025-05-03 04:00:00+00:00,3014.96,3033.52,3001.52,3020.56,128479.6,interpolated
2508,2025-05-03 06:00:00+00:00,3009.8,3030.0,3001.4,3024.0,123841.0,present
2509,2025-05-03 08:00:00+00:00,3023.4,3034.8,3020.0,3034.4,59225.0,present
2510,2025-05-03 10:00:00+00:00,3034.2,3034.6,3025.0,3032.2,39942.0,present
2511,2025-05-03 12:00:00+00:00,3030.6,3034.6,3023.8,3024.0,28135.0,present
2512,2025-05-03 14:00:00+00:00,3025.4,3029.0,3020.4,3022.2,25334.0,present
2513,2025-05-03 16:00:00+00:00,3026.9500000000003,3031.0,3022.3,3024.3999999999996,28271.0,interpolated
2514,2025-05-03 18:00:00+00:00,3028.5,3033.0,3024.2,3026.6,31208.0,interpolated
2515,2025-05-03 20:00:00+00:00,3030.05,3035.0,3026.1,3028.8,34145.0,interpolated
2516,2025-05-03 22:00:00+00:00,3031.6000000000004,3037.0,3028.0,3031.0,37082.0,interpolated
2517,2025-05-04 00:00:00+00:00,3033.15,3039.0,3029.9,3033.2,40019.0,interpolated
2518,2025-05-04 02:00:00+00:00,3034.7000000000003,3041.0,3031.8,3035.4,42956.0,interpolated
2519,2025-05-04 04:00:00+00:00,3036.25,3043.0,3033.7,3037.6000000000004,45893.0,interpolated
2520,2025-05-04 06:00:00+00:00,3037.8,3045.0,3035.6,3039.8,48830.0,present
2521,2025-05-04 08:00:00+00:00,3038.6,3053.8,3038.6,3049.0,73008.0,present
2522,2025-05-04 10:00:00+00:00,3047.6,3056.8,3047.4,3051.8,49409.0,present
2523,2025-05-04 12:00:00+00:00,3051.8,3052.8,3028.8,3033.0,104101.0,present
2524,2025-05-04 14:00:00+00:00,3033.0,3044.0,3032.0,3042.0,63370.0,present
2525,2025-05-04 16:00:00+00:00,3034.5,3043.6666666666665,3033.6666666666665,3042.0,53716.5,interpolated
2526,2025-05-04 18:00:00+00:00,3036.0,3043.3333333333335,3035.3333333333335,3042.0,44063.0,interpolated
2527,2025-05-04 20:00:00+00:00,3037.5,3043.0,3037.0,3042.0,34409.5,interpolated
2528,2025-05-04 22:00:00+00:00,3039.0,3042.6666666666665,3038.6666666666665,3042.0,24756.0,interpolated
2529,2025-05-05 00:00:00+00:00,3040.5,3042.3333333333335,3040.3333333333335,3042.0,15102.5,interpolated
2530,2025-05-05 02:00:00+00:00,3042.0,3042.0,3042.0,3042.0,5449.0,present
2531,2025-05-05 04:00:00+00:00,3040.2,3043.0,3010.2,3024.4,250236.0,present
2532,2025-05-05 06:00:00+00:00,3024.2,3036.0,3012.0,3019.0,328783.0,present
2533,2025-05-05 08:00:00+00:00,3019.0,3027.2,3015.0,3022.4,204317.0,present
2534,2025-05-05 10:00:00+00:00,3022.4,3033.0,2990.2,2994.6,506740.0,present
2535,2025-05-05 12:00:00+00:00,2994.4,3006.2,2976.2,2978.2,419024.0,present
2536,2025-05-05 14:00:00+00:00,2978.2,2982.8,2925.6,2942.6,970005.0,present
2537,2025-05-05 16:00:00+00:00,2942.6,2959.8,2921.0,2959.8,415977.0,present
2538,2025-05-05 18:00:00+00:00,2959.8,2967.8,2945.8,2950.0,305396.0,present
2539,2025-05-05 20:00:00+00:00,2950.2,2950.2,2944.0,2946.2,66068.0,present
2540,2025-05-05 22:00:00+00:00,2949.733333333333,2949.733333333333,2945.6,2947.0666666666666,44283.666666666664,interpolated
2541,2025-05-06 00:00:00+00:00,2949.266666666667,2949.266666666667,2947.2000000000003,2947.9333333333334,22499.33333333333,interpolated
2542,2025-05-06 02:00:00+00:00,2948.8,2948.8,2948.8,2948.8,715.0,present
2543,2025-05-06 04:00:00+00:00,2951.6,2975.8,2934.0,2939.8,324037.0,present
2544,2025-05-06 06:00:00+00:00,2938.6,2980.0,2911.0,2965.4,865190.0,present
2545,2025-05-06 08:00:00+00:00,2965.2,3005.8,2965.0,2989.0,565839.0,present
2546,2025-05-06 10:00:00+00:00,2988.8,2994.0,2961.2,2991.4,295017.0,present
2547,2025-05-06 12:00:00+00:00,2991.6,3019.8,2991.6,3012.0,557701.0,present
2548,2025-05-06 12:00:00+00:00,2991.6,3019.8,2991.6,3012.0,557701.0,present
2549,2025-05-06 14:00:00+00:00,3012.0,3054.2,3002.0,3038.8,680397.0,present
2550,2025-05-06 16:00:00+00:00,3036.0,3048.0,3027.2,3044.0,268260.0,present
2551,2025-05-06 18:00:00+00:00,3044.2,3098.4,3042.0,3072.2,610933.0,present
2552,2025-05-06 20:00:00+00:00,3072.6,3084.6,3036.0,3042.0,248926.0,present
2553,2025-05-06 22:00:00+00:00,3064.3333333333335,3072.3333333333335,3039.9333333333334,3043.9333333333334,166366.0,interpolated
2554,2025-05-07 00:00:00+00:00,3056.0666666666666,3060.0666666666666,3043.866666666667,3045.866666666667,83806.0,interpolated
2555,2025-05-07 02:00:00+00:00,3047.8,3047.8,3047.8,3047.8,1246.0,present
2556,2025-05-07 04:00:00+00:00,3047.6,3075.8,3043.2,3058.4,268278.0,present
2557,2025-05-07 06:00:00+00:00,3057.8,3072.0,3012.2,3041.6,759951.0,present
2558,2025-05-07 08:00:00+00:00,3041.8,3072.0,3027.0,3070.4,505154.0,present
2559,2025-05-07 10:00:00+00:00,3070.4,3079.4,3056.0,3071.6,361651.0,present
2560,2025-05-07 12:00:00+00:00,3071.6,3073.6,3031.8,3033.6,494552.0,present
2561,2025-05-07 14:00:00+00:00,3033.4,3062.0,3028.4,3055.6,381045.0,present
2562,2025-05-07 16:00:00+00:00,3063.4,3074.0,3047.4,3049.2,349057.0,present
2563,2025-05-07 18:00:00+00:00,3050.0,3052.2,3036.2,3040.0,183603.0,present
2564,2025-05-07 20:00:00+00:00,3040.0,3046.0,3037.2,3038.0,61690.0,present
2565,2025-05-07 22:00:00+00:00,3042.6666666666665,3046.6666666666665,3040.7999999999997,3041.3333333333335,41591.66666666667,interpolated
2566,2025-05-08 00:00:00+00:00,3045.3333333333335,3047.3333333333335,3044.4,3044.6666666666665,21493.333333333336,interpolated
2567,2025-05-08 02:00:00+00:00,3048.0,3048.0,3048.0,3048.0,1395.0,present
2568,2025-05-08 04:00:00+00:00,3048.0,3067.6,3045.0,3058.6,155021.0,present
2569,2025-05-08 06:00:00+00:00,3059.6,3087.4,3055.2,3076.6,428263.0,present
2570,2025-05-08 08:00:00+00:00,3076.4,3084.0,3066.8,3072.8,192066.0,present
2571,2025-05-08 10:00:00+00:00,3072.8,3077.8,3056.0,3059.4,185290.0,present
2572,2025-05-08 12:00:00+00:00,3059.0,3065.8,3044.0,3057.0,258657.0,present
2573,2025-05-08 14:00:00+00:00,3057.0,3063.8,3053.6,3057.2,50097.0,present
2574,2025-05-08 16:00:00+00:00,3057.4,3064.0,3050.4,3061.4,86592.0,present
2575,2025-05-08 18:00:00+00:00,3061.0,3062.0,3053.0,3056.2,61796.0,present
2576,2025-05-08 20:00:00+00:00,3056.4,3060.0,3052.6,3055.2,35616.0,present
2577,2025-05-08 22:00:00+00:00,3056.8705882352942,3060.788235294118,3053.105882352941,3055.917647058823,35837.294117647056,interpolated
2578,2025-05-09 00:00:00+00:00,3057.3411764705884,3061.576470588235,3053.6117647058823,3056.635294117647,36058.58823529412,interpolated
2579,2025-05-09 02:00:00+00:00,3057.8117647058825,3062.364705882353,3054.1176470588234,3057.3529411764703,36279.882352941175,interpolated
2580,2025-05-09 04:00:00+00:00,3058.2823529411767,3063.1529411764704,3054.6235294117646,3058.070588235294,36501.17647058824,interpolated
2581,2025-05-09 06:00:00+00:00,3058.752941176471,3063.9411764705883,3055.1294117647058,3058.7882352941174,36722.470588235294,interpolated
2582,2025-05-09 08:00:00+00:00,3059.223529411765,3064.729411764706,3055.635294117647,3059.505882352941,36943.76470588235,interpolated
2583,2025-05-09 10:00:00+00:00,3059.694117647059,3065.5176470588235,3056.141176470588,3060.2235294117645,37165.05882352941,interpolated
2584,2025-05-09 12:00:00+00:00,3060.1647058823532,3066.3058823529414,3056.6470588235293,3060.9411764705883,37386.35294117647,interpolated
2585,2025-05-09 14:00:00+00:00,3060.635294117647,3067.0941176470587,3057.1529411764704,3061.6588235294116,37607.64705882353,interpolated
2586,2025-05-09 16:00:00+00:00,3061.105882352941,3067.8823529411766,3057.6588235294116,3062.3764705882354,37828.94117647059,interpolated
2587,2025-05-09 18:00:00+00:00,3061.576470588235,3068.670588235294,3058.164705882353,3063.0941176470587,38050.23529411765,interpolated
2588,2025-05-09 20:00:00+00:00,3062.0470588235294,3069.458823529412,3058.670588235294,3063.8117647058825,38271.529411764706,interpolated
2589,2025-05-09 22:00:00+00:00,3062.5176470588235,3070.2470588235296,3059.176470588235,3064.529411764706,38492.82352941176,interpolated
2590,2025-05-10 00:00:00+00:00,3062.9882352941177,3071.035294117647,3059.6823529411763,3065.2470588235296,38714.117647058825,interpolated
2591,2025-05-10 02:00:00+00:00,3063.458823529412,3071.823529411765,3060.1882352941175,3065.964705882353,38935.41176470588,interpolated
2592,2025-05-10 04:00:00+00:00,3063.929411764706,3072.6117647058823,3060.6941176470586,3066.6823529411768,39156.705882352944,interpolated
2593,2025-05-10 06:00:00+00:00,3064.4,3073.4,3061.2,3067.4,39378.0,present
2594,2025-05-10 08:00:00+00:00,3067.2,3068.2,3064.0,3067.0,15238.0,present
2595,2025-05-10 10:00:00+00:00,3067.0,3067.4,3063.6,3066.0,23038.0,present
2596,2025-05-10 12:00:00+00:00,3066.2,3068.0,3065.0,3065.0,20259.0,present
2597,2025-05-10 14:00:00+00:00,3065.0,3070.0,2966.2,3058.0,244920.0,present
2598,2025-05-10 16:00:00+00:00,3072.25,3078.625,2984.225,3067.25,251148.5,interpolated
2599,2025-05-10 18:00:00+00:00,3079.5,3087.25,3002.25,3076.5,257377.0,interpolated
2600,2025-05-10 20:00:00+00:00,3086.75,3095.875,3020.275,3085.75,263605.5,interpolated
2601,2025-05-10 22:00:00+00:00,3094.0,3104.5,3038.3,3095.0,269834.0,interpolated
2602,2025-05-11 00:00:00+00:00,3101.25,3113.125,3056.325,3104.25,276062.5,interpolated
2603,2025-05-11 02:00:00+00:00,3108.5,3121.75,3074.35,3113.5,282291.0,interpolated
2604,2025-05-11 04:00:00+00:00,3115.75,3130.375,3092.375,3122.75,288519.5,interpolated
2605,2025-05-11 06:00:00+00:00,3123.0,3139.0,3110.4,3132.0,294748.0,present
2606,2025-05-11 08:00:00+00:00,3132.0,3145.0,3117.4,3122.0,247234.0,present
2607,2025-05-11 10:00:00+00:00,3122.0,3131.8,3121.0,3127.2,75085.0,present
2608,2025-05-11 12:00:00+00:00,3127.4,3130.0,3093.0,3113.0,228705.0,present
2609,2025-05-11 14:00:00+00:00,3113.0,3113.6,3097.6,3106.8,94059.0,present
2610,2025-05-11 16:00:00+00:00,3118.3333333333335,3118.833333333333,3105.5,3113.166666666667,79117.66666666667,interpolated
2611,2025-05-11 18:00:00+00:00,3123.6666666666665,3124.0666666666666,3113.4,3119.5333333333333,64176.33333333333,interpolated
2612,2025-05-11 20:00:00+00:00,3129.0,3129.3,3121.3,3125.9,49235.0,interpolated
2613,2025-05-11 22:00:00+00:00,3134.3333333333335,3134.5333333333333,3129.2,3132.266666666667,34293.666666666664,interpolated
2614,2025-05-12 00:00:00+00:00,3139.6666666666665,3139.7666666666664,3137.1,3138.633333333333,19352.33333333333,interpolated
2615,2025-05-12 02:00:00+00:00,3145.0,3145.0,3145.0,3145.0,4411.0,present
2616,2025-05-12 04:00:00+00:00,3145.2,3157.0,3135.4,3142.2,481204.0,present
2617,2025-05-12 06:00:00+00:00,3142.4,3157.0,3140.4,3150.0,492013.0,present
2618,2025-05-12 08:00:00+00:00,3150.6,3154.2,3140.8,3143.6,284342.0,present
2619,2025-05-12 10:00:00+00:00,3143.6,3153.8,3131.8,3144.6,405765.0,present
2620,2025-05-12 12:00:00+00:00,3144.4,3149.0,3132.0,3133.8,244923.0,present
2621,2025-05-12 14:00:00+00:00,3133.6,3152.6,3130.4,3148.6,334726.0,present
2622,2025-05-12 16:00:00+00:00,3148.6,3166.0,3144.2,3159.2,235732.0,present
2623,2025-05-12 18:00:00+00:00,3159.4,3159.4,3149.2,3152.8,88224.0,present
2624,2025-05-12 20:00:00+00:00,3152.6,3160.0,3152.4,3158.4,66258.0,present
2625,2025-05-12 22:00:00+00:00,3156.0666666666666,3161.0,3155.9333333333334,3159.9333333333334,44829.0,interpolated
2626,2025-05-13 00:00:00+00:00,3159.5333333333333,3162.0,3159.4666666666667,3161.4666666666667,23400.0,interpolated
2627,2025-05-13 02:00:00+00:00,3163.0,3163.0,3163.0,3163.0,1971.0,present
2628,2025-05-13 04:00:00+00:00,3163.8,3174.2,3155.8,3169.0,179905.0,present
2629,2025-05-13 06:00:00+00:00,3169.0,3173.0,3163.8,3168.8,290800.0,present
2630,2025-05-13 08:00:00+00:00,3168.8,3169.2,3146.0,3156.4,481259.0,present
2631,2025-05-13 10:00:00+00:00,3156.2,3158.8,3151.0,3152.6,126210.0,present
2632,2025-05-13 12:00:00+00:00,3152.6,3173.0,3151.0,3170.6,361732.0,present
2633,2025-05-13 12:00:00+00:00,3152.6,3173.0,3151.0,3170.6,361732.0,present
2634,2025-05-13 14:00:00+00:00,3170.8,3171.0,3163.2,3168.0,115260.0,present
2635,2025-05-13 16:00:00+00:00,3168.0,3170.0,3158.4,3161.6,103117.0,present
2636,2025-05-13 18:00:00+00:00,3162.2,3163.2,3158.0,3159.8,49975.0,present
2637,2025-05-13 20:00:00+00:00,3159.4,3162.2,3158.4,3162.0,26956.0,present
2638,2025-05-13 22:00:00+00:00,3160.4,3162.2666666666664,3159.7333333333336,3162.133333333333,18125.0,interpolated
2639,2025-05-14 00:00:00+00:00,3161.4,3162.3333333333335,3161.0666666666666,3162.266666666667,9294.0,interpolated
2640,2025-05-14 02:00:00+00:00,3162.4,3162.4,3162.4,3162.4,463.0,present
2641,2025-05-14 04:00:00+00:00,3162.6,3169.2,3162.0,3167.2,73348.0,present
2642,2025-05-14 06:00:00+00:00,3167.0,3167.2,3154.2,3162.0,156535.0,present
2643,2025-05-14 08:00:00+00:00,3162.0,3167.0,3160.0,3164.2,98270.0,present
2644,2025-05-14 10:00:00+00:00,3164.2,3166.8,3161.0,3165.6,104731.0,present
2645,2025-05-14 12:00:00+00:00,3165.6,3194.2,3164.8,3183.0,491655.0,present
2646,2025-05-14 14:00:00+00:00,3183.2,3185.4,3174.2,3180.0,156649.0,present
2647,2025-05-14 16:00:00+00:00,3180.0,3184.8,3163.0,3168.6,165775.0,present
2648,2025-05-14 18:00:00+00:00,3168.6,3170.6,3138.6,3144.4,270142.0,present
2649,2025-05-14 20:00:00+00:00,3143.6,3149.4,3083.2,3084.8,371267.0,present
2650,2025-05-14 22:00:00+00:00,3123.733333333333,3127.6,3083.4666666666667,3084.5333333333333,249384.3333333333,interpolated
2651,2025-05-15 00:00:00+00:00,3103.866666666667,3105.8,3083.733333333333,3084.266666666667,127501.66666666666,interpolated
2652,2025-05-15 02:00:00+00:00,3084.0,3084.0,3084.0,3084.0,5619.0,present
2653,2025-05-15 04:00:00+00:00,3083.4,3126.4,3083.2,3122.2,422158.0,present
2654,2025-05-15 06:00:00+00:00,3122.6,3133.8,3092.0,3095.0,523978.0,present
2655,2025-05-15 08:00:00+00:00,3095.0,3110.2,3080.0,3096.8,420834.0,present
2656,2025-05-15 10:00:00+00:00,3096.6,3098.8,3056.0,3093.2,433495.0,present
2657,2025-05-15 12:00:00+00:00,3092.8,3110.0,3073.2,3104.0,463929.0,present
2658,2025-05-15 14:00:00+00:00,3104.6,3118.8,3085.4,3093.4,413445.0,present
2659,2025-05-15 16:00:00+00:00,3094.2,3100.4,3082.2,3091.6,176072.0,present
2660,2025-05-15 18:00:00+00:00,3091.6,3103.0,3087.6,3102.8,120374.0,present
2661,2025-05-15 20:00:00+00:00,3103.0,3104.6,3095.6,3102.0,77963.0,present
2662,2025-05-15 22:00:00+00:00,3095.3333333333335,3096.4,3090.4,3094.6666666666665,54759.0,interpolated
2663,2025-05-16 00:00:00+00:00,3087.6666666666665,3088.2,3085.2,3087.3333333333335,31555.0,interpolated
2664,2025-05-16 02:00:00+00:00,3080.0,3080.0,3080.0,3080.0,8351.0,present
2665,2025-05-16 04:00:00+00:00,3078.8,3093.4,3075.0,3089.6,154671.0,present
2666,2025-05-16 06:00:00+00:00,3089.6,3090.4,3075.0,3081.0,150517.0,present
2667,2025-05-16 08:00:00+00:00,3081.0,3089.0,3079.0,3089.0,117865.0,present
2668,2025-05-16 10:00:00+00:00,3089.0,3089.0,3065.8,3080.2,225579.0,present
2669,2025-05-16 12:00:00+00:00,3080.2,3093.0,2995.8,3086.0,1873257.0,present
2670,2025-05-16 14:00:00+00:00,3085.2,3095.0,3068.6,3080.0,367477.0,present
2671,2025-05-16 16:00:00+00:00,3076.4,3079.4,3067.6,3071.8,123062.0,present
2672,2025-05-16 18:00:00+00:00,3071.8,3080.8,3071.6,3078.4,79141.0,present
2673,2025-05-16 20:00:00+00:00,3080.0,3082.8,3070.8,3072.8,99532.0,present
2674,2025-05-16 22:00:00+00:00,3080.16,3082.7200000000003,3071.92,3074.32,84391.6,interpolated
2675,2025-05-17 00:00:00+00:00,3080.32,3082.6400000000003,3073.04,3075.84,69251.20000000001,interpolated
2676,2025-05-17 02:00:00+00:00,3080.48,3082.56,3074.1600000000003,3077.36,54110.8,interpolated
2677,2025-05-17 04:00:00+00:00,3080.6400000000003,3082.48,3075.28,3078.88,38970.40000000001,interpolated
2678,2025-05-17 06:00:00+00:00,3080.8,3082.4,3076.4,3080.4,23830.0,present
2679,2025-05-17 08:00:00+00:00,3081.0,3087.0,3080.4,3081.6,49869.0,present
2680,2025-05-17 10:00:00+00:00,3081.6,3086.0,3081.6,3083.0,32146.0,present
2681,2025-05-17 12:00:00+00:00,3083.0,3085.8,3081.8,3083.2,30158.0,present
2682,2025-05-17 14:00:00+00:00,3082.8,3120.0,3082.4,3115.4,322555.0,present
2683,2025-05-17 16:00:00+00:00,3089.975,3123.6,3088.975,3119.025,296100.375,interpolated
2684,2025-05-17 18:00:00+00:00,3097.15,3127.2,3095.55,3122.65,269645.75,interpolated
2685,2025-05-17 20:00:00+00:00,3104.325,3130.8,3102.125,3126.275,243191.125,interpolated
2686,2025-05-17 22:00:00+00:00,3111.5,3134.4,3108.7,3129.9,216736.5,interpolated
2687,2025-05-18 00:00:00+00:00,3118.675,3138.0,3115.275,3133.525,190281.875,interpolated
2688,2025-05-18 02:00:00+00:00,3125.85,3141.6000000000004,3121.85,3137.15,163827.25,interpolated
2689,2025-05-18 04:00:00+00:00,3133.0249999999996,3145.2000000000003,3128.425,3140.775,137372.625,interpolated
2690,2025-05-18 06:00:00+00:00,3140.2,3148.8,3135.0,3144.4,110918.0,present
2691,2025-05-18 08:00:00+00:00,3144.4,3147.4,3143.0,3145.6,43108.0,present
2692,2025-05-18 10:00:00+00:00,3145.6,3145.8,3138.4,3143.4,51296.0,present
2693,2025-05-18 12:00:00+00:00,3142.8,3144.0,3139.2,3143.4,38155.0,present
2694,2025-05-18 14:00:00+00:00,3143.0,3146.8,3142.0,3145.8,66851.0,present
2695,2025-05-18 16:00:00+00:00,3143.5,3146.666666666667,3142.6666666666665,3145.8333333333335,56034.83333333333,interpolated
2696,2025-05-18 18:00:00+00:00,3144.0,3146.5333333333333,3143.3333333333335,3145.866666666667,45218.666666666664,interpolated
2697,2025-05-18 20:00:00+00:00,3144.5,3146.4,3144.0,3145.9,34402.5,interpolated
2698,2025-05-18 22:00:00+00:00,3145.0,3146.266666666667,3144.6666666666665,3145.9333333333334,23586.33333333333,interpolated
2699,2025-05-19 00:00:00+00:00,3145.5,3146.133333333333,3145.3333333333335,3145.9666666666667,12770.166666666664,interpolated
2700,2025-05-19 02:00:00+00:00,3146.0,3146.0,3146.0,3146.0,1954.0,present
2701,2025-05-19 04:00:00+00:00,3146.0,3146.0,3105.0,3114.6,277439.0,present
2702,2025-05-19 06:00:00+00:00,3114.4,3126.6,3102.6,3110.0,340216.0,present
2703,2025-05-19 08:00:00+00:00,3110.0,3123.0,3108.6,3120.8,159060.0,present
2704,2025-05-19 10:00:00+00:00,3120.8,3132.2,3118.4,3126.4,120236.0,present
2705,2025-05-19 12:00:00+00:00,3126.6,3129.0,3100.0,3104.6,264714.0,present
2706,2025-05-19 14:00:00+00:00,3104.8,3125.6,3087.0,3108.8,418301.0,present
2707,2025-05-19 16:00:00+00:00,3111.0,3130.0,3079.6,3097.4,855363.0,present
2708,2025-05-19 18:00:00+00:00,3096.6,3105.0,3065.0,3076.4,351402.0,present
2709,2025-05-19 20:00:00+00:00,3075.4,3089.6,3071.8,3085.4,88769.0,present
2710,2025-05-19 22:00:00+00:00,3080.5333333333333,3090.0,3078.1333333333337,3087.2000000000003,59368.0,interpolated
2711,2025-05-20 00:00:00+00:00,3085.666666666667,3090.4,3084.4666666666667,3089.0,29967.0,interpolated
2712,2025-05-20 02:00:00+00:00,3090.8,3090.8,3090.8,3090.8,566.0,present
2713,2025-05-20 04:00:00+00:00,3090.0,3103.0,3082.4,3096.0,114729.0,present
2714,2025-05-20 06:00:00+00:00,3096.0,3101.8,3057.8,3060.6,468710.0,present
2715,2025-05-20 08:00:00+00:00,3060.6,3068.4,3050.0,3065.6,281375.0,present
2716,2025-05-20 10:00:00+00:00,3065.2,3074.2,3056.8,3067.8,222404.0,present
2717,2025-05-20 12:00:00+00:00,3068.0,3079.2,3057.0,3070.6,206798.0,present
2718,2025-05-20 12:00:00+00:00,3068.0,3079.2,3057.0,3070.6,206798.0,present
2719,2025-05-20 14:00:00+00:00,3070.6,3076.2,3059.8,3061.2,164586.0,present
2720,2025-05-20 16:00:00+00:00,3061.2,3066.0,3044.2,3058.0,126262.0,present
2721,2025-05-20 18:00:00+00:00,3058.0,3064.6,3051.0,3063.2,42535.0,present
2722,2025-05-20 20:00:00+00:00,3063.2,3064.4,3056.6,3059.0,39839.0,present
2723,2025-05-20 22:00:00+00:00,3062.2,3063.0,3057.7999999999997,3059.4,26605.333333333332,interpolated
2724,2025-05-21 00:00:00+00:00,3061.2,3061.6,3059.0,3059.7999999999997,13371.666666666664,interpolated
2725,2025-05-21 02:00:00+00:00,3060.2,3060.2,3060.2,3060.2,138.0,present
2726,2025-05-21 04:00:00+00:00,3062.0,3078.6,3059.0,3069.4,120151.0,present
2727,2025-05-21 06:00:00+00:00,3069.4,3081.0,3054.0,3058.4,350261.0,present
2728,2025-05-21 08:00:00+00:00,3058.6,3063.6,3030.0,3039.4,381976.0,present
2729,2025-05-21 10:00:00+00:00,3039.4,3040.6,3022.8,3035.2,239983.0,present
2730,2025-05-21 12:00:00+00:00,3035.4,3047.2,3027.6,3029.6,246436.0,present
2731,2025-05-21 14:00:00+00:00,3029.8,3030.0,3003.0,3015.8,396873.0,present
2732,2025-05-21 16:00:00+00:00,3014.6,3019.0,3007.0,3009.2,96596.0,present
2733,2025-05-21 18:00:00+00:00,3009.0,3011.0,3004.0,3009.0,68143.0,present
2734,2025-05-21 20:00:00+00:00,3009.2,3013.8,3001.0,3005.8,71609.0,present
2735,2025-05-21 22:00:00+00:00,3008.6666666666665,3011.7333333333336,3003.2,3006.4,47778.66666666667,interpolated
2736,2025-05-22 00:00:00+00:00,3008.133333333333,3009.6666666666665,3005.4,3007.0,23948.333333333336,interpolated
2737,2025-05-22 02:00:00+00:00,3007.6,3007.6,3007.6,3007.6,118.0,present
2738,2025-05-22 04:00:00+00:00,3011.8,3021.0,2971.2,2977.8,363248.0,present
2739,2025-05-22 06:00:00+00:00,2978.0,3028.0,2956.2,3009.0,1100643.0,present
2740,2025-05-22 08:00:00+00:00,3009.0,3023.0,3002.0,3013.0,445016.0,present
2741,2025-05-22 10:00:00+00:00,3013.4,3053.6,3009.8,3041.6,530729.0,present
2742,2025-05-22 12:00:00+00:00,3041.2,3066.2,3014.0,3057.2,864972.0,present
2743,2025-05-22 14:00:00+00:00,3057.2,3110.6,3056.0,3080.4,882691.0,present
2744,2025-05-22 16:00:00+00:00,3081.2,3082.8,3050.0,3063.6,401864.0,present
2745,2025-05-22 18:00:00+00:00,3063.4,3067.2,3047.4,3059.8,151272.0,present
2746,2025-05-22 20:00:00+00:00,3059.8,3060.8,3051.4,3060.0,43302.0,present
2747,2025-05-22 22:00:00+00:00,3061.866666666667,3062.5333333333333,3056.266666666667,3062.0,29055.666666666668,interpolated
2748,2025-05-23 00:00:00+00:00,3063.9333333333334,3064.266666666667,3061.133333333333,3064.0,14809.333333333336,interpolated
2749,2025-05-23 02:00:00+00:00,3066.0,3066.0,3066.0,3066.0,563.0,present
2750,2025-05-23 04:00:00+00:00,3065.8,3086.0,3060.0,3061.2,212909.0,present
2751,2025-05-23 06:00:00+00:00,3061.0,3092.6,3060.2,3084.2,438527.0,present
2752,2025-05-23 08:00:00+00:00,3084.2,3099.0,3071.0,3098.8,408933.0,present
2753,2025-05-23 10:00:00+00:00,3098.8,3109.0,3088.2,3090.2,440258.0,present
2754,2025-05-23 12:00:00+00:00,3090.6,3091.8,3076.6,3086.6,307479.0,present
2755,2025-05-23 14:00:00+00:00,3086.8,3097.0,3074.0,3084.2,224992.0,present
2756,2025-05-23 16:00:00+00:00,3082.0,3086.6,3074.2,3077.4,93184.0,present
2757,2025-05-23 18:00:00+00:00,3077.6,3083.6,3077.0,3079.4,61805.0,present
2758,2025-05-23 20:00:00+00:00,3079.0,3082.0,3078.0,3080.8,55014.0,present
2759,2025-05-23 22:00:00+00:00,3079.0592592592593,3081.948148148148,3078.0962962962963,3080.792592592593,53077.88888888889,interpolated
2760,2025-05-24 00:00:00+00:00,3079.1185185185186,3081.8962962962964,3078.1925925925925,3080.785185185185,51141.77777777778,interpolated
2761,2025-05-24 02:00:00+00:00,3079.177777777778,3081.8444444444444,3078.288888888889,3080.777777777778,49205.666666666664,interpolated
2762,2025-05-24 04:00:00+00:00,3079.237037037037,3081.7925925925924,3078.385185185185,3080.7703703703705,47269.555555555555,interpolated
2763,2025-05-24 06:00:00+00:00,3079.296296296296,3081.740740740741,3078.4814814814813,3080.7629629629632,45333.444444444445,interpolated
2764,2025-05-24 08:00:00+00:00,3079.3555555555554,3081.688888888889,3078.5777777777776,3080.7555555555555,43397.333333333336,interpolated
2765,2025-05-24 10:00:00+00:00,3079.4148148148147,3081.637037037037,3078.6740740740743,3080.748148148148,41461.22222222222,interpolated
2766,2025-05-24 12:00:00+00:00,3079.474074074074,3081.5851851851853,3078.7703703703705,3080.740740740741,39525.11111111111,interpolated
2767,2025-05-24 14:00:00+00:00,3079.5333333333333,3081.5333333333333,3078.866666666667,3080.7333333333336,37589.0,interpolated
2768,2025-05-24 16:00:00+00:00,3079.5925925925926,3081.4814814814813,3078.962962962963,3080.725925925926,35652.88888888889,interpolated
2769,2025-05-24 18:00:00+00:00,3079.651851851852,3081.4296296296297,3079.0592592592593,3080.7185185185185,33716.77777777778,interpolated
2770,2025-05-24 20:00:00+00:00,3079.711111111111,3081.3777777777777,3079.1555555555556,3080.711111111111,31780.666666666668,interpolated
2771,2025-05-24 22:00:00+00:00,3079.7703703703705,3081.3259259259257,3079.251851851852,3080.703703703704,29844.55555555556,interpolated
2772,2025-05-25 00:00:00+00:00,3079.8296296296294,3081.274074074074,3079.348148148148,3080.696296296296,27908.444444444445,interpolated
2773,2025-05-25 02:00:00+00:00,3079.8888888888887,3081.222222222222,3079.4444444444443,3080.688888888889,25972.333333333336,interpolated
2774,2025-05-25 04:00:00+00:00,3079.948148148148,3081.17037037037,3079.5407407407406,3080.6814814814816,24036.222222222223,interpolated
2775,2025-05-25 06:00:00+00:00,3080.0074074074073,3081.1185185185186,3079.637037037037,3080.6740740740743,22100.11111111111,interpolated
2776,2025-05-25 08:00:00+00:00,3080.0666666666666,3081.0666666666666,3079.733333333333,3080.6666666666665,20164.0,interpolated
2777,2025-05-25 10:00:00+00:00,3080.125925925926,3081.0148148148146,3079.8296296296294,3080.659259259259,18227.88888888889,interpolated
2778,2025-05-25 12:00:00+00:00,3080.185185185185,3080.962962962963,3079.9259259259256,3080.651851851852,16291.777777777781,interpolated
2779,2025-05-25 14:00:00+00:00,3080.2444444444445,3080.911111111111,3080.0222222222224,3080.6444444444446,14355.666666666672,interpolated
2780,2025-05-25 16:00:00+00:00,3080.303703703704,3080.859259259259,3080.1185185185186,3080.637037037037,12419.555555555555,interpolated
2781,2025-05-25 18:00:00+00:00,3080.3629629629627,3080.8074074074075,3080.214814814815,3080.6296296296296,10483.444444444445,interpolated
2782,2025-05-25 20:00:00+00:00,3080.422222222222,3080.7555555555555,3080.311111111111,3080.6222222222223,8547.333333333336,interpolated
2783,2025-05-25 22:00:00+00:00,3080.4814814814813,3080.7037037037035,3080.4074074074074,3080.614814814815,6611.222222222226,interpolated
2784,2025-05-26 00:00:00+00:00,3080.5407407407406,3080.651851851852,3080.5037037037036,3080.607407407407,4675.111111111117,interpolated
2785,2025-05-26 02:00:00+00:00,3080.6,3080.6,3080.6,3080.6,2739.0,present
2786,2025-05-26 04:00:00+00:00,3080.4,3080.6,3033.0,3046.2,382473.0,present
2787,2025-05-26 06:00:00+00:00,3047.0,3049.8,3023.0,3033.2,338048.0,present
2788,2025-05-26 08:00:00+00:00,3033.0,3049.2,3030.2,3031.8,285275.0,present
2789,2025-05-26 10:00:00+00:00,3031.8,3041.6,3018.0,3022.0,271077.0,present
2790,2025-05-26 12:00:00+00:00,3022.0,3038.4,3021.0,3031.0,169580.0,present
2791,2025-05-26 14:00:00+00:00,3030.8,3044.2,3029.8,3035.0,200207.0,present
2792,2025-05-26 16:00:00+00:00,3034.6,3034.8,3012.6,3020.4,215374.0,present
2793,2025-05-26 18:00:00+00:00,3020.4,3029.4,3020.0,3020.8,73362.0,present
2794,2025-05-26 20:00:00+00:00,3020.8,3027.6,3020.6,3023.2,57805.0,present
2795,2025-05-26 22:00:00+00:00,3022.866666666667,3027.4,3022.733333333333,3024.4666666666667,39173.33333333333,interpolated
2796,2025-05-27 00:00:00+00:00,3024.9333333333334,3027.2,3024.866666666667,3025.733333333333,20541.666666666664,interpolated
2797,2025-05-27 02:00:00+00:00,3027.0,3027.0,3027.0,3027.0,1910.0,present
2798,2025-05-27 04:00:00+00:00,3027.0,3030.0,2991.0,3020.0,406492.0,present
2799,2025-05-27 06:00:00+00:00,3019.8,3057.4,3019.8,3056.6,535076.0,present
2800,2025-05-27 08:00:00+00:00,3056.6,3087.0,3053.0,3075.2,716035.0,present
2801,2025-05-27 10:00:00+00:00,3075.4,3081.0,3061.2,3070.6,295497.0,present
2802,2025-05-27 12:00:00+00:00,3070.6,3082.0,3061.6,3071.0,392320.0,present
2803,2025-05-27 12:00:00+00:00,3070.6,3082.0,3061.6,3071.0,392320.0,present
2804,2025-05-27 14:00:00+00:00,3071.0,3097.0,3068.8,3092.0,482797.0,present
2805,2025-05-27 16:00:00+00:00,3090.0,3105.0,3086.2,3103.2,297601.0,present
2806,2025-05-27 18:00:00+00:00,3103.0,3107.6,3098.6,3101.6,159024.0,present
2807,2025-05-27 20:00:00+00:00,3101.6,3107.2,3101.4,3107.2,58557.0,present
2808,2025-05-27 22:00:00+00:00,3105.133333333333,3108.8666666666663,3105.0,3108.8666666666663,40410.33333333333,interpolated
2809,2025-05-28 00:00:00+00:00,3108.6666666666665,3110.5333333333333,3108.6,3110.5333333333333,22263.666666666664,interpolated
2810,2025-05-28 02:00:00+00:00,3112.2,3112.2,3112.2,3112.2,4117.0,present
2811,2025-05-28 04:00:00+00:00,3112.4,3131.0,3110.4,3120.0,324331.0,present
2812,2025-05-28 06:00:00+00:00,3119.8,3150.4,3115.2,3143.0,684897.0,present
2813,2025-05-28 08:00:00+00:00,3143.0,3183.4,3140.2,3176.2,972434.0,present
2814,2025-05-28 10:00:00+00:00,3176.4,3189.0,3157.2,3175.4,826197.0,present
2815,2025-05-28 12:00:00+00:00,3175.4,3206.6,3174.0,3193.0,770992.0,present
2816,2025-05-28 14:00:00+00:00,3193.2,3196.0,3173.0,3182.0,474796.0,present
2817,2025-05-28 16:00:00+00:00,3188.0,3227.0,3188.0,3212.2,763122.0,present
2818,2025-05-28 18:00:00+00:00,3212.2,3221.8,3205.8,3218.4,214752.0,present
2819,2025-05-28 20:00:00+00:00,3217.8,3225.0,3213.2,3225.0,112289.0,present
2820,2025-05-28 22:00:00+00:00,3221.3333333333335,3226.133333333333,3218.2666666666664,3226.133333333333,76797.66666666666,interpolated
2821,2025-05-29 00:00:00+00:00,3224.866666666667,3227.266666666667,3223.3333333333335,3227.266666666667,41306.33333333333,interpolated
2822,2025-05-29 02:00:00+00:00,3228.4,3228.4,3228.4,3228.4,5815.0,present
2823,2025-05-29 04:00:00+00:00,3228.0,3228.4,3202.4,3206.2,313996.0,present
2824,2025-05-29 06:00:00+00:00,3206.0,3213.8,3187.2,3190.0,478045.0,present
2825,2025-05-29 08:00:00+00:00,3190.0,3219.0,3185.2,3209.0,354233.0,present
2826,2025-05-29 10:00:00+00:00,3208.2,3221.6,3208.0,3218.6,296869.0,present
2827,2025-05-29 12:00:00+00:00,3218.4,3221.4,3186.0,3194.0,669113.0,present
2828,2025-05-29 14:00:00+00:00,3193.4,3202.2,3181.2,3192.8,308596.0,present
2829,2025-05-29 16:00:00+00:00,3192.8,3193.4,3172.8,3177.4,285594.0,present
2830,2025-05-29 18:00:00+00:00,3178.0,3179.2,3168.2,3169.2,131238.0,present
2831,2025-05-29 20:00:00+00:00,3169.2,3175.0,3165.8,3174.8,66679.0,present
2832,2025-05-29 22:00:00+00:00,3171.6666666666665,3175.5333333333333,3169.4,3175.4,44696.66666666667,interpolated
2833,2025-05-30 00:00:00+00:00,3174.133333333333,3176.0666666666666,3173.0,3176.0,22714.333333333336,interpolated
2834,2025-05-30 02:00:00+00:00,3176.6,3176.6,3176.6,3176.6,732.0,present
2835,2025-05-30 04:00:00+00:00,3176.6,3197.0,3164.8,3191.0,207800.0,present
2836,2025-05-30 06:00:00+00:00,3191.4,3203.0,3185.2,3185.2,312765.0,present
2837,2025-05-30 08:00:00+00:00,3185.4,3205.6,3173.2,3202.8,559635.0,present
2838,2025-05-30 10:00:00+00:00,3201.8,3216.6,3201.4,3205.2,426007.0,present
2839,2025-05-30 12:00:00+00:00,3205.0,3207.6,3195.0,3198.6,274135.0,present
2840,2025-05-30 14:00:00+00:00,3198.4,3201.2,3186.2,3188.4,168994.0,present
2841,2025-05-30 16:00:00+00:00,3191.0,3196.0,3185.0,3189.0,154670.0,present
2842,2025-05-30 18:00:00+00:00,3188.2,3195.0,3187.2,3188.0,83809.0,present
2843,2025-05-30 20:00:00+00:00,3187.8,3193.0,3187.8,3191.8,78184.0,present
2844,2025-05-30 22:00:00+00:00,3188.96,3194.88,3188.96,3193.76,69915.4,interpolated
2845,2025-05-31 00:00:00+00:00,3190.12,3196.76,3190.12,3195.7200000000003,61646.8,interpolated
2846,2025-05-31 02:00:00+00:00,3191.28,3198.64,3191.28,3197.68,53378.2,interpolated
2847,2025-05-31 04:00:00+00:00,3192.44,3200.52,3192.44,3199.64,45109.6,interpolated
2848,2025-05-31 06:00:00+00:00,3193.6,3202.4,3193.6,3201.6,36841.0,present
2849,2025-05-31 08:00:00+00:00,3201.6,3201.8,3197.0,3198.8,29000.0,present
2850,2025-05-31 10:00:00+00:00,3198.8,3199.2,3196.2,3197.8,19297.0,present
2851,2025-05-31 12:00:00+00:00,3197.6,3198.2,3196.6,3197.0,10313.0,present
2852,2025-05-31 14:00:00+00:00,3197.6,3198.2,3194.0,3195.0,21630.0,present
2853,2025-05-31 16:00:00+00:00,3197.025,3197.5499999999997,3183.375,3191.225,37140.25,interpolated
2854,2025-05-31 18:00:00+00:00,3196.45,3196.8999999999996,3172.75,3187.4500000000003,52650.5,interpolated
2855,2025-05-31 20:00:00+00:00,3195.875,3196.25,3162.125,3183.675,68160.75,interpolated
2856,2025-05-31 22:00:00+00:00,3195.3,3195.6,3151.5,3179.9,83671.0,interpolated
2857,2025-06-01 00:00:00+00:00,3194.725,3194.95,3140.875,3176.125,99181.25,interpolated
2858,2025-06-01 02:00:00+00:00,3194.15,3194.3,3130.25,3172.3500000000004,114691.5,interpolated
2859,2025-06-01 04:00:00+00:00,3193.575,3193.65,3119.625,3168.5750000000003,130201.75,interpolated
2860,2025-06-01 06:00:00+00:00,3193.0,3193.0,3109.0,3164.8,145712.0,present
2861,2025-06-01 08:00:00+00:00,3164.8,3174.8,3161.2,3161.2,90849.0,present
2862,2025-06-01 10:00:00+00:00,3161.4,3165.4,3110.0,3120.4,476283.0,present
2863,2025-06-01 12:00:00+00:00,3120.0,3153.0,3109.0,3137.2,414690.0,present
2864,2025-06-01 14:00:00+00:00,3136.0,3140.4,3118.0,3128.6,154292.0,present
2865,2025-06-01 16:00:00+00:00,3134.3333333333335,3138.0,3119.3333333333335,3128.1666666666665,128841.66666666667,interpolated
2866,2025-06-01 18:00:00+00:00,3132.6666666666665,3135.6,3120.6666666666665,3127.733333333333,103391.33333333334,interpolated
2867,2025-06-01 20:00:00+00:00,3131.0,3133.2000000000003,3122.0,3127.3,77941.0,interpolated
2868,2025-06-01 22:00:00+00:00,3129.3333333333335,3130.8,3123.3333333333335,3126.866666666667,52490.66666666667,interpolated
2869,2025-06-02 00:00:00+00:00,3127.6666666666665,3128.4,3124.6666666666665,3126.4333333333334,27040.33333333333,interpolated
2870,2025-06-02 02:00:00+00:00,3126.0,3126.0,3126.0,3126.0,1590.0,present
2871,2025-06-02 04:00:00+00:00,3124.6,3160.2,3113.2,3151.6,327224.0,present
2872,2025-06-02 06:00:00+00:00,3151.4,3180.0,3150.4,3177.0,448626.0,present
2873,2025-06-02 08:00:00+00:00,3177.0,3177.4,3153.4,3162.8,224040.0,present
2874,2025-06-02 10:00:00+00:00,3162.2,3163.0,3135.2,3144.8,384096.0,present
2875,2025-06-02 12:00:00+00:00,3144.8,3169.2,3135.0,3155.6,505509.0,present
2876,2025-06-02 14:00:00+00:00,3155.8,3210.4,3153.6,3202.0,771833.0,present
2877,2025-06-02 16:00:00+00:00,3202.0,3206.8,3181.2,3187.2,386437.0,present
2878,2025-06-02 18:00:00+00:00,3186.6,3198.8,3182.6,3186.0,116043.0,present
2879,2025-06-02 20:00:00+00:00,3187.0,3189.6,3184.8,3185.0,45893.0,present
2880,2025-06-02 22:00:00+00:00,3188.0,3189.733333333333,3186.5333333333333,3186.6666666666665,30767.666666666668,interpolated
2881,2025-06-03 00:00:00+00:00,3189.0,3189.866666666667,3188.266666666667,3188.3333333333335,15642.333333333336,interpolated
2882,2025-06-03 02:00:00+00:00,3190.0,3190.0,3190.0,3190.0,517.0,present
2883,2025-06-03 04:00:00+00:00,3191.0,3212.0,3189.2,3204.8,215147.0,present
2884,2025-06-03 06:00:00+00:00,3204.8,3228.6,3195.2,3221.8,418104.0,present
2885,2025-06-03 08:00:00+00:00,3221.8,3236.6,3220.2,3222.2,375467.0,present
2886,2025-06-03 10:00:00+00:00,3222.6,3231.0,3212.2,3222.6,251157.0,present
2887,2025-06-03 12:00:00+00:00,3222.6,3224.2,3204.8,3218.8,372599.0,present
2888,2025-06-03 12:00:00+00:00,3222.6,3224.2,3204.8,3218.8,372599.0,present
2889,2025-06-03 14:00:00+00:00,3218.6,3249.6,3216.2,3247.8,566825.0,present
2890,2025-06-03 16:00:00+00:00,3247.4,3257.6,3239.2,3252.2,383154.0,present
2891,2025-06-03 18:00:00+00:00,3252.2,3263.6,3252.0,3254.8,210847.0,present
2892,2025-06-03 20:00:00+00:00,3253.6,3266.0,3252.0,3266.0,66723.0,present
2893,2025-06-03 22:00:00+00:00,3259.9333333333334,3268.2,3258.866666666667,3268.2,45969.33333333333,interpolated
2894,2025-06-04 00:00:00+00:00,3266.2666666666664,3270.4,3265.733333333333,3270.4,25215.666666666664,interpolated
2895,2025-06-04 02:00:00+00:00,3272.6,3272.6,3272.6,3272.6,4462.0,present
2896,2025-06-04 04:00:00+00:00,3272.0,3279.8,3256.0,3278.0,374007.0,present
2897,2025-06-04 06:00:00+00:00,3277.0,3304.8,3273.2,3300.0,640709.0,present
2898,2025-06-04 08:00:00+00:00,3300.0,3324.4,3289.4,3323.2,533318.0,present
2899,2025-06-04 10:00:00+00:00,3323.0,3334.2,3312.2,3320.2,641634.0,present
2900,2025-06-04 12:00:00+00:00,3320.2,3330.0,3296.0,3315.0,750242.0,present
2901,2025-06-04 14:00:00+00:00,3315.6,3316.0,3266.0,3284.4,929752.0,present
2902,2025-06-04 16:00:00+00:00,3294.4,3315.0,3283.2,3310.8,698660.0,present
2903,2025-06-04 18:00:00+00:00,3311.6,3314.0,3276.8,3285.0,219689.0,present
2904,2025-06-04 20:00:00+00:00,3283.6,3290.6,3280.4,3286.6,49991.0,present
2905,2025-06-04 22:00:00+00:00,3286.4,3291.0666666666666,3284.266666666667,3288.4,33385.66666666667,interpolated
2906,2025-06-05 00:00:00+00:00,3289.2,3291.5333333333333,3288.133333333333,3290.2,16780.333333333336,interpolated
2907,2025-06-05 02:00:00+00:00,3292.0,3292.0,3292.0,3292.0,175.0,present
2908,2025-06-05 04:00:00+00:00,3292.0,3312.8,3289.2,3298.8,227951.0,present
2909,2025-06-05 06:00:00+00:00,3298.4,3324.0,3296.0,3310.0,327123.0,present
2910,2025-06-05 08:00:00+00:00,3310.0,3319.0,3302.6,3311.2,290399.0,present
2911,2025-06-05 10:00:00+00:00,3311.2,3312.8,3300.0,3308.0,212696.0,present
2912,2025-06-05 12:00:00+00:00,3308.2,3308.2,3291.4,3303.0,189451.0,present
2913,2025-06-05 14:00:00+00:00,3303.2,3305.8,3297.2,3305.0,121964.0,present
2914,2025-06-05 16:00:00+00:00,3304.8,3305.0,3291.4,3294.0,152036.0,present
2915,2025-06-05 18:00:00+00:00,3293.0,3298.2,3285.6,3298.2,83975.0,present
2916,2025-06-05 20:00:00+00:00,3298.2,3299.0,3286.4,3299.0,70598.0,present
2917,2025-06-05 22:00:00+00:00,3299.4666666666667,3300.0,3291.6,3300.0,47260.66666666667,interpolated
2918,2025-06-06 00:00:00+00:00,3300.733333333333,3301.0,3296.8,3301.0,23923.333333333336,interpolated
2919,2025-06-06 02:00:00+00:00,3302.0,3302.0,3302.0,3302.0,586.0,present
2920,2025-06-06 04:00:00+00:00,3303.8,3319.0,3302.0,3313.8,272180.0,present
2921,2025-06-06 06:00:00+00:00,3314.0,3352.8,3301.4,3343.2,900508.0,present
2922,2025-06-06 08:00:00+00:00,3343.2,3358.8,3337.4,3351.0,910744.0,present
2923,2025-06-06 10:00:00+00:00,3351.2,3450.0,3234.0,3332.0,3332608.0,present
2924,2025-06-06 12:00:00+00:00,3331.8,3334.8,3261.2,3309.6,1464637.0,present
2925,2025-06-06 14:00:00+00:00,3309.2,3313.6,3218.2,3221.4,1023580.0,present
2926,2025-06-06 16:00:00+00:00,3224.0,3235.0,3195.4,3207.0,475880.0,present
2927,2025-06-06 18:00:00+00:00,3207.0,3221.2,3198.0,3206.6,204256.0,present
2928,2025-06-06 20:00:00+00:00,3205.4,3212.0,3195.0,3203.2,87861.0,present
2929,2025-06-06 22:00:00+00:00,3206.92,3216.56,3197.0,3208.72,89927.6,interpolated
2930,2025-06-07 00:00:00+00:00,3208.44,3221.12,3199.0,3214.24,91994.2,interpolated
2931,2025-06-07 02:00:00+00:00,3209.96,3225.6800000000003,3201.0,3219.76,94060.8,interpolated
2932,2025-06-07 04:00:00+00:00,3211.48,3230.2400000000002,3203.0,3225.28,96127.4,interpolated
2933,2025-06-07 06:00:00+00:00,3213.0,3234.8,3205.0,3230.8,98194.0,present
2934,2025-06-07 08:00:00+00:00,3230.6,3234.0,3221.0,3229.4,73354.0,present
2935,2025-06-07 10:00:00+00:00,3229.6,3232.0,3226.0,3230.4,26111.0,present
2936,2025-06-07 12:00:00+00:00,3230.4,3230.4,3225.8,3225.8,19906.0,present
2937,2025-06-07 14:00:00+00:00,3225.8,3227.8,3225.2,3226.8,15961.0,present
2938,2025-06-07 16:00:00+00:00,3226.125,3228.5750000000003,3224.95,3226.525,17385.0,interpolated
2939,2025-06-07 18:00:00+00:00,3226.4500000000003,3229.3500000000004,3224.7,3226.25,18809.0,interpolated
2940,2025-06-07 20:00:00+00:00,3226.775,3230.125,3224.45,3225.975,20233.0,interpolated
2941,2025-06-07 22:00:00+00:00,3227.1000000000004,3230.9,3224.2,3225.7,21657.0,interpolated
2942,2025-06-08 00:00:00+00:00,3227.425,3231.675,3223.95,3225.425,23081.0,interpolated
2943,2025-06-08 02:00:00+00:00,3227.75,3232.45,3223.7,3225.15,24505.0,interpolated
2944,2025-06-08 04:00:00+00:00,3228.0750000000003,3233.225,3223.45,3224.875,25929.0,interpolated
2945,2025-06-08 06:00:00+00:00,3228.4,3234.0,3223.2,3224.6,27353.0,present
2946,2025-06-08 08:00:00+00:00,3224.2,3228.2,3220.6,3226.2,26904.0,present
2947,2025-06-08 10:00:00+00:00,3226.0,3227.8,3223.0,3224.0,25327.0,present
2948,2025-06-08 12:00:00+00:00,3223.6,3224.2,3209.4,3212.8,67801.0,present
2949,2025-06-08 14:00:00+00:00,3213.4,3218.0,3208.8,3214.0,51332.0,present
2950,2025-06-08 16:00:00+00:00,3215.8333333333335,3219.6666666666665,3212.0,3216.3333333333335,43054.33333333333,interpolated
2951,2025-06-08 18:00:00+00:00,3218.266666666667,3221.3333333333335,3215.2000000000003,3218.6666666666665,34776.666666666664,interpolated
2952,2025-06-08 20:00:00+00:00,3220.7000000000003,3223.0,3218.4,3221.0,26499.0,interpolated
2953,2025-06-08 22:00:00+00:00,3223.133333333333,3224.6666666666665,3221.6,3223.3333333333335,18221.33333333333,interpolated
2954,2025-06-09 00:00:00+00:00,3225.5666666666666,3226.3333333333335,3224.8,3225.6666666666665,9943.666666666664,interpolated
2955,2025-06-09 02:00:00+00:00,3228.0,3228.0,3228.0,3228.0,1666.0,present
2956,2025-06-09 04:00:00+00:00,3227.4,3228.0,3198.4,3210.8,223279.0,present
2957,2025-06-09 06:00:00+00:00,3210.8,3215.0,3172.4,3178.4,496625.0,present
2958,2025-06-09 08:00:00+00:00,3177.2,3189.0,3164.4,3187.6,517895.0,present
2959,2025-06-09 10:00:00+00:00,3187.6,3195.0,3173.6,3186.6,335372.0,present
2960,2025-06-09 12:00:00+00:00,3186.6,3192.8,3176.0,3177.4,294922.0,present
2961,2025-06-09 14:00:00+00:00,3177.4,3187.8,3172.2,3185.0,165077.0,present
2962,2025-06-09 16:00:00+00:00,3185.0,3204.6,3182.6,3196.4,190364.0,present
2963,2025-06-09 18:00:00+00:00,3196.4,3201.8,3190.0,3201.4,71568.0,present
2964,2025-06-09 20:00:00+00:00,3201.4,3203.8,3198.2,3203.8,31999.0,present
2965,2025-06-09 22:00:00+00:00,3203.266666666667,3204.866666666667,3201.133333333333,3204.866666666667,22004.666666666668,interpolated
2966,2025-06-10 00:00:00+00:00,3205.133333333333,3205.9333333333334,3204.0666666666666,3205.9333333333334,12010.333333333336,interpolated
2967,2025-06-10 02:00:00+00:00,3207.0,3207.0,3207.0,3207.0,2016.0,present
2968,2025-06-10 04:00:00+00:00,3205.0,3221.6,3205.0,3212.0,139114.0,present
2969,2025-06-10 06:00:00+00:00,3212.2,3215.2,3191.0,3196.8,344278.0,present
2970,2025-06-10 08:00:00+00:00,3196.8,3206.8,3191.4,3196.8,276485.0,present
2971,2025-06-10 10:00:00+00:00,3196.4,3196.8,3165.0,3171.4,470417.0,present
2972,2025-06-10 12:00:00+00:00,3171.4,3174.8,3135.4,3158.2,496516.0,present
2973,2025-06-10 12:00:00+00:00,3171.4,3174.8,3135.4,3158.2,496516.0,present
2974,2025-06-10 14:00:00+00:00,3158.0,3168.6,3137.4,3168.6,360447.0,present
2975,2025-06-10 16:00:00+00:00,3168.2,3168.6,3141.2,3148.0,193902.0,present
2976,2025-06-10 18:00:00+00:00,3147.8,3157.4,3145.0,3147.8,95643.0,present
2977,2025-06-10 20:00:00+00:00,3149.2,3155.0,3148.0,3154.0,48297.0,present
2978,2025-06-10 22:00:00+00:00,3151.133333333333,3155.0,3150.3333333333335,3154.3333333333335,32380.0,interpolated
2979,2025-06-11 00:00:00+00:00,3153.0666666666666,3155.0,3152.6666666666665,3154.6666666666665,16462.999999999996,interpolated
2980,2025-06-11 02:00:00+00:00,3155.0,3155.0,3155.0,3155.0,546.0,present
2981,2025-06-11 04:00:00+00:00,3155.0,3163.4,3134.2,3144.0,175180.0,present
2982,2025-06-11 06:00:00+00:00,3144.0,3185.0,3138.4,3175.8,447581.0,present
2983,2025-06-11 08:00:00+00:00,3175.4,3182.0,3162.0,3163.0,216646.0,present
2984,2025-06-11 10:00:00+00:00,3163.0,3177.0,3163.0,3173.6,163356.0,present
2985,2025-06-11 12:00:00+00:00,3173.8,3185.0,3168.4,3170.2,253910.0,present
2986,2025-06-11 14:00:00+00:00,3170.2,3188.6,3165.0,3187.0,225504.0,present
2987,2025-06-11 16:00:00+00:00,3181.4,3186.8,3164.2,3165.8,199988.0,present
2988,2025-06-11 18:00:00+00:00,3165.6,3172.4,3162.0,3169.4,63091.0,present
2989,2025-06-11 20:00:00+00:00,3169.8,3171.2,3163.0,3165.0,53267.0,present
2990,2025-06-11 22:00:00+00:00,3170.5333333333333,3171.8399999999997,3164.1866666666665,3166.0533333333333,49977.46666666667,interpolated
2991,2025-06-12 00:00:00+00:00,3171.266666666667,3172.48,3165.3733333333334,3167.1066666666666,46687.933333333334,interpolated
2992,2025-06-12 02:00:00+00:00,3172.0,3173.12,3166.56,3168.16,43398.4,interpolated
2993,2025-06-12 04:00:00+00:00,3172.7333333333336,3173.7599999999998,3167.746666666667,3169.2133333333336,40108.86666666667,interpolated
2994,2025-06-12 06:00:00+00:00,3173.4666666666667,3174.4,3168.9333333333334,3170.266666666667,36819.333333333336,interpolated
2995,2025-06-12 08:00:00+00:00,3174.2000000000003,3175.04,3170.12,3171.32,33529.8,interpolated
2996,2025-06-12 10:00:00+00:00,3174.9333333333334,3175.68,3171.306666666667,3172.3733333333334,30240.266666666666,interpolated
2997,2025-06-12 12:00:00+00:00,3175.666666666667,3176.32,3172.4933333333333,3173.4266666666667,26950.733333333334,interpolated
2998,2025-06-12 14:00:00+00:00,3176.4,3176.96,3173.6800000000003,3174.48,23661.2,interpolated
2999,2025-06-12 16:00:00+00:00,3177.1333333333337,3177.6,3174.866666666667,3175.5333333333333,20371.66666666667,interpolated
3000,2025-06-12 18:00:00+00:00,3177.866666666667,3178.2400000000002,3176.0533333333333,3176.5866666666666,17082.13333333334,interpolated
3001,2025-06-12 20:00:00+00:00,3178.6000000000004,3178.88,3177.2400000000002,3177.6400000000003,13792.599999999999,interpolated
3002,2025-06-12 22:00:00+00:00,3179.3333333333335,3179.52,3178.4266666666667,3178.6933333333336,10503.066666666666,interpolated
3003,2025-06-13 00:00:00+00:00,3180.066666666667,3180.1600000000003,3179.6133333333337,3179.746666666667,7213.533333333333,interpolated
3004,2025-06-13 02:00:00+00:00,3180.8,3180.8,3180.8,3180.8,3924.0,present
3005,2025-06-13 04:00:00+00:00,3181.0,3198.4,3176.0,3179.0,122397.0,present
3006,2025-06-13 06:00:00+00:00,3178.2,3178.6,3151.0,3159.0,256056.0,present
3007,2025-06-13 08:00:00+00:00,3158.8,3169.0,3150.0,3168.0,194510.0,present
3008,2025-06-13 10:00:00+00:00,3168.0,3168.8,3156.8,3160.8,110237.0,present
3009,2025-06-13 12:00:00+00:00,3160.8,3165.0,3157.6,3159.0,46246.0,present
3010,2025-06-13 14:00:00+00:00,3159.6,3163.0,3153.2,3154.4,68502.0,present
3011,2025-06-13 16:00:00+00:00,3155.0,3155.0,3141.6,3148.0,104584.0,present
3012,2025-06-13 18:00:00+00:00,3148.0,3156.0,3147.4,3147.4,50284.0,present
3013,2025-06-13 20:00:00+00:00,3147.4,3147.6,3132.2,3133.6,55742.0,present
3014,2025-06-13 22:00:00+00:00,3145.32,3147.04,3133.0,3134.36,50052.4,interpolated
3015,2025-06-14 00:00:00+00:00,3143.2400000000002,3146.48,3133.7999999999997,3135.12,44362.8,interpolated
3016,2025-06-14 02:00:00+00:00,3141.16,3145.92,3134.6,3135.88,38673.2,interpolated
3017,2025-06-14 04:00:00+00:00,3139.08,3145.36,3135.3999999999996,3136.64,32983.6,interpolated
3018,2025-06-14 06:00:00+00:00,3137.0,3144.8,3136.2,3137.4,27294.0,present
3019,2025-06-14 08:00:00+00:00,3137.6,3138.6,3135.2,3137.6,27977.0,present
3020,2025-06-14 10:00:00+00:00,3137.8,3143.2,3137.0,3142.8,16217.0,present
3021,2025-06-14 12:00:00+00:00,3143.2,3144.6,3137.0,3139.8,18123.0,present
3022,2025-06-14 14:00:00+00:00,3139.8,3140.0,3137.2,3138.2,11293.0,present
3023,2025-06-14 16:00:00+00:00,3140.8250000000003,3141.25,3136.4249999999997,3138.0,19886.75,interpolated
3024,2025-06-14 18:00:00+00:00,3141.8500000000004,3142.5,3135.6499999999996,3137.7999999999997,28480.5,interpolated
3025,2025-06-14 20:00:00+00:00,3142.875,3143.75,3134.875,3137.6,37074.25,interpolated
3026,2025-06-14 22:00:00+00:00,3143.9,3145.0,3134.1,3137.3999999999996,45668.0,interpolated
3027,2025-06-15 00:00:00+00:00,3144.925,3146.25,3133.325,3137.2,54261.75,interpolated
3028,2025-06-15 02:00:00+00:00,3145.95,3147.5,3132.55,3137.0,62855.49999999999,interpolated
3029,2025-06-15 04:00:00+00:00,3146.975,3148.75,3131.775,3136.7999999999997,71449.25,interpolated
3030,2025-06-15 06:00:00+00:00,3148.0,3150.0,3131.0,3136.6,80043.0,present
3031,2025-06-15 08:00:00+00:00,3136.6,3139.8,3132.4,3138.0,28145.0,present
3032,2025-06-15 10:00:00+00:00,3137.4,3144.0,3135.6,3141.6,35505.0,present
3033,2025-06-15 12:00:00+00:00,3141.4,3141.8,3138.8,3139.6,13192.0,present
3034,2025-06-15 14:00:00+00:00,3139.4,3142.0,3139.0,3140.4,18092.0,present
3035,2025-06-15 16:00:00+00:00,3139.0666666666666,3141.2333333333336,3138.7333333333336,3139.9,15232.0,interpolated
3036,2025-06-15 18:00:00+00:00,3138.7333333333336,3140.4666666666667,3138.4666666666667,3139.4,12372.0,interpolated
3037,2025-06-15 20:00:00+00:00,3138.4,3139.7,3138.2,3138.9,9512.0,interpolated
3038,2025-06-15 22:00:00+00:00,3138.0666666666666,3138.9333333333334,3137.9333333333334,3138.4,6652.0,interpolated
3039,2025-06-16 00:00:00+00:00,3137.7333333333336,3138.166666666667,3137.666666666667,3137.9,3792.0,interpolated
3040,2025-06-16 02:00:00+00:00,3137.4,3137.4,3137.4,3137.4,932.0,present
3041,2025-06-16 04:00:00+00:00,3137.4,3147.0,3134.2,3143.4,67255.0,present
3042,2025-06-16 06:00:00+00:00,3143.0,3158.0,3118.8,3131.8,330345.0,present
3043,2025-06-16 08:00:00+00:00,3131.0,3154.0,3121.0,3151.6,255691.0,present
3044,2025-06-16 10:00:00+00:00,3152.2,3166.0,3152.0,3159.0,278557.0,present
3045,2025-06-16 12:00:00+00:00,3159.0,3175.6,3146.0,3149.0,350157.0,present
3046,2025-06-16 14:00:00+00:00,3149.0,3161.0,3148.4,3152.6,127404.0,present
3047,2025-06-16 16:00:00+00:00,3152.2,3156.6,3148.0,3152.0,81030.0,present
3048,2025-06-16 18:00:00+00:00,3152.0,3153.6,3142.0,3145.6,57303.0,present
3049,2025-06-16 20:00:00+00:00,3146.0,3153.6,3143.2,3152.0,26475.0,present
3050,2025-06-16 22:00:00+00:00,3148.266666666667,3153.3333333333335,3146.4,3152.266666666667,17751.666666666664,interpolated
3051,2025-06-17 00:00:00+00:00,3150.5333333333333,3153.0666666666666,3149.6,3152.5333333333333,9028.333333333332,interpolated
3052,2025-06-17 02:00:00+00:00,3152.8,3152.8,3152.8,3152.8,305.0,present
3053,2025-06-17 04:00:00+00:00,3153.0,3163.4,3150.0,3159.6,77137.0,present
3054,2025-06-17 06:00:00+00:00,3159.2,3177.0,3150.6,3174.2,279168.0,present
3055,2025-06-17 08:00:00+00:00,3174.8,3192.0,3173.2,3187.8,375744.0,present
3056,2025-06-17 10:00:00+00:00,3187.8,3190.6,3181.0,3183.2,166672.0,present
3057,2025-06-17 12:00:00+00:00,3183.6,3197.8,3182.0,3197.8,217536.0,present
3058,2025-06-17 12:00:00+00:00,3183.6,3197.8,3182.0,3197.8,217536.0,present
3059,2025-06-17 14:00:00+00:00,3197.8,3218.6,3191.8,3214.8,429151.0,present
3060,2025-06-17 16:00:00+00:00,3215.0,3217.6,3207.0,3210.2,144470.0,present
3061,2025-06-17 18:00:00+00:00,3210.0,3217.6,3201.2,3207.0,169276.0,present
3062,2025-06-17 20:00:00+00:00,3208.0,3211.2,3200.0,3210.0,54995.0,present
3063,2025-06-17 22:00:00+00:00,3211.0,3213.133333333333,3205.6666666666665,3212.3333333333335,37037.0,interpolated
3064,2025-06-18 00:00:00+00:00,3214.0,3215.0666666666666,3211.3333333333335,3214.6666666666665,19079.0,interpolated
3065,2025-06-18 02:00:00+00:00,3217.0,3217.0,3217.0,3217.0,1121.0,present
3066,2025-06-18 04:00:00+00:00,3216.4,3224.0,3211.2,3219.4,167708.0,present
3067,2025-06-18 06:00:00+00:00,3219.4,3227.4,3206.0,3211.0,262798.0,present
3068,2025-06-18 08:00:00+00:00,3210.8,3217.2,3205.4,3214.2,226839.0,present
3069,2025-06-18 10:00:00+00:00,3214.0,3219.6,3208.6,3209.8,198645.0,present
3070,2025-06-18 12:00:00+00:00,3209.6,3211.2,3184.2,3199.6,346896.0,present
3071,2025-06-18 14:00:00+00:00,3199.8,3202.8,3189.0,3201.0,190618.0,present
3072,2025-06-18 16:00:00+00:00,3201.0,3202.2,3191.4,3193.2,97376.0,present
3073,2025-06-18 18:00:00+00:00,3193.0,3195.4,3188.2,3191.0,50303.0,present
3074,2025-06-18 20:00:00+00:00,3191.8,3194.6,3191.2,3194.4,20280.0,present
3075,2025-06-18 22:00:00+00:00,3193.4,3195.2666666666664,3193.0,3195.133333333333,13556.666666666668,interpolated
3076,2025-06-19 00:00:00+00:00,3195.0,3195.9333333333334,3194.7999999999997,3195.866666666667,6833.333333333334,interpolated
3077,2025-06-19 02:00:00+00:00,3196.6,3196.6,3196.6,3196.6,110.0,present
3078,2025-06-19 04:00:00+00:00,3196.8,3207.2,3196.0,3203.0,106707.0,present
3079,2025-06-19 06:00:00+00:00,3203.0,3217.0,3198.0,3212.4,200677.0,present
3080,2025-06-19 08:00:00+00:00,3212.0,3218.4,3204.0,3206.0,158397.0,present
3081,2025-06-19 10:00:00+00:00,3206.0,3208.2,3195.0,3201.2,200129.0,present
3082,2025-06-19 12:00:00+00:00,3201.2,3201.2,3176.6,3183.0,484698.0,present
3083,2025-06-19 14:00:00+00:00,3183.0,3192.0,3178.0,3182.4,220649.0,present
3084,2025-06-19 16:00:00+00:00,3185.0,3191.0,3181.2,3185.6,70044.0,present
3085,2025-06-19 18:00:00+00:00,3185.0,3186.8,3178.0,3180.8,73612.0,present
3086,2025-06-19 20:00:00+00:00,3180.6,3182.6,3179.2,3180.8,25659.0,present
3087,2025-06-19 22:00:00+00:00,3181.4,3182.733333333333,3180.4666666666667,3181.5333333333333,17597.0,interpolated
3088,2025-06-20 00:00:00+00:00,3182.2,3182.866666666667,3181.733333333333,3182.266666666667,9535.0,interpolated
3089,2025-06-20 02:00:00+00:00,3183.0,3183.0,3183.0,3183.0,1473.0,present
3090,2025-06-20 04:00:00+00:00,3184.0,3194.6,3178.0,3191.0,80267.0,present
3091,2025-06-20 06:00:00+00:00,3190.8,3193.6,3178.8,3190.0,181799.0,present
3092,2025-06-20 08:00:00+00:00,3189.8,3191.4,3185.0,3188.8,117546.0,present
3093,2025-06-20 10:00:00+00:00,3188.8,3196.8,3186.6,3189.2,173513.0,present
3094,2025-06-20 12:00:00+00:00,3188.8,3196.6,3172.4,3176.0,320493.0,present
3095,2025-06-20 14:00:00+00:00,3175.8,3181.4,3172.2,3178.8,180989.0,present
3096,2025-06-20 16:00:00+00:00,3175.8,3177.0,3150.0,3154.0,173865.0,present
3097,2025-06-20 18:00:00+00:00,3154.0,3164.4,3151.6,3152.0,69597.0,present
3098,2025-06-20 20:00:00+00:00,3151.2,3159.4,3151.2,3158.0,47136.0,present
3099,2025-06-20 22:00:00+00:00,3151.511111111111,3159.4074074074074,3151.511111111111,3158.0592592592593,45447.555555555555,interpolated
3100,2025-06-21 00:00:00+00:00,3151.822222222222,3159.4148148148147,3151.822222222222,3158.1185185185186,43759.11111111111,interpolated
3101,2025-06-21 02:00:00+00:00,3152.133333333333,3159.4222222222224,3152.133333333333,3158.177777777778,42070.666666666664,interpolated
3102,2025-06-21 04:00:00+00:00,3152.4444444444443,3159.4296296296297,3152.4444444444443,3158.237037037037,40382.22222222222,interpolated
3103,2025-06-21 06:00:00+00:00,3152.7555555555555,3159.437037037037,3152.7555555555555,3158.296296296296,38693.77777777778,interpolated
3104,2025-06-21 08:00:00+00:00,3153.0666666666666,3159.4444444444443,3153.0666666666666,3158.3555555555554,37005.333333333336,interpolated
3105,2025-06-21 10:00:00+00:00,3153.3777777777777,3159.451851851852,3153.3777777777777,3158.4148148148147,35316.88888888889,interpolated
3106,2025-06-21 12:00:00+00:00,3153.688888888889,3159.4592592592594,3153.688888888889,3158.474074074074,33628.444444444445,interpolated
3107,2025-06-21 14:00:00+00:00,3154.0,3159.4666666666667,3154.0,3158.5333333333333,31940.0,interpolated
3108,2025-06-21 16:00:00+00:00,3154.311111111111,3159.474074074074,3154.311111111111,3158.5925925925926,30251.555555555555,interpolated
3109,2025-06-21 18:00:00+00:00,3154.6222222222223,3159.4814814814813,3154.6222222222223,3158.651851851852,28563.111111111113,interpolated
3110,2025-06-21 20:00:00+00:00,3154.9333333333334,3159.488888888889,3154.9333333333334,3158.711111111111,26874.666666666668,interpolated
3111,2025-06-21 22:00:00+00:00,3155.2444444444445,3159.4962962962964,3155.2444444444445,3158.7703703703705,25186.222222222223,interpolated
3112,2025-06-22 00:00:00+00:00,3155.555555555555,3159.5037037037036,3155.555555555555,3158.8296296296294,23497.777777777777,interpolated
3113,2025-06-22 02:00:00+00:00,3155.8666666666663,3159.511111111111,3155.8666666666663,3158.8888888888887,21809.333333333336,interpolated
3114,2025-06-22 04:00:00+00:00,3156.1777777777775,3159.5185185185187,3156.1777777777775,3158.948148148148,20120.88888888889,interpolated
3115,2025-06-22 06:00:00+00:00,3156.4888888888886,3159.525925925926,3156.4888888888886,3159.0074074074073,18432.444444444445,interpolated
3116,2025-06-22 08:00:00+00:00,3156.7999999999997,3159.5333333333333,3156.7999999999997,3159.0666666666666,16744.0,interpolated
3117,2025-06-22 10:00:00+00:00,3157.111111111111,3159.5407407407406,3157.111111111111,3159.125925925926,15055.555555555558,interpolated
3118,2025-06-22 12:00:00+00:00,3157.422222222222,3159.548148148148,3157.422222222222,3159.185185185185,13367.11111111111,interpolated
3119,2025-06-22 14:00:00+00:00,3157.733333333333,3159.5555555555557,3157.733333333333,3159.2444444444445,11678.666666666672,interpolated
3120,2025-06-22 16:00:00+00:00,3158.0444444444443,3159.562962962963,3158.0444444444443,3159.303703703704,9990.222222222226,interpolated
3121,2025-06-22 18:00:00+00:00,3158.3555555555554,3159.5703703703703,3158.3555555555554,3159.3629629629627,8301.777777777781,interpolated
3122,2025-06-22 20:00:00+00:00,3158.6666666666665,3159.5777777777776,3158.6666666666665,3159.422222222222,6613.333333333336,interpolated
3123,2025-06-22 22:00:00+00:00,3158.9777777777776,3159.5851851851853,3158.9777777777776,3159.4814814814813,4924.8888888888905,interpolated
3124,2025-06-23 00:00:00+00:00,3159.288888888889,3159.5925925925926,3159.288888888889,3159.5407407407406,3236.4444444444453,interpolated
3125,2025-06-23 02:00:00+00:00,3159.6,3159.6,3159.6,3159.6,1548.0,present
3126,2025-06-23 04:00:00+00:00,3159.6,3164.0,3145.8,3149.0,126253.0,present
3127,2025-06-23 06:00:00+00:00,3149.0,3149.8,3120.0,3128.0,370303.0,present
3128,2025-06-23 08:00:00+00:00,3127.4,3143.8,3124.2,3141.2,207884.0,present
3129,2025-06-23 10:00:00+00:00,3141.8,3148.8,3134.0,3146.6,217453.0,present
3130,2025-06-23 12:00:00+00:00,3146.6,3179.6,3144.6,3174.4,314164.0,present
3131,2025-06-23 14:00:00+00:00,3175.0,3189.0,3174.0,3176.0,257184.0,present
3132,2025-06-23 16:00:00+00:00,3175.0,3182.6,3150.0,3158.8,268547.0,present
3133,2025-06-23 18:00:00+00:00,3159.0,3163.8,3155.4,3157.2,52429.0,present
3134,2025-06-23 20:00:00+00:00,3157.4,3160.2,3151.4,3160.2,38234.0,present
3135,2025-06-23 22:00:00+00:00,3159.6,3161.4666666666667,3155.6,3161.4666666666667,26011.0,interpolated
3136,2025-06-24 00:00:00+00:00,3161.8,3162.733333333333,3159.8,3162.733333333333,13788.0,interpolated
3137,2025-06-24 02:00:00+00:00,3164.0,3164.0,3164.0,3164.0,1565.0,present
3138,2025-06-24 04:00:00+00:00,3164.0,3189.6,3160.2,3177.2,166709.0,present
3139,2025-06-24 06:00:00+00:00,3177.4,3181.8,3147.6,3161.8,456231.0,present
3140,2025-06-24 08:00:00+00:00,3161.8,3169.6,3145.0,3166.0,340060.0,present
3141,2025-06-24 10:00:00+00:00,3165.8,3167.0,3149.4,3154.2,133144.0,present
3142,2025-06-24 12:00:00+00:00,3154.4,3165.0,3149.6,3159.8,174194.0,present
3143,2025-06-24 12:00:00+00:00,3154.4,3165.0,3149.6,3159.8,174194.0,present
3144,2025-06-24 14:00:00+00:00,3159.6,3180.8,3158.8,3175.0,226035.0,present
3145,2025-06-24 16:00:00+00:00,3175.0,3175.0,3162.4,3169.0,114573.0,present
3146,2025-06-24 18:00:00+00:00,3168.2,3189.0,3166.2,3187.2,202151.0,present
3147,2025-06-24 20:00:00+00:00,3187.4,3199.0,3187.4,3193.6,95863.0,present
3148,2025-06-24 22:00:00+00:00,3190.4,3198.133333333333,3190.4,3194.5333333333333,64165.666666666664,interpolated
3149,2025-06-25 00:00:00+00:00,3193.4,3197.266666666667,3193.4,3195.4666666666667,32468.33333333333,interpolated
3150,2025-06-25 02:00:00+00:00,3196.4,3196.4,3196.4,3196.4,771.0,present
3151,2025-06-25 04:00:00+00:00,3196.4,3198.8,3187.4,3193.0,165577.0,present
3152,2025-06-25 06:00:00+00:00,3193.0,3215.0,3189.8,3212.4,354318.0,present
3153,2025-06-25 08:00:00+00:00,3212.4,3229.6,3211.6,3223.2,450748.0,present
3154,2025-06-25 10:00:00+00:00,3223.2,3235.8,3218.2,3227.6,358127.0,present
3155,2025-06-25 12:00:00+00:00,3227.8,3240.0,3227.6,3230.0,293641.0,present
3156,2025-06-25 14:00:00+00:00,3229.8,3241.6,3217.6,3240.8,372654.0,present
3157,2025-06-25 16:00:00+00:00,3237.2,3243.8,3230.8,3235.8,144631.0,present
3158,2025-06-25 18:00:00+00:00,3236.2,3238.6,3233.0,3237.8,70984.0,present
3159,2025-06-25 20:00:00+00:00,3237.6,3240.6,3237.0,3240.6,37367.0,present
3160,2025-06-25 22:00:00+00:00,3240.7999999999997,3242.7999999999997,3240.4,3242.7999999999997,26475.666666666668,interpolated
3161,2025-06-26 00:00:00+00:00,3244.0,3245.0,3243.7999999999997,3245.0,15584.333333333336,interpolated
3162,2025-06-26 02:00:00+00:00,3247.2,3247.2,3247.2,3247.2,4693.0,present
3163,2025-06-26 04:00:00+00:00,3247.8,3264.4,3244.4,3258.2,173683.0,present
3164,2025-06-26 06:00:00+00:00,3259.2,3263.0,3239.0,3243.6,271472.0,present
3165,2025-06-26 08:00:00+00:00,3243.6,3247.2,3230.0,3242.8,261638.0,present
3166,2025-06-26 10:00:00+00:00,3242.8,3250.0,3230.4,3241.4,278893.0,present
3167,2025-06-26 12:00:00+00:00,3242.2,3245.0,3236.8,3241.2,116126.0,present
3168,2025-06-26 14:00:00+00:00,3241.0,3248.6,3238.4,3244.0,164466.0,present
3169,2025-06-26 16:00:00+00:00,3241.0,3241.2,3222.4,3228.8,153672.0,present
3170,2025-06-26 18:00:00+00:00,3228.8,3235.0,3227.8,3233.2,42719.0,present
3171,2025-06-26 20:00:00+00:00,3233.4,3235.6,3229.2,3235.6,35360.0,present
3172,2025-06-26 22:00:00+00:00,3236.5333333333333,3238.0,3233.733333333333,3238.0,23755.333333333336,interpolated
3173,2025-06-27 00:00:00+00:00,3239.666666666667,3240.4,3238.266666666667,3240.4,12150.666666666668,interpolated
3174,2025-06-27 02:00:00+00:00,3242.8,3242.8,3242.8,3242.8,546.0,present
3175,2025-06-27 04:00:00+00:00,3242.6,3243.2,3233.2,3235.6,74716.0,present
3176,2025-06-27 06:00:00+00:00,3235.8,3238.4,3227.6,3231.8,131001.0,present
3177,2025-06-27 08:00:00+00:00,3231.8,3238.8,3229.6,3235.6,149741.0,present
3178,2025-06-27 10:00:00+00:00,3235.4,3238.0,3228.4,3235.0,145465.0,present
3179,2025-06-27 12:00:00+00:00,3235.6,3249.8,3233.0,3249.0,282596.0,present
3180,2025-06-27 14:00:00+00:00,3249.2,3256.8,3245.4,3253.2,321240.0,present
3181,2025-06-27 16:00:00+00:00,3255.0,3258.2,3250.6,3257.6,121866.0,present
3182,2025-06-27 18:00:00+00:00,3257.6,3258.2,3255.0,3258.2,57283.0,present
3183,2025-06-27 20:00:00+00:00,3258.2,3260.0,3257.6,3260.0,53525.0,present
3184,2025-06-27 22:00:00+00:00,3259.16,3264.64,3258.68,3263.4,58244.2,interpolated
3185,2025-06-28 00:00:00+00:00,3260.12,3269.2799999999997,3259.7599999999998,3266.8,62963.4,interpolated
3186,2025-06-28 02:00:00+00:00,3261.08,3273.92,3260.84,3270.2,67682.6,interpolated
3187,2025-06-28 04:00:00+00:00,3262.04,3278.56,3261.92,3273.6,72401.8,interpolated
3188,2025-06-28 06:00:00+00:00,3263.0,3283.2,3263.0,3277.0,77121.0,present
3189,2025-06-28 08:00:00+00:00,3277.0,3278.0,3268.6,3274.2,60704.0,present
3190,2025-06-28 10:00:00+00:00,3274.2,3274.4,3270.0,3270.8,20634.0,present
3191,2025-06-28 12:00:00+00:00,3270.6,3272.8,3270.4,3272.2,9981.0,present
3192,2025-06-28 14:00:00+00:00,3272.0,3272.2,3269.6,3270.2,13654.0,present
3193,2025-06-28 16:00:00+00:00,3271.8,3272.475,3269.7,3270.45,12786.25,interpolated
3194,2025-06-28 18:00:00+00:00,3271.6,3272.75,3269.8,3270.7,11918.5,interpolated
3195,2025-06-28 20:00:00+00:00,3271.4,3273.025,3269.9,3270.95,11050.75,interpolated
3196,2025-06-28 22:00:00+00:00,3271.2,3273.3,3270.0,3271.2,10183.0,interpolated
3197,2025-06-29 00:00:00+00:00,3271.0,3273.575,3270.1,3271.45,9315.25,interpolated
3198,2025-06-29 02:00:00+00:00,3270.8,3273.85,3270.2,3271.7,8447.5,interpolated
3199,2025-06-29 04:00:00+00:00,3270.6,3274.125,3270.3,3271.95,7579.75,interpolated
3200,2025-06-29 06:00:00+00:00,3270.4,3274.4,3270.4,3272.2,6712.0,present
3201,2025-06-29 08:00:00+00:00,3272.6,3273.0,3271.0,3272.0,7329.0,present
3202,2025-06-29 10:00:00+00:00,3272.0,3272.0,3270.2,3271.2,10851.0,present
3203,2025-06-29 12:00:00+00:00,3271.4,3282.4,3271.2,3274.2,104186.0,present
3204,2025-06-29 14:00:00+00:00,3274.2,3275.0,3270.2,3272.0,39550.0,present
3205,2025-06-29 16:00:00+00:00,3273.7666666666664,3274.4333333333334,3270.4333333333334,3271.9333333333334,33150.166666666664,interpolated
3206,2025-06-29 18:00:00+00:00,3273.333333333333,3273.866666666667,3270.6666666666665,3271.866666666667,26750.333333333336,interpolated
3207,2025-06-29 20:00:00+00:00,3272.9,3273.3,3270.9,3271.8,20350.5,interpolated
3208,2025-06-29 22:00:00+00:00,3272.4666666666667,3272.733333333333,3271.133333333333,3271.733333333333,13950.666666666668,interpolated
3209,2025-06-30 00:00:00+00:00,3272.0333333333333,3272.1666666666665,3271.366666666667,3271.6666666666665,7550.833333333332,interpolated
3210,2025-06-30 02:00:00+00:00,3271.6,3271.6,3271.6,3271.6,1151.0,present
3211,2025-06-30 04:00:00+00:00,3271.8,3279.6,3271.6,3275.6,87884.0,present
3212,2025-06-30 06:00:00+00:00,3275.6,3287.0,3261.6,3266.0,454930.0,present
3213,2025-06-30 08:00:00+00:00,3265.2,3271.0,3247.0,3249.2,481168.0,present
3214,2025-06-30 10:00:00+00:00,3249.0,3272.8,3247.2,3268.0,463374.0,present
3215,2025-06-30 12:00:00+00:00,3268.0,3273.8,3261.0,3263.0,218242.0,present
3216,2025-06-30 14:00:00+00:00,3263.4,3276.2,3261.4,3268.6,188426.0,present
3217,2025-06-30 16:00:00+00:00,3268.8,3269.6,3266.4,3269.0,45471.0,present
3218,2025-06-30 18:00:00+00:00,3269.0,3269.4,3267.4,3268.4,26350.0,present
3219,2025-06-30 20:00:00+00:00,3268.2,3269.0,3266.2,3268.0,35731.0,present
3220,2025-06-30 22:00:00+00:00,3268.4,3268.9333333333334,3267.0666666666666,3268.266666666667,24379.333333333336,interpolated
3221,2025-07-01 00:00:00+00:00,3268.6,3268.866666666667,3267.9333333333334,3268.5333333333333,13027.666666666668,interpolated
3222,2025-07-01 02:00:00+00:00,3268.8,3268.8,3268.8,3268.8,1676.0,present
3223,2025-07-01 04:00:00+00:00,3268.8,3273.8,3264.2,3272.8,93560.0,present
3224,2025-07-01 06:00:00+00:00,3272.0,3281.6,3268.0,3276.6,234384.0,present
3225,2025-07-01 08:00:00+00:00,3276.6,3286.4,3270.2,3279.2,362386.0,present
3226,2025-07-01 10:00:00+00:00,3279.2,3290.0,3274.0,3288.4,243305.0,present
3227,2025-07-01 12:00:00+00:00,3288.2,3301.2,3287.2,3293.6,351033.0,present
3228,2025-07-01 12:00:00+00:00,3288.2,3301.2,3287.2,3293.6,351033.0,present
3229,2025-07-01 14:00:00+00:00,3294.0,3297.8,3285.0,3286.8,235274.0,present
3230,2025-07-01 16:00:00+00:00,3286.8,3295.0,3285.2,3286.0,132860.0,present
3231,2025-07-01 18:00:00+00:00,3286.0,3288.0,3273.0,3277.4,173869.0,present
3232,2025-07-01 20:00:00+00:00,3277.2,3282.0,3275.8,3278.8,30561.0,present
3233,2025-07-01 22:00:00+00:00,3278.4666666666667,3281.6666666666665,3277.5333333333333,3279.5333333333333,20766.666666666664,interpolated
3234,2025-07-02 00:00:00+00:00,3279.733333333333,3281.3333333333335,3279.266666666667,3280.266666666667,10972.333333333332,interpolated
3235,2025-07-02 02:00:00+00:00,3281.0,3281.0,3281.0,3281.0,1178.0,present
3236,2025-07-02 04:00:00+00:00,3281.2,3284.8,3280.0,3281.0,82950.0,present
3237,2025-07-02 06:00:00+00:00,3281.2,3282.0,3260.4,3267.2,299744.0,present
3238,2025-07-02 08:00:00+00:00,3267.2,3272.6,3255.6,3266.8,326905.0,present
3239,2025-07-02 10:00:00+00:00,3267.0,3275.8,3256.0,3271.6,258027.0,present
3240,2025-07-02 12:00:00+00:00,3272.0,3283.4,3270.4,3275.6,249549.0,present
3241,2025-07-02 14:00:00+00:00,3275.6,3276.6,3257.4,3260.2,210918.0,present
3242,2025-07-02 16:00:00+00:00,3264.2,3272.0,3263.0,3266.4,138169.0,present
3243,2025-07-02 18:00:00+00:00,3266.4,3268.0,3262.0,3264.8,31100.0,present
3244,2025-07-02 20:00:00+00:00,3265.0,3268.2,3262.8,3268.2,19777.0,present
3245,2025-07-02 22:00:00+00:00,3266.9333333333334,3269.0666666666666,3265.4666666666667,3269.0666666666666,13679.333333333332,interpolated
3246,2025-07-03 00:00:00+00:00,3268.866666666667,3269.9333333333334,3268.1333333333337,3269.9333333333334,7581.666666666666,interpolated
3247,2025-07-03 02:00:00+00:00,3270.8,3270.8,3270.8,3270.8,1484.0,present
3248,2025-07-03 04:00:00+00:00,3270.6,3272.0,3266.6,3270.8,27017.0,present
3249,2025-07-03 06:00:00+00:00,3270.4,3270.8,3259.8,3266.8,155013.0,present
3250,2025-07-03 08:00:00+00:00,3267.8,3279.0,3265.8,3274.4,239090.0,present
3251,2025-07-03 10:00:00+00:00,3274.8,3277.4,3262.4,3271.0,146615.0,present
3252,2025-07-03 12:00:00+00:00,3270.8,3275.8,3263.2,3272.8,216702.0,present
3253,2025-07-03 14:00:00+00:00,3272.8,3275.0,3268.4,3269.0,138187.0,present
3254,2025-07-03 16:00:00+00:00,3270.8,3271.6,3250.2,3252.4,194908.0,present
3255,2025-07-03 18:00:00+00:00,3252.2,3252.4,3235.0,3238.4,122463.0,present
3256,2025-07-03 20:00:00+00:00,3238.6,3244.4,3235.2,3244.4,42955.0,present
3257,2025-07-03 22:00:00+00:00,3239.0,3242.866666666667,3236.733333333333,3242.866666666667,28780.333333333336,interpolated
3258,2025-07-04 00:00:00+00:00,3239.4,3241.3333333333335,3238.266666666667,3241.3333333333335,14605.666666666668,interpolated
3259,2025-07-04 02:00:00+00:00,3239.8,3239.8,3239.8,3239.8,431.0,present
3260,2025-07-04 04:00:00+00:00,3239.0,3245.2,3226.4,3235.4,157961.0,present
3261,2025-07-04 06:00:00+00:00,3237.2,3257.4,3237.2,3243.8,287539.0,present
3262,2025-07-04 08:00:00+00:00,3243.0,3246.6,3218.2,3228.2,411119.0,present
3263,2025-07-04 10:00:00+00:00,3228.0,3238.0,3223.8,3234.4,163050.0,present
3264,2025-07-04 12:00:00+00:00,3234.6,3234.8,3220.8,3222.0,114726.0,present
3265,2025-07-04 14:00:00+00:00,3222.2,3224.4,3212.0,3217.8,105721.0,present
3266,2025-07-04 16:00:00+00:00,3217.8,3218.0,3208.2,3209.8,77257.0,present
3267,2025-07-04 18:00:00+00:00,3209.2,3216.6,3209.2,3214.8,39012.0,present
3268,2025-07-04 20:00:00+00:00,3215.0,3217.8,3215.0,3217.4,19070.0,present
3269,2025-07-04 22:00:00+00:00,3215.72,3218.6400000000003,3215.72,3218.16,16762.2,interpolated
3270,2025-07-05 00:00:00+00:00,3216.44,3219.48,3216.44,3218.92,14454.4,interpolated
3271,2025-07-05 02:00:00+00:00,3217.16,3220.32,3217.16,3219.68,12146.599999999999,interpolated
3272,2025-07-05 04:00:00+00:00,3217.88,3221.16,3217.88,3220.44,9838.8,interpolated
3273,2025-07-05 06:00:00+00:00,3218.6,3222.0,3218.6,3221.2,7531.0,present
3274,2025-07-05 08:00:00+00:00,3221.2,3221.6,3216.2,3216.6,10572.0,present
3275,2025-07-05 10:00:00+00:00,3216.8,3217.8,3215.2,3217.0,7204.0,present
3276,2025-07-05 12:00:00+00:00,3216.4,3217.6,3216.4,3217.0,1761.0,present
3277,2025-07-05 14:00:00+00:00,3217.0,3217.4,3215.4,3216.0,3982.0,present
3278,2025-07-05 16:00:00+00:00,3216.825,3217.175,3213.875,3215.1,5050.25,interpolated
3279,2025-07-05 18:00:00+00:00,3216.65,3216.9500000000003,3212.35,3214.2,6118.5,interpolated
3280,2025-07-05 20:00:00+00:00,3216.475,3216.725,3210.825,3213.3,7186.75,interpolated
3281,2025-07-05 22:00:00+00:00,3216.3,3216.5,3209.3,3212.4,8255.0,interpolated
3282,2025-07-06 00:00:00+00:00,3216.125,3216.275,3207.775,3211.5,9323.25,interpolated
3283,2025-07-06 02:00:00+00:00,3215.95,3216.05,3206.25,3210.6000000000004,10391.5,interpolated
3284,2025-07-06 04:00:00+00:00,3215.775,3215.825,3204.725,3209.7000000000003,11459.75,interpolated
3285,2025-07-06 06:00:00+00:00,3215.6,3215.6,3203.2,3208.8,12528.0,present
3286,2025-07-06 08:00:00+00:00,3208.8,3209.8,3201.8,3209.2,11041.0,present
3287,2025-07-06 10:00:00+00:00,3209.2,3209.4,3208.6,3209.0,2404.0,present
3288,2025-07-06 12:00:00+00:00,3209.0,3210.8,3208.6,3210.0,2580.0,present
3289,2025-07-06 14:00:00+00:00,3210.0,3212.8,3209.6,3211.6,4208.0,present
3290,2025-07-06 16:00:00+00:00,3210.866666666667,3213.2000000000003,3210.5333333333333,3212.2,3523.6666666666665,interpolated
3291,2025-07-06 18:00:00+00:00,3211.733333333333,3213.6,3211.4666666666667,3212.7999999999997,2839.333333333333,interpolated
3292,2025-07-06 20:00:00+00:00,3212.6,3214.0,3212.4,3213.3999999999996,2155.0,interpolated
3293,2025-07-06 22:00:00+00:00,3213.4666666666667,3214.4,3213.333333333333,3214.0,1470.6666666666665,interpolated
3294,2025-07-07 00:00:00+00:00,3214.333333333333,3214.7999999999997,3214.2666666666664,3214.6,786.3333333333335,interpolated
3295,2025-07-07 02:00:00+00:00,3215.2,3215.2,3215.2,3215.2,102.0,present
3296,2025-07-07 04:00:00+00:00,3213.6,3215.2,3202.6,3206.0,51145.0,present
3297,2025-07-07 06:00:00+00:00,3206.4,3215.0,3206.4,3210.8,133047.0,present
3298,2025-07-07 08:00:00+00:00,3210.2,3232.8,3206.0,3228.4,223413.0,present
3299,2025-07-07 10:00:00+00:00,3228.2,3231.0,3215.2,3223.4,130247.0,present
3300,2025-07-07 12:00:00+00:00,3223.8,3225.6,3216.2,3216.2,78568.0,present
3301,2025-07-07 14:00:00+00:00,3217.0,3220.0,3213.0,3216.0,87298.0,present
3302,2025-07-07 16:00:00+00:00,3214.2,3216.0,3192.8,3197.0,150832.0,present
3303,2025-07-07 18:00:00+00:00,3196.8,3198.6,3191.8,3192.0,75356.0,present
3304,2025-07-07 20:00:00+00:00,3191.8,3194.0,3187.6,3188.0,32399.0,present
3305,2025-07-07 22:00:00+00:00,3190.866666666667,3192.3333333333335,3188.0666666666666,3188.3333333333335,22223.0,interpolated
3306,2025-07-08 00:00:00+00:00,3189.9333333333334,3190.6666666666665,3188.5333333333333,3188.6666666666665,12047.0,interpolated
3307,2025-07-08 02:00:00+00:00,3189.0,3189.0,3189.0,3189.0,1871.0,present
3308,2025-07-08 04:00:00+00:00,3190.0,3194.8,3182.2,3190.8,110135.0,present
3309,2025-07-08 06:00:00+00:00,3191.0,3201.2,3186.8,3197.2,306795.0,present
3310,2025-07-08 08:00:00+00:00,3197.0,3210.0,3191.0,3210.0,193714.0,present
3311,2025-07-08 10:00:00+00:00,3210.0,3216.8,3196.2,3197.2,209017.0,present
3312,2025-07-08 12:00:00+00:00,3197.2,3202.2,3187.8,3192.2,193701.0,present
3313,2025-07-08 12:00:00+00:00,3197.2,3202.2,3187.8,3192.2,193701.0,present
3314,2025-07-08 14:00:00+00:00,3192.4,3208.6,3190.8,3204.4,148983.0,present
3315,2025-07-08 16:00:00+00:00,3204.4,3205.8,3152.2,3157.0,391170.0,present
3316,2025-07-08 18:00:00+00:00,3156.6,3160.6,3151.0,3160.2,110904.0,present
3317,2025-07-08 20:00:00+00:00,3160.2,3160.4,3152.2,3157.0,37354.0,present
3318,2025-07-08 22:00:00+00:00,3159.4666666666667,3159.6,3154.133333333333,3157.3333333333335,24998.666666666664,interpolated
3319,2025-07-09 00:00:00+00:00,3158.733333333333,3158.8,3156.0666666666666,3157.6666666666665,12643.333333333332,interpolated
3320,2025-07-09 02:00:00+00:00,3158.0,3158.0,3158.0,3158.0,288.0,present
3321,2025-07-09 04:00:00+00:00,3157.4,3169.2,3157.0,3163.2,91514.0,present
3322,2025-07-09 06:00:00+00:00,3163.0,3176.0,3156.8,3164.6,348343.0,present
3323,2025-07-09 08:00:00+00:00,3164.0,3177.4,3159.0,3166.8,300803.0,present
3324,2025-07-09 10:00:00+00:00,3166.0,3182.4,3162.0,3181.4,237604.0,present
3325,2025-07-09 12:00:00+00:00,3181.4,3192.0,3176.0,3179.8,165570.0,present
3326,2025-07-09 14:00:00+00:00,3179.8,3180.0,3155.4,3169.2,206634.0,present
3327,2025-07-09 16:00:00+00:00,3170.6,3181.2,3165.2,3172.2,163705.0,present
3328,2025-07-09 18:00:00+00:00,3172.2,3181.0,3169.6,3179.6,67788.0,present
3329,2025-07-09 20:00:00+00:00,3179.2,3182.4,3176.4,3182.4,30143.0,present
3330,2025-07-09 22:00:00+00:00,3181.0666666666666,3183.2000000000003,3179.2000000000003,3183.2000000000003,20343.0,interpolated
3331,2025-07-10 00:00:00+00:00,3182.9333333333334,3184.0,3182.0,3184.0,10543.0,interpolated
3332,2025-07-10 02:00:00+00:00,3184.8,3184.8,3184.8,3184.8,743.0,present
3333,2025-07-10 04:00:00+00:00,3184.8,3200.0,3176.0,3188.2,148780.0,present
3334,2025-07-10 06:00:00+00:00,3188.0,3197.0,3186.6,3192.8,138385.0,present
3335,2025-07-10 08:00:00+00:00,3193.4,3194.6,3182.0,3190.2,152496.0,present
3336,2025-07-10 10:00:00+00:00,3190.2,3192.4,3177.2,3180.6,158976.0,present
3337,2025-07-10 12:00:00+00:00,3180.8,3205.6,3177.6,3203.0,247701.0,present
3338,2025-07-10 14:00:00+00:00,3203.6,3213.8,3203.0,3212.0,166931.0,present
3339,2025-07-10 16:00:00+00:00,3212.0,3212.0,3196.2,3204.2,85289.0,present
3340,2025-07-10 18:00:00+00:00,3204.4,3205.6,3197.0,3199.0,37445.0,present
3341,2025-07-10 20:00:00+00:00,3199.2,3200.8,3198.6,3199.8,24379.0,present
3342,2025-07-10 22:00:00+00:00,3200.133333333333,3201.2000000000003,3199.733333333333,3200.5333333333333,16335.0,interpolated
3343,2025-07-11 00:00:00+00:00,3201.0666666666666,3201.6,3200.866666666667,3201.266666666667,8291.000000000002,interpolated
3344,2025-07-11 02:00:00+00:00,3202.0,3202.0,3202.0,3202.0,247.0,present
3345,2025-07-11 04:00:00+00:00,3202.0,3206.8,3190.2,3193.2,124146.0,present
3346,2025-07-11 06:00:00+00:00,3192.4,3195.8,3183.8,3188.2,173348.0,present
3347,2025-07-11 08:00:00+00:00,3187.4,3189.0,3161.4,3163.6,283093.0,present
3348,2025-07-11 10:00:00+00:00,3163.8,3170.2,3162.2,3168.2,156764.0,present
3349,2025-07-11 12:00:00+00:00,3168.2,3180.0,3167.2,3178.0,159434.0,present
3350,2025-07-11 14:00:00+00:00,3178.4,3178.8,3142.8,3146.8,432919.0,present
3351,2025-07-11 16:00:00+00:00,3146.0,3153.6,3139.2,3141.0,126329.0,present
3352,2025-07-11 18:00:00+00:00,3141.2,3141.2,3122.8,3123.2,112666.0,present
3353,2025-07-11 20:00:00+00:00,3123.2,3124.4,3115.2,3119.4,44886.0,present
3354,2025-07-11 22:00:00+00:00,3123.52,3125.2400000000002,3116.3599999999997,3120.84,39952.2,interpolated
3355,2025-07-12 00:00:00+00:00,3123.84,3126.08,3117.52,3122.28,35018.4,interpolated
3356,2025-07-12 02:00:00+00:00,3124.16,3126.92,3118.68,3123.72,30084.6,interpolated
3357,2025-07-12 04:00:00+00:00,3124.48,3127.7599999999998,3119.84,3125.16,25150.8,interpolated
3358,2025-07-12 06:00:00+00:00,3124.8,3128.6,3121.0,3126.6,20217.0,present
3359,2025-07-12 08:00:00+00:00,3126.0,3126.8,3122.2,3123.8,13283.0,present
3360,2025-07-12 10:00:00+00:00,3122.4,3124.0,3115.8,3119.0,14711.0,present
3361,2025-07-12 12:00:00+00:00,3119.0,3119.2,3110.2,3112.8,16050.0,present
3362,2025-07-12 14:00:00+00:00,3112.6,3115.2,3110.6,3114.0,11188.0,present
3363,2025-07-12 16:00:00+00:00,3113.1,3115.8999999999996,3111.0499999999997,3114.05,10821.125,interpolated
3364,2025-07-12 18:00:00+00:00,3113.6,3116.6,3111.5,3114.1,10454.25,interpolated
3365,2025-07-12 20:00:00+00:00,3114.1,3117.3,3111.95,3114.15,10087.375,interpolated
3366,2025-07-12 22:00:00+00:00,3114.6,3118.0,3112.3999999999996,3114.2,9720.5,interpolated
3367,2025-07-13 00:00:00+00:00,3115.1,3118.7,3112.85,3114.25,9353.625,interpolated
3368,2025-07-13 02:00:00+00:00,3115.6,3119.4,3113.2999999999997,3114.3,8986.75,interpolated
3369,2025-07-13 04:00:00+00:00,3116.1,3120.1000000000004,3113.75,3114.35,8619.875,interpolated
3370,2025-07-13 06:00:00+00:00,3116.6,3120.8,3114.2,3114.4,8253.0,present
3371,2025-07-13 08:00:00+00:00,3114.6,3115.4,3092.8,3099.8,47592.0,present
3372,2025-07-13 10:00:00+00:00,3100.2,3100.2,3077.4,3086.4,61298.0,present
3373,2025-07-13 12:00:00+00:00,3085.4,3086.4,3080.0,3085.0,9734.0,present
3374,2025-07-13 14:00:00+00:00,3085.0,3094.0,3084.6,3093.0,16303.0,present
3375,2025-07-13 16:00:00+00:00,3084.0,3091.5,3083.6666666666665,3090.6666666666665,13800.833333333334,interpolated
3376,2025-07-13 18:00:00+00:00,3083.0,3089.0,3082.733333333333,3088.3333333333335,11298.666666666668,interpolated
3377,2025-07-13 20:00:00+00:00,3082.0,3086.5,3081.7999999999997,3086.0,8796.5,interpolated
3378,2025-07-13 22:00:00+00:00,3081.0,3084.0,3080.866666666667,3083.6666666666665,6294.333333333334,interpolated
3379,2025-07-14 00:00:00+00:00,3080.0,3081.5,3079.9333333333334,3081.3333333333335,3792.166666666668,interpolated
3380,2025-07-14 02:00:00+00:00,3079.0,3079.0,3079.0,3079.0,1290.0,present
3381,2025-07-14 04:00:00+00:00,3078.8,3092.6,3067.0,3079.0,187527.0,present
3382,2025-07-14 06:00:00+00:00,3078.6,3185.0,3074.2,3180.4,1043777.0,present
3383,2025-07-14 08:00:00+00:00,3180.8,3182.8,3153.0,3155.4,581715.0,present
3384,2025-07-14 10:00:00+00:00,3155.6,3165.0,3131.4,3138.0,231834.0,present
3385,2025-07-14 12:00:00+00:00,3138.0,3163.2,3132.0,3140.0,342645.0,present
3386,2025-07-14 14:00:00+00:00,3139.6,3209.2,3130.4,3205.0,558841.0,present
3387,2025-07-14 16:00:00+00:00,3205.0,3241.6,3203.2,3222.2,567426.0,present
3388,2025-07-14 18:00:00+00:00,3222.4,3235.0,3219.0,3234.4,77337.0,present
3389,2025-07-14 20:00:00+00:00,3234.4,3243.6,3232.8,3243.0,85955.0,present
3390,2025-07-14 22:00:00+00:00,3237.6,3243.733333333333,3236.5333333333333,3243.3333333333335,57737.0,interpolated
3391,2025-07-15 00:00:00+00:00,3240.8,3243.866666666667,3240.266666666667,3243.6666666666665,29519.0,interpolated
3392,2025-07-15 02:00:00+00:00,3244.0,3244.0,3244.0,3244.0,1301.0,present
3393,2025-07-15 04:00:00+00:00,3244.8,3247.0,3229.6,3237.6,176471.0,present
3394,2025-07-15 06:00:00+00:00,3237.4,3254.0,3228.2,3230.8,341314.0,present
3395,2025-07-15 08:00:00+00:00,3230.6,3335.0,3229.8,3326.6,917510.0,present
3396,2025-07-15 10:00:00+00:00,3326.6,3334.0,3311.2,3319.2,534882.0,present
3397,2025-07-15 12:00:00+00:00,3319.2,3321.4,3304.8,3310.8,295259.0,present
3398,2025-07-15 12:00:00+00:00,3319.2,3321.4,3304.8,3310.8,295259.0,present
3399,2025-07-15 14:00:00+00:00,3313.2,3318.0,3306.0,3310.0,178684.0,present
3400,2025-07-15 16:00:00+00:00,3308.4,3315.0,3305.0,3313.6,75099.0,present
3401,2025-07-15 18:00:00+00:00,3313.2,3315.6,3309.2,3310.6,58137.0,present
3402,2025-07-15 20:00:00+00:00,3310.0,3317.0,3307.6,3316.8,45863.0,present
3403,2025-07-15 22:00:00+00:00,3312.2,3316.866666666667,3310.6,3316.7333333333336,31309.333333333336,interpolated
3404,2025-07-16 00:00:00+00:00,3314.4,3316.733333333333,3313.6,3316.6666666666665,16755.666666666668,interpolated
3405,2025-07-16 02:00:00+00:00,3316.6,3316.6,3316.6,3316.6,2202.0,present
3406,2025-07-16 04:00:00+00:00,3316.2,3329.0,3313.4,3326.4,140154.0,present
3407,2025-07-16 06:00:00+00:00,3326.4,3327.2,3296.2,3303.0,422067.0,present
3408,2025-07-16 08:00:00+00:00,3303.0,3347.0,3302.0,3347.0,556319.0,present
3409,2025-07-16 10:00:00+00:00,3347.0,3364.0,3345.2,3358.0,530100.0,present
3410,2025-07-16 12:00:00+00:00,3358.0,3360.0,3331.0,3339.2,377543.0,present
3411,2025-07-16 14:00:00+00:00,3339.8,3345.0,3332.6,3345.0,453076.0,present
3412,2025-07-16 16:00:00+00:00,3346.0,3356.8,3346.0,3349.4,216394.0,present
3413,2025-07-16 18:00:00+00:00,3349.6,3350.0,3343.4,3346.6,76455.0,present
3414,2025-07-16 20:00:00+00:00,3346.6,3351.0,3346.6,3351.0,74256.0,present
3415,2025-07-16 22:00:00+00:00,3344.2799999999997,3350.68,3343.68,3350.24,117800.0,interpolated
3416,2025-07-17 00:00:00+00:00,3341.96,3350.36,3340.7599999999998,3349.48,161344.0,interpolated
3417,2025-07-17 02:00:00+00:00,3339.64,3350.04,3337.84,3348.72,204888.0,interpolated
3418,2025-07-17 04:00:00+00:00,3337.32,3349.7200000000003,3334.92,3347.96,248432.0,interpolated
3419,2025-07-17 06:00:00+00:00,3335.0,3349.4,3332.0,3347.2,291976.0,present
3420,2025-07-17 08:00:00+00:00,3347.2,3347.6,3330.0,3338.8,330965.0,present
3421,2025-07-17 10:00:00+00:00,3339.0,3341.6,3312.6,3319.0,421223.0,present
3422,2025-07-17 12:00:00+00:00,3319.8,3321.6,3284.2,3289.2,327140.0,present
3423,2025-07-17 14:00:00+00:00,3289.2,3296.2,3280.4,3293.8,216132.0,present
3424,2025-07-17 16:00:00+00:00,3294.0,3294.0,3257.0,3279.0,349045.0,present
3425,2025-07-17 18:00:00+00:00,3279.0,3279.0,3266.6,3271.0,76288.0,present
3426,2025-07-17 20:00:00+00:00,3271.0,3281.6,3269.8,3281.6,46758.0,present
3427,2025-07-17 22:00:00+00:00,3275.0,3282.0666666666666,3274.2000000000003,3282.0666666666666,31573.333333333332,interpolated
3428,2025-07-18 00:00:00+00:00,3279.0,3282.5333333333333,3278.6,3282.5333333333333,16388.666666666664,interpolated
3429,2025-07-18 02:00:00+00:00,3283.0,3283.0,3283.0,3283.0,1204.0,present
3430,2025-07-18 04:00:00+00:00,3282.8,3299.0,3280.6,3290.6,126524.0,present
3431,2025-07-18 06:00:00+00:00,3290.6,3331.2,3282.8,3316.4,529391.0,present
3432,2025-07-18 08:00:00+00:00,3316.4,3343.0,3314.8,3330.8,546145.0,present
3433,2025-07-18 10:00:00+00:00,3331.0,3354.6,3330.8,3335.0,445827.0,present
3434,2025-07-18 12:00:00+00:00,3335.0,3344.4,3325.0,3340.4,247167.0,present
3435,2025-07-18 14:00:00+00:00,3340.4,3350.8,3326.8,3340.4,293244.0,present
3436,2025-07-18 16:00:00+00:00,3340.4,3344.0,3329.6,3336.0,115445.0,present
3437,2025-07-18 18:00:00+00:00,3335.8,3339.0,3333.0,3338.8,103203.0,present
3438,2025-07-18 20:00:00+00:00,3338.4,3341.4,3335.6,3341.0,65952.0,present
3439,2025-07-18 22:00:00+00:00,3339.08,3346.52,3335.88,3344.36,89332.2,interpolated
3440,2025-07-19 00:00:00+00:00,3339.76,3351.64,3336.16,3347.7200000000003,112712.4,interpolated
3441,2025-07-19 02:00:00+00:00,3340.44,3356.76,3336.44,3351.08,136092.59999999998,interpolated
3442,2025-07-19 04:00:00+00:00,3341.1200000000003,3361.88,3336.72,3354.44,159472.8,interpolated
3443,2025-07-19 06:00:00+00:00,3341.8,3367.0,3337.0,3357.8,182853.0,present
3444,2025-07-19 08:00:00+00:00,3357.8,3358.8,3352.0,3353.2,54172.0,present
3445,2025-07-19 10:00:00+00:00,3353.4,3356.8,3353.0,3354.6,20808.0,present
3446,2025-07-19 12:00:00+00:00,3354.2,3354.6,3352.4,3352.8,10841.0,present
3447,2025-07-19 14:00:00+00:00,3352.8,3353.8,3350.0,3351.8,23974.0,present
3448,2025-07-19 16:00:00+00:00,3353.5,3354.375,3349.8,3352.3,26424.5,interpolated
3449,2025-07-19 18:00:00+00:00,3354.2000000000003,3354.9500000000003,3349.6,3352.8,28875.0,interpolated
3450,2025-07-19 20:00:00+00:00,3354.9,3355.525,3349.4,3353.3,31325.5,interpolated
3451,2025-07-19 22:00:00+00:00,3355.6000000000004,3356.1000000000004,3349.2,3353.8,33776.0,interpolated
3452,2025-07-20 00:00:00+00:00,3356.3,3356.675,3349.0,3354.3,36226.5,interpolated
3453,2025-07-20 02:00:00+00:00,3357.0,3357.25,3348.8,3354.8,38677.0,interpolated
3454,2025-07-20 04:00:00+00:00,3357.7000000000003,3357.8250000000003,3348.6,3355.3,41127.5,interpolated
3455,2025-07-20 06:00:00+00:00,3358.4,3358.4,3348.4,3355.8,43578.0,present
3456,2025-07-20 08:00:00+00:00,3356.8,3357.2,3350.2,3352.0,28696.0,present
3457,2025-07-20 10:00:00+00:00,3352.0,3353.4,3350.8,3353.2,12126.0,present
3458,2025-07-20 12:00:00+00:00,3353.2,3353.8,3352.0,3353.0,12537.0,present
3459,2025-07-20 14:00:00+00:00,3353.0,3354.4,3350.8,3352.6,23544.0,present
3460,2025-07-20 16:00:00+00:00,3353.7,3354.866666666667,3351.866666666667,3353.366666666667,19739.666666666668,interpolated
3461,2025-07-20 18:00:00+00:00,3354.4,3355.3333333333335,3352.9333333333334,3354.133333333333,15935.333333333332,interpolated
3462,2025-07-20 20:00:00+00:00,3355.1,3355.8,3354.0,3354.8999999999996,12131.0,interpolated
3463,2025-07-20 22:00:00+00:00,3355.7999999999997,3356.2666666666664,3355.0666666666666,3355.6666666666665,8326.666666666666,interpolated
3464,2025-07-21 00:00:00+00:00,3356.5,3356.733333333333,3356.133333333333,3356.4333333333334,4522.333333333332,interpolated
3465,2025-07-21 02:00:00+00:00,3357.2,3357.2,3357.2,3357.2,718.0,present
3466,2025-07-21 04:00:00+00:00,3354.6,3378.8,3353.0,3377.6,248090.0,present
3467,2025-07-21 06:00:00+00:00,3377.6,3378.0,3355.2,3360.0,563488.0,present
3468,2025-07-21 08:00:00+00:00,3360.2,3370.6,3352.0,3370.4,306815.0,present
3469,2025-07-21 10:00:00+00:00,3370.4,3376.0,3362.0,3368.2,270016.0,present
3470,2025-07-21 12:00:00+00:00,3368.4,3373.8,3364.0,3367.2,181650.0,present
3471,2025-07-21 14:00:00+00:00,3367.2,3370.4,3354.6,3359.8,168386.0,present
3472,2025-07-21 16:00:00+00:00,3359.8,3365.2,3351.2,3360.6,125903.0,present
3473,2025-07-21 18:00:00+00:00,3360.2,3366.0,3359.4,3361.6,56443.0,present
3474,2025-07-21 20:00:00+00:00,3361.2,3361.8,3355.0,3358.0,29492.0,present
3475,2025-07-21 22:00:00+00:00,3362.2,3362.6,3358.0666666666666,3360.0666666666666,19944.0,interpolated
3476,2025-07-22 00:00:00+00:00,3363.2,3363.4,3361.133333333333,3362.133333333333,10396.0,interpolated
3477,2025-07-22 02:00:00+00:00,3364.2,3364.2,3364.2,3364.2,848.0,present
3478,2025-07-22 04:00:00+00:00,3364.0,3367.4,3358.0,3361.0,65646.0,present
3479,2025-07-22 06:00:00+00:00,3360.6,3364.2,3354.8,3354.8,160946.0,present
3480,2025-07-22 08:00:00+00:00,3354.8,3359.0,3334.8,3357.0,373772.0,present
3481,2025-07-22 10:00:00+00:00,3357.0,3359.0,3349.0,3349.4,218159.0,present
3482,2025-07-22 12:00:00+00:00,3349.6,3353.2,3342.8,3347.2,177616.0,present
3483,2025-07-22 12:00:00+00:00,3349.6,3353.2,3342.8,3347.2,177616.0,present
3484,2025-07-22 14:00:00+00:00,3347.2,3347.4,3328.0,3337.0,223944.0,present
3485,2025-07-22 16:00:00+00:00,3338.0,3339.6,3329.0,3337.6,67381.0,present
3486,2025-07-22 18:00:00+00:00,3337.6,3344.2,3335.6,3343.6,47748.0,present
3487,2025-07-22 20:00:00+00:00,3343.6,3348.0,3343.6,3346.8,40288.0,present
3488,2025-07-22 22:00:00+00:00,3345.6666666666665,3348.6,3345.6666666666665,3347.8,27251.0,interpolated
3489,2025-07-23 00:00:00+00:00,3347.7333333333336,3349.2000000000003,3347.7333333333336,3348.8,14214.0,interpolated
3490,2025-07-23 02:00:00+00:00,3349.8,3349.8,3349.8,3349.8,1177.0,present
3491,2025-07-23 04:00:00+00:00,3349.6,3349.6,3344.6,3346.4,100726.0,present
3492,2025-07-23 06:00:00+00:00,3346.4,3366.4,3342.2,3364.0,337030.0,present
3493,2025-07-23 08:00:00+00:00,3364.2,3367.0,3343.6,3346.8,418077.0,present
3494,2025-07-23 10:00:00+00:00,3346.4,3348.2,3333.6,3344.4,449203.0,present
3495,2025-07-23 12:00:00+00:00,3344.6,3345.6,3330.0,3336.2,197081.0,present
3496,2025-07-23 14:00:00+00:00,3336.6,3349.6,3332.0,3346.6,283566.0,present
3497,2025-07-23 16:00:00+00:00,3349.2,3352.4,3333.0,3344.2,249669.0,present
3498,2025-07-23 18:00:00+00:00,3344.4,3345.0,3326.6,3338.0,242871.0,present
3499,2025-07-23 20:00:00+00:00,3337.8,3341.0,3333.4,3335.8,36712.0,present
3500,2025-07-23 22:00:00+00:00,3338.1333333333337,3340.266666666667,3335.2000000000003,3336.8,24527.333333333332,interpolated
3501,2025-07-24 00:00:00+00:00,3338.4666666666667,3339.5333333333333,3337.0,3337.8,12342.666666666664,interpolated
3502,2025-07-24 02:00:00+00:00,3338.8,3338.8,3338.8,3338.8,158.0,present
3503,2025-07-24 04:00:00+00:00,3338.6,3347.6,3337.0,3342.0,81532.0,present
3504,2025-07-24 06:00:00+00:00,3342.0,3345.4,3329.4,3332.8,232580.0,present
3505,2025-07-24 08:00:00+00:00,3332.6,3333.0,3311.4,3319.4,353603.0,present
3506,2025-07-24 10:00:00+00:00,3319.4,3321.0,3292.0,3297.6,400693.0,present
3507,2025-07-24 12:00:00+00:00,3297.2,3308.8,3294.0,3302.8,170608.0,present
3508,2025-07-24 14:00:00+00:00,3302.6,3308.0,3296.0,3299.0,138117.0,present
3509,2025-07-24 16:00:00+00:00,3298.8,3303.8,3295.2,3300.0,77849.0,present
3510,2025-07-24 18:00:00+00:00,3299.8,3304.0,3292.0,3301.2,94086.0,present
3511,2025-07-24 20:00:00+00:00,3301.4,3306.2,3300.6,3306.2,34982.0,present
3512,2025-07-24 22:00:00+00:00,3304.2000000000003,3307.4,3303.6666666666665,3307.4,23384.0,interpolated
3513,2025-07-25 00:00:00+00:00,3307.0,3308.6,3306.7333333333336,3308.6,11786.0,interpolated
3514,2025-07-25 02:00:00+00:00,3309.8,3309.8,3309.8,3309.8,188.0,present
3515,2025-07-25 04:00:00+00:00,3309.0,3321.4,3307.4,3315.0,138149.0,present
3516,2025-07-25 06:00:00+00:00,3314.8,3317.0,3296.2,3302.2,163207.0,present
3517,2025-07-25 08:00:00+00:00,3302.0,3303.8,3281.4,3289.6,243798.0,present
3518,2025-07-25 10:00:00+00:00,3289.6,3330.0,3280.0,3298.2,1123001.0,present
3519,2025-07-25 12:00:00+00:00,3298.0,3311.6,3267.6,3283.0,596897.0,present
3520,2025-07-25 14:00:00+00:00,3283.0,3283.0,3259.0,3270.6,315004.0,present
3521,2025-07-25 16:00:00+00:00,3270.6,3270.8,3235.4,3254.8,304772.0,present
3522,2025-07-25 18:00:00+00:00,3254.8,3258.6,3252.8,3255.8,50374.0,present
3523,2025-07-25 20:00:00+00:00,3255.8,3257.4,3247.4,3250.0,47598.0,present
3524,2025-07-25 22:00:00+00:00,3255.44,3257.32,3248.12,3250.8,43684.4,interpolated
3525,2025-07-26 00:00:00+00:00,3255.08,3257.2400000000002,3248.84,3251.6,39770.8,interpolated
3526,2025-07-26 02:00:00+00:00,3254.7200000000003,3257.16,3249.56,3252.4,35857.2,interpolated
3527,2025-07-26 04:00:00+00:00,3254.36,3257.08,3250.28,3253.2,31943.6,interpolated
3528,2025-07-26 06:00:00+00:00,3254.0,3257.0,3251.0,3254.0,28030.0,present
3529,2025-07-26 08:00:00+00:00,3254.0,3254.2,3250.0,3250.8,14522.0,present
3530,2025-07-26 10:00:00+00:00,3250.8,3251.0,3249.2,3249.8,9663.0,present
3531,2025-07-26 12:00:00+00:00,3250.0,3250.8,3240.0,3244.2,32112.0,present
3532,2025-07-26 14:00:00+00:00,3244.2,3249.4,3242.6,3246.6,22828.0,present
3533,2025-07-26 16:00:00+00:00,3243.975,3248.525,3241.125,3244.85,22940.75,interpolated
3534,2025-07-26 18:00:00+00:00,3243.75,3247.65,3239.65,3243.1,23053.5,interpolated
3535,2025-07-26 20:00:00+00:00,3243.525,3246.775,3238.175,3241.35,23166.25,interpolated
3536,2025-07-26 22:00:00+00:00,3243.3,3245.9,3236.7,3239.6,23279.0,interpolated
3537,2025-07-27 00:00:00+00:00,3243.075,3245.025,3235.225,3237.85,23391.75,interpolated
3538,2025-07-27 02:00:00+00:00,3242.85,3244.15,3233.75,3236.1,23504.5,interpolated
3539,2025-07-27 04:00:00+00:00,3242.625,3243.275,3232.275,3234.35,23617.25,interpolated
3540,2025-07-27 06:00:00+00:00,3242.4,3242.4,3230.8,3232.6,23730.0,present
3541,2025-07-27 08:00:00+00:00,3232.4,3238.8,3230.6,3237.6,22689.0,present
3542,2025-07-27 10:00:00+00:00,3237.8,3237.8,3233.8,3235.2,8415.0,present
3543,2025-07-27 12:00:00+00:00,3235.4,3236.8,3234.2,3236.4,5605.0,present
3544,2025-07-27 14:00:00+00:00,3236.4,3240.0,3235.8,3239.2,11790.0,present
3545,2025-07-27 16:00:00+00:00,3237.0666666666666,3240.0666666666666,3236.5666666666666,3239.3999999999996,9909.666666666666,interpolated
3546,2025-07-27 18:00:00+00:00,3237.7333333333336,3240.133333333333,3237.3333333333335,3239.6,8029.333333333334,interpolated
3547,2025-07-27 20:00:00+00:00,3238.4,3240.2,3238.1000000000004,3239.8,6149.0,interpolated
3548,2025-07-27 22:00:00+00:00,3239.0666666666666,3240.266666666667,3238.866666666667,3240.0,4268.666666666667,interpolated
3549,2025-07-28 00:00:00+00:00,3239.7333333333336,3240.3333333333335,3239.633333333333,3240.2,2388.333333333334,interpolated
3550,2025-07-28 02:00:00+00:00,3240.4,3240.4,3240.4,3240.4,508.0,present
3551,2025-07-28 04:00:00+00:00,3240.4,3266.8,3235.2,3262.2,145122.0,present
3552,2025-07-28 06:00:00+00:00,3262.8,3265.0,3242.4,3247.2,280016.0,present
3553,2025-07-28 08:00:00+00:00,3247.4,3265.0,3245.2,3259.4,308328.0,present
3554,2025-07-28 10:00:00+00:00,3259.6,3265.0,3246.4,3248.2,299404.0,present
3555,2025-07-28 12:00:00+00:00,3248.2,3248.4,3182.2,3194.0,1279042.0,present
3556,2025-07-28 14:00:00+00:00,3194.0,3196.0,3183.4,3187.2,213650.0,present
3557,2025-07-28 16:00:00+00:00,3189.0,3190.8,3162.0,3165.8,231576.0,present
3558,2025-07-28 18:00:00+00:00,3165.8,3174.6,3156.0,3168.4,168803.0,present
3559,2025-07-28 20:00:00+00:00,3168.6,3171.4,3164.8,3170.0,32440.0,present
3560,2025-07-28 22:00:00+00:00,3170.5333333333333,3172.4,3168.0,3171.4666666666667,21820.666666666664,interpolated
3561,2025-07-29 00:00:00+00:00,3172.4666666666667,3173.4,3171.2000000000003,3172.9333333333334,11201.333333333332,interpolated
3562,2025-07-29 02:00:00+00:00,3174.4,3174.4,3174.4,3174.4,582.0,present
3563,2025-07-29 04:00:00+00:00,3174.4,3194.8,3166.4,3188.2,189364.0,present
3564,2025-07-29 06:00:00+00:00,3188.2,3206.6,3170.6,3177.6,407139.0,present
3565,2025-07-29 08:00:00+00:00,3177.6,3199.0,3174.0,3181.0,293713.0,present
3566,2025-07-29 10:00:00+00:00,3181.0,3185.0,3174.4,3180.8,208101.0,present
3567,2025-07-29 12:00:00+00:00,3181.2,3191.4,3171.6,3180.2,247835.0,present
3568,2025-07-29 12:00:00+00:00,3181.2,3191.4,3171.6,3180.2,247835.0,present
3569,2025-07-29 14:00:00+00:00,3180.2,3184.6,3175.2,3179.0,162629.0,present
3570,2025-07-29 16:00:00+00:00,3179.6,3183.4,3156.0,3158.0,215733.0,present
3571,2025-07-29 18:00:00+00:00,3158.2,3161.6,3141.2,3159.4,316784.0,present
3572,2025-07-29 20:00:00+00:00,3159.2,3167.8,3158.8,3167.8,52477.0,present
3573,2025-07-29 22:00:00+00:00,3163.4,3169.1333333333337,3163.1333333333337,3169.1333333333337,35173.66666666667,interpolated
3574,2025-07-30 00:00:00+00:00,3167.6,3170.4666666666667,3167.4666666666667,3170.4666666666667,17870.333333333336,interpolated
3575,2025-07-30 02:00:00+00:00,3171.8,3171.8,3171.8,3171.8,567.0,present
3576,2025-07-30 04:00:00+00:00,3171.4,3181.0,3166.0,3173.2,166978.0,present
3577,2025-07-30 06:00:00+00:00,3173.2,3183.8,3154.8,3163.6,409933.0,present
3578,2025-07-30 08:00:00+00:00,3163.6,3171.6,3155.4,3162.2,234496.0,present
3579,2025-07-30 10:00:00+00:00,3162.8,3165.4,3150.6,3152.6,205561.0,present
3580,2025-07-30 12:00:00+00:00,3152.2,3154.0,3135.2,3141.0,408334.0,present
3581,2025-07-30 14:00:00+00:00,3141.0,3152.0,3141.0,3151.4,225433.0,present
3582,2025-07-30 16:00:00+00:00,3151.4,3151.4,3136.0,3139.0,123330.0,present
3583,2025-07-30 18:00:00+00:00,3139.0,3145.4,3138.8,3142.8,65050.0,present
3584,2025-07-30 20:00:00+00:00,3143.0,3144.2,3141.4,3142.2,29511.0,present
3585,2025-07-30 22:00:00+00:00,3142.8,3143.6,3141.7333333333336,3142.2666666666664,19829.333333333332,interpolated
3586,2025-07-31 00:00:00+00:00,3142.6,3143.0,3142.0666666666666,3142.3333333333335,10147.666666666664,interpolated
3587,2025-07-31 02:00:00+00:00,3142.4,3142.4,3142.4,3142.4,466.0,present
3588,2025-07-31 04:00:00+00:00,3143.6,3151.6,3142.6,3150.0,79156.0,present
3589,2025-07-31 06:00:00+00:00,3150.0,3170.0,3146.4,3151.8,460614.0,present
3590,2025-07-31 08:00:00+00:00,3151.8,3154.4,3141.0,3146.2,360921.0,present
3591,2025-07-31 10:00:00+00:00,3147.4,3161.0,3146.0,3151.4,426500.0,present
3592,2025-07-31 12:00:00+00:00,3152.0,3159.8,3150.4,3156.2,232646.0,present
3593,2025-07-31 14:00:00+00:00,3156.2,3158.0,3147.4,3156.0,208045.0,present
3594,2025-07-31 16:00:00+00:00,3156.4,3157.4,3150.4,3152.4,85534.0,present
3595,2025-07-31 18:00:00+00:00,3152.6,3154.2,3149.2,3153.2,53489.0,present
3596,2025-07-31 20:00:00+00:00,3153.2,3157.8,3152.2,3156.6,36997.0,present
3597,2025-07-31 22:00:00+00:00,3156.4,3159.4666666666667,3155.733333333333,3158.6666666666665,25474.333333333332,interpolated
3598,2025-08-01 00:00:00+00:00,3159.6,3161.1333333333337,3159.266666666667,3160.7333333333336,13951.666666666664,interpolated
3599,2025-08-01 02:00:00+00:00,3162.8,3162.8,3162.8,3162.8,2429.0,present
3600,2025-08-01 04:00:00+00:00,3163.2,3176.8,3161.2,3170.0,240785.0,present
3601,2025-08-01 06:00:00+00:00,3170.2,3183.0,3168.6,3177.8,267341.0,present
3602,2025-08-01 08:00:00+00:00,3177.4,3181.0,3170.2,3173.4,213545.0,present
3603,2025-08-01 10:00:00+00:00,3173.6,3174.0,3151.8,3153.8,391749.0,present
3604,2025-08-01 12:00:00+00:00,3153.6,3157.2,3145.0,3151.8,286133.0,present
3605,2025-08-01 14:00:00+00:00,3151.8,3154.8,3146.8,3152.0,144018.0,present
3606,2025-08-01 16:00:00+00:00,3152.0,3153.0,3122.0,3144.6,318905.0,present
3607,2025-08-01 18:00:00+00:00,3144.6,3149.6,3140.6,3145.0,81465.0,present
3608,2025-08-01 20:00:00+00:00,3145.0,3146.8,3141.4,3144.4,37547.0,present
3609,2025-08-01 22:00:00+00:00,3145.4444444444443,3147.177777777778,3141.9777777777776,3144.866666666667,36289.555555555555,interpolated
3610,2025-08-02 00:00:00+00:00,3145.8888888888887,3147.5555555555557,3142.5555555555557,3145.3333333333335,35032.11111111111,interpolated
3611,2025-08-02 02:00:00+00:00,3146.3333333333335,3147.9333333333334,3143.133333333333,3145.8,33774.666666666664,interpolated
3612,2025-08-02 04:00:00+00:00,3146.777777777778,3148.311111111111,3143.711111111111,3146.266666666667,32517.222222222223,interpolated
3613,2025-08-02 06:00:00+00:00,3147.222222222222,3148.688888888889,3144.288888888889,3146.7333333333336,31259.777777777777,interpolated
3614,2025-08-02 08:00:00+00:00,3147.6666666666665,3149.0666666666666,3144.866666666667,3147.2000000000003,30002.333333333336,interpolated
3615,2025-08-02 10:00:00+00:00,3148.1111111111113,3149.444444444445,3145.4444444444443,3147.6666666666665,28744.88888888889,interpolated
3616,2025-08-02 12:00:00+00:00,3148.5555555555557,3149.8222222222225,3146.0222222222224,3148.133333333333,27487.444444444445,interpolated
3617,2025-08-02 14:00:00+00:00,3149.0,3150.2000000000003,3146.6,3148.6,26230.0,interpolated
3618,2025-08-02 16:00:00+00:00,3149.4444444444443,3150.577777777778,3147.177777777778,3149.0666666666666,24972.555555555555,interpolated
3619,2025-08-02 18:00:00+00:00,3149.8888888888887,3150.9555555555557,3147.7555555555555,3149.5333333333333,23715.11111111111,interpolated
3620,2025-08-02 20:00:00+00:00,3150.3333333333335,3151.3333333333335,3148.3333333333335,3150.0,22457.666666666668,interpolated
3621,2025-08-02 22:00:00+00:00,3150.777777777778,3151.711111111111,3148.911111111111,3150.4666666666667,21200.222222222223,interpolated
3622,2025-08-03 00:00:00+00:00,3151.222222222222,3152.088888888889,3149.488888888889,3150.9333333333334,19942.777777777777,interpolated
3623,2025-08-03 02:00:00+00:00,3151.6666666666665,3152.4666666666667,3150.0666666666666,3151.4,18685.333333333332,interpolated
3624,2025-08-03 04:00:00+00:00,3152.1111111111113,3152.8444444444444,3150.6444444444446,3151.866666666667,17427.88888888889,interpolated
3625,2025-08-03 06:00:00+00:00,3152.5555555555557,3153.222222222222,3151.222222222222,3152.3333333333335,16170.444444444445,interpolated
3626,2025-08-03 08:00:00+00:00,3153.0,3153.6,3151.8,3152.8,14913.0,interpolated
3627,2025-08-03 10:00:00+00:00,3153.4444444444443,3153.9777777777776,3152.3777777777777,3153.266666666667,13655.555555555555,interpolated
3628,2025-08-03 12:00:00+00:00,3153.8888888888887,3154.3555555555554,3152.9555555555557,3153.7333333333336,12398.111111111113,interpolated
3629,2025-08-03 14:00:00+00:00,3154.3333333333335,3154.7333333333336,3153.5333333333333,3154.2,11140.666666666668,interpolated
3630,2025-08-03 16:00:00+00:00,3154.777777777778,3155.1111111111113,3154.1111111111113,3154.6666666666665,9883.222222222223,interpolated
3631,2025-08-03 18:00:00+00:00,3155.222222222222,3155.488888888889,3154.688888888889,3155.133333333333,8625.777777777777,interpolated
3632,2025-08-03 20:00:00+00:00,3155.6666666666665,3155.866666666667,3155.266666666667,3155.6,7368.333333333336,interpolated
3633,2025-08-03 22:00:00+00:00,3156.1111111111113,3156.2444444444445,3155.8444444444444,3156.0666666666666,6110.8888888888905,interpolated
3634,2025-08-04 00:00:00+00:00,3156.5555555555557,3156.6222222222223,3156.4222222222224,3156.5333333333333,4853.444444444445,interpolated
3635,2025-08-04 02:00:00+00:00,3157.0,3157.0,3157.0,3157.0,3596.0,present
3636,2025-08-04 04:00:00+00:00,3157.0,3163.0,3155.4,3158.0,114458.0,present
3637,2025-08-04 06:00:00+00:00,3158.4,3165.0,3152.8,3159.0,230713.0,present
3638,2025-08-04 08:00:00+00:00,3159.0,3170.0,3157.2,3168.0,311731.0,present
3639,2025-08-04 10:00:00+00:00,3168.2,3170.0,3164.0,3168.0,188488.0,present
3640,2025-08-04 12:00:00+00:00,3168.0,3175.0,3164.4,3174.0,259041.0,present
3641,2025-08-04 14:00:00+00:00,3174.0,3196.2,3170.0,3191.0,487681.0,present
3642,2025-08-04 16:00:00+00:00,3190.2,3199.0,3188.6,3198.4,121576.0,present
3643,2025-08-04 18:00:00+00:00,3198.4,3213.0,3192.4,3206.0,159815.0,present
3644,2025-08-04 20:00:00+00:00,3206.0,3214.0,3202.2,3214.0,73783.0,present
3645,2025-08-04 22:00:00+00:00,3209.6666666666665,3215.0,3207.133333333333,3215.0,50518.666666666664,interpolated
3646,2025-08-05 00:00:00+00:00,3213.3333333333335,3216.0,3212.0666666666666,3216.0,27254.33333333333,interpolated
3647,2025-08-05 02:00:00+00:00,3217.0,3217.0,3217.0,3217.0,3990.0,present
3648,2025-08-05 04:00:00+00:00,3216.8,3219.0,3208.2,3213.0,203799.0,present
3649,2025-08-05 06:00:00+00:00,3213.0,3229.8,3210.0,3223.8,354714.0,present
3650,2025-08-05 08:00:00+00:00,3223.8,3229.0,3196.8,3198.4,593787.0,present
3651,2025-08-05 10:00:00+00:00,3198.2,3213.0,3194.0,3205.6,284823.0,present
3652,2025-08-05 12:00:00+00:00,3205.6,3220.0,3196.0,3216.2,506125.0,present
3653,2025-08-05 12:00:00+00:00,3205.6,3220.0,3196.0,3216.2,506125.0,present
3654,2025-08-05 14:00:00+00:00,3216.4,3217.8,3206.4,3215.8,219045.0,present
3655,2025-08-05 16:00:00+00:00,3215.0,3221.6,3208.2,3214.0,136475.0,present
3656,2025-08-05 18:00:00+00:00,3214.0,3219.4,3212.0,3216.2,52760.0,present
3657,2025-08-05 20:00:00+00:00,3216.0,3220.0,3216.0,3219.4,44146.0,present
3658,2025-08-05 22:00:00+00:00,3217.6,3220.266666666667,3217.6,3219.866666666667,29503.666666666664,interpolated
3659,2025-08-06 00:00:00+00:00,3219.2000000000003,3220.5333333333333,3219.2000000000003,3220.3333333333335,14861.333333333332,interpolated
3660,2025-08-06 02:00:00+00:00,3220.8,3220.8,3220.8,3220.8,219.0,present
3661,2025-08-06 04:00:00+00:00,3221.8,3226.8,3219.4,3221.4,65764.0,present
3662,2025-08-06 06:00:00+00:00,3221.2,3228.8,3213.0,3218.6,298463.0,present
3663,2025-08-06 08:00:00+00:00,3218.4,3221.6,3207.8,3216.4,259558.0,present
3664,2025-08-06 10:00:00+00:00,3216.4,3226.4,3214.0,3224.6,205139.0,present
3665,2025-08-06 12:00:00+00:00,3224.8,3227.4,3215.0,3217.6,275288.0,present
3666,2025-08-06 14:00:00+00:00,3217.6,3228.0,3202.6,3217.2,522937.0,present
3667,2025-08-06 16:00:00+00:00,3217.4,3260.0,3204.6,3251.4,724937.0,present
3668,2025-08-06 18:00:00+00:00,3251.8,3317.8,3251.2,3289.6,1200695.0,present
3669,2025-08-06 20:00:00+00:00,3289.0,3296.6,3267.8,3296.4,334846.0,present
3670,2025-08-06 22:00:00+00:00,3291.3333333333335,3296.4,3277.2000000000003,3296.266666666667,225020.6666666667,interpolated
3671,2025-08-07 00:00:00+00:00,3293.6666666666665,3296.2,3286.6,3296.133333333333,115195.33333333334,interpolated
3672,2025-08-07 02:00:00+00:00,3296.0,3296.0,3296.0,3296.0,5370.0,present
3673,2025-08-07 04:00:00+00:00,3295.0,3295.8,3272.8,3288.0,180216.0,present
3674,2025-08-07 06:00:00+00:00,3287.8,3294.6,3272.2,3291.0,386306.0,present
3675,2025-08-07 08:00:00+00:00,3290.8,3393.0,3290.8,3350.8,2116889.0,present
3676,2025-08-07 10:00:00+00:00,3351.4,3363.6,3340.0,3343.6,706029.0,present
3677,2025-08-07 12:00:00+00:00,3343.8,3356.0,3325.0,3343.2,616072.0,present
3678,2025-08-07 14:00:00+00:00,3343.0,3351.0,3291.0,3307.0,556004.0,present
3679,2025-08-07 16:00:00+00:00,3300.0,3310.0,3273.8,3276.8,340054.0,present
3680,2025-08-07 18:00:00+00:00,3276.8,3315.2,3276.4,3306.0,246065.0,present
3681,2025-08-07 20:00:00+00:00,3307.0,3335.0,3297.0,3330.0,204188.0,present
3682,2025-08-07 22:00:00+00:00,3317.0,3335.6666666666665,3310.3333333333335,3332.3333333333335,136408.3333333333,interpolated
3683,2025-08-08 00:00:00+00:00,3327.0,3336.3333333333335,3323.6666666666665,3334.6666666666665,68628.66666666666,interpolated
3684,2025-08-08 02:00:00+00:00,3337.0,3337.0,3337.0,3337.0,849.0,present
3685,2025-08-08 04:00:00+00:00,3337.0,3338.0,3316.4,3325.6,108695.0,present
3686,2025-08-08 06:00:00+00:00,3325.8,3326.6,3304.0,3304.4,276074.0,present
3687,2025-08-08 08:00:00+00:00,3304.4,3311.4,3302.0,3306.8,170700.0,present
3688,2025-08-08 10:00:00+00:00,3306.4,3336.4,3304.2,3329.6,317297.0,present
3689,2025-08-08 12:00:00+00:00,3329.6,3334.0,3311.8,3315.2,336220.0,present
3690,2025-08-08 14:00:00+00:00,3315.0,3340.0,3312.2,3330.0,665156.0,present
3691,2025-08-08 16:00:00+00:00,3330.0,3332.0,3319.0,3319.2,145228.0,present
3692,2025-08-08 18:00:00+00:00,3319.2,3329.4,3316.2,3324.8,101769.0,present
3693,2025-08-08 20:00:00+00:00,3324.8,3368.0,3322.4,3367.8,501487.0,present
3694,2025-08-08 22:00:00+00:00,3326.962962962963,3368.562962962963,3324.651851851852,3368.3703703703704,483076.8888888889,interpolated
3695,2025-08-09 00:00:00+00:00,3329.125925925926,3369.125925925926,3326.9037037037037,3368.9407407407407,464666.77777777775,interpolated
3696,2025-08-09 02:00:00+00:00,3331.2888888888892,3369.688888888889,3329.1555555555556,3369.5111111111114,446256.6666666667,interpolated
3697,2025-08-09 04:00:00+00:00,3333.451851851852,3370.251851851852,3331.4074074074074,3370.0814814814817,427846.55555555556,interpolated
3698,2025-08-09 06:00:00+00:00,3335.614814814815,3370.814814814815,3333.659259259259,3370.651851851852,409436.44444444444,interpolated
3699,2025-08-09 08:00:00+00:00,3337.777777777778,3371.3777777777777,3335.911111111111,3371.222222222222,391026.3333333333,interpolated
3700,2025-08-09 10:00:00+00:00,3339.9407407407407,3371.9407407407407,3338.162962962963,3371.792592592593,372616.22222222225,interpolated
3701,2025-08-09 12:00:00+00:00,3342.1037037037036,3372.5037037037036,3340.4148148148147,3372.362962962963,354206.1111111111,interpolated
3702,2025-08-09 14:00:00+00:00,3344.266666666667,3373.0666666666666,3342.6666666666665,3372.9333333333334,335796.0,interpolated
3703,2025-08-09 16:00:00+00:00,3346.4296296296297,3373.6296296296296,3344.9185185185183,3373.5037037037036,317385.8888888889,interpolated
3704,2025-08-09 18:00:00+00:00,3348.5925925925926,3374.1925925925925,3347.17037037037,3374.074074074074,298975.77777777775,interpolated
3705,2025-08-09 20:00:00+00:00,3350.7555555555555,3374.7555555555555,3349.422222222222,3374.6444444444446,280565.6666666666,interpolated
3706,2025-08-09 22:00:00+00:00,3352.9185185185183,3375.3185185185184,3351.674074074074,3375.214814814815,262155.55555555556,interpolated
3707,2025-08-10 00:00:00+00:00,3355.0814814814817,3375.8814814814814,3353.925925925926,3375.785185185185,243745.44444444444,interpolated
3708,2025-08-10 02:00:00+00:00,3357.2444444444445,3376.4444444444443,3356.177777777778,3376.3555555555554,225335.3333333333,interpolated
3709,2025-08-10 04:00:00+00:00,3359.4074074074074,3377.0074074074073,3358.4296296296297,3376.925925925926,206925.22222222225,interpolated
3710,2025-08-10 06:00:00+00:00,3361.5703703703703,3377.5703703703703,3360.6814814814816,3377.4962962962964,188515.11111111112,interpolated
3711,2025-08-10 08:00:00+00:00,3363.733333333333,3378.133333333333,3362.9333333333334,3378.0666666666666,170105.0,interpolated
3712,2025-08-10 10:00:00+00:00,3365.8962962962964,3378.696296296296,3365.185185185185,3378.637037037037,151694.88888888888,interpolated
3713,2025-08-10 12:00:00+00:00,3368.0592592592593,3379.259259259259,3367.437037037037,3379.207407407407,133284.7777777778,interpolated
3714,2025-08-10 14:00:00+00:00,3370.222222222222,3379.822222222222,3369.688888888889,3379.777777777778,114874.66666666669,interpolated
3715,2025-08-10 16:00:00+00:00,3372.385185185185,3380.385185185185,3371.9407407407407,3380.348148148148,96464.55555555556,interpolated
3716,2025-08-10 18:00:00+00:00,3374.548148148148,3380.948148148148,3374.1925925925925,3380.9185185185183,78054.44444444444,interpolated
3717,2025-08-10 20:00:00+00:00,3376.7111111111108,3381.511111111111,3376.4444444444443,3381.4888888888886,59644.333333333314,interpolated
3718,2025-08-10 22:00:00+00:00,3378.874074074074,3382.074074074074,3378.696296296296,3382.0592592592593,41234.22222222225,interpolated
3719,2025-08-11 00:00:00+00:00,3381.037037037037,3382.637037037037,3380.948148148148,3382.6296296296296,22824.111111111124,interpolated
3720,2025-08-11 02:00:00+00:00,3383.2,3383.2,3383.2,3383.2,4414.0,present
3721,2025-08-11 04:00:00+00:00,3382.0,3390.0,3370.4,3380.0,426963.0,present
3722,2025-08-11 06:00:00+00:00,3380.0,3389.0,3366.2,3367.0,576660.0,present
3723,2025-08-11 08:00:00+00:00,3367.2,3374.0,3359.8,3362.6,431460.0,present
3724,2025-08-11 10:00:00+00:00,3363.2,3365.0,3348.2,3355.0,410846.0,present
3725,2025-08-11 12:00:00+00:00,3355.0,3357.4,3343.4,3349.0,284710.0,present
3726,2025-08-11 14:00:00+00:00,3348.4,3363.0,3324.6,3329.0,415503.0,present
3727,2025-08-11 16:00:00+00:00,3328.6,3335.0,3310.6,3321.2,329380.0,present
3728,2025-08-11 18:00:00+00:00,3321.8,3329.2,3321.2,3325.8,54657.0,present
3729,2025-08-11 20:00:00+00:00,3325.8,3334.0,3325.6,3329.4,50002.0,present
3730,2025-08-11 22:00:00+00:00,3327.8,3333.266666666667,3327.6666666666665,3330.2000000000003,33475.0,interpolated
3731,2025-08-12 00:00:00+00:00,3329.8,3332.5333333333333,3329.7333333333336,3331.0,16948.0,interpolated
3732,2025-08-12 02:00:00+00:00,3331.8,3331.8,3331.8,3331.8,421.0,present
3733,2025-08-12 04:00:00+00:00,3331.8,3337.0,3300.0,3315.4,153955.0,present
3734,2025-08-12 06:00:00+00:00,3315.8,3335.6,3315.0,3327.2,200935.0,present
3735,2025-08-12 08:00:00+00:00,3327.2,3331.0,3319.0,3328.8,264289.0,present
3736,2025-08-12 10:00:00+00:00,3328.4,3348.6,3328.0,3346.4,299673.0,present
3737,2025-08-12 12:00:00+00:00,3346.4,3349.8,3335.6,3348.8,257052.0,present
3738,2025-08-12 12:00:00+00:00,3346.4,3349.8,3335.6,3348.8,257052.0,present
3739,2025-08-12 14:00:00+00:00,3348.8,3349.2,3338.0,3340.0,212717.0,present
3740,2025-08-12 16:00:00+00:00,3340.0,3343.0,3330.0,3337.8,133776.0,present
3741,2025-08-12 18:00:00+00:00,3337.8,3341.6,3335.0,3339.8,53849.0,present
3742,2025-08-12 20:00:00+00:00,3339.6,3341.2,3338.4,3341.2,33775.0,present
3743,2025-08-12 22:00:00+00:00,3340.4,3341.4666666666667,3339.6,3341.4666666666667,22967.666666666664,interpolated
3744,2025-08-13 00:00:00+00:00,3341.2,3341.733333333333,3340.8,3341.733333333333,12160.333333333332,interpolated
3745,2025-08-13 02:00:00+00:00,3342.0,3342.0,3342.0,3342.0,1353.0,present
3746,2025-08-13 04:00:00+00:00,3342.0,3345.0,3335.0,3337.8,87876.0,present
3747,2025-08-13 06:00:00+00:00,3337.8,3345.0,3336.2,3338.2,234045.0,present
3748,2025-08-13 08:00:00+00:00,3338.2,3343.0,3332.6,3338.8,218103.0,present
3749,2025-08-13 10:00:00+00:00,3338.8,3338.8,3326.4,3329.8,195529.0,present
3750,2025-08-13 12:00:00+00:00,3329.2,3341.8,3326.4,3339.2,231767.0,present
3751,2025-08-13 14:00:00+00:00,3339.2,3345.0,3336.0,3344.0,256730.0,present
3752,2025-08-13 16:00:00+00:00,3342.2,3344.4,3321.6,3327.8,172104.0,present
3753,2025-08-13 18:00:00+00:00,3327.6,3332.8,3324.0,3325.0,59839.0,present
3754,2025-08-13 20:00:00+00:00,3325.6,3325.8,3302.4,3315.0,111100.0,present
3755,2025-08-13 22:00:00+00:00,3321.9333333333334,3322.0666666666666,3306.4666666666667,3314.866666666667,75280.33333333334,interpolated
3756,2025-08-14 00:00:00+00:00,3318.2666666666664,3318.3333333333335,3310.5333333333333,3314.733333333333,39460.66666666667,interpolated
3757,2025-08-14 02:00:00+00:00,3314.6,3314.6,3314.6,3314.6,3641.0,present
3758,2025-08-14 04:00:00+00:00,3314.4,3322.0,3305.4,3319.4,101102.0,present
3759,2025-08-14 06:00:00+00:00,3319.0,3322.6,3303.8,3308.4,226996.0,present
3760,2025-08-14 08:00:00+00:00,3308.4,3313.2,3293.6,3304.8,429364.0,present
3761,2025-08-14 10:00:00+00:00,3305.0,3331.4,3303.8,3328.0,293581.0,present
3762,2025-08-14 12:00:00+00:00,3328.0,3342.0,3327.8,3340.0,319255.0,present
3763,2025-08-14 14:00:00+00:00,3339.6,3340.4,3329.0,3336.0,215560.0,present
3764,2025-08-14 16:00:00+00:00,3335.6,3337.8,3331.4,3335.0,98142.0,present
3765,2025-08-14 18:00:00+00:00,3335.2,3349.4,3335.0,3342.2,145722.0,present
3766,2025-08-14 20:00:00+00:00,3342.0,3343.4,3341.6,3343.2,35533.0,present
3767,2025-08-14 22:00:00+00:00,3343.2,3344.133333333333,3342.9333333333334,3344.0,23999.333333333332,interpolated
3768,2025-08-15 00:00:00+00:00,3344.4,3344.866666666667,3344.2666666666664,3344.7999999999997,12465.666666666664,interpolated
3769,2025-08-15 02:00:00+00:00,3345.6,3345.6,3345.6,3345.6,932.0,present
3770,2025-08-15 04:00:00+00:00,3345.4,3348.8,3338.2,3343.0,83909.0,present
3771,2025-08-15 06:00:00+00:00,3342.4,3344.0,3331.8,3333.0,205957.0,present
3772,2025-08-15 08:00:00+00:00,3333.0,3349.2,3332.6,3348.4,234900.0,present
3773,2025-08-15 10:00:00+00:00,3348.2,3368.2,3347.0,3365.6,420502.0,present
3774,2025-08-15 12:00:00+00:00,3366.0,3377.4,3358.0,3376.0,367074.0,present
3775,2025-08-15 14:00:00+00:00,3376.0,3388.0,3373.6,3382.8,397005.0,present
3776,2025-08-15 16:00:00+00:00,3381.0,3389.6,3366.0,3372.4,342642.0,present
3777,2025-08-15 18:00:00+00:00,3373.0,3381.6,3370.4,3373.0,152274.0,present
3778,2025-08-15 20:00:00+00:00,3373.0,3377.0,3366.0,3374.0,117280.0,present
3779,2025-08-15 22:00:00+00:00,3361.2,3366.4,3347.24,3363.28,140181.0,interpolated
3780,2025-08-16 00:00:00+00:00,3349.4,3355.8,3328.48,3352.56,163082.0,interpolated
3781,2025-08-16 02:00:00+00:00,3337.6,3345.2,3309.72,3341.84,185983.0,interpolated
3782,2025-08-16 04:00:00+00:00,3325.8,3334.6,3290.96,3331.12,208884.0,interpolated
3783,2025-08-16 06:00:00+00:00,3314.0,3324.0,3272.2,3320.4,231785.0,present
3784,2025-08-16 08:00:00+00:00,3320.6,3323.0,3306.8,3314.0,109753.0,present
3785,2025-08-16 10:00:00+00:00,3314.0,3315.0,3307.4,3312.0,51869.0,present
3786,2025-08-16 12:00:00+00:00,3312.0,3324.0,3310.4,3320.2,65178.0,present
3787,2025-08-16 14:00:00+00:00,3320.2,3321.0,3314.2,3319.0,20307.0,present
3788,2025-08-16 16:00:00+00:00,3320.0499999999997,3320.8,3314.375,3318.7,18975.125,interpolated
3789,2025-08-16 18:00:00+00:00,3319.8999999999996,3320.6,3314.5499999999997,3318.4,17643.25,interpolated
3790,2025-08-16 20:00:00+00:00,3319.75,3320.4,3314.725,3318.1,16311.375,interpolated
3791,2025-08-16 22:00:00+00:00,3319.6,3320.2,3314.8999999999996,3317.8,14979.5,interpolated
3792,2025-08-17 00:00:00+00:00,3319.45,3320.0,3315.075,3317.5,13647.625,interpolated
3793,2025-08-17 02:00:00+00:00,3319.3,3319.8,3315.25,3317.2,12315.75,interpolated
3794,2025-08-17 04:00:00+00:00,3319.15,3319.6,3315.4249999999997,3316.9,10983.875,interpolated
3795,2025-08-17 06:00:00+00:00,3319.0,3319.4,3315.6,3316.6,9652.0,present
3796,2025-08-17 08:00:00+00:00,3316.4,3316.8,3313.2,3315.6,16249.0,present
3797,2025-08-17 10:00:00+00:00,3315.6,3316.8,3314.0,3315.8,9075.0,present
3798,2025-08-17 12:00:00+00:00,3315.8,3316.0,3308.0,3312.4,31171.0,present
3799,2025-08-17 14:00:00+00:00,3312.4,3314.8,3310.0,3313.6,21786.0,present
3800,2025-08-17 16:00:00+00:00,3312.0666666666666,3314.0666666666666,3310.0666666666666,3313.0666666666666,18330.0,interpolated
3801,2025-08-17 18:00:00+00:00,3311.7333333333336,3313.3333333333335,3310.133333333333,3312.5333333333333,14874.0,interpolated
3802,2025-08-17 20:00:00+00:00,3311.4,3312.6000000000004,3310.2,3312.0,11418.0,interpolated
3803,2025-08-17 22:00:00+00:00,3311.0666666666666,3311.866666666667,3310.266666666667,3311.4666666666667,7962.0,interpolated
3804,2025-08-18 00:00:00+00:00,3310.7333333333336,3311.133333333333,3310.3333333333335,3310.9333333333334,4506.0,interpolated
3805,2025-08-18 02:00:00+00:00,3310.4,3310.4,3310.4,3310.4,1050.0,present
3806,2025-08-18 04:00:00+00:00,3310.4,3346.4,3304.4,3339.0,227277.0,present
3807,2025-08-18 06:00:00+00:00,3338.8,3338.8,3321.0,3330.0,286506.0,present
3808,2025-08-18 08:00:00+00:00,3329.8,3339.0,3326.4,3334.0,191298.0,present
3809,2025-08-18 10:00:00+00:00,3334.0,3336.0,3325.0,3328.2,185855.0,present
3810,2025-08-18 12:00:00+00:00,3328.4,3371.4,3326.2,3367.8,601390.0,present
3811,2025-08-18 14:00:00+00:00,3366.8,3390.0,3356.6,3362.8,639872.0,present
3812,2025-08-18 16:00:00+00:00,3363.4,3375.8,3357.0,3370.8,186598.0,present
3813,2025-08-18 18:00:00+00:00,3370.6,3409.4,3366.2,3398.0,774055.0,present
3814,2025-08-18 20:00:00+00:00,3398.4,3406.0,3390.4,3401.0,157910.0,present
3815,2025-08-18 22:00:00+00:00,3401.0,3406.0666666666666,3395.6666666666665,3402.733333333333,109013.33333333334,interpolated
3816,2025-08-19 00:00:00+00:00,3403.6,3406.133333333333,3400.9333333333334,3404.4666666666667,60116.66666666667,interpolated
3817,2025-08-19 02:00:00+00:00,3406.2,3406.2,3406.2,3406.2,11220.0,present
3818,2025-08-19 04:00:00+00:00,3407.0,3428.0,3397.2,3423.8,451507.0,present
3819,2025-08-19 06:00:00+00:00,3423.8,3454.0,3422.2,3452.2,779869.0,present
3820,2025-08-19 08:00:00+00:00,3452.0,3453.0,3421.4,3421.8,634691.0,present
3821,2025-08-19 10:00:00+00:00,3422.0,3431.0,3419.0,3426.6,317368.0,present
3822,2025-08-19 12:00:00+00:00,3426.6,3429.8,3404.0,3409.4,444196.0,present
3823,2025-08-19 12:00:00+00:00,3426.6,3429.8,3404.0,3409.4,444196.0,present
3824,2025-08-19 14:00:00+00:00,3409.6,3415.6,3375.6,3380.4,643080.0,present
3825,2025-08-19 16:00:00+00:00,3382.4,3409.6,3375.0,3405.0,362250.0,present
3826,2025-08-19 18:00:00+00:00,3405.0,3410.0,3404.0,3408.4,90593.0,present
3827,2025-08-19 20:00:00+00:00,3408.2,3408.8,3404.4,3406.4,29923.0,present
3828,2025-08-19 22:00:00+00:00,3407.7999999999997,3408.2000000000003,3405.266666666667,3406.6,20191.333333333332,interpolated
3829,2025-08-20 00:00:00+00:00,3407.4,3407.6,3406.133333333333,3406.8,10459.666666666664,interpolated
3830,2025-08-20 02:00:00+00:00,3407.0,3407.0,3407.0,3407.0,728.0,present
3831,2025-08-20 04:00:00+00:00,3407.0,3419.0,3393.2,3414.4,149583.0,present
3832,2025-08-20 06:00:00+00:00,3414.0,3423.8,3405.8,3416.4,219851.0,present
3833,2025-08-20 08:00:00+00:00,3416.8,3428.0,3413.4,3416.0,240732.0,present
3834,2025-08-20 10:00:00+00:00,3415.8,3426.2,3393.6,3406.0,442205.0,present
3835,2025-08-20 12:00:00+00:00,3406.2,3414.0,3391.2,3395.2,277323.0,present
3836,2025-08-20 14:00:00+00:00,3395.4,3403.0,3391.0,3402.2,168528.0,present
3837,2025-08-20 16:00:00+00:00,3402.6,3406.8,3396.0,3398.8,100679.0,present
3838,2025-08-20 18:00:00+00:00,3398.8,3406.0,3398.8,3405.4,78764.0,present
3839,2025-08-20 20:00:00+00:00,3405.4,3411.0,3405.0,3410.4,51356.0,present
3840,2025-08-20 22:00:00+00:00,3406.9333333333334,3410.6666666666665,3406.6666666666665,3410.266666666667,35522.0,interpolated
3841,2025-08-21 00:00:00+00:00,3408.4666666666667,3410.3333333333335,3408.3333333333335,3410.133333333333,19688.0,interpolated
3842,2025-08-21 02:00:00+00:00,3410.0,3410.0,3410.0,3410.0,3854.0,present
3843,2025-08-21 04:00:00+00:00,3410.4,3424.8,3410.0,3423.0,188494.0,present
3844,2025-08-21 06:00:00+00:00,3423.0,3425.6,3395.6,3399.2,814699.0,present
3845,2025-08-21 08:00:00+00:00,3399.2,3413.8,3385.2,3413.6,463522.0,present
3846,2025-08-21 10:00:00+00:00,3413.8,3419.0,3392.4,3415.2,453584.0,present
3847,2025-08-21 12:00:00+00:00,3415.2,3416.8,3390.2,3391.0,256930.0,present
3848,2025-08-21 14:00:00+00:00,3391.0,3404.6,3377.2,3378.2,336877.0,present
3849,2025-08-21 16:00:00+00:00,3378.2,3384.8,3361.4,3384.4,267964.0,present
3850,2025-08-21 18:00:00+00:00,3384.0,3386.8,3371.2,3372.8,93613.0,present
3851,2025-08-21 20:00:00+00:00,3372.6,3384.0,3372.4,3382.2,45959.0,present
3852,2025-08-21 22:00:00+00:00,3374.9333333333334,3382.5333333333333,3374.8,3381.333333333333,31337.333333333332,interpolated
3853,2025-08-22 00:00:00+00:00,3377.2666666666664,3381.0666666666666,3377.2,3380.4666666666667,16715.666666666664,interpolated
3854,2025-08-22 02:00:00+00:00,3379.6,3379.6,3379.6,3379.6,2094.0,present
3855,2025-08-22 04:00:00+00:00,3382.0,3389.6,3379.2,3388.4,95291.0,present
3856,2025-08-22 06:00:00+00:00,3388.4,3394.2,3382.0,3382.4,207030.0,present
3857,2025-08-22 08:00:00+00:00,3382.4,3399.8,3382.0,3392.2,254924.0,present
3858,2025-08-22 10:00:00+00:00,3392.2,3403.6,3388.2,3390.2,304235.0,present
3859,2025-08-22 12:00:00+00:00,3390.2,3394.2,3375.4,3381.8,244210.0,present
3860,2025-08-22 14:00:00+00:00,3381.8,3391.8,3372.8,3385.0,215209.0,present
3861,2025-08-22 16:00:00+00:00,3385.2,3390.0,3381.0,3383.8,80230.0,present
3862,2025-08-22 18:00:00+00:00,3384.0,3386.0,3382.2,3385.2,61352.0,present
3863,2025-08-22 20:00:00+00:00,3385.2,3386.4,3382.0,3384.8,52507.0,present
3864,2025-08-22 22:00:00+00:00,3385.3599999999997,3386.64,3382.72,3385.1600000000003,44537.4,interpolated
3865,2025-08-23 00:00:00+00:00,3385.52,3386.88,3383.44,3385.52,36567.8,interpolated
3866,2025-08-23 02:00:00+00:00,3385.68,3387.12,3384.16,3385.88,28598.2,interpolated
3867,2025-08-23 04:00:00+00:00,3385.84,3387.36,3384.88,3386.24,20628.6,interpolated
3868,2025-08-23 06:00:00+00:00,3386.0,3387.6,3385.6,3386.6,12659.0,present
3869,2025-08-23 08:00:00+00:00,3386.2,3386.6,3383.0,3383.0,15051.0,present
3870,2025-08-23 10:00:00+00:00,3383.0,3385.4,3382.0,3382.2,11770.0,present
3871,2025-08-23 12:00:00+00:00,3382.4,3385.0,3382.2,3384.0,5216.0,present
3872,2025-08-23 14:00:00+00:00,3384.8,3385.4,3383.8,3384.8,8436.0,present
3873,2025-08-23 16:00:00+00:00,3384.5750000000003,3385.1,3382.75,3383.9,9782.5,interpolated
3874,2025-08-23 18:00:00+00:00,3384.3500000000004,3384.8,3381.7000000000003,3383.0,11129.0,interpolated
3875,2025-08-23 20:00:00+00:00,3384.125,3384.5,3380.65,3382.1,12475.5,interpolated
3876,2025-08-23 22:00:00+00:00,3383.9,3384.2,3379.6000000000004,3381.2,13822.0,interpolated
3877,2025-08-24 00:00:00+00:00,3383.675,3383.9,3378.55,3380.3,15168.5,interpolated
3878,2025-08-24 02:00:00+00:00,3383.4500000000003,3383.6,3377.5,3379.4,16515.0,interpolated
3879,2025-08-24 04:00:00+00:00,3383.225,3383.3,3376.4500000000003,3378.5,17861.5,interpolated
3880,2025-08-24 06:00:00+00:00,3383.0,3383.0,3375.4,3377.6,19208.0,present
3881,2025-08-24 08:00:00+00:00,3377.6,3378.8,3374.0,3377.2,31867.0,present
3882,2025-08-24 10:00:00+00:00,3377.2,3377.8,3375.0,3377.6,15175.0,present
3883,2025-08-24 12:00:00+00:00,3377.6,3378.0,3376.8,3377.8,5971.0,present
3884,2025-08-24 14:00:00+00:00,3377.8,3378.4,3377.0,3377.6,7169.0,present
3885,2025-08-24 16:00:00+00:00,3378.3333333333335,3378.8333333333335,3377.6666666666665,3378.1666666666665,6056.666666666667,interpolated
3886,2025-08-24 18:00:00+00:00,3378.866666666667,3379.266666666667,3378.3333333333335,3378.733333333333,4944.333333333334,interpolated
3887,2025-08-24 20:00:00+00:00,3379.4,3379.7,3379.0,3379.3,3832.0,interpolated
3888,2025-08-24 22:00:00+00:00,3379.9333333333334,3380.133333333333,3379.6666666666665,3379.866666666667,2719.666666666667,interpolated
3889,2025-08-25 00:00:00+00:00,3380.4666666666667,3380.5666666666666,3380.3333333333335,3380.4333333333334,1607.333333333333,interpolated
3890,2025-08-25 02:00:00+00:00,3381.0,3381.0,3381.0,3381.0,495.0,present
3891,2025-08-25 04:00:00+00:00,3381.0,3384.2,3374.8,3380.0,71251.0,present
3892,2025-08-25 06:00:00+00:00,3379.6,3380.0,3366.8,3367.0,180407.0,present
3893,2025-08-25 08:00:00+00:00,3367.0,3369.4,3356.2,3358.0,335802.0,present
3894,2025-08-25 10:00:00+00:00,3358.0,3362.0,3352.0,3358.2,228343.0,present
3895,2025-08-25 12:00:00+00:00,3358.0,3366.6,3352.0,3362.6,183842.0,present
3896,2025-08-25 14:00:00+00:00,3362.6,3365.6,3352.8,3361.0,199410.0,present
3897,2025-08-25 16:00:00+00:00,3361.2,3364.6,3358.0,3361.8,131222.0,present
3898,2025-08-25 18:00:00+00:00,3361.4,3362.2,3358.2,3359.8,33865.0,present
3899,2025-08-25 20:00:00+00:00,3359.8,3360.0,3355.0,3356.0,37011.0,present
3900,2025-08-25 22:00:00+00:00,3358.9333333333334,3359.0666666666666,3355.733333333333,3356.4,25093.666666666664,interpolated
3901,2025-08-26 00:00:00+00:00,3358.0666666666666,3358.133333333333,3356.4666666666667,3356.7999999999997,13176.333333333332,interpolated
3902,2025-08-26 02:00:00+00:00,3357.2,3357.2,3357.2,3357.2,1259.0,present
3903,2025-08-26 04:00:00+00:00,3357.2,3364.8,3357.2,3364.2,67007.0,present
3904,2025-08-26 06:00:00+00:00,3364.4,3381.8,3362.0,3374.8,287937.0,present
3905,2025-08-26 08:00:00+00:00,3375.2,3379.6,3368.8,3371.8,169056.0,present
3906,2025-08-26 10:00:00+00:00,3371.8,3381.0,3371.8,3378.2,133792.0,present
3907,2025-08-26 12:00:00+00:00,3378.2,3378.8,3368.0,3372.0,156769.0,present
3908,2025-08-26 12:00:00+00:00,3378.2,3378.8,3368.0,3372.0,156769.0,present
3909,2025-08-26 14:00:00+00:00,3371.2,3374.0,3365.2,3372.8,126788.0,present
3910,2025-08-26 16:00:00+00:00,3372.0,3374.0,3370.6,3371.2,44698.0,present
3911,2025-08-26 18:00:00+00:00,3371.6,3376.0,3370.6,3373.8,53742.0,present
3912,2025-08-26 20:00:00+00:00,3373.8,3378.0,3373.0,3377.6,33408.0,present
3913,2025-08-26 22:00:00+00:00,3375.8,3378.6,3375.266666666667,3378.3333333333335,22955.666666666668,interpolated
3914,2025-08-27 00:00:00+00:00,3377.8,3379.2000000000003,3377.5333333333333,3379.0666666666666,12503.333333333336,interpolated
3915,2025-08-27 02:00:00+00:00,3379.8,3379.8,3379.8,3379.8,2051.0,present
3916,2025-08-27 04:00:00+00:00,3379.8,3384.6,3378.6,3382.8,86261.0,present
3917,2025-08-27 06:00:00+00:00,3382.2,3391.2,3378.2,3391.2,236554.0,present
3918,2025-08-27 08:00:00+00:00,3391.2,3394.8,3387.8,3389.6,197163.0,present
3919,2025-08-27 10:00:00+00:00,3389.2,3395.0,3382.0,3391.6,192280.0,present
3920,2025-08-27 12:00:00+00:00,3392.0,3396.8,3387.0,3391.4,179754.0,present
3921,2025-08-27 14:00:00+00:00,3391.8,3393.6,3386.0,3391.0,75433.0,present
3922,2025-08-27 16:00:00+00:00,3389.0,3395.6,3386.8,3392.0,84023.0,present
3923,2025-08-27 18:00:00+00:00,3392.0,3399.6,3389.4,3397.4,77834.0,present
3924,2025-08-27 20:00:00+00:00,3397.8,3399.8,3397.2,3398.0,36486.0,present
3925,2025-08-27 22:00:00+00:00,3398.5333333333333,3399.866666666667,3398.133333333333,3398.6666666666665,24613.333333333336,interpolated
3926,2025-08-28 00:00:00+00:00,3399.266666666667,3399.9333333333334,3399.0666666666666,3399.3333333333335,12740.666666666668,interpolated
3927,2025-08-28 02:00:00+00:00,3400.0,3400.0,3400.0,3400.0,868.0,present
3928,2025-08-28 04:00:00+00:00,3400.0,3408.4,3391.8,3397.8,112918.0,present
3929,2025-08-28 06:00:00+00:00,3397.8,3399.0,3387.4,3389.8,127902.0,present
3930,2025-08-28 08:00:00+00:00,3390.0,3398.0,3389.8,3396.0,179618.0,present
3931,2025-08-28 10:00:00+00:00,3396.0,3397.8,3388.2,3389.0,136399.0,present
3932,2025-08-28 12:00:00+00:00,3388.8,3395.6,3388.0,3391.8,103831.0,present
3933,2025-08-28 14:00:00+00:00,3391.8,3401.4,3390.2,3398.8,173105.0,present
3934,2025-08-28 16:00:00+00:00,3399.0,3399.2,3360.8,3372.2,450153.0,present
3935,2025-08-28 18:00:00+00:00,3373.2,3377.4,3366.6,3369.0,153115.0,present
3936,2025-08-28 20:00:00+00:00,3369.4,3376.8,3368.4,3376.0,38942.0,present
3937,2025-08-28 22:00:00+00:00,3372.3333333333335,3377.266666666667,3371.6666666666665,3376.733333333333,27868.666666666668,interpolated
3938,2025-08-29 00:00:00+00:00,3375.2666666666664,3377.733333333333,3374.9333333333334,3377.4666666666667,16795.333333333336,interpolated
3939,2025-08-29 02:00:00+00:00,3378.2,3378.2,3378.2,3378.2,5722.0,present
3940,2025-08-29 04:00:00+00:00,3380.0,3383.8,3377.0,3380.2,74923.0,present
3941,2025-08-29 06:00:00+00:00,3381.2,3386.2,3367.8,3374.0,249600.0,present
3942,2025-08-29 08:00:00+00:00,3374.0,3376.0,3368.6,3371.4,166545.0,present
3943,2025-08-29 10:00:00+00:00,3371.0,3373.4,3340.0,3343.8,447145.0,present
3944,2025-08-29 12:00:00+00:00,3343.8,3349.6,3327.2,3328.0,250992.0,present
3945,2025-08-29 14:00:00+00:00,3328.2,3344.0,3328.0,3341.6,279714.0,present
3946,2025-08-29 16:00:00+00:00,3340.0,3344.2,3336.6,3342.0,56763.0,present
3947,2025-08-29 18:00:00+00:00,3341.8,3344.8,3338.6,3339.6,59270.0,present
3948,2025-08-29 20:00:00+00:00,3339.8,3341.2,3331.6,3334.8,42761.0,present
3949,2025-08-29 22:00:00+00:00,3339.48,3340.8399999999997,3332.2,3335.52,36367.4,interpolated
3950,2025-08-30 00:00:00+00:00,3339.16,3340.48,3332.7999999999997,3336.2400000000002,29973.8,interpolated
3951,2025-08-30 02:00:00+00:00,3338.84,3340.12,3333.4,3336.96,23580.2,interpolated
3952,2025-08-30 04:00:00+00:00,3338.52,3339.76,3334.0,3337.6800000000003,17186.6,interpolated
3953,2025-08-30 06:00:00+00:00,3338.2,3339.4,3334.6,3338.4,10793.0,present
3954,2025-08-30 08:00:00+00:00,3338.2,3338.8,3338.0,3338.8,10300.0,present
3955,2025-08-30 10:00:00+00:00,3338.8,3338.8,3337.4,3337.8,11113.0,present
3956,2025-08-30 12:00:00+00:00,3337.4,3337.8,3335.0,3335.2,18354.0,present
3957,2025-08-30 14:00:00+00:00,3335.0,3335.2,3325.4,3329.8,45917.0,present
3958,2025-08-30 16:00:00+00:00,3334.625,3335.7,3325.925,3330.75,42488.125,interpolated
3959,2025-08-30 18:00:00+00:00,3334.25,3336.2,3326.45,3331.7000000000003,39059.25,interpolated
3960,2025-08-30 20:00:00+00:00,3333.875,3336.7,3326.975,3332.65,35630.375,interpolated
3961,2025-08-30 22:00:00+00:00,3333.5,3337.2,3327.5,3333.6000000000004,32201.5,interpolated
3962,2025-08-31 00:00:00+00:00,3333.125,3337.7,3328.025,3334.55,28772.625,interpolated
3963,2025-08-31 02:00:00+00:00,3332.75,3338.2,3328.55,3335.5,25343.75,interpolated
3964,2025-08-31 04:00:00+00:00,3332.375,3338.7,3329.075,3336.4500000000003,21914.875,interpolated
3965,2025-08-31 06:00:00+00:00,3332.0,3339.2,3329.6,3337.4,18486.0,present
3966,2025-08-31 08:00:00+00:00,3337.2,3343.0,3336.4,3338.4,30534.0,present
3967,2025-08-31 10:00:00+00:00,3338.4,3339.8,3337.6,3339.6,16013.0,present
3968,2025-08-31 12:00:00+00:00,3339.6,3339.8,3339.0,3339.8,12474.0,present
3969,2025-08-31 14:00:00+00:00,3339.6,3339.8,3335.2,3336.4,21637.0,present
3970,2025-08-31 16:00:00+00:00,3339.6666666666665,3339.8333333333335,3336.0,3337.0,18729.0,interpolated
3971,2025-08-31 18:00:00+00:00,3339.733333333333,3339.866666666667,3336.7999999999997,3337.6,15821.0,interpolated
3972,2025-08-31 20:00:00+00:00,3339.8,3339.9,3337.6,3338.2,12913.0,interpolated
3973,2025-08-31 22:00:00+00:00,3339.866666666667,3339.9333333333334,3338.4,3338.8,10005.0,interpolated
3974,2025-09-01 00:00:00+00:00,3339.9333333333334,3339.9666666666667,3339.2,3339.4,7097.0,interpolated
3975,2025-09-01 02:00:00+00:00,3340.0,3340.0,3340.0,3340.0,4189.0,present
3976,2025-09-01 04:00:00+00:00,3340.0,3352.6,3338.2,3349.0,147024.0,present
3977,2025-09-01 06:00:00+00:00,3348.2,3363.0,3347.0,3349.4,242292.0,present
3978,2025-09-01 08:00:00+00:00,3349.0,3355.2,3346.2,3350.0,146660.0,present
3979,2025-09-01 10:00:00+00:00,3350.0,3356.0,3347.0,3352.8,127624.0,present
3980,2025-09-01 12:00:00+00:00,3353.0,3356.0,3348.6,3350.4,115922.0,present
3981,2025-09-01 14:00:00+00:00,3350.4,3353.0,3333.0,3333.0,196051.0,present
3982,2025-09-01 16:00:00+00:00,3333.2,3343.2,3331.4,3338.2,103662.0,present
3983,2025-09-01 18:00:00+00:00,3338.0,3339.2,3334.0,3338.4,29294.0,present
3984,2025-09-01 20:00:00+00:00,3338.4,3342.6,3337.4,3342.6,36547.0,present
3985,2025-09-01 22:00:00+00:00,3341.266666666667,3344.0666666666666,3340.6,3344.0666666666666,25018.666666666664,interpolated
3986,2025-09-02 00:00:00+00:00,3344.133333333333,3345.5333333333333,3343.8,3345.5333333333333,13490.333333333332,interpolated
3987,2025-09-02 02:00:00+00:00,3347.0,3347.0,3347.0,3347.0,1962.0,present
3988,2025-09-02 04:00:00+00:00,3348.4,3349.0,3335.2,3337.0,89485.0,present
3989,2025-09-02 06:00:00+00:00,3336.8,3337.2,3313.6,3317.2,283330.0,present
3990,2025-09-02 08:00:00+00:00,3317.4,3322.4,3311.0,3312.6,280628.0,present
3991,2025-09-02 10:00:00+00:00,3313.0,3320.0,3308.2,3318.8,115530.0,present
3992,2025-09-02 12:00:00+00:00,3318.8,3325.0,3298.2,3305.2,406571.0,present
3993,2025-09-02 12:00:00+00:00,3318.8,3325.0,3298.2,3305.2,406571.0,present
3994,2025-09-02 14:00:00+00:00,3305.0,3312.0,3302.4,3305.0,170752.0,present
3995,2025-09-02 16:00:00+00:00,3305.0,3309.6,3290.8,3294.0,134255.0,present
3996,2025-09-02 18:00:00+00:00,3293.8,3313.6,3291.0,3310.4,191328.0,present
3997,2025-09-02 20:00:00+00:00,3310.4,3312.0,3308.0,3310.0,42585.0,present
3998,2025-09-02 22:00:00+00:00,3311.266666666667,3312.3333333333335,3309.6666666666665,3311.0,28658.666666666664,interpolated
3999,2025-09-03 00:00:00+00:00,3312.133333333333,3312.6666666666665,3311.3333333333335,3312.0,14732.333333333332,interpolated
4000,2025-09-03 02:00:00+00:00,3313.0,3313.0,3313.0,3313.0,806.0,present
4001,2025-09-03 04:00:00+00:00,3313.0,3314.8,3304.0,3309.8,80251.0,present
4002,2025-09-03 06:00:00+00:00,3309.8,3323.0,3299.4,3306.4,345274.0,present
4003,2025-09-03 08:00:00+00:00,3306.2,3307.0,3297.4,3303.0,186455.0,present
4004,2025-09-03 10:00:00+00:00,3303.2,3308.2,3300.8,3305.8,105515.0,present
4005,2025-09-03 12:00:00+00:00,3305.6,3312.0,3299.0,3301.6,225032.0,present
4006,2025-09-03 14:00:00+00:00,3302.0,3311.0,3302.0,3309.0,86440.0,present
4007,2025-09-03 16:00:00+00:00,3309.4,3316.8,3308.6,3316.4,246741.0,present
4008,2025-09-03 18:00:00+00:00,3316.0,3319.8,3312.2,3318.8,105944.0,present
4009,2025-09-03 20:00:00+00:00,3318.8,3319.8,3317.2,3318.0,40377.0,present
4010,2025-09-03 22:00:00+00:00,3318.5333333333333,3319.2000000000003,3317.4666666666667,3318.0,27221.0,interpolated
4011,2025-09-04 00:00:00+00:00,3318.266666666667,3318.6,3317.733333333333,3318.0,14065.0,interpolated
4012,2025-09-04 02:00:00+00:00,3318.0,3318.0,3318.0,3318.0,909.0,present
4013,2025-09-04 04:00:00+00:00,3318.8,3323.0,3315.6,3319.8,87231.0,present
4014,2025-09-04 06:00:00+00:00,3319.8,3333.0,3315.0,3330.4,349379.0,present
4015,2025-09-04 08:00:00+00:00,3330.6,3330.6,3321.6,3327.8,172684.0,present
4016,2025-09-04 10:00:00+00:00,3327.4,3331.0,3326.8,3330.2,88019.0,present
4017,2025-09-04 12:00:00+00:00,3330.4,3336.6,3322.0,3334.4,356281.0,present
4018,2025-09-04 14:00:00+00:00,3334.4,3334.6,3320.4,3327.8,256069.0,present
4019,2025-09-04 16:00:00+00:00,3328.0,3330.8,3318.8,3325.2,146393.0,present
4020,2025-09-04 18:00:00+00:00,3325.2,3330.8,3322.4,3324.4,81161.0,present
4021,2025-09-04 20:00:00+00:00,3324.6,3328.2,3324.4,3327.6,29279.0,present
4022,2025-09-04 22:00:00+00:00,3326.4,3328.7999999999997,3326.266666666667,3328.4,20096.333333333332,interpolated
4023,2025-09-05 00:00:00+00:00,3328.2,3329.4,3328.133333333333,3329.2,10913.666666666664,interpolated
4024,2025-09-05 02:00:00+00:00,3330.0,3330.0,3330.0,3330.0,1731.0,present
4025,2025-09-05 04:00:00+00:00,3330.8,3334.6,3330.0,3331.0,70870.0,present
4026,2025-09-05 06:00:00+00:00,3331.0,3333.6,3326.2,3328.6,133521.0,present
4027,2025-09-05 08:00:00+00:00,3329.0,3343.0,3327.6,3337.6,292326.0,present
4028,2025-09-05 10:00:00+00:00,3338.0,3341.0,3334.4,3340.4,119958.0,present
4029,2025-09-05 12:00:00+00:00,3340.4,3342.2,3337.4,3341.2,106246.0,present
4030,2025-09-05 14:00:00+00:00,3341.0,3345.8,3335.2,3337.2,158885.0,present
4031,2025-09-05 16:00:00+00:00,3337.4,3338.6,3332.2,3334.4,60687.0,present
4032,2025-09-05 18:00:00+00:00,3334.0,3335.0,3330.2,3332.2,37438.0,present
4033,2025-09-05 20:00:00+00:00,3332.4,3334.8,3330.0,3331.2,56985.0,present
4034,2025-09-05 22:00:00+00:00,3332.2400000000002,3334.56,3329.68,3331.3599999999997,47718.8,interpolated
4035,2025-09-06 00:00:00+00:00,3332.08,3334.32,3329.36,3331.52,38452.6,interpolated
4036,2025-09-06 02:00:00+00:00,3331.92,3334.08,3329.04,3331.68,29186.399999999998,interpolated
4037,2025-09-06 04:00:00+00:00,3331.7599999999998,3333.84,3328.7200000000003,3331.84,19920.199999999997,interpolated
4038,2025-09-06 06:00:00+00:00,3331.6,3333.6,3328.4,3332.0,10654.0,present
4039,2025-09-06 08:00:00+00:00,3332.0,3332.2,3330.2,3331.2,9633.0,present
4040,2025-09-06 10:00:00+00:00,3330.6,3331.8,3330.4,3331.2,5969.0,present
4041,2025-09-06 12:00:00+00:00,3331.2,3331.8,3330.8,3331.4,7298.0,present
4042,2025-09-06 14:00:00+00:00,3331.8,3332.0,3331.0,3331.8,8011.0,present
4043,2025-09-06 16:00:00+00:00,3331.9500000000003,3332.15,3331.05,3331.8500000000004,7733.5,interpolated
4044,2025-09-06 18:00:00+00:00,3332.1000000000004,3332.3,3331.1,3331.9,7456.0,interpolated
4045,2025-09-06 20:00:00+00:00,3332.25,3332.45,3331.15,3331.95,7178.5,interpolated
4046,2025-09-06 22:00:00+00:00,3332.4,3332.6,3331.2,3332.0,6901.0,interpolated
4047,2025-09-07 00:00:00+00:00,3332.55,3332.75,3331.25,3332.05,6623.5,interpolated
4048,2025-09-07 02:00:00+00:00,3332.7,3332.8999999999996,3331.3,3332.1,6346.0,interpolated
4049,2025-09-07 04:00:00+00:00,3332.85,3333.0499999999997,3331.35,3332.1499999999996,6068.5,interpolated
4050,2025-09-07 06:00:00+00:00,3333.0,3333.2,3331.4,3332.2,5791.0,present
4051,2025-09-07 08:00:00+00:00,3332.2,3334.4,3331.8,3333.8,17456.0,present
4052,2025-09-07 10:00:00+00:00,3333.8,3338.8,3333.4,3337.0,24159.0,present
4053,2025-09-07 12:00:00+00:00,3336.6,3337.8,3334.2,3335.0,18604.0,present
4054,2025-09-07 14:00:00+00:00,3335.0,3337.4,3334.6,3337.2,10686.0,present
4055,2025-09-07 16:00:00+00:00,3335.633333333333,3337.6333333333337,3335.3,3337.4666666666667,8967.0,interpolated
4056,2025-09-07 18:00:00+00:00,3336.266666666667,3337.866666666667,3336.0,3337.733333333333,7248.0,interpolated
4057,2025-09-07 20:00:00+00:00,3336.9,3338.1000000000004,3336.7,3338.0,5529.000000000001,interpolated
4058,2025-09-07 22:00:00+00:00,3337.5333333333333,3338.3333333333335,3337.4,3338.266666666667,3810.000000000001,interpolated
4059,2025-09-08 00:00:00+00:00,3338.166666666667,3338.5666666666666,3338.1000000000004,3338.5333333333333,2091.0,interpolated
4060,2025-09-08 02:00:00+00:00,3338.8,3338.8,3338.8,3338.8,372.0,present
4061,2025-09-08 04:00:00+00:00,3338.6,3353.4,3337.6,3348.8,154963.0,present
4062,2025-09-08 06:00:00+00:00,3348.8,3355.6,3347.0,3348.2,205607.0,present
4063,2025-09-08 08:00:00+00:00,3348.6,3352.4,3347.2,3352.0,153174.0,present
4064,2025-09-08 10:00:00+00:00,3351.8,3354.6,3349.0,3352.8,146848.0,present
4065,2025-09-08 12:00:00+00:00,3352.8,3362.6,3350.0,3355.2,315299.0,present
4066,2025-09-08 14:00:00+00:00,3355.2,3361.2,3353.8,3359.0,90217.0,present
4067,2025-09-08 16:00:00+00:00,3359.2,3366.6,3357.8,3364.8,133100.0,present
4068,2025-09-08 18:00:00+00:00,3364.8,3368.6,3364.2,3365.6,89518.0,present
4069,2025-09-08 20:00:00+00:00,3365.4,3369.8,3364.4,3369.0,39613.0,present
4070,2025-09-08 22:00:00+00:00,3366.6,3369.5333333333333,3365.9333333333334,3369.0,26893.0,interpolated
4071,2025-09-09 00:00:00+00:00,3367.8,3369.266666666667,3367.4666666666667,3369.0,14173.0,interpolated
4072,2025-09-09 02:00:00+00:00,3369.0,3369.0,3369.0,3369.0,1453.0,present
4073,2025-09-09 04:00:00+00:00,3370.0,3376.0,3367.2,3372.6,136034.0,present
4074,2025-09-09 06:00:00+00:00,3372.6,3378.4,3372.2,3375.4,266918.0,present
4075,2025-09-09 08:00:00+00:00,3376.0,3383.8,3358.8,3362.0,486111.0,present
4076,2025-09-09 10:00:00+00:00,3362.0,3366.2,3355.4,3360.0,292142.0,present
4077,2025-09-09 12:00:00+00:00,3360.4,3361.0,3342.0,3348.4,383581.0,present
4078,2025-09-09 12:00:00+00:00,3360.4,3361.0,3342.0,3348.4,383581.0,present
4079,2025-09-09 14:00:00+00:00,3348.4,3355.0,3343.6,3353.8,172822.0,present
4080,2025-09-09 16:00:00+00:00,3353.8,3364.0,3346.4,3362.4,168089.0,present
4081,2025-09-09 18:00:00+00:00,3362.4,3362.8,3358.0,3358.6,36784.0,present
4082,2025-09-09 20:00:00+00:00,3358.2,3359.6,3356.6,3357.4,30202.0,present
4083,2025-09-09 22:00:00+00:00,3358.4666666666667,3359.4,3357.4,3357.9333333333334,20455.0,interpolated
4084,2025-09-10 00:00:00+00:00,3358.733333333333,3359.2,3358.2,3358.4666666666667,10708.0,interpolated
4085,2025-09-10 02:00:00+00:00,3359.0,3359.0,3359.0,3359.0,961.0,present
4086,2025-09-10 04:00:00+00:00,3359.8,3363.6,3348.0,3350.0,108304.0,present
4087,2025-09-10 06:00:00+00:00,3350.0,3368.8,3345.4,3353.4,326329.0,present
4088,2025-09-10 08:00:00+00:00,3353.0,3353.6,3339.2,3346.4,220755.0,present
4089,2025-09-10 10:00:00+00:00,3346.6,3349.6,3339.8,3341.8,148032.0,present
4090,2025-09-10 12:00:00+00:00,3341.6,3345.8,3333.2,3335.6,189835.0,present
4091,2025-09-10 14:00:00+00:00,3335.6,3341.8,3333.2,3334.2,159541.0,present
4092,2025-09-10 16:00:00+00:00,3334.2,3335.2,3318.0,3325.0,171954.0,present
4093,2025-09-10 18:00:00+00:00,3324.8,3327.4,3322.4,3325.0,58484.0,present
4094,2025-09-10 20:00:00+00:00,3325.4,3327.8,3323.2,3327.4,31058.0,present
4095,2025-09-10 22:00:00+00:00,3323.9333333333334,3325.5333333333333,3322.4666666666667,3325.266666666667,21319.0,interpolated
4096,2025-09-11 00:00:00+00:00,3322.4666666666667,3323.266666666667,3321.733333333333,3323.133333333333,11580.0,interpolated
4097,2025-09-11 02:00:00+00:00,3321.0,3321.0,3321.0,3321.0,1841.0,present
4098,2025-09-11 04:00:00+00:00,3324.0,3335.4,3321.2,3332.4,100109.0,present
4099,2025-09-11 06:00:00+00:00,3332.2,3335.0,3315.2,3316.0,238639.0,present
4100,2025-09-11 08:00:00+00:00,3316.0,3319.4,3300.0,3310.4,482614.0,present
4101,2025-09-11 10:00:00+00:00,3310.4,3313.4,3305.0,3306.4,163116.0,present
4102,2025-09-11 12:00:00+00:00,3306.6,3307.0,3261.6,3274.4,774034.0,present
4103,2025-09-11 14:00:00+00:00,3274.8,3282.8,3266.0,3271.2,480718.0,present
4104,2025-09-11 16:00:00+00:00,3271.8,3279.0,3270.0,3276.8,146657.0,present
4105,2025-09-11 18:00:00+00:00,3276.6,3283.8,3275.8,3278.0,78616.0,present
4106,2025-09-11 20:00:00+00:00,3277.4,3280.6,3275.2,3280.0,34586.0,present
4107,2025-09-11 22:00:00+00:00,3279.266666666667,3281.4,3277.7999999999997,3281.0,23311.0,interpolated
4108,2025-09-12 00:00:00+00:00,3281.133333333333,3282.2,3280.4,3282.0,12036.0,interpolated
4109,2025-09-12 02:00:00+00:00,3283.0,3283.0,3283.0,3283.0,761.0,present
4110,2025-09-12 04:00:00+00:00,3283.8,3288.0,3280.0,3285.0,77979.0,present
4111,2025-09-12 06:00:00+00:00,3284.6,3286.4,3248.6,3251.0,335710.0,present
4112,2025-09-12 08:00:00+00:00,3251.0,3264.4,3250.4,3262.6,214106.0,present
4113,2025-09-12 10:00:00+00:00,3262.2,3267.6,3227.4,3247.8,913126.0,present
4114,2025-09-12 12:00:00+00:00,3247.8,3248.8,3185.2,3195.2,1127031.0,present
4115,2025-09-12 14:00:00+00:00,3194.6,3206.4,3181.6,3188.0,449486.0,present
4116,2025-09-12 16:00:00+00:00,3188.8,3192.6,3175.4,3184.4,216954.0,present
4117,2025-09-12 18:00:00+00:00,3184.4,3196.8,3183.4,3188.2,118905.0,present
4118,2025-09-12 20:00:00+00:00,3188.0,3191.0,3183.0,3185.0,49007.0,present
4119,2025-09-12 22:00:00+00:00,3189.0,3191.4,3185.0,3186.6,39215.8,interpolated
4120,2025-09-13 00:00:00+00:00,3190.0,3191.8,3187.0,3188.2,29424.6,interpolated
4121,2025-09-13 02:00:00+00:00,3191.0,3192.2,3189.0,3189.8,19633.399999999998,interpolated
4122,2025-09-13 04:00:00+00:00,3192.0,3192.6,3191.0,3191.4,9842.199999999997,interpolated
4123,2025-09-13 06:00:00+00:00,3193.0,3193.0,3193.0,3193.0,51.0,present
4124,2025-09-13 08:00:00+00:00,3190.0,3193.8,3185.0,3188.2,17816.0,present
4125,2025-09-13 10:00:00+00:00,3188.2,3188.2,3186.0,3186.6,15969.0,present
4126,2025-09-13 12:00:00+00:00,3186.6,3187.6,3186.0,3187.2,7785.0,present
4127,2025-09-13 14:00:00+00:00,3186.8,3187.2,3180.4,3183.4,33758.0,present
4128,2025-09-13 16:00:00+00:00,3186.25,3186.625,3180.15,3183.0,30775.25,interpolated
4129,2025-09-13 18:00:00+00:00,3185.7000000000003,3186.0499999999997,3179.9,3182.6,27792.5,interpolated
4130,2025-09-13 20:00:00+00:00,3185.15,3185.475,3179.65,3182.2,24809.75,interpolated
4131,2025-09-13 22:00:00+00:00,3184.6000000000004,3184.8999999999996,3179.4,3181.8,21827.0,interpolated
4132,2025-09-14 00:00:00+00:00,3184.05,3184.325,3179.15,3181.4,18844.25,interpolated
4133,2025-09-14 02:00:00+00:00,3183.5,3183.75,3178.9,3181.0,15861.5,interpolated
4134,2025-09-14 04:00:00+00:00,3182.9500000000003,3183.1749999999997,3178.65,3180.6,12878.75,interpolated
4135,2025-09-14 06:00:00+00:00,3182.4,3182.6,3178.4,3180.2,9896.0,present
4136,2025-09-14 08:00:00+00:00,3180.8,3182.2,3177.6,3182.2,33224.0,present
4137,2025-09-14 10:00:00+00:00,3182.2,3189.0,3182.0,3187.4,29072.0,present
4138,2025-09-14 12:00:00+00:00,3187.6,3193.2,3187.4,3187.6,58530.0,present
4139,2025-09-14 14:00:00+00:00,3188.4,3190.0,3186.8,3188.0,22228.0,present
4140,2025-09-14 16:00:00+00:00,3189.3333333333335,3190.6666666666665,3188.0,3189.0,18737.666666666668,interpolated
4141,2025-09-14 18:00:00+00:00,3190.266666666667,3191.3333333333335,3189.2000000000003,3190.0,15247.333333333334,interpolated
4142,2025-09-14 20:00:00+00:00,3191.2000000000003,3192.0,3190.4,3191.0,11757.0,interpolated
4143,2025-09-14 22:00:00+00:00,3192.133333333333,3192.6666666666665,3191.6,3192.0,8266.666666666668,interpolated
4144,2025-09-15 00:00:00+00:00,3193.0666666666666,3193.3333333333335,3192.8,3193.0,4776.333333333336,interpolated
4145,2025-09-15 02:00:00+00:00,3194.0,3194.0,3194.0,3194.0,1286.0,present
4146,2025-09-15 04:00:00+00:00,3193.0,3196.8,3187.8,3190.6,120366.0,present
4147,2025-09-15 06:00:00+00:00,3190.4,3191.8,3168.2,3168.8,363371.0,present
4148,2025-09-15 08:00:00+00:00,3169.4,3171.8,3156.0,3164.2,463566.0,present
4149,2025-09-15 10:00:00+00:00,3163.8,3168.2,3151.0,3161.0,248264.0,present
4150,2025-09-15 12:00:00+00:00,3160.6,3167.2,3155.6,3158.8,284075.0,present
4151,2025-09-15 14:00:00+00:00,3158.4,3166.6,3153.0,3162.8,196840.0,present
4152,2025-09-15 16:00:00+00:00,3163.0,3167.0,3160.0,3162.2,56084.0,present
4153,2025-09-15 18:00:00+00:00,3162.0,3162.4,3156.2,3161.4,51399.0,present
4154,2025-09-15 20:00:00+00:00,3161.4,3162.6,3160.0,3162.6,30890.0,present
4155,2025-09-15 22:00:00+00:00,3162.0666666666666,3162.866666666667,3161.133333333333,3162.866666666667,20984.666666666668,interpolated
4156,2025-09-16 00:00:00+00:00,3162.7333333333336,3163.133333333333,3162.266666666667,3163.133333333333,11079.333333333336,interpolated
4157,2025-09-16 02:00:00+00:00,3163.4,3163.4,3163.4,3163.4,1174.0,present
4158,2025-09-16 04:00:00+00:00,3164.6,3182.0,3163.2,3176.4,183523.0,present
4159,2025-09-16 06:00:00+00:00,3176.0,3180.8,3164.4,3174.8,296681.0,present
4160,2025-09-16 08:00:00+00:00,3174.4,3176.4,3136.6,3138.2,468876.0,present
4161,2025-09-16 10:00:00+00:00,3138.4,3146.0,3132.8,3142.0,304798.0,present
4162,2025-09-16 12:00:00+00:00,3142.0,3161.4,3132.2,3154.2,297630.0,present
4163,2025-09-16 12:00:00+00:00,3142.0,3161.4,3132.2,3154.2,297630.0,present
4164,2025-09-16 14:00:00+00:00,3154.4,3171.8,3148.4,3151.4,318717.0,present
4165,2025-09-16 16:00:00+00:00,3152.0,3161.0,3151.4,3156.0,69301.0,present
4166,2025-09-16 18:00:00+00:00,3155.8,3158.8,3153.8,3153.8,48848.0,present
4167,2025-09-16 20:00:00+00:00,3154.2,3155.6,3152.4,3155.0,24609.0,present
4168,2025-09-16 22:00:00+00:00,3155.133333333333,3156.0666666666666,3153.9333333333334,3155.6666666666665,17346.666666666664,interpolated
4169,2025-09-17 00:00:00+00:00,3156.0666666666666,3156.5333333333333,3155.4666666666667,3156.3333333333335,10084.333333333332,interpolated
4170,2025-09-17 02:00:00+00:00,3157.0,3157.0,3157.0,3157.0,2822.0,present
4171,2025-09-17 04:00:00+00:00,3157.8,3161.8,3156.0,3159.6,54202.0,present
4172,2025-09-17 06:00:00+00:00,3159.6,3160.6,3143.0,3151.8,218728.0,present
4173,2025-09-17 08:00:00+00:00,3151.8,3153.0,3137.0,3139.8,170022.0,present
4174,2025-09-17 10:00:00+00:00,3139.6,3158.2,3138.0,3150.6,307591.0,present
4175,2025-09-17 12:00:00+00:00,3150.6,3151.6,3138.6,3141.8,224988.0,present
4176,2025-09-17 14:00:00+00:00,3141.8,3178.0,3141.8,3171.4,572787.0,present
4177,2025-09-17 16:00:00+00:00,3174.8,3182.0,3165.4,3168.8,188538.0,present
4178,2025-09-17 18:00:00+00:00,3168.8,3174.8,3162.2,3168.4,93350.0,present
4179,2025-09-17 20:00:00+00:00,3168.4,3170.6,3165.4,3170.6,24270.0,present
4180,2025-09-17 22:00:00+00:00,3170.133333333333,3171.6,3168.133333333333,3171.6,16679.333333333336,interpolated
4181,2025-09-18 00:00:00+00:00,3171.866666666667,3172.6,3170.866666666667,3172.6,9088.666666666668,interpolated
4182,2025-09-18 02:00:00+00:00,3173.6,3173.6,3173.6,3173.6,1498.0,present
4183,2025-09-18 04:00:00+00:00,3173.4,3174.4,3159.4,3167.4,99241.0,present
4184,2025-09-18 06:00:00+00:00,3167.0,3168.6,3156.4,3158.2,199553.0,present
4185,2025-09-18 08:00:00+00:00,3158.0,3165.6,3149.6,3151.6,266814.0,present
4186,2025-09-18 10:00:00+00:00,3151.6,3156.4,3142.6,3146.0,316667.0,present
4187,2025-09-18 12:00:00+00:00,3145.8,3151.4,3135.0,3141.2,599152.0,present
4188,2025-09-18 14:00:00+00:00,3141.2,3157.2,3141.0,3155.0,257479.0,present
4189,2025-09-18 16:00:00+00:00,3155.8,3157.4,3122.0,3126.4,242160.0,present
4190,2025-09-18 18:00:00+00:00,3126.4,3138.2,3125.4,3132.4,141235.0,present
4191,2025-09-18 20:00:00+00:00,3132.4,3138.4,3131.6,3135.8,49599.0,present
4192,2025-09-18 22:00:00+00:00,3134.266666666667,3138.266666666667,3133.733333333333,3136.5333333333333,33144.66666666667,interpolated
4193,2025-09-19 00:00:00+00:00,3136.133333333333,3138.133333333333,3135.866666666667,3137.266666666667,16690.333333333336,interpolated
4194,2025-09-19 02:00:00+00:00,3138.0,3138.0,3138.0,3138.0,236.0,present
4195,2025-09-19 04:00:00+00:00,3138.4,3145.0,3130.8,3135.6,70827.0,present
4196,2025-09-19 06:00:00+00:00,3135.4,3151.2,3134.4,3143.6,214431.0,present
4197,2025-09-19 08:00:00+00:00,3143.6,3143.6,3129.0,3135.0,313584.0,present
4198,2025-09-19 10:00:00+00:00,3135.2,3137.2,3114.4,3136.2,364878.0,present
4199,2025-09-19 12:00:00+00:00,3136.4,3148.0,3127.8,3140.8,248353.0,present
4200,2025-09-19 14:00:00+00:00,3140.8,3141.2,3088.0,3093.0,569547.0,present
4201,2025-09-19 16:00:00+00:00,3094.4,3099.6,3085.0,3093.0,306191.0,present
4202,2025-09-19 18:00:00+00:00,3093.0,3095.6,3082.8,3083.8,124230.0,present
4203,2025-09-19 20:00:00+00:00,3083.6,3085.4,3069.0,3069.0,90202.0,present
4204,2025-09-19 22:00:00+00:00,3083.0962962962963,3084.82962962963,3069.037037037037,3069.037037037037,86918.92592592593,interpolated
4205,2025-09-20 00:00:00+00:00,3082.5925925925926,3084.259259259259,3069.074074074074,3069.074074074074,83635.85185185185,interpolated
4206,2025-09-20 02:00:00+00:00,3082.088888888889,3083.688888888889,3069.1111111111113,3069.1111111111113,80352.77777777778,interpolated
4207,2025-09-20 04:00:00+00:00,3081.5851851851853,3083.1185185185186,3069.1481481481483,3069.1481481481483,77069.70370370371,interpolated
4208,2025-09-20 06:00:00+00:00,3081.081481481481,3082.5481481481484,3069.185185185185,3069.185185185185,73786.62962962964,interpolated
4209,2025-09-20 08:00:00+00:00,3080.5777777777776,3081.9777777777776,3069.222222222222,3069.222222222222,70503.55555555556,interpolated
4210,2025-09-20 10:00:00+00:00,3080.074074074074,3081.4074074074074,3069.259259259259,3069.259259259259,67220.48148148149,interpolated
4211,2025-09-20 12:00:00+00:00,3079.5703703703703,3080.837037037037,3069.296296296296,3069.296296296296,63937.40740740741,interpolated
4212,2025-09-20 14:00:00+00:00,3079.0666666666666,3080.266666666667,3069.3333333333335,3069.3333333333335,60654.333333333336,interpolated
4213,2025-09-20 16:00:00+00:00,3078.562962962963,3079.696296296296,3069.3703703703704,3069.3703703703704,57371.25925925926,interpolated
4214,2025-09-20 18:00:00+00:00,3078.0592592592593,3079.125925925926,3069.4074074074074,3069.4074074074074,54088.18518518519,interpolated
4215,2025-09-20 20:00:00+00:00,3077.5555555555557,3078.5555555555557,3069.4444444444443,3069.4444444444443,50805.11111111111,interpolated
4216,2025-09-20 22:00:00+00:00,3077.051851851852,3077.9851851851854,3069.4814814814813,3069.4814814814813,47522.03703703704,interpolated
4217,2025-09-21 00:00:00+00:00,3076.548148148148,3077.4148148148147,3069.5185185185187,3069.5185185185187,44238.96296296296,interpolated
4218,2025-09-21 02:00:00+00:00,3076.0444444444443,3076.8444444444444,3069.5555555555557,3069.5555555555557,40955.88888888889,interpolated
4219,2025-09-21 04:00:00+00:00,3075.5407407407406,3076.274074074074,3069.5925925925926,3069.5925925925926,37672.81481481482,interpolated
4220,2025-09-21 06:00:00+00:00,3075.037037037037,3075.703703703704,3069.6296296296296,3069.6296296296296,34389.740740740745,interpolated
4221,2025-09-21 08:00:00+00:00,3074.5333333333333,3075.133333333333,3069.6666666666665,3069.6666666666665,31106.66666666667,interpolated
4222,2025-09-21 10:00:00+00:00,3074.0296296296297,3074.562962962963,3069.703703703704,3069.703703703704,27823.59259259259,interpolated
4223,2025-09-21 12:00:00+00:00,3073.525925925926,3073.9925925925927,3069.740740740741,3069.740740740741,24540.518518518526,interpolated
4224,2025-09-21 14:00:00+00:00,3073.0222222222224,3073.4222222222224,3069.777777777778,3069.777777777778,21257.444444444453,interpolated
4225,2025-09-21 16:00:00+00:00,3072.5185185185187,3072.8518518518517,3069.814814814815,3069.814814814815,17974.37037037038,interpolated
4226,2025-09-21 18:00:00+00:00,3072.0148148148146,3072.2814814814815,3069.8518518518517,3069.8518518518517,14691.296296296292,interpolated
4227,2025-09-21 20:00:00+00:00,3071.511111111111,3071.711111111111,3069.8888888888887,3069.8888888888887,11408.222222222219,interpolated
4228,2025-09-21 22:00:00+00:00,3071.0074074074073,3071.140740740741,3069.925925925926,3069.925925925926,8125.148148148146,interpolated
4229,2025-09-22 00:00:00+00:00,3070.5037037037036,3070.5703703703703,3069.962962962963,3069.962962962963,4842.074074074073,interpolated
4230,2025-09-22 02:00:00+00:00,3070.0,3070.0,3070.0,3070.0,1559.0,present
4231,2025-09-22 04:00:00+00:00,3071.0,3082.0,3066.6,3074.0,165420.0,present
4232,2025-09-22 06:00:00+00:00,3073.4,3085.0,3062.4,3082.0,409071.0,present
4233,2025-09-22 08:00:00+00:00,3081.6,3093.8,3066.6,3078.4,463058.0,present
4234,2025-09-22 10:00:00+00:00,3078.2,3116.0,3073.0,3103.0,484850.0,present
4235,2025-09-22 12:00:00+00:00,3103.0,3108.0,3078.2,3080.2,374092.0,present
4236,2025-09-22 14:00:00+00:00,3080.4,3107.8,3080.2,3102.4,321472.0,present
4237,2025-09-22 16:00:00+00:00,3099.0,3105.2,3092.8,3101.0,117225.0,present
4238,2025-09-22 18:00:00+00:00,3101.0,3109.0,3101.0,3106.8,91809.0,present
4239,2025-09-22 20:00:00+00:00,3106.8,3109.6,3106.8,3108.8,54073.0,present
4240,2025-09-22 22:00:00+00:00,3107.6,3109.4666666666667,3107.6,3108.9333333333334,36476.66666666667,interpolated
4241,2025-09-23 00:00:00+00:00,3108.4,3109.333333333333,3108.4,3109.0666666666666,18880.333333333336,interpolated
4242,2025-09-23 02:00:00+00:00,3109.2,3109.2,3109.2,3109.2,1284.0,present
4243,2025-09-23 04:00:00+00:00,3109.2,3121.0,3109.0,3116.8,117201.0,present
4244,2025-09-23 06:00:00+00:00,3116.6,3127.6,3111.6,3115.2,350581.0,present
4245,2025-09-23 08:00:00+00:00,3115.0,3143.2,3102.0,3141.6,555422.0,present
4246,2025-09-23 10:00:00+00:00,3141.6,3156.2,3133.0,3152.4,402843.0,present
4247,2025-09-23 12:00:00+00:00,3152.6,3173.0,3150.2,3169.8,449969.0,present
4248,2025-09-23 12:00:00+00:00,3152.6,3173.0,3150.2,3169.8,449969.0,present
4249,2025-09-23 14:00:00+00:00,3169.8,3170.0,3152.0,3159.2,322665.0,present
4250,2025-09-23 16:00:00+00:00,3159.0,3159.0,3131.2,3131.4,302299.0,present
4251,2025-09-23 18:00:00+00:00,3131.2,3137.8,3074.6,3076.0,611659.0,present
4252,2025-09-23 20:00:00+00:00,3077.4,3097.0,3070.6,3097.0,166578.0,present
4253,2025-09-23 22:00:00+00:00,3084.6,3097.6666666666665,3080.0666666666666,3097.6666666666665,112522.33333333334,interpolated
4254,2025-09-24 00:00:00+00:00,3091.8,3098.3333333333335,3089.5333333333333,3098.3333333333335,58466.66666666667,interpolated
4255,2025-09-24 02:00:00+00:00,3099.0,3099.0,3099.0,3099.0,4411.0,present
4256,2025-09-24 04:00:00+00:00,3098.2,3121.0,3097.2,3106.4,272195.0,present
4257,2025-09-24 06:00:00+00:00,3106.4,3107.6,3079.0,3104.2,684614.0,present
4258,2025-09-24 08:00:00+00:00,3103.6,3136.0,3099.8,3130.4,556739.0,present
4259,2025-09-24 10:00:00+00:00,3130.4,3151.0,3123.0,3149.8,297168.0,present
4260,2025-09-24 12:00:00+00:00,3150.0,3161.8,3139.6,3151.4,368905.0,present
4261,2025-09-24 14:00:00+00:00,3152.0,3153.2,3124.6,3131.8,259202.0,present
4262,2025-09-24 16:00:00+00:00,3131.6,3140.4,3116.0,3125.6,177510.0,present
4263,2025-09-24 18:00:00+00:00,3126.4,3142.0,3123.0,3141.4,85404.0,present
4264,2025-09-24 20:00:00+00:00,3141.4,3147.8,3137.6,3147.8,43296.0,present
4265,2025-09-24 22:00:00+00:00,3143.9333333333334,3148.2000000000003,3141.4,3148.2000000000003,29653.333333333332,interpolated
4266,2025-09-25 00:00:00+00:00,3146.4666666666667,3148.6,3145.2,3148.6,16010.666666666664,interpolated
4267,2025-09-25 02:00:00+00:00,3149.0,3149.0,3149.0,3149.0,2368.0,present
4268,2025-09-25 04:00:00+00:00,3148.8,3155.0,3142.4,3149.6,88794.0,present
4269,2025-09-25 06:00:00+00:00,3149.4,3154.0,3132.0,3136.4,257468.0,present
4270,2025-09-25 08:00:00+00:00,3135.8,3144.0,3124.8,3134.6,244650.0,present
4271,2025-09-25 10:00:00+00:00,3135.0,3141.8,3128.6,3140.0,161287.0,present
4272,2025-09-25 12:00:00+00:00,3140.0,3144.6,3133.6,3134.2,183228.0,present
4273,2025-09-25 14:00:00+00:00,3134.2,3139.6,3108.6,3119.8,321060.0,present
4274,2025-09-25 16:00:00+00:00,3118.4,3124.0,3098.2,3106.4,203022.0,present
4275,2025-09-25 18:00:00+00:00,3106.4,3109.2,3102.0,3105.6,46284.0,present
4276,2025-09-25 20:00:00+00:00,3106.0,3109.6,3103.0,3109.6,20986.0,present
4277,2025-09-25 22:00:00+00:00,3109.0,3111.4,3107.0,3111.4,14270.333333333334,interpolated
4278,2025-09-26 00:00:00+00:00,3112.0,3113.2,3111.0,3113.2,7554.666666666668,interpolated
4279,2025-09-26 02:00:00+00:00,3115.0,3115.0,3115.0,3115.0,839.0,present
4280,2025-09-26 04:00:00+00:00,3114.8,3122.8,3105.8,3110.6,143446.0,present
4281,2025-09-26 06:00:00+00:00,3110.6,3125.4,3101.2,3106.0,329980.0,present
4282,2025-09-26 08:00:00+00:00,3106.0,3130.0,3104.2,3127.0,202523.0,present
4283,2025-09-26 10:00:00+00:00,3127.0,3131.6,3114.0,3116.6,217068.0,present
4284,2025-09-26 12:00:00+00:00,3115.8,3124.8,3108.0,3110.8,183777.0,present
4285,2025-09-26 14:00:00+00:00,3110.8,3130.8,3105.0,3128.8,346792.0,present
4286,2025-09-26 16:00:00+00:00,3128.0,3133.8,3120.8,3125.2,89980.0,present
4287,2025-09-26 18:00:00+00:00,3125.4,3130.2,3120.0,3122.2,73363.0,present
4288,2025-09-26 20:00:00+00:00,3122.2,3123.4,3111.4,3114.0,41301.0,present
4289,2025-09-26 22:00:00+00:00,3121.3199999999997,3122.44,3112.16,3114.24,34151.4,interpolated
4290,2025-09-27 00:00:00+00:00,3120.44,3121.48,3112.92,3114.48,27001.800000000003,interpolated
4291,2025-09-27 02:00:00+00:00,3119.56,3120.52,3113.68,3114.72,19852.2,interpolated
4292,2025-09-27 04:00:00+00:00,3118.6800000000003,3119.56,3114.44,3114.96,12702.600000000002,interpolated
4293,2025-09-27 06:00:00+00:00,3117.8,3118.6,3115.2,3115.2,5553.0,present
4294,2025-09-27 08:00:00+00:00,3115.8,3116.6,3114.2,3115.4,6226.0,present
4295,2025-09-27 10:00:00+00:00,3115.6,3115.6,3112.6,3113.4,5944.0,present
4296,2025-09-27 12:00:00+00:00,3113.6,3114.8,3113.0,3114.4,4489.0,present
4297,2025-09-27 14:00:00+00:00,3114.4,3114.6,3113.4,3114.2,6022.0,present
4298,2025-09-27 16:00:00+00:00,3114.275,3114.85,3113.4,3114.1749999999997,5842.25,interpolated
4299,2025-09-27 18:00:00+00:00,3114.15,3115.1,3113.4,3114.1499999999996,5662.5,interpolated
4300,2025-09-27 20:00:00+00:00,3114.025,3115.35,3113.4,3114.125,5482.75,interpolated
4301,2025-09-27 22:00:00+00:00,3113.9,3115.6,3113.4,3114.1,5303.0,interpolated
4302,2025-09-28 00:00:00+00:00,3113.775,3115.85,3113.4,3114.075,5123.25,interpolated
4303,2025-09-28 02:00:00+00:00,3113.65,3116.1,3113.4,3114.05,4943.5,interpolated
4304,2025-09-28 04:00:00+00:00,3113.525,3116.35,3113.4,3114.025,4763.75,interpolated
4305,2025-09-28 06:00:00+00:00,3113.4,3116.6,3113.4,3114.0,4584.0,present
4306,2025-09-28 08:00:00+00:00,3114.0,3114.6,3113.2,3114.2,8373.0,present
4307,2025-09-28 10:00:00+00:00,3114.2,3116.0,3114.0,3115.8,6471.0,present
4308,2025-09-28 12:00:00+00:00,3115.4,3115.8,3114.2,3114.6,8330.0,present
4309,2025-09-28 14:00:00+00:00,3114.4,3116.0,3111.4,3112.2,15343.0,present
4310,2025-09-28 16:00:00+00:00,3114.666666666667,3116.0,3112.166666666667,3112.833333333333,12788.833333333334,interpolated
4311,2025-09-28 18:00:00+00:00,3114.9333333333334,3116.0,3112.9333333333334,3113.4666666666667,10234.666666666668,interpolated
4312,2025-09-28 20:00:00+00:00,3115.2,3116.0,3113.7,3114.1,7680.5,interpolated
4313,2025-09-28 22:00:00+00:00,3115.4666666666667,3116.0,3114.4666666666667,3114.733333333333,5126.333333333334,interpolated
4314,2025-09-29 00:00:00+00:00,3115.7333333333336,3116.0,3115.2333333333336,3115.366666666667,2572.166666666666,interpolated
4315,2025-09-29 02:00:00+00:00,3116.0,3116.0,3116.0,3116.0,18.0,present
4316,2025-09-29 04:00:00+00:00,3117.8,3122.2,3114.2,3119.2,77694.0,present
4317,2025-09-29 06:00:00+00:00,3119.2,3137.2,3114.4,3136.6,323564.0,present
4318,2025-09-29 08:00:00+00:00,3136.6,3148.8,3135.0,3138.8,323479.0,present
4319,2025-09-29 10:00:00+00:00,3139.0,3144.2,3133.6,3135.6,151522.0,present
4320,2025-09-29 12:00:00+00:00,3135.8,3137.0,3116.4,3116.8,267782.0,present
4321,2025-09-29 14:00:00+00:00,3116.8,3123.8,3083.8,3091.0,431451.0,present
4322,2025-09-29 16:00:00+00:00,3090.8,3095.2,3082.0,3086.0,193043.0,present
4323,2025-09-29 18:00:00+00:00,3086.2,3087.4,3075.8,3083.6,161517.0,present
4324,2025-09-29 20:00:00+00:00,3083.6,3085.4,3081.0,3082.0,32584.0,present
4325,2025-09-29 22:00:00+00:00,3083.4,3084.6,3081.6666666666665,3082.3333333333335,22292.666666666664,interpolated
4326,2025-09-30 00:00:00+00:00,3083.2,3083.8,3082.3333333333335,3082.6666666666665,12001.333333333332,interpolated
4327,2025-09-30 02:00:00+00:00,3083.0,3083.0,3083.0,3083.0,1710.0,present
4328,2025-09-30 04:00:00+00:00,3083.6,3088.8,3083.0,3088.4,90377.0,present
4329,2025-09-30 06:00:00+00:00,3087.2,3091.2,3063.6,3079.0,422272.0,present
4330,2025-09-30 08:00:00+00:00,3079.0,3079.2,3026.8,3042.2,600172.0,present
4331,2025-09-30 10:00:00+00:00,3042.0,3067.8,3030.0,3048.2,370307.0,present
4332,2025-09-30 12:00:00+00:00,3048.2,3084.0,3043.6,3080.8,260246.0,present
4333,2025-09-30 12:00:00+00:00,3048.2,3084.0,3043.6,3080.8,260246.0,present
4334,2025-09-30 14:00:00+00:00,3081.0,3087.4,3069.6,3084.6,249933.0,present
4335,2025-09-30 16:00:00+00:00,3084.2,3084.8,3066.0,3076.8,93696.0,present
4336,2025-09-30 18:00:00+00:00,3077.0,3081.0,3073.0,3076.8,28391.0,present
4337,2025-09-30 20:00:00+00:00,3076.4,3078.6,3074.6,3078.0,17671.0,present
4338,2025-09-30 22:00:00+00:00,3078.7333333333336,3080.2,3077.5333333333333,3079.8,12049.666666666666,interpolated
4339,2025-10-01 00:00:00+00:00,3081.0666666666666,3081.8,3080.4666666666667,3081.6,6428.333333333332,interpolated
4340,2025-10-01 02:00:00+00:00,3083.4,3083.4,3083.4,3083.4,807.0,present
4341,2025-10-01 04:00:00+00:00,3083.4,3087.8,3079.2,3081.6,92588.0,present
4342,2025-10-01 06:00:00+00:00,3081.0,3092.6,3068.6,3070.2,326874.0,present
4343,2025-10-01 08:00:00+00:00,3070.2,3081.2,3063.2,3074.0,228931.0,present
4344,2025-10-01 10:00:00+00:00,3074.0,3076.6,3066.0,3069.4,144644.0,present
4345,2025-10-01 12:00:00+00:00,3069.4,3072.6,3051.2,3068.6,326081.0,present
4346,2025-10-01 14:00:00+00:00,3068.6,3068.6,3035.2,3049.4,384528.0,present
4347,2025-10-01 16:00:00+00:00,3047.6,3053.4,3037.0,3043.0,112355.0,present
4348,2025-10-01 18:00:00+00:00,3043.0,3049.0,3037.0,3047.4,64408.0,present
4349,2025-10-01 20:00:00+00:00,3047.8,3054.8,3047.6,3052.2,34941.0,present
4350,2025-10-01 22:00:00+00:00,3048.5333333333333,3053.2000000000003,3048.4,3051.4666666666667,24617.666666666664,interpolated
4351,2025-10-02 00:00:00+00:00,3049.266666666667,3051.6,3049.2,3050.733333333333,14294.333333333332,interpolated
4352,2025-10-02 02:00:00+00:00,3050.0,3050.0,3050.0,3050.0,3971.0,present
4353,2025-10-02 04:00:00+00:00,3049.4,3053.8,3026.6,3028.8,179076.0,present
4354,2025-10-02 06:00:00+00:00,3029.6,3036.8,3012.4,3017.0,441844.0,present
4355,2025-10-02 08:00:00+00:00,3017.0,3027.2,3002.2,3021.4,478441.0,present
4356,2025-10-02 10:00:00+00:00,3021.6,3025.6,3003.8,3018.8,298243.0,present
4357,2025-10-02 12:00:00+00:00,3018.8,3027.4,3006.8,3007.0,250357.0,present
4358,2025-10-02 14:00:00+00:00,3007.0,3031.0,3005.0,3019.0,273909.0,present
4359,2025-10-02 16:00:00+00:00,3019.4,3022.0,3008.8,3014.4,86691.0,present
4360,2025-10-02 18:00:00+00:00,3014.8,3016.4,3002.4,3014.8,161225.0,present
4361,2025-10-02 20:00:00+00:00,3014.8,3018.8,3006.0,3010.8,35850.0,present
4362,2025-10-02 22:00:00+00:00,3015.2000000000003,3017.866666666667,3009.3333333333335,3012.5333333333333,24280.333333333336,interpolated
4363,2025-10-03 00:00:00+00:00,3015.6,3016.9333333333334,3012.6666666666665,3014.266666666667,12710.666666666668,interpolated
4364,2025-10-03 02:00:00+00:00,3016.0,3016.0,3016.0,3016.0,1141.0,present
4365,2025-10-03 04:00:00+00:00,3015.8,3044.0,3011.4,3031.6,176520.0,present
4366,2025-10-03 06:00:00+00:00,3031.8,3057.0,3027.4,3047.4,307472.0,present
4367,2025-10-03 08:00:00+00:00,3047.0,3056.6,3023.0,3023.2,283458.0,present
4368,2025-10-03 10:00:00+00:00,3023.4,3031.6,3008.0,3015.4,281473.0,present
4369,2025-10-03 12:00:00+00:00,3015.4,3033.8,3014.4,3021.8,187381.0,present
4370,2025-10-03 14:00:00+00:00,3021.8,3023.0,3009.0,3014.0,201161.0,present
4371,2025-10-03 16:00:00+00:00,3014.0,3017.8,2976.8,2980.8,449366.0,present
4372,2025-10-03 18:00:00+00:00,2980.6,2988.0,2975.0,2982.0,108400.0,present
4373,2025-10-03 20:00:00+00:00,2981.8,2981.8,2971.2,2979.2,73081.0,present
4374,2025-10-03 22:00:00+00:00,2980.979310344828,2982.7034482758622,2970.4965517241376,2980.0482758620687,88331.8275862069,interpolated
4375,2025-10-04 00:00:00+00:00,2980.1586206896554,2983.6068965517243,2969.793103448276,2980.8965517241377,103582.6551724138,interpolated
4376,2025-10-04 02:00:00+00:00,2979.337931034483,2984.5103448275863,2969.0896551724136,2981.7448275862066,118833.4827586207,interpolated
4377,2025-10-04 04:00:00+00:00,2978.5172413793107,2985.4137931034484,2968.386206896552,2982.5931034482755,134084.3103448276,interpolated
4378,2025-10-04 06:00:00+00:00,2977.696551724138,2986.3172413793104,2967.6827586206896,2983.441379310345,149335.1379310345,interpolated
4379,2025-10-04 08:00:00+00:00,2976.8758620689655,2987.2206896551725,2966.9793103448274,2984.289655172414,164585.9655172414,interpolated
4380,2025-10-04 10:00:00+00:00,2976.055172413793,2988.1241379310345,2966.2758620689656,2985.137931034483,179836.7931034483,interpolated
4381,2025-10-04 12:00:00+00:00,2975.2344827586207,2989.0275862068966,2965.5724137931034,2985.9862068965517,195087.6206896552,interpolated
4382,2025-10-04 14:00:00+00:00,2974.4137931034484,2989.9310344827586,2964.868965517241,2986.8344827586207,210338.44827586206,interpolated
4383,2025-10-04 16:00:00+00:00,2973.593103448276,2990.8344827586207,2964.1655172413793,2987.6827586206896,225589.27586206896,interpolated
4384,2025-10-04 18:00:00+00:00,2972.7724137931036,2991.7379310344827,2963.462068965517,2988.5310344827585,240840.10344827586,interpolated
4385,2025-10-04 20:00:00+00:00,2971.9517241379313,2992.6413793103447,2962.7586206896553,2989.3793103448274,256090.93103448275,interpolated
4386,2025-10-04 22:00:00+00:00,2971.131034482759,2993.544827586207,2962.055172413793,2990.2275862068964,271341.7586206896,interpolated
4387,2025-10-05 00:00:00+00:00,2970.3103448275865,2994.448275862069,2961.351724137931,2991.0758620689653,286592.5862068966,interpolated
4388,2025-10-05 02:00:00+00:00,2969.4896551724137,2995.3517241379313,2960.648275862069,2991.9241379310347,301843.4137931034,interpolated
4389,2025-10-05 04:00:00+00:00,2968.6689655172413,2996.2551724137934,2959.944827586207,2992.7724137931036,317094.2413793104,interpolated
4390,2025-10-05 06:00:00+00:00,2967.848275862069,2997.1586206896554,2959.2413793103447,2993.6206896551726,332345.0689655172,interpolated
4391,2025-10-05 08:00:00+00:00,2967.0275862068966,2998.0620689655175,2958.537931034483,2994.4689655172415,347595.8965517241,interpolated
4392,2025-10-05 10:00:00+00:00,2966.206896551724,2998.9655172413795,2957.8344827586207,2995.3172413793104,362846.724137931,interpolated
4393,2025-10-05 12:00:00+00:00,2965.386206896552,2999.8689655172416,2957.131034482759,2996.1655172413793,378097.5517241379,interpolated
4394,2025-10-05 14:00:00+00:00,2964.5655172413794,3000.7724137931036,2956.4275862068966,2997.0137931034483,393348.3793103448,interpolated
4395,2025-10-05 16:00:00+00:00,2963.744827586207,3001.6758620689657,2955.7241379310344,2997.862068965517,408599.2068965517,interpolated
4396,2025-10-05 18:00:00+00:00,2962.9241379310347,3002.5793103448277,2955.0206896551726,2998.710344827586,423850.0344827586,interpolated
4397,2025-10-05 20:00:00+00:00,2962.1034482758623,3003.4827586206898,2954.3172413793104,2999.558620689655,439100.8620689655,interpolated
4398,2025-10-05 22:00:00+00:00,2961.2827586206895,3004.386206896552,2953.613793103448,3000.4068965517245,454351.6896551724,interpolated
4399,2025-10-06 00:00:00+00:00,2960.462068965517,3005.289655172414,2952.9103448275864,3001.2551724137934,469602.5172413793,interpolated
4400,2025-10-06 02:00:00+00:00,2959.6413793103447,3006.193103448276,2952.206896551724,3002.1034482758623,484853.3448275862,interpolated
4401,2025-10-06 04:00:00+00:00,2958.8206896551724,3007.096551724138,2951.5034482758624,3002.9517241379313,500104.1724137931,interpolated
4402,2025-10-06 06:00:00+00:00,2958.0,3008.0,2950.8,3003.8,515355.0,present
4403,2025-10-06 08:00:00+00:00,3003.2,3010.0,2989.0,3008.0,416454.0,present
4404,2025-10-06 10:00:00+00:00,3007.8,3021.0,2986.0,2986.2,453852.0,present
4405,2025-10-06 12:00:00+00:00,2986.4,3014.0,2970.8,3013.4,490102.0,present
4406,2025-10-06 14:00:00+00:00,3013.4,3030.0,3005.6,3026.4,374999.0,present
4407,2025-10-06 16:00:00+00:00,3026.2,3035.4,3017.2,3022.2,167798.0,present
4408,2025-10-06 18:00:00+00:00,3022.2,3029.8,3021.0,3028.4,49231.0,present
4409,2025-10-06 20:00:00+00:00,3028.6,3031.8,3021.0,3021.2,61064.0,present
4410,2025-10-06 22:00:00+00:00,3026.733333333333,3028.866666666667,3021.6666666666665,3021.7999999999997,41278.0,interpolated
4411,2025-10-07 00:00:00+00:00,3024.866666666667,3025.9333333333334,3022.3333333333335,3022.4,21492.0,interpolated
4412,2025-10-07 02:00:00+00:00,3023.0,3023.0,3023.0,3023.0,1706.0,present
4413,2025-10-07 04:00:00+00:00,3023.4,3042.0,3020.0,3041.4,148349.0,present
4414,2025-10-07 06:00:00+00:00,3041.4,3043.8,3016.4,3038.0,380282.0,present
4415,2025-10-07 08:00:00+00:00,3038.2,3063.2,3038.2,3050.0,498734.0,present
4416,2025-10-07 10:00:00+00:00,3050.0,3051.4,3033.0,3037.6,188705.0,present
4417,2025-10-07 12:00:00+00:00,3037.8,3040.8,3023.8,3037.0,218576.0,present
4418,2025-10-07 12:00:00+00:00,3037.8,3040.8,3023.8,3037.0,218576.0,present
4419,2025-10-07 14:00:00+00:00,3037.0,3055.0,3026.4,3051.8,246543.0,present
4420,2025-10-07 16:00:00+00:00,3051.8,3052.0,3041.4,3045.6,52674.0,present
4421,2025-10-07 18:00:00+00:00,3045.8,3046.0,3035.4,3039.0,54765.0,present
4422,2025-10-07 20:00:00+00:00,3039.2,3045.8,3038.4,3045.8,28249.0,present
4423,2025-10-07 22:00:00+00:00,3042.6,3047.0,3042.0666666666666,3047.0,18983.0,interpolated
4424,2025-10-08 00:00:00+00:00,3046.0,3048.2000000000003,3045.7333333333336,3048.2000000000003,9717.0,interpolated
4425,2025-10-08 02:00:00+00:00,3049.4,3049.4,3049.4,3049.4,451.0,present
4426,2025-10-08 04:00:00+00:00,3049.4,3052.0,3043.2,3046.6,74694.0,present
4427,2025-10-08 06:00:00+00:00,3046.4,3051.8,3036.4,3038.8,252335.0,present
4428,2025-10-08 08:00:00+00:00,3039.0,3039.0,3017.6,3018.8,403658.0,present
4429,2025-10-08 10:00:00+00:00,3018.8,3018.8,2961.8,2964.6,784158.0,present
4430,2025-10-08 12:00:00+00:00,2964.8,2975.8,2921.6,2924.6,824636.0,present
4431,2025-10-08 14:00:00+00:00,2925.0,2939.6,2895.0,2906.0,822992.0,present
4432,2025-10-08 16:00:00+00:00,2906.8,2923.6,2898.0,2917.0,400896.0,present
4433,2025-10-08 18:00:00+00:00,2917.0,2925.6,2910.0,2912.2,176649.0,present
4434,2025-10-08 20:00:00+00:00,2912.2,2914.2,2908.2,2912.0,44183.0,present
4435,2025-10-08 22:00:00+00:00,2915.4,2916.733333333333,2912.733333333333,2915.266666666667,30011.666666666664,interpolated
4436,2025-10-09 00:00:00+00:00,2918.6,2919.266666666667,2917.266666666667,2918.5333333333333,15840.333333333332,interpolated
4437,2025-10-09 02:00:00+00:00,2921.8,2921.8,2921.8,2921.8,1669.0,present
4438,2025-10-09 04:00:00+00:00,2921.8,2927.2,2900.4,2908.6,227203.0,present
4439,2025-10-09 06:00:00+00:00,2909.4,2928.2,2865.0,2912.2,942123.0,present
4440,2025-10-09 08:00:00+00:00,2912.2,2953.2,2810.0,2919.2,1976579.0,present
4441,2025-10-09 10:00:00+00:00,2919.2,2958.6,2917.6,2941.4,729588.0,present
4442,2025-10-09 12:00:00+00:00,2941.0,2972.6,2933.2,2962.8,610516.0,present
