,datetime,open,high,low,close,volume,data_status
0,2025-01-09 06:00:00+00:00,2690.0,3000.0,2670.0,2789.0,2682043.0,present
1,2025-01-09 08:00:00+00:00,2790.0,2803.0,2695.0,2723.0,1681087.0,present
2,2025-01-09 10:00:00+00:00,2723.0,2800.0,2719.0,2754.0,1264963.0,present
3,2025-01-09 12:00:00+00:00,2755.5,2777.0,2731.5,2765.0,561258.0,present
4,2025-01-09 14:00:00+00:00,2763.5,2810.0,2751.5,2803.0,471706.0,present
5,2025-01-09 16:00:00+00:00,2768.0625,2818.75,2755.4375,2809.8125,522477.75,interpolated
6,2025-01-09 18:00:00+00:00,2772.625,2827.5,2759.375,2816.625,573249.5,interpolated
7,2025-01-09 20:00:00+00:00,2777.1875,2836.25,2763.3125,2823.4375,624021.25,interpolated
8,2025-01-09 22:00:00+00:00,2781.75,2845.0,2767.25,2830.25,674793.0,interpolated
9,2025-01-10 00:00:00+00:00,2786.3125,2853.75,2771.1875,2837.0625,725564.75,interpolated
10,2025-01-10 02:00:00+00:00,2790.875,2862.5,2775.125,2843.875,776336.5,interpolated
11,2025-01-10 04:00:00+00:00,2795.4375,2871.25,2779.0625,2850.6875,827108.25,interpolated
12,2025-01-10 06:00:00+00:00,2800.0,2880.0,2783.0,2857.5,877880.0,present
13,2025-01-10 08:00:00+00:00,2857.5,2891.0,2808.5,2846.5,749437.0,present
14,2025-01-10 10:00:00+00:00,2846.5,2908.0,2826.0,2900.0,853905.0,present
15,2025-01-10 12:00:00+00:00,2899.0,2904.5,2850.0,2899.0,430895.0,present
16,2025-01-10 14:00:00+00:00,2899.5,2975.0,2896.5,2945.0,542878.0,present
17,2025-01-10 16:00:00+00:00,2901.453125,2975.765625,2898.015625,2946.234375,551374.28125,interpolated
18,2025-01-10 18:00:00+00:00,2903.40625,2976.53125,2899.53125,2947.46875,559870.5625,interpolated
19,2025-01-10 20:00:00+00:00,2905.359375,2977.296875,2901.046875,2948.703125,568366.84375,interpolated
20,2025-01-10 22:00:00+00:00,2907.3125,2978.0625,2902.5625,2949.9375,576863.125,interpolated
21,2025-01-11 00:00:00+00:00,2909.265625,2978.828125,2904.078125,2951.171875,585359.40625,interpolated
22,2025-01-11 02:00:00+00:00,2911.21875,2979.59375,2905.59375,2952.40625,593855.6875,interpolated
23,2025-01-11 04:00:00+00:00,2913.171875,2980.359375,2907.109375,2953.640625,602351.96875,interpolated
24,2025-01-11 06:00:00+00:00,2915.125,2981.125,2908.625,2954.875,610848.25,interpolated
25,2025-01-11 08:00:00+00:00,2917.078125,2981.890625,2910.140625,2956.109375,619344.53125,interpolated
26,2025-01-11 10:00:00+00:00,2919.03125,2982.65625,2911.65625,2957.34375,627840.8125,interpolated
27,2025-01-11 12:00:00+00:00,2920.984375,2983.421875,2913.171875,2958.578125,636337.09375,interpolated
28,2025-01-11 14:00:00+00:00,2922.9375,2984.1875,2914.6875,2959.8125,644833.375,interpolated
29,2025-01-11 16:00:00+00:00,2924.890625,2984.953125,2916.203125,2961.046875,653329.65625,interpolated
30,2025-01-11 18:00:00+00:00,2926.84375,2985.71875,2917.71875,2962.28125,661825.9375,interpolated
31,2025-01-11 20:00:00+00:00,2928.796875,2986.484375,2919.234375,2963.515625,670322.21875,interpolated
32,2025-01-11 22:00:00+00:00,2930.75,2987.25,2920.75,2964.75,678818.5,interpolated
33,2025-01-12 00:00:00+00:00,2932.703125,2988.015625,2922.265625,2965.984375,687314.78125,interpolated
34,2025-01-12 02:00:00+00:00,2934.65625,2988.78125,2923.78125,2967.21875,695811.0625,interpolated
35,2025-01-12 04:00:00+00:00,2936.609375,2989.546875,2925.296875,2968.453125,704307.34375,interpolated
36,2025-01-12 06:00:00+00:00,2938.5625,2990.3125,2926.8125,2969.6875,712803.625,interpolated
37,2025-01-12 08:00:00+00:00,2940.515625,2991.078125,2928.328125,2970.921875,721299.90625,interpolated
38,2025-01-12 10:00:00+00:00,2942.46875,2991.84375,2929.84375,2972.15625,729796.1875,interpolated
39,2025-01-12 12:00:00+00:00,2944.421875,2992.609375,2931.359375,2973.390625,738292.46875,interpolated
40,2025-01-12 14:00:00+00:00,2946.375,2993.375,2932.875,2974.625,746788.75,interpolated
41,2025-01-12 16:00:00+00:00,2948.328125,2994.140625,2934.390625,2975.859375,755285.03125,interpolated
42,2025-01-12 18:00:00+00:00,2950.28125,2994.90625,2935.90625,2977.09375,763781.3125,interpolated
43,2025-01-12 20:00:00+00:00,2952.234375,2995.671875,2937.421875,2978.328125,772277.59375,interpolated
44,2025-01-12 22:00:00+00:00,2954.1875,2996.4375,2938.9375,2979.5625,780773.875,interpolated
45,2025-01-13 00:00:00+00:00,2956.140625,2997.203125,2940.453125,2980.796875,789270.15625,interpolated
46,2025-01-13 02:00:00+00:00,2958.09375,2997.96875,2941.96875,2982.03125,797766.4375,interpolated
47,2025-01-13 04:00:00+00:00,2960.046875,2998.734375,2943.484375,2983.265625,806262.71875,interpolated
48,2025-01-13 06:00:00+00:00,2962.0,2999.5,2945.0,2984.5,814759.0,present
49,2025-01-13 08:00:00+00:00,2986.0,2995.0,2957.0,2994.5,411586.0,present
50,2025-01-13 10:00:00+00:00,2994.0,2995.0,2908.0,2930.0,436805.0,present
51,2025-01-13 12:00:00+00:00,2930.0,2946.0,2882.0,2926.0,338520.0,present
52,2025-01-13 14:00:00+00:00,2926.0,2930.0,2900.0,2905.0,118869.0,present
53,2025-01-13 16:00:00+00:00,2925.25,2929.875,2900.0,2904.4375,117732.375,interpolated
54,2025-01-13 18:00:00+00:00,2924.5,2929.75,2900.0,2903.875,116595.75,interpolated
55,2025-01-13 20:00:00+00:00,2923.75,2929.625,2900.0,2903.3125,115459.125,interpolated
56,2025-01-13 22:00:00+00:00,2923.0,2929.5,2900.0,2902.75,114322.5,interpolated
57,2025-01-14 00:00:00+00:00,2922.25,2929.375,2900.0,2902.1875,113185.875,interpolated
58,2025-01-14 02:00:00+00:00,2921.5,2929.25,2900.0,2901.625,112049.25,interpolated
59,2025-01-14 04:00:00+00:00,2920.75,2929.125,2900.0,2901.0625,110912.625,interpolated
60,2025-01-14 06:00:00+00:00,2920.0,2929.0,2900.0,2900.5,109776.0,present
61,2025-01-14 08:00:00+00:00,2900.0,2915.0,2884.0,2912.0,303901.0,present
62,2025-01-14 10:00:00+00:00,2912.0,2933.0,2904.0,2922.5,212739.0,present
63,2025-01-14 12:00:00+00:00,2922.5,2930.0,2910.0,2920.0,154066.0,present
64,2025-01-14 12:00:00+00:00,2922.5,2930.0,2910.0,2920.0,154066.0,present
65,2025-01-14 14:00:00+00:00,2920.0,2930.0,2919.0,2929.0,130737.0,present
66,2025-01-14 16:00:00+00:00,2922.0625,2932.4375,2918.5,2928.0625,127508.75,interpolated
67,2025-01-14 18:00:00+00:00,2924.125,2934.875,2918.0,2927.125,124280.5,interpolated
68,2025-01-14 20:00:00+00:00,2926.1875,2937.3125,2917.5,2926.1875,121052.25,interpolated
69,2025-01-14 22:00:00+00:00,2928.25,2939.75,2917.0,2925.25,117824.0,interpolated
70,2025-01-15 00:00:00+00:00,2930.3125,2942.1875,2916.5,2924.3125,114595.75,interpolated
71,2025-01-15 02:00:00+00:00,2932.375,2944.625,2916.0,2923.375,111367.5,interpolated
72,2025-01-15 04:00:00+00:00,2934.4375,2947.0625,2915.5,2922.4375,108139.25,interpolated
73,2025-01-15 06:00:00+00:00,2936.5,2949.5,2915.0,2921.5,104911.0,present
74,2025-01-15 08:00:00+00:00,2921.5,2927.5,2907.5,2909.0,111570.0,present
75,2025-01-15 10:00:00+00:00,2909.5,2910.5,2895.0,2900.0,124328.0,present
76,2025-01-15 12:00:00+00:00,2899.5,2920.0,2891.0,2918.5,127879.0,present
77,2025-01-15 14:00:00+00:00,2918.5,2920.0,2898.0,2904.5,225926.0,present
78,2025-01-15 16:00:00+00:00,2916.8125,2923.5,2896.125,2906.375,229538.125,interpolated
79,2025-01-15 18:00:00+00:00,2915.125,2927.0,2894.25,2908.25,233150.25,interpolated
80,2025-01-15 20:00:00+00:00,2913.4375,2930.5,2892.375,2910.125,236762.375,interpolated
81,2025-01-15 22:00:00+00:00,2911.75,2934.0,2890.5,2912.0,240374.5,interpolated
82,2025-01-16 00:00:00+00:00,2910.0625,2937.5,2888.625,2913.875,243986.625,interpolated
83,2025-01-16 02:00:00+00:00,2908.375,2941.0,2886.75,2915.75,247598.75,interpolated
84,2025-01-16 04:00:00+00:00,2906.6875,2944.5,2884.875,2917.625,251210.875,interpolated
85,2025-01-16 06:00:00+00:00,2905.0,2948.0,2883.0,2919.5,254823.0,present
86,2025-01-16 08:00:00+00:00,2919.5,2930.0,2900.0,2922.5,355264.0,present
87,2025-01-16 10:00:00+00:00,2923.5,2940.0,2917.0,2930.0,272661.0,present
88,2025-01-16 12:00:00+00:00,2929.5,2930.0,2906.5,2909.5,230133.0,present
89,2025-01-16 14:00:00+00:00,2909.5,2910.0,2903.0,2910.0,169849.0,present
90,2025-01-16 16:00:00+00:00,2908.9375,2910.1875,2898.4375,2908.3125,169025.5,interpolated
91,2025-01-16 18:00:00+00:00,2908.375,2910.375,2893.875,2906.625,168202.0,interpolated
92,2025-01-16 20:00:00+00:00,2907.8125,2910.5625,2889.3125,2904.9375,167378.5,interpolated
93,2025-01-16 22:00:00+00:00,2907.25,2910.75,2884.75,2903.25,166555.0,interpolated
94,2025-01-17 00:00:00+00:00,2906.6875,2910.9375,2880.1875,2901.5625,165731.5,interpolated
95,2025-01-17 02:00:00+00:00,2906.125,2911.125,2875.625,2899.875,164908.0,interpolated
96,2025-01-17 04:00:00+00:00,2905.5625,2911.3125,2871.0625,2898.1875,164084.5,interpolated
97,2025-01-17 06:00:00+00:00,2905.0,2911.5,2866.5,2896.5,163261.0,present
98,2025-01-17 08:00:00+00:00,2894.5,2900.0,2890.0,2899.0,290244.0,present
99,2025-01-17 10:00:00+00:00,2899.0,2900.0,2877.0,2879.5,217045.0,present
100,2025-01-17 12:00:00+00:00,2879.0,2893.0,2858.5,2892.5,245136.0,present
101,2025-01-17 14:00:00+00:00,2890.0,2900.0,2885.5,2898.0,246267.0,present
102,2025-01-17 16:00:00+00:00,2890.328125,2900.453125,2885.953125,2898.15625,244231.8125,interpolated
103,2025-01-17 18:00:00+00:00,2890.65625,2900.90625,2886.40625,2898.3125,242196.625,interpolated
104,2025-01-17 20:00:00+00:00,2890.984375,2901.359375,2886.859375,2898.46875,240161.4375,interpolated
105,2025-01-17 22:00:00+00:00,2891.3125,2901.8125,2887.3125,2898.625,238126.25,interpolated
106,2025-01-18 00:00:00+00:00,2891.640625,2902.265625,2887.765625,2898.78125,236091.0625,interpolated
107,2025-01-18 02:00:00+00:00,2891.96875,2902.71875,2888.21875,2898.9375,234055.875,interpolated
108,2025-01-18 04:00:00+00:00,2892.296875,2903.171875,2888.671875,2899.09375,232020.6875,interpolated
109,2025-01-18 06:00:00+00:00,2892.625,2903.625,2889.125,2899.25,229985.5,interpolated
110,2025-01-18 08:00:00+00:00,2892.953125,2904.078125,2889.578125,2899.40625,227950.3125,interpolated
111,2025-01-18 10:00:00+00:00,2893.28125,2904.53125,2890.03125,2899.5625,225915.125,interpolated
112,2025-01-18 12:00:00+00:00,2893.609375,2904.984375,2890.484375,2899.71875,223879.9375,interpolated
113,2025-01-18 14:00:00+00:00,2893.9375,2905.4375,2890.9375,2899.875,221844.75,interpolated
114,2025-01-18 16:00:00+00:00,2894.265625,2905.890625,2891.390625,2900.03125,219809.5625,interpolated
115,2025-01-18 18:00:00+00:00,2894.59375,2906.34375,2891.84375,2900.1875,217774.375,interpolated
116,2025-01-18 20:00:00+00:00,2894.921875,2906.796875,2892.296875,2900.34375,215739.1875,interpolated
117,2025-01-18 22:00:00+00:00,2895.25,2907.25,2892.75,2900.5,213704.0,interpolated
118,2025-01-19 00:00:00+00:00,2895.578125,2907.703125,2893.203125,2900.65625,211668.8125,interpolated
119,2025-01-19 02:00:00+00:00,2895.90625,2908.15625,2893.65625,2900.8125,209633.625,interpolated
120,2025-01-19 04:00:00+00:00,2896.234375,2908.609375,2894.109375,2900.96875,207598.4375,interpolated
121,2025-01-19 06:00:00+00:00,2896.5625,2909.0625,2894.5625,2901.125,205563.25,interpolated
122,2025-01-19 08:00:00+00:00,2896.890625,2909.515625,2895.015625,2901.28125,203528.0625,interpolated
123,2025-01-19 10:00:00+00:00,2897.21875,2909.96875,2895.46875,2901.4375,201492.875,interpolated
124,2025-01-19 12:00:00+00:00,2897.546875,2910.421875,2895.921875,2901.59375,199457.6875,interpolated
125,2025-01-19 14:00:00+00:00,2897.875,2910.875,2896.375,2901.75,197422.5,interpolated
126,2025-01-19 16:00:00+00:00,2898.203125,2911.328125,2896.828125,2901.90625,195387.3125,interpolated
127,2025-01-19 18:00:00+00:00,2898.53125,2911.78125,2897.28125,2902.0625,193352.125,interpolated
128,2025-01-19 20:00:00+00:00,2898.859375,2912.234375,2897.734375,2902.21875,191316.9375,interpolated
129,2025-01-19 22:00:00+00:00,2899.1875,2912.6875,2898.1875,2902.375,189281.75,interpolated
130,2025-01-20 00:00:00+00:00,2899.515625,2913.140625,2898.640625,2902.53125,187246.5625,interpolated
131,2025-01-20 02:00:00+00:00,2899.84375,2913.59375,2899.09375,2902.6875,185211.375,interpolated
132,2025-01-20 04:00:00+00:00,2900.171875,2914.046875,2899.546875,2902.84375,183176.1875,interpolated
133,2025-01-20 06:00:00+00:00,2900.5,2914.5,2900.0,2903.0,181141.0,present
134,2025-01-20 08:00:00+00:00,2903.0,2906.0,2878.0,2879.5,237203.0,present
135,2025-01-20 10:00:00+00:00,2878.0,2900.0,2866.0,2896.0,194468.0,present
136,2025-01-20 12:00:00+00:00,2897.0,2900.0,2882.5,2898.5,144933.0,present
137,2025-01-20 14:00:00+00:00,2900.0,2900.0,2866.0,2866.0,128163.0,present
138,2025-01-20 16:00:00+00:00,2898.125,2898.125,2862.375,2865.5625,133396.625,interpolated
139,2025-01-20 18:00:00+00:00,2896.25,2896.25,2858.75,2865.125,138630.25,interpolated
140,2025-01-20 20:00:00+00:00,2894.375,2894.375,2855.125,2864.6875,143863.875,interpolated
141,2025-01-20 22:00:00+00:00,2892.5,2892.5,2851.5,2864.25,149097.5,interpolated
142,2025-01-21 00:00:00+00:00,2890.625,2890.625,2847.875,2863.8125,154331.125,interpolated
143,2025-01-21 02:00:00+00:00,2888.75,2888.75,2844.25,2863.375,159564.75,interpolated
144,2025-01-21 04:00:00+00:00,2886.875,2886.875,2840.625,2862.9375,164798.375,interpolated
145,2025-01-21 06:00:00+00:00,2885.0,2885.0,2837.0,2862.5,170032.0,present
146,2025-01-21 08:00:00+00:00,2862.0,2875.0,2855.0,2858.5,174313.0,present
147,2025-01-21 10:00:00+00:00,2859.5,2867.5,2847.5,2847.5,171815.0,present
148,2025-01-21 12:00:00+00:00,2847.5,2900.0,2847.0,2895.5,333464.0,present
149,2025-01-21 12:00:00+00:00,2847.5,2900.0,2847.0,2895.5,333464.0,present
150,2025-01-21 14:00:00+00:00,2896.5,2935.0,2886.0,2930.0,557521.0,present
151,2025-01-21 16:00:00+00:00,2901.0625,2936.5,2888.75,2928.375,509212.125,interpolated
152,2025-01-21 18:00:00+00:00,2905.625,2938.0,2891.5,2926.75,460903.25,interpolated
153,2025-01-21 20:00:00+00:00,2910.1875,2939.5,2894.25,2925.125,412594.375,interpolated
154,2025-01-21 22:00:00+00:00,2914.75,2941.0,2897.0,2923.5,364285.5,interpolated
155,2025-01-22 00:00:00+00:00,2919.3125,2942.5,2899.75,2921.875,315976.625,interpolated
156,2025-01-22 02:00:00+00:00,2923.875,2944.0,2902.5,2920.25,267667.75,interpolated
157,2025-01-22 04:00:00+00:00,2928.4375,2945.5,2905.25,2918.625,219358.875,interpolated
158,2025-01-22 06:00:00+00:00,2933.0,2947.0,2908.0,2917.0,171050.0,present
159,2025-01-22 08:00:00+00:00,2916.0,2920.0,2912.0,2918.5,148390.0,present
160,2025-01-22 10:00:00+00:00,2918.5,2944.5,2915.5,2935.0,298646.0,present
161,2025-01-22 12:00:00+00:00,2935.0,2939.0,2920.0,2932.0,114613.0,present
162,2025-01-22 14:00:00+00:00,2931.5,2933.5,2913.5,2914.0,127797.0,present
163,2025-01-22 16:00:00+00:00,2929.25,2931.0625,2910.0625,2913.3125,125077.25,interpolated
164,2025-01-22 18:00:00+00:00,2927.0,2928.625,2906.625,2912.625,122357.5,interpolated
165,2025-01-22 20:00:00+00:00,2924.75,2926.1875,2903.1875,2911.9375,119637.75,interpolated
166,2025-01-22 22:00:00+00:00,2922.5,2923.75,2899.75,2911.25,116918.0,interpolated
167,2025-01-23 00:00:00+00:00,2920.25,2921.3125,2896.3125,2910.5625,114198.25,interpolated
168,2025-01-23 02:00:00+00:00,2918.0,2918.875,2892.875,2909.875,111478.5,interpolated
169,2025-01-23 04:00:00+00:00,2915.75,2916.4375,2889.4375,2909.1875,108758.75,interpolated
170,2025-01-23 06:00:00+00:00,2913.5,2914.0,2886.0,2908.5,106039.0,present
171,2025-01-23 08:00:00+00:00,2908.5,2909.5,2894.0,2907.0,163054.0,present
172,2025-01-23 10:00:00+00:00,2907.0,2910.0,2897.5,2909.0,143852.0,present
173,2025-01-23 12:00:00+00:00,2908.5,2910.0,2903.0,2907.0,74210.0,present
174,2025-01-23 14:00:00+00:00,2907.0,2910.0,2889.0,2900.0,139778.0,present
175,2025-01-23 16:00:00+00:00,2907.625,2911.125,2890.0,2900.4375,134128.875,interpolated
176,2025-01-23 18:00:00+00:00,2908.25,2912.25,2891.0,2900.875,128479.75,interpolated
177,2025-01-23 20:00:00+00:00,2908.875,2913.375,2892.0,2901.3125,122830.625,interpolated
178,2025-01-23 22:00:00+00:00,2909.5,2914.5,2893.0,2901.75,117181.5,interpolated
179,2025-01-24 00:00:00+00:00,2910.125,2915.625,2894.0,2902.1875,111532.375,interpolated
180,2025-01-24 02:00:00+00:00,2910.75,2916.75,2895.0,2902.625,105883.25,interpolated
181,2025-01-24 04:00:00+00:00,2911.375,2917.875,2896.0,2903.0625,100234.125,interpolated
182,2025-01-24 06:00:00+00:00,2912.0,2919.0,2897.0,2903.5,94585.0,present
183,2025-01-24 08:00:00+00:00,2904.0,2910.0,2897.0,2909.0,185514.0,present
184,2025-01-24 10:00:00+00:00,2909.0,2910.0,2905.0,2909.0,250176.0,present
185,2025-01-24 12:00:00+00:00,2909.5,2910.0,2903.0,2908.0,112284.0,present
186,2025-01-24 14:00:00+00:00,2908.0,2910.0,2902.0,2907.5,88585.0,present
187,2025-01-24 16:00:00+00:00,2907.5,2910.0,2905.0,2909.0,27406.0,present
188,2025-01-24 18:00:00+00:00,2909.5,2910.0,2905.5,2909.0,13612.0,present
189,2025-01-24 20:00:00+00:00,2909.0,2910.0,2907.0,2909.5,14535.0,present
190,2025-01-24 22:00:00+00:00,2909.074074074074,2910.037037037037,2907.1481481481483,2909.5555555555557,14000.925925925925,interpolated
191,2025-01-25 00:00:00+00:00,2909.1481481481483,2910.074074074074,2907.296296296296,2909.6111111111113,13466.851851851852,interpolated
192,2025-01-25 02:00:00+00:00,2909.222222222222,2910.1111111111113,2907.4444444444443,2909.6666666666665,12932.777777777777,interpolated
193,2025-01-25 04:00:00+00:00,2909.296296296296,2910.1481481481483,2907.5925925925926,2909.722222222222,12398.703703703704,interpolated
194,2025-01-25 06:00:00+00:00,2909.3703703703704,2910.185185185185,2907.740740740741,2909.777777777778,11864.62962962963,interpolated
195,2025-01-25 08:00:00+00:00,2909.4444444444443,2910.222222222222,2907.8888888888887,2909.8333333333335,11330.555555555555,interpolated
196,2025-01-25 10:00:00+00:00,2909.5185185185187,2910.259259259259,2908.037037037037,2909.8888888888887,10796.481481481482,interpolated
197,2025-01-25 12:00:00+00:00,2909.5925925925926,2910.296296296296,2908.185185185185,2909.9444444444443,10262.407407407407,interpolated
198,2025-01-25 14:00:00+00:00,2909.6666666666665,2910.3333333333335,2908.3333333333335,2910.0,9728.333333333332,interpolated
199,2025-01-25 16:00:00+00:00,2909.740740740741,2910.3703703703704,2908.4814814814813,2910.0555555555557,9194.25925925926,interpolated
200,2025-01-25 18:00:00+00:00,2909.814814814815,2910.4074074074074,2908.6296296296296,2910.1111111111113,8660.185185185186,interpolated
201,2025-01-25 20:00:00+00:00,2909.8888888888887,2910.4444444444443,2908.777777777778,2910.1666666666665,8126.11111111111,interpolated
202,2025-01-25 22:00:00+00:00,2909.962962962963,2910.4814814814813,2908.925925925926,2910.222222222222,7592.0370370370365,interpolated
203,2025-01-26 00:00:00+00:00,2910.037037037037,2910.5185185185187,2909.074074074074,2910.277777777778,7057.962962962963,interpolated
204,2025-01-26 02:00:00+00:00,2910.1111111111113,2910.5555555555557,2909.222222222222,2910.3333333333335,6523.888888888889,interpolated
205,2025-01-26 04:00:00+00:00,2910.185185185185,2910.5925925925926,2909.3703703703704,2910.3888888888887,5989.814814814814,interpolated
206,2025-01-26 06:00:00+00:00,2910.259259259259,2910.6296296296296,2909.5185185185187,2910.4444444444443,5455.740740740741,interpolated
207,2025-01-26 08:00:00+00:00,2910.3333333333335,2910.6666666666665,2909.6666666666665,2910.5,4921.666666666666,interpolated
208,2025-01-26 10:00:00+00:00,2910.4074074074074,2910.703703703704,2909.814814814815,2910.5555555555557,4387.592592592593,interpolated
209,2025-01-26 12:00:00+00:00,2910.4814814814813,2910.740740740741,2909.962962962963,2910.6111111111113,3853.5185185185182,interpolated
210,2025-01-26 14:00:00+00:00,2910.5555555555557,2910.777777777778,2910.1111111111113,2910.6666666666665,3319.4444444444434,interpolated
211,2025-01-26 16:00:00+00:00,2910.6296296296296,2910.814814814815,2910.259259259259,2910.722222222222,2785.3703703703704,interpolated
212,2025-01-26 18:00:00+00:00,2910.703703703704,2910.8518518518517,2910.4074074074074,2910.777777777778,2251.2962962962956,interpolated
213,2025-01-26 20:00:00+00:00,2910.777777777778,2910.8888888888887,2910.5555555555557,2910.8333333333335,1717.2222222222208,interpolated
214,2025-01-26 22:00:00+00:00,2910.8518518518517,2910.925925925926,2910.703703703704,2910.8888888888887,1183.1481481481478,interpolated
215,2025-01-27 00:00:00+00:00,2910.925925925926,2910.962962962963,2910.8518518518517,2910.9444444444443,649.074074074073,interpolated
216,2025-01-27 02:00:00+00:00,2911.0,2911.0,2911.0,2911.0,115.0,present
217,2025-01-27 04:00:00+00:00,2910.0,2934.0,2905.5,2922.5,16355.0,present
218,2025-01-27 06:00:00+00:00,2924.5,2950.0,2918.0,2929.5,321063.0,present
219,2025-01-27 08:00:00+00:00,2929.5,2930.0,2892.5,2919.5,148363.0,present
220,2025-01-27 10:00:00+00:00,2919.0,2940.0,2909.0,2930.5,208790.0,present
221,2025-01-27 12:00:00+00:00,2930.5,2936.0,2925.0,2934.5,147518.0,present
222,2025-01-27 14:00:00+00:00,2935.0,2936.0,2920.0,2927.0,113634.0,present
223,2025-01-27 16:00:00+00:00,2927.0,2930.0,2922.0,2926.0,23945.0,present
224,2025-01-27 18:00:00+00:00,2926.0,2927.0,2910.0,2915.0,28887.0,present
225,2025-01-27 20:00:00+00:00,2915.0,2922.0,2910.0,2919.5,9268.0,present
226,2025-01-27 22:00:00+00:00,2917.0,2921.6666666666665,2913.6666666666665,2920.0,6181.0,interpolated
227,2025-01-28 00:00:00+00:00,2919.0,2921.3333333333335,2917.3333333333335,2920.5,3094.0,interpolated
228,2025-01-28 02:00:00+00:00,2921.0,2921.0,2921.0,2921.0,7.0,present
229,2025-01-28 04:00:00+00:00,2919.5,2930.0,2911.0,2930.0,12532.0,present
230,2025-01-28 06:00:00+00:00,2930.0,2937.0,2913.0,2934.5,169107.0,present
231,2025-01-28 08:00:00+00:00,2934.5,2940.0,2930.0,2938.0,215024.0,present
232,2025-01-28 10:00:00+00:00,2938.0,3065.0,2938.0,3016.0,1443748.0,present
233,2025-01-28 12:00:00+00:00,3017.0,3054.5,3012.0,3045.0,804880.0,present
234,2025-01-28 12:00:00+00:00,3017.0,3054.5,3012.0,3045.0,804880.0,present
235,2025-01-28 14:00:00+00:00,3045.5,3089.5,3031.0,3078.0,495344.0,present
236,2025-01-28 16:00:00+00:00,3078.0,3145.0,3068.0,3122.0,328251.0,present
237,2025-01-28 18:00:00+00:00,3124.0,3143.5,3116.0,3135.0,118610.0,present
238,2025-01-28 20:00:00+00:00,3133.5,3140.0,3130.0,3130.5,22138.0,present
239,2025-01-28 22:00:00+00:00,3133.0,3137.3333333333335,3130.6666666666665,3131.0,14827.0,interpolated
240,2025-01-29 00:00:00+00:00,3132.5,3134.6666666666665,3131.3333333333335,3131.5,7516.0,interpolated
241,2025-01-29 02:00:00+00:00,3132.0,3132.0,3132.0,3132.0,205.0,present
242,2025-01-29 04:00:00+00:00,3133.0,3179.5,3131.5,3164.5,132490.0,present
243,2025-01-29 06:00:00+00:00,3164.5,3166.0,3085.0,3130.0,523168.0,present
244,2025-01-29 08:00:00+00:00,3129.5,3186.0,3126.5,3164.0,528782.0,present
245,2025-01-29 10:00:00+00:00,3164.0,3175.0,3140.0,3144.5,260379.0,present
246,2025-01-29 12:00:00+00:00,3144.5,3161.0,3135.0,3159.0,194655.0,present
247,2025-01-29 14:00:00+00:00,3159.0,3179.5,3153.0,3177.0,243803.0,present
248,2025-01-29 16:00:00+00:00,3175.0,3190.0,3150.0,3174.0,134185.0,present
249,2025-01-29 18:00:00+00:00,3174.0,3176.0,3160.0,3165.5,35943.0,present
250,2025-01-29 20:00:00+00:00,3163.5,3171.0,3161.0,3169.0,8704.0,present
251,2025-01-29 22:00:00+00:00,3165.3333333333335,3170.3333333333335,3163.6666666666665,3169.0,5822.666666666666,interpolated
252,2025-01-30 00:00:00+00:00,3167.1666666666665,3169.6666666666665,3166.3333333333335,3169.0,2941.333333333333,interpolated
253,2025-01-30 02:00:00+00:00,3169.0,3169.0,3169.0,3169.0,60.0,present
254,2025-01-30 04:00:00+00:00,3169.0,3188.5,3166.0,3183.0,19646.0,present
255,2025-01-30 06:00:00+00:00,3182.5,3215.0,3175.0,3180.0,575235.0,present
256,2025-01-30 08:00:00+00:00,3180.0,3207.5,3175.0,3206.0,264394.0,present
257,2025-01-30 10:00:00+00:00,3206.0,3257.0,3200.5,3248.0,745729.0,present
258,2025-01-30 12:00:00+00:00,3248.0,3298.0,3248.0,3274.0,755108.0,present
259,2025-01-30 14:00:00+00:00,3274.5,3283.5,3252.0,3260.0,355384.0,present
260,2025-01-30 16:00:00+00:00,3259.5,3260.0,3255.0,3258.0,58160.0,present
261,2025-01-30 18:00:00+00:00,3259.5,3260.5,3255.0,3259.5,100451.0,present
262,2025-01-30 20:00:00+00:00,3259.0,3260.0,3255.0,3259.0,20121.0,present
263,2025-01-30 22:00:00+00:00,3259.6666666666665,3260.3333333333335,3257.0,3259.6666666666665,14278.333333333334,interpolated
264,2025-01-31 00:00:00+00:00,3260.3333333333335,3260.6666666666665,3259.0,3260.3333333333335,8435.666666666668,interpolated
265,2025-01-31 02:00:00+00:00,3261.0,3261.0,3261.0,3261.0,2593.0,present
266,2025-01-31 04:00:00+00:00,3261.0,3290.5,3260.5,3288.5,48044.0,present
267,2025-01-31 06:00:00+00:00,3289.0,3294.0,3225.0,3228.5,401518.0,present
268,2025-01-31 08:00:00+00:00,3228.5,3251.0,3192.5,3209.0,556419.0,present
269,2025-01-31 10:00:00+00:00,3209.0,3247.0,3201.0,3241.5,170279.0,present
270,2025-01-31 12:00:00+00:00,3241.5,3256.0,3222.0,3227.0,193101.0,present
271,2025-01-31 14:00:00+00:00,3227.0,3248.5,3222.0,3232.0,96013.0,present
272,2025-01-31 16:00:00+00:00,3232.0,3240.0,3222.0,3225.0,44595.0,present
273,2025-01-31 18:00:00+00:00,3225.0,3234.5,3222.0,3224.5,32500.0,present
274,2025-01-31 20:00:00+00:00,3224.5,3232.0,3222.0,3232.0,15253.0,present
275,2025-01-31 22:00:00+00:00,3224.796296296296,3232.0185185185187,3222.3888888888887,3232.0185185185187,14713.222222222223,interpolated
276,2025-02-01 00:00:00+00:00,3225.0925925925926,3232.037037037037,3222.777777777778,3232.037037037037,14173.444444444445,interpolated
277,2025-02-01 02:00:00+00:00,3225.3888888888887,3232.0555555555557,3223.1666666666665,3232.0555555555557,13633.666666666666,interpolated
278,2025-02-01 04:00:00+00:00,3225.685185185185,3232.074074074074,3223.5555555555557,3232.074074074074,13093.888888888889,interpolated
279,2025-02-01 06:00:00+00:00,3225.9814814814813,3232.0925925925926,3223.9444444444443,3232.0925925925926,12554.111111111111,interpolated
280,2025-02-01 08:00:00+00:00,3226.277777777778,3232.1111111111113,3224.3333333333335,3232.1111111111113,12014.333333333334,interpolated
281,2025-02-01 10:00:00+00:00,3226.574074074074,3232.1296296296296,3224.722222222222,3232.1296296296296,11474.555555555555,interpolated
282,2025-02-01 12:00:00+00:00,3226.8703703703704,3232.1481481481483,3225.1111111111113,3232.1481481481483,10934.777777777777,interpolated
283,2025-02-01 14:00:00+00:00,3227.1666666666665,3232.1666666666665,3225.5,3232.1666666666665,10395.0,interpolated
284,2025-02-01 16:00:00+00:00,3227.462962962963,3232.185185185185,3225.8888888888887,3232.185185185185,9855.222222222223,interpolated
285,2025-02-01 18:00:00+00:00,3227.759259259259,3232.203703703704,3226.277777777778,3232.203703703704,9315.444444444445,interpolated
286,2025-02-01 20:00:00+00:00,3228.0555555555557,3232.222222222222,3226.6666666666665,3232.222222222222,8775.666666666668,interpolated
287,2025-02-01 22:00:00+00:00,3228.3518518518517,3232.240740740741,3227.0555555555557,3232.240740740741,8235.888888888889,interpolated
288,2025-02-02 00:00:00+00:00,3228.6481481481483,3232.259259259259,3227.4444444444443,3232.259259259259,7696.111111111111,interpolated
289,2025-02-02 02:00:00+00:00,3228.9444444444443,3232.277777777778,3227.8333333333335,3232.277777777778,7156.333333333334,interpolated
290,2025-02-02 04:00:00+00:00,3229.240740740741,3232.296296296296,3228.222222222222,3232.296296296296,6616.555555555557,interpolated
291,2025-02-02 06:00:00+00:00,3229.537037037037,3232.314814814815,3228.6111111111113,3232.314814814815,6076.777777777777,interpolated
292,2025-02-02 08:00:00+00:00,3229.8333333333335,3232.3333333333335,3229.0,3232.3333333333335,5537.0,interpolated
293,2025-02-02 10:00:00+00:00,3230.1296296296296,3232.3518518518517,3229.3888888888887,3232.3518518518517,4997.222222222223,interpolated
294,2025-02-02 12:00:00+00:00,3230.425925925926,3232.3703703703704,3229.777777777778,3232.3703703703704,4457.444444444445,interpolated
295,2025-02-02 14:00:00+00:00,3230.722222222222,3232.3888888888887,3230.1666666666665,3232.3888888888887,3917.666666666668,interpolated
296,2025-02-02 16:00:00+00:00,3231.0185185185187,3232.4074074074074,3230.5555555555557,3232.4074074074074,3377.8888888888887,interpolated
297,2025-02-02 18:00:00+00:00,3231.314814814815,3232.425925925926,3230.9444444444443,3232.425925925926,2838.1111111111113,interpolated
298,2025-02-02 20:00:00+00:00,3231.6111111111113,3232.4444444444443,3231.3333333333335,3232.4444444444443,2298.333333333334,interpolated
299,2025-02-02 22:00:00+00:00,3231.9074074074074,3232.462962962963,3231.722222222222,3232.462962962963,1758.5555555555566,interpolated
300,2025-02-03 00:00:00+00:00,3232.203703703704,3232.4814814814813,3232.1111111111113,3232.4814814814813,1218.7777777777774,interpolated
301,2025-02-03 02:00:00+00:00,3232.5,3232.5,3232.5,3232.5,679.0,present
302,2025-02-03 04:00:00+00:00,3233.5,3238.5,3172.5,3218.5,75612.0,present
303,2025-02-03 06:00:00+00:00,3218.5,3270.0,3211.0,3252.0,203388.0,present
304,2025-02-03 08:00:00+00:00,3253.5,3267.0,3246.0,3253.0,264372.0,present
305,2025-02-03 10:00:00+00:00,3253.0,3274.0,3250.0,3263.5,147103.0,present
306,2025-02-03 12:00:00+00:00,3264.0,3264.0,3234.0,3252.0,120217.0,present
307,2025-02-03 14:00:00+00:00,3254.0,3256.5,3202.5,3248.0,152315.0,present
308,2025-02-03 16:00:00+00:00,3242.5,3244.0,3226.5,3238.0,25251.0,present
309,2025-02-03 18:00:00+00:00,3238.0,3249.0,3236.0,3244.0,18672.0,present
310,2025-02-03 20:00:00+00:00,3244.5,3247.5,3238.0,3240.0,7251.0,present
311,2025-02-03 22:00:00+00:00,3243.3333333333335,3245.3333333333335,3239.0,3240.3333333333335,4839.0,interpolated
312,2025-02-04 00:00:00+00:00,3242.1666666666665,3243.1666666666665,3240.0,3240.6666666666665,2427.0,interpolated
313,2025-02-04 02:00:00+00:00,3241.0,3241.0,3241.0,3241.0,15.0,present
314,2025-02-04 04:00:00+00:00,3241.0,3259.0,3240.5,3258.0,18844.0,present
315,2025-02-04 06:00:00+00:00,3256.5,3291.5,3253.0,3264.5,222521.0,present
316,2025-02-04 08:00:00+00:00,3264.5,3274.0,3226.5,3260.5,300542.0,present
317,2025-02-04 10:00:00+00:00,3260.0,3274.0,3240.0,3258.0,104916.0,present
318,2025-02-04 12:00:00+00:00,3258.5,3283.5,3247.0,3274.0,308111.0,present
319,2025-02-04 12:00:00+00:00,3258.5,3283.5,3247.0,3274.0,308111.0,present
320,2025-02-04 14:00:00+00:00,3274.0,3283.0,3260.0,3266.5,190510.0,present
321,2025-02-04 16:00:00+00:00,3273.0,3282.0,3266.5,3273.5,42757.0,present
322,2025-02-04 18:00:00+00:00,3273.5,3277.5,3245.0,3270.0,80572.0,present
323,2025-02-04 20:00:00+00:00,3270.5,3270.5,3260.5,3268.5,6734.0,present
324,2025-02-04 22:00:00+00:00,3269.3333333333335,3269.3333333333335,3262.6666666666665,3268.0,4585.333333333334,interpolated
325,2025-02-05 00:00:00+00:00,3268.1666666666665,3268.1666666666665,3264.8333333333335,3267.5,2436.666666666667,interpolated
326,2025-02-05 02:00:00+00:00,3267.0,3267.0,3267.0,3267.0,288.0,present
327,2025-02-05 04:00:00+00:00,3262.0,3290.5,3262.0,3282.5,30399.0,present
328,2025-02-05 06:00:00+00:00,3281.5,3305.0,3255.0,3272.0,346414.0,present
329,2025-02-05 08:00:00+00:00,3272.0,3279.5,3251.0,3260.5,250710.0,present
330,2025-02-05 10:00:00+00:00,3260.5,3276.0,3250.0,3258.0,164477.0,present
331,2025-02-05 12:00:00+00:00,3258.0,3260.0,3250.0,3256.0,74395.0,present
332,2025-02-05 14:00:00+00:00,3257.0,3264.0,3241.5,3262.5,221351.0,present
333,2025-02-05 16:00:00+00:00,3262.5,3283.5,3258.0,3272.5,122784.0,present
334,2025-02-05 18:00:00+00:00,3271.5,3281.0,3260.5,3273.0,44572.0,present
335,2025-02-05 20:00:00+00:00,3273.5,3280.0,3271.0,3276.5,20317.0,present
336,2025-02-05 22:00:00+00:00,3276.6666666666665,3281.0,3275.0,3278.6666666666665,13632.333333333332,interpolated
337,2025-02-06 00:00:00+00:00,3279.8333333333335,3282.0,3279.0,3280.8333333333335,6947.666666666666,interpolated
338,2025-02-06 02:00:00+00:00,3283.0,3283.0,3283.0,3283.0,263.0,present
339,2025-02-06 04:00:00+00:00,3284.0,3295.0,3275.0,3280.0,16025.0,present
340,2025-02-06 06:00:00+00:00,3281.5,3290.0,3257.5,3263.5,138807.0,present
341,2025-02-06 08:00:00+00:00,3265.5,3280.0,3252.0,3258.0,247359.0,present
342,2025-02-06 10:00:00+00:00,3258.0,3265.5,3234.5,3246.0,279341.0,present
343,2025-02-06 12:00:00+00:00,3244.5,3271.0,3241.0,3247.0,187544.0,present
344,2025-02-06 14:00:00+00:00,3246.5,3277.5,3240.5,3277.5,194517.0,present
345,2025-02-06 16:00:00+00:00,3269.5,3276.0,3259.0,3268.0,42061.0,present
346,2025-02-06 18:00:00+00:00,3268.0,3273.0,3267.0,3267.5,9667.0,present
347,2025-02-06 20:00:00+00:00,3267.0,3267.5,3260.0,3264.5,5982.0,present
348,2025-02-06 22:00:00+00:00,3267.3333333333335,3267.6666666666665,3262.6666666666665,3265.6666666666665,3993.333333333333,interpolated
349,2025-02-07 00:00:00+00:00,3267.6666666666665,3267.8333333333335,3265.3333333333335,3266.8333333333335,2004.6666666666665,interpolated
350,2025-02-07 02:00:00+00:00,3268.0,3268.0,3268.0,3268.0,16.0,present
351,2025-02-07 04:00:00+00:00,3268.0,3276.5,3256.5,3263.0,17848.0,present
352,2025-02-07 06:00:00+00:00,3264.5,3274.5,3256.5,3261.0,92557.0,present
353,2025-02-07 08:00:00+00:00,3262.5,3274.0,3245.0,3250.0,119399.0,present
354,2025-02-07 10:00:00+00:00,3250.0,3270.0,3248.0,3255.5,149056.0,present
355,2025-02-07 12:00:00+00:00,3256.5,3265.0,3250.0,3262.5,104667.0,present
356,2025-02-07 14:00:00+00:00,3262.5,3270.0,3251.0,3270.0,96004.0,present
357,2025-02-07 16:00:00+00:00,3270.0,3270.0,3260.0,3266.5,14086.0,present
358,2025-02-07 18:00:00+00:00,3266.0,3274.5,3263.5,3268.5,15658.0,present
359,2025-02-07 20:00:00+00:00,3268.0,3270.0,3264.5,3266.0,4148.0,present
360,2025-02-07 22:00:00+00:00,3267.9444444444443,3269.8703703703704,3264.574074074074,3266.0185185185187,4027.5925925925926,interpolated
361,2025-02-08 00:00:00+00:00,3267.8888888888887,3269.740740740741,3264.6481481481483,3266.037037037037,3907.185185185185,interpolated
362,2025-02-08 02:00:00+00:00,3267.8333333333335,3269.6111111111113,3264.722222222222,3266.0555555555557,3786.777777777778,interpolated
363,2025-02-08 04:00:00+00:00,3267.777777777778,3269.4814814814813,3264.796296296296,3266.074074074074,3666.3703703703704,interpolated
364,2025-02-08 06:00:00+00:00,3267.722222222222,3269.3518518518517,3264.8703703703704,3266.0925925925926,3545.962962962963,interpolated
365,2025-02-08 08:00:00+00:00,3267.6666666666665,3269.222222222222,3264.9444444444443,3266.1111111111113,3425.5555555555557,interpolated
366,2025-02-08 10:00:00+00:00,3267.6111111111113,3269.0925925925926,3265.0185185185187,3266.1296296296296,3305.1481481481483,interpolated
367,2025-02-08 12:00:00+00:00,3267.5555555555557,3268.962962962963,3265.0925925925926,3266.1481481481483,3184.740740740741,interpolated
368,2025-02-08 14:00:00+00:00,3267.5,3268.8333333333335,3265.1666666666665,3266.1666666666665,3064.333333333333,interpolated
369,2025-02-08 16:00:00+00:00,3267.4444444444443,3268.703703703704,3265.240740740741,3266.185185185185,2943.925925925926,interpolated
370,2025-02-08 18:00:00+00:00,3267.3888888888887,3268.574074074074,3265.314814814815,3266.203703703704,2823.5185185185182,interpolated
371,2025-02-08 20:00:00+00:00,3267.3333333333335,3268.4444444444443,3265.3888888888887,3266.222222222222,2703.1111111111113,interpolated
372,2025-02-08 22:00:00+00:00,3267.277777777778,3268.314814814815,3265.462962962963,3266.240740740741,2582.7037037037035,interpolated
373,2025-02-09 00:00:00+00:00,3267.222222222222,3268.185185185185,3265.537037037037,3266.259259259259,2462.2962962962965,interpolated
374,2025-02-09 02:00:00+00:00,3267.1666666666665,3268.0555555555557,3265.6111111111113,3266.277777777778,2341.8888888888887,interpolated
375,2025-02-09 04:00:00+00:00,3267.1111111111113,3267.925925925926,3265.685185185185,3266.296296296296,2221.4814814814813,interpolated
376,2025-02-09 06:00:00+00:00,3267.0555555555557,3267.796296296296,3265.759259259259,3266.314814814815,2101.074074074074,interpolated
377,2025-02-09 08:00:00+00:00,3267.0,3267.6666666666665,3265.8333333333335,3266.3333333333335,1980.6666666666665,interpolated
378,2025-02-09 10:00:00+00:00,3266.9444444444443,3267.537037037037,3265.9074074074074,3266.3518518518517,1860.2592592592591,interpolated
379,2025-02-09 12:00:00+00:00,3266.8888888888887,3267.4074074074074,3265.9814814814813,3266.3703703703704,1739.8518518518517,interpolated
380,2025-02-09 14:00:00+00:00,3266.8333333333335,3267.277777777778,3266.0555555555557,3266.3888888888887,1619.4444444444443,interpolated
381,2025-02-09 16:00:00+00:00,3266.777777777778,3267.1481481481483,3266.1296296296296,3266.4074074074074,1499.037037037037,interpolated
382,2025-02-09 18:00:00+00:00,3266.722222222222,3267.0185185185187,3266.203703703704,3266.425925925926,1378.6296296296296,interpolated
383,2025-02-09 20:00:00+00:00,3266.6666666666665,3266.8888888888887,3266.277777777778,3266.4444444444443,1258.2222222222222,interpolated
384,2025-02-09 22:00:00+00:00,3266.6111111111113,3266.759259259259,3266.3518518518517,3266.462962962963,1137.8148148148148,interpolated
385,2025-02-10 00:00:00+00:00,3266.5555555555557,3266.6296296296296,3266.425925925926,3266.4814814814813,1017.4074074074074,interpolated
386,2025-02-10 02:00:00+00:00,3266.5,3266.5,3266.5,3266.5,897.0,present
387,2025-02-10 04:00:00+00:00,3269.0,3284.0,3266.5,3283.5,26794.0,present
388,2025-02-10 06:00:00+00:00,3283.0,3312.0,3268.0,3295.5,258249.0,present
389,2025-02-10 08:00:00+00:00,3296.0,3345.5,3293.0,3342.5,469205.0,present
390,2025-02-10 10:00:00+00:00,3343.0,3357.0,3325.0,3355.0,333945.0,present
391,2025-02-10 12:00:00+00:00,3354.5,3356.0,3332.5,3341.5,254476.0,present
392,2025-02-10 14:00:00+00:00,3341.5,3352.0,3334.5,3337.0,149486.0,present
393,2025-02-10 16:00:00+00:00,3346.5,3346.5,3336.0,3342.5,29442.0,present
394,2025-02-10 18:00:00+00:00,3343.0,3343.0,3297.5,3313.5,128597.0,present
395,2025-02-10 20:00:00+00:00,3314.0,3330.5,3267.5,3267.5,72186.0,present
396,2025-02-10 22:00:00+00:00,3304.3333333333335,3315.3333333333335,3273.3333333333335,3273.3333333333335,49281.33333333333,interpolated
397,2025-02-11 00:00:00+00:00,3294.6666666666665,3300.1666666666665,3279.1666666666665,3279.1666666666665,26376.666666666664,interpolated
398,2025-02-11 02:00:00+00:00,3285.0,3285.0,3285.0,3285.0,3472.0,present
399,2025-02-11 04:00:00+00:00,3286.0,3332.5,3284.0,3316.5,69954.0,present
400,2025-02-11 06:00:00+00:00,3316.5,3350.0,3303.5,3343.5,185368.0,present
401,2025-02-11 08:00:00+00:00,3344.5,3353.0,3309.5,3326.0,181343.0,present
402,2025-02-11 10:00:00+00:00,3324.5,3326.5,3295.0,3300.0,186531.0,present
403,2025-02-11 12:00:00+00:00,3299.5,3312.5,3275.0,3295.5,237368.0,present
404,2025-02-11 12:00:00+00:00,3299.5,3312.5,3275.0,3295.5,237368.0,present
405,2025-02-11 14:00:00+00:00,3296.0,3318.5,3290.0,3315.0,137726.0,present
406,2025-02-11 16:00:00+00:00,3311.5,3320.0,3306.0,3313.5,35640.0,present
407,2025-02-11 18:00:00+00:00,3314.5,3315.5,3310.0,3315.0,24322.0,present
408,2025-02-11 20:00:00+00:00,3315.0,3318.5,3312.0,3318.5,14870.0,present
409,2025-02-11 22:00:00+00:00,3317.6666666666665,3320.0,3315.6666666666665,3320.0,9943.333333333334,interpolated
410,2025-02-12 00:00:00+00:00,3320.3333333333335,3321.5,3319.3333333333335,3321.5,5016.666666666668,interpolated
411,2025-02-12 02:00:00+00:00,3323.0,3323.0,3323.0,3323.0,90.0,present
412,2025-02-12 04:00:00+00:00,3323.0,3333.0,3318.5,3329.0,62718.0,present
413,2025-02-12 06:00:00+00:00,3328.0,3344.0,3322.0,3338.5,109099.0,present
414,2025-02-12 08:00:00+00:00,3338.5,3393.5,3335.5,3385.5,328199.0,present
415,2025-02-12 10:00:00+00:00,3385.5,3396.0,3376.0,3388.5,266864.0,present
416,2025-02-12 12:00:00+00:00,3388.0,3389.0,3355.5,3378.0,209848.0,present
417,2025-02-12 14:00:00+00:00,3378.5,3379.5,3341.5,3341.5,233257.0,present
418,2025-02-12 16:00:00+00:00,3341.5,3400.0,3325.0,3395.5,393923.0,present
419,2025-02-12 18:00:00+00:00,3396.0,3450.0,3383.5,3449.5,349764.0,present
420,2025-02-12 20:00:00+00:00,3449.5,3450.0,3424.5,3440.0,54352.0,present
421,2025-02-12 22:00:00+00:00,3446.3333333333335,3446.6666666666665,3429.6666666666665,3440.0,36695.66666666667,interpolated
422,2025-02-13 00:00:00+00:00,3443.1666666666665,3443.3333333333335,3434.8333333333335,3440.0,19039.333333333336,interpolated
423,2025-02-13 02:00:00+00:00,3440.0,3440.0,3440.0,3440.0,1383.0,present
424,2025-02-13 04:00:00+00:00,3440.5,3675.5,3440.0,3520.5,701159.0,present
425,2025-02-13 06:00:00+00:00,3514.5,3548.0,3364.0,3421.0,675428.0,present
426,2025-02-13 08:00:00+00:00,3420.5,3479.0,3382.0,3427.5,461043.0,present
427,2025-02-13 10:00:00+00:00,3428.5,3430.0,3371.0,3380.5,307129.0,present
428,2025-02-13 12:00:00+00:00,3380.5,3407.5,3376.0,3389.0,198250.0,present
429,2025-02-13 14:00:00+00:00,3388.5,3429.0,3374.5,3429.0,230439.0,present
430,2025-02-13 16:00:00+00:00,3423.0,3428.5,3385.0,3419.0,46602.0,present
431,2025-02-13 18:00:00+00:00,3422.4166666666665,3431.8333333333335,3390.5833333333335,3420.6666666666665,47770.666666666664,interpolated
432,2025-02-13 20:00:00+00:00,3421.8333333333335,3435.1666666666665,3396.1666666666665,3422.3333333333335,48939.333333333336,interpolated
433,2025-02-13 22:00:00+00:00,3421.25,3438.5,3401.75,3424.0,50108.0,interpolated
434,2025-02-14 00:00:00+00:00,3420.6666666666665,3441.8333333333335,3407.3333333333335,3425.6666666666665,51276.666666666664,interpolated
435,2025-02-14 02:00:00+00:00,3420.0833333333335,3445.1666666666665,3412.9166666666665,3427.3333333333335,52445.333333333336,interpolated
436,2025-02-14 04:00:00+00:00,3419.5,3448.5,3418.5,3429.0,53614.0,present
437,2025-02-14 06:00:00+00:00,3431.0,3453.0,3401.0,3417.0,275342.0,present
438,2025-02-14 08:00:00+00:00,3416.5,3487.5,3415.5,3448.5,475044.0,present
439,2025-02-14 10:00:00+00:00,3448.5,3493.5,3390.5,3404.0,545884.0,present
440,2025-02-14 12:00:00+00:00,3404.5,3416.0,3350.0,3357.5,284260.0,present
441,2025-02-14 14:00:00+00:00,3357.0,3421.5,3354.5,3421.5,178097.0,present
442,2025-02-14 16:00:00+00:00,3415.0,3418.5,3390.5,3397.0,39369.0,present
443,2025-02-14 18:00:00+00:00,3398.5,3408.0,3397.0,3406.5,11508.0,present
444,2025-02-14 20:00:00+00:00,3406.0,3408.0,3397.5,3406.5,14434.0,present
445,2025-02-14 22:00:00+00:00,3406.703703703704,3408.6296296296296,3398.5185185185187,3407.185185185185,13948.888888888889,interpolated
446,2025-02-15 00:00:00+00:00,3407.4074074074074,3409.259259259259,3399.537037037037,3407.8703703703704,13463.777777777777,interpolated
447,2025-02-15 02:00:00+00:00,3408.1111111111113,3409.8888888888887,3400.5555555555557,3408.5555555555557,12978.666666666666,interpolated
448,2025-02-15 04:00:00+00:00,3408.814814814815,3410.5185185185187,3401.574074074074,3409.240740740741,12493.555555555555,interpolated
449,2025-02-15 06:00:00+00:00,3409.5185185185187,3411.1481481481483,3402.5925925925926,3409.925925925926,12008.444444444445,interpolated
450,2025-02-15 08:00:00+00:00,3410.222222222222,3411.777777777778,3403.6111111111113,3410.6111111111113,11523.333333333332,interpolated
451,2025-02-15 10:00:00+00:00,3410.925925925926,3412.4074074074074,3404.6296296296296,3411.296296296296,11038.222222222223,interpolated
452,2025-02-15 12:00:00+00:00,3411.6296296296296,3413.037037037037,3405.6481481481483,3411.9814814814813,10553.111111111111,interpolated
453,2025-02-15 14:00:00+00:00,3412.3333333333335,3413.6666666666665,3406.6666666666665,3412.6666666666665,10068.0,interpolated
454,2025-02-15 16:00:00+00:00,3413.037037037037,3414.296296296296,3407.685185185185,3413.3518518518517,9582.888888888889,interpolated
455,2025-02-15 18:00:00+00:00,3413.740740740741,3414.925925925926,3408.703703703704,3414.037037037037,9097.777777777777,interpolated
456,2025-02-15 20:00:00+00:00,3414.4444444444443,3415.5555555555557,3409.722222222222,3414.722222222222,8612.666666666666,interpolated
457,2025-02-15 22:00:00+00:00,3415.1481481481483,3416.185185185185,3410.740740740741,3415.4074074074074,8127.555555555555,interpolated
458,2025-02-16 00:00:00+00:00,3415.8518518518517,3416.814814814815,3411.759259259259,3416.0925925925926,7642.444444444444,interpolated
459,2025-02-16 02:00:00+00:00,3416.5555555555557,3417.4444444444443,3412.777777777778,3416.777777777778,7157.333333333333,interpolated
460,2025-02-16 04:00:00+00:00,3417.259259259259,3418.074074074074,3413.796296296296,3417.462962962963,6672.222222222222,interpolated
461,2025-02-16 06:00:00+00:00,3417.962962962963,3418.703703703704,3414.814814814815,3418.1481481481483,6187.111111111111,interpolated
462,2025-02-16 08:00:00+00:00,3418.6666666666665,3419.3333333333335,3415.8333333333335,3418.8333333333335,5702.0,interpolated
463,2025-02-16 10:00:00+00:00,3419.3703703703704,3419.962962962963,3416.8518518518517,3419.5185185185187,5216.888888888889,interpolated
464,2025-02-16 12:00:00+00:00,3420.074074074074,3420.5925925925926,3417.8703703703704,3420.203703703704,4731.777777777777,interpolated
465,2025-02-16 14:00:00+00:00,3420.777777777778,3421.222222222222,3418.8888888888887,3420.8888888888887,4246.666666666666,interpolated
466,2025-02-16 16:00:00+00:00,3421.4814814814813,3421.8518518518517,3419.9074074074074,3421.574074074074,3761.5555555555547,interpolated
467,2025-02-16 18:00:00+00:00,3422.185185185185,3422.4814814814813,3420.925925925926,3422.259259259259,3276.4444444444434,interpolated
468,2025-02-16 20:00:00+00:00,3422.8888888888887,3423.1111111111113,3421.9444444444443,3422.9444444444443,2791.333333333332,interpolated
469,2025-02-16 22:00:00+00:00,3423.5925925925926,3423.740740740741,3422.962962962963,3423.6296296296296,2306.222222222221,interpolated
470,2025-02-17 00:00:00+00:00,3424.296296296296,3424.3703703703704,3423.9814814814813,3424.314814814815,1821.1111111111095,interpolated
471,2025-02-17 02:00:00+00:00,3425.0,3425.0,3425.0,3425.0,1336.0,present
472,2025-02-17 04:00:00+00:00,3428.5,3449.0,3415.0,3434.0,54228.0,present
473,2025-02-17 06:00:00+00:00,3434.0,3460.0,3419.0,3452.0,196484.0,present
474,2025-02-17 08:00:00+00:00,3451.5,3470.0,3438.5,3469.5,246252.0,present
475,2025-02-17 10:00:00+00:00,3468.5,3470.0,3449.5,3452.0,167443.0,present
476,2025-02-17 12:00:00+00:00,3452.0,3477.0,3449.5,3475.0,175056.0,present
477,2025-02-17 14:00:00+00:00,3475.5,3480.0,3460.0,3465.0,146662.0,present
478,2025-02-17 16:00:00+00:00,3464.0,3476.5,3449.0,3460.0,79358.0,present
479,2025-02-17 18:00:00+00:00,3459.5,3470.0,3454.5,3456.0,85593.0,present
480,2025-02-17 20:00:00+00:00,3456.0,3470.0,3449.0,3470.0,48738.0,present
481,2025-02-17 22:00:00+00:00,3460.6666666666665,3470.0,3456.0,3470.0,33222.333333333336,interpolated
482,2025-02-18 00:00:00+00:00,3465.3333333333335,3470.0,3463.0,3470.0,17706.666666666668,interpolated
483,2025-02-18 02:00:00+00:00,3470.0,3470.0,3470.0,3470.0,2191.0,present
484,2025-02-18 04:00:00+00:00,3470.0,3470.0,3406.5,3452.5,69395.0,present
485,2025-02-18 06:00:00+00:00,3454.5,3470.0,3446.5,3453.0,138801.0,present
486,2025-02-18 08:00:00+00:00,3453.0,3460.0,3421.5,3455.5,188042.0,present
487,2025-02-18 10:00:00+00:00,3455.5,3460.0,3430.0,3447.5,83689.0,present
488,2025-02-18 12:00:00+00:00,3447.5,3459.5,3417.0,3436.5,157868.0,present
489,2025-02-18 12:00:00+00:00,3447.5,3459.5,3417.0,3436.5,157868.0,present
490,2025-02-18 14:00:00+00:00,3436.0,3439.5,3426.5,3436.5,85379.0,present
491,2025-02-18 16:00:00+00:00,3436.5,3443.0,3436.0,3437.0,15124.0,present
492,2025-02-18 18:00:00+00:00,3437.5,3437.5,3412.0,3426.5,64304.0,present
493,2025-02-18 20:00:00+00:00,3426.5,3432.0,3421.5,3430.0,6268.0,present
494,2025-02-18 22:00:00+00:00,3430.3333333333335,3434.0,3427.0,3432.6666666666665,4185.666666666667,interpolated
495,2025-02-19 00:00:00+00:00,3434.1666666666665,3436.0,3432.5,3435.3333333333335,2103.333333333334,interpolated
496,2025-02-19 02:00:00+00:00,3438.0,3438.0,3438.0,3438.0,21.0,present
497,2025-02-19 04:00:00+00:00,3439.5,3440.0,3420.5,3429.5,14661.0,present
498,2025-02-19 06:00:00+00:00,3429.5,3460.0,3410.0,3428.5,120468.0,present
499,2025-02-19 08:00:00+00:00,3427.0,3428.5,3380.5,3415.5,144874.0,present
500,2025-02-19 10:00:00+00:00,3416.0,3450.0,3410.0,3440.0,87487.0,present
501,2025-02-19 12:00:00+00:00,3441.0,3450.0,3421.0,3449.5,62793.0,present
502,2025-02-19 14:00:00+00:00,3449.0,3460.0,3431.0,3439.0,98919.0,present
503,2025-02-19 16:00:00+00:00,3440.5,3466.0,3440.5,3456.0,87595.0,present
504,2025-02-19 18:00:00+00:00,3453.0,3465.0,3446.0,3450.5,23365.0,present
505,2025-02-19 20:00:00+00:00,3451.0,3452.0,3442.0,3445.0,8211.0,present
506,2025-02-19 22:00:00+00:00,3450.6666666666665,3451.3333333333335,3444.6666666666665,3446.6666666666665,5476.0,interpolated
507,2025-02-20 00:00:00+00:00,3450.3333333333335,3450.6666666666665,3447.3333333333335,3448.3333333333335,2741.0,interpolated
508,2025-02-20 02:00:00+00:00,3450.0,3450.0,3450.0,3450.0,6.0,present
509,2025-02-20 04:00:00+00:00,3446.5,3460.0,3437.0,3450.0,12671.0,present
510,2025-02-20 06:00:00+00:00,3453.0,3466.0,3448.0,3452.5,44236.0,present
511,2025-02-20 08:00:00+00:00,3454.0,3488.0,3452.0,3487.0,106288.0,present
512,2025-02-20 10:00:00+00:00,3487.0,3489.5,3457.5,3463.5,82493.0,present
513,2025-02-20 12:00:00+00:00,3463.5,3474.5,3350.5,3442.0,230368.0,present
514,2025-02-20 14:00:00+00:00,3442.0,3463.0,3430.0,3450.0,117543.0,present
515,2025-02-20 16:00:00+00:00,3450.0,3457.0,3431.5,3446.0,22038.0,present
516,2025-02-20 18:00:00+00:00,3445.5,3452.5,3434.0,3447.0,25474.0,present
517,2025-02-20 20:00:00+00:00,3448.5,3451.0,3435.0,3449.5,6764.0,present
518,2025-02-20 22:00:00+00:00,3448.3333333333335,3450.0,3439.3333333333335,3449.0,4530.333333333334,interpolated
519,2025-02-21 00:00:00+00:00,3448.1666666666665,3449.0,3443.6666666666665,3448.5,2296.666666666667,interpolated
520,2025-02-21 02:00:00+00:00,3448.0,3448.0,3448.0,3448.0,63.0,present
521,2025-02-21 04:00:00+00:00,3452.5,3460.0,3445.0,3451.0,8142.0,present
522,2025-02-21 06:00:00+00:00,3451.5,3462.5,3435.0,3460.5,42583.0,present
523,2025-02-21 08:00:00+00:00,3461.5,3470.0,3456.0,3456.5,65429.0,present
524,2025-02-21 10:00:00+00:00,3457.5,3459.0,3432.0,3448.5,71586.0,present
525,2025-02-21 12:00:00+00:00,3448.5,3459.0,3433.0,3454.0,59076.0,present
526,2025-02-21 14:00:00+00:00,3455.5,3458.5,3438.0,3441.5,35943.0,present
527,2025-02-21 16:00:00+00:00,3441.5,3449.5,3441.5,3445.5,9513.0,present
528,2025-02-21 18:00:00+00:00,3445.5,3453.5,3445.5,3451.0,32477.0,present
529,2025-02-21 20:00:00+00:00,3451.0,3452.5,3445.0,3448.5,9419.0,present
530,2025-02-21 22:00:00+00:00,3450.9074074074074,3452.3518518518517,3445.1296296296296,3448.5,9075.185185185184,interpolated
531,2025-02-22 00:00:00+00:00,3450.814814814815,3452.203703703704,3445.259259259259,3448.5,8731.37037037037,interpolated
532,2025-02-22 02:00:00+00:00,3450.722222222222,3452.0555555555557,3445.3888888888887,3448.5,8387.555555555555,interpolated
533,2025-02-22 04:00:00+00:00,3450.6296296296296,3451.9074074074074,3445.5185185185187,3448.5,8043.740740740741,interpolated
534,2025-02-22 06:00:00+00:00,3450.537037037037,3451.759259259259,3445.6481481481483,3448.5,7699.925925925926,interpolated
535,2025-02-22 08:00:00+00:00,3450.4444444444443,3451.6111111111113,3445.777777777778,3448.5,7356.111111111111,interpolated
536,2025-02-22 10:00:00+00:00,3450.3518518518517,3451.462962962963,3445.9074074074074,3448.5,7012.2962962962965,interpolated
537,2025-02-22 12:00:00+00:00,3450.259259259259,3451.314814814815,3446.037037037037,3448.5,6668.481481481482,interpolated
538,2025-02-22 14:00:00+00:00,3450.1666666666665,3451.1666666666665,3446.1666666666665,3448.5,6324.666666666666,interpolated
539,2025-02-22 16:00:00+00:00,3450.074074074074,3451.0185185185187,3446.296296296296,3448.5,5980.851851851852,interpolated
540,2025-02-22 18:00:00+00:00,3449.9814814814813,3450.8703703703704,3446.425925925926,3448.5,5637.0370370370365,interpolated
541,2025-02-22 20:00:00+00:00,3449.8888888888887,3450.722222222222,3446.5555555555557,3448.5,5293.222222222223,interpolated
542,2025-02-22 22:00:00+00:00,3449.796296296296,3450.574074074074,3446.685185185185,3448.5,4949.407407407408,interpolated
543,2025-02-23 00:00:00+00:00,3449.703703703704,3450.425925925926,3446.814814814815,3448.5,4605.592592592593,interpolated
544,2025-02-23 02:00:00+00:00,3449.6111111111113,3450.277777777778,3446.9444444444443,3448.5,4261.777777777778,interpolated
545,2025-02-23 04:00:00+00:00,3449.5185185185187,3450.1296296296296,3447.074074074074,3448.5,3917.9629629629626,interpolated
546,2025-02-23 06:00:00+00:00,3449.425925925926,3449.9814814814813,3447.203703703704,3448.5,3574.148148148148,interpolated
547,2025-02-23 08:00:00+00:00,3449.3333333333335,3449.8333333333335,3447.3333333333335,3448.5,3230.333333333333,interpolated
548,2025-02-23 10:00:00+00:00,3449.240740740741,3449.685185185185,3447.462962962963,3448.5,2886.5185185185182,interpolated
549,2025-02-23 12:00:00+00:00,3449.1481481481483,3449.537037037037,3447.5925925925926,3448.5,2542.7037037037035,interpolated
550,2025-02-23 14:00:00+00:00,3449.0555555555557,3449.3888888888887,3447.722222222222,3448.5,2198.8888888888887,interpolated
551,2025-02-23 16:00:00+00:00,3448.962962962963,3449.240740740741,3447.8518518518517,3448.5,1855.074074074074,interpolated
552,2025-02-23 18:00:00+00:00,3448.8703703703704,3449.0925925925926,3447.9814814814813,3448.5,1511.2592592592591,interpolated
553,2025-02-23 20:00:00+00:00,3448.777777777778,3448.9444444444443,3448.1111111111113,3448.5,1167.4444444444453,interpolated
554,2025-02-23 22:00:00+00:00,3448.685185185185,3448.796296296296,3448.240740740741,3448.5,823.6296296296296,interpolated
555,2025-02-24 00:00:00+00:00,3448.5925925925926,3448.6481481481483,3448.3703703703704,3448.5,479.8148148148157,interpolated
556,2025-02-24 02:00:00+00:00,3448.5,3448.5,3448.5,3448.5,136.0,present
557,2025-02-24 04:00:00+00:00,3448.5,3456.0,3441.5,3455.0,10217.0,present
558,2025-02-24 06:00:00+00:00,3455.0,3468.5,3448.0,3454.5,97039.0,present
559,2025-02-24 08:00:00+00:00,3456.5,3463.0,3445.0,3460.0,101041.0,present
560,2025-02-24 10:00:00+00:00,3460.0,3460.0,3444.0,3454.0,107819.0,present
561,2025-02-24 12:00:00+00:00,3455.0,3459.0,3445.5,3449.0,77891.0,present
562,2025-02-24 14:00:00+00:00,3449.0,3450.0,3414.5,3425.0,270457.0,present
563,2025-02-24 16:00:00+00:00,3425.0,3435.0,3419.5,3426.5,41136.0,present
564,2025-02-24 18:00:00+00:00,3426.5,3441.0,3426.0,3441.0,46293.0,present
565,2025-02-24 20:00:00+00:00,3440.5,3444.5,3429.0,3438.5,20368.0,present
566,2025-02-24 22:00:00+00:00,3440.3333333333335,3443.0,3432.6666666666665,3439.0,13612.0,interpolated
567,2025-02-25 00:00:00+00:00,3440.1666666666665,3441.5,3436.3333333333335,3439.5,6856.0,interpolated
568,2025-02-25 02:00:00+00:00,3440.0,3440.0,3440.0,3440.0,100.0,present
569,2025-02-25 04:00:00+00:00,3441.0,3450.0,3435.0,3448.0,45680.0,present
570,2025-02-25 06:00:00+00:00,3448.0,3460.0,3437.5,3443.5,212641.0,present
571,2025-02-25 08:00:00+00:00,3442.5,3455.0,3425.5,3443.5,154087.0,present
572,2025-02-25 10:00:00+00:00,3443.5,3447.0,3420.0,3423.0,111747.0,present
573,2025-02-25 12:00:00+00:00,3422.5,3440.0,3402.0,3403.5,216524.0,present
574,2025-02-25 12:00:00+00:00,3422.5,3440.0,3402.0,3403.5,216524.0,present
575,2025-02-25 14:00:00+00:00,3403.5,3406.5,3385.0,3400.0,144770.0,present
576,2025-02-25 16:00:00+00:00,3400.0,3408.5,3396.0,3408.5,20353.0,present
577,2025-02-25 18:00:00+00:00,3408.5,3420.0,3407.5,3418.0,27805.0,present
578,2025-02-25 20:00:00+00:00,3416.5,3418.0,3410.0,3414.5,5769.0,present
579,2025-02-25 22:00:00+00:00,3415.8333333333335,3416.8333333333335,3411.5,3414.5,3849.666666666667,interpolated
580,2025-02-26 00:00:00+00:00,3415.1666666666665,3415.6666666666665,3413.0,3414.5,1930.3333333333335,interpolated
581,2025-02-26 02:00:00+00:00,3414.5,3414.5,3414.5,3414.5,11.0,present
582,2025-02-26 04:00:00+00:00,3414.5,3437.5,3409.5,3429.5,54463.0,present
583,2025-02-26 06:00:00+00:00,3429.0,3437.5,3397.0,3400.0,142217.0,present
584,2025-02-26 08:00:00+00:00,3400.0,3410.0,3357.0,3364.5,223330.0,present
585,2025-02-26 10:00:00+00:00,3364.0,3399.5,3276.0,3334.5,514693.0,present
586,2025-02-26 12:00:00+00:00,3335.0,3359.0,3308.0,3349.0,130593.0,present
587,2025-02-26 14:00:00+00:00,3348.0,3364.0,3313.5,3327.5,170732.0,present
588,2025-02-26 16:00:00+00:00,3327.0,3333.5,3296.5,3299.0,116590.0,present
589,2025-02-26 18:00:00+00:00,3299.0,3311.0,3283.0,3296.0,53047.0,present
590,2025-02-26 20:00:00+00:00,3296.0,3300.0,3290.0,3299.0,13661.0,present
591,2025-02-26 22:00:00+00:00,3295.8333333333335,3298.5,3291.8333333333335,3297.8333333333335,9126.666666666668,interpolated
592,2025-02-27 00:00:00+00:00,3295.6666666666665,3297.0,3293.6666666666665,3296.6666666666665,4592.333333333334,interpolated
593,2025-02-27 02:00:00+00:00,3295.5,3295.5,3295.5,3295.5,58.0,present
594,2025-02-27 04:00:00+00:00,3298.5,3298.5,3253.0,3269.5,76989.0,present
595,2025-02-27 06:00:00+00:00,3270.5,3362.5,3259.0,3304.5,248513.0,present
596,2025-02-27 08:00:00+00:00,3303.5,3315.5,3205.0,3214.0,312716.0,present
597,2025-02-27 10:00:00+00:00,3213.5,3264.5,3205.0,3224.0,279044.0,present
598,2025-02-27 12:00:00+00:00,3224.0,3266.0,3210.5,3248.5,264532.0,present
599,2025-02-27 14:00:00+00:00,3250.0,3266.0,3239.5,3266.0,163262.0,present
600,2025-02-27 16:00:00+00:00,3265.5,3265.5,3222.0,3223.0,78018.0,present
601,2025-02-27 18:00:00+00:00,3223.0,3243.0,3212.0,3216.5,42108.0,present
602,2025-02-27 20:00:00+00:00,3216.5,3224.0,3202.0,3222.5,30608.0,present
603,2025-02-27 22:00:00+00:00,3217.6666666666665,3222.6666666666665,3208.0,3221.6666666666665,20485.0,interpolated
604,2025-02-28 00:00:00+00:00,3218.8333333333335,3221.3333333333335,3214.0,3220.8333333333335,10362.0,interpolated
605,2025-02-28 02:00:00+00:00,3220.0,3220.0,3220.0,3220.0,239.0,present
606,2025-02-28 04:00:00+00:00,3218.0,3239.0,3202.5,3224.0,33982.0,present
607,2025-02-28 06:00:00+00:00,3224.0,3255.0,3200.0,3211.5,173110.0,present
608,2025-02-28 08:00:00+00:00,3211.0,3243.0,3175.0,3214.0,241276.0,present
609,2025-02-28 10:00:00+00:00,3214.5,3294.0,3207.0,3267.0,232166.0,present
610,2025-02-28 12:00:00+00:00,3267.0,3275.0,3234.5,3237.5,134799.0,present
611,2025-02-28 14:00:00+00:00,3237.5,3336.5,3237.5,3336.5,212540.0,present
612,2025-02-28 16:00:00+00:00,3331.0,3345.5,3304.0,3338.0,156625.0,present
613,2025-02-28 18:00:00+00:00,3337.5,3349.5,3252.0,3338.0,167521.0,present
614,2025-02-28 20:00:00+00:00,3337.5,3340.0,3328.5,3334.0,18153.0,present
615,2025-02-28 22:00:00+00:00,3337.8571428571427,3341.4285714285716,3328.0714285714284,3335.8571428571427,16257.857142857143,interpolated
616,2025-03-01 00:00:00+00:00,3338.214285714286,3342.8571428571427,3327.6428571428573,3337.714285714286,14362.714285714286,interpolated
617,2025-03-01 02:00:00+00:00,3338.5714285714284,3344.285714285714,3327.214285714286,3339.5714285714284,12467.571428571428,interpolated
618,2025-03-01 04:00:00+00:00,3338.9285714285716,3345.714285714286,3326.785714285714,3341.4285714285716,10572.42857142857,interpolated
619,2025-03-01 06:00:00+00:00,3339.285714285714,3347.1428571428573,3326.3571428571427,3343.285714285714,8677.285714285714,interpolated
620,2025-03-01 08:00:00+00:00,3339.6428571428573,3348.5714285714284,3325.9285714285716,3345.1428571428573,6782.142857142857,interpolated
621,2025-03-01 10:00:00+00:00,3340.0,3350.0,3325.5,3347.0,4887.0,present
622,2025-03-01 12:00:00+00:00,3345.5,3352.0,3340.0,3349.0,13542.0,present
623,2025-03-01 14:00:00+00:00,3348.5,3349.0,3333.5,3333.5,6879.0,present
624,2025-03-01 16:00:00+00:00,3346.9375,3349.0,3332.5625,3333.625,6501.625,interpolated
625,2025-03-01 18:00:00+00:00,3345.375,3349.0,3331.625,3333.75,6124.25,interpolated
626,2025-03-01 20:00:00+00:00,3343.8125,3349.0,3330.6875,3333.875,5746.875,interpolated
627,2025-03-01 22:00:00+00:00,3342.25,3349.0,3329.75,3334.0,5369.5,interpolated
628,2025-03-02 00:00:00+00:00,3340.6875,3349.0,3328.8125,3334.125,4992.125,interpolated
629,2025-03-02 02:00:00+00:00,3339.125,3349.0,3327.875,3334.25,4614.75,interpolated
630,2025-03-02 04:00:00+00:00,3337.5625,3349.0,3326.9375,3334.375,4237.375,interpolated
631,2025-03-02 06:00:00+00:00,3336.0,3349.0,3326.0,3334.5,3860.0,present
632,2025-03-02 08:00:00+00:00,3334.5,3336.5,3303.5,3329.5,9467.0,present
633,2025-03-02 10:00:00+00:00,3327.0,3340.0,3327.0,3339.5,5210.0,present
634,2025-03-02 12:00:00+00:00,3338.0,3346.5,3324.5,3327.0,3997.0,present
635,2025-03-02 14:00:00+00:00,3328.0,3340.0,3312.5,3320.0,11418.0,present
636,2025-03-02 16:00:00+00:00,3326.3333333333335,3336.3333333333335,3313.4166666666665,3319.6666666666665,9550.0,interpolated
637,2025-03-02 18:00:00+00:00,3324.6666666666665,3332.6666666666665,3314.3333333333335,3319.3333333333335,7682.0,interpolated
638,2025-03-02 20:00:00+00:00,3323.0,3329.0,3315.25,3319.0,5814.0,interpolated
639,2025-03-02 22:00:00+00:00,3321.3333333333335,3325.3333333333335,3316.1666666666665,3318.6666666666665,3946.0,interpolated
640,2025-03-03 00:00:00+00:00,3319.6666666666665,3321.6666666666665,3317.0833333333335,3318.3333333333335,2078.0,interpolated
641,2025-03-03 02:00:00+00:00,3318.0,3318.0,3318.0,3318.0,210.0,present
642,2025-03-03 04:00:00+00:00,3318.5,3340.0,3250.0,3284.5,68742.0,present
643,2025-03-03 06:00:00+00:00,3285.0,3289.5,3245.0,3254.5,131581.0,present
644,2025-03-03 08:00:00+00:00,3255.0,3257.5,3191.0,3208.0,386422.0,present
645,2025-03-03 10:00:00+00:00,3207.0,3248.5,3201.0,3233.0,117695.0,present
646,2025-03-03 12:00:00+00:00,3233.0,3248.0,3215.5,3247.0,104774.0,present
647,2025-03-03 14:00:00+00:00,3247.0,3272.5,3246.0,3254.0,101079.0,present
648,2025-03-03 16:00:00+00:00,3255.0,3255.0,3227.5,3253.5,32528.0,present
649,2025-03-03 18:00:00+00:00,3253.5,3287.0,3233.0,3274.0,76622.0,present
650,2025-03-03 20:00:00+00:00,3274.0,3278.0,3253.0,3257.0,15008.0,present
651,2025-03-03 22:00:00+00:00,3269.3333333333335,3272.0,3255.3333333333335,3258.0,10110.333333333332,interpolated
652,2025-03-04 00:00:00+00:00,3264.6666666666665,3266.0,3257.6666666666665,3259.0,5212.666666666666,interpolated
653,2025-03-04 02:00:00+00:00,3260.0,3260.0,3260.0,3260.0,315.0,present
654,2025-03-04 04:00:00+00:00,3260.5,3305.5,3260.5,3294.0,50277.0,present
655,2025-03-04 06:00:00+00:00,3294.0,3350.0,3282.0,3341.5,215196.0,present
656,2025-03-04 08:00:00+00:00,3340.0,3389.0,3320.5,3374.0,283593.0,present
657,2025-03-04 10:00:00+00:00,3374.0,3376.5,3344.0,3359.0,143842.0,present
658,2025-03-04 12:00:00+00:00,3359.0,3372.5,3330.0,3363.5,131382.0,present
659,2025-03-04 12:00:00+00:00,3359.0,3372.5,3330.0,3363.5,131382.0,present
660,2025-03-04 14:00:00+00:00,3363.5,3368.0,3332.0,3368.0,100772.0,present
661,2025-03-04 16:00:00+00:00,3369.0,3384.5,3355.5,3368.5,93906.0,present
662,2025-03-04 18:00:00+00:00,3368.5,3373.5,3331.5,3347.5,80456.0,present
663,2025-03-04 20:00:00+00:00,3347.5,3355.0,3341.0,3348.5,12262.0,present
664,2025-03-04 22:00:00+00:00,3348.6666666666665,3353.6666666666665,3344.3333333333335,3349.3333333333335,8185.333333333334,interpolated
665,2025-03-05 00:00:00+00:00,3349.8333333333335,3352.3333333333335,3347.6666666666665,3350.1666666666665,4108.666666666667,interpolated
666,2025-03-05 02:00:00+00:00,3351.0,3351.0,3351.0,3351.0,32.0,present
667,2025-03-05 04:00:00+00:00,3351.5,3360.0,3332.5,3345.5,62741.0,present
668,2025-03-05 06:00:00+00:00,3345.5,3380.0,3345.0,3359.0,83737.0,present
669,2025-03-05 08:00:00+00:00,3359.0,3371.5,3343.0,3344.0,201577.0,present
670,2025-03-05 10:00:00+00:00,3344.0,3345.0,3335.0,3341.0,101597.0,present
671,2025-03-05 12:00:00+00:00,3342.0,3345.0,3310.0,3315.0,176004.0,present
672,2025-03-05 14:00:00+00:00,3315.5,3344.5,3315.0,3340.0,91475.0,present
673,2025-03-05 16:00:00+00:00,3344.0,3344.5,3317.5,3330.5,67258.0,present
674,2025-03-05 18:00:00+00:00,3331.0,3340.0,3305.0,3315.0,100534.0,present
675,2025-03-05 20:00:00+00:00,3314.5,3322.5,3300.0,3322.5,27184.0,present
676,2025-03-05 22:00:00+00:00,3311.1666666666665,3316.5,3301.5,3316.5,18332.333333333336,interpolated
677,2025-03-06 00:00:00+00:00,3307.8333333333335,3310.5,3303.0,3310.5,9480.666666666668,interpolated
678,2025-03-06 02:00:00+00:00,3304.5,3304.5,3304.5,3304.5,629.0,present
679,2025-03-06 04:00:00+00:00,3305.0,3325.5,3305.0,3325.0,36959.0,present
680,2025-03-06 06:00:00+00:00,3325.0,3329.0,3290.0,3303.0,100347.0,present
681,2025-03-06 08:00:00+00:00,3303.0,3309.5,3285.0,3295.5,87866.0,present
682,2025-03-06 10:00:00+00:00,3296.0,3300.0,3277.5,3292.0,61526.0,present
683,2025-03-06 12:00:00+00:00,3290.5,3326.0,3288.0,3324.5,89550.0,present
684,2025-03-06 14:00:00+00:00,3325.0,3343.5,3316.5,3317.0,86247.0,present
685,2025-03-06 16:00:00+00:00,3322.5,3332.0,3312.5,3328.0,14558.0,present
686,2025-03-06 18:00:00+00:00,3328.0,3332.5,3311.5,3320.0,11966.0,present
687,2025-03-06 20:00:00+00:00,3320.0,3340.0,3311.5,3337.5,24075.0,present
688,2025-03-06 22:00:00+00:00,3325.6666666666665,3339.0,3320.0,3337.3333333333335,16098.666666666666,interpolated
689,2025-03-07 00:00:00+00:00,3331.3333333333335,3338.0,3328.5,3337.1666666666665,8122.333333333332,interpolated
690,2025-03-07 02:00:00+00:00,3337.0,3337.0,3337.0,3337.0,146.0,present
691,2025-03-07 04:00:00+00:00,3337.0,3349.5,3322.5,3349.0,16833.0,present
692,2025-03-07 06:00:00+00:00,3347.5,3349.5,3326.5,3338.5,105737.0,present
693,2025-03-07 08:00:00+00:00,3339.5,3411.0,3339.5,3390.0,315671.0,present
694,2025-03-07 10:00:00+00:00,3389.0,3407.0,3380.5,3399.5,138034.0,present
695,2025-03-07 12:00:00+00:00,3399.5,3433.0,3397.5,3419.0,193578.0,present
696,2025-03-07 14:00:00+00:00,3419.0,3433.5,3339.0,3342.0,436256.0,present
697,2025-03-07 16:00:00+00:00,3347.0,3398.5,3347.0,3393.0,92845.0,present
698,2025-03-07 18:00:00+00:00,3392.5,3397.5,3381.5,3386.0,35939.0,present
699,2025-03-07 20:00:00+00:00,3388.5,3398.5,3384.0,3393.0,12976.0,present
700,2025-03-07 22:00:00+00:00,3388.685185185185,3398.314814814815,3384.3518518518517,3393.0185185185187,12502.222222222223,interpolated
701,2025-03-08 00:00:00+00:00,3388.8703703703704,3398.1296296296296,3384.703703703704,3393.037037037037,12028.444444444445,interpolated
702,2025-03-08 02:00:00+00:00,3389.0555555555557,3397.9444444444443,3385.0555555555557,3393.0555555555557,11554.666666666666,interpolated
703,2025-03-08 04:00:00+00:00,3389.240740740741,3397.759259259259,3385.4074074074074,3393.074074074074,11080.888888888889,interpolated
704,2025-03-08 06:00:00+00:00,3389.425925925926,3397.574074074074,3385.759259259259,3393.0925925925926,10607.111111111111,interpolated
705,2025-03-08 08:00:00+00:00,3389.6111111111113,3397.3888888888887,3386.1111111111113,3393.1111111111113,10133.333333333332,interpolated
706,2025-03-08 10:00:00+00:00,3389.796296296296,3397.203703703704,3386.462962962963,3393.1296296296296,9659.555555555555,interpolated
707,2025-03-08 12:00:00+00:00,3389.9814814814813,3397.0185185185187,3386.814814814815,3393.1481481481483,9185.777777777777,interpolated
708,2025-03-08 14:00:00+00:00,3390.1666666666665,3396.8333333333335,3387.1666666666665,3393.1666666666665,8712.0,interpolated
709,2025-03-08 16:00:00+00:00,3390.3518518518517,3396.6481481481483,3387.5185185185187,3393.185185185185,8238.222222222223,interpolated
710,2025-03-08 18:00:00+00:00,3390.537037037037,3396.462962962963,3387.8703703703704,3393.203703703704,7764.444444444444,interpolated
711,2025-03-08 20:00:00+00:00,3390.722222222222,3396.277777777778,3388.222222222222,3393.222222222222,7290.666666666666,interpolated
712,2025-03-08 22:00:00+00:00,3390.9074074074074,3396.0925925925926,3388.574074074074,3393.240740740741,6816.888888888889,interpolated
713,2025-03-09 00:00:00+00:00,3391.0925925925926,3395.9074074074074,3388.925925925926,3393.259259259259,6343.11111111111,interpolated
714,2025-03-09 02:00:00+00:00,3391.277777777778,3395.722222222222,3389.277777777778,3393.277777777778,5869.333333333333,interpolated
715,2025-03-09 04:00:00+00:00,3391.462962962963,3395.537037037037,3389.6296296296296,3393.296296296296,5395.555555555555,interpolated
716,2025-03-09 06:00:00+00:00,3391.6481481481483,3395.3518518518517,3389.9814814814813,3393.314814814815,4921.777777777777,interpolated
717,2025-03-09 08:00:00+00:00,3391.8333333333335,3395.1666666666665,3390.3333333333335,3393.3333333333335,4448.0,interpolated
718,2025-03-09 10:00:00+00:00,3392.0185185185187,3394.9814814814813,3390.685185185185,3393.3518518518517,3974.2222222222226,interpolated
719,2025-03-09 12:00:00+00:00,3392.203703703704,3394.796296296296,3391.037037037037,3393.3703703703704,3500.4444444444434,interpolated
720,2025-03-09 14:00:00+00:00,3392.3888888888887,3394.6111111111113,3391.3888888888887,3393.3888888888887,3026.666666666666,interpolated
721,2025-03-09 16:00:00+00:00,3392.574074074074,3394.425925925926,3391.740740740741,3393.4074074074074,2552.8888888888887,interpolated
722,2025-03-09 18:00:00+00:00,3392.759259259259,3394.240740740741,3392.0925925925926,3393.425925925926,2079.1111111111113,interpolated
723,2025-03-09 20:00:00+00:00,3392.9444444444443,3394.0555555555557,3392.4444444444443,3393.4444444444443,1605.3333333333321,interpolated
724,2025-03-09 22:00:00+00:00,3393.1296296296296,3393.8703703703704,3392.796296296296,3393.462962962963,1131.5555555555547,interpolated
725,2025-03-10 00:00:00+00:00,3393.314814814815,3393.685185185185,3393.1481481481483,3393.4814814814813,657.7777777777774,interpolated
726,2025-03-10 02:00:00+00:00,3393.5,3393.5,3393.5,3393.5,184.0,present
727,2025-03-10 04:00:00+00:00,3395.0,3434.0,3393.0,3416.0,38050.0,present
728,2025-03-10 06:00:00+00:00,3415.5,3430.0,3407.0,3407.5,128061.0,present
729,2025-03-10 08:00:00+00:00,3407.5,3419.0,3396.5,3419.0,111017.0,present
730,2025-03-10 10:00:00+00:00,3418.5,3495.0,3418.5,3485.5,404107.0,present
731,2025-03-10 12:00:00+00:00,3485.5,3490.5,3460.0,3487.0,305391.0,present
732,2025-03-10 14:00:00+00:00,3487.0,3490.0,3450.5,3460.0,181584.0,present
733,2025-03-10 16:00:00+00:00,3460.5,3478.0,3460.0,3469.5,24822.0,present
734,2025-03-10 18:00:00+00:00,3468.0,3472.5,3458.5,3460.0,39005.0,present
735,2025-03-10 20:00:00+00:00,3460.0,3464.5,3459.0,3464.5,12147.0,present
736,2025-03-10 22:00:00+00:00,3461.6666666666665,3464.6666666666665,3461.0,3464.6666666666665,8129.0,interpolated
737,2025-03-11 00:00:00+00:00,3463.3333333333335,3464.8333333333335,3463.0,3464.8333333333335,4111.0,interpolated
738,2025-03-11 02:00:00+00:00,3465.0,3465.0,3465.0,3465.0,93.0,present
739,2025-03-11 04:00:00+00:00,3465.5,3498.0,3465.0,3475.0,43594.0,present
740,2025-03-11 06:00:00+00:00,3475.5,3538.5,3457.0,3533.0,260079.0,present
741,2025-03-11 08:00:00+00:00,3533.0,3554.5,3510.0,3519.0,368107.0,present
742,2025-03-11 10:00:00+00:00,3519.0,3531.5,3499.0,3518.5,205087.0,present
743,2025-03-11 12:00:00+00:00,3518.5,3540.0,3510.0,3535.0,276706.0,present
744,2025-03-11 12:00:00+00:00,3518.5,3540.0,3510.0,3535.0,276706.0,present
745,2025-03-11 14:00:00+00:00,3535.0,3565.0,3530.0,3543.0,227159.0,present
746,2025-03-11 16:00:00+00:00,3543.5,3563.0,3531.0,3555.5,51745.0,present
747,2025-03-11 18:00:00+00:00,3555.5,3556.5,3502.5,3535.5,196827.0,present
748,2025-03-11 20:00:00+00:00,3535.0,3548.5,3532.5,3547.5,22189.0,present
749,2025-03-11 22:00:00+00:00,3540.0,3549.0,3538.3333333333335,3548.3333333333335,14863.0,interpolated
750,2025-03-12 00:00:00+00:00,3545.0,3549.5,3544.1666666666665,3549.1666666666665,7537.0,interpolated
751,2025-03-12 02:00:00+00:00,3550.0,3550.0,3550.0,3550.0,211.0,present
752,2025-03-12 04:00:00+00:00,3551.0,3565.0,3516.5,3530.0,54490.0,present
753,2025-03-12 06:00:00+00:00,3533.0,3548.0,3440.0,3503.5,421595.0,present
754,2025-03-12 08:00:00+00:00,3504.0,3516.5,3478.0,3496.0,246736.0,present
755,2025-03-12 10:00:00+00:00,3496.0,3525.0,3482.0,3521.5,130275.0,present
756,2025-03-12 12:00:00+00:00,3521.5,3536.0,3515.0,3524.0,92920.0,present
757,2025-03-12 14:00:00+00:00,3524.0,3526.0,3504.5,3518.0,97064.0,present
758,2025-03-12 16:00:00+00:00,3519.0,3524.0,3518.0,3520.0,18899.0,present
759,2025-03-12 18:00:00+00:00,3520.0,3521.5,3511.0,3513.5,24308.0,present
760,2025-03-12 20:00:00+00:00,3514.0,3519.5,3513.0,3518.0,6516.0,present
761,2025-03-12 22:00:00+00:00,3515.5,3519.1666666666665,3514.8333333333335,3518.1666666666665,4350.0,interpolated
762,2025-03-13 00:00:00+00:00,3517.0,3518.8333333333335,3516.6666666666665,3518.3333333333335,2184.0,interpolated
763,2025-03-13 02:00:00+00:00,3518.5,3518.5,3518.5,3518.5,18.0,present
764,2025-03-13 04:00:00+00:00,3522.0,3530.0,3485.0,3490.0,49698.0,present
765,2025-03-13 06:00:00+00:00,3491.5,3495.5,3450.0,3470.5,210209.0,present
766,2025-03-13 08:00:00+00:00,3470.0,3489.0,3425.0,3475.0,288525.0,present
767,2025-03-13 10:00:00+00:00,3475.0,3506.0,3450.0,3450.0,220957.0,present
768,2025-03-13 12:00:00+00:00,3450.0,3466.0,3428.5,3451.5,176513.0,present
769,2025-03-13 14:00:00+00:00,3451.5,3479.0,3431.0,3431.0,170741.0,present
770,2025-03-13 16:00:00+00:00,3500.0,3547.5,3482.0,3521.5,304611.0,present
771,2025-03-13 18:00:00+00:00,3521.5,3531.0,3515.0,3518.5,25049.0,present
772,2025-03-13 20:00:00+00:00,3518.5,3520.0,3510.0,3513.0,19101.0,present
773,2025-03-13 22:00:00+00:00,3516.0,3517.0,3510.3333333333335,3512.3333333333335,12775.666666666668,interpolated
774,2025-03-14 00:00:00+00:00,3513.5,3514.0,3510.6666666666665,3511.6666666666665,6450.333333333334,interpolated
775,2025-03-14 02:00:00+00:00,3511.0,3511.0,3511.0,3511.0,125.0,present
776,2025-03-14 04:00:00+00:00,3513.0,3528.0,3487.5,3513.5,29998.0,present
777,2025-03-14 06:00:00+00:00,3513.0,3517.5,3490.0,3491.0,85036.0,present
778,2025-03-14 08:00:00+00:00,3491.0,3555.0,3490.5,3527.0,219621.0,present
779,2025-03-14 10:00:00+00:00,3527.0,3557.0,3520.0,3553.0,127282.0,present
780,2025-03-14 12:00:00+00:00,3552.5,3608.5,3551.0,3600.5,271397.0,present
781,2025-03-14 14:00:00+00:00,3600.0,3602.0,3552.5,3584.0,280777.0,present
782,2025-03-14 16:00:00+00:00,3589.0,3609.5,3580.0,3609.0,91703.0,present
783,2025-03-14 18:00:00+00:00,3609.0,3615.5,3604.0,3604.5,57121.0,present
784,2025-03-14 20:00:00+00:00,3604.5,3613.5,3604.0,3610.0,19922.0,present
785,2025-03-14 22:00:00+00:00,3606.8,3616.8,3605.2,3613.8,18375.2,interpolated
786,2025-03-15 00:00:00+00:00,3609.1,3620.1,3606.4,3617.6,16828.4,interpolated
787,2025-03-15 02:00:00+00:00,3611.4,3623.4,3607.6,3621.4,15281.599999999999,interpolated
788,2025-03-15 04:00:00+00:00,3613.7,3626.7,3608.8,3625.2,13734.8,interpolated
789,2025-03-15 06:00:00+00:00,3616.0,3630.0,3610.0,3629.0,12188.0,present
790,2025-03-15 08:00:00+00:00,3629.0,3638.5,3627.0,3635.0,13152.0,present
791,2025-03-15 10:00:00+00:00,3635.0,3640.0,3628.5,3630.0,13662.0,present
792,2025-03-15 12:00:00+00:00,3631.0,3640.0,3629.0,3636.0,6322.0,present
793,2025-03-15 14:00:00+00:00,3636.0,3640.0,3628.0,3630.5,9138.0,present
794,2025-03-15 16:00:00+00:00,3632.125,3638.9375,3625.125,3630.625,8889.125,interpolated
795,2025-03-15 18:00:00+00:00,3628.25,3637.875,3622.25,3630.75,8640.25,interpolated
796,2025-03-15 20:00:00+00:00,3624.375,3636.8125,3619.375,3630.875,8391.375,interpolated
797,2025-03-15 22:00:00+00:00,3620.5,3635.75,3616.5,3631.0,8142.5,interpolated
798,2025-03-16 00:00:00+00:00,3616.625,3634.6875,3613.625,3631.125,7893.625,interpolated
799,2025-03-16 02:00:00+00:00,3612.75,3633.625,3610.75,3631.25,7644.75,interpolated
800,2025-03-16 04:00:00+00:00,3608.875,3632.5625,3607.875,3631.375,7395.875,interpolated
801,2025-03-16 06:00:00+00:00,3605.0,3631.5,3605.0,3631.5,7147.0,present
802,2025-03-16 08:00:00+00:00,3631.5,3638.0,3629.0,3636.5,7017.0,present
803,2025-03-16 10:00:00+00:00,3635.5,3638.0,3633.0,3637.5,4601.0,present
804,2025-03-16 12:00:00+00:00,3637.5,3645.0,3632.5,3642.0,15252.0,present
805,2025-03-16 14:00:00+00:00,3641.5,3644.5,3636.5,3644.5,13936.0,present
806,2025-03-16 16:00:00+00:00,3641.25,3643.75,3637.0833333333335,3643.75,11990.833333333334,interpolated
807,2025-03-16 18:00:00+00:00,3641.0,3643.0,3637.6666666666665,3643.0,10045.666666666666,interpolated
808,2025-03-16 20:00:00+00:00,3640.75,3642.25,3638.25,3642.25,8100.5,interpolated
809,2025-03-16 22:00:00+00:00,3640.5,3641.5,3638.8333333333335,3641.5,6155.333333333333,interpolated
810,2025-03-17 00:00:00+00:00,3640.25,3640.75,3639.4166666666665,3640.75,4210.166666666666,interpolated
811,2025-03-17 02:00:00+00:00,3640.0,3640.0,3640.0,3640.0,2265.0,present
812,2025-03-17 04:00:00+00:00,3640.0,3666.0,3611.5,3639.5,290288.0,present
813,2025-03-17 06:00:00+00:00,3638.5,3654.0,3618.0,3631.5,239494.0,present
814,2025-03-17 08:00:00+00:00,3631.5,3660.5,3592.0,3613.5,397462.0,present
815,2025-03-17 10:00:00+00:00,3613.0,3630.5,3595.0,3606.0,304765.0,present
816,2025-03-17 12:00:00+00:00,3610.0,3624.5,3595.5,3610.0,167287.0,present
817,2025-03-17 14:00:00+00:00,3611.0,3652.0,3610.0,3637.5,246591.0,present
818,2025-03-17 16:00:00+00:00,3643.5,3658.0,3632.0,3636.5,86365.0,present
819,2025-03-17 18:00:00+00:00,3638.0,3640.0,3631.5,3638.0,17362.0,present
820,2025-03-17 20:00:00+00:00,3639.0,3648.0,3638.0,3648.0,14268.0,present
821,2025-03-17 22:00:00+00:00,3642.1666666666665,3648.1666666666665,3641.5,3648.1666666666665,9523.0,interpolated
822,2025-03-18 00:00:00+00:00,3645.3333333333335,3648.3333333333335,3645.0,3648.3333333333335,4778.0,interpolated
823,2025-03-18 02:00:00+00:00,3648.5,3648.5,3648.5,3648.5,33.0,present
824,2025-03-18 04:00:00+00:00,3648.5,3663.0,3637.5,3656.0,31586.0,present
825,2025-03-18 06:00:00+00:00,3657.5,3662.5,3592.0,3625.5,211505.0,present
826,2025-03-18 08:00:00+00:00,3625.5,3637.5,3605.5,3632.0,158832.0,present
827,2025-03-18 10:00:00+00:00,3631.0,3640.0,3623.5,3635.0,101206.0,present
828,2025-03-18 12:00:00+00:00,3635.0,3635.5,3624.0,3630.0,98499.0,present
829,2025-03-18 12:00:00+00:00,3635.0,3635.5,3624.0,3630.0,98499.0,present
830,2025-03-18 14:00:00+00:00,3630.0,3640.0,3628.5,3638.5,121793.0,present
831,2025-03-18 16:00:00+00:00,3638.0,3644.5,3602.0,3604.5,132426.0,present
832,2025-03-18 18:00:00+00:00,3603.5,3629.5,3601.5,3609.0,70479.0,present
833,2025-03-18 20:00:00+00:00,3609.5,3617.0,3580.0,3608.0,51411.0,present
834,2025-03-18 22:00:00+00:00,3612.3333333333335,3617.3333333333335,3592.6666666666665,3611.3333333333335,34288.66666666667,interpolated
835,2025-03-19 00:00:00+00:00,3615.1666666666665,3617.6666666666665,3605.3333333333335,3614.6666666666665,17166.333333333336,interpolated
836,2025-03-19 02:00:00+00:00,3618.0,3618.0,3618.0,3618.0,44.0,present
837,2025-03-19 04:00:00+00:00,3617.5,3620.0,3601.0,3613.0,37514.0,present
838,2025-03-19 06:00:00+00:00,3613.0,3620.0,3610.0,3620.0,66091.0,present
839,2025-03-19 08:00:00+00:00,3620.0,3699.0,3619.0,3691.5,313507.0,present
840,2025-03-19 10:00:00+00:00,3692.0,3700.0,3673.5,3696.0,168046.0,present
841,2025-03-19 12:00:00+00:00,3696.0,3705.0,3690.0,3696.0,233445.0,present
842,2025-03-19 14:00:00+00:00,3696.0,3708.0,3683.5,3703.5,222567.0,present
843,2025-03-19 16:00:00+00:00,3700.5,3744.0,3699.0,3728.0,153412.0,present
844,2025-03-19 18:00:00+00:00,3728.0,3740.0,3722.0,3735.5,54721.0,present
845,2025-03-19 20:00:00+00:00,3735.5,3743.0,3735.0,3736.0,19283.0,present
846,2025-03-19 22:00:00+00:00,3738.6666666666665,3743.6666666666665,3738.3333333333335,3739.0,13129.333333333332,interpolated
847,2025-03-20 00:00:00+00:00,3741.8333333333335,3744.3333333333335,3741.6666666666665,3742.0,6975.666666666666,interpolated
848,2025-03-20 02:00:00+00:00,3745.0,3745.0,3745.0,3745.0,822.0,present
849,2025-03-20 04:00:00+00:00,3745.0,3764.0,3740.0,3741.5,79923.0,present
850,2025-03-20 06:00:00+00:00,3740.0,3749.0,3723.0,3731.0,180855.0,present
851,2025-03-20 08:00:00+00:00,3729.5,3732.5,3690.0,3698.0,244212.0,present
852,2025-03-20 10:00:00+00:00,3698.0,3717.5,3683.5,3697.5,135095.0,present
853,2025-03-20 12:00:00+00:00,3697.5,3710.0,3654.0,3698.0,307069.0,present
854,2025-03-20 14:00:00+00:00,3697.5,3724.0,3680.5,3680.5,139036.0,present
855,2025-03-20 16:00:00+00:00,3685.0,3696.5,3670.0,3689.0,37891.0,present
856,2025-03-20 18:00:00+00:00,3689.0,3695.0,3685.5,3695.0,22358.0,present
857,2025-03-20 20:00:00+00:00,3695.0,3695.0,3689.5,3694.0,7668.0,present
858,2025-03-20 22:00:00+00:00,3695.0,3695.0,3691.3333333333335,3694.3333333333335,5118.0,interpolated
859,2025-03-21 00:00:00+00:00,3695.0,3695.0,3693.1666666666665,3694.6666666666665,2568.0,interpolated
860,2025-03-21 02:00:00+00:00,3695.0,3695.0,3695.0,3695.0,18.0,present
861,2025-03-21 04:00:00+00:00,3696.5,3705.0,3680.5,3685.5,36260.0,present
862,2025-03-21 06:00:00+00:00,3685.5,3719.0,3619.0,3653.0,1296231.0,present
863,2025-03-21 08:00:00+00:00,3653.0,3686.5,3650.0,3684.0,503053.0,present
864,2025-03-21 10:00:00+00:00,3684.0,3697.0,3638.0,3649.0,468736.0,present
865,2025-03-21 12:00:00+00:00,3648.0,3664.5,3623.5,3652.5,411099.0,present
866,2025-03-21 14:00:00+00:00,3652.5,3657.5,3610.0,3645.0,389004.0,present
867,2025-03-21 16:00:00+00:00,3644.5,3650.0,3623.0,3637.0,45807.0,present
868,2025-03-21 18:00:00+00:00,3637.0,3646.5,3635.5,3644.5,31020.0,present
869,2025-03-21 20:00:00+00:00,3644.5,3648.0,3640.0,3648.0,10997.0,present
870,2025-03-21 22:00:00+00:00,3644.814814814815,3648.185185185185,3640.4814814814813,3648.185185185185,10665.185185185186,interpolated
871,2025-03-22 00:00:00+00:00,3645.1296296296296,3648.3703703703704,3640.962962962963,3648.3703703703704,10333.37037037037,interpolated
872,2025-03-22 02:00:00+00:00,3645.4444444444443,3648.5555555555557,3641.4444444444443,3648.5555555555557,10001.555555555555,interpolated
873,2025-03-22 04:00:00+00:00,3645.759259259259,3648.740740740741,3641.925925925926,3648.740740740741,9669.74074074074,interpolated
874,2025-03-22 06:00:00+00:00,3646.074074074074,3648.925925925926,3642.4074074074074,3648.925925925926,9337.925925925925,interpolated
875,2025-03-22 08:00:00+00:00,3646.3888888888887,3649.1111111111113,3642.8888888888887,3649.1111111111113,9006.111111111111,interpolated
876,2025-03-22 10:00:00+00:00,3646.703703703704,3649.296296296296,3643.3703703703704,3649.296296296296,8674.296296296296,interpolated
877,2025-03-22 12:00:00+00:00,3647.0185185185187,3649.4814814814813,3643.8518518518517,3649.4814814814813,8342.481481481482,interpolated
878,2025-03-22 14:00:00+00:00,3647.3333333333335,3649.6666666666665,3644.3333333333335,3649.6666666666665,8010.666666666667,interpolated
879,2025-03-22 16:00:00+00:00,3647.6481481481483,3649.8518518518517,3644.814814814815,3649.8518518518517,7678.851851851852,interpolated
880,2025-03-22 18:00:00+00:00,3647.962962962963,3650.037037037037,3645.296296296296,3650.037037037037,7347.0370370370365,interpolated
881,2025-03-22 20:00:00+00:00,3648.277777777778,3650.222222222222,3645.777777777778,3650.222222222222,7015.222222222223,interpolated
882,2025-03-22 22:00:00+00:00,3648.5925925925926,3650.4074074074074,3646.259259259259,3650.4074074074074,6683.407407407408,interpolated
883,2025-03-23 00:00:00+00:00,3648.9074074074074,3650.5925925925926,3646.740740740741,3650.5925925925926,6351.592592592593,interpolated
884,2025-03-23 02:00:00+00:00,3649.222222222222,3650.777777777778,3647.222222222222,3650.777777777778,6019.777777777778,interpolated
885,2025-03-23 04:00:00+00:00,3649.537037037037,3650.962962962963,3647.703703703704,3650.962962962963,5687.9629629629635,interpolated
886,2025-03-23 06:00:00+00:00,3649.8518518518517,3651.1481481481483,3648.185185185185,3651.1481481481483,5356.148148148149,interpolated
887,2025-03-23 08:00:00+00:00,3650.1666666666665,3651.3333333333335,3648.6666666666665,3651.3333333333335,5024.333333333334,interpolated
888,2025-03-23 10:00:00+00:00,3650.4814814814813,3651.5185185185187,3649.1481481481483,3651.5185185185187,4692.518518518518,interpolated
889,2025-03-23 12:00:00+00:00,3650.796296296296,3651.703703703704,3649.6296296296296,3651.703703703704,4360.7037037037035,interpolated
890,2025-03-23 14:00:00+00:00,3651.1111111111113,3651.8888888888887,3650.1111111111113,3651.8888888888887,4028.8888888888887,interpolated
891,2025-03-23 16:00:00+00:00,3651.425925925926,3652.074074074074,3650.5925925925926,3652.074074074074,3697.074074074074,interpolated
892,2025-03-23 18:00:00+00:00,3651.740740740741,3652.259259259259,3651.074074074074,3652.259259259259,3365.259259259259,interpolated
893,2025-03-23 20:00:00+00:00,3652.0555555555557,3652.4444444444443,3651.5555555555557,3652.4444444444443,3033.4444444444443,interpolated
894,2025-03-23 22:00:00+00:00,3652.3703703703704,3652.6296296296296,3652.037037037037,3652.6296296296296,2701.6296296296296,interpolated
895,2025-03-24 00:00:00+00:00,3652.685185185185,3652.814814814815,3652.5185185185187,3652.814814814815,2369.8148148148157,interpolated
896,2025-03-24 02:00:00+00:00,3653.0,3653.0,3653.0,3653.0,2038.0,present
897,2025-03-24 04:00:00+00:00,3653.0,3663.0,3641.5,3649.0,39565.0,present
898,2025-03-24 06:00:00+00:00,3649.0,3654.0,3622.5,3628.5,121407.0,present
899,2025-03-24 08:00:00+00:00,3627.5,3648.5,3595.0,3625.5,281518.0,present
900,2025-03-24 10:00:00+00:00,3625.5,3625.5,3588.5,3590.0,214718.0,present
901,2025-03-24 12:00:00+00:00,3590.0,3618.0,3583.0,3588.0,403533.0,present
902,2025-03-24 14:00:00+00:00,3588.5,3618.0,3584.5,3618.0,215136.0,present
903,2025-03-24 16:00:00+00:00,3616.5,3616.5,3599.0,3607.0,24951.0,present
904,2025-03-24 18:00:00+00:00,3607.5,3607.5,3570.0,3585.0,112798.0,present
905,2025-03-24 20:00:00+00:00,3585.0,3589.5,3580.0,3589.5,22406.0,present
906,2025-03-24 22:00:00+00:00,3586.6666666666665,3589.6666666666665,3583.3333333333335,3589.6666666666665,14959.333333333332,interpolated
907,2025-03-25 00:00:00+00:00,3588.3333333333335,3589.8333333333335,3586.6666666666665,3589.8333333333335,7512.666666666666,interpolated
908,2025-03-25 02:00:00+00:00,3590.0,3590.0,3590.0,3590.0,66.0,present
909,2025-03-25 04:00:00+00:00,3590.5,3607.5,3590.0,3605.0,20144.0,present
910,2025-03-25 06:00:00+00:00,3606.0,3609.0,3595.5,3605.0,60118.0,present
911,2025-03-25 08:00:00+00:00,3605.0,3609.0,3552.0,3571.5,170634.0,present
912,2025-03-25 10:00:00+00:00,3571.0,3582.0,3541.0,3553.0,291784.0,present
913,2025-03-25 12:00:00+00:00,3553.0,3586.0,3545.0,3559.5,177157.0,present
914,2025-03-25 12:00:00+00:00,3553.0,3586.0,3545.0,3559.5,177157.0,present
915,2025-03-25 14:00:00+00:00,3559.0,3576.5,3542.0,3576.0,172861.0,present
916,2025-03-25 16:00:00+00:00,3576.5,3600.0,3574.5,3595.5,94308.0,present
917,2025-03-25 18:00:00+00:00,3594.0,3604.0,3589.0,3597.0,26238.0,present
918,2025-03-25 20:00:00+00:00,3597.0,3598.0,3586.5,3587.5,5930.0,present
919,2025-03-25 22:00:00+00:00,3597.3333333333335,3598.0,3590.3333333333335,3591.0,3956.3333333333335,interpolated
920,2025-03-26 00:00:00+00:00,3597.6666666666665,3598.0,3594.1666666666665,3594.5,1982.666666666667,interpolated
921,2025-03-26 02:00:00+00:00,3598.0,3598.0,3598.0,3598.0,9.0,present
922,2025-03-26 04:00:00+00:00,3599.0,3615.0,3593.5,3609.0,28480.0,present
923,2025-03-26 06:00:00+00:00,3609.5,3609.5,3572.5,3582.0,58466.0,present
924,2025-03-26 08:00:00+00:00,3582.0,3583.5,3540.0,3559.0,245575.0,present
925,2025-03-26 10:00:00+00:00,3558.5,3559.5,3534.0,3541.0,176396.0,present
926,2025-03-26 12:00:00+00:00,3541.0,3544.5,3511.0,3520.0,236979.0,present
927,2025-03-26 14:00:00+00:00,3520.0,3520.0,3472.5,3500.0,423964.0,present
928,2025-03-26 16:00:00+00:00,3500.0,3500.0,3474.5,3478.5,104196.0,present
929,2025-03-26 18:00:00+00:00,3478.5,3499.5,3472.0,3494.0,86165.0,present
930,2025-03-26 20:00:00+00:00,3493.0,3494.5,3482.5,3487.5,23535.0,present
931,2025-03-26 22:00:00+00:00,3491.3333333333335,3492.3333333333335,3484.3333333333335,3487.6666666666665,15832.666666666668,interpolated
932,2025-03-27 00:00:00+00:00,3489.6666666666665,3490.1666666666665,3486.1666666666665,3487.8333333333335,8130.333333333334,interpolated
933,2025-03-27 02:00:00+00:00,3488.0,3488.0,3488.0,3488.0,428.0,present
934,2025-03-27 04:00:00+00:00,3494.5,3516.0,3480.0,3507.0,61502.0,present
935,2025-03-27 06:00:00+00:00,3506.5,3513.0,3454.0,3472.5,192379.0,present
936,2025-03-27 08:00:00+00:00,3473.0,3546.0,3470.5,3525.5,454187.0,present
937,2025-03-27 10:00:00+00:00,3525.0,3543.5,3515.5,3526.5,220686.0,present
938,2025-03-27 12:00:00+00:00,3526.0,3533.5,3500.0,3503.0,237351.0,present
939,2025-03-27 14:00:00+00:00,3502.5,3514.0,3466.0,3477.0,314797.0,present
940,2025-03-27 16:00:00+00:00,3485.0,3525.0,3465.0,3508.5,141746.0,present
941,2025-03-27 18:00:00+00:00,3508.5,3525.0,3500.0,3513.0,53855.0,present
942,2025-03-27 20:00:00+00:00,3514.0,3515.5,3500.5,3503.0,18114.0,present
943,2025-03-27 22:00:00+00:00,3509.6666666666665,3510.6666666666665,3500.6666666666665,3502.3333333333335,12242.666666666668,interpolated
944,2025-03-28 00:00:00+00:00,3505.3333333333335,3505.8333333333335,3500.8333333333335,3501.6666666666665,6371.333333333334,interpolated
945,2025-03-28 02:00:00+00:00,3501.0,3501.0,3501.0,3501.0,500.0,present
946,2025-03-28 04:00:00+00:00,3503.0,3529.5,3493.0,3503.0,85087.0,present
947,2025-03-28 06:00:00+00:00,3503.0,3524.5,3498.0,3524.0,144035.0,present
948,2025-03-28 08:00:00+00:00,3524.0,3549.5,3510.0,3518.5,281364.0,present
949,2025-03-28 10:00:00+00:00,3518.5,3528.5,3476.0,3492.0,224152.0,present
950,2025-03-28 12:00:00+00:00,3490.5,3502.0,3475.5,3483.0,260850.0,present
951,2025-03-28 14:00:00+00:00,3483.0,3535.5,3482.0,3528.0,247840.0,present
952,2025-03-28 16:00:00+00:00,3520.0,3526.0,3501.5,3505.0,49300.0,present
953,2025-03-28 18:00:00+00:00,3505.0,3515.0,3501.0,3510.0,31260.0,present
954,2025-03-28 20:00:00+00:00,3508.5,3515.0,3504.0,3508.0,15619.0,present
955,2025-03-28 22:00:00+00:00,3510.8,3516.9,3498.9,3502.9,17615.0,interpolated
956,2025-03-29 00:00:00+00:00,3513.1,3518.8,3493.8,3497.8,19611.0,interpolated
957,2025-03-29 02:00:00+00:00,3515.4,3520.7,3488.7,3492.7,21607.0,interpolated
958,2025-03-29 04:00:00+00:00,3517.7,3522.6,3483.6,3487.6,23603.0,interpolated
959,2025-03-29 06:00:00+00:00,3520.0,3524.5,3478.5,3482.5,25599.0,present
960,2025-03-29 08:00:00+00:00,3485.0,3507.0,3485.0,3497.0,10553.0,present
961,2025-03-29 10:00:00+00:00,3498.0,3498.5,3485.0,3490.5,11784.0,present
962,2025-03-29 12:00:00+00:00,3490.5,3491.5,3485.0,3487.5,9945.0,present
963,2025-03-29 14:00:00+00:00,3487.5,3490.0,3475.5,3487.0,21862.0,present
964,2025-03-29 16:00:00+00:00,3487.4375,3489.875,3474.1875,3485.9375,20194.25,interpolated
965,2025-03-29 18:00:00+00:00,3487.375,3489.75,3472.875,3484.875,18526.5,interpolated
966,2025-03-29 20:00:00+00:00,3487.3125,3489.625,3471.5625,3483.8125,16858.75,interpolated
967,2025-03-29 22:00:00+00:00,3487.25,3489.5,3470.25,3482.75,15191.0,interpolated
968,2025-03-30 00:00:00+00:00,3487.1875,3489.375,3468.9375,3481.6875,13523.25,interpolated
969,2025-03-30 02:00:00+00:00,3487.125,3489.25,3467.625,3480.625,11855.5,interpolated
970,2025-03-30 04:00:00+00:00,3487.0625,3489.125,3466.3125,3479.5625,10187.75,interpolated
971,2025-03-30 06:00:00+00:00,3487.0,3489.0,3465.0,3478.5,8520.0,present
972,2025-03-30 08:00:00+00:00,3478.5,3480.0,3471.5,3478.0,11529.0,present
973,2025-03-30 10:00:00+00:00,3478.0,3482.0,3477.5,3481.0,5925.0,present
974,2025-03-30 12:00:00+00:00,3481.0,3505.0,3469.0,3498.0,17924.0,present
975,2025-03-30 14:00:00+00:00,3498.0,3498.5,3422.5,3426.0,105932.0,present
976,2025-03-30 16:00:00+00:00,3488.9166666666665,3489.3333333333335,3426.0,3428.9166666666665,88493.5,interpolated
977,2025-03-30 18:00:00+00:00,3479.8333333333335,3480.1666666666665,3429.5,3431.8333333333335,71055.0,interpolated
978,2025-03-30 20:00:00+00:00,3470.75,3471.0,3433.0,3434.75,53616.5,interpolated
979,2025-03-30 22:00:00+00:00,3461.6666666666665,3461.8333333333335,3436.5,3437.6666666666665,36178.0,interpolated
980,2025-03-31 00:00:00+00:00,3452.5833333333335,3452.6666666666665,3440.0,3440.5833333333335,18739.5,interpolated
981,2025-03-31 02:00:00+00:00,3443.5,3443.5,3443.5,3443.5,1301.0,present
982,2025-03-31 04:00:00+00:00,3443.5,3519.0,3415.0,3512.0,160072.0,present
983,2025-03-31 06:00:00+00:00,3513.0,3524.0,3443.0,3455.5,218524.0,present
984,2025-03-31 08:00:00+00:00,3455.0,3476.5,3453.0,3471.0,190834.0,present
985,2025-03-31 10:00:00+00:00,3471.0,3496.0,3470.5,3488.0,165255.0,present
986,2025-03-31 12:00:00+00:00,3488.0,3495.0,3480.0,3489.0,119142.0,present
987,2025-03-31 14:00:00+00:00,3489.0,3493.5,3479.5,3492.0,149012.0,present
988,2025-03-31 16:00:00+00:00,3492.0,3501.5,3485.0,3497.5,34274.0,present
989,2025-03-31 18:00:00+00:00,3498.0,3510.0,3493.0,3510.0,19365.0,present
990,2025-03-31 20:00:00+00:00,3510.0,3511.5,3502.0,3507.5,10114.0,present
991,2025-03-31 22:00:00+00:00,3509.1666666666665,3510.1666666666665,3503.8333333333335,3507.5,6758.333333333334,interpolated
992,2025-04-01 00:00:00+00:00,3508.3333333333335,3508.8333333333335,3505.6666666666665,3507.5,3402.666666666667,interpolated
993,2025-04-01 02:00:00+00:00,3507.5,3507.5,3507.5,3507.5,47.0,present
994,2025-04-01 04:00:00+00:00,3508.0,3531.0,3502.0,3523.5,52326.0,present
995,2025-04-01 06:00:00+00:00,3523.5,3535.0,3502.0,3510.0,140868.0,present
996,2025-04-01 08:00:00+00:00,3510.0,3525.5,3503.0,3517.5,177250.0,present
997,2025-04-01 10:00:00+00:00,3518.5,3519.5,3455.0,3461.5,238812.0,present
998,2025-04-01 12:00:00+00:00,3460.5,3491.5,3434.0,3441.5,240451.0,present
999,2025-04-01 12:00:00+00:00,3460.5,3491.5,3434.0,3441.5,240451.0,present
1000,2025-04-01 14:00:00+00:00,3441.5,3474.5,3430.5,3456.5,200079.0,present
1001,2025-04-01 16:00:00+00:00,3456.0,3471.5,3445.5,3447.0,89474.0,present
1002,2025-04-01 18:00:00+00:00,3447.0,3453.5,3424.0,3431.5,131685.0,present
1003,2025-04-01 20:00:00+00:00,3431.0,3443.0,3430.5,3443.0,31266.0,present
1004,2025-04-01 22:00:00+00:00,3434.0,3442.0,3433.6666666666665,3442.0,20901.666666666664,interpolated
1005,2025-04-02 00:00:00+00:00,3437.0,3441.0,3436.8333333333335,3441.0,10537.333333333332,interpolated
1006,2025-04-02 02:00:00+00:00,3440.0,3440.0,3440.0,3440.0,173.0,present
1007,2025-04-02 04:00:00+00:00,3439.5,3455.0,3430.0,3443.5,33788.0,present
1008,2025-04-02 06:00:00+00:00,3443.5,3462.0,3435.0,3449.5,87761.0,present
1009,2025-04-02 08:00:00+00:00,3450.0,3458.0,3422.5,3438.5,107813.0,present
1010,2025-04-02 10:00:00+00:00,3439.0,3447.0,3416.0,3426.5,138512.0,present
1011,2025-04-02 12:00:00+00:00,3425.5,3431.5,3403.0,3403.5,217932.0,present
1012,2025-04-02 14:00:00+00:00,3403.5,3420.0,3390.5,3407.0,145806.0,present
1013,2025-04-02 16:00:00+00:00,3402.0,3419.5,3396.0,3409.5,83039.0,present
1014,2025-04-02 18:00:00+00:00,3410.0,3429.0,3407.0,3416.5,50294.0,present
1015,2025-04-02 20:00:00+00:00,3416.5,3419.5,3408.0,3418.0,38587.0,present
1016,2025-04-02 22:00:00+00:00,3416.0,3418.0,3410.3333333333335,3417.0,25773.666666666664,interpolated
1017,2025-04-03 00:00:00+00:00,3415.5,3416.5,3412.6666666666665,3416.0,12960.333333333332,interpolated
1018,2025-04-03 02:00:00+00:00,3415.0,3415.0,3415.0,3415.0,147.0,present
1019,2025-04-03 04:00:00+00:00,3415.0,3447.0,3410.0,3430.0,40051.0,present
1020,2025-04-03 06:00:00+00:00,3429.0,3430.0,3376.0,3381.5,166438.0,present
1021,2025-04-03 08:00:00+00:00,3381.0,3390.0,3357.0,3386.5,282588.0,present
1022,2025-04-03 10:00:00+00:00,3386.0,3388.5,3365.0,3371.5,120614.0,present
1023,2025-04-03 12:00:00+00:00,3371.5,3373.0,3316.5,3333.0,399258.0,present
1024,2025-04-03 14:00:00+00:00,3333.0,3340.0,3300.0,3310.5,236221.0,present
1025,2025-04-03 16:00:00+00:00,3310.5,3346.5,3310.0,3344.5,76353.0,present
1026,2025-04-03 18:00:00+00:00,3344.5,3347.5,3331.0,3343.5,47159.0,present
1027,2025-04-03 20:00:00+00:00,3344.0,3350.0,3342.5,3350.0,18015.0,present
1028,2025-04-03 22:00:00+00:00,3350.6666666666665,3354.6666666666665,3349.6666666666665,3354.6666666666665,12396.0,interpolated
1029,2025-04-04 00:00:00+00:00,3357.3333333333335,3359.3333333333335,3356.8333333333335,3359.3333333333335,6777.0,interpolated
1030,2025-04-04 02:00:00+00:00,3364.0,3364.0,3364.0,3364.0,1158.0,present
1031,2025-04-04 04:00:00+00:00,3365.0,3375.0,3351.0,3370.0,45410.0,present
1032,2025-04-04 06:00:00+00:00,3370.0,3372.0,3340.5,3357.0,114802.0,present
1033,2025-04-04 08:00:00+00:00,3357.0,3357.0,3316.0,3322.0,148395.0,present
1034,2025-04-04 10:00:00+00:00,3321.5,3330.0,3261.0,3268.5,331708.0,present
1035,2025-04-04 12:00:00+00:00,3268.5,3276.0,3220.5,3223.5,430149.0,present
1036,2025-04-04 14:00:00+00:00,3223.5,3291.5,3223.0,3262.0,209266.0,present
1037,2025-04-04 16:00:00+00:00,3262.0,3289.5,3218.0,3245.5,181523.0,present
1038,2025-04-04 18:00:00+00:00,3245.5,3271.0,3233.5,3256.5,54781.0,present
1039,2025-04-04 20:00:00+00:00,3256.5,3261.5,3241.0,3246.5,22828.0,present
1040,2025-04-04 22:00:00+00:00,3254.5,3258.7,3229.9,3236.5,32392.0,interpolated
1041,2025-04-05 00:00:00+00:00,3252.5,3255.9,3218.8,3226.5,41956.0,interpolated
1042,2025-04-05 02:00:00+00:00,3250.5,3253.1,3207.7,3216.5,51520.0,interpolated
1043,2025-04-05 04:00:00+00:00,3248.5,3250.3,3196.6,3206.5,61084.0,interpolated
1044,2025-04-05 06:00:00+00:00,3246.5,3247.5,3185.5,3196.5,70648.0,present
1045,2025-04-05 08:00:00+00:00,3197.0,3240.0,3181.0,3239.0,51980.0,present
1046,2025-04-05 10:00:00+00:00,3239.5,3313.5,3232.0,3285.0,65122.0,present
1047,2025-04-05 12:00:00+00:00,3285.0,3300.0,3231.0,3277.5,42869.0,present
1048,2025-04-05 14:00:00+00:00,3276.5,3288.5,3263.0,3284.5,15938.0,present
1049,2025-04-05 16:00:00+00:00,3277.8125,3292.6875,3264.8125,3287.5625,18299.375,interpolated
1050,2025-04-05 18:00:00+00:00,3279.125,3296.875,3266.625,3290.625,20660.75,interpolated
1051,2025-04-05 20:00:00+00:00,3280.4375,3301.0625,3268.4375,3293.6875,23022.125,interpolated
1052,2025-04-05 22:00:00+00:00,3281.75,3305.25,3270.25,3296.75,25383.5,interpolated
1053,2025-04-06 00:00:00+00:00,3283.0625,3309.4375,3272.0625,3299.8125,27744.875,interpolated
1054,2025-04-06 02:00:00+00:00,3284.375,3313.625,3273.875,3302.875,30106.25,interpolated
1055,2025-04-06 04:00:00+00:00,3285.6875,3317.8125,3275.6875,3305.9375,32467.625,interpolated
1056,2025-04-06 06:00:00+00:00,3287.0,3322.0,3277.5,3309.0,34829.0,present
1057,2025-04-06 08:00:00+00:00,3310.0,3333.0,3309.0,3327.0,50015.0,present
1058,2025-04-06 10:00:00+00:00,3325.5,3349.0,3312.0,3338.5,53673.0,present
1059,2025-04-06 12:00:00+00:00,3337.0,3356.5,3329.5,3353.0,50714.0,present
1060,2025-04-06 14:00:00+00:00,3353.5,3354.5,3335.5,3349.5,34917.0,present
1061,2025-04-06 16:00:00+00:00,3344.5833333333335,3345.4166666666665,3329.5833333333335,3341.25,29688.5,interpolated
1062,2025-04-06 18:00:00+00:00,3335.6666666666665,3336.3333333333335,3323.6666666666665,3333.0,24460.0,interpolated
1063,2025-04-06 20:00:00+00:00,3326.75,3327.25,3317.75,3324.75,19231.5,interpolated
1064,2025-04-06 22:00:00+00:00,3317.8333333333335,3318.1666666666665,3311.8333333333335,3316.5,14003.0,interpolated
1065,2025-04-07 00:00:00+00:00,3308.9166666666665,3309.0833333333335,3305.9166666666665,3308.25,8774.5,interpolated
1066,2025-04-07 02:00:00+00:00,3300.0,3300.0,3300.0,3300.0,3546.0,present
1067,2025-04-07 04:00:00+00:00,3299.5,3350.0,3224.0,3262.0,248433.0,present
1068,2025-04-07 06:00:00+00:00,3261.5,3279.5,3190.0,3265.5,337572.0,present
1069,2025-04-07 08:00:00+00:00,3266.0,3295.0,3207.0,3216.0,293161.0,present
1070,2025-04-07 10:00:00+00:00,3215.0,3272.5,3210.0,3236.0,192322.0,present
1071,2025-04-07 12:00:00+00:00,3236.0,3237.5,3194.0,3225.0,351594.0,present
1072,2025-04-07 14:00:00+00:00,3225.0,3240.0,3200.0,3220.5,392364.0,present
1073,2025-04-07 16:00:00+00:00,3226.5,3228.0,3200.0,3222.5,67724.0,present
1074,2025-04-07 18:00:00+00:00,3222.5,3228.0,3215.0,3227.0,28129.0,present
1075,2025-04-07 20:00:00+00:00,3227.5,3228.0,3214.5,3227.0,16465.0,present
1076,2025-04-07 22:00:00+00:00,3228.8333333333335,3229.1666666666665,3220.1666666666665,3228.5,11109.0,interpolated
1077,2025-04-08 00:00:00+00:00,3230.1666666666665,3230.3333333333335,3225.8333333333335,3230.0,5753.0,interpolated
1078,2025-04-08 02:00:00+00:00,3231.5,3231.5,3231.5,3231.5,397.0,present
1079,2025-04-08 04:00:00+00:00,3232.0,3285.0,3232.0,3260.0,90832.0,present
1080,2025-04-08 06:00:00+00:00,3260.0,3285.5,3250.0,3269.0,119065.0,present
1081,2025-04-08 08:00:00+00:00,3270.0,3280.0,3230.5,3244.5,133203.0,present
1082,2025-04-08 10:00:00+00:00,3244.5,3260.0,3230.5,3255.5,150020.0,present
1083,2025-04-08 12:00:00+00:00,3256.0,3274.0,3244.0,3270.5,163910.0,present
1084,2025-04-08 12:00:00+00:00,3256.0,3274.0,3244.0,3270.5,163910.0,present
1085,2025-04-08 14:00:00+00:00,3270.5,3281.0,3245.5,3251.5,161170.0,present
1086,2025-04-08 16:00:00+00:00,3251.5,3259.5,3220.0,3230.0,139935.0,present
1087,2025-04-08 18:00:00+00:00,3230.0,3235.0,3200.0,3213.0,85709.0,present
1088,2025-04-08 20:00:00+00:00,3213.0,3216.0,3201.0,3209.5,17339.0,present
1089,2025-04-08 22:00:00+00:00,3212.6666666666665,3214.6666666666665,3204.6666666666665,3210.3333333333335,11618.333333333332,interpolated
1090,2025-04-09 00:00:00+00:00,3212.3333333333335,3213.3333333333335,3208.3333333333335,3211.1666666666665,5897.666666666666,interpolated
1091,2025-04-09 02:00:00+00:00,3212.0,3212.0,3212.0,3212.0,177.0,present
1092,2025-04-09 04:00:00+00:00,3212.0,3227.0,3177.0,3211.0,72757.0,present
1093,2025-04-09 06:00:00+00:00,3210.0,3255.0,3202.0,3209.5,177510.0,present
1094,2025-04-09 08:00:00+00:00,3210.0,3215.0,3181.0,3185.0,190048.0,present
1095,2025-04-09 10:00:00+00:00,3185.0,3191.0,3090.0,3122.5,492712.0,present
1096,2025-04-09 12:00:00+00:00,3122.0,3188.5,3121.0,3187.0,204410.0,present
1097,2025-04-09 14:00:00+00:00,3187.0,3195.0,3159.5,3183.0,122766.0,present
1098,2025-04-09 16:00:00+00:00,3183.0,3274.5,3183.0,3272.0,327371.0,present
1099,2025-04-09 18:00:00+00:00,3272.5,3280.0,3233.5,3269.5,157244.0,present
1100,2025-04-09 20:00:00+00:00,3270.0,3298.0,3268.0,3294.5,62912.0,present
1101,2025-04-09 22:00:00+00:00,3279.8333333333335,3298.5,3278.5,3296.1666666666665,42360.333333333336,interpolated
1102,2025-04-10 00:00:00+00:00,3289.6666666666665,3299.0,3289.0,3297.8333333333335,21808.66666666667,interpolated
1103,2025-04-10 02:00:00+00:00,3299.5,3299.5,3299.5,3299.5,1257.0,present
1104,2025-04-10 04:00:00+00:00,3300.0,3303.0,3263.0,3279.5,88012.0,present
1105,2025-04-10 06:00:00+00:00,3279.5,3295.5,3224.0,3240.0,153547.0,present
1106,2025-04-10 08:00:00+00:00,3240.0,3268.0,3236.5,3246.0,87415.0,present
1107,2025-04-10 10:00:00+00:00,3246.0,3256.0,3240.5,3247.5,82206.0,present
1108,2025-04-10 12:00:00+00:00,3248.5,3260.5,3235.0,3235.0,159379.0,present
1109,2025-04-10 14:00:00+00:00,3235.0,3266.5,3225.5,3235.0,118029.0,present
1110,2025-04-10 16:00:00+00:00,3235.0,3241.5,3202.0,3240.0,71855.0,present
1111,2025-04-10 18:00:00+00:00,3241.0,3246.5,3232.0,3238.5,29199.0,present
1112,2025-04-10 20:00:00+00:00,3238.5,3240.0,3230.0,3238.5,8270.0,present
1113,2025-04-10 22:00:00+00:00,3239.6666666666665,3240.6666666666665,3234.0,3239.6666666666665,5527.0,interpolated
1114,2025-04-11 00:00:00+00:00,3240.8333333333335,3241.3333333333335,3238.0,3240.8333333333335,2784.0,interpolated
1115,2025-04-11 02:00:00+00:00,3242.0,3242.0,3242.0,3242.0,41.0,present
1116,2025-04-11 04:00:00+00:00,3242.5,3268.0,3235.0,3255.0,30764.0,present
1117,2025-04-11 06:00:00+00:00,3257.5,3288.5,3254.5,3274.0,130588.0,present
1118,2025-04-11 08:00:00+00:00,3275.0,3290.5,3259.5,3279.5,171384.0,present
1119,2025-04-11 10:00:00+00:00,3280.0,3296.0,3273.5,3291.5,106326.0,present
1120,2025-04-11 12:00:00+00:00,3291.5,3293.0,3272.0,3287.0,86022.0,present
1121,2025-04-11 14:00:00+00:00,3287.0,3331.5,3286.0,3317.0,109140.0,present
1122,2025-04-11 16:00:00+00:00,3318.0,3329.5,3308.0,3327.5,51022.0,present
1123,2025-04-11 18:00:00+00:00,3327.5,3328.5,3304.0,3327.5,60591.0,present
1124,2025-04-11 20:00:00+00:00,3328.0,3328.5,3320.0,3325.5,9450.0,present
1125,2025-04-11 22:00:00+00:00,3329.4,3331.7,3322.2,3328.4,11093.4,interpolated
1126,2025-04-12 00:00:00+00:00,3330.8,3334.9,3324.4,3331.3,12736.8,interpolated
1127,2025-04-12 02:00:00+00:00,3332.2,3338.1,3326.6,3334.2,14380.2,interpolated
1128,2025-04-12 04:00:00+00:00,3333.6,3341.3,3328.8,3337.1,16023.599999999999,interpolated
1129,2025-04-12 06:00:00+00:00,3335.0,3344.5,3331.0,3340.0,17667.0,present
1130,2025-04-12 08:00:00+00:00,3342.5,3353.5,3339.5,3349.0,52150.0,present
1131,2025-04-12 10:00:00+00:00,3348.5,3355.0,3339.5,3349.0,18781.0,present
1132,2025-04-12 12:00:00+00:00,3349.0,3350.0,3341.5,3347.0,8458.0,present
1133,2025-04-12 14:00:00+00:00,3347.5,3351.0,3344.0,3351.0,10046.0,present
1134,2025-04-12 16:00:00+00:00,3347.9375,3352.75,3344.0,3352.5,12571.875,interpolated
1135,2025-04-12 18:00:00+00:00,3348.375,3354.5,3344.0,3354.0,15097.75,interpolated
1136,2025-04-12 20:00:00+00:00,3348.8125,3356.25,3344.0,3355.5,17623.625,interpolated
1137,2025-04-12 22:00:00+00:00,3349.25,3358.0,3344.0,3357.0,20149.5,interpolated
1138,2025-04-13 00:00:00+00:00,3349.6875,3359.75,3344.0,3358.5,22675.375,interpolated
1139,2025-04-13 02:00:00+00:00,3350.125,3361.5,3344.0,3360.0,25201.25,interpolated
1140,2025-04-13 04:00:00+00:00,3350.5625,3363.25,3344.0,3361.5,27727.125,interpolated
1141,2025-04-13 06:00:00+00:00,3351.0,3365.0,3344.0,3363.0,30253.0,present
1142,2025-04-13 08:00:00+00:00,3363.5,3367.5,3355.0,3362.0,17685.0,present
1143,2025-04-13 10:00:00+00:00,3362.0,3377.0,3356.0,3376.0,24565.0,present
1144,2025-04-13 12:00:00+00:00,3376.0,3388.5,3372.0,3388.0,24591.0,present
1145,2025-04-13 14:00:00+00:00,3386.5,3388.5,3365.0,3375.5,30006.0,present
1146,2025-04-13 16:00:00+00:00,3385.4166666666665,3387.0833333333335,3367.5,3376.25,25134.833333333332,interpolated
1147,2025-04-13 18:00:00+00:00,3384.3333333333335,3385.6666666666665,3370.0,3377.0,20263.666666666664,interpolated
1148,2025-04-13 20:00:00+00:00,3383.25,3384.25,3372.5,3377.75,15392.5,interpolated
1149,2025-04-13 22:00:00+00:00,3382.1666666666665,3382.8333333333335,3375.0,3378.5,10521.333333333332,interpolated
1150,2025-04-14 00:00:00+00:00,3381.0833333333335,3381.4166666666665,3377.5,3379.25,5650.166666666668,interpolated
1151,2025-04-14 02:00:00+00:00,3380.0,3380.0,3380.0,3380.0,779.0,present
1152,2025-04-14 04:00:00+00:00,3379.5,3387.5,3356.0,3360.0,33459.0,present
1153,2025-04-14 06:00:00+00:00,3359.5,3369.5,3331.0,3356.0,150289.0,present
1154,2025-04-14 08:00:00+00:00,3356.5,3369.0,3338.0,3367.5,84271.0,present
1155,2025-04-14 10:00:00+00:00,3367.5,3389.0,3361.0,3365.5,138444.0,present
1156,2025-04-14 12:00:00+00:00,3365.0,3365.5,3310.0,3326.5,174811.0,present
1157,2025-04-14 14:00:00+00:00,3326.0,3370.0,3319.5,3360.0,90943.0,present
1158,2025-04-14 16:00:00+00:00,3352.5,3370.0,3331.0,3338.0,49826.0,present
1159,2025-04-14 18:00:00+00:00,3336.5,3360.5,3335.5,3353.0,25374.0,present
1160,2025-04-14 20:00:00+00:00,3353.0,3356.5,3349.5,3351.0,3791.0,present
1161,2025-04-14 22:00:00+00:00,3352.3333333333335,3354.6666666666665,3350.0,3351.0,2538.333333333333,interpolated
1162,2025-04-15 00:00:00+00:00,3351.6666666666665,3352.8333333333335,3350.5,3351.0,1285.6666666666665,interpolated
1163,2025-04-15 02:00:00+00:00,3351.0,3351.0,3351.0,3351.0,33.0,present
1164,2025-04-15 04:00:00+00:00,3353.0,3377.0,3337.0,3343.5,37951.0,present
1165,2025-04-15 06:00:00+00:00,3343.5,3360.0,3333.0,3341.0,66176.0,present
1166,2025-04-15 08:00:00+00:00,3341.5,3345.0,3323.5,3335.0,62375.0,present
1167,2025-04-15 10:00:00+00:00,3335.0,3340.0,3328.0,3336.0,38487.0,present
1168,2025-04-15 12:00:00+00:00,3335.5,3352.5,3331.0,3343.5,58027.0,present
1169,2025-04-15 12:00:00+00:00,3335.5,3352.5,3331.0,3343.5,58027.0,present
1170,2025-04-15 14:00:00+00:00,3346.0,3348.5,3338.0,3339.0,32184.0,present
1171,2025-04-15 16:00:00+00:00,3339.0,3346.0,3338.5,3345.0,8810.0,present
1172,2025-04-15 18:00:00+00:00,3345.0,3351.5,3339.0,3351.0,14480.0,present
1173,2025-04-15 20:00:00+00:00,3350.5,3354.5,3345.5,3347.0,5119.0,present
1174,2025-04-15 22:00:00+00:00,3350.6666666666665,3353.3333333333335,3347.3333333333335,3348.3333333333335,3423.0,interpolated
1175,2025-04-16 00:00:00+00:00,3350.8333333333335,3352.1666666666665,3349.1666666666665,3349.6666666666665,1727.0,interpolated
1176,2025-04-16 02:00:00+00:00,3351.0,3351.0,3351.0,3351.0,31.0,present
1177,2025-04-16 04:00:00+00:00,3355.0,3357.0,3334.5,3339.0,16372.0,present
1178,2025-04-16 06:00:00+00:00,3342.5,3350.5,3301.5,3333.5,159014.0,present
1179,2025-04-16 08:00:00+00:00,3334.0,3363.5,3327.0,3359.0,87594.0,present
1180,2025-04-16 10:00:00+00:00,3359.0,3375.0,3346.5,3373.5,107505.0,present
1181,2025-04-16 12:00:00+00:00,3373.5,3384.0,3367.5,3380.5,99974.0,present
1182,2025-04-16 14:00:00+00:00,3381.0,3414.5,3377.0,3396.5,161866.0,present
1183,2025-04-16 16:00:00+00:00,3397.0,3413.0,3380.5,3385.0,60770.0,present
1184,2025-04-16 18:00:00+00:00,3385.0,3393.0,3370.0,3377.5,34334.0,present
1185,2025-04-16 20:00:00+00:00,3377.0,3390.0,3375.0,3388.0,6530.0,present
1186,2025-04-16 22:00:00+00:00,3381.5,3390.1666666666665,3380.1666666666665,3388.8333333333335,4359.333333333334,interpolated
1187,2025-04-17 00:00:00+00:00,3386.0,3390.3333333333335,3385.3333333333335,3389.6666666666665,2188.666666666667,interpolated
1188,2025-04-17 02:00:00+00:00,3390.5,3390.5,3390.5,3390.5,18.0,present
1189,2025-04-17 04:00:00+00:00,3390.5,3414.5,3388.0,3407.0,44333.0,present
1190,2025-04-17 06:00:00+00:00,3404.5,3409.0,3382.5,3391.5,54781.0,present
1191,2025-04-17 08:00:00+00:00,3391.0,3394.5,3372.0,3376.5,96439.0,present
1192,2025-04-17 10:00:00+00:00,3378.0,3395.0,3377.0,3391.5,65726.0,present
1193,2025-04-17 12:00:00+00:00,3391.0,3397.5,3374.5,3384.5,116695.0,present
1194,2025-04-17 14:00:00+00:00,3384.0,3385.0,3372.0,3380.5,56715.0,present
1195,2025-04-17 16:00:00+00:00,3380.5,3400.0,3375.5,3398.0,43971.0,present
1196,2025-04-17 18:00:00+00:00,3398.5,3403.0,3384.0,3401.5,77931.0,present
1197,2025-04-17 20:00:00+00:00,3401.5,3405.0,3396.0,3404.0,19300.0,present
1198,2025-04-17 22:00:00+00:00,3400.0,3402.3333333333335,3396.3333333333335,3401.6666666666665,13492.333333333332,interpolated
1199,2025-04-18 00:00:00+00:00,3398.5,3399.6666666666665,3396.6666666666665,3399.3333333333335,7684.666666666666,interpolated
1200,2025-04-18 02:00:00+00:00,3397.0,3397.0,3397.0,3397.0,1877.0,present
1201,2025-04-18 04:00:00+00:00,3397.5,3400.0,3382.0,3385.5,31863.0,present
1202,2025-04-18 06:00:00+00:00,3385.5,3398.5,3384.0,3390.5,31395.0,present
1203,2025-04-18 08:00:00+00:00,3390.0,3391.0,3340.5,3345.5,150852.0,present
1204,2025-04-18 10:00:00+00:00,3345.5,3349.5,3310.5,3330.5,149283.0,present
1205,2025-04-18 12:00:00+00:00,3330.5,3359.0,3321.0,3334.0,114532.0,present
1206,2025-04-18 14:00:00+00:00,3334.5,3383.5,3334.0,3376.0,57600.0,present
1207,2025-04-18 16:00:00+00:00,3375.0,3375.0,3353.5,3356.0,23014.0,present
1208,2025-04-18 18:00:00+00:00,3355.5,3362.0,3351.0,3351.0,11304.0,present
1209,2025-04-18 20:00:00+00:00,3351.5,3354.5,3347.0,3350.0,9448.0,present
1210,2025-04-18 22:00:00+00:00,3352.296296296296,3355.185185185185,3347.962962962963,3350.8518518518517,9107.407407407407,interpolated
1211,2025-04-19 00:00:00+00:00,3353.0925925925926,3355.8703703703704,3348.925925925926,3351.703703703704,8766.814814814814,interpolated
1212,2025-04-19 02:00:00+00:00,3353.8888888888887,3356.5555555555557,3349.8888888888887,3352.5555555555557,8426.222222222223,interpolated
1213,2025-04-19 04:00:00+00:00,3354.685185185185,3357.240740740741,3350.8518518518517,3353.4074074074074,8085.62962962963,interpolated
1214,2025-04-19 06:00:00+00:00,3355.4814814814813,3357.925925925926,3351.814814814815,3354.259259259259,7745.037037037037,interpolated
1215,2025-04-19 08:00:00+00:00,3356.277777777778,3358.6111111111113,3352.777777777778,3355.1111111111113,7404.444444444444,interpolated
1216,2025-04-19 10:00:00+00:00,3357.074074074074,3359.296296296296,3353.740740740741,3355.962962962963,7063.851851851852,interpolated
1217,2025-04-19 12:00:00+00:00,3357.8703703703704,3359.9814814814813,3354.703703703704,3356.814814814815,6723.259259259259,interpolated
1218,2025-04-19 14:00:00+00:00,3358.6666666666665,3360.6666666666665,3355.6666666666665,3357.6666666666665,6382.666666666666,interpolated
1219,2025-04-19 16:00:00+00:00,3359.462962962963,3361.3518518518517,3356.6296296296296,3358.5185185185187,6042.074074074075,interpolated
1220,2025-04-19 18:00:00+00:00,3360.259259259259,3362.037037037037,3357.5925925925926,3359.3703703703704,5701.481481481482,interpolated
1221,2025-04-19 20:00:00+00:00,3361.0555555555557,3362.722222222222,3358.5555555555557,3360.222222222222,5360.888888888889,interpolated
1222,2025-04-19 22:00:00+00:00,3361.8518518518517,3363.4074074074074,3359.5185185185187,3361.074074074074,5020.2962962962965,interpolated
1223,2025-04-20 00:00:00+00:00,3362.6481481481483,3364.0925925925926,3360.4814814814813,3361.925925925926,4679.7037037037035,interpolated
1224,2025-04-20 02:00:00+00:00,3363.4444444444443,3364.777777777778,3361.4444444444443,3362.777777777778,4339.111111111111,interpolated
1225,2025-04-20 04:00:00+00:00,3364.240740740741,3365.462962962963,3362.4074074074074,3363.6296296296296,3998.5185185185182,interpolated
1226,2025-04-20 06:00:00+00:00,3365.037037037037,3366.1481481481483,3363.3703703703704,3364.4814814814813,3657.925925925926,interpolated
1227,2025-04-20 08:00:00+00:00,3365.8333333333335,3366.8333333333335,3364.3333333333335,3365.3333333333335,3317.333333333333,interpolated
1228,2025-04-20 10:00:00+00:00,3366.6296296296296,3367.5185185185187,3365.296296296296,3366.185185185185,2976.740740740741,interpolated
1229,2025-04-20 12:00:00+00:00,3367.425925925926,3368.203703703704,3366.259259259259,3367.037037037037,2636.1481481481487,interpolated
1230,2025-04-20 14:00:00+00:00,3368.222222222222,3368.8888888888887,3367.222222222222,3367.8888888888887,2295.5555555555557,interpolated
1231,2025-04-20 16:00:00+00:00,3369.0185185185187,3369.574074074074,3368.185185185185,3368.740740740741,1954.9629629629635,interpolated
1232,2025-04-20 18:00:00+00:00,3369.814814814815,3370.259259259259,3369.1481481481483,3369.5925925925926,1614.3703703703704,interpolated
1233,2025-04-20 20:00:00+00:00,3370.6111111111113,3370.9444444444443,3370.1111111111113,3370.4444444444443,1273.7777777777783,interpolated
1234,2025-04-20 22:00:00+00:00,3371.4074074074074,3371.6296296296296,3371.074074074074,3371.296296296296,933.1851851851861,interpolated
1235,2025-04-21 00:00:00+00:00,3372.203703703704,3372.314814814815,3372.037037037037,3372.1481481481483,592.5925925925931,interpolated
1236,2025-04-21 02:00:00+00:00,3373.0,3373.0,3373.0,3373.0,252.0,present
1237,2025-04-21 04:00:00+00:00,3372.5,3374.5,3360.0,3370.0,25394.0,present
1238,2025-04-21 06:00:00+00:00,3369.5,3384.0,3364.5,3379.0,66134.0,present
1239,2025-04-21 08:00:00+00:00,3379.0,3394.5,3374.5,3391.0,69698.0,present
1240,2025-04-21 10:00:00+00:00,3392.0,3397.5,3384.5,3395.5,63505.0,present
1241,2025-04-21 12:00:00+00:00,3395.5,3398.5,3368.0,3379.0,88214.0,present
1242,2025-04-21 14:00:00+00:00,3379.0,3400.0,3375.0,3399.0,75967.0,present
1243,2025-04-21 16:00:00+00:00,3399.5,3408.0,3386.5,3393.0,45059.0,present
1244,2025-04-21 18:00:00+00:00,3394.0,3402.0,3391.0,3396.5,25070.0,present
1245,2025-04-21 20:00:00+00:00,3396.5,3398.0,3391.5,3398.0,6811.0,present
1246,2025-04-21 22:00:00+00:00,3397.0,3398.0,3393.6666666666665,3398.0,4618.333333333334,interpolated
1247,2025-04-22 00:00:00+00:00,3397.5,3398.0,3395.8333333333335,3398.0,2425.666666666667,interpolated
1248,2025-04-22 02:00:00+00:00,3398.0,3398.0,3398.0,3398.0,233.0,present
1249,2025-04-22 04:00:00+00:00,3398.0,3407.5,3395.0,3405.0,21700.0,present
1250,2025-04-22 06:00:00+00:00,3404.5,3415.0,3400.0,3414.5,98523.0,present
1251,2025-04-22 08:00:00+00:00,3414.5,3415.0,3376.0,3380.5,100005.0,present
1252,2025-04-22 10:00:00+00:00,3380.0,3395.0,3378.0,3379.0,66561.0,present
1253,2025-04-22 12:00:00+00:00,3379.0,3397.0,3378.5,3392.5,62411.0,present
1254,2025-04-22 12:00:00+00:00,3379.0,3397.0,3378.5,3392.5,62411.0,present
1255,2025-04-22 14:00:00+00:00,3393.0,3408.0,3391.5,3399.5,73316.0,present
1256,2025-04-22 16:00:00+00:00,3400.0,3409.0,3395.0,3404.5,68715.0,present
1257,2025-04-22 18:00:00+00:00,3404.5,3420.0,3398.0,3410.5,149236.0,present
1258,2025-04-22 20:00:00+00:00,3410.5,3410.5,3397.5,3400.0,35872.0,present
1259,2025-04-22 22:00:00+00:00,3407.1666666666665,3407.1666666666665,3398.5,3400.1666666666665,23977.666666666668,interpolated
1260,2025-04-23 00:00:00+00:00,3403.8333333333335,3403.8333333333335,3399.5,3400.3333333333335,12083.333333333336,interpolated
1261,2025-04-23 02:00:00+00:00,3400.5,3400.5,3400.5,3400.5,189.0,present
1262,2025-04-23 04:00:00+00:00,3401.0,3418.0,3390.0,3391.0,47906.0,present
1263,2025-04-23 06:00:00+00:00,3391.0,3391.5,3354.5,3368.0,137589.0,present
1264,2025-04-23 08:00:00+00:00,3368.5,3388.5,3362.5,3382.0,65729.0,present
1265,2025-04-23 10:00:00+00:00,3382.5,3396.0,3373.0,3373.0,99284.0,present
1266,2025-04-23 12:00:00+00:00,3373.0,3386.0,3371.5,3383.5,41106.0,present
1267,2025-04-23 14:00:00+00:00,3382.0,3397.5,3379.5,3388.0,47751.0,present
1268,2025-04-23 16:00:00+00:00,3388.5,3395.0,3381.0,3389.0,34406.0,present
1269,2025-04-23 18:00:00+00:00,3389.0,3394.5,3385.0,3386.0,11557.0,present
1270,2025-04-23 20:00:00+00:00,3386.5,3388.5,3383.0,3383.0,5456.0,present
1271,2025-04-23 22:00:00+00:00,3385.8333333333335,3387.1666666666665,3383.5,3383.5,3646.3333333333335,interpolated
1272,2025-04-24 00:00:00+00:00,3385.1666666666665,3385.8333333333335,3384.0,3384.0,1836.666666666667,interpolated
1273,2025-04-24 02:00:00+00:00,3384.5,3384.5,3384.5,3384.5,27.0,present
1274,2025-04-24 04:00:00+00:00,3394.5,3401.5,3384.5,3399.0,16725.0,present
1275,2025-04-24 06:00:00+00:00,3398.5,3428.0,3393.5,3427.0,114720.0,present
1276,2025-04-24 08:00:00+00:00,3427.0,3437.5,3419.0,3432.5,166629.0,present
1277,2025-04-24 10:00:00+00:00,3434.0,3439.5,3396.0,3408.0,148931.0,present
1278,2025-04-24 12:00:00+00:00,3408.5,3424.0,3385.0,3389.0,164378.0,present
1279,2025-04-24 14:00:00+00:00,3389.0,3394.0,3378.0,3388.0,92296.0,present
1280,2025-04-24 16:00:00+00:00,3390.0,3392.0,3381.0,3385.5,19257.0,present
1281,2025-04-24 18:00:00+00:00,3385.0,3389.5,3379.5,3389.5,25089.0,present
1282,2025-04-24 20:00:00+00:00,3389.5,3392.0,3385.5,3390.0,8665.0,present
1283,2025-04-24 22:00:00+00:00,3392.6666666666665,3394.3333333333335,3390.0,3393.0,5823.0,interpolated
1284,2025-04-25 00:00:00+00:00,3395.8333333333335,3396.6666666666665,3394.5,3396.0,2981.0,interpolated
1285,2025-04-25 02:00:00+00:00,3399.0,3399.0,3399.0,3399.0,139.0,present
1286,2025-04-25 04:00:00+00:00,3391.5,3409.5,3390.5,3404.0,32513.0,present
1287,2025-04-25 06:00:00+00:00,3404.5,3408.0,3398.5,3401.5,55853.0,present
1288,2025-04-25 08:00:00+00:00,3402.0,3408.0,3392.0,3401.0,97057.0,present
1289,2025-04-25 10:00:00+00:00,3401.0,3410.0,3389.0,3404.5,93442.0,present
1290,2025-04-25 12:00:00+00:00,3404.0,3424.5,3400.0,3407.0,173897.0,present
1291,2025-04-25 14:00:00+00:00,3408.5,3417.0,3407.5,3414.0,69237.0,present
1292,2025-04-25 16:00:00+00:00,3415.0,3419.5,3405.5,3418.5,38103.0,present
1293,2025-04-25 18:00:00+00:00,3418.5,3420.0,3412.0,3416.0,33546.0,present
1294,2025-04-25 20:00:00+00:00,3416.0,3420.0,3412.0,3416.5,9707.0,present
1295,2025-04-25 22:00:00+00:00,3417.6,3426.0,3413.4,3422.1,15503.0,interpolated
1296,2025-04-26 00:00:00+00:00,3419.2,3432.0,3414.8,3427.7,21299.0,interpolated
1297,2025-04-26 02:00:00+00:00,3420.8,3438.0,3416.2,3433.3,27095.0,interpolated
1298,2025-04-26 04:00:00+00:00,3422.4,3444.0,3417.6,3438.9,32891.0,interpolated
1299,2025-04-26 06:00:00+00:00,3424.0,3450.0,3419.0,3444.5,38687.0,present
1300,2025-04-26 08:00:00+00:00,3444.0,3448.5,3418.5,3438.0,48932.0,present
1301,2025-04-26 10:00:00+00:00,3436.0,3448.0,3432.5,3445.0,22390.0,present
1302,2025-04-26 12:00:00+00:00,3445.0,3452.0,3426.5,3435.0,64086.0,present
1303,2025-04-26 14:00:00+00:00,3435.0,3442.0,3427.0,3439.0,18669.0,present
1304,2025-04-26 16:00:00+00:00,3435.625,3443.625,3428.625,3440.0,18038.0,interpolated
1305,2025-04-26 18:00:00+00:00,3436.25,3445.25,3430.25,3441.0,17407.0,interpolated
1306,2025-04-26 20:00:00+00:00,3436.875,3446.875,3431.875,3442.0,16776.0,interpolated
1307,2025-04-26 22:00:00+00:00,3437.5,3448.5,3433.5,3443.0,16145.0,interpolated
1308,2025-04-27 00:00:00+00:00,3438.125,3450.125,3435.125,3444.0,15514.0,interpolated
1309,2025-04-27 02:00:00+00:00,3438.75,3451.75,3436.75,3445.0,14883.0,interpolated
1310,2025-04-27 04:00:00+00:00,3439.375,3453.375,3438.375,3446.0,14252.0,interpolated
1311,2025-04-27 06:00:00+00:00,3440.0,3455.0,3440.0,3447.0,13621.0,present
1312,2025-04-27 08:00:00+00:00,3447.5,3450.0,3442.5,3445.0,12199.0,present
1313,2025-04-27 10:00:00+00:00,3445.0,3445.0,3441.0,3443.5,5825.0,present
1314,2025-04-27 12:00:00+00:00,3443.0,3445.0,3440.5,3444.5,9843.0,present
1315,2025-04-27 14:00:00+00:00,3443.5,3445.0,3443.0,3445.0,10830.0,present
1316,2025-04-27 16:00:00+00:00,3443.75,3445.0,3443.3333333333335,3445.0,9922.166666666666,interpolated
1317,2025-04-27 18:00:00+00:00,3444.0,3445.0,3443.6666666666665,3445.0,9014.333333333334,interpolated
1318,2025-04-27 20:00:00+00:00,3444.25,3445.0,3444.0,3445.0,8106.5,interpolated
1319,2025-04-27 22:00:00+00:00,3444.5,3445.0,3444.3333333333335,3445.0,7198.666666666667,interpolated
1320,2025-04-28 00:00:00+00:00,3444.75,3445.0,3444.6666666666665,3445.0,6290.833333333334,interpolated
1321,2025-04-28 02:00:00+00:00,3445.0,3445.0,3445.0,3445.0,5383.0,present
1322,2025-04-28 04:00:00+00:00,3445.0,3462.0,3439.0,3439.5,70172.0,present
1323,2025-04-28 06:00:00+00:00,3439.5,3447.0,3416.0,3428.0,116973.0,present
1324,2025-04-28 08:00:00+00:00,3427.0,3432.5,3420.0,3424.5,74304.0,present
1325,2025-04-28 10:00:00+00:00,3424.5,3438.5,3404.0,3433.0,156642.0,present
1326,2025-04-28 12:00:00+00:00,3433.0,3434.5,3413.0,3421.0,100644.0,present
1327,2025-04-28 14:00:00+00:00,3421.0,3428.0,3418.5,3426.0,70202.0,present
1328,2025-04-28 16:00:00+00:00,3426.0,3427.5,3417.5,3419.0,25505.0,present
1329,2025-04-28 18:00:00+00:00,3418.5,3420.0,3392.5,3413.5,83805.0,present
1330,2025-04-28 20:00:00+00:00,3413.0,3414.0,3401.0,3407.0,10942.0,present
1331,2025-04-28 22:00:00+00:00,3411.0,3411.6666666666665,3403.0,3407.0,7308.333333333334,interpolated
1332,2025-04-29 00:00:00+00:00,3409.0,3409.3333333333335,3405.0,3407.0,3674.666666666667,interpolated
1333,2025-04-29 02:00:00+00:00,3407.0,3407.0,3407.0,3407.0,41.0,present
1334,2025-04-29 04:00:00+00:00,3411.5,3419.0,3403.5,3409.5,16313.0,present
1335,2025-04-29 06:00:00+00:00,3409.0,3409.5,3390.0,3401.0,72867.0,present
1336,2025-04-29 08:00:00+00:00,3401.0,3404.5,3370.0,3380.5,108430.0,present
1337,2025-04-29 10:00:00+00:00,3380.5,3385.0,3363.0,3369.5,86967.0,present
1338,2025-04-29 12:00:00+00:00,3369.5,3379.5,3366.0,3375.5,38662.0,present
1339,2025-04-29 12:00:00+00:00,3369.5,3379.5,3366.0,3375.5,38662.0,present
1340,2025-04-29 14:00:00+00:00,3375.5,3377.0,3350.0,3351.0,122411.0,present
1341,2025-04-29 16:00:00+00:00,3351.0,3360.5,3317.0,3352.0,101339.0,present
1342,2025-04-29 18:00:00+00:00,3350.5,3356.0,3338.0,3349.0,22250.0,present
1343,2025-04-29 20:00:00+00:00,3349.0,3360.5,3346.5,3357.0,7495.0,present
1344,2025-04-29 22:00:00+00:00,3351.6666666666665,3359.3333333333335,3350.0,3357.0,5006.0,interpolated
1345,2025-04-30 00:00:00+00:00,3354.3333333333335,3358.1666666666665,3353.5,3357.0,2517.0,interpolated
1346,2025-04-30 02:00:00+00:00,3357.0,3357.0,3357.0,3357.0,28.0,present
1347,2025-04-30 04:00:00+00:00,3357.0,3358.0,3330.5,3343.5,24656.0,present
1348,2025-04-30 06:00:00+00:00,3343.5,3355.0,3333.5,3348.5,74619.0,present
1349,2025-04-30 08:00:00+00:00,3350.0,3350.0,3320.5,3326.5,118463.0,present
1350,2025-04-30 10:00:00+00:00,3326.5,3332.5,3318.0,3327.0,120503.0,present
1351,2025-04-30 12:00:00+00:00,3327.0,3334.5,3309.0,3314.5,152610.0,present
1352,2025-04-30 14:00:00+00:00,3314.5,3349.5,3313.5,3349.5,138817.0,present
1353,2025-04-30 16:00:00+00:00,3340.5,3343.0,3325.5,3334.5,31656.0,present
1354,2025-04-30 18:00:00+00:00,3334.5,3345.0,3332.5,3340.0,12797.0,present
1355,2025-04-30 20:00:00+00:00,3340.0,3343.5,3335.5,3341.0,8351.0,present
1356,2025-04-30 22:00:00+00:00,3340.0666666666666,3343.3333333333335,3335.866666666667,3341.0,7797.133333333333,interpolated
1357,2025-05-01 00:00:00+00:00,3340.133333333333,3343.1666666666665,3336.233333333333,3341.0,7243.266666666666,interpolated
1358,2025-05-01 02:00:00+00:00,3340.2,3343.0,3336.6,3341.0,6689.4,interpolated
1359,2025-05-01 04:00:00+00:00,3340.266666666667,3342.8333333333335,3336.9666666666667,3341.0,6135.533333333333,interpolated
1360,2025-05-01 06:00:00+00:00,3340.3333333333335,3342.6666666666665,3337.3333333333335,3341.0,5581.666666666666,interpolated
1361,2025-05-01 08:00:00+00:00,3340.4,3342.5,3337.7,3341.0,5027.8,interpolated
1362,2025-05-01 10:00:00+00:00,3340.4666666666667,3342.3333333333335,3338.0666666666666,3341.0,4473.933333333333,interpolated
1363,2025-05-01 12:00:00+00:00,3340.5333333333333,3342.1666666666665,3338.4333333333334,3341.0,3920.0666666666666,interpolated
1364,2025-05-01 14:00:00+00:00,3340.6,3342.0,3338.8,3341.0,3366.2,interpolated
1365,2025-05-01 16:00:00+00:00,3340.6666666666665,3341.8333333333335,3339.1666666666665,3341.0,2812.333333333333,interpolated
1366,2025-05-01 18:00:00+00:00,3340.733333333333,3341.6666666666665,3339.5333333333333,3341.0,2258.466666666667,interpolated
1367,2025-05-01 20:00:00+00:00,3340.8,3341.5,3339.9,3341.0,1704.6000000000004,interpolated
1368,2025-05-01 22:00:00+00:00,3340.866666666667,3341.3333333333335,3340.266666666667,3341.0,1150.7333333333336,interpolated
1369,2025-05-02 00:00:00+00:00,3340.9333333333334,3341.1666666666665,3340.633333333333,3341.0,596.8666666666668,interpolated
1370,2025-05-02 02:00:00+00:00,3341.0,3341.0,3341.0,3341.0,43.0,present
1371,2025-05-02 04:00:00+00:00,3343.0,3348.5,3305.5,3326.0,30810.0,present
1372,2025-05-02 06:00:00+00:00,3325.0,3326.0,3290.0,3292.5,69164.0,present
1373,2025-05-02 08:00:00+00:00,3291.5,3294.5,3280.0,3293.0,45075.0,present
1374,2025-05-02 10:00:00+00:00,3293.0,3308.0,3291.5,3307.5,33095.0,present
1375,2025-05-02 12:00:00+00:00,3307.5,3308.0,3298.0,3306.5,18944.0,present
1376,2025-05-02 14:00:00+00:00,3305.5,3306.5,3283.0,3285.0,36708.0,present
1377,2025-05-02 16:00:00+00:00,3285.0,3297.5,3283.0,3285.5,27742.0,present
1378,2025-05-02 18:00:00+00:00,3284.5,3299.0,3284.5,3292.0,14541.0,present
1379,2025-05-02 20:00:00+00:00,3292.0,3292.5,3265.5,3283.5,33027.0,present
1380,2025-05-02 22:00:00+00:00,3290.3,3294.8,3268.6,3286.4,29324.4,interpolated
1381,2025-05-03 00:00:00+00:00,3288.6,3297.1,3271.7,3289.3,25621.8,interpolated
1382,2025-05-03 02:00:00+00:00,3286.9,3299.4,3274.8,3292.2,21919.2,interpolated
1383,2025-05-03 04:00:00+00:00,3285.2,3301.7,3277.9,3295.1,18216.6,interpolated
1384,2025-05-03 06:00:00+00:00,3283.5,3304.0,3281.0,3298.0,14514.0,present
1385,2025-05-03 08:00:00+00:00,3298.0,3303.0,3295.5,3301.0,7930.0,present
1386,2025-05-03 10:00:00+00:00,3301.0,3301.0,3295.5,3298.0,9532.0,present
1387,2025-05-03 12:00:00+00:00,3299.0,3306.5,3293.5,3299.0,6361.0,present
1388,2025-05-03 14:00:00+00:00,3298.5,3300.0,3291.5,3300.0,5283.0,present
1389,2025-05-03 16:00:00+00:00,3298.6875,3301.125,3292.4375,3300.8125,5406.125,interpolated
1390,2025-05-03 18:00:00+00:00,3298.875,3302.25,3293.375,3301.625,5529.25,interpolated
1391,2025-05-03 20:00:00+00:00,3299.0625,3303.375,3294.3125,3302.4375,5652.375,interpolated
1392,2025-05-03 22:00:00+00:00,3299.25,3304.5,3295.25,3303.25,5775.5,interpolated
1393,2025-05-04 00:00:00+00:00,3299.4375,3305.625,3296.1875,3304.0625,5898.625,interpolated
1394,2025-05-04 02:00:00+00:00,3299.625,3306.75,3297.125,3304.875,6021.75,interpolated
1395,2025-05-04 04:00:00+00:00,3299.8125,3307.875,3298.0625,3305.6875,6144.875,interpolated
1396,2025-05-04 06:00:00+00:00,3300.0,3309.0,3299.0,3306.5,6268.0,present
1397,2025-05-04 08:00:00+00:00,3306.5,3318.5,3304.0,3316.0,12697.0,present
1398,2025-05-04 10:00:00+00:00,3316.0,3350.0,3313.0,3332.5,22668.0,present
1399,2025-05-04 12:00:00+00:00,3334.5,3368.0,3319.0,3320.5,24085.0,present
1400,2025-05-04 14:00:00+00:00,3320.0,3323.0,3313.0,3315.0,13419.0,present
1401,2025-05-04 16:00:00+00:00,3320.25,3322.75,3314.4166666666665,3316.0833333333335,11217.5,interpolated
1402,2025-05-04 18:00:00+00:00,3320.5,3322.5,3315.8333333333335,3317.1666666666665,9016.0,interpolated
1403,2025-05-04 20:00:00+00:00,3320.75,3322.25,3317.25,3318.25,6814.499999999999,interpolated
1404,2025-05-04 22:00:00+00:00,3321.0,3322.0,3318.6666666666665,3319.3333333333335,4613.0,interpolated
1405,2025-05-05 00:00:00+00:00,3321.25,3321.75,3320.0833333333335,3320.4166666666665,2411.499999999998,interpolated
1406,2025-05-05 02:00:00+00:00,3321.5,3321.5,3321.5,3321.5,210.0,present
1407,2025-05-05 04:00:00+00:00,3323.5,3334.5,3303.5,3320.5,43821.0,present
1408,2025-05-05 06:00:00+00:00,3319.5,3323.0,3288.0,3289.5,90444.0,present
1409,2025-05-05 08:00:00+00:00,3289.5,3300.0,3281.0,3293.0,112692.0,present
1410,2025-05-05 10:00:00+00:00,3293.0,3298.5,3260.0,3261.0,148684.0,present
1411,2025-05-05 12:00:00+00:00,3260.5,3275.5,3224.5,3231.0,142740.0,present
1412,2025-05-05 14:00:00+00:00,3231.0,3236.5,3201.0,3210.0,190908.0,present
1413,2025-05-05 16:00:00+00:00,3217.5,3229.5,3200.0,3229.5,66042.0,present
1414,2025-05-05 18:00:00+00:00,3229.5,3242.5,3225.0,3239.5,39102.0,present
1415,2025-05-05 20:00:00+00:00,3239.0,3242.5,3235.0,3237.0,13800.0,present
1416,2025-05-05 22:00:00+00:00,3239.1666666666665,3241.5,3236.5,3237.8333333333335,9204.666666666668,interpolated
1417,2025-05-06 00:00:00+00:00,3239.3333333333335,3240.5,3238.0,3238.6666666666665,4609.333333333334,interpolated
1418,2025-05-06 02:00:00+00:00,3239.5,3239.5,3239.5,3239.5,14.0,present
1419,2025-05-06 04:00:00+00:00,3239.5,3255.0,3234.5,3236.5,37974.0,present
1420,2025-05-06 06:00:00+00:00,3237.0,3254.0,3201.5,3244.5,85406.0,present
1421,2025-05-06 08:00:00+00:00,3244.5,3250.0,3224.5,3229.5,93846.0,present
1422,2025-05-06 10:00:00+00:00,3230.0,3242.5,3208.0,3236.5,86637.0,present
1423,2025-05-06 12:00:00+00:00,3237.5,3258.0,3221.0,3231.0,128040.0,present
1424,2025-05-06 12:00:00+00:00,3237.5,3258.0,3221.0,3231.0,128040.0,present
1425,2025-05-06 14:00:00+00:00,3231.0,3248.5,3221.0,3244.0,54021.0,present
1426,2025-05-06 16:00:00+00:00,3243.0,3253.0,3239.5,3250.0,30795.0,present
1427,2025-05-06 18:00:00+00:00,3251.5,3266.5,3243.0,3246.5,49192.0,present
1428,2025-05-06 20:00:00+00:00,3246.5,3251.0,3236.5,3238.5,9551.0,present
1429,2025-05-06 22:00:00+00:00,3244.0,3247.0,3237.3333333333335,3238.6666666666665,6993.666666666666,interpolated
1430,2025-05-07 00:00:00+00:00,3241.5,3243.0,3238.1666666666665,3238.8333333333335,4436.333333333333,interpolated
1431,2025-05-07 02:00:00+00:00,3239.0,3239.0,3239.0,3239.0,1879.0,present
1432,2025-05-07 04:00:00+00:00,3239.0,3256.5,3239.0,3248.5,15517.0,present
1433,2025-05-07 06:00:00+00:00,3248.5,3251.0,3223.0,3248.0,38164.0,present
1434,2025-05-07 08:00:00+00:00,3248.0,3260.0,3242.5,3255.0,33802.0,present
1435,2025-05-07 10:00:00+00:00,3256.5,3256.5,3232.5,3238.5,76555.0,present
1436,2025-05-07 12:00:00+00:00,3238.5,3242.5,3212.0,3212.5,130557.0,present
1437,2025-05-07 14:00:00+00:00,3213.5,3226.5,3205.0,3218.0,146104.0,present
1438,2025-05-07 16:00:00+00:00,3220.0,3225.0,3213.5,3215.0,28789.0,present
1439,2025-05-07 18:00:00+00:00,3215.0,3222.0,3212.0,3217.5,32504.0,present
1440,2025-05-07 20:00:00+00:00,3217.5,3219.5,3214.0,3219.5,8122.0,present
1441,2025-05-07 22:00:00+00:00,3218.0,3219.3333333333335,3215.6666666666665,3219.3333333333335,5459.666666666666,interpolated
1442,2025-05-08 00:00:00+00:00,3218.5,3219.1666666666665,3217.3333333333335,3219.1666666666665,2797.333333333333,interpolated
1443,2025-05-08 02:00:00+00:00,3219.0,3219.0,3219.0,3219.0,135.0,present
1444,2025-05-08 04:00:00+00:00,3219.5,3230.0,3215.0,3219.0,42228.0,present
1445,2025-05-08 06:00:00+00:00,3219.0,3231.5,3216.5,3220.0,57852.0,present
1446,2025-05-08 08:00:00+00:00,3219.5,3226.0,3213.5,3221.0,34546.0,present
1447,2025-05-08 10:00:00+00:00,3221.0,3232.5,3219.0,3227.5,49456.0,present
1448,2025-05-08 12:00:00+00:00,3226.0,3228.0,3217.5,3227.0,19860.0,present
1449,2025-05-08 14:00:00+00:00,3227.5,3229.0,3224.0,3225.0,19292.0,present
1450,2025-05-08 16:00:00+00:00,3226.0,3227.0,3224.0,3226.0,10253.0,present
1451,2025-05-08 18:00:00+00:00,3226.0,3226.5,3224.0,3224.5,11756.0,present
1452,2025-05-08 20:00:00+00:00,3224.0,3225.0,3220.0,3223.5,5952.0,present
1453,2025-05-08 22:00:00+00:00,3224.4117647058824,3225.6176470588234,3219.764705882353,3223.3529411764707,6607.882352941177,interpolated
1454,2025-05-09 00:00:00+00:00,3224.823529411765,3226.235294117647,3219.529411764706,3223.205882352941,7263.764705882353,interpolated
1455,2025-05-09 02:00:00+00:00,3225.235294117647,3226.8529411764707,3219.294117647059,3223.0588235294117,7919.64705882353,interpolated
1456,2025-05-09 04:00:00+00:00,3225.6470588235293,3227.470588235294,3219.0588235294117,3222.9117647058824,8575.529411764706,interpolated
1457,2025-05-09 06:00:00+00:00,3226.0588235294117,3228.0882352941176,3218.823529411765,3222.764705882353,9231.411764705883,interpolated
1458,2025-05-09 08:00:00+00:00,3226.470588235294,3228.705882352941,3218.5882352941176,3222.6176470588234,9887.29411764706,interpolated
1459,2025-05-09 10:00:00+00:00,3226.8823529411766,3229.323529411765,3218.3529411764707,3222.470588235294,10543.176470588234,interpolated
1460,2025-05-09 12:00:00+00:00,3227.294117647059,3229.9411764705883,3218.1176470588234,3222.323529411765,11199.058823529413,interpolated
1461,2025-05-09 14:00:00+00:00,3227.705882352941,3230.5588235294117,3217.8823529411766,3222.176470588235,11854.941176470587,interpolated
1462,2025-05-09 16:00:00+00:00,3228.1176470588234,3231.176470588235,3217.6470588235293,3222.029411764706,12510.823529411766,interpolated
1463,2025-05-09 18:00:00+00:00,3228.529411764706,3231.794117647059,3217.4117647058824,3221.8823529411766,13166.70588235294,interpolated
1464,2025-05-09 20:00:00+00:00,3228.9411764705883,3232.4117647058824,3217.176470588235,3221.735294117647,13822.588235294119,interpolated
1465,2025-05-09 22:00:00+00:00,3229.3529411764707,3233.029411764706,3216.9411764705883,3221.5882352941176,14478.470588235294,interpolated
1466,2025-05-10 00:00:00+00:00,3229.764705882353,3233.6470588235293,3216.705882352941,3221.4411764705883,15134.35294117647,interpolated
1467,2025-05-10 02:00:00+00:00,3230.176470588235,3234.264705882353,3216.470588235294,3221.294117647059,15790.235294117647,interpolated
1468,2025-05-10 04:00:00+00:00,3230.5882352941176,3234.8823529411766,3216.235294117647,3221.1470588235293,16446.117647058825,interpolated
1469,2025-05-10 06:00:00+00:00,3231.0,3235.5,3216.0,3221.0,17102.0,present
1470,2025-05-10 08:00:00+00:00,3220.5,3229.5,3220.0,3227.0,4811.0,present
1471,2025-05-10 10:00:00+00:00,3227.0,3227.5,3222.0,3227.0,4793.0,present
1472,2025-05-10 12:00:00+00:00,3227.0,3227.5,3217.5,3224.5,8552.0,present
1473,2025-05-10 14:00:00+00:00,3224.5,3226.5,3218.0,3224.5,7372.0,present
1474,2025-05-10 16:00:00+00:00,3225.9375,3230.625,3220.25,3228.5,9664.0,interpolated
1475,2025-05-10 18:00:00+00:00,3227.375,3234.75,3222.5,3232.5,11956.0,interpolated
1476,2025-05-10 20:00:00+00:00,3228.8125,3238.875,3224.75,3236.5,14248.0,interpolated
1477,2025-05-10 22:00:00+00:00,3230.25,3243.0,3227.0,3240.5,16540.0,interpolated
1478,2025-05-11 00:00:00+00:00,3231.6875,3247.125,3229.25,3244.5,18832.0,interpolated
1479,2025-05-11 02:00:00+00:00,3233.125,3251.25,3231.5,3248.5,21124.0,interpolated
1480,2025-05-11 04:00:00+00:00,3234.5625,3255.375,3233.75,3252.5,23416.0,interpolated
1481,2025-05-11 06:00:00+00:00,3236.0,3259.5,3236.0,3256.5,25708.0,present
1482,2025-05-11 08:00:00+00:00,3256.5,3262.0,3248.0,3252.0,20278.0,present
1483,2025-05-11 10:00:00+00:00,3252.5,3257.0,3250.5,3254.0,7344.0,present
1484,2025-05-11 12:00:00+00:00,3253.5,3255.5,3247.5,3249.0,13182.0,present
1485,2025-05-11 14:00:00+00:00,3248.0,3253.5,3238.5,3253.5,13836.0,present
1486,2025-05-11 16:00:00+00:00,3251.6666666666665,3256.25,3243.75,3256.25,11619.666666666666,interpolated
1487,2025-05-11 18:00:00+00:00,3255.3333333333335,3259.0,3249.0,3259.0,9403.333333333332,interpolated
1488,2025-05-11 20:00:00+00:00,3259.0,3261.75,3254.25,3261.75,7187.0,interpolated
1489,2025-05-11 22:00:00+00:00,3262.6666666666665,3264.5,3259.5,3264.5,4970.666666666666,interpolated
1490,2025-05-12 00:00:00+00:00,3266.3333333333335,3267.25,3264.75,3267.25,2754.333333333334,interpolated
1491,2025-05-12 02:00:00+00:00,3270.0,3270.0,3270.0,3270.0,538.0,present
1492,2025-05-12 04:00:00+00:00,3269.5,3286.5,3264.0,3285.0,59576.0,present
1493,2025-05-12 06:00:00+00:00,3284.0,3304.5,3281.0,3294.0,80920.0,present
1494,2025-05-12 08:00:00+00:00,3294.0,3294.5,3277.0,3284.0,57734.0,present
1495,2025-05-12 10:00:00+00:00,3284.0,3290.5,3275.5,3276.0,68555.0,present
1496,2025-05-12 12:00:00+00:00,3276.5,3277.0,3257.0,3270.0,91648.0,present
1497,2025-05-12 14:00:00+00:00,3270.0,3291.5,3260.5,3291.5,72286.0,present
1498,2025-05-12 16:00:00+00:00,3294.0,3294.0,3275.5,3289.5,28427.0,present
1499,2025-05-12 18:00:00+00:00,3289.5,3290.0,3278.5,3285.0,10554.0,present
1500,2025-05-12 20:00:00+00:00,3284.5,3291.0,3284.0,3290.5,10939.0,present
1501,2025-05-12 22:00:00+00:00,3286.5,3290.8333333333335,3286.1666666666665,3290.5,7313.0,interpolated
1502,2025-05-13 00:00:00+00:00,3288.5,3290.6666666666665,3288.3333333333335,3290.5,3686.999999999999,interpolated
1503,2025-05-13 02:00:00+00:00,3290.5,3290.5,3290.5,3290.5,61.0,present
1504,2025-05-13 04:00:00+00:00,3291.0,3300.0,3280.5,3297.5,19486.0,present
1505,2025-05-13 06:00:00+00:00,3298.5,3299.0,3283.5,3294.0,37322.0,present
1506,2025-05-13 08:00:00+00:00,3294.0,3295.0,3262.0,3273.0,75612.0,present
1507,2025-05-13 10:00:00+00:00,3273.0,3273.5,3264.5,3269.5,38999.0,present
1508,2025-05-13 12:00:00+00:00,3269.0,3289.0,3268.0,3284.0,52554.0,present
1509,2025-05-13 12:00:00+00:00,3269.0,3289.0,3268.0,3284.0,52554.0,present
1510,2025-05-13 14:00:00+00:00,3284.0,3287.5,3269.0,3275.0,47569.0,present
1511,2025-05-13 16:00:00+00:00,3279.5,3285.0,3275.0,3279.5,14706.0,present
1512,2025-05-13 18:00:00+00:00,3279.0,3285.5,3275.0,3283.5,13274.0,present
1513,2025-05-13 20:00:00+00:00,3282.5,3284.5,3280.0,3282.0,4568.0,present
1514,2025-05-13 22:00:00+00:00,3282.6666666666665,3284.0,3281.0,3282.3333333333335,3051.0,interpolated
1515,2025-05-14 00:00:00+00:00,3282.8333333333335,3283.5,3282.0,3282.6666666666665,1534.0,interpolated
1516,2025-05-14 02:00:00+00:00,3283.0,3283.0,3283.0,3283.0,17.0,present
1517,2025-05-14 04:00:00+00:00,3284.0,3292.0,3281.5,3289.0,13468.0,present
1518,2025-05-14 06:00:00+00:00,3288.0,3299.0,3284.5,3297.0,51538.0,present
1519,2025-05-14 08:00:00+00:00,3297.0,3304.5,3290.0,3295.0,74024.0,present
1520,2025-05-14 10:00:00+00:00,3295.0,3302.5,3292.5,3302.5,42079.0,present
1521,2025-05-14 12:00:00+00:00,3303.0,3324.0,3301.0,3315.0,82064.0,present
1522,2025-05-14 14:00:00+00:00,3315.5,3316.5,3306.5,3309.0,39473.0,present
1523,2025-05-14 16:00:00+00:00,3311.0,3312.0,3296.0,3302.5,44539.0,present
1524,2025-05-14 18:00:00+00:00,3302.0,3305.0,3297.5,3297.5,24209.0,present
1525,2025-05-14 20:00:00+00:00,3298.0,3299.5,3266.0,3286.0,75996.0,present
1526,2025-05-14 22:00:00+00:00,3292.0,3293.0,3270.6666666666665,3284.0,50733.33333333333,interpolated
1527,2025-05-15 00:00:00+00:00,3286.0,3286.5,3275.3333333333335,3282.0,25470.666666666664,interpolated
1528,2025-05-15 02:00:00+00:00,3280.0,3280.0,3280.0,3280.0,208.0,present
1529,2025-05-15 04:00:00+00:00,3277.0,3308.5,3270.0,3292.5,26749.0,present
1530,2025-05-15 06:00:00+00:00,3291.5,3295.0,3270.5,3285.0,54873.0,present
1531,2025-05-15 08:00:00+00:00,3285.0,3291.5,3250.0,3259.0,123178.0,present
1532,2025-05-15 10:00:00+00:00,3259.0,3285.0,3245.0,3279.5,55381.0,present
1533,2025-05-15 12:00:00+00:00,3279.5,3293.5,3272.5,3290.0,43404.0,present
1534,2025-05-15 14:00:00+00:00,3290.0,3295.5,3267.0,3269.0,42410.0,present
1535,2025-05-15 16:00:00+00:00,3271.5,3288.0,3271.5,3287.0,10991.0,present
1536,2025-05-15 18:00:00+00:00,3286.5,3288.5,3275.5,3283.5,20346.0,present
1537,2025-05-15 20:00:00+00:00,3283.5,3286.5,3282.0,3286.5,2244.0,present
1538,2025-05-15 22:00:00+00:00,3284.6666666666665,3286.6666666666665,3283.6666666666665,3286.6666666666665,1498.6666666666665,interpolated
1539,2025-05-16 00:00:00+00:00,3285.8333333333335,3286.8333333333335,3285.3333333333335,3286.8333333333335,753.3333333333333,interpolated
1540,2025-05-16 02:00:00+00:00,3287.0,3287.0,3287.0,3287.0,8.0,present
1541,2025-05-16 04:00:00+00:00,3287.0,3296.0,3285.0,3289.5,6804.0,present
1542,2025-05-16 06:00:00+00:00,3289.5,3295.5,3280.5,3295.5,26367.0,present
1543,2025-05-16 08:00:00+00:00,3295.5,3303.0,3295.0,3299.5,65026.0,present
1544,2025-05-16 10:00:00+00:00,3299.5,3300.0,3270.0,3283.0,56616.0,present
1545,2025-05-16 12:00:00+00:00,3282.5,3288.0,3230.0,3264.0,230774.0,present
1546,2025-05-16 14:00:00+00:00,3264.0,3273.0,3257.0,3270.0,49378.0,present
1547,2025-05-16 16:00:00+00:00,3270.0,3278.5,3263.5,3272.0,12498.0,present
1548,2025-05-16 18:00:00+00:00,3270.5,3276.0,3270.5,3275.5,5304.0,present
1549,2025-05-16 20:00:00+00:00,3276.0,3279.0,3275.5,3278.0,3258.0,present
1550,2025-05-16 22:00:00+00:00,3276.8,3281.0,3276.1,3279.9,3103.4,interpolated
1551,2025-05-17 00:00:00+00:00,3277.6,3283.0,3276.7,3281.8,2948.8,interpolated
1552,2025-05-17 02:00:00+00:00,3278.4,3285.0,3277.3,3283.7,2794.2,interpolated
1553,2025-05-17 04:00:00+00:00,3279.2,3287.0,3277.9,3285.6,2639.6,interpolated
1554,2025-05-17 06:00:00+00:00,3280.0,3289.0,3278.5,3287.5,2485.0,present
1555,2025-05-17 08:00:00+00:00,3287.0,3296.0,3287.0,3292.0,9611.0,present
1556,2025-05-17 10:00:00+00:00,3292.0,3294.0,3281.5,3293.0,5517.0,present
1557,2025-05-17 12:00:00+00:00,3292.5,3293.0,3279.0,3289.0,8411.0,present
1558,2025-05-17 14:00:00+00:00,3289.0,3308.5,3285.0,3301.0,35911.0,present
1559,2025-05-17 16:00:00+00:00,3291.6875,3312.1875,3288.1875,3304.375,34488.5,interpolated
1560,2025-05-17 18:00:00+00:00,3294.375,3315.875,3291.375,3307.75,33066.0,interpolated
1561,2025-05-17 20:00:00+00:00,3297.0625,3319.5625,3294.5625,3311.125,31643.5,interpolated
1562,2025-05-17 22:00:00+00:00,3299.75,3323.25,3297.75,3314.5,30221.0,interpolated
1563,2025-05-18 00:00:00+00:00,3302.4375,3326.9375,3300.9375,3317.875,28798.5,interpolated
1564,2025-05-18 02:00:00+00:00,3305.125,3330.625,3304.125,3321.25,27376.0,interpolated
1565,2025-05-18 04:00:00+00:00,3307.8125,3334.3125,3307.3125,3324.625,25953.5,interpolated
1566,2025-05-18 06:00:00+00:00,3310.5,3338.0,3310.5,3328.0,24531.0,present
1567,2025-05-18 08:00:00+00:00,3328.0,3328.5,3312.5,3316.0,16582.0,present
1568,2025-05-18 10:00:00+00:00,3320.0,3323.0,3313.5,3318.0,4198.0,present
1569,2025-05-18 12:00:00+00:00,3317.0,3319.5,3313.5,3319.0,3842.0,present
1570,2025-05-18 14:00:00+00:00,3319.0,3325.0,3312.0,3324.0,9019.0,present
1571,2025-05-18 16:00:00+00:00,3319.1666666666665,3324.1666666666665,3313.3333333333335,3323.3333333333335,7693.166666666666,interpolated
1572,2025-05-18 18:00:00+00:00,3319.3333333333335,3323.3333333333335,3314.6666666666665,3322.6666666666665,6367.333333333333,interpolated
1573,2025-05-18 20:00:00+00:00,3319.5,3322.5,3316.0,3322.0,5041.5,interpolated
1574,2025-05-18 22:00:00+00:00,3319.6666666666665,3321.6666666666665,3317.3333333333335,3321.3333333333335,3715.666666666666,interpolated
1575,2025-05-19 00:00:00+00:00,3319.8333333333335,3320.8333333333335,3318.6666666666665,3320.6666666666665,2389.833333333333,interpolated
1576,2025-05-19 02:00:00+00:00,3320.0,3320.0,3320.0,3320.0,1064.0,present
1577,2025-05-19 04:00:00+00:00,3323.0,3326.0,3292.0,3304.5,42120.0,present
1578,2025-05-19 06:00:00+00:00,3304.5,3325.5,3298.0,3304.0,34851.0,present
1579,2025-05-19 08:00:00+00:00,3304.5,3321.0,3301.5,3311.5,39566.0,present
1580,2025-05-19 10:00:00+00:00,3312.0,3320.0,3307.5,3318.5,22521.0,present
1581,2025-05-19 12:00:00+00:00,3318.5,3330.0,3310.5,3314.0,58809.0,present
1582,2025-05-19 14:00:00+00:00,3314.0,3323.0,3303.0,3313.5,45014.0,present
1583,2025-05-19 16:00:00+00:00,3314.0,3325.0,3302.0,3307.5,34103.0,present
1584,2025-05-19 18:00:00+00:00,3307.0,3316.5,3305.0,3305.5,12871.0,present
1585,2025-05-19 20:00:00+00:00,3305.5,3309.5,3302.5,3307.0,4065.0,present
1586,2025-05-19 22:00:00+00:00,3311.5,3314.1666666666665,3309.5,3312.5,2790.333333333333,interpolated
1587,2025-05-20 00:00:00+00:00,3317.5,3318.8333333333335,3316.5,3318.0,1515.6666666666665,interpolated
1588,2025-05-20 02:00:00+00:00,3323.5,3323.5,3323.5,3323.5,241.0,present
1589,2025-05-20 04:00:00+00:00,3325.0,3325.0,3305.5,3314.5,12231.0,present
1590,2025-05-20 06:00:00+00:00,3313.0,3318.0,3280.0,3282.5,84089.0,present
1591,2025-05-20 08:00:00+00:00,3282.0,3289.5,3272.0,3280.0,73604.0,present
1592,2025-05-20 10:00:00+00:00,3280.0,3298.0,3275.0,3291.5,55943.0,present
1593,2025-05-20 12:00:00+00:00,3292.0,3292.0,3273.0,3280.5,52100.0,present
1594,2025-05-20 12:00:00+00:00,3292.0,3292.0,3273.0,3280.5,52100.0,present
1595,2025-05-20 14:00:00+00:00,3280.5,3287.0,3273.0,3276.0,58949.0,present
1596,2025-05-20 16:00:00+00:00,3280.0,3284.5,3272.0,3281.0,25068.0,present
1597,2025-05-20 18:00:00+00:00,3281.0,3285.0,3278.5,3281.5,14495.0,present
1598,2025-05-20 20:00:00+00:00,3282.0,3288.0,3282.0,3285.5,20410.0,present
1599,2025-05-20 22:00:00+00:00,3284.3333333333335,3288.3333333333335,3284.3333333333335,3286.6666666666665,13612.666666666666,interpolated
1600,2025-05-21 00:00:00+00:00,3286.6666666666665,3288.6666666666665,3286.6666666666665,3287.8333333333335,6815.333333333332,interpolated
1601,2025-05-21 02:00:00+00:00,3289.0,3289.0,3289.0,3289.0,18.0,present
1602,2025-05-21 04:00:00+00:00,3289.0,3292.5,3281.0,3289.0,9756.0,present
1603,2025-05-21 06:00:00+00:00,3289.0,3290.0,3272.0,3272.0,26408.0,present
1604,2025-05-21 08:00:00+00:00,3273.0,3274.5,3260.0,3265.5,80276.0,present
1605,2025-05-21 10:00:00+00:00,3265.5,3273.5,3258.5,3268.5,45625.0,present
1606,2025-05-21 12:00:00+00:00,3267.5,3268.5,3253.0,3254.5,86176.0,present
1607,2025-05-21 14:00:00+00:00,3256.0,3265.5,3243.5,3250.0,52541.0,present
1608,2025-05-21 16:00:00+00:00,3252.0,3253.0,3248.5,3251.5,17427.0,present
1609,2025-05-21 18:00:00+00:00,3251.5,3252.5,3248.0,3251.0,23277.0,present
1610,2025-05-21 20:00:00+00:00,3250.5,3252.0,3246.5,3249.5,18385.0,present
1611,2025-05-21 22:00:00+00:00,3250.3333333333335,3251.3333333333335,3247.6666666666665,3249.6666666666665,12266.333333333334,interpolated
1612,2025-05-22 00:00:00+00:00,3250.1666666666665,3250.6666666666665,3248.8333333333335,3249.8333333333335,6147.666666666668,interpolated
1613,2025-05-22 02:00:00+00:00,3250.0,3250.0,3250.0,3250.0,29.0,present
1614,2025-05-22 04:00:00+00:00,3255.0,3258.5,3225.5,3237.0,24663.0,present
1615,2025-05-22 06:00:00+00:00,3237.5,3238.0,3210.5,3214.5,121254.0,present
1616,2025-05-22 08:00:00+00:00,3214.5,3221.5,3210.5,3216.0,71066.0,present
1617,2025-05-22 10:00:00+00:00,3217.0,3220.0,3213.5,3219.5,35637.0,present
1618,2025-05-22 12:00:00+00:00,3219.0,3220.0,3200.0,3215.5,115600.0,present
1619,2025-05-22 14:00:00+00:00,3215.0,3232.0,3214.5,3221.0,57602.0,present
1620,2025-05-22 16:00:00+00:00,3222.0,3222.0,3205.0,3218.0,39721.0,present
1621,2025-05-22 18:00:00+00:00,3218.5,3219.0,3210.0,3211.5,20356.0,present
1622,2025-05-22 20:00:00+00:00,3211.5,3212.0,3206.0,3210.0,10410.0,present
1623,2025-05-22 22:00:00+00:00,3211.0,3211.3333333333335,3207.3333333333335,3210.0,6964.333333333333,interpolated
1624,2025-05-23 00:00:00+00:00,3210.5,3210.6666666666665,3208.6666666666665,3210.0,3518.666666666666,interpolated
1625,2025-05-23 02:00:00+00:00,3210.0,3210.0,3210.0,3210.0,73.0,present
1626,2025-05-23 04:00:00+00:00,3215.5,3229.0,3203.5,3224.0,15411.0,present
1627,2025-05-23 06:00:00+00:00,3224.0,3270.0,3215.5,3247.0,77478.0,present
1628,2025-05-23 08:00:00+00:00,3247.0,3254.0,3241.0,3248.5,31299.0,present
1629,2025-05-23 10:00:00+00:00,3248.0,3250.0,3232.5,3234.5,37649.0,present
1630,2025-05-23 12:00:00+00:00,3234.5,3241.0,3196.5,3229.5,104075.0,present
1631,2025-05-23 14:00:00+00:00,3228.0,3236.0,3222.5,3228.0,19307.0,present
1632,2025-05-23 16:00:00+00:00,3228.0,3238.0,3220.5,3227.5,17512.0,present
1633,2025-05-23 18:00:00+00:00,3229.0,3230.0,3225.0,3229.0,7025.0,present
1634,2025-05-23 20:00:00+00:00,3229.5,3234.5,3228.0,3233.5,5157.0,present
1635,2025-05-23 22:00:00+00:00,3229.6481481481483,3234.462962962963,3228.203703703704,3233.5,4983.333333333333,interpolated
1636,2025-05-24 00:00:00+00:00,3229.796296296296,3234.425925925926,3228.4074074074074,3233.5,4809.666666666667,interpolated
1637,2025-05-24 02:00:00+00:00,3229.9444444444443,3234.3888888888887,3228.6111111111113,3233.5,4636.0,interpolated
1638,2025-05-24 04:00:00+00:00,3230.0925925925926,3234.3518518518517,3228.814814814815,3233.5,4462.333333333333,interpolated
1639,2025-05-24 06:00:00+00:00,3230.240740740741,3234.314814814815,3229.0185185185187,3233.5,4288.666666666667,interpolated
1640,2025-05-24 08:00:00+00:00,3230.3888888888887,3234.277777777778,3229.222222222222,3233.5,4115.0,interpolated
1641,2025-05-24 10:00:00+00:00,3230.537037037037,3234.240740740741,3229.425925925926,3233.5,3941.333333333333,interpolated
1642,2025-05-24 12:00:00+00:00,3230.685185185185,3234.203703703704,3229.6296296296296,3233.5,3767.6666666666665,interpolated
1643,2025-05-24 14:00:00+00:00,3230.8333333333335,3234.1666666666665,3229.8333333333335,3233.5,3594.0,interpolated
1644,2025-05-24 16:00:00+00:00,3230.9814814814813,3234.1296296296296,3230.037037037037,3233.5,3420.333333333333,interpolated
1645,2025-05-24 18:00:00+00:00,3231.1296296296296,3234.0925925925926,3230.240740740741,3233.5,3246.6666666666665,interpolated
1646,2025-05-24 20:00:00+00:00,3231.277777777778,3234.0555555555557,3230.4444444444443,3233.5,3073.0,interpolated
1647,2025-05-24 22:00:00+00:00,3231.425925925926,3234.0185185185187,3230.6481481481483,3233.5,2899.333333333333,interpolated
1648,2025-05-25 00:00:00+00:00,3231.574074074074,3233.9814814814813,3230.8518518518517,3233.5,2725.6666666666665,interpolated
1649,2025-05-25 02:00:00+00:00,3231.722222222222,3233.9444444444443,3231.0555555555557,3233.5,2552.0,interpolated
1650,2025-05-25 04:00:00+00:00,3231.8703703703704,3233.9074074074074,3231.259259259259,3233.5,2378.333333333333,interpolated
1651,2025-05-25 06:00:00+00:00,3232.0185185185187,3233.8703703703704,3231.462962962963,3233.5,2204.6666666666665,interpolated
1652,2025-05-25 08:00:00+00:00,3232.1666666666665,3233.8333333333335,3231.6666666666665,3233.5,2031.0,interpolated
1653,2025-05-25 10:00:00+00:00,3232.314814814815,3233.796296296296,3231.8703703703704,3233.5,1857.333333333333,interpolated
1654,2025-05-25 12:00:00+00:00,3232.462962962963,3233.759259259259,3232.074074074074,3233.5,1683.6666666666665,interpolated
1655,2025-05-25 14:00:00+00:00,3232.6111111111113,3233.722222222222,3232.277777777778,3233.5,1510.0,interpolated
1656,2025-05-25 16:00:00+00:00,3232.759259259259,3233.685185185185,3232.4814814814813,3233.5,1336.333333333333,interpolated
1657,2025-05-25 18:00:00+00:00,3232.9074074074074,3233.6481481481483,3232.685185185185,3233.5,1162.6666666666665,interpolated
1658,2025-05-25 20:00:00+00:00,3233.0555555555557,3233.6111111111113,3232.8888888888887,3233.5,989.0,interpolated
1659,2025-05-25 22:00:00+00:00,3233.203703703704,3233.574074074074,3233.0925925925926,3233.5,815.333333333333,interpolated
1660,2025-05-26 00:00:00+00:00,3233.3518518518517,3233.537037037037,3233.296296296296,3233.5,641.6666666666661,interpolated
1661,2025-05-26 02:00:00+00:00,3233.5,3233.5,3233.5,3233.5,468.0,present
1662,2025-05-26 04:00:00+00:00,3233.5,3234.0,3207.5,3222.5,48185.0,present
1663,2025-05-26 06:00:00+00:00,3223.0,3223.0,3187.0,3205.0,88026.0,present
1664,2025-05-26 08:00:00+00:00,3205.0,3208.0,3197.5,3204.0,45571.0,present
1665,2025-05-26 10:00:00+00:00,3205.5,3214.0,3161.5,3168.0,166966.0,present
1666,2025-05-26 12:00:00+00:00,3168.0,3182.0,3163.0,3168.0,76116.0,present
1667,2025-05-26 14:00:00+00:00,3168.0,3175.0,3165.0,3167.5,54777.0,present
1668,2025-05-26 16:00:00+00:00,3167.5,3171.0,3160.0,3165.5,35017.0,present
1669,2025-05-26 18:00:00+00:00,3165.0,3168.5,3162.0,3168.5,18985.0,present
1670,2025-05-26 20:00:00+00:00,3168.5,3170.0,3167.0,3168.0,11273.0,present
1671,2025-05-26 22:00:00+00:00,3168.3333333333335,3169.3333333333335,3167.3333333333335,3168.0,7602.0,interpolated
1672,2025-05-27 00:00:00+00:00,3168.1666666666665,3168.6666666666665,3167.6666666666665,3168.0,3931.0,interpolated
1673,2025-05-27 02:00:00+00:00,3168.0,3168.0,3168.0,3168.0,260.0,present
1674,2025-05-27 04:00:00+00:00,3166.5,3168.0,3102.5,3133.0,111857.0,present
1675,2025-05-27 06:00:00+00:00,3133.0,3179.0,3133.0,3165.5,79566.0,present
1676,2025-05-27 08:00:00+00:00,3166.0,3186.5,3151.5,3183.5,118398.0,present
1677,2025-05-27 10:00:00+00:00,3183.5,3187.0,3170.0,3185.5,60808.0,present
1678,2025-05-27 12:00:00+00:00,3185.0,3212.0,3183.0,3210.5,98674.0,present
1679,2025-05-27 12:00:00+00:00,3185.0,3212.0,3183.0,3210.5,98674.0,present
1680,2025-05-27 14:00:00+00:00,3209.5,3229.0,3200.0,3229.0,67277.0,present
1681,2025-05-27 16:00:00+00:00,3225.0,3234.0,3217.5,3227.0,27169.0,present
1682,2025-05-27 18:00:00+00:00,3227.0,3239.5,3224.5,3236.5,19960.0,present
1683,2025-05-27 20:00:00+00:00,3236.0,3236.5,3229.5,3236.5,6587.0,present
1684,2025-05-27 22:00:00+00:00,3233.5,3233.8333333333335,3229.1666666666665,3233.8333333333335,4558.0,interpolated
1685,2025-05-28 00:00:00+00:00,3231.0,3231.1666666666665,3228.8333333333335,3231.1666666666665,2528.9999999999995,interpolated
1686,2025-05-28 02:00:00+00:00,3228.5,3228.5,3228.5,3228.5,500.0,present
1687,2025-05-28 04:00:00+00:00,3228.5,3260.0,3228.5,3257.5,29502.0,present
1688,2025-05-28 06:00:00+00:00,3256.0,3265.5,3253.0,3260.0,80789.0,present
1689,2025-05-28 08:00:00+00:00,3260.5,3277.0,3260.0,3271.5,94915.0,present
1690,2025-05-28 10:00:00+00:00,3271.5,3277.5,3242.0,3250.5,79672.0,present
1691,2025-05-28 12:00:00+00:00,3250.0,3275.5,3250.0,3262.0,44824.0,present
1692,2025-05-28 14:00:00+00:00,3261.5,3268.0,3251.0,3259.5,27855.0,present
1693,2025-05-28 16:00:00+00:00,3259.0,3273.5,3257.5,3265.0,34329.0,present
1694,2025-05-28 18:00:00+00:00,3265.0,3273.0,3265.0,3270.0,14218.0,present
1695,2025-05-28 20:00:00+00:00,3269.0,3275.0,3267.5,3274.0,7957.0,present
1696,2025-05-28 22:00:00+00:00,3271.0,3275.0,3270.0,3274.3333333333335,5327.0,interpolated
1697,2025-05-29 00:00:00+00:00,3273.0,3275.0,3272.5,3274.6666666666665,2697.0,interpolated
1698,2025-05-29 02:00:00+00:00,3275.0,3275.0,3275.0,3275.0,67.0,present
1699,2025-05-29 04:00:00+00:00,3275.5,3280.0,3262.5,3265.5,28088.0,present
1700,2025-05-29 06:00:00+00:00,3266.0,3269.5,3248.5,3251.5,44569.0,present
1701,2025-05-29 08:00:00+00:00,3252.5,3262.5,3242.0,3257.5,71671.0,present
1702,2025-05-29 10:00:00+00:00,3257.5,3266.5,3249.0,3262.0,52088.0,present
1703,2025-05-29 12:00:00+00:00,3262.5,3263.0,3233.0,3240.0,50335.0,present
1704,2025-05-29 14:00:00+00:00,3240.0,3240.0,3232.0,3238.5,43258.0,present
1705,2025-05-29 16:00:00+00:00,3239.0,3239.5,3221.5,3229.5,27410.0,present
1706,2025-05-29 18:00:00+00:00,3230.0,3232.0,3213.5,3221.0,35402.0,present
1707,2025-05-29 20:00:00+00:00,3221.0,3223.0,3212.5,3213.5,7301.0,present
1708,2025-05-29 22:00:00+00:00,3220.5,3221.8333333333335,3214.8333333333335,3215.5,4869.666666666667,interpolated
1709,2025-05-30 00:00:00+00:00,3220.0,3220.6666666666665,3217.1666666666665,3217.5,2438.333333333334,interpolated
1710,2025-05-30 02:00:00+00:00,3219.5,3219.5,3219.5,3219.5,7.0,present
1711,2025-05-30 04:00:00+00:00,3218.0,3233.5,3206.5,3221.0,21467.0,present
1712,2025-05-30 06:00:00+00:00,3221.0,3249.5,3219.0,3230.0,49425.0,present
1713,2025-05-30 08:00:00+00:00,3230.5,3239.5,3215.5,3236.0,33056.0,present
1714,2025-05-30 10:00:00+00:00,3236.0,3257.0,3235.5,3247.0,81500.0,present
1715,2025-05-30 12:00:00+00:00,3247.5,3250.0,3234.5,3243.5,33827.0,present
1716,2025-05-30 14:00:00+00:00,3243.0,3265.0,3241.5,3265.0,48900.0,present
1717,2025-05-30 16:00:00+00:00,3263.5,3263.5,3245.0,3253.0,16241.0,present
1718,2025-05-30 18:00:00+00:00,3253.0,3255.5,3250.0,3253.5,7759.0,present
1719,2025-05-30 20:00:00+00:00,3253.5,3255.0,3240.0,3251.5,6671.0,present
1720,2025-05-30 22:00:00+00:00,3254.2,3257.2,3243.3,3253.8,6200.2,interpolated
1721,2025-05-31 00:00:00+00:00,3254.9,3259.4,3246.6,3256.1,5729.4,interpolated
1722,2025-05-31 02:00:00+00:00,3255.6,3261.6,3249.9,3258.4,5258.6,interpolated
1723,2025-05-31 04:00:00+00:00,3256.3,3263.8,3253.2,3260.7,4787.8,interpolated
1724,2025-05-31 06:00:00+00:00,3257.0,3266.0,3256.5,3263.0,4317.0,present
1725,2025-05-31 08:00:00+00:00,3261.0,3265.0,3260.5,3264.0,3901.0,present
1726,2025-05-31 10:00:00+00:00,3264.5,3266.0,3254.0,3258.5,7753.0,present
1727,2025-05-31 12:00:00+00:00,3258.5,3266.0,3258.5,3265.0,3133.0,present
1728,2025-05-31 14:00:00+00:00,3265.0,3266.5,3260.5,3261.0,5822.0,present
1729,2025-05-31 16:00:00+00:00,3264.5,3266.6875,3259.1875,3259.9375,6024.25,interpolated
1730,2025-05-31 18:00:00+00:00,3264.0,3266.875,3257.875,3258.875,6226.5,interpolated
1731,2025-05-31 20:00:00+00:00,3263.5,3267.0625,3256.5625,3257.8125,6428.75,interpolated
1732,2025-05-31 22:00:00+00:00,3263.0,3267.25,3255.25,3256.75,6631.0,interpolated
1733,2025-06-01 00:00:00+00:00,3262.5,3267.4375,3253.9375,3255.6875,6833.25,interpolated
1734,2025-06-01 02:00:00+00:00,3262.0,3267.625,3252.625,3254.625,7035.5,interpolated
1735,2025-06-01 04:00:00+00:00,3261.5,3267.8125,3251.3125,3253.5625,7237.75,interpolated
1736,2025-06-01 06:00:00+00:00,3261.0,3268.0,3250.0,3252.5,7440.0,present
1737,2025-06-01 08:00:00+00:00,3250.5,3256.0,3237.5,3247.0,12075.0,present
1738,2025-06-01 10:00:00+00:00,3244.5,3248.5,3211.0,3219.0,24953.0,present
1739,2025-06-01 12:00:00+00:00,3219.5,3232.0,3200.0,3225.0,39802.0,present
1740,2025-06-01 14:00:00+00:00,3225.0,3240.0,3217.0,3225.0,14002.0,present
1741,2025-06-01 16:00:00+00:00,3225.0,3237.5,3218.3333333333335,3225.0,11700.666666666666,interpolated
1742,2025-06-01 18:00:00+00:00,3225.0,3235.0,3219.6666666666665,3225.0,9399.333333333332,interpolated
1743,2025-06-01 20:00:00+00:00,3225.0,3232.5,3221.0,3225.0,7098.0,interpolated
1744,2025-06-01 22:00:00+00:00,3225.0,3230.0,3222.3333333333335,3225.0,4796.666666666666,interpolated
1745,2025-06-02 00:00:00+00:00,3225.0,3227.5,3223.6666666666665,3225.0,2495.333333333332,interpolated
1746,2025-06-02 02:00:00+00:00,3225.0,3225.0,3225.0,3225.0,194.0,present
1747,2025-06-02 04:00:00+00:00,3230.5,3244.0,3212.0,3225.5,31342.0,present
1748,2025-06-02 06:00:00+00:00,3225.5,3244.0,3225.0,3237.0,32119.0,present
1749,2025-06-02 08:00:00+00:00,3239.0,3241.0,3223.5,3239.0,40552.0,present
1750,2025-06-02 10:00:00+00:00,3239.5,3241.0,3200.5,3212.0,69951.0,present
1751,2025-06-02 12:00:00+00:00,3213.0,3241.0,3209.5,3224.0,47468.0,present
1752,2025-06-02 14:00:00+00:00,3222.5,3279.0,3221.5,3260.5,127770.0,present
1753,2025-06-02 16:00:00+00:00,3262.0,3270.0,3241.0,3252.5,45271.0,present
1754,2025-06-02 18:00:00+00:00,3252.5,3270.0,3252.0,3267.5,12613.0,present
1755,2025-06-02 20:00:00+00:00,3268.0,3270.0,3260.0,3266.5,5331.0,present
1756,2025-06-02 22:00:00+00:00,3267.3333333333335,3268.6666666666665,3262.0,3266.3333333333335,3591.666666666667,interpolated
1757,2025-06-03 00:00:00+00:00,3266.6666666666665,3267.3333333333335,3264.0,3266.1666666666665,1852.3333333333335,interpolated
1758,2025-06-03 02:00:00+00:00,3266.0,3266.0,3266.0,3266.0,113.0,present
1759,2025-06-03 04:00:00+00:00,3266.5,3306.0,3266.0,3302.5,57581.0,present
1760,2025-06-03 06:00:00+00:00,3302.5,3333.0,3273.0,3313.5,106793.0,present
1761,2025-06-03 08:00:00+00:00,3313.5,3336.0,3310.5,3332.5,112562.0,present
1762,2025-06-03 10:00:00+00:00,3330.5,3335.0,3303.0,3327.5,85907.0,present
1763,2025-06-03 12:00:00+00:00,3327.5,3330.0,3300.0,3316.0,69848.0,present
1764,2025-06-03 12:00:00+00:00,3327.5,3330.0,3300.0,3316.0,69848.0,present
1765,2025-06-03 14:00:00+00:00,3315.0,3330.0,3314.0,3330.0,44484.0,present
1766,2025-06-03 16:00:00+00:00,3329.5,3334.5,3325.5,3332.5,25902.0,present
1767,2025-06-03 18:00:00+00:00,3332.0,3340.0,3320.0,3328.5,28212.0,present
1768,2025-06-03 20:00:00+00:00,3328.5,3328.5,3320.0,3325.0,8808.0,present
1769,2025-06-03 22:00:00+00:00,3331.0,3331.0,3325.3333333333335,3328.6666666666665,5874.0,interpolated
1770,2025-06-04 00:00:00+00:00,3333.5,3333.5,3330.6666666666665,3332.3333333333335,2940.0,interpolated
1771,2025-06-04 02:00:00+00:00,3336.0,3336.0,3336.0,3336.0,6.0,present
1772,2025-06-04 04:00:00+00:00,3330.0,3330.0,3320.5,3323.0,38998.0,present
1773,2025-06-04 06:00:00+00:00,3322.5,3344.0,3311.0,3331.5,101617.0,present
1774,2025-06-04 08:00:00+00:00,3331.0,3355.0,3321.5,3355.0,132117.0,present
1775,2025-06-04 10:00:00+00:00,3355.0,3382.0,3350.0,3382.0,113897.0,present
1776,2025-06-04 12:00:00+00:00,3380.5,3408.0,3368.0,3392.5,239374.0,present
1777,2025-06-04 14:00:00+00:00,3393.5,3405.0,3342.0,3356.0,194725.0,present
1778,2025-06-04 16:00:00+00:00,3360.0,3380.0,3325.0,3377.5,50343.0,present
1779,2025-06-04 18:00:00+00:00,3377.5,3379.5,3351.0,3364.5,23960.0,present
1780,2025-06-04 20:00:00+00:00,3362.5,3369.0,3359.0,3369.0,5969.0,present
1781,2025-06-04 22:00:00+00:00,3364.6666666666665,3369.0,3362.3333333333335,3369.0,4036.0,interpolated
1782,2025-06-05 00:00:00+00:00,3366.8333333333335,3369.0,3365.6666666666665,3369.0,2103.0,interpolated
1783,2025-06-05 02:00:00+00:00,3369.0,3369.0,3369.0,3369.0,170.0,present
1784,2025-06-05 04:00:00+00:00,3369.5,3406.5,3369.0,3400.0,65716.0,present
1785,2025-06-05 06:00:00+00:00,3399.0,3412.0,3385.0,3390.0,66677.0,present
1786,2025-06-05 08:00:00+00:00,3390.0,3398.0,3373.5,3393.5,60149.0,present
1787,2025-06-05 10:00:00+00:00,3393.5,3396.5,3382.5,3383.5,40038.0,present
1788,2025-06-05 12:00:00+00:00,3384.0,3385.5,3375.0,3383.0,61373.0,present
1789,2025-06-05 14:00:00+00:00,3384.0,3390.0,3372.0,3380.0,47992.0,present
1790,2025-06-05 16:00:00+00:00,3380.0,3391.0,3375.0,3390.5,59392.0,present
1791,2025-06-05 18:00:00+00:00,3390.0,3391.0,3385.0,3389.0,9854.0,present
1792,2025-06-05 20:00:00+00:00,3389.0,3389.5,3382.0,3384.5,9671.0,present
1793,2025-06-05 22:00:00+00:00,3389.3333333333335,3389.6666666666665,3384.6666666666665,3386.3333333333335,6514.333333333334,interpolated
1794,2025-06-06 00:00:00+00:00,3389.6666666666665,3389.8333333333335,3387.3333333333335,3388.1666666666665,3357.666666666667,interpolated
1795,2025-06-06 02:00:00+00:00,3390.0,3390.0,3390.0,3390.0,201.0,present
1796,2025-06-06 04:00:00+00:00,3392.0,3410.0,3385.0,3392.0,33896.0,present
1797,2025-06-06 06:00:00+00:00,3392.0,3405.0,3384.5,3399.0,75274.0,present
1798,2025-06-06 08:00:00+00:00,3399.5,3399.5,3343.5,3367.5,124889.0,present
1799,2025-06-06 10:00:00+00:00,3367.0,3410.0,3327.5,3371.0,271188.0,present
1800,2025-06-06 12:00:00+00:00,3372.0,3375.0,3341.0,3374.5,134743.0,present
1801,2025-06-06 14:00:00+00:00,3373.0,3376.5,3355.5,3360.0,41933.0,present
1802,2025-06-06 16:00:00+00:00,3361.0,3366.5,3358.0,3362.5,12795.0,present
1803,2025-06-06 18:00:00+00:00,3364.0,3367.0,3358.5,3361.0,20565.0,present
1804,2025-06-06 20:00:00+00:00,3361.0,3363.0,3358.0,3362.0,4051.0,present
1805,2025-06-06 22:00:00+00:00,3362.8,3368.2,3359.2,3365.9,4878.6,interpolated
1806,2025-06-07 00:00:00+00:00,3364.6,3373.4,3360.4,3369.8,5706.2,interpolated
1807,2025-06-07 02:00:00+00:00,3366.4,3378.6,3361.6,3373.7,6533.799999999999,interpolated
1808,2025-06-07 04:00:00+00:00,3368.2,3383.8,3362.8,3377.6,7361.4,interpolated
1809,2025-06-07 06:00:00+00:00,3370.0,3389.0,3364.0,3381.5,8189.0,present
1810,2025-06-07 08:00:00+00:00,3383.0,3383.5,3376.0,3378.5,2795.0,present
1811,2025-06-07 10:00:00+00:00,3378.5,3382.0,3377.0,3381.0,8070.0,present
1812,2025-06-07 12:00:00+00:00,3380.5,3382.0,3370.0,3370.0,7671.0,present
1813,2025-06-07 14:00:00+00:00,3373.5,3379.5,3371.5,3379.0,3315.0,present
1814,2025-06-07 16:00:00+00:00,3374.1875,3380.1875,3371.9375,3379.0625,3305.875,interpolated
1815,2025-06-07 18:00:00+00:00,3374.875,3380.875,3372.375,3379.125,3296.75,interpolated
1816,2025-06-07 20:00:00+00:00,3375.5625,3381.5625,3372.8125,3379.1875,3287.625,interpolated
1817,2025-06-07 22:00:00+00:00,3376.25,3382.25,3373.25,3379.25,3278.5,interpolated
1818,2025-06-08 00:00:00+00:00,3376.9375,3382.9375,3373.6875,3379.3125,3269.375,interpolated
1819,2025-06-08 02:00:00+00:00,3377.625,3383.625,3374.125,3379.375,3260.25,interpolated
1820,2025-06-08 04:00:00+00:00,3378.3125,3384.3125,3374.5625,3379.4375,3251.125,interpolated
1821,2025-06-08 06:00:00+00:00,3379.0,3385.0,3375.0,3379.5,3242.0,present
1822,2025-06-08 08:00:00+00:00,3378.5,3381.0,3374.0,3377.0,5765.0,present
1823,2025-06-08 10:00:00+00:00,3377.0,3377.0,3366.0,3370.5,7084.0,present
1824,2025-06-08 12:00:00+00:00,3370.0,3377.5,3366.0,3370.5,4530.0,present
1825,2025-06-08 14:00:00+00:00,3371.0,3373.5,3366.0,3373.5,6299.0,present
1826,2025-06-08 16:00:00+00:00,3371.6666666666665,3373.75,3367.5,3373.75,5283.0,interpolated
1827,2025-06-08 18:00:00+00:00,3372.3333333333335,3374.0,3369.0,3374.0,4267.0,interpolated
1828,2025-06-08 20:00:00+00:00,3373.0,3374.25,3370.5,3374.25,3251.0,interpolated
1829,2025-06-08 22:00:00+00:00,3373.6666666666665,3374.5,3372.0,3374.5,2235.0,interpolated
1830,2025-06-09 00:00:00+00:00,3374.3333333333335,3374.75,3373.5,3374.75,1219.0,interpolated
1831,2025-06-09 02:00:00+00:00,3375.0,3375.0,3375.0,3375.0,203.0,present
1832,2025-06-09 04:00:00+00:00,3375.0,3389.5,3365.5,3381.0,34110.0,present
1833,2025-06-09 06:00:00+00:00,3381.0,3384.0,3360.0,3363.5,52643.0,present
1834,2025-06-09 08:00:00+00:00,3363.5,3364.0,3328.0,3337.5,132437.0,present
1835,2025-06-09 10:00:00+00:00,3338.5,3340.0,3306.0,3309.0,99118.0,present
1836,2025-06-09 12:00:00+00:00,3309.5,3310.0,3272.5,3290.0,211237.0,present
1837,2025-06-09 14:00:00+00:00,3290.0,3299.5,3275.5,3285.0,79232.0,present
1838,2025-06-09 16:00:00+00:00,3285.5,3300.0,3285.5,3300.0,33980.0,present
1839,2025-06-09 18:00:00+00:00,3299.5,3314.0,3295.0,3307.5,38621.0,present
1840,2025-06-09 20:00:00+00:00,3308.0,3319.5,3307.0,3317.5,8455.0,present
1841,2025-06-09 22:00:00+00:00,3315.8333333333335,3323.5,3315.1666666666665,3322.1666666666665,5693.333333333334,interpolated
1842,2025-06-10 00:00:00+00:00,3323.6666666666665,3327.5,3323.3333333333335,3326.8333333333335,2931.666666666667,interpolated
1843,2025-06-10 02:00:00+00:00,3331.5,3331.5,3331.5,3331.5,170.0,present
1844,2025-06-10 04:00:00+00:00,3331.0,3331.0,3307.5,3319.0,24485.0,present
1845,2025-06-10 06:00:00+00:00,3319.0,3319.0,3288.5,3294.0,45898.0,present
1846,2025-06-10 08:00:00+00:00,3293.5,3318.5,3293.5,3304.0,41632.0,present
1847,2025-06-10 10:00:00+00:00,3304.0,3311.0,3295.0,3306.0,48137.0,present
1848,2025-06-10 12:00:00+00:00,3306.0,3307.0,3286.0,3299.0,93866.0,present
1849,2025-06-10 12:00:00+00:00,3306.0,3307.0,3286.0,3299.0,93866.0,present
1850,2025-06-10 14:00:00+00:00,3299.5,3303.5,3294.0,3303.5,44852.0,present
1851,2025-06-10 16:00:00+00:00,3303.0,3303.0,3295.0,3298.0,16599.0,present
1852,2025-06-10 18:00:00+00:00,3298.0,3301.5,3297.0,3299.0,6600.0,present
1853,2025-06-10 20:00:00+00:00,3299.0,3301.0,3297.0,3299.5,4199.0,present
1854,2025-06-10 22:00:00+00:00,3303.5,3304.8333333333335,3302.1666666666665,3303.8333333333335,2819.333333333333,interpolated
1855,2025-06-11 00:00:00+00:00,3308.0,3308.6666666666665,3307.3333333333335,3308.1666666666665,1439.6666666666665,interpolated
1856,2025-06-11 02:00:00+00:00,3312.5,3312.5,3312.5,3312.5,60.0,present
1857,2025-06-11 04:00:00+00:00,3312.0,3312.0,3296.0,3305.5,14843.0,present
1858,2025-06-11 06:00:00+00:00,3306.0,3316.0,3296.5,3300.5,44574.0,present
1859,2025-06-11 08:00:00+00:00,3300.5,3305.5,3245.5,3271.5,159900.0,present
1860,2025-06-11 10:00:00+00:00,3271.5,3276.0,3257.5,3269.0,93363.0,present
1861,2025-06-11 12:00:00+00:00,3270.0,3286.5,3268.0,3277.0,57392.0,present
1862,2025-06-11 14:00:00+00:00,3277.0,3289.5,3272.0,3280.5,54608.0,present
1863,2025-06-11 16:00:00+00:00,3280.5,3281.5,3269.0,3269.5,16785.0,present
1864,2025-06-11 18:00:00+00:00,3269.5,3275.5,3268.5,3275.0,7960.0,present
1865,2025-06-11 20:00:00+00:00,3275.0,3278.5,3273.5,3278.0,6315.0,present
1866,2025-06-11 22:00:00+00:00,3275.233333333333,3278.5,3273.8333333333335,3278.0333333333333,5915.866666666667,interpolated
1867,2025-06-12 00:00:00+00:00,3275.4666666666667,3278.5,3274.1666666666665,3278.0666666666666,5516.733333333334,interpolated
1868,2025-06-12 02:00:00+00:00,3275.7,3278.5,3274.5,3278.1,5117.6,interpolated
1869,2025-06-12 04:00:00+00:00,3275.9333333333334,3278.5,3274.8333333333335,3278.133333333333,4718.466666666667,interpolated
1870,2025-06-12 06:00:00+00:00,3276.1666666666665,3278.5,3275.1666666666665,3278.1666666666665,4319.333333333333,interpolated
1871,2025-06-12 08:00:00+00:00,3276.4,3278.5,3275.5,3278.2,3920.2,interpolated
1872,2025-06-12 10:00:00+00:00,3276.633333333333,3278.5,3275.8333333333335,3278.233333333333,3521.0666666666666,interpolated
1873,2025-06-12 12:00:00+00:00,3276.866666666667,3278.5,3276.1666666666665,3278.266666666667,3121.9333333333334,interpolated
1874,2025-06-12 14:00:00+00:00,3277.1,3278.5,3276.5,3278.3,2722.7999999999997,interpolated
1875,2025-06-12 16:00:00+00:00,3277.3333333333335,3278.5,3276.8333333333335,3278.3333333333335,2323.6666666666665,interpolated
1876,2025-06-12 18:00:00+00:00,3277.5666666666666,3278.5,3277.1666666666665,3278.366666666667,1924.5333333333328,interpolated
1877,2025-06-12 20:00:00+00:00,3277.8,3278.5,3277.5,3278.4,1525.3999999999996,interpolated
1878,2025-06-12 22:00:00+00:00,3278.0333333333333,3278.5,3277.8333333333335,3278.4333333333334,1126.2666666666664,interpolated
1879,2025-06-13 00:00:00+00:00,3278.266666666667,3278.5,3278.1666666666665,3278.4666666666667,727.1333333333332,interpolated
1880,2025-06-13 02:00:00+00:00,3278.5,3278.5,3278.5,3278.5,328.0,present
1881,2025-06-13 04:00:00+00:00,3280.0,3298.0,3278.0,3291.0,22676.0,present
1882,2025-06-13 06:00:00+00:00,3293.0,3293.0,3275.0,3282.5,23750.0,present
1883,2025-06-13 08:00:00+00:00,3282.5,3298.5,3280.5,3296.0,27517.0,present
1884,2025-06-13 10:00:00+00:00,3296.5,3297.0,3280.5,3285.0,21570.0,present
1885,2025-06-13 12:00:00+00:00,3285.0,3289.5,3280.0,3285.0,13613.0,present
1886,2025-06-13 14:00:00+00:00,3284.5,3286.5,3278.0,3283.0,12578.0,present
1887,2025-06-13 16:00:00+00:00,3283.0,3286.5,3279.5,3284.5,6353.0,present
1888,2025-06-13 18:00:00+00:00,3284.5,3287.0,3281.0,3284.0,7491.0,present
1889,2025-06-13 20:00:00+00:00,3283.5,3287.0,3280.0,3287.0,3802.0,present
1890,2025-06-13 22:00:00+00:00,3284.4,3289.3,3280.4,3288.4,4080.8,interpolated
1891,2025-06-14 00:00:00+00:00,3285.3,3291.6,3280.8,3289.8,4359.6,interpolated
1892,2025-06-14 02:00:00+00:00,3286.2,3293.9,3281.2,3291.2,4638.4,interpolated
1893,2025-06-14 04:00:00+00:00,3287.1,3296.2,3281.6,3292.6,4917.2,interpolated
1894,2025-06-14 06:00:00+00:00,3288.0,3298.5,3282.0,3294.0,5196.0,present
1895,2025-06-14 08:00:00+00:00,3293.5,3298.0,3285.5,3295.5,10705.0,present
1896,2025-06-14 10:00:00+00:00,3295.5,3298.0,3292.5,3294.5,4620.0,present
1897,2025-06-14 12:00:00+00:00,3295.0,3296.5,3293.5,3295.0,2513.0,present
1898,2025-06-14 14:00:00+00:00,3295.0,3296.5,3293.0,3293.0,4910.0,present
1899,2025-06-14 16:00:00+00:00,3295.625,3298.0,3292.125,3294.125,5990.75,interpolated
1900,2025-06-14 18:00:00+00:00,3296.25,3299.5,3291.25,3295.25,7071.5,interpolated
1901,2025-06-14 20:00:00+00:00,3296.875,3301.0,3290.375,3296.375,8152.25,interpolated
1902,2025-06-14 22:00:00+00:00,3297.5,3302.5,3289.5,3297.5,9233.0,interpolated
1903,2025-06-15 00:00:00+00:00,3298.125,3304.0,3288.625,3298.625,10313.75,interpolated
1904,2025-06-15 02:00:00+00:00,3298.75,3305.5,3287.75,3299.75,11394.5,interpolated
1905,2025-06-15 04:00:00+00:00,3299.375,3307.0,3286.875,3300.875,12475.25,interpolated
1906,2025-06-15 06:00:00+00:00,3300.0,3308.5,3286.0,3302.0,13556.0,present
1907,2025-06-15 08:00:00+00:00,3302.5,3302.5,3293.5,3298.0,5500.0,present
1908,2025-06-15 10:00:00+00:00,3297.0,3300.0,3296.5,3300.0,8987.0,present
1909,2025-06-15 12:00:00+00:00,3300.0,3300.0,3297.0,3299.0,3647.0,present
1910,2025-06-15 14:00:00+00:00,3299.0,3299.5,3296.0,3299.0,8895.0,present
1911,2025-06-15 16:00:00+00:00,3297.75,3298.1666666666665,3295.25,3297.75,7429.666666666666,interpolated
1912,2025-06-15 18:00:00+00:00,3296.5,3296.8333333333335,3294.5,3296.5,5964.333333333333,interpolated
1913,2025-06-15 20:00:00+00:00,3295.25,3295.5,3293.75,3295.25,4499.0,interpolated
1914,2025-06-15 22:00:00+00:00,3294.0,3294.1666666666665,3293.0,3294.0,3033.666666666666,interpolated
1915,2025-06-16 00:00:00+00:00,3292.75,3292.8333333333335,3292.25,3292.75,1568.333333333333,interpolated
1916,2025-06-16 02:00:00+00:00,3291.5,3291.5,3291.5,3291.5,103.0,present
1917,2025-06-16 04:00:00+00:00,3292.5,3300.0,3275.5,3294.5,23226.0,present
1918,2025-06-16 06:00:00+00:00,3294.0,3299.5,3285.5,3288.5,33921.0,present
1919,2025-06-16 08:00:00+00:00,3288.5,3294.0,3271.5,3289.5,66884.0,present
1920,2025-06-16 10:00:00+00:00,3288.5,3293.5,3277.0,3278.0,74017.0,present
1921,2025-06-16 12:00:00+00:00,3279.0,3285.5,3275.5,3280.5,51684.0,present
1922,2025-06-16 14:00:00+00:00,3280.0,3287.0,3279.0,3283.5,24500.0,present
1923,2025-06-16 16:00:00+00:00,3284.0,3289.0,3282.5,3287.5,9110.0,present
1924,2025-06-16 18:00:00+00:00,3288.5,3289.5,3285.5,3287.0,4841.0,present
1925,2025-06-16 20:00:00+00:00,3286.5,3288.0,3285.0,3287.5,3620.0,present
1926,2025-06-16 22:00:00+00:00,3286.6666666666665,3287.6666666666665,3285.6666666666665,3287.3333333333335,2425.0,interpolated
1927,2025-06-17 00:00:00+00:00,3286.8333333333335,3287.3333333333335,3286.3333333333335,3287.1666666666665,1230.0,interpolated
1928,2025-06-17 02:00:00+00:00,3287.0,3287.0,3287.0,3287.0,35.0,present
1929,2025-06-17 04:00:00+00:00,3287.5,3298.0,3282.0,3295.0,11588.0,present
1930,2025-06-17 06:00:00+00:00,3294.5,3299.0,3272.0,3296.5,45345.0,present
1931,2025-06-17 08:00:00+00:00,3295.5,3300.0,3292.0,3300.0,66793.0,present
1932,2025-06-17 10:00:00+00:00,3300.0,3303.0,3297.0,3299.0,56404.0,present
1933,2025-06-17 12:00:00+00:00,3299.0,3300.0,3290.5,3298.0,40993.0,present
1934,2025-06-17 12:00:00+00:00,3299.0,3300.0,3290.5,3298.0,40993.0,present
1935,2025-06-17 14:00:00+00:00,3297.5,3300.0,3287.0,3289.0,54915.0,present
1936,2025-06-17 16:00:00+00:00,3289.0,3300.0,3287.0,3297.5,26453.0,present
1937,2025-06-17 18:00:00+00:00,3298.5,3299.0,3289.0,3294.0,16613.0,present
1938,2025-06-17 20:00:00+00:00,3294.0,3295.5,3290.0,3292.0,2724.0,present
1939,2025-06-17 22:00:00+00:00,3294.0,3295.0,3291.3333333333335,3292.6666666666665,1820.6666666666665,interpolated
1940,2025-06-18 00:00:00+00:00,3294.0,3294.5,3292.6666666666665,3293.3333333333335,917.3333333333333,interpolated
1941,2025-06-18 02:00:00+00:00,3294.0,3294.0,3294.0,3294.0,14.0,present
1942,2025-06-18 04:00:00+00:00,3295.0,3318.5,3292.0,3317.5,20653.0,present
1943,2025-06-18 06:00:00+00:00,3317.0,3334.5,3309.0,3331.0,92450.0,present
1944,2025-06-18 08:00:00+00:00,3330.5,3360.0,3330.0,3350.5,134305.0,present
1945,2025-06-18 10:00:00+00:00,3349.5,3369.0,3334.0,3344.0,133440.0,present
1946,2025-06-18 12:00:00+00:00,3344.5,3366.0,3340.0,3350.0,55923.0,present
1947,2025-06-18 14:00:00+00:00,3349.0,3350.5,3321.5,3330.0,57210.0,present
1948,2025-06-18 16:00:00+00:00,3332.0,3334.0,3328.5,3333.5,15146.0,present
1949,2025-06-18 18:00:00+00:00,3333.5,3335.0,3330.5,3335.0,11950.0,present
1950,2025-06-18 20:00:00+00:00,3335.0,3335.0,3332.0,3335.0,4944.0,present
1951,2025-06-18 22:00:00+00:00,3335.1666666666665,3335.1666666666665,3333.1666666666665,3335.1666666666665,3402.666666666667,interpolated
1952,2025-06-19 00:00:00+00:00,3335.3333333333335,3335.3333333333335,3334.3333333333335,3335.3333333333335,1861.3333333333335,interpolated
1953,2025-06-19 02:00:00+00:00,3335.5,3335.5,3335.5,3335.5,320.0,present
1954,2025-06-19 04:00:00+00:00,3335.5,3365.0,3335.5,3359.0,28073.0,present
1955,2025-06-19 06:00:00+00:00,3359.0,3382.0,3356.0,3378.0,102929.0,present
1956,2025-06-19 08:00:00+00:00,3378.0,3386.0,3367.0,3369.5,84139.0,present
1957,2025-06-19 10:00:00+00:00,3369.0,3377.5,3359.5,3368.0,68619.0,present
1958,2025-06-19 12:00:00+00:00,3368.0,3368.0,3350.0,3353.0,85761.0,present
1959,2025-06-19 14:00:00+00:00,3353.0,3362.0,3349.5,3352.5,44164.0,present
1960,2025-06-19 16:00:00+00:00,3353.0,3370.0,3352.0,3364.0,18162.0,present
1961,2025-06-19 18:00:00+00:00,3362.5,3372.0,3360.5,3370.0,9491.0,present
1962,2025-06-19 20:00:00+00:00,3370.5,3374.5,3367.5,3373.5,10949.0,present
1963,2025-06-19 22:00:00+00:00,3372.3333333333335,3375.0,3370.3333333333335,3374.3333333333335,7402.666666666666,interpolated
1964,2025-06-20 00:00:00+00:00,3374.1666666666665,3375.5,3373.1666666666665,3375.1666666666665,3856.333333333333,interpolated
1965,2025-06-20 02:00:00+00:00,3376.0,3376.0,3376.0,3376.0,310.0,present
1966,2025-06-20 04:00:00+00:00,3376.0,3393.0,3374.0,3393.0,27873.0,present
1967,2025-06-20 06:00:00+00:00,3393.0,3399.0,3376.5,3385.5,68288.0,present
1968,2025-06-20 08:00:00+00:00,3385.0,3386.5,3355.0,3376.5,120020.0,present
1969,2025-06-20 10:00:00+00:00,3377.0,3388.5,3375.5,3386.0,80610.0,present
1970,2025-06-20 12:00:00+00:00,3386.0,3390.0,3369.0,3372.5,82205.0,present
1971,2025-06-20 14:00:00+00:00,3372.5,3374.0,3360.0,3363.0,64858.0,present
1972,2025-06-20 16:00:00+00:00,3361.5,3374.0,3360.0,3372.0,20497.0,present
1973,2025-06-20 18:00:00+00:00,3373.0,3382.5,3372.0,3380.0,14947.0,present
1974,2025-06-20 20:00:00+00:00,3380.0,3381.0,3374.0,3381.0,3865.0,present
1975,2025-06-20 22:00:00+00:00,3380.185185185185,3381.1481481481483,3374.4074074074074,3381.1481481481483,3727.259259259259,interpolated
1976,2025-06-21 00:00:00+00:00,3380.3703703703704,3381.296296296296,3374.814814814815,3381.296296296296,3589.5185185185187,interpolated
1977,2025-06-21 02:00:00+00:00,3380.5555555555557,3381.4444444444443,3375.222222222222,3381.4444444444443,3451.777777777778,interpolated
1978,2025-06-21 04:00:00+00:00,3380.740740740741,3381.5925925925926,3375.6296296296296,3381.5925925925926,3314.037037037037,interpolated
1979,2025-06-21 06:00:00+00:00,3380.925925925926,3381.740740740741,3376.037037037037,3381.740740740741,3176.2962962962965,interpolated
1980,2025-06-21 08:00:00+00:00,3381.1111111111113,3381.8888888888887,3376.4444444444443,3381.8888888888887,3038.5555555555557,interpolated
1981,2025-06-21 10:00:00+00:00,3381.296296296296,3382.037037037037,3376.8518518518517,3382.037037037037,2900.814814814815,interpolated
1982,2025-06-21 12:00:00+00:00,3381.4814814814813,3382.185185185185,3377.259259259259,3382.185185185185,2763.074074074074,interpolated
1983,2025-06-21 14:00:00+00:00,3381.6666666666665,3382.3333333333335,3377.6666666666665,3382.3333333333335,2625.333333333333,interpolated
1984,2025-06-21 16:00:00+00:00,3381.8518518518517,3382.4814814814813,3378.074074074074,3382.4814814814813,2487.5925925925926,interpolated
1985,2025-06-21 18:00:00+00:00,3382.037037037037,3382.6296296296296,3378.4814814814813,3382.6296296296296,2349.851851851852,interpolated
1986,2025-06-21 20:00:00+00:00,3382.222222222222,3382.777777777778,3378.8888888888887,3382.777777777778,2212.1111111111113,interpolated
1987,2025-06-21 22:00:00+00:00,3382.4074074074074,3382.925925925926,3379.296296296296,3382.925925925926,2074.3703703703704,interpolated
1988,2025-06-22 00:00:00+00:00,3382.5925925925926,3383.074074074074,3379.703703703704,3383.074074074074,1936.6296296296296,interpolated
1989,2025-06-22 02:00:00+00:00,3382.777777777778,3383.222222222222,3380.1111111111113,3383.222222222222,1798.8888888888891,interpolated
1990,2025-06-22 04:00:00+00:00,3382.962962962963,3383.3703703703704,3380.5185185185187,3383.3703703703704,1661.1481481481483,interpolated
1991,2025-06-22 06:00:00+00:00,3383.1481481481483,3383.5185185185187,3380.925925925926,3383.5185185185187,1523.4074074074074,interpolated
1992,2025-06-22 08:00:00+00:00,3383.3333333333335,3383.6666666666665,3381.3333333333335,3383.6666666666665,1385.6666666666665,interpolated
1993,2025-06-22 10:00:00+00:00,3383.5185185185187,3383.814814814815,3381.740740740741,3383.814814814815,1247.925925925926,interpolated
1994,2025-06-22 12:00:00+00:00,3383.703703703704,3383.962962962963,3382.1481481481483,3383.962962962963,1110.1851851851852,interpolated
1995,2025-06-22 14:00:00+00:00,3383.8888888888887,3384.1111111111113,3382.5555555555557,3384.1111111111113,972.4444444444443,interpolated
1996,2025-06-22 16:00:00+00:00,3384.074074074074,3384.259259259259,3382.962962962963,3384.259259259259,834.7037037037039,interpolated
1997,2025-06-22 18:00:00+00:00,3384.259259259259,3384.4074074074074,3383.3703703703704,3384.4074074074074,696.962962962963,interpolated
1998,2025-06-22 20:00:00+00:00,3384.4444444444443,3384.5555555555557,3383.777777777778,3384.5555555555557,559.2222222222222,interpolated
1999,2025-06-22 22:00:00+00:00,3384.6296296296296,3384.703703703704,3384.185185185185,3384.703703703704,421.48148148148175,interpolated
2000,2025-06-23 00:00:00+00:00,3384.814814814815,3384.8518518518517,3384.5925925925926,3384.8518518518517,283.7407407407409,interpolated
2001,2025-06-23 02:00:00+00:00,3385.0,3385.0,3385.0,3385.0,146.0,present
2002,2025-06-23 04:00:00+00:00,3385.5,3399.0,3385.0,3397.0,29403.0,present
2003,2025-06-23 06:00:00+00:00,3397.5,3401.0,3386.0,3398.0,81585.0,present
2004,2025-06-23 08:00:00+00:00,3398.0,3402.0,3392.0,3401.0,107623.0,present
2005,2025-06-23 10:00:00+00:00,3401.0,3418.5,3400.0,3418.5,167277.0,present
2006,2025-06-23 12:00:00+00:00,3418.5,3460.0,3415.0,3444.0,312470.0,present
2007,2025-06-23 14:00:00+00:00,3444.5,3465.0,3440.5,3453.0,209173.0,present
2008,2025-06-23 16:00:00+00:00,3453.0,3469.5,3445.0,3451.5,56719.0,present
2009,2025-06-23 18:00:00+00:00,3451.5,3469.0,3447.0,3465.5,38516.0,present
2010,2025-06-23 20:00:00+00:00,3466.0,3466.0,3450.5,3463.5,11990.0,present
2011,2025-06-23 22:00:00+00:00,3465.3333333333335,3465.3333333333335,3455.0,3463.6666666666665,8096.0,interpolated
2012,2025-06-24 00:00:00+00:00,3464.6666666666665,3464.6666666666665,3459.5,3463.8333333333335,4201.999999999999,interpolated
2013,2025-06-24 02:00:00+00:00,3464.0,3464.0,3464.0,3464.0,308.0,present
2014,2025-06-24 04:00:00+00:00,3464.0,3492.0,3464.0,3491.5,74185.0,present
2015,2025-06-24 06:00:00+00:00,3491.5,3508.5,3439.0,3447.0,257594.0,present
2016,2025-06-24 08:00:00+00:00,3447.0,3481.0,3444.0,3472.0,148652.0,present
2017,2025-06-24 10:00:00+00:00,3473.5,3480.0,3451.5,3462.0,77197.0,present
2018,2025-06-24 12:00:00+00:00,3462.5,3463.0,3451.0,3459.0,51573.0,present
2019,2025-06-24 12:00:00+00:00,3462.5,3463.0,3451.0,3459.0,51573.0,present
2020,2025-06-24 14:00:00+00:00,3459.5,3474.0,3455.0,3459.5,69612.0,present
2021,2025-06-24 16:00:00+00:00,3460.0,3517.0,3456.0,3472.0,81611.0,present
2022,2025-06-24 18:00:00+00:00,3472.0,3498.0,3467.5,3483.5,29282.0,present
2023,2025-06-24 20:00:00+00:00,3484.0,3494.5,3484.0,3494.5,10758.0,present
2024,2025-06-24 22:00:00+00:00,3487.6666666666665,3494.6666666666665,3487.6666666666665,3494.6666666666665,7215.333333333334,interpolated
2025,2025-06-25 00:00:00+00:00,3491.3333333333335,3494.8333333333335,3491.3333333333335,3494.8333333333335,3672.666666666667,interpolated
2026,2025-06-25 02:00:00+00:00,3495.0,3495.0,3495.0,3495.0,130.0,present
2027,2025-06-25 04:00:00+00:00,3495.0,3506.0,3491.0,3500.0,38401.0,present
2028,2025-06-25 06:00:00+00:00,3498.5,3510.0,3483.5,3492.0,118029.0,present
2029,2025-06-25 08:00:00+00:00,3492.0,3500.0,3480.5,3485.0,106769.0,present
2030,2025-06-25 10:00:00+00:00,3485.5,3496.5,3481.5,3487.5,71695.0,present
2031,2025-06-25 12:00:00+00:00,3488.5,3490.5,3481.0,3481.0,84114.0,present
2032,2025-06-25 14:00:00+00:00,3481.0,3482.0,3462.0,3479.0,141469.0,present
2033,2025-06-25 16:00:00+00:00,3479.0,3486.5,3478.0,3481.0,24078.0,present
2034,2025-06-25 18:00:00+00:00,3481.5,3482.5,3470.0,3474.0,65951.0,present
2035,2025-06-25 20:00:00+00:00,3474.5,3484.5,3473.0,3484.5,8434.0,present
2036,2025-06-25 22:00:00+00:00,3479.6666666666665,3486.3333333333335,3478.6666666666665,3486.3333333333335,5673.333333333334,interpolated
2037,2025-06-26 00:00:00+00:00,3484.8333333333335,3488.1666666666665,3484.3333333333335,3488.1666666666665,2912.666666666667,interpolated
2038,2025-06-26 02:00:00+00:00,3490.0,3490.0,3490.0,3490.0,152.0,present
2039,2025-06-26 04:00:00+00:00,3491.0,3495.0,3470.5,3487.5,31290.0,present
2040,2025-06-26 06:00:00+00:00,3487.0,3491.5,3476.0,3482.0,46167.0,present
2041,2025-06-26 08:00:00+00:00,3481.5,3482.0,3454.0,3469.5,108742.0,present
2042,2025-06-26 10:00:00+00:00,3469.5,3479.0,3466.0,3477.0,75752.0,present
2043,2025-06-26 12:00:00+00:00,3478.0,3483.5,3466.0,3480.5,81107.0,present
2044,2025-06-26 14:00:00+00:00,3481.5,3485.5,3475.0,3485.5,41717.0,present
2045,2025-06-26 16:00:00+00:00,3483.5,3484.0,3475.0,3478.5,16818.0,present
2046,2025-06-26 18:00:00+00:00,3478.5,3480.5,3473.0,3475.0,16409.0,present
2047,2025-06-26 20:00:00+00:00,3473.5,3477.0,3473.5,3476.0,8367.0,present
2048,2025-06-26 22:00:00+00:00,3476.0,3478.3333333333335,3476.0,3477.6666666666665,5591.666666666666,interpolated
2049,2025-06-27 00:00:00+00:00,3478.5,3479.6666666666665,3478.5,3479.3333333333335,2816.333333333333,interpolated
2050,2025-06-27 02:00:00+00:00,3481.0,3481.0,3481.0,3481.0,41.0,present
2051,2025-06-27 04:00:00+00:00,3481.5,3485.0,3470.5,3480.0,16812.0,present
2052,2025-06-27 06:00:00+00:00,3482.0,3492.0,3480.0,3483.5,55527.0,present
2053,2025-06-27 08:00:00+00:00,3484.0,3487.0,3468.5,3486.0,142963.0,present
2054,2025-06-27 10:00:00+00:00,3485.5,3487.5,3472.0,3486.0,77872.0,present
2055,2025-06-27 12:00:00+00:00,3486.0,3491.0,3485.0,3489.0,85230.0,present
2056,2025-06-27 14:00:00+00:00,3489.0,3495.0,3486.5,3492.5,82054.0,present
2057,2025-06-27 16:00:00+00:00,3492.5,3497.5,3491.5,3492.5,21030.0,present
2058,2025-06-27 18:00:00+00:00,3492.5,3496.5,3490.0,3492.5,14383.0,present
2059,2025-06-27 20:00:00+00:00,3492.5,3497.0,3492.0,3494.0,10332.0,present
2060,2025-06-27 22:00:00+00:00,3493.4,3498.4,3492.6,3495.3,11208.2,interpolated
2061,2025-06-28 00:00:00+00:00,3494.3,3499.8,3493.2,3496.6,12084.4,interpolated
2062,2025-06-28 02:00:00+00:00,3495.2,3501.2,3493.8,3497.9,12960.6,interpolated
2063,2025-06-28 04:00:00+00:00,3496.1,3502.6,3494.4,3499.2,13836.8,interpolated
2064,2025-06-28 06:00:00+00:00,3497.0,3504.0,3495.0,3500.5,14713.0,present
2065,2025-06-28 08:00:00+00:00,3502.0,3503.0,3495.0,3496.0,11540.0,present
2066,2025-06-28 10:00:00+00:00,3496.0,3502.0,3496.0,3499.0,10531.0,present
2067,2025-06-28 12:00:00+00:00,3499.0,3500.0,3496.0,3497.0,5195.0,present
2068,2025-06-28 14:00:00+00:00,3498.5,3500.5,3495.0,3499.5,7179.0,present
2069,2025-06-28 16:00:00+00:00,3498.625,3500.875,3494.875,3500.0,7541.0,interpolated
2070,2025-06-28 18:00:00+00:00,3498.75,3501.25,3494.75,3500.5,7903.0,interpolated
2071,2025-06-28 20:00:00+00:00,3498.875,3501.625,3494.625,3501.0,8265.0,interpolated
2072,2025-06-28 22:00:00+00:00,3499.0,3502.0,3494.5,3501.5,8627.0,interpolated
2073,2025-06-29 00:00:00+00:00,3499.125,3502.375,3494.375,3502.0,8989.0,interpolated
2074,2025-06-29 02:00:00+00:00,3499.25,3502.75,3494.25,3502.5,9351.0,interpolated
2075,2025-06-29 04:00:00+00:00,3499.375,3503.125,3494.125,3503.0,9713.0,interpolated
2076,2025-06-29 06:00:00+00:00,3499.5,3503.5,3494.0,3503.5,10075.0,present
2077,2025-06-29 08:00:00+00:00,3503.5,3503.5,3500.0,3502.0,8001.0,present
2078,2025-06-29 10:00:00+00:00,3502.0,3504.5,3500.0,3504.0,11397.0,present
2079,2025-06-29 12:00:00+00:00,3504.0,3505.0,3501.0,3502.0,10177.0,present
2080,2025-06-29 14:00:00+00:00,3502.0,3504.0,3498.0,3502.5,17123.0,present
2081,2025-06-29 16:00:00+00:00,3501.3333333333335,3503.0,3498.0,3501.75,14356.333333333332,interpolated
2082,2025-06-29 18:00:00+00:00,3500.6666666666665,3502.0,3498.0,3501.0,11589.666666666666,interpolated
2083,2025-06-29 20:00:00+00:00,3500.0,3501.0,3498.0,3500.25,8823.0,interpolated
2084,2025-06-29 22:00:00+00:00,3499.3333333333335,3500.0,3498.0,3499.5,6056.333333333332,interpolated
2085,2025-06-30 00:00:00+00:00,3498.6666666666665,3499.0,3498.0,3498.75,3289.666666666666,interpolated
2086,2025-06-30 02:00:00+00:00,3498.0,3498.0,3498.0,3498.0,523.0,present
2087,2025-06-30 04:00:00+00:00,3498.5,3509.0,3489.5,3506.5,28190.0,present
2088,2025-06-30 06:00:00+00:00,3506.0,3508.5,3472.5,3489.5,125154.0,present
2089,2025-06-30 08:00:00+00:00,3489.5,3495.0,3477.5,3484.5,96147.0,present
2090,2025-06-30 10:00:00+00:00,3484.5,3503.0,3483.5,3499.5,228520.0,present
2091,2025-06-30 12:00:00+00:00,3499.5,3513.5,3488.0,3510.5,204952.0,present
2092,2025-06-30 14:00:00+00:00,3510.5,3520.0,3506.0,3518.0,130588.0,present
2093,2025-06-30 16:00:00+00:00,3520.0,3524.5,3512.0,3517.0,50421.0,present
2094,2025-06-30 18:00:00+00:00,3518.0,3524.0,3513.5,3519.0,20729.0,present
2095,2025-06-30 20:00:00+00:00,3519.0,3520.0,3516.5,3520.0,10020.0,present
2096,2025-06-30 22:00:00+00:00,3522.0,3522.6666666666665,3520.3333333333335,3522.6666666666665,6836.666666666666,interpolated
2097,2025-07-01 00:00:00+00:00,3525.0,3525.3333333333335,3524.1666666666665,3525.3333333333335,3653.333333333333,interpolated
2098,2025-07-01 02:00:00+00:00,3528.0,3528.0,3528.0,3528.0,470.0,present
2099,2025-07-01 04:00:00+00:00,3524.0,3529.5,3518.5,3528.0,70605.0,present
2100,2025-07-01 06:00:00+00:00,3528.0,3530.0,3514.5,3516.5,82757.0,present
2101,2025-07-01 08:00:00+00:00,3516.5,3520.5,3495.5,3499.5,241354.0,present
2102,2025-07-01 10:00:00+00:00,3499.0,3503.0,3495.0,3496.0,153996.0,present
2103,2025-07-01 12:00:00+00:00,3496.0,3500.0,3492.0,3492.5,151043.0,present
2104,2025-07-01 12:00:00+00:00,3496.0,3500.0,3492.0,3492.5,151043.0,present
2105,2025-07-01 14:00:00+00:00,3492.0,3500.0,3490.0,3493.0,143772.0,present
2106,2025-07-01 16:00:00+00:00,3493.0,3500.0,3491.5,3498.5,31121.0,present
2107,2025-07-01 18:00:00+00:00,3497.5,3515.0,3496.0,3505.0,40211.0,present
2108,2025-07-01 20:00:00+00:00,3505.0,3505.0,3498.5,3502.0,9482.0,present
2109,2025-07-01 22:00:00+00:00,3504.0,3504.0,3499.6666666666665,3502.0,6328.0,interpolated
2110,2025-07-02 00:00:00+00:00,3503.0,3503.0,3500.8333333333335,3502.0,3174.0,interpolated
2111,2025-07-02 02:00:00+00:00,3502.0,3502.0,3502.0,3502.0,20.0,present
2112,2025-07-02 04:00:00+00:00,3502.0,3514.5,3495.0,3503.0,31416.0,present
2113,2025-07-02 06:00:00+00:00,3503.0,3510.0,3484.5,3485.5,83141.0,present
2114,2025-07-02 08:00:00+00:00,3485.0,3487.0,3414.0,3447.5,228276.0,present
2115,2025-07-02 10:00:00+00:00,3448.5,3479.5,3439.0,3473.0,136283.0,present
2116,2025-07-02 12:00:00+00:00,3473.0,3475.0,3450.0,3458.0,102731.0,present
2117,2025-07-02 14:00:00+00:00,3458.0,3464.0,3451.0,3457.5,71438.0,present
2118,2025-07-02 16:00:00+00:00,3457.5,3460.0,3449.0,3460.0,52276.0,present
2119,2025-07-02 18:00:00+00:00,3459.0,3460.0,3452.5,3460.0,15148.0,present
2120,2025-07-02 20:00:00+00:00,3460.0,3460.0,3458.0,3460.0,6053.0,present
2121,2025-07-02 22:00:00+00:00,3460.0,3460.0,3458.6666666666665,3460.0,4075.6666666666665,interpolated
2122,2025-07-03 00:00:00+00:00,3460.0,3460.0,3459.3333333333335,3460.0,2098.333333333333,interpolated
2123,2025-07-03 02:00:00+00:00,3460.0,3460.0,3460.0,3460.0,121.0,present
2124,2025-07-03 04:00:00+00:00,3462.0,3475.5,3449.0,3475.0,33725.0,present
2125,2025-07-03 06:00:00+00:00,3475.0,3478.0,3455.0,3468.5,96266.0,present
2126,2025-07-03 08:00:00+00:00,3468.5,3470.5,3455.0,3464.5,118962.0,present
2127,2025-07-03 10:00:00+00:00,3465.0,3470.5,3461.5,3470.0,93793.0,present
2128,2025-07-03 12:00:00+00:00,3470.0,3475.0,3438.0,3456.0,174698.0,present
2129,2025-07-03 14:00:00+00:00,3456.0,3465.0,3417.0,3437.5,188947.0,present
2130,2025-07-03 16:00:00+00:00,3437.5,3445.5,3420.0,3426.0,49118.0,present
2131,2025-07-03 18:00:00+00:00,3425.5,3439.0,3422.0,3431.5,29921.0,present
2132,2025-07-03 20:00:00+00:00,3431.0,3432.0,3427.5,3431.0,10414.0,present
2133,2025-07-03 22:00:00+00:00,3430.6666666666665,3431.3333333333335,3428.3333333333335,3430.6666666666665,6981.0,interpolated
2134,2025-07-04 00:00:00+00:00,3430.3333333333335,3430.6666666666665,3429.1666666666665,3430.3333333333335,3548.0,interpolated
2135,2025-07-04 02:00:00+00:00,3430.0,3430.0,3430.0,3430.0,115.0,present
2136,2025-07-04 04:00:00+00:00,3430.0,3430.0,3379.0,3402.0,92125.0,present
2137,2025-07-04 06:00:00+00:00,3402.0,3416.0,3396.0,3398.0,74223.0,present
2138,2025-07-04 08:00:00+00:00,3399.5,3400.0,3370.0,3383.5,146413.0,present
2139,2025-07-04 10:00:00+00:00,3382.5,3391.0,3380.5,3388.0,129785.0,present
2140,2025-07-04 12:00:00+00:00,3389.0,3394.5,3377.0,3378.5,91251.0,present
2141,2025-07-04 14:00:00+00:00,3378.0,3378.5,3357.5,3368.0,99308.0,present
2142,2025-07-04 16:00:00+00:00,3370.0,3375.5,3367.0,3373.0,31932.0,present
2143,2025-07-04 18:00:00+00:00,3373.0,3375.5,3368.5,3374.5,20518.0,present
2144,2025-07-04 20:00:00+00:00,3374.0,3374.5,3368.0,3369.0,7661.0,present
2145,2025-07-04 22:00:00+00:00,3374.2,3375.2,3368.6,3370.2,8262.8,interpolated
2146,2025-07-05 00:00:00+00:00,3374.4,3375.9,3369.2,3371.4,8864.6,interpolated
2147,2025-07-05 02:00:00+00:00,3374.6,3376.6,3369.8,3372.6,9466.4,interpolated
2148,2025-07-05 04:00:00+00:00,3374.8,3377.3,3370.4,3373.8,10068.2,interpolated
2149,2025-07-05 06:00:00+00:00,3375.0,3378.0,3371.0,3375.0,10670.0,present
2150,2025-07-05 08:00:00+00:00,3375.0,3375.5,3373.5,3374.0,8882.0,present
2151,2025-07-05 10:00:00+00:00,3374.0,3374.5,3370.0,3373.5,10719.0,present
2152,2025-07-05 12:00:00+00:00,3374.0,3375.5,3373.0,3375.0,8281.0,present
2153,2025-07-05 14:00:00+00:00,3375.5,3375.5,3371.0,3375.5,10665.0,present
2154,2025-07-05 16:00:00+00:00,3376.1875,3376.25,3371.1875,3375.75,10981.75,interpolated
2155,2025-07-05 18:00:00+00:00,3376.875,3377.0,3371.375,3376.0,11298.5,interpolated
2156,2025-07-05 20:00:00+00:00,3377.5625,3377.75,3371.5625,3376.25,11615.25,interpolated
2157,2025-07-05 22:00:00+00:00,3378.25,3378.5,3371.75,3376.5,11932.0,interpolated
2158,2025-07-06 00:00:00+00:00,3378.9375,3379.25,3371.9375,3376.75,12248.75,interpolated
2159,2025-07-06 02:00:00+00:00,3379.625,3380.0,3372.125,3377.0,12565.5,interpolated
2160,2025-07-06 04:00:00+00:00,3380.3125,3380.75,3372.3125,3377.25,12882.25,interpolated
2161,2025-07-06 06:00:00+00:00,3381.0,3381.5,3372.5,3377.5,13199.0,present
2162,2025-07-06 08:00:00+00:00,3377.5,3377.5,3376.0,3377.5,12360.0,present
2163,2025-07-06 10:00:00+00:00,3377.5,3380.0,3375.0,3380.0,13610.0,present
2164,2025-07-06 12:00:00+00:00,3380.0,3399.0,3380.0,3398.0,17326.0,present
2165,2025-07-06 14:00:00+00:00,3398.0,3408.0,3395.0,3397.5,24034.0,present
2166,2025-07-06 16:00:00+00:00,3398.3333333333335,3406.6666666666665,3395.8333333333335,3397.9166666666665,20037.666666666668,interpolated
2167,2025-07-06 18:00:00+00:00,3398.6666666666665,3405.3333333333335,3396.6666666666665,3398.3333333333335,16041.333333333332,interpolated
2168,2025-07-06 20:00:00+00:00,3399.0,3404.0,3397.5,3398.75,12044.999999999998,interpolated
2169,2025-07-06 22:00:00+00:00,3399.3333333333335,3402.6666666666665,3398.3333333333335,3399.1666666666665,8048.666666666666,interpolated
2170,2025-07-07 00:00:00+00:00,3399.6666666666665,3401.3333333333335,3399.1666666666665,3399.5833333333335,4052.333333333332,interpolated
2171,2025-07-07 02:00:00+00:00,3400.0,3400.0,3400.0,3400.0,56.0,present
2172,2025-07-07 04:00:00+00:00,3398.5,3419.0,3397.5,3409.5,68738.0,present
2173,2025-07-07 06:00:00+00:00,3408.5,3414.0,3375.0,3393.0,128477.0,present
2174,2025-07-07 08:00:00+00:00,3392.5,3398.0,3378.0,3386.5,164229.0,present
2175,2025-07-07 10:00:00+00:00,3386.5,3392.5,3371.0,3387.0,163617.0,present
2176,2025-07-07 12:00:00+00:00,3386.0,3392.5,3383.0,3387.0,122288.0,present
2177,2025-07-07 14:00:00+00:00,3386.5,3392.0,3375.5,3378.0,148924.0,present
2178,2025-07-07 16:00:00+00:00,3380.0,3390.0,3366.5,3374.0,89698.0,present
2179,2025-07-07 18:00:00+00:00,3373.5,3379.0,3370.0,3378.0,48030.0,present
2180,2025-07-07 20:00:00+00:00,3378.5,3378.5,3370.0,3377.5,18883.0,present
2181,2025-07-07 22:00:00+00:00,3373.6666666666665,3373.6666666666665,3368.0,3373.0,14897.333333333334,interpolated
2182,2025-07-08 00:00:00+00:00,3368.8333333333335,3368.8333333333335,3366.0,3368.5,10911.666666666668,interpolated
2183,2025-07-08 02:00:00+00:00,3364.0,3364.0,3364.0,3364.0,6926.0,present
2184,2025-07-08 04:00:00+00:00,3365.0,3370.0,3325.0,3351.5,139760.0,present
2185,2025-07-08 06:00:00+00:00,3351.5,3367.0,3342.5,3365.5,183449.0,present
2186,2025-07-08 08:00:00+00:00,3365.0,3407.5,3365.0,3403.0,243182.0,present
2187,2025-07-08 10:00:00+00:00,3403.0,3423.0,3400.0,3423.0,238038.0,present
2188,2025-07-08 12:00:00+00:00,3423.0,3450.0,3420.5,3422.0,348862.0,present
2189,2025-07-08 12:00:00+00:00,3423.0,3450.0,3420.5,3422.0,348862.0,present
2190,2025-07-08 14:00:00+00:00,3422.0,3441.0,3402.0,3427.0,304594.0,present
2191,2025-07-08 16:00:00+00:00,3427.0,3433.5,3405.0,3408.0,244678.0,present
2192,2025-07-08 18:00:00+00:00,3408.0,3442.5,3407.0,3436.0,199171.0,present
2193,2025-07-08 20:00:00+00:00,3435.5,3449.0,3426.5,3446.5,148857.0,present
2194,2025-07-08 22:00:00+00:00,3318.5,3327.5,3312.5,3325.8333333333335,103405.66666666666,interpolated
2195,2025-07-09 00:00:00+00:00,3201.5,3206.0,3198.5,3205.1666666666665,57954.33333333333,interpolated
2196,2025-07-09 02:00:00+00:00,3084.5,3084.5,3084.5,3084.5,12503.0,present
2197,2025-07-09 04:00:00+00:00,3084.5,3084.5,3084.5,3084.5,425384.0,present
2198,2025-07-09 06:00:00+00:00,3084.5,3084.5,2804.0,2878.5,1409246.0,present
2199,2025-07-09 08:00:00+00:00,2878.5,2890.0,2853.0,2867.0,562317.0,present
2200,2025-07-09 10:00:00+00:00,2867.0,2885.5,2856.5,2861.0,310347.0,present
2201,2025-07-09 12:00:00+00:00,2861.0,2877.5,2855.0,2856.0,262032.0,present
2202,2025-07-09 14:00:00+00:00,2857.0,2860.0,2815.0,2847.0,360010.0,present
2203,2025-07-09 16:00:00+00:00,2843.0,2874.0,2833.5,2857.5,145787.0,present
2204,2025-07-09 18:00:00+00:00,2857.0,2877.0,2855.5,2875.0,56374.0,present
2205,2025-07-09 20:00:00+00:00,2874.5,2876.0,2867.0,2870.5,17015.0,present
2206,2025-07-09 22:00:00+00:00,2873.3333333333335,2874.3333333333335,2868.3333333333335,2870.6666666666665,11414.333333333334,interpolated
2207,2025-07-10 00:00:00+00:00,2872.1666666666665,2872.6666666666665,2869.6666666666665,2870.8333333333335,5813.666666666668,interpolated
2208,2025-07-10 02:00:00+00:00,2871.0,2871.0,2871.0,2871.0,213.0,present
2209,2025-07-10 04:00:00+00:00,2872.5,2875.0,2850.0,2867.5,46665.0,present
2210,2025-07-10 06:00:00+00:00,2868.0,2928.0,2866.0,2926.0,288175.0,present
2211,2025-07-10 08:00:00+00:00,2926.5,2967.0,2920.0,2924.0,341970.0,present
2212,2025-07-10 10:00:00+00:00,2924.0,2926.5,2873.0,2885.5,292338.0,present
2213,2025-07-10 12:00:00+00:00,2886.0,2893.5,2857.5,2874.5,169441.0,present
2214,2025-07-10 14:00:00+00:00,2876.0,2894.5,2870.5,2870.5,115270.0,present
2215,2025-07-10 16:00:00+00:00,2870.5,2893.0,2870.5,2889.5,38487.0,present
2216,2025-07-10 18:00:00+00:00,2891.0,2892.5,2880.0,2887.5,28369.0,present
2217,2025-07-10 20:00:00+00:00,2887.5,2888.0,2881.5,2885.5,10303.0,present
2218,2025-07-10 22:00:00+00:00,2890.5,2890.8333333333335,2886.5,2889.1666666666665,6902.333333333334,interpolated
2219,2025-07-11 00:00:00+00:00,2893.5,2893.6666666666665,2891.5,2892.8333333333335,3501.666666666667,interpolated
2220,2025-07-11 02:00:00+00:00,2896.5,2896.5,2896.5,2896.5,101.0,present
2221,2025-07-11 04:00:00+00:00,2896.0,2906.5,2879.0,2900.5,41634.0,present
2222,2025-07-11 06:00:00+00:00,2901.5,2904.0,2872.0,2878.5,95593.0,present
2223,2025-07-11 08:00:00+00:00,2878.5,2880.0,2852.0,2856.5,133446.0,present
2224,2025-07-11 10:00:00+00:00,2856.5,2860.0,2841.5,2845.0,89265.0,present
2225,2025-07-11 12:00:00+00:00,2845.0,2859.0,2844.0,2855.0,91798.0,present
2226,2025-07-11 14:00:00+00:00,2854.0,2856.0,2811.0,2813.0,138401.0,present
2227,2025-07-11 16:00:00+00:00,2813.0,2821.5,2808.0,2811.0,62351.0,present
2228,2025-07-11 18:00:00+00:00,2811.0,2814.0,2805.5,2811.0,34696.0,present
2229,2025-07-11 20:00:00+00:00,2810.5,2820.0,2809.0,2816.0,13218.0,present
2230,2025-07-11 22:00:00+00:00,2812.2,2820.8,2810.2,2817.4,12028.4,interpolated
2231,2025-07-12 00:00:00+00:00,2813.9,2821.6,2811.4,2818.8,10838.8,interpolated
2232,2025-07-12 02:00:00+00:00,2815.6,2822.4,2812.6,2820.2,9649.2,interpolated
2233,2025-07-12 04:00:00+00:00,2817.3,2823.2,2813.8,2821.6,8459.599999999999,interpolated
2234,2025-07-12 06:00:00+00:00,2819.0,2824.0,2815.0,2823.0,7270.0,present
2235,2025-07-12 08:00:00+00:00,2823.0,2846.5,2820.0,2829.0,23613.0,present
2236,2025-07-12 10:00:00+00:00,2829.0,2833.0,2818.0,2826.5,9639.0,present
2237,2025-07-12 12:00:00+00:00,2825.0,2829.0,2821.0,2828.0,3689.0,present
2238,2025-07-12 14:00:00+00:00,2829.0,2829.0,2817.5,2820.0,6361.0,present
2239,2025-07-12 16:00:00+00:00,2828.5625,2829.125,2816.625,2819.0,6803.625,interpolated
2240,2025-07-12 18:00:00+00:00,2828.125,2829.25,2815.75,2818.0,7246.25,interpolated
2241,2025-07-12 20:00:00+00:00,2827.6875,2829.375,2814.875,2817.0,7688.875,interpolated
2242,2025-07-12 22:00:00+00:00,2827.25,2829.5,2814.0,2816.0,8131.5,interpolated
2243,2025-07-13 00:00:00+00:00,2826.8125,2829.625,2813.125,2815.0,8574.125,interpolated
2244,2025-07-13 02:00:00+00:00,2826.375,2829.75,2812.25,2814.0,9016.75,interpolated
2245,2025-07-13 04:00:00+00:00,2825.9375,2829.875,2811.375,2813.0,9459.375,interpolated
2246,2025-07-13 06:00:00+00:00,2825.5,2830.0,2810.5,2812.0,9902.0,present
2247,2025-07-13 08:00:00+00:00,2812.0,2814.0,2789.5,2806.0,57383.0,present
2248,2025-07-13 10:00:00+00:00,2806.0,2814.5,2799.0,2808.5,19124.0,present
2249,2025-07-13 12:00:00+00:00,2809.5,2813.5,2807.5,2812.0,4216.0,present
2250,2025-07-13 14:00:00+00:00,2811.0,2813.5,2802.0,2811.0,6508.0,present
2251,2025-07-13 16:00:00+00:00,2809.1666666666665,2811.25,2801.6666666666665,2809.1666666666665,5476.833333333334,interpolated
2252,2025-07-13 18:00:00+00:00,2807.3333333333335,2809.0,2801.3333333333335,2807.3333333333335,4445.666666666667,interpolated
2253,2025-07-13 20:00:00+00:00,2805.5,2806.75,2801.0,2805.5,3414.5000000000005,interpolated
2254,2025-07-13 22:00:00+00:00,2803.6666666666665,2804.5,2800.6666666666665,2803.6666666666665,2383.333333333334,interpolated
2255,2025-07-14 00:00:00+00:00,2801.8333333333335,2802.25,2800.3333333333335,2801.8333333333335,1352.166666666667,interpolated
2256,2025-07-14 02:00:00+00:00,2800.0,2800.0,2800.0,2800.0,321.0,present
2257,2025-07-14 04:00:00+00:00,2800.5,2807.0,2755.0,2777.0,128847.0,present
2258,2025-07-14 06:00:00+00:00,2777.0,2803.0,2770.0,2800.0,116524.0,present
2259,2025-07-14 08:00:00+00:00,2799.5,2828.0,2791.0,2805.0,111954.0,present
2260,2025-07-14 10:00:00+00:00,2804.0,2805.0,2764.5,2779.0,91639.0,present
2261,2025-07-14 12:00:00+00:00,2779.0,2813.0,2777.0,2781.0,88462.0,present
2262,2025-07-14 14:00:00+00:00,2782.0,2841.0,2770.0,2834.0,172827.0,present
2263,2025-07-14 16:00:00+00:00,2834.0,2867.0,2834.0,2841.0,124325.0,present
2264,2025-07-14 18:00:00+00:00,2840.5,2846.0,2833.5,2845.5,29956.0,present
2265,2025-07-14 20:00:00+00:00,2846.0,2860.5,2845.0,2860.0,47909.0,present
2266,2025-07-14 22:00:00+00:00,2852.3333333333335,2862.0,2851.6666666666665,2861.6666666666665,31971.666666666668,interpolated
2267,2025-07-15 00:00:00+00:00,2858.6666666666665,2863.5,2858.3333333333335,2863.3333333333335,16034.333333333336,interpolated
2268,2025-07-15 02:00:00+00:00,2865.0,2865.0,2865.0,2865.0,97.0,present
2269,2025-07-15 04:00:00+00:00,2865.0,2906.0,2847.5,2906.0,90691.0,present
2270,2025-07-15 06:00:00+00:00,2906.0,2920.0,2880.5,2886.0,135678.0,present
2271,2025-07-15 08:00:00+00:00,2886.0,2906.0,2883.5,2906.0,217833.0,present
2272,2025-07-15 10:00:00+00:00,2906.0,2919.0,2892.0,2918.0,127280.0,present
2273,2025-07-15 12:00:00+00:00,2918.0,2922.0,2913.0,2916.5,119531.0,present
2274,2025-07-15 12:00:00+00:00,2918.0,2922.0,2913.0,2916.5,119531.0,present
2275,2025-07-15 14:00:00+00:00,2916.5,2916.5,2908.0,2911.0,89490.0,present
2276,2025-07-15 16:00:00+00:00,2915.0,2915.0,2903.0,2910.0,42210.0,present
2277,2025-07-15 18:00:00+00:00,2909.5,2910.0,2908.0,2910.0,16801.0,present
2278,2025-07-15 20:00:00+00:00,2910.0,2910.0,2908.5,2909.5,8633.0,present
2279,2025-07-15 22:00:00+00:00,2910.1666666666665,2910.1666666666665,2909.1666666666665,2909.8333333333335,5765.0,interpolated
2280,2025-07-16 00:00:00+00:00,2910.3333333333335,2910.3333333333335,2909.8333333333335,2910.1666666666665,2897.0,interpolated
2281,2025-07-16 02:00:00+00:00,2910.5,2910.5,2910.5,2910.5,29.0,present
2282,2025-07-16 04:00:00+00:00,2911.0,2937.5,2905.5,2933.0,57570.0,present
2283,2025-07-16 06:00:00+00:00,2933.0,2940.0,2913.0,2924.0,146330.0,present
2284,2025-07-16 08:00:00+00:00,2925.0,2933.0,2918.0,2932.0,121312.0,present
2285,2025-07-16 10:00:00+00:00,2932.5,2938.0,2925.5,2935.5,91929.0,present
2286,2025-07-16 12:00:00+00:00,2936.5,2937.5,2922.0,2925.5,134585.0,present
2287,2025-07-16 14:00:00+00:00,2925.5,2930.5,2920.0,2922.0,70146.0,present
2288,2025-07-16 16:00:00+00:00,2925.0,2934.5,2924.0,2929.0,55188.0,present
2289,2025-07-16 18:00:00+00:00,2929.0,2930.0,2922.0,2922.5,20603.0,present
2290,2025-07-16 20:00:00+00:00,2923.0,2930.0,2921.0,2922.0,12111.0,present
2291,2025-07-16 22:00:00+00:00,2925.6666666666665,2930.3333333333335,2924.3333333333335,2925.0,8232.333333333332,interpolated
2292,2025-07-17 00:00:00+00:00,2928.3333333333335,2930.6666666666665,2927.6666666666665,2928.0,4353.666666666666,interpolated
2293,2025-07-17 02:00:00+00:00,2931.0,2931.0,2931.0,2931.0,475.0,present
2294,2025-07-17 04:00:00+00:00,2931.0,2963.0,2928.5,2957.0,85063.0,present
2295,2025-07-17 06:00:00+00:00,2957.0,2984.5,2957.0,2976.5,162786.0,present
2296,2025-07-17 08:00:00+00:00,2976.5,2978.0,2949.0,2954.0,197080.0,present
2297,2025-07-17 10:00:00+00:00,2954.5,2956.0,2925.5,2943.5,151764.0,present
2298,2025-07-17 12:00:00+00:00,2944.0,2949.0,2930.0,2944.0,58852.0,present
2299,2025-07-17 14:00:00+00:00,2944.5,2951.0,2939.0,2939.0,54598.0,present
2300,2025-07-17 16:00:00+00:00,2940.0,2941.0,2930.5,2935.0,27014.0,present
2301,2025-07-17 18:00:00+00:00,2935.0,2942.5,2932.0,2933.0,19356.0,present
2302,2025-07-17 20:00:00+00:00,2933.0,2933.0,2930.0,2932.0,10283.0,present
2303,2025-07-17 22:00:00+00:00,2933.3333333333335,2933.3333333333335,2931.3333333333335,2932.6666666666665,6895.0,interpolated
2304,2025-07-18 00:00:00+00:00,2933.6666666666665,2933.6666666666665,2932.6666666666665,2933.3333333333335,3507.000000000001,interpolated
2305,2025-07-18 02:00:00+00:00,2934.0,2934.0,2934.0,2934.0,119.0,present
2306,2025-07-18 04:00:00+00:00,2937.5,2964.0,2934.5,2958.0,32008.0,present
2307,2025-07-18 06:00:00+00:00,2958.5,2973.0,2935.5,2970.0,131995.0,present
2308,2025-07-18 08:00:00+00:00,2970.0,2981.5,2961.5,2980.0,155045.0,present
2309,2025-07-18 10:00:00+00:00,2980.5,2999.0,2976.0,2990.0,221950.0,present
2310,2025-07-18 12:00:00+00:00,2989.5,2997.5,2983.0,2995.0,83662.0,present
2311,2025-07-18 14:00:00+00:00,2995.0,2997.0,2990.5,2995.0,78783.0,present
2312,2025-07-18 16:00:00+00:00,2995.0,3000.0,2990.5,2998.0,36571.0,present
2313,2025-07-18 18:00:00+00:00,2998.0,2998.5,2992.5,2995.0,26373.0,present
2314,2025-07-18 20:00:00+00:00,2995.0,2995.0,2993.0,2994.0,21444.0,present
2315,2025-07-18 22:00:00+00:00,3001.8,3008.0,2999.5,3006.3,28274.6,interpolated
2316,2025-07-19 00:00:00+00:00,3008.6,3021.0,3006.0,3018.6,35105.2,interpolated
2317,2025-07-19 02:00:00+00:00,3015.4,3034.0,3012.5,3030.9,41935.8,interpolated
2318,2025-07-19 04:00:00+00:00,3022.2,3047.0,3019.0,3043.2,48766.399999999994,interpolated
2319,2025-07-19 06:00:00+00:00,3029.0,3060.0,3025.5,3055.5,55597.0,present
2320,2025-07-19 08:00:00+00:00,3055.5,3075.0,3050.0,3064.5,58828.0,present
2321,2025-07-19 10:00:00+00:00,3064.0,3071.5,3064.0,3067.0,29094.0,present
2322,2025-07-19 12:00:00+00:00,3067.5,3071.0,3056.0,3070.0,26936.0,present
2323,2025-07-19 14:00:00+00:00,3070.5,3071.0,3063.5,3069.0,11885.0,present
2324,2025-07-19 16:00:00+00:00,3071.375,3072.5,3064.6875,3070.3125,14868.75,interpolated
2325,2025-07-19 18:00:00+00:00,3072.25,3074.0,3065.875,3071.625,17852.5,interpolated
2326,2025-07-19 20:00:00+00:00,3073.125,3075.5,3067.0625,3072.9375,20836.25,interpolated
2327,2025-07-19 22:00:00+00:00,3074.0,3077.0,3068.25,3074.25,23820.0,interpolated
2328,2025-07-20 00:00:00+00:00,3074.875,3078.5,3069.4375,3075.5625,26803.75,interpolated
2329,2025-07-20 02:00:00+00:00,3075.75,3080.0,3070.625,3076.875,29787.5,interpolated
2330,2025-07-20 04:00:00+00:00,3076.625,3081.5,3071.8125,3078.1875,32771.25,interpolated
2331,2025-07-20 06:00:00+00:00,3077.5,3083.0,3073.0,3079.5,35755.0,present
2332,2025-07-20 08:00:00+00:00,3079.0,3080.0,3069.0,3078.5,27275.0,present
2333,2025-07-20 10:00:00+00:00,3079.0,3080.0,3076.5,3078.0,12847.0,present
2334,2025-07-20 12:00:00+00:00,3078.0,3078.5,3074.0,3078.5,13794.0,present
2335,2025-07-20 14:00:00+00:00,3078.5,3079.5,3073.5,3079.5,12990.0,present
2336,2025-07-20 16:00:00+00:00,3077.0833333333335,3077.9166666666665,3072.9166666666665,3077.9166666666665,11828.5,interpolated
2337,2025-07-20 18:00:00+00:00,3075.6666666666665,3076.3333333333335,3072.3333333333335,3076.3333333333335,10667.0,interpolated
2338,2025-07-20 20:00:00+00:00,3074.25,3074.75,3071.75,3074.75,9505.5,interpolated
2339,2025-07-20 22:00:00+00:00,3072.8333333333335,3073.1666666666665,3071.1666666666665,3073.1666666666665,8344.0,interpolated
2340,2025-07-21 00:00:00+00:00,3071.4166666666665,3071.5833333333335,3070.5833333333335,3071.5833333333335,7182.5,interpolated
2341,2025-07-21 02:00:00+00:00,3070.0,3070.0,3070.0,3070.0,6021.0,present
2342,2025-07-21 04:00:00+00:00,3070.0,3130.0,3070.0,3105.0,157082.0,present
2343,2025-07-21 06:00:00+00:00,3104.5,3105.0,3031.5,3044.0,316981.0,present
2344,2025-07-21 08:00:00+00:00,3044.0,3073.0,3040.0,3068.0,218097.0,present
2345,2025-07-21 10:00:00+00:00,3069.5,3075.0,3050.5,3062.0,96209.0,present
2346,2025-07-21 12:00:00+00:00,3062.0,3068.0,3042.0,3050.5,78956.0,present
2347,2025-07-21 14:00:00+00:00,3050.5,3073.0,3050.0,3064.5,61711.0,present
2348,2025-07-21 16:00:00+00:00,3064.5,3068.5,3055.5,3065.0,22960.0,present
2349,2025-07-21 18:00:00+00:00,3065.0,3070.5,3063.5,3069.0,13009.0,present
2350,2025-07-21 20:00:00+00:00,3069.0,3075.0,3068.5,3075.0,11277.0,present
2351,2025-07-21 22:00:00+00:00,3070.8333333333335,3074.8333333333335,3070.5,3074.8333333333335,7563.333333333333,interpolated
2352,2025-07-22 00:00:00+00:00,3072.6666666666665,3074.6666666666665,3072.5,3074.6666666666665,3849.666666666666,interpolated
2353,2025-07-22 02:00:00+00:00,3074.5,3074.5,3074.5,3074.5,136.0,present
2354,2025-07-22 04:00:00+00:00,3074.5,3077.5,3060.0,3061.0,29801.0,present
2355,2025-07-22 06:00:00+00:00,3062.0,3068.0,3032.0,3038.5,91245.0,present
2356,2025-07-22 08:00:00+00:00,3038.0,3064.5,3036.0,3063.0,73207.0,present
2357,2025-07-22 10:00:00+00:00,3062.5,3070.0,3051.0,3060.5,76114.0,present
2358,2025-07-22 12:00:00+00:00,3060.0,3061.5,3045.5,3051.0,72878.0,present
2359,2025-07-22 12:00:00+00:00,3060.0,3061.5,3045.5,3051.0,72878.0,present
2360,2025-07-22 14:00:00+00:00,3051.0,3065.0,3041.0,3055.0,102119.0,present
2361,2025-07-22 16:00:00+00:00,3059.0,3059.0,3042.5,3049.0,20614.0,present
2362,2025-07-22 18:00:00+00:00,3049.0,3056.5,3047.5,3055.0,15249.0,present
2363,2025-07-22 20:00:00+00:00,3054.5,3059.5,3049.0,3053.5,6149.0,present
2364,2025-07-22 22:00:00+00:00,3054.1666666666665,3057.5,3050.5,3053.5,4104.333333333334,interpolated
2365,2025-07-23 00:00:00+00:00,3053.8333333333335,3055.5,3052.0,3053.5,2059.666666666667,interpolated
2366,2025-07-23 02:00:00+00:00,3053.5,3053.5,3053.5,3053.5,15.0,present
2367,2025-07-23 04:00:00+00:00,3053.5,3065.0,3052.0,3054.5,20183.0,present
2368,2025-07-23 06:00:00+00:00,3054.5,3073.5,3054.5,3073.0,48693.0,present
2369,2025-07-23 08:00:00+00:00,3073.5,3074.0,3063.5,3064.5,82128.0,present
2370,2025-07-23 10:00:00+00:00,3065.0,3065.5,3055.5,3060.0,90528.0,present
2371,2025-07-23 12:00:00+00:00,3059.5,3062.0,3035.0,3041.0,153184.0,present
2372,2025-07-23 14:00:00+00:00,3040.5,3059.5,3021.0,3050.5,143647.0,present
2373,2025-07-23 16:00:00+00:00,3052.0,3059.0,3045.0,3053.0,43939.0,present
2374,2025-07-23 18:00:00+00:00,3053.0,3057.0,3041.5,3048.5,27243.0,present
2375,2025-07-23 20:00:00+00:00,3049.0,3051.5,3044.0,3049.5,4140.0,present
2376,2025-07-23 22:00:00+00:00,3049.0,3050.6666666666665,3045.6666666666665,3049.3333333333335,2806.333333333333,interpolated
2377,2025-07-24 00:00:00+00:00,3049.0,3049.8333333333335,3047.3333333333335,3049.1666666666665,1472.6666666666665,interpolated
2378,2025-07-24 02:00:00+00:00,3049.0,3049.0,3049.0,3049.0,139.0,present
2379,2025-07-24 04:00:00+00:00,3049.0,3058.5,3042.0,3051.0,14281.0,present
2380,2025-07-24 06:00:00+00:00,3051.0,3060.0,3036.5,3038.0,44362.0,present
2381,2025-07-24 08:00:00+00:00,3038.0,3042.5,3025.0,3035.0,84354.0,present
2382,2025-07-24 10:00:00+00:00,3036.0,3039.5,3026.0,3027.0,43102.0,present
2383,2025-07-24 12:00:00+00:00,3027.0,3033.0,3020.0,3031.0,63668.0,present
2384,2025-07-24 14:00:00+00:00,3031.0,3033.0,3023.0,3032.0,55294.0,present
2385,2025-07-24 16:00:00+00:00,3032.0,3036.0,3025.0,3028.0,16287.0,present
2386,2025-07-24 18:00:00+00:00,3029.0,3034.0,3025.0,3029.0,12172.0,present
2387,2025-07-24 20:00:00+00:00,3027.0,3031.0,3025.0,3029.0,3621.0,present
2388,2025-07-24 22:00:00+00:00,3026.3333333333335,3029.0,3025.0,3027.6666666666665,2433.0,interpolated
2389,2025-07-25 00:00:00+00:00,3025.6666666666665,3027.0,3025.0,3026.3333333333335,1245.0,interpolated
2390,2025-07-25 02:00:00+00:00,3025.0,3025.0,3025.0,3025.0,57.0,present
2391,2025-07-25 04:00:00+00:00,3025.0,3039.0,3024.5,3035.5,16871.0,present
2392,2025-07-25 06:00:00+00:00,3036.0,3065.0,3036.0,3048.0,89979.0,present
2393,2025-07-25 08:00:00+00:00,3048.0,3065.0,3043.5,3051.0,82054.0,present
2394,2025-07-25 10:00:00+00:00,3051.0,3065.0,3000.0,3063.0,206443.0,present
2395,2025-07-25 12:00:00+00:00,3063.0,3064.0,3024.0,3036.5,114313.0,present
2396,2025-07-25 14:00:00+00:00,3037.0,3037.5,2965.5,3000.0,241495.0,present
2397,2025-07-25 16:00:00+00:00,3000.0,3015.0,2988.0,3009.0,51063.0,present
2398,2025-07-25 18:00:00+00:00,3009.0,3019.5,3004.0,3007.0,20309.0,present
2399,2025-07-25 20:00:00+00:00,3008.5,3010.0,3007.0,3008.0,4971.0,present
2400,2025-07-25 22:00:00+00:00,3011.0,3013.4,3007.7,3010.6,6627.6,interpolated
2401,2025-07-26 00:00:00+00:00,3013.5,3016.8,3008.4,3013.2,8284.2,interpolated
2402,2025-07-26 02:00:00+00:00,3016.0,3020.2,3009.1,3015.8,9940.8,interpolated
2403,2025-07-26 04:00:00+00:00,3018.5,3023.6,3009.8,3018.4,11597.400000000001,interpolated
2404,2025-07-26 06:00:00+00:00,3021.0,3027.0,3010.5,3021.0,13254.0,present
2405,2025-07-26 08:00:00+00:00,3021.0,3022.5,3015.5,3020.0,6895.0,present
2406,2025-07-26 10:00:00+00:00,3020.0,3050.0,3017.5,3024.5,21037.0,present
2407,2025-07-26 12:00:00+00:00,3024.5,3024.5,3016.0,3019.5,7331.0,present
2408,2025-07-26 14:00:00+00:00,3019.5,3020.0,3015.0,3020.0,7171.0,present
2409,2025-07-26 16:00:00+00:00,3019.5625,3020.125,3015.0,3019.5,6847.0,interpolated
2410,2025-07-26 18:00:00+00:00,3019.625,3020.25,3015.0,3019.0,6523.0,interpolated
2411,2025-07-26 20:00:00+00:00,3019.6875,3020.375,3015.0,3018.5,6199.0,interpolated
2412,2025-07-26 22:00:00+00:00,3019.75,3020.5,3015.0,3018.0,5875.0,interpolated
2413,2025-07-27 00:00:00+00:00,3019.8125,3020.625,3015.0,3017.5,5551.0,interpolated
2414,2025-07-27 02:00:00+00:00,3019.875,3020.75,3015.0,3017.0,5227.0,interpolated
2415,2025-07-27 04:00:00+00:00,3019.9375,3020.875,3015.0,3016.5,4903.0,interpolated
2416,2025-07-27 06:00:00+00:00,3020.0,3021.0,3015.0,3016.0,4579.0,present
2417,2025-07-27 08:00:00+00:00,3016.0,3018.0,3011.0,3015.0,6779.0,present
2418,2025-07-27 10:00:00+00:00,3015.0,3020.0,3012.0,3019.0,2104.0,present
2419,2025-07-27 12:00:00+00:00,3019.0,3019.0,3014.0,3015.5,2313.0,present
2420,2025-07-27 14:00:00+00:00,3015.5,3016.0,3011.5,3014.5,3810.0,present
2421,2025-07-27 16:00:00+00:00,3014.9166666666665,3015.3333333333335,3011.5833333333335,3014.0833333333335,3183.833333333333,interpolated
2422,2025-07-27 18:00:00+00:00,3014.3333333333335,3014.6666666666665,3011.6666666666665,3013.6666666666665,2557.6666666666665,interpolated
2423,2025-07-27 20:00:00+00:00,3013.75,3014.0,3011.75,3013.25,1931.5,interpolated
2424,2025-07-27 22:00:00+00:00,3013.1666666666665,3013.3333333333335,3011.8333333333335,3012.8333333333335,1305.333333333333,interpolated
2425,2025-07-28 00:00:00+00:00,3012.5833333333335,3012.6666666666665,3011.9166666666665,3012.4166666666665,679.1666666666665,interpolated
2426,2025-07-28 02:00:00+00:00,3012.0,3012.0,3012.0,3012.0,53.0,present
2427,2025-07-28 04:00:00+00:00,3012.0,3022.0,3000.5,3018.0,19274.0,present
2428,2025-07-28 06:00:00+00:00,3018.0,3019.5,2986.5,2999.5,64698.0,present
2429,2025-07-28 08:00:00+00:00,2999.5,3012.0,2999.0,3006.0,52713.0,present
2430,2025-07-28 10:00:00+00:00,3006.0,3008.0,2991.0,2994.5,66406.0,present
2431,2025-07-28 12:00:00+00:00,2994.5,2994.5,2940.0,2968.0,196245.0,present
2432,2025-07-28 14:00:00+00:00,2968.0,2969.0,2905.5,2925.0,216337.0,present
2433,2025-07-28 16:00:00+00:00,2929.0,2938.5,2911.5,2928.0,78378.0,present
2434,2025-07-28 18:00:00+00:00,2929.0,2929.0,2912.0,2923.0,24713.0,present
2435,2025-07-28 20:00:00+00:00,2923.0,2925.0,2920.0,2925.0,7635.0,present
2436,2025-07-28 22:00:00+00:00,2923.6666666666665,2925.0,2921.6666666666665,2925.0,5116.333333333333,interpolated
2437,2025-07-29 00:00:00+00:00,2924.3333333333335,2925.0,2923.3333333333335,2925.0,2597.666666666666,interpolated
2438,2025-07-29 02:00:00+00:00,2925.0,2925.0,2925.0,2925.0,79.0,present
2439,2025-07-29 04:00:00+00:00,2925.5,2946.0,2925.5,2945.0,19226.0,present
2440,2025-07-29 06:00:00+00:00,2944.0,2967.0,2936.0,2952.0,98858.0,present
2441,2025-07-29 08:00:00+00:00,2952.0,2953.0,2948.5,2951.0,67932.0,present
2442,2025-07-29 10:00:00+00:00,2951.5,2958.0,2950.0,2952.0,48460.0,present
2443,2025-07-29 12:00:00+00:00,2952.5,2980.0,2936.5,2939.5,122970.0,present
2444,2025-07-29 12:00:00+00:00,2952.5,2980.0,2936.5,2939.5,122970.0,present
2445,2025-07-29 14:00:00+00:00,2940.0,2943.0,2924.0,2938.0,76164.0,present
2446,2025-07-29 16:00:00+00:00,2938.0,2951.0,2922.5,2924.0,33977.0,present
2447,2025-07-29 18:00:00+00:00,2922.5,2934.5,2920.0,2932.5,25194.0,present
2448,2025-07-29 20:00:00+00:00,2932.0,2940.0,2930.5,2935.0,4753.0,present
2449,2025-07-29 22:00:00+00:00,2933.1666666666665,2938.5,2932.1666666666665,2935.1666666666665,3174.333333333333,interpolated
2450,2025-07-30 00:00:00+00:00,2934.3333333333335,2937.0,2933.8333333333335,2935.3333333333335,1595.6666666666665,interpolated
2451,2025-07-30 02:00:00+00:00,2935.5,2935.5,2935.5,2935.5,17.0,present
2452,2025-07-30 04:00:00+00:00,2936.0,2965.0,2926.5,2945.5,31674.0,present
2453,2025-07-30 06:00:00+00:00,2944.0,2952.5,2924.0,2935.0,42827.0,present
2454,2025-07-30 08:00:00+00:00,2935.0,2935.0,2912.5,2923.5,72866.0,present
2455,2025-07-30 10:00:00+00:00,2923.5,2936.5,2919.5,2923.5,72327.0,present
2456,2025-07-30 12:00:00+00:00,2924.0,2924.0,2900.5,2910.0,98639.0,present
2457,2025-07-30 14:00:00+00:00,2910.5,2920.0,2909.0,2912.0,44698.0,present
2458,2025-07-30 16:00:00+00:00,2913.5,2925.5,2905.0,2907.0,30442.0,present
2459,2025-07-30 18:00:00+00:00,2907.0,2916.0,2904.0,2906.5,12666.0,present
2460,2025-07-30 20:00:00+00:00,2906.5,2909.0,2904.0,2909.0,5404.0,present
2461,2025-07-30 22:00:00+00:00,2909.1666666666665,2910.8333333333335,2907.5,2910.8333333333335,3613.666666666667,interpolated
2462,2025-07-31 00:00:00+00:00,2911.8333333333335,2912.6666666666665,2911.0,2912.6666666666665,1823.3333333333335,interpolated
2463,2025-07-31 02:00:00+00:00,2914.5,2914.5,2914.5,2914.5,33.0,present
2464,2025-07-31 04:00:00+00:00,2914.5,2932.0,2911.0,2925.5,18401.0,present
2465,2025-07-31 06:00:00+00:00,2925.0,2931.0,2907.0,2912.0,52459.0,present
2466,2025-07-31 08:00:00+00:00,2912.0,2914.5,2891.5,2902.0,89015.0,present
2467,2025-07-31 10:00:00+00:00,2902.0,2909.0,2875.0,2878.5,94826.0,present
2468,2025-07-31 12:00:00+00:00,2878.5,2899.0,2873.0,2897.5,94158.0,present
2469,2025-07-31 14:00:00+00:00,2897.0,2899.5,2875.0,2887.5,181921.0,present
2470,2025-07-31 16:00:00+00:00,2887.5,2896.5,2884.0,2890.5,26127.0,present
2471,2025-07-31 18:00:00+00:00,2891.5,2892.5,2880.0,2886.5,13136.0,present
2472,2025-07-31 20:00:00+00:00,2886.0,2886.0,2880.0,2883.5,4391.0,present
2473,2025-07-31 22:00:00+00:00,2885.6666666666665,2885.6666666666665,2881.6666666666665,2884.0,3027.333333333333,interpolated
2474,2025-08-01 00:00:00+00:00,2885.3333333333335,2885.3333333333335,2883.3333333333335,2884.5,1663.6666666666665,interpolated
2475,2025-08-01 02:00:00+00:00,2885.0,2885.0,2885.0,2885.0,300.0,present
2476,2025-08-01 04:00:00+00:00,2888.0,2909.0,2885.5,2897.5,44232.0,present
2477,2025-08-01 06:00:00+00:00,2897.5,2904.5,2890.0,2901.0,62176.0,present
2478,2025-08-01 08:00:00+00:00,2901.0,2903.0,2895.0,2900.0,59890.0,present
2479,2025-08-01 10:00:00+00:00,2900.0,2902.0,2882.0,2883.0,68678.0,present
2480,2025-08-01 12:00:00+00:00,2883.0,2886.5,2874.5,2877.0,92169.0,present
2481,2025-08-01 14:00:00+00:00,2877.0,2877.5,2856.0,2867.0,90186.0,present
2482,2025-08-01 16:00:00+00:00,2866.0,2875.5,2858.0,2873.5,30088.0,present
2483,2025-08-01 18:00:00+00:00,2874.0,2880.5,2871.0,2875.0,15484.0,present
2484,2025-08-01 20:00:00+00:00,2875.0,2877.0,2871.0,2876.0,4182.0,present
2485,2025-08-01 22:00:00+00:00,2875.185185185185,2877.1111111111113,2871.3333333333335,2876.1481481481483,4036.814814814815,interpolated
2486,2025-08-02 00:00:00+00:00,2875.3703703703704,2877.222222222222,2871.6666666666665,2876.296296296296,3891.6296296296296,interpolated
2487,2025-08-02 02:00:00+00:00,2875.5555555555557,2877.3333333333335,2872.0,2876.4444444444443,3746.4444444444443,interpolated
2488,2025-08-02 04:00:00+00:00,2875.740740740741,2877.4444444444443,2872.3333333333335,2876.5925925925926,3601.259259259259,interpolated
2489,2025-08-02 06:00:00+00:00,2875.925925925926,2877.5555555555557,2872.6666666666665,2876.740740740741,3456.074074074074,interpolated
2490,2025-08-02 08:00:00+00:00,2876.1111111111113,2877.6666666666665,2873.0,2876.8888888888887,3310.8888888888887,interpolated
2491,2025-08-02 10:00:00+00:00,2876.296296296296,2877.777777777778,2873.3333333333335,2877.037037037037,3165.703703703704,interpolated
2492,2025-08-02 12:00:00+00:00,2876.4814814814813,2877.8888888888887,2873.6666666666665,2877.185185185185,3020.5185185185187,interpolated
2493,2025-08-02 14:00:00+00:00,2876.6666666666665,2878.0,2874.0,2877.3333333333335,2875.3333333333335,interpolated
2494,2025-08-02 16:00:00+00:00,2876.8518518518517,2878.1111111111113,2874.3333333333335,2877.4814814814813,2730.1481481481483,interpolated
2495,2025-08-02 18:00:00+00:00,2877.037037037037,2878.222222222222,2874.6666666666665,2877.6296296296296,2584.962962962963,interpolated
2496,2025-08-02 20:00:00+00:00,2877.222222222222,2878.3333333333335,2875.0,2877.777777777778,2439.777777777778,interpolated
2497,2025-08-02 22:00:00+00:00,2877.4074074074074,2878.4444444444443,2875.3333333333335,2877.925925925926,2294.5925925925926,interpolated
2498,2025-08-03 00:00:00+00:00,2877.5925925925926,2878.5555555555557,2875.6666666666665,2878.074074074074,2149.407407407408,interpolated
2499,2025-08-03 02:00:00+00:00,2877.777777777778,2878.6666666666665,2876.0,2878.222222222222,2004.2222222222222,interpolated
2500,2025-08-03 04:00:00+00:00,2877.962962962963,2878.777777777778,2876.3333333333335,2878.3703703703704,1859.0370370370374,interpolated
2501,2025-08-03 06:00:00+00:00,2878.1481481481483,2878.8888888888887,2876.6666666666665,2878.5185185185187,1713.8518518518522,interpolated
2502,2025-08-03 08:00:00+00:00,2878.3333333333335,2879.0,2877.0,2878.6666666666665,1568.666666666667,interpolated
2503,2025-08-03 10:00:00+00:00,2878.5185185185187,2879.1111111111113,2877.3333333333335,2878.814814814815,1423.4814814814818,interpolated
2504,2025-08-03 12:00:00+00:00,2878.703703703704,2879.222222222222,2877.6666666666665,2878.962962962963,1278.2962962962965,interpolated
2505,2025-08-03 14:00:00+00:00,2878.8888888888887,2879.3333333333335,2878.0,2879.1111111111113,1133.1111111111113,interpolated
2506,2025-08-03 16:00:00+00:00,2879.074074074074,2879.4444444444443,2878.3333333333335,2879.259259259259,987.9259259259261,interpolated
2507,2025-08-03 18:00:00+00:00,2879.259259259259,2879.5555555555557,2878.6666666666665,2879.4074074074074,842.7407407407409,interpolated
2508,2025-08-03 20:00:00+00:00,2879.4444444444443,2879.6666666666665,2879.0,2879.5555555555557,697.5555555555557,interpolated
2509,2025-08-03 22:00:00+00:00,2879.6296296296296,2879.777777777778,2879.3333333333335,2879.703703703704,552.3703703703704,interpolated
2510,2025-08-04 00:00:00+00:00,2879.814814814815,2879.8888888888887,2879.6666666666665,2879.8518518518517,407.1851851851852,interpolated
2511,2025-08-04 02:00:00+00:00,2880.0,2880.0,2880.0,2880.0,262.0,present
2512,2025-08-04 04:00:00+00:00,2881.5,2890.0,2876.5,2888.0,26633.0,present
2513,2025-08-04 06:00:00+00:00,2887.0,2888.0,2875.0,2883.5,37151.0,present
2514,2025-08-04 08:00:00+00:00,2883.5,2934.5,2882.0,2930.0,144321.0,present
2515,2025-08-04 10:00:00+00:00,2930.0,2965.0,2927.0,2952.0,276113.0,present
2516,2025-08-04 12:00:00+00:00,2952.0,2955.0,2945.5,2950.0,147275.0,present
2517,2025-08-04 14:00:00+00:00,2950.0,2956.0,2940.0,2955.0,76241.0,present
2518,2025-08-04 16:00:00+00:00,2955.0,2957.0,2945.0,2956.0,48519.0,present
2519,2025-08-04 18:00:00+00:00,2956.0,2956.5,2952.0,2955.0,14199.0,present
2520,2025-08-04 20:00:00+00:00,2955.0,2961.5,2951.5,2961.0,10579.0,present
2521,2025-08-04 22:00:00+00:00,2958.1666666666665,2962.5,2955.8333333333335,2962.1666666666665,7129.333333333333,interpolated
2522,2025-08-05 00:00:00+00:00,2961.3333333333335,2963.5,2960.1666666666665,2963.3333333333335,3679.666666666666,interpolated
2523,2025-08-05 02:00:00+00:00,2964.5,2964.5,2964.5,2964.5,230.0,present
2524,2025-08-05 04:00:00+00:00,2964.5,2978.5,2943.0,2945.5,71932.0,present
2525,2025-08-05 06:00:00+00:00,2945.0,2967.5,2942.0,2956.5,56828.0,present
2526,2025-08-05 08:00:00+00:00,2956.0,2956.5,2938.5,2940.0,117223.0,present
2527,2025-08-05 10:00:00+00:00,2940.0,2949.5,2939.0,2948.5,64099.0,present
2528,2025-08-05 12:00:00+00:00,2948.0,2960.0,2943.0,2956.0,104096.0,present
2529,2025-08-05 12:00:00+00:00,2948.0,2960.0,2943.0,2956.0,104096.0,present
2530,2025-08-05 14:00:00+00:00,2955.5,2960.5,2945.0,2953.0,80112.0,present
2531,2025-08-05 16:00:00+00:00,2953.0,2965.0,2948.5,2957.0,34089.0,present
2532,2025-08-05 18:00:00+00:00,2957.0,2968.5,2956.0,2963.0,32632.0,present
2533,2025-08-05 20:00:00+00:00,2964.0,2975.0,2963.0,2969.0,12079.0,present
2534,2025-08-05 22:00:00+00:00,2966.0,2973.3333333333335,2965.3333333333335,2969.3333333333335,8079.666666666667,interpolated
2535,2025-08-06 00:00:00+00:00,2968.0,2971.6666666666665,2967.6666666666665,2969.6666666666665,4080.333333333334,interpolated
2536,2025-08-06 02:00:00+00:00,2970.0,2970.0,2970.0,2970.0,81.0,present
2537,2025-08-06 04:00:00+00:00,2970.0,2975.0,2942.5,2954.5,71781.0,present
2538,2025-08-06 06:00:00+00:00,2954.5,2973.5,2954.0,2966.5,73096.0,present
2539,2025-08-06 08:00:00+00:00,2966.0,2968.5,2957.0,2963.0,64279.0,present
2540,2025-08-06 10:00:00+00:00,2963.0,2963.5,2952.0,2960.5,38229.0,present
2541,2025-08-06 12:00:00+00:00,2960.5,2965.5,2955.5,2958.5,58643.0,present
2542,2025-08-06 14:00:00+00:00,2957.0,2968.0,2940.0,2949.0,70747.0,present
2543,2025-08-06 16:00:00+00:00,2953.0,2985.0,2949.5,2975.5,91350.0,present
2544,2025-08-06 18:00:00+00:00,2976.0,3041.5,2975.5,3009.0,298346.0,present
2545,2025-08-06 20:00:00+00:00,3009.0,3019.5,2988.5,3016.0,63843.0,present
2546,2025-08-06 22:00:00+00:00,3011.3333333333335,3018.3333333333335,2997.6666666666665,3016.0,42765.66666666667,interpolated
2547,2025-08-07 00:00:00+00:00,3013.6666666666665,3017.1666666666665,3006.8333333333335,3016.0,21688.333333333336,interpolated
2548,2025-08-07 02:00:00+00:00,3016.0,3016.0,3016.0,3016.0,611.0,present
2549,2025-08-07 04:00:00+00:00,3016.0,3025.5,3000.0,3015.0,40736.0,present
2550,2025-08-07 06:00:00+00:00,3014.5,3022.5,2990.0,3020.5,121493.0,present
2551,2025-08-07 08:00:00+00:00,3020.0,3056.0,3020.0,3046.0,348774.0,present
2552,2025-08-07 10:00:00+00:00,3046.5,3049.0,3006.0,3014.5,391124.0,present
2553,2025-08-07 12:00:00+00:00,3014.5,3019.5,3005.0,3009.5,121303.0,present
2554,2025-08-07 14:00:00+00:00,3009.5,3016.5,2997.0,2997.0,126698.0,present
2555,2025-08-07 16:00:00+00:00,2997.0,3007.0,2982.5,2991.5,75867.0,present
2556,2025-08-07 18:00:00+00:00,2991.0,3006.0,2990.5,2999.5,34101.0,present
2557,2025-08-07 20:00:00+00:00,2999.5,3009.5,2996.0,3008.5,21751.0,present
2558,2025-08-07 22:00:00+00:00,3004.8333333333335,3011.5,3002.5,3010.8333333333335,14540.0,interpolated
2559,2025-08-08 00:00:00+00:00,3010.1666666666665,3013.5,3009.0,3013.1666666666665,7329.0,interpolated
2560,2025-08-08 02:00:00+00:00,3015.5,3015.5,3015.5,3015.5,118.0,present
2561,2025-08-08 04:00:00+00:00,3015.5,3020.5,3005.0,3016.0,29415.0,present
2562,2025-08-08 06:00:00+00:00,3015.5,3016.5,2990.0,3002.5,65352.0,present
2563,2025-08-08 08:00:00+00:00,3001.5,3011.5,2997.0,3008.5,57707.0,present
2564,2025-08-08 10:00:00+00:00,3008.0,3040.0,3002.0,3028.5,113813.0,present
2565,2025-08-08 12:00:00+00:00,3028.5,3029.0,3015.0,3022.5,67177.0,present
2566,2025-08-08 14:00:00+00:00,3022.5,3023.5,3003.5,3013.0,174274.0,present
2567,2025-08-08 16:00:00+00:00,3013.0,3023.5,3006.5,3013.0,50928.0,present
2568,2025-08-08 18:00:00+00:00,3013.0,3017.0,3011.0,3013.5,29758.0,present
2569,2025-08-08 20:00:00+00:00,3014.0,3021.5,3003.0,3013.0,96803.0,present
2570,2025-08-08 22:00:00+00:00,3014.5,3021.722222222222,3003.9074074074074,3013.537037037037,93263.37037037036,interpolated
2571,2025-08-09 00:00:00+00:00,3015.0,3021.9444444444443,3004.814814814815,3014.074074074074,89723.74074074074,interpolated
2572,2025-08-09 02:00:00+00:00,3015.5,3022.1666666666665,3005.722222222222,3014.6111111111113,86184.11111111111,interpolated
2573,2025-08-09 04:00:00+00:00,3016.0,3022.3888888888887,3006.6296296296296,3015.1481481481483,82644.48148148149,interpolated
2574,2025-08-09 06:00:00+00:00,3016.5,3022.6111111111113,3007.537037037037,3015.685185185185,79104.85185185185,interpolated
2575,2025-08-09 08:00:00+00:00,3017.0,3022.8333333333335,3008.4444444444443,3016.222222222222,75565.22222222222,interpolated
2576,2025-08-09 10:00:00+00:00,3017.5,3023.0555555555557,3009.3518518518517,3016.759259259259,72025.5925925926,interpolated
2577,2025-08-09 12:00:00+00:00,3018.0,3023.277777777778,3010.259259259259,3017.296296296296,68485.96296296296,interpolated
2578,2025-08-09 14:00:00+00:00,3018.5,3023.5,3011.1666666666665,3017.8333333333335,64946.333333333336,interpolated
2579,2025-08-09 16:00:00+00:00,3019.0,3023.722222222222,3012.074074074074,3018.3703703703704,61406.70370370371,interpolated
2580,2025-08-09 18:00:00+00:00,3019.5,3023.9444444444443,3012.9814814814813,3018.9074074074074,57867.07407407408,interpolated
2581,2025-08-09 20:00:00+00:00,3020.0,3024.1666666666665,3013.8888888888887,3019.4444444444443,54327.444444444445,interpolated
2582,2025-08-09 22:00:00+00:00,3020.5,3024.3888888888887,3014.796296296296,3019.9814814814813,50787.81481481482,interpolated
2583,2025-08-10 00:00:00+00:00,3021.0,3024.6111111111113,3015.703703703704,3020.5185185185187,47248.18518518519,interpolated
2584,2025-08-10 02:00:00+00:00,3021.5,3024.8333333333335,3016.6111111111113,3021.0555555555557,43708.55555555556,interpolated
2585,2025-08-10 04:00:00+00:00,3022.0,3025.0555555555557,3017.5185185185187,3021.5925925925926,40168.925925925934,interpolated
2586,2025-08-10 06:00:00+00:00,3022.5,3025.277777777778,3018.425925925926,3022.1296296296296,36629.2962962963,interpolated
2587,2025-08-10 08:00:00+00:00,3023.0,3025.5,3019.3333333333335,3022.6666666666665,33089.66666666667,interpolated
2588,2025-08-10 10:00:00+00:00,3023.5,3025.722222222222,3020.240740740741,3023.203703703704,29550.037037037036,interpolated
2589,2025-08-10 12:00:00+00:00,3024.0,3025.9444444444443,3021.1481481481483,3023.740740740741,26010.407407407416,interpolated
2590,2025-08-10 14:00:00+00:00,3024.5,3026.1666666666665,3022.0555555555557,3024.277777777778,22470.77777777778,interpolated
2591,2025-08-10 16:00:00+00:00,3025.0,3026.3888888888887,3022.962962962963,3024.814814814815,18931.14814814816,interpolated
2592,2025-08-10 18:00:00+00:00,3025.5,3026.6111111111113,3023.8703703703704,3025.3518518518517,15391.518518518526,interpolated
2593,2025-08-10 20:00:00+00:00,3026.0,3026.8333333333335,3024.777777777778,3025.8888888888887,11851.88888888889,interpolated
2594,2025-08-10 22:00:00+00:00,3026.5,3027.0555555555557,3025.685185185185,3026.425925925926,8312.25925925927,interpolated
2595,2025-08-11 00:00:00+00:00,3027.0,3027.277777777778,3026.5925925925926,3026.962962962963,4772.629629629635,interpolated
2596,2025-08-11 02:00:00+00:00,3027.5,3027.5,3027.5,3027.5,1233.0,present
2597,2025-08-11 04:00:00+00:00,3027.5,3065.0,3022.5,3047.0,184844.0,present
2598,2025-08-11 06:00:00+00:00,3047.0,3064.5,3040.5,3060.0,180769.0,present
2599,2025-08-11 08:00:00+00:00,3058.0,3070.0,3046.5,3054.0,199663.0,present
2600,2025-08-11 10:00:00+00:00,3054.0,3070.0,3044.5,3069.0,129220.0,present
2601,2025-08-11 12:00:00+00:00,3069.0,3077.0,3065.0,3069.5,126825.0,present
2602,2025-08-11 14:00:00+00:00,3070.0,3072.5,3059.5,3059.5,86985.0,present
2603,2025-08-11 16:00:00+00:00,3059.0,3060.0,3043.5,3052.5,62790.0,present
2604,2025-08-11 18:00:00+00:00,3052.5,3064.0,3051.5,3061.5,16290.0,present
2605,2025-08-11 20:00:00+00:00,3062.5,3070.0,3062.5,3066.5,9275.0,present
2606,2025-08-11 22:00:00+00:00,3065.0,3070.0,3065.0,3067.6666666666665,6235.333333333333,interpolated
2607,2025-08-12 00:00:00+00:00,3067.5,3070.0,3067.5,3068.8333333333335,3195.666666666666,interpolated
2608,2025-08-12 02:00:00+00:00,3070.0,3070.0,3070.0,3070.0,156.0,present
2609,2025-08-12 04:00:00+00:00,3067.0,3076.5,3046.5,3059.0,28806.0,present
2610,2025-08-12 06:00:00+00:00,3059.0,3066.0,3045.5,3047.5,100475.0,present
2611,2025-08-12 08:00:00+00:00,3047.5,3050.0,3037.0,3050.0,102901.0,present
2612,2025-08-12 10:00:00+00:00,3049.5,3055.5,3043.5,3045.0,146092.0,present
2613,2025-08-12 12:00:00+00:00,3045.0,3055.5,3040.0,3046.0,102064.0,present
2614,2025-08-12 12:00:00+00:00,3045.0,3055.5,3040.0,3046.0,102064.0,present
2615,2025-08-12 14:00:00+00:00,3046.0,3057.0,3044.0,3055.5,96338.0,present
2616,2025-08-12 16:00:00+00:00,3056.0,3057.0,3048.5,3057.0,19143.0,present
2617,2025-08-12 18:00:00+00:00,3057.0,3057.0,3050.0,3051.5,19525.0,present
2618,2025-08-12 20:00:00+00:00,3051.0,3054.0,3048.5,3052.5,8728.0,present
2619,2025-08-12 22:00:00+00:00,3052.3333333333335,3054.3333333333335,3050.6666666666665,3053.3333333333335,5967.666666666666,interpolated
2620,2025-08-13 00:00:00+00:00,3053.6666666666665,3054.6666666666665,3052.8333333333335,3054.1666666666665,3207.333333333333,interpolated
2621,2025-08-13 02:00:00+00:00,3055.0,3055.0,3055.0,3055.0,447.0,present
2622,2025-08-13 04:00:00+00:00,3054.5,3069.0,3052.5,3063.0,34043.0,present
2623,2025-08-13 06:00:00+00:00,3061.5,3075.0,3041.0,3069.5,439262.0,present
2624,2025-08-13 08:00:00+00:00,3069.5,3075.0,3046.5,3047.0,207308.0,present
2625,2025-08-13 10:00:00+00:00,3047.5,3061.5,3041.0,3043.5,192763.0,present
2626,2025-08-13 12:00:00+00:00,3043.5,3050.5,3041.0,3042.0,127660.0,present
2627,2025-08-13 14:00:00+00:00,3042.0,3048.5,3028.0,3037.0,225565.0,present
2628,2025-08-13 16:00:00+00:00,3038.0,3043.5,3012.0,3016.0,88089.0,present
2629,2025-08-13 18:00:00+00:00,3016.0,3017.0,3002.0,3011.5,62412.0,present
2630,2025-08-13 20:00:00+00:00,3012.0,3017.0,3007.5,3015.0,18896.0,present
2631,2025-08-13 22:00:00+00:00,3015.6666666666665,3019.0,3012.6666666666665,3017.6666666666665,12654.333333333332,interpolated
2632,2025-08-14 00:00:00+00:00,3019.3333333333335,3021.0,3017.8333333333335,3020.3333333333335,6412.666666666666,interpolated
2633,2025-08-14 02:00:00+00:00,3023.0,3023.0,3023.0,3023.0,171.0,present
2634,2025-08-14 04:00:00+00:00,3023.0,3026.0,3002.0,3018.5,35902.0,present
2635,2025-08-14 06:00:00+00:00,3018.0,3021.0,2980.5,2990.0,125203.0,present
2636,2025-08-14 08:00:00+00:00,2990.0,2990.0,2967.0,2983.5,169834.0,present
2637,2025-08-14 10:00:00+00:00,2983.5,3007.5,2982.5,3001.5,88701.0,present
2638,2025-08-14 12:00:00+00:00,3001.5,3019.5,2992.5,3019.5,148288.0,present
2639,2025-08-14 14:00:00+00:00,3019.5,3047.0,2998.0,3037.5,390210.0,present
2640,2025-08-14 16:00:00+00:00,3037.0,3037.5,3006.5,3024.0,65051.0,present
2641,2025-08-14 18:00:00+00:00,3024.0,3035.0,3020.0,3023.5,34783.0,present
2642,2025-08-14 20:00:00+00:00,3022.5,3023.5,3018.0,3022.5,6399.0,present
2643,2025-08-14 22:00:00+00:00,3023.6666666666665,3024.3333333333335,3020.6666666666665,3023.6666666666665,4313.333333333333,interpolated
2644,2025-08-15 00:00:00+00:00,3024.8333333333335,3025.1666666666665,3023.3333333333335,3024.8333333333335,2227.666666666666,interpolated
2645,2025-08-15 02:00:00+00:00,3026.0,3026.0,3026.0,3026.0,142.0,present
2646,2025-08-15 04:00:00+00:00,3026.5,3033.0,3021.5,3028.0,12436.0,present
2647,2025-08-15 06:00:00+00:00,3027.5,3028.0,3001.0,3003.5,66462.0,present
2648,2025-08-15 08:00:00+00:00,3003.5,3035.0,3001.5,3018.5,85241.0,present
2649,2025-08-15 10:00:00+00:00,3018.0,3033.5,3016.0,3031.0,65667.0,present
2650,2025-08-15 12:00:00+00:00,3032.0,3034.0,3014.5,3025.0,136258.0,present
2651,2025-08-15 14:00:00+00:00,3025.5,3029.0,3015.0,3023.0,96803.0,present
2652,2025-08-15 16:00:00+00:00,3023.0,3023.0,3015.5,3018.0,35061.0,present
2653,2025-08-15 18:00:00+00:00,3017.5,3020.0,3016.0,3019.5,29864.0,present
2654,2025-08-15 20:00:00+00:00,3020.0,3020.0,3015.0,3019.0,11512.0,present
2655,2025-08-15 22:00:00+00:00,3017.2,3017.6,2997.1,3016.0,22748.0,interpolated
2656,2025-08-16 00:00:00+00:00,3014.4,3015.2,2979.2,3013.0,33984.0,interpolated
2657,2025-08-16 02:00:00+00:00,3011.6,3012.8,2961.3,3010.0,45220.0,interpolated
2658,2025-08-16 04:00:00+00:00,3008.8,3010.4,2943.4,3007.0,56456.0,interpolated
2659,2025-08-16 06:00:00+00:00,3006.0,3008.0,2925.5,3004.0,67692.0,present
2660,2025-08-16 08:00:00+00:00,3002.5,3004.0,2985.5,2988.0,27233.0,present
2661,2025-08-16 10:00:00+00:00,2988.0,2998.0,2985.5,2995.5,12622.0,present
2662,2025-08-16 12:00:00+00:00,2996.0,2999.5,2992.5,2999.0,7896.0,present
2663,2025-08-16 14:00:00+00:00,2999.5,2999.5,2995.0,2998.5,6368.0,present
2664,2025-08-16 16:00:00+00:00,2999.5,3000.5625,2995.375,2999.4375,6439.75,interpolated
2665,2025-08-16 18:00:00+00:00,2999.5,3001.625,2995.75,3000.375,6511.5,interpolated
2666,2025-08-16 20:00:00+00:00,2999.5,3002.6875,2996.125,3001.3125,6583.25,interpolated
2667,2025-08-16 22:00:00+00:00,2999.5,3003.75,2996.5,3002.25,6655.0,interpolated
2668,2025-08-17 00:00:00+00:00,2999.5,3004.8125,2996.875,3003.1875,6726.75,interpolated
2669,2025-08-17 02:00:00+00:00,2999.5,3005.875,2997.25,3004.125,6798.5,interpolated
2670,2025-08-17 04:00:00+00:00,2999.5,3006.9375,2997.625,3005.0625,6870.25,interpolated
2671,2025-08-17 06:00:00+00:00,2999.5,3008.0,2998.0,3006.0,6942.0,present
2672,2025-08-17 08:00:00+00:00,3006.0,3010.0,3000.0,3008.0,7657.0,present
2673,2025-08-17 10:00:00+00:00,3008.0,3010.0,3003.5,3004.0,5409.0,present
2674,2025-08-17 12:00:00+00:00,3004.0,3005.5,2997.5,3000.0,8036.0,present
2675,2025-08-17 14:00:00+00:00,3000.0,3000.0,2995.5,2996.0,5099.0,present
2676,2025-08-17 16:00:00+00:00,2999.3333333333335,2999.3333333333335,2995.5833333333335,2996.0,4316.333333333333,interpolated
2677,2025-08-17 18:00:00+00:00,2998.6666666666665,2998.6666666666665,2995.6666666666665,2996.0,3533.666666666667,interpolated
2678,2025-08-17 20:00:00+00:00,2998.0,2998.0,2995.75,2996.0,2751.0,interpolated
2679,2025-08-17 22:00:00+00:00,2997.3333333333335,2997.3333333333335,2995.8333333333335,2996.0,1968.3333333333335,interpolated
2680,2025-08-18 00:00:00+00:00,2996.6666666666665,2996.6666666666665,2995.9166666666665,2996.0,1185.666666666667,interpolated
2681,2025-08-18 02:00:00+00:00,2996.0,2996.0,2996.0,2996.0,403.0,present
2682,2025-08-18 04:00:00+00:00,2996.0,3017.5,2987.5,3008.0,28915.0,present
2683,2025-08-18 06:00:00+00:00,3008.0,3020.0,3005.5,3019.5,66778.0,present
2684,2025-08-18 08:00:00+00:00,3019.5,3033.0,3004.5,3025.5,85163.0,present
2685,2025-08-18 10:00:00+00:00,3025.5,3027.0,3012.0,3013.5,39928.0,present
2686,2025-08-18 12:00:00+00:00,3013.5,3018.0,3004.0,3004.0,73726.0,present
2687,2025-08-18 14:00:00+00:00,3005.0,3008.5,2980.5,2990.5,139298.0,present
2688,2025-08-18 16:00:00+00:00,2990.5,3009.0,2981.5,3004.0,38395.0,present
2689,2025-08-18 18:00:00+00:00,3005.0,3030.0,3003.0,3023.5,83839.0,present
2690,2025-08-18 20:00:00+00:00,3024.0,3028.0,3011.0,3022.5,11401.0,present
2691,2025-08-18 22:00:00+00:00,3023.3333333333335,3026.0,3014.6666666666665,3022.3333333333335,7705.666666666667,interpolated
2692,2025-08-19 00:00:00+00:00,3022.6666666666665,3024.0,3018.3333333333335,3022.1666666666665,4010.333333333334,interpolated
2693,2025-08-19 02:00:00+00:00,3022.0,3022.0,3022.0,3022.0,315.0,present
2694,2025-08-19 04:00:00+00:00,3022.5,3036.5,3020.5,3029.0,47577.0,present
2695,2025-08-19 06:00:00+00:00,3028.0,3037.0,3014.0,3022.5,84505.0,present
2696,2025-08-19 08:00:00+00:00,3022.0,3028.5,3009.5,3016.0,83757.0,present
2697,2025-08-19 10:00:00+00:00,3016.5,3020.0,3012.5,3016.0,50946.0,present
2698,2025-08-19 12:00:00+00:00,3016.5,3019.5,3010.0,3018.0,46929.0,present
2699,2025-08-19 12:00:00+00:00,3016.5,3019.5,3010.0,3018.0,46929.0,present
2700,2025-08-19 14:00:00+00:00,3019.5,3025.0,3010.5,3010.5,72920.0,present
2701,2025-08-19 16:00:00+00:00,3011.0,3018.0,3003.0,3015.0,34058.0,present
2702,2025-08-19 18:00:00+00:00,3015.0,3015.0,3012.5,3014.5,8964.0,present
2703,2025-08-19 20:00:00+00:00,3015.0,3015.0,3013.5,3014.5,3106.0,present
2704,2025-08-19 22:00:00+00:00,3014.8333333333335,3014.8333333333335,3013.8333333333335,3014.5,2072.0,interpolated
2705,2025-08-20 00:00:00+00:00,3014.6666666666665,3014.6666666666665,3014.1666666666665,3014.5,1038.0,interpolated
2706,2025-08-20 02:00:00+00:00,3014.5,3014.5,3014.5,3014.5,4.0,present
2707,2025-08-20 04:00:00+00:00,3014.5,3021.5,3012.0,3016.5,8642.0,present
2708,2025-08-20 06:00:00+00:00,3017.5,3021.5,3010.5,3012.5,23528.0,present
2709,2025-08-20 08:00:00+00:00,3012.5,3016.5,3007.5,3008.0,45409.0,present
2710,2025-08-20 10:00:00+00:00,3007.5,3010.0,2994.0,2996.0,58827.0,present
2711,2025-08-20 12:00:00+00:00,2996.0,3000.5,2976.5,2981.5,120403.0,present
2712,2025-08-20 14:00:00+00:00,2981.5,2994.0,2980.0,2993.0,35156.0,present
2713,2025-08-20 16:00:00+00:00,2995.0,2997.0,2982.5,2989.5,23146.0,present
2714,2025-08-20 18:00:00+00:00,2989.5,2995.5,2987.5,2995.5,8156.0,present
2715,2025-08-20 20:00:00+00:00,2995.5,2998.0,2995.0,2996.5,2801.0,present
2716,2025-08-20 22:00:00+00:00,2995.8333333333335,2997.5,2995.5,2996.5,1902.3333333333335,interpolated
2717,2025-08-21 00:00:00+00:00,2996.1666666666665,2997.0,2996.0,2996.5,1003.6666666666667,interpolated
2718,2025-08-21 02:00:00+00:00,2996.5,2996.5,2996.5,2996.5,105.0,present
2719,2025-08-21 04:00:00+00:00,2998.5,3003.0,2988.0,2991.0,8724.0,present
2720,2025-08-21 06:00:00+00:00,2991.0,2999.0,2975.0,2976.5,46916.0,present
2721,2025-08-21 08:00:00+00:00,2976.5,2982.0,2962.0,2980.5,96261.0,present
2722,2025-08-21 10:00:00+00:00,2980.0,2982.0,2963.0,2972.5,91913.0,present
2723,2025-08-21 12:00:00+00:00,2972.5,2973.0,2948.0,2955.0,77421.0,present
2724,2025-08-21 14:00:00+00:00,2950.5,2963.0,2941.0,2957.0,80452.0,present
2725,2025-08-21 16:00:00+00:00,2959.5,2966.0,2945.0,2965.5,22207.0,present
2726,2025-08-21 18:00:00+00:00,2965.5,2966.0,2951.5,2954.0,15922.0,present
2727,2025-08-21 20:00:00+00:00,2953.0,2959.0,2948.5,2950.0,13188.0,present
2728,2025-08-21 22:00:00+00:00,2953.6666666666665,2957.6666666666665,2950.6666666666665,2951.6666666666665,8819.666666666668,interpolated
2729,2025-08-22 00:00:00+00:00,2954.3333333333335,2956.3333333333335,2952.8333333333335,2953.3333333333335,4451.333333333334,interpolated
2730,2025-08-22 02:00:00+00:00,2955.0,2955.0,2955.0,2955.0,83.0,present
2731,2025-08-22 04:00:00+00:00,2959.5,2964.5,2942.0,2958.0,15052.0,present
2732,2025-08-22 06:00:00+00:00,2958.0,2965.0,2941.5,2942.5,47932.0,present
2733,2025-08-22 08:00:00+00:00,2942.5,2948.5,2935.0,2937.0,73747.0,present
2734,2025-08-22 10:00:00+00:00,2937.0,2949.0,2937.0,2942.5,99501.0,present
2735,2025-08-22 12:00:00+00:00,2943.0,2945.5,2912.5,2921.5,124505.0,present
2736,2025-08-22 14:00:00+00:00,2922.0,2927.0,2915.0,2926.0,55798.0,present
2737,2025-08-22 16:00:00+00:00,2926.5,2936.0,2924.0,2934.0,27260.0,present
2738,2025-08-22 18:00:00+00:00,2934.0,2935.5,2931.0,2935.5,8813.0,present
2739,2025-08-22 20:00:00+00:00,2935.5,2942.0,2935.0,2940.5,9695.0,present
2740,2025-08-22 22:00:00+00:00,2936.5,2943.2,2936.1,2941.3,9169.6,interpolated
2741,2025-08-23 00:00:00+00:00,2937.5,2944.4,2937.2,2942.1,8644.2,interpolated
2742,2025-08-23 02:00:00+00:00,2938.5,2945.6,2938.3,2942.9,8118.8,interpolated
2743,2025-08-23 04:00:00+00:00,2939.5,2946.8,2939.4,2943.7,7593.4,interpolated
2744,2025-08-23 06:00:00+00:00,2940.5,2948.0,2940.5,2944.5,7068.0,present
2745,2025-08-23 08:00:00+00:00,2944.5,2945.5,2938.0,2939.5,10974.0,present
2746,2025-08-23 10:00:00+00:00,2939.5,2945.0,2937.5,2944.0,4540.0,present
2747,2025-08-23 12:00:00+00:00,2944.0,2947.5,2941.0,2946.5,4556.0,present
2748,2025-08-23 14:00:00+00:00,2945.5,2947.5,2945.0,2945.5,2992.0,present
2749,2025-08-23 16:00:00+00:00,2945.5,2947.3125,2943.6875,2945.3125,3284.375,interpolated
2750,2025-08-23 18:00:00+00:00,2945.5,2947.125,2942.375,2945.125,3576.75,interpolated
2751,2025-08-23 20:00:00+00:00,2945.5,2946.9375,2941.0625,2944.9375,3869.125,interpolated
2752,2025-08-23 22:00:00+00:00,2945.5,2946.75,2939.75,2944.75,4161.5,interpolated
2753,2025-08-24 00:00:00+00:00,2945.5,2946.5625,2938.4375,2944.5625,4453.875,interpolated
2754,2025-08-24 02:00:00+00:00,2945.5,2946.375,2937.125,2944.375,4746.25,interpolated
2755,2025-08-24 04:00:00+00:00,2945.5,2946.1875,2935.8125,2944.1875,5038.625,interpolated
2756,2025-08-24 06:00:00+00:00,2945.5,2946.0,2934.5,2944.0,5331.0,present
2757,2025-08-24 08:00:00+00:00,2944.0,2944.0,2937.0,2943.0,4094.0,present
2758,2025-08-24 10:00:00+00:00,2943.0,2947.5,2940.5,2943.0,3702.0,present
2759,2025-08-24 12:00:00+00:00,2943.0,2945.0,2935.0,2940.0,4214.0,present
2760,2025-08-24 14:00:00+00:00,2940.5,2941.0,2935.0,2941.0,5233.0,present
2761,2025-08-24 16:00:00+00:00,2940.6666666666665,2941.0833333333335,2936.0833333333335,2941.0833333333335,4391.0,interpolated
2762,2025-08-24 18:00:00+00:00,2940.8333333333335,2941.1666666666665,2937.1666666666665,2941.1666666666665,3549.0,interpolated
2763,2025-08-24 20:00:00+00:00,2941.0,2941.25,2938.25,2941.25,2707.0,interpolated
2764,2025-08-24 22:00:00+00:00,2941.1666666666665,2941.3333333333335,2939.3333333333335,2941.3333333333335,1865.0,interpolated
2765,2025-08-25 00:00:00+00:00,2941.3333333333335,2941.4166666666665,2940.4166666666665,2941.4166666666665,1023.0,interpolated
2766,2025-08-25 02:00:00+00:00,2941.5,2941.5,2941.5,2941.5,181.0,present
2767,2025-08-25 04:00:00+00:00,2943.0,2945.5,2918.5,2933.0,19793.0,present
2768,2025-08-25 06:00:00+00:00,2934.0,2946.5,2932.5,2938.0,71459.0,present
2769,2025-08-25 08:00:00+00:00,2938.5,2943.5,2928.0,2935.5,93040.0,present
2770,2025-08-25 10:00:00+00:00,2935.5,2941.5,2928.0,2933.5,85826.0,present
2771,2025-08-25 12:00:00+00:00,2933.5,2942.5,2931.5,2941.5,81562.0,present
2772,2025-08-25 14:00:00+00:00,2941.0,2955.5,2939.0,2940.0,95898.0,present
2773,2025-08-25 16:00:00+00:00,2939.5,2944.0,2937.5,2942.0,16555.0,present
2774,2025-08-25 18:00:00+00:00,2942.0,2947.0,2942.0,2946.0,8754.0,present
2775,2025-08-25 20:00:00+00:00,2946.0,2947.5,2945.5,2946.5,4023.0,present
2776,2025-08-25 22:00:00+00:00,2944.0,2945.0,2943.6666666666665,2944.3333333333335,2715.3333333333335,interpolated
2777,2025-08-26 00:00:00+00:00,2942.0,2942.5,2941.8333333333335,2942.1666666666665,1407.666666666667,interpolated
2778,2025-08-26 02:00:00+00:00,2940.0,2940.0,2940.0,2940.0,100.0,present
2779,2025-08-26 04:00:00+00:00,2950.0,2964.0,2941.0,2964.0,14545.0,present
2780,2025-08-26 06:00:00+00:00,2963.5,2973.0,2960.0,2963.5,71487.0,present
2781,2025-08-26 08:00:00+00:00,2965.0,2971.5,2959.0,2962.0,120793.0,present
2782,2025-08-26 10:00:00+00:00,2961.5,2964.5,2950.0,2962.5,59210.0,present
2783,2025-08-26 12:00:00+00:00,2962.0,2962.5,2947.5,2948.0,56845.0,present
2784,2025-08-26 12:00:00+00:00,2962.0,2962.5,2947.5,2948.0,56845.0,present
2785,2025-08-26 14:00:00+00:00,2948.0,2950.5,2936.0,2941.0,58051.0,present
2786,2025-08-26 16:00:00+00:00,2941.5,2949.5,2939.0,2948.0,17303.0,present
2787,2025-08-26 18:00:00+00:00,2948.5,2955.5,2946.0,2954.0,6652.0,present
2788,2025-08-26 20:00:00+00:00,2954.0,2958.0,2951.5,2956.0,2856.0,present
2789,2025-08-26 22:00:00+00:00,2954.6666666666665,2957.3333333333335,2953.0,2956.0,1906.0,interpolated
2790,2025-08-27 00:00:00+00:00,2955.3333333333335,2956.6666666666665,2954.5,2956.0,956.0,interpolated
2791,2025-08-27 02:00:00+00:00,2956.0,2956.0,2956.0,2956.0,6.0,present
2792,2025-08-27 04:00:00+00:00,2959.5,2963.0,2950.0,2953.0,6414.0,present
2793,2025-08-27 06:00:00+00:00,2954.0,2954.0,2935.0,2943.0,114354.0,present
2794,2025-08-27 08:00:00+00:00,2943.0,2953.0,2942.0,2943.0,54797.0,present
2795,2025-08-27 10:00:00+00:00,2944.0,2950.0,2938.0,2943.5,51865.0,present
2796,2025-08-27 12:00:00+00:00,2942.5,2945.0,2940.0,2943.0,37368.0,present
2797,2025-08-27 14:00:00+00:00,2943.0,2944.0,2935.5,2937.0,40511.0,present
2798,2025-08-27 16:00:00+00:00,2937.0,2941.0,2932.0,2940.5,38846.0,present
2799,2025-08-27 18:00:00+00:00,2940.5,2944.0,2937.5,2942.5,14826.0,present
2800,2025-08-27 20:00:00+00:00,2943.0,2944.5,2942.0,2942.0,4587.0,present
2801,2025-08-27 22:00:00+00:00,2943.6666666666665,2944.6666666666665,2943.0,2943.0,3058.333333333333,interpolated
2802,2025-08-28 00:00:00+00:00,2944.3333333333335,2944.8333333333335,2944.0,2944.0,1529.6666666666665,interpolated
2803,2025-08-28 02:00:00+00:00,2945.0,2945.0,2945.0,2945.0,1.0,present
2804,2025-08-28 04:00:00+00:00,2942.0,2947.5,2940.5,2944.5,5975.0,present
2805,2025-08-28 06:00:00+00:00,2945.0,2945.5,2934.0,2938.5,31739.0,present
2806,2025-08-28 08:00:00+00:00,2938.0,2951.5,2937.5,2946.0,99686.0,present
2807,2025-08-28 10:00:00+00:00,2945.5,2948.5,2934.0,2936.0,34248.0,present
2808,2025-08-28 12:00:00+00:00,2935.5,2940.0,2927.5,2930.0,49180.0,present
2809,2025-08-28 14:00:00+00:00,2930.5,2936.5,2930.0,2933.5,27206.0,present
2810,2025-08-28 16:00:00+00:00,2933.5,2938.0,2920.0,2927.0,55650.0,present
2811,2025-08-28 18:00:00+00:00,2927.0,2928.5,2916.0,2923.0,41402.0,present
2812,2025-08-28 20:00:00+00:00,2922.5,2924.5,2920.5,2924.5,5161.0,present
2813,2025-08-28 22:00:00+00:00,2926.5,2927.8333333333335,2925.1666666666665,2927.8333333333335,3469.6666666666665,interpolated
2814,2025-08-29 00:00:00+00:00,2930.5,2931.1666666666665,2929.8333333333335,2931.1666666666665,1778.333333333333,interpolated
2815,2025-08-29 02:00:00+00:00,2934.5,2934.5,2934.5,2934.5,87.0,present
2816,2025-08-29 04:00:00+00:00,2934.0,2934.0,2921.5,2930.0,5371.0,present
2817,2025-08-29 06:00:00+00:00,2930.5,2966.0,2930.0,2956.5,148297.0,present
2818,2025-08-29 08:00:00+00:00,2957.0,2958.5,2913.0,2915.0,224147.0,present
2819,2025-08-29 10:00:00+00:00,2915.0,2923.5,2897.0,2902.0,175627.0,present
2820,2025-08-29 12:00:00+00:00,2902.0,2921.5,2893.0,2912.0,153765.0,present
2821,2025-08-29 14:00:00+00:00,2912.0,2918.5,2889.0,2912.0,139535.0,present
2822,2025-08-29 16:00:00+00:00,2909.0,2914.5,2902.0,2911.5,34599.0,present
2823,2025-08-29 18:00:00+00:00,2911.0,2912.0,2905.0,2911.5,11016.0,present
2824,2025-08-29 20:00:00+00:00,2911.5,2913.0,2907.0,2909.0,5271.0,present
2825,2025-08-29 22:00:00+00:00,2911.2,2914.3,2907.6,2910.5,5434.8,interpolated
2826,2025-08-30 00:00:00+00:00,2910.9,2915.6,2908.2,2912.0,5598.6,interpolated
2827,2025-08-30 02:00:00+00:00,2910.6,2916.9,2908.8,2913.5,5762.4,interpolated
2828,2025-08-30 04:00:00+00:00,2910.3,2918.2,2909.4,2915.0,5926.2,interpolated
2829,2025-08-30 06:00:00+00:00,2910.0,2919.5,2910.0,2916.5,6090.0,present
2830,2025-08-30 08:00:00+00:00,2917.0,2918.0,2911.5,2915.0,6327.0,present
2831,2025-08-30 10:00:00+00:00,2915.0,2918.0,2913.0,2916.0,3611.0,present
2832,2025-08-30 12:00:00+00:00,2916.0,2918.0,2912.5,2916.5,3796.0,present
2833,2025-08-30 14:00:00+00:00,2917.0,2918.5,2907.0,2914.5,7443.0,present
2834,2025-08-30 16:00:00+00:00,2916.6875,2918.3125,2906.25,2914.375,7408.5,interpolated
2835,2025-08-30 18:00:00+00:00,2916.375,2918.125,2905.5,2914.25,7374.0,interpolated
2836,2025-08-30 20:00:00+00:00,2916.0625,2917.9375,2904.75,2914.125,7339.5,interpolated
2837,2025-08-30 22:00:00+00:00,2915.75,2917.75,2904.0,2914.0,7305.0,interpolated
2838,2025-08-31 00:00:00+00:00,2915.4375,2917.5625,2903.25,2913.875,7270.5,interpolated
2839,2025-08-31 02:00:00+00:00,2915.125,2917.375,2902.5,2913.75,7236.0,interpolated
2840,2025-08-31 04:00:00+00:00,2914.8125,2917.1875,2901.75,2913.625,7201.5,interpolated
2841,2025-08-31 06:00:00+00:00,2914.5,2917.0,2901.0,2913.5,7167.0,present
2842,2025-08-31 08:00:00+00:00,2913.0,2919.5,2912.0,2916.0,6761.0,present
2843,2025-08-31 10:00:00+00:00,2916.5,2918.5,2915.0,2918.5,3157.0,present
2844,2025-08-31 12:00:00+00:00,2918.5,2920.0,2917.5,2919.5,3057.0,present
2845,2025-08-31 14:00:00+00:00,2919.5,2924.5,2917.0,2924.5,8587.0,present
2846,2025-08-31 16:00:00+00:00,2920.4166666666665,2924.5833333333335,2918.3333333333335,2924.5833333333335,7164.666666666667,interpolated
2847,2025-08-31 18:00:00+00:00,2921.3333333333335,2924.6666666666665,2919.6666666666665,2924.6666666666665,5742.333333333334,interpolated
2848,2025-08-31 20:00:00+00:00,2922.25,2924.75,2921.0,2924.75,4320.0,interpolated
2849,2025-08-31 22:00:00+00:00,2923.1666666666665,2924.8333333333335,2922.3333333333335,2924.8333333333335,2897.666666666667,interpolated
2850,2025-09-01 00:00:00+00:00,2924.0833333333335,2924.9166666666665,2923.6666666666665,2924.9166666666665,1475.333333333334,interpolated
2851,2025-09-01 02:00:00+00:00,2925.0,2925.0,2925.0,2925.0,53.0,present
2852,2025-09-01 04:00:00+00:00,2924.5,2934.0,2917.0,2929.0,14574.0,present
2853,2025-09-01 06:00:00+00:00,2929.0,2937.5,2919.0,2936.0,60268.0,present
2854,2025-09-01 08:00:00+00:00,2936.5,2937.5,2923.5,2931.0,40248.0,present
2855,2025-09-01 10:00:00+00:00,2931.5,2933.0,2923.0,2925.5,29110.0,present
2856,2025-09-01 12:00:00+00:00,2926.0,2947.0,2923.0,2945.5,69122.0,present
2857,2025-09-01 14:00:00+00:00,2945.0,2946.0,2926.0,2926.0,83323.0,present
2858,2025-09-01 16:00:00+00:00,2927.0,2933.5,2922.0,2925.0,18433.0,present
2859,2025-09-01 18:00:00+00:00,2925.0,2927.0,2920.5,2924.0,8975.0,present
2860,2025-09-01 20:00:00+00:00,2924.5,2928.5,2920.5,2926.5,3032.0,present
2861,2025-09-01 22:00:00+00:00,2925.3333333333335,2928.0,2922.6666666666665,2926.6666666666665,2027.3333333333333,interpolated
2862,2025-09-02 00:00:00+00:00,2926.1666666666665,2927.5,2924.8333333333335,2926.8333333333335,1022.6666666666665,interpolated
2863,2025-09-02 02:00:00+00:00,2927.0,2927.0,2927.0,2927.0,18.0,present
2864,2025-09-02 04:00:00+00:00,2927.0,2937.0,2927.0,2934.0,13073.0,present
2865,2025-09-02 06:00:00+00:00,2933.5,2933.5,2902.0,2903.0,71018.0,present
2866,2025-09-02 08:00:00+00:00,2903.0,2904.5,2893.5,2901.0,83972.0,present
2867,2025-09-02 10:00:00+00:00,2901.0,2906.5,2898.0,2899.5,51245.0,present
2868,2025-09-02 12:00:00+00:00,2900.0,2908.0,2870.0,2886.5,165047.0,present
2869,2025-09-02 12:00:00+00:00,2900.0,2908.0,2870.0,2886.5,165047.0,present
2870,2025-09-02 14:00:00+00:00,2885.5,2895.0,2882.0,2890.0,51786.0,present
2871,2025-09-02 16:00:00+00:00,2890.0,2898.5,2888.5,2891.0,26395.0,present
2872,2025-09-02 18:00:00+00:00,2891.0,2914.5,2890.0,2908.0,28925.0,present
2873,2025-09-02 20:00:00+00:00,2909.0,2914.0,2907.5,2911.5,4877.0,present
2874,2025-09-02 22:00:00+00:00,2910.6666666666665,2914.0,2909.6666666666665,2912.3333333333335,3256.666666666667,interpolated
2875,2025-09-03 00:00:00+00:00,2912.3333333333335,2914.0,2911.8333333333335,2913.1666666666665,1636.3333333333335,interpolated
2876,2025-09-03 02:00:00+00:00,2914.0,2914.0,2914.0,2914.0,16.0,present
2877,2025-09-03 04:00:00+00:00,2914.5,2914.5,2894.0,2899.0,13996.0,present
2878,2025-09-03 06:00:00+00:00,2900.0,2911.0,2895.0,2899.5,31413.0,present
2879,2025-09-03 08:00:00+00:00,2899.5,2899.5,2877.5,2895.5,63230.0,present
2880,2025-09-03 10:00:00+00:00,2895.5,2908.0,2895.0,2907.0,29986.0,present
2881,2025-09-03 12:00:00+00:00,2908.0,2914.5,2904.5,2906.0,35714.0,present
2882,2025-09-03 14:00:00+00:00,2906.0,2909.5,2897.5,2903.0,27807.0,present
2883,2025-09-03 16:00:00+00:00,2904.0,2913.0,2903.0,2909.5,13215.0,present
2884,2025-09-03 18:00:00+00:00,2909.5,2919.5,2905.0,2918.5,23555.0,present
2885,2025-09-03 20:00:00+00:00,2919.0,2919.0,2913.5,2915.5,5829.0,present
2886,2025-09-03 22:00:00+00:00,2917.8333333333335,2917.8333333333335,2914.1666666666665,2915.5,3905.3333333333335,interpolated
2887,2025-09-04 00:00:00+00:00,2916.6666666666665,2916.6666666666665,2914.8333333333335,2915.5,1981.666666666667,interpolated
2888,2025-09-04 02:00:00+00:00,2915.5,2915.5,2915.5,2915.5,58.0,present
2889,2025-09-04 04:00:00+00:00,2912.5,2915.5,2905.5,2913.5,9906.0,present
2890,2025-09-04 06:00:00+00:00,2913.5,2916.0,2907.5,2912.5,29880.0,present
2891,2025-09-04 08:00:00+00:00,2911.5,2912.5,2905.0,2909.5,32594.0,present
2892,2025-09-04 10:00:00+00:00,2909.5,2911.0,2899.5,2902.0,39461.0,present
2893,2025-09-04 12:00:00+00:00,2901.0,2902.0,2895.0,2898.5,42900.0,present
2894,2025-09-04 14:00:00+00:00,2898.5,2904.0,2885.5,2895.0,100582.0,present
2895,2025-09-04 16:00:00+00:00,2895.5,2902.5,2892.5,2901.0,12403.0,present
2896,2025-09-04 18:00:00+00:00,2901.0,2906.5,2896.5,2900.0,22971.0,present
2897,2025-09-04 20:00:00+00:00,2899.5,2901.0,2895.0,2895.0,3772.0,present
2898,2025-09-04 22:00:00+00:00,2899.6666666666665,2900.6666666666665,2896.6666666666665,2896.6666666666665,2525.333333333333,interpolated
2899,2025-09-05 00:00:00+00:00,2899.8333333333335,2900.3333333333335,2898.3333333333335,2898.3333333333335,1278.6666666666665,interpolated
2900,2025-09-05 02:00:00+00:00,2900.0,2900.0,2900.0,2900.0,32.0,present
2901,2025-09-05 04:00:00+00:00,2902.0,2906.0,2891.0,2898.0,11165.0,present
2902,2025-09-05 06:00:00+00:00,2898.0,2905.0,2895.0,2897.5,60289.0,present
2903,2025-09-05 08:00:00+00:00,2898.0,2904.0,2896.5,2899.5,66999.0,present
2904,2025-09-05 10:00:00+00:00,2900.0,2908.5,2898.0,2900.0,120536.0,present
2905,2025-09-05 12:00:00+00:00,2900.0,2900.5,2888.5,2896.5,101394.0,present
2906,2025-09-05 14:00:00+00:00,2897.0,2920.0,2890.0,2918.5,130909.0,present
2907,2025-09-05 16:00:00+00:00,2918.5,2918.5,2910.0,2911.5,20626.0,present
2908,2025-09-05 18:00:00+00:00,2911.5,2911.5,2910.0,2911.0,14655.0,present
2909,2025-09-05 20:00:00+00:00,2911.5,2911.5,2909.5,2911.5,3632.0,present
2910,2025-09-05 22:00:00+00:00,2911.6,2911.6,2908.0,2911.0,4339.6,interpolated
2911,2025-09-06 00:00:00+00:00,2911.7,2911.7,2906.5,2910.5,5047.2,interpolated
2912,2025-09-06 02:00:00+00:00,2911.8,2911.8,2905.0,2910.0,5754.8,interpolated
2913,2025-09-06 04:00:00+00:00,2911.9,2911.9,2903.5,2909.5,6462.4,interpolated
2914,2025-09-06 06:00:00+00:00,2912.0,2912.0,2902.0,2909.0,7170.0,present
2915,2025-09-06 08:00:00+00:00,2909.5,2911.5,2907.5,2910.0,4526.0,present
2916,2025-09-06 10:00:00+00:00,2910.0,2911.0,2908.5,2909.5,2546.0,present
2917,2025-09-06 12:00:00+00:00,2910.5,2911.5,2908.5,2909.5,3063.0,present
2918,2025-09-06 14:00:00+00:00,2910.0,2911.5,2909.0,2911.0,2118.0,present
2919,2025-09-06 16:00:00+00:00,2910.125,2911.5,2908.875,2910.875,2124.5,interpolated
2920,2025-09-06 18:00:00+00:00,2910.25,2911.5,2908.75,2910.75,2131.0,interpolated
2921,2025-09-06 20:00:00+00:00,2910.375,2911.5,2908.625,2910.625,2137.5,interpolated
2922,2025-09-06 22:00:00+00:00,2910.5,2911.5,2908.5,2910.5,2144.0,interpolated
2923,2025-09-07 00:00:00+00:00,2910.625,2911.5,2908.375,2910.375,2150.5,interpolated
2924,2025-09-07 02:00:00+00:00,2910.75,2911.5,2908.25,2910.25,2157.0,interpolated
2925,2025-09-07 04:00:00+00:00,2910.875,2911.5,2908.125,2910.125,2163.5,interpolated
2926,2025-09-07 06:00:00+00:00,2911.0,2911.5,2908.0,2910.0,2170.0,present
2927,2025-09-07 08:00:00+00:00,2910.0,2914.5,2906.0,2912.0,8452.0,present
2928,2025-09-07 10:00:00+00:00,2912.0,2919.0,2911.5,2916.0,4372.0,present
2929,2025-09-07 12:00:00+00:00,2917.0,2919.5,2915.5,2916.0,4114.0,present
2930,2025-09-07 14:00:00+00:00,2916.0,2919.0,2915.5,2917.0,3084.0,present
2931,2025-09-07 16:00:00+00:00,2916.6666666666665,2919.1666666666665,2916.25,2917.5,2737.5,interpolated
2932,2025-09-07 18:00:00+00:00,2917.3333333333335,2919.3333333333335,2917.0,2918.0,2391.0,interpolated
2933,2025-09-07 20:00:00+00:00,2918.0,2919.5,2917.75,2918.5,2044.5,interpolated
2934,2025-09-07 22:00:00+00:00,2918.6666666666665,2919.6666666666665,2918.5,2919.0,1698.0,interpolated
2935,2025-09-08 00:00:00+00:00,2919.3333333333335,2919.8333333333335,2919.25,2919.5,1351.5,interpolated
2936,2025-09-08 02:00:00+00:00,2920.0,2920.0,2920.0,2920.0,1005.0,present
2937,2025-09-08 04:00:00+00:00,2917.0,2934.0,2910.0,2919.0,19919.0,present
2938,2025-09-08 06:00:00+00:00,2919.0,2967.5,2919.0,2959.5,175618.0,present
2939,2025-09-08 08:00:00+00:00,2960.0,2969.0,2951.0,2957.0,128629.0,present
2940,2025-09-08 10:00:00+00:00,2957.5,2960.0,2940.0,2950.0,100600.0,present
2941,2025-09-08 12:00:00+00:00,2950.0,2954.5,2946.0,2949.5,56906.0,present
2942,2025-09-08 14:00:00+00:00,2950.0,2952.5,2940.0,2943.5,58988.0,present
2943,2025-09-08 16:00:00+00:00,2943.0,2952.5,2943.0,2952.0,12940.0,present
2944,2025-09-08 18:00:00+00:00,2952.0,2962.0,2951.5,2955.5,17770.0,present
2945,2025-09-08 20:00:00+00:00,2956.5,2959.5,2953.0,2957.0,5154.0,present
2946,2025-09-08 22:00:00+00:00,2957.0,2959.0,2954.6666666666665,2957.3333333333335,3493.3333333333335,interpolated
2947,2025-09-09 00:00:00+00:00,2957.5,2958.5,2956.3333333333335,2957.6666666666665,1832.666666666667,interpolated
2948,2025-09-09 02:00:00+00:00,2958.0,2958.0,2958.0,2958.0,172.0,present
2949,2025-09-09 04:00:00+00:00,2958.0,2978.0,2958.0,2973.0,27877.0,present
2950,2025-09-09 06:00:00+00:00,2973.0,2973.0,2964.0,2965.5,45861.0,present
2951,2025-09-09 08:00:00+00:00,2965.0,2974.5,2960.0,2964.5,89465.0,present
2952,2025-09-09 10:00:00+00:00,2963.5,2965.0,2945.0,2953.5,59361.0,present
2953,2025-09-09 12:00:00+00:00,2953.5,2955.5,2946.0,2953.5,56090.0,present
2954,2025-09-09 12:00:00+00:00,2953.5,2955.5,2946.0,2953.5,56090.0,present
2955,2025-09-09 14:00:00+00:00,2953.5,2953.5,2941.5,2946.5,53125.0,present
2956,2025-09-09 16:00:00+00:00,2946.5,2948.5,2940.5,2946.0,13032.0,present
2957,2025-09-09 18:00:00+00:00,2946.0,2950.5,2945.5,2950.0,11614.0,present
2958,2025-09-09 20:00:00+00:00,2950.0,2950.5,2948.0,2950.5,3804.0,present
2959,2025-09-09 22:00:00+00:00,2949.1666666666665,2949.5,2947.8333333333335,2949.5,2570.333333333333,interpolated
2960,2025-09-10 00:00:00+00:00,2948.3333333333335,2948.5,2947.6666666666665,2948.5,1336.6666666666665,interpolated
2961,2025-09-10 02:00:00+00:00,2947.5,2947.5,2947.5,2947.5,103.0,present
2962,2025-09-10 04:00:00+00:00,2949.0,2954.0,2942.0,2948.0,22859.0,present
2963,2025-09-10 06:00:00+00:00,2947.0,2948.5,2931.5,2940.5,50810.0,present
2964,2025-09-10 08:00:00+00:00,2940.5,2948.0,2936.0,2945.0,82286.0,present
2965,2025-09-10 10:00:00+00:00,2944.5,2950.0,2932.5,2937.5,67302.0,present
2966,2025-09-10 12:00:00+00:00,2938.5,2940.5,2922.5,2929.0,38850.0,present
2967,2025-09-10 14:00:00+00:00,2929.0,2929.0,2920.0,2924.5,42140.0,present
2968,2025-09-10 16:00:00+00:00,2924.0,2929.0,2912.0,2929.0,32329.0,present
2969,2025-09-10 18:00:00+00:00,2928.5,2929.0,2923.0,2924.5,10076.0,present
2970,2025-09-10 20:00:00+00:00,2924.5,2928.5,2922.5,2927.5,2147.0,present
2971,2025-09-10 22:00:00+00:00,2925.5,2928.1666666666665,2924.1666666666665,2927.5,1444.6666666666665,interpolated
2972,2025-09-11 00:00:00+00:00,2926.5,2927.8333333333335,2925.8333333333335,2927.5,742.3333333333333,interpolated
2973,2025-09-11 02:00:00+00:00,2927.5,2927.5,2927.5,2927.5,40.0,present
2974,2025-09-11 04:00:00+00:00,2927.5,2938.5,2927.0,2935.5,10337.0,present
2975,2025-09-11 06:00:00+00:00,2934.5,2936.5,2916.5,2918.0,42878.0,present
2976,2025-09-11 08:00:00+00:00,2918.0,2919.5,2912.5,2914.0,66642.0,present
2977,2025-09-11 10:00:00+00:00,2914.0,2916.5,2901.5,2913.5,81061.0,present
2978,2025-09-11 12:00:00+00:00,2913.5,2929.5,2906.0,2910.0,59836.0,present
2979,2025-09-11 14:00:00+00:00,2910.0,2926.0,2909.5,2915.5,62051.0,present
2980,2025-09-11 16:00:00+00:00,2920.0,2921.0,2913.5,2916.5,15767.0,present
2981,2025-09-11 18:00:00+00:00,2916.0,2920.0,2914.5,2919.0,5940.0,present
2982,2025-09-11 20:00:00+00:00,2920.0,2923.0,2919.0,2922.5,2205.0,present
2983,2025-09-11 22:00:00+00:00,2920.8333333333335,2922.8333333333335,2920.1666666666665,2922.5,1485.0,interpolated
2984,2025-09-12 00:00:00+00:00,2921.6666666666665,2922.6666666666665,2921.3333333333335,2922.5,765.0,interpolated
2985,2025-09-12 02:00:00+00:00,2922.5,2922.5,2922.5,2922.5,45.0,present
2986,2025-09-12 04:00:00+00:00,2921.0,2927.0,2918.0,2919.0,7084.0,present
2987,2025-09-12 06:00:00+00:00,2920.0,2922.0,2910.5,2912.0,24229.0,present
2988,2025-09-12 08:00:00+00:00,2912.5,2920.0,2910.0,2913.0,49776.0,present
2989,2025-09-12 10:00:00+00:00,2912.0,2914.5,2895.0,2901.0,118560.0,present
2990,2025-09-12 12:00:00+00:00,2901.0,2904.0,2890.5,2895.5,94554.0,present
2991,2025-09-12 14:00:00+00:00,2895.5,2904.5,2892.0,2902.0,62940.0,present
2992,2025-09-12 16:00:00+00:00,2901.5,2906.0,2896.0,2900.0,50954.0,present
2993,2025-09-12 18:00:00+00:00,2900.5,2900.5,2897.5,2898.0,9896.0,present
2994,2025-09-12 20:00:00+00:00,2897.5,2900.5,2897.0,2898.5,5784.0,present
2995,2025-09-12 22:00:00+00:00,2897.6,2900.0,2897.2,2898.4,4675.0,interpolated
2996,2025-09-13 00:00:00+00:00,2897.7,2899.5,2897.4,2898.3,3566.0,interpolated
2997,2025-09-13 02:00:00+00:00,2897.8,2899.0,2897.6,2898.2,2457.0,interpolated
2998,2025-09-13 04:00:00+00:00,2897.9,2898.5,2897.8,2898.1,1348.0,interpolated
2999,2025-09-13 06:00:00+00:00,2898.0,2898.0,2898.0,2898.0,239.0,present
3000,2025-09-13 08:00:00+00:00,2898.5,2904.0,2898.0,2902.5,3681.0,present
3001,2025-09-13 10:00:00+00:00,2902.5,2904.0,2900.0,2902.5,3547.0,present
3002,2025-09-13 12:00:00+00:00,2903.0,2905.0,2899.0,2903.5,6430.0,present
3003,2025-09-13 14:00:00+00:00,2903.0,2903.5,2896.5,2898.0,8004.0,present
3004,2025-09-13 16:00:00+00:00,2902.4375,2903.6875,2896.375,2898.375,7664.25,interpolated
3005,2025-09-13 18:00:00+00:00,2901.875,2903.875,2896.25,2898.75,7324.5,interpolated
3006,2025-09-13 20:00:00+00:00,2901.3125,2904.0625,2896.125,2899.125,6984.75,interpolated
3007,2025-09-13 22:00:00+00:00,2900.75,2904.25,2896.0,2899.5,6645.0,interpolated
3008,2025-09-14 00:00:00+00:00,2900.1875,2904.4375,2895.875,2899.875,6305.25,interpolated
3009,2025-09-14 02:00:00+00:00,2899.625,2904.625,2895.75,2900.25,5965.5,interpolated
3010,2025-09-14 04:00:00+00:00,2899.0625,2904.8125,2895.625,2900.625,5625.75,interpolated
3011,2025-09-14 06:00:00+00:00,2898.5,2905.0,2895.5,2901.0,5286.0,present
3012,2025-09-14 08:00:00+00:00,2901.0,2901.5,2896.0,2898.5,2766.0,present
3013,2025-09-14 10:00:00+00:00,2898.5,2901.5,2896.5,2901.5,8970.0,present
3014,2025-09-14 12:00:00+00:00,2901.0,2904.5,2900.5,2902.5,3605.0,present
3015,2025-09-14 14:00:00+00:00,2902.5,2909.0,2902.0,2905.0,3906.0,present
3016,2025-09-14 16:00:00+00:00,2902.9166666666665,2908.3333333333335,2902.5,2905.0,3259.0,interpolated
3017,2025-09-14 18:00:00+00:00,2903.3333333333335,2907.6666666666665,2903.0,2905.0,2612.0,interpolated
3018,2025-09-14 20:00:00+00:00,2903.75,2907.0,2903.5,2905.0,1965.0,interpolated
3019,2025-09-14 22:00:00+00:00,2904.1666666666665,2906.3333333333335,2904.0,2905.0,1318.0,interpolated
3020,2025-09-15 00:00:00+00:00,2904.5833333333335,2905.6666666666665,2904.5,2905.0,671.0,interpolated
3021,2025-09-15 02:00:00+00:00,2905.0,2905.0,2905.0,2905.0,24.0,present
3022,2025-09-15 04:00:00+00:00,2905.0,2914.5,2900.0,2908.5,11446.0,present
3023,2025-09-15 06:00:00+00:00,2908.5,2944.5,2903.0,2930.5,119766.0,present
3024,2025-09-15 08:00:00+00:00,2931.0,2935.0,2916.0,2922.5,190276.0,present
3025,2025-09-15 10:00:00+00:00,2922.5,2924.0,2892.0,2901.5,163311.0,present
3026,2025-09-15 12:00:00+00:00,2901.0,2905.0,2889.0,2889.0,93202.0,present
3027,2025-09-15 14:00:00+00:00,2889.0,2896.5,2880.0,2896.5,70393.0,present
3028,2025-09-15 16:00:00+00:00,2896.5,2896.5,2892.0,2895.0,12185.0,present
3029,2025-09-15 18:00:00+00:00,2894.5,2895.0,2890.0,2891.0,9963.0,present
3030,2025-09-15 20:00:00+00:00,2891.0,2896.5,2890.0,2894.0,5395.0,present
3031,2025-09-15 22:00:00+00:00,2892.0,2895.6666666666665,2891.3333333333335,2894.0,3600.333333333333,interpolated
3032,2025-09-16 00:00:00+00:00,2893.0,2894.8333333333335,2892.6666666666665,2894.0,1805.6666666666665,interpolated
3033,2025-09-16 02:00:00+00:00,2894.0,2894.0,2894.0,2894.0,11.0,present
3034,2025-09-16 04:00:00+00:00,2894.5,2908.0,2894.0,2904.0,25591.0,present
3035,2025-09-16 06:00:00+00:00,2903.0,2909.0,2900.0,2905.0,81239.0,present
3036,2025-09-16 08:00:00+00:00,2905.5,2906.5,2862.5,2879.5,173060.0,present
3037,2025-09-16 10:00:00+00:00,2878.5,2896.5,2872.0,2886.0,85724.0,present
3038,2025-09-16 12:00:00+00:00,2886.5,2890.0,2865.0,2881.0,109119.0,present
3039,2025-09-16 12:00:00+00:00,2886.5,2890.0,2865.0,2881.0,109119.0,present
3040,2025-09-16 14:00:00+00:00,2880.5,2891.0,2865.5,2869.0,106623.0,present
3041,2025-09-16 16:00:00+00:00,2870.0,2883.0,2870.0,2881.0,34882.0,present
3042,2025-09-16 18:00:00+00:00,2881.5,2888.0,2880.5,2884.0,15293.0,present
3043,2025-09-16 20:00:00+00:00,2884.0,2887.0,2882.5,2886.5,5902.0,present
3044,2025-09-16 22:00:00+00:00,2885.8333333333335,2887.8333333333335,2884.8333333333335,2887.5,3951.0,interpolated
3045,2025-09-17 00:00:00+00:00,2887.6666666666665,2888.6666666666665,2887.1666666666665,2888.5,2000.0,interpolated
3046,2025-09-17 02:00:00+00:00,2889.5,2889.5,2889.5,2889.5,49.0,present
3047,2025-09-17 04:00:00+00:00,2888.5,2897.0,2885.0,2887.0,19583.0,present
3048,2025-09-17 06:00:00+00:00,2887.5,2887.5,2872.0,2873.5,61584.0,present
3049,2025-09-17 08:00:00+00:00,2874.0,2880.0,2866.5,2867.5,82733.0,present
3050,2025-09-17 10:00:00+00:00,2867.5,2876.0,2866.5,2874.0,74705.0,present
3051,2025-09-17 12:00:00+00:00,2874.0,2886.0,2871.5,2880.5,92287.0,present
3052,2025-09-17 14:00:00+00:00,2880.5,2895.0,2871.0,2893.0,101030.0,present
3053,2025-09-17 16:00:00+00:00,2894.0,2916.5,2893.5,2909.5,93716.0,present
3054,2025-09-17 18:00:00+00:00,2910.0,2923.5,2903.5,2921.5,34307.0,present
3055,2025-09-17 20:00:00+00:00,2922.0,2924.0,2919.5,2924.0,8098.0,present
3056,2025-09-17 22:00:00+00:00,2923.0,2924.3333333333335,2921.3333333333335,2924.3333333333335,5786.666666666667,interpolated
3057,2025-09-18 00:00:00+00:00,2924.0,2924.6666666666665,2923.1666666666665,2924.6666666666665,3475.333333333334,interpolated
3058,2025-09-18 02:00:00+00:00,2925.0,2925.0,2925.0,2925.0,1164.0,present
3059,2025-09-18 04:00:00+00:00,2925.5,2929.0,2911.0,2914.0,23191.0,present
3060,2025-09-18 06:00:00+00:00,2914.5,2914.5,2901.0,2909.5,75154.0,present
3061,2025-09-18 08:00:00+00:00,2909.5,2949.0,2908.5,2942.5,339095.0,present
3062,2025-09-18 10:00:00+00:00,2942.5,2952.0,2926.5,2946.5,316110.0,present
3063,2025-09-18 12:00:00+00:00,2946.5,2947.0,2920.0,2936.5,303846.0,present
3064,2025-09-18 14:00:00+00:00,2937.0,2965.5,2936.0,2959.0,498592.0,present
3065,2025-09-18 16:00:00+00:00,2958.5,2958.5,2936.0,2936.5,72656.0,present
3066,2025-09-18 18:00:00+00:00,2936.5,2937.0,2919.0,2926.0,75997.0,present
3067,2025-09-18 20:00:00+00:00,2925.5,2934.0,2925.5,2930.0,12499.0,present
3068,2025-09-18 22:00:00+00:00,2927.3333333333335,2933.0,2927.3333333333335,2930.3333333333335,8355.333333333332,interpolated
3069,2025-09-19 00:00:00+00:00,2929.1666666666665,2932.0,2929.1666666666665,2930.6666666666665,4211.666666666666,interpolated
3070,2025-09-19 02:00:00+00:00,2931.0,2931.0,2931.0,2931.0,68.0,present
3071,2025-09-19 04:00:00+00:00,2936.0,2949.0,2929.0,2937.0,69140.0,present
3072,2025-09-19 06:00:00+00:00,2937.0,2953.0,2921.0,2933.0,104673.0,present
3073,2025-09-19 08:00:00+00:00,2933.5,2933.5,2897.0,2911.0,197628.0,present
3074,2025-09-19 10:00:00+00:00,2911.0,2925.5,2902.0,2919.0,173321.0,present
3075,2025-09-19 12:00:00+00:00,2919.0,2925.0,2902.5,2922.5,143081.0,present
3076,2025-09-19 14:00:00+00:00,2922.5,2923.0,2910.0,2914.0,112305.0,present
3077,2025-09-19 16:00:00+00:00,2914.0,2915.5,2910.0,2911.5,39286.0,present
3078,2025-09-19 18:00:00+00:00,2912.0,2912.5,2910.0,2910.5,17680.0,present
3079,2025-09-19 20:00:00+00:00,2910.0,2911.0,2900.5,2906.5,18410.0,present
3080,2025-09-19 22:00:00+00:00,2909.925925925926,2910.8888888888887,2900.777777777778,2906.5555555555557,17738.777777777777,interpolated
3081,2025-09-20 00:00:00+00:00,2909.8518518518517,2910.777777777778,2901.0555555555557,2906.6111111111113,17067.555555555555,interpolated
3082,2025-09-20 02:00:00+00:00,2909.777777777778,2910.6666666666665,2901.3333333333335,2906.6666666666665,16396.333333333332,interpolated
3083,2025-09-20 04:00:00+00:00,2909.703703703704,2910.5555555555557,2901.6111111111113,2906.722222222222,15725.111111111111,interpolated
3084,2025-09-20 06:00:00+00:00,2909.6296296296296,2910.4444444444443,2901.8888888888887,2906.777777777778,15053.888888888889,interpolated
3085,2025-09-20 08:00:00+00:00,2909.5555555555557,2910.3333333333335,2902.1666666666665,2906.8333333333335,14382.666666666668,interpolated
3086,2025-09-20 10:00:00+00:00,2909.4814814814813,2910.222222222222,2902.4444444444443,2906.8888888888887,13711.444444444445,interpolated
3087,2025-09-20 12:00:00+00:00,2909.4074074074074,2910.1111111111113,2902.722222222222,2906.9444444444443,13040.222222222223,interpolated
3088,2025-09-20 14:00:00+00:00,2909.3333333333335,2910.0,2903.0,2907.0,12369.0,interpolated
3089,2025-09-20 16:00:00+00:00,2909.259259259259,2909.8888888888887,2903.277777777778,2907.0555555555557,11697.777777777777,interpolated
3090,2025-09-20 18:00:00+00:00,2909.185185185185,2909.777777777778,2903.5555555555557,2907.1111111111113,11026.555555555555,interpolated
3091,2025-09-20 20:00:00+00:00,2909.1111111111113,2909.6666666666665,2903.8333333333335,2907.1666666666665,10355.333333333334,interpolated
3092,2025-09-20 22:00:00+00:00,2909.037037037037,2909.5555555555557,2904.1111111111113,2907.222222222222,9684.111111111111,interpolated
3093,2025-09-21 00:00:00+00:00,2908.962962962963,2909.4444444444443,2904.3888888888887,2907.277777777778,9012.888888888889,interpolated
3094,2025-09-21 02:00:00+00:00,2908.8888888888887,2909.3333333333335,2904.6666666666665,2907.3333333333335,8341.666666666668,interpolated
3095,2025-09-21 04:00:00+00:00,2908.814814814815,2909.222222222222,2904.9444444444443,2907.3888888888887,7670.444444444445,interpolated
3096,2025-09-21 06:00:00+00:00,2908.740740740741,2909.1111111111113,2905.222222222222,2907.4444444444443,6999.222222222223,interpolated
3097,2025-09-21 08:00:00+00:00,2908.6666666666665,2909.0,2905.5,2907.5,6328.0,interpolated
3098,2025-09-21 10:00:00+00:00,2908.5925925925926,2908.8888888888887,2905.777777777778,2907.5555555555557,5656.777777777779,interpolated
3099,2025-09-21 12:00:00+00:00,2908.5185185185187,2908.777777777778,2906.0555555555557,2907.6111111111113,4985.555555555557,interpolated
3100,2025-09-21 14:00:00+00:00,2908.4444444444443,2908.6666666666665,2906.3333333333335,2907.6666666666665,4314.333333333334,interpolated
3101,2025-09-21 16:00:00+00:00,2908.3703703703704,2908.5555555555557,2906.6111111111113,2907.722222222222,3643.1111111111113,interpolated
3102,2025-09-21 18:00:00+00:00,2908.296296296296,2908.4444444444443,2906.8888888888887,2907.777777777778,2971.8888888888905,interpolated
3103,2025-09-21 20:00:00+00:00,2908.222222222222,2908.3333333333335,2907.1666666666665,2907.8333333333335,2300.666666666668,interpolated
3104,2025-09-21 22:00:00+00:00,2908.1481481481483,2908.222222222222,2907.4444444444443,2907.8888888888887,1629.4444444444453,interpolated
3105,2025-09-22 00:00:00+00:00,2908.074074074074,2908.1111111111113,2907.722222222222,2907.9444444444443,958.2222222222226,interpolated
3106,2025-09-22 02:00:00+00:00,2908.0,2908.0,2908.0,2908.0,287.0,present
3107,2025-09-22 04:00:00+00:00,2908.0,2915.0,2896.0,2901.5,22414.0,present
3108,2025-09-22 06:00:00+00:00,2902.5,2905.0,2874.0,2886.0,83023.0,present
3109,2025-09-22 08:00:00+00:00,2886.0,2888.5,2879.0,2879.0,151311.0,present
3110,2025-09-22 10:00:00+00:00,2879.5,2896.0,2865.0,2880.0,166967.0,present
3111,2025-09-22 12:00:00+00:00,2880.0,2898.0,2879.0,2885.0,71737.0,present
3112,2025-09-22 14:00:00+00:00,2885.5,2919.0,2878.0,2910.0,92112.0,present
3113,2025-09-22 16:00:00+00:00,2909.5,2918.5,2900.5,2914.0,31125.0,present
3114,2025-09-22 18:00:00+00:00,2914.0,2920.0,2911.5,2913.5,16499.0,present
3115,2025-09-22 20:00:00+00:00,2914.0,2914.5,2908.0,2911.0,2843.0,present
3116,2025-09-22 22:00:00+00:00,2913.0,2913.3333333333335,2909.0,2911.0,1926.3333333333335,interpolated
3117,2025-09-23 00:00:00+00:00,2912.0,2912.1666666666665,2910.0,2911.0,1009.6666666666667,interpolated
3118,2025-09-23 02:00:00+00:00,2911.0,2911.0,2911.0,2911.0,93.0,present
3119,2025-09-23 04:00:00+00:00,2910.0,2920.0,2890.5,2897.5,32916.0,present
3120,2025-09-23 06:00:00+00:00,2896.5,2907.0,2894.0,2901.0,51425.0,present
3121,2025-09-23 08:00:00+00:00,2901.0,2911.5,2896.5,2911.0,97022.0,present
3122,2025-09-23 10:00:00+00:00,2911.0,2917.0,2905.5,2911.0,55516.0,present
3123,2025-09-23 12:00:00+00:00,2911.0,2919.5,2905.0,2916.5,58843.0,present
3124,2025-09-23 12:00:00+00:00,2911.0,2919.5,2905.0,2916.5,58843.0,present
3125,2025-09-23 14:00:00+00:00,2916.5,2918.5,2898.0,2903.0,95244.0,present
3126,2025-09-23 16:00:00+00:00,2906.0,2906.0,2894.0,2894.5,27452.0,present
3127,2025-09-23 18:00:00+00:00,2895.0,2896.5,2865.0,2865.5,101533.0,present
3128,2025-09-23 20:00:00+00:00,2866.0,2879.5,2865.0,2878.5,46639.0,present
3129,2025-09-23 22:00:00+00:00,2872.6666666666665,2881.6666666666665,2872.0,2881.0,31300.333333333336,interpolated
3130,2025-09-24 00:00:00+00:00,2879.3333333333335,2883.8333333333335,2879.0,2883.5,15961.666666666668,interpolated
3131,2025-09-24 02:00:00+00:00,2886.0,2886.0,2886.0,2886.0,623.0,present
3132,2025-09-24 04:00:00+00:00,2886.5,2888.5,2873.0,2884.0,28042.0,present
3133,2025-09-24 06:00:00+00:00,2884.0,2885.0,2865.5,2869.5,127405.0,present
3134,2025-09-24 08:00:00+00:00,2870.0,2880.0,2855.0,2869.0,213318.0,present
3135,2025-09-24 10:00:00+00:00,2868.5,2875.5,2856.0,2868.0,98854.0,present
3136,2025-09-24 12:00:00+00:00,2868.0,2876.0,2857.0,2860.5,107964.0,present
3137,2025-09-24 14:00:00+00:00,2860.5,2863.0,2845.5,2855.0,107561.0,present
3138,2025-09-24 16:00:00+00:00,2856.0,2864.0,2855.0,2862.5,31871.0,present
3139,2025-09-24 18:00:00+00:00,2862.5,2865.5,2855.0,2864.5,19048.0,present
3140,2025-09-24 20:00:00+00:00,2865.0,2867.0,2860.5,2867.0,8567.0,present
3141,2025-09-24 22:00:00+00:00,2865.6666666666665,2867.0,2862.6666666666665,2867.0,5784.333333333334,interpolated
3142,2025-09-25 00:00:00+00:00,2866.3333333333335,2867.0,2864.8333333333335,2867.0,3001.666666666667,interpolated
3143,2025-09-25 02:00:00+00:00,2867.0,2867.0,2867.0,2867.0,219.0,present
3144,2025-09-25 04:00:00+00:00,2867.0,2874.5,2863.0,2865.0,17654.0,present
3145,2025-09-25 06:00:00+00:00,2865.0,2868.0,2840.0,2842.0,79503.0,present
3146,2025-09-25 08:00:00+00:00,2842.0,2848.0,2821.0,2834.5,173722.0,present
3147,2025-09-25 10:00:00+00:00,2835.5,2840.5,2825.5,2837.0,76493.0,present
3148,2025-09-25 12:00:00+00:00,2837.5,2838.5,2825.5,2825.5,65390.0,present
3149,2025-09-25 14:00:00+00:00,2826.0,2830.0,2792.5,2815.5,141823.0,present
3150,2025-09-25 16:00:00+00:00,2813.0,2816.5,2781.0,2806.5,87289.0,present
3151,2025-09-25 18:00:00+00:00,2806.0,2810.0,2800.5,2807.0,17359.0,present
3152,2025-09-25 20:00:00+00:00,2806.5,2809.0,2795.5,2806.0,19484.0,present
3153,2025-09-25 22:00:00+00:00,2806.3333333333335,2808.0,2799.0,2806.0,13001.666666666668,interpolated
3154,2025-09-26 00:00:00+00:00,2806.1666666666665,2807.0,2802.5,2806.0,6519.333333333334,interpolated
3155,2025-09-26 02:00:00+00:00,2806.0,2806.0,2806.0,2806.0,37.0,present
3156,2025-09-26 04:00:00+00:00,2806.0,2808.0,2760.0,2773.0,66010.0,present
3157,2025-09-26 06:00:00+00:00,2773.0,2796.5,2772.0,2774.0,95427.0,present
3158,2025-09-26 08:00:00+00:00,2774.0,2803.0,2761.5,2802.5,161648.0,present
3159,2025-09-26 10:00:00+00:00,2802.5,2820.0,2791.5,2809.0,114032.0,present
3160,2025-09-26 12:00:00+00:00,2809.0,2830.0,2804.0,2818.0,89267.0,present
3161,2025-09-26 14:00:00+00:00,2819.0,2830.0,2810.0,2828.5,91158.0,present
3162,2025-09-26 16:00:00+00:00,2828.0,2833.0,2822.0,2828.5,27849.0,present
3163,2025-09-26 18:00:00+00:00,2827.5,2831.0,2826.5,2828.0,22687.0,present
3164,2025-09-26 20:00:00+00:00,2828.5,2828.5,2818.5,2824.0,9207.0,present
3165,2025-09-26 22:00:00+00:00,2827.6,2828.7,2818.6,2824.4,7900.2,interpolated
3166,2025-09-27 00:00:00+00:00,2826.7,2828.9,2818.7,2824.8,6593.4,interpolated
3167,2025-09-27 02:00:00+00:00,2825.8,2829.1,2818.8,2825.2,5286.6,interpolated
3168,2025-09-27 04:00:00+00:00,2824.9,2829.3,2818.9,2825.6,3979.8,interpolated
3169,2025-09-27 06:00:00+00:00,2824.0,2829.5,2819.0,2826.0,2673.0,present
3170,2025-09-27 08:00:00+00:00,2826.5,2829.5,2825.0,2828.5,2018.0,present
3171,2025-09-27 10:00:00+00:00,2828.5,2833.0,2826.5,2832.5,4126.0,present
3172,2025-09-27 12:00:00+00:00,2832.5,2833.0,2830.0,2831.5,2871.0,present
3173,2025-09-27 14:00:00+00:00,2831.0,2832.5,2830.0,2831.5,4644.0,present
3174,2025-09-27 16:00:00+00:00,2831.125,2832.5625,2829.4375,2830.9375,4352.25,interpolated
3175,2025-09-27 18:00:00+00:00,2831.25,2832.625,2828.875,2830.375,4060.5,interpolated
3176,2025-09-27 20:00:00+00:00,2831.375,2832.6875,2828.3125,2829.8125,3768.75,interpolated
3177,2025-09-27 22:00:00+00:00,2831.5,2832.75,2827.75,2829.25,3477.0,interpolated
3178,2025-09-28 00:00:00+00:00,2831.625,2832.8125,2827.1875,2828.6875,3185.25,interpolated
3179,2025-09-28 02:00:00+00:00,2831.75,2832.875,2826.625,2828.125,2893.5,interpolated
3180,2025-09-28 04:00:00+00:00,2831.875,2832.9375,2826.0625,2827.5625,2601.75,interpolated
3181,2025-09-28 06:00:00+00:00,2832.0,2833.0,2825.5,2827.0,2310.0,present
3182,2025-09-28 08:00:00+00:00,2827.0,2831.0,2821.5,2826.0,3523.0,present
3183,2025-09-28 10:00:00+00:00,2824.5,2831.0,2821.0,2829.0,3282.0,present
3184,2025-09-28 12:00:00+00:00,2828.5,2831.0,2826.5,2828.0,2213.0,present
3185,2025-09-28 14:00:00+00:00,2827.5,2830.0,2823.5,2823.5,3745.0,present
3186,2025-09-28 16:00:00+00:00,2827.5,2829.5833333333335,2824.1666666666665,2824.1666666666665,3124.833333333333,interpolated
3187,2025-09-28 18:00:00+00:00,2827.5,2829.1666666666665,2824.8333333333335,2824.8333333333335,2504.6666666666665,interpolated
3188,2025-09-28 20:00:00+00:00,2827.5,2828.75,2825.5,2825.5,1884.4999999999998,interpolated
3189,2025-09-28 22:00:00+00:00,2827.5,2828.3333333333335,2826.1666666666665,2826.1666666666665,1264.333333333333,interpolated
3190,2025-09-29 00:00:00+00:00,2827.5,2827.9166666666665,2826.8333333333335,2826.8333333333335,644.1666666666665,interpolated
3191,2025-09-29 02:00:00+00:00,2827.5,2827.5,2827.5,2827.5,24.0,present
3192,2025-09-29 04:00:00+00:00,2827.0,2827.0,2799.0,2808.0,20198.0,present
3193,2025-09-29 06:00:00+00:00,2808.5,2814.0,2784.0,2810.0,98588.0,present
3194,2025-09-29 08:00:00+00:00,2810.0,2823.0,2808.5,2814.0,94269.0,present
3195,2025-09-29 10:00:00+00:00,2814.0,2818.0,2800.0,2813.0,106518.0,present
3196,2025-09-29 12:00:00+00:00,2813.0,2813.0,2793.5,2798.5,103986.0,present
3197,2025-09-29 14:00:00+00:00,2798.5,2799.0,2755.0,2756.0,188763.0,present
3198,2025-09-29 16:00:00+00:00,2756.0,2780.0,2755.0,2766.5,68830.0,present
3199,2025-09-29 18:00:00+00:00,2767.0,2772.0,2741.5,2767.5,77248.0,present
3200,2025-09-29 20:00:00+00:00,2767.5,2774.0,2765.0,2772.0,7816.0,present
3201,2025-09-29 22:00:00+00:00,2769.0,2773.3333333333335,2767.3333333333335,2772.0,5248.666666666666,interpolated
3202,2025-09-30 00:00:00+00:00,2770.5,2772.6666666666665,2769.6666666666665,2772.0,2681.333333333333,interpolated
3203,2025-09-30 02:00:00+00:00,2772.0,2772.0,2772.0,2772.0,114.0,present
3204,2025-09-30 04:00:00+00:00,2772.0,2791.0,2764.5,2787.5,16116.0,present
3205,2025-09-30 06:00:00+00:00,2787.5,2787.5,2744.0,2759.0,87828.0,present
3206,2025-09-30 08:00:00+00:00,2759.5,2786.0,2743.0,2769.0,141183.0,present
3207,2025-09-30 10:00:00+00:00,2769.0,2815.0,2762.0,2789.5,125314.0,present
3208,2025-09-30 12:00:00+00:00,2789.0,2849.0,2780.0,2847.0,358776.0,present
3209,2025-09-30 12:00:00+00:00,2789.0,2849.0,2780.0,2847.0,358776.0,present
3210,2025-09-30 14:00:00+00:00,2848.0,2897.0,2830.0,2882.5,531054.0,present
3211,2025-09-30 16:00:00+00:00,2882.0,2883.5,2835.0,2847.5,56369.0,present
3212,2025-09-30 18:00:00+00:00,2848.0,2858.5,2842.5,2852.0,35484.0,present
3213,2025-09-30 20:00:00+00:00,2852.0,2855.0,2843.5,2849.5,6132.0,present
3214,2025-09-30 22:00:00+00:00,2851.3333333333335,2853.3333333333335,2845.6666666666665,2849.6666666666665,4091.6666666666665,interpolated
3215,2025-10-01 00:00:00+00:00,2850.6666666666665,2851.6666666666665,2847.8333333333335,2849.8333333333335,2051.333333333333,interpolated
3216,2025-10-01 02:00:00+00:00,2850.0,2850.0,2850.0,2850.0,11.0,present
3217,2025-10-01 04:00:00+00:00,2853.0,2874.0,2846.5,2856.5,16791.0,present
3218,2025-10-01 06:00:00+00:00,2856.5,2871.5,2805.5,2808.0,106721.0,present
3219,2025-10-01 08:00:00+00:00,2808.5,2831.5,2778.5,2784.0,264020.0,present
3220,2025-10-01 10:00:00+00:00,2784.0,2871.5,2775.0,2864.5,325867.0,present
3221,2025-10-01 12:00:00+00:00,2865.5,2879.0,2839.5,2877.5,380616.0,present
3222,2025-10-01 14:00:00+00:00,2876.5,2877.5,2807.5,2831.5,286776.0,present
3223,2025-10-01 16:00:00+00:00,2831.5,2832.0,2810.0,2817.5,22160.0,present
3224,2025-10-01 18:00:00+00:00,2817.5,2819.0,2808.0,2817.5,24581.0,present
3225,2025-10-01 20:00:00+00:00,2817.5,2821.5,2808.0,2815.0,6928.0,present
3226,2025-10-01 22:00:00+00:00,2817.0,2819.6666666666665,2810.6666666666665,2815.3333333333335,4634.666666666666,interpolated
3227,2025-10-02 00:00:00+00:00,2816.5,2817.8333333333335,2813.3333333333335,2815.6666666666665,2341.333333333333,interpolated
3228,2025-10-02 02:00:00+00:00,2816.0,2816.0,2816.0,2816.0,48.0,present
3229,2025-10-02 04:00:00+00:00,2816.0,2826.5,2773.0,2789.5,42844.0,present
3230,2025-10-02 06:00:00+00:00,2789.5,2796.0,2759.0,2759.5,228132.0,present
3231,2025-10-02 08:00:00+00:00,2759.0,2760.0,2743.0,2750.0,291457.0,present
3232,2025-10-02 10:00:00+00:00,2750.0,2800.0,2749.0,2796.5,327862.0,present
3233,2025-10-02 12:00:00+00:00,2796.5,2808.5,2768.0,2808.0,263683.0,present
3234,2025-10-02 14:00:00+00:00,2808.0,2808.5,2760.0,2760.0,105485.0,present
3235,2025-10-02 16:00:00+00:00,2760.0,2770.0,2755.5,2767.0,42363.0,present
3236,2025-10-02 18:00:00+00:00,2767.0,2769.0,2751.0,2768.0,40385.0,present
3237,2025-10-02 20:00:00+00:00,2767.5,2768.5,2762.0,2765.0,5486.0,present
3238,2025-10-02 22:00:00+00:00,2768.1666666666665,2768.8333333333335,2764.5,2766.5,3671.0,interpolated
3239,2025-10-03 00:00:00+00:00,2768.8333333333335,2769.1666666666665,2767.0,2768.0,1856.0000000000005,interpolated
3240,2025-10-03 02:00:00+00:00,2769.5,2769.5,2769.5,2769.5,41.0,present
3241,2025-10-03 04:00:00+00:00,2769.5,2770.0,2758.0,2763.5,29603.0,present
3242,2025-10-03 06:00:00+00:00,2763.5,2783.0,2758.0,2760.5,96951.0,present
3243,2025-10-03 08:00:00+00:00,2761.5,2763.5,2690.0,2694.0,309982.0,present
3244,2025-10-03 10:00:00+00:00,2694.5,2695.0,2661.0,2677.0,425235.0,present
3245,2025-10-03 12:00:00+00:00,2677.0,2685.0,2653.5,2658.0,320187.0,present
3246,2025-10-03 14:00:00+00:00,2659.0,2667.5,2637.0,2654.0,472093.0,present
3247,2025-10-03 16:00:00+00:00,2654.0,2659.0,2640.5,2652.5,83405.0,present
3248,2025-10-03 18:00:00+00:00,2652.5,2654.5,2645.5,2647.5,50717.0,present
3249,2025-10-03 20:00:00+00:00,2647.5,2650.0,2640.0,2645.0,23861.0,present
3250,2025-10-03 22:00:00+00:00,2648.6,2650.8,2632.2,2637.9,32911.2,interpolated
3251,2025-10-04 00:00:00+00:00,2649.7,2651.6,2624.4,2630.8,41961.399999999994,interpolated
3252,2025-10-04 02:00:00+00:00,2650.8,2652.4,2616.6,2623.7,51011.6,interpolated
3253,2025-10-04 04:00:00+00:00,2651.9,2653.2,2608.8,2616.6,60061.799999999996,interpolated
3254,2025-10-04 06:00:00+00:00,2653.0,2654.0,2601.0,2609.5,69112.0,present
3255,2025-10-04 08:00:00+00:00,2609.0,2609.5,2580.0,2589.0,86282.0,present
3256,2025-10-04 10:00:00+00:00,2589.0,2618.5,2582.0,2618.5,72221.0,present
3257,2025-10-04 12:00:00+00:00,2618.5,2630.0,2605.0,2607.5,29987.0,present
3258,2025-10-04 14:00:00+00:00,2608.0,2624.0,2605.5,2619.0,14813.0,present
3259,2025-10-04 16:00:00+00:00,2609.625,2623.875,2604.9375,2618.0625,14742.25,interpolated
3260,2025-10-04 18:00:00+00:00,2611.25,2623.75,2604.375,2617.125,14671.5,interpolated
3261,2025-10-04 20:00:00+00:00,2612.875,2623.625,2603.8125,2616.1875,14600.75,interpolated
3262,2025-10-04 22:00:00+00:00,2614.5,2623.5,2603.25,2615.25,14530.0,interpolated
3263,2025-10-05 00:00:00+00:00,2616.125,2623.375,2602.6875,2614.3125,14459.25,interpolated
3264,2025-10-05 02:00:00+00:00,2617.75,2623.25,2602.125,2613.375,14388.5,interpolated
3265,2025-10-05 04:00:00+00:00,2619.375,2623.125,2601.5625,2612.4375,14317.75,interpolated
3266,2025-10-05 06:00:00+00:00,2621.0,2623.0,2601.0,2611.5,14247.0,present
3267,2025-10-05 08:00:00+00:00,2612.5,2613.5,2605.5,2612.5,16906.0,present
3268,2025-10-05 10:00:00+00:00,2612.5,2628.0,2611.0,2624.0,17188.0,present
3269,2025-10-05 12:00:00+00:00,2624.0,2625.5,2609.0,2617.5,15208.0,present
3270,2025-10-05 14:00:00+00:00,2617.5,2626.5,2617.0,2621.5,13366.0,present
3271,2025-10-05 16:00:00+00:00,2619.0833333333335,2626.5833333333335,2618.6666666666665,2622.4166666666665,11164.833333333332,interpolated
3272,2025-10-05 18:00:00+00:00,2620.6666666666665,2626.6666666666665,2620.3333333333335,2623.3333333333335,8963.666666666666,interpolated
3273,2025-10-05 20:00:00+00:00,2622.25,2626.75,2622.0,2624.25,6762.499999999999,interpolated
3274,2025-10-05 22:00:00+00:00,2623.8333333333335,2626.8333333333335,2623.6666666666665,2625.1666666666665,4561.333333333332,interpolated
3275,2025-10-06 00:00:00+00:00,2625.4166666666665,2626.9166666666665,2625.3333333333335,2626.0833333333335,2360.166666666666,interpolated
3276,2025-10-06 02:00:00+00:00,2627.0,2627.0,2627.0,2627.0,159.0,present
3277,2025-10-06 04:00:00+00:00,2627.0,2633.0,2620.0,2626.0,35724.0,present
3278,2025-10-06 06:00:00+00:00,2626.0,2637.0,2593.5,2633.0,262894.0,present
3279,2025-10-06 08:00:00+00:00,2633.0,2647.0,2610.0,2647.0,245334.0,present
3280,2025-10-06 10:00:00+00:00,2647.0,2649.5,2600.0,2608.5,206673.0,present
3281,2025-10-06 12:00:00+00:00,2608.0,2612.5,2570.0,2590.0,414524.0,present
3282,2025-10-06 14:00:00+00:00,2591.0,2595.0,2572.0,2595.0,296508.0,present
3283,2025-10-06 16:00:00+00:00,2595.0,2609.0,2586.0,2602.5,120376.0,present
3284,2025-10-06 18:00:00+00:00,2602.0,2606.0,2595.5,2604.5,34866.0,present
3285,2025-10-06 20:00:00+00:00,2604.0,2605.0,2592.0,2596.0,15391.0,present
3286,2025-10-06 22:00:00+00:00,2599.5,2600.1666666666665,2591.5,2594.1666666666665,10394.0,interpolated
3287,2025-10-07 00:00:00+00:00,2595.0,2595.3333333333335,2591.0,2592.3333333333335,5397.0,interpolated
3288,2025-10-07 02:00:00+00:00,2590.5,2590.5,2590.5,2590.5,400.0,present
3289,2025-10-07 04:00:00+00:00,2595.0,2616.0,2579.0,2609.5,60011.0,present
3290,2025-10-07 06:00:00+00:00,2609.0,2614.0,2557.5,2559.0,274061.0,present
3291,2025-10-07 08:00:00+00:00,2559.5,2607.5,2558.0,2594.0,274912.0,present
3292,2025-10-07 10:00:00+00:00,2593.5,2602.5,2580.0,2584.0,190197.0,present
3293,2025-10-07 12:00:00+00:00,2584.0,2593.5,2571.5,2583.0,174393.0,present
3294,2025-10-07 12:00:00+00:00,2584.0,2593.5,2571.5,2583.0,174393.0,present
3295,2025-10-07 14:00:00+00:00,2583.5,2587.0,2573.0,2587.0,133464.0,present
3296,2025-10-07 16:00:00+00:00,2586.5,2587.0,2575.5,2583.0,26817.0,present
3297,2025-10-07 18:00:00+00:00,2582.5,2585.0,2580.0,2582.0,18389.0,present
3298,2025-10-07 20:00:00+00:00,2582.0,2586.5,2580.0,2584.0,10590.0,present
3299,2025-10-07 22:00:00+00:00,2583.1666666666665,2586.1666666666665,2581.8333333333335,2584.5,7064.333333333333,interpolated
3300,2025-10-08 00:00:00+00:00,2584.3333333333335,2585.8333333333335,2583.6666666666665,2585.0,3538.666666666666,interpolated
3301,2025-10-08 02:00:00+00:00,2585.5,2585.5,2585.5,2585.5,13.0,present
3302,2025-10-08 04:00:00+00:00,2587.5,2597.0,2582.5,2589.5,36058.0,present
3303,2025-10-08 06:00:00+00:00,2588.0,2596.5,2571.5,2572.0,91725.0,present
3304,2025-10-08 08:00:00+00:00,2573.0,2574.0,2492.5,2502.0,804017.0,present
3305,2025-10-08 10:00:00+00:00,2502.0,2509.5,2473.5,2482.5,516897.0,present
3306,2025-10-08 12:00:00+00:00,2482.5,2491.5,2455.0,2472.5,418764.0,present
3307,2025-10-08 14:00:00+00:00,2472.5,2484.5,2455.5,2464.0,274210.0,present
3308,2025-10-08 16:00:00+00:00,2465.5,2488.5,2460.5,2473.0,154731.0,present
3309,2025-10-08 18:00:00+00:00,2474.0,2484.5,2469.0,2477.5,68090.0,present
3310,2025-10-08 20:00:00+00:00,2478.0,2480.0,2472.0,2479.0,15223.0,present
3311,2025-10-08 22:00:00+00:00,2481.1666666666665,2482.5,2477.1666666666665,2481.8333333333335,10299.0,interpolated
3312,2025-10-09 00:00:00+00:00,2484.3333333333335,2485.0,2482.3333333333335,2484.6666666666665,5375.0,interpolated
3313,2025-10-09 02:00:00+00:00,2487.5,2487.5,2487.5,2487.5,451.0,present
3314,2025-10-09 04:00:00+00:00,2487.5,2490.5,2457.5,2467.5,61780.0,present
3315,2025-10-09 06:00:00+00:00,2469.5,2470.5,2412.0,2442.0,351024.0,present
3316,2025-10-09 08:00:00+00:00,2442.0,2475.0,2401.5,2467.0,434865.0,present
3317,2025-10-09 10:00:00+00:00,2467.0,2486.0,2441.0,2465.0,217750.0,present
3318,2025-10-09 12:00:00+00:00,2465.0,2497.0,2460.0,2484.5,183379.0,present
